iso_code,country,year,coal_prod_change_pct,coal_prod_change_twh,gas_prod_change_pct,gas_prod_change_twh,oil_prod_change_pct,oil_prod_change_twh,energy_cons_change_pct,energy_cons_change_twh,biofuel_share_elec,biofuel_elec_per_capita,biofuel_cons_change_pct,biofuel_share_energy,biofuel_cons_change_twh,biofuel_consumption,biofuel_cons_per_capita,carbon_intensity_elec,coal_share_elec,coal_cons_change_pct,coal_share_energy,coal_cons_change_twh,coal_consumption,coal_elec_per_capita,coal_cons_per_capita,coal_production,coal_prod_per_capita,electricity_demand,biofuel_electricity,coal_electricity,fossil_electricity,gas_electricity,hydro_electricity,nuclear_electricity,oil_electricity,other_renewable_exc_biofuel_electricity,other_renewable_electricity,renewables_electricity,solar_electricity,wind_electricity,electricity_generation,greenhouse_gas_emissions,energy_per_gdp,energy_per_capita,fossil_cons_change_pct,fossil_share_energy,fossil_cons_change_twh,fossil_fuel_consumption,fossil_energy_per_capita,fossil_cons_per_capita,fossil_share_elec,gdp,gas_share_elec,gas_cons_change_pct,gas_share_energy,gas_cons_change_twh,gas_consumption,gas_elec_per_capita,gas_energy_per_capita,gas_production,gas_prod_per_capita,hydro_share_elec,hydro_cons_change_pct,hydro_share_energy,hydro_cons_change_twh,hydro_consumption,hydro_elec_per_capita,hydro_energy_per_capita,low_carbon_share_elec,low_carbon_electricity,low_carbon_elec_per_capita,low_carbon_cons_change_pct,low_carbon_share_energy,low_carbon_cons_change_twh,low_carbon_consumption,low_carbon_energy_per_capita,net_elec_imports_share_demand,net_elec_imports,nuclear_share_elec,nuclear_cons_change_pct,nuclear_share_energy,nuclear_cons_change_twh,nuclear_consumption,nuclear_elec_per_capita,nuclear_energy_per_capita,oil_share_elec,oil_cons_change_pct,oil_share_energy,oil_cons_change_twh,oil_consumption,oil_elec_per_capita,oil_energy_per_capita,oil_production,oil_prod_per_capita,other_renewables_elec_per_capita_exc_biofuel,other_renewables_elec_per_capita,other_renewables_cons_change_pct,other_renewables_share_energy,other_renewables_cons_change_twh,other_renewable_consumption,other_renewables_share_elec_exc_biofuel,other_renewables_share_elec,other_renewables_energy_per_capita,per_capita_electricity,population,primary_energy_consumption,renewables_elec_per_capita,renewables_share_elec,renewables_cons_change_pct,renewables_share_energy,renewables_cons_change_twh,renewables_consumption,renewables_energy_per_capita,solar_share_elec,solar_cons_change_pct,solar_share_energy,solar_cons_change_twh,solar_consumption,solar_elec_per_capita,solar_energy_per_capita,wind_share_elec,wind_cons_change_pct,wind_share_energy,wind_cons_change_twh,wind_consumption,wind_elec_per_capita,wind_energy_per_capita
OWID_AFR,Africa,1900,,,,,,,,,,,,,,,,,,,,,,,,6.68,48.118,,,,,,,,,,,,,,,,,,,,,,,,,,,,,,,,,0.0,0.0,,,,,,,,,,,,,,,,,,,,,,,,,,,,,,,,0.0,0.0,,,,,,,,,,,138827369.0,,,,,,,,,,,,,,,,,,,,,,
OWID_AFR,Africa,1901,67.81,4.53,,0.0,,0.0,,,,,,,,,,,,,,,,,,11.21,80.592,,,,,,,,,,,,,,,,,,,,,,,,,,,,,,,,,0.0,0.0,,,,,,,,,,,,,,,,,,,,,,,,,,,,,,,,0.0,0.0,,,,,,,,,,,139094637.0,,,,,,,,,,,,,,,,,,,,,,
OWID_AFR,Africa,1902,49.068,5.5,,0.0,,0.0,,,,,,,,,,,,,,,,,,16.71,119.729,,,,,,,,,,,,,,,,,,,,,,,,,,,,,,,,,0.0,0.0,,,,,,,,,,,,,,,,,,,,,,,,,,,,,,,,0.0,0.0,,,,,,,,,,,139567767.0,,,,,,,,,,,,,,,,,,,,,,
OWID_AFR,Africa,1903,35.697,5.965,,0.0,,0.0,,,,,,,,,,,,,,,,,,22.675,161.881,,,,,,,,,,,,,,,,,,,,,,,,,,,,,,,,,0.0,0.0,,,,,,,,,,,,,,,,,,,,,,,,,,,,,,,,0.0,0.0,,,,,,,,,,,140074606.0,,,,,,,,,,,,,,,,,,,,,,
OWID_AFR,Africa,1904,12.88,2.921,,0.0,,0.0,,,,,,,,,,,,,,,,,,25.596,182.055,,,,,,,,,,,,,,,,,,,,,,,,,,,,,,,,,0.0,0.0,,,,,,,,,,,,,,,,,,,,,,,,,,,,,,,,0.0,0.0,,,,,,,,,,,140595545.0,,,,,,,,,,,,,,,,,,,,,,
OWID_AFR,Africa,1905,15.171,3.883,,0.0,,0.0,,,,,,,,,,,,,,,,,,29.479,208.879,,,,,,,,,,,,,,,,,,,,,,,,,,,,,,,,,0.0,0.0,,,,,,,,,,,,,,,,,,,,,,,,,,,,,,,,0.0,0.0,,,,,,,,,,,141130711.0,,,,,,,,,,,,,,,,,,,,,,
OWID_AFR,Africa,1906,14.187,4.182,,0.0,,0.0,,,,,,,,,,,,,,,,,,33.662,237.588,,,,,,,,,,,,,,,,,,,,,,,,,,,,,,,,,0.0,0.0,,,,,,,,,,,,,,,,,,,,,,,,,,,,,,,,0.0,0.0,,,,,,,,,,,141680233.0,,,,,,,,,,,,,,,,,,,,,,
OWID_AFR,Africa,1907,10.355,3.485,,0.0,,0.0,,,,,,,,,,,,,,,,,,37.147,261.15,,,,,,,,,,,,,,,,,,,,,,,,,,,,,,,,,0.0,0.0,,,,,,,,,,,,,,,,,,,,,,,,,,,,,,,,0.0,0.0,,,,,,,,,,,142244256.0,,,,,,,,,,,,,,,,,,,,,,
OWID_AFR,Africa,1908,3.723,1.383,,0.0,,0.0,,,,,,,,,,,,,,,,,,38.53,269.773,,,,,,,,,,,,,,,,,,,,,,,,,,,,,,,,,0.0,0.0,,,,,,,,,,,,,,,,,,,,,,,,,,,,,,,,0.0,0.0,,,,,,,,,,,142822923.0,,,,,,,,,,,,,,,,,,,,,,
OWID_AFR,Africa,1909,14.77,5.691,,0.0,,0.0,,,,,,,,,,,,,,,,,,44.221,308.358,,,,,,,,,,,,,,,,,,,,,,,,,,,,,,,,,0.0,0.0,,,,,,,,,,,,,,,,,,,,,,,,,,,,,,,,0.0,0.0,,,,,,,,,,,143407172.0,,,,,,,,,,,,,,,,,,,,,,
OWID_AFR,Africa,1910,13.15,5.815,,0.0,,0.0,,,,,,,,,,,,,,,,,,50.036,347.059,,,,,,,,,,,,,,,,,,,,,,,,,,,,,,,,,0.0,0.0,,,,,,,,,,,,,,,,,,,,,,,,,,,,,,,,0.0,0.0,,,,,,,,,,,144170612.0,,,,,,,,,,,,,,,,,,,,,,
OWID_AFR,Africa,1911,-3.163,-1.583,,0.0,,0.035,,,,,,,,,,,,,,,,,,48.453,335.114,,,,,,,,,,,,,,,,,,,,,,,,,,,,,,,,,0.0,0.0,,,,,,,,,,,,,,,,,,,,,,,,,,,,,,,,0.035,0.241,,,,,,,,,,,144586985.0,,,,,,,,,,,,,,,,,,,,,,
OWID_AFR,Africa,1912,6.005,2.909,,0.0,833.333,0.291,,,,,,,,,,,,,,,,,,51.363,353.784,,,,,,,,,,,,,,,,,,,,,,,,,,,,,,,,,0.0,0.0,,,,,,,,,,,,,,,,,,,,,,,,,,,,,,,,0.326,2.243,,,,,,,,,,,145180745.0,,,,,,,,,,,,,,,,,,,,,,
OWID_AFR,Africa,1913,9.501,4.88,,0.0,-53.571,-0.174,,,,,,,,,,,,,,,,,,56.243,385.819,,,,,,,,,,,,,,,,,,,,,,,,,,,,,,,,,0.0,0.0,,,,,,,,,,,,,,,,,,,,,,,,,,,,,,,,0.151,1.037,,,,,,,,,,,145775225.0,,,,,,,,,,,,,,,,,,,,,,
OWID_AFR,Africa,1914,-1.556,-0.875,,0.0,669.231,1.012,,,,,,,,,,,,,,,,,,55.368,378.249,,,,,,,,,,,,,,,,,,,,,,,,,,,,,,,,,0.0,0.0,,,,,,,,,,,,,,,,,,,,,,,,,,,,,,,,1.163,7.945,,,,,,,,,,,146378430.0,,,,,,,,,,,,,,,,,,,,,,
OWID_AFR,Africa,1915,1.472,0.815,,0.0,-70.0,-0.814,,,,,,,,,,,,,,,,,,56.182,382.218,,,,,,,,,,,,,,,,,,,,,,,,,,,,,,,,,0.0,0.0,,,,,,,,,,,,,,,,,,,,,,,,,,,,,,,,0.349,2.374,,,,,,,,,,,146990451.0,,,,,,,,,,,,,,,,,,,,,,
OWID_AFR,Africa,1916,18.252,10.254,,0.0,96.667,0.337,,,,,,,,,,,,,,,,,,66.437,450.078,,,,,,,,,,,,,,,,,,,,,,,,,,,,,,,,,0.0,0.0,,,,,,,,,,,,,,,,,,,,,,,,,,,,,,,,0.686,4.648,,,,,,,,,,,147611381.0,,,,,,,,,,,,,,,,,,,,,,
OWID_AFR,Africa,1917,8.094,5.377,,0.0,133.898,0.919,,,,,,,,,,,,,,,,,,71.814,484.438,,,,,,,,,,,,,,,,,,,,,,,,,,,,,,,,,0.0,0.0,,,,,,,,,,,,,,,,,,,,,,,,,,,,,,,,1.605,10.827,,,,,,,,,,,148241306.0,,,,,,,,,,,,,,,,,,,,,,
OWID_AFR,Africa,1918,-4.225,-3.034,,0.0,105.072,1.686,,,,,,,,,,,,,,,,,,68.779,462.062,,,,,,,,,,,,,,,,,,,,,,,,,,,,,,,,,0.0,0.0,,,,,,,,,,,,,,,,,,,,,,,,,,,,,,,,3.291,22.111,,,,,,,,,,,148852646.0,,,,,,,,,,,,,,,,,,,,,,
OWID_AFR,Africa,1919,3.719,2.558,,0.0,-20.495,-0.675,,,,,,,,,,,,,,,,,,71.337,476.487,,,,,,,,,,,,,,,,,,,,,,,,,,,,,,,,,0.0,0.0,,,,,,,,,,,,,,,,,,,,,,,,,,,,,,,,2.617,17.478,,,,,,,,,,,149715052.0,,,,,,,,,,,,,,,,,,,,,,
OWID_AFR,Africa,1920,11.518,8.216,,0.0,-33.778,-0.884,,,,,,,,,,,,,,,,,,79.554,526.818,,,,,,,,,,,,,,,,,,,,,,,,,,,,,,,,,0.0,0.0,,,,,,,,,,,,,,,,,,,,,,,,,,,,,,,,1.733,11.475,,,,,,,,,,,151007600.0,,,,,,,,,,,,,,,,,,,,,,
OWID_AFR,Africa,1921,-0.596,-0.474,,0.0,22.819,0.395,,,,,,,,,,,,,,,,,,79.079,519.544,,,,,,,,,,,,,,,,,,,,,,,,,,,,,,,,,0.0,0.0,,,,,,,,,,,,,,,,,,,,,,,,,,,,,,,,2.128,13.983,,,,,,,,,,,152208708.0,,,,,,,,,,,,,,,,,,,,,,
OWID_AFR,Africa,1922,-14.562,-11.515,,0.0,-4.918,-0.105,,,,,,,,,,,,,,,,,,67.564,439.161,,,,,,,,,,,,,,,,,,,,,,,,,,,,,,,,,0.0,0.0,,,,,,,,,,,,,,,,,,,,,,,,,,,,,,,,2.024,13.153,,,,,,,,,,,153847948.0,,,,,,,,,,,,,,,,,,,,,,
OWID_AFR,Africa,1923,21.95,14.83,,0.0,-11.494,-0.233,,,,,,,,,,,,,,,,,,82.394,529.0,,,,,,,,,,,,,,,,,,,,,,,,,,,,,,,,,0.0,0.0,,,,,,,,,,,,,,,,,,,,,,,,,,,,,,,,1.791,11.499,,,,,,,,,,,155754237.0,,,,,,,,,,,,,,,,,,,,,,
OWID_AFR,Africa,1924,5.455,4.495,,0.0,7.143,0.128,,,,,,,,,,,,,,,,,,86.889,551.013,,,,,,,,,,,,,,,,,,,,,,,,,,,,,,,,,0.0,0.0,,,,,,,,,,,,,,,,,,,,,,,,,,,,,,,,1.919,12.169,,,,,,,,,,,157688951.0,,,,,,,,,,,,,,,,,,,,,,
OWID_AFR,Africa,1925,5.02,4.362,,0.0,10.303,0.198,,,,,,,,,,,,,,,,,,91.251,571.559,,,,,,,,,,,,,,,,,,,,,,,,,,,,,,,,,0.0,0.0,,,,,,,,,,,,,,,,,,,,,,,,,,,,,,,,2.117,13.258,,,,,,,,,,,159652537.0,,,,,,,,,,,,,,,,,,,,,,
OWID_AFR,Africa,1926,7.341,6.699,,0.0,-4.396,-0.093,,,,,,,,,,,,,,,,,,97.949,605.952,,,,,,,,,,,,,,,,,,,,,,,,,,,,,,,,,0.0,0.0,,,,,,,,,,,,,,,,,,,,,,,,,,,,,,,,2.024,12.519,,,,,,,,,,,161645440.0,,,,,,,,,,,,,,,,,,,,,,
OWID_AFR,Africa,1927,-1.815,-1.778,,0.0,6.897,0.14,,,,,,,,,,,,,,,,,,96.172,587.602,,,,,,,,,,,,,,,,,,,,,,,,,,,,,,,,,0.0,0.0,,,,,,,,,,,,,,,,,,,,,,,,,,,,,,,,2.163,13.217,,,,,,,,,,,163668127.0,,,,,,,,,,,,,,,,,,,,,,
OWID_AFR,Africa,1928,1.74,1.673,,0.0,44.624,0.965,,,,,,,,,,,,,,,,,,97.845,590.419,,,,,,,,,,,,,,,,,,,,,,,,,,,,,,,,,0.0,0.0,,,,,,,,,,,,,,,,,,,,,,,,,,,,,,,,3.128,18.878,,,,,,,,,,,165721048.0,,,,,,,,,,,,,,,,,,,,,,
OWID_AFR,Africa,1929,2.231,2.183,,0.0,2.23,0.07,,,,,,,,,,,,,,,,,,100.028,596.091,,,,,,,,,,,,,,,,,,,,,,,,,,,,,,,,,0.0,0.0,,,,,,,,,,,,,,,,,,,,,,,,,,,,,,,,3.198,19.059,,,,,,,,,,,167806256.0,,,,,,,,,,,,,,,,,,,,,,
OWID_AFR,Africa,1930,-5.87,-5.872,,0.0,4.364,0.14,,,,,,,,,,,,,,,,,,94.156,553.457,,,,,,,,,,,,,,,,,,,,,,,,,,,,,,,,,0.0,0.0,,,,,,,,,,,,,,,,,,,,,,,,,,,,,,,,3.338,19.62,,,,,,,,,,,170123290.0,,,,,,,,,,,,,,,,,,,,,,
OWID_AFR,Africa,1931,-13.17,-12.4,,0.0,1.045,0.035,,,,,,,,,,,,,,,,,,81.756,475.116,,,,,,,,,,,,,,,,,,,,,,,,,,,,,,,,,0.0,0.0,,,,,,,,,,,,,,,,,,,,,,,,,,,,,,,,3.373,19.6,,,,,,,,,,,172075410.0,,,,,,,,,,,,,,,,,,,,,,
OWID_AFR,Africa,1932,-10.534,-8.612,,0.0,-6.207,-0.209,,,,,,,,,,,,,,,,,,73.144,419.738,,,,,,,,,,,,,,,,,,,,,,,,,,,,,,,,,0.0,0.0,,,,,,,,,,,,,,,,,,,,,,,,,,,,,,,,3.163,18.153,,,,,,,,,,,174260306.0,,,,,,,,,,,,,,,,,,,,,,
OWID_AFR,Africa,1933,7.618,5.572,,0.0,-11.765,-0.372,,,,,,,,,,,,,,,,,,78.716,446.033,,,,,,,,,,,,,,,,,,,,,,,,,,,,,,,,,0.0,0.0,,,,,,,,,,,,,,,,,,,,,,,,,,,,,,,,2.791,15.816,,,,,,,,,,,176479403.0,,,,,,,,,,,,,,,,,,,,,,
OWID_AFR,Africa,1934,14.806,11.655,,0.0,-7.5,-0.209,,,,,,,,,,,,,,,,,,90.37,505.62,,,,,,,,,,,,,,,,,,,,,,,,,,,,,,,,,0.0,0.0,,,,,,,,,,,,,,,,,,,,,,,,,,,,,,,,2.582,14.445,,,,,,,,,,,178731614.0,,,,,,,,,,,,,,,,,,,,,,
OWID_AFR,Africa,1935,10.924,9.872,,0.0,-18.018,-0.465,,,,,,,,,,,,,,,,,,100.242,553.772,,,,,,,,,,,,,,,,,,,,,,,,,,,,,,,,,0.0,0.0,,,,,,,,,,,,,,,,,,,,,,,,,,,,,,,,2.117,11.693,,,,,,,,,,,181017458.0,,,,,,,,,,,,,,,,,,,,,,
OWID_AFR,Africa,1936,8.657,8.678,,0.0,0.549,0.012,,,,,,,,,,,,,,,,,,108.92,594.096,,,,,,,,,,,,,,,,,,,,,,,,,,,,,,,,,0.0,0.0,,,,,,,,,,,,,,,,,,,,,,,,,,,,,,,,2.128,11.609,,,,,,,,,,,183337445.0,,,,,,,,,,,,,,,,,,,,,,
OWID_AFR,Africa,1937,7.642,8.323,,0.0,-4.918,-0.105,,,,,,,,,,,,,,,,,,117.243,631.384,,,,,,,,,,,,,,,,,,,,,,,,,,,,,,,,,0.0,0.0,,,,,,,,,,,,,,,,,,,,,,,,,,,,,,,,2.024,10.898,,,,,,,,,,,185692116.0,,,,,,,,,,,,,,,,,,,,,,
OWID_AFR,Africa,1938,4.858,5.695,,0.0,31.609,0.64,,,,,,,,,,,,,,,,,,122.939,653.644,,,,,,,,,,,,,,,,,,,,,,,,,,,,,,,,,0.0,0.0,,,,,,,,,,,,,,,,,,,,,,,,,,,,,,,,2.663,14.16,,,,,,,,,,,188081992.0,,,,,,,,,,,,,,,,,,,,,,
OWID_AFR,Africa,1939,3.255,4.002,,0.0,193.013,5.14,,,,,,,,,,,,,,,,,,126.94,665.914,,,,,,,,,,,,,,,,,,,,,,,,,,,,,,,,,0.0,0.0,,,,,,,,,,,,,,,,,,,,,,,,,,,,,,,,7.804,40.938,,,,,,,,,,,190625616.0,,,,,,,,,,,,,,,,,,,,,,
OWID_AFR,Africa,1940,4.812,6.108,,0.0,39.195,3.059,,,,,,,,,,,,,,,,,,133.048,687.399,,,,,,,,,,,,,,,,,,,,,,,,,,,,,,,,,0.0,0.0,,,,,,,,,,,,,,,,,,,,,,,,,,,,,,,,10.862,56.121,,,,,,,,,,,193553408.0,,,,,,,,,,,,,,,,,,,,,,
OWID_AFR,Africa,1941,7.466,9.933,,0.0,31.37,3.408,,,,,,,,,,,,,,,,,,142.981,728.78,,,,,,,,,,,,,,,,,,,,,,,,,,,,,,,,,0.0,0.0,,,,,,,,,,,,,,,,,,,,,,,,,,,,,,,,14.27,72.735,,,,,,,,,,,196192789.0,,,,,,,,,,,,,,,,,,,,,,
OWID_AFR,Africa,1942,9.864,14.103,,0.0,-3.26,-0.465,,,,,,,,,,,,,,,,,,157.085,788.475,,,,,,,,,,,,,,,,,,,,,,,,,,,,,,,,,0.0,0.0,,,,,,,,,,,,,,,,,,,,,,,,,,,,,,,,13.805,69.292,,,,,,,,,,,199225975.0,,,,,,,,,,,,,,,,,,,,,,
OWID_AFR,Africa,1943,1.772,2.784,,0.0,8.677,1.198,,,,,,,,,,,,,,,,,,159.869,789.74,,,,,,,,,,,,,,,,,,,,,,,,,,,,,,,,,0.0,0.0,,,,,,,,,,,,,,,,,,,,,,,,,,,,,,,,15.003,74.112,,,,,,,,,,,202432183.0,,,,,,,,,,,,,,,,,,,,,,
OWID_AFR,Africa,1944,11.063,17.687,,0.0,5.271,0.791,,,,,,,,,,,,,,,,,,177.556,863.184,,,,,,,,,,,,,,,,,,,,,,,,,,,,,,,,,0.0,0.0,,,,,,,,,,,,,,,,,,,,,,,,,,,,,,,,15.794,76.78,,,,,,,,,,,205698555.0,,,,,,,,,,,,,,,,,,,,,,
OWID_AFR,Africa,1945,1.443,2.561,,0.0,-0.368,-0.058,,,,,,,,,,,,,,,,,,180.117,861.696,,,,,,,,,,,,,,,,,,,,,,,,,,,,,,,,,0.0,0.0,,,,,,,,,,,,,,,,,,,,,,,,,,,,,,,,15.735,75.28,,,,,,,,,,,209026260.0,,,,,,,,,,,,,,,,,,,,,,
OWID_AFR,Africa,1946,1.082,1.949,,0.843,-5.026,-0.791,,,,,,,,,,,,,,,,,,182.066,857.117,,,,,,,,,,,,,,,,,,,,,,,,,,,,,,,,,0.843,3.967,,,,,,,,,,,,,,,,,,,,,,,,,,,,,,,,14.945,70.355,,,,,,,,,,,212416498.0,,,,,,,,,,,,,,,,,,,,,,
OWID_AFR,Africa,1947,-0.843,-1.534,0.0,0.0,4.047,0.605,,,,,,,,,,,,,,,,,,180.532,836.297,,,,,,,,,,,,,,,,,,,,,,,,,,,,,,,,,0.843,3.903,,,,,,,,,,,,,,,,,,,,,,,,,,,,,,,,15.549,72.031,,,,,,,,,,,215870471.0,,,,,,,,,,,,,,,,,,,,,,
OWID_AFR,Africa,1948,3.155,5.695,2.899,0.024,41.66,6.478,,,,,,,,,,,,,,,,,,186.227,848.843,,,,,,,,,,,,,,,,,,,,,,,,,,,,,,,,,0.867,3.952,,,,,,,,,,,,,,,,,,,,,,,,,,,,,,,,22.027,100.402,,,,,,,,,,,219389433.0,,,,,,,,,,,,,,,,,,,,,,
OWID_AFR,Africa,1949,6.564,12.224,1.408,0.012,21.753,4.792,,,,,,,,,,,,,,,,,,198.452,888.916,,,,,,,,,,,,,,,,,,,,,,,,,,,,,,,,,0.879,3.938,,,,,,,,,,,,,,,,,,,,,,,,,,,,,,,,26.819,120.128,,,,,,,,,,,223251064.0,,,,,,,,,,,,,,,,,,,,,,
OWID_AFR,Africa,1950,4.609,9.148,5.536,0.049,14.874,3.989,,,,,,,,,,,,,,,,,,207.599,911.345,,,,,,,,,,,,,,,,,,,,,,,,,,,,,,,,,0.928,4.073,,,,,,,,,,,,,,,,,,,,,,,,,,,,,,,,30.808,135.244,,,,,,,,,,,227794139.0,,,,,,,,,,,,,,,,,,,,,,
OWID_AFR,Africa,1951,1.392,2.89,7.878,0.073,-8.834,-2.721,,,,,,,,,,,,,,,,,,210.489,905.999,,,,,,,,,,,,,,,,,,,,,,,,,,,,,,,,,1.001,4.309,,,,,,,,,,,,,,,,,,,,,,,,,,,,,,,,28.086,120.892,,,,,,,,,,,232327854.0,,,,,,,,,,,,,,,,,,,,,,
OWID_AFR,Africa,1952,5.927,12.476,2.423,0.024,3.478,0.977,,,,,,,,,,,,,,,,,,222.964,940.395,,,,,,,,,,,,,,,,,,,,,,,,,,,,,,,,,1.025,4.324,,,,,,,,,,,,,,,,,,,,,,,,,,,,,,,,29.063,122.58,,,,,,,,,,,237096557.0,,,,,,,,,,,,,,,,,,,,,,
OWID_AFR,Africa,1953,3.101,6.914,8.272,0.085,1.601,0.465,,,,,,,,,,,,,,,,,,229.878,949.546,,,,,,,,,,,,,,,,,,,,,,,,,,,,,,,,,1.11,4.585,,,,,,,,,,,,,,,,,,,,,,,,,,,,,,,,29.529,121.972,,,,,,,,,,,242092457.0,,,,,,,,,,,,,,,,,,,,,,
OWID_AFR,Africa,1954,2.624,6.032,10.925,0.121,-14.888,-4.396,,,,,,,,,,,,,,,,,,235.91,953.902,,,,,,,,,,,,,,,,,,,,,,,,,,,,,,,,,1.231,4.979,,,,,,,,,,,,,,,,,,,,,,,,,,,,,,,,25.132,101.623,,,,,,,,,,,247310596.0,,,,,,,,,,,,,,,,,,,,,,
OWID_AFR,Africa,1955,10.722,25.293,-0.978,-0.012,-8.468,-2.128,,,,,,,,,,,,,,,,,,261.203,1033.45,,,,,,,,,,,,,,,,,,,,,,,,,,,,,,,,,1.219,4.824,,,,,,,,,,,,,,,,,,,,,,,,,,,,,,,,23.004,91.016,,,,,,,,,,,252748917.0,,,,,,,,,,,,,,,,,,,,,,
OWID_AFR,Africa,1956,4.708,12.297,10.989,0.134,-5.561,-1.279,,,,,,,,,,,,,,,,,,273.501,1058.406,,,,,,,,,,,,,,,,,,,,,,,,,,,,,,,,,1.353,5.237,,,,,,,,,,,,,,,,,,,,,,,,,,,,,,,,21.725,84.072,,,,,,,,,,,258408217.0,,,,,,,,,,,,,,,,,,,,,,
OWID_AFR,Africa,1957,3.978,10.879,-0.853,-0.012,43.308,9.409,,,,,,,,,,,,,,,,,,284.379,1076.004,,,,,,,,,,,,,,,,,,,,,,,,,,,,,,,,,1.342,5.077,,,,,,,,,,,,,,,,,,,,,,,,,,,,,,,,31.134,117.8,,,,,,,,,,,264292215.0,,,,,,,,,,,,,,,,,,,,,,
OWID_AFR,Africa,1958,4.161,11.834,6.396,0.086,68.061,21.19,,,,,,,,,,,,,,,,,,296.214,1095.436,,,,,,,,,,,,,,,,,,,,,,,,,,,,,,,,,1.428,5.279,,,,,,,,,,,,,,,,,,,,,,,,,,,,,,,,52.323,193.499,,,,,,,,,,,270407025.0,,,,,,,,,,,,,,,,,,,,,,
OWID_AFR,Africa,1959,-1.581,-4.683,15.303,0.218,29.34,15.352,,,,,,,,,,,,,,,,,,291.53,1053.365,,,,,,,,,,,,,,,,,,,,,,,,,,,,,,,,,1.646,5.947,,,,,,,,,,,,,,,,,,,,,,,,,,,,,,,,67.675,244.525,,,,,,,,,,,276760720.0,,,,,,,,,,,,,,,,,,,,,,
OWID_AFR,Africa,1960,-6.406,-18.674,7.419,0.122,137.137,92.807,,,,,,,,,,,,,,,,,,272.856,962.926,,,,,,,,,,,,,,,,,,,,,,,,,,,,,,,,,1.768,6.24,,,,,,,,,,,,,,,,,,,,,,,,,,,,,,,,160.482,566.353,,,,,,,,,,,283361169.0,,,,,,,,,,,,,,,,,,,,,,
OWID_AFR,Africa,1961,11.328,30.908,60.776,1.075,71.367,114.532,,,,,,,,,,,,,,,,,,303.764,1046.688,,,,,,,,,,,,,,,,,,,,,,,,,,,,,,,,,2.843,9.795,,,,,,,,,,,,,,,,,,,,,,,,,,,,,,,,275.015,947.626,,,,,,,,,,,290214469.0,,,,,,,,,,,,,,,,,,,,,,
OWID_AFR,Africa,1962,3.009,9.141,59.692,1.697,64.27,176.753,,,,,,,,,,,,,,,,,,312.905,1052.41,,,,,,,,,,,,,,,,,,,,,,,,,,,,,,,,,4.54,15.268,,,,,,,,,,,,,,,,,,,,,,,,,,,,,,,,451.768,1519.453,,,,,,,,,,,297322598.0,,,,,,,,,,,,,,,,,,,,,,
OWID_AFR,Africa,1963,2.272,7.109,34.124,1.549,47.293,213.655,,,,,,,,,,,,,,,,,,320.014,1050.317,,,,,,,,,,,,,,,,,,,,,,,,,,,,,,,,,6.089,19.984,,,,,,,,,,,,,,,,,,,,,,,,,,,,,,,,665.423,2183.981,,,,,,,,,,,304683364.0,,,,,,,,,,,,,,,,,,,,,,
OWID_AFR,Africa,1964,6.096,19.509,85.973,5.235,43.932,292.332,,,,,,,,,,,,,,,,,,339.523,1087.198,,,,,,,,,,,,,,,,,,,,,,,,,,,,,,,,,11.323,36.259,,,,,,,,,,,,,,,,,,,,,,,,,,,,,,,,957.755,3066.857,,,,,,,,,,,312291847.0,,,,,,,,,,,,,,,,,,,,,,
OWID_AFR,Africa,1965,8.434,28.637,176.044,19.934,28.958,277.346,,,,,,,,,,,,,46.28,,323.496,,1010.461,368.16,1149.97,,,,,,,,,,,,,,,,,2183.369,,94.474,,660.374,2062.718,,,,,,1.365,,9.544,,29.811,31.258,97.636,,,5.526,,38.627,,120.653,,,,,5.526,,38.627,120.653,,,,,0.0,,0.0,,0.0,,,46.829,,327.333,,1022.446,1235.101,3857.915,,,,0.0,,0.0,,,0.0,,320147294.0,699.0,,,,5.526,,38.627,120.653,,,0.0,,0.0,,0.0,,,0.0,,0.0,,0.0
OWID_AFR,Africa,1966,-1.023,-3.765,22.341,6.983,27.263,336.726,5.151,36.008,,,,,,,,,,-0.116,43.962,-0.374,323.122,,984.359,364.395,1110.092,,,,,,,,,,,,,,,,,2239.127,4.778,94.138,31.552,691.925,2107.879,,,,,11.8,1.452,1.126,10.67,,32.505,38.241,116.497,,11.538,5.862,4.457,43.083,,131.249,,,,11.538,5.862,4.457,43.083,131.249,,,,,0.0,0.0,0.0,,0.0,,9.409,48.725,30.8,358.133,,1091.015,1571.827,4788.409,,,,0.0,0.0,0.0,,,0.0,,328256594.0,735.008,,,11.538,5.862,4.457,43.083,131.249,,,0.0,0.0,0.0,,0.0,,,0.0,0.0,0.0,,0.0
OWID_AFR,Africa,1967,1.464,5.335,-16.316,-6.24,10.008,157.31,0.828,6.085,,,,,,,,,,2.219,44.568,7.169,330.292,,981.168,369.73,1098.324,,,,,,,,,,,,,,,,,2201.498,0.606,93.931,4.194,696.119,2067.899,,,,,-1.164,1.423,-0.124,10.546,,31.327,32.001,95.064,,4.388,6.069,1.891,44.974,,133.6,,,,4.388,6.069,1.891,44.974,133.6,,,,,0.0,0.0,0.0,,0.0,,-0.796,47.94,-2.851,355.281,,1055.404,1729.137,5136.592,,,,0.0,0.0,0.0,,,0.0,,336631178.0,741.093,,,4.388,6.069,1.891,44.974,133.6,,,0.0,0.0,0.0,,0.0,,,0.0,0.0,0.0,,0.0
OWID_AFR,Africa,1968,4.709,17.411,39.987,12.796,28.164,486.989,5.474,40.568,,,,,,,,,,4.003,43.947,13.221,343.513,,994.882,387.141,1121.235,,,,,,,,,,,,,,,,,2263.843,4.731,93.27,32.935,729.055,2111.486,,,,,1.359,1.367,0.143,10.689,,30.957,44.798,129.744,,16.971,6.73,7.633,52.607,,152.359,,,,16.971,6.73,7.633,52.607,152.359,,,,,0.0,0.0,0.0,,0.0,,5.508,47.956,19.571,374.852,,1085.647,2216.126,6418.338,,,,0.0,0.0,0.0,,,0.0,,345280352.0,781.661,,,16.971,6.73,7.633,52.607,152.359,,,0.0,0.0,0.0,,0.0,,,0.0,0.0,0.0,,0.0
OWID_AFR,Africa,1969,1.415,5.478,-16.113,-7.218,27.172,602.168,2.41,18.839,,,,,,,,,,0.911,43.303,3.13,346.643,,978.624,392.619,1108.421,,,,,,,,,,,,,,,,,2259.926,1.379,92.331,10.054,739.109,2086.611,,,,,16.868,1.561,1.803,12.492,,35.267,37.58,106.093,,16.699,7.669,8.785,61.391,,173.317,,,,16.699,7.669,8.785,61.391,173.317,,,,,0.0,0.0,0.0,,0.0,,1.366,47.467,5.121,379.973,,1072.72,2818.294,7956.455,,,,0.0,0.0,0.0,,,0.0,,354214822.0,800.499,,,16.699,7.669,8.785,61.391,173.317,,,0.0,0.0,0.0,,0.0,,,0.0,0.0,0.0,,0.0
OWID_AFR,Africa,1970,4.397,17.264,-19.712,-7.408,20.627,581.335,9.037,72.339,,,,,,,,,,4.072,41.331,14.114,360.757,,992.598,409.883,1127.763,,,,,,,,,,,,,,,,,2401.552,7.709,91.207,56.979,796.088,2190.378,,,,,24.242,1.778,3.028,15.52,,42.703,30.172,83.017,,25.02,8.793,15.36,76.751,,211.176,,,,25.02,8.793,15.36,76.751,211.176,,,,,0.0,0.0,0.0,,0.0,,10.484,48.097,39.837,419.81,,1155.078,3399.629,9353.836,,,,0.0,0.0,0.0,,,0.0,,363447594.0,872.838,,,25.02,8.793,15.36,76.751,211.176,,,0.0,0.0,0.0,,0.0,,,0.0,0.0,0.0,,0.0
OWID_AFR,Africa,1971,7.04,28.855,22.705,6.851,-6.43,-218.599,8.679,75.752,,,,,,,,,,6.169,40.377,22.255,383.012,,1026.889,438.738,1176.293,,,,,,,,,,,,,,,,,2543.251,10.023,92.334,79.789,875.876,2348.298,,,,,18.588,1.94,2.885,18.405,,49.346,37.023,99.261,,-5.852,7.618,-4.492,72.259,,193.734,,,,-5.259,7.666,-4.036,72.715,194.955,,,,,0.0,0.0,0.0,,0.0,,13.017,50.017,54.648,474.458,,1272.063,3181.03,8528.607,,,,0.048,0.456,0.456,,,1.221,,372983510.0,948.591,,,-5.259,7.666,-4.036,72.715,194.955,,,0.0,0.0,0.0,,0.0,,,0.0,0.0,0.0,,0.0
OWID_AFR,Africa,1972,-0.545,-2.391,75.931,28.112,0.413,13.144,6.042,57.317,,,,,,,,,,0.313,38.195,1.198,384.211,,1003.587,436.347,1139.769,,,,,,,,,,,,,,,,,2627.504,5.396,91.771,47.259,923.136,2411.298,,,,,34.041,2.453,6.265,24.671,,64.442,65.135,170.137,,13.915,8.183,10.055,82.315,,215.011,,,,13.832,8.229,10.058,82.773,216.209,,,,,0.0,0.0,0.0,,0.0,,8.388,51.123,39.796,514.254,,1343.269,3194.173,8343.413,,,0.61,0.046,0.003,0.458,,,1.197,,382837768.0,1005.908,,,13.832,8.229,10.058,82.773,216.209,,,0.0,0.0,0.0,,0.0,,,0.0,0.0,0.0,,0.0
OWID_AFR,Africa,1973,6.38,27.841,50.952,33.187,4.782,152.748,8.272,83.206,,,,,,,,,,6.429,37.545,24.7,408.91,,1040.368,464.187,1181.005,,,,,,,,,,,,,,,,,2770.969,8.497,91.962,78.435,1001.571,2548.239,,,,,60.319,3.632,14.881,39.552,,100.629,98.322,250.155,,5.779,7.995,4.757,87.071,,221.531,,,,5.764,8.038,4.771,87.544,222.732,,,,,0.0,0.0,0.0,,0.0,,7.556,50.785,38.855,553.108,,1407.242,3346.922,8515.377,,,3.03,0.043,0.014,0.472,,,1.201,,393044437.0,1089.114,,,5.764,8.038,4.771,87.544,222.732,,,0.0,0.0,0.0,,0.0,,,0.0,0.0,0.0,,0.0
OWID_AFR,Africa,1974,5.34,24.785,4.356,4.283,-7.809,-261.354,4.854,52.862,,,,,,,,,,4.093,37.273,16.736,425.646,,1054.505,488.973,1211.391,,,,,,,,,,,,,,,,,2829.153,4.078,91.282,40.844,1042.416,2582.5,,,,,12.557,3.898,4.967,44.518,,110.291,102.605,254.196,,13.786,8.676,12.004,99.075,,245.451,,,,13.728,8.718,12.018,99.561,246.655,,,,,0.0,0.0,0.0,,0.0,,3.461,50.111,19.142,572.25,,1417.704,3085.567,7644.242,,,2.941,0.043,0.014,0.486,,,1.204,,403645936.0,1141.976,,,13.728,8.718,12.018,99.561,246.655,,,0.0,0.0,0.0,,0.0,,,0.0,0.0,0.0,,0.0
OWID_AFR,Africa,1975,5.379,26.304,12.403,12.726,-8.247,-254.475,5.848,66.784,,,,,,,,,,5.975,37.318,25.434,451.081,,1087.795,515.277,1242.605,,,,,,,,,,,,,,,,,2914.96,5.861,91.293,61.095,1103.511,2661.149,,,,,20.486,4.437,9.12,53.638,,129.351,115.331,278.124,,5.75,8.668,5.697,104.772,,252.661,,,,5.714,8.707,5.689,105.25,253.813,,,,,0.0,0.0,0.0,,0.0,,4.638,49.538,26.541,598.791,,1444.003,2831.093,6827.262,,,-1.714,0.04,-0.008,0.478,,,1.152,,414674676.0,1208.76,,,5.714,8.707,5.689,105.25,253.813,,,0.0,0.0,0.0,,0.0,,,0.0,0.0,0.0,,0.0
OWID_AFR,Africa,1976,9.667,49.81,19.033,21.951,19.286,546.018,9.447,114.188,,,,,,,,,,6.649,36.364,29.994,481.074,,1128.9,565.087,1326.045,,,,,,,,,,,,,,,,,3104.46,9.318,91.185,102.82,1206.331,2830.802,,,,,13.69,4.61,7.343,60.981,,143.1,137.282,322.149,,10.816,8.776,11.332,116.105,,272.454,,,,10.801,8.815,11.369,116.619,273.66,,,,,0.0,0.0,0.0,,0.0,,10.936,50.212,65.483,664.274,,1558.802,3377.11,7924.801,,,7.558,0.039,0.036,0.514,,,1.206,,426144456.0,1322.948,,,10.801,8.815,11.369,116.619,273.66,,,0.0,0.0,0.0,,0.0,,,0.0,0.0,0.0,,0.0
OWID_AFR,Africa,1977,10.112,57.143,1.963,2.695,4.854,163.925,5.175,68.463,,,,,,,,,,2.208,35.338,10.624,491.698,,1122.46,622.23,1420.438,,,,,,,,,,,,,,,,,3176.339,4.723,90.793,56.976,1263.307,2883.901,,,,,11.893,4.904,7.253,68.234,,155.766,139.977,319.542,,9.884,9.169,11.475,127.58,,291.242,,,,9.85,9.207,11.486,128.105,292.441,,,,,0.0,0.0,0.0,,0.0,,5.886,50.551,39.099,703.373,,1605.675,3541.036,8083.545,,,2.162,0.038,0.011,0.525,,,1.198,,438054805.0,1391.411,,,9.85,9.207,11.486,128.105,292.441,,,0.0,0.0,0.0,,0.0,,,0.0,0.0,0.0,,0.0
OWID_AFR,Africa,1978,5.569,34.653,33.372,46.713,-2.386,-84.49,3.85,53.572,,,,,,,,,,-2.823,33.067,-13.883,477.816,,1060.861,656.882,1458.429,,,,,,,,,,,,,,,,,3208.193,4.156,91.061,52.505,1315.812,2921.404,,,,,42.7,6.738,29.136,97.37,,216.184,186.69,414.495,,0.823,8.902,1.05,128.63,,285.589,,,,0.833,8.939,1.067,129.172,286.792,,,,,0.0,0.0,0.0,,0.0,,5.296,51.255,37.252,740.625,,1644.359,3456.545,7674.324,,,3.175,0.037,0.017,0.542,,,1.203,,450403893.0,1444.983,,,0.833,8.939,1.067,129.172,286.792,,,0.0,0.0,0.0,,0.0,,,0.0,0.0,0.0,,0.0
OWID_AFR,Africa,1979,13.524,88.837,51.765,96.64,9.943,343.679,9.633,139.192,,,,,,,,,,6.16,32.02,29.431,507.247,,1095.133,745.719,1609.987,,,,,,,,,,,,,,,,,3420.188,9.889,91.274,130.125,1445.936,3121.735,,,,,52.863,9.396,51.473,148.843,,321.348,283.33,611.701,,7.036,8.691,9.051,137.681,,297.25,,,,7.02,8.726,9.067,138.24,298.455,,,,,0.0,0.0,0.0,,0.0,,6.646,49.858,49.22,789.846,,1705.255,3800.224,8204.574,,,3.077,0.035,0.017,0.558,,,1.205,,463183557.0,1584.175,,,7.02,8.726,9.067,138.24,298.455,,,0.0,0.0,0.0,,0.0,,,0.0,0.0,0.0,,0.0
OWID_AFR,Africa,1980,12.0,89.483,-12.362,-35.027,-8.098,-307.737,7.344,116.341,,,,,,,,,,7.158,31.964,36.31,543.557,,1141.002,835.202,1753.204,,,,,,,,,,,,,,,,,3569.616,8.286,92.075,119.806,1565.743,3286.709,,,,,25.578,10.992,38.071,186.914,,392.358,248.303,521.223,,-2.529,7.892,-3.482,134.2,,281.703,,,,-2.507,7.925,-3.465,134.775,282.91,,,,,0.0,0.0,0.0,,0.0,,5.751,49.119,45.425,835.271,,1753.349,3492.487,7331.209,,,2.985,0.034,0.017,0.575,,,1.207,,476386229.0,1700.516,,,-2.507,7.925,-3.465,134.775,282.91,,,0.0,0.0,0.0,,0.0,,,0.0,0.0,0.0,,0.0
OWID_AFR,Africa,1981,8.944,74.701,6.623,16.445,-20.597,-719.347,11.272,191.683,,,,,,,,,,16.97,33.601,92.242,635.799,,1297.539,909.903,1856.931,,,,,,,,,,,,,,,,,3861.601,11.907,92.6,186.428,1752.171,3575.83,,,,,22.244,12.075,41.577,228.491,,466.305,264.748,540.298,,3.894,7.368,5.225,139.425,,284.538,,,,3.9,7.4,5.256,140.03,285.774,,,,,0.0,0.0,0.0,,0.0,,6.298,46.923,52.609,887.879,,1811.985,2773.14,5659.424,,,5.314,0.032,0.031,0.606,,,1.236,,490003902.0,1892.199,,,3.9,7.4,5.256,140.03,285.774,,,0.0,0.0,0.0,,0.0,,,0.0,0.0,0.0,,0.0
OWID_AFR,Africa,1982,9.76,88.809,22.801,60.365,-3.861,-107.079,6.769,128.077,,,,,,,,,,10.283,34.707,65.377,701.176,,1391.129,998.712,1981.437,,,,,,,,,,,,,,,,,4008.212,7.305,93.064,127.99,1880.16,3730.224,,,,,7.984,12.213,18.242,246.734,,489.518,325.113,645.022,,0.027,6.903,0.037,139.462,,276.691,,,,0.062,6.936,0.087,140.117,277.992,,,,,0.0,0.0,0.0,,0.0,,4.997,46.145,44.37,932.249,,1849.577,2666.062,5289.446,,,8.257,0.032,0.05,0.656,,,1.301,,504034174.0,2020.276,,,0.062,6.936,0.087,140.117,277.992,,,0.0,0.0,0.0,,0.0,,,0.0,0.0,0.0,,0.0
OWID_AFR,Africa,1983,1.318,13.161,34.402,111.844,1.361,36.29,2.661,53.759,,,,,,,,,,1.721,34.389,12.07,713.246,,1375.65,1011.873,1951.615,,,,,,,,,,,,,,,,,4000.224,3.593,93.909,67.551,1947.711,3756.581,,,,,9.947,13.08,24.542,271.275,,523.213,436.957,842.765,,-9.877,6.06,-13.775,125.687,,242.414,,,,-9.843,6.091,-13.792,126.326,243.646,,,,,0.0,0.0,0.0,,0.0,,3.319,46.44,30.939,963.188,,1857.718,2702.351,5212.067,,,-2.542,0.031,-0.017,0.639,,,1.232,,518479760.0,2074.035,,,-9.843,6.091,-13.792,126.326,243.646,,,0.0,0.0,0.0,,0.0,,,0.0,0.0,0.0,,0.0
OWID_AFR,Africa,1984,11.521,116.58,4.965,21.694,6.788,183.428,3.323,68.913,,,,,,,,,,6.961,35.6,49.652,762.898,,1430.403,1128.453,2115.802,,,,,,,,,,,,,,,,,4017.939,3.086,93.694,60.102,2007.814,3764.567,,,,,-4.192,12.128,-11.373,259.903,,487.307,458.651,859.951,,-1.673,5.767,-2.103,123.583,,231.714,,,,6.975,6.306,8.811,135.136,253.375,,,,,0.509,10.903,10.903,,20.442,,2.266,45.965,21.823,985.011,,1846.857,2885.779,5410.716,,,1.739,0.03,0.011,0.65,,,1.219,,533345153.0,2142.948,,,-1.656,5.797,-2.092,124.233,232.932,,,0.0,0.0,0.0,,0.0,,,0.0,0.0,0.0,,0.0
OWID_AFR,Africa,1985,6.244,70.458,10.253,47.028,3.97,114.552,3.898,83.541,,,,,,,,,,3.181,35.355,24.268,787.166,,1434.796,1198.911,2185.296,,,,,,,,,,,,,,,,,4058.299,3.277,93.134,65.805,2073.619,3779.658,,,,,7.287,12.524,18.94,278.843,,508.257,505.678,921.717,,11.148,6.169,13.777,137.36,,250.371,,,,13.124,6.866,17.735,152.871,278.644,,,,35.414,0.663,3.861,14.764,,26.911,,2.294,45.256,22.597,1007.609,,1836.605,3000.331,5468.808,,,14.957,0.034,0.097,0.747,,,1.362,,548626141.0,2226.489,,,11.168,6.203,13.874,138.108,251.733,,,0.0,0.0,0.0,,0.0,,,0.0,0.0,0.0,,0.0
OWID_AFR,Africa,1986,2.551,30.581,4.838,24.465,-0.287,-8.619,2.377,52.915,,,,,,,,,,2.311,35.332,18.19,805.356,,1427.109,1229.491,2178.685,,,,,,,,,,,,,,,,,4039.152,1.805,92.614,37.433,2111.052,3740.829,,,,,12.347,13.744,34.428,313.271,,555.124,530.143,939.425,,3.429,6.233,4.71,142.071,,251.752,,,,10.128,7.386,15.482,168.354,298.327,,,,65.626,1.073,9.689,24.453,,43.331,,-1.507,43.539,-15.186,992.423,,1758.596,2991.712,5301.377,,,144.981,0.08,1.083,1.831,,,3.244,,564327303.0,2279.404,,,4.195,6.313,5.794,143.901,254.996,,,0.0,0.0,0.0,,0.0,,,0.0,0.0,0.0,,0.0
OWID_AFR,Africa,1987,0.104,1.284,9.212,48.835,0.198,5.926,3.279,74.737,,,,,,,,,,2.851,35.186,22.964,828.32,,1427.095,1230.775,2120.475,,,,,,,,,,,,,,,,,4055.897,4.162,93.406,87.865,2198.916,3788.464,,,,,3.228,13.737,10.113,323.384,,557.152,578.978,997.509,,-4.084,5.788,-5.803,136.268,,234.773,,,,-7.798,6.594,-13.128,155.226,267.436,,,,-29.944,0.728,-7.322,17.131,,29.514,,5.521,44.484,54.788,1047.211,,1804.217,2997.637,5164.562,,,-0.152,0.078,-0.003,1.828,,,3.149,,580424299.0,2354.141,,,-4.034,5.866,-5.805,138.096,237.922,,,0.0,0.0,0.0,,0.0,,,0.0,0.0,0.0,,0.0
OWID_AFR,Africa,1988,2.775,34.157,6.659,38.554,4.248,127.326,6.996,164.688,,,,,,,,,,7.466,35.34,61.841,890.161,,1491.435,1264.931,2119.349,,,,,,,,,,,,,,,,,4220.212,6.374,92.863,140.158,2339.074,3919.039,,,,,10.842,14.231,35.06,358.445,,600.562,617.532,1034.654,,9.249,5.91,12.603,148.871,,249.428,,,,15.803,7.137,24.531,179.757,301.177,,,,70.148,1.157,12.017,29.147,,48.835,,4.131,43.293,43.257,1090.467,,1827.042,3124.964,5235.769,,,-4.863,0.069,-0.089,1.739,,,2.913,,596849011.0,2518.829,,,9.062,5.979,12.514,150.61,252.341,,,0.0,0.0,0.0,,0.0,,,0.0,0.0,0.0,,0.0
OWID_AFR,Africa,1989,-2.884,-36.481,9.696,59.876,10.37,324.068,0.284,7.161,,,,,,,,,,-6.127,33.081,-54.54,835.621,,1362.029,1228.45,2002.325,,,,,,,,,,,,,,,,,4117.262,-0.083,92.523,-1.95,2337.125,3809.419,,,,,3.634,14.706,13.027,371.471,,605.483,677.408,1104.148,,5.006,6.189,7.452,156.323,,254.8,,,,5.068,7.477,9.11,188.867,307.846,,,,5.775,1.221,1.683,30.831,,50.253,,3.628,44.736,39.564,1130.031,,1841.907,3449.032,5621.783,,,-1.438,0.068,-0.025,1.714,,,2.794,,613512106.0,2525.99,,,4.931,6.256,7.427,158.037,257.594,,,0.0,0.0,0.0,,0.0,,,0.0,0.0,0.0,,0.0
OWID_AFR,Africa,1990,-0.588,-7.224,6.522,44.183,7.171,247.34,3.181,80.343,,,,0.0,,0.0,0.0,,,5.049,33.68,42.189,877.81,,1392.577,1221.226,1937.379,,,,,,,,,,,,,,,,,4134.742,3.614,92.911,84.456,2421.581,3841.647,,,,,7.315,15.295,27.174,398.645,,632.42,721.591,1144.746,,1.739,6.102,2.718,159.041,,252.306,,,,-2.178,7.089,-4.113,184.755,293.099,,,,-23.876,0.9,-7.361,23.469,,37.232,,1.336,43.936,15.093,1145.124,,1816.65,3696.372,5864.002,,,30.956,0.086,0.531,2.244,,,3.561,,630349685.0,2606.334,,,2.056,6.188,3.248,161.285,255.866,,,0.0,0.0,0.0,,0.0,,,0.0,0.0,0.0,,0.0
OWID_AFR,Africa,1991,1.932,23.589,7.187,51.861,3.739,138.225,-0.256,-6.677,,,,0.0,0.0,0.0,0.0,,,-2.804,32.82,-24.615,853.195,,1317.994,1244.815,1922.957,,,,,,,,,,,,,,,,,4015.881,-0.747,92.454,-18.088,2403.493,3712.853,,,,,0.75,15.45,2.99,401.636,,620.437,773.452,1194.808,,5.933,6.481,9.436,168.476,,260.258,,,,6.176,7.546,11.411,196.165,303.031,,,,8.226,0.977,1.931,25.4,,39.237,,0.309,44.185,3.537,1148.661,,1774.423,3834.597,5923.585,,,1.98,0.088,0.044,2.289,,,3.536,,647344041.0,2599.656,,,5.878,6.569,9.48,170.765,263.794,,,0.0,0.0,0.0,,0.0,,,0.0,0.0,0.0,,0.0
OWID_AFR,Africa,1992,2.275,28.325,4.503,34.831,1.896,72.7,1.56,40.548,,,,0.0,0.0,0.0,0.0,,,0.598,32.509,5.106,858.301,,1291.627,1273.139,1915.901,,,,,,,,,,,,,,,,,3973.148,1.99,92.845,47.818,2451.311,3688.888,,,,,4.889,15.956,19.635,421.27,,633.955,808.283,1216.355,,-4.602,6.088,-7.753,160.723,,241.866,,,,-3.706,7.155,-7.269,188.896,284.263,,,,1.575,0.977,0.4,25.8,,38.826,,2.009,44.381,23.077,1171.738,,1763.307,3907.298,5879.95,,,3.671,0.09,0.084,2.373,,,3.571,,664512030.0,2640.205,,,-4.491,6.177,-7.669,163.096,245.437,,,0.0,0.0,0.0,,0.0,,,0.0,0.0,0.0,,0.0
OWID_AFR,Africa,1993,1.874,23.858,3.108,25.124,-1.304,-50.938,0.219,5.783,,,,0.0,0.0,0.0,0.0,,,1.551,32.941,13.314,871.615,,1278.274,1296.997,1902.119,,,,,,,,,,,,,,,,,3880.49,0.59,93.189,14.459,2465.769,3616.19,,,,,-2.048,15.595,-8.626,412.644,,605.166,833.407,1222.238,,-2.036,5.951,-3.272,157.452,,230.912,,,,-4.593,6.811,-8.676,180.22,264.303,,,,-21.888,0.762,-5.647,20.153,,29.555,,0.834,44.653,9.77,1181.508,,1732.75,3856.36,5655.57,,,10.003,0.099,0.237,2.61,,,3.828,,681869334.0,2645.987,,,-1.857,6.049,-3.029,160.067,234.748,,,0.0,0.0,0.0,,0.0,,,0.0,0.006,0.006,,0.008
OWID_AFR,Africa,1994,3.935,51.035,-5.251,-43.761,-0.201,-7.767,3.432,90.816,,,,0.0,0.0,0.0,0.0,,,2.588,32.672,22.554,894.169,,1278.398,1348.032,1927.287,,,,,,,,,,,,,,,,,3912.82,3.316,93.084,81.771,2547.541,3642.229,,,,,4.649,15.779,19.184,431.828,,617.387,789.646,1128.96,,1.612,5.846,2.538,159.989,,228.737,,,,5.019,6.916,9.045,189.265,270.593,,,,33.66,0.984,6.783,26.936,,38.511,,3.388,44.634,40.034,1221.542,,1746.445,3848.592,5502.348,,,-10.929,0.085,-0.285,2.325,,,3.324,,699445416.0,2736.804,,,1.413,5.931,2.262,162.329,232.083,,,0.0,0.0,0.0,,0.0,,170.0,0.001,0.009,0.015,,0.021
OWID_AFR,Africa,1995,5.045,68.012,10.519,83.059,1.62,62.361,4.073,111.482,,,,0.0,0.0,0.0,0.0,,,3.09,32.363,27.634,921.803,,1285.155,1416.043,1974.212,,,,,,,,,,,,,,,,,3971.009,3.944,92.969,100.479,2648.019,3691.802,,,,,6.812,16.194,29.416,461.243,,643.055,872.705,1216.704,,3.773,5.829,6.036,166.025,,231.468,,,,5.814,7.031,11.004,200.269,279.21,,,,16.541,1.102,4.456,31.392,,43.766,,3.555,44.412,43.429,1264.971,,1763.592,3910.953,5452.553,,,21.947,0.1,0.51,2.835,,,3.953,,717270108.0,2848.286,,,4.034,5.929,6.548,168.878,235.445,,,0.0,0.0,0.0,,0.0,,16.667,0.001,0.003,0.018,,0.024
OWID_AFR,Africa,1996,-0.308,-4.358,6.946,60.62,3.238,126.621,2.678,76.27,,,,0.0,0.0,0.0,0.0,,,1.383,31.955,12.749,934.552,,1270.876,1411.685,1919.717,,,,,,,,,,,,,,,,,3977.034,2.538,92.842,67.21,2715.229,3692.375,,,,,4.975,16.556,22.948,484.192,,658.441,933.325,1269.206,,4.262,5.919,7.077,173.101,,235.396,,,,4.524,7.158,9.06,209.33,284.663,,,,4.194,1.118,1.317,32.708,,44.479,,2.491,44.331,31.512,1296.483,,1763.058,4037.574,5490.601,,,23.454,0.12,0.665,3.5,,,4.76,,735361109.0,2924.556,,,4.585,6.039,7.744,176.621,240.183,,,0.0,0.0,0.0,,0.0,,12.698,0.001,0.002,0.02,,0.027
OWID_AFR,Africa,1997,6.37,89.922,11.602,108.286,2.325,93.879,1.924,56.273,,,,0.0,0.0,0.0,0.0,,,2.543,32.149,23.77,958.321,,1271.427,1501.608,1992.215,,,,,,,,,,,,,,,,,3954.731,1.813,92.741,49.227,2764.456,3667.664,,,,,-2.007,15.918,-9.716,474.476,,629.497,1041.611,1381.928,,2.465,5.95,4.267,177.368,,235.318,,,,3.366,7.259,7.046,216.376,287.071,,,,7.406,1.179,2.422,35.131,,46.609,,2.713,44.674,35.174,1331.657,,1766.739,4131.454,5481.289,,,10.201,0.129,0.357,3.857,,,5.118,,753737584.0,2980.83,,,2.618,6.08,4.624,181.246,240.462,,,0.0,0.0,0.0,,0.0,,1.408,0.001,0.0,0.02,,0.027
OWID_AFR,Africa,1998,1.341,20.139,6.5,67.705,0.336,13.892,1.553,46.301,,,,0.0,0.0,0.0,0.0,,,-2.297,30.931,-22.014,936.307,,1212.148,1521.747,1970.059,,,,,,,,,,,,,,,,,3918.934,1.265,92.477,34.96,2799.416,3624.134,,,,,5.24,16.495,24.861,499.337,,646.444,1109.316,1436.125,,4.389,6.116,7.784,185.153,,239.699,,,,5.241,7.523,11.341,227.717,294.803,,,,7.543,1.248,2.65,37.781,,48.911,,2.411,45.052,32.112,1363.769,,1765.542,4145.346,5366.581,,,23.47,0.157,0.905,4.763,,,6.166,,772437163.0,3027.13,,,4.795,6.274,8.691,189.936,245.892,,,0.0,0.0,0.0,,0.0,,5.556,0.001,0.001,0.021,,0.027
OWID_AFR,Africa,1999,-0.158,-2.409,9.682,107.409,-2.827,-117.197,3.082,93.296,,,,0.0,0.0,0.0,0.0,,,3.116,30.941,29.173,965.481,,1219.806,1519.337,1919.557,,,,,,,,,,,,,,,,,3942.4,3.009,92.412,84.243,2883.659,3643.264,,,,,0.938,16.152,4.683,504.02,,636.788,1216.726,1537.232,,6.045,6.292,11.193,196.345,,248.066,,,,3.976,7.588,9.053,236.77,299.139,,,,-5.617,1.143,-2.122,35.658,,45.051,,3.695,45.319,50.387,1414.156,,1786.671,4028.149,5089.233,,,-1.075,0.151,-0.051,4.711,,,5.953,,791504167.0,3120.426,,,5.884,6.445,11.175,201.112,254.088,,,0.0,0.0,0.0,,0.0,,160.526,0.002,0.034,0.055,,0.069
OWID_AFR,Africa,2000,-0.087,-1.32,11.037,134.287,7.284,293.392,2.345,73.164,0.511,2.651,,0.0,0.0,0.0,0.0,562.493,46.279,-0.229,30.163,-2.207,963.274,239.931,1187.785,1518.018,1871.821,424.24,2.15,194.58,330.12,96.99,74.51,13.01,38.55,0.43,2.58,77.32,0.0,0.23,420.45,236.5,,3937.919,2.01,92.11,57.955,2941.614,3627.215,407.061,78.516,,23.068,10.476,17.436,52.803,556.822,119.595,686.601,1351.012,1665.892,17.721,6.453,6.545,12.671,209.016,91.876,257.732,21.484,90.33,111.383,6.423,7.89,15.209,251.979,310.707,0.893,3.79,3.094,1.348,1.132,0.481,36.139,16.042,44.562,9.169,0.52,44.512,7.359,1421.515,47.535,1752.829,4321.541,5328.76,0.53,3.181,33.779,0.197,1.591,6.303,0.102,0.614,7.772,518.444,810984229.0,3193.59,95.341,18.39,7.323,6.759,14.728,215.84,266.146,0.0,,0.001,0.033,0.033,0.0,0.041,0.055,786.364,0.015,0.433,0.488,0.284,0.601
OWID_AFR,Africa,2001,-0.248,-3.761,2.768,37.401,-1.002,-43.313,3.507,111.993,0.489,2.576,,0.0,0.0,0.0,0.0,558.567,45.561,1.278,29.513,12.314,975.588,239.727,1174.131,1514.257,1822.424,440.66,2.14,199.19,342.18,103.82,81.21,10.72,39.17,0.48,2.62,84.29,0.0,0.46,437.19,244.2,,3978.305,3.522,92.123,103.593,3045.207,3664.939,411.817,78.268,,23.747,13.975,19.199,77.814,634.636,124.948,763.792,1388.413,1670.97,18.575,6.769,6.751,14.148,223.164,97.737,268.58,21.732,95.01,114.346,3.334,7.877,8.4,260.379,313.369,0.787,3.47,2.452,-18.145,0.895,-6.557,29.582,12.902,35.602,8.959,0.947,43.411,13.465,1434.981,47.142,1727.016,4278.227,5148.892,0.578,3.153,2.253,0.195,0.142,6.445,0.11,0.599,7.757,526.163,830902549.0,3305.583,101.444,19.28,6.93,6.982,14.957,230.797,277.767,0.0,24.469,0.001,0.008,0.041,0.0,0.05,0.105,135.26,0.035,0.659,1.147,0.554,1.38
OWID_AFR,Africa,2002,-1.673,-25.333,4.394,61.011,0.679,29.033,1.234,40.805,0.461,2.502,,0.015,0.491,0.491,0.577,555.08,44.375,-4.252,27.914,-41.487,934.101,240.95,1097.267,1488.923,1749.003,464.51,2.13,205.12,363.88,120.74,83.4,11.99,38.02,0.39,2.52,86.37,0.02,0.43,462.24,256.58,,3930.922,0.877,91.798,26.718,3071.925,3608.517,427.441,78.721,,26.121,5.668,20.04,35.969,670.605,141.83,787.745,1449.424,1702.604,18.043,4.659,6.98,10.398,233.562,97.968,274.36,21.279,98.36,115.541,5.41,8.202,14.087,274.466,322.409,0.489,2.27,2.594,11.145,0.983,3.297,32.879,14.084,38.622,8.225,2.246,43.845,32.235,1467.216,44.661,1723.505,4307.26,5059.636,0.458,2.96,-2.728,0.187,-0.176,6.269,0.084,0.545,7.364,542.982,851298454.0,3346.388,101.457,18.685,4.675,7.219,10.79,241.588,283.787,0.004,18.687,0.001,0.008,0.049,0.023,0.058,0.093,6.05,0.036,0.069,1.216,0.505,1.429
OWID_AFR,Africa,2003,7.458,111.037,7.372,106.858,8.758,377.221,4.753,159.045,0.412,2.293,10.272,0.015,0.05,0.541,0.621,563.352,45.334,8.844,29.004,82.612,1016.713,252.153,1165.624,1599.961,1834.295,487.25,2.0,219.94,387.38,127.92,81.69,12.66,39.52,0.79,2.79,85.11,0.02,0.61,485.15,273.31,,4018.848,5.34,92.313,164.035,3235.96,3709.906,444.117,79.847,,26.367,6.099,20.297,40.901,711.507,146.655,815.716,1556.282,1784.219,16.838,-3.334,6.441,-7.787,225.775,93.655,258.842,20.153,97.77,112.09,-1.818,7.687,-4.99,269.476,308.945,0.431,2.1,2.61,4.927,0.984,1.62,34.499,14.514,39.551,8.146,2.762,43.011,40.522,1507.738,45.308,1728.566,4684.481,5370.582,0.906,3.199,13.96,0.204,0.875,7.144,0.163,0.575,8.191,556.206,872248339.0,3505.433,97.575,17.543,-2.736,6.703,-6.61,234.978,269.393,0.004,18.585,0.002,0.009,0.058,0.023,0.067,0.126,19.97,0.042,0.243,1.459,0.699,1.673
OWID_AFR,Africa,2004,2.181,34.898,5.139,79.971,11.272,528.032,6.758,236.886,0.433,2.495,17.63,0.017,0.095,0.637,0.712,557.822,44.581,9.991,29.882,101.577,1118.29,257.003,1251.105,1634.858,1829.022,516.33,2.23,229.72,410.41,144.04,86.54,14.28,36.65,1.03,3.26,90.6,0.02,0.78,515.29,287.44,,4186.776,6.883,92.421,222.726,3458.685,3869.456,459.152,79.646,,27.953,10.058,20.925,71.562,783.068,161.147,876.07,1636.253,1830.582,16.794,4.798,6.322,10.832,236.607,96.818,264.708,20.354,104.88,117.336,5.255,7.579,14.16,283.637,317.323,0.201,1.04,2.771,4.872,0.967,1.681,36.18,15.976,40.476,7.112,3.289,41.614,49.587,1557.324,41.003,1742.281,5212.513,5831.577,1.152,3.647,12.869,0.215,0.919,8.064,0.2,0.633,9.021,576.488,893842767.0,3742.319,101.36,17.582,5.311,6.612,12.479,247.457,276.847,0.004,20.01,0.002,0.012,0.07,0.022,0.078,0.151,42.53,0.056,0.621,2.08,0.873,2.327
OWID_AFR,Africa,2005,0.644,10.535,3.961,64.812,3.687,192.207,0.918,34.369,0.489,2.86,-61.856,0.006,-0.394,0.243,0.265,559.256,43.333,-7.177,27.485,-80.259,1038.031,253.396,1133.032,1645.394,1795.979,536.82,2.62,232.15,430.3,154.13,88.72,12.24,44.02,1.0,3.62,93.19,0.02,0.83,535.73,299.61,,4122.327,1.085,92.574,37.534,3496.219,3816.19,469.681,80.32,,28.77,3.156,21.389,24.713,807.782,168.236,881.71,1701.065,1856.745,16.561,1.255,6.344,2.968,239.576,96.84,261.502,19.68,105.43,115.079,-1.116,7.426,-3.165,280.472,306.14,0.203,1.09,2.285,-16.041,0.804,-5.804,30.376,13.36,33.156,8.217,5.977,43.7,93.079,1650.403,48.049,1801.448,5404.72,5899.356,1.092,3.951,0.395,0.214,0.032,8.096,0.187,0.676,8.837,584.76,916154282.0,3776.688,101.719,17.395,1.066,6.622,2.639,250.096,272.984,0.004,18.326,0.002,0.013,0.083,0.022,0.09,0.155,0.932,0.056,0.019,2.099,0.906,2.291
OWID_AFR,Africa,2006,-0.683,-11.236,8.288,140.992,2.333,126.115,1.705,64.384,0.471,2.8,-70.233,0.002,-0.171,0.072,0.077,560.788,42.772,1.419,27.408,14.735,1052.766,254.341,1120.907,1634.158,1739.928,561.52,2.63,238.88,451.97,165.81,91.92,10.07,47.28,1.01,3.64,96.46,0.03,0.87,558.5,313.2,,4089.683,1.686,92.557,58.958,3555.177,3785.284,481.224,80.926,,29.688,4.476,21.971,36.153,843.935,176.542,898.559,1842.057,1961.283,16.458,2.917,6.419,6.99,246.565,97.869,262.524,19.074,106.53,113.425,1.935,7.443,5.426,285.898,304.402,0.538,3.02,1.803,-11.775,0.698,-3.577,26.799,10.722,28.534,8.466,0.489,43.177,8.07,1658.473,50.34,1765.819,5530.835,5888.816,1.075,3.876,24.488,0.262,1.982,10.078,0.181,0.652,10.73,594.649,939210062.0,3841.072,102.703,17.271,3.6,6.745,9.003,259.099,275.869,0.005,26.196,0.003,0.022,0.104,0.032,0.111,0.156,8.563,0.059,0.18,2.279,0.926,2.426
OWID_AFR,Africa,2007,-0.04,-0.653,6.259,115.292,2.087,115.431,3.705,142.306,0.43,2.606,984.005,0.02,0.711,0.784,0.814,559.734,42.349,1.654,26.866,17.418,1070.184,256.557,1111.278,1633.504,1696.228,588.27,2.51,247.07,472.08,174.08,93.99,12.6,50.93,1.02,3.53,98.74,0.04,1.18,583.42,326.56,,4136.332,3.739,92.587,132.929,3688.106,3829.722,490.207,80.916,,29.838,6.705,22.607,56.585,900.52,180.764,935.099,1957.349,2032.507,16.11,2.711,6.358,6.683,253.249,97.599,262.973,19.084,111.34,115.615,3.28,7.413,9.378,295.275,306.613,0.824,4.85,2.16,12.171,0.755,3.262,30.061,13.084,31.215,8.73,3.553,43.114,58.926,1717.399,52.886,1783.345,5646.266,5863.071,1.059,3.666,-17.186,0.21,-1.732,8.346,0.175,0.605,8.667,605.822,963021837.0,3983.378,102.531,16.924,2.36,6.658,6.116,265.215,275.398,0.007,31.456,0.003,0.033,0.137,0.042,0.142,0.202,18.451,0.068,0.42,2.699,1.225,2.803
OWID_AFR,Africa,2008,1.607,26.243,3.667,71.779,1.017,57.415,6.056,241.231,0.457,2.744,-25.005,0.014,-0.196,0.588,0.595,555.574,40.702,10.213,27.919,109.3,1179.484,244.385,1194.266,1659.747,1680.547,597.46,2.71,241.36,479.37,181.88,95.63,12.75,56.13,1.19,3.9,100.87,0.05,1.29,592.99,329.45,,4277.549,6.313,92.812,232.839,3920.944,3970.08,485.377,80.839,,30.672,3.902,22.148,35.139,935.659,184.159,947.385,2029.128,2054.556,16.127,1.272,6.071,3.223,256.471,96.828,259.685,19.161,113.62,115.044,2.842,7.188,8.392,303.667,307.473,0.748,4.47,2.15,14.193,0.813,4.267,34.327,12.91,34.758,9.466,5.147,42.745,88.399,1805.798,56.833,1828.429,5703.681,5775.157,1.205,3.949,3.343,0.204,0.279,8.625,0.201,0.658,8.733,600.421,987623525.0,4224.608,102.134,17.01,1.556,6.375,4.125,269.34,272.715,0.008,41.224,0.005,0.056,0.193,0.051,0.196,0.218,28.282,0.082,0.763,3.463,1.306,3.506
OWID_AFR,Africa,2009,-0.845,-14.02,-5.695,-115.553,-3.797,-216.57,1.815,76.664,0.473,2.784,-43.377,0.008,-0.255,0.333,0.329,550.002,38.903,-0.429,27.304,-5.056,1174.428,228.716,1159.305,1645.728,1624.534,600.61,2.82,231.7,479.38,185.67,98.68,11.57,62.01,1.36,4.18,104.63,0.07,1.7,595.58,327.57,,4245.882,1.809,92.806,70.915,3991.859,3940.453,473.207,80.49,,31.175,0.61,21.886,5.711,941.37,183.279,929.248,1913.575,1888.933,16.569,2.046,6.085,5.248,261.719,97.409,258.349,19.51,116.2,114.704,1.893,7.194,5.749,309.416,305.432,0.837,5.03,1.943,-2.13,0.781,-0.731,33.596,11.421,33.163,10.412,3.891,43.616,70.26,1876.058,61.211,1851.9,5487.111,5416.449,1.342,4.126,8.366,0.217,0.722,9.347,0.228,0.702,9.226,587.91,1013045727.0,4301.272,103.283,17.568,2.406,6.413,6.48,275.82,272.268,0.012,30.488,0.006,0.059,0.252,0.069,0.249,0.285,20.403,0.097,0.707,4.169,1.678,4.116
OWID_AFR,Africa,2010,3.721,61.244,5.316,101.723,3.229,177.18,3.281,141.104,0.49,3.021,-41.128,0.004,-0.137,0.196,0.189,539.579,37.546,-0.974,26.18,-11.435,1162.992,231.568,1119.011,1706.972,1642.418,644.94,3.14,240.67,511.21,211.81,109.5,12.9,58.73,1.47,4.61,116.89,0.41,2.37,641.0,345.87,,4274.376,2.968,92.525,118.468,4110.328,3954.885,491.877,79.752,,33.044,4.237,22.089,39.888,981.258,203.8,944.15,2015.298,1939.085,17.083,7.023,6.305,18.382,280.101,105.359,269.508,20.248,129.79,124.882,7.316,7.475,22.635,332.052,319.494,0.611,3.94,2.012,4.982,0.794,1.674,35.27,12.412,33.936,9.162,4.798,44.257,90.016,1966.074,56.509,1891.723,5664.29,5450.08,1.414,4.436,6.714,0.225,0.628,9.974,0.229,0.719,9.597,616.759,1039304018.0,4442.376,112.469,18.236,7.6,6.681,20.962,296.782,285.558,0.064,119.668,0.012,0.302,0.554,0.394,0.533,0.37,42.872,0.134,1.787,5.957,2.28,5.731
OWID_AFR,Africa,2011,-0.554,-9.454,-0.455,-9.164,-16.631,-942.053,0.324,14.385,0.508,3.085,165.186,0.012,0.324,0.52,0.487,538.862,37.661,-1.474,25.71,-17.147,1145.845,228.871,1074.489,1697.518,1591.806,653.29,3.29,244.07,516.83,217.04,110.57,12.94,55.72,1.51,4.8,118.3,0.5,2.43,648.07,349.22,,4179.221,0.203,92.414,8.342,4118.669,3862.183,484.645,79.749,,33.49,8.135,23.808,79.827,1061.086,203.524,995.008,2006.135,1881.204,17.061,2.182,6.422,6.113,286.214,103.684,268.39,20.251,131.24,123.067,1.82,7.586,6.044,338.095,317.041,0.799,5.22,1.997,-5.202,0.75,-1.835,33.435,12.134,31.353,8.598,-2.764,42.895,-54.338,1911.736,52.25,1792.686,4722.237,4428.164,1.416,4.501,2.099,0.228,0.209,10.184,0.233,0.741,9.549,607.712,1066409692.0,4456.761,110.933,18.254,2.655,6.836,7.878,304.66,285.688,0.077,181.284,0.035,1.005,1.559,0.469,1.462,0.375,3.824,0.139,0.228,6.185,2.279,5.799
OWID_AFR,Africa,2012,4.088,69.396,3.048,61.145,8.909,420.684,3.692,164.545,0.517,3.189,13.903,0.013,0.072,0.592,0.541,537.481,35.717,-2.45,24.187,-28.073,1117.772,220.223,1021.41,1766.914,1614.589,682.52,3.49,241.0,542.57,236.99,111.66,12.4,64.58,1.6,5.09,119.77,0.65,2.37,674.74,362.66,,4222.905,3.965,92.657,163.298,4281.968,3912.82,495.795,80.412,,35.123,8.114,24.824,86.092,1147.178,216.559,1048.281,2067.279,1889.06,16.549,-0.149,6.184,-0.427,285.786,102.034,261.149,19.588,132.17,120.776,0.369,7.343,1.247,339.342,310.088,1.14,7.78,1.838,-0.102,0.723,-0.034,33.401,11.331,30.522,9.571,5.507,43.646,105.279,2017.015,59.013,1843.13,5142.921,4699.551,1.462,4.651,3.324,0.228,0.338,10.522,0.237,0.754,9.615,616.571,1094343031.0,4621.306,109.445,17.751,0.421,6.62,1.281,305.941,279.566,0.096,64.338,0.055,1.003,2.561,0.594,2.341,0.351,4.772,0.14,0.295,6.48,2.166,5.921
OWID_AFR,Africa,2013,0.287,5.079,-3.689,-76.263,-7.393,-380.241,2.807,129.737,0.536,3.304,0.713,0.013,0.004,0.596,0.531,531.05,33.874,1.059,23.776,11.84,1129.612,208.861,1005.848,1771.993,1577.847,701.32,3.71,234.56,551.94,241.48,116.88,13.61,75.9,2.01,5.72,126.89,0.74,3.55,692.44,367.72,,4230.501,2.537,92.413,108.621,4390.588,3909.539,491.467,79.709,,34.874,2.012,24.632,23.076,1170.254,215.023,1042.037,1991.017,1772.873,16.879,5.388,6.339,15.398,301.184,104.074,268.185,20.291,140.5,125.106,6.223,7.587,21.117,360.459,320.966,1.266,8.88,1.966,8.125,0.76,2.714,36.115,12.119,32.158,10.961,3.654,44.005,73.705,2090.72,67.584,1861.654,4762.68,4240.863,1.79,5.093,7.813,0.239,0.822,11.344,0.29,0.826,10.101,616.574,1123045134.0,4751.044,112.987,18.325,6.015,6.827,18.403,324.344,288.808,0.107,-21.146,0.043,-0.542,2.02,0.659,1.799,0.513,41.984,0.194,2.72,9.2,3.161,8.192
OWID_AFR,Africa,2014,3.371,59.729,2.212,44.032,-4.653,-221.586,3.778,179.501,0.76,4.738,-17.506,0.01,-0.104,0.492,0.427,522.269,32.469,4.737,23.996,53.51,1183.122,202.493,1026.63,1831.722,1589.438,726.84,5.46,233.36,564.8,250.65,122.18,14.76,80.79,4.06,9.52,139.15,1.86,5.59,718.71,375.36,,4278.376,3.59,92.246,157.631,4548.219,3946.621,490.093,78.585,,34.875,6.073,25.176,71.065,1241.319,217.496,1077.129,2035.049,1765.871,17.0,4.545,6.386,13.69,314.874,106.019,273.225,21.415,153.91,133.552,6.067,7.754,21.87,382.329,331.758,1.119,8.13,2.054,-2.797,0.712,-1.01,35.105,12.808,30.461,11.241,1.581,43.074,33.055,2123.774,70.104,1842.862,4541.095,3940.439,3.523,8.261,23.858,0.285,2.706,14.051,0.565,1.325,12.192,623.645,1152433643.0,4930.545,120.744,19.361,7.054,7.042,22.881,347.225,301.297,0.259,144.147,0.1,2.911,4.931,1.614,4.279,0.778,39.971,0.261,3.677,12.877,4.851,11.174
OWID_AFR,Africa,2015,-3.972,-72.758,2.205,44.875,-1.115,-50.652,1.914,94.347,0.865,5.413,23.548,0.012,0.116,0.607,0.514,523.352,31.066,-5.541,22.24,-65.562,1117.56,194.471,945.132,1758.964,1487.573,748.36,6.4,229.95,586.82,265.95,120.03,10.97,90.92,4.48,10.88,142.4,2.91,8.58,740.19,387.38,,4249.6,2.007,92.331,91.295,4639.514,3923.682,496.279,79.28,,35.93,6.737,26.368,83.628,1324.947,224.917,1120.521,2079.924,1759.012,16.216,-3.455,6.05,-10.878,303.996,101.511,257.093,20.72,153.37,129.707,0.798,7.669,3.052,385.382,325.921,1.092,8.17,1.482,-11.816,0.616,-4.148,30.957,9.277,26.18,12.283,3.448,43.722,73.229,2197.003,76.892,1858.029,4490.443,3797.611,3.789,9.201,29.475,0.362,4.141,18.192,0.605,1.47,15.385,625.986,1182438795.0,5024.892,120.429,19.238,2.074,7.053,7.2,354.425,299.741,0.393,84.28,0.181,4.156,9.087,2.461,7.685,1.159,75.05,0.449,9.664,22.542,7.256,19.064
OWID_AFR,Africa,2016,1.312,23.079,1.868,38.855,-5.363,-240.813,2.766,138.969,0.777,4.79,-11.458,0.01,-0.07,0.538,0.443,518.454,30.74,6.284,23.002,70.229,1187.79,189.507,979.185,1782.043,1469.071,754.68,5.81,229.88,588.87,270.85,119.05,15.21,88.14,4.2,10.01,143.74,4.21,10.47,747.82,387.71,,4256.957,2.871,92.425,133.209,4772.723,3934.512,485.45,78.745,,36.219,3.47,26.548,45.972,1370.919,223.282,1130.152,2118.779,1746.668,15.92,-3.445,5.684,-10.472,293.524,98.142,241.974,21.255,158.95,131.034,1.495,7.575,5.761,391.142,322.448,0.909,6.86,2.034,22.065,0.732,6.831,37.787,12.539,31.151,11.786,0.774,42.875,17.007,2214.01,72.66,1825.175,4249.63,3503.288,3.462,8.252,0.653,0.355,0.119,18.311,0.562,1.339,15.095,616.484,1213040565.0,5163.861,118.496,19.221,-0.302,6.843,-1.07,353.355,291.297,0.563,41.694,0.249,3.789,12.876,3.471,10.615,1.4,24.684,0.544,5.564,28.106,8.631,23.17
OWID_AFR,Africa,2017,3.811,67.916,8.314,176.151,5.651,240.148,2.351,121.427,0.648,4.051,1.503,0.01,0.008,0.546,0.439,511.898,30.276,-0.026,22.468,-0.308,1187.481,189.178,954.397,1849.959,1486.839,784.59,5.04,235.38,610.37,297.08,124.99,15.09,77.91,4.81,9.85,151.98,5.6,11.54,777.44,397.97,,4247.865,1.979,92.089,94.465,4867.187,3911.831,490.563,78.51,,38.213,5.754,27.431,78.884,1449.803,238.768,1165.23,2294.93,1844.469,16.077,7.16,5.951,21.018,314.542,100.456,252.802,21.49,167.07,134.277,6.893,7.911,26.963,418.105,336.037,0.911,7.15,1.941,-6.099,0.671,-2.305,35.483,12.128,28.518,10.021,0.718,42.191,15.889,2229.899,62.617,1792.204,4489.778,3608.502,3.866,7.917,4.498,0.362,0.824,19.134,0.619,1.267,15.379,624.84,1244222282.0,5285.288,122.149,19.549,8.283,7.239,29.267,382.623,307.519,0.72,34.015,0.326,4.38,17.256,4.501,13.869,1.484,10.81,0.589,3.038,31.144,9.275,25.031
OWID_AFR,Africa,2018,3.132,57.945,5.205,119.449,1.937,86.945,2.498,132.001,0.59,3.66,57.048,0.016,0.311,0.857,0.672,508.167,30.409,-1.686,21.551,-20.026,1167.455,188.523,914.991,1907.903,1495.315,795.74,4.67,240.54,617.46,305.05,130.67,10.56,71.87,4.78,9.45,163.0,7.15,15.73,791.02,401.97,,4245.787,2.303,91.915,112.108,4979.295,3902.511,483.933,78.059,,38.564,6.238,28.432,90.444,1540.248,239.082,1207.166,2414.379,1892.263,16.519,5.202,6.108,16.363,330.905,102.412,259.346,21.941,173.56,136.027,4.758,8.085,19.893,437.998,343.28,0.593,4.72,1.335,-18.888,0.531,-6.702,28.781,8.276,22.557,9.086,1.87,41.932,41.69,2271.589,56.328,1780.354,4576.723,3586.996,3.746,7.406,5.184,0.372,0.992,20.126,0.604,1.195,15.774,619.96,1275921020.0,5417.289,127.751,20.606,6.951,7.554,26.594,409.217,320.723,0.904,19.478,0.381,3.361,20.617,5.604,16.159,1.989,17.873,0.678,5.566,36.711,12.328,28.772
OWID_AFR,Africa,2019,-0.481,-9.174,0.969,23.388,2.039,93.322,1.897,102.767,0.612,3.792,-9.363,0.014,-0.08,0.777,0.594,503.47,29.205,2.722,21.725,31.775,1199.23,180.817,916.798,1898.729,1451.557,807.15,4.96,236.52,628.65,313.78,132.43,13.6,78.35,4.89,9.85,167.61,7.86,17.47,809.86,407.74,,4220.019,1.455,91.516,72.467,5051.763,3862.014,480.596,77.625,,38.745,0.853,28.141,13.136,1553.384,239.881,1187.545,2437.767,1863.645,16.352,2.681,6.155,8.871,339.776,101.241,259.755,22.375,181.21,138.533,6.918,8.484,30.3,468.298,358.008,-0.336,-2.71,1.679,16.976,0.61,4.886,33.667,10.397,25.738,9.675,1.213,41.651,27.556,2299.144,59.898,1757.671,4670.046,3570.196,3.738,7.53,1.233,0.369,0.248,20.375,0.604,1.216,15.576,619.129,1308064186.0,5520.056,128.136,20.696,6.21,7.874,25.414,434.631,332.27,0.971,30.996,0.489,6.391,27.008,6.009,20.647,2.157,27.199,0.846,9.985,46.696,13.356,35.698
OWID_AFR,Africa,2020,-5.333,-101.264,-5.118,-124.775,-18.489,-863.428,-6.481,-357.781,0.618,3.655,-0.661,0.015,-0.005,0.772,0.576,495.389,28.326,-4.846,22.105,-58.112,1141.119,167.477,851.202,1797.465,1340.793,791.47,4.9,224.52,606.33,305.19,139.46,11.62,76.62,4.99,9.89,174.68,8.33,17.0,792.63,392.66,,3850.725,-7.615,90.408,-384.667,4667.096,3481.353,452.283,76.496,,38.503,-1.526,29.632,-23.703,1529.682,227.652,1141.045,2312.992,1725.343,17.595,3.524,6.814,11.974,351.75,104.028,262.383,23.504,186.3,138.968,5.741,9.592,26.885,495.183,369.375,-0.147,-1.16,1.466,14.018,0.744,4.719,38.386,8.668,28.634,9.667,-13.172,38.671,-302.853,1996.292,57.154,1489.107,3806.618,2839.492,3.722,7.377,-2.304,0.386,-0.469,19.905,0.63,1.248,14.848,591.251,1340598150.0,5162.275,130.3,22.038,5.1,8.849,22.166,456.797,340.741,1.051,13.343,0.593,3.604,30.612,6.214,22.834,2.145,15.124,1.041,7.062,53.758,12.681,40.1
