iso_code,country,year,coal_prod_change_pct,coal_prod_change_twh,gas_prod_change_pct,gas_prod_change_twh,oil_prod_change_pct,oil_prod_change_twh,energy_cons_change_pct,energy_cons_change_twh,biofuel_share_elec,biofuel_elec_per_capita,biofuel_cons_change_pct,biofuel_share_energy,biofuel_cons_change_twh,biofuel_consumption,biofuel_cons_per_capita,carbon_intensity_elec,coal_share_elec,coal_cons_change_pct,coal_share_energy,coal_cons_change_twh,coal_consumption,coal_elec_per_capita,coal_cons_per_capita,coal_production,coal_prod_per_capita,electricity_demand,biofuel_electricity,coal_electricity,fossil_electricity,gas_electricity,hydro_electricity,nuclear_electricity,oil_electricity,other_renewable_exc_biofuel_electricity,other_renewable_electricity,renewables_electricity,solar_electricity,wind_electricity,electricity_generation,greenhouse_gas_emissions,energy_per_gdp,energy_per_capita,fossil_cons_change_pct,fossil_share_energy,fossil_cons_change_twh,fossil_fuel_consumption,fossil_energy_per_capita,fossil_cons_per_capita,fossil_share_elec,gdp,gas_share_elec,gas_cons_change_pct,gas_share_energy,gas_cons_change_twh,gas_consumption,gas_elec_per_capita,gas_energy_per_capita,gas_production,gas_prod_per_capita,hydro_share_elec,hydro_cons_change_pct,hydro_share_energy,hydro_cons_change_twh,hydro_consumption,hydro_elec_per_capita,hydro_energy_per_capita,low_carbon_share_elec,low_carbon_electricity,low_carbon_elec_per_capita,low_carbon_cons_change_pct,low_carbon_share_energy,low_carbon_cons_change_twh,low_carbon_consumption,low_carbon_energy_per_capita,net_elec_imports_share_demand,net_elec_imports,nuclear_share_elec,nuclear_cons_change_pct,nuclear_share_energy,nuclear_cons_change_twh,nuclear_consumption,nuclear_elec_per_capita,nuclear_energy_per_capita,oil_share_elec,oil_cons_change_pct,oil_share_energy,oil_cons_change_twh,oil_consumption,oil_elec_per_capita,oil_energy_per_capita,oil_production,oil_prod_per_capita,other_renewables_elec_per_capita_exc_biofuel,other_renewables_elec_per_capita,other_renewables_cons_change_pct,other_renewables_share_energy,other_renewables_cons_change_twh,other_renewable_consumption,other_renewables_share_elec_exc_biofuel,other_renewables_share_elec,other_renewables_energy_per_capita,per_capita_electricity,population,primary_energy_consumption,renewables_elec_per_capita,renewables_share_elec,renewables_cons_change_pct,renewables_share_energy,renewables_cons_change_twh,renewables_consumption,renewables_energy_per_capita,solar_share_elec,solar_cons_change_pct,solar_share_energy,solar_cons_change_twh,solar_consumption,solar_elec_per_capita,solar_energy_per_capita,wind_share_elec,wind_cons_change_pct,wind_share_energy,wind_cons_change_twh,wind_consumption,wind_elec_per_capita,wind_energy_per_capita
AGO,Angola,1900,,,,,,,,,,,,,,,,,,,,,,,,,,,,,,,,,,,,,,,,,,,,,,,,,,,,,,,,,,0.0,0.0,,,,,,,,,,,,,,,,,,,,,,,,,,,,,,,,0.0,0.0,,,,,,,,,,,3138277.0,,,,,,,,,,,,,,,,,,,,,,
AGO,Angola,1901,,,,0.0,,0.0,,,,,,,,,,,,,,,,,,,,,,,,,,,,,,,,,,,,,,,,,,,,,,,,,,,,0.0,0.0,,,,,,,,,,,,,,,,,,,,,,,,,,,,,,,,0.0,0.0,,,,,,,,,,,3121144.0,,,,,,,,,,,,,,,,,,,,,,
AGO,Angola,1902,,,,0.0,,0.0,,,,,,,,,,,,,,,,,,,,,,,,,,,,,,,,,,,,,,,,,,,,,,,,,,,,0.0,0.0,,,,,,,,,,,,,,,,,,,,,,,,,,,,,,,,0.0,0.0,,,,,,,,,,,3102199.0,,,,,,,,,,,,,,,,,,,,,,
AGO,Angola,1903,,,,0.0,,0.0,,,,,,,,,,,,,,,,,,,,,,,,,,,,,,,,,,,,,,,,,,,,,,,,,,,,0.0,0.0,,,,,,,,,,,,,,,,,,,,,,,,,,,,,,,,0.0,0.0,,,,,,,,,,,3081459.0,,,,,,,,,,,,,,,,,,,,,,
AGO,Angola,1904,,,,0.0,,0.0,,,,,,,,,,,,,,,,,,,,,,,,,,,,,,,,,,,,,,,,,,,,,,,,,,,,0.0,0.0,,,,,,,,,,,,,,,,,,,,,,,,,,,,,,,,0.0,0.0,,,,,,,,,,,3060853.0,,,,,,,,,,,,,,,,,,,,,,
AGO,Angola,1905,,,,0.0,,0.0,,,,,,,,,,,,,,,,,,,,,,,,,,,,,,,,,,,,,,,,,,,,,,,,,,,,0.0,0.0,,,,,,,,,,,,,,,,,,,,,,,,,,,,,,,,0.0,0.0,,,,,,,,,,,3040379.0,,,,,,,,,,,,,,,,,,,,,,
AGO,Angola,1906,,,,0.0,,0.0,,,,,,,,,,,,,,,,,,,,,,,,,,,,,,,,,,,,,,,,,,,,,,,,,,,,0.0,0.0,,,,,,,,,,,,,,,,,,,,,,,,,,,,,,,,0.0,0.0,,,,,,,,,,,3020037.0,,,,,,,,,,,,,,,,,,,,,,
AGO,Angola,1907,,,,0.0,,0.0,,,,,,,,,,,,,,,,,,,,,,,,,,,,,,,,,,,,,,,,,,,,,,,,,,,,0.0,0.0,,,,,,,,,,,,,,,,,,,,,,,,,,,,,,,,0.0,0.0,,,,,,,,,,,2999825.0,,,,,,,,,,,,,,,,,,,,,,
AGO,Angola,1908,,,,0.0,,0.0,,,,,,,,,,,,,,,,,,,,,,,,,,,,,,,,,,,,,,,,,,,,,,,,,,,,0.0,0.0,,,,,,,,,,,,,,,,,,,,,,,,,,,,,,,,0.0,0.0,,,,,,,,,,,2979744.0,,,,,,,,,,,,,,,,,,,,,,
AGO,Angola,1909,,,,0.0,,0.0,,,,,,,,,,,,,,,,,,,,,,,,,,,,,,,,,,,,,,,,,,,,,,,,,,,,0.0,0.0,,,,,,,,,,,,,,,,,,,,,,,,,,,,,,,,0.0,0.0,,,,,,,,,,,2962141.0,,,,,,,,,,,,,,,,,,,,,,
AGO,Angola,1910,,,,0.0,,0.0,,,,,,,,,,,,,,,,,,,,,,,,,,,,,,,,,,,,,,,,,,,,,,,,,,,,0.0,0.0,,,,,,,,,,,,,,,,,,,,,,,,,,,,,,,,0.0,0.0,,,,,,,,,,,2946996.0,,,,,,,,,,,,,,,,,,,,,,
AGO,Angola,1911,,,,0.0,,0.0,,,,,,,,,,,,,,,,,,,,,,,,,,,,,,,,,,,,,,,,,,,,,,,,,,,,0.0,0.0,,,,,,,,,,,,,,,,,,,,,,,,,,,,,,,,0.0,0.0,,,,,,,,,,,2934290.0,,,,,,,,,,,,,,,,,,,,,,
AGO,Angola,1912,,,,0.0,,0.0,,,,,,,,,,,,,,,,,,,,,,,,,,,,,,,,,,,,,,,,,,,,,,,,,,,,0.0,0.0,,,,,,,,,,,,,,,,,,,,,,,,,,,,,,,,0.0,0.0,,,,,,,,,,,2924003.0,,,,,,,,,,,,,,,,,,,,,,
AGO,Angola,1913,,,,0.0,,0.0,,,,,,,,,,,,,,,,,,,,,,,,,,,,,,,,,,,,,,,,,,,,,,,,,,,,0.0,0.0,,,,,,,,,,,,,,,,,,,,,,,,,,,,,,,,0.0,0.0,,,,,,,,,,,2916116.0,,,,,,,,,,,,,,,,,,,,,,
AGO,Angola,1914,,,,0.0,,0.0,,,,,,,,,,,,,,,,,,,,,,,,,,,,,,,,,,,,,,,,,,,,,,,,,,,,0.0,0.0,,,,,,,,,,,,,,,,,,,,,,,,,,,,,,,,0.0,0.0,,,,,,,,,,,2908245.0,,,,,,,,,,,,,,,,,,,,,,
AGO,Angola,1915,,,,0.0,,0.0,,,,,,,,,,,,,,,,,,,,,,,,,,,,,,,,,,,,,,,,,,,,,,,,,,,,0.0,0.0,,,,,,,,,,,,,,,,,,,,,,,,,,,,,,,,0.0,0.0,,,,,,,,,,,2900390.0,,,,,,,,,,,,,,,,,,,,,,
AGO,Angola,1916,,,,0.0,,0.0,,,,,,,,,,,,,,,,,,,,,,,,,,,,,,,,,,,,,,,,,,,,,,,,,,,,0.0,0.0,,,,,,,,,,,,,,,,,,,,,,,,,,,,,,,,0.0,0.0,,,,,,,,,,,2892552.0,,,,,,,,,,,,,,,,,,,,,,
AGO,Angola,1917,,,,0.0,,0.0,,,,,,,,,,,,,,,,,,,,,,,,,,,,,,,,,,,,,,,,,,,,,,,,,,,,0.0,0.0,,,,,,,,,,,,,,,,,,,,,,,,,,,,,,,,0.0,0.0,,,,,,,,,,,2884730.0,,,,,,,,,,,,,,,,,,,,,,
AGO,Angola,1918,,,,0.0,,0.0,,,,,,,,,,,,,,,,,,,,,,,,,,,,,,,,,,,,,,,,,,,,,,,,,,,,0.0,0.0,,,,,,,,,,,,,,,,,,,,,,,,,,,,,,,,0.0,0.0,,,,,,,,,,,2873191.0,,,,,,,,,,,,,,,,,,,,,,
AGO,Angola,1919,,,,0.0,,0.0,,,,,,,,,,,,,,,,,,,,,,,,,,,,,,,,,,,,,,,,,,,,,,,,,,,,0.0,0.0,,,,,,,,,,,,,,,,,,,,,,,,,,,,,,,,0.0,0.0,,,,,,,,,,,2872529.0,,,,,,,,,,,,,,,,,,,,,,
AGO,Angola,1920,,,,0.0,,0.0,,,,,,,,,,,,,,,,,,,,,,,,,,,,,,,,,,,,,,,,,,,,,,,,,,,,0.0,0.0,,,,,,,,,,,,,,,,,,,,,,,,,,,,,,,,0.0,0.0,,,,,,,,,,,2882863.0,,,,,,,,,,,,,,,,,,,,,,
AGO,Angola,1921,,,,0.0,,0.0,,,,,,,,,,,,,,,,,,,,,,,,,,,,,,,,,,,,,,,,,,,,,,,,,,,,0.0,0.0,,,,,,,,,,,,,,,,,,,,,,,,,,,,,,,,0.0,0.0,,,,,,,,,,,2904314.0,,,,,,,,,,,,,,,,,,,,,,
AGO,Angola,1922,,,,0.0,,0.0,,,,,,,,,,,,,,,,,,,,,,,,,,,,,,,,,,,,,,,,,,,,,,,,,,,,0.0,0.0,,,,,,,,,,,,,,,,,,,,,,,,,,,,,,,,0.0,0.0,,,,,,,,,,,2937004.0,,,,,,,,,,,,,,,,,,,,,,
AGO,Angola,1923,,,,0.0,,0.0,,,,,,,,,,,,,,,,,,,,,,,,,,,,,,,,,,,,,,,,,,,,,,,,,,,,0.0,0.0,,,,,,,,,,,,,,,,,,,,,,,,,,,,,,,,0.0,0.0,,,,,,,,,,,2981059.0,,,,,,,,,,,,,,,,,,,,,,
AGO,Angola,1924,,,,0.0,,0.0,,,,,,,,,,,,,,,,,,,,,,,,,,,,,,,,,,,,,,,,,,,,,,,,,,,,0.0,0.0,,,,,,,,,,,,,,,,,,,,,,,,,,,,,,,,0.0,0.0,,,,,,,,,,,3025775.0,,,,,,,,,,,,,,,,,,,,,,
AGO,Angola,1925,,,,0.0,,0.0,,,,,,,,,,,,,,,,,,,,,,,,,,,,,,,,,,,,,,,,,,,,,,,,,,,,0.0,0.0,,,,,,,,,,,,,,,,,,,,,,,,,,,,,,,,0.0,0.0,,,,,,,,,,,3071162.0,,,,,,,,,,,,,,,,,,,,,,
AGO,Angola,1926,,,,0.0,,0.0,,,,,,,,,,,,,,,,,,,,,,,,,,,,,,,,,,,,,,,,,,,,,,,,,,,,0.0,0.0,,,,,,,,,,,,,,,,,,,,,,,,,,,,,,,,0.0,0.0,,,,,,,,,,,3117230.0,,,,,,,,,,,,,,,,,,,,,,
AGO,Angola,1927,,,,0.0,,0.0,,,,,,,,,,,,,,,,,,,,,,,,,,,,,,,,,,,,,,,,,,,,,,,,,,,,0.0,0.0,,,,,,,,,,,,,,,,,,,,,,,,,,,,,,,,0.0,0.0,,,,,,,,,,,3163988.0,,,,,,,,,,,,,,,,,,,,,,
AGO,Angola,1928,,,,0.0,,0.0,,,,,,,,,,,,,,,,,,,,,,,,,,,,,,,,,,,,,,,,,,,,,,,,,,,,0.0,0.0,,,,,,,,,,,,,,,,,,,,,,,,,,,,,,,,0.0,0.0,,,,,,,,,,,3211448.0,,,,,,,,,,,,,,,,,,,,,,
AGO,Angola,1929,,,,0.0,,0.0,,,,,,,,,,,,,,,,,,,,,,,,,,,,,,,,,,,,,,,,,,,,,,,,,,,,0.0,0.0,,,,,,,,,,,,,,,,,,,,,,,,,,,,,,,,0.0,0.0,,,,,,,,,,,3258958.0,,,,,,,,,,,,,,,,,,,,,,
AGO,Angola,1930,,,,0.0,,0.0,,,,,,,,,,,,,,,,,,,,,,,,,,,,,,,,,,,,,,,,,,,,,,,,,,,,0.0,0.0,,,,,,,,,,,,,,,,,,,,,,,,,,,,,,,,0.0,0.0,,,,,,,,,,,3306510.0,,,,,,,,,,,,,,,,,,,,,,
AGO,Angola,1931,,,,0.0,,0.0,,,,,,,,,,,,,,,,,,,,,,,,,,,,,,,,,,,,,,,,,,,,,,,,,,,,0.0,0.0,,,,,,,,,,,,,,,,,,,,,,,,,,,,,,,,0.0,0.0,,,,,,,,,,,3354095.0,,,,,,,,,,,,,,,,,,,,,,
AGO,Angola,1932,,,,0.0,,0.0,,,,,,,,,,,,,,,,,,,,,,,,,,,,,,,,,,,,,,,,,,,,,,,,,,,,0.0,0.0,,,,,,,,,,,,,,,,,,,,,,,,,,,,,,,,0.0,0.0,,,,,,,,,,,3401704.0,,,,,,,,,,,,,,,,,,,,,,
AGO,Angola,1933,,,,0.0,,0.0,,,,,,,,,,,,,,,,,,,,,,,,,,,,,,,,,,,,,,,,,,,,,,,,,,,,0.0,0.0,,,,,,,,,,,,,,,,,,,,,,,,,,,,,,,,0.0,0.0,,,,,,,,,,,3449328.0,,,,,,,,,,,,,,,,,,,,,,
AGO,Angola,1934,,,,0.0,,0.0,,,,,,,,,,,,,,,,,,,,,,,,,,,,,,,,,,,,,,,,,,,,,,,,,,,,0.0,0.0,,,,,,,,,,,,,,,,,,,,,,,,,,,,,,,,0.0,0.0,,,,,,,,,,,3497619.0,,,,,,,,,,,,,,,,,,,,,,
AGO,Angola,1935,,,,0.0,,0.0,,,,,,,,,,,,,,,,,,,,,,,,,,,,,,,,,,,,,,,,,,,,,,,,,,,,0.0,0.0,,,,,,,,,,,,,,,,,,,,,,,,,,,,,,,,0.0,0.0,,,,,,,,,,,3546586.0,,,,,,,,,,,,,,,,,,,,,,
AGO,Angola,1936,,,,0.0,,0.0,,,,,,,,,,,,,,,,,,,,,,,,,,,,,,,,,,,,,,,,,,,,,,,,,,,,0.0,0.0,,,,,,,,,,,,,,,,,,,,,,,,,,,,,,,,0.0,0.0,,,,,,,,,,,3596238.0,,,,,,,,,,,,,,,,,,,,,,
AGO,Angola,1937,,,,0.0,,0.0,,,,,,,,,,,,,,,,,,,,,,,,,,,,,,,,,,,,,,,,,,,,,,,,,,,,0.0,0.0,,,,,,,,,,,,,,,,,,,,,,,,,,,,,,,,0.0,0.0,,,,,,,,,,,3646585.0,,,,,,,,,,,,,,,,,,,,,,
AGO,Angola,1938,,,,0.0,,0.0,,,,,,,,,,,,,,,,,,,,,,,,,,,,,,,,,,,,,,,,,,,,,,,,,,,,0.0,0.0,,,,,,,,,,,,,,,,,,,,,,,,,,,,,,,,0.0,0.0,,,,,,,,,,,3697637.0,,,,,,,,,,,,,,,,,,,,,,
AGO,Angola,1939,,,,0.0,,0.0,,,,,,,,,,,,,,,,,,,,,,,,,,,,,,,,,,,,,,,,,,,,,,,,,,,,0.0,0.0,,,,,,,,,,,,,,,,,,,,,,,,,,,,,,,,0.0,0.0,,,,,,,,,,,3752445.0,,,,,,,,,,,,,,,,,,,,,,
AGO,Angola,1940,,,,0.0,,0.0,,,,,,,,,,,,,,,,,,,,,,,,,,,,,,,,,,,,,,,,,,,,,,,,,,,,0.0,0.0,,,,,,,,,,,,,,,,,,,,,,,,,,,,,,,,0.0,0.0,,,,,,,,,,,3811116.0,,,,,,,,,,,,,,,,,,,,,,
AGO,Angola,1941,,,,0.0,,0.0,,,,,,,,,,,,,,,,,,,,,,,,,,,,,,,,,,,,,,,,,,,,,,,,,,,,0.0,0.0,,,,,,,,,,,,,,,,,,,,,,,,,,,,,,,,0.0,0.0,,,,,,,,,,,3873759.0,,,,,,,,,,,,,,,,,,,,,,
AGO,Angola,1942,,,,0.0,,0.0,,,,,,,,,,,,,,,,,,,,,,,,,,,,,,,,,,,,,,,,,,,,,,,,,,,,0.0,0.0,,,,,,,,,,,,,,,,,,,,,,,,,,,,,,,,0.0,0.0,,,,,,,,,,,3940488.0,,,,,,,,,,,,,,,,,,,,,,
AGO,Angola,1943,,,,0.0,,0.0,,,,,,,,,,,,,,,,,,,,,,,,,,,,,,,,,,,,,,,,,,,,,,,,,,,,0.0,0.0,,,,,,,,,,,,,,,,,,,,,,,,,,,,,,,,0.0,0.0,,,,,,,,,,,4011417.0,,,,,,,,,,,,,,,,,,,,,,
AGO,Angola,1944,,,,0.0,,0.0,,,,,,,,,,,,,,,,,,,,,,,,,,,,,,,,,,,,,,,,,,,,,,,,,,,,0.0,0.0,,,,,,,,,,,,,,,,,,,,,,,,,,,,,,,,0.0,0.0,,,,,,,,,,,4083622.0,,,,,,,,,,,,,,,,,,,,,,
AGO,Angola,1945,,,,0.0,,0.0,,,,,,,,,,,,,,,,,,,,,,,,,,,,,,,,,,,,,,,,,,,,,,,,,,,,0.0,0.0,,,,,,,,,,,,,,,,,,,,,,,,,,,,,,,,0.0,0.0,,,,,,,,,,,4157127.0,,,,,,,,,,,,,,,,,,,,,,
AGO,Angola,1946,,,,0.0,,0.0,,,,,,,,,,,,,,,,,,,,,,,,,,,,,,,,,,,,,,,,,,,,,,,,,,,,0.0,0.0,,,,,,,,,,,,,,,,,,,,,,,,,,,,,,,,0.0,0.0,,,,,,,,,,,4231956.0,,,,,,,,,,,,,,,,,,,,,,
AGO,Angola,1947,,,,0.0,,0.0,,,,,,,,,,,,,,,,,,,,,,,,,,,,,,,,,,,,,,,,,,,,,,,,,,,,0.0,0.0,,,,,,,,,,,,,,,,,,,,,,,,,,,,,,,,0.0,0.0,,,,,,,,,,,4308131.0,,,,,,,,,,,,,,,,,,,,,,
AGO,Angola,1948,,,,0.0,,0.0,,,,,,,,,,,,,,,,,,,,,,,,,,,,,,,,,,,,,,,,,,,,,,,,,,,,0.0,0.0,,,,,,,,,,,,,,,,,,,,,,,,,,,,,,,,0.0,0.0,,,,,,,,,,,4385677.0,,,,,,,,,,,,,,,,,,,,,,
AGO,Angola,1949,,,,0.0,,0.0,,,,,,,,,,,,,,,,,,,,,,,,,,,,,,,,,,,,,,,,,,,,,,,,,,,,0.0,0.0,,,,,,,,,,,,,,,,,,,,,,,,,,,,,,,,0.0,0.0,,,,,,,,,,,4465620.0,,,,,,,,,,,,,,,,,,,,,,
AGO,Angola,1950,,,,0.0,,0.0,,,,,,,,,,,,,,,,,,,,,,,,,,,,,,,,,,,,,,,,,,,,6905243709.0,,,,,,,,0.0,0.0,,,,,,,,,,,,,,,,,,,,,,,,,,,,,,,,0.0,0.0,,,,,,,,,,,4548021.0,,,,,,,,,,,,,,,,,,,,,,
AGO,Angola,1951,,,,0.0,,0.0,,,,,,,,,,,,,,,,,,,,,,,,,,,,,,,,,,,,,,,,,,,,7156857925.0,,,,,,,,0.0,0.0,,,,,,,,,,,,,,,,,,,,,,,,,,,,,,,,0.0,0.0,,,,,,,,,,,4616552.0,,,,,,,,,,,,,,,,,,,,,,
AGO,Angola,1952,,,,0.0,,0.0,,,,,,,,,,,,,,,,,,,,,,,,,,,,,,,,,,,,,,,,,,,,7427326725.0,,,,,,,,0.0,0.0,,,,,,,,,,,,,,,,,,,,,,,,,,,,,,,,0.0,0.0,,,,,,,,,,,4713160.0,,,,,,,,,,,,,,,,,,,,,,
AGO,Angola,1953,,,,0.0,,0.0,,,,,,,,,,,,,,,,,,,,,,,,,,,,,,,,,,,,,,,,,,,,7707442800.0,,,,,,,,0.0,0.0,,,,,,,,,,,,,,,,,,,,,,,,,,,,,,,,0.0,0.0,,,,,,,,,,,4823330.0,,,,,,,,,,,,,,,,,,,,,,
AGO,Angola,1954,,,,0.0,,0.0,,,,,,,,,,,,,,,,,,,,,,,,,,,,,,,,,,,,,,,,,,,,7494946440.0,,,,,,,,0.0,0.0,,,,,,,,,,,,,,,,,,,,,,,,,,,,,,,,0.0,0.0,,,,,,,,,,,4935956.0,,,,,,,,,,,,,,,,,,,,,,
AGO,Angola,1955,,,,0.0,,0.0,,,,,,,,,,,,,,,,,,,,,,,,,,,,,,,,,,,,,,,,,,,,8094498090.0,,,,,,,,0.0,0.0,,,,,,,,,,,,,,,,,,,,,,,,,,,,,,,,0.0,0.0,,,,,,,,,,,5043251.0,,,,,,,,,,,,,,,,,,,,,,
AGO,Angola,1956,,,,0.0,,0.093,,,,,,,,,,,,,,,,,,,,,,,,,,,,,,,,,,,,,,,,,,,,7944564848.0,,,,,,,,0.0,0.0,,,,,,,,,,,,,,,,,,,,,,,,,,,,,,,,0.093,18.098,,,,,,,,,,,5140910.0,,,,,,,,,,,,,,,,,,,,,,
AGO,Angola,1957,,,,0.0,25.0,0.023,,,,,,,,,,,,,,,,,,,,,,,,,,,,,,,,,,,,,,,,,,,,8703076788.0,,,,,,,,0.0,0.0,,,,,,,,,,,,,,,,,,,,,,,,,,,,,,,,0.116,22.246,,,,,,,,,,,5228005.0,,,,,,,,,,,,,,,,,,,,,,
AGO,Angola,1958,,,,0.0,410.0,0.477,,,,,,,,,,,,,,,,,,,,,,,,,,,,,,,,,,,,,,,,,,,,9169780530.0,,,,,,,,0.0,0.0,,,,,,,,,,,,,,,,,,,,,,,,,,,,,,,,0.593,111.774,,,,,,,,,,,5306538.0,,,,,,,,,,,,,,,,,,,,,,
AGO,Angola,1959,,,,0.0,0.0,0.0,,,,,,,,,,,,,,,,,,,,,,,,,,,,,,,,,,,,,,,,,,,,9207762228.0,,,,,,,,0.0,0.0,,,,,,,,,,,,,,,,,,,,,,,,,,,,,,,,0.593,110.233,,,,,,,,,,,5380718.0,,,,,,,,,,,,,,,,,,,,,,
AGO,Angola,1960,,,,0.0,31.373,0.186,,,,,,,,,,,,,,,,,,,,,,,,,,,,,,,,,,,,,,,,,,,,9580295968.0,,,,,,,,0.0,0.0,,,,,,,,,,,,,,,,,,,,,,,,,,,,,,,,0.779,142.845,,,,,,,,,,,5454938.0,,,,,,,,,,,,,,,,,,,,,,
AGO,Angola,1961,,,,0.0,55.224,0.43,,,,,,,,,,,,,,,,,,,,,,,,,,,,,,,,,,,,,,,,,,,,10574288025.0,,,,,,,,0.0,0.0,,,,,,,,,,,,,,,,,,,,,,,,,,,,,,,,1.21,218.663,,,,,,,,,,,5531451.0,,,,,,,,,,,,,,,,,,,,,,
AGO,Angola,1962,,,,0.0,352.885,4.268,,,,,,,,,,,,,,,,,,,,,,,,,,,,,,,,,,,,,,,,,,,,10269759920.0,,,,,,,,0.0,0.0,,,,,,,,,,,,,,,,,,,,,,,,,,,,,,,,5.478,976.685,,,,,,,,,,,5608499.0,,,,,,,,,,,,,,,,,,,,,,
AGO,Angola,1963,,,,0.0,69.851,3.826,,,,,,,,,,,,,,,,,,,,,,,,,,,,,,,,,,,,,,,,,,,,10823089200.0,,,,,,,,0.0,0.0,,,,,,,,,,,,,,,,,,,,,,,,,,,,,,,,9.304,1638.2,,,,,,,,,,,5679409.0,,,,,,,,,,,,,,,,,,,,,,
AGO,Angola,1964,,,,0.0,13.125,1.221,,,,,,,,,,,,,,,,,,,,,,,,,,,,,,,,,,,,,,,,,,,,12097687908.0,,,,,,,,0.0,0.0,,,,,,,,,,,,,,,,,,,,,,,,,,,,,,,,10.525,1835.252,,,,,,,,,,,5734995.0,,,,,,,,,,,,,,,,,,,,,,
AGO,Angola,1965,,,,0.0,-27.624,-2.908,,,,,,,,,,,,,,,,,,,,,,,,,,,,,,,,,,,,,,,,,,,,13062976992.0,,,,,,,,0.0,0.0,,,,,,,,,,,,,,,,,,,,,,,,,,,,,,,,7.618,1320.086,,,,,,,,,,,5770573.0,,,,,,,,,,,,,,,,,,,,,,
AGO,Angola,1966,,,,0.0,-3.664,-0.279,,,,,,,,,,,,,,,,,,,,,,,,,,,,,,,,,,,,,,,,,,,,13762507500.0,,,,,,,,0.0,0.0,,,,,,,,,,,,,,,,,,,,,,,,,,,,,,,,7.339,1269.355,,,,,,,,,,,5781305.0,,,,,,,,,,,,,,,,,,,,,,
AGO,Angola,1967,,,,0.0,-14.897,-1.093,,,,,,,,,,,,,,,,,,,,,,,,,,,,,,,,,,,,,,,,,,,,14446282157.0,,,,,,,,0.0,0.0,,,,,,,,,,,,,,,,,,,,,,,,,,,,,,,,6.245,1081.544,,,,,,,,,,,5774440.0,,,,,,,,,,,,,,,,,,,,,,
AGO,Angola,1968,,,,0.0,39.665,2.477,,,,,,,,,,,,,,,,,,,,,,,,,,,,,,,,,,,,,,,,,,,,14258773360.0,,,,,,,,0.0,0.0,,,,,,,,,,,,,,,,,,,,,,,,,,,,,,,,8.722,1511.182,,,,,,,,,,,5771973.0,,,,,,,,,,,,,,,,,,,,,,
AGO,Angola,1969,,,,0.0,227.733,19.864,,,,,,,,,,,,,,,,,,,,,,,,,,,,,,,,,,,,,,,,,,,,14746072495.0,,,,,,,,0.0,0.0,,,,,,,,,,,,,,,,,,,,,,,,,,,,,,,,28.587,4925.591,,,,,,,,,,,5803677.0,,,,,,,,,,,,,,,,,,,,,,
AGO,Angola,1970,,,,0.518,106.062,30.319,,,,,,,,,,,,,,,,,,,,,,,,,,,,,,,,,,,,,,,,,,,,15796654068.0,,,,,,,,0.518,87.917,,,,,,,,,,,,,,,,,,,,,,,,,,,,,,,,58.906,10000.399,,,,,,,,,,,5890360.0,,,,,,,,,,,,,,,,,,,,,,
AGO,Angola,1971,,,0.0,0.0,12.952,7.629,,,,,,,,,,,,,,,,,,,,,,,,,,,,,,,,,,,,,,,,,,,,15843643578.0,,,,,,,,0.518,85.721,,,,,,,,,,,,,,,,,,,,,,,,,,,,,,,,66.535,11013.507,,,,,,,,,,,6041239.0,,,,,,,,,,,,,,,,,,,,,,
AGO,Angola,1972,,,32.558,0.169,23.353,15.538,,,,,,,,,,,,,,,,,,,,,,,,,,,,,,,,,,,,,,,,,,,,16088033548.0,,,,,,,,0.686,109.853,,,,,,,,,,,,,,,,,,,,,,,,,,,,,,,,82.073,13133.841,,,,,,,,,,,6248965.0,,,,,,,,,,,,,,,,,,,,,,
AGO,Angola,1973,,,14.035,0.096,15.842,13.002,,,,,,,,,,,,,,,,,,,,,,,,,,,,,,,,,,,,,,,,,,,,17187187276.0,,,,,,,,0.783,120.483,,,,,,,,,,,,,,,,,,,,,,,,,,,,,,,,95.075,14633.078,,,,,,,,,,,6497283.0,,,,,,,,,,,,,,,,,,,,,,
AGO,Angola,1974,,,4.615,0.036,4.477,4.257,,,,,,,,,,,,,,,,,,,,,,,,,,,,,,,,,,,,,,,,,,,,16327890684.0,,,,,,,,0.819,121.116,,,,,,,,,,,,,,,,,,,,,,,,,,,,,,,,99.332,14690.531,,,,,,,,,,,6761623.0,,,,,,,,,,,,,,,,,,,,,,
AGO,Angola,1975,,,-4.412,-0.036,-8.781,-8.722,,,,,,,,,,,,,,,,,,,,,,,,,,,,,,,,,,,,,,,,,,,,10064128050.0,,,,,,,,0.783,111.448,,,,,,,,,,,,,,,,,,,,,,,,,,,,,,,,90.609,12899.973,,,,,,,,,,,7023994.0,,,,,,,,,,,,,,,,,,,,,,
AGO,Angola,1976,,,-12.308,-0.096,-2.914,-2.64,,,,,,,,,,,,,,,,,,,,,,,,,,,,,,,,,,,,,,,,,,,,9040011786.0,,,,,,,,0.686,94.3,,,,,,,,,,,,,,,,,,,,,,,,,,,,,,,,87.969,12084.312,,,,,,,,,,,7279630.0,,,,,,,,,,,,,,,,,,,,,,
AGO,Angola,1977,,,24.561,0.169,-6.637,-5.838,,,,,,,,,,,,,,,,,,,,,,,,,,,,,,,,,,,,,,,,,,,,9245571000.0,,,,,,,,0.855,113.498,,,,,,,,,,,,,,,,,,,,,,,,,,,,,,,,82.131,10901.658,,,,,,,,,,,7533814.0,,,,,,,,,,,,,,,,,,,,,,
AGO,Angola,1978,,,0.0,0.0,-8.397,-6.897,,,,,,,,,,,,,,,,,,,,,,,,,,,,,,,,,,,,,,,,,,,,9619385400.0,,,,,,,,0.855,109.754,,,,,,,,,,,,,,,,,,,,,,,,,,,,,,,,75.234,9656.867,,,,,,,,,,,7790774.0,,,,,,,,,,,,,,,,,,,,,,
AGO,Angola,1979,,,0.0,0.0,11.3,8.502,,,,,,,,,,,,,,,,,,,,,,,,,,,,,,,,,,,,,,,,,,,,9853037742.0,,,,,,,,0.855,106.113,,,,,,,,,,,,,,,,,,,,,,,,,,,,,,,,83.736,10391.516,,,,,,,,,,,8058112.0,,,,,,,,,,,,,,,,,,,,,,
AGO,Angola,1980,,,230.438,1.97,3.167,2.652,,,,,,,,,,,,,,,,,,0.0,0.0,,,,,,,,,,,,,,,,1.656,2050.694,,,,,,,,10330398560.0,,,,,,,,2.825,338.735,,,,,,,,,,,,,,,,,,,,,,,,,,,,,,,,86.388,10356.628,,,,,,,,,,,8341290.0,17.105,,,,,,,,,,,,,,,,,,,,,
AGO,Angola,1981,,0.0,-4.348,-0.123,-3.635,-3.14,-0.861,-0.147,,,,,,,,,,,,,,,,0.0,0.0,,,,,,,,,,,,,,,,1.676,1962.643,,,,,,,,10119853354.0,,,,,,,,2.703,312.788,,,,,,,,,,,,,,,,,,,,,,,,,,,,,,,,83.248,9634.599,,,,,,,,,,,8640478.0,16.958,,,,,,,,,,,,,,,,,,,,,
AGO,Angola,1982,,0.0,13.636,0.369,-10.45,-8.699,7.162,1.215,,,,,,,,,,,,,,,,0.0,0.0,,,,,,,,,,,,,,,,1.884,2029.798,,,,,,,,9643454724.0,,,,,,,,3.071,343.034,,,,,,,,,,,,,,,,,,,,,,,,,,,,,,,,74.548,8326.655,,,,,,,,,,,8952971.0,18.173,,,,,,,,,,,,,,,,,,,,,
AGO,Angola,1983,,0.0,20.0,0.614,37.129,27.679,6.917,1.257,,,,,,,,,,,,,,,,0.0,0.0,,,,,,,,,,,,,,,,2.083,2094.149,,,,,,,,9325809080.0,,,,,,,,3.685,397.216,,,,,,,,,,,,,,,,,,,,,,,,,,,,,,,,102.228,11018.167,,,,,,,,,,,9278104.0,19.43,,,,,,,,,,,,,,,,,,,,,
AGO,Angola,1984,,0.0,0.0,0.0,14.608,14.933,-9.657,-1.876,,,,,,,,,,,,,,,,0.0,0.0,,,,,,,,,,,,,,,,1.873,1825.673,,,,,,,,9370042032.0,,,,,,,,3.685,383.308,,,,,,,,,,,,,,,,,,,,,,,,,,,,,,,,117.161,12185.501,,,,,,,,,,,9614756.0,17.553,,,,,,,,,,,,,,,,,,,,,
AGO,Angola,1985,,0.0,8.333,0.307,13.679,16.026,23.161,4.065,,,,,,,,,,,,,,,,0.0,0.0,,,,,,,,,,,,,,,,2.295,2170.136,,,,,,,,9420208578.0,,,,,,,,3.993,400.776,,,,,,,,,,,,,,,,,,,,,,,,,,,,,,,,133.187,13369.489,,,,,,,,,,,9961993.0,21.619,,,,,,,,,,,,,,,,,,,,,
AGO,Angola,1986,,0.0,7.692,0.307,21.603,28.773,-1.238,-0.268,,,,,,,,,,,,,,,,0.0,0.0,,,,,,,,,,,,,,,,2.491,2068.89,,,,,,,,8569986992.0,,,,,,,,4.3,416.628,,,,,,,,,,,,,,,,,,,,,,,,,,,,,,,,161.959,15693.562,,,,,,,,,,,10320116.0,21.351,,,,,,,,,,,,,,,,,,,,,
AGO,Angola,1987,,0.0,14.286,0.614,25.707,41.635,3.133,0.669,,,,,,,,,,,,,,,,0.0,0.0,,,,,,,,,,,,,,,,2.308,2060.017,,,,,,,,9540737556.0,,,,,,,,4.914,459.703,,,,,,,,,,,,,,,,,,,,,,,,,,,,,,,,203.595,19046.691,,,,,,,,,,,10689247.0,22.02,,,,,,,,,,,,,,,,,,,,,
AGO,Angola,1988,,0.0,12.5,0.614,27.499,55.987,3.141,0.692,,,,,,,,,,,,,,,,0.0,0.0,,,,,,,,,,,,,,,,2.081,2051.998,,,,,,,,10911810400.0,,,,,,,,5.528,499.466,,,,,,,,,,,,,,,,,,,,,,,,,,,,,,,,259.582,23453.235,,,,,,,,,,,11068051.0,22.712,,,,,,,,,,,,,,,,,,,,,
AGO,Angola,1989,,0.0,-16.667,-0.921,1.443,3.745,-3.241,-0.736,,,,,,,,,,,,,,,,0.0,0.0,,,,,,,,,,,,,,,,1.982,1918.454,,,,,,,,11089227840.0,,,,,,,,4.607,402.17,,,,,,,,,,,,,,,,,,,,,,,,,,,,,,,,263.326,22988.339,,,,,,,,,,,11454784.0,21.975,,,,,,,,,,,,,,,,,,,,,
AGO,Angola,1990,,0.0,26.661,1.228,3.259,8.583,6.168,1.356,,,,,,,,,,,,,,,,0.0,0.0,,,,,,,,,,,,,,,,2.032,1969.128,,,,,,,,11482502704.0,,,,,,,,5.835,492.469,,,,,,,,,,,,,,,,,,,,,,,,,,,,,,,,271.909,22949.069,,,,,,,,,,,11848385.0,23.331,,,,,,,,,,,,,,,,,,,,,
AGO,Angola,1991,,0.0,5.268,0.307,4.85,13.188,4.814,1.123,,,,,,,,,,,,,,,,0.0,0.0,,,,,,,,,,,,,,,,1.982,1996.438,,,,,,,,12341160756.0,,,,,,,,6.142,501.462,,,,,,,,,,,,,,,,,,,,,,,,,,,,,,,,285.098,23275.38,,,,,,,,,,,12248901.0,24.454,,,,,,,,,,,,,,,,,,,,,
AGO,Angola,1992,,0.0,0.648,0.04,10.765,30.692,1.471,0.36,,,,,,,,,,,,,,,,0.0,0.0,,,,,,,,,,,,,,,,2.007,1960.425,,,,,,,,12363426492.0,,,,,,,,6.182,488.423,,,,,,,,,,,,,,,,,,,,,,,,,,,,,,,,315.789,24949.07,,,,,,,,,,,12657361.0,24.814,,,,,,,,,,,,,,,,,,,,,
AGO,Angola,1993,,0.0,-1.754,-0.108,-8.629,-27.249,-1.825,-0.453,,,,,,,,,,,,,,,,0.0,0.0,,,,,,,,,,,,,,,,2.44,1863.167,,,,,,,,9985482141.0,,,,,,,,6.074,464.525,,,,,,,,,,,,,,,,,,,,,,,,,,,,,,,,288.54,22068.018,,,,,,,,,,,13075044.0,24.361,,,,,,,,,,,,,,,,,,,,,
AGO,Angola,1994,,0.0,-7.162,-0.435,10.536,30.401,-2.432,-0.592,,,,,,,,,,,,,,,,0.0,0.0,,,,,,,,,,,,,,,,2.209,1760.148,,,,,,,,10760810637.0,,,,,,,,5.639,417.564,,,,,,,,,,,,,,,,,,,,,,,,,,,,,,,,318.941,23618.702,,,,,,,,,,,13503753.0,23.769,,,,,,,,,,,,,,,,,,,,,
AGO,Angola,1995,,0.0,7.715,0.435,13.671,43.601,7.266,1.727,,,,,,,,,,,,,,,,0.0,0.0,,,,,,,,,,,,,,,,1.94,1828.268,,,,,,,,13143744291.0,,,,,,,,6.074,435.539,,,,,,,,,,,,,,,,,,,,,,,,,,,,,,,,362.542,25997.609,,,,,,,,,,,13945205.0,25.496,,,,,,,,,,,,,,,,,,,,,
AGO,Angola,1996,,0.0,0.0,0.0,13.444,48.741,-3.889,-0.991,,,,,,,,,,,,,,,,0.0,0.0,,,,,,,,,,,,,,,,1.549,1701.594,,,,,,,,15819794260.0,,,,,,,,6.074,421.762,,,,,,,,,,,,,,,,,,,,,,,,,,,,,,,,411.283,28559.91,,,,,,,,,,,14400722.0,24.504,,,,,,,,,,,,,,,,,,,,,
AGO,Angola,1997,,0.0,1.786,0.108,3.212,13.212,12.325,3.02,,,,,,,,,,,,,,,,0.0,0.0,,,,,,,,,,,,,,,,1.531,1850.793,,,,,,,,17972223855.0,,,,,,,,6.182,415.702,,,,,,,,,,,,,,,,,,,,,,,,,,,,,,,,424.495,28544.057,,,,,,,,,,,14871572.0,27.524,,,,,,,,,,,,,,,,,,,,,
AGO,Angola,1998,,0.0,1.754,0.108,-1.37,-5.815,-9.997,-2.752,,,,,,,,,,,,,,,,0.0,0.0,,,,,,,,,,,,,,,,1.245,1612.843,,,,,,,,19904957168.0,,,,,,,,6.291,409.555,,,,,,,,,,,,,,,,,,,,,,,,,,,,,,,,418.68,27258.522,,,,,,,,,,,15359600.0,24.773,,,,,,,,,,,,,,,,,,,,,
AGO,Angola,1999,,0.0,-3.448,-0.217,1.944,8.141,11.619,2.878,,,,,,,,,,,,,,,,0.0,0.0,,,,,,,,,,,,,,,,1.284,1742.681,,,,,,,,21527383115.0,,,,,,,,6.074,382.79,,,,,,,,,,,,,,,,,,,,,,,,,,,,,,,,426.821,26900.137,,,,,,,,,,,15866871.0,27.651,,,,,,,,,,,,,,,,,,,,,
AGO,Angola,2000,,0.0,1.786,0.108,0.409,1.744,17.349,4.797,0.0,0.0,,,,,,264.286,0.0,,,,,0.0,,0.0,0.0,1.4,0.0,0.0,0.5,0.0,0.9,0.0,0.5,0.0,0.0,0.9,0.0,0.0,1.4,0.37,1.38,1979.086,,,,,,30.496,35.714,23512020960.0,0.0,,,,,0.0,,6.182,377.064,64.286,,,,,54.893,,64.286,0.9,54.893,,,,,,0.0,0.0,0.0,,,,,0.0,,35.714,,,,,30.496,,428.566,26139.252,0.0,0.0,,,,,0.0,0.0,,85.389,16395477.0,32.448,54.893,64.286,,,,,,0.0,,,,,0.0,,0.0,,,,,0.0,
AGO,Angola,2001,,0.0,-7.018,-0.434,-0.814,-3.489,8.586,2.786,0.0,0.0,,,,,,270.44,0.0,,,,,0.0,,0.0,0.0,1.59,0.0,0.0,0.58,0.0,1.01,0.0,0.58,0.0,0.0,1.01,0.0,0.0,1.59,0.43,1.354,2079.22,,,,,,34.227,36.478,26014777178.0,0.0,,,,,0.0,,5.748,339.218,63.522,,,,,59.602,,63.522,1.01,59.602,,,,,,0.0,0.0,0.0,,,,,0.0,,36.478,,,,,34.227,,425.076,25084.543,0.0,0.0,,,,,0.0,0.0,,93.829,16945754.0,35.234,59.602,63.522,,,,,,0.0,,,,,0.0,,0.0,,,,,0.0,
AGO,Angola,2002,,0.0,16.981,0.976,22.025,93.622,6.563,2.312,0.0,0.0,,,,,,257.31,0.0,,,,,0.0,,0.0,0.0,1.71,0.0,0.0,0.58,0.0,1.13,0.0,0.58,0.0,0.0,1.13,0.0,0.0,1.71,0.44,1.196,2143.127,,,,,,33.106,33.918,31389600498.0,0.0,,,,,0.0,,6.724,383.828,66.082,,,,,64.5,,66.082,1.13,64.5,,,,,,0.0,0.0,0.0,,,,,0.0,,33.918,,,,,33.106,,518.698,29607.034,0.0,0.0,,,,,0.0,0.0,,97.606,17519418.0,37.546,64.5,66.082,,,,,,0.0,,,,,0.0,,0.0,,,,,0.0,
AGO,Angola,2003,,0.0,4.839,0.325,-3.962,-20.553,10.972,4.12,0.0,0.0,,,,,,273.196,0.0,,,,,0.0,,0.0,0.0,1.94,0.0,0.0,0.71,0.0,1.23,0.0,0.71,0.0,0.0,1.23,0.0,0.0,1.94,0.53,1.188,2299.266,,,,,,39.18,36.598,35081185294.0,0.0,,,,,0.0,,7.05,389.031,63.402,,,,,67.875,,63.402,1.23,67.875,,,,,,0.0,0.0,0.0,,,,,0.0,,36.598,,,,,39.18,,498.145,27489.187,0.0,0.0,,,,,0.0,0.0,,107.055,18121476.0,41.666,67.875,63.402,,,,,,0.0,,,,,0.0,,0.0,,,,,0.0,
AGO,Angola,2004,,0.0,15.385,1.085,27.433,136.655,10.586,4.411,0.0,0.0,,,,,,165.138,0.0,,,,,0.0,,0.0,0.0,2.18,0.0,0.0,0.45,0.0,1.73,0.0,0.45,0.0,0.0,1.73,0.0,0.0,2.18,0.36,1.115,2456.37,,,,,,23.99,20.642,41307007339.0,0.0,,,,,0.0,,8.134,433.646,79.358,,,,,92.227,,79.358,1.73,92.227,,,,,,0.0,0.0,0.0,,,,,0.0,,20.642,,,,,23.99,,634.8,33841.312,0.0,0.0,,,,,0.0,0.0,,116.216,18758138.0,46.077,92.227,79.358,,,,,,0.0,,,,,0.0,,0.0,,,,,0.0,
AGO,Angola,2005,,0.0,-13.333,-1.085,14.384,91.312,-14.86,-6.847,0.0,0.0,,,,,,153.846,0.0,,,,,0.0,,0.0,0.0,2.73,0.0,0.0,0.53,0.0,2.2,0.0,0.53,0.0,0.0,2.2,0.0,0.0,2.73,0.42,0.755,2018.653,,,,,,27.272,19.414,51967275066.0,0.0,,,,,0.0,,7.05,362.764,80.586,,,,,113.206,,80.586,2.2,113.206,,,,,,0.0,0.0,0.0,,,,,0.0,,19.414,,,,,27.272,,726.112,37363.715,0.0,0.0,,,,,0.0,0.0,,140.478,19433604.0,39.23,113.206,80.586,,,,,,0.0,,,,,0.0,,0.0,,,,,0.0,
AGO,Angola,2006,,0.0,4.615,0.325,10.002,72.624,26.086,10.233,0.0,0.0,,,,,,148.148,0.0,,,,,0.0,,0.0,0.0,3.24,0.0,0.0,0.6,0.0,2.64,0.0,0.6,0.0,0.0,2.64,0.0,0.0,3.24,0.48,0.741,2454.761,,,,,,29.777,18.519,66748909511.0,0.0,,,,,0.0,,7.375,366.016,81.481,,,,,131.018,,81.481,2.64,131.018,,,,,,0.0,0.0,0.0,,,,,0.0,,18.519,,,,,29.777,,798.735,39639.652,0.0,0.0,,,,,0.0,0.0,,160.795,20149904.0,49.463,131.018,81.481,,,,,,0.0,,,,,0.0,,0.0,,,,,0.0,
AGO,Angola,2007,,0.0,22.059,1.627,18.209,145.439,14.943,7.392,0.0,0.0,,,,,,171.429,0.0,,,,,0.0,,0.0,0.0,3.15,0.0,0.0,0.68,0.0,2.47,0.0,0.68,0.0,0.0,2.47,0.0,0.0,3.15,0.54,0.653,2719.624,,,,,,32.528,21.587,87085292457.0,0.0,,,,,0.0,,9.002,430.61,78.413,,,,,118.152,,78.413,2.47,118.152,,,,,,0.0,0.0,0.0,,,,,0.0,,21.587,,,,,32.528,,944.174,45164.199,0.0,0.0,,,,,0.0,0.0,,150.679,20905360.0,56.855,118.152,78.413,,,,,,0.0,,,,,0.0,,0.0,,,,,0.0,
AGO,Angola,2008,,0.0,-18.072,-1.627,13.68,129.166,17.206,9.782,0.0,0.0,,,,,,182.266,0.0,,,,,0.0,,0.0,0.0,4.06,0.0,0.0,0.96,0.0,3.1,0.0,0.96,0.0,0.0,3.1,0.0,0.0,4.06,0.74,0.631,3071.442,,,,,,44.249,23.645,105591654302.0,0.0,,,,,0.0,,7.375,339.939,76.355,,,,,142.886,,76.355,3.1,142.886,,,,,,0.0,0.0,0.0,,,,,0.0,,23.645,,,,,44.249,,1073.34,49472.612,0.0,0.0,,,,,0.0,0.0,,187.134,21695636.0,66.637,142.886,76.355,,,,,,0.0,,,,,0.0,,0.0,,,,,0.0,
AGO,Angola,2009,,0.0,1.471,0.108,-6.776,-72.732,13.788,9.188,0.0,0.0,,,,,,250.0,0.0,,,,,0.0,,0.0,0.0,4.6,0.0,0.0,1.54,0.0,3.06,0.0,1.54,0.0,0.0,3.06,0.0,0.0,4.6,1.15,0.658,3367.848,,,,,,68.401,33.478,115245903633.0,0.0,,,,,0.0,,7.484,332.396,66.522,,,,,135.914,,66.522,3.06,135.914,,,,,,0.0,0.0,0.0,,,,,0.0,,33.478,,,,,68.401,,1000.608,44443.274,0.0,0.0,,,,,0.0,0.0,,204.315,22514276.0,75.825,135.914,66.522,,,,,,0.0,,,,,0.0,,0.0,,,,,0.0,
AGO,Angola,2010,,0.0,6.377,0.477,3.361,33.63,9.699,7.354,0.0,0.0,,,,,,233.083,0.0,,,,,0.0,,0.0,0.0,5.32,0.0,0.0,1.64,0.0,3.67,0.0,1.64,0.0,0.0,3.68,0.01,0.0,5.32,1.24,0.655,3561.306,,,,,,70.217,30.827,126981788094.0,0.0,,,,,0.0,,7.961,340.845,68.985,,,,,157.131,,69.173,3.68,157.56,,,,,,0.0,0.0,0.0,,,,,0.0,,30.827,,,,,70.217,,1034.238,44281.014,0.0,0.0,,,,,0.0,0.0,,227.776,23356246.0,83.179,157.56,69.173,,,,,,0.188,,,,,0.428,,0.0,,,,,0.0,
AGO,Angola,2011,,0.0,2.452,0.195,-7.755,-80.209,4.833,4.02,0.0,0.0,,,,,,215.19,0.0,,,,,0.0,,0.0,0.0,5.53,0.0,0.0,1.55,0.0,3.97,0.0,1.55,0.0,0.0,3.98,0.01,0.0,5.53,1.19,0.621,3600.198,,,,,,63.995,28.029,140474320906.0,0.0,,,,,0.0,,8.156,336.741,71.79,,,,,163.91,,71.971,3.98,164.323,,,,,,0.0,0.0,0.0,,,,,0.0,,28.029,,,,,63.995,,954.029,39389.07,0.0,0.0,,,,,0.0,0.0,,228.317,24220660.0,87.199,164.323,71.971,,,,,,0.181,,,,,0.413,,0.0,,,,,0.0,
AGO,Angola,2012,,0.0,1.064,0.087,3.979,37.962,4.438,3.87,0.0,0.0,,,,,,280.265,0.0,,,,,0.0,,0.0,0.0,6.03,0.0,0.0,2.29,0.0,3.73,0.0,2.29,0.0,0.0,3.74,0.01,0.0,6.03,1.69,0.611,3627.098,,,,,,91.206,37.977,149070694581.0,0.0,,,,,0.0,,8.243,328.297,61.857,,,,,148.559,,62.023,3.74,148.957,,,,,,0.0,0.0,0.0,,,,,0.0,,37.977,,,,,91.206,,991.991,39509.07,0.0,0.0,,,,,0.0,0.0,,240.163,25107926.0,91.069,148.957,62.023,,,,,,0.166,,,,,0.398,,0.0,,,,,0.0,
AGO,Angola,2013,,0.0,21.711,1.79,-0.105,-1.046,11.914,10.85,0.0,0.0,,,,,,298.62,0.0,,,,,0.0,,0.0,0.0,7.97,0.0,0.0,3.24,0.0,4.72,0.0,3.24,0.0,0.0,4.73,0.01,0.0,7.97,2.38,0.634,3917.574,,,,,,124.54,40.652,160861181910.0,0.0,,,,,0.0,,10.032,385.628,59.222,,,,,181.428,,59.348,4.73,181.813,,,,,,0.0,0.0,0.0,,,,,0.0,,40.652,,,,,124.54,,990.945,38090.137,0.0,0.0,,,,,0.0,0.0,,306.352,26015786.0,101.919,181.813,59.348,,,,,,0.125,,,,,0.384,,0.0,,,,,0.0,
AGO,Angola,2014,,0.0,-20.973,-2.104,-2.263,-22.429,10.065,10.258,12.364,42.313,,,,,,274.403,0.0,,,,,0.0,,0.0,0.0,9.22,1.14,0.0,3.07,0.0,4.99,0.0,3.07,0.0,1.14,6.15,0.02,0.0,9.22,2.53,0.659,4163.682,,,,,,113.949,33.297,170193270057.0,0.0,,,,,0.0,,7.928,294.276,54.121,,,,,185.214,,66.703,6.15,228.27,,,,,,0.0,0.0,0.0,,,,,0.0,,33.297,,,,,113.949,,968.516,35948.498,0.0,42.313,,,,,0.0,12.364,,342.219,26941774.0,112.177,228.27,66.703,,,,,,0.217,,,,,0.742,,0.0,,,,,0.0,
AGO,Angola,2015,,0.0,5.746,0.456,5.866,56.815,4.299,4.822,12.352,41.242,,,,,,273.899,0.0,,,,,0.0,,0.0,0.0,9.31,1.15,0.0,3.1,0.0,5.04,0.0,3.1,0.0,1.15,6.21,0.02,0.0,9.31,2.55,0.662,4195.878,,,,,,111.173,33.298,176848738270.0,0.0,,,,,0.0,,8.384,300.665,54.135,,,,,180.746,,66.702,6.21,222.705,,,,,,0.0,0.0,0.0,,,,,0.0,,33.298,,,,,111.173,,1025.332,36770.827,0.0,41.242,,,,,0.0,12.352,,333.879,27884380.0,116.999,222.705,66.702,,,,,,0.215,,,,,0.717,,0.0,,,,,0.0,
AGO,Angola,2016,,0.0,121.603,10.195,-2.716,-27.849,-8.759,-10.248,11.753,41.605,,,,,,262.488,0.0,,,,,0.0,,0.0,0.0,10.21,1.2,0.0,3.23,0.0,5.76,0.0,3.23,0.0,1.2,6.98,0.02,0.0,10.21,2.68,0.599,3701.193,,,,,,111.988,31.636,178333874549.0,0.0,,,,,0.0,,18.579,644.15,56.415,,,,,199.705,,68.364,6.98,242.004,,,,,,0.0,0.0,0.0,,,,,0.0,,31.636,,,,,111.988,,997.482,34583.787,0.0,41.605,,,,,0.0,11.753,,353.992,28842482.0,106.752,242.004,68.364,,,,,,0.196,,,,,0.693,,0.0,,,,,0.0,
AGO,Angola,2017,,,0.0,,-4.854,-48.417,-4.61,-4.921,1.593,5.701,,,,,,163.074,0.0,,,,,0.0,,,,10.67,0.17,0.0,2.9,2.44,7.58,0.0,0.46,0.0,0.17,7.77,0.02,0.0,10.67,1.74,0.572,3415.198,,,,,,97.261,27.179,178066374505.0,22.868,,,,,81.833,,,,71.04,,,,,254.219,,72.821,7.77,260.592,,,,,,0.0,0.0,0.0,,,,,0.0,,4.311,,,,,15.428,,949.065,31829.922,0.0,5.701,,,,,0.0,1.593,,357.852,29816770.0,101.83,260.592,72.821,,,,,,0.187,,,,,0.671,,0.0,,,,,0.0,
AGO,Angola,2018,,,0.0,,-9.215,-87.452,-2.794,-2.845,1.453,5.518,,,,,,149.573,0.0,,,,,0.0,,,,11.7,0.17,0.0,2.86,2.4,8.65,0.0,0.46,0.0,0.17,8.84,0.02,0.0,11.7,1.75,0.563,3212.779,,,,,,92.828,24.444,175929578041.0,20.513,,,,,77.897,,,,73.932,,,,,280.755,,75.556,8.84,286.922,,,,,,0.0,0.0,0.0,,,,,0.0,,3.932,,,,,14.93,,861.614,27965.58,0.0,5.518,,,,,0.0,1.453,,379.749,30809788.0,98.985,286.922,75.556,,,,,,0.171,,,,,0.649,,0.0,,,,,0.0,
AGO,Angola,2019,,,0.0,,-6.77,-58.331,10.267,10.163,1.844,7.855,,,,,,185.103,0.0,,,,,0.0,,,,13.56,0.25,0.0,4.26,3.58,9.03,0.0,0.68,0.0,0.25,9.3,0.02,0.0,13.56,2.51,,3429.593,,,,,,133.856,31.416,,26.401,,,,,112.489,,,,66.593,,,,,283.737,,68.584,9.3,292.22,,,,,,0.0,0.0,0.0,,,,,0.0,,5.015,,,,,21.367,,803.283,25240.386,0.0,7.855,,,,,0.0,1.844,,426.076,31825298.0,109.148,292.22,68.584,,,,,,0.147,,,,,0.628,,0.0,,,,,0.0,
AGO,Angola,2020,,,0.0,,-6.593,-52.962,,,1.711,7.607,,,,,,173.169,0.0,,,,,0.0,,,,14.61,0.25,0.0,4.26,3.58,10.08,0.0,0.68,0.0,0.25,10.35,0.02,0.0,14.61,2.53,,,,,,,,129.616,29.158,,24.504,,,,,108.926,,,,68.994,,,,,306.697,,70.842,10.35,314.913,,,,,,0.0,0.0,0.0,,,,,0.0,,4.654,,,,,20.69,,750.32,22829.495,0.0,7.607,,,,,0.0,1.711,,444.529,32866270.0,,314.913,70.842,,,,,,0.137,,,,,0.609,,0.0,,,,,0.0,
