iso_code,country,year,coal_prod_change_pct,coal_prod_change_twh,gas_prod_change_pct,gas_prod_change_twh,oil_prod_change_pct,oil_prod_change_twh,energy_cons_change_pct,energy_cons_change_twh,biofuel_share_elec,biofuel_elec_per_capita,biofuel_cons_change_pct,biofuel_share_energy,biofuel_cons_change_twh,biofuel_consumption,biofuel_cons_per_capita,carbon_intensity_elec,coal_share_elec,coal_cons_change_pct,coal_share_energy,coal_cons_change_twh,coal_consumption,coal_elec_per_capita,coal_cons_per_capita,coal_production,coal_prod_per_capita,electricity_demand,biofuel_electricity,coal_electricity,fossil_electricity,gas_electricity,hydro_electricity,nuclear_electricity,oil_electricity,other_renewable_exc_biofuel_electricity,other_renewable_electricity,renewables_electricity,solar_electricity,wind_electricity,electricity_generation,greenhouse_gas_emissions,energy_per_gdp,energy_per_capita,fossil_cons_change_pct,fossil_share_energy,fossil_cons_change_twh,fossil_fuel_consumption,fossil_energy_per_capita,fossil_cons_per_capita,fossil_share_elec,gdp,gas_share_elec,gas_cons_change_pct,gas_share_energy,gas_cons_change_twh,gas_consumption,gas_elec_per_capita,gas_energy_per_capita,gas_production,gas_prod_per_capita,hydro_share_elec,hydro_cons_change_pct,hydro_share_energy,hydro_cons_change_twh,hydro_consumption,hydro_elec_per_capita,hydro_energy_per_capita,low_carbon_share_elec,low_carbon_electricity,low_carbon_elec_per_capita,low_carbon_cons_change_pct,low_carbon_share_energy,low_carbon_cons_change_twh,low_carbon_consumption,low_carbon_energy_per_capita,net_elec_imports_share_demand,net_elec_imports,nuclear_share_elec,nuclear_cons_change_pct,nuclear_share_energy,nuclear_cons_change_twh,nuclear_consumption,nuclear_elec_per_capita,nuclear_energy_per_capita,oil_share_elec,oil_cons_change_pct,oil_share_energy,oil_cons_change_twh,oil_consumption,oil_elec_per_capita,oil_energy_per_capita,oil_production,oil_prod_per_capita,other_renewables_elec_per_capita_exc_biofuel,other_renewables_elec_per_capita,other_renewables_cons_change_pct,other_renewables_share_energy,other_renewables_cons_change_twh,other_renewable_consumption,other_renewables_share_elec_exc_biofuel,other_renewables_share_elec,other_renewables_energy_per_capita,per_capita_electricity,population,primary_energy_consumption,renewables_elec_per_capita,renewables_share_elec,renewables_cons_change_pct,renewables_share_energy,renewables_cons_change_twh,renewables_consumption,renewables_energy_per_capita,solar_share_elec,solar_cons_change_pct,solar_share_energy,solar_cons_change_twh,solar_consumption,solar_elec_per_capita,solar_energy_per_capita,wind_share_elec,wind_cons_change_pct,wind_share_energy,wind_cons_change_twh,wind_consumption,wind_elec_per_capita,wind_energy_per_capita
ARM,Armenia,1992,,,,,,,,,,,,,,,,,,,,,,,,0.0,0.0,,,,,,,,,,,,,,,,3.661,16776.015,,,,,,,,15777785238.0,,,,,,,,0.0,0.0,,,,,,,,,,,,,,,,,,,,,,,,,,,,,,,,0.0,0.0,,,,,,,,,,,3442820.0,57.757,,,,,,,,,,,,,,,,,,,,,
ARM,Armenia,1993,,0.0,,0.0,,0.0,-23.893,-13.8,,,,,,,,,,,,,,,,0.0,0.0,,,,,,,,,,,,,,,,3.342,13070.321,,,,,,,,13153103273.0,,,,,,,,0.0,0.0,,,,,,,,,,,,,,,,,,,,,,,,,,,,,,,,0.0,0.0,,,,,,,,,,,3363111.0,43.957,,,,,,,,,,,,,,,,,,,,,
ARM,Armenia,1994,,0.0,,0.0,,0.0,-10.603,-4.661,,,,,,,,,,,,,,,,0.0,0.0,,,,,,,,,,,,,,,,2.923,11967.158,,,,,,,,13441652409.0,,,,,,,,0.0,0.0,,,,,,,,,,,,,,,,,,,,,,,,,,,,,,,,0.0,0.0,,,,,,,,,,,3283664.0,39.296,,,,,,,,,,,,,,,,,,,,,
ARM,Armenia,1995,,0.0,,0.0,,0.0,-1.911,-0.751,,,,,,,,,,,,,,,,0.0,0.0,,,,,,,,,,,,,,,,2.736,11980.378,,,,,,,,14085538893.0,,,,,,,,0.0,0.0,,,,,,,,,,,,,,,,,,,,,,,,,,,,,,,,0.0,0.0,,,,,,,,,,,3217349.0,38.545,,,,,,,,,,,,,,,,,,,,,
ARM,Armenia,1996,,0.0,,0.0,,0.0,28.01,10.796,,,,,,,,,,,,,,,,0.0,0.0,,,,,,,,,,,,,,,,3.435,15573.897,,,,,,,,14363170073.0,,,,,,,,0.0,0.0,,,,,,,,,,,,,,,,,,,,,,,,,,,,,,,,0.0,0.0,,,,,,,,,,,3168213.0,49.341,,,,,,,,,,,,,,,,,,,,,
ARM,Armenia,1997,,0.0,,0.0,,0.0,-15.725,-7.759,,,,,,,,,,,,,,,,0.0,0.0,,,,,,,,,,,,,,,,2.887,13272.018,,,,,,,,14402198321.0,,,,,,,,0.0,0.0,,,,,,,,,,,,,,,,,,,,,,,,,,,,,,,,0.0,0.0,,,,,,,,,,,3133081.0,41.582,,,,,,,,,,,,,,,,,,,,,
ARM,Armenia,1998,,0.0,,0.0,,0.0,6.273,2.608,,,,,,,,,,,,,,,,0.0,0.0,,,,,,,,,,,,,,,,2.977,14215.176,,,,,,,,14841953998.0,,,,,,,,0.0,0.0,,,,,,,,,,,,,,,,,,,,,,,,,,,,,,,,0.0,0.0,,,,,,,,,,,3108691.0,44.191,,,,,,,,,,,,,,,,,,,,,
ARM,Armenia,1999,,0.0,,0.0,,0.0,-38.195,-16.879,,,,,,,,,,,,,,,,0.0,0.0,,,,,,,,,,,,,,,,1.839,8841.605,,,,,,,,14850691138.0,,,,,,,,0.0,0.0,,,,,,,,,,,,,,,,,,,,,,,,,,,,,,,,0.0,0.0,,,,,,,,,,,3089020.0,27.312,,,,,,,,,,,,,,,,,,,,,
ARM,Armenia,2000,,0.0,,0.0,,0.0,7.549,2.062,0.0,0.0,,,,,,229.537,0.0,,,,,0.0,,0.0,0.0,5.21,0.0,0.0,2.53,2.53,1.25,1.84,0.0,0.0,0.0,1.25,0.0,0.0,5.62,1.29,1.927,9569.225,,,,,,824.212,45.018,15244832384.0,45.018,,,,,824.212,,0.0,0.0,22.242,,,,,407.22,,54.982,3.09,1006.647,,,,,,-7.869,-0.41,32.74,,,,,599.427,,0.0,,,,,0.0,,0.0,0.0,0.0,0.0,,,,,0.0,0.0,,1830.859,3069597.0,29.374,407.22,22.242,,,,,,0.0,,,,,0.0,,0.0,,,,,0.0,
ARM,Armenia,2001,,0.0,,0.0,,0.0,-1.656,-0.487,0.0,0.0,,,,,,236.984,0.0,,,,,0.0,,0.0,0.0,5.2,0.0,0.0,2.62,2.62,0.96,1.99,0.0,0.0,0.0,0.96,0.0,0.0,5.57,1.32,1.785,9469.055,,,,,,858.823,47.038,16184125852.0,47.038,,,,,858.823,,0.0,0.0,17.235,,,,,314.683,,52.962,2.95,966.996,,,,,,-7.115,-0.37,35.727,,,,,652.312,,0.0,,,,,0.0,,0.0,0.0,0.0,0.0,,,,,0.0,0.0,,1825.819,3050686.0,28.887,314.683,17.235,,,,,,0.0,,,,,0.0,,0.0,,,,,0.0,
ARM,Armenia,2002,,0.0,,0.0,,0.0,-4.21,-1.216,0.0,0.0,,,,,,153.551,0.0,,,,,0.0,,0.0,0.0,4.85,0.0,0.0,1.48,1.48,1.64,2.09,0.0,0.0,0.0,1.64,0.0,0.0,5.21,0.8,1.536,9120.343,,,,,,487.809,28.407,18018122482.0,28.407,,,,,487.809,,0.0,0.0,31.478,,,,,540.545,,71.593,3.73,1229.41,,,,,,-7.423,-0.36,40.115,,,,,688.865,,0.0,,,,,0.0,,0.0,0.0,0.0,0.0,,,,,0.0,0.0,,1717.219,3033976.0,27.671,540.545,31.478,,,,,,0.0,,,,,0.0,,0.0,,,,,0.0,
ARM,Armenia,2003,,0.0,,0.0,,0.0,9.964,2.757,0.0,0.0,,,,,,147.793,0.0,,,,,0.0,,0.0,0.0,4.93,0.0,0.0,1.43,1.43,1.96,1.82,0.0,0.0,0.0,1.96,0.0,0.0,5.21,0.77,1.527,10082.388,,,,,,473.833,27.447,19928737824.0,27.447,,,,,473.833,,0.0,0.0,37.62,,,,,649.45,,72.553,3.78,1252.511,,,,,,-5.68,-0.28,34.933,,,,,603.061,,0.0,,,,,0.0,,0.0,0.0,0.0,0.0,,,,,0.0,0.0,,1726.344,3017938.0,30.428,649.45,37.62,,,,,,0.0,,,,,0.0,,0.0,,,,,0.0,
ARM,Armenia,2004,,0.0,,0.0,,0.0,3.718,1.131,0.0,0.0,,,,,,155.932,0.0,,,,,0.0,,0.0,0.0,5.15,0.0,0.0,1.72,1.72,1.98,2.2,0.0,0.0,0.0,1.98,0.0,0.0,5.9,0.92,1.478,10517.293,,,,,,573.197,29.153,21350941058.0,29.153,,,,,573.197,,0.0,0.0,33.559,,,,,659.843,,70.847,4.18,1393.001,,,,,,-14.563,-0.75,37.288,,,,,733.159,,0.0,,,,,0.0,,0.0,0.0,0.0,0.0,,,,,0.0,0.0,,1966.198,3000715.0,31.559,659.843,33.559,,,,,,0.0,,,,,0.0,,0.0,,,,,0.0,
ARM,Armenia,2005,,0.0,,0.0,,0.0,15.842,5.0,0.0,0.0,,,,,,152.429,0.0,,,,,0.0,,0.0,0.0,5.16,0.0,0.0,1.72,1.72,1.75,2.5,0.0,0.0,0.0,1.75,0.0,0.0,5.97,0.91,1.547,12262.935,,,,,,576.937,28.811,23626534068.0,28.811,,,,,576.937,,0.0,0.0,29.313,,,,,587.0,,71.189,4.25,1425.571,,,,,,-15.698,-0.81,41.876,,,,,838.571,,0.0,,,,,0.0,,0.0,0.0,0.0,0.0,,,,,0.0,0.0,,2002.508,2981262.0,36.559,587.0,29.313,,,,,,0.0,,,,,0.0,,0.0,,,,,0.0,
ARM,Armenia,2006,,0.0,,0.0,,0.0,-0.153,-0.056,0.0,0.0,,,,,,133.452,0.0,,,,,0.0,,0.0,0.0,5.22,0.0,0.0,1.39,1.39,1.81,2.42,0.0,0.0,0.0,1.81,0.0,0.0,5.62,0.75,1.407,12339.243,,,,,,469.864,24.733,25937829089.0,24.733,,,,,469.864,,0.0,0.0,32.206,,,,,611.838,,75.267,4.23,1429.875,,,,,,-7.663,-0.4,43.06,,,,,818.037,,0.0,,,,,0.0,,0.0,0.0,0.0,0.0,,,,,0.0,0.0,,1899.739,2958301.0,36.503,611.838,32.206,,,,,,0.0,,,,,0.0,,0.0,,,,,0.0,
ARM,Armenia,2007,,0.0,,0.0,,0.0,12.214,4.458,0.0,0.0,,,,,,136.201,0.0,,,,,0.0,,0.0,0.0,5.55,0.0,0.0,1.4,1.4,1.83,2.35,0.0,0.0,0.0,1.83,0.0,0.0,5.58,0.76,1.432,13967.61,,,,,,477.39,25.09,28610387411.0,25.09,,,,,477.39,,0.0,0.0,32.796,,,,,624.016,,74.91,4.18,1425.349,,,,,,-0.541,-0.03,42.115,,,,,801.333,,0.0,,,,,0.0,,0.0,0.0,0.0,0.0,,,,,0.0,0.0,,1902.739,2932615.0,40.962,624.016,32.796,,,,,,0.0,,,,,0.0,,0.0,,,,,0.0,
ARM,Armenia,2008,,0.0,,0.0,,0.0,-3.492,-1.43,0.0,0.0,,,,,,140.768,0.0,,,,,0.0,,0.0,0.0,5.45,0.0,0.0,1.42,1.42,1.78,2.27,0.0,0.0,0.0,1.78,0.0,0.0,5.47,0.77,1.332,13595.758,,,,,,488.373,25.96,29672506240.0,25.96,,,,,488.373,,0.0,0.0,32.541,,,,,612.186,,74.04,4.05,1392.894,,,,,,-0.367,-0.02,41.499,,,,,780.709,,0.0,,,,,0.0,,0.0,0.0,0.0,0.0,,,,,0.0,0.0,,1881.267,2907615.0,39.531,612.186,32.541,,,,,,0.0,,,,,0.0,,0.0,,,,,0.0,
ARM,Armenia,2009,,0.0,,0.0,,0.0,-10.651,-4.21,0.0,0.0,,,,,,113.594,0.0,,,,,0.0,,0.0,0.0,5.32,0.0,0.0,1.08,1.08,2.0,2.29,0.0,0.0,0.0,2.0,0.0,0.0,5.37,0.61,1.43,12229.798,,,,,,373.949,20.112,24704752102.0,20.112,,,,,373.949,,0.0,0.0,37.244,,,,,692.498,,79.888,4.29,1485.409,,,,,,-0.94,-0.05,42.644,,,,,792.91,,0.0,,,,,0.0,,0.0,0.0,0.0,0.0,,,,,0.0,0.0,,1859.358,2888094.0,35.321,692.498,37.244,,,,,,0.0,,,,,0.0,,0.0,,,,,0.0,
ARM,Armenia,2010,,0.0,,0.0,,0.0,11.372,4.017,0.0,0.0,,,,,,121.359,0.0,,,,,0.0,,0.0,0.0,5.37,0.0,0.0,1.35,1.35,2.53,2.29,0.0,0.0,0.0,2.54,0.0,0.01,6.18,0.75,1.607,13671.606,,,,,,469.188,21.845,24485627959.0,21.845,,,,,469.188,,0.0,0.0,40.939,,,,,879.292,,78.155,4.83,1678.649,,,,,,-15.084,-0.81,37.055,,,,,795.881,,0.0,,,,,0.0,,0.0,0.0,0.0,0.0,,,,,0.0,0.0,,2147.836,2877314.0,39.338,882.768,41.1,,,,,,0.0,,,,,0.0,,0.162,,,,,3.475,
ARM,Armenia,2011,,0.0,,0.0,,0.0,5.282,2.078,0.0,0.0,,,,,,168.317,0.0,,,,,0.0,,0.0,0.0,5.89,0.0,0.0,2.25,2.25,2.46,2.36,0.0,0.0,0.0,2.46,0.0,0.0,7.07,1.19,1.666,14397.598,,,,,,782.191,31.825,24860479877.0,31.825,,,,,782.191,,0.0,0.0,34.795,,,,,855.195,,68.175,4.82,1675.627,,,,,,-20.034,-1.18,33.38,,,,,820.431,,0.0,,,,,0.0,,0.0,0.0,0.0,0.0,,,,,0.0,0.0,,2457.817,2876536.0,41.415,855.195,34.795,,,,,,0.0,,,,,0.0,,0.0,,,,,0.0,
ARM,Armenia,2012,,0.0,,0.0,,0.0,5.964,2.47,0.0,0.0,,,,,,216.82,0.0,,,,,0.0,,0.0,0.0,6.01,0.0,0.0,3.19,3.19,2.3,2.12,0.0,0.0,0.0,2.3,0.0,0.0,7.61,1.65,1.648,15215.488,,,,,,1106.011,41.919,26635750409.0,41.919,,,,,1106.011,,0.0,0.0,30.223,,,,,797.437,,58.081,4.42,1532.467,,,,,,-26.622,-1.6,27.858,,,,,735.029,,0.0,,,,,0.0,,0.0,0.0,0.0,0.0,,,,,0.0,0.0,,2638.478,2884239.0,43.885,797.437,30.223,,,,,,0.0,,,,,0.0,,0.0,,,,,0.0,
ARM,Armenia,2013,,0.0,,0.0,,0.0,-1.895,-0.831,0.0,0.0,,,,,,210.959,0.0,,,,,0.0,,0.0,0.0,6.14,0.0,0.0,2.98,2.98,2.15,2.17,0.0,0.0,0.0,2.15,0.0,0.0,7.3,1.54,1.565,14858.406,,,,,,1028.44,40.822,27513476650.0,40.822,,,,,1028.44,,0.0,0.0,29.452,,,,,741.995,,59.178,4.32,1490.893,,,,,,-18.893,-1.16,29.726,,,,,748.897,,0.0,,,,,0.0,,0.0,0.0,0.0,0.0,,,,,0.0,0.0,,2519.332,2897593.0,43.054,741.995,29.452,,,,,,0.0,,,,,0.0,,0.0,,,,,0.0,
ARM,Armenia,2014,,0.0,,0.0,,0.0,1.929,0.83,0.0,0.0,,,,,,216.917,0.0,,,,,0.0,,0.0,0.0,6.22,0.0,0.0,3.09,3.09,1.97,2.27,0.0,0.0,0.0,1.97,0.0,0.0,7.33,1.59,1.539,15067.992,,,,,,1060.98,42.156,28507138766.0,42.156,,,,,1060.98,,0.0,0.0,26.876,,,,,676.417,,57.844,4.24,1455.842,,,,,,-17.846,-1.11,30.969,,,,,779.425,,0.0,,,,,0.0,,0.0,0.0,0.0,0.0,,,,,0.0,0.0,,2516.822,2912403.0,43.884,676.417,26.876,,,,,,0.0,,,,,0.0,,0.0,,,,,0.0,
ARM,Armenia,2015,,0.0,,0.0,,0.0,-7.34,-3.221,0.0,0.0,,,,,,185.637,0.0,,,,,0.0,,0.0,0.0,6.13,0.0,0.0,2.63,2.63,2.18,2.57,0.0,0.0,0.0,2.18,0.0,0.0,7.38,1.37,1.385,13899.147,,,,,,898.973,35.637,29365307413.0,35.637,,,,,898.973,,0.0,0.0,29.539,,,,,745.157,,64.363,4.75,1623.621,,,,,,-20.392,-1.25,34.824,,,,,878.465,,0.0,,,,,0.0,,0.0,0.0,0.0,0.0,,,,,0.0,0.0,,2522.595,2925559.0,40.663,745.157,29.539,,,,,,0.0,,,,,0.0,,0.0,,,,,0.0,
ARM,Armenia,2016,,0.0,,0.0,,0.0,0.707,0.287,0.0,0.0,,,,,,184.438,0.0,,,,,0.0,,0.0,0.0,5.99,0.0,0.0,2.42,2.42,2.33,2.19,0.0,0.0,0.0,2.33,0.0,0.0,6.94,1.28,1.392,13946.895,,,,,,824.209,34.87,29426934720.0,34.87,,,,,824.209,,0.0,0.0,33.573,,,,,793.557,,65.13,4.52,1539.432,,,,,,-15.86,-0.95,31.556,,,,,745.875,,0.0,,,,,0.0,,0.0,0.0,0.0,0.0,,,,,0.0,0.0,,2363.642,2936147.0,40.95,793.557,33.573,,,,,,0.0,,,,,0.0,,0.0,,,,,0.0,
ARM,Armenia,2017,,,,,,,6.572,2.691,0.0,0.0,,,,,,190.217,0.0,,,,,0.0,,,,6.24,0.0,0.0,2.7,2.7,2.25,2.41,0.0,0.0,0.0,2.25,0.0,0.0,7.36,1.4,1.379,14819.898,,,,,,916.874,36.685,31639251545.0,36.685,,,,,916.874,,,,30.571,,,,,764.062,,63.315,4.66,1582.456,,,,,,-17.949,-1.12,32.745,,,,,818.395,,0.0,,,,,0.0,,,,0.0,0.0,,,,,0.0,0.0,,2499.33,2944789.0,43.641,764.062,30.571,,,,,,0.0,,,,,0.0,,0.0,,,,,0.0,
ARM,Armenia,2018,,,,,,,-1.634,-0.713,0.0,0.0,,,,,,219.512,0.0,,,,,0.0,,,,5.96,0.0,0.0,3.17,3.17,2.29,1.9,0.0,0.0,0.0,2.31,0.02,0.0,7.38,1.62,1.289,14543.449,,,,,,1073.942,42.954,33296515549.0,42.954,,,,,1073.942,,,,31.03,,,,,775.813,,57.046,4.21,1426.277,,,,,,-23.826,-1.42,25.745,,,,,643.688,,0.0,,,,,0.0,,,,0.0,0.0,,,,,0.0,0.0,,2500.219,2951741.0,42.928,782.589,31.301,,,,,,0.271,,,,,6.776,,0.0,,,,,0.0,
ARM,Armenia,2019,,,,,,,7.057,3.029,0.0,0.0,,,,,,203.857,0.0,,,,,0.0,,,,6.3,0.0,0.0,2.86,2.86,2.35,2.03,0.0,0.0,0.0,2.37,0.02,0.0,7.26,1.48,,15538.199,,,,,,966.958,39.394,,39.394,,,,,966.958,,,,32.369,,,,,794.529,,60.606,4.4,1487.628,,,,,,-15.238,-0.96,27.961,,,,,686.338,,0.0,,,,,0.0,,,,0.0,0.0,,,,,0.0,0.0,,2454.587,2957728.0,45.958,801.291,32.645,,,,,,0.275,,,,,6.762,,0.0,,,,,0.0,
ARM,Armenia,2020,,,,,,,,,0.0,0.0,,,,,,209.016,0.0,,,,,0.0,,,,6.31,0.0,0.0,2.97,2.97,1.78,2.55,0.0,0.0,0.0,1.8,0.02,0.0,7.32,1.53,,,,,,,,1002.283,40.574,,40.574,,,,,1002.283,,,,24.317,,,,,600.695,,59.426,4.35,1467.991,,,,,,-16.006,-1.01,34.836,,,,,860.546,,0.0,,,,,0.0,,,,0.0,0.0,,,,,0.0,0.0,,2470.274,2963234.0,,607.444,24.59,,,,,,0.273,,,,,6.749,,0.0,,,,,0.0,
ARM,Armenia,2021,,,,,,,,,0.0,0.0,,,,,,206.522,0.0,,,,,0.0,,,,6.35,0.0,0.0,2.96,2.96,1.8,2.58,0.0,0.0,0.0,1.82,0.02,0.0,7.36,1.52,,,,,,,,997.262,40.217,,40.217,,,,,997.262,,,,24.457,,,,,606.443,,59.783,4.4,1482.416,,,,,,-15.906,-1.01,35.054,,,,,869.235,,0.0,,,,,0.0,,,,0.0,0.0,,,,,0.0,0.0,,2479.677,2968128.0,,613.181,24.728,,,,,,0.272,,,,,6.738,,0.0,,,,,0.0,
