iso_code,country,year,coal_prod_change_pct,coal_prod_change_twh,gas_prod_change_pct,gas_prod_change_twh,oil_prod_change_pct,oil_prod_change_twh,energy_cons_change_pct,energy_cons_change_twh,biofuel_share_elec,biofuel_elec_per_capita,biofuel_cons_change_pct,biofuel_share_energy,biofuel_cons_change_twh,biofuel_consumption,biofuel_cons_per_capita,carbon_intensity_elec,coal_share_elec,coal_cons_change_pct,coal_share_energy,coal_cons_change_twh,coal_consumption,coal_elec_per_capita,coal_cons_per_capita,coal_production,coal_prod_per_capita,electricity_demand,biofuel_electricity,coal_electricity,fossil_electricity,gas_electricity,hydro_electricity,nuclear_electricity,oil_electricity,other_renewable_exc_biofuel_electricity,other_renewable_electricity,renewables_electricity,solar_electricity,wind_electricity,electricity_generation,greenhouse_gas_emissions,energy_per_gdp,energy_per_capita,fossil_cons_change_pct,fossil_share_energy,fossil_cons_change_twh,fossil_fuel_consumption,fossil_energy_per_capita,fossil_cons_per_capita,fossil_share_elec,gdp,gas_share_elec,gas_cons_change_pct,gas_share_energy,gas_cons_change_twh,gas_consumption,gas_elec_per_capita,gas_energy_per_capita,gas_production,gas_prod_per_capita,hydro_share_elec,hydro_cons_change_pct,hydro_share_energy,hydro_cons_change_twh,hydro_consumption,hydro_elec_per_capita,hydro_energy_per_capita,low_carbon_share_elec,low_carbon_electricity,low_carbon_elec_per_capita,low_carbon_cons_change_pct,low_carbon_share_energy,low_carbon_cons_change_twh,low_carbon_consumption,low_carbon_energy_per_capita,net_elec_imports_share_demand,net_elec_imports,nuclear_share_elec,nuclear_cons_change_pct,nuclear_share_energy,nuclear_cons_change_twh,nuclear_consumption,nuclear_elec_per_capita,nuclear_energy_per_capita,oil_share_elec,oil_cons_change_pct,oil_share_energy,oil_cons_change_twh,oil_consumption,oil_elec_per_capita,oil_energy_per_capita,oil_production,oil_prod_per_capita,other_renewables_elec_per_capita_exc_biofuel,other_renewables_elec_per_capita,other_renewables_cons_change_pct,other_renewables_share_energy,other_renewables_cons_change_twh,other_renewable_consumption,other_renewables_share_elec_exc_biofuel,other_renewables_share_elec,other_renewables_energy_per_capita,per_capita_electricity,population,primary_energy_consumption,renewables_elec_per_capita,renewables_share_elec,renewables_cons_change_pct,renewables_share_energy,renewables_cons_change_twh,renewables_consumption,renewables_energy_per_capita,solar_share_elec,solar_cons_change_pct,solar_share_energy,solar_cons_change_twh,solar_consumption,solar_elec_per_capita,solar_energy_per_capita,wind_share_elec,wind_cons_change_pct,wind_share_energy,wind_cons_change_twh,wind_consumption,wind_elec_per_capita,wind_energy_per_capita
ABW,Aruba,1986,,,,,,,,,,,,,,,,,,,,,,,,0.0,0.0,,,,,,,,,,,,,,,,,6801.607,,,,,,,,,,,,,,,,,,,,,,,,,,,,,,,,,,,,,,,,,,,,,,,,,,,,,,,,,,,,,62645.0,0.426,,,,,,,,,,,,,,,,,,,,,
ABW,Aruba,1987,,0.0,,,,,0.0,0.0,,,,,,,,,,,,,,,,0.0,0.0,,,,,,,,,,,,,,,,,6890.369,,,,,,,,,,,,,,,,,,,,,,,,,,,,,,,,,,,,,,,,,,,,,,,,,,,,,,,,,,,,,61838.0,0.426,,,,,,,,,,,,,,,,,,,,,
ABW,Aruba,1988,,0.0,,,,,283.126,1.206,,,,,,,,,,,,,,,,0.0,0.0,,,,,,,,,,,,,,,,,26729.935,,,,,,,,,,,,,,,,,,,,,,,,,,,,,,,,,,,,,,,,,,,,,,,,,,,,,,,,,,,,,61072.0,1.632,,,,,,,,,,,,,,,,,,,,,
ABW,Aruba,1989,,0.0,,,,,32.932,0.538,,,,,,,,,,,,,,,,0.0,0.0,,,,,,,,,,,,,,,,,35555.267,,,,,,,,,,,,,,,,,,,,,,,,,,,,,,,,,,,,,,,,,,,,,,,,,,,,,,,,,,,,,61033.0,2.17,,,,,,,,,,,,,,,,,,,,,
ABW,Aruba,1990,,0.0,,,,,5.621,0.122,,,,,,,,,,,,,,,,0.0,0.0,,,,,,,,,,,,,,,,,36877.553,,,,,,,,,,,,,,,,,,,,,,,,,,,,,,,,,,,,,,,,,,,,,,,,,,,,,,,,,,,,,62152.0,2.292,,,,,,,,,,,,,,,,,,,,,
ABW,Aruba,1991,,0.0,,,,,9.087,0.208,,,,,,,,,,,,,,,,0.0,0.0,,,,,,,,,,,,,,,,,38690.235,,,,,,,,,,,,,,,,,,,,,,,,,,,,,,,,,,,,,,,,,,,,,,,,,,,,,,,,,,,,,64623.0,2.5,,,,,,,,,,,,,,,,,,,,,
ABW,Aruba,1992,,0.0,,,,,9.843,0.246,,,,,,,,,,,,,,,,0.0,0.0,,,,,,,,,,,,,,,,,40245.794,,,,,,,,,,,,,,,,,,,,,,,,,,,,,,,,,,,,,,,,,,,,,,,,,,,,,,,,,,,,,68240.0,2.746,,,,,,,,,,,,,,,,,,,,,
ABW,Aruba,1993,,0.0,,,,,1.602,0.044,,,,,,,,,,,,,,,,0.0,0.0,,,,,,,,,,,,,,,,,38490.651,,,,,,,,,,,,,,,,,,,,,,,,,,,,,,,,,,,,,,,,,,,,,,,,,,,,,,,,,,,,,72495.0,2.79,,,,,,,,,,,,,,,,,,,,,
ABW,Aruba,1994,,0.0,,,,,9.72,0.271,,,,,,,,,,,,,,,,0.0,0.0,,,,,,,,,,,,,,,,,39913.857,,,,,,,,,,,,,,,,,,,,,,,,,,,,,,,,,,,,,,,,,,,,,,,,,,,,,,,,,,,,,76705.0,3.062,,,,,,,,,,,,,,,,,,,,,
ABW,Aruba,1995,,0.0,,,,,13.18,0.404,,,,,,,,,,,,,,,,0.0,0.0,,,,,,,,,,,,,,,,,43139.139,,,,,,,,,,,,,,,,,,,,,,,,,,,,,,,,,,,,,,,,,,,,,,,,,,,,,,,,,,,,,80324.0,3.465,,,,,,,,,,,,,,,,,,,,,
ABW,Aruba,1996,,0.0,,,,,-34.092,-1.181,,,,,,,,,,,,,,,,0.0,0.0,,,,,,,,,,,,,,,,,27445.639,,,,,,,,,,,,,,,,,,,,,,,,,,,,,,,,,,,,,,,,,,,,,,,,,,,,,,,,,,,,,83211.0,2.284,,,,,,,,,,,,,,,,,,,,,
ABW,Aruba,1997,,0.0,,,,,61.722,1.41,,,,,,,,,,,,,,,,0.0,0.0,,,,,,,,,,,,,,,,,43222.752,,,,,,,,,,,,,,,,,,,,,,,,,,,,,,,,,,,,,,,,,,,,,,,,,,,,,,,,,,,,,85450.0,3.693,,,,,,,,,,,,,,,,,,,,,
ABW,Aruba,1998,,0.0,,,,,0.0,0.0,,,,,,,,,,,,,,,,0.0,0.0,,,,,,,,,,,,,,,,,42316.501,,,,,,,,,,,,,,,,,,,,,,,,,,,,,,,,,,,,,,,,,,,,,,,,,,,,,,,,,,,,,87280.0,3.693,,,,,,,,,,,,,,,,,,,,,
ABW,Aruba,1999,,0.0,,,,,0.0,0.0,,,,,,,,,,,,,,,,0.0,0.0,,,,,,,,,,,,,,,,,41494.559,,,,,,,,,,,,,,,,,,,,,,,,,,,,,,,,,,,,,,,,,,,,,,,,,,,,,,,,,,,,,89009.0,3.693,,,,,,,,,,,,,,,,,,,,,
ABW,Aruba,2000,,0.0,,,,,19.602,0.724,0.0,0.0,,,,,,698.63,0.0,,,,,0.0,,0.0,0.0,0.73,0.0,0.0,0.73,0.0,0.0,0.0,0.73,0.0,0.0,0.0,0.0,0.0,0.73,0.51,,48614.109,,,,,,8033.808,100.0,,0.0,,,,,0.0,,,,0.0,,,,,0.0,,0.0,0.0,0.0,,,,,,0.0,0.0,0.0,,,,,0.0,,100.0,,,,,8033.808,,,,0.0,0.0,,,,,0.0,0.0,,8033.808,90866.0,4.417,0.0,0.0,,,,,,0.0,,,,,0.0,,0.0,,,,,0.0,
ABW,Aruba,2001,,0.0,,,,,3.471,0.153,0.0,0.0,,,,,,697.368,0.0,,,,,0.0,,0.0,0.0,0.76,0.0,0.0,0.76,0.0,0.0,0.0,0.76,0.0,0.0,0.0,0.0,0.0,0.76,0.53,,49204.566,,,,,,8181.544,100.0,,0.0,,,,,0.0,,,,0.0,,,,,0.0,,0.0,0.0,0.0,,,,,,0.0,0.0,0.0,,,,,0.0,,100.0,,,,,8181.544,,,,0.0,0.0,,,,,0.0,0.0,,8181.544,92892.0,4.571,0.0,0.0,,,,,,0.0,,,,,0.0,,0.0,,,,,0.0,
ABW,Aruba,2002,,0.0,,,,,3.371,0.154,0.0,0.0,,,,,,701.299,0.0,,,,,0.0,,0.0,0.0,0.77,0.0,0.0,0.77,0.0,0.0,0.0,0.77,0.0,0.0,0.0,0.0,0.0,0.77,0.54,,49738.719,,,,,,8105.946,100.0,,0.0,,,,,0.0,,,,0.0,,,,,0.0,,0.0,0.0,0.0,,,,,,0.0,0.0,0.0,,,,,0.0,,100.0,,,,,8105.946,,,,0.0,0.0,,,,,0.0,0.0,,8105.946,94992.0,4.725,0.0,0.0,,,,,,0.0,,,,,0.0,,0.0,,,,,0.0,
ABW,Aruba,2003,,0.0,,,,,11.36,0.537,0.0,0.0,,,,,,696.203,0.0,,,,,0.0,,0.0,0.0,0.79,0.0,0.0,0.79,0.0,0.0,0.0,0.79,0.0,0.0,0.0,0.0,0.0,0.79,0.55,,54233.307,,,,,,8142.987,100.0,,0.0,,,,,0.0,,,,0.0,,,,,0.0,,0.0,0.0,0.0,,,,,,0.0,0.0,0.0,,,,,0.0,,100.0,,,,,8142.987,,,,0.0,0.0,,,,,0.0,0.0,,8142.987,97016.0,5.261,0.0,0.0,,,,,,0.0,,,,,0.0,,0.0,,,,,0.0,
ABW,Aruba,2004,,0.0,,,,,4.284,0.225,0.0,0.0,,,,,,703.704,0.0,,,,,0.0,,0.0,0.0,0.81,0.0,0.0,0.81,0.0,0.0,0.0,0.81,0.0,0.0,0.0,0.0,0.0,0.81,0.57,,55566.667,,,,,,8203.03,100.0,,0.0,,,,,0.0,,,,0.0,,,,,0.0,,0.0,0.0,0.0,,,,,,0.0,0.0,0.0,,,,,0.0,,100.0,,,,,8203.03,,,,0.0,0.0,,,,,0.0,0.0,,8203.03,98744.0,5.487,0.0,0.0,,,,,,0.0,,,,,0.0,,0.0,,,,,0.0,
ABW,Aruba,2005,,0.0,,,,,7.99,0.438,0.0,0.0,,,,,,697.674,0.0,,,,,0.0,,0.0,0.0,0.86,0.0,0.0,0.86,0.0,0.0,0.0,0.86,0.0,0.0,0.0,0.0,0.0,0.86,0.6,,59236.429,,,,,,8597.593,100.0,,0.0,,,,,0.0,,,,0.0,,,,,0.0,,0.0,0.0,0.0,,,,,,0.0,0.0,0.0,,,,,0.0,,100.0,,,,,8597.593,,,,0.0,0.0,,,,,0.0,0.0,,8597.593,100028.0,5.925,0.0,0.0,,,,,,0.0,,,,,0.0,,0.0,,,,,0.0,
ABW,Aruba,2006,,0.0,,,,,-0.191,-0.011,0.0,0.0,,,,,,705.882,0.0,,,,,0.0,,0.0,0.0,0.85,0.0,0.0,0.85,0.0,0.0,0.0,0.85,0.0,0.0,0.0,0.0,0.0,0.85,0.6,,58653.308,,,,,,8430.031,100.0,,0.0,,,,,0.0,,,,0.0,,,,,0.0,,0.0,0.0,0.0,,,,,,0.0,0.0,0.0,,,,,0.0,,100.0,,,,,8430.031,,,,0.0,0.0,,,,,0.0,0.0,,8430.031,100830.0,5.914,0.0,0.0,,,,,,0.0,,,,,0.0,,0.0,,,,,0.0,
ABW,Aruba,2007,,0.0,,,,,3.048,0.18,0.0,0.0,,,,,,704.545,0.0,,,,,0.0,,0.0,0.0,0.88,0.0,0.0,0.88,0.0,0.0,0.0,0.88,0.0,0.0,0.0,0.0,0.0,0.88,0.62,,60204.444,,,,,,8693.419,100.0,,0.0,,,,,0.0,,,,0.0,,,,,0.0,,0.0,0.0,0.0,,,,,,0.0,0.0,0.0,,,,,0.0,,100.0,,,,,8693.419,,,,0.0,0.0,,,,,0.0,0.0,,8693.419,101226.0,6.094,0.0,0.0,,,,,,0.0,,,,,0.0,,0.0,,,,,0.0,
ABW,Aruba,2008,,0.0,,,,,-6.061,-0.369,0.0,0.0,,,,,,697.674,0.0,,,,,0.0,,0.0,0.0,0.86,0.0,0.0,0.86,0.0,0.0,0.0,0.86,0.0,0.0,0.0,0.0,0.0,0.86,0.6,,56479.691,,,,,,8484.442,100.0,,0.0,,,,,0.0,,,,0.0,,,,,0.0,,0.0,0.0,0.0,,,,,,0.0,0.0,0.0,,,,,0.0,,100.0,,,,,8484.442,,,,0.0,0.0,,,,,0.0,0.0,,8484.442,101362.0,5.725,0.0,0.0,,,,,,0.0,,,,,0.0,,0.0,,,,,0.0,
ABW,Aruba,2009,,0.0,,,,,-0.303,-0.017,0.0,0.0,,,,,,677.778,0.0,,,,,0.0,,0.0,0.0,0.9,0.0,0.0,0.87,0.0,0.0,0.0,0.87,0.0,0.0,0.03,0.0,0.03,0.9,0.61,,56258.477,,,,,,8575.484,96.667,,0.0,,,,,0.0,,,,0.0,,,,,0.0,,3.333,0.03,295.706,,,,,,0.0,0.0,0.0,,,,,0.0,,96.667,,,,,8575.484,,,,0.0,0.0,,,,,0.0,0.0,,8871.19,101452.0,5.708,295.706,3.333,,,,,,0.0,,,,,0.0,,3.333,,,,,295.706,
ABW,Aruba,2010,,0.0,,,,,-6.127,-0.35,0.0,0.0,,,,,,617.978,0.0,,,,,0.0,,0.0,0.0,0.89,0.0,0.0,0.78,0.0,0.0,0.0,0.78,0.0,0.0,0.11,0.0,0.11,0.89,0.55,,52701.128,,,,,,7672.257,87.64,,0.0,,,,,0.0,,,,0.0,,,,,0.0,,12.36,0.11,1081.985,,,,,,0.0,0.0,0.0,,,,,0.0,,87.64,,,,,7672.257,,,,0.0,0.0,,,,,0.0,0.0,,8754.242,101665.0,5.358,1081.985,12.36,,,,,,0.0,,,,,0.0,,12.36,,,,,1081.985,
ABW,Aruba,2011,,0.0,,,,,-20.444,-1.095,0.0,0.0,,,,,,613.636,0.0,,,,,0.0,,0.0,0.0,0.88,0.0,0.0,0.77,0.0,0.0,0.0,0.77,0.0,0.0,0.11,0.0,0.11,0.88,0.54,,41768.622,,,,,,7545.321,87.5,,0.0,,,,,0.0,,,,0.0,,,,,0.0,,12.5,0.11,1077.903,,,,,,0.0,0.0,0.0,,,,,0.0,,87.5,,,,,7545.321,,,,0.0,0.0,,,,,0.0,0.0,,8623.224,102050.0,4.262,1077.903,12.5,,,,,,0.0,,,,,0.0,,12.5,,,,,1077.903,
ABW,Aruba,2012,,0.0,,,,,25.353,1.081,0.0,0.0,,,,,,586.207,0.0,,,,,0.0,,0.0,0.0,0.87,0.0,0.0,0.73,0.0,0.0,0.0,0.73,0.0,0.0,0.14,0.0,0.14,0.87,0.51,,52095.407,,,,,,7117.438,83.908,,0.0,,,,,0.0,,,,0.0,,,,,0.0,,16.092,0.14,1364.988,,,,,,0.0,0.0,0.0,,,,,0.0,,83.908,,,,,7117.438,,,,0.0,0.0,,,,,0.0,0.0,,8482.426,102565.0,5.343,1364.988,16.092,,,,,,0.0,,,,,0.0,,16.092,,,,,1364.988,
ABW,Aruba,2013,,0.0,,,,,-3.208,-0.171,0.0,0.0,,,,,,584.27,0.0,,,,,0.0,,0.0,0.0,0.89,0.0,0.0,0.74,0.0,0.0,0.0,0.74,0.0,0.0,0.15,0.0,0.15,0.89,0.52,,50131.144,,,,,,7172.975,83.146,,0.0,,,,,0.0,,,,0.0,,,,,0.0,,16.854,0.15,1453.981,,,,,,0.0,0.0,0.0,,,,,0.0,,83.146,,,,,7172.975,,,,0.0,0.0,,,,,0.0,0.0,,8626.957,103165.0,5.172,1453.981,16.854,,,,,,0.0,,,,,0.0,,16.854,,,,,1453.981,
ABW,Aruba,2014,,0.0,,,,,1.566,0.081,0.0,0.0,,,,,,573.034,0.0,,,,,0.0,,0.0,0.0,0.89,0.0,0.0,0.73,0.0,0.0,0.0,0.73,0.0,0.0,0.16,0.01,0.15,0.89,0.51,,50616.32,,,,,,7034.382,82.022,,0.0,,,,,0.0,,,,0.0,,,,,0.0,,17.978,0.16,1541.782,,,,,,0.0,0.0,0.0,,,,,0.0,,82.022,,,,,7034.382,,,,0.0,0.0,,,,,0.0,0.0,,8576.164,103776.0,5.253,1541.782,17.978,,,,,,1.124,,,,,96.361,,16.854,,,,,1445.421,
ABW,Aruba,2015,,0.0,,,,,2.819,0.148,0.0,0.0,,,,,,569.892,0.0,,,,,0.0,,0.0,0.0,0.93,0.0,0.0,0.75,0.0,0.0,0.0,0.75,0.0,0.0,0.18,0.01,0.17,0.93,0.53,,51762.51,,,,,,7188.108,80.645,,0.0,,,,,0.0,,,,0.0,,,,,0.0,,19.355,0.18,1725.146,,,,,,0.0,0.0,0.0,,,,,0.0,,80.645,,,,,7188.108,,,,0.0,0.0,,,,,0.0,0.0,,8913.254,104339.0,5.401,1725.146,19.355,,,,,,1.075,,,,,95.841,,18.28,,,,,1629.304,
ABW,Aruba,2016,,0.0,,,,,-2.861,-0.154,0.0,0.0,,,,,,588.889,0.0,,,,,0.0,,0.0,0.0,0.9,0.0,0.0,0.76,0.0,0.0,0.0,0.76,0.0,0.0,0.14,0.01,0.13,0.9,0.53,,50029.577,,,,,,7247.413,84.444,,0.0,,,,,0.0,,,,0.0,,,,,0.0,,15.556,0.14,1335.05,,,,,,0.0,0.0,0.0,,,,,0.0,,84.444,,,,,7247.413,,,,0.0,0.0,,,,,0.0,0.0,,8582.463,104865.0,5.246,1335.05,15.556,,,,,,1.111,,,,,95.361,,14.444,,,,,1239.689,
ABW,Aruba,2017,,,,,,,3.537,0.186,0.0,0.0,,,,,,591.398,0.0,,,,,0.0,,,,0.93,0.0,0.0,0.79,0.0,0.0,0.0,0.79,0.0,0.0,0.14,0.01,0.13,0.93,0.55,,51555.274,,,,,,7498.031,84.946,,0.0,,,,,0.0,,,,0.0,,,,,0.0,,15.054,0.14,1328.765,,,,,,0.0,0.0,0.0,,,,,0.0,,84.946,,,,,7498.031,,,,0.0,0.0,,,,,0.0,0.0,,8826.795,105361.0,5.432,1328.765,15.054,,,,,,1.075,,,,,94.912,,13.978,,,,,1233.853,
ABW,Aruba,2018,,,,,,,-3.393,-0.184,0.0,0.0,,,,,,582.418,0.0,,,,,0.0,,,,0.91,0.0,0.0,0.76,0.0,0.0,0.0,0.76,0.0,0.0,0.15,0.01,0.14,0.91,0.53,,49577.793,,,,,,7180.243,83.516,,0.0,,,,,0.0,,,,0.0,,,,,0.0,,16.484,0.15,1417.153,,,,,,0.0,0.0,0.0,,,,,0.0,,83.516,,,,,7180.243,,,,0.0,0.0,,,,,0.0,0.0,,8597.396,105846.0,5.248,1417.153,16.484,,,,,,1.099,,,,,94.477,,15.385,,,,,1322.676,
ABW,Aruba,2019,,,,,,,3.681,0.193,0.0,0.0,,,,,,586.957,0.0,,,,,0.0,,,,0.92,0.0,0.0,0.77,0.0,0.0,0.0,0.77,0.0,0.0,0.15,0.01,0.14,0.92,0.54,,51178.586,,,,,,7242.969,83.696,,0.0,,,,,0.0,,,,0.0,,,,,0.0,,16.304,0.15,1410.968,,,,,,0.0,0.0,0.0,,,,,0.0,,83.696,,,,,7242.969,,,,0.0,0.0,,,,,0.0,0.0,,8653.937,106310.0,5.441,1410.968,16.304,,,,,,1.087,,,,,94.065,,15.217,,,,,1316.903,
ABW,Aruba,2020,,,,,,,,,0.0,0.0,,,,,,586.957,0.0,,,,,0.0,,,,0.92,0.0,0.0,0.77,0.0,0.0,0.0,0.77,0.0,0.0,0.15,0.01,0.14,0.92,0.54,,,,,,,,7212.034,83.696,,0.0,,,,,0.0,,,,0.0,,,,,0.0,,16.304,0.15,1404.942,,,,,,0.0,0.0,0.0,,,,,0.0,,83.696,,,,,7212.034,,,,0.0,0.0,,,,,0.0,0.0,,8616.975,106766.0,,1404.942,16.304,,,,,,1.087,,,,,93.663,,15.217,,,,,1311.279,
