iso_code,country,year,coal_prod_change_pct,coal_prod_change_twh,gas_prod_change_pct,gas_prod_change_twh,oil_prod_change_pct,oil_prod_change_twh,energy_cons_change_pct,energy_cons_change_twh,biofuel_share_elec,biofuel_elec_per_capita,biofuel_cons_change_pct,biofuel_share_energy,biofuel_cons_change_twh,biofuel_consumption,biofuel_cons_per_capita,carbon_intensity_elec,coal_share_elec,coal_cons_change_pct,coal_share_energy,coal_cons_change_twh,coal_consumption,coal_elec_per_capita,coal_cons_per_capita,coal_production,coal_prod_per_capita,electricity_demand,biofuel_electricity,coal_electricity,fossil_electricity,gas_electricity,hydro_electricity,nuclear_electricity,oil_electricity,other_renewable_exc_biofuel_electricity,other_renewable_electricity,renewables_electricity,solar_electricity,wind_electricity,electricity_generation,greenhouse_gas_emissions,energy_per_gdp,energy_per_capita,fossil_cons_change_pct,fossil_share_energy,fossil_cons_change_twh,fossil_fuel_consumption,fossil_energy_per_capita,fossil_cons_per_capita,fossil_share_elec,gdp,gas_share_elec,gas_cons_change_pct,gas_share_energy,gas_cons_change_twh,gas_consumption,gas_elec_per_capita,gas_energy_per_capita,gas_production,gas_prod_per_capita,hydro_share_elec,hydro_cons_change_pct,hydro_share_energy,hydro_cons_change_twh,hydro_consumption,hydro_elec_per_capita,hydro_energy_per_capita,low_carbon_share_elec,low_carbon_electricity,low_carbon_elec_per_capita,low_carbon_cons_change_pct,low_carbon_share_energy,low_carbon_cons_change_twh,low_carbon_consumption,low_carbon_energy_per_capita,net_elec_imports_share_demand,net_elec_imports,nuclear_share_elec,nuclear_cons_change_pct,nuclear_share_energy,nuclear_cons_change_twh,nuclear_consumption,nuclear_elec_per_capita,nuclear_energy_per_capita,oil_share_elec,oil_cons_change_pct,oil_share_energy,oil_cons_change_twh,oil_consumption,oil_elec_per_capita,oil_energy_per_capita,oil_production,oil_prod_per_capita,other_renewables_elec_per_capita_exc_biofuel,other_renewables_elec_per_capita,other_renewables_cons_change_pct,other_renewables_share_energy,other_renewables_cons_change_twh,other_renewable_consumption,other_renewables_share_elec_exc_biofuel,other_renewables_share_elec,other_renewables_energy_per_capita,per_capita_electricity,population,primary_energy_consumption,renewables_elec_per_capita,renewables_share_elec,renewables_cons_change_pct,renewables_share_energy,renewables_cons_change_twh,renewables_consumption,renewables_energy_per_capita,solar_share_elec,solar_cons_change_pct,solar_share_energy,solar_cons_change_twh,solar_consumption,solar_elec_per_capita,solar_energy_per_capita,wind_share_elec,wind_cons_change_pct,wind_share_energy,wind_cons_change_twh,wind_consumption,wind_elec_per_capita,wind_energy_per_capita
,Asia Pacific,1965,,,,,,,,,,,,,,,,,,,53.523,,2780.731,,,,,,,,,,156.09,0.025,,,1.644,157.734,0.0,0.0,,,,,,91.565,,4757.154,,,,,,,1.082,,56.232,,,,,,,8.346,,433.582,,,,157.759,,,8.435,,438.219,,,,,,0.001,,0.069,,,,,36.96,,1920.187,,,522.246,,,,,0.088,,4.567,,,,,,5195.369,,,,8.433,,438.149,,,,0.0,,0.0,,,,,0.0,,0.0,,
,Asia Pacific,1966,,,,,11.373,59.395,8.585,446.027,,,,,,,,,,5.422,51.964,150.781,2931.512,,,,,,,,,,162.312,0.584,,,1.643,163.955,0.0,0.0,,,,,8.98,91.898,427.193,5184.348,,,,,,10.95,1.106,6.157,62.389,,,,,,3.986,7.992,17.284,450.867,,,,164.539,,4.298,8.102,18.834,457.053,,,,,2236.0,0.029,1.553,1.622,,,,14.074,38.828,270.255,2190.442,,,581.64,,,,-0.061,0.081,-0.003,4.564,,,,,,5641.396,,,3.944,8.073,17.281,455.43,,,,0.0,0.0,0.0,,,,,0.0,0.0,0.0,,
,Asia Pacific,1967,,,,,6.027,35.056,4.731,266.902,,,,,,,,,,-2.634,48.31,-77.214,2854.299,,,,,,,,,,152.867,0.629,,,1.424,154.291,0.0,0.0,,,,,5.664,92.716,293.622,5477.969,,,,,,14.429,1.208,9.002,71.392,,,,,,-5.819,7.187,-26.236,424.63,,,,154.92,,-5.846,7.284,-26.72,430.333,,,,,7.705,0.03,0.125,1.747,,,,16.519,43.198,361.833,2552.275,,,616.696,,,,-13.329,0.067,-0.608,3.956,,,,,,5908.297,,,-5.894,7.254,-26.845,428.586,,,,0.0,0.0,0.0,,,,,0.0,0.0,0.0,,
,Asia Pacific,1968,,,,,17.017,104.944,7.769,459.019,,,,,,,,,,1.487,45.494,42.435,2896.733,,,,,,,,,,168.249,1.044,,,1.577,169.826,0.0,0.0,,,,,7.571,92.546,414.713,5892.682,,,,,,9.002,1.222,6.427,77.818,,,,,,10.063,7.34,42.729,467.359,,,,170.87,,10.296,7.454,44.307,474.64,,,,,65.978,0.046,1.153,2.9,,,,14.334,45.83,365.852,2918.126,,,721.64,,,,10.744,0.069,0.425,4.381,,,,,,6367.316,,,10.069,7.409,43.154,471.74,,,,0.0,0.0,0.0,,,,,0.0,0.0,0.0,,
,Asia Pacific,1969,,,,,15.11,109.037,13.635,868.163,,,,,,,,,,12.202,44.92,353.455,3250.188,,,,,,,,,,174.164,1.807,,,1.608,175.772,0.0,0.0,,,,,14.417,93.183,849.529,6742.211,,,,,,31.847,1.418,24.782,102.6,,,,,,3.515,6.686,16.43,483.789,,,,177.579,,3.926,6.817,18.635,493.274,,,,,73.063,0.069,2.119,5.019,,,,16.15,46.844,471.292,3389.417,,,830.677,,,,1.966,0.062,0.086,4.467,,,,,,7235.479,,,3.501,6.748,16.516,488.255,,,,0.0,0.0,0.0,,,,,0.0,0.0,0.0,,
,Asia Pacific,1970,,,,,38.279,317.978,13.843,1001.601,,,,,,,,,,11.721,44.083,380.951,3631.139,,,,,,,,,,180.71,5.889,,,1.777,182.487,0.0,0.0,,,,,14.411,93.647,971.609,7713.82,,,,,,38.717,1.728,39.724,142.325,,,151.017,,,3.759,6.094,18.184,501.973,,,,188.376,,6.08,6.353,29.992,523.267,,,,,225.947,0.199,11.34,16.359,,,,16.255,47.837,550.934,3940.351,,,1148.655,,,,10.492,0.06,0.469,4.935,,,,,,8237.08,,,3.82,6.154,18.653,506.908,,,,0.0,0.0,0.0,,,,,0.0,0.0,0.0,,
,Asia Pacific,1971,,,18.27,27.591,20.083,230.688,9.518,783.992,,,,,,,,,,7.042,43.086,255.714,3886.852,,,,,,,,,,199.282,9.031,,,1.755,201.037,0.0,0.0,,,,,9.382,93.532,723.737,8437.557,,,,,,19.13,1.879,27.226,169.551,,,178.608,,,10.277,6.136,51.589,553.562,,,,210.068,,11.515,6.468,60.255,583.522,,,,,53.348,0.278,8.727,25.086,,,,11.187,48.566,440.797,4381.147,,,1379.343,,,,-1.243,0.054,-0.061,4.874,,,,,,9021.072,,,10.165,6.19,51.528,558.436,,,,0.0,0.0,0.0,,,,,0.0,0.0,0.0,,
,Asia Pacific,1972,,,16.27,29.06,17.774,245.164,5.917,533.782,,,,,,,,,,3.852,42.246,149.739,4036.591,,,,,,,,,,205.116,10.607,,,1.786,206.902,0.0,0.0,,,,,6.081,93.677,513.113,8950.671,,,,,,15.844,2.056,26.864,196.415,,,207.667,,,2.927,5.963,16.205,569.767,,,,217.509,,3.542,6.323,20.669,604.191,,,,,17.452,0.308,4.378,29.464,,,,7.681,49.374,336.51,4717.657,,,1624.508,,,,1.766,0.052,0.086,4.96,,,,,,9554.854,,,2.917,6.015,16.291,574.727,,,,0.0,0.0,0.0,,,,,0.0,0.0,0.0,,
,Asia Pacific,1973,,,24.101,50.051,19.395,315.069,8.014,765.732,,,,,,,,,,2.418,40.058,97.585,4134.176,,,,,,,,,,194.012,12.04,,,1.835,195.847,0.0,0.0,,,,,8.854,94.405,792.459,9743.13,,,,,,23.418,2.349,45.996,242.411,,,257.718,,,-5.414,5.222,-30.846,538.922,,,,207.887,,-4.423,5.595,-26.726,577.465,,,,,13.515,0.324,3.982,33.446,,,,13.754,51.998,648.878,5366.534,,,1939.577,,,,2.767,0.049,0.137,5.097,,,,,,10320.586,,,-5.343,5.271,-30.708,544.019,,,,0.0,0.0,0.0,,,,,0.0,0.0,0.0,,
,Asia Pacific,1974,,,21.648,55.791,6.612,128.249,2.147,221.626,,,,,,,,,,2.432,40.169,100.56,4234.736,,,,,,,,,,217.905,22.028,,,2.496,220.401,0.0,0.0,,,,,1.29,93.612,125.676,9868.806,,,,,,24.72,2.868,59.925,302.336,,,313.509,,,12.315,5.742,66.369,605.291,,,,242.429,,16.616,6.388,95.95,673.414,,,,,82.95,0.58,27.743,61.189,,,,-0.649,50.575,-34.808,5331.726,,,2067.826,,,,36.037,0.066,1.837,6.934,,,,,,10542.212,,,12.537,5.807,68.206,612.225,,,,0.0,0.0,0.0,,,,,0.0,0.0,0.0,,
,Asia Pacific,1975,,,13.278,41.629,6.306,130.392,3.83,403.745,,,,,,,,,,7.621,41.636,322.715,4557.451,,,,,,,,,,232.444,27.878,,,2.654,235.099,0.0,0.0,,,,,3.513,93.326,346.667,10215.474,,,,,,16.177,3.209,48.908,351.244,,,355.137,,,6.672,5.899,40.388,645.679,,,,262.977,,8.476,6.674,57.078,730.492,,,,,26.558,0.707,16.251,77.44,,,,-0.468,48.482,-24.956,5306.77,,,2198.218,,,,6.332,0.067,0.439,7.373,,,,,,10945.957,,,6.669,5.966,40.827,653.052,,,,0.0,0.0,0.0,,,,,0.0,0.0,0.0,,
,Asia Pacific,1976,,,15.344,54.492,14.097,309.89,4.824,528.004,,,,,,,,,,2.375,40.663,108.23,4665.681,,,,,,,,,,233.253,37.252,,,2.587,235.84,0.0,0.0,,,,,4.894,93.389,499.905,10715.378,,,,,,15.604,3.539,54.809,406.053,,,409.63,,,0.348,5.647,2.248,647.927,,,,273.093,,3.847,6.611,28.099,758.591,,,,,33.624,0.902,26.038,103.478,,,,6.348,49.186,336.866,5643.636,,,2508.107,,,,-2.534,0.063,-0.187,7.186,,,,,,11473.96,,,0.316,5.71,2.061,655.113,,,,0.0,0.0,0.0,,,,,0.0,0.0,0.0,,
,Asia Pacific,1977,,,21.754,89.109,9.188,230.433,5.81,666.692,,,,,,,,,,6.642,40.983,309.897,4975.578,,,,,,,,,,227.038,34.008,,,2.622,229.661,0.0,0.0,,,,,6.466,93.967,692.869,11408.247,,,,,,23.099,4.117,93.794,499.847,,,498.739,,,-2.665,5.195,-17.264,630.662,,,,263.669,,-3.451,6.033,-26.177,732.414,,,,,-8.708,0.778,-9.011,94.467,,,,5.124,48.867,289.177,5932.813,,,2738.541,,,,1.368,0.06,0.098,7.285,,,,,,12140.652,,,-2.62,5.255,-17.166,637.947,,,,0.0,0.0,0.0,,,,,0.0,0.0,0.0,,
,Asia Pacific,1978,,,18.997,94.745,4.511,123.533,6.852,831.838,,,,,,,,,,4.898,40.234,243.718,5219.296,,,,,,,,,,237.046,66.738,,,2.917,239.964,0.0,0.0,,,,,6.244,93.433,712.302,12120.55,,,,,,19.972,4.623,99.83,599.677,,,593.484,,,4.408,5.076,27.8,658.463,,,,306.702,,16.321,6.567,119.536,851.95,,,,,96.241,1.429,90.916,185.384,,,,6.216,48.576,368.755,6301.568,,,2862.074,,,,11.25,0.062,0.82,8.104,,,,,,12972.49,,,4.486,5.138,28.62,666.567,,,,0.0,0.0,0.0,,,,,0.0,0.0,0.0,,
,Asia Pacific,1979,,,13.734,81.509,2.577,73.746,4.636,601.466,,,,,,,,,,4.845,40.314,252.868,5472.163,,,,,,,,,,256.982,82.274,,,3.713,260.695,0.0,0.0,,,,,4.131,92.981,500.726,12621.276,,,,,,14.308,5.05,85.803,685.479,,,674.993,,,8.41,5.259,55.376,713.839,,,,342.968,,11.825,7.019,100.74,952.691,,,,,23.278,1.684,43.154,228.538,,,,2.572,47.618,162.056,6463.623,,,2935.82,,,,27.265,0.076,2.21,10.314,,,,,,13573.956,,,8.639,5.335,57.586,724.153,,,,0.0,0.0,0.0,,,,,0.0,0.0,0.0,,
,Asia Pacific,1980,,,6.522,44.022,-3.001,-88.1,0.855,116.014,,,,,,,,,,5.699,42.25,311.843,5784.006,,,,,,,,,,273.447,96.795,,,5.173,278.621,0.0,0.0,,,,,0.205,92.383,25.883,12647.158,,,,,,7.337,5.375,50.297,735.776,,,719.016,,,6.407,5.548,45.737,759.576,,,,375.416,,9.461,7.617,90.131,1042.822,,,,,17.65,1.964,40.337,268.875,,,,-5.202,44.758,-336.257,6127.367,,,2847.72,,,,39.336,0.105,4.057,14.371,,,,,,13689.97,,,6.876,5.653,49.794,773.947,,,,0.0,0.0,0.0,,,,,0.0,0.0,0.0,,
,Asia Pacific,1981,,,0.467,3.358,-1.162,-33.098,0.741,101.499,,,,,,,,,,3.303,43.324,191.03,5975.036,,,5779.086,,,,,,,289.73,104.019,,,7.072,296.802,0.0,0.0,,,,,0.245,91.927,30.93,12678.088,,,,,,1.109,5.394,8.157,743.933,,,722.374,,,5.955,5.836,45.229,804.805,,,,400.821,,6.767,8.073,70.57,1113.392,,,,,7.463,2.095,20.067,288.942,,,,-2.746,43.209,-168.258,5959.108,,,2814.622,,,,36.698,0.142,5.274,19.644,,,,,,13791.469,,,6.525,5.978,50.503,824.45,,,,0.0,0.0,0.0,,,,,0.0,0.0,0.0,,
,Asia Pacific,1982,5.142,297.167,3.918,28.3,-2.054,-57.799,0.971,133.859,,,,,,,,,,3.522,44.419,210.416,6185.452,,,6076.253,,,,,,,282.667,121.651,,,15.952,298.619,0.0,0.0,,,,,0.63,91.617,79.832,12757.92,,,,,,4.013,5.557,29.856,773.789,,,750.674,,,-2.438,5.639,-19.618,785.187,,,,420.271,,4.852,8.383,54.027,1167.419,,,,,16.951,2.427,48.979,337.921,,,,-2.692,41.641,-160.44,5798.669,,,2756.824,,,,125.565,0.318,24.666,44.311,,,,,,13925.328,,,0.612,5.957,5.048,829.498,,,,0.0,0.0,0.0,,,,,0.0,0.0,0.0,,
,Asia Pacific,1983,5.881,357.351,12.9,96.836,7.38,203.452,4.445,618.993,,,,,,,,,,5.862,45.021,362.619,6548.07,,,6433.604,,,,,,,299.341,145.51,,,18.068,317.409,0.0,0.0,,,,,3.923,91.159,500.526,13258.445,,,,,,10.427,5.875,80.681,854.47,,,847.51,,,5.899,5.717,46.317,831.504,,,,462.919,,10.148,8.841,118.468,1285.887,,,,,19.612,2.779,66.273,404.194,,,,0.987,40.262,57.225,5855.894,,,2960.275,,,,13.264,0.345,5.878,50.188,,,,,,14544.32,,,6.292,6.062,52.195,881.693,,,,0.0,0.0,0.0,,,,,0.0,0.0,0.0,,
,Asia Pacific,1984,8.273,532.249,16.374,138.774,9.973,295.214,6.943,1009.854,,,,,,,,,,8.663,45.745,567.25,7115.32,,,6965.853,,,,,,,299.407,175.016,,,19.742,319.149,0.0,0.0,,,,,6.962,91.175,923.061,14181.507,,,,,,16.99,6.427,145.174,999.644,,,986.284,,,0.022,5.347,0.181,831.686,,,,494.165,,6.75,8.825,86.794,1372.681,,,,,20.278,3.126,81.962,486.155,,,,3.597,39.003,210.637,6066.531,,,3255.489,,,,9.267,0.353,4.651,54.839,,,,,,15554.175,,,0.548,5.7,4.832,886.525,,,,0.0,0.0,0.0,,,,,0.0,0.0,0.0,,
,Asia Pacific,1985,10.662,742.727,8.422,83.064,3.374,109.845,4.89,760.632,,,,,,,,,37.787,7.893,47.055,561.596,7676.916,,,7708.58,,,,651.399,1162.17,178.517,320.045,209.947,332.254,,20.791,340.836,0.0,0.0,1723.851,,,,4.255,90.622,603.359,14784.866,,,67.417,,10.356,8.678,6.659,86.746,1086.39,,,1069.348,,18.566,6.893,5.449,57.328,889.014,,,31.951,550.783,,11.457,9.378,157.273,1529.954,,,,12.179,19.959,3.575,97.031,583.186,,,19.274,-0.741,36.908,-44.983,6021.548,,,3365.334,,,,5.315,0.354,2.915,57.754,,1.206,,,,16314.806,,19.772,6.795,5.803,60.242,946.768,,0.0,,0.0,0.0,0.0,,,0.0,,0.0,0.0,0.0,,
,Asia Pacific,1986,3.507,270.349,10.341,110.579,3.651,122.864,4.229,689.959,,,,,,,,,39.395,3.848,46.883,295.405,7972.32,,,7978.928,,,,715.279,1226.368,187.94,328.159,226.168,323.149,,21.69,349.849,0.0,0.0,1815.678,,,,4.193,90.591,619.864,15404.73,,,67.543,,10.351,9.176,6.975,99.687,1186.077,,,1179.927,,18.074,2.535,5.361,22.54,911.554,,,31.725,576.017,,4.582,9.409,70.095,1600.049,,,,12.456,7.726,3.695,45.059,628.245,,,17.798,3.733,36.733,224.772,6246.32,,,3488.199,,,,4.321,0.354,2.496,60.25,,1.195,,,,17004.765,,19.268,2.644,5.715,25.036,971.804,,0.0,,0.0,0.0,0.0,,,0.0,,0.0,0.0,0.0,,
,Asia Pacific,1987,4.02,320.768,6.383,75.317,0.907,31.643,5.656,961.731,,,,,,,,,40.713,7.201,47.569,574.123,8546.442,,,8299.697,,,,802.626,1341.19,211.322,326.891,266.673,327.241,,22.01,348.901,0.0,0.0,1971.436,,,,5.53,90.483,851.85,16256.58,,,68.031,,10.719,6.149,7.008,72.936,1259.014,,,1255.244,,16.581,-0.386,5.054,-3.522,908.032,,,31.225,615.574,,6.867,9.517,109.882,1709.93,,,,13.527,17.909,4.123,112.515,740.76,,,16.599,3.279,35.906,204.791,6451.111,,,3519.841,,,,1.475,0.34,0.889,61.138,,1.116,,,,17966.496,,17.698,-0.271,5.394,-2.633,969.17,,0.0,,0.0,0.0,0.0,,,0.0,,0.0,0.0,0.0,,
,Asia Pacific,1988,4.122,342.149,6.831,85.75,1.075,37.825,7.296,1310.776,,,,,,,,,41.021,7.153,47.505,611.321,9157.763,,,8641.846,,,,871.21,1472.192,226.677,361.786,250.92,374.306,,23.827,385.613,0.0,0.0,2123.811,,,,7.705,90.828,1252.559,17509.14,,,69.318,,10.673,6.648,6.965,83.696,1342.71,,,1340.995,,17.035,10.675,5.213,96.931,1004.963,,,29.971,636.533,,3.405,9.172,58.218,1768.149,,,,11.815,-5.907,3.616,-43.76,697.001,,,17.624,8.643,36.357,557.542,7008.653,,,3557.666,,,,8.255,0.343,5.047,66.185,,1.122,,,,19277.273,,18.157,10.522,5.557,101.978,1071.148,,0.0,,0.0,0.0,0.0,,,0.0,,0.0,0.0,0.0,,
,Asia Pacific,1989,7.216,623.603,3.194,42.834,2.919,103.862,5.365,1034.146,,,,,,,,,41.31,4.504,47.118,412.474,9570.236,,,9265.449,,,,945.039,1592.268,241.565,388.044,265.596,405.665,,26.243,414.287,0.0,0.0,2287.685,,,,5.219,90.702,913.729,18422.869,,,69.602,,10.559,4.957,6.938,66.565,1409.275,,,1383.829,,16.962,7.258,5.307,72.937,1077.9,,,29.719,679.883,,6.81,9.298,120.418,1888.566,,,,11.61,5.849,3.632,40.768,737.769,,,17.733,6.202,36.646,434.691,7443.343,,,3661.528,,,,10.143,0.359,6.713,72.898,,1.147,,,,20311.419,,18.109,7.436,5.666,79.65,1150.798,,0.0,,0.0,0.0,0.0,,,0.0,,0.0,0.0,0.0,,
,Asia Pacific,1990,2.899,268.609,7.854,108.69,3.544,129.767,4.152,843.349,,,,0.0,,0.0,,,40.728,2.144,46.209,205.216,9775.452,,,9534.058,,,,1005.506,1746.454,270.587,399.272,287.139,470.361,,22.334,421.642,0.004,0.032,2468.861,,,,4.142,90.693,763.08,19185.948,,,70.739,,10.96,7.87,7.186,110.916,1520.19,,,1492.519,,16.172,2.893,5.243,31.189,1109.089,,,28.709,708.78,,4.25,9.307,80.27,1968.836,,,,11.63,8.111,3.77,59.839,797.608,,,19.052,6.005,37.298,446.948,7890.291,,,3791.295,,,,-14.896,0.293,-10.859,62.039,,0.905,,,,21154.768,,17.078,1.775,5.536,20.431,1171.229,,0.0,,0.0,0.011,0.011,,,0.001,,0.0,0.09,0.09,,
,Asia Pacific,1991,1.961,186.937,8.8,131.348,2.832,107.385,4.582,969.399,,,,0.0,0.0,0.0,,,42.069,4.101,45.996,400.851,10176.302,,,9720.995,,,,1108.73,1880.16,293.739,410.524,306.128,477.691,,22.838,433.494,0.009,0.122,2635.486,,,,4.606,90.714,883.729,20069.677,,,71.34,,11.146,9.719,7.539,147.749,1667.939,,,1623.866,,15.577,2.818,5.154,31.258,1140.346,,,28.064,739.622,,4.351,9.286,85.671,2054.507,,,,11.616,6.613,3.844,52.749,850.356,,,18.125,4.247,37.178,335.129,8225.42,,,3898.681,,,,2.257,0.287,1.4,63.44,,0.867,,,,22124.166,,16.448,2.811,5.443,32.922,1204.151,,0.0,136.25,0.0,0.015,0.026,,,0.005,277.441,0.002,0.249,0.339,,
,Asia Pacific,1992,3.449,335.284,5.747,93.318,-0.158,-6.168,4.626,1023.374,,,,0.0,0.0,0.0,,,43.837,3.471,45.489,353.258,10529.56,,,10056.279,,,,1218.625,2025.255,313.91,401.525,314.366,492.719,,23.006,424.779,0.028,0.22,2779.897,,,,5.106,91.13,1024.699,21094.376,,,72.854,,11.292,6.798,7.695,113.379,1781.318,,,1717.184,,14.444,-2.192,4.818,-24.999,1115.347,,,26.589,739.145,,-0.064,8.87,-1.325,2053.182,,,,11.309,2.691,3.772,22.883,873.24,,,17.724,6.785,37.946,558.062,8783.481,,,3892.512,,,,0.736,0.276,0.467,63.907,,0.828,,,,23147.54,,15.28,-2.01,5.097,-24.208,1179.943,,0.001,192.063,0.0,0.05,0.077,,,0.008,80.715,0.003,0.274,0.612,,
,Asia Pacific,1993,2.621,263.614,5.895,101.229,0.618,24.038,5.272,1220.299,,,,0.0,0.0,0.0,,,44.213,5.251,45.48,552.886,11082.446,,,10319.893,,,,1290.249,2086.644,326.57,440.287,348.43,469.826,,22.899,463.54,0.043,0.312,2918.25,,,,4.826,90.744,1018.008,22112.384,,,71.503,,11.191,4.786,7.66,85.253,1866.571,,,1818.413,,15.087,9.654,5.019,107.673,1223.02,,,27.824,811.97,,9.853,9.256,202.292,2255.474,,,,11.94,10.836,3.972,94.622,967.861,,,16.1,4.325,37.604,379.869,9163.35,,,3916.55,,,,-0.469,0.261,-0.3,63.607,,0.785,,,,24367.839,,15.884,9.125,5.284,107.67,1287.613,,0.001,56.159,0.0,0.043,0.12,,,0.011,41.439,0.004,0.254,0.866,,
,Asia Pacific,1994,5.628,580.806,9.005,163.752,2.787,109.135,5.504,1341.134,,,,0.0,0.0,0.0,,,45.247,4.988,45.258,552.823,11635.268,,,10900.699,,,,1436.914,2314.099,365.006,443.298,372.059,512.179,,26.371,470.306,0.053,0.584,3175.682,,,,5.683,90.899,1256.706,23369.09,,,72.869,,11.494,8.861,7.904,165.399,2031.97,,,1982.165,,13.959,0.684,4.79,8.365,1231.385,,,26.525,842.365,,3.743,9.101,84.429,2339.904,,,,11.716,6.781,4.02,65.635,1033.497,,,16.128,5.876,37.737,538.484,9701.834,,,4025.685,,,,15.165,0.285,9.646,73.253,,0.83,,,,25708.974,,14.81,1.46,5.082,18.794,1306.407,,0.002,23.898,0.001,0.029,0.148,,,0.018,87.145,0.006,0.755,1.621,,
,Asia Pacific,1995,8.401,915.745,5.088,100.851,1.764,71.004,5.003,1286.123,,,,0.0,0.0,0.0,,,45.594,2.363,44.12,274.988,11910.256,,,11816.444,,,,1548.06,2447.809,407.111,483.434,410.202,492.638,,30.902,515.529,0.071,1.122,3395.297,,,,4.513,90.474,1054.552,24423.642,,,72.094,,11.99,4.749,7.885,96.491,2128.461,,,2083.016,,14.238,9.054,4.975,111.49,1342.874,,,27.265,925.731,,9.897,9.526,231.572,2571.476,,,,12.081,10.252,4.221,105.953,1139.45,,,14.509,7.041,38.47,683.073,10384.906,,,4096.689,,,,17.182,0.318,12.587,85.839,,0.91,,,,26995.096,,15.184,9.616,5.305,125.619,1432.026,,0.002,32.322,0.001,0.048,0.196,,,0.033,92.191,0.012,1.494,3.116,,
,Asia Pacific,1996,3.574,422.367,9.18,191.227,3.321,136.066,4.664,1258.93,,,,0.0,0.0,0.0,,,47.187,4.383,44.002,521.983,12432.238,,,12238.811,,,,1685.218,2611.64,443.333,473.409,431.28,483.089,,31.456,505.955,0.098,0.991,3571.364,,,,5.024,90.786,1226.976,25650.618,,,73.127,,12.414,9.175,8.224,195.28,2323.741,,,2274.243,,13.256,-2.074,4.654,-27.847,1315.027,,,26.243,937.234,,1.243,9.214,31.955,2603.431,,,,12.076,5.138,4.24,58.55,1198.0,,,13.527,4.908,38.56,509.713,10894.619,,,4232.756,,,,1.792,0.309,1.539,87.378,,0.881,,,,28254.026,,14.167,-1.857,4.974,-26.594,1405.431,,0.003,38.919,0.001,0.076,0.273,,,0.028,-11.626,0.01,-0.362,2.753,,
,Asia Pacific,1997,1.408,172.334,6.47,147.137,0.996,42.151,3.054,862.884,,,,0.0,0.0,0.0,,,47.527,0.458,42.893,56.951,12489.189,,,12411.146,,,,1778.62,2746.245,508.748,475.895,459.453,458.877,,34.938,512.193,0.147,1.214,3742.363,,,,2.991,90.73,767.296,26417.914,,,73.383,,13.594,8.048,8.623,187.006,2510.747,,,2421.38,,12.716,0.525,4.54,6.903,1321.931,,,25.963,971.646,,3.672,9.27,95.588,2699.019,,,,12.277,6.532,4.383,78.259,1276.258,,,12.262,4.804,39.214,523.339,11417.957,,,4274.907,,,,11.069,0.333,9.672,97.05,,0.934,,,,29116.91,,13.686,1.233,4.886,17.33,1422.761,,0.004,49.77,0.001,0.136,0.408,,,0.032,22.472,0.012,0.619,3.372,,
,Asia Pacific,1998,-2.187,-271.492,1.644,39.814,-0.43,-18.393,-0.338,-98.273,,,,0.0,0.0,0.0,,,47.872,-0.098,42.996,-12.243,12476.946,,,12139.653,,,,1842.641,2800.48,532.891,506.674,478.352,424.948,,37.542,545.909,0.203,1.49,3849.126,,,,-0.925,90.195,-244.424,26173.491,,,72.756,,13.844,2.273,8.849,57.065,2567.812,,,2461.194,,13.163,6.468,4.85,85.499,1407.43,,,26.61,1024.26,,5.415,9.805,146.151,2845.17,,,,12.428,4.113,4.579,52.498,1328.756,,,11.04,-2.533,38.35,-289.246,11128.712,,,4256.513,,,,7.453,0.359,7.233,104.283,,0.975,,,,29018.637,,14.183,6.583,5.226,93.653,1516.414,,0.005,38.026,0.002,0.155,0.564,,,0.039,22.703,0.014,0.766,4.138,,
,Asia Pacific,1999,2.763,335.383,6.259,154.058,-0.964,-41.016,3.843,1115.238,,,,0.0,0.0,0.0,,,49.256,3.05,42.668,380.58,12857.526,,,12475.036,,,,1989.484,2985.018,577.148,500.243,486.471,418.386,,41.203,543.785,0.286,2.053,4039.029,,,,4.197,90.503,1098.584,27272.074,,,73.904,,14.289,7.987,9.202,205.102,2772.913,,,2615.251,,12.385,-1.269,4.611,-17.865,1389.565,,,25.508,1030.256,,0.585,9.497,16.655,2861.825,,,,12.044,1.697,4.484,22.553,1351.309,,,10.359,4.609,38.633,512.902,11641.614,,,4215.498,,,,9.751,0.38,10.169,114.452,,1.02,,,,30133.875,,13.463,-0.389,5.013,-5.898,1510.516,,0.007,41.074,0.003,0.232,0.795,,,0.051,37.844,0.019,1.566,5.703,,
,Asia Pacific,2000,4.046,504.707,6.091,159.296,5.288,222.924,3.717,1119.93,,,,0.002,0.622,0.622,,,50.685,3.793,42.699,487.661,13345.186,,,12979.743,,,,2172.209,3191.57,599.537,521.653,500.039,419.825,,44.608,569.253,0.428,2.564,4285.7,,,,3.707,90.494,1010.874,28282.948,,,74.47,,13.989,7.623,9.549,211.371,2984.284,,,2774.547,,12.172,4.28,4.636,59.472,1449.037,,,24.95,1069.293,,3.811,9.506,109.057,2970.882,,,,11.668,2.789,4.444,37.69,1388.999,,,9.796,2.679,38.246,311.842,11953.455,,,4438.421,,,,8.265,0.396,9.459,123.911,,1.041,,,,31253.805,,13.283,4.725,5.061,71.367,1581.883,,0.01,49.68,0.004,0.395,1.19,,,0.06,24.873,0.023,1.419,7.122,,
,Asia Pacific,2001,6.184,802.641,2.897,80.389,-0.971,-43.101,3.26,1019.007,,,21.279,0.002,0.132,0.754,,,51.514,4.596,43.252,613.405,13958.591,,,13782.383,,,,2306.791,3327.022,638.713,570.464,506.604,381.518,,45.244,619.834,0.609,3.517,4477.993,,,,3.113,90.365,880.457,29163.405,,,74.297,,14.263,6.111,9.812,182.378,3166.662,,,2854.937,,12.739,8.647,4.878,125.296,1574.333,,,25.155,1126.438,,4.664,9.635,138.551,3109.432,,,,11.313,0.655,4.332,9.097,1398.096,,,8.52,0.708,37.301,84.674,12038.129,,,4395.32,,,,0.768,0.387,0.951,124.862,,1.01,,,,32272.812,,13.842,8.183,5.303,129.453,1711.336,,0.014,41.092,0.005,0.489,1.679,,,0.079,36.296,0.03,2.585,9.707,,
,Asia Pacific,2002,5.942,819.008,6.513,185.936,0.281,12.347,5.04,1626.667,,,1454.783,0.035,10.975,11.729,,,52.624,7.655,44.329,1068.574,15027.164,,,14601.392,,,,2506.073,3586.174,690.094,578.909,519.29,390.007,,47.074,630.879,0.829,4.067,4762.24,,,,5.386,90.662,1570.68,30734.086,,,75.304,,14.491,4.634,9.774,146.758,3313.42,,,3040.873,,12.156,0.826,4.682,12.999,1587.332,,,24.152,1150.169,,1.801,9.338,55.988,3165.42,,,,10.904,1.843,4.2,25.763,1423.86,,,8.19,2.952,36.559,355.348,12393.477,,,4407.668,,,,3.373,0.381,4.212,129.074,,0.988,,,,33899.479,,13.248,1.766,5.137,30.224,1741.56,,0.017,35.374,0.007,0.594,2.273,,,0.085,14.879,0.033,1.444,11.151,,
,Asia Pacific,2003,13.307,1942.989,6.305,191.741,-1.037,-45.701,8.232,2790.49,,,23.601,0.04,2.768,14.497,,,55.2,14.227,46.784,2137.913,17165.076,,,16544.38,,,,2814.48,3960.393,755.634,594.354,462.029,390.279,,49.245,650.056,1.117,5.341,5098.707,,,,9.474,91.703,2911.692,33645.778,,,77.674,,14.82,8.299,9.78,274.991,3588.411,,,3232.613,,11.657,2.01,4.413,31.904,1619.236,,,21.811,1112.086,,-3.829,8.297,-121.2,3044.221,,,,9.062,-11.597,3.431,-165.125,1258.735,,,7.654,4.025,35.138,498.787,12892.264,,,4361.967,,,,3.94,0.366,5.086,134.16,,0.966,,,,36689.969,,12.749,2.522,4.866,43.925,1785.486,,0.022,33.807,0.008,0.769,3.042,,,0.105,30.48,0.04,3.399,14.55,,
,Asia Pacific,2004,14.073,2328.244,6.532,211.161,1.079,47.062,9.856,3616.105,,,12.641,0.041,1.833,16.33,,,55.119,12.539,47.927,2152.25,19317.324,,,18872.624,,,,3068.813,4253.828,800.505,699.152,530.21,384.51,,53.026,762.828,1.464,9.187,5567.613,,,,9.344,91.275,3143.732,36789.51,,,76.403,,14.378,5.959,9.433,213.846,3802.257,,,3443.775,,12.557,16.883,4.696,273.375,1892.611,,,23.224,1293.039,,15.517,8.725,472.376,3516.597,,,,9.523,14.026,3.561,176.549,1435.284,,,6.906,6.032,33.915,777.636,13669.9,,,4409.029,,,,6.992,0.356,9.381,143.541,,0.952,,,,40306.074,,13.701,16.568,5.164,295.827,2081.313,,0.026,30.261,0.01,0.921,3.962,,,0.165,70.912,0.062,10.318,24.868,,
,Asia Pacific,2005,10.543,1989.677,8.028,276.468,1.008,44.429,7.716,3109.892,,,20.878,0.045,3.409,19.74,,,56.853,13.66,50.571,2638.701,21956.022,,,20862.3,,,,3394.852,4597.518,819.772,727.961,553.142,382.894,,60.192,802.025,1.853,12.019,5971.267,,,,8.05,91.558,2961.522,39751.032,,,76.994,,13.729,7.43,9.408,282.513,4084.77,,,3720.243,,12.191,3.461,4.51,65.513,1958.124,,,22.695,1355.167,,4.219,8.442,148.372,3664.969,,,,9.263,3.665,3.427,52.599,1487.883,,,6.412,0.295,31.579,40.308,13710.208,,,4453.458,,,,12.797,0.373,18.369,161.909,,1.008,,,,43415.966,,13.431,4.602,5.014,95.773,2177.086,,0.031,25.757,0.011,1.021,4.983,,,0.201,30.005,0.074,7.462,32.33,,
,Asia Pacific,2006,7.095,1480.263,4.704,174.987,-0.624,-27.788,5.884,2554.763,,,30.013,0.056,5.924,25.664,,,58.256,7.683,51.43,1686.783,23642.804,,,22342.563,,,,3761.458,4982.848,880.77,801.698,567.918,340.62,,64.501,887.059,2.291,18.57,6456.821,,,,5.799,91.484,2304.978,42056.009,,,77.172,,13.641,7.598,9.561,310.377,4395.147,,,3895.23,,12.416,9.437,4.661,184.781,2142.905,,,22.534,1454.977,,6.816,8.516,249.788,3914.757,,,,8.796,2.025,3.302,30.137,1518.02,,,5.275,2.245,30.493,307.817,14018.025,,,4425.67,,,,6.484,0.375,10.498,172.407,,0.999,,,,45970.729,,13.738,10.089,5.214,219.651,2396.737,,0.035,22.896,0.013,1.141,6.124,,,0.288,53.53,0.108,17.306,49.636,,
,Asia Pacific,2007,7.488,1672.953,4.501,175.331,0.386,17.073,6.232,2864.812,,,17.551,0.062,4.504,30.168,,,59.703,8.347,52.454,1973.574,25616.376,,,24015.516,,,,4188.029,5499.276,954.84,852.174,544.765,356.407,,71.135,950.66,2.748,24.603,7014.726,,,,6.604,91.804,2777.177,44833.186,,,78.396,,13.612,7.708,9.694,338.776,4733.922,,,4070.56,,12.148,5.632,4.635,120.684,2263.589,,,21.318,1495.425,,2.239,8.196,87.637,4002.394,,,,7.766,-4.676,2.963,-70.988,1447.032,,,5.081,3.316,29.656,464.828,14482.852,,,4442.743,,,,9.596,0.387,16.544,188.952,,1.014,,,,48835.541,,13.552,6.618,5.233,158.625,2555.361,,0.039,19.209,0.015,1.176,7.3,,,0.351,31.662,0.134,15.716,65.352,,
,Asia Pacific,2008,4.384,1052.828,4.721,192.165,1.829,81.261,2.771,1353.109,,,32.151,0.079,9.699,39.868,,,58.996,2.783,52.461,712.964,26329.34,,,25068.345,,,,4308.012,5640.108,1005.964,997.777,528.901,326.132,,78.971,1116.158,3.33,36.08,7302.207,,,,2.17,91.268,973.087,45806.273,,,77.238,,13.776,6.407,10.037,303.322,5037.244,,,4262.725,,13.664,16.359,5.248,370.297,2633.885,,,22.528,1645.058,,9.495,8.732,380.023,4382.416,,,,7.243,-3.515,2.782,-50.865,1396.167,,,4.466,-0.298,28.771,-43.199,14439.653,,,4524.005,,,,10.326,0.415,19.512,208.463,,1.081,,,,50188.65,,15.285,16.862,5.95,430.888,2986.249,,0.046,20.411,0.018,1.49,8.79,,,0.494,45.737,0.19,29.89,95.242,,
,Asia Pacific,2009,3.861,967.772,4.284,182.625,-0.732,-33.1,2.233,1120.962,,,17.219,0.091,6.865,46.732,,,60.399,3.243,52.979,853.788,27183.127,,,26036.117,,,,4552.583,5851.8,1045.398,968.087,553.403,253.819,,87.289,1114.607,4.382,54.848,7537.494,,,,2.359,91.38,1080.692,46886.966,,,77.636,,13.869,2.366,10.05,119.175,5156.419,,,4445.349,,12.844,-3.575,4.95,-94.149,2539.736,,,22.129,1668.009,,0.919,8.62,40.27,4422.686,,,,7.342,3.987,2.83,55.662,1451.83,,,3.367,0.746,28.352,107.73,14547.382,,,4490.905,,,,9.851,0.446,20.536,229.0,,1.158,,,,51309.611,,14.787,-0.515,5.79,-15.392,2970.857,,0.058,30.789,0.022,2.706,11.497,,,0.728,51.08,0.28,48.649,143.891,,
,Asia Pacific,2010,7.167,1865.884,9.803,435.77,4.488,201.567,6.436,3302.085,,,14.811,0.098,6.921,53.654,,,59.729,4.582,52.056,1245.408,28428.534,,,27902.001,,,,4932.202,6348.67,1164.215,1097.622,582.945,252.253,,99.389,1285.232,6.737,81.484,8257.696,,,,5.972,90.982,2800.101,49687.066,,,76.882,,14.099,11.619,10.539,599.143,5755.561,,,4881.119,,13.292,12.685,5.24,322.164,2861.901,,,22.623,1868.178,,11.35,9.018,501.987,4924.674,,,,7.059,4.692,2.783,68.121,1519.951,,,3.055,6.569,28.388,955.549,15502.931,,,4692.472,,,,13.163,0.475,30.144,259.143,,1.204,,,,54611.696,,15.564,14.604,6.234,433.866,3404.723,,0.082,52.79,0.032,6.069,17.566,,,0.987,47.652,0.389,68.568,212.459,,
,Asia Pacific,2011,9.672,2698.787,0.91,44.442,-1.902,-89.263,5.285,2886.393,,,11.548,0.104,6.196,59.85,,,61.343,7.335,53.069,2085.279,30513.811,,,30600.788,,,,5444.19,6997.113,1240.688,1117.743,483.132,312.236,,108.747,1352.194,12.153,113.551,8875.06,,,,6.028,91.624,2995.037,52682.103,,,78.84,,13.979,7.846,10.795,451.559,6207.12,,,4925.562,,12.594,1.212,5.038,34.691,2896.591,,,20.68,1835.325,,-2.206,8.376,-108.642,4816.032,,,,5.444,-17.628,2.177,-267.932,1252.019,,,3.518,2.956,27.759,458.199,15961.13,,,4603.208,,,,8.748,0.49,22.671,281.814,,1.225,,,,57498.089,,15.236,4.679,6.198,159.29,3564.013,,0.137,79.285,0.055,13.927,31.494,,,1.279,38.504,0.512,81.805,294.264,,
,Asia Pacific,2012,2.357,721.176,1.941,95.604,1.288,59.305,3.253,1870.6,,,18.02,0.119,10.785,70.635,,,61.011,2.139,52.497,652.751,31166.561,,,31321.964,,,,5660.715,7348.628,1319.38,1261.912,342.914,368.533,,117.627,1544.791,17.528,147.724,9278.136,,,,3.329,91.691,1753.725,54435.828,,,79.204,,14.22,6.645,11.15,412.458,6619.578,,,5021.165,,13.601,12.214,5.475,353.79,3250.381,,,20.346,1887.705,,2.427,8.309,116.877,4932.909,,,,3.696,-29.453,1.488,-368.756,883.263,,,3.972,4.314,28.044,688.517,16649.646,,,4662.514,,,,7.511,0.51,21.166,302.98,,1.268,,,,59368.69,,16.65,13.626,6.821,485.633,4049.645,,0.189,43.357,0.076,13.655,45.148,,,1.592,29.306,0.641,86.237,380.5,,
,Asia Pacific,2013,3.511,1099.643,2.005,100.694,-1.625,-75.761,2.978,1767.755,,,24.641,0.144,17.405,88.04,,,62.016,2.664,52.337,830.183,31996.744,,,32421.607,,,,6085.235,7707.787,1317.377,1367.364,344.098,305.175,,129.557,1717.715,32.321,188.472,9812.31,,,,2.45,91.222,1333.884,55769.712,,,78.552,,13.426,3.642,11.222,241.054,6860.632,,,5121.86,,13.935,7.704,5.726,250.403,3500.785,,,21.013,2061.813,,8.795,8.778,433.873,5366.782,,,,3.507,-0.259,1.441,-2.289,880.975,,,3.11,1.577,27.663,262.646,16912.292,,,4586.753,,,,9.479,0.543,28.719,331.699,,1.32,,,,61136.445,,17.506,10.77,7.337,436.162,4485.807,,0.329,83.283,0.135,37.601,82.749,,,1.921,26.816,0.789,102.034,482.534,,
,Asia Pacific,2014,-0.362,-117.436,4.116,210.823,0.173,7.941,2.402,1468.559,,,20.215,0.169,17.797,105.838,,,61.328,1.243,51.744,397.727,32394.471,,,32304.171,,,,6337.492,7970.687,1367.653,1521.93,371.369,265.542,,148.078,1947.102,62.822,214.273,10333.718,,,,1.487,90.406,829.198,56598.911,,,77.133,,13.235,2.913,11.278,199.868,7060.499,,,5332.683,,14.728,10.637,6.187,372.394,3873.179,,,22.436,2318.471,,11.913,9.594,639.361,6006.143,,,,3.594,7.279,1.51,64.126,945.101,,,2.57,1.369,27.384,231.603,17143.895,,,4594.693,,,,13.61,0.602,45.146,376.844,,1.433,,,,62605.004,,18.842,12.823,8.084,575.235,5061.042,,0.608,93.206,0.255,77.127,159.877,,,2.074,13.009,0.871,62.771,545.305,,
,Asia Pacific,2015,-0.767,-247.725,5.019,267.652,1.192,54.789,1.766,1105.489,,,-13.759,0.143,-14.562,91.276,,,60.089,-0.472,50.606,-153.051,32241.42,,,32056.447,,,,6269.606,7899.706,1378.536,1565.605,419.749,251.565,,165.557,2069.568,95.346,243.06,10433.852,,,,1.277,89.972,722.974,57321.884,,,75.712,,13.212,1.463,11.244,103.283,7163.783,,,5600.335,,15.005,2.257,6.217,87.432,3960.61,,,23.858,2489.317,,6.369,10.028,382.516,6388.659,,,,4.023,12.355,1.667,116.764,1061.865,,,2.411,4.507,28.122,772.741,17916.636,,,4649.482,,,,11.139,0.657,41.976,418.82,,1.587,,,,63710.493,,19.835,5.251,8.361,265.752,5326.794,,0.914,50.868,0.379,81.327,241.203,,,2.33,12.76,0.965,69.579,614.885,,
,Asia Pacific,2016,-4.607,-1476.817,3.393,190.015,-4.038,-187.747,2.131,1357.445,,,25.696,0.176,23.454,114.73,,,59.12,-0.147,49.477,-47.545,32193.875,,,30579.63,,,,6472.257,8118.562,1404.532,1628.172,467.701,241.773,,170.847,2251.758,141.531,311.208,10947.576,,,,1.383,89.313,792.494,58114.378,,,74.159,,12.83,2.362,11.27,169.242,7333.024,,,5790.35,,14.872,3.381,6.293,133.909,4094.519,,,24.841,2719.459,,8.843,10.687,564.952,6953.612,,,,4.272,10.765,1.808,114.307,1176.172,,,2.208,3.744,28.566,670.797,18587.433,,,4461.736,,,,2.585,0.66,10.826,429.646,,1.561,,,,65067.937,,20.569,8.46,8.879,450.645,5777.439,,1.293,47.56,0.547,114.717,355.921,,,2.843,27.28,1.203,167.739,782.623,,
,Asia Pacific,2017,2.112,645.758,4.418,255.845,-3.837,-171.175,3.057,1989.084,,,-5.059,0.162,-5.804,108.926,,,59.088,1.441,48.702,463.988,32657.862,,,31225.388,,,,6836.36,8486.063,1439.621,1671.439,493.577,210.083,,197.444,2475.787,219.805,387.098,11569.8,,,,2.427,88.767,1410.355,59524.733,,,73.347,,12.443,5.358,11.521,392.902,7725.926,,,6046.195,,14.447,2.054,6.231,84.082,4178.601,,,25.665,2969.364,,8.323,11.233,578.73,7532.341,,,,4.266,4.912,1.84,57.772,1233.944,,,1.816,2.978,28.544,553.465,19140.897,,,4290.561,,,,14.888,0.736,63.965,493.611,,1.707,,,,67057.021,,21.399,9.017,9.393,520.958,6298.398,,1.9,54.392,0.819,193.593,549.514,,,3.346,23.654,1.443,185.122,967.745,,
,Asia Pacific,2018,6.739,2104.266,3.638,219.968,-2.228,-95.588,3.497,2345.053,,,26.759,0.199,29.147,138.073,,,59.226,2.321,48.148,758.136,33415.998,,,33329.654,,,,7308.101,8965.136,1478.748,1711.996,553.593,178.287,,221.826,2704.883,309.11,461.952,12339.297,,,,2.756,88.132,1640.764,61165.497,,,72.655,,11.984,7.396,11.955,571.402,8297.328,,,6266.163,,13.874,1.827,6.131,76.363,4254.964,,,26.407,3258.476,,9.35,11.868,704.291,8236.633,,,,4.486,11.503,1.982,141.947,1375.89,,,1.445,1.626,28.028,311.225,19452.122,,,4194.972,,,,11.691,0.794,57.71,551.322,,1.798,,,,69402.074,,21.921,8.928,9.885,562.345,6860.742,,2.505,39.807,1.107,218.743,768.257,,,3.744,18.639,1.654,180.381,1148.127,,
,Asia Pacific,2019,4.023,1340.934,5.047,316.242,0.016,0.66,2.679,1859.022,,,25.315,0.243,34.953,173.026,,,58.058,1.724,47.701,576.203,33992.201,,,34670.589,,,,7397.446,9039.606,1497.084,1791.478,646.915,145.076,,247.815,2940.7,392.039,509.368,12741.571,,,,1.699,87.291,1038.912,62204.409,,,70.946,,11.75,3.421,12.042,283.87,8581.198,,,6582.405,,14.06,4.257,6.225,181.128,4436.091,,,28.157,3587.615,,9.957,12.709,820.112,9056.745,,,,5.077,16.427,2.248,226.012,1601.902,,,1.139,0.919,27.548,178.838,19630.96,,,4195.633,,,,11.304,0.861,62.321,613.643,,1.945,,,,71261.096,,23.08,8.659,10.461,594.1,7454.842,,3.077,26.361,1.362,202.518,970.774,,,3.998,9.858,1.77,113.181,1261.307,,
,Asia Pacific,2020,-0.956,-331.417,-0.936,-61.63,-2.114,-88.701,-1.283,-914.003,,,-1.331,0.243,-2.304,170.723,,,57.173,-1.143,47.768,-388.684,33603.517,,,34339.171,,,,7386.396,8967.079,1456.879,1847.216,654.781,123.805,,279.073,3169.224,470.298,572.636,12919.334,,,,-2.351,86.346,-1462.271,60742.138,,,69.408,,11.277,0.405,12.248,34.748,8615.946,,,6520.775,,14.298,2.733,6.478,121.217,4557.308,,,29.599,3824.005,,6.054,13.654,548.266,9605.011,,,,5.068,0.844,2.296,13.523,1615.425,,,0.958,-5.646,26.33,-1108.334,18522.627,,,4106.932,,,,12.2,0.979,74.865,688.508,,2.16,,,,70347.093,,24.531,7.173,11.357,534.743,7989.586,,3.64,19.521,1.649,189.509,1160.283,,,4.432,12.008,2.008,151.456,1412.763,,
