iso_code,country,year,coal_prod_change_pct,coal_prod_change_twh,gas_prod_change_pct,gas_prod_change_twh,oil_prod_change_pct,oil_prod_change_twh,energy_cons_change_pct,energy_cons_change_twh,biofuel_share_elec,biofuel_elec_per_capita,biofuel_cons_change_pct,biofuel_share_energy,biofuel_cons_change_twh,biofuel_consumption,biofuel_cons_per_capita,carbon_intensity_elec,coal_share_elec,coal_cons_change_pct,coal_share_energy,coal_cons_change_twh,coal_consumption,coal_elec_per_capita,coal_cons_per_capita,coal_production,coal_prod_per_capita,electricity_demand,biofuel_electricity,coal_electricity,fossil_electricity,gas_electricity,hydro_electricity,nuclear_electricity,oil_electricity,other_renewable_exc_biofuel_electricity,other_renewable_electricity,renewables_electricity,solar_electricity,wind_electricity,electricity_generation,greenhouse_gas_emissions,energy_per_gdp,energy_per_capita,fossil_cons_change_pct,fossil_share_energy,fossil_cons_change_twh,fossil_fuel_consumption,fossil_energy_per_capita,fossil_cons_per_capita,fossil_share_elec,gdp,gas_share_elec,gas_cons_change_pct,gas_share_energy,gas_cons_change_twh,gas_consumption,gas_elec_per_capita,gas_energy_per_capita,gas_production,gas_prod_per_capita,hydro_share_elec,hydro_cons_change_pct,hydro_share_energy,hydro_cons_change_twh,hydro_consumption,hydro_elec_per_capita,hydro_energy_per_capita,low_carbon_share_elec,low_carbon_electricity,low_carbon_elec_per_capita,low_carbon_cons_change_pct,low_carbon_share_energy,low_carbon_cons_change_twh,low_carbon_consumption,low_carbon_energy_per_capita,net_elec_imports_share_demand,net_elec_imports,nuclear_share_elec,nuclear_cons_change_pct,nuclear_share_energy,nuclear_cons_change_twh,nuclear_consumption,nuclear_elec_per_capita,nuclear_energy_per_capita,oil_share_elec,oil_cons_change_pct,oil_share_energy,oil_cons_change_twh,oil_consumption,oil_elec_per_capita,oil_energy_per_capita,oil_production,oil_prod_per_capita,other_renewables_elec_per_capita_exc_biofuel,other_renewables_elec_per_capita,other_renewables_cons_change_pct,other_renewables_share_energy,other_renewables_cons_change_twh,other_renewable_consumption,other_renewables_share_elec_exc_biofuel,other_renewables_share_elec,other_renewables_energy_per_capita,per_capita_electricity,population,primary_energy_consumption,renewables_elec_per_capita,renewables_share_elec,renewables_cons_change_pct,renewables_share_energy,renewables_cons_change_twh,renewables_consumption,renewables_energy_per_capita,solar_share_elec,solar_cons_change_pct,solar_share_energy,solar_cons_change_twh,solar_consumption,solar_elec_per_capita,solar_energy_per_capita,wind_share_elec,wind_cons_change_pct,wind_share_energy,wind_cons_change_twh,wind_consumption,wind_elec_per_capita,wind_energy_per_capita
AUT,Austria,1900,,,,,,,,,,,,,,,,,,,,,,,,172.526,28854.432,,,,,,,,,,,,,,,,,,,,,,,,,27439962000.0,,,,,,,,0.0,0.0,,,,,,,,,,,,,,,,,,,,,,,,,,,,,,,,0.0,0.0,,,,,,,,,,,5979177.0,,,,,,,,,,,,,,,,,,,,,,
AUT,Austria,1901,5.607,9.674,,0.0,,0.0,,,,,,,,,,,,,,,,,,182.199,30162.66,,,,,,,,,,,,,,,,,,,,,,,,,27549775000.0,,,,,,,,0.0,0.0,,,,,,,,,,,,,,,,,,,,,,,,,,,,,,,,0.0,0.0,,,,,,,,,,,6040558.0,,,,,,,,,,,,,,,,,,,,,,
AUT,Austria,1902,-3.808,-6.937,,0.0,,0.012,,,,,,,,,,,,,,,,,,175.262,28719.386,,,,,,,,,,,,,,,,,,,,,,,,,28628706000.0,,,,,,,,0.0,0.0,,,,,,,,,,,,,,,,,,,,,,,,,,,,,,,,0.012,1.906,,,,,,,,,,,6102566.0,,,,,,,,,,,,,,,,,,,,,,
AUT,Austria,1903,2.144,3.757,,0.0,0.0,0.0,,,,,,,,,,,,,,,,,,179.019,29037.006,,,,,,,,,,,,,,,,,,,,,,,,,28896832000.0,,,,,,,,0.0,0.0,,,,,,,,,,,,,,,,,,,,,,,,,,,,,,,,0.012,1.886,,,,,,,,,,,6165209.0,,,,,,,,,,,,,,,,,,,,,,
AUT,Austria,1904,1.317,2.357,,0.0,0.0,0.0,,,,,,,,,,,,,,,,,,181.376,29120.374,,,,,,,,,,,,,,,,,,,,,,,,,29346336000.0,,,,,,,,0.0,0.0,,,,,,,,,,,,,,,,,,,,,,,,,,,,,,,,0.012,1.867,,,,,,,,,,,6228494.0,,,,,,,,,,,,,,,,,,,,,,
AUT,Austria,1905,4.717,8.555,,0.0,0.0,0.0,,,,,,,,,,,,,,,,,,189.931,30184.022,,,,,,,,,,,,,,,,,,,,,,,,,30988100000.0,,,,,,,,0.0,0.0,,,,,,,,,,,,,,,,,,,,,,,,,,,,,,,,0.012,1.848,,,,,,,,,,,6292428.0,,,,,,,,,,,,,,,,,,,,,,
AUT,Austria,1906,6.8,12.915,,0.0,0.0,0.0,,,,,,,,,,,,,,,,,,202.846,31908.947,,,,,,,,,,,,,,,,,,,,,,,,,32179134000.0,,,,,,,,0.0,0.0,,,,,,,,,,,,,,,,,,,,,,,,,,,,,,,,0.012,1.829,,,,,,,,,,,6357019.0,,,,,,,,,,,,,,,,,,,,,,
AUT,Austria,1907,5.492,11.141,,0.0,0.0,0.0,,,,,,,,,,,,,,,,,,213.987,33319.484,,,,,,,,,,,,,,,,,,,,,,,,,34166141000.0,,,,,,,,0.0,0.0,,,,,,,,,,,,,,,,,,,,,,,,,,,,,,,,0.012,1.811,,,,,,,,,,,6422273.0,,,,,,,,,,,,,,,,,,,,,,
AUT,Austria,1908,0.936,2.004,,0.0,100.0,0.012,,,,,,,,,,,,,,,,,,215.991,33289.76,,,,,,,,,,,,,,,,,,,,,,,,,34318620000.0,,,,,,,,0.0,0.0,,,,,,,,,,,,,,,,,,,,,,,,,,,,,,,,0.023,3.585,,,,,,,,,,,6488197.0,,,,,,,,,,,,,,,,,,,,,,
AUT,Austria,1909,-1.833,-3.959,,0.0,0.0,0.0,,,,,,,,,,,,,,,,,,212.031,32430.53,,,,,,,,,,,,,,,,,,,,,,,,,34204100000.0,,,,,,,,0.0,0.0,,,,,,,,,,,,,,,,,,,,,,,,,,,,,,,,0.023,3.558,,,,,,,,,,,6538011.0,,,,,,,,,,,,,,,,,,,,,,
AUT,Austria,1910,-1.422,-3.015,,0.0,0.0,0.0,,,,,,,,,,,,,,,,,,209.016,31806.017,,,,,,,,,,,,,,,,,,,,,,,,,34683816000.0,,,,,,,,0.0,0.0,,,,,,,,,,,,,,,,,,,,,,,,,,,,,,,,0.023,3.539,,,,,,,,,,,6571589.0,,,,,,,,,,,,,,,,,,,,,,
AUT,Austria,1911,2.604,5.442,,0.0,-50.0,-0.012,,,,,,,,,,,,,,,,,,214.458,32548.899,,,,,,,,,,,,,,,,,,,,,,,,,35772516000.0,,,,,,,,0.0,0.0,,,,,,,,,,,,,,,,,,,,,,,,,,,,,,,,0.012,1.765,,,,,,,,,,,6588805.0,,,,,,,,,,,,,,,,,,,,,,
AUT,Austria,1912,7.214,15.472,,0.0,0.0,0.0,,,,,,,,,,,,,,,,,,229.93,34893.273,,,,,,,,,,,,,,,,,,,,,,,,,37566988000.0,,,,,,,,0.0,0.0,,,,,,,,,,,,,,,,,,,,,,,,,,,,,,,,0.012,1.765,,,,,,,,,,,6589531.0,,,,,,,,,,,,,,,,,,,,,,
AUT,Austria,1913,4.178,9.606,,0.0,0.0,0.0,,,,,,,,,,,,,,,,,,239.537,36438.99,,,,,,,,,,,,,,,,,,,,,,,,,37374141000.0,,,,,,,,0.0,0.0,,,,,,,,,,,,,,,,,,,,,,,,,,,,,,,,0.012,1.769,,,,,,,,,,,6573639.0,,,,,,,,,,,,,,,,,,,,,,
AUT,Austria,1914,-9.217,-22.077,,0.0,0.0,0.0,,,,,,,,,,,,,,,,,,217.459,33160.491,,,,,,,,,,,,,,,,,,,,,,,,,31198704000.0,,,,,,,,0.0,0.0,,,,,,,,,,,,,,,,,,,,,,,,,,,,,,,,0.012,1.773,,,,,,,,,,,6557784.0,,,,,,,,,,,,,,,,,,,,,,
AUT,Austria,1915,0.096,0.209,,0.0,0.0,0.0,,,,,,,,,,,,,,,,,,217.669,33272.643,,,,,,,,,,,,,,,,,,,,,,,,,28939047000.0,,,,,,,,0.0,0.0,,,,,,,,,,,,,,,,,,,,,,,,,,,,,,,,0.012,1.778,,,,,,,,,,,6541968.0,,,,,,,,,,,,,,,,,,,,,,
AUT,Austria,1916,-29.777,-64.814,,0.0,-100.0,-0.012,,,,,,,,,,,,,,,,,,152.854,23421.685,,,,,,,,,,,,,,,,,,,,,,,,,28589925000.0,,,,,,,,0.0,0.0,,,,,,,,,,,,,,,,,,,,,,,,,,,,,,,,0.0,0.0,,,,,,,,,,,6526190.0,,,,,,,,,,,,,,,,,,,,,,
AUT,Austria,1917,-93.661,-143.165,,0.0,,0.0,,,,,,,,,,,,,,,,,,9.689,1488.229,,,,,,,,,,,,,,,,,,,,,,,,,27967770000.0,,,,,,,,0.0,0.0,,,,,,,,,,,,,,,,,,,,,,,,,,,,,,,,0.0,0.0,,,,,,,,,,,6510449.0,,,,,,,,,,,,,,,,,,,,,,
AUT,Austria,1918,-3.28,-0.318,,0.0,,0.0,,,,,,,,,,,,,,,,,,9.371,1442.919,,,,,,,,,,,,,,,,,,,,,,,,,27399071000.0,,,,,,,,0.0,0.0,,,,,,,,,,,,,,,,,,,,,,,,,,,,,,,,0.0,0.0,,,,,,,,,,,6494626.0,,,,,,,,,,,,,,,,,,,,,,
AUT,Austria,1919,-9.539,-0.894,,0.0,,0.0,,,,,,,,,,,,,,,,,,8.477,1306.922,,,,,,,,,,,,,,,,,,,,,,,,,23118420000.0,,,,,,,,0.0,0.0,,,,,,,,,,,,,,,,,,,,,,,,,,,,,,,,0.0,0.0,,,,,,,,,,,6486498.0,,,,,,,,,,,,,,,,,,,,,,
AUT,Austria,1920,22.313,1.892,,0.0,,0.0,,,,,,,,,,,,,,,,,,10.369,1598.639,,,,,,,,,,,,,,,,,,,,,,,,,24819475000.0,,,,,,,,0.0,0.0,,,,,,,,,,,,,,,,,,,,,,,,,,,,,,,,0.0,0.0,,,,,,,,,,,6486071.0,,,,,,,,,,,,,,,,,,,,,,
AUT,Austria,1921,2.995,0.311,,0.0,,0.0,,,,,,,,,,,,,,,,,,10.679,1644.67,,,,,,,,,,,,,,,,,,,,,,,,,27472896000.0,,,,,,,,0.0,0.0,,,,,,,,,,,,,,,,,,,,,,,,,,,,,,,,0.0,0.0,,,,,,,,,,,6493354.0,,,,,,,,,,,,,,,,,,,,,,
AUT,Austria,1922,25.849,2.761,,0.0,,0.0,,,,,,,,,,,,,,,,,,13.44,2065.03,,,,,,,,,,,,,,,,,,,,,,,,,29937408000.0,,,,,,,,0.0,0.0,,,,,,,,,,,,,,,,,,,,,,,,,,,,,,,,0.0,0.0,,,,,,,,,,,6508357.0,,,,,,,,,,,,,,,,,,,,,,
AUT,Austria,1923,-13.391,-1.8,,0.0,,0.0,,,,,,,,,,,,,,,,,,11.64,1782.274,,,,,,,,,,,,,,,,,,,,,,,,,29639790000.0,,,,,,,,0.0,0.0,,,,,,,,,,,,,,,,,,,,,,,,,,,,,,,,0.0,0.0,,,,,,,,,,,6531085.0,,,,,,,,,,,,,,,,,,,,,,
AUT,Austria,1924,4.291,0.499,,0.0,,0.0,,,,,,,,,,,,,,,,,,12.14,1852.278,,,,,,,,,,,,,,,,,,,,,,,,,33085604000.0,,,,,,,,0.0,0.0,,,,,,,,,,,,,,,,,,,,,,,,,,,,,,,,0.0,0.0,,,,,,,,,,,6553893.0,,,,,,,,,,,,,,,,,,,,,,
AUT,Austria,1925,5.81,0.705,,0.0,,0.0,,,,,,,,,,,,,,,,,,12.845,1953.079,,,,,,,,,,,,,,,,,,,,,,,,,35325594000.0,,,,,,,,0.0,0.0,,,,,,,,,,,,,,,,,,,,,,,,,,,,,,,,0.0,0.0,,,,,,,,,,,6576781.0,,,,,,,,,,,,,,,,,,,,,,
AUT,Austria,1926,-1.28,-0.164,,0.0,,0.0,,,,,,,,,,,,,,,,,,12.681,1921.367,,,,,,,,,,,,,,,,,,,,,,,,,35920320000.0,,,,,,,,0.0,0.0,,,,,,,,,,,,,,,,,,,,,,,,,,,,,,,,0.0,0.0,,,,,,,,,,,6599749.0,,,,,,,,,,,,,,,,,,,,,,
AUT,Austria,1927,4.442,0.563,,0.0,,0.0,,,,,,,,,,,,,,,,,,13.244,1999.732,,,,,,,,,,,,,,,,,,,,,,,,,37002701000.0,,,,,,,,0.0,0.0,,,,,,,,,,,,,,,,,,,,,,,,,,,,,,,,0.0,0.0,,,,,,,,,,,6622797.0,,,,,,,,,,,,,,,,,,,,,,
AUT,Austria,1928,7.39,0.979,,0.0,,0.0,,,,,,,,,,,,,,,,,,14.223,2140.046,,,,,,,,,,,,,,,,,,,,,,,,,38722047000.0,,,,,,,,0.0,0.0,,,,,,,,,,,,,,,,,,,,,,,,,,,,,,,,0.0,0.0,,,,,,,,,,,6645925.0,,,,,,,,,,,,,,,,,,,,,,
AUT,Austria,1929,7.444,1.059,,0.0,,0.0,,,,,,,,,,,,,,,,,,15.281,2292.822,,,,,,,,,,,,,,,,,,,,,,,,,39290944000.0,,,,,,,,0.0,0.0,,,,,,,,,,,,,,,,,,,,,,,,,,,,,,,,0.0,0.0,,,,,,,,,,,6664880.0,,,,,,,,,,,,,,,,,,,,,,
AUT,Austria,1930,-11.228,-1.716,,0.0,,0.0,,,,,,,,,,,,,,,,,,13.566,2030.887,,,,,,,,,,,,,,,,,,,,,,,,,38205744000.0,,,,,,,,0.0,0.0,,,,,,,,,,,,,,,,,,,,,,,,,,,,,,,,0.0,0.0,,,,,,,,,,,6679646.0,,,,,,,,,,,,,,,,,,,,,,
AUT,Austria,1931,-1.582,-0.215,,0.0,,0.0,,,,,,,,,,,,,,,,,,13.351,1995.614,,,,,,,,,,,,,,,,,,,,,,,,,35140905000.0,,,,,,,,0.0,0.0,,,,,,,,,,,,,,,,,,,,,,,,,,,,,,,,0.0,0.0,,,,,,,,,,,6690205.0,,,,,,,,,,,,,,,,,,,,,,
AUT,Austria,1932,3.096,0.413,,0.0,,0.0,,,,,,,,,,,,,,,,,,13.764,2055.442,,,,,,,,,,,,,,,,,,,,,,,,,31513350000.0,,,,,,,,0.0,0.0,,,,,,,,,,,,,,,,,,,,,,,,,,,,,,,,0.0,0.0,,,,,,,,,,,6696544.0,,,,,,,,,,,,,,,,,,,,,,
AUT,Austria,1933,-1.428,-0.197,,0.0,,0.012,,,,,,,,,,,,,,,,,,13.568,2025.458,,,,,,,,,,,,,,,,,,,,,,,,,30464936000.0,,,,,,,,0.0,0.0,,,,,,,,,,,,,,,,,,,,,,,,,,,,,,,,0.012,1.736,,,,,,,,,,,6698645.0,,,,,,,,,,,,,,,,,,,,,,
AUT,Austria,1934,-3.939,-0.534,,0.0,300.0,0.035,,,,,,,,,,,,,,,,,,13.033,1945.057,,,,,,,,,,,,,,,,,,,,,,,,,30730960000.0,,,,,,,,0.0,0.0,,,,,,,,,,,,,,,,,,,,,,,,,,,,,,,,0.047,6.943,,,,,,,,,,,6700747.0,,,,,,,,,,,,,,,,,,,,,,
AUT,Austria,1935,4.174,0.544,,0.0,75.0,0.035,,,,,,,,,,,,,,,,,,13.577,2025.603,,,,,,,,,,,,,,,,,,,,,,,,,31330474000.0,,,,,,,,0.0,0.0,,,,,,,,,,,,,,,,,,,,,,,,,,,,,,,,0.081,12.146,,,,,,,,,,,6702849.0,,,,,,,,,,,,,,,,,,,,,,
AUT,Austria,1936,-3.12,-0.424,,0.0,14.286,0.012,,,,,,,,,,,,,,,,,,13.154,1961.784,,,,,,,,,,,,,,,,,,,,,,,,,32262692000.0,,,,,,,,0.0,0.0,,,,,,,,,,,,,,,,,,,,,,,,,,,,,,,,0.093,13.876,,,,,,,,,,,6704952.0,,,,,,,,,,,,,,,,,,,,,,
AUT,Austria,1937,9.244,1.216,,0.0,312.5,0.291,,,,,,,,,,,,,,,,,,14.37,2142.458,,,,,,,,,,,,,,,,,,,,,,,,,33984405000.0,,,,,,,,0.0,0.0,,,,,,,,,,,,,,,,,,,,,,,,,,,,,,,,0.384,57.222,,,,,,,,,,,6707055.0,,,,,,,,,,,,,,,,,,,,,,
AUT,Austria,1938,2.459,0.353,,0.0,72.727,0.279,,,,,,,,,,,,,,,,,,14.723,2194.452,,,,,,,,,,,,,,,,,,,,,,,,,38309769000.0,,,,,,,,0.0,0.0,,,,,,,,,,,,,,,,,,,,,,,,,,,,,,,,0.663,98.807,,,,,,,,,,,6709160.0,,,,,,,,,,,,,,,,,,,,,,
AUT,Austria,1939,4.5,0.663,,0.0,152.632,1.012,,,,,,,,,,,,,,,,,,15.385,2291.082,,,,,,,,,,,,,,,,,,,,,,,,,43437437000.0,,,,,,,,0.0,0.0,,,,,,,,,,,,,,,,,,,,,,,,,,,,,,,,1.675,249.386,,,,,,,,,,,6715381.0,,,,,,,,,,,,,,,,,,,,,,
AUT,Austria,1940,2.611,0.402,,0.0,186.806,3.128,,,,,,,,,,,,,,,,,,15.787,2347.293,,,,,,,,,,,,,,,,,,,,,,,,,42315255000.0,,,,,,,,0.0,0.0,,,,,,,,,,,,,,,,,,,,,,,,,,,,,,,,4.803,714.151,,,,,,,,,,,6725736.0,,,,,,,,,,,,,,,,,,,,,,
AUT,Austria,1941,-1.983,-0.313,,0.0,57.869,2.78,,,,,,,,,,,,,,,,,,15.474,2295.791,,,,,,,,,,,,,,,,,,,,,,,,,45339890000.0,,,,,,,,0.0,0.0,,,,,,,,,,,,,,,,,,,,,,,,,,,,,,,,7.583,1125.0,,,,,,,,,,,6740238.0,,,,,,,,,,,,,,,,,,,,,,
AUT,Austria,1942,-0.401,-0.062,,0.0,33.589,2.547,,,,,,,,,,,,,,,,,,15.412,2280.262,,,,,,,,,,,,,,,,,,,,,,,,,43065267000.0,,,,,,,,0.0,0.0,,,,,,,,,,,,,,,,,,,,,,,,,,,,,,,,10.13,1498.725,,,,,,,,,,,6758904.0,,,,,,,,,,,,,,,,,,,,,,
AUT,Austria,1943,5.79,0.892,,0.0,26.751,2.71,,,,,,,,,,,,,,,,,,16.304,2404.157,,,,,,,,,,,,,,,,,,,,,,,,,44115840000.0,,,,,,,,0.0,0.0,,,,,,,,,,,,,,,,,,,,,,,,,,,,,,,,12.84,1893.248,,,,,,,,,,,6781749.0,,,,,,,,,,,,,,,,,,,,,,
AUT,Austria,1944,-3.33,-0.543,,0.0,9.873,1.268,,,,,,,,,,,,,,,,,,15.761,2316.273,,,,,,,,,,,,,,,,,,,,,,,,,45227412000.0,,,,,,,,0.0,0.0,,,,,,,,,,,,,,,,,,,,,,,,,,,,,,,,14.107,2073.165,,,,,,,,,,,6804670.0,,,,,,,,,,,,,,,,,,,,,,
AUT,Austria,1945,-45.753,-7.211,,0.0,-63.314,-8.932,,,,,,,,,,,,,,,,,,8.55,1252.272,,,,,,,,,,,,,,,,,,,,,,,,,18697250000.0,,,,,,,,0.0,0.0,,,,,,,,,,,,,,,,,,,,,,,,,,,,,,,,5.175,757.997,,,,,,,,,,,6827669.0,,,,,,,,,,,,,,,,,,,,,,
AUT,Austria,1946,18.802,1.608,,0.511,89.888,4.652,,,,,,,,,,,,,,,,,,10.158,1482.707,,,,,,,,,,,,,,,,,,,,,,,,,21826000000.0,,,,,,,,0.511,74.61,,,,,,,,,,,,,,,,,,,,,,,,,,,,,,,,9.827,1434.495,,,,,,,,,,,6850746.0,,,,,,,,,,,,,,,,,,,,,,
AUT,Austria,1947,22.004,2.235,15.217,0.078,7.692,0.756,,,,,,,,,,,,,,,,,,12.393,1802.875,,,,,,,,,,,,,,,,,,,,,,,,,24070863000.0,,,,,,,,0.589,85.674,,,,,,,,,,,,,,,,,,,,,,,,,,,,,,,,10.583,1539.636,,,,,,,,,,,6873901.0,,,,,,,,,,,,,,,,,,,,,,
AUT,Austria,1948,15.521,1.924,354.717,2.089,4.396,0.465,,,,,,,,,,,,,,,,,,14.316,2075.69,,,,,,,,,,,,,,,,,,,,,,,,,30648136000.0,,,,,,,,2.678,388.261,,,,,,,,,,,,,,,,,,,,,,,,,,,,,,,,11.049,1601.899,,,,,,,,,,,6897134.0,,,,,,,,,,,,,,,,,,,,,,
AUT,Austria,1949,13.155,1.883,-77.593,-2.078,21.053,2.326,,,,,,,,,,,,,,,,,,16.2,2341.664,,,,,,,,,,,,,,,,,,,,,,,,,36443807000.0,,,,,,,,0.6,86.734,,,,,,,,,,,,,,,,,,,,,,,,,,,,,,,,13.375,1933.296,,,,,,,,,,,6917985.0,,,,,,,,,,,,,,,,,,,,,,
AUT,Austria,1950,11.707,1.897,770.37,4.622,47.739,6.385,,,,,,,,,,,,,,,,,,18.096,2608.85,,,,,,,,,,,,,,,,,,,,,,,,,40965635700.0,,,,,,,,5.222,752.899,,,,,,,,,,,,,,,,,,,,,,,,,,,,,,,,19.759,2848.634,,,,,,,,,,,6936442.0,,,,,,,,,,,,,,,,,,,,,,
AUT,Austria,1951,15.091,2.731,2.766,0.144,34.373,6.792,,,,,,,,,,,,,,,,,,20.827,3004.765,,,,,,,,,,,,,,,,,,,,,,,,,43769631261.0,,,,,,,,5.367,774.292,,,,,,,,,,,,,,,,,,,,,,,,,,,,,,,,26.551,3830.614,,,,,,,,,,,6931346.0,,,,,,,,,,,,,,,,,,,,,,
AUT,Austria,1952,3.282,0.684,-7.246,-0.389,21.069,5.594,,,,,,,,,,,,,,,,,,21.511,3103.452,,,,,,,,,,,,,,,,,,,,,,,,,43804302356.0,,,,,,,,4.978,718.2,,,,,,,,,,,,,,,,,,,,,,,,,,,,,,,,32.145,4637.779,,,,,,,,,,,6931194.0,,,,,,,,,,,,,,,,,,,,,,
AUT,Austria,1953,6.019,1.295,23.884,1.189,16.534,5.315,,,,,,,,,,,,,,,,,,22.805,3288.367,,,,,,,,,,,,,,,,,,,,,,,,,45712792902.0,,,,,,,,6.167,889.227,,,,,,,,,,,,,,,,,,,,,,,,,,,,,,,,37.46,5401.508,,,,,,,,,,,6935149.0,,,,,,,,,,,,,,,,,,,,,,
AUT,Austria,1954,12.553,2.863,12.613,0.778,7.048,2.64,,,,,,,,,,,,,,,,,,25.668,3697.189,,,,,,,,,,,,,,,,,,,,,,,,,50392857549.0,,,,,,,,6.945,1000.304,,,,,,,,,,,,,,,,,,,,,,,,,,,,,,,,40.1,5775.959,,,,,,,,,,,6942617.0,,,,,,,,,,,,,,,,,,,,,,
AUT,Austria,1955,4.826,1.239,22.56,1.567,6.323,2.535,,,,,,,,,,,,,,,,,,26.907,3869.588,,,,,,,,,,,,,,,,,,,,,,,,,55950211790.0,,,,,,,,8.511,1224.071,,,,,,,,,,,,,,,,,,,,,,,,,,,,,,,,42.636,6131.618,,,,,,,,,,,6953404.0,,,,,,,,,,,,,,,,,,,,,,
AUT,Austria,1956,1.439,0.387,-2.742,-0.233,-6.492,-2.768,,,,,,,,,,,,,,,,,,27.294,3917.259,,,,,,,,,,,,,,,,,,,,,,,,,59811144477.0,,,,,,,,8.278,1188.084,,,,,,,,,,,,,,,,,,,,,,,,,,,,,,,,39.868,5721.846,,,,,,,,,,,6967624.0,,,,,,,,,,,,,,,,,,,,,,
AUT,Austria,1957,1.659,0.453,1.879,0.156,-7.06,-2.814,,,,,,,,,,,,,,,,,,27.747,3971.909,,,,,,,,,,,,,,,,,,,,,,,,,63465950460.0,,,,,,,,8.434,1207.274,,,,,,,,,,,,,,,,,,,,,,,,,,,,,,,,37.053,5304.133,,,,,,,,,,,6985724.0,,,,,,,,,,,,,,,,,,,,,,
AUT,Austria,1958,-5.644,-1.566,8.037,0.678,-10.986,-4.071,,,,,,,,,,,,,,,,,,26.181,3735.614,,,,,,,,,,,,,,,,,,,,,,,,,65792962928.0,,,,,,,,9.111,1300.078,,,,,,,,,,,,,,,,,,,,,,,,,,,,,,,,32.983,4706.158,,,,,,,,,,,7008415.0,,,,,,,,,,,,,,,,,,,,,,
AUT,Austria,1959,-4.237,-1.109,37.561,3.422,-13.329,-4.396,,,,,,,,,,,,,,,,,,25.071,3563.022,,,,,,,,,,,,,,,,,,,,,,,,,67653222495.0,,,,,,,,12.534,1781.248,,,,,,,,,,,,,,,,,,,,,,,,,,,,,,,,28.587,4062.58,,,,,,,,,,,7036554.0,,,,,,,,,,,,,,,,,,,,,,
AUT,Austria,1960,-3.878,-0.972,30.23,3.789,-0.407,-0.116,,,,,,,,,,,,,,,,,,24.099,3408.274,,,,,,,,,,,,,,,,,,,,,,,,,73229917867.0,,,,,,,,16.323,2308.502,,,,,,,,,,,,,,,,,,,,,,,,,,,,,,,,28.47,4026.471,,,,,,,,,,,7070773.0,,,,,,,,,,,,,,,,,,,,,,
AUT,Austria,1961,-5.869,-1.414,5.922,0.967,-3.758,-1.07,,,,,,,,,,,,,,,,,,22.685,3190.035,,,,,,,,,,,,,,,,,,,,,,,,,77113105718.0,,,,,,,,17.29,2431.341,,,,,,,,,,,,,,,,,,,,,,,,,,,,,,,,27.4,3853.152,,,,,,,,,,,7111139.0,,,,,,,,,,,,,,,,,,,,,,
AUT,Austria,1962,0.615,0.14,5.077,0.878,1.613,0.442,,,,,,,,,,,,,,,,,,22.824,3189.173,,,,,,,,,,,,,,,,,,,,,,,,,78984633392.0,,,,,,,,18.167,2538.47,,,,,,,,,,,,,,,,,,,,,,,,,,,,,,,,27.842,3890.3,,,,,,,,,,,7156836.0,,,,,,,,,,,,,,,,,,,,,,
AUT,Austria,1963,5.937,1.355,3.914,0.711,9.44,2.628,,,,,,,,,,,,,,,,,,24.18,3355.481,,,,,,,,,,,,,,,,,,,,,,,,,82191739194.0,,,,,,,,18.879,2619.842,,,,,,,,,,,,,,,,,,,,,,,,,,,,,,,,30.471,4228.513,,,,,,,,,,,7205991.0,,,,,,,,,,,,,,,,,,,,,,
AUT,Austria,1964,-6.124,-1.481,3.826,0.722,1.641,0.5,,,,,,,,,,,,,,,,,,22.699,3128.255,,,,,,,,,,,,,,,,,,,,,,,,,87133487662.0,,,,,,,,19.601,2701.29,,,,,,,,,,,,,,,,,,,,,,,,,,,,,,,,30.971,4268.237,,,,,,,,,,,7256091.0,,,,,,,,,,,,,,,,,,,,,,
AUT,Austria,1965,-5.367,-1.218,-2.268,-0.444,7.21,2.233,,,,,,,,,,,,,31.677,,59.115,,8092.225,21.481,2940.48,,,,,,16.083,0.0,,,0.0,16.083,0.0,0.0,,,2.082,25545.803,,76.06,,141.941,19430.273,,,89635519592.0,,,9.393,,17.529,,2399.492,19.156,2622.306,,,23.94,,44.675,2201.596,6115.55,,16.083,2201.596,,23.94,,44.675,6115.55,,,,,0.0,,0.0,0.0,0.0,,,34.99,,65.297,,8938.556,33.204,4545.24,,0.0,,0.0,,0.0,,,0.0,,7305154.0,186.616,2201.596,,,23.94,,44.675,6115.55,,,0.0,,0.0,0.0,0.0,,,0.0,,0.0,0.0,0.0
AUT,Austria,1966,-4.399,-0.945,8.701,1.667,-3.433,-1.14,4.61,8.603,,,,,,,,,,-4.478,28.925,-2.647,56.468,,7680.333,20.536,2793.121,,,,,,17.331,0.0,,,0.0,17.331,0.0,0.0,,,2.062,26552.341,3.619,75.34,5.136,147.078,20004.465,,,94674313380.0,,7.373,9.641,1.292,18.821,,2559.907,20.823,2832.209,,7.76,24.66,3.467,48.142,2357.241,6547.897,,17.331,2357.241,7.76,24.66,3.467,48.142,6547.897,,,,,0.0,0.0,0.0,0.0,0.0,,9.941,36.773,6.491,71.789,,9764.225,32.064,4361.112,,0.0,,0.0,0.0,0.0,,,0.0,,7352239.0,195.219,2357.241,,7.76,24.66,3.467,48.142,6547.897,,,0.0,0.0,0.0,0.0,0.0,,,0.0,0.0,0.0,0.0,0.0
AUT,Austria,1967,-13.023,-2.674,-4.109,-0.856,-2.612,-0.837,1.01,1.973,,,,,,,,,,-5.342,27.106,-3.017,53.451,,7225.866,17.861,2414.616,,,,,,17.698,0.0,,,0.0,17.698,0.0,0.0,,,2.021,26657.744,0.648,75.069,0.953,148.031,20011.823,,,97560798550.0,,-4.194,9.144,-0.789,18.032,,2437.649,19.967,2699.343,,2.118,24.931,1.019,49.161,2392.537,6645.942,,17.698,2392.537,2.118,24.931,1.019,49.161,6645.942,,,,,0.0,0.0,0.0,0.0,0.0,,6.63,38.819,4.759,76.548,,10348.308,31.227,4221.423,,0.0,,0.0,0.0,0.0,,,0.0,,7397168.0,197.192,2392.537,,2.118,24.931,1.019,49.161,6645.942,,,0.0,0.0,0.0,0.0,0.0,,,0.0,0.0,0.0,0.0,0.0
AUT,Austria,1968,-9.853,-1.76,-9.293,-1.856,1.453,0.454,6.994,13.791,,,,,,,,,,-1.267,25.013,-0.677,52.774,,7093.642,16.101,2164.283,,,,,,18.185,0.0,,,0.0,18.185,0.0,0.0,,,2.07,28359.475,8.402,76.058,12.438,160.469,21569.609,,,101902468026.0,,6.64,9.114,1.197,19.229,,2584.687,18.112,2434.527,,2.752,23.942,1.353,50.514,2444.358,6789.889,,18.185,2444.358,2.752,23.942,1.353,50.514,6789.889,,,,,0.0,0.0,0.0,0.0,0.0,,15.569,41.931,11.918,88.466,,11891.28,31.68,4258.324,,0.0,,0.0,0.0,0.0,,,0.0,,7439581.0,210.983,2444.358,,2.752,23.942,1.353,50.514,6789.889,,,0.0,0.0,0.0,0.0,0.0,,,0.0,0.0,0.0,0.0,0.0
AUT,Austria,1969,-8.044,-1.295,-9.018,-1.633,1.248,0.395,3.767,7.948,,,,,,,,,,-1.587,23.723,-0.837,51.936,,6943.987,14.806,1979.608,,,,,,16.718,0.0,,,0.0,16.718,0.0,0.0,,,2.021,29271.358,7.492,78.788,12.023,172.492,23062.421,,,108304555525.0,,21.323,10.656,4.1,23.329,,3119.149,16.478,2203.197,,-8.067,21.212,-4.075,46.439,2235.224,6208.96,,16.718,2235.224,-8.067,21.212,-4.075,46.439,6208.96,,,,,0.0,0.0,0.0,0.0,0.0,,9.902,44.41,8.76,97.226,,12999.285,32.076,4288.556,,0.0,,0.0,0.0,0.0,,,0.0,,7479340.0,218.93,2235.224,,-8.067,21.212,-4.075,46.439,6208.96,,,0.0,0.0,0.0,0.0,0.0,,,0.0,0.0,0.0,0.0,0.0
AUT,Austria,1970,-4.452,-0.659,27.916,4.6,1.45,0.465,14.344,31.403,,,,,,,,,,7.543,22.312,3.918,55.854,,7431.139,14.147,1882.191,,,,,,21.29,0.0,,,0.0,21.29,0.0,0.0,,,2.158,33305.74,10.844,76.376,18.704,191.196,25437.721,,,116016115182.0,,21.299,11.304,4.969,28.298,,3764.919,21.079,2804.415,,27.346,23.624,12.699,59.138,2832.494,7868.046,,21.29,2832.494,27.346,23.624,12.699,59.138,7868.046,,,,,0.0,0.0,0.0,0.0,0.0,,10.098,42.76,9.818,107.044,,14241.663,32.541,4329.395,,0.0,,0.0,0.0,0.0,,,0.0,,7516238.0,250.334,2832.494,,27.346,23.624,12.699,59.138,7868.046,,,0.0,0.0,0.0,0.0,0.0,,,0.0,0.0,0.0,0.0,0.0
AUT,Austria,1971,2.725,0.385,-0.316,-0.067,-10.079,-3.28,-0.105,-0.264,,,,,,,,,,-8.273,20.488,-4.621,51.234,,6785.61,14.532,1924.744,,,,,,16.82,0.0,,,0.0,16.82,0.0,0.0,,,2.051,33120.339,6.356,81.316,12.151,203.347,26932.227,,,121950336838.0,,14.873,12.999,4.209,32.507,,4305.326,21.012,2782.918,,-20.994,18.684,-12.416,46.723,2227.728,6188.138,,16.82,2227.728,-20.994,18.684,-12.416,46.723,6188.138,,,,,0.0,0.0,0.0,0.0,0.0,,11.737,47.829,12.563,119.607,,15841.292,29.261,3875.469,,0.0,,0.0,0.0,0.0,,,0.0,,7550339.0,250.07,2227.728,,-20.994,18.684,-12.416,46.723,6188.138,,,0.0,0.0,0.0,0.0,0.0,,,0.0,0.0,0.0,0.0,0.0
AUT,Austria,1972,-0.371,-0.054,3.808,0.8,-1.51,-0.442,3.462,8.658,,,,,,,,,,-9.329,17.955,-4.78,46.454,,6127.581,14.479,1909.811,,,,,,17.288,0.0,,,0.0,17.288,0.0,0.0,,,1.997,34127.89,3.619,81.44,7.359,210.707,27793.609,,,129526386969.0,,8.069,13.578,2.623,35.13,,4633.851,21.812,2877.149,,2.779,18.56,1.299,48.021,2280.349,6334.308,,17.288,2280.349,2.779,18.56,1.299,48.021,6334.308,,,,,0.0,0.0,0.0,0.0,0.0,,7.956,49.907,9.516,129.123,,17032.177,28.819,3801.439,,0.0,,0.0,0.0,0.0,,,0.0,,7581120.0,258.728,2280.349,,2.779,18.56,1.299,48.021,6334.308,,,0.0,0.0,0.0,0.0,0.0,,,0.0,0.0,0.0,0.0,0.0
AUT,Austria,1973,-3.248,-0.47,15.639,3.411,4.076,1.175,7.475,19.34,,,,,,,,,,-0.612,16.604,-0.284,46.17,,6069.325,14.008,1841.475,,,,,,19.209,0.0,,,0.0,19.209,0.0,0.0,,,2.047,36553.855,6.645,80.811,14.002,224.709,29539.494,,,135852147420.0,,9.91,13.886,3.481,38.611,,5075.705,25.223,3315.767,,11.115,19.189,5.338,53.359,2525.178,7014.39,,19.209,2525.178,11.115,19.189,5.338,53.359,7014.39,,,,,0.0,0.0,0.0,0.0,0.0,,8.368,50.322,10.805,139.928,,18394.464,29.994,3942.885,,0.0,,0.0,0.0,0.0,,,0.0,,7607067.0,278.068,2525.178,,11.115,19.189,5.338,53.359,7014.39,,,0.0,0.0,0.0,0.0,0.0,,,0.0,0.0,0.0,0.0,0.0
AUT,Austria,1974,-0.138,-0.019,-2.819,-0.711,-13.222,-3.966,0.296,0.824,,,,,,,,,,5.53,17.47,2.553,48.723,,6388.797,13.989,1834.306,,,,,,22.712,0.0,,,0.0,22.712,0.0,0.0,,,1.975,36569.796,-3.963,77.379,-8.906,215.803,28297.193,,,141212923154.0,,8.393,15.007,3.241,41.852,,5487.859,24.512,3214.161,,18.236,22.621,9.731,63.089,2978.145,8272.633,,22.712,2978.145,18.236,22.621,9.731,63.089,8272.633,,,,,0.0,0.0,0.0,0.0,0.0,,-10.506,44.902,-14.7,125.228,,16420.537,26.028,3412.926,,0.0,,0.0,0.0,0.0,,,0.0,,7626290.0,278.892,2978.145,,18.236,22.621,9.731,63.089,8272.633,,,0.0,0.0,0.0,0.0,0.0,,,0.0,0.0,0.0,0.0,0.0
AUT,Austria,1975,-6.393,-0.894,6.936,1.7,-8.981,-2.338,-0.75,-2.093,,,,,,,,,,-13.099,15.296,-6.382,42.341,,5543.641,13.095,1714.478,,,,,,23.795,0.0,,,0.0,23.795,0.0,0.0,,,1.967,36241.24,-2.364,76.121,-5.101,210.702,27587.099,,,140694755292.0,,-0.12,15.102,-0.05,41.802,,5473.078,26.212,3431.955,,4.768,23.879,3.008,66.098,3115.499,8654.17,,23.795,3115.499,4.768,23.879,3.008,66.098,8654.17,,,,,0.0,0.0,0.0,0.0,0.0,,1.063,45.722,1.332,126.559,,16570.38,23.69,3101.768,,0.0,,0.0,0.0,0.0,,,0.0,,7637686.0,276.799,3115.499,,4.768,23.879,3.008,66.098,8654.17,,,0.0,0.0,0.0,0.0,0.0,,,0.0,0.0,0.0,0.0,0.0
AUT,Austria,1976,-5.358,-0.702,-9.114,-2.389,-5.204,-1.233,3.76,10.409,,,,,,,,,,6.423,15.689,2.719,45.06,,5897.328,12.393,1621.97,,,,,,20.566,0.0,,,0.0,20.566,0.0,0.0,,,1.952,37588.97,9.198,80.11,19.38,230.082,30112.42,,,147134330200.0,,13.895,16.577,5.808,47.61,,6231.079,23.823,3117.912,,-13.572,19.89,-8.971,57.127,2691.566,7476.58,,20.566,2691.566,-13.572,19.89,-8.971,57.127,7476.58,,,,,0.0,0.0,0.0,0.0,0.0,,8.575,47.844,10.852,137.411,,17984.013,22.458,2939.179,,0.0,,0.0,0.0,0.0,,,0.0,,7640755.0,287.208,2691.566,,-13.572,19.89,-8.971,57.127,7476.58,,,0.0,0.0,0.0,0.0,0.0,,,0.0,0.0,0.0,0.0,0.0
AUT,Austria,1977,-2.706,-0.335,11.614,2.767,-7.457,-1.675,-0.027,-0.077,,,,,,,,,,-16.111,13.165,-7.26,37.8,,4949.905,12.058,1578.943,,,,,,24.921,0.0,,,0.0,24.921,0.0,0.0,,,1.864,37599.536,-5.291,75.891,-12.174,217.907,28534.701,,,154017550500.0,,1.912,16.898,0.91,48.52,,6353.685,26.59,3481.926,,21.177,24.109,12.098,69.224,3263.349,9064.865,,24.921,3263.349,21.177,24.109,12.098,69.224,9064.865,,,,,0.0,0.0,0.0,0.0,0.0,,-4.239,45.828,-5.825,131.587,,17231.112,20.783,2721.486,,0.0,,0.0,0.0,0.0,,,0.0,,7636573.0,287.132,3263.349,,21.177,24.109,12.098,69.224,9064.865,,,0.0,0.0,0.0,0.0,0.0,,,0.0,0.0,0.0,0.0,0.0
AUT,Austria,1978,-1.662,-0.2,0.878,0.233,0.168,0.035,4.384,12.589,,,,,,,,,,1.592,12.813,0.602,38.402,,5034.537,11.857,1554.488,,,,,,24.941,0.0,,,0.0,24.941,0.0,0.0,,,1.953,39293.328,5.752,76.885,12.533,230.44,30210.741,,,153461855365.0,,4.015,16.838,1.948,50.468,,6616.394,26.823,3516.54,,0.08,23.115,0.056,69.28,3269.74,9082.619,,24.941,3269.74,0.08,23.115,0.056,69.28,9082.619,,,,,0.0,0.0,0.0,0.0,0.0,,7.587,47.234,9.983,141.57,,18559.81,20.818,2729.204,,0.0,,0.0,0.0,0.0,,,0.0,,7627762.0,299.72,3269.74,,0.08,23.115,0.056,69.28,9082.619,,,0.0,0.0,0.0,0.0,0.0,,,0.0,0.0,0.0,0.0,0.0
AUT,Austria,1979,-10.891,-1.291,-4.225,-1.133,-3.464,-0.721,5.826,17.462,,,,,,,,,,8.551,13.143,3.284,41.686,,5472.143,10.566,1386.988,,,,,,28.097,0.0,,,0.0,28.097,0.0,0.0,,,1.96,41636.489,3.773,75.394,8.695,239.135,31391.324,,,161829474300.0,,-0.848,15.777,-0.428,50.04,,6568.807,25.69,3372.321,,12.654,24.606,8.767,78.047,3688.269,10245.199,,28.097,3688.269,12.654,24.606,8.767,78.047,10245.199,,,,,0.0,0.0,0.0,0.0,0.0,,4.125,46.475,5.839,147.409,,19350.373,20.097,2638.089,,0.0,,0.0,0.0,0.0,,,0.0,,7617883.0,317.182,3688.269,,12.654,24.606,8.767,78.047,10245.199,,,0.0,0.0,0.0,0.0,0.0,,,0.0,0.0,0.0,0.0,0.0
AUT,Austria,1980,-8.002,-0.845,-14.707,-3.778,-6.996,-1.406,-0.481,-1.525,,,,,,,,,,2.755,13.57,1.149,42.835,,5628.931,9.72,1277.368,,,,,,29.11,0.0,,,0.0,29.11,0.0,0.0,,,1.906,41480.598,-1.814,74.383,-4.339,234.796,30854.671,,,165574164556.0,,-3.93,15.23,-1.966,48.074,,6317.424,21.912,2879.443,,3.606,25.617,2.814,80.861,3825.342,10625.96,,29.11,3825.342,3.606,25.617,2.814,80.861,10625.96,,,,,0.0,0.0,0.0,0.0,0.0,,-2.389,45.583,-3.521,143.887,,18908.317,18.691,2456.138,,0.0,,0.0,0.0,0.0,,,0.0,,7609750.0,315.657,3825.342,,3.606,25.617,2.814,80.861,10625.96,,,0.0,0.0,0.0,0.0,0.0,,,0.0,0.0,0.0,0.0,0.0
AUT,Austria,1981,6.841,0.665,-25.924,-5.68,-11.326,-2.117,-3.062,-9.665,,,,,,,,,,2.37,14.33,1.015,43.85,,5766.318,10.385,1365.695,,,,,,30.847,0.0,,,0.0,30.847,0.0,0.0,,,1.85,40238.207,-6.172,71.997,-14.491,220.305,28970.322,,,165408177714.0,,-4.68,14.976,-2.25,45.824,,6025.914,16.231,2134.454,,5.968,28.003,4.826,85.687,4056.447,11267.917,,30.847,4056.447,5.968,28.003,4.826,85.687,11267.917,,,,,0.0,0.0,0.0,0.0,0.0,,-9.213,42.691,-13.257,130.631,,17178.09,16.574,2179.455,,0.0,,0.0,0.0,0.0,,,0.0,,7604512.0,305.992,4056.447,,5.968,28.003,4.826,85.687,11267.917,,,0.0,0.0,0.0,0.0,0.0,,,0.0,0.0,0.0,0.0,0.0
AUT,Austria,1982,7.71,0.801,-7.843,-1.273,3.89,0.645,-3.336,-10.207,,,,,,,,,,-4.89,14.1,-2.144,41.706,,5486.006,11.186,1471.44,,,,,,30.896,0.0,,,0.0,30.896,0.0,0.0,,,1.755,38907.89,-4.695,70.985,-10.343,209.962,27618.639,,,168565437702.0,,-3.205,14.996,-1.469,44.355,,5834.552,14.958,1967.65,,0.159,29.015,0.136,85.823,4064.138,11289.283,,30.896,4064.138,0.159,29.015,0.136,85.823,11289.283,,,,,0.0,0.0,0.0,0.0,0.0,,-5.152,41.889,-6.73,123.901,,16298.08,17.218,2264.922,,0.0,,0.0,0.0,0.0,,,0.0,,7602177.0,295.785,4064.138,,0.159,29.015,0.136,85.823,11289.283,,,0.0,0.0,0.0,0.0,0.0,,,0.0,0.0,0.0,0.0,0.0
AUT,Austria,1983,-7.765,-0.869,-9.017,-1.349,-3.744,-0.645,-0.262,-0.774,,,,,,,,,,7.074,15.137,2.95,44.656,,5873.377,10.318,1357.024,,,,,,30.606,0.0,,,0.0,30.606,0.0,0.0,,,1.702,38801.302,0.015,71.182,0.031,209.993,27619.372,,,173293645824.0,,2.033,15.341,0.902,45.257,,5952.453,13.61,1790.018,,-0.939,28.818,-0.806,85.018,4025.503,11181.961,,30.606,4025.503,-0.939,28.818,-0.806,85.018,11181.961,,,,,0.0,0.0,0.0,0.0,0.0,,-3.084,40.704,-3.821,120.08,,15793.542,16.574,2179.86,,0.0,,0.0,0.0,0.0,,,0.0,,7603100.0,295.01,4025.503,,-0.939,28.818,-0.806,85.018,11181.961,,,0.0,0.0,0.0,0.0,0.0,,,0.0,0.0,0.0,0.0,0.0
AUT,Austria,1984,-3.716,-0.383,4.651,0.633,-7.549,-1.251,-0.798,-2.353,,,,,,,,,,13.952,17.388,6.231,50.886,,6689.161,9.934,1305.878,,,,,,26.85,0.0,,,0.0,26.85,0.0,0.0,,,1.683,38470.55,3.849,74.516,8.082,218.075,28666.548,,,173865902112.0,,11.342,17.218,5.133,50.39,,6623.895,14.243,1872.242,,-12.274,25.484,-10.435,74.582,3529.449,9804.033,,26.85,3529.449,-12.274,25.484,-10.435,74.582,9804.033,,,,,0.0,0.0,0.0,0.0,0.0,,-2.733,39.91,-3.281,116.798,,15353.492,15.323,2014.188,,0.0,,0.0,0.0,0.0,,,0.0,,7607296.0,292.657,3529.449,,-12.274,25.484,-10.435,74.582,9804.033,,,0.0,0.0,0.0,0.0,0.0,,,0.0,0.0,0.0,0.0,0.0
AUT,Austria,1985,5.225,0.519,-8.804,-1.254,-4.456,-0.683,4.996,14.622,,,,,,,,,,-0.14,16.537,-0.071,50.815,,6673.13,10.453,1372.747,,,,,,30.775,0.0,,,0.0,30.775,0.0,0.0,44.535,,1.729,40352.479,1.705,72.18,3.718,221.793,29126.248,,,177760572864.0,,7.148,17.571,3.602,53.992,,7090.288,12.989,1705.702,69.103,14.621,27.82,10.904,85.487,4041.452,11226.264,69.103,30.775,4041.452,14.621,27.82,10.904,85.487,11226.264,,,0.0,,0.0,0.0,0.0,0.0,0.0,,0.16,38.072,0.187,116.986,,15362.83,14.64,1922.522,,0.0,,0.0,0.0,0.0,,0.0,0.0,5848.422,7614874.0,307.279,4041.452,69.103,14.621,27.82,10.904,85.487,11226.264,0.0,,0.0,0.0,0.0,0.0,0.0,0.0,,0.0,0.0,0.0,0.0,0.0
AUT,Austria,1986,-3.635,-0.38,-4.966,-0.645,0.0,0.0,1.004,3.084,,,,,,,,,,-10.848,14.597,-5.513,45.302,,5941.008,10.073,1321.02,,,,,,30.904,0.0,,,1.288,32.191,0.0,0.0,44.653,,1.706,40701.196,-0.383,71.188,-0.85,220.942,28974.531,,,181932969438.0,,-2.908,16.89,-1.57,52.421,,6874.569,12.344,1618.758,69.209,0.418,27.659,0.358,85.844,4052.764,11257.687,72.092,32.191,4221.608,4.602,28.812,3.934,89.421,11726.698,,,0.0,,0.0,0.0,0.0,0.0,0.0,,5.327,39.701,6.232,123.218,,16158.953,14.64,1919.869,,168.844,,1.152,3.576,3.576,,2.883,469.011,5855.828,7625395.0,310.363,4221.608,72.092,4.602,28.812,3.934,89.421,11726.698,0.0,,0.0,0.0,0.0,0.0,0.0,0.0,,0.0,0.0,0.0,0.0,0.0
AUT,Austria,1987,-6.164,-0.621,5.128,0.633,-5.666,-0.829,5.458,16.939,,,,,,,,,,-0.801,13.73,-0.363,44.939,,5882.631,9.452,1237.332,,,,,,35.388,0.0,,,0.906,36.294,0.0,0.0,50.518,,1.769,42844.176,2.509,69.198,5.544,226.486,29647.25,,,184993443327.0,,4.32,16.708,2.265,54.686,,7158.438,12.977,1698.663,70.05,14.51,30.033,12.456,98.3,4632.33,12867.592,71.843,36.294,4750.902,12.744,30.802,11.396,100.816,13196.96,,,0.0,,0.0,0.0,0.0,0.0,0.0,,2.956,38.759,3.642,126.86,,16606.181,13.81,1807.79,,118.572,-29.645,0.769,-1.06,2.516,,1.793,329.368,6612.865,7639351.0,327.302,4750.902,71.843,12.744,30.802,11.396,100.816,13196.96,0.0,,0.0,0.0,0.0,0.0,0.0,0.0,,0.0,0.0,0.0,0.0,0.0
AUT,Austria,1988,-23.582,-2.229,6.82,0.885,10.95,1.512,-1.506,-4.93,,,,,,,,,,-4.24,13.349,-1.906,43.034,,5618.845,7.223,943.134,,,,,,35.304,0.0,,,1.047,36.351,0.0,0.0,49.024,,1.689,42091.407,-2.247,68.677,-5.089,221.397,28907.329,,,190845951592.0,,-4.207,16.25,-2.301,52.385,,6839.804,13.862,1809.887,72.014,-0.237,30.42,-0.233,98.067,4609.577,12804.391,74.149,36.351,4746.276,0.158,31.323,0.159,100.975,13184.112,,,0.0,,0.0,0.0,0.0,0.0,0.0,,-0.696,39.078,-0.882,125.978,,16448.68,15.323,2000.628,,136.699,15.582,0.902,0.392,2.908,,2.136,379.72,6400.956,7658856.0,322.372,4746.276,74.149,0.158,31.323,0.159,100.975,13184.112,0.0,,0.0,0.0,0.0,0.0,0.0,0.0,,0.0,0.0,0.0,0.0,0.0
AUT,Austria,1989,-2.959,-0.214,6.818,0.945,-0.273,-0.042,0.576,1.857,,,,,,,,,,0.451,13.333,0.194,43.228,,5623.851,7.01,911.926,,,,,,35.082,0.0,,,1.104,36.187,0.0,0.0,50.174,,1.63,42181.291,1.045,68.998,2.313,223.71,29104.065,,,198919359158.0,,7.397,17.352,3.875,56.26,,7319.248,14.807,1926.319,69.922,-0.628,30.056,-0.616,97.451,4564.124,12678.132,72.123,36.187,4707.81,-0.452,31.002,-0.456,100.519,13077.259,,,0.0,,0.0,0.0,0.0,0.0,0.0,,-1.394,38.313,-1.756,124.222,,16160.967,15.281,1987.97,,143.686,5.491,0.946,0.16,3.068,,2.201,399.128,6527.494,7686564.0,324.229,4707.81,72.123,-0.452,31.002,-0.456,100.519,13077.259,0.0,,0.0,0.0,0.0,0.0,0.0,0.0,,0.0,0.0,0.0,0.0,0.0
AUT,Austria,1990,18.49,1.296,-10.228,-1.514,-4.218,-0.645,1.486,4.818,2.292,146.298,,0.022,,0.074,9.552,,12.556,10.207,14.478,4.413,47.641,801.403,6167.902,8.306,1075.309,48.84,1.13,6.19,16.66,7.72,31.51,0.0,2.75,0.0,1.13,32.64,0.0,0.0,49.3,,1.582,42600.913,6.511,72.414,14.565,238.275,30848.881,2156.926,33.793,207979124290.0,15.659,10.087,18.822,5.675,61.935,999.488,8018.555,13.292,1720.92,63.915,-10.186,26.6,-9.926,87.525,4079.517,11331.641,66.207,32.64,4225.815,-9.696,27.586,-9.747,90.772,11752.066,-0.942,-0.46,0.0,,0.0,0.0,0.0,0.0,0.0,5.578,3.604,39.113,4.477,128.7,356.035,16662.423,14.636,1894.9,0.0,146.298,3.444,0.964,0.106,3.174,0.0,2.292,410.874,6382.741,7723954.0,329.047,4225.815,66.207,-9.696,27.586,-9.747,90.772,11752.066,0.0,,0.0,0.0,0.0,0.0,0.0,0.0,,0.0,0.0,0.0,0.0,0.0
AUT,Austria,1991,-14.992,-1.245,4.444,0.591,17.615,2.578,4.961,16.323,2.411,155.673,10.994,0.024,0.008,0.082,10.536,,13.631,4.894,14.469,2.332,49.972,880.003,6429.204,7.06,908.368,50.95,1.21,6.84,17.53,7.47,31.44,0.0,3.22,0.0,1.21,32.65,0.0,0.0,50.18,,1.599,44433.846,6.827,73.701,16.266,254.541,32748.128,2255.33,34.934,215992567688.0,14.886,6.021,19.013,3.729,65.664,961.056,8448.063,13.883,1786.133,62.654,-0.208,25.29,-0.182,87.343,4044.928,11237.134,65.066,32.65,4200.601,0.063,26.299,0.057,90.83,11685.753,1.511,0.77,0.0,,0.0,0.0,0.0,0.0,0.0,6.417,7.929,40.219,10.205,138.905,414.271,17870.861,17.214,2214.709,0.0,155.673,7.295,0.986,0.232,3.405,0.0,2.411,438.084,6455.931,7772698.0,345.371,4200.601,65.066,0.063,26.299,0.057,90.83,11685.753,0.0,,0.0,0.0,0.0,0.0,0.0,0.0,,0.0,0.0,0.0,0.0,0.0
AUT,Austria,1992,-23.946,-1.691,8.511,1.182,-11.255,-1.938,-1.794,-6.196,2.623,167.285,10.756,0.027,0.009,0.091,11.582,,8.228,-22.193,11.464,-11.09,38.882,524.841,4965.185,5.37,685.716,50.5,1.31,4.11,13.79,6.64,34.85,0.0,3.04,0.0,1.31,36.16,0.0,0.0,49.95,,1.532,43312.192,-6.266,70.345,-15.95,238.591,30467.787,1760.964,27.608,221400843602.0,13.293,-1.8,19.011,-1.182,64.482,847.919,8234.299,15.065,1923.73,69.77,10.829,28.54,9.458,96.801,4450.297,12361.378,72.392,36.16,4617.582,10.739,29.655,9.754,100.584,12844.44,1.089,0.55,0.0,,0.0,0.0,0.0,0.0,0.0,6.086,-2.648,39.869,-3.678,135.227,388.204,17268.303,15.277,1950.822,0.0,167.285,8.43,1.089,0.287,3.692,0.0,2.623,471.479,6378.546,7830938.0,339.175,4617.582,72.392,10.739,29.655,9.754,100.584,12844.44,0.0,,0.0,0.0,0.0,0.0,0.0,0.0,,0.0,0.0,0.0,0.0,0.0
AUT,Austria,1993,-4.504,-0.242,3.922,0.591,-4.791,-0.732,1.712,5.807,2.609,169.79,14.952,0.03,0.014,0.104,13.211,,5.801,-10.09,10.133,-3.923,34.959,377.593,4429.598,5.128,649.754,50.64,1.34,2.98,13.32,6.79,36.71,0.0,3.55,0.0,1.34,38.05,0.0,0.0,51.37,,1.544,43712.43,0.228,69.318,0.543,239.135,30300.57,1687.766,25.93,223463037880.0,13.218,5.165,19.657,3.33,67.812,860.355,8592.466,15.655,1983.68,71.462,5.329,29.555,5.159,101.96,4651.493,12919.261,74.07,38.05,4821.284,5.233,30.682,5.264,105.848,13411.894,-1.442,-0.73,0.0,,0.0,0.0,0.0,0.0,0.0,6.911,0.84,39.528,1.137,136.363,449.818,17278.507,14.545,1842.967,0.0,169.79,2.404,1.096,0.089,3.781,0.0,2.609,479.07,6509.05,7892089.0,344.982,4821.284,74.07,5.233,30.682,5.264,105.848,13411.894,0.0,,0.001,0.003,0.003,0.0,0.352,0.0,,0.0,0.0,0.0,0.0,0.0
AUT,Austria,1994,-19.057,-0.977,-9.717,-1.521,-4.745,-0.69,-0.555,-1.914,2.284,149.738,-29.491,0.021,-0.031,0.074,9.25,,5.949,1.418,10.335,0.496,35.454,390.074,4461.245,4.151,522.285,51.29,1.19,3.1,15.21,8.64,35.71,0.0,3.47,0.0,1.19,36.9,0.0,0.0,52.11,,1.493,43168.378,0.547,70.086,1.307,240.442,30254.892,1913.878,29.188,229749260360.0,16.58,2.859,20.332,1.939,69.751,1087.173,8776.855,14.134,1778.503,68.528,-2.719,28.912,-2.772,99.188,4493.398,12480.797,70.812,36.9,4643.136,-3.043,29.914,-3.221,102.627,12913.521,-1.599,-0.82,0.0,,0.0,0.0,0.0,0.0,0.0,6.659,-0.827,39.42,-1.127,135.236,436.631,17016.792,13.855,1743.339,0.0,149.738,-11.061,0.98,-0.418,3.363,0.0,2.284,423.124,6557.014,7947215.0,343.068,4643.136,70.812,-3.043,29.914,-3.221,102.627,12913.521,0.0,0.0,0.001,0.0,0.003,0.0,0.35,0.0,,0.0,0.0,0.0,0.0,0.0
AUT,Austria,1995,-5.255,-0.218,9.383,1.326,8.858,1.227,4.824,16.549,3.335,230.285,78.513,0.036,0.058,0.131,16.424,,7.829,13.776,11.217,4.884,40.339,540.668,5048.574,3.933,492.179,52.71,1.84,4.32,16.27,8.91,37.07,0.0,3.04,0.0,1.84,38.91,0.0,0.0,55.18,,1.518,45007.856,4.54,69.896,10.916,251.358,31458.607,2036.267,29.485,236824446617.0,16.147,9.184,21.177,6.406,76.157,1115.128,9531.432,15.46,1934.945,67.18,3.808,28.632,3.777,102.965,4639.484,12886.5,70.515,38.91,4869.768,5.49,30.104,5.634,108.26,13549.286,-4.686,-2.47,0.0,,0.0,0.0,0.0,0.0,0.0,5.509,-0.277,37.501,-0.374,134.862,380.47,16878.601,15.082,1887.578,0.0,230.285,53.419,1.435,1.796,5.159,0.0,3.335,645.667,6906.035,7990113.0,359.618,4869.768,70.515,5.49,30.104,5.634,108.26,13549.286,0.0,0.0,0.001,0.0,0.003,0.0,0.348,0.0,,0.001,0.003,0.003,0.0,0.348
AUT,Austria,1996,-14.638,-0.576,0.669,0.103,-4.845,-0.731,0.304,1.095,2.931,195.813,-1.926,0.036,-0.003,0.129,16.052,,9.856,0.425,11.231,0.172,40.51,658.53,5052.503,3.357,418.681,54.52,1.57,5.28,17.78,9.4,34.22,0.0,3.1,0.0,1.57,35.79,0.0,0.0,53.57,,1.481,44988.675,3.879,72.387,9.75,261.108,32565.768,2217.552,33.19,243480773797.0,17.547,6.439,22.472,4.904,81.061,1172.384,10110.058,15.564,1941.144,63.879,-7.692,26.349,-7.92,95.045,4267.976,11854.151,66.81,35.79,4463.789,-7.995,27.613,-8.655,99.605,12422.943,1.742,0.95,0.0,,0.0,0.0,0.0,0.0,0.0,5.787,3.466,38.683,4.674,139.536,386.637,17403.207,14.351,1789.919,0.0,195.813,-14.418,1.224,-0.744,4.415,0.0,2.931,550.662,6681.341,8017852.0,360.713,4463.789,66.81,-7.995,27.613,-8.655,99.605,12422.943,0.0,0.0,0.001,0.0,0.003,0.0,0.346,0.0,400.0,0.004,0.011,0.014,0.0,1.732
AUT,Austria,1997,7.085,0.238,-4.29,-0.668,-12.443,-1.786,2.044,7.372,3.035,210.385,18.427,0.041,0.024,0.152,18.974,,10.471,6.068,11.674,2.458,42.969,725.768,5349.091,3.595,447.508,54.91,1.69,5.83,17.86,8.47,36.11,0.0,3.56,0.0,1.69,37.82,0.0,0.02,55.68,,1.473,45822.333,0.658,71.403,1.718,262.825,32718.726,2223.364,32.076,249847269867.0,15.212,-3.621,21.225,-2.935,78.126,1054.417,9725.758,14.896,1854.404,64.853,5.521,27.247,5.248,100.293,4495.278,12485.261,67.924,37.82,4708.154,5.677,28.597,5.655,105.26,13103.644,-1.402,-0.77,0.0,,0.0,0.0,0.0,0.0,0.0,6.394,1.573,38.505,2.195,141.731,443.179,17643.877,12.566,1564.274,0.0,210.385,7.672,1.292,0.339,4.754,0.0,3.035,591.801,6931.518,8032873.0,368.085,4708.154,67.924,5.677,28.597,5.655,105.26,13103.644,0.0,100.0,0.002,0.003,0.006,0.0,0.692,0.036,300.0,0.015,0.042,0.056,2.49,6.916
AUT,Austria,1998,1.815,0.065,9.804,1.46,8.441,1.061,1.566,5.766,3.255,226.338,2.3,0.042,0.004,0.156,19.391,,7.386,-11.959,10.119,-5.139,37.83,513.614,4704.611,3.66,455.167,55.76,1.82,4.13,16.89,8.87,37.16,0.0,3.89,0.0,1.82,39.03,0.0,0.05,55.92,,1.439,46492.76,0.909,70.941,2.389,265.214,32982.52,2100.471,30.204,259776258295.0,15.862,2.664,21.454,2.082,80.207,1103.089,9974.732,16.357,2034.136,66.452,2.93,27.613,2.939,103.232,4621.285,12838.064,69.796,39.03,4853.841,3.208,29.059,3.377,108.637,13510.277,-0.287,-0.16,0.0,,0.0,0.0,0.0,0.0,0.0,6.956,3.842,39.368,5.446,147.177,483.767,18303.177,13.626,1694.596,0.0,226.338,7.677,1.369,0.365,5.119,0.0,3.255,636.587,6954.312,8041054.0,373.851,4853.841,69.796,3.208,29.059,3.377,108.637,13510.277,0.0,0.0,0.001,0.0,0.006,0.0,0.691,0.089,125.0,0.033,0.069,0.125,6.218,15.545
AUT,Austria,1999,-11.387,-0.417,10.749,1.758,-11.51,-1.568,2.171,8.118,2.67,198.73,17.708,0.048,0.028,0.184,22.796,,7.377,-0.688,9.836,-0.26,37.57,548.992,4666.427,3.243,402.832,58.02,1.6,4.42,17.57,9.29,40.7,0.0,3.86,0.0,1.6,42.35,0.0,0.05,59.92,,1.414,47442.936,-0.402,69.155,-1.065,264.149,32809.0,2182.306,29.322,270186299296.0,15.504,2.145,21.449,1.72,81.928,1153.877,10175.943,18.115,2249.97,67.924,9.514,29.597,9.822,113.053,5055.2,14041.93,70.678,42.35,5260.14,8.453,30.845,9.183,117.82,14633.975,-3.275,-1.9,0.0,,0.0,0.0,0.0,0.0,0.0,6.442,-1.716,37.87,-2.525,144.651,479.437,17966.63,12.058,1497.677,0.0,198.73,-13.342,1.161,-0.683,4.436,0.0,2.67,550.963,7442.446,8051116.0,381.969,5260.14,70.678,8.453,30.845,9.183,117.82,14633.975,0.0,0.0,0.001,0.0,0.006,0.0,0.69,0.083,13.333,0.037,0.017,0.142,6.21,17.596
AUT,Austria,2000,10.18,0.33,3.736,0.677,5.634,0.679,0.344,1.313,2.556,189.608,7.854,0.052,0.014,0.198,24.531,198.496,9.557,13.067,11.083,4.909,42.479,708.862,5264.294,3.573,442.841,58.48,1.53,5.72,16.41,7.85,41.84,0.0,2.84,0.0,1.53,43.44,0.0,0.07,59.85,11.88,1.367,47498.841,-0.649,68.47,-1.715,262.434,32522.585,2033.64,27.419,280410159538.0,13.116,-4.544,20.404,-3.722,78.205,972.826,9691.727,18.791,2328.768,69.908,2.793,30.32,3.157,116.21,5185.1,14401.569,72.581,43.44,5383.383,2.57,31.53,3.028,120.848,14976.294,-2.343,-1.37,0.0,,0.0,0.0,0.0,0.0,0.0,4.745,-2.006,36.983,-2.902,141.749,351.952,17566.565,12.737,1578.495,0.0,189.608,-4.298,1.108,-0.191,4.245,0.0,2.556,526.097,7417.022,8069276.0,383.281,5383.383,72.581,2.57,31.53,3.028,120.848,14976.294,0.0,50.0,0.002,0.003,0.008,0.0,1.033,0.117,31.373,0.049,0.044,0.186,8.675,23.064
AUT,Austria,2001,-3.278,-0.117,-4.044,-0.76,1.632,0.208,3.687,14.132,2.735,206.23,14.714,0.057,0.029,0.227,28.042,221.422,11.284,3.301,11.042,1.402,43.881,850.853,5418.93,3.456,426.819,61.28,1.67,6.89,18.82,8.75,40.46,0.0,3.18,0.0,1.67,42.24,0.01,0.1,61.06,13.52,1.393,49077.003,6.865,70.568,18.015,280.449,34632.917,2324.101,30.822,285335957416.0,14.33,5.98,20.855,4.677,82.882,1080.546,10235.186,18.031,2226.726,66.263,-3.927,28.093,-4.564,111.647,4996.447,13787.366,69.178,42.24,5216.261,-3.213,29.432,-3.883,116.965,14444.126,0.359,0.22,0.0,,0.0,0.0,0.0,0.0,0.0,5.208,8.421,38.671,11.936,153.686,392.701,18978.801,12.945,1598.611,0.0,206.23,8.421,1.158,0.358,4.603,0.0,2.735,568.396,7540.361,8097755.0,397.414,5216.261,69.178,-3.213,29.432,-3.883,116.965,14444.126,0.016,65.667,0.003,0.005,0.014,1.235,1.705,0.164,155.049,0.119,0.289,0.475,12.349,58.618
AUT,Austria,2002,17.081,0.59,8.545,1.541,3.359,0.435,0.19,0.756,2.505,186.861,3.459,0.059,0.008,0.235,28.881,219.311,10.891,1.592,11.196,0.699,44.58,812.598,5480.396,4.047,497.474,61.39,1.52,6.61,18.79,9.31,40.23,0.0,2.87,0.0,1.52,41.9,0.01,0.14,60.69,13.31,1.367,48948.877,0.869,71.046,2.436,282.885,34776.381,2309.942,30.961,291225467774.0,15.34,-1.685,20.465,-1.397,81.485,1144.522,10017.384,19.572,2406.111,66.288,-1.206,27.702,-1.347,110.3,4945.661,13559.684,69.039,41.9,5150.962,-1.436,28.954,-1.68,115.285,14172.534,1.14,0.7,0.0,,0.0,0.0,0.0,0.0,0.0,4.729,2.039,39.385,3.134,156.82,352.822,19278.602,13.38,1644.862,0.0,186.861,-9.424,1.047,-0.434,4.169,0.0,2.505,512.51,7460.904,8134403.0,398.17,5150.962,69.039,-1.436,28.954,-1.68,115.285,14172.534,0.016,78.672,0.006,0.011,0.025,1.229,3.032,0.231,17.262,0.14,0.082,0.557,17.211,68.427
AUT,Austria,2003,-18.414,-0.745,11.223,2.197,-3.469,-0.464,1.351,5.379,2.842,201.814,3.776,0.06,0.009,0.244,29.82,272.477,14.537,6.658,11.782,2.968,47.548,1032.308,5815.628,3.302,403.814,63.67,1.65,8.44,22.82,11.16,33.21,0.0,3.22,0.0,1.65,35.24,0.01,0.37,58.06,15.82,1.37,49358.638,8.565,76.103,24.229,307.114,37563.543,2791.145,39.304,294604382283.0,19.221,9.995,22.21,8.144,89.63,1364.995,10962.742,21.769,2662.591,57.199,-17.96,22.423,-19.81,90.49,4061.96,11067.911,60.696,35.24,4310.253,-16.351,23.897,-18.85,96.435,11795.134,8.811,5.61,0.0,,0.0,0.0,0.0,0.0,0.0,5.546,8.364,42.11,13.117,169.936,393.843,20785.173,12.916,1579.757,0.0,201.814,11.872,1.156,0.495,4.664,0.0,2.842,570.447,7101.398,8175855.0,403.549,4310.253,60.696,-16.351,23.897,-18.85,96.435,11795.134,0.017,65.67,0.01,0.016,0.041,1.223,4.998,0.637,79.14,0.247,0.441,0.997,45.255,121.959
AUT,Austria,2004,-79.601,-2.628,-5.281,-1.15,1.095,0.141,1.67,6.738,3.084,232.45,1.945,0.061,0.005,0.249,30.248,252.059,12.772,-2.043,11.352,-0.971,46.576,962.661,5668.422,0.673,81.965,65.01,1.91,7.91,22.31,10.95,36.76,0.0,3.45,0.0,1.91,39.62,0.02,0.93,61.93,15.61,1.351,49932.638,-1.536,73.704,-4.717,302.397,36802.269,2715.166,36.025,303786414549.0,17.681,0.962,22.056,0.863,90.492,1332.634,11013.084,20.619,2509.415,59.357,9.975,24.255,9.026,99.516,4473.756,12111.248,63.975,39.62,4821.823,11.878,26.296,11.455,107.89,13130.409,4.738,3.08,0.0,,0.0,0.0,0.0,0.0,0.0,5.571,-2.712,40.296,-4.608,165.328,419.871,20120.762,13.057,1589.102,0.0,232.45,19.551,1.359,0.912,5.576,0.0,3.084,678.573,7536.989,8216809.0,410.287,4821.823,63.975,11.878,26.296,11.455,107.89,13130.409,0.032,19.236,0.012,0.008,0.049,2.434,5.93,1.502,150.851,0.61,1.504,2.501,113.183,304.41
AUT,Austria,2005,-100.0,-0.673,-11.971,-2.468,-10.001,-1.306,1.7,6.974,3.768,294.415,280.443,0.227,0.697,0.946,114.562,249.806,11.118,-0.297,11.129,-0.138,46.438,868.706,5626.365,0.0,0.0,67.11,2.43,7.17,23.61,13.03,37.1,0.0,3.41,0.0,2.43,40.88,0.02,1.33,64.49,16.11,1.339,50554.724,1.304,73.417,3.944,306.342,37115.87,2860.551,36.61,311537609801.0,20.205,5.287,22.834,4.785,95.277,1578.694,11543.629,18.151,2199.14,57.528,0.267,23.913,0.265,99.781,4494.978,12089.346,63.39,40.88,4952.957,2.808,26.583,3.03,110.92,13438.894,3.904,2.62,0.0,,0.0,0.0,0.0,0.0,0.0,5.288,-0.425,39.454,-0.702,164.626,413.15,19945.876,11.751,1423.786,0.0,294.415,17.575,1.571,0.98,6.556,0.0,3.768,794.271,7813.507,8253656.0,417.261,4952.957,63.39,2.808,26.583,3.03,110.92,13438.894,0.031,16.03,0.014,0.008,0.057,2.423,6.85,2.062,43.166,0.858,1.08,3.581,161.141,433.865
AUT,Austria,2006,,0.0,15.544,2.821,3.537,0.416,-1.131,-4.719,5.186,389.845,259.239,0.823,2.451,3.397,409.978,247.27,11.834,-0.086,11.247,-0.04,46.398,889.523,5600.01,0.0,0.0,68.62,3.23,7.37,21.62,10.67,35.66,0.0,3.58,0.0,3.23,40.66,0.02,1.75,62.28,15.4,1.276,49791.803,-1.927,72.826,-5.902,300.44,36261.6,2609.427,34.714,323263924938.0,17.132,-6.03,21.703,-5.745,89.532,1287.816,10806.079,20.972,2531.246,57.258,-4.484,23.102,-4.474,95.307,4303.985,11503.11,65.286,40.66,4907.461,1.066,27.174,1.183,112.103,13530.243,9.239,6.34,0.0,,0.0,0.0,0.0,0.0,0.0,5.748,-0.071,39.877,-0.117,164.51,432.088,19855.512,12.167,1468.514,0.0,389.845,32.004,2.098,2.098,8.654,0.0,5.186,1044.46,7516.888,8285344.0,412.542,4907.461,65.286,1.066,27.174,1.183,112.103,13530.243,0.032,5.841,0.015,0.003,0.06,2.414,7.222,2.81,30.834,1.136,1.104,4.685,211.216,565.473
AUT,Austria,2007,,0.0,-2.045,-0.429,2.478,0.302,-2.344,-9.67,6.454,488.349,16.437,0.982,0.558,3.955,475.734,228.422,10.491,-3.316,11.135,-1.538,44.86,793.867,5395.848,0.0,0.0,68.93,4.06,6.6,19.74,9.9,37.05,0.0,3.24,0.0,4.06,43.17,0.02,2.04,62.91,14.37,1.198,48458.605,-5.396,70.55,-16.213,284.227,34187.625,2374.385,31.378,336315985756.0,15.737,-5.387,21.026,-4.823,84.709,1190.801,10189.05,20.543,2471.025,58.894,3.272,24.431,3.119,98.426,4456.483,11838.965,68.622,43.17,5192.614,5.836,29.45,6.543,118.645,14271.019,8.733,6.02,0.0,,0.0,0.0,0.0,0.0,0.0,5.15,-5.989,38.389,-9.852,154.658,389.717,18602.727,12.469,1499.766,0.0,488.349,24.671,2.678,2.135,10.789,0.0,6.454,1297.691,7567.0,8313731.0,402.872,5192.614,68.622,5.836,29.45,6.543,118.645,14271.019,0.032,7.594,0.016,0.005,0.064,2.406,7.744,3.243,15.499,1.343,0.726,5.411,245.377,650.884
AUT,Austria,2008,,0.0,-17.128,-3.519,-1.962,-0.245,2.004,8.074,6.45,498.71,21.561,1.17,0.853,4.808,576.38,220.0,8.574,-1.211,10.784,-0.543,44.316,662.948,5312.751,0.0,0.0,69.36,4.16,5.53,19.97,11.18,38.33,0.0,3.26,0.0,4.16,44.53,0.03,2.01,64.5,14.19,1.198,49265.112,1.402,70.134,3.986,288.212,34551.528,2394.047,30.961,342890889591.0,17.333,7.055,22.068,5.977,90.686,1340.283,10871.588,17.025,2040.959,59.426,2.798,24.621,2.754,101.18,4595.083,12129.726,69.039,44.53,5338.352,3.446,29.866,4.089,122.734,14713.624,7.007,4.86,0.0,,0.0,0.0,0.0,0.0,0.0,5.054,-0.936,37.282,-1.448,153.21,390.816,18367.189,12.224,1465.449,0.0,498.71,5.268,2.764,0.568,11.357,0.0,6.45,1361.504,7732.399,8341525.0,410.946,5338.352,69.039,3.446,29.866,4.089,122.734,14713.624,0.047,23.494,0.019,0.015,0.08,3.596,9.532,3.116,-1.886,1.292,-0.102,5.309,240.963,636.481
AUT,Austria,2009,,0.0,1.795,0.306,0.653,0.08,-3.387,-13.918,6.456,511.188,26.899,1.537,1.293,6.101,728.701,199.397,5.671,-24.654,8.41,-10.926,33.391,449.081,3988.078,0.0,0.0,67.08,4.28,3.76,19.12,12.34,40.9,0.0,3.02,0.0,4.28,47.18,0.05,1.95,66.3,13.22,1.199,47419.612,-7.305,67.29,-21.053,267.16,31908.6,2283.624,28.839,331192240721.0,18.612,-2.609,22.245,-2.366,88.319,1473.845,10548.527,17.33,2069.86,61.689,6.038,27.023,6.109,107.29,4884.948,12814.302,71.161,47.18,5635.009,5.813,32.71,7.135,129.869,15511.05,1.163,0.78,0.0,,0.0,0.0,0.0,0.0,0.0,4.555,-5.065,36.635,-7.761,145.45,360.698,17371.995,12.304,1469.537,0.0,511.188,-1.179,2.827,-0.134,11.223,0.0,6.456,1340.448,7918.632,8372658.0,397.028,5635.009,71.161,5.813,32.71,7.135,129.869,15511.05,0.075,61.396,0.032,0.049,0.128,5.972,15.327,2.941,-3.445,1.291,-0.183,5.126,232.901,612.272
AUT,Austria,2010,,0.0,4.264,0.739,2.845,0.35,3.401,13.503,6.597,532.703,-2.533,1.449,-0.155,5.947,707.095,229.569,7.245,17.579,9.563,5.87,39.261,585.022,4668.367,0.0,0.0,70.35,4.48,4.92,22.92,14.35,38.36,0.0,3.65,0.0,4.48,44.99,0.09,2.06,67.91,15.59,1.211,48814.977,7.541,69.984,20.147,287.307,34162.749,2725.345,33.751,338927097694.0,21.131,8.842,23.416,7.809,96.128,1706.313,11430.3,18.069,2148.556,56.487,-6.769,24.365,-7.262,100.027,4561.266,11893.942,66.249,44.99,5349.619,-5.116,30.016,-6.644,123.225,14652.266,3.468,2.44,0.0,,0.0,0.0,0.0,0.0,0.0,5.375,4.447,37.005,6.468,151.918,434.01,18064.082,12.654,1504.64,0.0,532.703,3.695,2.835,0.415,11.638,0.0,6.597,1383.813,8074.964,8409945.0,410.531,5349.619,66.249,-5.116,30.016,-6.644,123.225,14652.266,0.133,80.455,0.056,0.103,0.232,10.702,27.535,3.033,4.975,1.311,0.255,5.381,244.948,639.882
AUT,Austria,2011,,0.0,-1.466,-0.265,4.375,0.554,-6.367,-26.14,7.324,539.421,0.5,1.555,0.03,5.976,706.969,239.158,8.721,2.697,10.489,1.059,40.32,642.337,4769.582,0.0,0.0,70.46,4.56,5.43,21.35,12.44,34.24,0.0,3.48,0.0,4.56,40.91,0.17,1.94,62.26,14.89,1.099,45471.304,-5.149,70.894,-14.794,272.512,32236.64,2525.581,34.292,349843142251.0,19.981,-5.94,23.522,-5.71,90.418,1471.58,10695.94,17.804,2106.144,54.995,-11.295,23.083,-11.298,88.729,4050.393,10496.172,65.708,40.91,4839.415,-9.207,29.106,-11.345,111.88,13234.701,11.638,8.2,0.0,,0.0,0.0,0.0,0.0,0.0,5.589,-6.677,36.883,-10.143,141.775,411.664,16771.118,13.208,1562.373,0.0,539.421,0.578,3.045,0.067,11.705,0.0,7.324,1384.634,7364.996,8453501.0,384.392,4839.415,65.708,-9.207,29.106,-11.345,111.88,13234.701,0.273,94.801,0.117,0.22,0.451,20.11,53.362,3.116,-6.758,1.305,-0.364,5.018,229.491,593.563
AUT,Austria,2012,,0.0,7.477,1.331,-3.088,-0.408,4.881,18.762,6.812,550.444,-1.058,1.467,-0.063,5.913,695.482,186.754,6.39,-7.105,9.29,-2.865,37.455,516.335,4405.301,0.0,0.0,71.5,4.68,4.39,17.37,9.71,43.85,0.0,3.27,0.0,4.68,51.33,0.34,2.46,68.7,12.83,1.144,47417.398,-2.635,65.814,-7.181,265.332,31207.329,2042.993,25.284,352450911998.0,14.134,-4.619,21.392,-4.177,86.241,1142.053,10143.396,19.135,2250.643,63.828,27.161,27.987,24.099,112.829,5157.47,13270.5,74.716,51.33,6037.24,23.188,34.186,25.943,137.822,16210.107,3.916,2.8,0.0,,0.0,0.0,0.0,0.0,0.0,4.76,-0.098,35.132,-0.139,141.635,384.605,16658.632,12.8,1505.452,0.0,550.444,1.403,2.944,0.164,11.869,0.0,6.812,1396.01,8080.233,8502230.0,403.154,6037.24,74.716,23.188,34.186,25.943,137.822,16210.107,0.495,92.703,0.216,0.418,0.869,39.99,102.241,3.581,26.385,1.573,1.324,6.342,289.336,745.874
AUT,Austria,2013,,0.0,-19.529,-3.737,-15.06,-1.928,-0.655,-2.639,7.277,549.31,-12.0,1.299,-0.71,5.204,608.165,172.163,6.518,1.713,9.512,0.641,38.096,492.041,4452.489,0.0,0.0,71.86,4.7,4.21,14.09,6.65,42.02,0.0,3.23,0.0,4.7,50.5,0.63,3.15,64.59,11.12,1.135,46809.952,0.346,66.477,0.918,266.25,31117.789,1646.761,21.815,352913736460.0,10.296,-4.913,20.475,-4.237,82.005,777.215,9584.25,15.399,1799.7,65.057,-4.591,26.878,-5.18,107.649,4911.064,12581.455,78.185,50.5,5902.159,-2.581,33.523,-3.557,134.265,15692.2,10.117,7.27,0.0,,0.0,0.0,0.0,0.0,0.0,5.001,3.186,36.49,4.513,146.149,377.504,17081.05,10.872,1270.667,0.0,549.31,-1.115,2.93,-0.132,11.737,0.0,7.277,1371.741,7548.92,8556191.0,400.515,5902.159,78.185,-2.581,33.523,-3.557,134.265,15692.2,0.975,84.366,0.4,0.733,1.603,73.631,187.308,4.877,27.303,2.016,1.731,8.073,368.154,943.532
AUT,Austria,2014,,0.0,-8.869,-1.366,5.994,0.652,-4.169,-16.697,7.384,528.136,24.276,1.685,1.263,6.467,750.627,151.574,4.771,-8.402,9.092,-3.201,34.896,341.257,4050.466,0.0,0.0,70.89,4.55,2.94,11.42,5.32,41.01,0.0,3.16,0.0,4.55,50.2,0.79,3.85,61.62,9.34,1.08,44551.163,-6.042,65.177,-16.087,250.162,29037.31,1325.563,18.533,355364637749.0,8.634,-8.408,19.569,-6.895,75.11,617.513,8718.285,14.033,1628.842,66.553,-3.049,27.192,-3.282,104.368,4760.189,12114.339,81.467,50.2,5826.907,-0.454,34.823,-0.61,133.655,15513.889,13.077,9.27,0.0,,0.0,0.0,0.0,0.0,0.0,5.128,-4.1,36.517,-5.992,140.157,366.793,16268.559,11.524,1337.602,0.0,528.136,-5.976,2.875,-0.701,11.035,0.0,7.384,1280.932,7152.471,8615205.0,383.817,5826.907,81.467,-0.454,34.823,-0.61,133.655,15513.889,1.282,24.693,0.521,0.396,1.998,91.698,231.96,6.248,21.232,2.55,1.714,9.787,446.884,1136.031
AUT,Austria,2015,,0.0,-4.383,-0.615,-3.77,-0.434,0.186,0.713,7.518,535.797,19.112,2.003,1.236,7.703,887.549,174.454,4.77,8.076,9.808,2.818,37.714,339.914,4345.555,0.0,0.0,71.91,4.65,2.95,14.26,7.66,37.16,0.0,3.65,0.0,4.65,47.59,0.94,4.84,61.85,10.79,1.071,44307.487,2.764,66.855,6.915,257.077,29621.747,1643.109,23.056,358988126890.0,12.385,6.086,20.722,4.571,79.681,882.624,9181.25,13.418,1546.059,60.081,-10.181,24.378,-10.626,93.742,4281.764,10801.398,76.944,47.59,5483.561,-4.641,33.145,-6.202,127.453,14685.776,13.99,10.06,0.0,,0.0,0.0,0.0,0.0,0.0,5.901,-0.338,36.326,-0.474,139.683,420.572,16094.942,11.089,1277.764,0.0,535.797,3.239,2.963,0.357,11.393,0.0,7.518,1312.749,7126.67,8678667.0,384.53,5483.561,76.944,-4.641,33.145,-6.202,127.453,14685.776,1.52,18.628,0.617,0.372,2.371,108.312,273.157,7.825,25.112,3.184,2.458,12.245,557.689,1410.922
AUT,Austria,2016,,0.0,-6.097,-0.818,-11.632,-1.29,3.289,12.649,7.326,546.454,-17.12,1.607,-1.319,6.384,729.829,161.686,3.126,-7.249,8.807,-2.734,34.98,233.215,3998.902,0.0,0.0,72.41,4.78,2.04,14.17,8.49,39.97,0.0,3.64,0.0,4.78,51.08,1.1,5.23,65.25,10.55,1.09,45405.83,2.255,66.186,5.798,262.875,30052.156,1619.927,21.716,364218285047.0,13.011,4.695,21.004,3.741,83.422,970.585,9536.876,12.6,1440.398,61.257,6.891,25.228,6.46,100.201,4569.407,11455.103,78.284,51.08,5839.512,5.375,33.814,6.851,134.304,15353.711,9.888,7.16,0.0,,0.0,0.0,0.0,0.0,0.0,5.579,3.43,36.375,4.791,144.474,416.128,16516.378,9.799,1120.279,0.0,546.454,3.551,2.97,0.405,11.797,0.0,7.326,1348.698,7459.44,8747306.0,397.179,5839.512,78.284,5.375,33.814,6.851,134.304,15353.711,1.686,16.266,0.694,0.386,2.756,125.753,315.098,8.015,7.51,3.315,0.92,13.165,597.898,1504.983
AUT,Austria,2017,,,,,,,2.426,9.636,7.298,557.829,-12.77,1.369,-0.815,5.569,631.39,171.462,2.611,4.531,8.988,1.585,36.565,199.549,4145.69,,,73.97,4.92,1.76,16.37,10.91,38.29,0.0,3.7,0.0,4.92,51.05,1.27,6.57,67.42,11.56,1.09,46124.647,4.083,67.256,10.734,273.609,31021.793,1856.03,24.281,373237957343.0,16.182,8.723,22.295,7.277,90.699,1236.975,10283.404,,,56.793,-4.459,23.532,-4.468,95.734,4341.318,10854.277,75.719,51.05,5788.046,-0.817,32.744,-1.098,133.206,15102.891,8.855,6.55,0.0,,0.0,0.0,0.0,0.0,0.0,5.488,1.296,35.974,1.872,146.346,419.506,16592.699,,,0.0,557.829,4.279,3.024,0.505,12.302,0.0,7.298,1394.839,7644.076,8819902.0,406.815,5788.046,75.719,-0.817,32.744,-1.098,133.206,15102.891,1.884,15.099,0.78,0.416,3.172,143.993,359.69,9.745,24.796,4.038,3.264,16.429,744.906,1862.695
AUT,Austria,2018,,,,,,,-2.379,-9.678,7.58,554.469,4.462,1.465,0.248,5.817,654.26,165.898,2.783,-11.704,8.129,-4.28,32.285,203.568,3631.043,,,73.99,4.93,1.81,14.98,9.92,37.64,0.0,3.25,0.0,4.93,50.06,1.46,6.03,65.04,10.79,1.039,44665.402,-2.446,67.21,-6.691,266.918,30019.824,1684.777,23.032,382269444359.0,15.252,-4.222,21.874,-3.829,86.869,1115.687,9770.05,,,57.872,-2.287,23.555,-2.189,93.545,4233.312,10520.814,76.968,50.06,5630.17,-2.242,32.79,-2.986,130.22,14645.614,12.096,8.95,0.0,,0.0,0.0,0.0,0.0,0.0,4.997,0.969,37.207,1.418,147.763,365.522,16618.731,,,0.0,554.469,-0.398,3.085,-0.049,12.253,0.0,7.58,1378.123,7314.948,8891383.0,397.137,5630.17,76.968,-2.242,32.79,-2.986,130.22,14645.614,2.245,14.0,0.911,0.444,3.617,164.204,406.749,9.271,-8.77,3.774,-1.441,14.988,678.185,1685.668
AUT,Austria,2019,,,,,,,4.741,18.827,6.576,520.373,0.591,1.407,0.034,5.852,653.44,160.457,2.117,2.301,7.94,0.743,33.028,167.502,3688.177,,,73.99,4.66,1.5,16.22,11.32,40.83,0.0,3.4,0.0,4.66,54.64,1.7,7.45,70.86,11.37,,46449.948,3.199,66.221,8.538,275.456,30759.648,1811.257,22.89,,15.975,2.458,21.397,2.135,89.004,1264.083,9938.962,,,57.621,7.089,24.083,6.632,100.176,4559.409,11186.495,77.11,54.64,6101.546,7.901,33.779,10.289,140.509,15690.338,4.23,3.13,0.0,,0.0,0.0,0.0,0.0,0.0,4.798,3.83,36.884,5.66,153.423,379.672,17132.509,,,0.0,520.373,-4.105,2.825,-0.503,11.75,0.0,6.576,1312.148,7912.802,8955108.0,415.964,6101.546,77.11,7.901,33.779,10.289,140.509,15690.338,2.399,16.54,1.013,0.598,4.215,189.836,470.654,10.514,23.537,4.451,3.528,18.516,831.927,2067.6
AUT,Austria,2020,,,,,,,-7.598,-31.604,6.634,509.638,-11.292,1.351,-0.661,5.191,576.355,142.506,0.809,-21.546,6.742,-7.116,25.912,62.178,2877.034,,,71.39,4.59,0.56,13.77,9.95,42.0,0.0,3.26,0.0,4.59,55.42,2.04,6.79,69.19,9.86,,42676.308,-11.244,63.608,-30.973,244.483,27145.484,1528.913,19.902,,14.381,-4.19,22.186,-3.729,85.275,1104.77,9468.296,,,60.702,0.86,26.287,0.862,101.038,4663.351,11218.459,80.098,55.42,6153.402,-0.449,36.392,-0.632,139.877,15530.859,3.082,2.2,0.0,,0.0,0.0,0.0,0.0,0.0,4.712,-13.119,34.68,-20.127,133.296,361.965,14800.154,,,0.0,509.638,10.313,3.372,1.212,12.962,0.0,6.634,1439.221,7682.315,9006400.0,384.36,6153.402,80.098,-0.449,36.392,-0.632,139.877,15530.859,2.948,-6.895,1.021,-0.291,3.924,226.506,435.706,9.814,-9.471,4.361,-1.754,16.762,753.908,1861.118
AUT,Austria,2021,,,,,,,,,6.551,478.82,,,,,,145.083,0.333,,,,,24.328,,,,73.19,4.33,0.22,13.7,10.22,39.58,0.0,3.26,0.0,4.33,52.4,1.99,6.5,66.1,9.59,,,,,,,,1514.972,20.726,,15.461,,,,,1130.147,,,,59.879,,,,,4376.831,,79.274,52.4,5794.491,,,,,,9.687,7.09,0.0,,,,,0.0,,4.932,,,,,360.497,,,,0.0,478.82,,,,,0.0,6.551,,7309.463,9043072.0,,5794.491,79.274,,,,,,3.011,,,,,220.058,,9.834,,,,,718.782,
