iso_code,country,year,coal_prod_change_pct,coal_prod_change_twh,gas_prod_change_pct,gas_prod_change_twh,oil_prod_change_pct,oil_prod_change_twh,energy_cons_change_pct,energy_cons_change_twh,biofuel_share_elec,biofuel_elec_per_capita,biofuel_cons_change_pct,biofuel_share_energy,biofuel_cons_change_twh,biofuel_consumption,biofuel_cons_per_capita,carbon_intensity_elec,coal_share_elec,coal_cons_change_pct,coal_share_energy,coal_cons_change_twh,coal_consumption,coal_elec_per_capita,coal_cons_per_capita,coal_production,coal_prod_per_capita,electricity_demand,biofuel_electricity,coal_electricity,fossil_electricity,gas_electricity,hydro_electricity,nuclear_electricity,oil_electricity,other_renewable_exc_biofuel_electricity,other_renewable_electricity,renewables_electricity,solar_electricity,wind_electricity,electricity_generation,greenhouse_gas_emissions,energy_per_gdp,energy_per_capita,fossil_cons_change_pct,fossil_share_energy,fossil_cons_change_twh,fossil_fuel_consumption,fossil_energy_per_capita,fossil_cons_per_capita,fossil_share_elec,gdp,gas_share_elec,gas_cons_change_pct,gas_share_energy,gas_cons_change_twh,gas_consumption,gas_elec_per_capita,gas_energy_per_capita,gas_production,gas_prod_per_capita,hydro_share_elec,hydro_cons_change_pct,hydro_share_energy,hydro_cons_change_twh,hydro_consumption,hydro_elec_per_capita,hydro_energy_per_capita,low_carbon_share_elec,low_carbon_electricity,low_carbon_elec_per_capita,low_carbon_cons_change_pct,low_carbon_share_energy,low_carbon_cons_change_twh,low_carbon_consumption,low_carbon_energy_per_capita,net_elec_imports_share_demand,net_elec_imports,nuclear_share_elec,nuclear_cons_change_pct,nuclear_share_energy,nuclear_cons_change_twh,nuclear_consumption,nuclear_elec_per_capita,nuclear_energy_per_capita,oil_share_elec,oil_cons_change_pct,oil_share_energy,oil_cons_change_twh,oil_consumption,oil_elec_per_capita,oil_energy_per_capita,oil_production,oil_prod_per_capita,other_renewables_elec_per_capita_exc_biofuel,other_renewables_elec_per_capita,other_renewables_cons_change_pct,other_renewables_share_energy,other_renewables_cons_change_twh,other_renewable_consumption,other_renewables_share_elec_exc_biofuel,other_renewables_share_elec,other_renewables_energy_per_capita,per_capita_electricity,population,primary_energy_consumption,renewables_elec_per_capita,renewables_share_elec,renewables_cons_change_pct,renewables_share_energy,renewables_cons_change_twh,renewables_consumption,renewables_energy_per_capita,solar_share_elec,solar_cons_change_pct,solar_share_energy,solar_cons_change_twh,solar_consumption,solar_elec_per_capita,solar_energy_per_capita,wind_share_elec,wind_cons_change_pct,wind_share_energy,wind_cons_change_twh,wind_consumption,wind_elec_per_capita,wind_energy_per_capita
BHS,Bahamas,1980,,,,,,,,,,,,,,,,,,,,,,,,0.0,0.0,,,,,,,,,,,,,,,,,83936.377,,,,,,,,,,,,,,,,,,,,,,,,,,,,,,,,,,,,,,,,,,,,,,,,,,,,,,,,,,,,,210589.0,17.676,,,,,,,,,,,,,,,,,,,,,
BHS,Bahamas,1981,,0.0,,,,,3.288,0.581,,,,,,,,,,,,,,,,0.0,0.0,,,,,,,,,,,,,,,,,84791.293,,,,,,,,,,,,,,,,,,,,,,,,,,,,,,,,,,,,,,,,,,,,,,,,,,,,,,,,,,,,,215321.0,18.257,,,,,,,,,,,,,,,,,,,,,
BHS,Bahamas,1982,,0.0,,,,,-13.793,-2.518,,,,,,,,,,,,,,,,0.0,0.0,,,,,,,,,,,,,,,,,71482.189,,,,,,,,,,,,,,,,,,,,,,,,,,,,,,,,,,,,,,,,,,,,,,,,,,,,,,,,,,,,,220182.0,15.739,,,,,,,,,,,,,,,,,,,,,
BHS,Bahamas,1983,,0.0,,,,,-24.0,-3.777,,,,,,,,,,,,,,,,0.0,0.0,,,,,,,,,,,,,,,,,53140.716,,,,,,,,,,,,,,,,,,,,,,,,,,,,,,,,,,,,,,,,,,,,,,,,,,,,,,,,,,,,,225095.0,11.962,,,,,,,,,,,,,,,,,,,,,
BHS,Bahamas,1984,,0.0,,,,,-10.281,-1.23,,,,,,,,,,,,,,,,0.0,0.0,,,,,,,,,,,,,,,,,46678.11,,,,,,,,,,,,,,,,,,,,,,,,,,,,,,,,,,,,,,,,,,,,,,,,,,,,,,,,,,,,,229913.0,10.732,,,,,,,,,,,,,,,,,,,,,
BHS,Bahamas,1985,,0.0,,,,,-12.006,-1.288,,,,,,,,,,,,,,,,0.0,0.0,,,,,,,,,,,,,,,,,40257.034,,,,,,,,,,,,,,,,,,,,,,,,,,,,,,,,,,,,,,,,,,,,,,,,,,,,,,,,,,,,,234579.0,9.443,,,,,,,,,,,,,,,,,,,,,
BHS,Bahamas,1986,,0.0,,,,,0.667,0.063,,,,,,,,,,,,,,,,0.0,0.0,,,,,,,,,,,,,,,,,39772.451,,,,,,,,,,,,,,,,,,,,,,,,,,,,,,,,,,,,,,,,,,,,,,,,,,,,,,,,,,,,,239020.0,9.506,,,,,,,,,,,,,,,,,,,,,
BHS,Bahamas,1987,,0.0,,,,,11.583,1.101,,,,,,,,,,,,,,,,0.0,0.0,,,,,,,,,,,,,,,,,43604.735,,,,,,,,,,,,,,,,,,,,,,,,,,,,,,,,,,,,,,,,,,,,,,,,,,,,,,,,,,,,,243265.0,10.608,,,,,,,,,,,,,,,,,,,,,
BHS,Bahamas,1988,,0.0,,,,,-6.92,-0.734,,,,,,,,,,,,,,,,0.0,0.0,,,,,,,,,,,,,,,,,39900.538,,,,,,,,,,,,,,,,,,,,,,,,,,,,,,,,,,,,,,,,,,,,,,,,,,,,,,,,,,,,,247451.0,9.873,,,,,,,,,,,,,,,,,,,,,
BHS,Bahamas,1989,,0.0,,,,,14.353,1.417,,,,,,,,,,,,,,,,0.0,0.0,,,,,,,,,,,,,,,,,44850.459,,,,,,,,,,,,,,,,,,,,,,,,,,,,,,,,,,,,,,,,,,,,,,,,,,,,,,,,,,,,,251738.0,11.291,,,,,,,,,,,,,,,,,,,,,
BHS,Bahamas,1990,,0.0,,,,,6.389,0.721,,,,,,,,,,,,,,,,0.0,0.0,,,,,,,,,,,,,,,,,46880.259,,,,,,,,,,,,,,,,,,,,,,,,,,,,,,,,,,,,,,,,,,,,,,,,,,,,,,,,,,,,,256226.0,12.012,,,,,,,,,,,,,,,,,,,,,
BHS,Bahamas,1991,,0.0,,,,,-11.301,-1.357,,,,,,,,,,,,,,,,0.0,0.0,,,,,,,,,,,,,,,,,40820.73,,,,,,,,,,,,,,,,,,,,,,,,,,,,,,,,,,,,,,,,,,,,,,,,,,,,,,,,,,,,,261006.0,10.654,,,,,,,,,,,,,,,,,,,,,
BHS,Bahamas,1992,,0.0,,,,,-15.395,-1.64,,,,,,,,,,,,,,,,0.0,0.0,,,,,,,,,,,,,,,,,33884.604,,,,,,,,,,,,,,,,,,,,,,,,,,,,,,,,,,,,,,,,,,,,,,,,,,,,,,,,,,,,,266028.0,9.014,,,,,,,,,,,,,,,,,,,,,
BHS,Bahamas,1993,,0.0,,,,,5.593,0.504,,,,,,,,,,,,,,,,0.0,0.0,,,,,,,,,,,,,,,,,35114.765,,,,,,,,,,,,,,,,,,,,,,,,,,,,,,,,,,,,,,,,,,,,,,,,,,,,,,,,,,,,,271065.0,9.518,,,,,,,,,,,,,,,,,,,,,
BHS,Bahamas,1994,,0.0,,,,,11.093,1.056,,,,,,,,,,,,,,,,0.0,0.0,,,,,,,,,,,,,,,,,38333.506,,,,,,,,,,,,,,,,,,,,,,,,,,,,,,,,,,,,,,,,,,,,,,,,,,,,,,,,,,,,,275849.0,10.574,,,,,,,,,,,,,,,,,,,,,
BHS,Bahamas,1995,,0.0,,,,,19.508,2.063,,,,,,,,,,,,,,,,0.0,0.0,,,,,,,,,,,,,,,,,45103.581,,,,,,,,,,,,,,,,,,,,,,,,,,,,,,,,,,,,,,,,,,,,,,,,,,,,,,,,,,,,,280179.0,12.637,,,,,,,,,,,,,,,,,,,,,
BHS,Bahamas,1996,,0.0,,,,,12.734,1.609,,,,,,,,,,,,,,,,0.0,0.0,,,,,,,,,,,,,,,,,50166.454,,,,,,,,,,,,,,,,,,,,,,,,,,,,,,,,,,,,,,,,,,,,,,,,,,,,,,,,,,,,,283980.0,14.246,,,,,,,,,,,,,,,,,,,,,
BHS,Bahamas,1997,,0.0,,,,,-2.533,-0.361,,,,,,,,,,,,,,,,0.0,0.0,,,,,,,,,,,,,,,,,48320.015,,,,,,,,,,,,,,,,,,,,,,,,,,,,,,,,,,,,,,,,,,,,,,,,,,,,,,,,,,,,,287363.0,13.885,,,,,,,,,,,,,,,,,,,,,
BHS,Bahamas,1998,,0.0,,,,,13.562,1.883,,,,,,,,,,,,,,,,0.0,0.0,,,,,,,,,,,,,,,,,54261.911,,,,,,,,,,,,,,,,,,,,,,,,,,,,,,,,,,,,,,,,,,,,,,,,,,,,,,,,,,,,,290600.0,15.769,,,,,,,,,,,,,,,,,,,,,
BHS,Bahamas,1999,,0.0,,,,,-12.043,-1.899,,,,,,,,,,,,,,,,0.0,0.0,,,,,,,,,,,,,,,,,47164.842,,,,,,,,,,,,,,,,,,,,,,,,,,,,,,,,,,,,,,,,,,,,,,,,,,,,,,,,,,,,,294063.0,13.869,,,,,,,,,,,,,,,,,,,,,
BHS,Bahamas,2000,,0.0,,,,,18.7,2.594,0.0,0.0,,,,,,700.637,0.0,,,,,0.0,,0.0,0.0,1.57,0.0,0.0,1.57,0.0,0.0,0.0,1.57,0.0,0.0,0.0,0.0,0.0,1.57,1.1,,55236.569,,,,,,5267.661,100.0,,0.0,,,,,0.0,,,,0.0,,,,,0.0,,0.0,0.0,0.0,,,,,,0.0,0.0,0.0,,,,,0.0,,100.0,,,,,5267.661,,,,0.0,0.0,,,,,0.0,0.0,,5267.661,298045.0,16.463,0.0,0.0,,,,,,0.0,,,,,0.0,,0.0,,,,,0.0,
BHS,Bahamas,2001,,0.0,,,,,1.916,0.315,0.0,0.0,,,,,,699.387,0.0,,,,,0.0,,0.0,0.0,1.63,0.0,0.0,1.63,0.0,0.0,0.0,1.63,0.0,0.0,0.0,0.0,0.0,1.63,1.14,,55444.386,,,,,,5386.329,100.0,,0.0,,,,,0.0,,,,0.0,,,,,0.0,,0.0,0.0,0.0,,,,,,0.0,0.0,0.0,,,,,0.0,,100.0,,,,,5386.329,,,,0.0,0.0,,,,,0.0,0.0,,5386.329,302618.0,16.778,0.0,0.0,,,,,,0.0,,,,,0.0,,0.0,,,,,0.0,
BHS,Bahamas,2002,,0.0,,,,,3.715,0.623,0.0,0.0,,,,,,697.674,0.0,,,,,0.0,,0.0,0.0,1.72,0.0,0.0,1.72,0.0,0.0,0.0,1.72,0.0,0.0,0.0,0.0,0.0,1.72,1.2,,56562.28,,,,,,5590.642,100.0,,0.0,,,,,0.0,,,,0.0,,,,,0.0,,0.0,0.0,0.0,,,,,,0.0,0.0,0.0,,,,,0.0,,100.0,,,,,5590.642,,,,0.0,0.0,,,,,0.0,0.0,,5590.642,307657.0,17.402,0.0,0.0,,,,,,0.0,,,,,0.0,,0.0,,,,,0.0,
BHS,Bahamas,2003,,0.0,,,,,-30.15,-5.247,0.0,0.0,,,,,,701.657,0.0,,,,,0.0,,0.0,0.0,1.81,0.0,0.0,1.81,0.0,0.0,0.0,1.81,0.0,0.0,0.0,0.0,0.0,1.81,1.27,,38818.858,,,,,,5780.476,100.0,,0.0,,,,,0.0,,,,0.0,,,,,0.0,,0.0,0.0,0.0,,,,,,0.0,0.0,0.0,,,,,0.0,,100.0,,,,,5780.476,,,,0.0,0.0,,,,,0.0,0.0,,5780.476,313123.0,12.155,0.0,0.0,,,,,,0.0,,,,,0.0,,0.0,,,,,0.0,
BHS,Bahamas,2004,,0.0,,,,,10.839,1.317,0.0,0.0,,,,,,698.324,0.0,,,,,0.0,,0.0,0.0,1.79,0.0,0.0,1.79,0.0,0.0,0.0,1.79,0.0,0.0,0.0,0.0,0.0,1.79,1.25,,42247.874,,,,,,5613.168,100.0,,0.0,,,,,0.0,,,,0.0,,,,,0.0,,0.0,0.0,0.0,,,,,,0.0,0.0,0.0,,,,,0.0,,100.0,,,,,5613.168,,,,0.0,0.0,,,,,0.0,0.0,,5613.168,318893.0,13.473,0.0,0.0,,,,,,0.0,,,,,0.0,,0.0,,,,,0.0,
BHS,Bahamas,2005,,0.0,,,,,-3.847,-0.518,0.0,0.0,,,,,,698.413,0.0,,,,,0.0,,0.0,0.0,1.89,0.0,0.0,1.89,0.0,0.0,0.0,1.89,0.0,0.0,0.0,0.0,0.0,1.89,1.32,,39877.864,,,,,,5818.106,100.0,,0.0,,,,,0.0,,,,0.0,,,,,0.0,,0.0,0.0,0.0,,,,,,0.0,0.0,0.0,,,,,0.0,,100.0,,,,,5818.106,,,,0.0,0.0,,,,,0.0,0.0,,5818.106,324848.0,12.954,0.0,0.0,,,,,,0.0,,,,,0.0,,0.0,,,,,0.0,
BHS,Bahamas,2006,,0.0,,,,,16.149,2.092,0.0,0.0,,,,,,699.482,0.0,,,,,0.0,,0.0,0.0,1.93,0.0,0.0,1.93,0.0,0.0,0.0,1.93,0.0,0.0,0.0,0.0,0.0,1.93,1.35,,45452.5,,,,,,5830.252,100.0,,0.0,,,,,0.0,,,,0.0,,,,,0.0,,0.0,0.0,0.0,,,,,,0.0,0.0,0.0,,,,,0.0,,100.0,,,,,5830.252,,,,0.0,0.0,,,,,0.0,0.0,,5830.252,331032.0,15.046,0.0,0.0,,,,,,0.0,,,,,0.0,,0.0,,,,,0.0,
BHS,Bahamas,2007,,0.0,,,,,15.162,2.281,0.0,0.0,,,,,,697.561,0.0,,,,,0.0,,0.0,0.0,2.05,0.0,0.0,2.05,0.0,0.0,0.0,2.05,0.0,0.0,0.0,0.0,0.0,2.05,1.43,,51357.933,,,,,,6076.108,100.0,,0.0,,,,,0.0,,,,0.0,,,,,0.0,,0.0,0.0,0.0,,,,,,0.0,0.0,0.0,,,,,0.0,,100.0,,,,,6076.108,,,,0.0,0.0,,,,,0.0,0.0,,6076.108,337387.0,17.327,0.0,0.0,,,,,,0.0,,,,,0.0,,0.0,,,,,0.0,
BHS,Bahamas,2008,,0.0,,,,,-2.281,-0.395,0.0,0.0,,,,,,697.561,0.0,,,,,0.0,,0.0,0.0,2.05,0.0,0.0,2.05,0.0,0.0,0.0,2.05,0.0,0.0,0.0,0.0,0.0,2.05,1.43,,49267.64,,,,,,5964.851,100.0,,0.0,,,,,0.0,,,,0.0,,,,,0.0,,0.0,0.0,0.0,,,,,,0.0,0.0,0.0,,,,,0.0,,100.0,,,,,5964.851,,,,0.0,0.0,,,,,0.0,0.0,,5964.851,343680.0,16.932,0.0,0.0,,,,,,0.0,,,,,0.0,,0.0,,,,,0.0,
BHS,Bahamas,2009,,0.0,,,,,-24.821,-4.203,0.0,0.0,,,,,,702.564,0.0,,,,,0.0,,0.0,0.0,1.95,0.0,0.0,1.95,0.0,0.0,0.0,1.95,0.0,0.0,0.0,0.0,0.0,1.95,1.37,,36411.549,,,,,,5577.803,100.0,,0.0,,,,,0.0,,,,0.0,,,,,0.0,,0.0,0.0,0.0,,,,,,0.0,0.0,0.0,,,,,0.0,,100.0,,,,,5577.803,,,,0.0,0.0,,,,,0.0,0.0,,5577.803,349600.0,12.729,0.0,0.0,,,,,,0.0,,,,,0.0,,0.0,,,,,0.0,
BHS,Bahamas,2010,,0.0,,,,,4.191,0.533,0.0,0.0,,,,,,698.413,0.0,,,,,0.0,,0.0,0.0,1.89,0.0,0.0,1.89,0.0,0.0,0.0,1.89,0.0,0.0,0.0,0.0,0.0,1.89,1.32,,37367.094,,,,,,5324.904,100.0,,0.0,,,,,0.0,,,,0.0,,,,,0.0,,0.0,0.0,0.0,,,,,,0.0,0.0,0.0,,,,,0.0,,100.0,,,,,5324.904,,,,0.0,0.0,,,,,0.0,0.0,,5324.904,354936.0,13.263,0.0,0.0,,,,,,0.0,,,,,0.0,,0.0,,,,,0.0,
BHS,Bahamas,2011,,0.0,,,,,-11.709,-1.553,0.0,0.0,,,,,,699.482,0.0,,,,,0.0,,0.0,0.0,1.93,0.0,0.0,1.93,0.0,0.0,0.0,1.93,0.0,0.0,0.0,0.0,0.0,1.93,1.35,,32565.546,,,,,,5367.328,100.0,,0.0,,,,,0.0,,,,0.0,,,,,0.0,,0.0,0.0,0.0,,,,,,0.0,0.0,0.0,,,,,0.0,,100.0,,,,,5367.328,,,,0.0,0.0,,,,,0.0,0.0,,5367.328,359583.0,11.71,0.0,0.0,,,,,,0.0,,,,,0.0,,0.0,,,,,0.0,
BHS,Bahamas,2012,,0.0,,,,,15.576,1.824,0.0,0.0,,,,,,698.324,0.0,,,,,0.0,,0.0,0.0,1.79,0.0,0.0,1.79,0.0,0.0,0.0,1.79,0.0,0.0,0.0,0.0,0.0,1.79,1.25,,37224.17,,,,,,4923.25,100.0,,0.0,,,,,0.0,,,,0.0,,,,,0.0,,0.0,0.0,0.0,,,,,,0.0,0.0,0.0,,,,,0.0,,100.0,,,,,4923.25,,,,0.0,0.0,,,,,0.0,0.0,,4923.25,363581.0,13.534,0.0,0.0,,,,,,0.0,,,,,0.0,,0.0,,,,,0.0,
BHS,Bahamas,2013,,0.0,,,,,-6.966,-0.943,0.0,0.0,,,,,,700.565,0.0,,,,,0.0,,0.0,0.0,1.77,0.0,0.0,1.77,0.0,0.0,0.0,1.77,0.0,0.0,0.0,0.0,0.0,1.77,1.24,,34293.466,,,,,,4820.76,100.0,,0.0,,,,,0.0,,,,0.0,,,,,0.0,,0.0,0.0,0.0,,,,,,0.0,0.0,0.0,,,,,0.0,,100.0,,,,,4820.76,,,,0.0,0.0,,,,,0.0,0.0,,4820.76,367162.0,12.591,0.0,0.0,,,,,,0.0,,,,,0.0,,0.0,,,,,0.0,
BHS,Bahamas,2014,,0.0,,,,,-1.807,-0.228,0.0,0.0,,,,,,701.657,0.0,,,,,0.0,,0.0,0.0,1.81,0.0,0.0,1.81,0.0,0.0,0.0,1.81,0.0,0.0,0.0,0.0,0.0,1.81,1.27,,33359.019,,,,,,4883.642,100.0,,0.0,,,,,0.0,,,,0.0,,,,,0.0,,0.0,0.0,0.0,,,,,,0.0,0.0,0.0,,,,,0.0,,100.0,,,,,4883.642,,,,0.0,0.0,,,,,0.0,0.0,,4883.642,370625.0,12.364,0.0,0.0,,,,,,0.0,,,,,0.0,,0.0,,,,,0.0,
BHS,Bahamas,2015,,0.0,,,,,-4.405,-0.545,0.0,0.0,,,,,,702.128,0.0,,,,,0.0,,0.0,0.0,1.88,0.0,0.0,1.88,0.0,0.0,0.0,1.88,0.0,0.0,0.0,0.0,0.0,1.88,1.32,,31584.977,,,,,,5024.051,100.0,,0.0,,,,,0.0,,,,0.0,,,,,0.0,,0.0,0.0,0.0,,,,,,0.0,0.0,0.0,,,,,0.0,,100.0,,,,,5024.051,,,,0.0,0.0,,,,,0.0,0.0,,5024.051,374200.0,11.819,0.0,0.0,,,,,,0.0,,,,,0.0,,0.0,,,,,0.0,
BHS,Bahamas,2016,,0.0,,,,,4.69,0.554,0.0,0.0,,,,,,702.703,0.0,,,,,0.0,,0.0,0.0,1.85,0.0,0.0,1.85,0.0,0.0,0.0,1.85,0.0,0.0,0.0,0.0,0.0,1.85,1.3,,32740.562,,,,,,4895.177,100.0,,0.0,,,,,0.0,,,,0.0,,,,,0.0,,0.0,0.0,0.0,,,,,,0.0,0.0,0.0,,,,,0.0,,100.0,,,,,4895.177,,,,0.0,0.0,,,,,0.0,0.0,,4895.177,377923.0,12.373,0.0,0.0,,,,,,0.0,,,,,0.0,,0.0,,,,,0.0,
BHS,Bahamas,2017,,,,,,,19.247,2.382,0.0,0.0,,,,,,700.535,0.0,,,,,0.0,,,,1.87,0.0,0.0,1.87,0.0,0.0,0.0,1.87,0.0,0.0,0.0,0.0,0.0,1.87,1.31,,38650.875,,,,,,4898.507,100.0,,0.0,,,,,0.0,,,,0.0,,,,,0.0,,0.0,0.0,0.0,,,,,,0.0,0.0,0.0,,,,,0.0,,100.0,,,,,4898.507,,,,0.0,0.0,,,,,0.0,0.0,,4898.507,381749.0,14.755,0.0,0.0,,,,,,0.0,,,,,0.0,,0.0,,,,,0.0,
BHS,Bahamas,2018,,,,,,,8.647,1.276,0.0,0.0,,,,,,700.935,0.0,,,,,0.0,,,,2.14,0.0,0.0,2.14,0.0,0.0,0.0,2.14,0.0,0.0,0.0,0.0,0.0,2.14,1.5,,41569.684,,,,,,5549.289,100.0,,0.0,,,,,0.0,,,,0.0,,,,,0.0,,0.0,0.0,0.0,,,,,,0.0,0.0,0.0,,,,,0.0,,100.0,,,,,5549.289,,,,0.0,0.0,,,,,0.0,0.0,,5549.289,385635.0,16.031,0.0,0.0,,,,,,0.0,,,,,0.0,,0.0,,,,,0.0,
BHS,Bahamas,2019,,,,,,,0.028,0.005,0.0,0.0,,,,,,700.0,0.0,,,,,0.0,,,,2.1,0.0,0.0,2.1,0.0,0.0,0.0,2.1,0.0,0.0,0.0,0.0,0.0,2.1,1.47,,41170.375,,,,,,5391.721,100.0,,0.0,,,,,0.0,,,,0.0,,,,,0.0,,0.0,0.0,0.0,,,,,,0.0,0.0,0.0,,,,,0.0,,100.0,,,,,5391.721,,,,0.0,0.0,,,,,0.0,0.0,,5391.721,389486.0,16.035,0.0,0.0,,,,,,0.0,,,,,0.0,,0.0,,,,,0.0,
BHS,Bahamas,2020,,,,,,,,,0.0,0.0,,,,,,700.0,0.0,,,,,0.0,,,,2.1,0.0,0.0,2.1,0.0,0.0,0.0,2.1,0.0,0.0,0.0,0.0,0.0,2.1,1.47,,,,,,,,5340.142,100.0,,0.0,,,,,0.0,,,,0.0,,,,,0.0,,0.0,0.0,0.0,,,,,,0.0,0.0,0.0,,,,,0.0,,100.0,,,,,5340.142,,,,0.0,0.0,,,,,0.0,0.0,,5340.142,393248.0,,0.0,0.0,,,,,,0.0,,,,,0.0,,0.0,,,,,0.0,
