iso_code,country,year,coal_prod_change_pct,coal_prod_change_twh,gas_prod_change_pct,gas_prod_change_twh,oil_prod_change_pct,oil_prod_change_twh,energy_cons_change_pct,energy_cons_change_twh,biofuel_share_elec,biofuel_elec_per_capita,biofuel_cons_change_pct,biofuel_share_energy,biofuel_cons_change_twh,biofuel_consumption,biofuel_cons_per_capita,carbon_intensity_elec,coal_share_elec,coal_cons_change_pct,coal_share_energy,coal_cons_change_twh,coal_consumption,coal_elec_per_capita,coal_cons_per_capita,coal_production,coal_prod_per_capita,electricity_demand,biofuel_electricity,coal_electricity,fossil_electricity,gas_electricity,hydro_electricity,nuclear_electricity,oil_electricity,other_renewable_exc_biofuel_electricity,other_renewable_electricity,renewables_electricity,solar_electricity,wind_electricity,electricity_generation,greenhouse_gas_emissions,energy_per_gdp,energy_per_capita,fossil_cons_change_pct,fossil_share_energy,fossil_cons_change_twh,fossil_fuel_consumption,fossil_energy_per_capita,fossil_cons_per_capita,fossil_share_elec,gdp,gas_share_elec,gas_cons_change_pct,gas_share_energy,gas_cons_change_twh,gas_consumption,gas_elec_per_capita,gas_energy_per_capita,gas_production,gas_prod_per_capita,hydro_share_elec,hydro_cons_change_pct,hydro_share_energy,hydro_cons_change_twh,hydro_consumption,hydro_elec_per_capita,hydro_energy_per_capita,low_carbon_share_elec,low_carbon_electricity,low_carbon_elec_per_capita,low_carbon_cons_change_pct,low_carbon_share_energy,low_carbon_cons_change_twh,low_carbon_consumption,low_carbon_energy_per_capita,net_elec_imports_share_demand,net_elec_imports,nuclear_share_elec,nuclear_cons_change_pct,nuclear_share_energy,nuclear_cons_change_twh,nuclear_consumption,nuclear_elec_per_capita,nuclear_energy_per_capita,oil_share_elec,oil_cons_change_pct,oil_share_energy,oil_cons_change_twh,oil_consumption,oil_elec_per_capita,oil_energy_per_capita,oil_production,oil_prod_per_capita,other_renewables_elec_per_capita_exc_biofuel,other_renewables_elec_per_capita,other_renewables_cons_change_pct,other_renewables_share_energy,other_renewables_cons_change_twh,other_renewable_consumption,other_renewables_share_elec_exc_biofuel,other_renewables_share_elec,other_renewables_energy_per_capita,per_capita_electricity,population,primary_energy_consumption,renewables_elec_per_capita,renewables_share_elec,renewables_cons_change_pct,renewables_share_energy,renewables_cons_change_twh,renewables_consumption,renewables_energy_per_capita,solar_share_elec,solar_cons_change_pct,solar_share_energy,solar_cons_change_twh,solar_consumption,solar_elec_per_capita,solar_energy_per_capita,wind_share_elec,wind_cons_change_pct,wind_share_energy,wind_cons_change_twh,wind_consumption,wind_elec_per_capita,wind_energy_per_capita
BLR,Belarus,1985,,,,,,,,,,,,,,,,,,,6.154,,25.112,,2536.224,,,,,,,,0.02,0.0,,,0.0,0.02,0.0,0.0,33.175,,3.716,41209.959,,99.986,,407.985,41204.381,,,109799184000.0,,,21.207,,86.532,,8739.279,,,0.06,,0.014,,0.056,2.02,5.611,0.06,0.02,2.02,,0.014,,0.056,5.611,,,0.0,,0.0,,0.0,0.0,0.0,,,72.625,,296.34,,29928.879,,,,0.0,,0.0,,0.0,,0.0,0.0,3350.505,9901493.0,408.04,2.02,0.06,,0.014,,0.056,5.611,0.0,,0.0,,0.0,0.0,0.0,0.0,,0.0,,0.0,0.0,0.0
BLR,Belarus,1986,,,,,,,14.164,57.795,,,,,,,,,,9.396,5.897,2.36,27.472,,2756.79,,,,,,,,0.02,0.0,,,0.0,0.02,0.0,0.0,36.282,,4.13,46746.258,14.166,99.988,57.795,465.78,46740.72,,,112796186320.0,,1.915,18.931,1.657,88.189,,8849.695,,,0.055,0.0,0.012,0.0,0.056,2.007,5.575,0.055,0.02,2.007,0.0,0.012,0.0,0.056,5.575,,,0.0,,0.0,0.0,0.0,0.0,0.0,,18.147,75.159,53.778,350.119,,35134.235,,,,0.0,,0.0,0.0,0.0,,0.0,0.0,3640.878,9965178.0,465.835,2.007,0.055,0.0,0.012,0.0,0.056,5.575,0.0,,0.0,0.0,0.0,0.0,0.0,0.0,,0.0,0.0,0.0,0.0,0.0
BLR,Belarus,1987,,,,,,,1.456,6.781,,,,,,,,,,-2.771,5.652,-0.761,26.711,,2664.004,,,,,,,,0.02,0.0,,,0.0,0.02,0.0,0.0,37.453,,4.143,47136.807,1.456,99.988,6.781,472.561,47131.304,,,114070847462.0,,12.875,21.062,11.355,99.543,,9928.072,,,0.053,0.0,0.012,0.0,0.056,1.995,5.541,0.053,0.02,1.995,0.0,0.012,0.0,0.056,5.541,,,0.0,,0.0,0.0,0.0,0.0,0.0,,-1.089,73.274,-3.812,346.306,,34539.227,,,,0.0,,0.0,0.0,0.0,,0.0,0.0,3735.412,10026470.0,472.616,1.995,0.053,0.0,0.012,0.0,0.056,5.541,0.0,,0.0,0.0,0.0,0.0,0.0,0.0,,0.0,0.0,0.0,0.0,0.0
BLR,Belarus,1988,,,,,,,1.436,6.786,,,,,,,,,,7.135,5.969,1.906,28.616,,2838.585,,,,,,,,0.02,0.0,,,0.0,0.02,0.0,0.0,38.15,,4.218,47553.958,1.436,99.988,6.786,479.346,47548.485,,,113655355176.0,,15.789,24.043,15.717,115.26,,11433.195,,,0.052,0.0,0.012,0.0,0.056,1.984,5.511,0.052,0.02,1.984,0.0,0.012,0.0,0.056,5.511,,,0.0,,0.0,0.0,0.0,0.0,0.0,,-3.129,69.977,-10.837,335.469,,33276.705,,,,0.0,,0.0,0.0,0.0,,0.0,0.0,3784.268,10081209.0,479.401,1.984,0.052,0.0,0.012,0.0,0.056,5.511,0.0,,0.0,0.0,0.0,0.0,0.0,0.0,,0.0,0.0,0.0,0.0,0.0
BLR,Belarus,1989,,,,,,,-3.284,-15.744,,,,,,,,,,-1.831,6.059,-0.524,28.092,,2774.821,,,,,,,,0.02,0.0,,,0.0,0.02,0.0,0.0,38.489,,3.828,45797.814,-3.285,99.988,-15.744,463.602,45792.363,,,121119311012.0,,5.311,26.179,6.122,121.382,,11989.573,,,0.052,0.0,0.012,0.0,0.056,1.976,5.488,0.052,0.02,1.976,0.0,0.012,0.0,0.056,5.488,,,0.0,,0.0,0.0,0.0,0.0,0.0,,-6.362,67.75,-21.342,314.127,,31027.969,,,,0.0,,0.0,0.0,0.0,,0.0,0.0,3801.758,10124000.0,463.657,1.976,0.052,0.0,0.012,0.0,0.056,5.488,0.0,,0.0,0.0,0.0,0.0,0.0,0.0,,0.0,0.0,0.0,0.0,0.0
BLR,Belarus,1990,,,,,,,-4.117,-19.088,,,,,,,,,,-12.039,5.558,-3.382,24.71,,2434.232,,,,,,,,0.02,0.0,,,0.0,0.02,0.0,0.0,39.526,,3.801,43794.982,-4.117,99.988,-19.088,444.514,43789.545,,,116974867000.0,,6.544,29.09,7.943,129.325,,12739.968,,,0.051,0.0,0.012,0.0,0.056,1.97,5.473,0.051,0.02,1.97,0.0,0.012,0.0,0.056,5.473,,,0.0,,0.0,0.0,0.0,0.0,0.0,,-7.528,65.339,-23.649,290.478,,28615.344,,,,0.0,,0.0,0.0,0.0,,0.0,0.0,3893.752,10151135.0,444.569,1.97,0.051,0.0,0.012,0.0,0.056,5.473,0.0,,0.0,0.0,0.0,0.0,0.0,0.0,,0.0,0.0,0.0,0.0,0.0
BLR,Belarus,1991,,,,,,,-1.081,-4.804,,,,,,,,,,-5.006,5.338,-1.237,23.473,,2310.173,,,,,,,,0.018,0.0,,,0.0,0.018,0.0,0.0,38.735,,3.857,43280.605,-1.079,99.989,-4.798,439.715,43275.719,,,114005495316.0,,4.658,30.778,6.024,135.349,,13320.709,,,0.046,-10.0,0.011,-0.006,0.05,1.772,4.921,0.046,0.018,1.772,-10.0,0.011,-0.006,0.05,4.921,,,0.0,,0.0,0.0,0.0,0.0,0.0,,-3.3,63.873,-9.585,280.893,,27644.836,,,,0.0,,0.0,0.0,0.0,,0.0,0.0,3812.205,10160785.0,439.765,1.772,0.046,-10.0,0.011,-0.006,0.05,4.921,0.0,,0.0,0.0,0.0,0.0,0.0,0.0,,0.0,0.0,0.0,0.0,0.0
BLR,Belarus,1992,,,,,,,-5.389,-23.697,,,,,,,,,,-16.713,4.699,-3.923,19.55,,1925.306,0.0,0.0,,,,,,0.017,0.0,,,0.0,0.017,0.0,0.0,37.595,,4.084,40974.384,-5.389,99.989,-23.694,416.021,40969.767,,,101880773333.0,,16.128,37.777,21.83,157.178,,15478.943,3.115,306.751,0.045,-5.556,0.011,-0.003,0.047,1.674,4.65,0.045,0.017,1.674,-5.556,0.011,-0.003,0.047,4.65,,,0.0,,0.0,0.0,0.0,0.0,0.0,,-14.81,57.513,-41.601,239.292,,23565.518,25.251,2486.709,,0.0,,0.0,0.0,0.0,,0.0,0.0,3702.359,10154338.0,416.068,1.674,0.045,-5.556,0.011,-0.003,0.047,4.65,0.0,,0.0,0.0,0.0,0.0,0.0,0.0,,0.0,0.0,0.0,0.0,0.0
BLR,Belarus,1993,,0.0,0.0,0.0,-0.273,-0.069,-19.911,-82.845,,,,,,,,,,-14.118,5.039,-2.76,16.79,,1656.621,0.0,0.0,,,,,,0.019,0.0,,,0.0,0.019,0.0,0.0,33.369,,3.581,32877.963,-19.915,99.984,-82.851,333.17,32872.782,,,93050202894.0,,-7.218,43.764,-11.345,145.833,,14388.863,3.115,307.332,0.057,11.765,0.016,0.006,0.053,1.875,5.207,0.057,0.019,1.875,11.765,0.016,0.006,0.053,5.207,,,0.0,,0.0,0.0,0.0,0.0,0.0,,-28.729,51.181,-68.745,170.547,,16827.299,25.182,2484.614,,0.0,,0.0,0.0,0.0,,0.0,0.0,3292.409,10135133.0,333.223,1.875,0.057,11.765,0.016,0.006,0.053,5.207,0.0,,0.0,0.0,0.0,0.0,0.0,0.0,,0.0,0.0,0.0,0.0,0.0
BLR,Belarus,1994,,0.0,0.0,0.0,-0.623,-0.157,-16.668,-55.542,,,,,,,,,,-29.936,4.236,-5.026,11.764,,1163.775,0.0,0.0,,,,,,0.019,0.0,,,0.0,0.019,0.0,0.0,31.397,,3.419,27470.62,-16.671,99.981,-55.542,277.628,27465.42,,,81212697200.0,,-12.581,45.911,-18.347,127.486,,12612.01,3.115,308.148,0.061,0.0,0.019,0.0,0.053,1.88,5.221,0.061,0.019,1.88,0.0,0.019,0.0,0.053,5.221,,,0.0,,0.0,0.0,0.0,0.0,0.0,,-18.862,49.834,-32.168,138.379,,13689.635,25.025,2475.687,,0.0,,0.0,0.0,0.0,,0.0,0.0,3106.068,10108280.0,277.681,1.88,0.061,0.0,0.019,0.0,0.053,5.221,0.0,,0.0,0.0,0.0,0.0,0.0,0.0,,0.0,0.0,0.0,0.0,0.0
BLR,Belarus,1995,,0.0,3.418,0.106,-2.943,-0.736,-9.268,-25.736,,,,,,,,,,-5.898,4.394,-0.694,11.07,,1098.467,0.0,0.0,,,,,,0.02,0.0,,,0.0,0.02,0.0,0.0,24.918,,3.53,25000.463,-9.271,99.978,-25.739,251.889,24994.97,,,71373349147.0,,-9.59,45.748,-12.225,115.26,,11437.282,3.221,319.651,0.08,5.263,0.022,0.003,0.056,1.985,5.513,0.08,0.02,1.985,5.263,0.022,0.003,0.056,5.513,,,0.0,,0.0,0.0,0.0,0.0,0.0,,-9.264,49.836,-12.82,125.559,,12459.221,24.288,2410.142,,0.0,,0.0,0.0,0.0,,0.0,0.0,2472.611,10077606.0,251.945,1.985,0.08,5.263,0.022,0.003,0.056,5.513,0.0,,0.0,0.0,0.0,0.0,0.0,0.0,,0.0,0.0,0.0,0.0,0.0
BLR,Belarus,1996,,0.0,0.0,0.0,-6.015,-1.461,2.535,6.386,,,,,,,,,,21.361,5.201,2.365,13.435,,1337.459,0.0,0.0,,,,,,0.016,0.0,,,0.0,0.016,0.0,0.0,23.728,,3.563,25717.691,2.54,99.983,6.397,258.286,25713.287,,,72504137598.0,,5.311,46.987,6.122,121.382,,12084.042,3.221,320.693,0.067,-20.0,0.017,-0.011,0.044,1.593,4.425,0.067,0.016,1.593,-20.0,0.017,-0.011,0.044,4.425,,,0.0,,0.0,0.0,0.0,0.0,0.0,,-1.664,47.795,-2.09,123.469,,12291.786,22.828,2272.563,,0.0,,0.0,0.0,0.0,,0.0,0.0,2362.205,10044854.0,258.33,1.593,0.067,-20.0,0.017,-0.011,0.044,4.425,0.0,,0.0,0.0,0.0,0.0,0.0,0.0,,0.0,0.0,0.0,0.0,0.0
BLR,Belarus,1997,,0.0,-33.305,-1.073,0.227,0.052,1.001,2.586,,,,,,,,,,5.378,5.426,0.723,14.157,,1414.386,0.0,0.0,,,,,,0.021,0.0,,,0.0,0.021,0.0,0.0,26.057,,3.267,26067.127,0.996,99.978,2.572,260.858,26061.32,,,79868104720.0,,14.383,53.213,17.458,138.84,,13871.017,2.148,214.644,0.081,31.25,0.022,0.014,0.058,2.098,5.828,0.081,0.021,2.098,31.25,0.022,0.014,0.058,5.828,,,0.0,,0.0,0.0,0.0,0.0,0.0,,-12.642,41.339,-15.609,107.86,,10775.917,22.879,2285.784,,0.0,,0.0,0.0,0.0,,0.0,0.0,2603.255,10009393.0,260.916,2.098,0.081,31.25,0.022,0.014,0.058,5.828,0.0,,0.0,0.0,0.0,0.0,0.0,0.0,,0.0,0.0,0.0,0.0,0.0
BLR,Belarus,1998,,0.0,10.0,0.215,0.204,0.047,-2.143,-5.59,,,,,,,,,,-11.255,4.921,-1.593,12.564,,1260.164,0.0,0.0,,,,,,0.028,0.0,,,0.0,0.028,0.0,0.0,23.492,,2.983,25609.447,-2.15,99.97,-5.61,255.248,25601.667,,,85602471319.0,,1.261,55.063,1.75,140.591,,14101.419,2.363,237.041,0.119,33.333,0.03,0.019,0.078,2.808,7.801,0.119,0.028,2.808,33.333,0.03,0.019,0.078,7.801,,,0.0,,0.0,0.0,0.0,0.0,0.0,,-5.347,39.986,-5.767,102.093,,10240.083,22.926,2299.489,,0.0,,0.0,0.0,0.0,,0.0,0.0,2356.272,9969986.0,255.326,2.808,0.119,33.333,0.03,0.019,0.078,7.801,0.0,,0.0,0.0,0.0,0.0,0.0,0.0,,0.0,0.0,0.0,0.0,0.0
BLR,Belarus,1999,,0.0,-4.545,-0.107,0.474,0.109,-2.661,-6.795,,,,,,,,,,-7.222,4.69,-0.907,11.656,,1174.521,0.0,0.0,,,,,,0.019,0.0,,,0.0,0.019,0.0,0.0,26.516,,2.842,25042.269,-2.652,99.979,-6.77,248.478,25036.972,,,87455041965.0,,1.864,57.623,2.621,143.212,,14430.234,2.256,227.305,0.072,-32.143,0.021,-0.025,0.053,1.914,5.318,0.072,0.019,1.914,-32.143,0.021,-0.025,0.053,5.318,,,0.0,,0.0,0.0,0.0,0.0,0.0,,-8.31,37.665,-8.484,93.609,,9432.216,23.035,2320.991,,0.0,,0.0,0.0,0.0,,0.0,0.0,2671.788,9924440.0,248.531,1.914,0.072,-32.143,0.021,-0.025,0.053,5.318,0.0,,0.0,0.0,0.0,0.0,0.0,0.0,,0.0,0.0,0.0,0.0,0.0
BLR,Belarus,2000,,0.0,-4.286,-0.097,1.4,0.323,2.764,6.868,0.0,0.0,,,,,,489.405,0.0,-0.727,4.531,-0.085,11.572,0.0,1172.221,0.0,0.0,31.78,0.0,0.0,24.51,24.51,0.03,0.0,0.0,0.0,0.0,0.03,0.0,0.0,24.54,12.01,2.794,25871.979,2.755,99.971,6.846,255.324,25864.403,2482.871,99.878,91419119131.0,99.878,6.092,59.49,8.724,151.936,2482.871,15391.202,2.159,218.727,0.122,42.105,0.029,0.022,0.075,3.039,7.598,0.122,0.03,3.039,42.105,0.029,0.022,0.075,7.598,22.782,7.24,0.0,,0.0,0.0,0.0,0.0,0.0,0.0,-1.916,35.95,-1.794,91.816,0.0,9300.98,23.357,2366.079,0.0,0.0,,0.0,0.0,0.0,0.0,0.0,0.0,2485.91,9871635.0,255.399,3.039,0.122,42.105,0.029,0.022,0.075,7.598,0.0,,0.0,0.0,0.0,0.0,0.0,0.0,,0.0,0.0,0.0,0.0,0.0
BLR,Belarus,2001,,0.0,-0.498,-0.011,-0.273,-0.064,-2.519,-6.432,0.0,0.0,,,,,,489.389,0.0,-28.2,3.337,-3.263,8.309,0.0,846.824,0.0,0.0,28.16,0.0,0.0,23.53,23.53,0.03,0.0,0.0,0.0,0.0,0.03,0.0,0.0,23.56,11.53,2.631,25375.22,-2.522,99.967,-6.44,248.884,25366.802,2398.231,99.873,94624125159.0,99.873,-0.573,60.677,-0.871,151.066,2398.231,15396.965,2.148,218.975,0.127,10.39,0.033,0.008,0.083,3.058,8.438,0.127,0.03,3.058,10.39,0.033,0.008,0.083,8.438,16.335,4.6,0.0,,0.0,0.0,0.0,0.0,0.0,0.0,-2.512,35.952,-2.306,89.509,0.0,9123.013,23.293,2374.101,0.0,0.0,,0.0,0.0,0.0,0.0,0.0,0.0,2401.289,9811399.0,248.966,3.058,0.127,10.39,0.033,0.008,0.083,8.438,0.0,,0.0,0.0,0.0,0.0,0.0,0.0,,0.0,0.0,0.0,0.0,0.0
BLR,Belarus,2002,,0.0,-5.0,-0.107,-1.333,-0.31,2.976,7.41,0.0,0.0,,,,,,489.345,0.0,-5.67,3.057,-0.471,7.837,0.0,804.177,0.0,0.0,29.76,0.0,0.0,24.84,24.84,0.03,0.0,0.0,0.0,0.0,0.03,0.0,0.0,24.87,12.17,2.609,26306.005,2.979,99.969,7.413,256.297,26297.867,2548.756,99.879,98263247540.0,99.879,2.888,60.625,4.362,155.428,2548.756,15947.98,2.041,209.424,0.121,-3.957,0.031,-0.003,0.08,3.078,8.159,0.121,0.03,3.078,-3.957,0.031,-0.003,0.08,8.159,16.431,4.89,0.0,,0.0,0.0,0.0,0.0,0.0,0.0,3.935,36.287,3.522,93.032,0.0,9545.709,22.983,2358.193,0.0,0.0,,0.0,0.0,0.0,0.0,0.0,0.0,2551.834,9745932.0,256.377,3.078,0.121,-3.957,0.031,-0.003,0.08,8.159,0.0,,0.0,0.0,0.0,0.0,0.0,0.0,,0.0,0.0,0.0,0.0,0.0
BLR,Belarus,2003,,0.0,-15.789,-0.322,-0.293,-0.067,-0.447,-1.145,0.0,0.0,,,,,,489.413,0.0,-5.878,2.89,-0.461,7.377,0.0,762.124,0.0,0.0,30.04,0.0,0.0,25.0,25.0,0.03,0.0,0.0,0.0,0.0,0.03,0.0,0.0,25.03,12.25,2.456,26368.943,-0.446,99.97,-1.142,255.155,26361.083,2582.849,99.88,103937826745.0,99.88,-1.686,59.87,-2.621,152.807,2582.849,15787.083,1.719,177.572,0.12,-4.067,0.03,-0.003,0.076,3.099,7.881,0.12,0.03,3.099,-4.067,0.03,-0.003,0.076,7.881,16.678,5.01,0.0,,0.0,0.0,0.0,0.0,0.0,0.0,2.085,37.21,1.94,94.971,0.0,9811.876,22.916,2367.494,0.0,0.0,,0.0,0.0,0.0,0.0,0.0,0.0,2585.948,9679235.0,255.231,3.099,0.12,-4.067,0.03,-0.003,0.076,7.881,0.0,,0.0,0.0,0.0,0.0,0.0,0.0,,0.0,0.0,0.0,0.0,0.0
BLR,Belarus,2004,,0.0,12.608,0.217,0.09,0.021,12.634,32.247,0.0,0.0,,,,,,489.434,0.0,-2.045,2.514,-0.151,7.226,0.0,751.401,0.0,0.0,32.59,0.0,0.0,29.31,29.31,0.03,0.0,0.0,0.0,0.0,0.03,0.0,0.0,29.34,14.36,2.511,29893.818,12.632,99.968,32.231,287.386,29884.268,3047.846,99.898,114486460020.0,99.898,21.293,64.472,32.537,185.344,3047.846,19273.267,1.935,201.263,0.102,17.106,0.031,0.013,0.089,3.12,9.289,0.102,0.03,3.12,20.69,0.032,0.016,0.092,9.573,9.972,3.25,0.0,,0.0,0.0,0.0,0.0,0.0,0.0,-0.164,32.982,-0.155,94.816,0.0,9859.6,22.936,2385.059,0.0,0.0,,0.0,0.0,0.0,0.0,0.0,0.0,3050.965,9616628.0,287.478,3.12,0.102,20.69,0.032,0.016,0.092,9.573,0.0,,0.0,0.0,0.0,0.0,0.0,0.0,,0.001,0.003,0.003,0.0,0.284
BLR,Belarus,2005,,0.0,-4.444,-0.086,-3.933,-0.902,-0.357,-1.027,0.0,0.0,,,,,,489.179,0.0,10.433,2.786,0.754,7.98,0.0,834.532,0.0,0.0,33.15,0.0,0.0,29.07,29.07,0.04,0.0,0.0,0.0,0.0,0.04,0.0,0.0,29.11,14.24,2.313,29956.978,-0.36,99.965,-1.034,286.352,29946.594,3040.133,99.863,123858050829.0,99.863,2.527,66.338,4.683,190.027,3040.133,19872.947,1.849,193.415,0.137,8.401,0.034,0.008,0.097,4.183,10.127,0.137,0.04,4.183,8.103,0.035,0.007,0.1,10.408,12.187,4.04,0.0,,0.0,0.0,0.0,0.0,0.0,0.0,-6.825,30.841,-6.471,88.345,0.0,9239.115,22.034,2304.326,0.0,0.0,,0.0,0.0,0.0,0.0,0.0,0.0,3044.316,9562083.0,286.451,4.183,0.137,8.103,0.035,0.007,0.1,10.408,0.0,,0.0,0.0,0.0,0.0,0.0,0.0,-1.626,0.001,-0.0,0.003,0.0,0.281
BLR,Belarus,2006,,0.0,-1.163,-0.022,0.0,0.0,6.221,17.819,0.067,2.102,,,,,,488.971,0.0,-10.466,2.348,-0.835,7.145,0.0,750.739,0.0,0.0,34.28,0.02,0.0,29.86,29.86,0.04,0.0,0.0,0.0,0.02,0.06,0.0,0.0,29.92,14.63,2.259,31971.586,6.222,99.967,17.817,304.169,31960.939,3137.582,99.799,134674019858.0,99.799,2.063,63.742,3.921,193.948,3137.582,20379.351,1.828,192.074,0.134,-3.389,0.031,-0.003,0.094,4.203,9.83,0.201,0.06,6.305,2.044,0.033,0.002,0.102,10.671,12.719,4.36,0.0,,0.0,0.0,0.0,0.0,0.0,0.0,16.674,33.876,14.731,103.076,0.0,10830.848,22.034,2315.271,0.0,2.102,,0.002,0.005,0.005,0.0,0.067,0.56,3143.886,9516884.0,304.27,6.305,0.201,2.044,0.033,0.002,0.102,10.671,0.0,,0.0,0.0,0.0,0.0,0.0,0.0,-0.62,0.001,-0.0,0.003,0.0,0.281
BLR,Belarus,2007,,0.0,-5.882,-0.108,0.0,0.0,-2.348,-7.146,0.1,3.164,,,,,,489.141,0.0,13.094,2.719,0.936,8.08,0.0,852.299,0.0,0.0,34.27,0.03,0.0,29.86,29.86,0.04,0.0,0.0,0.0,0.03,0.07,0.0,0.0,29.93,14.64,2.055,31340.51,-2.36,99.955,-7.177,296.992,31326.526,3149.618,99.766,144615661347.0,99.766,0.396,65.533,0.768,194.715,3149.618,20538.498,1.72,181.469,0.134,-0.625,0.031,-0.001,0.093,4.219,9.806,0.234,0.07,7.384,30.773,0.045,0.031,0.133,14.009,12.664,4.34,0.0,,0.0,0.0,0.0,0.0,0.0,0.0,-8.615,31.702,-8.88,94.196,0.0,9935.729,22.034,2324.153,0.0,3.164,597.266,0.013,0.032,0.037,0.0,0.1,3.923,3157.002,9480514.0,297.124,7.384,0.234,30.773,0.045,0.031,0.133,14.009,0.0,,0.0,0.0,0.0,0.0,0.0,0.0,-0.624,0.001,-0.0,0.003,0.0,0.28
BLR,Belarus,2008,,0.0,-5.0,-0.086,0.274,0.06,1.179,3.503,0.213,7.405,,,,,,488.909,0.0,-6.777,2.506,-0.548,7.533,0.0,796.866,0.0,0.0,34.75,0.07,0.0,32.8,32.8,0.04,0.0,0.0,0.0,0.07,0.11,0.0,0.0,32.91,16.09,1.908,31802.814,1.132,99.909,3.361,300.353,31773.756,3469.851,99.666,157577090812.0,99.666,2.413,66.333,4.699,199.415,3469.851,21095.708,1.634,172.9,0.122,10.736,0.034,0.01,0.103,4.232,10.891,0.334,0.11,11.637,45.093,0.064,0.06,0.193,20.385,5.295,1.84,0.0,,0.0,0.0,0.0,0.0,0.0,0.0,-0.839,31.07,-0.79,93.405,0.0,9881.181,22.095,2337.339,0.0,7.405,134.25,0.029,0.05,0.087,0.0,0.213,9.215,3481.488,9452855.0,300.627,11.637,0.334,45.093,0.064,0.06,0.193,20.385,0.0,,0.0,0.0,0.0,0.0,0.0,0.0,-0.628,0.001,-0.0,0.003,0.0,0.279
BLR,Belarus,2009,,0.0,-1.316,-0.022,-5.972,-1.319,-5.197,-15.624,0.211,6.361,,,,,,488.764,0.0,-4.724,2.518,-0.356,7.177,0.0,760.804,0.0,0.0,32.95,0.06,0.0,28.38,28.38,0.04,0.0,0.0,0.0,0.06,0.1,0.0,0.0,28.48,13.92,1.827,30212.914,-5.282,99.819,-15.864,284.489,30158.399,3008.536,99.649,156010321930.0,99.649,-15.092,59.41,-30.095,169.32,3008.536,17949.443,1.613,170.981,0.14,14.672,0.041,0.015,0.118,4.24,12.515,0.351,0.1,10.601,44.309,0.098,0.085,0.278,29.48,13.566,4.47,0.0,,0.0,0.0,0.0,0.0,0.0,0.0,15.617,37.892,14.587,107.992,0.0,11448.152,20.775,2202.344,0.0,6.361,80.696,0.055,0.07,0.157,0.0,0.211,16.687,3019.137,9433159.0,285.003,10.601,0.351,44.309,0.098,0.085,0.278,29.48,0.0,,0.0,0.0,0.0,0.0,0.0,0.0,-0.632,0.001,-0.0,0.003,0.0,0.278
BLR,Belarus,2010,,0.0,-82.0,-1.323,-9.091,-1.889,6.178,17.608,0.213,7.431,,,,,,488.726,0.0,4.606,2.481,0.331,7.507,0.0,796.91,0.0,0.0,35.52,0.07,0.0,32.7,32.7,0.05,0.0,0.0,0.0,0.07,0.12,0.0,0.0,32.82,16.04,1.82,32122.361,6.114,99.759,17.393,301.882,32044.948,3471.125,99.634,166239839799.0,99.634,22.421,68.498,37.964,207.284,3471.125,22003.304,0.29,30.818,0.152,-0.613,0.039,-0.001,0.117,5.308,12.455,0.366,0.12,12.738,21.89,0.112,0.061,0.339,35.981,7.601,2.7,0.0,,0.0,0.0,0.0,0.0,0.0,0.0,-19.355,28.78,-20.902,87.091,0.0,9244.734,18.886,2004.804,0.0,7.431,39.141,0.072,0.062,0.219,0.0,0.213,23.249,3483.863,9420576.0,302.611,12.738,0.366,21.89,0.112,0.061,0.339,35.981,0.0,,0.0,0.0,0.0,0.0,0.0,0.0,-0.53,0.001,-0.0,0.003,0.0,0.277
BLR,Belarus,2011,,0.0,11.004,0.032,0.0,0.0,-0.563,-1.704,0.264,8.497,,,,,,488.603,0.0,20.13,2.997,1.511,9.019,0.0,957.867,0.0,0.0,35.86,0.08,0.0,30.15,30.15,0.04,0.0,0.0,0.0,0.08,0.12,0.0,0.0,30.27,14.79,1.738,31959.29,-0.549,99.773,-1.659,300.223,31886.667,3202.229,99.604,173124540066.0,99.604,-7.247,63.894,-15.022,192.262,3202.229,20420.133,0.322,34.228,0.132,-7.236,0.036,-0.008,0.109,4.248,11.56,0.396,0.12,12.745,7.798,0.121,0.026,0.365,38.808,15.588,5.59,0.0,,0.0,0.0,0.0,0.0,0.0,0.0,13.608,32.881,11.852,98.942,0.0,10508.667,18.886,2005.924,0.0,8.497,12.406,0.082,0.027,0.246,0.0,0.264,26.148,3214.974,9415316.0,300.907,12.745,0.396,7.798,0.121,0.026,0.365,38.808,0.0,,0.0,0.0,0.0,0.0,0.0,0.0,297.231,0.003,0.008,0.01,0.0,1.1
BLR,Belarus,2012,,0.0,-33.333,-0.107,0.274,0.052,8.054,24.235,0.242,7.433,,,,,,488.26,0.0,2.004,2.829,0.181,9.199,0.0,976.884,0.0,0.0,36.56,0.07,0.0,28.81,28.81,0.07,0.0,0.0,0.0,0.07,0.15,0.0,0.01,28.96,14.14,1.847,34526.912,8.039,99.759,24.134,324.357,34443.604,3059.346,99.482,176014523706.0,99.482,0.957,59.697,1.839,194.101,3059.346,20611.682,0.215,22.815,0.242,70.39,0.057,0.077,0.185,7.433,19.694,0.518,0.15,15.929,21.95,0.137,0.08,0.446,47.318,20.788,7.6,0.0,,0.0,0.0,0.0,0.0,0.0,0.0,22.35,37.232,22.114,121.056,0.0,12855.038,18.938,2011.05,0.0,7.433,-0.606,0.075,-0.001,0.245,0.0,0.242,25.984,3075.275,9417045.0,325.141,15.929,0.518,21.95,0.137,0.08,0.446,47.318,0.0,,0.0,0.0,0.0,0.0,0.0,0.035,49.062,0.005,0.005,0.015,1.062,1.64
BLR,Belarus,2013,,0.0,90.0,0.193,-0.273,-0.052,-11.812,-38.406,0.472,14.856,,,,,,486.167,0.0,6.141,3.405,0.565,9.764,0.0,1036.165,0.0,0.0,36.01,0.14,0.0,29.35,29.35,0.14,0.0,0.0,0.0,0.14,0.29,0.0,0.01,29.64,14.41,1.613,30427.692,-11.861,99.703,-38.473,285.884,30337.306,3114.553,99.022,177742292865.0,99.022,-0.72,67.206,-1.398,192.703,3114.553,20449.184,0.408,43.318,0.472,90.512,0.123,0.168,0.353,14.856,37.493,0.978,0.29,30.774,31.229,0.204,0.139,0.585,62.052,17.69,6.37,0.0,,0.0,0.0,0.0,0.0,0.0,0.0,-31.093,29.092,-37.64,83.416,0.0,8851.958,18.886,2004.181,0.0,14.856,-14.204,0.073,-0.035,0.21,0.0,0.472,22.278,3145.328,9423502.0,286.735,30.774,0.978,31.229,0.204,0.139,0.585,62.052,0.0,,0.0,0.001,0.001,0.0,0.109,0.034,32.554,0.007,0.005,0.02,1.061,2.172
BLR,Belarus,2014,,0.0,-21.053,-0.086,0.0,0.0,3.338,9.572,0.429,14.843,,,,,,486.991,0.0,-0.797,3.269,-0.078,9.686,0.0,1027.007,0.0,0.0,35.99,0.14,0.0,32.4,32.4,0.12,0.0,0.0,0.0,0.14,0.27,0.0,0.01,32.67,15.91,1.638,31415.988,3.359,99.723,9.602,295.486,31328.869,3435.208,99.174,180852937709.0,99.174,-0.772,64.532,-1.488,191.214,3435.208,20273.513,0.322,34.168,0.367,-12.844,0.104,-0.045,0.308,12.723,32.649,0.826,0.27,28.627,-8.169,0.181,-0.048,0.537,56.934,9.225,3.32,0.0,,0.0,0.0,0.0,0.0,0.0,0.0,13.389,31.921,11.168,94.585,0.0,10028.348,18.886,2002.43,0.0,14.843,-4.235,0.068,-0.009,0.201,0.0,0.429,21.316,3463.835,9431742.0,296.307,28.627,0.826,-8.169,0.181,-0.048,0.537,56.934,0.0,395.935,0.002,0.004,0.005,0.0,0.539,0.031,11.94,0.008,0.002,0.023,1.06,2.43
BLR,Belarus,2015,,0.0,0.0,0.0,-13.05,-2.465,-9.136,-27.072,0.405,13.772,,,,,,486.588,0.0,-11.073,3.199,-1.073,8.614,0.0,912.538,0.0,0.0,34.68,0.13,0.0,31.78,31.78,0.11,0.0,0.0,0.0,0.13,0.28,0.01,0.03,32.06,15.6,1.548,28522.477,-9.176,99.679,-27.114,268.372,28430.938,3366.731,99.127,173928284164.0,99.127,-6.393,66.48,-12.225,178.989,3366.731,18961.882,0.322,34.141,0.343,-8.811,0.104,-0.027,0.281,11.653,29.748,0.873,0.28,29.663,19.192,0.238,0.103,0.64,67.805,7.555,2.62,0.0,,0.0,0.0,0.0,0.0,0.0,0.0,-14.607,29.999,-13.816,80.769,0.0,8556.517,16.422,1739.692,0.0,13.772,18.279,0.088,0.037,0.238,0.0,0.405,25.192,3396.394,9439424.0,269.236,29.663,0.873,19.192,0.238,0.103,0.64,67.805,0.031,348.087,0.008,0.018,0.023,1.059,2.413,0.094,330.52,0.037,0.076,0.099,3.178,10.452
BLR,Belarus,2016,,0.0,-26.666,-0.086,25.575,4.2,-0.532,-1.433,0.475,15.88,,,,,,484.801,0.0,9.916,3.535,0.854,9.468,0.0,1002.366,0.0,0.0,34.6,0.15,0.0,31.18,31.18,0.14,0.0,0.0,0.0,0.15,0.4,0.03,0.08,31.58,15.31,1.587,28352.048,-0.602,99.609,-1.615,266.757,28241.3,3300.995,98.733,168715982371.0,98.733,-0.622,66.42,-1.114,177.875,3300.995,18831.476,0.236,25.02,0.443,27.171,0.133,0.076,0.357,14.822,37.806,1.267,0.4,42.348,31.626,0.315,0.202,0.842,89.19,8.728,3.02,0.0,,0.0,0.0,0.0,0.0,0.0,0.0,-1.677,29.654,-1.355,79.414,0.0,8407.458,20.622,2183.181,0.0,15.88,-0.592,0.088,-0.001,0.236,0.0,0.475,25.026,3343.342,9445638.0,267.803,42.348,1.267,31.626,0.315,0.202,0.842,89.19,0.095,187.055,0.024,0.043,0.065,3.176,6.922,0.253,86.072,0.069,0.085,0.184,8.47,19.435
BLR,Belarus,2017,,,,,,,1.967,5.268,0.462,15.873,,,,,,480.148,0.0,3.427,3.586,0.324,9.792,0.0,1036.214,,,35.08,0.15,0.0,31.75,31.75,0.4,0.0,0.0,0.0,0.15,0.74,0.09,0.1,32.49,15.6,1.579,28895.752,1.637,99.286,4.366,271.123,28689.548,3359.706,97.722,172987871388.0,97.722,2.368,66.681,4.212,182.088,3359.706,19268.064,,,1.231,184.234,0.372,0.658,1.015,42.327,107.405,2.278,0.74,78.305,107.133,0.639,0.903,1.745,184.652,7.383,2.59,0.0,,0.0,0.0,0.0,0.0,0.0,0.0,-0.215,29.019,-0.171,79.243,0.0,8385.269,,,0.0,15.873,12.103,0.097,0.029,0.265,0.0,0.462,28.042,3438.01,9450233.0,273.072,78.305,2.278,107.133,0.639,0.903,1.745,184.652,0.277,240.294,0.081,0.157,0.223,9.524,23.544,0.308,32.095,0.089,0.059,0.243,10.582,25.661
BLR,Belarus,2018,,,,,,,8.803,24.039,0.572,22.216,,,,,,481.199,0.0,50.0,4.944,4.896,14.689,0.0,1553.93,,,35.71,0.21,0.0,35.89,35.89,0.32,0.0,0.0,0.0,0.21,0.81,0.18,0.1,36.7,17.66,1.665,31431.574,8.937,99.408,24.229,295.352,31245.557,3796.833,97.793,178435259131.0,97.793,6.071,65.007,11.055,193.143,3796.833,20432.747,,,0.872,-20.664,0.271,-0.21,0.805,33.853,85.19,2.207,0.81,85.691,-7.421,0.544,-0.13,1.615,170.905,-2.772,-0.99,0.0,,0.0,0.0,0.0,0.0,0.0,0.0,10.446,29.457,8.278,87.521,0.0,9258.881,,,0.0,22.216,2.229,0.091,0.006,0.271,0.0,0.572,28.659,3882.524,9452615.0,297.111,85.691,2.207,-7.421,0.544,-0.13,1.615,170.905,0.49,31.809,0.099,0.071,0.293,19.042,31.026,0.272,1.465,0.083,0.004,0.246,10.579,26.03
BLR,Belarus,2019,,,,,,,-1.487,-4.417,0.61,24.332,,,,,,479.714,0.0,5.305,5.285,0.779,15.468,0.0,1636.399,,,35.37,0.23,0.0,36.78,36.78,0.34,0.0,0.0,0.0,0.23,0.93,0.18,0.18,37.71,18.09,,30964.952,-1.62,99.274,-4.784,290.568,30740.111,3891.072,97.534,,97.534,-0.775,65.476,-1.498,191.645,3891.072,20274.741,,,0.902,7.934,0.297,0.064,0.869,35.97,91.95,2.466,0.93,98.388,23.543,0.682,0.38,1.996,211.145,-6.616,-2.34,0.0,,0.0,0.0,0.0,0.0,0.0,0.0,-4.645,28.513,-4.066,83.455,0.0,8828.97,,,0.0,24.332,0.545,0.093,0.001,0.272,0.0,0.61,28.816,3989.459,9452409.0,292.693,98.388,2.466,23.543,0.682,0.38,1.996,211.145,0.477,51.136,0.151,0.15,0.443,19.043,46.892,0.477,67.059,0.14,0.165,0.411,19.043,43.487
BLR,Belarus,2020,,,,,,,-6.793,-19.881,1.415,53.972,,,,,,472.122,0.0,-0.381,5.648,-0.059,15.409,0.0,1630.703,,,35.55,0.51,0.0,34.45,34.45,0.39,0.34,0.0,0.0,0.51,1.26,0.17,0.19,36.05,17.02,,28871.065,-6.862,99.199,-19.94,270.628,28639.94,3645.765,95.562,,95.562,-6.78,65.485,-12.994,178.651,3645.765,18906.193,,,1.082,0.297,0.32,0.003,0.872,41.273,92.254,4.438,1.6,169.324,2.727,0.752,0.054,2.05,216.974,-1.406,-0.5,0.943,,0.0,0.0,0.0,35.981,0.0,0.0,-8.252,28.066,-6.887,76.568,0.0,8103.045,,,0.0,53.972,1.502,0.101,0.004,0.276,0.0,1.415,29.259,3815.089,9449321.0,272.812,133.343,3.495,2.727,0.752,0.054,2.05,216.974,0.472,1.16,0.164,0.005,0.448,17.991,47.451,0.527,10.367,0.166,0.043,0.454,20.107,48.01
BLR,Belarus,2021,,,,,,,,,1.344,54.009,,,,,,472.727,0.0,,,,,0.0,,,,36.3,0.51,0.0,36.32,36.32,0.39,0.34,0.0,0.0,0.51,1.29,0.19,0.2,37.95,17.94,,,,,,,,3846.289,95.705,,95.705,,,,,3846.289,,,,1.028,,,,,41.301,,4.295,1.63,172.617,,,,,,-4.545,-1.65,0.896,,,,,36.006,,0.0,,,,,0.0,,,,0.0,54.009,,,,,0.0,1.344,,4018.907,9442867.0,,136.611,3.399,,,,,,0.501,,,,,20.121,,0.527,,,,,21.18,
