iso_code,country,year,coal_prod_change_pct,coal_prod_change_twh,gas_prod_change_pct,gas_prod_change_twh,oil_prod_change_pct,oil_prod_change_twh,energy_cons_change_pct,energy_cons_change_twh,biofuel_share_elec,biofuel_elec_per_capita,biofuel_cons_change_pct,biofuel_share_energy,biofuel_cons_change_twh,biofuel_consumption,biofuel_cons_per_capita,carbon_intensity_elec,coal_share_elec,coal_cons_change_pct,coal_share_energy,coal_cons_change_twh,coal_consumption,coal_elec_per_capita,coal_cons_per_capita,coal_production,coal_prod_per_capita,electricity_demand,biofuel_electricity,coal_electricity,fossil_electricity,gas_electricity,hydro_electricity,nuclear_electricity,oil_electricity,other_renewable_exc_biofuel_electricity,other_renewable_electricity,renewables_electricity,solar_electricity,wind_electricity,electricity_generation,greenhouse_gas_emissions,energy_per_gdp,energy_per_capita,fossil_cons_change_pct,fossil_share_energy,fossil_cons_change_twh,fossil_fuel_consumption,fossil_energy_per_capita,fossil_cons_per_capita,fossil_share_elec,gdp,gas_share_elec,gas_cons_change_pct,gas_share_energy,gas_cons_change_twh,gas_consumption,gas_elec_per_capita,gas_energy_per_capita,gas_production,gas_prod_per_capita,hydro_share_elec,hydro_cons_change_pct,hydro_share_energy,hydro_cons_change_twh,hydro_consumption,hydro_elec_per_capita,hydro_energy_per_capita,low_carbon_share_elec,low_carbon_electricity,low_carbon_elec_per_capita,low_carbon_cons_change_pct,low_carbon_share_energy,low_carbon_cons_change_twh,low_carbon_consumption,low_carbon_energy_per_capita,net_elec_imports_share_demand,net_elec_imports,nuclear_share_elec,nuclear_cons_change_pct,nuclear_share_energy,nuclear_cons_change_twh,nuclear_consumption,nuclear_elec_per_capita,nuclear_energy_per_capita,oil_share_elec,oil_cons_change_pct,oil_share_energy,oil_cons_change_twh,oil_consumption,oil_elec_per_capita,oil_energy_per_capita,oil_production,oil_prod_per_capita,other_renewables_elec_per_capita_exc_biofuel,other_renewables_elec_per_capita,other_renewables_cons_change_pct,other_renewables_share_energy,other_renewables_cons_change_twh,other_renewable_consumption,other_renewables_share_elec_exc_biofuel,other_renewables_share_elec,other_renewables_energy_per_capita,per_capita_electricity,population,primary_energy_consumption,renewables_elec_per_capita,renewables_share_elec,renewables_cons_change_pct,renewables_share_energy,renewables_cons_change_twh,renewables_consumption,renewables_energy_per_capita,solar_share_elec,solar_cons_change_pct,solar_share_energy,solar_cons_change_twh,solar_consumption,solar_elec_per_capita,solar_energy_per_capita,wind_share_elec,wind_cons_change_pct,wind_share_energy,wind_cons_change_twh,wind_consumption,wind_elec_per_capita,wind_energy_per_capita
BEL,Belgium,1900,,,,,,,,,,,,,,,,,,,,,,,,174.776,26017.322,,,,,,,,,,,,,,,,,,,,,,,,,39957893000.0,,,,,,,,0.0,0.0,,,,,,,,,,,,,,,,,,,,,,,,,,,,,,,,,,,,,,,,,,,,6717693.0,,,,,,,,,,,,,,,,,,,,,,
BEL,Belgium,1901,-5.323,-9.304,,0.0,,,,,,,,,,,,,,,,,,,,165.473,24376.014,,,,,,,,,,,,,,,,,,,,,,,,,40316328000.0,,,,,,,,0.0,0.0,,,,,,,,,,,,,,,,,,,,,,,,,,,,,,,,,,,,,,,,,,,,6788335.0,,,,,,,,,,,,,,,,,,,,,,
BEL,Belgium,1902,2.985,4.939,,0.0,,,,,,,,,,,,,,,,,,,,170.411,24836.207,,,,,,,,,,,,,,,,,,,,,,,,,41141880000.0,,,,,,,,0.0,0.0,,,,,,,,,,,,,,,,,,,,,,,,,,,,,,,,,,,,,,,,,,,,6861404.0,,,,,,,,,,,,,,,,,,,,,,
BEL,Belgium,1903,4.022,6.853,,0.0,,,,,,,,,,,,,,,,,,,,177.264,25553.681,,,,,,,,,,,,,,,,,,,,,,,,,42072961000.0,,,,,,,,0.0,0.0,,,,,,,,,,,,,,,,,,,,,,,,,,,,,,,,,,,,,,,,,,,,6936940.0,,,,,,,,,,,,,,,,,,,,,,
BEL,Belgium,1904,-4.353,-7.717,,0.0,,,,,,,,,,,,,,,,,,,,169.547,24175.06,,,,,,,,,,,,,,,,,,,,,,,,,43160826000.0,,,,,,,,0.0,0.0,,,,,,,,,,,,,,,,,,,,,,,,,,,,,,,,,,,,,,,,,,,,7013309.0,,,,,,,,,,,,,,,,,,,,,,
BEL,Belgium,1905,-4.332,-7.345,,0.0,,,,,,,,,,,,,,,,,,,,162.202,22875.964,,,,,,,,,,,,,,,,,,,,,,,,,44398900000.0,,,,,,,,0.0,0.0,,,,,,,,,,,,,,,,,,,,,,,,,,,,,,,,,,,,,,,,,,,,7090518.0,,,,,,,,,,,,,,,,,,,,,,
BEL,Belgium,1906,8.243,13.371,,0.0,,,,,,,,,,,,,,,,,,,,175.573,24492.089,,,,,,,,,,,,,,,,,,,,,,,,,45318952000.0,,,,,,,,0.0,0.0,,,,,,,,,,,,,,,,,,,,,,,,,,,,,,,,,,,,,,,,,,,,7168577.0,,,,,,,,,,,,,,,,,,,,,,
BEL,Belgium,1907,0.573,1.006,,0.0,,,,,,,,,,,,,,,,,,,,176.579,24364.148,,,,,,,,,,,,,,,,,,,,,,,,,45994584000.0,,,,,,,,0.0,0.0,,,,,,,,,,,,,,,,,,,,,,,,,,,,,,,,,,,,,,,,,,,,7247495.0,,,,,,,,,,,,,,,,,,,,,,
BEL,Belgium,1908,-0.578,-1.021,,0.0,,,,,,,,,,,,,,,,,,,,175.559,23959.57,,,,,,,,,,,,,,,,,,,,,,,,,46459559000.0,,,,,,,,0.0,0.0,,,,,,,,,,,,,,,,,,,,,,,,,,,,,,,,,,,,,,,,,,,,7327282.0,,,,,,,,,,,,,,,,,,,,,,
BEL,Belgium,1909,-0.212,-0.372,,0.0,,,,,,,,,,,,,,,,,,,,175.186,23697.802,,,,,,,,,,,,,,,,,,,,,,,,,47335740000.0,,,,,,,,0.0,0.0,,,,,,,,,,,,,,,,,,,,,,,,,,,,,,,,,,,,,,,,,,,,7392503.0,,,,,,,,,,,,,,,,,,,,,,
BEL,Belgium,1910,1.697,2.972,,0.0,,,,,,,,,,,,,,,,,,,,178.158,23936.392,,,,,,,,,,,,,,,,,,,,,,,,,48572044000.0,,,,,,,,0.0,0.0,,,,,,,,,,,,,,,,,,,,,,,,,,,,,,,,,,,,,,,,,,,,7442986.0,,,,,,,,,,,,,,,,,,,,,,
BEL,Belgium,1911,-3.608,-6.429,,0.0,,,,,,,,,,,,,,,,,,,,171.73,22962.947,,,,,,,,,,,,,,,,,,,,,,,,,49702404000.0,,,,,,,,0.0,0.0,,,,,,,,,,,,,,,,,,,,,,,,,,,,,,,,,,,,,,,,,,,,7478558.0,,,,,,,,,,,,,,,,,,,,,,
BEL,Belgium,1912,-0.356,-0.611,,0.0,,,,,,,,,,,,,,,,,,,,171.119,22818.757,,,,,,,,,,,,,,,,,,,,,,,,,50883360000.0,,,,,,,,0.0,0.0,,,,,,,,,,,,,,,,,,,,,,,,,,,,,,,,,,,,,,,,,,,,7499046.0,,,,,,,,,,,,,,,,,,,,,,
BEL,Belgium,1913,-0.566,-0.968,,0.0,,,,,,,,,,,,,,,,,,,,170.151,22673.823,,,,,,,,,,,,,,,,,,,,,,,,,51569182000.0,,,,,,,,0.0,0.0,,,,,,,,,,,,,,,,,,,,,,,,,,,,,,,,,,,,,,,,,,,,7504272.0,,,,,,,,,,,,,,,,,,,,,,
BEL,Belgium,1914,-26.828,-45.648,,0.0,,,,,,,,,,,,,,,,,,,,124.503,16579.387,,,,,,,,,,,,,,,,,,,,,,,,,48291919000.0,,,,,,,,0.0,0.0,,,,,,,,,,,,,,,,,,,,,,,,,,,,,,,,,,,,,,,,,,,,7509502.0,,,,,,,,,,,,,,,,,,,,,,
BEL,Belgium,1915,-15.173,-18.891,,0.0,,,,,,,,,,,,,,,,,,,,105.612,14054.016,,,,,,,,,,,,,,,,,,,,,,,,,47717850000.0,,,,,,,,0.0,0.0,,,,,,,,,,,,,,,,,,,,,,,,,,,,,,,,,,,,,,,,,,,,7514736.0,,,,,,,,,,,,,,,,,,,,,,
BEL,Belgium,1916,33.044,34.899,,0.0,,,,,,,,,,,,,,,,,,,,140.511,18685.025,,,,,,,,,,,,,,,,,,,,,,,,,50476286000.0,,,,,,,,0.0,0.0,,,,,,,,,,,,,,,,,,,,,,,,,,,,,,,,,,,,,,,,,,,,7519973.0,,,,,,,,,,,,,,,,,,,,,,
BEL,Belgium,1917,-20.845,-29.29,,0.0,,,,,,,,,,,,,,,,,,,,111.221,14779.823,,,,,,,,,,,,,,,,,,,,,,,,,43351961000.0,,,,,,,,0.0,0.0,,,,,,,,,,,,,,,,,,,,,,,,,,,,,,,,,,,,,,,,,,,,7525214.0,,,,,,,,,,,,,,,,,,,,,,
BEL,Belgium,1918,-6.965,-7.747,,0.0,,,,,,,,,,,,,,,,,,,,103.474,13740.49,,,,,,,,,,,,,,,,,,,,,,,,,34929600000.0,,,,,,,,0.0,0.0,,,,,,,,,,,,,,,,,,,,,,,,,,,,,,,,,,,,,,,,,,,,7530616.0,,,,,,,,,,,,,,,,,,,,,,
BEL,Belgium,1919,33.057,34.206,,0.0,,,,,,,,,,,,,,,,,,,,137.68,18247.657,,,,,,,,,,,,,,,,,,,,,,,,,41206456000.0,,,,,,,,0.0,0.0,,,,,,,,,,,,,,,,,,,,,,,,,,,,,,,,,,,,,,,,,,,,7545092.0,,,,,,,,,,,,,,,,,,,,,,
BEL,Belgium,1920,21.133,29.096,,0.0,,,,,,,,,,,,,,,,,,,,166.776,22034.954,,,,,,,,,,,,,,,,,,,,,,,,,47690880000.0,,,,,,,,0.0,0.0,,,,,,,,,,,,,,,,,,,,,,,,,,,,,,,,,,,,,,,,,,,,7568708.0,,,,,,,,,,,,,,,,,,,,,,
BEL,Belgium,1921,-2.85,-4.752,,0.0,,,,,,,,,,,,,,,,,,,,162.024,21314.6,,,,,,,,,,,,,,,,,,,,,,,,,48513360000.0,,,,,,,,0.0,0.0,,,,,,,,,,,,,,,,,,,,,,,,,,,,,,,,,,,,,,,,,,,,7601534.0,,,,,,,,,,,,,,,,,,,,,,
BEL,Belgium,1922,-2.496,-4.045,,0.0,,,,,,,,,,,,,,,,,,,,157.979,20668.022,,,,,,,,,,,,,,,,,,,,,,,,,53254414000.0,,,,,,,,0.0,0.0,,,,,,,,,,,,,,,,,,,,,,,,,,,,,,,,,,,,,,,,,,,,7643636.0,,,,,,,,,,,,,,,,,,,,,,
BEL,Belgium,1923,8.087,12.775,,0.0,,,,,,,,,,,,,,,,,,,,170.754,22189.996,,,,,,,,,,,,,,,,,,,,,,,,,55170510000.0,,,,,,,,0.0,0.0,,,,,,,,,,,,,,,,,,,,,,,,,,,,,,,,,,,,,,,,,,,,7695085.0,,,,,,,,,,,,,,,,,,,,,,
BEL,Belgium,1924,1.915,3.27,,0.0,,,,,,,,,,,,,,,,,,,,174.024,22463.754,,,,,,,,,,,,,,,,,,,,,,,,,56977851000.0,,,,,,,,0.0,0.0,,,,,,,,,,,,,,,,,,,,,,,,,,,,,,,,,,,,,,,,,,,,7746881.0,,,,,,,,,,,,,,,,,,,,,,
BEL,Belgium,1925,-1.134,-1.974,,0.0,,,,,,,,,,,,,,,,,,,,172.05,22060.455,,,,,,,,,,,,,,,,,,,,,,,,,57860202000.0,,,,,,,,0.0,0.0,,,,,,,,,,,,,,,,,,,,,,,,,,,,,,,,,,,,,,,,,,,,7799025.0,,,,,,,,,,,,,,,,,,,,,,
BEL,Belgium,1926,9.235,15.889,,0.0,,,,,,,,,,,,,,,,,,,,187.939,23936.613,,,,,,,,,,,,,,,,,,,,,,,,,59818344000.0,,,,,,,,0.0,0.0,,,,,,,,,,,,,,,,,,,,,,,,,,,,,,,,,,,,,,,,,,,,7851520.0,,,,,,,,,,,,,,,,,,,,,,
BEL,Belgium,1927,9.199,17.289,,0.0,,,,,,,,,,,,,,,,,,,,205.228,25963.866,,,,,,,,,,,,,,,,,,,,,,,,,62022688000.0,,,,,,,,0.0,0.0,,,,,,,,,,,,,,,,,,,,,,,,,,,,,,,,,,,,,,,,,,,,7904369.0,,,,,,,,,,,,,,,,,,,,,,
BEL,Belgium,1928,0.098,0.201,,0.0,,,,,,,,,,,,,,,,,,,,205.429,25815.547,,,,,,,,,,,,,,,,,,,,,,,,,65265888000.0,,,,,,,,0.0,0.0,,,,,,,,,,,,,,,,,,,,,,,,,,,,,,,,,,,,,,,,,,,,7957573.0,,,,,,,,,,,,,,,,,,,,,,
BEL,Belgium,1929,-2.313,-4.752,,0.0,,,,,,,,,,,,,,,,,,,,200.677,25067.059,,,,,,,,,,,,,,,,,,,,,,,,,64705792000.0,,,,,,,,0.0,0.0,,,,,,,,,,,,,,,,,,,,,,,,,,,,,,,,,,,,,,,,,,,,8005591.0,,,,,,,,,,,,,,,,,,,,,,
BEL,Belgium,1930,1.763,3.538,,0.0,,,,,,,,,,,,,,,,,,,,204.215,25373.446,,,,,,,,,,,,,,,,,,,,,,,,,64091136000.0,,,,,,,,0.0,0.0,,,,,,,,,,,,,,,,,,,,,,,,,,,,,,,,,,,,,,,,,,,,8048371.0,,,,,,,,,,,,,,,,,,,,,,
BEL,Belgium,1931,-1.361,-2.778,,0.0,,,,,,,,,,,,,,,,,,,,201.436,24912.186,,,,,,,,,,,,,,,,,,,,,,,,,62952122000.0,,,,,,,,0.0,0.0,,,,,,,,,,,,,,,,,,,,,,,,,,,,,,,,,,,,,,,,,,,,8085859.0,,,,,,,,,,,,,,,,,,,,,,
BEL,Belgium,1932,-20.775,-41.849,,0.0,,,,,,,,,,,,,,,,,,,,159.588,19658.515,,,,,,,,,,,,,,,,,,,,,,,,,60109798000.0,,,,,,,,0.0,0.0,,,,,,,,,,,,,,,,,,,,,,,,,,,,,,,,,,,,,,,,,,,,8118000.0,,,,,,,,,,,,,,,,,,,,,,
BEL,Belgium,1933,18.092,28.872,,0.0,,,,,,,,,,,,,,,,,,,,188.46,23138.886,,,,,,,,,,,,,,,,,,,,,,,,,61411491000.0,,,,,,,,0.0,0.0,,,,,,,,,,,,,,,,,,,,,,,,,,,,,,,,,,,,,,,,,,,,8144741.0,,,,,,,,,,,,,,,,,,,,,,
BEL,Belgium,1934,4.304,8.112,,0.0,,,,,,,,,,,,,,,,,,,,196.572,24055.627,,,,,,,,,,,,,,,,,,,,,,,,,60899202000.0,,,,,,,,0.0,0.0,,,,,,,,,,,,,,,,,,,,,,,,,,,,,,,,,,,,,,,,,,,,8171569.0,,,,,,,,,,,,,,,,,,,,,,
BEL,Belgium,1935,0.443,0.872,,0.0,,,,,,,,,,,,,,,,,,,,197.444,24082.953,,,,,,,,,,,,,,,,,,,,,,,,,64654688000.0,,,,,,,,0.0,0.0,,,,,,,,,,,,,,,,,,,,,,,,,,,,,,,,,,,,,,,,,,,,8198486.0,,,,,,,,,,,,,,,,,,,,,,
BEL,Belgium,1936,5.135,10.138,,0.0,,,,,,,,,,,,,,,,,,,,207.582,25236.407,,,,,,,,,,,,,,,,,,,,,,,,,65114765000.0,,,,,,,,0.0,0.0,,,,,,,,,,,,,,,,,,,,,,,,,,,,,,,,,,,,,,,,,,,,8225492.0,,,,,,,,,,,,,,,,,,,,,,
BEL,Belgium,1937,7.148,14.838,,0.0,,,,,,,,,,,,,,,,,,,,222.42,26951.59,,,,,,,,,,,,,,,,,,,,,,,,,66000168000.0,,,,,,,,0.0,0.0,,,,,,,,,,,,,,,,,,,,,,,,,,,,,,,,,,,,,,,,,,,,8252586.0,,,,,,,,,,,,,,,,,,,,,,
BEL,Belgium,1938,-0.918,-2.041,,0.0,,,,,,,,,,,,,,,,,,,,220.379,26616.595,,,,,,,,,,,,,,,,,,,,,,,,,64496548000.0,,,,,,,,0.0,0.0,,,,,,,,,,,,,,,,,,,,,,,,,,,,,,,,,,,,,,,,,,,,8279770.0,,,,,,,,,,,,,,,,,,,,,,
BEL,Belgium,1939,0.875,1.929,,0.0,,,,,,,,,,,,,,,,,,,,222.309,26760.559,,,,,,,,,,,,,,,,,,,,,,,,,68889928000.0,,,,,,,,0.0,0.0,,,,,,,,,,,,,,,,,,,,,,,,,,,,,,,,,,,,,,,,,,,,8307322.0,,,,,,,,,,,,,,,,,,,,,,
BEL,Belgium,1940,-14.425,-32.068,,0.0,,,,,,,,,,,,,,,,,,,,190.241,22823.638,,,,,,,,,,,,,,,,,,,,,,,,,60692112000.0,,,,,,,,0.0,0.0,,,,,,,,,,,,,,,,,,,,,,,,,,,,,,,,,,,,,,,,,,,,8335242.0,,,,,,,,,,,,,,,,,,,,,,
BEL,Belgium,1941,4.632,8.812,,0.0,,,,,,,,,,,,,,,,,,,,199.053,23800.072,,,,,,,,,,,,,,,,,,,,,,,,,57493372000.0,,,,,,,,0.0,0.0,,,,,,,,,,,,,,,,,,,,,,,,,,,,,,,,,,,,,,,,,,,,8363535.0,,,,,,,,,,,,,,,,,,,,,,
BEL,Belgium,1942,-6.238,-12.418,,0.0,,,,,,,,,,,,,,,,,,,,186.635,22239.124,,,,,,,,,,,,,,,,,,,,,,,,,52541637000.0,,,,,,,,0.0,0.0,,,,,,,,,,,,,,,,,,,,,,,,,,,,,,,,,,,,,,,,,,,,8392202.0,,,,,,,,,,,,,,,,,,,,,,
BEL,Belgium,1943,-5.26,-9.818,,0.0,,,,,,,,,,,,,,,,,,,,176.817,20996.588,,,,,,,,,,,,,,,,,,,,,,,,,51331176000.0,,,,,,,,0.0,0.0,,,,,,,,,,,,,,,,,,,,,,,,,,,,,,,,,,,,,,,,,,,,8421245.0,,,,,,,,,,,,,,,,,,,,,,
BEL,Belgium,1944,-43.005,-76.04,,0.0,,,,,,,,,,,,,,,,,,,,100.778,11925.82,,,,,,,,,,,,,,,,,,,,,,,,,54339214000.0,,,,,,,,0.0,0.0,,,,,,,,,,,,,,,,,,,,,,,,,,,,,,,,,,,,,,,,,,,,8450388.0,,,,,,,,,,,,,,,,,,,,,,
BEL,Belgium,1945,17.03,17.163,,0.0,,,,,,,,,,,,,,,,,,,,117.94,13908.664,,,,,,,,,,,,,,,,,,,,,,,,,57597473000.0,,,,,,,,0.0,0.0,,,,,,,,,,,,,,,,,,,,,,,,,,,,,,,,,,,,,,,,,,,,8479632.0,,,,,,,,,,,,,,,,,,,,,,
BEL,Belgium,1946,44.331,52.285,,0.0,,,,,,,,,,,,,,,,,,,,170.225,20005.346,,,,,,,,,,,,,,,,,,,,,,,,,61003797000.0,,,,,,,,0.0,0.0,,,,,,,,,,,,,,,,,,,,,,,,,,,,,,,,,,,,,,,,,,,,8508977.0,,,,,,,,,,,,,,,,,,,,,,
BEL,Belgium,1947,6.932,11.799,,0.0,,,,,,,,,,,,,,,,,,,,182.024,21318.252,,,,,,,,,,,,,,,,,,,,,,,,,64650950000.0,,,,,,,,0.0,0.0,,,,,,,,,,,,,,,,,,,,,,,,,,,,,,,,,,,,,,,,,,,,8538424.0,,,,,,,,,,,,,,,,,,,,,,
BEL,Belgium,1948,9.179,16.708,,0.0,,,,,,,,,,,,,,,,,,,,198.732,23194.801,,,,,,,,,,,,,,,,,,,,,,,,,68524456000.0,,,,,,,,0.0,0.0,,,,,,,,,,,,,,,,,,,,,,,,,,,,,,,,,,,,,,,,,,,,8567973.0,,,,,,,,,,,,,,,,,,,,,,
BEL,Belgium,1949,4.404,8.753,,0.0,,,,,,,,,,,,,,,,,,,,207.485,24123.375,,,,,,,,,,,,,,,,,,,,,,,,,71306692000.0,,,,,,,,0.0,0.0,,,,,,,,,,,,,,,,,,,,,,,,,,,,,,,,,,,,,,,,,,,,8600995.0,,,,,,,,,,,,,,,,,,,,,,
BEL,Belgium,1950,-1.914,-3.97,,0.668,,,,,,,,,,,,,,,,,,,,203.515,23561.703,,,,,,,,,,,,,,,,,,,,,,,,,75214346514.0,,,,,,,,0.668,77.315,,,,,,,,,,,,,,,,,,,,,,,,,,,,,,,,,,,,,,,,,,,,8637521.0,,,,,,,,,,,,,,,,,,,,,,
BEL,Belgium,1951,8.528,17.356,79.412,0.53,,,,,,,,,,,,,,,,,,,,220.871,25445.443,,,,,,,,,,,,,,,,,,,,,,,,,79502694146.0,,,,,,,,1.198,138.031,,,,,,,,,,,,,,,,,,,,,,,,,,,,,,,,,,,,,,,,,,,,8680176.0,,,,,,,,,,,,,,,,,,,,,,
BEL,Belgium,1952,2.472,5.46,1.639,0.02,,,,,,,,,,,,,,,,,,,,226.331,25931.641,,,,,,,,,,,,,,,,,,,,,,,,,78879209175.0,,,,,,,,1.218,139.525,,,,,,,,,,,,,,,,,,,,,,,,,,,,,,,,,,,,,,,,,,,,8727988.0,,,,,,,,,,,,,,,,,,,,,,
BEL,Belgium,1953,-1.066,-2.413,-11.29,-0.137,,,,,,,,,,,,,,,,,,,,223.918,25505.269,,,,,,,,,,,,,,,,,,,,,,,,,81405994202.0,,,,,,,,1.08,123.05,,,,,,,,,,,,,,,,,,,,,,,,,,,,,,,,,,,,,,,,,,,,8779267.0,,,,,,,,,,,,,,,,,,,,,,
BEL,Belgium,1954,-2.698,-6.041,9.091,0.098,,,,,,,,,,,,,,,,,,,,217.876,24667.031,,,,,,,,,,,,,,,,,,,,,,,,,84754241800.0,,,,,,,,1.178,133.424,,,,,,,,,,,,,,,,,,,,,,,,,,,,,,,,,,,,,,,,,,,,8832697.0,,,,,,,,,,,,,,,,,,,,,,
BEL,Belgium,1955,2.294,4.998,33.333,0.393,,,,,,,,,,,,,,,,,,,,222.875,25077.958,,,,,,,,,,,,,,,,,,,,,,,,,88773434750.0,,,,,,,,1.571,176.806,,,,,,,,,,,,,,,,,,,,,,,,,,,,,,,,,,,,,,,,,,,,8887275.0,,,,,,,,,,,,,,,,,,,,,,
BEL,Belgium,1956,-1.534,-3.419,21.25,0.334,,,,,,,,,,,,,,,,,,,,219.456,24540.997,,,,,,,,,,,,,,,,,,,,,,,,,91353401265.0,,,,,,,,1.905,213.055,,,,,,,,,,,,,,,,,,,,,,,,,,,,,,,,,,,,,,,,,,,,8942408.0,,,,,,,,,,,,,,,,,,,,,,
BEL,Belgium,1957,-1.561,-3.427,9.278,0.177,,,,,,,,,,,,,,,,,,,,216.029,24008.977,,,,,,,,,,,,,,,,,,,,,,,,,93064266183.0,,,,,,,,2.082,231.389,,,,,,,,,,,,,,,,,,,,,,,,,,,,,,,,,,,,,,,,,,,,8997845.0,,,,,,,,,,,,,,,,,,,,,,
BEL,Belgium,1958,-6.686,-14.444,-7.547,-0.157,,,,,,,,,,,,,,,,,,,,201.585,22265.675,,,,,,,,,,,,,,,,,,,,,,,,,92953195476.0,,,,,,,,1.925,212.607,,,,,,,,,,,,,,,,,,,,,,,,,,,,,,,,,,,,,,,,,,,,9053640.0,,,,,,,,,,,,,,,,,,,,,,
BEL,Belgium,1959,-15.908,-32.068,-13.265,-0.255,,,,,,,,,,,,,,,,,,,,169.517,18607.697,,,,,,,,,,,,,,,,,,,,,,,,,95889577557.0,,,,,,,,1.67,183.262,,,,,,,,,,,,,,,,,,,,,,,,,,,,,,,,,,,,,,,,,,,,9110067.0,,,,,,,,,,,,,,,,,,,,,,
BEL,Belgium,1960,-1.266,-2.145,-15.294,-0.255,,,,,,,,,,,,,,,,,,,,167.372,18257.386,,,,,,,,,,,,,,,,,,,,,,,,,101044314700.0,,,,,,,,1.414,154.264,,,,,,,,,,,,,,,,,,,,,,,,,,,,,,,,,,,,,,,,,,,,9167361.0,,,,,,,,,,,,,,,,,,,,,,
BEL,Belgium,1961,-4.139,-6.928,1.389,0.02,,,,,,,,,,,,,,,,,,,,160.444,17391.573,,,,,,,,,,,,,,,,,,,,,,,,,105965813800.0,,,,,,,,1.434,155.422,,,,,,,,,,,,,,,,,,,,,,,,,,,,,,,,,,,,,,,,,,,,9225414.0,,,,,,,,,,,,,,,,,,,,,,
BEL,Belgium,1962,-1.555,-2.495,1.37,0.02,,,,,,,,,,,,,,,,,,,,157.949,17013.871,,,,,,,,,,,,,,,,,,,,,,,,,111422800800.0,,,,,,,,1.453,156.565,,,,,,,,,,,,,,,,,,,,,,,,,,,,,,,,,,,,,,,,,,,,9283545.0,,,,,,,,,,,,,,,,,,,,,,
BEL,Belgium,1963,1.0,1.579,-2.703,-0.039,,,,,,,,,,,,,,,,,,,,159.528,17079.344,,,,,,,,,,,,,,,,,,,,,,,,,116335809200.0,,,,,,,,1.414,151.405,,,,,,,,,,,,,,,,,,,,,,,,,,,,,,,,,,,,,,,,,,,,9340419.0,,,,,,,,,,,,,,,,,,,,,,
BEL,Belgium,1964,-0.518,-0.827,-2.778,-0.039,,,,,,,,,,,,,,,,,,,,158.701,16893.371,,,,,,,,,,,,,,,,,,,,,,,,,124534265000.0,,,,,,,,1.375,146.356,,,,,,,,,,,,,,,,,,,,,,,,,,,,,,,,,,,,,,,,,,,,9394300.0,,,,,,,,,,,,,,,,,,,,,,
BEL,Belgium,1965,-7.13,-11.315,17.143,0.236,,,,,,,,,,,,,,,53.994,,222.937,,23606.37,147.386,15606.432,,,,,,0.272,0.0,,,0.0,0.272,0.0,0.0,,,3.203,43720.324,,99.817,,412.137,43640.355,,,128900428300.0,,,0.178,,0.735,,77.828,1.611,170.544,,,0.183,,0.756,28.802,80.004,,0.272,28.802,,0.183,,0.756,80.004,,,,,0.0,,0.0,0.0,0.0,,,45.645,,188.465,,19956.157,,,,0.0,,0.0,,0.0,,,0.0,,9443948.0,412.892,28.802,,,0.183,,0.756,80.004,,,0.0,,0.0,0.0,0.0,,,0.0,,0.0,0.0,0.0
BEL,Belgium,1966,-11.559,-17.036,-23.171,-0.373,,,-3.654,-15.087,,,,,,,,,,-8.777,51.123,-19.566,203.371,,21432.851,130.35,13737.352,,,,,,0.299,0.006,,,0.0,0.299,0.0,0.0,,,2.991,41923.821,-3.683,99.787,-15.179,396.958,41834.567,,,133004614200.0,,80.476,0.333,0.592,1.326,,139.797,1.237,130.409,,9.926,0.209,0.075,0.831,31.511,87.531,,0.305,32.143,12.132,0.213,0.092,0.847,89.287,,,,,0.004,0.017,0.017,0.632,1.756,,2.014,48.33,3.796,192.26,,20261.919,,,,0.0,,0.0,0.0,0.0,,,0.0,,9488759.0,397.805,31.511,,9.926,0.209,0.075,0.831,87.531,,,0.0,0.0,0.0,0.0,0.0,,,0.0,0.0,0.0,0.0,0.0
BEL,Belgium,1967,-6.08,-7.926,19.048,0.236,,,4.978,19.802,,,,,,,,,,-1.856,47.796,-3.774,199.597,,20946.211,122.425,12847.525,,,,,,0.238,0.094,,,0.0,0.238,0.0,0.0,,,3.022,43824.598,4.969,99.779,19.727,416.685,43727.853,,,138196546500.0,,281.116,1.211,3.729,5.055,,530.536,1.473,154.592,,-20.401,0.158,-0.169,0.661,24.976,69.379,,0.332,34.841,8.852,0.221,0.075,0.922,96.78,,,,1466.667,0.063,0.244,0.261,9.865,27.402,,10.284,50.773,19.771,212.032,,22251.106,,,,0.0,,0.0,0.0,0.0,,,0.0,,9529046.0,417.607,24.976,,-20.401,0.158,-0.169,0.661,69.379,,,0.0,0.0,0.0,0.0,0.0,,,0.0,0.0,0.0,0.0,0.0
BEL,Belgium,1968,-9.912,-12.134,-13.333,-0.196,,,11.437,47.763,,,,,,,,,,3.24,44.28,6.467,206.064,,21542.249,110.29,11529.889,,,,,,0.244,0.061,,,0.0,0.244,0.0,0.0,,,3.233,48650.378,11.481,99.818,47.838,464.523,48561.847,,,143933308200.0,,143.28,2.643,7.244,12.299,,1285.755,1.277,133.468,,2.521,0.146,0.017,0.678,25.508,70.856,,0.305,31.885,-8.133,0.182,-0.075,0.847,88.57,,,,-35.106,0.036,-0.092,0.169,6.377,17.714,,16.096,52.895,34.128,246.159,,25733.842,,,,0.0,,0.0,0.0,0.0,,,0.0,,9565591.0,465.37,25.508,,2.521,0.146,0.017,0.678,70.856,,,0.0,0.0,0.0,0.0,0.0,,,0.0,0.0,0.0,0.0,0.0
BEL,Belgium,1969,-10.847,-11.963,-15.385,-0.196,,,9.748,45.363,,,,,,,,,,-2.608,39.295,-5.374,200.69,,20906.022,98.327,10242.776,,,,,,0.23,0.022,,,0.0,0.23,0.0,0.0,,,3.327,53203.217,9.797,99.863,45.51,510.033,53130.34,,,153505206300.0,,105.992,4.961,13.036,25.335,,2639.161,1.08,112.534,,-5.738,0.125,-0.039,0.639,23.959,66.553,,0.252,26.251,-17.377,0.137,-0.147,0.7,72.919,,,,-63.934,0.012,-0.108,0.061,2.292,6.366,,15.375,55.608,37.848,284.007,,29585.157,,,,0.0,,0.0,0.0,0.0,,,0.0,,9599651.0,510.732,23.959,,-5.738,0.125,-0.039,0.639,66.553,,,0.0,0.0,0.0,0.0,0.0,,,0.0,0.0,0.0,0.0,0.0
BEL,Belgium,1970,-13.924,-13.691,-7.273,-0.079,,,5.641,28.811,,,,,,,,,,-5.758,35.055,-11.556,189.134,,19635.707,84.636,8786.774,,,,,,0.246,0.057,,,0.0,0.246,0.0,0.0,,,3.31,56014.694,5.621,99.844,28.67,538.702,55927.358,,,163013749200.0,,56.904,7.368,14.417,39.752,,4126.977,1.002,103.997,,6.957,0.127,0.044,0.683,25.539,70.943,,0.303,31.457,20.238,0.156,0.142,0.842,87.381,,,,159.091,0.029,0.097,0.158,5.918,16.438,,9.087,57.422,25.809,309.816,,32164.674,,,,0.0,,0.0,0.0,0.0,,,0.0,,9632179.0,539.544,25.539,,6.957,0.127,0.044,0.683,70.943,,,0.0,0.0,0.0,0.0,0.0,,,0.0,0.0,0.0,0.0,0.0
BEL,Belgium,1971,-3.573,-3.024,3.922,0.039,,,-1.897,-10.233,,,,,,,,,,-17.193,29.589,-32.518,156.617,,16207.373,81.611,8445.488,,,,,,0.134,0.0,,,0.0,0.134,0.0,0.0,,,3.13,54775.191,-1.812,99.93,-9.764,528.939,54736.716,,,169133335000.0,,37.893,10.356,15.063,54.815,,5672.458,1.041,107.727,,-45.528,0.07,-0.311,0.372,13.867,38.519,,0.134,13.867,-55.776,0.07,-0.469,0.372,38.519,,,,-100.0,0.0,-0.158,0.0,0.0,0.0,,2.482,59.985,7.691,317.506,,32856.885,,,,0.0,,0.0,0.0,0.0,,,0.0,,9663323.0,529.31,13.867,,-45.528,0.07,-0.311,0.372,38.519,,,0.0,0.0,0.0,0.0,0.0,,,0.0,0.0,0.0,0.0,0.0
BEL,Belgium,1972,-4.162,-3.397,3.774,0.039,,,6.308,33.39,,,,,,,,,,-4.491,26.583,-7.034,149.583,,15432.369,78.215,8069.325,,,,,,0.18,0.011,,,0.0,0.18,0.0,0.0,,,3.161,58053.128,6.283,99.906,33.231,562.17,57998.438,,,178026057600.0,,26.086,12.282,14.299,69.114,,7130.368,1.08,111.452,,34.328,0.089,0.128,0.5,18.57,51.584,,0.191,19.705,42.537,0.094,0.158,0.531,54.737,,,,,0.005,0.031,0.031,1.135,3.152,,8.178,61.04,25.966,343.472,,35435.7,,,,0.0,,0.0,0.0,0.0,,,0.0,,9692845.0,562.7,18.57,,34.328,0.089,0.128,0.5,51.584,,,0.0,0.0,0.0,0.0,0.0,,,0.0,0.0,0.0,0.0,0.0
BEL,Belgium,1973,-15.79,-12.35,14.545,0.157,,,1.34,7.543,,,,,,,,,,-16.082,22.013,-24.056,125.528,,12913.398,65.864,6775.634,,,,,,0.171,0.076,,,0.116,0.287,0.0,0.0,,,3.019,58662.418,1.257,99.823,7.065,569.235,58558.735,,,188915221600.0,,20.197,14.568,13.959,83.072,,8545.875,1.237,127.296,,-5.0,0.083,-0.025,0.475,17.591,48.865,,0.363,37.343,90.052,0.177,0.478,1.008,103.73,,,,590.909,0.037,0.181,0.211,7.818,21.718,,4.997,63.242,17.162,360.634,,37099.461,,,,11.933,,0.057,0.322,0.322,,,33.148,,9720750.0,570.243,29.524,,59.444,0.14,0.297,0.797,82.012,,,0.0,0.0,0.0,0.0,0.0,,,0.0,0.0,0.0,0.0,0.0
BEL,Belgium,1974,-8.267,-5.445,-51.587,-0.638,,,-3.43,-19.557,,,,,,,,,,6.962,24.382,8.74,134.267,,13775.237,60.419,6198.714,,,,,,0.24,0.148,,,0.108,0.348,0.0,0.0,,,2.797,56497.864,-3.501,99.75,-19.926,549.309,56356.556,,,196850473400.0,,17.195,17.679,14.285,97.357,,9988.365,0.599,61.462,,40.351,0.121,0.192,0.667,24.623,68.397,,0.496,50.887,36.639,0.25,0.369,1.378,141.354,,,,94.737,0.075,0.2,0.411,15.184,42.178,,-11.91,57.689,-42.95,317.684,,32592.954,,,,11.08,-6.897,0.054,-0.022,0.3,,,30.779,,9747023.0,550.686,35.703,,21.254,0.176,0.169,0.967,99.176,,,0.0,0.0,0.0,0.0,0.0,,,0.0,0.0,0.0,0.0,0.0
BEL,Belgium,1975,-7.792,-4.708,-16.393,-0.098,,,-6.018,-33.139,,,,,,,,,,-25.314,19.376,-33.988,100.279,,10262.315,55.711,5701.352,,,,,,0.183,6.784,,,0.083,0.266,0.0,0.0,,,2.664,52964.482,-9.347,96.216,-51.345,497.964,50960.412,,,194240678800.0,,-1.194,18.587,-1.162,96.195,,9844.345,0.501,51.257,,-23.75,0.098,-0.158,0.508,18.728,52.022,,7.05,721.48,1321.371,3.784,18.206,19.583,2004.112,,,,4483.784,3.641,18.433,18.844,694.258,1928.496,,-5.098,58.254,-16.194,301.49,,30853.752,,,,8.494,-23.148,0.045,-0.069,0.231,,,23.595,,9771582.0,517.547,27.222,,-23.563,0.143,-0.228,0.739,75.616,,,0.0,0.0,0.0,0.0,0.0,,,0.0,0.0,0.0,0.0,0.0
BEL,Belgium,1976,-3.222,-1.795,-33.333,-0.167,,,6.065,31.39,,,,,,,,,,4.213,19.037,4.225,104.504,,10669.352,53.916,5504.571,,,,,,0.109,10.036,,,0.057,0.166,0.0,0.0,,,2.675,56043.847,4.545,94.837,22.634,520.598,53150.622,,,205206876000.0,,5.631,18.511,5.417,101.612,,10374.064,0.334,34.09,,-40.437,0.055,-0.206,0.303,11.128,30.912,,10.202,1041.576,44.709,5.163,8.756,28.339,2893.269,,,,47.936,5.079,9.033,27.878,1024.628,2846.192,,4.31,57.289,12.993,314.482,,32107.206,,,,5.819,-31.325,0.029,-0.072,0.158,,,16.165,,9794771.0,548.937,16.948,,-37.594,0.084,-0.278,0.461,47.077,,,0.0,0.0,0.0,0.0,0.0,,,0.0,0.0,0.0,0.0,0.0
BEL,Belgium,1977,-2.349,-1.266,11.765,0.039,,,0.148,0.81,,,,,,,,,,1.427,19.281,1.491,105.995,,10797.461,52.65,5363.281,,,,,,0.224,11.939,,,0.247,0.471,0.0,0.0,,,2.662,56001.214,-1.023,93.729,-5.323,515.275,52489.664,,,206503345000.0,,-1.616,18.185,-1.642,99.97,,10183.631,0.373,38.016,,105.505,0.113,0.319,0.622,22.818,63.384,,12.41,1264.173,21.643,6.271,6.133,34.472,3511.595,,,,18.962,6.033,5.286,33.164,1216.194,3378.318,,-1.645,56.264,-5.173,309.31,,31508.572,,,,25.161,333.333,0.125,0.528,0.686,,,69.892,,9816693.0,549.747,47.979,,183.735,0.238,0.847,1.308,133.276,,,0.0,0.0,0.0,0.0,0.0,,,0.0,0.0,0.0,0.0,0.0
BEL,Belgium,1978,-6.763,-3.561,0.0,0.0,,,4.379,24.072,,,,,,,,,,2.405,18.916,2.549,108.544,,11034.484,49.089,4990.341,,,,,,0.223,12.513,,,0.26,0.483,0.0,0.0,,,2.702,58333.846,4.356,93.709,22.445,537.72,54664.002,,,212370668500.0,,-0.845,17.275,-0.845,99.124,,10076.901,0.373,37.938,,-0.446,0.108,-0.003,0.619,22.67,62.972,,12.996,1321.16,4.722,6.291,1.628,36.1,3669.891,,,,4.808,6.057,1.594,34.758,1272.058,3533.499,,6.706,57.518,20.741,330.051,,33552.617,,,,26.431,5.263,0.126,0.036,0.722,,,73.42,,9836812.0,573.819,49.101,,2.548,0.234,0.033,1.342,136.393,,,0.0,0.0,0.0,0.0,0.0,,,0.0,0.0,0.0,0.0,0.0
BEL,Belgium,1979,-7.056,-3.464,0.0,0.0,,,2.902,16.65,,,,,,,,,,11.416,20.481,12.391,120.935,,12272.26,45.625,4629.95,,,,,,0.234,11.407,,,0.315,0.549,0.0,0.0,,,2.717,59919.498,3.634,94.375,19.539,557.258,56549.353,,,217343096800.0,,9.262,18.342,9.181,108.305,,10990.587,0.373,37.87,,4.933,0.11,0.031,0.65,23.746,65.961,,11.956,1213.269,-8.002,5.625,-2.889,33.211,3370.193,,,,-8.839,5.366,-3.072,31.686,1157.557,3215.439,,-0.616,55.552,-2.033,328.017,,33286.506,,,,31.966,21.154,0.148,0.153,0.875,,,88.793,,9854372.0,590.469,55.711,,13.665,0.258,0.183,1.525,154.754,,,0.0,0.0,0.0,0.0,0.0,,,0.0,0.0,0.0,0.0,0.0
BEL,Belgium,1980,-23.568,-10.753,15.984,0.06,,,-4.282,-25.286,,,,,,,,,,0.81,21.571,0.979,121.915,,12353.29,34.872,3533.516,,,,,,0.278,12.549,,,0.3,0.578,0.0,0.0,,,2.489,57268.48,-5.121,93.548,-28.539,528.719,53573.732,,,227067208000.0,,-4.315,18.336,-4.674,103.632,,10500.719,0.433,43.859,,18.803,0.137,0.122,0.772,28.169,78.247,,13.127,1330.125,9.794,6.452,3.253,36.464,3694.794,,,,10.011,6.168,3.172,34.858,1271.558,3532.107,,-7.574,53.642,-24.845,303.173,,30719.724,0.0,0.0,,30.398,-4.762,0.147,-0.042,0.833,,,84.44,,9868999.0,565.183,58.567,,5.282,0.284,0.081,1.606,162.687,,,0.0,0.0,0.0,0.0,0.0,,,0.0,0.0,0.0,0.0,0.0
BEL,Belgium,1981,9.703,3.383,-20.161,-0.087,,0.0,-4.926,-27.842,,,,,,,,,,3.591,23.503,4.378,126.293,,12781.89,38.256,3871.807,,,,,,0.381,12.859,,,0.291,0.672,0.0,0.0,,,2.396,54383.383,-5.478,93.005,-28.965,499.754,50579.39,,,224240624000.0,,-7.769,17.788,-8.051,95.58,,9673.566,0.346,34.975,,37.05,0.197,0.286,1.058,38.56,107.112,,13.531,1369.452,3.078,6.995,1.122,37.586,3804.037,,,,2.47,6.647,0.861,35.719,1301.44,3615.114,,-8.342,51.714,-25.292,277.881,,28123.934,0.0,0.0,,29.452,-3.0,0.15,-0.025,0.808,,,81.81,,9880594.0,537.34,68.012,,16.263,0.347,0.261,1.867,188.923,,,0.0,0.0,0.0,0.0,0.0,,,0.0,0.0,0.0,0.0,0.0
BEL,Belgium,1982,5.944,2.274,-1.587,-0.005,,0.0,-4.369,-23.475,,,,,,,,,,0.157,24.615,0.198,126.491,,12789.982,40.53,4098.128,,,,,,0.333,15.664,,,0.046,0.379,0.0,0.0,,,2.26,51959.044,-6.093,91.328,-30.452,469.302,47453.045,,,227394766513.0,,-16.629,15.507,-15.894,79.686,,8057.409,0.34,34.388,,-12.598,0.18,-0.133,0.925,33.671,93.531,,16.043,1622.173,18.565,8.672,6.978,44.564,4506.04,,,,21.814,8.467,7.792,43.511,1583.851,4399.59,,-5.31,51.205,-14.756,263.125,,26605.654,0.0,0.0,,4.651,-84.192,0.025,-0.681,0.128,,,12.92,,9889819.0,513.866,38.322,,-43.601,0.205,-0.814,1.053,106.451,,,0.0,0.0,0.0,0.0,0.0,,,0.0,0.0,0.0,0.0,0.0
BEL,Belgium,1983,-7.457,-3.022,-44.42,-0.151,,0.0,-3.193,-16.406,,,,,,,,,,-14.665,21.698,-18.55,107.94,,10905.39,37.507,3789.448,,,,,,0.336,24.106,,,0.022,0.358,0.0,0.0,,,2.188,50259.256,-8.48,86.339,-39.797,429.505,43393.621,,,227376701920.0,,3.918,16.646,3.123,82.809,,8366.321,0.189,19.097,,0.901,0.188,0.008,0.933,33.947,94.296,,24.464,2471.641,52.49,13.661,23.392,67.956,6865.675,,,,53.894,13.461,23.45,66.961,2435.472,6765.205,,-9.262,47.995,-24.369,238.756,,24121.91,0.0,0.0,,2.223,-52.174,0.012,-0.067,0.061,,,6.174,,9897877.0,497.46,36.169,,-5.541,0.2,-0.058,0.994,100.471,,,0.0,0.0,0.0,0.0,0.0,,,0.0,0.0,0.0,0.0,0.0
BEL,Belgium,1984,3.853,1.445,116.263,0.22,,0.0,4.48,22.287,,,,,,,,,,15.97,24.085,17.238,125.179,,12636.176,38.953,3932.076,,,,,,0.351,27.743,,,0.024,0.375,0.0,0.0,,,2.23,52465.906,2.826,84.972,12.137,441.641,44581.564,,,233018713200.0,,3.19,16.441,2.642,85.45,,8625.82,0.409,41.265,,4.464,0.188,0.042,0.975,35.432,98.422,,28.118,2838.376,14.936,15.028,10.15,78.106,7884.383,,,,15.088,14.827,10.103,77.064,2800.521,7779.232,,-3.243,44.447,-7.743,231.012,,23319.568,0.0,0.0,,2.423,9.091,0.013,0.006,0.067,,,6.73,,9906370.0,519.747,37.854,,4.749,0.2,0.047,1.042,105.151,,,0.0,0.0,0.0,0.0,0.0,,,0.0,0.0,0.0,0.0,0.0
BEL,Belgium,1985,-1.457,-0.568,7.19,0.029,,0.0,4.325,22.481,,,,,,,,,,-0.281,23.021,-0.352,124.827,,12587.689,38.385,3870.792,,,,,,0.287,34.601,,,0.053,0.34,0.0,0.0,57.322,,2.304,54678.938,0.799,82.1,3.528,445.17,44891.491,,,235344808600.0,,0.484,15.835,0.414,85.864,,8658.64,0.438,44.186,0.501,-18.234,0.147,-0.178,0.797,28.941,80.393,60.956,34.941,3523.494,24.266,17.9,18.953,97.058,9787.491,,,60.363,24.72,17.726,19.05,96.114,3489.208,9692.252,,1.501,43.244,3.467,234.479,,23645.162,0.0,0.0,,5.345,120.833,0.027,0.081,0.147,,0.092,14.846,5780.422,9916577.0,542.228,34.286,0.593,-9.333,0.174,-0.097,0.944,95.239,0.0,,0.0,0.0,0.0,0.0,0.0,0.0,,0.0,0.0,0.0,0.0,0.0
BEL,Belgium,1986,-10.101,-3.877,-35.112,-0.154,,0.0,3.141,17.032,,,,,,,,,,-14.674,19.045,-18.317,106.509,,10727.615,34.508,3475.625,,,,,,0.343,39.394,,,0.119,0.462,0.0,0.0,58.676,,2.341,56328.508,0.759,80.204,3.379,448.549,45177.748,,,238862657800.0,,-10.213,13.785,-8.769,77.095,,7764.996,0.284,28.637,0.585,19.512,0.17,0.156,0.953,34.547,95.964,67.926,39.856,4014.286,14.067,19.796,13.653,110.711,11150.805,,,67.138,13.852,19.567,13.314,109.428,3967.754,11021.548,,12.993,47.374,30.465,264.944,,26685.137,0.0,0.0,,11.986,124.528,0.059,0.183,0.331,,0.203,33.294,5909.832,9928539.0,559.26,46.533,0.787,35.882,0.229,0.339,1.283,129.257,0.0,,0.0,0.0,0.0,0.0,0.0,0.0,,0.0,0.0,0.0,0.0,0.0
BEL,Belgium,1987,-23.082,-7.965,9.254,0.026,,0.0,3.0,16.776,,,,,,,,,,-0.485,18.4,-0.516,105.993,,10660.856,26.543,2669.678,,,,,,0.429,41.967,,,0.142,0.577,0.0,0.006,63.367,,2.356,57937.995,2.075,79.484,9.309,457.858,46051.647,,,244504594400.0,,10.275,14.759,7.922,85.016,,8551.012,0.311,31.244,0.677,25.073,0.207,0.239,1.192,43.149,119.859,67.139,42.544,4279.099,6.744,20.516,7.467,118.178,11886.394,,,66.228,6.531,20.237,7.147,116.575,4221.064,11725.186,,0.719,46.325,1.904,266.848,,26839.778,0.0,0.0,,14.282,19.328,0.068,0.064,0.394,,0.224,39.673,6373.487,9942281.0,576.036,58.035,0.911,24.892,0.278,0.319,1.603,161.208,0.0,,0.0,0.0,0.0,0.0,0.0,0.009,,0.003,0.017,0.017,0.603,1.676
BEL,Belgium,1988,-44.935,-11.927,-40.623,-0.126,,0.0,1.988,11.453,,,,,,,,,,1.052,18.232,1.115,107.108,,10754.942,14.616,1467.589,,,,,,0.359,43.102,,,0.18,0.547,0.0,0.008,65.349,,2.294,58990.678,1.831,79.362,8.384,466.242,46816.091,,,256045020000.0,,-1.306,14.282,-1.111,83.906,,8425.141,0.184,18.521,0.549,-16.317,0.17,-0.194,0.997,36.048,100.133,66.794,43.649,4382.865,2.597,20.638,3.069,121.247,12174.635,,,65.957,2.705,20.38,3.153,119.728,4327.94,12022.065,,3.14,46.848,8.379,275.227,,27636.009,0.0,0.0,,18.074,26.761,0.085,0.106,0.5,,0.275,50.206,6561.796,9959011.0,587.489,54.925,0.837,-5.199,0.259,-0.083,1.519,152.57,0.0,,0.0,0.0,0.0,0.0,0.0,0.012,33.333,0.004,0.006,0.022,0.803,2.231
BEL,Belgium,1989,-23.281,-3.403,-20.245,-0.037,,0.0,0.763,4.484,,,,,,,,,,5.066,19.01,5.426,112.535,,11275.816,11.213,1123.537,,,,,,0.305,41.217,,,0.191,0.503,0.0,0.007,67.547,,2.232,59314.913,2.111,80.423,9.843,476.085,47703.042,,,265237132930.0,,11.129,15.751,9.338,93.244,,9342.955,0.147,14.74,0.452,-15.042,0.143,-0.15,0.847,30.561,84.891,61.764,41.72,4180.287,-4.419,19.577,-5.358,115.889,11611.919,,,61.02,-4.373,19.341,-5.236,114.492,4129.888,11471.919,,-1.788,45.662,-4.922,270.306,,27084.272,0.0,0.0,,19.138,6.111,0.09,0.031,0.531,,0.283,53.161,6768.118,9980175.0,591.973,50.4,0.745,-8.044,0.236,-0.122,1.397,140.0,0.0,,0.0,0.0,0.0,0.0,0.0,0.01,-12.5,0.003,-0.003,0.019,0.701,1.948
BEL,Belgium,1990,-47.915,-5.373,-15.749,-0.023,,0.0,4.504,26.662,0.398,27.982,,0.0,,0.0,0.0,,24.314,9.861,19.985,11.097,123.632,1707.882,12355.096,5.84,583.653,66.57,0.28,17.09,27.01,5.41,0.27,42.72,4.51,0.0,0.28,0.56,0.0,0.01,70.29,,2.264,61823.013,4.692,80.568,22.337,498.421,49809.527,2699.233,38.427,273278725720.0,7.697,2.632,15.469,2.454,95.698,540.646,9563.598,0.124,12.386,0.384,-12.787,0.119,-0.108,0.739,26.982,73.841,61.573,43.28,4325.169,3.732,19.432,4.325,120.214,12013.536,-5.588,-3.72,60.777,3.651,19.183,4.181,118.672,4269.206,11859.47,6.416,3.25,45.114,8.785,279.091,450.705,27890.832,0.0,0.0,0.0,27.982,47.644,0.127,0.253,0.783,0.0,0.398,78.282,7024.403,10006545.0,618.635,55.963,0.797,10.338,0.249,0.144,1.542,154.066,0.0,,0.0,0.0,0.0,0.0,0.0,0.014,0.0,0.003,0.0,0.019,0.999,1.943
BEL,Belgium,1991,-40.14,-2.344,-14.05,-0.017,,0.0,3.478,21.518,0.421,29.882,,0.0,0.0,0.0,0.0,,23.191,-4.344,18.474,-5.371,118.261,1644.512,11779.643,3.496,348.231,69.34,0.3,16.51,27.79,6.22,0.23,42.86,5.06,0.0,0.3,0.54,0.0,0.01,71.19,,2.297,63763.752,4.25,81.169,21.185,519.606,51756.441,2768.08,39.036,278661958721.0,8.737,6.666,15.946,6.38,102.078,619.556,10167.697,0.107,10.611,0.323,-13.91,0.099,-0.103,0.636,22.91,63.361,60.964,43.4,4322.946,0.277,18.831,0.333,120.547,12007.363,-2.668,-1.85,60.205,0.325,18.598,0.386,119.058,4269.158,11859.059,7.108,7.229,46.749,20.176,299.267,504.012,29809.101,0.0,0.0,0.0,29.882,6.028,0.13,0.047,0.831,0.0,0.421,82.729,7091.026,10039450.0,640.153,53.788,0.759,-3.423,0.233,-0.053,1.489,148.304,0.0,,0.0,0.0,0.0,0.0,0.0,0.014,14.286,0.003,0.003,0.022,0.996,2.213
BEL,Belgium,1992,-65.615,-2.294,-42.265,-0.045,,0.0,-0.221,-1.413,0.378,26.791,,0.0,0.0,0.0,0.0,,22.417,-10.503,16.57,-12.421,105.84,1588.593,10502.014,1.202,119.28,71.55,0.27,16.01,27.34,6.67,0.34,43.46,4.66,0.0,0.27,0.62,0.0,0.01,71.42,,2.254,63379.022,-0.633,80.833,-3.291,516.315,51231.433,2712.813,38.281,283324066798.0,9.339,3.06,16.47,3.123,105.201,661.831,10438.61,0.062,6.103,0.476,48.908,0.148,0.311,0.947,33.737,93.988,61.719,44.08,4373.841,1.558,19.167,1.878,122.425,12147.639,0.182,0.13,60.851,1.388,18.898,1.653,120.711,4312.322,11977.578,6.525,2.007,47.793,6.007,305.273,462.389,30290.809,0.0,0.0,0.0,26.791,-10.702,0.116,-0.089,0.742,0.0,0.378,73.592,7086.655,10078098.0,638.74,61.52,0.868,15.112,0.268,0.225,1.714,170.061,0.0,,0.0,0.0,0.0,0.0,0.0,0.014,12.5,0.004,0.003,0.025,0.992,2.481
BEL,Belgium,1993,-100.0,-1.202,-19.534,-0.012,,0.0,-1.598,-10.21,0.357,24.707,,0.0,0.0,0.0,0.0,,23.259,-5.274,15.951,-5.582,100.259,1610.881,9908.275,0.0,0.0,72.31,0.25,16.3,27.64,6.81,0.25,41.93,4.53,0.0,0.25,0.51,0.0,0.01,70.08,,2.237,62115.767,-1.096,81.246,-5.657,510.658,50466.84,2731.581,39.441,280980173501.0,9.717,4.65,17.516,4.892,110.093,673.012,10880.178,0.049,4.891,0.357,-25.513,0.112,-0.242,0.706,24.707,69.728,60.559,42.44,4194.221,-3.719,18.754,-4.553,117.872,11648.977,3.084,2.23,59.832,-3.519,18.53,-4.247,116.464,4143.819,11509.795,6.464,-1.627,47.779,-4.968,300.306,447.687,29678.386,0.0,0.0,0.0,24.707,-8.24,0.108,-0.061,0.681,0.0,0.357,67.257,6925.802,10118684.0,628.53,50.402,0.728,-17.828,0.224,-0.306,1.408,139.182,0.0,,0.0,0.0,0.0,0.0,0.0,0.014,-11.111,0.004,-0.003,0.022,0.988,2.196
BEL,Belgium,1994,,0.0,-72.616,-0.036,,0.0,5.216,32.786,0.35,24.616,,0.0,0.0,0.0,0.0,,23.802,7.488,16.296,7.507,107.766,1671.933,10611.139,0.0,0.0,75.32,0.25,16.98,30.11,8.27,0.35,40.62,4.86,0.0,0.25,0.61,0.0,0.01,71.34,,2.277,65116.389,7.079,82.684,36.147,546.805,53841.113,2964.776,42.206,290439820292.0,11.592,2.255,17.023,2.483,112.576,814.304,11084.787,0.014,1.334,0.491,36.22,0.145,0.256,0.961,34.463,94.636,57.794,41.23,4059.706,-2.851,17.316,-3.361,114.511,11275.328,5.284,3.98,56.939,-3.108,17.064,-3.619,112.845,3999.642,11111.22,6.812,8.71,49.366,26.157,326.463,478.539,32145.187,0.0,0.0,0.0,24.616,0.0,0.103,0.0,0.681,0.0,0.35,67.011,7024.482,10155909.0,661.316,60.064,0.855,18.343,0.252,0.258,1.667,164.108,0.0,,0.0,0.0,0.0,0.0,0.0,0.014,12.5,0.004,0.003,0.025,0.985,2.462
BEL,Belgium,1995,,0.0,-100.0,-0.014,,0.0,1.231,8.138,0.435,31.415,,0.0,0.0,0.0,0.0,,22.47,-4.488,15.375,-4.836,102.929,1621.785,10104.693,0.0,0.0,77.59,0.32,16.52,31.49,10.18,0.34,41.36,4.79,0.0,0.32,0.67,0.0,0.01,73.52,,2.248,65721.003,1.082,82.563,5.916,552.721,54261.214,3091.406,42.832,297776699844.0,13.847,10.615,18.601,11.95,124.526,999.381,12224.807,0.0,0.0,0.462,-2.312,0.14,-0.022,0.939,33.378,92.172,57.168,42.03,4126.129,1.941,17.437,2.222,116.733,11459.841,5.246,4.07,56.257,1.802,17.16,2.033,114.878,4060.354,11277.679,6.515,-0.367,48.587,-1.197,325.266,470.239,31931.714,0.0,0.0,0.0,31.415,31.02,0.133,0.211,0.892,0.0,0.435,87.536,7217.534,10186304.0,669.454,65.775,0.911,11.333,0.277,0.189,1.856,182.162,0.0,,0.0,0.0,0.0,0.0,0.0,0.014,0.0,0.004,0.0,0.025,0.982,2.454
BEL,Belgium,1996,,0.0,,0.022,,0.0,6.224,41.664,0.413,30.368,,0.0,0.0,0.0,0.0,,20.695,-4.296,13.853,-4.422,98.508,1523.276,9649.804,0.0,0.0,79.33,0.31,15.55,31.24,11.01,0.24,43.34,4.68,0.0,0.31,0.56,0.0,0.01,75.14,,2.347,69661.034,6.597,82.853,36.461,589.183,57716.238,3060.265,41.576,302932633761.0,14.653,11.159,19.465,13.895,138.421,1078.538,13559.685,0.022,2.161,0.319,-29.29,0.093,-0.275,0.664,23.51,65.035,58.424,43.9,4300.437,4.457,17.147,5.203,121.936,11944.851,5.282,4.19,57.679,4.788,16.928,5.5,120.378,4245.579,11792.197,6.228,8.297,49.535,26.988,352.254,458.452,34506.748,0.0,0.0,0.0,30.368,-2.181,0.123,-0.019,0.872,0.0,0.413,85.443,7360.702,10208265.0,711.118,54.858,0.745,-16.018,0.219,-0.297,1.558,152.654,0.0,,0.0,0.0,0.0,0.0,0.0,0.013,-11.111,0.003,-0.003,0.022,0.98,2.177
BEL,Belgium,1997,,0.0,-100.0,-0.022,,0.0,1.004,7.142,0.36,27.387,,0.0,0.0,0.0,0.0,,17.655,-6.645,12.803,-6.545,91.962,1344.903,8994.939,0.0,0.0,81.15,0.28,13.75,29.87,11.54,0.31,47.41,4.58,0.0,0.28,0.6,0.0,0.01,77.88,,2.283,70253.806,-0.72,81.438,-4.245,584.938,57213.454,2921.619,38.354,314603214852.0,14.818,-4.606,18.384,-6.376,132.045,1128.74,12915.457,0.0,0.0,0.398,27.615,0.118,0.183,0.847,30.321,82.868,61.646,48.01,4695.913,9.338,18.562,11.386,133.322,13040.408,4.03,3.27,60.876,9.396,18.334,11.311,131.689,4637.226,12880.65,5.881,2.463,50.251,8.677,360.931,447.975,35303.058,0.0,0.0,0.0,27.387,-12.42,0.106,-0.108,0.764,0.0,0.36,74.717,7617.531,10223785.0,718.26,58.687,0.77,4.813,0.227,0.075,1.633,159.758,0.0,,0.0,0.0,0.0,0.0,0.0,0.013,0.0,0.003,0.0,0.022,0.978,2.174
BEL,Belgium,1998,,0.0,,0.0,,0.0,1.97,14.148,0.439,35.166,,0.0,0.0,0.0,0.0,,17.286,-0.528,12.49,-0.485,91.477,1386.108,8935.647,0.0,0.0,83.48,0.36,14.19,35.16,15.04,0.39,46.17,5.93,0.0,0.36,0.76,0.0,0.01,82.09,,2.28,71543.121,2.928,82.203,17.126,602.064,58810.859,3434.5,42.831,321260519222.0,18.321,9.542,19.749,12.599,144.644,1469.138,14129.13,0.0,0.0,0.475,27.541,0.148,0.233,1.081,38.096,105.551,57.169,46.93,4584.217,-2.234,17.797,-2.978,130.345,12732.319,1.665,1.39,56.243,-2.622,17.509,-3.453,128.236,4509.979,12526.373,7.224,1.389,49.964,5.012,365.943,579.254,35746.082,0.0,0.0,0.0,35.166,30.545,0.136,0.233,0.997,0.0,0.439,97.411,8018.717,10237298.0,732.408,74.238,0.926,29.082,0.288,0.475,2.108,205.946,0.0,,0.0,0.0,0.0,0.0,0.0,0.012,37.5,0.004,0.008,0.031,0.977,2.985
BEL,Belgium,1999,,0.0,,0.0,,0.0,-0.746,-5.464,0.6,48.756,,0.0,0.0,0.0,0.0,,11.923,-12.38,11.026,-11.325,80.152,969.268,7815.748,0.0,0.0,84.22,0.5,9.94,33.5,19.23,0.34,49.02,4.33,0.0,0.5,0.85,0.0,0.01,83.37,,2.182,70885.66,-2.265,80.945,-13.639,588.425,57378.415,3266.648,40.182,333156121970.0,23.066,6.786,21.248,9.816,154.46,1875.153,15061.721,0.0,0.0,0.408,-12.339,0.13,-0.133,0.947,33.154,92.365,59.818,49.87,4862.917,6.272,19.055,8.175,138.52,13507.302,1.009,0.85,58.798,6.178,18.73,7.922,136.158,4780.032,13277.065,5.194,-3.315,48.671,-12.131,353.812,422.226,34500.946,0.0,0.0,0.0,48.756,38.162,0.19,0.381,1.378,0.0,0.6,134.35,8129.565,10255161.0,726.944,82.885,1.02,11.989,0.325,0.253,2.361,230.237,0.0,,0.0,0.0,0.0,0.0,0.0,0.012,18.182,0.005,0.006,0.036,0.975,3.521
BEL,Belgium,2000,,0.0,,0.018,,0.0,1.817,13.207,0.688,55.436,,0.0,0.0,0.0,0.0,270.806,15.606,10.645,11.982,8.532,88.684,1256.559,8625.104,0.0,0.0,87.12,0.57,12.92,33.58,15.98,0.46,48.16,4.68,0.0,0.57,1.05,0.0,0.02,82.79,22.42,2.141,71984.798,2.559,81.535,15.057,603.482,58692.797,3265.887,40.56,345736757962.0,19.302,0.52,20.977,0.803,155.263,1554.165,15100.387,0.018,1.732,0.556,34.897,0.173,0.331,1.278,44.738,124.273,59.44,49.21,4786.012,-1.336,18.465,-1.85,136.67,13292.058,4.97,4.33,58.171,-1.754,18.073,-2.389,133.77,4683.893,13010.013,5.653,1.617,48.576,5.723,359.535,455.162,34967.306,0.0,0.0,0.0,55.436,14.516,0.213,0.2,1.578,0.0,0.688,153.45,8051.899,10282046.0,740.151,102.12,1.268,22.824,0.392,0.539,2.9,282.045,0.0,,0.0,0.0,0.0,0.0,0.0,0.024,23.077,0.006,0.008,0.044,1.945,4.323
BEL,Belgium,2001,,0.0,-100.0,-0.018,,0.0,-0.863,-6.386,0.763,58.145,,0.0,0.0,0.0,0.0,259.824,12.641,-4.746,11.512,-4.209,84.474,963.269,8186.286,0.0,0.0,87.74,0.6,9.94,31.2,15.78,0.44,46.35,5.48,0.0,0.6,1.08,0.0,0.04,78.63,20.43,2.102,71107.939,-0.099,82.164,-0.595,602.887,58424.82,3023.541,39.68,349022436249.0,20.069,-1.215,20.903,-1.887,153.376,1529.214,14863.43,0.0,0.0,0.56,-4.753,0.166,-0.061,1.217,42.64,117.942,60.32,47.43,4596.364,-4.238,17.836,-5.792,130.878,12683.176,10.383,9.11,58.947,-4.379,17.432,-5.858,127.911,4491.703,12395.676,6.969,1.53,49.748,5.501,365.036,531.058,35375.103,0.0,0.0,0.0,58.145,4.423,0.225,0.07,1.648,0.0,0.763,159.663,7619.905,10319026.0,733.765,104.661,1.374,2.301,0.404,0.067,2.967,287.5,0.0,,0.0,0.0,0.0,0.0,0.0,0.051,129.748,0.014,0.058,0.102,3.876,9.895
BEL,Belgium,2002,,0.0,,0.0,,0.0,-0.474,-3.481,0.89,69.465,,0.0,0.0,0.0,0.0,258.34,12.392,-14.274,9.916,-12.058,72.416,967.691,6986.717,0.0,0.0,88.53,0.72,10.03,32.44,17.87,0.36,47.36,4.54,0.0,0.72,1.14,0.0,0.06,80.94,20.91,2.053,70457.496,-0.926,81.791,-5.582,597.306,57627.832,3129.8,40.079,355720197488.0,22.078,3.227,21.68,4.949,158.325,1724.092,15275.178,0.0,0.0,0.445,-18.894,0.135,-0.23,0.987,34.733,95.235,59.921,48.5,4679.264,1.605,18.209,2.1,132.978,12829.72,8.573,7.59,58.512,1.522,17.782,1.947,129.858,4569.277,12528.672,5.609,0.418,50.195,1.527,366.563,438.018,35365.937,0.0,0.0,0.0,69.465,19.991,0.271,0.329,1.977,0.0,0.89,190.734,7809.064,10364879.0,730.283,109.987,1.408,5.177,0.427,0.154,3.12,301.048,0.0,,0.0,0.0,0.0,0.0,0.0,0.074,53.06,0.021,0.054,0.156,5.789,15.079
BEL,Belgium,2003,,0.0,,0.0,,0.0,3.858,28.172,1.029,82.541,,0.0,0.0,0.0,0.0,261.936,11.535,-3.269,9.236,-2.367,70.049,925.23,6723.194,0.0,0.0,89.98,0.86,9.64,34.99,21.61,0.25,47.38,3.74,0.0,0.86,1.2,0.0,0.09,83.57,21.89,2.113,72795.204,4.826,82.553,28.825,626.131,60094.948,3358.278,41.869,358964157343.0,25.859,6.531,22.238,10.341,168.666,2074.09,16188.254,0.0,0.0,0.299,-31.829,0.089,-0.314,0.673,23.995,64.585,58.131,48.58,4662.623,-0.491,17.447,-0.654,132.325,12700.315,7.124,6.41,56.695,-0.601,17.018,-0.781,129.078,4547.449,12388.631,4.475,5.689,51.08,20.852,387.416,358.959,37183.5,0.0,0.0,0.0,82.541,18.101,0.308,0.358,2.335,0.0,1.029,224.088,8020.901,10419029.0,758.455,115.174,1.436,4.074,0.428,0.127,3.247,311.683,0.0,,0.0,0.0,0.0,0.0,0.0,0.108,53.396,0.032,0.083,0.24,8.638,23.01
BEL,Belgium,2004,,0.0,,0.0,,0.0,0.373,2.827,1.254,99.236,,0.0,0.0,0.0,0.0,260.251,11.035,-6.988,8.558,-4.895,65.154,873.082,6216.95,0.0,0.0,90.7,1.04,9.15,34.11,20.04,0.32,47.31,4.92,0.0,1.04,1.5,0.0,0.14,82.92,21.58,2.044,72640.612,0.483,82.644,3.025,629.156,60033.333,3254.734,41.136,372527267100.0,24.168,1.906,22.578,3.214,171.88,1912.192,16400.592,0.0,0.0,0.386,27.523,0.113,0.185,0.858,30.534,81.881,58.864,48.81,4657.39,-0.15,17.356,-0.199,132.126,12607.337,8.578,7.78,57.055,-0.777,16.823,-1.004,128.074,4514.262,12220.663,5.933,1.215,51.508,4.706,392.122,469.46,37415.791,0.0,0.0,0.0,99.236,20.233,0.369,0.472,2.807,0.0,1.254,267.857,7912.125,10480118.0,761.282,143.128,1.809,24.787,0.532,0.805,4.052,386.674,0.0,,0.0,0.003,0.003,0.0,0.258,0.169,60.336,0.05,0.145,0.384,13.359,36.679
BEL,Belgium,2005,,0.0,,0.0,,0.0,-1.157,-8.806,1.891,150.755,,0.0,0.0,0.0,0.0,255.529,9.75,-8.117,7.956,-5.289,59.866,777.481,5676.159,0.0,0.0,90.4,1.59,8.2,34.39,21.5,0.29,47.6,4.69,0.0,1.59,2.11,0.0,0.23,84.1,21.49,1.976,71345.839,-1.648,82.233,-10.369,618.787,58670.163,3260.678,40.892,380849786534.0,25.565,-1.714,22.451,-2.945,168.935,2038.517,16017.515,0.0,0.0,0.345,-9.723,0.103,-0.083,0.775,27.496,73.451,59.108,49.71,4713.24,1.183,17.767,1.563,133.69,12675.734,6.969,6.3,56.599,-0.039,17.014,-0.049,128.025,4513.181,12138.62,5.577,-0.545,51.827,-2.135,389.986,444.681,36976.489,0.0,0.0,0.0,150.755,52.356,0.568,1.47,4.277,0.0,1.891,405.513,7973.918,10546885.0,752.476,200.059,2.509,39.791,0.753,1.612,5.665,537.114,0.0,-0.718,0.0,-0.0,0.003,0.0,0.255,0.273,58.847,0.081,0.226,0.611,21.807,57.894
BEL,Belgium,2006,,0.0,,0.0,,0.0,0.24,1.803,2.684,209.991,,0.0,0.0,0.0,0.0,249.308,8.246,-1.318,7.832,-0.789,59.077,645.041,5563.057,0.0,0.0,93.23,2.23,6.85,33.46,21.99,0.36,46.65,4.62,0.0,2.23,2.96,0.0,0.37,83.07,20.71,1.93,71027.85,0.472,82.424,2.922,621.709,58544.183,3150.812,40.279,390897642684.0,26.472,2.933,23.054,4.954,173.889,2070.722,16374.538,0.0,0.0,0.433,23.869,0.127,0.185,0.96,33.9,90.361,59.721,49.61,4671.602,-0.837,17.576,-1.119,132.571,12483.722,10.898,10.16,56.157,-2.612,16.53,-3.344,124.68,4392.869,11740.696,5.562,-0.319,51.538,-1.244,388.743,435.049,36606.589,0.0,0.0,0.0,209.991,39.057,0.788,1.67,5.947,0.0,2.684,560.04,7822.414,10619484.0,754.279,278.733,3.563,39.289,1.046,2.226,7.891,743.027,0.0,98.347,0.001,0.003,0.005,0.0,0.502,0.445,60.219,0.13,0.368,0.978,34.842,92.123
BEL,Belgium,2007,,0.0,,0.0,,0.0,0.648,4.89,3.004,243.046,,0.0,0.0,0.0,0.0,244.801,7.475,-8.616,7.111,-5.09,53.987,604.81,5046.636,0.0,0.0,93.34,2.6,6.47,34.84,24.66,0.39,48.23,3.71,0.0,2.6,3.49,0.01,0.49,86.56,21.19,1.876,70966.434,0.016,81.906,0.098,621.807,58125.94,3256.813,40.25,404735602125.0,28.489,0.748,23.077,1.301,175.19,2305.195,16376.644,0.0,0.0,0.451,7.679,0.136,0.074,1.033,36.457,96.59,59.75,51.72,4834.74,3.615,18.094,4.792,137.363,12840.551,7.264,6.78,55.719,2.745,16.874,3.423,128.103,4508.498,11974.962,4.286,1.0,51.718,3.886,392.629,346.808,36702.66,0.0,0.0,0.0,243.046,16.124,0.91,0.959,6.906,0.0,3.004,645.591,8091.553,10697576.0,759.169,326.242,4.032,17.352,1.22,1.369,9.26,865.588,0.012,198.828,0.002,0.011,0.016,0.935,1.49,0.566,33.315,0.172,0.326,1.304,45.805,121.917
BEL,Belgium,2008,,0.0,,0.0,,0.0,1.575,11.954,4.021,308.941,,0.0,0.0,0.0,0.0,240.43,6.702,-1.242,6.914,-0.671,53.316,514.901,4946.402,0.0,0.0,93.41,3.33,5.55,32.82,24.11,0.41,45.57,3.16,0.0,3.33,4.42,0.04,0.64,82.81,19.91,1.889,71540.91,2.793,82.889,17.366,639.172,59299.236,3044.876,39.633,408314880940.0,29.115,-0.671,22.566,-1.176,174.014,2236.806,16144.211,0.0,0.0,0.495,4.744,0.14,0.049,1.082,38.038,100.41,60.367,49.99,4637.823,-3.94,17.111,-5.412,131.951,12241.731,11.348,10.6,55.03,-6.1,15.599,-7.815,120.288,4227.757,11159.748,3.816,4.893,53.408,19.212,411.841,293.169,38208.623,0.0,0.0,0.0,308.941,27.243,1.14,1.881,8.788,0.0,4.021,815.283,7682.699,10778764.0,771.123,410.066,5.338,25.948,1.512,2.403,11.662,1081.982,0.048,595.651,0.014,0.095,0.111,3.711,10.286,0.773,28.929,0.218,0.377,1.682,59.376,156.003
BEL,Belgium,2009,,0.0,,0.0,,0.0,-6.589,-50.812,4.405,363.722,,0.212,1.525,1.525,140.441,244.117,5.777,-35.582,4.768,-18.971,34.345,476.983,3162.556,0.0,0.0,87.83,3.95,5.18,37.0,29.25,0.33,47.22,2.57,0.0,3.95,5.45,0.17,1.0,89.67,21.89,1.803,66327.363,-9.159,80.609,-58.54,580.632,53465.538,3407.019,41.262,399533047141.0,32.62,0.992,24.398,1.726,175.741,2693.387,16182.492,0.0,0.0,0.368,-20.494,0.119,-0.222,0.86,30.387,79.236,58.738,52.67,4849.937,5.857,19.391,7.728,139.679,12861.878,-2.095,-1.84,52.66,2.99,17.199,3.597,123.885,4348.093,11407.526,2.866,-10.027,51.443,-41.295,370.546,236.65,34120.49,0.0,0.0,0.0,363.722,17.892,1.438,1.572,10.36,0.0,4.405,953.969,8256.956,10859934.0,720.311,501.845,6.078,35.428,2.193,4.132,15.794,1454.352,0.19,292.799,0.06,0.325,0.435,15.654,40.101,1.115,55.393,0.363,0.931,2.613,92.082,240.606
BEL,Belgium,2010,,0.0,,0.0,,0.0,6.573,47.345,4.716,400.412,171.248,0.539,2.612,4.137,378.199,242.705,4.522,26.948,5.68,9.255,43.6,383.957,3985.884,0.0,0.0,93.42,4.38,4.2,38.39,30.84,0.31,47.94,3.35,0.0,4.38,6.54,0.56,1.29,92.87,22.54,1.862,70177.715,7.052,80.971,40.946,621.578,56823.593,3509.547,41.337,412203564605.0,33.208,10.413,25.277,18.299,194.04,2819.339,17738.811,0.0,0.0,0.334,-5.462,0.106,-0.047,0.813,28.34,74.369,58.663,54.48,4980.466,4.581,19.029,6.399,146.078,13354.178,0.589,0.55,51.621,0.906,16.284,1.122,125.007,4382.591,11427.963,3.607,3.614,50.014,13.391,383.937,306.251,35098.898,0.0,0.0,0.0,400.412,8.986,1.471,0.931,11.291,0.0,4.716,1032.204,8490.013,10938735.0,767.655,597.875,7.042,33.406,2.745,5.276,21.07,1926.215,0.603,235.28,0.19,1.025,1.46,51.194,133.482,1.389,28.923,0.439,0.756,3.369,117.93,307.962
BEL,Belgium,2011,,0.0,,0.0,,0.0,-6.664,-51.155,5.199,420.379,-1.12,0.571,-0.046,4.091,371.414,219.652,3.908,-5.852,5.729,-2.552,41.049,315.966,3727.03,0.0,0.0,91.59,4.63,3.48,32.51,25.44,0.2,48.23,3.59,0.0,4.63,8.31,1.17,2.31,89.05,19.56,1.702,65054.443,-8.989,78.954,-55.873,565.705,51363.021,2951.735,36.508,420970548087.0,28.568,-14.842,23.062,-28.8,165.24,2309.817,15002.927,0.0,0.0,0.225,-37.563,0.071,-0.306,0.508,18.159,46.117,63.492,56.54,5133.532,3.23,21.046,4.718,150.796,13691.474,2.773,2.54,54.161,-0.009,17.445,-0.011,124.997,4379.028,11349.041,4.031,-6.387,50.163,-24.522,359.416,325.953,32633.064,0.0,0.0,0.0,420.379,7.871,1.7,0.889,12.18,0.0,5.199,1105.854,8085.267,11013860.0,716.501,754.504,9.332,22.443,3.601,4.729,25.799,2342.433,1.314,107.477,0.423,1.569,3.029,106.23,275.056,2.594,77.856,0.836,2.623,5.991,209.736,543.993
BEL,Belgium,2012,,0.0,,0.0,,0.0,-4.181,-29.96,6.437,472.696,-1.212,0.589,-0.05,4.041,364.545,229.947,4.164,-5.813,5.632,-2.386,38.663,305.809,3487.725,0.0,0.0,91.35,5.24,3.39,30.62,23.57,0.36,40.29,3.66,0.0,5.24,10.5,2.15,2.75,81.41,18.72,1.63,61932.189,-2.463,80.37,-13.933,551.772,49774.858,2762.203,37.612,421100931659.0,28.952,1.307,24.383,2.16,167.4,2126.229,15101.017,0.0,0.0,0.442,81.039,0.134,0.412,0.92,32.475,82.951,62.388,50.79,4581.721,-10.628,19.63,-16.027,134.769,12157.38,10.881,9.94,49.49,-16.966,15.118,-21.207,103.79,3634.525,9362.825,4.496,-3.814,50.355,-13.707,345.709,330.165,31186.116,0.0,0.0,0.0,472.696,10.014,1.952,1.22,13.399,0.0,6.437,1208.743,7343.924,11085355.0,686.54,947.196,12.898,20.076,4.512,5.179,30.979,2794.556,2.641,82.633,0.806,2.503,5.533,193.95,499.103,3.378,18.267,1.032,1.094,7.086,248.075,639.214
BEL,Belgium,2013,,0.0,,0.0,,0.0,2.72,18.67,6.155,450.959,-1.076,0.567,-0.044,3.998,358.401,208.027,3.683,5.807,5.801,2.245,40.908,269.858,3667.527,0.0,0.0,91.36,5.03,3.01,27.37,20.8,0.38,42.64,3.56,0.0,5.03,11.71,2.64,3.66,81.72,17.0,1.674,63224.877,1.881,79.714,10.378,562.15,50398.923,2453.826,33.492,421204147844.0,25.453,-1.237,23.444,-2.07,165.33,1864.801,14822.486,0.0,0.0,0.465,5.801,0.138,0.053,0.973,34.068,87.224,66.508,54.35,4872.688,6.153,20.286,8.292,143.061,12826.004,10.552,9.64,52.178,5.192,15.482,5.389,109.179,3822.841,9788.32,4.356,2.951,50.469,10.203,355.912,319.168,31908.91,0.0,0.0,0.0,450.959,-4.777,1.809,-0.64,12.759,0.0,6.155,1143.919,7326.514,11154008.0,705.211,1049.847,14.329,9.373,4.805,2.904,33.882,3037.684,3.231,22.35,0.96,1.237,6.769,236.686,606.892,4.479,32.422,1.331,2.297,9.383,328.133,841.248
BEL,Belgium,2014,,0.0,,0.0,,0.0,-7.075,-49.891,6.217,393.005,20.109,0.733,0.804,4.801,427.893,215.957,2.946,-4.65,5.952,-1.902,39.005,186.254,3476.032,0.0,0.0,88.54,4.41,2.09,25.03,19.34,0.29,33.7,3.6,0.0,4.41,12.21,2.89,4.62,70.94,15.32,1.529,58400.029,-5.093,81.414,-28.628,533.522,47545.781,2230.594,35.283,428582866799.0,27.262,-12.52,22.07,-20.7,144.63,1723.519,12888.977,0.0,0.0,0.409,-22.781,0.115,-0.222,0.751,25.844,66.95,64.717,45.91,4091.354,-14.863,18.586,-21.263,121.798,10854.294,19.878,17.6,47.505,-21.44,13.088,-23.408,85.771,3003.237,7643.655,5.075,-1.693,53.392,-6.026,349.886,320.821,31180.772,0.0,0.0,0.0,393.005,-10.779,1.737,-1.375,11.384,0.0,6.217,1014.497,6321.948,11221225.0,655.32,1088.116,17.212,6.331,5.498,2.145,36.027,3210.639,4.074,8.507,1.121,0.576,7.345,257.548,654.574,6.513,25.175,1.792,2.362,11.746,411.72,1046.725
BEL,Belgium,2015,,0.0,,0.0,,0.0,1.412,9.253,8.074,487.246,-37.527,0.451,-1.802,3.0,265.737,245.596,3.039,0.552,5.902,0.215,39.221,183.382,3474.56,0.0,0.0,89.12,5.5,2.07,27.57,22.02,0.32,26.1,3.48,0.0,5.5,14.45,3.06,5.57,68.12,16.73,1.528,58874.679,4.743,84.088,25.305,558.827,49506.579,2442.432,40.473,434918709476.0,32.325,9.589,23.85,13.869,158.499,1950.756,14041.468,0.0,0.0,0.47,7.217,0.121,0.054,0.805,28.349,71.357,59.527,40.55,3592.332,-13.179,15.912,-16.051,105.747,9368.147,23.564,21.0,38.315,-23.011,9.936,-19.737,66.034,2312.204,5850.003,5.109,3.207,54.337,11.221,361.107,308.294,31990.551,0.0,0.0,0.0,487.246,23.638,2.118,2.691,14.075,0.0,8.074,1246.893,6034.764,11287931.0,664.573,1280.128,21.213,10.229,5.976,3.685,39.713,3518.144,4.492,5.263,1.163,0.387,7.732,271.086,684.954,8.177,20.053,2.122,2.355,14.101,493.447,1249.202
BEL,Belgium,2016,,0.0,,0.0,,0.0,7.786,51.743,6.384,472.063,68.457,0.705,2.053,5.053,445.034,187.113,0.465,-5.236,5.189,-2.054,37.167,34.348,3273.338,0.0,0.0,90.14,5.36,0.39,26.19,22.08,0.37,43.52,3.72,0.0,5.36,14.25,3.1,5.42,83.96,15.71,1.63,63087.055,1.233,78.976,6.891,565.718,49823.633,2306.593,31.193,439359028797.0,26.298,2.141,22.601,3.393,161.892,1944.619,14258.088,0.0,0.0,0.441,15.518,0.13,0.125,0.93,32.586,81.948,68.807,57.77,5087.892,42.414,21.024,44.852,150.599,13263.472,6.856,6.18,51.834,65.749,15.28,43.417,109.451,3832.873,9639.554,4.431,1.537,51.187,5.552,366.659,327.626,32292.207,0.0,0.0,0.0,472.063,-2.625,1.913,-0.369,13.705,0.0,6.384,1207.054,7394.486,11354407.0,716.316,1255.019,16.972,3.613,5.744,1.435,41.147,3623.918,3.692,0.674,1.087,0.052,7.784,273.022,685.531,6.455,-3.023,1.909,-0.426,13.675,477.348,1204.352
BEL,Belgium,2017,,,,,,,1.076,7.707,6.711,499.135,7.929,0.753,0.401,5.454,477.571,189.097,0.106,-2.285,5.016,-0.849,36.318,7.881,3180.249,,,90.95,5.7,0.09,26.9,23.02,0.27,42.23,3.79,0.0,5.7,15.8,3.31,6.52,84.93,16.06,1.617,63400.937,1.346,79.187,7.614,573.332,50205.267,2355.568,31.673,447723819152.0,27.105,1.373,22.667,2.223,164.115,2015.806,14371.164,,,0.318,-27.429,0.093,-0.255,0.675,23.643,59.13,68.327,58.03,5081.546,0.062,20.813,0.093,150.692,13195.721,6.619,6.02,49.723,-3.549,14.581,-3.884,105.567,3697.979,9244.254,4.462,1.702,51.504,6.24,372.899,331.881,32653.853,,,0.0,499.135,5.378,1.995,0.737,14.443,0.0,6.711,1264.696,7437.114,11419752.0,724.023,1383.568,18.604,9.666,6.233,3.977,45.125,3951.467,3.897,6.234,1.142,0.485,8.269,289.849,724.097,7.677,19.083,2.249,2.61,16.284,570.941,1425.973
BEL,Belgium,2018,,,,,,,-0.746,-5.399,7.359,471.165,-0.94,0.752,-0.051,5.402,470.51,221.164,0.122,-0.588,5.024,-0.213,36.104,7.838,3144.373,,,90.85,5.41,0.09,27.75,23.99,0.29,28.6,3.67,0.0,5.41,17.17,3.9,7.57,73.52,16.26,1.582,62586.042,4.568,83.426,26.187,599.519,52212.978,2416.788,37.745,454384314204.0,32.631,2.819,23.481,4.626,168.741,2089.325,14695.914,,,0.394,15.389,0.108,0.104,0.779,25.257,67.859,62.255,45.77,3986.177,-20.961,16.574,-31.586,119.106,10373.115,19.075,17.33,38.901,-32.674,9.89,-34.493,71.074,2490.816,6189.981,4.992,5.839,54.921,21.775,394.673,319.626,34372.69,,,0.0,471.165,-5.854,1.892,-0.845,13.597,0.0,7.359,1184.185,6402.965,11482180.0,718.624,1495.361,23.354,6.442,6.684,2.907,48.032,4183.134,5.305,17.308,1.35,1.431,9.7,339.657,844.805,10.297,13.93,2.582,2.268,18.553,659.282,1615.776
BEL,Belgium,2019,,,,,,,3.106,22.318,5.59,447.166,0.324,0.731,0.017,5.42,469.694,186.241,0.098,0.148,4.88,0.053,36.158,7.799,3133.438,,,90.45,5.16,0.09,29.32,25.54,0.3,43.52,3.69,0.0,5.16,19.46,4.25,9.75,92.3,17.19,,64210.141,-3.352,78.201,-20.095,579.424,50212.968,2540.876,31.766,,27.671,3.019,23.461,5.094,173.835,2213.301,15064.583,,,0.325,-4.023,0.101,-0.031,0.748,25.998,64.806,68.234,62.98,5457.858,35.609,21.799,42.413,161.519,13997.225,-2.045,-1.85,47.151,51.635,14.546,36.699,107.774,3771.451,9339.709,3.998,-6.396,49.86,-25.243,369.431,319.776,32014.947,,,0.0,447.166,-4.556,1.752,-0.619,12.978,0.0,5.59,1124.642,7998.734,11539326.0,740.942,1686.407,21.083,11.894,7.254,5.713,53.745,4657.516,4.605,8.415,1.419,0.816,10.516,368.306,911.362,10.563,29.808,3.25,5.53,24.083,844.937,2087.012
BEL,Belgium,2020,,,,,,,-17.866,-132.375,6.0,454.717,23.956,1.104,1.298,6.718,579.686,198.201,0.091,-17.36,4.91,-6.277,29.881,6.903,2578.222,,,87.51,5.27,0.08,30.0,26.78,0.27,34.43,3.14,0.0,5.27,23.41,5.11,12.76,87.84,17.41,,52509.636,-20.884,75.327,-121.008,458.416,39554.042,2588.524,34.153,,30.487,-2.217,27.932,-3.853,169.982,2310.689,14666.744,,,0.307,-6.99,0.114,-0.052,0.696,23.297,60.015,65.847,57.84,4990.674,-7.038,24.673,-11.368,150.151,12955.637,-0.377,-0.33,39.196,-21.354,13.928,-23.014,84.76,2970.763,7313.429,3.575,-30.013,42.486,-110.877,258.553,270.932,22309.075,,,0.0,454.717,1.358,2.161,0.176,13.154,0.0,6.0,1134.969,7579.198,11589616.0,608.567,2019.912,26.651,21.67,10.745,11.646,65.391,5642.208,5.817,20.521,2.083,2.158,12.675,440.912,1093.612,14.526,33.493,5.283,8.066,32.149,1100.986,2773.926
BEL,Belgium,2021,,,,,,,,,5.155,436.714,,,,,,156.063,0.081,,,,,6.877,,,,90.74,5.08,0.08,25.49,22.16,0.34,49.57,3.25,0.0,5.08,23.49,5.51,12.56,98.55,15.38,,,,,,,,2191.306,25.865,,22.486,,,,,1905.035,,,,0.345,,,,,29.229,,74.135,73.06,6280.769,,,,,,-8.607,-7.81,50.299,,,,,4261.398,,3.298,,,,,279.394,,,,0.0,436.714,,,,,0.0,5.155,,8472.074,11632334.0,,2019.371,23.836,,,,,,5.591,,,,,473.68,,12.745,,,,,1079.749,
