iso_code,country,year,coal_prod_change_pct,coal_prod_change_twh,gas_prod_change_pct,gas_prod_change_twh,oil_prod_change_pct,oil_prod_change_twh,energy_cons_change_pct,energy_cons_change_twh,biofuel_share_elec,biofuel_elec_per_capita,biofuel_cons_change_pct,biofuel_share_energy,biofuel_cons_change_twh,biofuel_consumption,biofuel_cons_per_capita,carbon_intensity_elec,coal_share_elec,coal_cons_change_pct,coal_share_energy,coal_cons_change_twh,coal_consumption,coal_elec_per_capita,coal_cons_per_capita,coal_production,coal_prod_per_capita,electricity_demand,biofuel_electricity,coal_electricity,fossil_electricity,gas_electricity,hydro_electricity,nuclear_electricity,oil_electricity,other_renewable_exc_biofuel_electricity,other_renewable_electricity,renewables_electricity,solar_electricity,wind_electricity,electricity_generation,greenhouse_gas_emissions,energy_per_gdp,energy_per_capita,fossil_cons_change_pct,fossil_share_energy,fossil_cons_change_twh,fossil_fuel_consumption,fossil_energy_per_capita,fossil_cons_per_capita,fossil_share_elec,gdp,gas_share_elec,gas_cons_change_pct,gas_share_energy,gas_cons_change_twh,gas_consumption,gas_elec_per_capita,gas_energy_per_capita,gas_production,gas_prod_per_capita,hydro_share_elec,hydro_cons_change_pct,hydro_share_energy,hydro_cons_change_twh,hydro_consumption,hydro_elec_per_capita,hydro_energy_per_capita,low_carbon_share_elec,low_carbon_electricity,low_carbon_elec_per_capita,low_carbon_cons_change_pct,low_carbon_share_energy,low_carbon_cons_change_twh,low_carbon_consumption,low_carbon_energy_per_capita,net_elec_imports_share_demand,net_elec_imports,nuclear_share_elec,nuclear_cons_change_pct,nuclear_share_energy,nuclear_cons_change_twh,nuclear_consumption,nuclear_elec_per_capita,nuclear_energy_per_capita,oil_share_elec,oil_cons_change_pct,oil_share_energy,oil_cons_change_twh,oil_consumption,oil_elec_per_capita,oil_energy_per_capita,oil_production,oil_prod_per_capita,other_renewables_elec_per_capita_exc_biofuel,other_renewables_elec_per_capita,other_renewables_cons_change_pct,other_renewables_share_energy,other_renewables_cons_change_twh,other_renewable_consumption,other_renewables_share_elec_exc_biofuel,other_renewables_share_elec,other_renewables_energy_per_capita,per_capita_electricity,population,primary_energy_consumption,renewables_elec_per_capita,renewables_share_elec,renewables_cons_change_pct,renewables_share_energy,renewables_cons_change_twh,renewables_consumption,renewables_energy_per_capita,solar_share_elec,solar_cons_change_pct,solar_share_energy,solar_cons_change_twh,solar_consumption,solar_elec_per_capita,solar_energy_per_capita,wind_share_elec,wind_cons_change_pct,wind_share_energy,wind_cons_change_twh,wind_consumption,wind_elec_per_capita,wind_energy_per_capita
BLZ,Belize,1980,,,,,,,,,,,,,,,,,,,,,,,,0.0,0.0,,,,,,,,,,,,,,,,,7303.616,,,,,,,,,,,,,,,,,,,,,,,,,,,,,,,,,,,,,,,,,,,,,,,,,,,,,,,,,,,,,144142.0,1.053,,,,,,,,,,,,,,,,,,,,,
BLZ,Belize,1981,,0.0,,,,,-5.681,-0.06,,,,,,,,,,,,,,,,0.0,0.0,,,,,,,,,,,,,,,,,6728.571,,,,,,,,,,,,,,,,,,,,,,,,,,,,,,,,,,,,,,,,,,,,,,,,,,,,,,,,,,,,,147572.0,0.993,,,,,,,,,,,,,,,,,,,,,
BLZ,Belize,1982,,0.0,,,,,-5.843,-0.058,,,,,,,,,,,,,,,,0.0,0.0,,,,,,,,,,,,,,,,,6171.746,,,,,,,,,,,,,,,,,,,,,,,,,,,,,,,,,,,,,,,,,,,,,,,,,,,,,,,,,,,,,151486.0,0.935,,,,,,,,,,,,,,,,,,,,,
BLZ,Belize,1983,,0.0,,,,,0.083,0.001,,,,,,,,,,,,,,,,0.0,0.0,,,,,,,,,,,,,,,,,6005.051,,,,,,,,,,,,,,,,,,,,,,,,,,,,,,,,,,,,,,,,,,,,,,,,,,,,,,,,,,,,,155820.0,0.936,,,,,,,,,,,,,,,,,,,,,
BLZ,Belize,1984,,0.0,,,,,6.356,0.059,,,,,,,,,,,,,,,,0.0,0.0,,,,,,,,,,,,,,,,,6206.653,,,,,,,,,,,,,,,,,,,,,,,,,,,,,,,,,,,,,,,,,,,,,,,,,,,,,,,,,,,,,160341.0,0.995,,,,,,,,,,,,,,,,,,,,,
BLZ,Belize,1985,,0.0,,,,,-0.231,-0.002,,,,,,,,,,,,,,,,0.0,0.0,,,,,,,,,,,,,,,,,6020.437,,,,,,,,,,,,,,,,,,,,,,,,,,,,,,,,,,,,,,,,,,,,,,,,,,,,,,,,,,,,,164918.0,0.993,,,,,,,,,,,,,,,,,,,,,
BLZ,Belize,1986,,0.0,,,,,21.737,0.216,,,,,,,,,,,,,,,,0.0,0.0,,,,,,,,,,,,,,,,,7128.068,,,,,,,,,,,,,,,,,,,,,,,,,,,,,,,,,,,,,,,,,,,,,,,,,,,,,,,,,,,,,169569.0,1.209,,,,,,,,,,,,,,,,,,,,,
BLZ,Belize,1987,,0.0,,,,,-18.156,-0.219,,,,,,,,,,,,,,,,0.0,0.0,,,,,,,,,,,,,,,,,5674.448,,,,,,,,,,,,,,,,,,,,,,,,,,,,,,,,,,,,,,,,,,,,,,,,,,,,,,,,,,,,,174333.0,0.989,,,,,,,,,,,,,,,,,,,,,
BLZ,Belize,1988,,0.0,,,,,-23.454,-0.232,,,,,,,,,,,,,,,,0.0,0.0,,,,,,,,,,,,,,,,,4229.757,,,,,,,,,,,,,,,,,,,,,,,,,,,,,,,,,,,,,,,,,,,,,,,,,,,,,,,,,,,,,179023.0,0.757,,,,,,,,,,,,,,,,,,,,,
BLZ,Belize,1989,,0.0,,,,,43.867,0.332,,,,,,,,,,,,,,,,0.0,0.0,,,,,,,,,,,,,,,,,5937.687,,,,,,,,,,,,,,,,,,,,,,,,,,,,,,,,,,,,,,,,,,,,,,,,,,,,,,,,,,,,,183471.0,1.089,,,,,,,,,,,,,,,,,,,,,
BLZ,Belize,1990,,0.0,,,,,31.562,0.344,,,,,,,,,,,,,,,,0.0,0.0,,,,,,,,,,,,,,,,,7641.69,,,,,,,,,,,,,,,,,,,,,,,,,,,,,,,,,,,,,,,,,,,,,,,,,,,,,,,,,,,,,187554.0,1.433,,,,,,,,,,,,,,,,,,,,,
BLZ,Belize,1991,,0.0,,,,,13.291,0.19,,,,,,,,,,,,,,,,0.0,0.0,,,,,,,,,,,,,,,,,8495.078,,,,,,,,,,,,,,,,,,,,,,,,,,,,,,,,,,,,,,,,,,,,,,,,,,,,,,,,,,,,,191136.0,1.624,,,,,,,,,,,,,,,,,,,,,
BLZ,Belize,1992,,0.0,,,,,-16.178,-0.263,,,,,,,,,,,,,,,,0.0,0.0,,,,,,,,,,,,,,,,,7003.956,,,,,,,,,,,,,,,,,,,,,,,,,,,,,,,,,,,,,,,,,,,,,,,,,,,,,,,,,,,,,194324.0,1.361,,,,,,,,,,,,,,,,,,,,,
BLZ,Belize,1993,,0.0,,,,,-0.259,-0.004,,,,,,,,,,,,,,,,0.0,0.0,,,,,,,,,,,,,,,,,6869.154,,,,,,,,,,,,,,,,,,,,,,,,,,,,,,,,,,,,,,,,,,,,,,,,,,,,,,,,,,,,,197625.0,1.358,,,,,,,,,,,,,,,,,,,,,
BLZ,Belize,1994,,0.0,,,,,-4.584,-0.062,,,,,,,,,,,,,,,,0.0,0.0,,,,,,,,,,,,,,,,,6422.523,,,,,,,,,,,,,,,,,,,,,,,,,,,,,,,,,,,,,,,,,,,,,,,,,,,,,,,,,,,,,201679.0,1.295,,,,,,,,,,,,,,,,,,,,,
BLZ,Belize,1995,,0.0,,,,,23.672,0.307,,,,,,,,,,,,,,,,0.0,0.0,,,,,,,,,,,,,,,,,7740.137,,,,,,,,,,,,,,,,,,,,,,,,,,,,,,,,,,,,,,,,,,,,,,,,,,,,,,,,,,,,,206962.0,1.602,,,,,,,,,,,,,,,,,,,,,
BLZ,Belize,1996,,0.0,,,,,-10.682,-0.171,,,,,,,,,,,,,,,,0.0,0.0,,,,,,,,,,,,,,,,,6696.646,,,,,,,,,,,,,,,,,,,,,,,,,,,,,,,,,,,,,,,,,,,,,,,,,,,,,,,,,,,,,213660.0,1.431,,,,,,,,,,,,,,,,,,,,,
BLZ,Belize,1997,,0.0,,,,,54.462,0.779,,,,,,,,,,,,,,,,0.0,0.0,,,,,,,,,,,,,,,,,9974.307,,,,,,,,,,,,,,,,,,,,,,,,,,,,,,,,,,,,,,,,,,,,,,,,,,,,,,,,,,,,,221575.0,2.21,,,,,,,,,,,,,,,,,,,,,
BLZ,Belize,1998,,0.0,,,,,-1.656,-0.037,,,,,,,,,,,,,,,,0.0,0.0,,,,,,,,,,,,,,,,,9439.615,,,,,,,,,,,,,,,,,,,,,,,,,,,,,,,,,,,,,,,,,,,,,,,,,,,,,,,,,,,,,230248.0,2.173,,,,,,,,,,,,,,,,,,,,,
BLZ,Belize,1999,,0.0,,,,,4.006,0.087,,,,,,,,,,,,,,,,0.0,0.0,,,,,,,,,,,,,,,,,9459.043,,,,,,,,,,,,,,,,,,,,,,,,,,,,,,,,,,,,,,,,,,,,,,,,,,,,,,,,,,,,,238979.0,2.261,,,,,,,,,,,,,,,,,,,,,
BLZ,Belize,2000,,0.0,,,,,6.77,0.153,11.111,80.87,,,,,,277.778,0.0,,,,,0.0,,0.0,0.0,0.18,0.02,0.0,0.07,0.0,0.09,0.0,0.07,0.0,0.02,0.11,0.0,0.0,0.18,0.05,,9759.242,,,,,,283.046,38.889,,0.0,,,,,0.0,,,,50.0,,,,,363.916,,61.111,0.11,444.786,,,,,,0.0,0.0,0.0,,,,,0.0,,38.889,,,,,283.046,,,,0.0,80.87,,,,,0.0,11.111,,727.831,247310.0,2.414,444.786,61.111,,,,,,0.0,,,,,0.0,,0.0,,,,,0.0,
BLZ,Belize,2001,,0.0,,,,,10.076,0.243,7.143,39.205,,,,,,214.286,0.0,,,,,0.0,,0.0,0.0,0.3,0.01,0.0,0.04,0.0,0.09,0.0,0.04,0.0,0.01,0.1,0.0,0.0,0.14,0.03,,10415.86,,,,,,156.821,28.571,,0.0,,,,,0.0,,,,64.286,,,,,352.847,,71.429,0.1,392.052,,,,,,53.333,0.16,0.0,,,,,0.0,,28.571,,,,,156.821,,,,0.0,39.205,,,,,0.0,7.143,,548.873,255068.0,2.657,392.052,71.429,,,,,,0.0,,,,,0.0,,0.0,,,,,0.0,
BLZ,Belize,2002,,0.0,,,,,-3.229,-0.086,12.5,76.223,,,,,,250.0,0.0,,,,,0.0,,0.0,0.0,0.34,0.02,0.0,0.05,0.0,0.09,0.0,0.05,0.0,0.02,0.11,0.0,0.0,0.16,0.04,,9798.364,,,,,,190.558,31.25,,0.0,,,,,0.0,,,,56.25,,,,,343.005,,68.75,0.11,419.228,,,,,,52.941,0.18,0.0,,,,,0.0,,31.25,,,,,190.558,,,,0.0,76.223,,,,,0.0,12.5,,609.786,262387.0,2.571,419.228,68.75,,,,,,0.0,,,,,0.0,,0.0,,,,,0.0,
BLZ,Belize,2003,,0.0,,,,,-1.894,-0.049,5.882,37.116,,,,,,411.765,0.0,,,,,0.0,,0.0,0.0,0.36,0.01,0.0,0.1,0.0,0.06,0.0,0.1,0.0,0.01,0.07,0.0,0.0,0.17,0.07,,9361.549,,,,,,371.157,58.824,,0.0,,,,,0.0,,,,35.294,,,,,222.694,,41.176,0.07,259.81,,,,,,52.778,0.19,0.0,,,,,0.0,,58.824,,,,,371.157,,,,0.0,37.116,,,,,0.0,5.882,,630.966,269428.0,2.522,259.81,41.176,,,,,,0.0,,,,,0.0,,0.0,,,,,0.0,
BLZ,Belize,2004,,0.0,,,,,-3.655,-0.092,6.25,36.164,,,,,,375.0,0.0,,,,,0.0,,0.0,0.0,0.4,0.01,0.0,0.09,0.0,0.06,0.0,0.09,0.0,0.01,0.07,0.0,0.0,0.16,0.06,,8788.188,,,,,,325.478,56.25,,0.0,,,,,0.0,,,,37.5,,,,,216.986,,43.75,0.07,253.15,,,,,,60.0,0.24,0.0,,,,,0.0,,56.25,,,,,325.478,,,,0.0,36.164,,,,,0.0,6.25,,578.628,276516.0,2.43,253.15,43.75,,,,,,0.0,,,,,0.0,,0.0,,,,,0.0,
BLZ,Belize,2005,,0.0,,,,,7.077,0.172,5.882,35.236,,,,,,352.941,0.0,,,,,0.0,,0.0,0.0,0.42,0.01,0.0,0.09,0.0,0.07,0.0,0.09,0.0,0.01,0.08,0.0,0.0,0.17,0.06,,9168.685,,,,,,317.127,52.941,,0.0,,,,,0.0,,,,41.176,,,,,246.654,,47.059,0.08,281.891,,,,,,59.524,0.25,0.0,,,,,0.0,,52.941,,,,,317.127,,,,0.0,35.236,,,,,0.0,5.882,,599.018,283798.0,2.602,281.891,47.059,,,,,,0.0,,,,,0.0,,0.0,,,,,0.0,
BLZ,Belize,2006,,0.0,,,,,15.042,0.391,4.348,34.324,,,,,,130.435,0.0,,,,,0.0,,0.0,0.0,0.44,0.01,0.0,0.04,0.0,0.18,0.0,0.04,0.0,0.01,0.19,0.0,0.0,0.23,0.03,,10274.835,,,,,,137.298,17.391,,0.0,,,,,0.0,,,,78.261,,,,,617.839,,82.609,0.19,652.163,,,,,,47.727,0.21,0.0,,,,,0.0,,17.391,,,,,137.298,,,,0.0,34.324,,,,,0.0,4.348,,789.461,291338.0,2.993,652.163,82.609,,,,,,0.0,,,,,0.0,,0.0,,,,,0.0,
BLZ,Belize,2007,,0.0,,,,,-5.646,-0.169,4.167,33.441,,,,,,166.667,0.0,,,,,0.0,,0.0,0.0,0.46,0.01,0.0,0.05,0.0,0.18,0.0,0.05,0.0,0.01,0.19,0.0,0.0,0.24,0.04,,9445.329,,,,,,167.207,20.833,,0.0,,,,,0.0,,,,75.0,,,,,601.944,,79.167,0.19,635.386,,,,,,47.826,0.22,0.0,,,,,0.0,,20.833,,,,,167.207,,,,0.0,33.441,,,,,0.0,4.167,,802.592,299031.0,2.824,635.386,79.167,,,,,,0.0,,,,,0.0,,0.0,,,,,0.0,
BLZ,Belize,2008,,0.0,,,,,-3.288,-0.093,0.0,0.0,,,,,,45.455,0.0,,,,,0.0,,0.0,0.0,0.47,0.0,0.0,0.02,0.0,0.2,0.0,0.02,0.0,0.0,0.2,0.0,0.0,0.22,0.01,,8902.772,,,,,,65.184,9.091,,0.0,,,,,0.0,,,,90.909,,,,,651.844,,90.909,0.2,651.844,,,,,,53.191,0.25,0.0,,,,,0.0,,9.091,,,,,65.184,,,,0.0,0.0,,,,,0.0,0.0,,717.028,306822.0,2.732,651.844,90.909,,,,,,0.0,,,,,0.0,,0.0,,,,,0.0,
BLZ,Belize,2009,,0.0,,,,,4.218,0.115,8.0,63.562,,,,,,120.0,0.0,,,,,0.0,,0.0,0.0,0.47,0.02,0.0,0.04,0.0,0.19,0.0,0.04,0.0,0.02,0.21,0.0,0.0,0.25,0.03,,9047.294,,,,,,127.123,16.0,,0.0,,,,,0.0,,,,76.0,,,,,603.836,,84.0,0.21,667.398,,,,,,46.809,0.22,0.0,,,,,0.0,,16.0,,,,,127.123,,,,0.0,63.562,,,,,0.0,8.0,,794.521,314655.0,2.847,667.398,84.0,,,,,,0.0,,,,,0.0,,0.0,,,,,0.0,
BLZ,Belize,2010,,0.0,,,,,18.726,0.533,14.286,217.078,,,,,,285.714,0.0,,,,,0.0,,0.0,0.0,0.65,0.07,0.0,0.16,0.0,0.26,0.0,0.16,0.0,0.07,0.33,0.0,0.0,0.49,0.14,,10481.323,,,,,,496.178,32.653,,0.0,,,,,0.0,,,,53.061,,,,,806.289,,67.347,0.33,1023.367,,,,,,24.615,0.16,0.0,,,,,0.0,,32.653,,,,,496.178,,,,0.0,217.078,,,,,0.0,14.286,,1519.545,322465.0,3.38,1023.367,67.347,,,,,,0.0,,,,,0.0,,0.0,,,,,0.0,
BLZ,Belize,2011,,0.0,,,,,-12.768,-0.432,11.905,151.407,,,,,,238.095,0.0,,,,,0.0,,0.0,0.0,0.59,0.05,0.0,0.12,0.0,0.25,0.0,0.12,0.0,0.05,0.3,0.0,0.0,0.42,0.1,,8927.945,,,,,,363.376,28.571,,0.0,,,,,0.0,,,,59.524,,,,,757.034,,71.429,0.3,908.441,,,,,,28.814,0.17,0.0,,,,,0.0,,28.571,,,,,363.376,,,,0.0,151.407,,,,,0.0,11.905,,1271.818,330236.0,2.948,908.441,71.429,,,,,,0.0,,,,,0.0,,0.0,,,,,0.0,
BLZ,Belize,2012,,0.0,,,,,3.888,0.115,17.021,236.686,,,,,,340.426,0.0,,,,,0.0,,0.0,0.0,0.71,0.08,0.0,0.18,0.0,0.21,0.0,0.18,0.0,0.08,0.29,0.0,0.0,0.47,0.16,,9062.021,,,,,,532.543,38.298,,0.0,,,,,0.0,,,,44.681,,,,,621.3,,61.702,0.29,857.986,,,,,,33.803,0.24,0.0,,,,,0.0,,38.298,,,,,532.543,,,,0.0,236.686,,,,,0.0,17.021,,1390.528,338001.0,3.063,857.986,61.702,,,,,,0.0,,,,,0.0,,0.0,,,,,0.0,
BLZ,Belize,2013,,0.0,,,,,8.972,0.275,13.333,173.557,,,,,,244.444,0.0,,,,,0.0,,0.0,0.0,0.68,0.06,0.0,0.13,0.0,0.26,0.0,0.13,0.0,0.06,0.32,0.0,0.0,0.45,0.11,,9654.958,,,,,,376.041,28.889,,0.0,,,,,0.0,,,,57.778,,,,,752.082,,71.111,0.32,925.639,,,,,,33.824,0.23,0.0,,,,,0.0,,28.889,,,,,376.041,,,,0.0,173.557,,,,,0.0,13.333,,1301.68,345707.0,3.338,925.639,71.111,,,,,,0.0,,,,,0.0,,0.0,,,,,0.0,
BLZ,Belize,2014,,0.0,,,,,-0.545,-0.018,15.686,226.394,,,,,,294.118,0.0,,,,,0.0,,0.0,0.0,0.74,0.08,0.0,0.17,0.0,0.26,0.0,0.17,0.0,0.08,0.34,0.0,0.0,0.51,0.15,,9394.184,,,,,,481.088,33.333,,0.0,,,,,0.0,,,,50.98,,,,,735.781,,66.667,0.34,962.175,,,,,,31.081,0.23,0.0,,,,,0.0,,33.333,,,,,481.088,,,,0.0,226.394,,,,,0.0,15.686,,1443.263,353366.0,3.32,962.175,66.667,,,,,,0.0,,,,,0.0,,0.0,,,,,0.0,
BLZ,Belize,2015,,0.0,,,,,10.556,0.35,16.667,249.359,,,,,,333.333,0.0,,,,,0.0,,0.0,0.0,0.79,0.09,0.0,0.21,0.0,0.24,0.0,0.21,0.0,0.09,0.33,0.0,0.0,0.54,0.18,,10168.303,,,,,,581.837,38.889,,0.0,,,,,0.0,,,,44.444,,,,,664.956,,61.111,0.33,914.315,,,,,,31.646,0.25,0.0,,,,,0.0,,38.889,,,,,581.837,,,,0.0,249.359,,,,,0.0,16.667,,1496.152,360926.0,3.67,914.315,61.111,,,,,,0.0,,,,,0.0,,0.0,,,,,0.0,
BLZ,Belize,2016,,0.0,,,,,0.117,0.004,20.755,298.589,,,,,,283.019,0.0,,,,,0.0,,0.0,0.0,0.77,0.11,0.0,0.16,0.0,0.26,0.0,0.16,0.0,0.11,0.37,0.0,0.0,0.53,0.15,,9973.711,,,,,,434.312,30.189,,0.0,,,,,0.0,,,,49.057,,,,,705.757,,69.811,0.37,1004.346,,,,,,31.169,0.24,0.0,,,,,0.0,,30.189,,,,,434.312,,,,0.0,298.589,,,,,0.0,20.755,,1438.658,368399.0,3.674,1004.346,69.811,,,,,,0.0,,,,,0.0,,0.0,,,,,0.0,
BLZ,Belize,2017,,,,,,,11.126,0.409,29.333,585.457,,,,,,320.0,0.0,,,,,0.0,,,,0.98,0.22,0.0,0.26,0.0,0.27,0.0,0.26,0.0,0.22,0.49,0.0,0.0,0.75,0.24,,10865.846,,,,,,691.903,34.667,,0.0,,,,,0.0,,,,36.0,,,,,718.515,,65.333,0.49,1303.972,,,,,,23.469,0.23,0.0,,,,,0.0,,34.667,,,,,691.903,,,,0.0,585.457,,,,,0.0,29.333,,1995.875,375775.0,4.083,1303.972,65.333,,,,,,0.0,,,,,0.0,,0.0,,,,,0.0,
BLZ,Belize,2018,,,,,,,-10.673,-0.436,31.646,652.621,,,,,,341.772,0.0,,,,,0.0,,,,1.02,0.25,0.0,0.29,0.0,0.25,0.0,0.29,0.0,0.25,0.5,0.0,0.0,0.79,0.27,,9521.252,,,,,,757.04,36.709,,0.0,,,,,0.0,,,,31.646,,,,,652.621,,63.291,0.5,1305.241,,,,,,22.549,0.23,0.0,,,,,0.0,,36.709,,,,,757.04,,,,0.0,652.621,,,,,0.0,31.646,,2062.281,383071.0,3.647,1305.241,63.291,,,,,,0.0,,,,,0.0,,0.0,,,,,0.0,
BLZ,Belize,2019,,,,,,,-1.036,-0.038,20.238,435.505,,,,,,369.048,0.0,,,,,0.0,,,,1.08,0.17,0.0,0.37,0.0,0.3,0.0,0.37,0.0,0.17,0.47,0.0,0.0,0.84,0.31,,9246.844,,,,,,947.865,44.048,,0.0,,,,,0.0,,,,35.714,,,,,768.539,,55.952,0.47,1204.045,,,,,,22.222,0.24,0.0,,,,,0.0,,44.048,,,,,947.865,,,,0.0,435.505,,,,,0.0,20.238,,2151.909,390351.0,3.61,1204.045,55.952,,,,,,0.0,,,,,0.0,,0.0,,,,,0.0,
BLZ,Belize,2020,,,,,,,,,27.419,427.543,,,,,,483.871,0.0,,,,,0.0,,,,0.86,0.17,0.0,0.37,0.0,0.08,0.0,0.37,0.0,0.17,0.25,0.0,0.0,0.62,0.3,,,,,,,,930.534,59.677,,0.0,,,,,0.0,,,,12.903,,,,,201.197,,40.323,0.25,628.739,,,,,,27.907,0.24,0.0,,,,,0.0,,59.677,,,,,930.534,,,,0.0,427.543,,,,,0.0,27.419,,1559.274,397621.0,,628.739,40.323,,,,,,0.0,,,,,0.0,,0.0,,,,,0.0,
