iso_code,country,year,coal_prod_change_pct,coal_prod_change_twh,gas_prod_change_pct,gas_prod_change_twh,oil_prod_change_pct,oil_prod_change_twh,energy_cons_change_pct,energy_cons_change_twh,biofuel_share_elec,biofuel_elec_per_capita,biofuel_cons_change_pct,biofuel_share_energy,biofuel_cons_change_twh,biofuel_consumption,biofuel_cons_per_capita,carbon_intensity_elec,coal_share_elec,coal_cons_change_pct,coal_share_energy,coal_cons_change_twh,coal_consumption,coal_elec_per_capita,coal_cons_per_capita,coal_production,coal_prod_per_capita,electricity_demand,biofuel_electricity,coal_electricity,fossil_electricity,gas_electricity,hydro_electricity,nuclear_electricity,oil_electricity,other_renewable_exc_biofuel_electricity,other_renewable_electricity,renewables_electricity,solar_electricity,wind_electricity,electricity_generation,greenhouse_gas_emissions,energy_per_gdp,energy_per_capita,fossil_cons_change_pct,fossil_share_energy,fossil_cons_change_twh,fossil_fuel_consumption,fossil_energy_per_capita,fossil_cons_per_capita,fossil_share_elec,gdp,gas_share_elec,gas_cons_change_pct,gas_share_energy,gas_cons_change_twh,gas_consumption,gas_elec_per_capita,gas_energy_per_capita,gas_production,gas_prod_per_capita,hydro_share_elec,hydro_cons_change_pct,hydro_share_energy,hydro_cons_change_twh,hydro_consumption,hydro_elec_per_capita,hydro_energy_per_capita,low_carbon_share_elec,low_carbon_electricity,low_carbon_elec_per_capita,low_carbon_cons_change_pct,low_carbon_share_energy,low_carbon_cons_change_twh,low_carbon_consumption,low_carbon_energy_per_capita,net_elec_imports_share_demand,net_elec_imports,nuclear_share_elec,nuclear_cons_change_pct,nuclear_share_energy,nuclear_cons_change_twh,nuclear_consumption,nuclear_elec_per_capita,nuclear_energy_per_capita,oil_share_elec,oil_cons_change_pct,oil_share_energy,oil_cons_change_twh,oil_consumption,oil_elec_per_capita,oil_energy_per_capita,oil_production,oil_prod_per_capita,other_renewables_elec_per_capita_exc_biofuel,other_renewables_elec_per_capita,other_renewables_cons_change_pct,other_renewables_share_energy,other_renewables_cons_change_twh,other_renewable_consumption,other_renewables_share_elec_exc_biofuel,other_renewables_share_elec,other_renewables_energy_per_capita,per_capita_electricity,population,primary_energy_consumption,renewables_elec_per_capita,renewables_share_elec,renewables_cons_change_pct,renewables_share_energy,renewables_cons_change_twh,renewables_consumption,renewables_energy_per_capita,solar_share_elec,solar_cons_change_pct,solar_share_energy,solar_cons_change_twh,solar_consumption,solar_elec_per_capita,solar_energy_per_capita,wind_share_elec,wind_cons_change_pct,wind_share_energy,wind_cons_change_twh,wind_consumption,wind_elec_per_capita,wind_energy_per_capita
BRA,Brazil,1900,,,,,,,,,,,,,,,,,,,,,,,,0.0,0.0,,,,,,,,,,,,,,,,,,,,,,,,,15718016000.0,,,,,,,,0.0,0.0,,,,,,,,,,,,,,,,,,,,,,,,,,,,,,,,0.0,0.0,,,,,,,,,,,18063384.0,,,,,,,,,,,,,,,,,,,,,,
BRA,Brazil,1901,,0.0,,0.0,,0.0,,,,,,,,,,,,,,,,,,0.0,0.0,,,,,,,,,,,,,,,,,,,,,,,,,17288480000.0,,,,,,,,0.0,0.0,,,,,,,,,,,,,,,,,,,,,,,,,,,,,,,,0.0,0.0,,,,,,,,,,,18469004.0,,,,,,,,,,,,,,,,,,,,,,
BRA,Brazil,1902,,0.0,,0.0,,0.0,,,,,,,,,,,,,,,,,,0.0,0.0,,,,,,,,,,,,,,,,,,,,,,,,,17298222000.0,,,,,,,,0.0,0.0,,,,,,,,,,,,,,,,,,,,,,,,,,,,,,,,0.0,0.0,,,,,,,,,,,18874521.0,,,,,,,,,,,,,,,,,,,,,,
BRA,Brazil,1903,,0.0,,0.0,,0.0,,,,,,,,,,,,,,,,,,0.0,0.0,,,,,,,,,,,,,,,,,,,,,,,,,17645600000.0,,,,,,,,0.0,0.0,,,,,,,,,,,,,,,,,,,,,,,,,,,,,,,,0.0,0.0,,,,,,,,,,,19279718.0,,,,,,,,,,,,,,,,,,,,,,
BRA,Brazil,1904,,0.0,,0.0,,0.0,,,,,,,,,,,,,,,,,,0.0,0.0,,,,,,,,,,,,,,,,,,,,,,,,,17980866000.0,,,,,,,,0.0,0.0,,,,,,,,,,,,,,,,,,,,,,,,,,,,,,,,0.0,0.0,,,,,,,,,,,19693613.0,,,,,,,,,,,,,,,,,,,,,,
BRA,Brazil,1905,,0.0,,0.0,,0.0,,,,,,,,,,,,,,,,,,0.0,0.0,,,,,,,,,,,,,,,,,,,,,,,,,18502775000.0,,,,,,,,0.0,0.0,,,,,,,,,,,,,,,,,,,,,,,,,,,,,,,,0.0,0.0,,,,,,,,,,,20116394.0,,,,,,,,,,,,,,,,,,,,,,
BRA,Brazil,1906,,0.0,,0.0,,0.0,,,,,,,,,,,,,,,,,,0.0,0.0,,,,,,,,,,,,,,,,,,,,,,,,,20284011000.0,,,,,,,,0.0,0.0,,,,,,,,,,,,,,,,,,,,,,,,,,,,,,,,0.0,0.0,,,,,,,,,,,20548251.0,,,,,,,,,,,,,,,,,,,,,,
BRA,Brazil,1907,,0.0,,0.0,,0.0,,,,,,,,,,,,,,,,,,0.0,0.0,,,,,,,,,,,,,,,,,,,,,,,,,20275920000.0,,,,,,,,0.0,0.0,,,,,,,,,,,,,,,,,,,,,,,,,,,,,,,,0.0,0.0,,,,,,,,,,,20989379.0,,,,,,,,,,,,,,,,,,,,,,
BRA,Brazil,1908,,0.0,,0.0,,0.0,,,,,,,,,,,,,,,,,,0.0,0.0,,,,,,,,,,,,,,,,,,,,,,,,,20131335000.0,,,,,,,,0.0,0.0,,,,,,,,,,,,,,,,,,,,,,,,,,,,,,,,0.0,0.0,,,,,,,,,,,21439977.0,,,,,,,,,,,,,,,,,,,,,,
BRA,Brazil,1909,,0.094,,0.0,,0.0,,,,,,,,,,,,,,,,,,0.094,4.285,,,,,,,,,,,,,,,,,,,,,,,,,21732246000.0,,,,,,,,0.0,0.0,,,,,,,,,,,,,,,,,,,,,,,,,,,,,,,,0.0,0.0,,,,,,,,,,,21899583.0,,,,,,,,,,,,,,,,,,,,,,
BRA,Brazil,1910,-100.0,-0.094,,0.0,,0.0,,,,,,,,,,,,,,,,,,0.0,0.0,,,,,,,,,,,,,,,,,,,,,,,,,21993840000.0,,,,,,,,0.0,0.0,,,,,,,,,,,,,,,,,,,,,,,,,,,,,,,,0.0,0.0,,,,,,,,,,,22368378.0,,,,,,,,,,,,,,,,,,,,,,
BRA,Brazil,1911,,0.0,,0.0,,0.0,,,,,,,,,,,,,,,,,,0.0,0.0,,,,,,,,,,,,,,,,,,,,,,,,,24411212000.0,,,,,,,,0.0,0.0,,,,,,,,,,,,,,,,,,,,,,,,,,,,,,,,0.0,0.0,,,,,,,,,,,22846544.0,,,,,,,,,,,,,,,,,,,,,,
BRA,Brazil,1912,,0.063,,0.0,,0.0,,,,,,,,,,,,,,,,,,0.063,2.681,,,,,,,,,,,,,,,,,,,,,,,,,24141056000.0,,,,,,,,0.0,0.0,,,,,,,,,,,,,,,,,,,,,,,,,,,,,,,,0.0,0.0,,,,,,,,,,,23334267.0,,,,,,,,,,,,,,,,,,,,,,
BRA,Brazil,1913,50.0,0.031,,0.0,,0.0,,,,,,,,,,,,,,,,,,0.094,3.938,,,,,,,,,,,,,,,,,,,,,,,,,24748360000.0,,,,,,,,0.0,0.0,,,,,,,,,,,,,,,,,,,,,,,,,,,,,,,,0.0,0.0,,,,,,,,,,,23831738.0,,,,,,,,,,,,,,,,,,,,,,
BRA,Brazil,1914,-33.333,-0.031,,0.0,,0.0,,,,,,,,,,,,,,,,,,0.063,2.57,,,,,,,,,,,,,,,,,,,,,,,,,24257644000.0,,,,,,,,0.0,0.0,,,,,,,,,,,,,,,,,,,,,,,,,,,,,,,,0.0,0.0,,,,,,,,,,,24339814.0,,,,,,,,,,,,,,,,,,,,,,
BRA,Brazil,1915,150.0,0.094,,0.0,,0.0,,,,,,,,,,,,,,,,,,0.156,6.292,,,,,,,,,,,,,,,,,,,,,,,,,25364872000.0,,,,,,,,0.0,0.0,,,,,,,,,,,,,,,,,,,,,,,,,,,,,,,,0.0,0.0,,,,,,,,,,,24858721.0,,,,,,,,,,,,,,,,,,,,,,
BRA,Brazil,1916,200.0,0.313,,0.0,,0.0,,,,,,,,,,,,,,,,,,0.469,18.482,,,,,,,,,,,,,,,,,,,,,,,,,26104092000.0,,,,,,,,0.0,0.0,,,,,,,,,,,,,,,,,,,,,,,,,,,,,,,,0.0,0.0,,,,,,,,,,,25388691.0,,,,,,,,,,,,,,,,,,,,,,
BRA,Brazil,1917,100.0,0.469,,0.0,,0.0,,,,,,,,,,,,,,,,,,0.938,36.192,,,,,,,,,,,,,,,,,,,,,,,,,27944952000.0,,,,,,,,0.0,0.0,,,,,,,,,,,,,,,,,,,,,,,,,,,,,,,,0.0,0.0,,,,,,,,,,,25929959.0,,,,,,,,,,,,,,,,,,,,,,
BRA,Brazil,1918,93.333,0.876,,0.0,,0.0,,,,,,,,,,,,,,,,,,1.814,68.518,,,,,,,,,,,,,,,,,,,,,,,,,27354357000.0,,,,,,,,0.0,0.0,,,,,,,,,,,,,,,,,,,,,,,,,,,,,,,,0.0,0.0,,,,,,,,,,,26479919.0,,,,,,,,,,,,,,,,,,,,,,
BRA,Brazil,1919,-3.448,-0.063,,0.0,,0.0,,,,,,,,,,,,,,,,,,1.752,64.791,,,,,,,,,,,,,,,,,,,,,,,,,30967590000.0,,,,,,,,0.0,0.0,,,,,,,,,,,,,,,,,,,,,,,,,,,,,,,,0.0,0.0,,,,,,,,,,,27037602.0,,,,,,,,,,,,,,,,,,,,,,
BRA,Brazil,1920,9.643,0.169,,0.0,,0.0,,,,,,,,,,,,,,,,,,1.921,69.583,,,,,,,,,,,,,,,,,,,,,,,,,34035768000.0,,,,,,,,0.0,0.0,,,,,,,,,,,,,,,,,,,,,,,,,,,,,,,,0.0,0.0,,,,,,,,,,,27603092.0,,,,,,,,,,,,,,,,,,,,,,
BRA,Brazil,1921,-2.28,-0.044,,0.0,,0.0,,,,,,,,,,,,,,,,,,1.877,66.613,,,,,,,,,,,,,,,,,,,,,,,,,34737498000.0,,,,,,,,0.0,0.0,,,,,,,,,,,,,,,,,,,,,,,,,,,,,,,,0.0,0.0,,,,,,,,,,,28176472.0,,,,,,,,,,,,,,,,,,,,,,
BRA,Brazil,1922,1.0,0.019,,0.0,,0.0,,,,,,,,,,,,,,,,,,1.896,65.919,,,,,,,,,,,,,,,,,,,,,,,,,37133142000.0,,,,,,,,0.0,0.0,,,,,,,,,,,,,,,,,,,,,,,,,,,,,,,,0.0,0.0,,,,,,,,,,,28757825.0,,,,,,,,,,,,,,,,,,,,,,
BRA,Brazil,1923,8.581,0.163,,0.0,,0.0,,,,,,,,,,,,,,,,,,2.058,70.138,,,,,,,,,,,,,,,,,,,,,,,,,39232722000.0,,,,,,,,0.0,0.0,,,,,,,,,,,,,,,,,,,,,,,,,,,,,,,,0.0,0.0,,,,,,,,,,,29347235.0,,,,,,,,,,,,,,,,,,,,,,
BRA,Brazil,1924,12.158,0.25,,0.0,,0.0,,,,,,,,,,,,,,,,,,2.309,77.085,,,,,,,,,,,,,,,,,,,,,,,,,39234360000.0,,,,,,,,0.0,0.0,,,,,,,,,,,,,,,,,,,,,,,,,,,,,,,,0.0,0.0,,,,,,,,,,,29948725.0,,,,,,,,,,,,,,,,,,,,,,
BRA,Brazil,1925,6.233,0.144,,0.0,,0.0,,,,,,,,,,,,,,,,,,2.452,80.245,,,,,,,,,,,,,,,,,,,,,,,,,39370936000.0,,,,,,,,0.0,0.0,,,,,,,,,,,,,,,,,,,,,,,,,,,,,,,,0.0,0.0,,,,,,,,,,,30562543.0,,,,,,,,,,,,,,,,,,,,,,
BRA,Brazil,1926,-9.184,-0.225,,0.0,,0.0,,,,,,,,,,,,,,,,,,2.227,71.412,,,,,,,,,,,,,,,,,,,,,,,,,40207947000.0,,,,,,,,0.0,0.0,,,,,,,,,,,,,,,,,,,,,,,,,,,,,,,,0.0,0.0,,,,,,,,,,,31188942.0,,,,,,,,,,,,,,,,,,,,,,
BRA,Brazil,1927,-3.933,-0.088,,0.0,,0.0,,,,,,,,,,,,,,,,,,2.14,67.226,,,,,,,,,,,,,,,,,,,,,,,,,43147842000.0,,,,,,,,0.0,0.0,,,,,,,,,,,,,,,,,,,,,,,,,,,,,,,,0.0,0.0,,,,,,,,,,,31828179.0,,,,,,,,,,,,,,,,,,,,,,
BRA,Brazil,1928,-4.971,-0.106,,0.0,,0.0,,,,,,,,,,,,,,,,,,2.033,62.601,,,,,,,,,,,,,,,,,,,,,,,,,48093128000.0,,,,,,,,0.0,0.0,,,,,,,,,,,,,,,,,,,,,,,,,,,,,,,,0.0,0.0,,,,,,,,,,,32480517.0,,,,,,,,,,,,,,,,,,,,,,
BRA,Brazil,1929,14.769,0.3,,0.0,,0.0,,,,,,,,,,,,,,,,,,2.334,70.404,,,,,,,,,,,,,,,,,,,,,,,,,48189710000.0,,,,,,,,0.0,0.0,,,,,,,,,,,,,,,,,,,,,,,,,,,,,,,,0.0,0.0,,,,,,,,,,,33146151.0,,,,,,,,,,,,,,,,,,,,,,
BRA,Brazil,1930,3.217,0.075,,0.0,,0.0,,,,,,,,,,,,,,,,,,2.409,71.21,,,,,,,,,,,,,,,,,,,,,,,,,45316800000.0,,,,,,,,0.0,0.0,,,,,,,,,,,,,,,,,,,,,,,,,,,,,,,,0.0,0.0,,,,,,,,,,,33825351.0,,,,,,,,,,,,,,,,,,,,,,
BRA,Brazil,1931,28.312,0.682,,0.0,,0.0,,,,,,,,,,,,,,,,,,3.091,89.536,,,,,,,,,,,,,,,,,,,,,,,,,44327264000.0,,,,,,,,0.0,0.0,,,,,,,,,,,,,,,,,,,,,,,,,,,,,,,,0.0,0.0,,,,,,,,,,,34518393.0,,,,,,,,,,,,,,,,,,,,,,
BRA,Brazil,1932,9.514,0.294,,0.0,,0.0,,,,,,,,,,,,,,,,,,3.385,96.086,,,,,,,,,,,,,,,,,,,,,,,,,45863584000.0,,,,,,,,0.0,0.0,,,,,,,,,,,,,,,,,,,,,,,,,,,,,,,,0.0,0.0,,,,,,,,,,,35225560.0,,,,,,,,,,,,,,,,,,,,,,
BRA,Brazil,1933,19.408,0.657,,0.0,,0.0,,,,,,,,,,,,,,,,,,4.042,112.432,,,,,,,,,,,,,,,,,,,,,,,,,49478451000.0,,,,,,,,0.0,0.0,,,,,,,,,,,,,,,,,,,,,,,,,,,,,,,,0.0,0.0,,,,,,,,,,,35947139.0,,,,,,,,,,,,,,,,,,,,,,
BRA,Brazil,1934,13.158,0.532,,0.0,,0.0,,,,,,,,,,,,,,,,,,4.573,124.672,,,,,,,,,,,,,,,,,,,,,,,,,53550284000.0,,,,,,,,0.0,0.0,,,,,,,,,,,,,,,,,,,,,,,,,,,,,,,,0.0,0.0,,,,,,,,,,,36683499.0,,,,,,,,,,,,,,,,,,,,,,
BRA,Brazil,1935,14.911,0.682,,0.0,,0.0,,,,,,,,,,,,,,,,,,5.255,140.386,,,,,,,,,,,,,,,,,,,,,,,,,55056300000.0,,,,,,,,0.0,0.0,,,,,,,,,,,,,,,,,,,,,,,,,,,,,,,,0.0,0.0,,,,,,,,,,,37434943.0,,,,,,,,,,,,,,,,,,,,,,
BRA,Brazil,1936,-21.19,-1.114,,0.0,,0.0,,,,,,,,,,,,,,,,,,4.142,108.417,,,,,,,,,,,,,,,,,,,,,,,,,60316401000.0,,,,,,,,0.0,0.0,,,,,,,,,,,,,,,,,,,,,,,,,,,,,,,,0.0,0.0,,,,,,,,,,,38201781.0,,,,,,,,,,,,,,,,,,,,,,
BRA,Brazil,1937,15.257,0.632,,0.0,,0.0,,,,,,,,,,,,,,,,,,4.774,122.449,,,,,,,,,,,,,,,,,,,,,,,,,62286070000.0,,,,,,,,0.0,0.0,,,,,,,,,,,,,,,,,,,,,,,,,,,,,,,,0.0,0.0,,,,,,,,,,,38984326.0,,,,,,,,,,,,,,,,,,,,,,
BRA,Brazil,1938,18.48,0.882,,0.0,,0.0,,,,,,,,,,,,,,,,,,5.656,142.165,,,,,,,,,,,,,,,,,,,,,,,,,64865640000.0,,,,,,,,0.0,0.0,,,,,,,,,,,,,,,,,,,,,,,,,,,,,,,,0.0,0.0,,,,,,,,,,,39782902.0,,,,,,,,,,,,,,,,,,,,,,
BRA,Brazil,1939,15.819,0.895,,0.0,,0.0,,,,,,,,,,,,,,,,,,6.55,161.149,,,,,,,,,,,,,,,,,,,,,,,,,65550203000.0,,,,,,,,0.0,0.0,,,,,,,,,,,,,,,,,,,,,,,,,,,,,,,,0.0,0.0,,,,,,,,,,,40648271.0,,,,,,,,,,,,,,,,,,,,,,
BRA,Brazil,1940,27.603,1.808,,0.0,,0.0,,,,,,,,,,,,,,,,,,8.359,201.007,,,,,,,,,,,,,,,,,,,,,,,,,66193540000.0,,,,,,,,0.0,0.0,,,,,,,,,,,,,,,,,,,,,,,,,,,,,,,,0.0,0.0,,,,,,,,,,,41583140.0,,,,,,,,,,,,,,,,,,,,,,
BRA,Brazil,1941,5.389,0.45,,0.0,,0.0,,,,,,,,,,,,,,,,,,8.809,206.83,,,,,,,,,,,,,,,,,,,,,,,,,70802127000.0,,,,,,,,0.0,0.0,,,,,,,,,,,,,,,,,,,,,,,,,,,,,,,,0.0,0.0,,,,,,,,,,,42590310.0,,,,,,,,,,,,,,,,,,,,,,
BRA,Brazil,1942,26.065,2.296,,0.0,,0.047,,,,,,,,,,,,,,,,,,11.105,254.279,,,,,,,,,,,,,,,,,,,,,,,,,68221296000.0,,,,,,,,0.0,0.0,,,,,,,,,,,,,,,,,,,,,,,,,,,,,,,,0.047,1.065,,,,,,,,,,,43672675.0,,,,,,,,,,,,,,,,,,,,,,
BRA,Brazil,1943,17.07,1.896,,0.0,50.0,0.023,,,,,,,,,,,,,,,,,,13.001,289.98,,,,,,,,,,,,,,,,,,,,,,,,,77735959000.0,,,,,,,,0.0,0.0,,,,,,,,,,,,,,,,,,,,,,,,,,,,,,,,0.07,1.556,,,,,,,,,,,44833224.0,,,,,,,,,,,,,,,,,,,,,,
BRA,Brazil,1944,-8.181,-1.064,,0.0,33.333,0.023,,,,,,,,,,,,,,,,,,11.937,259.364,,,,,,,,,,,,,,,,,,,,,,,,,80576685000.0,,,,,,,,0.0,0.0,,,,,,,,,,,,,,,,,,,,,,,,,,,,,,,,0.093,2.022,,,,,,,,,,,46024612.0,,,,,,,,,,,,,,,,,,,,,,
BRA,Brazil,1945,8.648,1.032,,0.0,25.0,0.023,,,,,,,,,,,,,,,,,,12.969,274.499,,,,,,,,,,,,,,,,,,,,,,,,,82817280000.0,,,,,,,,0.0,0.0,,,,,,,,,,,,,,,,,,,,,,,,,,,,,,,,0.116,2.461,,,,,,,,,,,47247661.0,,,,,,,,,,,,,,,,,,,,,,
BRA,Brazil,1946,-8.49,-1.101,,0.104,-10.0,-0.012,,,,,,,,,,,,,,,,,,11.868,244.691,,,,,,,,,,,,,,,,,,,,,,,,,91503342000.0,,,,,,,,0.104,2.149,,,,,,,,,,,,,,,,,,,,,,,,,,,,,,,,0.105,2.158,,,,,,,,,,,48503211.0,,,,,,,,,,,,,,,,,,,,,,
BRA,Brazil,1947,5.377,0.638,-88.889,-0.093,44.444,0.047,,,,,,,,,,,,,,,,,,12.506,251.174,,,,,,,,,,,,,,,,,,,,,,,,,94744728000.0,,,,,,,,0.012,0.233,,,,,,,,,,,,,,,,,,,,,,,,,,,,,,,,0.151,3.036,,,,,,,,,,,49792125.0,,,,,,,,,,,,,,,,,,,,,,
BRA,Brazil,1948,1.301,0.163,200.001,0.023,46.154,0.07,,,,,,,,,,,,,,,,,,12.669,247.854,,,,,,,,,,,,,,,,,,,,,,,,,103940640000.0,,,,,,,,0.035,0.68,,,,,,,,,,,,,,,,,,,,,,,,,,,,,,,,0.221,4.323,,,,,,,,,,,51115291.0,,,,,,,,,,,,,,,,,,,,,,
BRA,Brazil,1949,5.136,0.651,66.666,0.023,-26.316,-0.058,,,,,,,,,,,,,,,,,,13.32,253.669,,,,,,,,,,,,,,,,,,,,,,,,,111894876000.0,,,,,,,,0.058,1.103,,,,,,,,,,,,,,,,,,,,,,,,,,,,,,,,0.163,3.101,,,,,,,,,,,52508525.0,,,,,,,,,,,,,,,,,,,,,,
BRA,Brazil,1950,-7.985,-1.064,0.0,0.0,214.286,0.349,,,,,,,,,,,,,,,,,,12.256,227.073,,,,,,,,,,,,,,,,,,,,,,,,,119498715700.0,,,,,,,,0.058,1.073,,,,,,,,,,,,,,,,,,,,,,,,,,,,,,,,0.512,9.481,,,,,,,,,,,53974728.0,,,,,,,,,,,,,,,,,,,,,,
BRA,Brazil,1951,0.204,0.025,60.0,0.035,104.545,0.535,,,,,,,,,,,,,,,,,,12.281,220.86,,,,,,,,,,,,,,,,,,,,,,,,,125334817428.0,,,,,,,,0.093,1.666,,,,,,,,,,,,,,,,,,,,,,,,,,,,,,,,1.047,18.823,,,,,,,,,,,55606416.0,,,,,,,,,,,,,,,,,,,,,,
BRA,Brazil,1952,-0.153,-0.019,-12.5,-0.012,8.889,0.093,,,,,,,,,,,,,,,,,,12.262,214.066,,,,,,,,,,,,,,,,,,,,,,,,,134544285120.0,,,,,,,,0.081,1.415,,,,,,,,,,,,,,,,,,,,,,,,,,,,,,,,1.14,19.896,,,,,,,,,,,57283656.0,,,,,,,,,,,,,,,,,,,,,,
BRA,Brazil,1953,3.265,0.4,285.715,0.232,21.429,0.244,,,,,,,,,,,,,,,,,,12.663,214.628,,,,,,,,,,,,,,,,,,,,,,,,,140888051226.0,,,,,,,,0.313,5.301,,,,,,,,,,,,,,,,,,,,,,,,,,,,,,,,1.384,23.457,,,,,,,,,,,58999276.0,,,,,,,,,,,,,,,,,,,,,,
BRA,Brazil,1954,1.532,0.194,133.333,0.417,8.403,0.116,,,,,,,,,,,,,,,,,,12.857,211.637,,,,,,,,,,,,,,,,,,,,,,,,,151832713289.0,,,,,,,,0.73,12.012,,,,,,,,,,,,,,,,,,,,,,,,,,,,,,,,1.5,24.696,,,,,,,,,,,60749488.0,,,,,,,,,,,,,,,,,,,,,,
BRA,Brazil,1955,10.365,1.333,-1.587,-0.012,104.651,1.57,,,,,,,,,,,,,,,,,,14.189,226.908,,,,,,,,,,,,,,,,,,,,,,,,,165244235550.0,,,,,,,,0.718,11.484,,,,,,,,,,,,,,,,,,,,,,,,,,,,,,,,3.07,49.099,,,,,,,,,,,62533920.0,,,,,,,,,,,,,,,,,,,,,,
BRA,Brazil,1956,-1.499,-0.213,35.484,0.255,101.136,3.105,,,,,,,,,,,,,,,,,,13.977,217.179,,,,,,,,,,,,,,,,,,,,,,,,,170024682624.0,,,,,,,,0.973,15.118,,,,,,,,,,,,,,,,,,,,,,,,,,,,,,,,6.176,95.959,,,,,,,,,,,64355712.0,,,,,,,,,,,,,,,,,,,,,,
BRA,Brazil,1957,-7.207,-1.007,88.095,0.857,148.776,9.188,,,,,,,,,,,,,,,,,,12.969,195.85,,,,,,,,,,,,,,,,,,,,,,,,,183084420603.0,,,,,,,,1.83,27.636,,,,,,,,,,,,,,,,,,,,,,,,,,,,,,,,15.363,231.998,,,,,,,,,,,66221468.0,,,,,,,,,,,,,,,,,,,,,,
BRA,Brazil,1958,8.056,1.045,89.873,1.645,87.207,13.398,,,,,,,,,,,,,,,,,,14.014,205.667,,,,,,,,,,,,,,,,,,,,,,,,,202937305065.0,,,,,,,,3.475,50.995,,,,,,,,,,,,,,,,,,,,,,,,,,,,,,,,28.761,422.084,,,,,,,,,,,68140432.0,,,,,,,,,,,,,,,,,,,,,,
BRA,Brazil,1959,4.018,0.563,42.333,1.471,24.666,7.094,,,,,,,,,,,,,,,,,,14.577,207.881,,,,,,,,,,,,,,,,,,,,,,,,,222726629928.0,,,,,,,,4.946,70.531,,,,,,,,,,,,,,,,,,,,,,,,,,,,,,,,35.855,511.318,,,,,,,,,,,70123376.0,,,,,,,,,,,,,,,,,,,,,,
BRA,Brazil,1960,0.0,0.0,25.293,1.251,25.527,9.153,,,,,,,,,,,,,,,,,,14.577,201.96,,,,,,,,,,,,,,,,,,,,,,,,,243618964380.0,,,,,,,,6.197,85.853,,,,,,,,,,,,,,,,,,,,,,,,,,,,,,,,45.008,623.561,,,,,,,,,,,72179232.0,,,,,,,,,,,,,,,,,,,,,,
BRA,Brazil,1961,2.575,0.375,-1.495,-0.093,17.545,7.897,,,,,,,,,,,,,,,,,,14.953,201.217,,,,,,,,,,,,,,,,,,,,,,,,,264690953670.0,,,,,,,,6.104,82.143,,,,,,,,,,,,,,,,,,,,,,,,,,,,,,,,52.905,711.936,,,,,,,,,,,74311336.0,,,,,,,,,,,,,,,,,,,,,,
BRA,Brazil,1962,4.937,0.738,-3.036,-0.185,-4.001,-2.117,,,,,,,,,,,,,,,,,,15.691,205.072,,,,,,,,,,,,,,,,,,,,,,,,,282182176290.0,,,,,,,,5.919,77.356,,,,,,,,,,,,,,,,,,,,,,,,,,,,,,,,50.788,663.774,,,,,,,,,,,76514328.0,,,,,,,,,,,,,,,,,,,,,,
BRA,Brazil,1963,12.759,2.002,-1.566,-0.093,6.916,3.512,,,,,,,,,,,,,,,,,,17.693,224.608,,,,,,,,,,,,,,,,,,,,,,,,,283741034554.0,,,,,,,,5.826,73.962,,,,,,,,,,,,,,,,,,,,,,,,,,,,,,,,54.301,689.332,,,,,,,,,,,78772648.0,,,,,,,,,,,,,,,,,,,,,,
BRA,Brazil,1964,5.728,1.014,5.765,0.336,-6.768,-3.675,,,,,,,,,,,,,,,,,,18.707,230.761,,,,,,,,,,,,,,,,,,,,,,,,,293385657143.0,,,,,,,,6.162,76.014,,,,,,,,,,,,,,,,,,,,,,,,,,,,,,,,50.625,624.507,,,,,,,,,,,81064568.0,,,,,,,,,,,,,,,,,,,,,,
BRA,Brazil,1965,4.916,0.92,28.571,1.761,15.901,8.05,,,,,,,,,,,,,7.493,,20.178,,242.02,19.626,235.401,,,,,,25.515,0.0,,,0.0,25.515,0.0,0.0,,,0.896,3230.007,,73.681,,198.422,2379.919,,,300547048236.0,,,0.191,,0.513,,6.158,7.923,95.026,,,26.319,,70.875,306.032,850.091,,25.515,306.032,,26.319,,70.875,850.091,,,,,0.0,,0.0,0.0,0.0,,,65.998,,177.731,,2131.74,58.676,703.767,,0.0,,0.0,,0.0,,,0.0,,83373528.0,269.297,306.032,,,26.319,,70.875,850.091,,,0.0,,0.0,0.0,0.0,,,0.0,,0.0,0.0,0.0
BRA,Brazil,1966,16.863,3.31,15.351,1.216,22.082,12.957,9.091,24.482,,,,,,,,,,8.357,7.442,1.686,21.864,,255.138,22.936,267.64,,,,,,27.906,0.0,,,0.0,27.906,0.0,0.0,,,0.916,3428.134,8.991,73.614,17.84,216.263,2523.587,,,320583731427.0,,16.941,0.204,0.087,0.6,,7.006,9.139,106.642,,9.371,26.386,6.642,77.517,325.638,904.55,,27.906,325.638,9.371,26.386,6.642,77.517,904.55,,,,,0.0,0.0,0.0,0.0,0.0,,9.04,65.967,16.067,193.798,,2261.443,71.633,835.886,,0.0,,0.0,0.0,0.0,,,0.0,,85696496.0,293.779,325.638,,9.371,26.386,6.642,77.517,904.55,,,0.0,0.0,0.0,0.0,0.0,,,0.0,0.0,0.0,0.0,0.0
BRA,Brazil,1967,18.358,4.211,10.9,0.996,25.84,18.51,3.598,10.569,,,,,,,,,,3.351,7.425,0.733,22.597,,256.681,27.146,308.356,,,,,,29.189,0.0,,,0.0,29.189,0.0,0.0,,,0.911,3457.094,3.239,73.359,7.005,223.268,2536.101,,,334149078285.0,,13.044,0.223,0.078,0.679,,7.71,10.135,115.123,,4.598,26.641,3.564,81.081,331.558,920.996,,29.189,331.558,4.598,26.641,3.564,81.081,920.996,,,,,0.0,0.0,0.0,0.0,0.0,,3.196,65.712,6.194,199.992,,2271.711,90.143,1023.93,,0.0,,0.0,0.0,0.0,,,0.0,,88035816.0,304.348,331.558,,4.598,26.641,3.564,81.081,920.996,,,0.0,0.0,0.0,0.0,0.0,,,0.0,0.0,0.0,0.0,0.0
BRA,Brazil,1968,11.27,3.059,10.286,1.042,9.883,8.909,14.346,43.663,,,,,,,,,,-1.595,6.39,-0.361,22.237,,246.015,30.206,334.182,,,,,,30.55,0.0,,,0.0,30.55,0.0,0.0,,,0.949,3850.231,17.863,75.615,39.882,263.15,2911.37,,,366804790200.0,,5.683,0.206,0.039,0.717,,7.936,11.177,123.662,,4.663,24.385,3.781,84.861,337.991,938.864,,30.55,337.991,4.663,24.385,3.781,84.861,938.864,,,,,0.0,0.0,0.0,0.0,0.0,,20.103,69.02,40.204,240.196,,2657.419,99.051,1095.855,,0.0,,0.0,0.0,0.0,,,0.0,,90387080.0,348.011,337.991,,4.663,24.385,3.781,84.861,938.864,,,0.0,0.0,0.0,0.0,0.0,,,0.0,0.0,0.0,0.0,0.0
BRA,Brazil,1969,6.193,1.871,26.528,2.965,9.07,8.984,9.178,31.942,,,,,,,,,,11.611,6.532,2.582,24.818,,267.594,32.076,345.85,,,,,,32.692,0.0,,,0.0,32.692,0.0,0.0,,,0.946,4096.68,9.877,76.099,25.992,289.142,3117.552,,,401601721433.0,,5.392,0.199,0.039,0.756,,8.151,14.143,152.487,,7.011,23.901,5.95,90.811,352.487,979.132,,32.692,352.487,7.011,23.901,5.95,90.811,979.132,,,,,0.0,0.0,0.0,0.0,0.0,,9.73,69.368,23.372,263.568,,2841.807,108.035,1164.845,,0.0,,0.0,0.0,0.0,,,0.0,,92746608.0,379.953,352.487,,7.011,23.901,5.95,90.811,979.132,,,0.0,0.0,0.0,0.0,0.0,,,0.0,0.0,0.0,0.0,0.0
BRA,Brazil,1970,0.878,0.282,-94.265,-13.332,-5.346,-5.776,15.937,60.551,,,,,,,,,,14.209,6.435,3.526,28.345,,298.011,32.358,340.204,,,,,,39.801,0.0,,,0.515,40.316,0.0,0.0,,,0.993,4631.369,13.223,74.318,38.232,327.374,3441.942,,,443496716595.0,,7.282,0.184,0.055,0.811,,8.527,0.811,8.527,,21.745,25.098,19.747,110.558,418.459,1162.387,,40.316,423.87,23.32,25.423,21.177,111.988,1177.419,,,,,0.0,0.0,0.0,0.0,0.0,,13.147,67.699,34.651,298.218,,3135.404,102.26,1075.134,,5.411,,0.325,1.43,1.43,,,15.032,,95113264.0,440.505,423.87,,23.32,25.423,21.177,111.988,1177.419,,,0.0,0.0,0.0,0.0,0.0,,,0.0,0.0,0.0,0.0,0.0
BRA,Brazil,1971,9.551,3.091,58.75,0.476,4.677,4.782,9.361,41.234,,,,,,,,,,0.662,5.923,0.188,28.532,,292.692,35.449,363.639,,,,,,43.199,0.0,,,0.633,43.832,0.0,0.0,,,0.976,4941.774,9.479,74.398,31.031,358.405,3676.593,,,493683360000.0,,57.5,0.265,0.466,1.277,,13.103,1.287,13.207,,8.537,24.909,9.439,119.997,443.144,1230.957,,43.832,449.642,8.723,25.274,9.769,121.757,1249.006,,,,,0.0,0.0,0.0,0.0,0.0,,10.186,68.21,30.377,328.595,,3370.798,107.042,1098.058,,6.497,23.063,0.365,0.33,1.759,,,18.049,,97482928.0,481.739,449.642,,8.723,25.274,9.769,121.757,1249.006,,,0.0,0.0,0.0,0.0,0.0,,,0.0,0.0,0.0,0.0,0.0
BRA,Brazil,1972,3.389,1.201,36.22,0.466,-1.91,-2.045,15.201,73.228,,,,,,,,,,5.269,5.412,1.503,30.036,,300.782,36.65,367.014,,,,,,50.681,0.0,,,0.717,51.398,0.0,0.0,,,1.004,5557.48,14.331,73.836,51.363,409.768,4103.449,,,552789520000.0,,37.302,0.316,0.476,1.754,,17.563,1.754,17.563,,17.32,25.367,20.783,140.781,507.524,1409.789,,51.398,514.699,17.259,25.726,21.014,142.771,1429.722,,,,,0.0,0.0,0.0,0.0,0.0,,15.029,68.108,49.383,377.978,,3785.104,104.997,1051.45,,7.176,13.132,0.359,0.231,1.99,,,19.933,,99859392.0,554.967,514.699,,17.259,25.726,21.014,142.771,1429.722,,,0.0,0.0,0.0,0.0,0.0,,,0.0,0.0,0.0,0.0,0.0
BRA,Brazil,1973,-4.985,-1.827,14.451,0.253,1.415,1.485,19.227,106.701,,,,,,,,,,-1.722,4.461,-0.517,29.519,,288.663,34.823,340.535,,,,,,57.89,0.0,,,0.751,58.641,0.0,0.0,,,1.05,6470.472,21.253,75.092,87.09,496.858,4858.793,,,629980118000.0,,14.451,0.303,0.253,2.007,,19.629,2.007,19.629,,14.224,24.303,20.025,160.806,566.109,1572.526,,58.641,573.451,14.093,24.618,20.12,162.891,1592.92,,,,,0.0,0.0,0.0,0.0,0.0,,23.111,70.327,87.354,465.332,,4550.501,106.483,1041.297,,7.342,4.777,0.315,0.095,2.086,,,20.395,,102259504.0,661.667,573.451,,14.093,24.618,20.12,162.891,1592.92,,,0.0,0.0,0.0,0.0,0.0,,,0.0,0.0,0.0,0.0,0.0
BRA,Brazil,1974,-1.33,-0.463,92.424,1.855,4.347,4.629,9.242,61.15,,,,,,,,,,6.077,4.332,1.794,31.312,,299.049,34.36,328.156,,,,,,65.679,0.0,,,0.785,66.464,0.0,0.0,,,1.061,6903.286,8.082,74.295,40.157,537.015,5128.777,,,681263712000.0,,92.424,0.534,1.855,3.862,,36.888,3.862,36.888,,13.455,25.24,21.636,182.442,627.269,1742.417,,66.464,634.768,13.341,25.542,21.732,184.623,1763.246,,,,,0.0,0.0,0.0,0.0,0.0,,7.846,69.428,36.508,501.84,,4792.84,111.111,1061.17,,7.499,4.575,0.302,0.095,2.181,,,20.83,,104706192.0,722.817,634.768,,13.341,25.542,21.732,184.623,1763.246,,,0.0,0.0,0.0,0.0,0.0,,,0.0,0.0,0.0,0.0,0.0
BRA,Brazil,1975,14.876,5.111,8.924,0.345,-2.542,-2.825,5.653,40.863,,,,,,,,,,18.884,4.874,5.913,37.225,,347.198,39.471,368.148,,,,,,72.287,0.0,,,0.867,73.154,0.0,0.0,,,1.066,7122.799,4.181,73.259,22.453,559.468,5218.128,,,716641578000.0,,8.661,0.55,0.335,4.197,,39.145,4.207,39.24,,10.061,26.293,18.356,200.797,674.217,1872.827,,73.154,682.305,10.066,26.609,18.583,203.206,1895.294,,,,,0.0,0.0,0.0,0.0,0.0,,3.229,67.835,16.206,518.045,,4831.785,108.287,1009.983,,8.088,10.447,0.315,0.228,2.409,,,22.467,,107216208.0,763.679,682.305,,10.066,26.609,18.583,203.206,1895.294,,,0.0,0.0,0.0,0.0,0.0,,,0.0,0.0,0.0,0.0,0.0
BRA,Brazil,1976,24.838,9.804,15.181,0.639,-2.614,-2.83,9.822,75.01,,,,,,,,,,6.719,4.737,2.501,39.726,,361.837,49.275,448.809,,,,,,82.913,0.0,,,0.864,83.777,0.0,0.0,,,1.062,7638.972,8.122,72.125,45.44,604.908,5509.631,,,790037637000.0,,15.217,0.577,0.639,4.836,,44.044,4.846,44.137,,14.7,27.461,29.517,230.314,755.19,2097.751,,83.777,763.062,14.522,27.747,29.509,232.715,2119.619,,,,,0.0,0.0,0.0,0.0,0.0,,8.165,66.812,42.3,560.345,,5103.749,105.457,960.521,,7.873,-0.327,0.286,-0.008,2.401,,,21.868,,109790944.0,838.69,763.062,,14.522,27.747,29.509,232.715,2119.619,,,0.0,0.0,0.0,0.0,0.0,,,0.0,0.0,0.0,0.0,0.0
BRA,Brazil,1977,27.539,13.57,24.477,1.186,-3.638,-3.837,6.866,57.585,,,,,,,,,,26.833,5.622,10.66,50.386,,448.173,62.845,558.994,,,,,,93.48,0.0,,,1.117,94.597,0.0,0.0,,,1.081,7972.173,4.072,70.239,24.631,629.538,5599.61,,,828975504000.0,,24.738,0.673,1.196,6.032,,53.653,6.032,53.653,,12.745,28.972,29.353,259.667,831.485,2309.682,,94.597,841.419,12.915,29.318,30.054,262.769,2337.276,,,,,0.0,0.0,0.0,0.0,0.0,,2.28,63.945,12.775,573.12,,5097.784,101.62,903.886,,9.934,29.214,0.346,0.701,3.102,,,27.595,,112425392.0,896.275,841.419,,12.915,29.318,30.054,262.769,2337.276,,,0.0,0.0,0.0,0.0,0.0,,,0.0,0.0,0.0,0.0,0.0
BRA,Brazil,1978,17.631,11.08,31.597,1.906,-0.565,-0.575,10.21,91.51,,,,,,,,,,14.982,5.865,7.549,57.935,,503.253,73.925,642.151,,,,,,102.746,0.0,,,1.332,104.078,0.0,0.0,,,1.135,8580.389,9.497,69.785,59.79,689.328,5987.852,,,870261975000.0,,31.597,0.804,1.906,7.938,,68.952,7.938,68.952,,9.912,28.894,25.739,285.406,892.503,2479.177,,104.078,904.073,10.023,29.268,26.336,289.106,2511.316,,,,,0.0,0.0,0.0,0.0,0.0,,8.783,63.117,50.335,623.455,,5415.648,101.045,877.729,,11.57,19.259,0.375,0.597,3.7,,,32.139,,115121160.0,987.784,904.073,,10.023,29.268,26.336,289.106,2511.316,,,0.0,0.0,0.0,0.0,0.0,,,0.0,0.0,0.0,0.0,0.0
BRA,Brazil,1979,18.001,13.307,9.579,0.76,3.594,3.632,8.263,81.622,,,,,,,,,,8.619,5.884,4.994,62.929,,533.844,87.232,740.021,,,,,,116.58,0.0,,,1.776,118.356,0.0,0.0,,,1.151,9072.112,5.431,67.96,37.438,726.766,6165.389,,,929101336000.0,,9.579,0.813,0.76,8.698,,73.789,8.698,73.789,,13.464,30.282,38.428,323.834,988.985,2747.183,,118.356,1004.052,13.719,30.743,39.661,328.767,2789.035,,,,,0.0,0.0,0.0,0.0,0.0,,5.082,61.262,31.684,655.139,,5557.756,104.677,888.007,,15.067,33.34,0.461,1.234,4.933,,,41.852,,117878416.0,1069.406,1004.052,,13.719,30.743,39.661,328.767,2789.035,,,0.0,0.0,0.0,0.0,0.0,,,0.0,0.0,0.0,0.0,0.0
BRA,Brazil,1980,-71.915,-62.733,16.9,1.47,9.781,10.239,2.027,21.68,,,,,,,,,,9.083,6.291,5.716,68.645,,568.751,24.499,202.988,,,,,,128.907,0.0,,,1.806,130.713,0.0,0.0,,,1.075,9040.102,-2.106,65.207,-15.303,711.464,5894.77,,,1014791980000.0,,16.9,0.932,1.47,10.168,,84.247,10.168,84.247,,10.574,32.818,34.242,358.075,1068.048,2966.802,,130.713,1083.007,10.44,33.278,34.324,363.091,3008.356,,,,,0.0,0.0,0.0,0.0,0.0,,-3.433,57.984,-22.489,632.65,,5241.773,114.916,952.123,,14.959,1.66,0.46,0.082,5.015,,,41.554,,120694016.0,1091.086,1083.007,,10.44,33.278,34.324,363.091,3008.356,,,0.0,0.0,0.0,0.0,0.0,,,0.0,0.0,0.0,0.0,0.0
BRA,Brazil,1981,37.734,9.245,-10.269,-1.044,16.791,19.296,-2.51,-27.389,,,,,,,,,,-2.166,6.314,-1.487,67.158,,543.479,33.744,273.076,,,,,,130.765,0.0,,,1.874,132.639,0.0,0.0,,,1.095,8608.035,-4.438,63.918,-31.573,679.89,5502.053,,,971272328000.0,,-10.269,0.858,-1.044,9.124,,73.836,9.124,73.836,,1.441,34.148,5.161,363.236,1058.223,2939.512,,132.639,1073.386,1.474,34.638,5.35,368.441,2981.629,,,,,0.0,0.0,0.0,0.0,0.0,,-4.591,56.746,-29.042,603.608,,4884.738,134.211,1086.112,,15.162,3.773,0.489,0.189,5.205,,,42.118,,123570328.0,1063.698,1073.386,,1.474,34.638,5.35,368.441,2981.629,,,0.0,0.0,0.0,0.0,0.0,,,0.0,0.0,0.0,0.0,0.0
BRA,Brazil,1982,10.227,3.451,42.889,3.913,21.855,29.332,4.96,52.759,,,,,,,,,,5.709,6.359,3.834,70.992,,561.208,37.195,294.036,,,,,,141.132,0.0,,,2.178,143.31,0.0,0.0,,,1.14,8825.863,2.355,62.331,16.01,695.901,5501.264,,,978935436000.0,,42.889,1.168,3.913,13.037,,103.061,13.037,103.061,,7.928,35.114,28.797,392.034,1115.683,3099.121,,143.31,1132.904,8.046,35.656,29.644,398.085,3146.959,,,,,0.0,0.0,0.0,0.0,0.0,,1.369,54.805,8.263,611.871,,4836.995,163.543,1292.85,,17.221,16.271,0.542,0.847,6.051,,,47.837,,126498320.0,1116.457,1132.904,,8.046,35.656,29.644,398.085,3146.959,,,0.0,0.0,0.0,0.0,0.0,,,0.0,0.0,0.0,0.0,0.0
BRA,Brazil,1983,6.692,2.489,35.226,4.592,26.786,43.807,1.978,22.085,,,,,,,,,,12.459,7.012,8.845,79.837,,616.745,39.684,306.561,,,,,,151.475,0.0,,,2.984,154.459,0.0,0.0,,,1.198,8795.303,-2.521,59.581,-17.541,678.36,5240.37,,,950507880000.0,,35.226,1.548,4.592,17.629,,136.188,17.629,136.188,,7.329,36.956,28.731,420.764,1170.154,3250.429,,154.459,1193.209,7.78,37.685,30.969,429.054,3314.471,,,,,0.0,0.0,0.0,0.0,0.0,,-5.063,51.021,-30.978,580.893,,4487.437,207.351,1601.798,,23.055,36.997,0.728,2.239,8.29,,,64.042,,129448816.0,1138.542,1193.209,,7.78,37.685,30.969,429.054,3314.471,,,0.0,0.0,0.0,0.0,0.0,,,0.0,0.0,0.0,0.0,0.0
BRA,Brazil,1984,12.235,4.855,16.389,2.889,39.974,82.887,7.365,83.855,,,,,,,,,,23.491,8.065,18.755,98.591,,744.74,44.539,336.44,,,,,,166.593,1.643,,,2.852,169.445,0.0,0.0,,,1.22,9233.749,4.238,57.846,28.747,707.107,5341.352,,,1001891162000.0,,16.389,1.679,2.889,20.519,,154.994,20.519,154.994,,9.981,37.857,41.994,462.759,1258.412,3495.59,,171.088,1292.363,10.765,38.878,46.19,475.244,3589.901,,,,,0.373,4.564,4.564,12.411,34.475,,1.223,48.102,7.104,587.997,,4441.618,290.238,2192.403,,21.541,-4.449,0.648,-0.369,7.921,,,59.836,,132383560.0,1222.397,1279.953,,9.702,38.505,41.626,470.68,3555.427,,,0.0,0.0,0.0,0.0,0.0,,,0.0,0.0,0.0,0.0,0.0
BRA,Brazil,1985,2.054,0.915,25.445,5.221,18.09,52.503,6.484,79.258,,,,,,,,,2.553,18.213,8.954,17.957,116.548,36.555,861.57,45.454,336.013,,,4.945,8.859,0.0,178.375,3.381,3.914,,3.067,181.442,0.0,0.0,193.682,,1.205,9622.349,4.51,56.774,31.893,739.001,5462.987,65.49,4.574,1080097284000.0,0.0,25.445,1.977,5.221,25.74,0.0,190.277,25.74,190.277,92.097,7.072,38.066,32.728,495.487,1318.619,3662.834,95.426,184.823,1366.286,8.028,39.442,38.154,513.398,3795.243,,,1.746,105.782,0.722,4.828,9.392,24.994,69.427,2.021,1.482,45.843,8.716,596.712,28.935,4411.14,342.741,2533.682,,22.673,7.555,0.655,0.598,8.52,,1.584,62.982,1431.776,135274080.0,1301.654,1341.293,93.68,7.08,38.72,33.326,504.006,3725.816,0.0,,0.0,0.0,0.0,0.0,0.0,0.0,,0.0,0.0,0.0,0.0,0.0
BRA,Brazil,1986,-5.175,-2.352,16.463,4.238,5.144,17.63,6.625,86.233,,,,,,,,,3.06,1.239,8.502,1.444,117.993,44.778,854.344,43.102,312.085,,,6.184,16.372,0.0,182.419,0.144,10.188,,3.194,185.613,0.0,0.0,202.129,,1.195,10049.224,9.196,58.143,67.96,806.96,5842.925,118.544,8.1,1160963076000.0,0.0,16.503,2.161,4.248,29.987,0.0,217.127,29.977,217.054,90.249,2.267,36.51,11.233,506.72,1320.834,3668.987,91.9,185.757,1345.003,0.505,37.178,2.594,515.992,3736.123,,,0.071,-95.741,0.029,-8.992,0.4,1.043,2.896,5.04,10.435,47.481,62.267,658.98,73.766,4771.453,360.371,2609.327,,23.126,4.134,0.639,0.352,8.872,,1.58,64.239,1463.547,138108928.0,1387.887,1343.96,91.829,2.299,37.149,11.586,515.592,3733.226,0.0,,0.0,0.0,0.0,0.0,0.0,0.0,,0.0,0.0,0.0,0.0,0.0
BRA,Brazil,1987,-8.902,-3.837,11.701,3.508,-0.516,-1.86,2.989,41.483,,,,,,,,,2.661,4.714,8.644,5.562,123.555,38.398,876.95,39.265,278.689,,,5.41,13.193,0.0,185.6,0.973,7.783,,3.566,189.166,0.0,0.0,203.331,,1.189,10145.18,3.484,58.423,28.118,835.078,5927.094,93.638,6.488,1201712854000.0,0.0,11.629,2.342,3.487,33.475,0.0,237.591,33.485,237.663,91.28,1.744,36.069,8.836,515.556,1317.325,3659.238,93.512,190.139,1349.539,2.359,36.951,12.172,528.163,3748.722,,,0.479,575.694,0.189,2.303,2.703,6.906,19.183,3.828,2.894,47.437,19.068,678.048,55.24,4812.553,358.512,2544.591,,25.308,11.64,0.693,1.033,9.905,,1.754,70.3,1443.177,140891616.0,1429.371,1342.633,93.033,1.914,36.762,9.869,525.461,3729.538,0.0,,0.0,0.0,0.0,0.0,0.0,0.0,,0.0,0.0,0.0,0.0,0.0
BRA,Brazil,1988,8.935,3.508,0.636,0.213,-2.278,-8.168,3.819,54.59,,,,,,,,,2.193,2.196,8.509,2.713,126.268,32.826,879.135,42.773,297.807,,,4.715,11.912,0.005,199.093,0.608,7.192,,3.34,202.433,0.0,0.0,214.953,,1.236,10332.011,1.775,57.272,14.822,849.899,5917.386,82.937,5.542,1200534790000.0,0.002,0.666,2.271,0.223,33.698,0.035,234.618,33.698,234.618,92.622,7.27,37.268,37.481,553.037,1386.176,3850.492,94.458,203.041,1413.662,6.786,38.007,35.839,564.003,3926.843,,,0.283,-37.513,0.114,-1.014,1.689,4.233,11.759,3.346,1.753,46.493,11.886,689.933,50.077,4803.634,350.343,2439.249,,23.253,-6.336,0.625,-0.628,9.277,,1.554,64.592,1496.599,143627504.0,1483.961,1409.429,94.175,7.013,37.893,36.853,562.314,3915.084,0.0,,0.0,0.0,0.0,0.0,0.0,0.0,,0.0,0.0,0.0,0.0,0.0
BRA,Brazil,1989,-9.749,-4.17,2.527,0.852,6.8,23.822,2.013,29.867,,,,,,,,,2.457,-0.773,8.276,-0.976,125.291,37.236,856.236,38.603,263.814,,,5.449,11.816,0.215,204.69,1.83,6.152,,3.403,208.093,0.0,0.0,221.739,,1.222,10345.418,0.604,56.481,5.132,855.031,5843.239,80.749,5.329,1238775447000.0,0.097,2.527,2.282,0.852,34.549,1.469,236.107,34.549,236.107,92.311,2.811,37.559,15.547,568.584,1398.841,3885.672,94.671,209.923,1434.604,3.39,38.52,19.118,583.12,3985.014,,,0.825,200.987,0.336,3.394,5.083,12.506,34.739,2.774,0.762,45.923,5.257,695.19,42.043,4750.896,374.166,2557.028,,23.257,1.898,0.624,0.176,9.453,,1.535,64.603,1515.353,146328320.0,1513.828,1422.098,93.846,2.796,38.184,15.723,578.037,3950.274,0.0,,0.0,0.0,0.0,0.0,0.0,0.0,,0.0,0.0,0.0,0.0,0.0
BRA,Brazil,1990,-49.174,-18.983,-8.955,-3.094,6.078,22.74,-1.649,-24.964,,,,4.574,,68.095,457.0,,2.074,-10.911,7.497,-13.671,111.621,31.01,749.117,19.621,131.68,,,4.621,10.016,0.326,206.708,2.237,5.07,,3.859,210.567,0.0,0.0,222.82,,1.256,9992.155,-2.969,55.723,-25.384,829.647,5567.98,67.22,4.495,1185475140000.0,0.146,-8.955,2.113,-3.094,31.455,2.185,211.104,31.455,211.104,92.769,0.986,38.566,5.606,574.189,1387.272,3853.537,95.505,212.804,1428.184,13.05,44.277,76.097,659.217,4424.182,,,1.004,22.24,0.417,1.131,6.214,15.013,41.703,2.275,-1.24,46.114,-8.62,686.57,34.025,4607.759,396.906,2663.74,,25.899,13.396,0.72,1.266,10.72,,1.732,71.942,1495.405,149003216.0,1488.863,1413.171,94.501,12.969,43.859,74.966,653.004,4382.479,0.0,,0.0,0.0,0.0,0.0,0.0,0.0,,0.0,0.0,0.0,0.0,0.0
BRA,Brazil,1991,19.621,3.85,3.96,1.245,-1.165,-4.625,3.84,57.167,,,4.252,4.592,2.895,70.99,468.121,,2.361,14.641,8.277,16.343,127.964,36.491,843.82,23.47,154.769,,,5.534,11.153,0.373,217.782,1.442,5.246,,4.0,221.782,0.0,0.0,234.376,,1.275,10194.86,3.053,55.301,25.329,854.976,5637.896,73.543,4.758,1212665822378.0,0.159,3.96,2.115,1.245,32.701,2.46,215.635,32.701,215.635,92.92,5.357,39.129,30.761,604.95,1436.102,3989.175,95.242,223.224,1471.985,4.83,44.699,31.838,691.056,4556.972,,,0.615,-35.539,0.259,-2.208,4.006,9.509,26.414,2.238,1.127,44.909,7.74,694.311,34.593,4578.441,392.281,2586.784,,26.374,3.642,0.719,0.39,11.11,,1.706,73.262,1545.529,151648000.0,1546.03,1462.476,94.626,5.214,44.44,34.047,687.05,4530.558,0.0,,0.0,0.0,0.0,0.0,0.0,0.0,,0.0,0.0,0.0,0.0,0.0
BRA,Brazil,1992,-6.383,-1.498,13.282,4.343,1.514,5.94,4.672,72.235,,,-2.15,4.292,-1.526,69.464,450.304,,2.071,-2.957,7.674,-3.784,124.18,32.461,805.009,21.972,142.437,,,5.007,11.731,0.39,223.343,1.759,6.333,,4.929,228.272,0.0,0.0,241.762,,1.325,10490.545,6.415,56.222,54.85,909.826,5898.028,76.045,4.852,1220990202831.0,0.161,13.282,2.289,4.343,37.044,2.528,240.141,37.044,240.141,92.381,2.553,38.337,15.447,620.398,1447.841,4021.783,95.148,230.031,1491.199,2.516,43.778,17.384,708.44,4592.525,,,0.728,21.983,0.302,0.881,4.886,11.403,31.675,2.62,7.819,46.26,54.291,748.601,41.055,4852.878,398.22,2581.498,,31.955,23.246,0.846,2.583,13.693,,2.039,88.764,1567.243,154259376.0,1618.265,1479.796,94.42,2.402,43.476,16.504,703.554,4560.851,0.0,,0.0,0.0,0.0,0.0,0.0,0.0,,0.0,0.0,0.0,0.0,0.0
BRA,Brazil,1993,-0.612,-0.134,17.143,6.351,2.06,8.205,4.47,72.334,,,4.281,4.285,2.974,72.437,461.829,,1.948,3.025,7.568,3.756,127.936,31.295,815.665,21.838,139.228,,,4.909,11.512,0.388,235.065,0.442,6.216,,4.984,240.049,0.0,0.0,252.003,,1.304,10778.504,4.43,56.201,40.305,950.132,6057.616,73.397,4.568,1296907406466.0,0.154,17.143,2.567,6.351,43.395,2.474,276.665,43.395,276.665,93.279,5.248,38.623,32.561,652.959,1498.67,4162.975,95.432,240.491,1533.263,4.521,43.799,32.028,740.468,4720.897,,,0.175,-74.872,0.073,-3.658,1.228,2.818,7.828,2.466,4.034,46.067,30.199,778.8,39.628,4965.286,406.425,2591.186,,31.775,1.107,0.819,0.152,13.844,,1.978,88.265,1606.66,156849088.0,1690.599,1530.445,95.256,5.072,43.727,35.687,739.241,4713.069,0.0,,0.0,0.0,0.0,0.0,0.0,0.0,,0.0,0.0,0.0,0.0,0.0
BRA,Brazil,1994,11.527,2.517,9.211,3.997,3.702,15.047,5.091,86.06,,,6.662,4.349,4.826,77.263,484.613,,1.911,2.654,7.392,3.395,131.332,31.177,823.744,24.355,152.76,,,4.971,11.892,0.479,242.705,0.055,6.442,,5.388,248.093,0.0,0.0,260.041,,1.278,11143.628,6.311,56.854,59.965,1010.096,6335.563,74.591,4.573,1389944709173.0,0.184,9.211,2.667,3.997,47.392,3.005,297.252,47.392,297.252,93.333,3.25,37.947,21.222,674.181,1522.304,4228.624,95.427,248.148,1556.445,3.524,43.146,26.096,766.564,4808.074,,,0.021,-87.557,0.009,-1.075,0.153,0.345,0.958,2.477,6.75,46.794,52.572,831.372,40.409,5214.567,421.472,2643.572,,33.796,8.112,0.842,1.123,14.967,,2.072,93.878,1631.037,159432720.0,1776.659,1556.1,95.406,3.676,43.138,27.171,766.412,4807.116,0.0,,0.0,0.0,0.0,0.0,0.0,0.0,,0.0,0.0,0.0,0.0,0.0
BRA,Brazil,1995,-1.898,-0.462,10.367,4.913,3.488,14.7,4.999,88.806,,,3.404,4.283,2.63,79.893,493.107,,1.975,4.872,7.383,6.398,137.73,33.591,850.08,23.893,147.467,,,5.442,13.584,0.56,253.905,2.519,7.581,,5.594,259.499,0.0,0.0,275.601,,1.272,11513.805,4.717,56.701,47.65,1057.746,6528.495,83.839,4.929,1466460120645.0,0.203,10.367,2.804,4.913,52.305,3.454,322.831,52.305,322.83,92.128,4.615,37.808,31.111,705.292,1567.122,4353.121,95.071,262.018,1617.195,5.369,43.299,41.157,807.721,4985.319,,,0.914,4480.0,0.375,6.844,6.997,15.547,43.187,2.751,4.371,46.514,36.339,867.71,46.794,5355.584,436.171,2692.086,,34.525,3.814,0.833,0.571,15.538,,2.03,95.903,1701.035,162019888.0,1865.465,1601.647,94.157,4.477,42.923,34.312,800.724,4942.132,0.0,,0.0,0.0,0.0,0.0,0.0,0.0,,0.0,0.0,0.0,0.0,0.0
BRA,Brazil,1996,-6.801,-1.625,9.278,4.853,13.41,58.491,5.588,104.249,,,4.106,4.223,3.281,83.174,505.263,,2.069,3.187,7.215,4.389,142.119,36.605,863.345,22.268,135.271,,,6.026,16.328,0.974,265.769,2.427,9.328,,6.753,272.524,0.0,0.002,291.279,,1.298,11965.606,6.149,57.003,65.044,1122.79,6820.714,99.189,5.606,1517464202560.0,0.334,10.176,2.926,5.323,57.627,5.918,350.075,57.158,347.22,91.242,4.673,37.48,32.956,738.248,1614.491,4484.702,94.394,274.951,1670.268,4.854,42.997,39.206,846.926,5144.902,,,0.833,-3.652,0.342,-0.256,6.742,14.744,40.954,3.202,6.377,46.862,55.332,923.042,56.667,5607.294,494.662,3004.971,,41.021,20.719,0.952,3.219,18.758,,2.318,113.948,1769.458,164614688.0,1969.715,1655.525,93.561,4.928,42.655,39.461,840.185,5103.947,0.0,,0.0,0.0,0.0,0.0,0.0,0.001,,0.0,0.006,0.006,0.012,0.034
BRA,Brazil,1997,17.013,3.788,8.851,5.059,7.201,35.621,5.713,112.525,,,-3.38,3.859,-2.811,80.362,480.61,,2.374,0.6,6.866,0.852,142.971,43.719,855.046,26.056,155.828,,,7.31,18.456,1.177,278.972,3.169,9.969,,7.379,286.355,0.0,0.004,307.981,,1.311,12452.915,6.667,57.517,74.856,1197.646,7162.564,110.379,5.993,1588456531724.0,0.382,8.672,3.008,4.997,62.625,7.039,374.531,62.217,372.089,90.581,4.968,37.216,36.675,774.923,1668.403,4634.455,94.007,289.524,1731.509,4.448,42.483,37.67,884.596,5290.361,,,1.029,30.573,0.423,2.061,8.803,18.952,52.645,3.237,7.476,47.643,69.006,992.048,59.62,5932.988,530.283,3171.38,,44.13,9.274,0.984,1.74,20.497,,2.396,122.584,1841.891,167209040.0,2082.24,1712.557,92.978,4.238,42.06,35.609,875.793,5237.715,0.0,,0.0,0.0,0.0,0.0,0.0,0.001,100.0,0.001,0.006,0.011,0.024,0.066
BRA,Brazil,1998,-2.145,-0.559,4.752,2.957,15.534,82.376,3.651,76.016,,,-1.841,3.655,-1.48,78.883,464.602,,2.167,-2.05,6.489,-2.931,140.04,41.073,824.809,25.497,150.173,,,6.974,19.504,1.321,291.469,3.265,11.21,,7.505,298.979,0.0,0.005,321.749,,1.337,12711.681,3.52,57.445,42.161,1239.807,7302.207,114.876,6.062,1613655516885.0,0.411,4.801,3.041,3.007,65.632,7.78,386.556,65.173,383.857,90.589,4.48,37.513,34.714,809.637,1716.692,4768.593,93.938,302.244,1780.156,3.827,42.555,33.854,918.451,5409.484,,,1.015,3.029,0.42,0.267,9.069,19.23,53.417,3.484,4.242,47.915,42.086,1034.134,66.022,6090.842,612.659,3608.436,,44.204,1.711,0.966,0.351,20.848,,2.333,122.79,1895.033,169785248.0,2158.256,1760.926,92.923,3.835,42.135,33.588,909.381,5356.067,0.0,,0.0,0.0,0.0,0.0,0.0,0.002,25.0,0.001,0.003,0.014,0.029,0.082
BRA,Brazil,1999,2.459,0.627,17.418,11.352,12.941,79.286,1.789,38.621,,,0.23,3.599,0.182,79.064,458.826,,3.012,1.262,6.455,1.768,141.808,58.505,822.94,26.124,151.603,,,10.081,29.371,2.653,293.0,3.977,16.637,,8.376,301.378,0.0,0.002,334.726,,1.338,12748.921,2.403,57.791,29.799,1269.606,7367.777,170.447,8.775,1641348435980.0,0.793,18.663,3.545,12.249,77.88,15.395,451.956,76.525,444.091,87.534,0.525,37.048,4.253,813.89,1700.338,4723.165,91.225,305.355,1772.037,0.961,42.209,8.823,927.273,5381.154,,,1.188,21.807,0.503,1.978,11.047,23.079,64.109,4.97,1.526,47.791,15.782,1049.916,96.547,6092.881,691.945,4015.498,,48.608,11.602,1.059,2.419,23.267,,2.502,135.021,1942.484,172318672.0,2196.877,1748.957,90.037,0.753,41.706,6.845,916.226,5317.045,0.0,,0.0,0.0,0.0,0.0,0.0,0.001,-60.0,0.0,-0.008,0.006,0.012,0.032
BRA,Brazil,2000,19.535,5.103,0.747,0.572,12.761,88.3,1.685,37.015,2.163,42.394,-14.388,3.03,-11.376,67.689,387.257,86.608,3.112,6.61,6.768,9.374,151.181,60.987,864.931,31.227,178.655,385.58,7.41,10.66,28.87,3.84,301.36,4.94,14.37,0.0,7.41,308.77,0.0,0.0,342.58,29.67,1.288,12780.411,0.978,57.39,12.417,1282.023,7334.634,165.169,8.427,1734491269177.0,1.121,24.608,4.344,19.165,97.045,21.969,555.209,77.097,441.083,87.968,3.892,37.852,31.675,845.565,1724.123,4837.593,91.573,313.71,1794.779,2.653,42.61,24.598,951.871,5445.787,11.152,43.0,1.442,52.024,0.752,5.747,16.794,28.262,96.083,4.195,-1.535,46.278,-16.121,1033.796,82.213,5914.494,780.245,4463.894,0.0,42.394,-6.216,0.977,-1.446,21.82,0.0,2.163,124.838,1959.948,174790336.0,2233.892,1766.516,90.131,2.057,41.859,18.85,935.077,5349.704,0.0,,0.0,0.0,0.0,0.0,0.0,0.0,-50.0,0.0,-0.003,0.003,0.0,0.016
BRA,Brazil,2001,-14.149,-4.418,2.128,1.641,4.677,36.496,-2.115,-47.236,2.621,47.8,-10.342,2.775,-7.001,60.688,342.492,100.412,3.357,-1.583,6.804,-2.393,148.788,61.232,839.681,26.809,151.295,361.02,8.47,10.85,35.19,9.35,265.2,14.27,14.99,0.0,8.47,273.71,0.0,0.04,323.17,32.45,1.228,12340.321,3.148,60.475,40.364,1322.387,7462.848,198.594,10.889,1780379352398.0,2.893,26.603,5.619,25.817,122.862,52.766,693.368,78.738,444.355,82.062,-12.571,33.808,-106.296,739.269,1496.647,4172.039,89.111,287.98,1625.206,-9.203,39.525,-87.6,864.271,4877.484,10.484,37.85,4.416,134.639,1.802,22.612,39.406,80.532,222.388,4.638,1.639,48.052,16.941,1050.736,84.596,5929.799,816.741,4609.252,0.0,47.8,13.706,1.135,2.991,24.811,0.0,2.621,140.021,1823.799,177196048.0,2186.656,1544.673,84.695,-11.786,37.723,-110.212,824.864,4655.095,0.0,,0.0,0.0,0.0,0.0,0.0,0.012,3367.34,0.004,0.094,0.096,0.226,0.544
BRA,Brazil,2002,11.132,2.984,20.813,16.388,11.932,97.454,2.343,51.232,2.839,53.805,12.937,3.063,7.851,68.539,381.756,91.863,2.648,-3.211,6.435,-4.778,144.01,50.184,802.119,29.793,165.943,376.85,9.66,9.01,33.5,11.72,283.23,13.84,12.77,0.0,9.66,292.95,0.0,0.06,340.29,31.26,1.205,12464.74,-0.274,58.929,-3.627,1318.76,7345.318,186.591,9.845,1857599313953.0,3.444,18.151,6.487,22.301,145.163,65.279,808.536,95.126,529.838,83.232,6.111,35.053,45.178,784.446,1577.553,4369.262,90.155,306.79,1708.779,6.347,41.071,54.859,919.13,5119.432,9.701,36.56,4.067,-3.728,1.695,-1.469,37.937,77.087,211.307,3.753,-2.013,46.007,-21.15,1029.586,71.127,5734.662,914.196,5091.947,0.0,53.805,13.011,1.253,3.228,28.039,0.0,2.839,156.176,1895.37,179537520.0,2237.889,1631.692,86.088,6.829,39.376,56.328,881.193,4908.125,0.0,,0.0,0.0,0.0,0.0,0.0,0.018,73.657,0.007,0.071,0.167,0.334,0.932
BRA,Brazil,2003,-8.716,-2.597,8.636,8.215,3.7,33.824,1.78,39.844,3.137,61.933,-4.951,2.86,-3.394,65.146,358.32,85.316,2.497,3.756,6.56,5.408,149.419,49.282,821.844,27.196,149.587,397.09,11.26,8.96,31.62,12.41,302.56,13.4,10.25,0.0,11.26,313.88,0.0,0.06,358.9,30.62,1.198,12528.146,-0.587,57.558,-7.743,1311.017,7210.949,173.919,8.81,1902060940834.0,3.458,11.925,7.133,17.31,162.473,68.258,893.646,103.341,568.404,84.302,6.14,36.554,48.162,832.608,1664.162,4579.571,91.19,327.28,1800.128,5.177,42.442,47.587,966.717,5317.206,9.617,38.19,3.734,-4.074,1.598,-1.545,36.392,73.704,200.166,2.856,-2.959,43.865,-30.462,999.125,56.378,5495.46,948.019,5214.362,0.0,61.933,15.569,1.423,4.365,32.405,0.0,3.137,178.235,1974.047,181809248.0,2277.733,1726.425,87.456,5.576,40.844,49.133,930.325,5117.04,0.0,,0.0,0.0,0.0,0.0,0.0,0.017,-0.641,0.007,-0.001,0.166,0.33,0.914
BRA,Brazil,2004,15.965,4.342,9.983,10.317,-0.749,-7.104,4.877,111.08,3.09,64.019,11.498,3.041,7.491,72.637,394.75,94.42,2.702,4.844,6.558,7.238,156.657,55.976,851.367,31.538,171.396,418.55,11.78,10.3,40.14,18.19,317.59,11.6,11.65,0.0,11.78,329.43,0.0,0.06,381.17,35.99,1.173,12982.219,5.446,57.87,71.394,1382.411,7512.841,218.144,10.531,2036566862830.0,4.772,18.927,8.089,30.752,193.225,98.855,1050.099,113.658,617.684,83.32,4.299,36.353,35.792,868.4,1725.972,4719.399,89.469,341.03,1853.359,4.105,42.13,39.686,1006.403,5469.388,8.931,37.38,3.043,-13.632,1.316,-4.961,31.431,63.041,170.815,3.056,3.343,43.224,33.404,1032.529,63.313,5611.375,940.915,5113.488,0.0,64.019,4.213,1.414,1.365,33.77,0.0,3.09,183.527,2071.503,184006480.0,2388.812,1790.317,86.426,4.799,40.814,44.647,974.972,5298.573,0.0,,0.0,0.0,0.0,0.0,0.0,0.016,-0.637,0.007,-0.001,0.165,0.326,0.897
BRA,Brazil,2005,4.861,1.533,-1.094,-1.243,9.984,93.939,2.819,67.346,3.232,68.716,8.217,3.2,5.969,78.605,422.32,91.833,2.732,-3.557,6.151,-5.572,151.085,58.079,811.729,33.071,177.681,434.76,12.79,10.81,39.56,17.7,334.08,9.2,11.05,0.0,12.79,346.96,0.0,0.09,395.72,36.34,1.154,13196.134,1.744,57.265,24.111,1406.522,7556.782,212.543,9.997,2127880873244.0,4.473,4.164,8.195,8.046,201.271,95.096,1081.365,112.414,603.966,84.423,4.527,36.957,39.316,907.716,1794.902,4876.863,90.003,356.16,1913.531,4.296,42.735,43.235,1049.638,5639.362,8.98,39.04,2.325,-15.661,1.079,-4.922,26.509,49.429,142.423,2.792,2.095,42.919,21.637,1054.165,59.368,5663.689,1034.854,5559.931,0.0,68.716,8.255,1.488,2.788,36.558,0.0,3.232,196.414,2126.074,186127104.0,2456.158,1864.103,87.678,4.939,41.656,48.158,1023.129,5496.94,0.0,,0.0,0.0,0.0,0.0,0.0,0.023,51.331,0.01,0.085,0.25,0.484,1.343
BRA,Brazil,2006,-0.089,-0.029,2.109,2.37,5.68,58.779,2.515,61.761,3.396,74.349,-6.723,2.912,-5.284,73.321,389.657,89.578,2.551,-1.397,5.917,-2.111,148.974,55.855,791.711,33.042,175.597,453.09,13.99,10.51,39.4,17.21,345.32,12.98,11.68,0.0,13.99,359.55,0.0,0.24,411.93,36.9,1.124,13381.274,2.037,56.999,28.656,1435.178,7627.138,209.388,9.565,2239747965006.0,4.178,5.18,8.408,10.427,211.698,91.461,1125.052,114.785,610.014,83.83,2.713,37.028,24.626,932.342,1835.175,4954.857,90.435,372.53,1979.78,3.154,43.001,33.104,1082.743,5754.147,9.084,41.16,3.151,38.687,1.46,10.255,36.764,68.981,195.38,2.835,1.93,42.674,20.34,1074.505,62.072,5710.376,1093.633,5812.023,0.0,74.349,8.545,1.576,3.124,39.682,0.0,3.396,210.886,2189.168,188167360.0,2517.919,1910.799,87.284,2.233,41.541,22.849,1045.978,5558.767,0.0,,0.0,0.0,0.0,0.0,0.0,0.058,153.509,0.025,0.384,0.633,1.275,3.367
BRA,Brazil,2007,2.943,0.972,0.691,0.793,1.037,11.34,6.071,152.87,3.882,89.255,38.834,3.811,28.474,101.794,535.392,85.779,2.42,5.973,5.911,8.898,157.872,55.646,830.334,34.014,178.899,476.0,16.97,10.58,37.64,14.56,370.27,11.65,12.5,0.0,16.97,387.88,0.0,0.64,437.17,37.5,1.11,14047.142,4.027,55.9,57.795,1492.973,7852.362,197.969,8.61,2405103626412.0,3.331,2.985,8.163,6.319,218.016,76.579,1146.668,115.577,607.885,84.697,6.557,37.198,61.136,993.478,1947.453,5225.247,91.39,399.53,2101.347,8.781,44.1,95.076,1177.818,6194.791,8.158,38.83,2.665,-10.772,1.228,-3.96,32.804,61.274,172.535,2.859,3.963,41.826,42.578,1117.084,65.744,5875.359,1104.973,5811.655,0.0,89.255,20.914,1.797,8.299,47.981,0.0,3.882,252.359,2299.316,190130432.0,2670.789,2040.073,88.725,9.468,42.872,99.036,1145.014,6022.257,0.0,,0.0,0.0,0.0,0.0,0.0,0.146,177.907,0.066,1.127,1.761,3.366,9.26
BRA,Brazil,2008,11.324,3.852,24.385,28.183,3.977,43.942,4.362,116.506,4.159,98.474,33.716,4.883,34.321,136.115,708.819,105.632,2.567,1.432,5.745,2.261,160.132,60.772,833.892,37.866,197.188,496.9,18.91,11.67,55.87,27.51,365.86,13.21,16.69,0.0,18.91,385.61,0.0,0.84,454.69,48.03,1.089,14514.868,6.058,56.808,90.445,1583.418,8245.663,290.944,12.287,2559007092658.0,6.05,17.702,9.206,38.593,256.609,143.259,1336.294,143.761,748.635,80.464,-1.806,34.999,-17.941,975.538,1905.22,5080.123,87.713,398.82,2076.859,2.213,43.192,26.062,1203.88,6269.217,8.495,42.21,2.905,12.406,1.323,4.07,36.874,68.791,192.02,3.671,4.439,41.857,49.591,1166.675,86.913,6075.477,1148.914,5982.982,0.0,98.474,8.857,1.874,4.25,52.231,0.0,4.159,271.993,2367.803,192030352.0,2787.295,2008.068,84.807,1.921,41.869,21.992,1167.006,6077.197,0.0,,0.0,0.0,0.0,0.0,0.0,0.185,77.381,0.112,1.362,3.123,4.374,16.262
BRA,Brazil,2009,-6.505,-2.463,-14.602,-20.991,6.979,80.188,-0.826,-23.037,4.755,112.488,9.645,5.399,13.128,149.243,769.742,83.764,2.15,-19.312,4.674,-30.925,129.207,50.854,666.407,35.403,182.595,498.65,21.81,9.86,36.32,12.71,387.08,12.22,13.75,0.0,21.81,410.13,0.0,1.24,458.67,38.42,1.068,14257.096,-5.772,53.975,-91.395,1492.023,7695.342,187.326,7.919,2587477649695.0,2.771,-19.455,7.477,-49.923,206.686,65.554,1066.017,122.769,633.203,84.392,5.146,37.107,50.203,1025.741,1996.426,5290.421,92.081,422.35,2178.336,5.678,46.025,68.358,1272.238,6561.765,8.018,39.98,2.664,-7.814,1.23,-2.881,33.992,63.027,175.32,2.998,-0.904,41.824,-10.547,1156.128,70.918,5962.918,1229.102,6339.288,0.0,112.488,14.901,2.171,7.783,60.014,0.0,4.755,309.531,2365.662,193886496.0,2764.258,2115.31,89.417,6.104,44.795,71.239,1238.245,6386.445,0.0,,0.0,0.0,0.0,0.0,0.0,0.27,4.003,0.117,0.125,3.248,6.395,16.751
BRA,Brazil,2010,-10.217,-3.617,22.348,27.436,5.284,64.942,10.071,278.398,6.023,155.942,6.829,5.24,10.191,159.434,814.627,105.614,2.2,30.177,5.528,38.991,168.198,56.971,859.407,31.786,162.409,541.4,30.52,11.15,61.02,34.85,399.26,13.77,15.02,0.0,30.52,431.96,0.0,2.18,506.75,53.52,1.08,15546.469,14.266,56.032,212.851,1704.874,8711.063,311.782,12.041,2816706146073.0,6.877,33.423,9.063,69.082,275.768,178.066,1409.038,150.206,767.476,78.788,2.514,34.559,25.782,1051.523,2040.021,5372.765,87.959,445.73,2277.46,5.152,43.968,65.547,1337.785,6835.419,6.4,34.65,2.717,11.4,1.245,3.875,37.867,70.358,193.482,2.964,9.063,41.441,104.779,1260.907,76.745,6442.618,1294.045,6611.928,0.0,155.942,38.777,2.737,23.271,83.285,0.0,6.023,425.547,2589.242,195713648.0,3042.656,2207.102,85.241,4.981,42.723,61.672,1299.918,6641.936,0.0,,0.0,0.0,0.0,0.0,0.0,0.43,74.734,0.187,2.427,5.675,11.139,28.997
BRA,Brazil,2011,0.081,0.026,14.689,22.064,2.318,30.001,4.606,140.15,5.982,158.419,-8.672,4.575,-13.826,145.608,737.2,94.129,2.411,6.821,5.645,11.472,179.67,63.843,909.654,31.811,161.059,559.0,31.29,12.61,50.27,24.06,424.05,14.8,13.6,0.0,31.29,458.04,0.0,2.7,523.11,49.24,1.073,16114.288,5.289,56.398,90.17,1795.044,9088.162,254.513,9.61,2965069861485.0,4.599,-0.339,8.635,-0.934,274.834,121.814,1391.464,172.27,872.187,81.063,5.562,34.875,58.487,1110.01,2146.931,5619.89,90.39,472.84,2393.95,3.736,43.602,49.98,1387.765,7026.139,6.42,35.89,2.829,7.166,1.275,2.714,40.581,74.931,205.457,2.6,6.315,42.118,79.632,1340.539,68.856,6787.044,1324.045,6703.534,0.0,158.419,1.527,2.657,1.272,84.557,0.0,5.982,428.105,2648.463,197514544.0,3182.806,2319.019,87.561,3.636,42.327,47.266,1347.184,6820.682,0.0,,0.0,0.0,0.0,0.0,0.0,0.516,23.51,0.22,1.334,7.009,13.67,35.488
BRA,Brazil,2012,6.716,2.136,15.127,26.059,-1.668,-22.09,1.811,57.626,6.327,172.364,-5.323,4.254,-7.75,137.858,691.753,118.385,2.61,-1.043,5.487,-1.873,177.796,71.103,892.162,33.948,170.346,583.15,34.35,14.17,77.12,44.91,411.19,15.17,18.04,0.0,34.35,450.6,0.01,5.05,542.89,64.27,1.072,16260.106,5.084,58.212,91.267,1886.311,9465.285,386.979,14.205,3022025708241.0,8.272,18.532,10.053,50.931,325.765,225.353,1634.653,198.328,995.189,75.741,-3.621,33.015,-40.188,1069.822,2063.303,5368.238,85.795,465.77,2337.179,-2.424,41.788,-33.641,1354.124,6794.834,6.904,40.26,2.794,1.8,1.275,0.73,41.311,76.121,207.294,3.323,3.149,42.672,42.209,1382.748,90.523,6938.47,1301.956,6533.06,0.0,172.364,8.949,2.843,7.567,92.124,0.0,6.327,462.266,2724.158,199287296.0,3240.433,2261.057,83.0,-2.551,40.513,-34.371,1312.813,6587.54,0.002,,0.0,0.003,0.003,0.05,0.013,0.93,85.576,0.401,5.998,13.008,25.34,65.271
BRA,Brazil,2013,24.205,8.217,10.673,21.167,-1.996,-25.988,3.752,121.583,7.011,195.09,17.444,4.816,24.049,161.906,805.36,152.922,3.819,7.788,5.7,13.847,191.643,106.25,953.281,42.165,209.739,599.7,39.22,21.36,111.84,66.05,387.08,14.65,24.43,0.0,39.22,432.88,0.0,6.58,559.37,85.54,1.08,16723.458,8.03,60.612,151.465,2037.776,10136.381,556.319,19.994,3112905996042.0,11.808,17.823,11.417,58.062,383.828,328.548,1909.251,219.496,1091.825,69.199,-6.43,29.775,-68.787,1001.035,1925.427,4979.382,80.006,447.53,2226.12,-2.207,39.388,-29.883,1324.242,6587.09,6.725,40.33,2.619,-4.251,1.177,-1.756,39.555,72.873,196.756,4.367,5.753,43.495,79.556,1462.304,121.521,7273.849,1275.968,6346.967,0.0,195.09,13.866,3.12,12.774,104.898,0.0,7.011,521.787,2782.438,201035904.0,3362.015,2153.247,77.387,-2.142,38.212,-28.126,1284.687,6390.335,0.0,386.249,0.0,0.01,0.012,0.0,0.061,1.176,29.431,0.501,3.828,16.836,32.73,83.745
BRA,Brazil,2014,-0.802,-0.338,6.37,13.981,11.613,148.181,2.283,76.765,7.798,222.18,10.398,5.198,16.835,178.741,881.525,176.155,4.521,6.326,5.926,12.123,203.766,128.82,1004.946,41.827,206.284,611.51,45.05,26.12,136.29,77.58,369.7,14.46,32.59,0.0,45.05,426.98,0.02,12.21,577.73,101.77,1.099,16959.543,4.016,61.638,81.832,2119.608,10453.585,672.162,23.591,3128572443040.0,13.428,5.921,11.823,22.727,406.555,382.613,2005.068,233.477,1151.472,63.992,-5.061,27.637,-50.665,950.37,1823.304,4687.079,76.409,441.44,2177.115,-0.383,38.362,-5.067,1319.175,6505.971,5.524,33.78,2.503,-1.057,1.138,-0.418,39.137,71.315,193.017,5.641,3.213,43.89,46.982,1509.285,160.729,7443.571,1424.149,7023.686,0.0,222.18,14.218,3.484,14.915,119.812,0.0,7.798,590.897,2849.277,202763744.0,3438.78,2105.801,73.906,-0.362,37.224,-4.648,1280.038,6312.954,0.003,233.339,0.001,0.029,0.041,0.099,0.202,2.113,84.571,0.904,14.238,31.074,60.218,153.252
BRA,Brazil,2015,-19.19,-8.026,1.957,4.568,7.952,113.251,-1.45,-49.871,8.388,233.284,18.524,6.251,33.109,211.85,1036.087,171.605,4.607,0.594,6.048,1.211,204.978,128.135,1002.475,33.8,165.306,603.11,47.7,26.2,129.26,76.01,356.15,13.89,27.05,0.0,47.7,425.54,0.06,21.63,568.69,97.59,1.036,16573.973,-3.346,60.452,-70.927,2048.681,10019.383,632.166,22.729,3270706238309.0,13.366,5.611,12.67,22.811,429.365,371.738,2099.878,238.045,1164.195,62.626,-4.241,26.854,-40.305,910.064,1741.805,4450.807,77.271,439.43,2149.099,1.596,39.548,21.056,1340.231,6554.603,5.707,34.42,2.442,-4.76,1.1,-1.863,37.274,67.931,182.294,4.757,-6.291,41.734,-94.949,1414.336,132.292,6917.03,1537.4,7518.885,0.0,233.284,5.319,3.723,6.373,126.185,0.0,8.388,617.129,2781.264,204471760.0,3388.909,2081.168,74.828,1.79,38.448,22.919,1302.957,6372.309,0.011,264.181,0.004,0.108,0.149,0.293,0.729,3.803,76.057,1.614,23.634,54.708,105.785,267.557
BRA,Brazil,2016,-7.848,-2.653,1.34,3.191,3.032,46.606,-2.579,-87.415,8.659,238.549,-9.106,5.833,-19.291,192.56,934.018,136.873,4.407,-9.675,5.608,-19.831,185.146,121.409,898.059,31.148,151.083,608.76,49.18,25.03,93.14,54.12,377.1,14.97,13.99,0.0,49.18,459.86,0.09,33.49,567.97,77.74,1.143,16013.995,-7.375,57.477,-151.081,1897.6,9204.365,451.778,16.399,2889037264385.0,9.529,-13.622,11.234,-58.487,370.879,262.511,1798.96,241.236,1170.121,66.394,5.258,29.015,47.849,957.913,1829.135,4646.385,83.601,474.83,2303.177,4.75,42.523,63.666,1403.897,6809.642,6.701,40.79,2.636,7.033,1.208,2.622,39.896,72.612,193.515,2.463,-5.145,40.635,-72.763,1341.573,67.859,6507.346,1584.006,7683.267,0.0,238.549,2.307,3.91,2.911,129.096,0.0,8.659,626.185,2754.955,206163056.0,3301.494,2230.565,80.966,4.685,41.315,61.044,1364.001,6616.128,0.016,43.856,0.006,0.065,0.214,0.437,1.04,5.896,53.94,2.551,29.51,84.218,162.444,408.5
BRA,Brazil,2017,-18.682,-5.819,12.676,30.578,4.491,71.136,1.265,41.768,8.747,243.031,5.041,6.05,9.707,202.267,973.216,142.221,4.26,5.469,5.841,10.125,195.271,118.364,939.556,25.329,121.87,613.83,50.51,24.6,101.72,62.61,367.2,14.85,14.51,0.0,50.51,460.91,0.83,42.37,577.48,82.13,1.142,16086.227,1.923,57.85,36.49,1934.09,9305.942,489.429,17.614,2926999211353.0,10.842,1.467,11.256,5.441,376.32,301.25,1810.68,271.814,1307.844,63.587,-3.199,27.735,-30.646,927.267,1766.796,4461.578,82.386,475.76,2289.137,0.376,42.15,5.278,1409.175,6780.298,5.922,36.35,2.572,-1.372,1.177,-0.548,39.348,71.451,189.324,2.513,1.56,40.754,20.923,1362.496,69.815,6555.706,1655.142,7963.776,0.0,243.031,2.466,3.957,3.184,132.28,0.0,8.747,636.472,2778.566,207833824.0,3343.262,2217.685,79.814,0.427,40.973,5.826,1369.827,6590.973,0.144,869.874,0.062,1.865,2.08,3.994,10.006,7.337,25.785,3.169,21.716,105.933,203.865,509.702
BRA,Brazil,2018,8.369,2.12,-7.428,-20.191,-1.471,-24.346,0.675,22.56,8.793,248.103,15.999,6.971,32.361,234.628,1120.106,125.755,3.825,-2.219,5.673,-4.333,190.938,107.939,911.535,27.449,131.039,626.05,51.97,22.61,86.42,52.2,385.08,15.67,11.61,0.0,51.97,488.98,3.46,48.47,591.07,74.33,1.135,16068.33,-3.766,55.299,-72.833,1861.256,8885.581,412.566,14.621,2965401452084.0,8.831,-4.627,10.663,-17.412,358.908,249.201,1713.417,251.624,1201.243,65.15,4.257,28.722,39.475,966.742,1838.36,4615.195,85.379,504.65,2409.183,6.769,44.701,95.393,1504.568,7182.762,5.587,34.98,2.651,-0.997,1.157,-0.392,38.956,74.808,185.973,1.964,-3.75,38.963,-51.088,1311.409,55.426,6260.629,1630.797,7785.372,0.0,248.103,2.177,4.016,2.88,135.161,0.0,8.793,645.253,2821.75,209469312.0,3365.822,2334.375,82.728,6.993,43.544,95.785,1465.613,6996.789,0.585,313.698,0.256,6.523,8.603,16.518,41.07,8.2,13.731,3.579,14.546,120.479,231.394,575.164
BRA,Brazil,2019,-8.395,-2.304,2.322,5.842,7.525,122.71,2.512,84.562,8.525,248.236,11.062,7.552,25.954,260.582,1234.697,124.612,3.796,-5.711,5.218,-10.904,180.034,110.543,853.044,25.144,119.139,639.51,52.39,23.33,90.39,57.66,393.9,15.22,9.4,0.0,52.39,508.94,6.66,55.99,614.55,76.58,,16348.695,0.659,54.299,12.272,1873.529,8877.2,428.288,14.708,,9.382,-0.439,10.356,-1.574,357.333,273.206,1693.128,257.465,1219.928,64.096,1.912,28.554,18.489,985.231,1866.387,4668.243,85.292,524.16,2483.588,4.805,45.701,72.29,1576.858,7471.508,3.903,24.96,2.477,2.523,1.158,0.983,39.938,72.116,189.238,1.53,1.887,38.725,24.751,1336.16,44.539,6331.029,1753.507,8308.508,0.0,248.236,0.618,3.941,0.835,135.996,0.0,8.525,644.38,2911.876,211049520.0,3450.384,2411.472,82.815,4.865,44.543,71.307,1536.92,7282.27,1.084,91.54,0.478,7.875,16.478,31.557,78.077,9.111,15.068,4.018,18.153,138.633,265.293,656.873
BRA,Brazil,2020,4.18,1.051,-7.062,-18.183,5.582,97.883,-3.328,-114.829,8.186,239.557,-0.106,7.804,-0.277,260.305,1224.622,113.069,3.384,-10.67,4.822,-19.21,160.825,99.031,756.61,26.195,123.237,646.73,50.92,21.05,79.74,51.78,409.5,14.05,6.91,0.0,50.92,528.22,10.75,57.05,622.01,70.33,,15692.344,-5.97,52.815,-111.857,1761.672,8287.902,375.142,12.82,,8.325,-10.117,9.629,-36.152,321.182,243.602,1511.022,239.282,1125.717,65.835,-0.637,29.349,-6.28,978.95,1926.52,4605.538,87.18,542.27,2551.146,-0.188,47.185,-2.972,1573.886,7404.454,3.822,24.72,2.259,-5.513,1.131,-2.202,37.737,66.099,177.534,1.111,-4.228,38.364,-56.496,1279.664,32.509,6020.27,1851.39,8709.988,0.0,239.557,0.444,4.095,0.604,136.6,0.0,8.186,642.643,2926.288,212559408.0,3335.555,2485.046,84.921,-0.05,46.054,-0.77,1536.15,7226.92,1.728,19.158,0.589,3.157,19.635,50.574,92.374,9.172,1.462,4.217,2.027,140.66,268.396,661.742
BRA,Brazil,2021,,,,,,,,,7.646,228.839,,,,,,144.677,4.153,,,,,124.303,,,,665.18,48.97,26.6,120.25,78.33,371.81,14.71,15.32,0.0,48.97,505.5,12.48,72.24,640.46,92.66,,,,,,,,561.933,18.776,,12.23,,,,,366.039,,,,58.054,,,,,1737.483,,81.224,520.21,2430.962,,,,,,3.716,24.72,2.297,,,,,68.74,,2.392,,,,,71.591,,,,0.0,228.839,,,,,0.0,7.646,,2992.895,213993440.0,,2362.222,78.928,,,,,,1.949,,,,,58.32,,11.279,,,,,337.58,
