iso_code,country,year,coal_prod_change_pct,coal_prod_change_twh,gas_prod_change_pct,gas_prod_change_twh,oil_prod_change_pct,oil_prod_change_twh,energy_cons_change_pct,energy_cons_change_twh,biofuel_share_elec,biofuel_elec_per_capita,biofuel_cons_change_pct,biofuel_share_energy,biofuel_cons_change_twh,biofuel_consumption,biofuel_cons_per_capita,carbon_intensity_elec,coal_share_elec,coal_cons_change_pct,coal_share_energy,coal_cons_change_twh,coal_consumption,coal_elec_per_capita,coal_cons_per_capita,coal_production,coal_prod_per_capita,electricity_demand,biofuel_electricity,coal_electricity,fossil_electricity,gas_electricity,hydro_electricity,nuclear_electricity,oil_electricity,other_renewable_exc_biofuel_electricity,other_renewable_electricity,renewables_electricity,solar_electricity,wind_electricity,electricity_generation,greenhouse_gas_emissions,energy_per_gdp,energy_per_capita,fossil_cons_change_pct,fossil_share_energy,fossil_cons_change_twh,fossil_fuel_consumption,fossil_energy_per_capita,fossil_cons_per_capita,fossil_share_elec,gdp,gas_share_elec,gas_cons_change_pct,gas_share_energy,gas_cons_change_twh,gas_consumption,gas_elec_per_capita,gas_energy_per_capita,gas_production,gas_prod_per_capita,hydro_share_elec,hydro_cons_change_pct,hydro_share_energy,hydro_cons_change_twh,hydro_consumption,hydro_elec_per_capita,hydro_energy_per_capita,low_carbon_share_elec,low_carbon_electricity,low_carbon_elec_per_capita,low_carbon_cons_change_pct,low_carbon_share_energy,low_carbon_cons_change_twh,low_carbon_consumption,low_carbon_energy_per_capita,net_elec_imports_share_demand,net_elec_imports,nuclear_share_elec,nuclear_cons_change_pct,nuclear_share_energy,nuclear_cons_change_twh,nuclear_consumption,nuclear_elec_per_capita,nuclear_energy_per_capita,oil_share_elec,oil_cons_change_pct,oil_share_energy,oil_cons_change_twh,oil_consumption,oil_elec_per_capita,oil_energy_per_capita,oil_production,oil_prod_per_capita,other_renewables_elec_per_capita_exc_biofuel,other_renewables_elec_per_capita,other_renewables_cons_change_pct,other_renewables_share_energy,other_renewables_cons_change_twh,other_renewable_consumption,other_renewables_share_elec_exc_biofuel,other_renewables_share_elec,other_renewables_energy_per_capita,per_capita_electricity,population,primary_energy_consumption,renewables_elec_per_capita,renewables_share_elec,renewables_cons_change_pct,renewables_share_energy,renewables_cons_change_twh,renewables_consumption,renewables_energy_per_capita,solar_share_elec,solar_cons_change_pct,solar_share_energy,solar_cons_change_twh,solar_consumption,solar_elec_per_capita,solar_energy_per_capita,wind_share_elec,wind_cons_change_pct,wind_share_energy,wind_cons_change_twh,wind_consumption,wind_elec_per_capita,wind_energy_per_capita
BRN,Brunei,1900,,,,,,,,,,,,,,,,,,,,,,,,,,,,,,,,,,,,,,,,,,,,,,,,,,,,,,,,,,0.0,0.0,,,,,,,,,,,,,,,,,,,,,,,,,,,,,,,,0.0,0.0,,,,,,,,,,,16910.0,,,,,,,,,,,,,,,,,,,,,,
BRN,Brunei,1901,,,,0.0,,0.0,,,,,,,,,,,,,,,,,,,,,,,,,,,,,,,,,,,,,,,,,,,,,,,,,,,,0.0,0.0,,,,,,,,,,,,,,,,,,,,,,,,,,,,,,,,0.0,0.0,,,,,,,,,,,17467.0,,,,,,,,,,,,,,,,,,,,,,
BRN,Brunei,1902,,,,0.0,,0.0,,,,,,,,,,,,,,,,,,,,,,,,,,,,,,,,,,,,,,,,,,,,,,,,,,,,0.0,0.0,,,,,,,,,,,,,,,,,,,,,,,,,,,,,,,,0.0,0.0,,,,,,,,,,,18044.0,,,,,,,,,,,,,,,,,,,,,,
BRN,Brunei,1903,,,,0.0,,0.0,,,,,,,,,,,,,,,,,,,,,,,,,,,,,,,,,,,,,,,,,,,,,,,,,,,,0.0,0.0,,,,,,,,,,,,,,,,,,,,,,,,,,,,,,,,0.0,0.0,,,,,,,,,,,18639.0,,,,,,,,,,,,,,,,,,,,,,
BRN,Brunei,1904,,,,0.0,,0.0,,,,,,,,,,,,,,,,,,,,,,,,,,,,,,,,,,,,,,,,,,,,,,,,,,,,0.0,0.0,,,,,,,,,,,,,,,,,,,,,,,,,,,,,,,,0.0,0.0,,,,,,,,,,,19253.0,,,,,,,,,,,,,,,,,,,,,,
BRN,Brunei,1905,,,,0.0,,0.0,,,,,,,,,,,,,,,,,,,,,,,,,,,,,,,,,,,,,,,,,,,,,,,,,,,,0.0,0.0,,,,,,,,,,,,,,,,,,,,,,,,,,,,,,,,0.0,0.0,,,,,,,,,,,19889.0,,,,,,,,,,,,,,,,,,,,,,
BRN,Brunei,1906,,,,0.0,,0.0,,,,,,,,,,,,,,,,,,,,,,,,,,,,,,,,,,,,,,,,,,,,,,,,,,,,0.0,0.0,,,,,,,,,,,,,,,,,,,,,,,,,,,,,,,,0.0,0.0,,,,,,,,,,,20545.0,,,,,,,,,,,,,,,,,,,,,,
BRN,Brunei,1907,,,,0.0,,0.0,,,,,,,,,,,,,,,,,,,,,,,,,,,,,,,,,,,,,,,,,,,,,,,,,,,,0.0,0.0,,,,,,,,,,,,,,,,,,,,,,,,,,,,,,,,0.0,0.0,,,,,,,,,,,21188.0,,,,,,,,,,,,,,,,,,,,,,
BRN,Brunei,1908,,,,0.0,,0.0,,,,,,,,,,,,,,,,,,,,,,,,,,,,,,,,,,,,,,,,,,,,,,,,,,,,0.0,0.0,,,,,,,,,,,,,,,,,,,,,,,,,,,,,,,,0.0,0.0,,,,,,,,,,,21818.0,,,,,,,,,,,,,,,,,,,,,,
BRN,Brunei,1909,,,,0.0,,0.0,,,,,,,,,,,,,,,,,,,,,,,,,,,,,,,,,,,,,,,,,,,,,,,,,,,,0.0,0.0,,,,,,,,,,,,,,,,,,,,,,,,,,,,,,,,0.0,0.0,,,,,,,,,,,22433.0,,,,,,,,,,,,,,,,,,,,,,
BRN,Brunei,1910,,,,0.0,,0.0,,,,,,,,,,,,,,,,,,,,,,,,,,,,,,,,,,,,,,,,,,,,,,,,,,,,0.0,0.0,,,,,,,,,,,,,,,,,,,,,,,,,,,,,,,,0.0,0.0,,,,,,,,,,,23033.0,,,,,,,,,,,,,,,,,,,,,,
BRN,Brunei,1911,,,,0.0,,0.0,,,,,,,,,,,,,,,,,,,,,,,,,,,,,,,,,,,,,,,,,,,,,,,,,,,,0.0,0.0,,,,,,,,,,,,,,,,,,,,,,,,,,,,,,,,0.0,0.0,,,,,,,,,,,23239.0,,,,,,,,,,,,,,,,,,,,,,
BRN,Brunei,1912,,,,0.0,,0.0,,,,,,,,,,,,,,,,,,,,,,,,,,,,,,,,,,,,,,,,,,,,,,,,,,,,0.0,0.0,,,,,,,,,,,,,,,,,,,,,,,,,,,,,,,,0.0,0.0,,,,,,,,,,,23448.0,,,,,,,,,,,,,,,,,,,,,,
BRN,Brunei,1913,,,,0.0,,0.0,,,,,,,,,,,,,,,,,,,,,,,,,,,,,,,,,,,,,,,,,,,,,,,,,,,,0.0,0.0,,,,,,,,,,,,,,,,,,,,,,,,,,,,,,,,0.0,0.0,,,,,,,,,,,23854.0,,,,,,,,,,,,,,,,,,,,,,
BRN,Brunei,1914,,,,0.0,,0.0,,,,,,,,,,,,,,,,,,,,,,,,,,,,,,,,,,,,,,,,,,,,,,,,,,,,0.0,0.0,,,,,,,,,,,,,,,,,,,,,,,,,,,,,,,,0.0,0.0,,,,,,,,,,,24268.0,,,,,,,,,,,,,,,,,,,,,,
BRN,Brunei,1915,,,,0.0,,0.0,,,,,,,,,,,,,,,,,,,,,,,,,,,,,,,,,,,,,,,,,,,,,,,,,,,,0.0,0.0,,,,,,,,,,,,,,,,,,,,,,,,,,,,,,,,0.0,0.0,,,,,,,,,,,24688.0,,,,,,,,,,,,,,,,,,,,,,
BRN,Brunei,1916,,,,0.0,,0.0,,,,,,,,,,,,,,,,,,,,,,,,,,,,,,,,,,,,,,,,,,,,,,,,,,,,0.0,0.0,,,,,,,,,,,,,,,,,,,,,,,,,,,,,,,,0.0,0.0,,,,,,,,,,,25116.0,,,,,,,,,,,,,,,,,,,,,,
BRN,Brunei,1917,,,,0.0,,0.0,,,,,,,,,,,,,,,,,,,,,,,,,,,,,,,,,,,,,,,,,,,,,,,,,,,,0.0,0.0,,,,,,,,,,,,,,,,,,,,,,,,,,,,,,,,0.0,0.0,,,,,,,,,,,25551.0,,,,,,,,,,,,,,,,,,,,,,
BRN,Brunei,1918,,,,0.0,,0.0,,,,,,,,,,,,,,,,,,,,,,,,,,,,,,,,,,,,,,,,,,,,,,,,,,,,0.0,0.0,,,,,,,,,,,,,,,,,,,,,,,,,,,,,,,,0.0,0.0,,,,,,,,,,,25982.0,,,,,,,,,,,,,,,,,,,,,,
BRN,Brunei,1919,,,,0.0,,0.0,,,,,,,,,,,,,,,,,,,,,,,,,,,,,,,,,,,,,,,,,,,,,,,,,,,,0.0,0.0,,,,,,,,,,,,,,,,,,,,,,,,,,,,,,,,0.0,0.0,,,,,,,,,,,26406.0,,,,,,,,,,,,,,,,,,,,,,
BRN,Brunei,1920,,,,0.0,,0.0,,,,,,,,,,,,,,,,,,,,,,,,,,,,,,,,,,,,,,,,,,,,,,,,,,,,0.0,0.0,,,,,,,,,,,,,,,,,,,,,,,,,,,,,,,,0.0,0.0,,,,,,,,,,,26825.0,,,,,,,,,,,,,,,,,,,,,,
BRN,Brunei,1921,,,,0.0,,0.0,,,,,,,,,,,,,,,,,,,,,,,,,,,,,,,,,,,,,,,,,,,,,,,,,,,,0.0,0.0,,,,,,,,,,,,,,,,,,,,,,,,,,,,,,,,0.0,0.0,,,,,,,,,,,27237.0,,,,,,,,,,,,,,,,,,,,,,
BRN,Brunei,1922,,,,0.0,,0.0,,,,,,,,,,,,,,,,,,,,,,,,,,,,,,,,,,,,,,,,,,,,,,,,,,,,0.0,0.0,,,,,,,,,,,,,,,,,,,,,,,,,,,,,,,,0.0,0.0,,,,,,,,,,,27643.0,,,,,,,,,,,,,,,,,,,,,,
BRN,Brunei,1923,,,,0.0,,0.0,,,,,,,,,,,,,,,,,,,,,,,,,,,,,,,,,,,,,,,,,,,,,,,,,,,,0.0,0.0,,,,,,,,,,,,,,,,,,,,,,,,,,,,,,,,0.0,0.0,,,,,,,,,,,28041.0,,,,,,,,,,,,,,,,,,,,,,
BRN,Brunei,1924,,,,0.0,,0.0,,,,,,,,,,,,,,,,,,,,,,,,,,,,,,,,,,,,,,,,,,,,,,,,,,,,0.0,0.0,,,,,,,,,,,,,,,,,,,,,,,,,,,,,,,,0.0,0.0,,,,,,,,,,,28445.0,,,,,,,,,,,,,,,,,,,,,,
BRN,Brunei,1925,,,,0.0,,0.0,,,,,,,,,,,,,,,,,,,,,,,,,,,,,,,,,,,,,,,,,,,,,,,,,,,,0.0,0.0,,,,,,,,,,,,,,,,,,,,,,,,,,,,,,,,0.0,0.0,,,,,,,,,,,28855.0,,,,,,,,,,,,,,,,,,,,,,
BRN,Brunei,1926,,,,0.0,,0.0,,,,,,,,,,,,,,,,,,,,,,,,,,,,,,,,,,,,,,,,,,,,,,,,,,,,0.0,0.0,,,,,,,,,,,,,,,,,,,,,,,,,,,,,,,,0.0,0.0,,,,,,,,,,,29271.0,,,,,,,,,,,,,,,,,,,,,,
BRN,Brunei,1927,,,,0.0,,0.0,,,,,,,,,,,,,,,,,,,,,,,,,,,,,,,,,,,,,,,,,,,,,,,,,,,,0.0,0.0,,,,,,,,,,,,,,,,,,,,,,,,,,,,,,,,0.0,0.0,,,,,,,,,,,29693.0,,,,,,,,,,,,,,,,,,,,,,
BRN,Brunei,1928,,,,0.0,,0.0,,,,,,,,,,,,,,,,,,,,,,,,,,,,,,,,,,,,,,,,,,,,,,,,,,,,0.0,0.0,,,,,,,,,,,,,,,,,,,,,,,,,,,,,,,,0.0,0.0,,,,,,,,,,,30121.0,,,,,,,,,,,,,,,,,,,,,,
BRN,Brunei,1929,,,,0.0,,0.0,,,,,,,,,,,,,,,,,,,,,,,,,,,,,,,,,,,,,,,,,,,,,,,,,,,,0.0,0.0,,,,,,,,,,,,,,,,,,,,,,,,,,,,,,,,0.0,0.0,,,,,,,,,,,30662.0,,,,,,,,,,,,,,,,,,,,,,
BRN,Brunei,1930,,,,0.0,,0.0,,,,,,,,,,,,,,,,,,,,,,,,,,,,,,,,,,,,,,,,,,,,,,,,,,,,0.0,0.0,,,,,,,,,,,,,,,,,,,,,,,,,,,,,,,,0.0,0.0,,,,,,,,,,,31322.0,,,,,,,,,,,,,,,,,,,,,,
BRN,Brunei,1931,,,,0.0,,0.047,,,,,,,,,,,,,,,,,,,,,,,,,,,,,,,,,,,,,,,,,,,,,,,,,,,,0.0,0.0,,,,,,,,,,,,,,,,,,,,,,,,,,,,,,,,0.047,1448.952,,,,,,,,,,,32106.0,,,,,,,,,,,,,,,,,,,,,,
BRN,Brunei,1932,,,,0.0,4375.0,2.035,,,,,,,,,,,,,,,,,,,,,,,,,,,,,,,,,,,,,,,,,,,,,,,,,,,,0.0,0.0,,,,,,,,,,,,,,,,,,,,,,,,,,,,,,,,2.082,63047.69,,,,,,,,,,,33019.0,,,,,,,,,,,,,,,,,,,,,,
BRN,Brunei,1933,,,,0.0,59.218,1.233,,,,,,,,,,,,,,,,,,,,,,,,,,,,,,,,,,,,,,,,,,,,,,,,,,,,0.0,0.0,,,,,,,,,,,,,,,,,,,,,,,,,,,,,,,,3.315,97295.114,,,,,,,,,,,34067.0,,,,,,,,,,,,,,,,,,,,,,
BRN,Brunei,1934,,,,0.0,32.632,1.082,,,,,,,,,,,,,,,,,,,,,,,,,,,,,,,,,,,,,,,,,,,,,,,,,,,,0.0,0.0,,,,,,,,,,,,,,,,,,,,,,,,,,,,,,,,4.396,125075.211,,,,,,,,,,,35148.0,,,,,,,,,,,,,,,,,,,,,,
BRN,Brunei,1935,,,,0.0,18.783,0.826,,,,,,,,,,,,,,,,,,,,,,,,,,,,,,,,,,,,,,,,,,,,,,,,,,,,0.0,0.0,,,,,,,,,,,,,,,,,,,,,,,,,,,,,,,,5.222,144000.06,,,,,,,,,,,36263.0,,,,,,,,,,,,,,,,,,,,,,
BRN,Brunei,1936,,,,0.0,2.227,0.116,,,,,,,,,,,,,,,,,,,,,,,,,,,,,,,,,,,,,,,,,,,,,,,,,,,,0.0,0.0,,,,,,,,,,,,,,,,,,,,,,,,,,,,,,,,5.338,142682.337,,,,,,,,,,,37413.0,,,,,,,,,,,,,,,,,,,,,,
BRN,Brunei,1937,,,,0.838,24.837,1.326,,,,,,,,,,,,,,,,,,,,,,,,,,,,,,,,,,,,,,,,,,,,,,,,,,,,0.838,21712.869,,,,,,,,,,,,,,,,,,,,,,,,,,,,,,,,6.664,172637.894,,,,,,,,,,,38601.0,,,,,,,,,,,,,,,,,,,,,,
BRN,Brunei,1938,,,-100.0,-0.838,23.386,1.558,,,,,,,,,,,,,,,,,,,,,,,,,,,,,,,,,,,,,,,,,,,,,,,,,,,,0.0,0.0,,,,,,,,,,,,,,,,,,,,,,,,,,,,,,,,8.222,206463.693,,,,,,,,,,,39825.0,,,,,,,,,,,,,,,,,,,,,,
BRN,Brunei,1939,,,,0.0,10.467,0.861,,,,,,,,,,,,,,,,,,,,,,,,,,,,,,,,,,,,,,,,,,,,,,,,,,,,0.0,0.0,,,,,,,,,,,,,,,,,,,,,,,,,,,,,,,,9.083,222084.581,,,,,,,,,,,40899.0,,,,,,,,,,,,,,,,,,,,,,
BRN,Brunei,1940,,,,0.0,11.268,1.023,,,,,,,,,,,,,,,,,,,,,,,,,,,,,,,,,,,,,,,,,,,,,,,,,,,,0.0,0.0,,,,,,,,,,,,,,,,,,,,,,,,,,,,,,,,10.106,241695.04,,,,,,,,,,,41815.0,,,,,,,,,,,,,,,,,,,,,,
BRN,Brunei,1941,,,,0.0,-28.539,-2.884,,,,,,,,,,,,,,,,,,,,,,,,,,,,,,,,,,,,,,,,,,,,,,,,,,,,0.0,0.0,,,,,,,,,,,,,,,,,,,,,,,,,,,,,,,,7.222,169667.484,,,,,,,,,,,42567.0,,,,,,,,,,,,,,,,,,,,,,
BRN,Brunei,1942,,,,0.0,-34.622,-2.5,,,,,,,,,,,,,,,,,,,,,,,,,,,,,,,,,,,,,,,,,,,,,,,,,,,,0.0,0.0,,,,,,,,,,,,,,,,,,,,,,,,,,,,,,,,4.722,109432.274,,,,,,,,,,,43148.0,,,,,,,,,,,,,,,,,,,,,,
BRN,Brunei,1943,,,,0.0,50.246,2.373,,,,,,,,,,,,,,,,,,,,,,,,,,,,,,,,,,,,,,,,,,,,,,,,,,,,0.0,0.0,,,,,,,,,,,,,,,,,,,,,,,,,,,,,,,,7.094,162900.245,,,,,,,,,,,43550.0,,,,,,,,,,,,,,,,,,,,,,
BRN,Brunei,1944,,,,0.0,33.279,2.361,,,,,,,,,,,,,,,,,,,,,,,,,,,,,,,,,,,,,,,,,,,,,,,,,,,,0.0,0.0,,,,,,,,,,,,,,,,,,,,,,,,,,,,,,,,9.455,215110.853,,,,,,,,,,,43955.0,,,,,,,,,,,,,,,,,,,,,,
BRN,Brunei,1945,,,,0.0,-63.1,-5.966,,,,,,,,,,,,,,,,,,,,,,,,,,,,,,,,,,,,,,,,,,,,,,,,,,,,0.0,0.0,,,,,,,,,,,,,,,,,,,,,,,,,,,,,,,,3.489,78643.137,,,,,,,,,,,44365.0,,,,,,,,,,,,,,,,,,,,,,
BRN,Brunei,1946,,,,0.356,-3.333,-0.116,,,,,,,,,,,,,,,,,,,,,,,,,,,,,,,,,,,,,,,,,,,,,,,,,,,,0.356,7940.817,,,,,,,,,,,,,,,,,,,,,,,,,,,,,,,,3.373,75320.53,,,,,,,,,,,44778.0,,,,,,,,,,,,,,,,,,,,,,
BRN,Brunei,1947,,,-10.714,-0.038,495.862,16.724,,,,,,,,,,,,,,,,,,,,,,,,,,,,,,,,,,,,,,,,,,,,,,,,,,,,0.317,7024.597,,,,,,,,,,,,,,,,,,,,,,,,,,,,,,,,20.097,444665.474,,,,,,,,,,,45195.0,,,,,,,,,,,,,,,,,,,,,,
BRN,Brunei,1948,,,44.0,0.14,55.498,11.153,,,,,,,,,,,,,,,,,,,,,,,,,,,,,,,,,,,,,,,,,,,,,,,,,,,,0.457,10022.064,,,,,,,,,,,,,,,,,,,,,,,,,,,,,,,,31.25,685063.026,,,,,,,,,,,45616.0,,,,,,,,,,,,,,,,,,,,,,
BRN,Brunei,1949,,,-100.0,-0.457,24.898,7.78,,,,,,,,,,,,,,,,,,,,,,,,,,,,,,,,,,,,,,,,,,,,,,,,,,,,0.0,0.0,,,,,,,,,,,,,,,,,,,,,,,,,,,,,,,,39.03,838604.083,,,,,,,,,,,46542.0,,,,,,,,,,,,,,,,,,,,,,
BRN,Brunei,1950,,,,0.0,22.646,8.839,,,,,,,,,,,,,,,,,,,,,,,,,,,,,,,,,,,,,,,,,,,,,,,,,,,,0.0,0.0,,,,,,,,,,,,,,,,,,,,,,,,,,,,,,,,47.869,997086.344,,,,,,,,,,,48009.0,,,,,,,,,,,,,,,,,,,,,,
BRN,Brunei,1951,,,,0.635,20.773,9.944,,,,,,,,,,,,,,,,,,,,,,,,,,,,,,,,,,,,,,,,,,,,,,,,,,,,0.635,12466.442,,,,,,,,,,,,,,,,,,,,,,,,,,,,,,,,57.813,1135075.025,,,,,,,,,,,50933.0,,,,,,,,,,,,,,,,,,,,,,
BRN,Brunei,1952,,,0.0,0.0,2.072,1.198,,,,,,,,,,,,,,,,,,,,,,,,,,,,,,,,,,,,,,,,,,,,,,,,,,,,0.635,11783.489,,,,,,,,,,,,,,,,,,,,,,,,,,,,,,,,59.011,1095122.338,,,,,,,,,,,53885.0,,,,,,,,,,,,,,,,,,,,,,
BRN,Brunei,1953,,,18.0,0.114,-3.804,-2.245,,,,,,,,,,,,,,,,,,,,,,,,,,,,,,,,,,,,,,,,,,,,,,,,,,,,0.749,13163.582,,,,,,,,,,,,,,,,,,,,,,,,,,,,,,,,56.766,997330.816,,,,,,,,,,,56918.0,,,,,,,,,,,,,,,,,,,,,,
BRN,Brunei,1954,,,15.254,0.114,-1.905,-1.082,,,,,,,,,,,,,,,,,,,,,,,,,,,,,,,,,,,,,,,,,,,,,,,,,,,,0.864,14378.376,,,,,,,,,,,,,,,,,,,,,,,,,,,,,,,,55.684,927178.47,,,,,,,,,,,60058.0,,,,,,,,,,,,,,,,,,,,,,
BRN,Brunei,1955,,,13.235,0.114,9.712,5.408,,,,,,,,,,,,,,,,,,,,,,,,,,,,,,,,,,,,,,,,,,,,,,,,,,,,0.978,15431.187,,,,,,,,,,,,,,,,,,,,,,,,,,,,,,,,61.092,964104.958,,,,,,,,,,,63367.0,,,,,,,,,,,,,,,,,,,,,,
BRN,Brunei,1956,,,6.494,0.063,7.31,4.466,,,,,,,,,,,,,,,,,,,,,,,,,,,,,,,,,,,,,,,,,,,,,,,,,,,,1.041,15587.039,,,,,,,,,,,,,,,,,,,,,,,,,,,,,,,,65.558,981309.78,,,,,,,,,,,66807.0,,,,,,,,,,,,,,,,,,,,,,
BRN,Brunei,1957,,,-7.317,-0.076,-2.005,-1.314,,,,,,,,,,,,,,,,,,,,,,,,,,,,,,,,,,,,,,,,,,,,,,,,,,,,0.965,13710.389,,,,,,,,,,,,,,,,,,,,,,,,,,,,,,,,64.244,912637.034,,,,,,,,,,,70394.0,,,,,,,,,,,,,,,,,,,,,,
BRN,Brunei,1958,,,-1.316,-0.013,-5.702,-3.663,,,,,,,,,,,,,,,,,,,,,,,,,,,,,,,,,,,,,,,,,,,,,,,,,,,,0.952,12854.173,,,,,,,,,,,,,,,,,,,,,,,,,,,,,,,,60.581,817608.725,,,,,,,,,,,74095.0,,,,,,,,,,,,,,,,,,,,,,
BRN,Brunei,1959,,,177.333,1.689,3.475,2.105,,,,,,,,,,,,,,,,,,,,,,,,,,,,,,,,,,,,,,,,,,,,,,,,,,,,2.641,33916.355,,,,,,,,,,,,,,,,,,,,,,,,,,,,,,,,62.686,804901.774,,,,,,,,,,,77880.0,,,,,,,,,,,,,,,,,,,,,,
BRN,Brunei,1960,,,3.365,0.089,-14.972,-9.385,,,,,,,,,,,,,,,,,,,,,,,,,,,,,,,,,,,,,,,,,,,,,,,,,,,,2.73,33415.731,,,,,,,,,,,,,,,,,,,,,,,,,,,,,,,,53.3,652334.961,,,,,,,,,,,81707.0,,,,,,,,,,,,,,,,,,,,,,
BRN,Brunei,1961,,,-2.326,-0.063,-10.015,-5.338,,,,,,,,,,,,,,,,,,,,,,,,,,,,,,,,,,,,,,,,,,,,,,,,,,,,2.667,31168.815,,,,,,,,,,,,,,,,,,,,,,,,,,,,,,,,47.962,560567.536,,,,,,,,,,,85560.0,,,,,,,,,,,,,,,,,,,,,,
BRN,Brunei,1962,,,-0.476,-0.013,-8.099,-3.884,,,,,,,,,,,,,,,,,,,,,,,,,,,,,,,,,,,,,,,,,,,,,,,,,,,,2.654,29660.103,,,,,,,,,,,,,,,,,,,,,,,,,,,,,,,,44.078,492576.721,,,,,,,,,,,89484.0,,,,,,,,,,,,,,,,,,,,,,
BRN,Brunei,1963,,,-5.263,-0.14,-9.288,-4.094,,,,,,,,,,,,,,,,,,,,,,,,,,,,,,,,,,,,,,,,,,,,,,,,,,,,2.514,26880.64,,,,,,,,,,,,,,,,,,,,,,,,,,,,,,,,39.984,427453.196,,,,,,,,,,,93540.0,,,,,,,,,,,,,,,,,,,,,,
BRN,Brunei,1964,,,-12.626,-0.317,3.083,1.233,,,,,,,,,,,,,,,,,,,,,,,,,,,,,,,,,,,,,,,,,,,,,,,,,,,,2.197,22459.22,,,,,,,,,,,,,,,,,,,,,,,,,,,,,,,,41.217,421357.333,,,,,,,,,,,97819.0,,,,,,,,,,,,,,,,,,,,,,
BRN,Brunei,1965,,,21.965,0.483,11.878,4.896,,,,,,,,,,,,,,,,,,,,,,,,,,,,,,,,,,,,,,,,,,,,,,,,,,,,2.68,26169.577,,,,,,,,,,,,,,,,,,,,,,,,,,,,,,,,46.113,450362.818,,,,,,,,,,,102390.0,,,,,,,,,,,,,,,,,,,,,,
BRN,Brunei,1966,,,-4.739,-0.127,20.067,9.253,,,,,,,,,,,,,,,,,,,,,,,,,,,,,,,,,,,,,,,,,,,,,,,,,,,,2.553,23794.324,,,,,,,,,,,,,,,,,,,,,,,,,,,,,,,,55.366,516117.102,,,,,,,,,,,107274.0,,,,,,,,,,,,,,,,,,,,,,
BRN,Brunei,1967,,,7.96,0.203,8.356,4.627,,,,,,,,,,,,,,,,,,,,,,,,,,,,,,,,,,,,,,,,,,,,,,,,,,,,2.756,24506.85,,,,,,,,,,,,,,,,,,,,,,,,,,,,,,,,59.993,533523.598,,,,,,,,,,,112446.0,,,,,,,,,,,,,,,,,,,,,,
BRN,Brunei,1968,,,-1.843,-0.051,17.674,10.603,,,,,,,,,,,,,,,,,,,,,,,,,,,,,,,,,,,,,,,,,,,,,,,,,,,,2.705,22942.917,,,,,,,,,,,,,,,,,,,,,,,,,,,,,,,,70.595,598789.09,,,,,,,,,,,117897.0,,,,,,,,,,,,,,,,,,,,,,
BRN,Brunei,1969,,,-10.329,-0.279,1.365,0.964,,,,,,,,,,,,,,,,,,,,,,,,,,,,,,,,,,,,,,,,,,,,,,,,,,,,2.426,19624.597,,,,,,,,,,,,,,,,,,,,,,,,,,,,,,,,71.559,578976.793,,,,,,,,,,,123596.0,,,,,,,,,,,,,,,,,,,,,,
BRN,Brunei,1970,,,-11.967,-0.29,9.698,6.94,,,,,,,,,,,,,,,,,,,,,,,,,,,,,,,,,,,,,,,,,,,,,,,,,,,,2.135,16484.598,,,,,,,,,,,,,,,,,,,,,,,,,,,,,,,,78.499,606030.946,,,,,,,,,,,129530.0,,,,,,,,,,,,,,,,,,,,,,
BRN,Brunei,1971,,,-0.913,-0.02,-5.157,-4.048,,,,,,,,,,,,,,,,,,,,,,,,,,,,,,,,,,,,,,,,,,,,,,,,,,,,2.116,15594.596,,,,,,,,,,,,,,,,,,,,,,,,,,,,,,,,74.451,548756.346,,,,,,,,,,,135672.0,,,,,,,,,,,,,,,,,,,,,,
BRN,Brunei,1972,,,105.3,2.228,41.557,30.939,,,,,,,,,,,,,,,,,,,,,,,,,,,,,,,,,,,,,,,,,,,,,,,,,,,,4.344,30585.678,,,,,,,,,,,,,,,,,,,,,,,,,,,,,,,,105.39,742107.307,,,,,,,,,,,142015.0,,,,,,,,,,,,,,,,,,,,,,
BRN,Brunei,1973,,,336.7,14.625,26.178,27.589,,,,,,,,,,,,,,,,,,,,,,,,,,,,,,,,,,,,,,,,,,,,,,,,,,,,18.969,127721.087,,,,,,,,,,,,,,,,,,,,,,,,,,,,,,,,132.979,895385.893,,,,,,,,,,,148516.0,,,,,,,,,,,,,,,,,,,,,,
BRN,Brunei,1974,,,117.065,22.206,-14.815,-19.7,,,,,,,,,,,,,,,,,,,,,,,,,,,,,,,,,,,,,,,,,,,,,,,,,,,,41.174,265522.122,,,,,,,,,,,,,,,,,,,,,,,,,,,,,,,,113.279,730506.174,,,,,,,,,,,155069.0,,,,,,,,,,,,,,,,,,,,,,
BRN,Brunei,1975,,,31.139,12.821,-5.888,-6.669,,,,,,,,,,,,,,,,,,,,,,,,,,,,,,,,,,,,,,,,,,,,,,,,,,,,53.996,334058.218,,,,,,,,,,,,,,,,,,,,,,,,,,,,,,,,106.61,659569.698,,,,,,,,,,,161635.0,,,,,,,,,,,,,,,,,,,,,,
BRN,Brunei,1976,,,31.889,17.218,15.869,16.918,,,,,,,,,,,,,,,,,,,,,,,,,,,,,,,,,,,,,,,,,,,,,,,,,,,,71.214,423456.797,,,,,,,,,,,,,,,,,,,,,,,,,,,,,,,,123.528,734528.178,,,,,,,,,,,168173.0,,,,,,,,,,,,,,,,,,,,,,
BRN,Brunei,1977,,,14.759,10.51,4.533,5.6,,,,,,,,,,,,,,,,,,,,,,,,,,,,,,,,,,,,,,,,,,,,,,,,,,,,81.724,467753.567,,,,,,,,,,,,,,,,,,,,,,,,,,,,,,,,129.127,739066.298,,,,,,,,,,,174717.0,,,,,,,,,,,,,,,,,,,,,,
BRN,Brunei,1978,,,-1.986,-1.623,5.703,7.364,,,,,,,,,,,,,,,,,,,,,,,,,,,,,,,,,,,,,,,,,,,,,,,,,,,,80.101,442056.749,,,,,,,,,,,,,,,,,,,,,,,,,,,,,,,,136.492,753262.477,,,,,,,,,,,181201.0,,,,,,,,,,,,,,,,,,,,,,
BRN,Brunei,1979,,,4.765,3.817,8.56,11.683,,,,,,,,,,,,,,,,,,,,,,,,,,,,,,,,,,,,,,,,,,,,,,,,,,,,83.918,447334.964,,,,,,,,,,,,,,,,,,,,,,,,,,,,,,,,148.175,789864.167,,,,,,,,,,,187596.0,,,,,,,,,,,,,,,,,,,,,,
BRN,Brunei,1980,,,0.372,0.312,-8.049,-11.927,,,,,,,,,,,,,,,,,,0.0,0.0,,,,,,,,,,,,,,,,,124442.291,,,,,,,,,,,,,,,,84.23,434445.275,,,,,,,,,,,,,,,,,,,,,,,,,,,,,,,,136.249,702748.269,,,,,,,,,,,193880.0,24.127,,,,,,,,,,,,,,,,,,,,,
BRN,Brunei,1981,,0.0,-3.183,-2.681,-27.751,-37.81,3.397,0.819,,,,,,,,,,,,,,,,0.0,0.0,,,,,,,,,,,,,,,,,124714.927,,,,,,,,,,,,,,,,81.549,407689.962,,,,,,,,,,,,,,,,,,,,,,,,,,,,,,,,98.439,492127.997,,,,,,,,,,,200027.0,24.946,,,,,,,,,,,,,,,,,,,,,
BRN,Brunei,1982,,0.0,-0.12,-0.097,2.506,2.467,9.095,2.269,,,,,,,,,,,,,,,,0.0,0.0,,,,,,,,,,,,,,,,,132071.41,,,,,,,,,,,,,,,,81.452,395272.828,,,,,,,,,,,,,,,,,,,,,,,,,,,,,,,,100.906,489683.046,,,,,,,,,,,206064.0,27.215,,,,,,,,,,,,,,,,,,,,,
BRN,Brunei,1983,,0.0,4.297,3.5,0.72,0.727,-21.41,-5.827,,,,,,,,,,,,,,,,0.0,0.0,,,,,,,,,,,,,,,,,100854.281,,,,,,,,,,,,,,,,84.952,400577.867,,,,,,,,,,,,,,,,,,,,,,,,,,,,,,,,101.633,479235.104,,,,,,,,,,,212073.0,21.388,,,,,,,,,,,,,,,,,,,,,
BRN,Brunei,1984,,0.0,1.194,1.014,-3.648,-3.707,-11.646,-2.491,,,,,,,,,,,,,,,,0.0,0.0,,,,,,,,,,,,,,,,,86615.95,,,,,,,,,,,,,,,,85.966,394020.195,,,,,,,,,,,,,,,,,,,,,,,,,,,,,,,,97.926,448837.575,,,,,,,,,,,218176.0,18.898,,,,,,,,,,,,,,,,,,,,,
BRN,Brunei,1985,,0.0,-2.512,-2.16,-2.89,-2.83,19.342,3.655,,,,,,,,,,,,,,,,0.0,0.0,,,,,,,,,,,,,,,,,100484.55,,,,,,,,,,,,,,,,83.806,373401.02,,,,,,,,,,,,,,,,,,,,,,,,,,,,,,,,95.096,423701.606,,,,,,,,,,,224440.0,22.553,,,,,,,,,,,,,,,,,,,,,
BRN,Brunei,1986,,0.0,0.262,0.219,-1.415,-1.346,-33.74,-7.609,,,,,,,,,,,,,,,,0.0,0.0,,,,,,,,,,,,,,,,,64713.825,,,,,,,,,,,,,,,,84.026,363877.497,,,,,,,,,,,,,,,,,,,,,,,,,,,,,,,,93.75,405988.629,,,,,,,,,,,230917.0,14.944,,,,,,,,,,,,,,,,,,,,,
BRN,Brunei,1987,,0.0,-0.232,-0.195,-6.156,-5.771,59.706,8.922,,,,,,,,,,,,,,,,0.0,0.0,,,,,,,,,,,,,,,,,100459.408,,,,,,,,,,,,,,,,83.83,352873.95,,,,,,,,,,,,,,,,,,,,,,,,,,,,,,,,87.979,370336.065,,,,,,,,,,,237565.0,23.866,,,,,,,,,,,,,,,,,,,,,
BRN,Brunei,1988,,0.0,3.896,3.266,-3.153,-2.774,-13.374,-3.192,,,,,,,,,,,,,,,,0.0,0.0,,,,,,,,,,,,,,,,,84588.058,,,,,,,,,,,,,,,,87.097,356362.39,,,,,,,,,,,,,,,,,,,,,,,,,,,,,,,,85.205,348622.448,,,,,,,,,,,244405.0,20.674,,,,,,,,,,,,,,,,,,,,,
BRN,Brunei,1989,,0.0,-2.004,-1.745,-0.377,-0.322,17.486,3.615,,,,,,,,,,,,,,,,0.0,0.0,,,,,,,,,,,,,,,,,96592.818,,,,,,,,,,,,,,,,85.352,339429.165,,,,,,,,,,,,,,,,,,,,,,,,,,,,,,,,84.883,337567.882,,,,,,,,,,,251456.0,24.289,,,,,,,,,,,,,,,,,,,,,
BRN,Brunei,1990,,0.0,1.959,1.672,1.359,1.154,-15.385,-3.737,,,,,,,,,,,,,,,,0.0,0.0,,,,,,,,,,,,,,,,,79439.574,,,,,,,,,,,,,,,,87.024,336371.288,,,,,,,,,,,,,,,,,,,,,,,,,,,,,,,,86.037,332558.657,,,,,,,,,,,258713.0,20.552,,,,,,,,,,,,,,,,,,,,,
BRN,Brunei,1991,,0.0,1.507,1.311,8.194,7.05,-20.082,-4.127,,,,,,,,,,,,,,,,0.0,0.0,,,,,,,,,,,,,,,,,61698.876,,,,,,,,,,,,,,,,88.335,331826.992,,,,,,,,,,,,,,,,,,,,,,,,,,,,,,,,93.087,349677.738,,,,,,,,,,,266208.0,16.425,,,,,,,,,,,,,,,,,,,,,
BRN,Brunei,1992,,0.0,7.638,6.747,11.478,10.685,-2.216,-0.364,,,,,,,,,,,,,,,,0.0,0.0,,,,,,,,,,,,,,,,,58640.085,,,,,,,,,,,,,,,,95.082,347156.502,,,,,,,,,,,,,,,,,,,,,,,,,,,,,,,,103.772,378884.324,,,,,,,,,,,273888.0,16.061,,,,,,,,,,,,,,,,,,,,,
BRN,Brunei,1993,,0.0,5.881,5.592,-4.272,-4.433,-4.953,-0.796,,,,,,,,,,,,,,,,0.0,0.0,,,,,,,,,,,,,,,,,54192.892,,,,,,,,,,,,,,,,100.674,357399.16,,,,,,,,,,,,,,,,,,,,,,,,,,,,,,,,99.339,352659.688,,,,,,,,,,,281684.0,15.265,,,,,,,,,,,,,,,,,,,,,
BRN,Brunei,1994,,0.0,0.634,0.639,2.33,2.314,-3.891,-0.594,,,,,,,,,,,,,,,,0.0,0.0,,,,,,,,,,,,,,,,,50686.669,,,,,,,,,,,,,,,,101.312,350013.992,,,,,,,,,,,,,,,,,,,,,,,,,,,,,,,,101.653,351191.196,,,,,,,,,,,289452.0,14.671,,,,,,,,,,,,,,,,,,,,,
BRN,Brunei,1995,,0.0,13.184,13.357,-2.289,-2.327,23.681,3.474,,,,,,,,,,,,,,,,0.0,0.0,,,,,,,,,,,,,,,,,61073.34,,,,,,,,,,,,,,,,114.67,385947.892,,,,,,,,,,,,,,,,,,,,,,,,,,,,,,,,99.326,334305.496,,,,,,,,,,,297112.0,18.146,,,,,,,,,,,,,,,,,,,,,
BRN,Brunei,1996,,0.0,-0.867,-0.994,-5.363,-5.326,-6.868,-1.246,,,,,,,,,,,,,,,,0.0,0.0,,,,,,,,,,,,,,,,,55476.869,,,,,,,,,,,,,,,,113.675,373170.672,,,,,,,,,,,,,,,,,,,,,,,,,,,,,,,,94.0,308580.491,,,,,,,,,,,304620.0,16.899,,,,,,,,,,,,,,,,,,,,,
BRN,Brunei,1997,,0.0,0.077,0.088,-1.509,-1.418,6.943,1.173,,,,,,,,,,,,,,,,0.0,0.0,,,,,,,,,,,,,,,,,57932.095,,,,,,,,,,,,,,,,113.763,364669.415,,,,,,,,,,,,,,,,,,,,,,,,,,,,,,,,92.582,296772.484,,,,,,,,,,,311962.0,18.073,,,,,,,,,,,,,,,,,,,,,
BRN,Brunei,1998,,0.0,-7.688,-8.746,-3.747,-3.469,-9.555,-1.727,,,,,,,,,,,,,,,,0.0,0.0,,,,,,,,,,,,,,,,,51218.924,,,,,,,,,,,,,,,,105.017,329068.419,,,,,,,,,,,,,,,,,,,,,,,,,,,,,,,,89.113,279232.596,,,,,,,,,,,319135.0,16.346,,,,,,,,,,,,,,,,,,,,,
BRN,Brunei,1999,,0.0,4.243,4.456,16.325,14.548,17.987,2.94,,,,,,,,,,,,,,,,0.0,0.0,,,,,,,,,,,,,,,,,59120.199,,,,,,,,,,,,,,,,109.473,335586.456,,,,,,,,,,,,,,,,,,,,,,,,,,,,,,,,103.661,317769.333,,,,,,,,,,,326214.0,19.286,,,,,,,,,,,,,,,,,,,,,
BRN,Brunei,2000,,0.0,0.623,0.683,6.413,6.647,1.96,0.378,0.0,0.0,,,,,,698.745,0.0,,,,,0.0,,0.0,0.0,2.39,0.0,0.0,2.39,0.0,0.0,0.0,2.39,0.0,0.0,0.0,0.0,0.0,2.39,1.67,,59021.127,,,,,,7173.601,100.0,,0.0,,,,,0.0,,110.156,330632.478,0.0,,,,,0.0,,0.0,0.0,0.0,,,,,,0.0,0.0,0.0,,,,,0.0,,100.0,,,,,7173.601,,110.308,331090.718,0.0,0.0,,,,,0.0,0.0,,7173.601,333166.0,19.664,0.0,0.0,,,,,,0.0,,,,,0.0,,0.0,,,,,0.0,
BRN,Brunei,2001,,0.0,0.876,0.965,4.918,5.425,13.698,2.693,0.0,0.0,,,,,,698.347,0.0,,,,,0.0,,0.0,0.0,2.42,0.0,0.0,2.42,0.0,0.0,0.0,2.42,0.0,0.0,0.0,0.0,0.0,2.42,1.69,,65749.581,,,,,,7116.873,100.0,,0.0,,,,,0.0,,111.121,326790.173,0.0,,,,,0.0,,0.0,0.0,0.0,,,,,,0.0,0.0,0.0,,,,,0.0,,100.0,,,,,7116.873,,115.733,340355.574,0.0,0.0,,,,,0.0,0.0,,7116.873,340037.0,22.357,0.0,0.0,,,,,,0.0,,,,,0.0,,0.0,,,,,0.0,
BRN,Brunei,2002,,0.0,0.544,0.605,3.387,3.92,16.77,3.749,0.0,0.0,,,,,,700.787,0.0,,,,,0.0,,0.0,0.0,2.54,0.0,0.0,2.54,0.0,0.0,0.0,2.54,0.0,0.0,0.0,0.0,0.0,2.54,1.78,,75283.465,,,,,,7324.592,100.0,,0.0,,,,,0.0,,111.725,322181.834,0.0,,,,,0.0,,0.0,0.0,0.0,,,,,,0.0,0.0,0.0,,,,,0.0,,100.0,,,,,7324.592,,119.654,345045.487,0.0,0.0,,,,,0.0,0.0,,7324.592,346777.0,26.107,0.0,0.0,,,,,,0.0,,,,,0.0,,0.0,,,,,0.0,
BRN,Brunei,2003,,0.0,7.81,8.726,1.999,2.392,3.455,0.902,0.0,0.0,,,,,,700.0,0.0,,,,,0.0,,0.0,0.0,3.0,0.0,0.0,3.0,0.0,0.0,0.0,3.0,0.0,0.0,0.0,0.0,0.0,3.0,2.1,,76447.544,,,,,,8491.487,100.0,,0.0,,,,,0.0,,120.452,340937.46,0.0,,,,,0.0,,0.0,0.0,0.0,,,,,,0.0,0.0,0.0,,,,,0.0,,100.0,,,,,8491.487,,122.045,345448.916,0.0,0.0,,,,,0.0,0.0,,8491.487,353295.0,27.009,0.0,0.0,,,,,,0.0,,,,,0.0,,0.0,,,,,0.0,
BRN,Brunei,2004,,0.0,-0.982,-1.183,-1.631,-1.99,11.047,2.984,0.0,0.0,,,,,,700.326,0.0,,,,,0.0,,0.0,0.0,3.07,0.0,0.0,3.07,0.0,0.0,0.0,3.07,0.0,0.0,0.0,0.0,0.0,3.07,2.15,,83442.838,,,,,,8541.206,100.0,,0.0,,,,,0.0,,119.268,331822.315,0.0,,,,,0.0,,0.0,0.0,0.0,,,,,,0.0,0.0,0.0,,,,,0.0,,100.0,,,,,8541.206,,120.055,334011.624,0.0,0.0,,,,,0.0,0.0,,8541.206,359434.0,29.992,0.0,0.0,,,,,,0.0,,,,,0.0,,0.0,,,,,0.0,
BRN,Brunei,2005,,0.0,-1.823,-2.174,-2.229,-2.676,12.652,3.795,0.0,0.0,,,,,,700.326,0.0,,,,,0.0,,0.0,0.0,3.07,0.0,0.0,3.07,0.0,0.0,0.0,3.07,0.0,0.0,0.0,0.0,0.0,3.07,2.15,,92537.947,,,,,,8408.379,100.0,,0.0,,,,,0.0,,117.094,320708.234,0.0,,,,,0.0,,0.0,0.0,0.0,,,,,,0.0,0.0,0.0,,,,,0.0,,100.0,,,,,8408.379,,117.38,321489.091,0.0,0.0,,,,,0.0,0.0,,8408.379,365112.0,33.787,0.0,0.0,,,,,,0.0,,,,,0.0,,0.0,,,,,0.0,
BRN,Brunei,2006,,0.0,4.669,5.467,7.079,8.31,54.113,18.283,0.0,0.0,,,,,,700.0,0.0,,,,,0.0,,0.0,0.0,3.1,0.0,0.0,3.1,0.0,0.0,0.0,3.1,0.0,0.0,0.0,0.0,0.0,3.1,2.17,,140629.43,,,,,,8372.45,100.0,,0.0,,,,,0.0,,122.561,331012.272,0.0,,,,,0.0,,0.0,0.0,0.0,,,,,,0.0,0.0,0.0,,,,,0.0,,100.0,,,,,8372.45,,125.689,339460.327,0.0,0.0,,,,,0.0,0.0,,8372.45,370262.0,52.07,0.0,0.0,,,,,,0.0,,,,,0.0,,0.0,,,,,0.0,
BRN,Brunei,2007,,0.0,-2.517,-3.085,-12.138,-15.256,4.979,2.592,0.0,0.0,,,,,,699.06,0.0,,,,,0.0,,0.0,0.0,3.19,0.0,0.0,3.19,0.0,0.0,0.0,3.19,0.0,0.0,0.0,0.0,0.0,3.19,2.23,,145778.401,,,,,,8507.415,100.0,,0.0,,,,,0.0,,119.476,318631.467,0.0,,,,,0.0,,0.0,0.0,0.0,,,,,,0.0,0.0,0.0,,,,,0.0,,100.0,,,,,8507.415,,110.433,294514.494,0.0,0.0,,,,,0.0,0.0,,8507.415,374967.0,54.662,0.0,0.0,,,,,,0.0,,,,,0.0,,0.0,,,,,0.0,
BRN,Brunei,2008,,0.0,-0.817,-0.976,-9.854,-10.882,2.706,1.479,0.0,0.0,,,,,,512.422,0.0,,,,,0.0,,0.0,0.0,3.22,0.0,0.0,3.22,2.87,0.0,0.0,0.35,0.0,0.0,0.0,0.0,0.0,3.22,1.65,,147966.606,,,,,,8486.682,100.0,,89.13,,,,,7564.217,,118.5,312320.379,0.0,,,,,0.0,,0.0,0.0,0.0,,,,,,0.0,0.0,0.0,,,,,0.0,,10.87,,,,,922.465,,99.551,262379.037,0.0,0.0,,,,,0.0,0.0,,8486.682,379418.0,56.141,0.0,0.0,,,,,,0.0,,,,,0.0,,0.0,,,,,0.0,
BRN,Brunei,2009,,0.0,-6.088,-7.214,-3.941,-3.923,-33.659,-18.897,0.0,0.0,,,,,,513.274,0.0,,,,,0.0,,0.0,0.0,3.39,0.0,0.0,3.39,3.02,0.0,0.0,0.37,0.0,0.0,0.0,0.0,0.0,3.39,1.74,,97016.109,,,,,,8830.379,100.0,,89.086,,,,,7866.591,,111.286,289881.513,0.0,,,,,0.0,,0.0,0.0,0.0,,,,,,0.0,0.0,0.0,,,,,0.0,,10.914,,,,,963.788,,95.628,249095.034,0.0,0.0,,,,,0.0,0.0,,8830.379,383902.0,37.245,0.0,0.0,,,,,,0.0,,,,,0.0,,0.0,,,,,0.0,
BRN,Brunei,2010,,0.0,7.609,8.467,2.464,2.356,13.903,5.178,0.0,0.0,,,,,,515.406,0.0,,,,,0.0,,0.0,0.0,3.57,0.0,0.0,3.57,3.14,0.0,0.0,0.43,0.0,0.0,0.0,0.0,0.0,3.57,1.84,,109158.962,,,,,,9186.021,100.0,,87.955,,,,,8079.581,,119.753,308139.476,0.0,,,,,0.0,,0.0,0.0,0.0,,,,,,0.0,0.0,0.0,,,,,0.0,,12.045,,,,,1106.439,,97.984,252124.973,0.0,0.0,,,,,0.0,0.0,,9186.021,388634.0,42.423,0.0,0.0,,,,,,0.0,,,,,0.0,,0.0,,,,,0.0,
BRN,Brunei,2011,,0.0,4.204,5.034,-4.053,-3.972,2.72,1.154,0.0,0.0,,,,,,514.286,0.0,,,,,0.0,,0.0,0.0,3.5,0.0,0.0,3.5,3.1,0.0,0.0,0.4,0.0,0.0,0.0,0.0,0.0,3.5,1.8,,110689.156,,,,,,8890.311,100.0,,88.571,,,,,7874.276,,124.788,316972.392,0.0,,,,,0.0,,0.0,0.0,0.0,,,,,,0.0,0.0,0.0,,,,,0.0,,11.429,,,,,1016.036,,94.013,238800.306,0.0,0.0,,,,,0.0,0.0,,8890.311,393687.0,43.577,0.0,0.0,,,,,,0.0,,,,,0.0,,0.0,,,,,0.0,
BRN,Brunei,2012,,0.0,-1.823,-2.275,-3.661,-3.442,-2.79,-1.216,0.0,0.0,,,,,,513.514,0.0,,,,,0.0,,0.0,0.0,3.7,0.0,0.0,3.7,3.28,0.0,0.0,0.42,0.0,0.0,0.0,0.0,0.0,3.7,1.9,,106168.452,,,,,,9273.253,100.0,,88.649,,,,,8220.613,,122.513,307051.843,0.0,,,,,0.0,,0.0,0.0,0.0,,,,,,0.0,0.0,0.0,,,,,0.0,,11.351,,,,,1052.639,,90.57,226995.131,0.0,0.0,,,,,0.0,0.0,,9273.253,398997.0,42.361,0.0,0.0,,,,,,0.0,,,,,0.0,,0.0,,,,,0.0,
BRN,Brunei,2013,,0.0,-2.857,-3.5,-15.557,-14.09,-6.996,-2.963,0.0,0.0,,,,,,514.493,0.0,,,,,0.0,,0.0,0.0,4.14,0.0,0.0,4.14,3.67,0.0,0.0,0.47,0.0,0.0,0.0,0.0,0.0,4.14,2.13,,97418.607,,,,,,10237.034,100.0,,88.647,,,,,9074.859,,119.013,294285.404,0.0,,,,,0.0,,0.0,0.0,0.0,,,,,,0.0,0.0,0.0,,,,,0.0,,11.353,,,,,1162.175,,76.48,189113.729,0.0,0.0,,,,,0.0,0.0,,10237.034,404414.0,39.397,0.0,0.0,,,,,,0.0,,,,,0.0,,0.0,,,,,0.0,
BRN,Brunei,2014,,0.0,6.611,7.868,-6.427,-4.915,12.465,4.911,0.0,0.0,,,,,,514.151,0.0,,,,,0.0,,0.0,0.0,4.24,0.0,0.0,4.24,3.76,0.0,0.0,0.48,0.0,0.0,0.0,0.0,0.0,4.24,2.18,,108127.757,,,,,,10347.066,100.0,,88.679,,,,,9175.7,,126.881,309634.642,0.0,,,,,0.0,,0.0,0.0,0.0,,,,,,0.0,0.0,0.0,,,,,0.0,,11.321,,,,,1171.366,,71.565,174643.44,0.0,0.0,,,,,0.0,0.0,,10347.066,409778.0,44.308,0.0,0.0,,,,,,0.0,,,,,0.0,,0.0,,,,,0.0,
BRN,Brunei,2015,,0.0,4.755,6.033,0.383,0.274,10.504,4.654,0.0,0.0,,,,,,502.538,0.0,,,,,0.0,,0.0,0.0,3.94,0.0,0.0,3.94,3.73,0.0,0.0,0.21,0.0,0.0,0.0,0.0,0.0,3.94,1.98,,118006.602,,,,,,9495.944,100.0,,94.67,,,,,8989.815,,132.915,320342.338,0.0,,,,,0.0,,0.0,0.0,0.0,,,,,,0.0,0.0,0.0,,,,,0.0,,5.33,,,,,506.129,,71.839,173142.027,0.0,0.0,,,,,0.0,0.0,,9495.944,414914.0,48.963,0.0,0.0,,,,,,0.0,,,,,0.0,,0.0,,,,,0.0,
BRN,Brunei,2016,,0.0,-2.623,-3.486,-4.515,-3.244,4.451,2.18,0.0,0.0,,,,,,501.247,0.0,,,,,0.0,,0.0,0.0,4.01,0.0,0.0,4.01,3.8,0.0,0.0,0.21,0.0,0.0,0.0,0.0,0.0,4.01,2.01,,121827.53,,,,,,9552.372,100.0,,94.763,,,,,9052.124,,129.428,308316.392,0.0,,,,,0.0,,0.0,0.0,0.0,,,,,,0.0,0.0,0.0,,,,,0.0,,5.237,,,,,500.249,,68.595,163403.484,0.0,0.0,,,,,0.0,0.0,,9552.372,419791.0,51.142,0.0,0.0,,,,,,0.0,,,,,0.0,,0.0,,,,,0.0,
BRN,Brunei,2017,,,-0.679,-0.879,-6.961,-4.775,0.406,0.207,0.0,0.0,,,,,,501.279,0.0,,,,,0.0,,,,3.91,0.0,0.0,3.91,3.7,0.0,0.0,0.21,0.0,0.0,0.0,0.0,0.0,3.91,1.96,,120970.172,,,,,,9211.249,100.0,,94.629,,,,,8716.527,,128.549,302838.246,0.0,,,,,0.0,,0.0,0.0,0.0,,,,,,0.0,0.0,0.0,,,,,0.0,,5.371,,,,,494.722,,63.82,150349.479,0.0,0.0,,,,,0.0,0.0,,9211.249,424481.0,51.35,0.0,0.0,,,,,,0.0,,,,,0.0,,0.0,,,,,0.0,
BRN,Brunei,2018,,,-2.253,-2.896,-1.367,-0.872,4.008,2.058,0.0,0.0,,,,,,500.0,0.0,,,,,0.0,,,,4.04,0.0,0.0,4.04,3.82,0.0,0.0,0.22,0.0,0.0,0.0,0.0,0.0,4.04,2.02,,124505.172,,,,,,9418.128,100.0,,94.554,,,,,8905.259,,125.653,292924.098,0.0,,,,,0.0,,0.0,0.0,0.0,,,,,,0.0,0.0,0.0,,,,,0.0,,5.446,,,,,512.868,,62.948,146746.239,0.0,0.0,,,,,0.0,0.0,,9418.128,428960.0,53.408,0.0,0.0,,,,,,0.0,,,,,0.0,,0.0,,,,,0.0,
BRN,Brunei,2019,,,3.302,4.149,9.025,5.681,-1.316,-0.703,0.0,0.0,,,,,,659.483,49.569,,,,,5308.15,,,,4.64,0.0,2.3,4.64,2.21,0.0,0.0,0.13,0.0,0.0,0.0,0.0,0.0,4.64,3.06,,121637.248,,,,,,10708.615,100.0,,47.629,,,,,5100.439,,129.801,299567.41,0.0,,,,,0.0,,0.0,0.0,0.0,,,,,,0.0,0.0,0.0,,,,,0.0,,2.802,,,,,300.026,,68.63,158389.699,0.0,0.0,,,,,0.0,0.0,,10708.615,433296.0,52.705,0.0,0.0,,,,,,0.0,,,,,0.0,,0.0,,,,,0.0,
BRN,Brunei,2020,,,-2.614,-3.393,-8.837,-6.065,,,0.0,0.0,,,,,,659.483,49.569,,,,,5257.347,,,,4.64,0.0,2.3,4.64,2.21,0.0,0.0,0.13,0.0,0.0,0.0,0.0,0.0,4.64,3.06,,,,,,,,10606.126,100.0,,47.629,,,,,5051.625,,126.408,288943.565,0.0,,,,,0.0,,0.0,0.0,0.0,,,,,,0.0,0.0,0.0,,,,,0.0,,2.802,,,,,297.154,,62.565,143011.131,0.0,0.0,,,,,0.0,0.0,,10606.126,437483.0,,0.0,0.0,,,,,,0.0,,,,,0.0,,0.0,,,,,0.0,
