iso_code,country,year,coal_prod_change_pct,coal_prod_change_twh,gas_prod_change_pct,gas_prod_change_twh,oil_prod_change_pct,oil_prod_change_twh,energy_cons_change_pct,energy_cons_change_twh,biofuel_share_elec,biofuel_elec_per_capita,biofuel_cons_change_pct,biofuel_share_energy,biofuel_cons_change_twh,biofuel_consumption,biofuel_cons_per_capita,carbon_intensity_elec,coal_share_elec,coal_cons_change_pct,coal_share_energy,coal_cons_change_twh,coal_consumption,coal_elec_per_capita,coal_cons_per_capita,coal_production,coal_prod_per_capita,electricity_demand,biofuel_electricity,coal_electricity,fossil_electricity,gas_electricity,hydro_electricity,nuclear_electricity,oil_electricity,other_renewable_exc_biofuel_electricity,other_renewable_electricity,renewables_electricity,solar_electricity,wind_electricity,electricity_generation,greenhouse_gas_emissions,energy_per_gdp,energy_per_capita,fossil_cons_change_pct,fossil_share_energy,fossil_cons_change_twh,fossil_fuel_consumption,fossil_energy_per_capita,fossil_cons_per_capita,fossil_share_elec,gdp,gas_share_elec,gas_cons_change_pct,gas_share_energy,gas_cons_change_twh,gas_consumption,gas_elec_per_capita,gas_energy_per_capita,gas_production,gas_prod_per_capita,hydro_share_elec,hydro_cons_change_pct,hydro_share_energy,hydro_cons_change_twh,hydro_consumption,hydro_elec_per_capita,hydro_energy_per_capita,low_carbon_share_elec,low_carbon_electricity,low_carbon_elec_per_capita,low_carbon_cons_change_pct,low_carbon_share_energy,low_carbon_cons_change_twh,low_carbon_consumption,low_carbon_energy_per_capita,net_elec_imports_share_demand,net_elec_imports,nuclear_share_elec,nuclear_cons_change_pct,nuclear_share_energy,nuclear_cons_change_twh,nuclear_consumption,nuclear_elec_per_capita,nuclear_energy_per_capita,oil_share_elec,oil_cons_change_pct,oil_share_energy,oil_cons_change_twh,oil_consumption,oil_elec_per_capita,oil_energy_per_capita,oil_production,oil_prod_per_capita,other_renewables_elec_per_capita_exc_biofuel,other_renewables_elec_per_capita,other_renewables_cons_change_pct,other_renewables_share_energy,other_renewables_cons_change_twh,other_renewable_consumption,other_renewables_share_elec_exc_biofuel,other_renewables_share_elec,other_renewables_energy_per_capita,per_capita_electricity,population,primary_energy_consumption,renewables_elec_per_capita,renewables_share_elec,renewables_cons_change_pct,renewables_share_energy,renewables_cons_change_twh,renewables_consumption,renewables_energy_per_capita,solar_share_elec,solar_cons_change_pct,solar_share_energy,solar_cons_change_twh,solar_consumption,solar_elec_per_capita,solar_energy_per_capita,wind_share_elec,wind_cons_change_pct,wind_share_energy,wind_cons_change_twh,wind_consumption,wind_elec_per_capita,wind_energy_per_capita
KHM,Cambodia,1980,,,,,,,,,,,,,,,,,,,,,,,,0.0,0.0,,,,,,,,,,,,,,,,0.145,197.62,,,,,,,,9092187720.0,,,,,,,,0.0,0.0,,,,,,,,,,,,,,,,,,,,,,,,,,,,,,,,0.0,0.0,,,,,,,,,,,6693759.0,1.323,,,,,,,,,,,,,,,,,,,,,
KHM,Cambodia,1981,,0.0,,0.0,,0.0,5.411,0.072,,,,,,,,,,,,,,,,0.0,0.0,,,,,,,,,,,,,,,,0.151,206.583,,,,,,,,9211223110.0,,,,,,,,0.0,0.0,,,,,,,,,,,,,,,,,,,,,,,,,,,,,,,,0.0,0.0,,,,,,,,,,,6749849.0,1.394,,,,,,,,,,,,,,,,,,,,,
KHM,Cambodia,1982,,0.0,,0.0,,0.0,9.276,0.129,,,,,,,,,,,,,,,,0.0,0.0,,,,,,,,,,,,,,,,0.154,220.201,,,,,,,,9905037436.0,,,,,,,,0.0,0.0,,,,,,,,,,,,,,,,,,,,,,,,,,,,,,,,0.0,0.0,,,,,,,,,,,6919803.0,1.524,,,,,,,,,,,,,,,,,,,,,
KHM,Cambodia,1983,,0.0,,0.0,,0.0,9.163,0.14,,,,,,,,,,,,,,,,0.0,0.0,,,,,,,,,,,,,,,,0.157,231.99,,,,,,,,10619108380.0,,,,,,,,0.0,0.0,,,,,,,,,,,,,,,,,,,,,,,,,,,,,,,,0.0,0.0,,,,,,,,,,,7170004.0,1.663,,,,,,,,,,,,,,,,,,,,,
KHM,Cambodia,1984,,0.0,,0.0,,0.0,9.499,0.158,,,,,,,,,,,,,,,,0.0,0.0,,,,,,,,,,,,,,,,0.161,244.55,,,,,,,,11330466768.0,,,,,,,,0.0,0.0,,,,,,,,,,,,,,,,,,,,,,,,,,,,,,,,0.0,0.0,,,,,,,,,,,7447844.0,1.821,,,,,,,,,,,,,,,,,,,,,
KHM,Cambodia,1985,,0.0,,0.0,,0.0,0.584,0.011,,,,,,,,,,,,,,,,0.0,0.0,,,,,,,,,,,,,,,,0.152,237.464,,,,,,,,12046064800.0,,,,,,,,0.0,0.0,,,,,,,,,,,,,,,,,,,,,,,,,,,,,,,,0.0,0.0,,,,,,,,,,,7714894.0,1.832,,,,,,,,,,,,,,,,,,,,,
KHM,Cambodia,1986,,0.0,,0.0,,0.0,0.835,0.015,,,,,,,,,,,,,,,,0.0,0.0,,,,,,,,,,,,,,,,0.145,232.046,,,,,,,,12748870296.0,,,,,,,,0.0,0.0,,,,,,,,,,,,,,,,,,,,,,,,,,,,,,,,0.0,0.0,,,,,,,,,,,7960952.0,1.847,,,,,,,,,,,,,,,,,,,,,
KHM,Cambodia,1987,,0.0,,0.0,,0.0,0.809,0.015,,,,,,,,,,,,,,,,0.0,0.0,,,,,,,,,,,,,,,,0.149,227.158,,,,,,,,12486216390.0,,,,,,,,0.0,0.0,,,,,,,,,,,,,,,,,,,,,,,,,,,,,,,,0.0,0.0,,,,,,,,,,,8198082.0,1.862,,,,,,,,,,,,,,,,,,,,,
KHM,Cambodia,1988,,0.0,,0.0,,0.0,7.886,0.147,,,,,,,,,,,,,,,,0.0,0.0,,,,,,,,,,,,,,,,0.157,238.163,,,,,,,,12803095050.0,,,,,,,,0.0,0.0,,,,,,,,,,,,,,,,,,,,,,,,,,,,,,,,0.0,0.0,,,,,,,,,,,8435909.0,2.009,,,,,,,,,,,,,,,,,,,,,
KHM,Cambodia,1989,,0.0,,0.0,,0.0,0.435,0.009,,,,,,,,,,,,,,,,0.0,0.0,,,,,,,,,,,,,,,,0.154,232.168,,,,,,,,13115359815.0,,,,,,,,0.0,0.0,,,,,,,,,,,,,,,,,,,,,,,,,,,,,,,,0.0,0.0,,,,,,,,,,,8691331.0,2.018,,,,,,,,,,,,,,,,,,,,,
KHM,Cambodia,1990,,0.0,,0.0,,0.0,1.185,0.024,,,,,,,,,,,,,,,,0.0,0.0,,,,,,,,,,,,,,,,0.156,227.48,,,,,,,,13119770664.0,,,,,,,,0.0,0.0,,,,,,,,,,,,,,,,,,,,,,,,,,,,,,,,0.0,0.0,,,,,,,,,,,8975597.0,2.042,,,,,,,,,,,,,,,,,,,,,
KHM,Cambodia,1991,,0.0,,0.0,,0.0,6.134,0.125,,,,,,,,,,,,,,,,0.0,0.0,,,,,,,,,,,,,,,,0.157,233.28,,,,,,,,13798756085.0,,,,,,,,0.0,0.0,,,,,,,,,,,,,,,,,,,,,,,,,,,,,,,,0.0,0.0,,,,,,,,,,,9289298.0,2.167,,,,,,,,,,,,,,,,,,,,,
KHM,Cambodia,1992,,0.0,,0.0,,0.0,0.587,0.013,,,,,,,,,,,,,,,,0.0,0.0,,,,,,,,,,,,,,,,0.151,226.492,,,,,,,,14441154936.0,,,,,,,,0.0,0.0,,,,,,,,,,,,,,,,,,,,,,,,,,,,,,,,0.0,0.0,,,,,,,,,,,9623899.0,2.18,,,,,,,,,,,,,,,,,,,,,
KHM,Cambodia,1993,,0.0,,0.0,,0.0,-0.0,-0.0,,,,,,,,,,,,,,,,0.0,0.0,,,,,,,,,,,,,,,,0.149,218.613,,,,,,,,14671015833.0,,,,,,,,0.0,0.0,,,,,,,,,,,,,,,,,,,,,,,,,,,,,,,,0.0,0.0,,,,,,,,,,,9970727.0,2.18,,,,,,,,,,,,,,,,,,,,,
KHM,Cambodia,1994,,0.0,,0.0,,0.0,0.284,0.006,,,,,,,,,,,,,,,,0.0,0.0,,,,,,,,,,,,,,,,0.141,211.857,,,,,,,,15506534637.0,,,,,,,,0.0,0.0,,,,,,,,,,,,,,,,,,,,,,,,,,,,,,,,0.0,0.0,,,,,,,,,,,10317901.0,2.186,,,,,,,,,,,,,,,,,,,,,
KHM,Cambodia,1995,,0.0,,0.0,,0.0,183.997,4.022,,,,,,,,,,,,,,,,0.0,0.0,,,,,,,,,,,,,,,,0.385,582.569,,,,,,,,16129536660.0,,,,,,,,0.0,0.0,,,,,,,,,,,,,,,,,,,,,,,,,,,,,,,,0.0,0.0,,,,,,,,,,,10656145.0,6.208,,,,,,,,,,,,,,,,,,,,,
KHM,Cambodia,1996,,0.0,,0.0,,0.0,9.906,0.615,,,,,,,,,,,,,,,,0.0,0.0,,,,,,,,,,,,,,,,0.411,621.228,,,,,,,,16617855647.0,,,,,,,,0.0,0.0,,,,,,,,,,,,,,,,,,,,,,,,,,,,,,,,0.0,0.0,,,,,,,,,,,10982919.0,6.823,,,,,,,,,,,,,,,,,,,,,
KHM,Cambodia,1997,,0.0,,0.0,,0.0,17.782,1.213,,,,,,,,,,,,,,,,0.0,0.0,,,,,,,,,,,,,,,,0.469,711.252,,,,,,,,17146214576.0,,,,,,,,0.0,0.0,,,,,,,,,,,,,,,,,,,,,,,,,,,,,,,,0.0,0.0,,,,,,,,,,,11298594.0,8.036,,,,,,,,,,,,,,,,,,,,,
KHM,Cambodia,1998,,0.0,,0.0,,0.0,16.883,1.357,,,,,,,,,,,,,,,,0.0,0.0,,,,,,,,,,,,,,,,0.534,809.7,,,,,,,,17590364446.0,,,,,,,,0.0,0.0,,,,,,,,,,,,,,,,,,,,,,,,,,,,,,,,0.0,0.0,,,,,,,,,,,11600510.0,9.393,,,,,,,,,,,,,,,,,,,,,
KHM,Cambodia,1999,,0.0,,0.0,,0.0,2.948,0.277,,,,,,,,,,,,,,,,0.0,0.0,,,,,,,,,,,,,,,,0.503,813.515,,,,,,,,19232620865.0,,,,,,,,0.0,0.0,,,,,,,,,,,,,,,,,,,,,,,,,,,,,,,,0.0,0.0,,,,,,,,,,,11886464.0,9.67,,,,,,,,,,,,,,,,,,,,,
KHM,Cambodia,2000,,0.0,,0.0,,0.0,-7.327,-0.708,0.0,0.0,,,,,,617.021,0.0,,,,,0.0,,0.0,0.0,0.47,0.0,0.0,0.42,0.0,0.05,0.0,0.42,0.0,0.0,0.05,0.0,0.0,0.47,0.29,0.438,737.241,,,,,,34.553,89.362,20441457984.0,0.0,,,,,0.0,,0.0,0.0,10.638,,,,,4.113,,10.638,0.05,4.113,,,,,,0.0,0.0,0.0,,,,,0.0,,89.362,,,,,34.553,,0.0,0.0,0.0,0.0,,,,,0.0,0.0,,38.666,12155241.0,8.961,4.113,10.638,,,,,,0.0,,,,,0.0,,0.0,,,,,0.0,
KHM,Cambodia,2001,,0.0,,0.0,,0.0,5.934,0.532,0.0,0.0,,,,,,666.667,0.0,,,,,0.0,,0.0,0.0,0.51,0.0,0.0,0.48,0.0,0.03,0.0,0.48,0.0,0.0,0.03,0.0,0.0,0.51,0.34,0.44,765.241,,,,,,38.693,94.118,21596243896.0,0.0,,,,,0.0,,0.0,0.0,5.882,,,,,2.418,,5.882,0.03,2.418,,,,,,0.0,0.0,0.0,,,,,0.0,,94.118,,,,,38.693,,0.0,0.0,0.0,0.0,,,,,0.0,0.0,,41.111,12405411.0,9.493,2.418,5.882,,,,,,0.0,,,,,0.0,,0.0,,,,,0.0,
KHM,Cambodia,2002,,0.0,,0.0,,0.0,-0.208,-0.02,0.0,0.0,,,,,,666.667,0.0,,,,,0.0,,0.0,0.0,0.7,0.0,0.0,0.66,0.0,0.03,0.0,0.66,0.0,0.0,0.03,0.0,0.0,0.69,0.46,0.421,749.613,,,,,,52.225,95.652,22487645150.0,0.0,,,,,0.0,,0.0,0.0,4.348,,,,,2.374,,4.348,0.03,2.374,,,,,,1.429,0.01,0.0,,,,,0.0,,95.652,,,,,52.225,,0.0,0.0,0.0,0.0,,,,,0.0,0.0,,54.598,12637719.0,9.473,2.374,4.348,,,,,,0.0,,,,,0.0,,0.0,,,,,0.0,
KHM,Cambodia,2003,,0.0,,0.0,,0.0,8.701,0.824,0.0,0.0,,,,,,666.667,0.0,,,,,0.0,,0.0,0.0,0.73,0.0,0.0,0.68,0.0,0.04,0.0,0.68,0.0,0.0,0.04,0.0,0.0,0.72,0.48,0.432,800.99,,,,,,52.893,94.444,23847375436.0,0.0,,,,,0.0,,0.0,0.0,5.556,,,,,3.111,,5.556,0.04,3.111,,,,,,1.37,0.01,0.0,,,,,0.0,,94.444,,,,,52.893,,0.0,0.0,0.0,0.0,,,,,0.0,0.0,,56.004,12856171.0,10.298,3.111,5.556,,,,,,0.0,,,,,0.0,,0.0,,,,,0.0,
KHM,Cambodia,2004,,0.0,,0.0,,0.0,3.169,0.326,0.0,0.0,,,,,,675.325,0.0,,,,,0.0,,0.0,0.0,0.79,0.0,0.0,0.74,0.0,0.03,0.0,0.74,0.0,0.0,0.03,0.0,0.0,0.77,0.52,0.413,813.074,,,,,,56.633,96.104,25709399080.0,0.0,,,,,0.0,,0.0,0.0,3.896,,,,,2.296,,3.896,0.03,2.296,,,,,,2.532,0.02,0.0,,,,,0.0,,96.104,,,,,56.633,,0.0,0.0,0.0,0.0,,,,,0.0,0.0,,58.929,13066475.0,10.624,2.296,3.896,,,,,,0.0,,,,,0.0,,0.0,,,,,0.0,
KHM,Cambodia,2005,,0.0,,0.0,,0.0,13.441,1.428,0.0,0.0,,,,,,666.667,0.0,,,,,0.0,,0.0,0.0,0.93,0.0,0.0,0.86,0.0,0.04,0.0,0.86,0.0,0.0,0.04,0.0,0.0,0.9,0.6,0.424,907.987,,,,,,64.791,95.556,28450984911.0,0.0,,,,,0.0,,0.0,0.0,4.444,,,,,3.014,,4.444,0.04,3.014,,,,,,3.226,0.03,0.0,,,,,0.0,,95.556,,,,,64.791,,0.0,0.0,0.0,0.0,,,,,0.0,0.0,,67.805,13273355.0,12.052,3.014,4.444,,,,,,0.0,,,,,0.0,,0.0,,,,,0.0,
KHM,Cambodia,2006,,0.0,,0.0,,0.0,8.251,0.994,7.207,5.936,,,,,,639.64,0.0,,,,,0.0,,0.0,0.0,1.16,0.08,0.0,0.98,0.0,0.05,0.0,0.98,0.0,0.08,0.13,0.0,0.0,1.11,0.71,0.424,968.001,,,,,,72.713,88.288,30787632700.0,0.0,,,,,0.0,,0.0,0.0,4.505,,,,,3.71,,11.712,0.13,9.646,,,,,,4.31,0.05,0.0,,,,,0.0,,88.288,,,,,72.713,,0.0,0.0,0.0,5.936,,,,,0.0,7.207,,82.358,13477705.0,13.046,9.646,11.712,,,,,,0.0,,,,,0.0,,0.0,,,,,0.0,
KHM,Cambodia,2007,,0.0,,0.0,,0.0,17.333,2.261,7.801,8.041,,,,,,645.39,0.0,,,,,0.0,,0.0,0.0,1.51,0.11,0.0,1.25,0.0,0.05,0.0,1.25,0.0,0.11,0.16,0.0,0.0,1.41,0.91,0.462,1118.998,,,,,,91.375,88.652,33155623330.0,0.0,,,,,0.0,,0.0,0.0,3.546,,,,,3.655,,11.348,0.16,11.696,,,,,,6.623,0.1,0.0,,,,,0.0,,88.652,,,,,91.375,,0.0,0.0,0.0,8.041,,,,,0.0,7.801,,103.071,13679953.0,15.308,11.696,11.348,,,,,,0.0,,,,,0.0,,0.0,,,,,0.0,
KHM,Cambodia,2008,,0.0,,0.0,,0.0,4.954,0.758,8.633,8.643,,,,,,640.288,0.0,,,,,0.0,,0.0,0.0,1.67,0.12,0.0,1.23,0.0,0.04,0.0,1.23,0.0,0.12,0.16,0.0,0.0,1.39,0.89,0.465,1157.186,,,,,,88.592,88.489,34556531284.0,0.0,,,,,0.0,,0.0,0.0,2.878,,,,,2.881,,11.511,0.16,11.524,,,,,,16.766,0.28,0.0,,,,,0.0,,88.489,,,,,88.592,,0.0,0.0,0.0,8.643,,,,,0.0,8.633,,100.116,13883835.0,16.066,11.524,11.511,,,,,,0.0,,,,,0.0,,0.0,,,,,0.0,
KHM,Cambodia,2009,,0.0,,0.0,,0.0,23.578,3.788,9.322,7.805,,,,,,635.593,0.0,,,,,0.0,,0.0,0.0,1.91,0.11,0.0,1.03,0.0,0.04,0.0,1.03,0.0,0.11,0.15,0.0,0.0,1.18,0.75,0.576,1408.744,,,,,,73.083,87.288,34483415774.0,0.0,,,,,0.0,,0.0,0.0,3.39,,,,,2.838,,12.712,0.15,10.643,,,,,,38.22,0.73,0.0,,,,,0.0,,87.288,,,,,73.083,,0.0,0.0,0.0,7.805,,,,,0.0,9.322,,83.726,14093605.0,19.854,10.643,12.712,,,,,,0.0,,,,,0.0,,0.0,,,,,0.0,
KHM,Cambodia,2010,,0.0,,0.0,,0.0,15.325,3.043,9.574,6.288,,,,,,627.66,0.0,,,,,0.0,,0.0,0.0,2.49,0.09,0.0,0.82,0.0,0.03,0.0,0.82,0.0,0.09,0.12,0.0,0.0,0.94,0.59,0.654,1599.824,,,,,,57.294,87.234,34988626236.0,0.0,,,,,0.0,,0.0,0.0,3.191,,,,,2.096,,12.766,0.12,8.384,,,,,,62.249,1.55,0.0,,,,,0.0,,87.234,,,,,57.294,,0.0,0.0,0.0,6.288,,,,,0.0,9.574,,65.678,14312205.0,22.897,8.384,12.766,,,,,,0.0,,,,,0.0,,0.0,,,,,0.0,
KHM,Cambodia,2011,,0.0,,0.0,,0.0,3.462,0.793,10.101,6.877,,,,,,616.162,0.0,,,,,0.0,,0.0,0.0,2.82,0.1,0.0,0.84,0.0,0.05,0.0,0.84,0.0,0.1,0.15,0.0,0.0,0.99,0.61,0.647,1629.111,,,,,,57.766,84.848,36605583306.0,0.0,,,,,0.0,,0.0,0.0,5.051,,,,,3.438,,15.152,0.15,10.315,,,,,,64.894,1.83,0.0,,,,,0.0,,84.848,,,,,57.766,,0.0,0.0,0.0,6.877,,,,,0.0,10.101,,68.081,14541421.0,23.69,10.315,15.152,,,,,,0.0,,,,,0.0,,0.0,,,,,0.0,
KHM,Cambodia,2012,,0.0,,0.0,,0.0,11.372,2.694,24.088,22.327,,,,,,335.766,0.0,,,,,0.0,,0.0,0.0,3.48,0.33,0.0,0.53,0.0,0.51,0.0,0.53,0.0,0.33,0.84,0.0,0.0,1.37,0.46,0.672,1785.036,,,,,,35.858,38.686,39288827313.0,0.0,,,,,0.0,,0.0,0.0,37.226,,,,,34.505,,61.314,0.84,56.832,,,,,,60.632,2.11,0.0,,,,,0.0,,38.686,,,,,35.858,,0.0,0.0,0.0,22.327,,,,,0.0,24.088,,92.69,14780454.0,26.384,56.832,61.314,,,,,,0.0,,,,,0.0,,0.0,,,,,0.0,
KHM,Cambodia,2013,,0.0,,0.0,,0.0,6.051,1.596,13.372,15.306,,,,,,238.372,0.0,,,,,0.0,,0.0,0.0,4.0,0.23,0.0,0.48,0.0,1.01,0.0,0.48,0.0,0.23,1.24,0.0,0.0,1.72,0.41,0.663,1862.066,,,,,,31.944,27.907,42198171930.0,0.0,,,,,0.0,,0.0,0.0,58.721,,,,,67.215,,72.093,1.24,82.522,,,,,,57.0,2.28,0.0,,,,,0.0,,27.907,,,,,31.944,,0.0,0.0,0.0,15.306,,,,,0.0,13.372,,114.466,15026330.0,27.98,82.522,72.093,,,,,,0.0,,,,,0.0,,0.0,,,,,0.0,
KHM,Cambodia,2014,,0.0,,0.0,,0.0,10.333,2.891,3.704,7.202,,,,,,296.296,25.926,,,,,50.411,,0.0,0.0,4.77,0.11,0.77,1.03,0.0,1.83,0.0,0.26,0.0,0.11,1.94,0.0,0.0,2.97,0.88,0.683,2021.086,,,,,,67.433,34.68,45181947126.0,0.0,,,,,0.0,,0.0,0.0,61.616,,,,,119.807,,65.32,1.94,127.009,,,,,,37.736,1.8,0.0,,,,,0.0,,8.754,,,,,17.022,,0.0,0.0,0.0,7.202,,,,,0.0,3.704,,194.442,15274506.0,30.871,127.009,65.32,,,,,,0.0,,,,,0.0,,0.0,,,,,0.0,
KHM,Cambodia,2015,,0.0,,0.0,,0.0,14.616,4.512,3.546,9.664,,,,,,416.076,40.898,,,,,111.459,,0.0,0.0,5.78,0.15,1.73,2.1,0.0,1.98,0.0,0.37,0.0,0.15,2.13,0.0,0.0,4.23,1.76,0.732,2279.634,,,,,,135.297,49.645,48358453960.0,0.0,,,,,0.0,,0.0,0.0,46.809,,,,,127.566,,50.355,2.13,137.23,,,,,,26.817,1.55,0.0,,,,,0.0,,8.747,,,,,23.838,,0.0,0.0,0.0,9.664,,,,,0.0,3.546,,272.526,15521435.0,35.383,137.23,50.355,,,,,,0.0,,,,,0.0,,0.0,,,,,0.0,
KHM,Cambodia,2016,,0.0,,0.0,,0.0,24.645,8.72,3.34,11.417,,,,,,406.308,40.074,,,,,137.001,,0.0,0.0,6.97,0.18,2.16,2.62,0.0,2.59,0.0,0.46,0.0,0.18,2.77,0.0,0.0,5.39,2.19,0.852,2797.313,,,,,,166.177,48.609,51749835786.0,0.0,,,,,0.0,,0.0,0.0,48.052,,,,,164.275,,51.391,2.77,175.691,,,,,,22.669,1.58,0.0,,,,,0.0,,8.534,,,,,29.176,,0.0,0.0,0.0,11.417,,,,,0.0,3.34,,341.869,15766290.0,44.103,175.691,51.391,,,,,,0.0,,,,,0.0,,0.0,,,,,0.0,
KHM,Cambodia,2017,,,,,,,5.612,2.475,4.762,19.988,,,,,,462.798,47.47,,,,,199.258,,,,8.16,0.32,3.19,3.69,0.0,2.71,0.0,0.5,0.0,0.32,3.03,0.0,0.0,6.72,3.11,0.841,2909.437,,,,,,230.489,54.911,55370771366.0,0.0,,,,,0.0,,,,40.327,,,,,169.275,,45.089,3.03,189.264,,,,,,17.647,1.44,0.0,,,,,0.0,,7.44,,,,,31.232,,,,0.0,19.988,,,,,0.0,4.762,,419.753,16009413.0,46.578,189.264,45.089,,,,,,0.0,,,,,0.0,,0.0,,,,,0.0,
KHM,Cambodia,2018,,,,,,,26.219,12.212,3.279,16.0,,,,,,321.564,32.282,,,,,157.54,,,,9.5,0.26,2.56,2.96,0.0,4.69,0.0,0.4,0.0,0.26,4.97,0.02,0.0,7.93,2.55,0.987,3617.926,,,,,,182.156,37.327,59541851603.0,0.0,,,,,0.0,,,,59.142,,,,,288.619,,62.673,4.97,305.85,,,,,,16.526,1.57,0.0,,,,,0.0,,5.044,,,,,24.616,,,,0.0,16.0,,,,,0.0,3.279,,488.006,16249795.0,58.791,305.85,62.673,,,,,,0.252,,,,,1.231,,0.0,,,,,0.0,
KHM,Cambodia,2019,,,,,,,12.01,7.061,4.048,20.623,,,,,,398.81,40.595,,,,,206.835,,,,11.46,0.34,3.41,3.94,0.0,4.03,0.0,0.53,0.0,0.34,4.46,0.09,0.0,8.4,3.35,,3994.237,,,,,,238.983,46.905,,0.0,,,,,0.0,,,,47.976,,,,,244.442,,53.095,4.46,270.524,,,,,,26.702,3.06,0.0,,,,,0.0,,6.31,,,,,32.147,,,,0.0,20.623,,,,,0.0,4.048,,509.506,16486543.0,65.851,270.524,53.095,,,,,,1.071,,,,,5.459,,0.0,,,,,0.0,
KHM,Cambodia,2020,,,,,,,,,4.326,20.336,,,,,,423.664,43.384,,,,,203.96,,,,10.92,0.34,3.41,3.94,0.0,3.49,0.0,0.53,0.0,0.34,3.92,0.09,0.0,7.86,3.33,,,,,,,,235.66,50.127,,0.0,,,,,0.0,,,,44.402,,,,,208.745,,49.873,3.92,234.464,,,,,,28.022,3.06,0.0,,,,,0.0,,6.743,,,,,31.701,,,,0.0,20.336,,,,,0.0,4.326,,470.125,16718971.0,,234.464,49.873,,,,,,1.145,,,,,5.383,,0.0,,,,,0.0,
