iso_code,country,year,coal_prod_change_pct,coal_prod_change_twh,gas_prod_change_pct,gas_prod_change_twh,oil_prod_change_pct,oil_prod_change_twh,energy_cons_change_pct,energy_cons_change_twh,biofuel_share_elec,biofuel_elec_per_capita,biofuel_cons_change_pct,biofuel_share_energy,biofuel_cons_change_twh,biofuel_consumption,biofuel_cons_per_capita,carbon_intensity_elec,coal_share_elec,coal_cons_change_pct,coal_share_energy,coal_cons_change_twh,coal_consumption,coal_elec_per_capita,coal_cons_per_capita,coal_production,coal_prod_per_capita,electricity_demand,biofuel_electricity,coal_electricity,fossil_electricity,gas_electricity,hydro_electricity,nuclear_electricity,oil_electricity,other_renewable_exc_biofuel_electricity,other_renewable_electricity,renewables_electricity,solar_electricity,wind_electricity,electricity_generation,greenhouse_gas_emissions,energy_per_gdp,energy_per_capita,fossil_cons_change_pct,fossil_share_energy,fossil_cons_change_twh,fossil_fuel_consumption,fossil_energy_per_capita,fossil_cons_per_capita,fossil_share_elec,gdp,gas_share_elec,gas_cons_change_pct,gas_share_energy,gas_cons_change_twh,gas_consumption,gas_elec_per_capita,gas_energy_per_capita,gas_production,gas_prod_per_capita,hydro_share_elec,hydro_cons_change_pct,hydro_share_energy,hydro_cons_change_twh,hydro_consumption,hydro_elec_per_capita,hydro_energy_per_capita,low_carbon_share_elec,low_carbon_electricity,low_carbon_elec_per_capita,low_carbon_cons_change_pct,low_carbon_share_energy,low_carbon_cons_change_twh,low_carbon_consumption,low_carbon_energy_per_capita,net_elec_imports_share_demand,net_elec_imports,nuclear_share_elec,nuclear_cons_change_pct,nuclear_share_energy,nuclear_cons_change_twh,nuclear_consumption,nuclear_elec_per_capita,nuclear_energy_per_capita,oil_share_elec,oil_cons_change_pct,oil_share_energy,oil_cons_change_twh,oil_consumption,oil_elec_per_capita,oil_energy_per_capita,oil_production,oil_prod_per_capita,other_renewables_elec_per_capita_exc_biofuel,other_renewables_elec_per_capita,other_renewables_cons_change_pct,other_renewables_share_energy,other_renewables_cons_change_twh,other_renewable_consumption,other_renewables_share_elec_exc_biofuel,other_renewables_share_elec,other_renewables_energy_per_capita,per_capita_electricity,population,primary_energy_consumption,renewables_elec_per_capita,renewables_share_elec,renewables_cons_change_pct,renewables_share_energy,renewables_cons_change_twh,renewables_consumption,renewables_energy_per_capita,solar_share_elec,solar_cons_change_pct,solar_share_energy,solar_cons_change_twh,solar_consumption,solar_elec_per_capita,solar_energy_per_capita,wind_share_elec,wind_cons_change_pct,wind_share_energy,wind_cons_change_twh,wind_consumption,wind_elec_per_capita,wind_energy_per_capita
CHL,Chile,1900,,,,,,,,,,,,,,,,,,,,,,,,2.609,832.025,,,,,,,,,,,,,,,,,,,,,,,,,10019174000.0,,,,,,,,0.0,0.0,,,,,,,,,,,,,,,,,,,,,,,,,,,,,,,,0.0,0.0,,,,,,,,,,,3135464.0,,,,,,,,,,,,,,,,,,,,,,
CHL,Chile,1901,84.615,2.207,,0.0,,0.0,,,,,,,,,,,,,,,,,,4.816,1516.151,,,,,,,,,,,,,,,,,,,,,,,,,10227504000.0,,,,,,,,0.0,0.0,,,,,,,,,,,,,,,,,,,,,,,,,,,,,,,,0.0,0.0,,,,,,,,,,,3176610.0,,,,,,,,,,,,,,,,,,,,,,
CHL,Chile,1902,25.0,1.204,,0.0,,0.0,,,,,,,,,,,,,,,,,,6.02,1871.09,,,,,,,,,,,,,,,,,,,,,,,,,10916516000.0,,,,,,,,0.0,0.0,,,,,,,,,,,,,,,,,,,,,,,,,,,,,,,,0.0,0.0,,,,,,,,,,,3217523.0,,,,,,,,,,,,,,,,,,,,,,
CHL,Chile,1903,10.267,0.618,,0.0,,0.0,,,,,,,,,,,,,,,,,,6.638,2037.437,,,,,,,,,,,,,,,,,,,,,,,,,10362765000.0,,,,,,,,0.0,0.0,,,,,,,,,,,,,,,,,,,,,,,,,,,,,,,,0.0,0.0,,,,,,,,,,,3258189.0,,,,,,,,,,,,,,,,,,,,,,
CHL,Chile,1904,-9.069,-0.602,,0.0,,0.0,,,,,,,,,,,,,,,,,,6.036,1829.542,,,,,,,,,,,,,,,,,,,,,,,,,11305700000.0,,,,,,,,0.0,0.0,,,,,,,,,,,,,,,,,,,,,,,,,,,,,,,,0.0,0.0,,,,,,,,,,,3299365.0,,,,,,,,,,,,,,,,,,,,,,
CHL,Chile,1905,5.585,0.337,,0.0,,0.0,,,,,,,,,,,,,,,,,,6.373,1907.618,,,,,,,,,,,,,,,,,,,,,,,,,10881920000.0,,,,,,,,0.0,0.0,,,,,,,,,,,,,,,,,,,,,,,,,,,,,,,,0.0,0.0,,,,,,,,,,,3341058.0,,,,,,,,,,,,,,,,,,,,,,
CHL,Chile,1906,17.506,1.116,,0.0,,0.0,,,,,,,,,,,,,,,,,,7.489,2213.603,,,,,,,,,,,,,,,,,,,,,,,,,11634896000.0,,,,,,,,0.0,0.0,,,,,,,,,,,,,,,,,,,,,,,,,,,,,,,,0.0,0.0,,,,,,,,,,,3383272.0,,,,,,,,,,,,,,,,,,,,,,
CHL,Chile,1907,-10.718,-0.803,,0.0,,0.0,,,,,,,,,,,,,,,,,,6.687,1951.689,,,,,,,,,,,,,,,,,,,,,,,,,12222480000.0,,,,,,,,0.0,0.0,,,,,,,,,,,,,,,,,,,,,,,,,,,,,,,,0.0,0.0,,,,,,,,,,,3426016.0,,,,,,,,,,,,,,,,,,,,,,
CHL,Chile,1908,12.845,0.859,,0.0,,0.0,,,,,,,,,,,,,,,,,,7.545,2174.911,,,,,,,,,,,,,,,,,,,,,,,,,13040880000.0,,,,,,,,0.0,0.0,,,,,,,,,,,,,,,,,,,,,,,,,,,,,,,,0.0,0.0,,,,,,,,,,,3469296.0,,,,,,,,,,,,,,,,,,,,,,
CHL,Chile,1909,-4.362,-0.329,,0.0,,0.0,,,,,,,,,,,,,,,,,,7.216,2054.058,,,,,,,,,,,,,,,,,,,,,,,,,13257760000.0,,,,,,,,0.0,0.0,,,,,,,,,,,,,,,,,,,,,,,,,,,,,,,,0.0,0.0,,,,,,,,,,,3513193.0,,,,,,,,,,,,,,,,,,,,,,
CHL,Chile,1910,19.466,1.405,,0.0,,0.0,,,,,,,,,,,,,,,,,,8.621,2423.193,,,,,,,,,,,,,,,,,,,,,,,,,14876745000.0,,,,,,,,0.0,0.0,,,,,,,,,,,,,,,,,,,,,,,,,,,,,,,,0.0,0.0,,,,,,,,,,,3557716.0,,,,,,,,,,,,,,,,,,,,,,
CHL,Chile,1911,10.615,0.915,,0.0,,0.0,,,,,,,,,,,,,,,,,,9.536,2646.808,,,,,,,,,,,,,,,,,,,,,,,,,15029274000.0,,,,,,,,0.0,0.0,,,,,,,,,,,,,,,,,,,,,,,,,,,,,,,,0.0,0.0,,,,,,,,,,,3602874.0,,,,,,,,,,,,,,,,,,,,,,
CHL,Chile,1912,11.448,1.092,,0.0,,0.0,,,,,,,,,,,,,,,,,,10.628,2912.78,,,,,,,,,,,,,,,,,,,,,,,,,16301952000.0,,,,,,,,0.0,0.0,,,,,,,,,,,,,,,,,,,,,,,,,,,,,,,,0.0,0.0,,,,,,,,,,,3648676.0,,,,,,,,,,,,,,,,,,,,,,
CHL,Chile,1913,-3.097,-0.329,,0.0,,0.0,,,,,,,,,,,,,,,,,,10.299,2787.095,,,,,,,,,,,,,,,,,,,,,,,,,16592316000.0,,,,,,,,0.0,0.0,,,,,,,,,,,,,,,,,,,,,,,,,,,,,,,,0.0,0.0,,,,,,,,,,,3695132.0,,,,,,,,,,,,,,,,,,,,,,
CHL,Chile,1914,-15.277,-1.573,,0.0,,0.0,,,,,,,,,,,,,,,,,,8.725,2331.634,,,,,,,,,,,,,,,,,,,,,,,,,14126370000.0,,,,,,,,0.0,0.0,,,,,,,,,,,,,,,,,,,,,,,,,,,,,,,,0.0,0.0,,,,,,,,,,,3742175.0,,,,,,,,,,,,,,,,,,,,,,
CHL,Chile,1915,7.82,0.682,,0.0,,0.0,,,,,,,,,,,,,,,,,,9.408,2482.362,,,,,,,,,,,,,,,,,,,,,,,,,13379817000.0,,,,,,,,0.0,0.0,,,,,,,,,,,,,,,,,,,,,,,,,,,,,,,,0.0,0.0,,,,,,,,,,,3789811.0,,,,,,,,,,,,,,,,,,,,,,
CHL,Chile,1916,20.99,1.975,,0.0,,0.0,,,,,,,,,,,,,,,,,,11.382,2965.656,,,,,,,,,,,,,,,,,,,,,,,,,16330000000.0,,,,,,,,0.0,0.0,,,,,,,,,,,,,,,,,,,,,,,,,,,,,,,,0.0,0.0,,,,,,,,,,,3838049.0,,,,,,,,,,,,,,,,,,,,,,
CHL,Chile,1917,8.533,0.971,,0.0,,0.0,,,,,,,,,,,,,,,,,,12.354,3178.269,,,,,,,,,,,,,,,,,,,,,,,,,16598632000.0,,,,,,,,0.0,0.0,,,,,,,,,,,,,,,,,,,,,,,,,,,,,,,,0.0,0.0,,,,,,,,,,,3886897.0,,,,,,,,,,,,,,,,,,,,,,
CHL,Chile,1918,-1.43,-0.177,,0.0,,0.0,,,,,,,,,,,,,,,,,,12.177,3096.918,,,,,,,,,,,,,,,,,,,,,,,,,16723668000.0,,,,,,,,0.0,0.0,,,,,,,,,,,,,,,,,,,,,,,,,,,,,,,,0.0,0.0,,,,,,,,,,,3931976.0,,,,,,,,,,,,,,,,,,,,,,
CHL,Chile,1919,-2.109,-0.257,,0.0,,0.0,,,,,,,,,,,,,,,,,,11.92,2995.552,,,,,,,,,,,,,,,,,,,,,,,,,14171334000.0,,,,,,,,0.0,0.0,,,,,,,,,,,,,,,,,,,,,,,,,,,,,,,,0.0,0.0,,,,,,,,,,,3979281.0,,,,,,,,,,,,,,,,,,,,,,
CHL,Chile,1920,-28.418,-3.387,,0.0,,0.0,,,,,,,,,,,,,,,,,,8.533,2117.904,,,,,,,,,,,,,,,,,,,,,,,,,15815304000.0,,,,,,,,0.0,0.0,,,,,,,,,,,,,,,,,,,,,,,,,,,,,,,,0.0,0.0,,,,,,,,,,,4028859.0,,,,,,,,,,,,,,,,,,,,,,
CHL,Chile,1921,19.944,1.702,,0.0,,0.0,,,,,,,,,,,,,,,,,,10.234,2507.98,,,,,,,,,,,,,,,,,,,,,,,,,14047063000.0,,,,,,,,0.0,0.0,,,,,,,,,,,,,,,,,,,,,,,,,,,,,,,,0.0,0.0,,,,,,,,,,,4080761.0,,,,,,,,,,,,,,,,,,,,,,
CHL,Chile,1922,-17.412,-1.782,,0.0,,0.0,,,,,,,,,,,,,,,,,,8.452,2044.108,,,,,,,,,,,,,,,,,,,,,,,,,14558038000.0,,,,,,,,0.0,0.0,,,,,,,,,,,,,,,,,,,,,,,,,,,,,,,,0.0,0.0,,,,,,,,,,,4135038.0,,,,,,,,,,,,,,,,,,,,,,
CHL,Chile,1923,10.541,0.891,,0.0,,0.0,,,,,,,,,,,,,,,,,,9.343,2229.018,,,,,,,,,,,,,,,,,,,,,,,,,17451124000.0,,,,,,,,0.0,0.0,,,,,,,,,,,,,,,,,,,,,,,,,,,,,,,,0.0,0.0,,,,,,,,,,,4191741.0,,,,,,,,,,,,,,,,,,,,,,
CHL,Chile,1924,32.216,3.01,,0.0,,0.0,,,,,,,,,,,,,,,,,,12.354,2907.262,,,,,,,,,,,,,,,,,,,,,,,,,18719343000.0,,,,,,,,0.0,0.0,,,,,,,,,,,,,,,,,,,,,,,,,,,,,,,,0.0,0.0,,,,,,,,,,,4249222.0,,,,,,,,,,,,,,,,,,,,,,
CHL,Chile,1925,-5.588,-0.69,,0.0,,0.0,,,,,,,,,,,,,,,,,,11.663,2707.673,,,,,,,,,,,,,,,,,,,,,,,,,19464910000.0,,,,,,,,0.0,0.0,,,,,,,,,,,,,,,,,,,,,,,,,,,,,,,,0.0,0.0,,,,,,,,,,,4307491.0,,,,,,,,,,,,,,,,,,,,,,
CHL,Chile,1926,2.615,0.305,,0.0,,0.0,,,,,,,,,,,,,,,,,,11.968,2740.9,,,,,,,,,,,,,,,,,,,,,,,,,18925550000.0,,,,,,,,0.0,0.0,,,,,,,,,,,,,,,,,,,,,,,,,,,,,,,,0.0,0.0,,,,,,,,,,,4366560.0,,,,,,,,,,,,,,,,,,,,,,
CHL,Chile,1927,-0.604,-0.072,,0.0,,0.0,,,,,,,,,,,,,,,,,,11.896,2687.502,,,,,,,,,,,,,,,,,,,,,,,,,18544064000.0,,,,,,,,0.0,0.0,,,,,,,,,,,,,,,,,,,,,,,,,,,,,,,,0.0,0.0,,,,,,,,,,,4426438.0,,,,,,,,,,,,,,,,,,,,,,
CHL,Chile,1928,-7.152,-0.851,,0.0,,0.0,,,,,,,,,,,,,,,,,,11.045,2461.524,,,,,,,,,,,,,,,,,,,,,,,,,23221260000.0,,,,,,,,0.0,0.0,,,,,,,,,,,,,,,,,,,,,,,,,,,,,,,,0.0,0.0,,,,,,,,,,,4487138.0,,,,,,,,,,,,,,,,,,,,,,
CHL,Chile,1929,9.593,1.06,,0.0,,0.0,,,,,,,,,,,,,,,,,,12.105,2659.314,,,,,,,,,,,,,,,,,,,,,,,,,23863158000.0,,,,,,,,0.0,0.0,,,,,,,,,,,,,,,,,,,,,,,,,,,,,,,,0.0,0.0,,,,,,,,,,,4551838.0,,,,,,,,,,,,,,,,,,,,,,
CHL,Chile,1930,-4.377,-0.53,,0.0,,0.0,,,,,,,,,,,,,,,,,,11.575,2505.056,,,,,,,,,,,,,,,,,,,,,,,,,20801016000.0,,,,,,,,0.0,0.0,,,,,,,,,,,,,,,,,,,,,,,,,,,,,,,,0.0,0.0,,,,,,,,,,,4620647.0,,,,,,,,,,,,,,,,,,,,,,
CHL,Chile,1931,-23.717,-2.745,,0.0,,0.0,,,,,,,,,,,,,,,,,,8.83,1881.198,,,,,,,,,,,,,,,,,,,,,,,,,16912128000.0,,,,,,,,0.0,0.0,,,,,,,,,,,,,,,,,,,,,,,,,,,,,,,,0.0,0.0,,,,,,,,,,,4693678.0,,,,,,,,,,,,,,,,,,,,,,
CHL,Chile,1932,-1.364,-0.12,,0.0,,0.0,,,,,,,,,,,,,,,,,,8.709,1825.455,,,,,,,,,,,,,,,,,,,,,,,,,12982950000.0,,,,,,,,0.0,0.0,,,,,,,,,,,,,,,,,,,,,,,,,,,,,,,,0.0,0.0,,,,,,,,,,,4771045.0,,,,,,,,,,,,,,,,,,,,,,
CHL,Chile,1933,41.751,3.636,,0.0,,0.0,,,,,,,,,,,,,,,,,,12.346,2543.977,,,,,,,,,,,,,,,,,,,,,,,,,16183314000.0,,,,,,,,0.0,0.0,,,,,,,,,,,,,,,,,,,,,,,,,,,,,,,,0.0,0.0,,,,,,,,,,,4852864.0,,,,,,,,,,,,,,,,,,,,,,
CHL,Chile,1934,17.555,2.167,,0.0,,0.0,,,,,,,,,,,,,,,,,,14.513,2940.159,,,,,,,,,,,,,,,,,,,,,,,,,19415412000.0,,,,,,,,0.0,0.0,,,,,,,,,,,,,,,,,,,,,,,,,,,,,,,,0.0,0.0,,,,,,,,,,,4936085.0,,,,,,,,,,,,,,,,,,,,,,
CHL,Chile,1935,5.088,0.738,,0.0,,0.0,,,,,,,,,,,,,,,,,,15.251,3037.676,,,,,,,,,,,,,,,,,,,,,,,,,20863375000.0,,,,,,,,0.0,0.0,,,,,,,,,,,,,,,,,,,,,,,,,,,,,,,,0.0,0.0,,,,,,,,,,,5020734.0,,,,,,,,,,,,,,,,,,,,,,
CHL,Chile,1936,-1.316,-0.201,,0.0,,0.0,,,,,,,,,,,,,,,,,,15.051,2947.165,,,,,,,,,,,,,,,,,,,,,,,,,21572304000.0,,,,,,,,0.0,0.0,,,,,,,,,,,,,,,,,,,,,,,,,,,,,,,,0.0,0.0,,,,,,,,,,,5106835.0,,,,,,,,,,,,,,,,,,,,,,
CHL,Chile,1937,4.427,0.666,,0.0,,0.0,,,,,,,,,,,,,,,,,,15.717,3025.738,,,,,,,,,,,,,,,,,,,,,,,,,24342487000.0,,,,,,,,0.0,0.0,,,,,,,,,,,,,,,,,,,,,,,,,,,,,,,,0.0,0.0,,,,,,,,,,,5194412.0,,,,,,,,,,,,,,,,,,,,,,
CHL,Chile,1938,4.392,0.69,,0.0,,0.0,,,,,,,,,,,,,,,,,,16.407,3105.381,,,,,,,,,,,,,,,,,,,,,,,,,24716250000.0,,,,,,,,0.0,0.0,,,,,,,,,,,,,,,,,,,,,,,,,,,,,,,,0.0,0.0,,,,,,,,,,,5283491.0,,,,,,,,,,,,,,,,,,,,,,
CHL,Chile,1939,-9.491,-1.557,,0.0,,0.0,,,,,,,,,,,,,,,,,,14.85,2762.336,,,,,,,,,,,,,,,,,,,,,,,,,25346184000.0,,,,,,,,0.0,0.0,,,,,,,,,,,,,,,,,,,,,,,,,,,,,,,,0.0,0.0,,,,,,,,,,,5375888.0,,,,,,,,,,,,,,,,,,,,,,
CHL,Chile,1940,4.757,0.706,,0.0,,0.0,,,,,,,,,,,,,,,,,,15.556,2843.066,,,,,,,,,,,,,,,,,,,,,,,,,26174912000.0,,,,,,,,0.0,0.0,,,,,,,,,,,,,,,,,,,,,,,,,,,,,,,,0.0,0.0,,,,,,,,,,,5471694.0,,,,,,,,,,,,,,,,,,,,,,
CHL,Chile,1941,6.295,0.979,,0.0,,0.0,,,,,,,,,,,,,,,,,,16.536,2968.172,,,,,,,,,,,,,,,,,,,,,,,,,26223741000.0,,,,,,,,0.0,0.0,,,,,,,,,,,,,,,,,,,,,,,,,,,,,,,,0.0,0.0,,,,,,,,,,,5571001.0,,,,,,,,,,,,,,,,,,,,,,
CHL,Chile,1942,4.417,0.73,,0.0,,0.0,,,,,,,,,,,,,,,,,,17.266,3043.081,,,,,,,,,,,,,,,,,,,,,,,,,27084928000.0,,,,,,,,0.0,0.0,,,,,,,,,,,,,,,,,,,,,,,,,,,,,,,,0.0,0.0,,,,,,,,,,,5673904.0,,,,,,,,,,,,,,,,,,,,,,
CHL,Chile,1943,5.3,0.915,,0.0,,0.0,,,,,,,,,,,,,,,,,,18.181,3145.269,,,,,,,,,,,,,,,,,,,,,,,,,27857732000.0,,,,,,,,0.0,0.0,,,,,,,,,,,,,,,,,,,,,,,,,,,,,,,,0.0,0.0,,,,,,,,,,,5780501.0,,,,,,,,,,,,,,,,,,,,,,
CHL,Chile,1944,0.618,0.112,,0.0,,0.0,,,,,,,,,,,,,,,,,,18.294,3106.35,,,,,,,,,,,,,,,,,,,,,,,,,28383841000.0,,,,,,,,0.0,0.0,,,,,,,,,,,,,,,,,,,,,,,,,,,,,,,,0.0,0.0,,,,,,,,,,,5889101.0,,,,,,,,,,,,,,,,,,,,,,
CHL,Chile,1945,-8.776,-1.605,,0.0,,0.0,,,,,,,,,,,,,,,,,,16.688,2781.487,,,,,,,,,,,,,,,,,,,,,,,,,30830256000.0,,,,,,,,0.0,0.0,,,,,,,,,,,,,,,,,,,,,,,,,,,,,,,,0.0,0.0,,,,,,,,,,,5999741.0,,,,,,,,,,,,,,,,,,,,,,
CHL,Chile,1946,-5.435,-0.907,,0.0,,0.0,,,,,,,,,,,,,,,,,,15.781,2581.8,,,,,,,,,,,,,,,,,,,,,,,,,33472208000.0,,,,,,,,0.0,0.0,,,,,,,,,,,,,,,,,,,,,,,,,,,,,,,,0.0,0.0,,,,,,,,,,,6112459.0,,,,,,,,,,,,,,,,,,,,,,
CHL,Chile,1947,5.137,0.811,,0.0,,0.0,,,,,,,,,,,,,,,,,,16.592,2664.379,,,,,,,,,,,,,,,,,,,,,,,,,29882307000.0,,,,,,,,0.0,0.0,,,,,,,,,,,,,,,,,,,,,,,,,,,,,,,,0.0,0.0,,,,,,,,,,,6227295.0,,,,,,,,,,,,,,,,,,,,,,
CHL,Chile,1948,9.869,1.638,,0.0,,0.0,,,,,,,,,,,,,,,,,,18.229,2873.354,,,,,,,,,,,,,,,,,,,,,,,,,34832235000.0,,,,,,,,0.0,0.0,,,,,,,,,,,,,,,,,,,,,,,,,,,,,,,,0.0,0.0,,,,,,,,,,,6344289.0,,,,,,,,,,,,,,,,,,,,,,
CHL,Chile,1949,-5.724,-1.044,,0.046,,0.081,,,,,,,,,,,,,,,,,,17.186,2657.08,,,,,,,,,,,,,,,,,,,,,,,,,34082990000.0,,,,,,,,0.046,7.112,,,,,,,,,,,,,,,,,,,,,,,,,,,,,,,,0.081,12.587,,,,,,,,,,,6467955.0,,,,,,,,,,,,,,,,,,,,,,
CHL,Chile,1950,10.628,1.827,4875.014,2.243,1071.429,0.872,,,,,,,,,,,,,,,,,,19.012,2881.32,,,,,,,,,,,,,,,,,,,,,,,,,35814098040.0,,,,,,,,2.289,346.836,,,,,,,,,,,,,,,,,,,,,,,,,,,,,,,,0.954,144.527,,,,,,,,,,,6598518.0,,,,,,,,,,,,,,,,,,,,,,
CHL,Chile,1951,-10.969,-2.086,-28.141,-0.644,20.732,0.198,,,,,,,,,,,,,,,,,,16.927,2515.302,,,,,,,,,,,,,,,,,,,,,,,,,37517849933.0,,,,,,,,1.645,244.38,,,,,,,,,,,,,,,,,,,,,,,,,,,,,,,,1.151,171.091,,,,,,,,,,,6729580.0,,,,,,,,,,,,,,,,,,,,,,
CHL,Chile,1952,10.789,1.826,-58.741,-0.966,20.202,0.233,,,,,,,,,,,,,,,,,,18.753,2729.83,,,,,,,,,,,,,,,,,,,,,,,,,39872873988.0,,,,,,,,0.679,98.771,,,,,,,,,,,,,,,,,,,,,,,,,,,,,,,,1.384,201.46,,,,,,,,,,,6869714.0,,,,,,,,,,,,,,,,,,,,,,
CHL,Chile,1953,-4.219,-0.791,18.644,0.127,37.815,0.523,,,,,,,,,,,,,,,,,,17.962,2559.973,,,,,,,,,,,,,,,,,,,,,,,,,42735438468.0,,,,,,,,0.805,114.735,,,,,,,,,,,,,,,,,,,,,,,,,,,,,,,,1.907,271.835,,,,,,,,,,,7016465.0,,,,,,,,,,,,,,,,,,,,,,
CHL,Chile,1954,-2.428,-0.436,28.571,0.23,37.805,0.721,,,,,,,,,,,,,,,,,,17.526,2445.054,,,,,,,,,,,,,,,,,,,,,,,,,41239904706.0,,,,,,,,1.035,144.4,,,,,,,,,,,,,,,,,,,,,,,,,,,,,,,,2.628,366.687,,,,,,,,,,,7167909.0,,,,,,,,,,,,,,,,,,,,,,
CHL,Chile,1955,0.794,0.139,24.444,0.253,48.673,1.279,,,,,,,,,,,,,,,,,,17.665,2412.382,,,,,,,,,,,,,,,,,,,,,,,,,42759068729.0,,,,,,,,1.288,175.901,,,,,,,,,,,,,,,,,,,,,,,,,,,,,,,,3.908,533.643,,,,,,,,,,,7322655.0,,,,,,,,,,,,,,,,,,,,,,
CHL,Chile,1956,-8.61,-1.521,33.929,0.437,37.5,1.465,,,,,,,,,,,,,,,,,,16.144,2158.342,,,,,,,,,,,,,,,,,,,,,,,,,43296378255.0,,,,,,,,1.725,230.63,,,,,,,,,,,,,,,,,,,,,,,,,,,,,,,,5.373,718.339,,,,,,,,,,,7479848.0,,,,,,,,,,,,,,,,,,,,,,
CHL,Chile,1957,-7.975,-1.288,66.667,1.15,22.294,1.198,,,,,,,,,,,,,,,,,,14.857,1944.779,,,,,,,,,,,,,,,,,,,,,,,,,47633262908.0,,,,,,,,2.875,376.365,,,,,,,,,,,,,,,,,,,,,,,,,,,,,,,,6.571,860.162,,,,,,,,,,,7639207.0,,,,,,,,,,,,,,,,,,,,,,
CHL,Chile,1958,-4.696,-0.698,80.0,2.3,28.496,1.872,,,,,,,,,,,,,,,,,,14.159,1815.042,,,,,,,,,,,,,,,,,,,,,,,,,50235250114.0,,,,,,,,5.175,663.418,,,,,,,,,,,,,,,,,,,,,,,,,,,,,,,,8.443,1082.365,,,,,,,,,,,7800869.0,,,,,,,,,,,,,,,,,,,,,,
CHL,Chile,1959,-3.512,-0.497,33.333,1.725,15.427,1.303,,,,,,,,,,,,,,,,,,13.662,1715.137,,,,,,,,,,,,,,,,,,,,,,,,,47425587378.0,,,,,,,,6.9,866.295,,,,,,,,,,,,,,,,,,,,,,,,,,,,,,,,9.746,1223.547,,,,,,,,,,,7965324.0,,,,,,,,,,,,,,,,,,,,,,
CHL,Chile,1960,-17.214,-2.352,37.167,2.565,12.53,1.221,,,,,,,,,,,,,,,,,,11.31,1390.624,,,,,,,,,,,,,,,,,,,,,,,,,51436251569.0,,,,,,,,9.465,1163.771,,,,,,,,,,,,,,,,,,,,,,,,,,,,,,,,10.967,1348.471,,,,,,,,,,,8132988.0,,,,,,,,,,,,,,,,,,,,,,
CHL,Chile,1961,18.957,2.144,45.93,4.347,28.102,3.082,,,,,,,,,,,,,,,,,,13.454,1620.218,,,,,,,,,,,,,,,,,,,,,,,,,53814652822.0,,,,,,,,13.812,1663.35,,,,,,,,,,,,,,,,,,,,,,,,,,,,,,,,14.049,1691.882,,,,,,,,,,,8303803.0,,,,,,,,,,,,,,,,,,,,,,
CHL,Chile,1962,5.813,0.782,30.724,4.244,26.159,3.675,,,,,,,,,,,,,,,,,,14.236,1679.398,,,,,,,,,,,,,,,,,,,,,,,,,56294055318.0,,,,,,,,18.056,2130.005,,,,,,,,,,,,,,,,,,,,,,,,,,,,,,,,17.724,2090.876,,,,,,,,,,,8476895.0,,,,,,,,,,,,,,,,,,,,,,
CHL,Chile,1963,-7.246,-1.032,-2.42,-0.437,12.992,2.303,,,,,,,,,,,,,,,,,,13.205,1526.467,,,,,,,,,,,,,,,,,,,,,,,,,59768952264.0,,,,,,,,17.619,2036.765,,,,,,,,,,,,,,,,,,,,,,,,,,,,,,,,20.027,2315.141,,,,,,,,,,,8650390.0,,,,,,,,,,,,,,,,,,,,,,
CHL,Chile,1964,5.016,0.662,-15.144,-2.668,3.6,0.721,,,,,,,,,,,,,,,,,,13.867,1571.873,,,,,,,,,,,,,,,,,,,,,,,,,60978696360.0,,,,,,,,14.951,1694.733,,,,,,,,,,,,,,,,,,,,,,,,,,,,,,,,20.748,2351.879,,,,,,,,,,,8821855.0,,,,,,,,,,,,,,,,,,,,,,
CHL,Chile,1965,-2.675,-0.371,-1.231,-0.184,-7.175,-1.489,,,,,,,,,,,,,18.736,,13.549,,1507.181,13.496,1501.273,,,,,,3.954,0.0,,,0.0,3.954,0.0,0.0,,,1.179,8044.45,,84.812,,61.333,6822.674,,,61339719600.0,,,8.543,,6.178,,687.216,14.767,1642.639,,,15.188,,10.983,439.841,1221.782,,3.954,439.841,,15.188,,10.983,1221.782,,,,,0.0,,0.0,0.0,0.0,,,57.534,,41.606,,4628.277,19.259,2142.396,,0.0,,0.0,,0.0,,,0.0,,8989607.0,72.316,439.841,,,15.188,,10.983,1221.782,,,0.0,,0.0,0.0,0.0,,,0.0,,0.0,0.0,0.0
CHL,Chile,1966,0.371,0.05,-11.682,-1.725,-2.174,-0.419,7.214,5.217,,,,,,,,,,3.004,18.0,0.407,13.956,,1524.773,13.546,1479.975,,,,,,4.168,0.0,,,0.0,4.168,0.0,0.0,,,1.138,8470.977,7.537,85.067,4.623,65.956,7206.046,,,68132623176.0,,4.43,8.321,0.274,6.452,,704.863,13.042,1424.868,,5.412,14.933,0.594,11.578,455.377,1264.938,,4.168,455.377,5.412,14.933,0.594,11.578,1264.938,,,,,0.0,0.0,0.0,0.0,0.0,,9.474,58.747,3.942,45.548,,4976.41,18.841,2058.443,,0.0,,0.0,0.0,0.0,,,0.0,,9152848.0,77.534,455.377,,5.412,14.933,0.594,11.578,1264.938,,,0.0,0.0,0.0,0.0,0.0,,,0.0,0.0,0.0,0.0,0.0
CHL,Chile,1967,-9.942,-1.347,10.317,1.346,0.0,0.0,1.949,1.511,,,,,,,,,,0.0,17.656,0.0,13.956,,1498.698,12.199,1310.046,,,,,,4.255,0.0,,,0.0,4.255,0.0,0.0,,,1.125,8488.352,1.924,85.047,1.269,67.225,7219.1,,,70277717164.0,,-11.364,7.234,-0.733,5.718,,614.081,14.387,1544.998,,2.087,14.953,0.242,11.819,456.933,1269.259,,4.255,456.933,2.087,14.953,0.242,11.819,1269.259,,,,,0.0,0.0,0.0,0.0,0.0,,4.396,60.157,2.002,47.55,,5106.321,18.841,2023.242,,0.0,,0.0,0.0,0.0,,,0.0,,9312091.0,79.044,456.933,,2.087,14.953,0.242,11.819,1269.259,,,0.0,0.0,0.0,0.0,0.0,,,0.0,0.0,0.0,0.0,0.0
CHL,Chile,1968,8.271,1.009,19.824,2.852,10.185,1.919,-0.244,-0.193,,,,,,,,,,0.0,17.699,0.0,13.956,,1473.886,13.208,1394.915,,,,,,3.565,0.0,,,0.0,3.565,0.0,0.0,,,1.084,8327.494,2.565,87.441,1.724,68.949,7281.673,,,72715537913.0,,-14.53,6.198,-0.831,4.888,,516.167,17.239,1820.632,,-16.216,12.559,-1.917,9.903,376.498,1045.828,,3.565,376.498,-16.216,12.559,-1.917,9.903,1045.828,,,,,0.0,0.0,0.0,0.0,0.0,,5.373,63.544,2.555,50.106,,5291.62,20.76,2192.406,,0.0,,0.0,0.0,0.0,,,0.0,,9468851.0,78.852,376.498,,-16.216,12.559,-1.917,9.903,1045.828,,,0.0,0.0,0.0,0.0,0.0,,,0.0,0.0,0.0,0.0,0.0
CHL,Chile,1969,6.013,0.794,22.215,3.83,-4.146,-0.861,7.696,6.068,,,,,,,,,,0.0,16.434,0.0,13.956,,1449.929,14.002,1454.756,,,,,,4.024,0.0,,,0.0,4.024,0.0,0.0,,,1.128,8822.586,6.952,86.837,4.793,73.742,7661.301,,,75313211814.0,,31.6,7.574,1.544,6.432,,668.234,21.069,2188.915,,12.875,13.163,1.275,11.178,418.065,1161.292,,4.024,418.065,12.875,13.163,1.275,11.178,1161.292,,,,,0.0,0.0,0.0,0.0,0.0,,6.484,62.829,3.249,53.354,,5543.138,19.899,2067.358,,0.0,,0.0,0.0,0.0,,,0.0,,9625304.0,84.92,418.065,,12.875,13.163,1.275,11.178,1161.292,,,0.0,0.0,0.0,0.0,0.0,,,0.0,0.0,0.0,0.0,0.0
CHL,Chile,1970,-11.292,-1.581,23.308,4.911,-14.202,-2.826,5.546,4.709,,,,,,,,,,6.917,16.648,0.965,14.921,,1525.207,12.421,1269.672,,,,,,4.307,0.0,,,0.0,4.307,0.0,0.0,,,1.167,9161.639,5.32,86.652,3.923,77.666,7938.736,,,76775332810.0,,-0.152,7.165,-0.01,6.422,,656.454,25.98,2655.559,,7.033,13.348,0.786,11.964,440.247,1222.911,,4.307,440.247,7.033,13.348,0.786,11.964,1222.911,,,,,0.0,0.0,0.0,0.0,0.0,,5.563,62.839,2.968,56.322,,5757.075,17.073,1745.131,,0.0,,0.0,0.0,0.0,,,0.0,,9783134.0,89.63,440.247,,7.033,13.348,0.786,11.964,1222.911,,,0.0,0.0,0.0,0.0,0.0,,,0.0,0.0,0.0,0.0,0.0
CHL,Chile,1971,0.723,0.09,43.648,11.34,-4.496,-0.768,8.101,7.26,,,,,,,,,,-3.429,14.872,-0.512,14.41,,1449.26,12.511,1258.326,,,,,,4.809,0.0,,,0.066,4.875,0.0,0.0,,,1.158,9744.825,7.317,86.024,5.683,83.348,8382.863,,,83697034354.0,,1.979,6.759,0.127,6.549,,658.699,37.319,3753.423,,11.655,13.787,1.394,13.358,483.671,1343.531,,4.875,490.309,13.188,13.976,1.578,13.542,1361.97,,,,,0.0,0.0,0.0,0.0,0.0,,10.773,64.392,6.067,62.39,,6274.904,16.305,1639.921,,6.638,,0.189,0.183,0.183,,,18.439,,9942716.0,96.89,490.309,,13.188,13.976,1.578,13.542,1361.97,,,0.0,0.0,0.0,0.0,0.0,,,0.0,0.0,0.0,0.0,0.0
CHL,Chile,1972,-11.946,-1.495,12.296,4.589,1.07,0.174,3.249,3.148,,,,,,,,,,-17.353,11.905,-2.5,11.909,,1178.693,11.017,1090.359,,,,,,5.73,0.0,,,0.057,5.787,0.0,0.0,,,1.208,9901.169,0.738,83.931,0.615,83.963,8310.171,,,82793304480.0,,-8.955,5.96,-0.587,5.963,,590.157,41.908,4147.79,,19.152,15.911,2.558,15.917,567.12,1575.336,,5.787,572.762,18.708,16.069,2.533,16.075,1591.007,,,,,0.0,0.0,0.0,0.0,0.0,,5.933,66.066,3.702,66.091,,6541.321,16.48,1631.062,,5.642,-13.636,0.158,-0.025,0.158,,,15.671,,10103675.0,100.038,572.762,,18.708,16.069,2.533,16.075,1591.007,,,0.0,0.0,0.0,0.0,0.0,,,0.0,0.0,0.0,0.0,0.0
CHL,Chile,1973,-1.981,-0.218,-0.274,-0.115,-9.951,-1.64,-3.834,-3.835,,,,,,,,,,8.594,13.443,1.023,12.933,,1259.769,10.798,1051.878,,,,,,5.595,0.0,,,0.051,5.646,0.0,0.0,,,1.229,9371.188,-4.101,83.698,-3.444,80.52,7843.472,,,78292279485.0,,-21.475,4.867,-1.281,4.682,,456.099,41.793,4071.072,,-2.356,16.155,-0.375,15.542,545.012,1513.924,,5.646,549.98,-2.436,16.302,-0.392,15.683,1527.724,,,,,0.0,0.0,0.0,0.0,0.0,,-4.821,65.388,-3.186,62.905,,6127.604,14.84,1445.562,,4.968,-10.526,0.147,-0.017,0.142,,,13.8,,10265827.0,96.203,549.98,,-2.436,16.302,-0.392,15.683,1527.724,,,0.0,0.0,0.0,0.0,0.0,,,0.0,0.0,0.0,0.0,0.0
CHL,Chile,1974,6.624,0.715,-6.439,-2.691,-13.009,-1.931,-1.086,-1.045,,,,,,,,,,-5.216,12.882,-0.675,12.258,,1175.401,11.514,1104.03,,,,,,6.364,0.0,,,0.046,6.41,0.0,0.0,,,1.202,9124.58,-3.933,81.289,-3.167,77.353,7417.242,,,79171406208.0,,4.175,5.126,0.196,4.878,,467.717,39.102,3749.404,,13.744,18.577,2.136,17.678,610.233,1695.093,,6.41,614.644,13.532,18.711,2.122,17.806,1707.345,,,,,0.0,0.0,0.0,0.0,0.0,,-4.273,63.281,-2.688,60.217,,5774.124,12.909,1237.852,,4.411,-9.804,0.134,-0.014,0.128,,,12.252,,10428803.0,95.158,614.644,,13.532,18.711,2.122,17.806,1707.345,,,0.0,0.0,0.0,0.0,0.0,,,0.0,0.0,0.0,0.0,0.0
CHL,Chile,1975,-1.048,-0.121,0.176,0.069,-10.45,-1.349,-9.944,-9.463,,,,,,,,,,-20.114,11.427,-2.466,9.792,,924.488,11.393,1075.599,,,,,,6.388,0.0,,,0.051,6.439,0.0,0.0,,,1.242,8090.364,-12.337,79.128,-9.543,67.81,6401.775,,,69003129202.0,,13.427,6.456,0.655,5.533,,522.327,39.171,3698.041,,0.377,20.706,0.067,17.744,603.079,1675.221,,6.439,607.894,0.452,20.872,0.081,17.886,1688.595,,,,,0.0,0.0,0.0,0.0,0.0,,-12.841,61.245,-7.733,52.484,,4954.959,11.56,1091.379,,4.815,10.87,0.165,0.014,0.142,,,13.374,,10592310.0,85.696,607.894,,0.452,20.872,0.081,17.886,1688.595,,,0.0,0.0,0.0,0.0,0.0,,,0.0,0.0,0.0,0.0,0.0
CHL,Chile,1976,-9.138,-1.041,17.939,7.027,-5.634,-0.651,5.141,4.405,,,,,,,,,,0.95,10.972,0.093,9.886,,918.994,10.352,962.36,,,,,,6.599,0.0,,,0.073,6.672,0.0,0.0,,,1.258,8376.123,5.542,79.43,3.758,71.568,6653.199,,,71648445752.0,,9.187,6.705,0.508,6.041,,561.59,46.198,4294.706,,3.303,20.344,0.586,18.331,613.468,1704.079,,6.672,620.254,3.619,20.57,0.647,18.533,1722.93,,,,,0.0,0.0,0.0,0.0,0.0,,6.015,61.754,3.157,55.641,,5172.615,10.909,1014.137,,6.786,43.137,0.225,0.061,0.203,,,18.851,,10756876.0,90.101,620.254,,3.619,20.57,0.647,18.533,1722.93,,,0.0,0.0,0.0,0.0,0.0,,,0.0,0.0,0.0,0.0,0.0
CHL,Chile,1977,-0.063,-0.007,-5.626,-2.599,-1.066,-0.116,3.708,3.341,,,,,,,,,,7.647,11.388,0.756,10.641,,974.245,10.345,947.147,,,,,,6.969,0.0,,,0.08,7.049,0.0,0.0,,,1.185,8554.789,3.205,79.045,2.294,73.862,6762.159,,,78841260334.0,,2.913,6.653,0.176,6.217,,569.169,43.599,3991.522,,5.607,20.717,1.028,19.358,638.025,1772.292,,7.049,645.349,5.65,20.955,1.047,19.581,1792.637,,,,,0.0,0.0,0.0,0.0,0.0,,2.448,61.004,1.362,57.003,,5218.745,10.793,988.087,,7.324,9.589,0.238,0.019,0.222,,,20.345,,10922777.0,93.442,645.349,,5.65,20.955,1.047,19.581,1792.637,,,0.0,0.0,0.0,0.0,0.0,,,0.0,0.0,0.0,0.0,0.0
CHL,Chile,1978,-14.044,-1.453,-7.676,-3.347,-15.948,-1.721,5.875,5.49,,,,,,,,,,-2.514,10.486,-0.267,10.374,,935.505,8.893,801.916,,,,,,7.251,0.0,,,0.091,7.342,0.0,0.0,,,1.159,8921.491,6.331,79.385,4.676,78.537,7082.364,,,85389955328.0,,-6.604,5.869,-0.411,5.806,,523.606,40.252,3629.836,,4.046,20.359,0.783,20.142,653.882,1816.339,,7.342,662.088,4.157,20.615,0.814,20.394,1839.134,,,,,0.0,0.0,0.0,0.0,0.0,,9.392,63.03,5.354,62.357,,5623.253,9.071,818.042,,8.206,13.75,0.256,0.031,0.253,,,22.795,,11089165.0,98.932,662.088,,4.157,20.615,0.814,20.394,1839.134,,,0.0,0.0,0.0,0.0,0.0,,,0.0,0.0,0.0,0.0,0.0
CHL,Chile,1979,-15.528,-1.381,11.714,4.715,29.487,2.675,3.34,3.304,,,,,,,,,,10.65,11.228,1.105,11.479,,1019.897,7.512,667.418,,,,,,7.448,0.0,,,0.094,7.542,0.0,0.0,,,1.104,9083.73,3.5,79.508,2.749,81.286,7222.32,,,92570916450.0,,18.35,6.722,1.065,6.872,,610.565,44.967,3995.341,,2.717,20.236,0.547,20.689,661.758,1838.217,,7.542,670.11,2.724,20.492,0.556,20.95,1861.417,,,,,0.0,0.0,0.0,0.0,0.0,,0.928,61.559,0.578,62.936,,5591.858,11.746,1043.664,,8.352,3.297,0.255,0.008,0.261,,,23.2,,11254877.0,102.236,670.11,,2.724,20.492,0.556,20.95,1861.417,,,0.0,0.0,0.0,0.0,0.0,,,0.0,0.0,0.0,0.0,0.0
CHL,Chile,1980,-20.502,-1.54,-44.552,-20.034,119.86,14.079,3.258,3.331,,,,,,,,,,10.436,12.008,1.198,12.677,,1110.108,5.972,522.943,,,,,,7.871,0.0,,,0.105,7.976,0.0,0.0,,,1.055,9244.575,2.614,79.013,2.125,83.412,7304.404,,,100109711232.0,,2.418,6.667,0.166,7.038,,616.323,24.933,2183.412,,5.679,20.711,1.175,21.864,689.269,1914.637,,7.976,698.464,5.754,20.987,1.206,22.156,1940.178,,,,,0.0,0.0,0.0,0.0,0.0,,1.209,60.338,0.761,63.697,,5577.974,25.825,2261.554,,9.195,11.702,0.276,0.031,0.292,,,25.541,,11419350.0,105.567,698.464,,5.754,20.987,1.206,22.156,1940.178,,,0.0,0.0,0.0,0.0,0.0,,,0.0,0.0,0.0,0.0,0.0
CHL,Chile,1981,-2.575,-0.154,0.0,0.0,15.455,3.991,2.608,2.754,,,,,,,,,,-0.183,11.681,-0.023,12.653,,1092.508,5.818,502.321,,,,,,8.15,0.0,,,0.11,8.26,0.0,0.0,,,1.018,9352.485,2.355,78.818,1.965,85.376,7371.451,,,106358279808.0,,-1.528,6.398,-0.108,6.93,,598.383,24.933,2152.746,,3.545,20.9,0.775,22.639,703.677,1954.66,,8.26,713.174,3.561,21.182,0.789,22.944,1981.042,,,,,0.0,0.0,0.0,0.0,0.0,,3.29,60.738,2.096,65.792,,5680.56,29.817,2574.402,,9.497,4.762,0.282,0.014,0.306,,,26.382,,11582020.0,108.321,713.174,,3.561,21.182,0.789,22.944,1981.042,,,0.0,0.0,0.0,0.0,0.0,,,0.0,0.0,0.0,0.0,0.0
CHL,Chile,1982,-9.692,-0.564,-42.353,-10.56,4.151,1.238,-8.492,-9.199,,,,,,,,,,-33.364,8.506,-4.222,8.432,,717.969,5.254,447.384,,,,,,8.914,0.0,,,0.137,9.051,0.0,0.0,,,1.076,8440.294,-13.348,74.636,-11.396,73.98,6299.473,,,92080689792.0,,3.526,7.238,0.244,7.175,,610.943,14.373,1223.888,,9.374,24.98,2.122,24.761,759.032,2108.423,,9.051,770.697,9.576,25.364,2.197,25.142,2140.828,,,,,0.0,0.0,0.0,0.0,0.0,,-11.276,58.891,-7.419,58.374,,4970.562,31.054,2644.304,,11.666,24.545,0.384,0.075,0.381,,,32.405,,11743909.0,99.122,770.697,,9.576,25.364,2.197,25.142,2140.828,,,0.0,0.0,0.0,0.0,0.0,,,0.0,0.0,0.0,0.0,0.0
CHL,Chile,1983,0.488,0.026,-6.122,-0.88,-7.971,-2.475,2.73,2.706,,,,,,,,,,19.862,9.925,1.675,10.106,,848.717,5.28,443.373,,,,,,9.613,0.0,,,0.208,9.821,0.0,0.0,,,1.136,8551.272,0.767,73.209,0.567,74.548,6260.325,,,89603040615.0,,7.902,7.603,0.567,7.742,,650.137,13.493,1133.128,,7.842,26.223,1.942,26.703,807.275,2242.434,,9.821,824.743,8.507,26.791,2.139,27.281,2290.954,,,,,0.0,0.0,0.0,0.0,0.0,,-2.868,55.681,-1.674,56.699,,4761.471,28.579,2400.0,,17.467,51.825,0.567,0.197,0.578,,,48.52,,11907955.0,101.828,824.743,,8.507,26.791,2.139,27.281,2290.954,,,0.0,0.0,0.0,0.0,0.0,,,0.0,0.0,0.0,0.0,0.0
CHL,Chile,1984,18.835,0.994,4.348,0.587,-0.338,-0.097,4.629,4.714,,,,,,,,,,34.868,12.793,3.524,13.63,,1128.516,6.274,519.459,,,,,,9.975,0.0,,,0.201,10.176,0.0,0.0,,,1.122,8821.062,5.0,73.469,3.728,78.275,6480.75,,,94938078888.0,,2.273,7.432,0.176,7.918,,655.545,14.08,1165.734,,3.766,26.007,1.006,27.708,825.872,2294.092,,10.176,842.514,3.615,26.531,0.986,28.267,2340.319,,,,,0.0,0.0,0.0,0.0,0.0,,0.049,53.244,0.028,56.727,,4696.69,28.483,2358.187,,16.642,-3.365,0.524,-0.019,0.558,,,46.227,,12078137.0,106.542,842.514,,3.615,26.531,0.986,28.267,2340.319,,,0.0,0.0,0.0,0.0,0.0,,,0.0,0.0,0.0,0.0,0.0
CHL,Chile,1985,8.333,0.523,-8.333,-1.173,-4.627,-1.318,1.402,1.494,,,,,,,,,,0.085,12.627,0.012,13.642,,1112.975,6.797,554.524,,,,,,11.07,0.0,,,0.195,11.265,0.0,0.0,14.04,,1.116,8814.07,-1.956,71.036,-1.531,76.745,6261.162,,,96833632000.0,,-0.123,7.32,-0.01,7.908,,645.168,12.907,1052.976,78.846,10.977,28.463,3.042,30.75,903.14,2508.724,80.235,11.265,919.049,10.702,28.964,3.025,31.292,2552.915,,,0.0,,0.0,0.0,0.0,0.0,0.0,,-2.702,51.089,-1.533,55.195,,4503.019,27.165,2216.213,,15.909,-2.985,0.501,-0.017,0.542,,1.389,44.192,1145.446,12257238.0,108.036,919.049,80.235,10.702,28.964,3.025,31.292,2552.915,0.0,,0.0,0.0,0.0,0.0,0.0,0.0,,0.0,0.0,0.0,0.0,0.0
CHL,Chile,1986,25.792,1.753,-40.909,-5.28,-13.018,-3.536,4.482,4.842,,,,,,,,,,-5.03,11.478,-0.686,12.956,,1040.977,8.55,686.976,,,,,,11.83,0.0,,,0.28,12.11,0.0,0.0,14.82,,1.106,9069.547,3.251,70.199,2.495,79.239,6366.729,,,102072825000.0,,-8.529,6.408,-0.674,7.234,,581.199,7.627,612.784,79.825,6.865,29.112,2.111,32.861,950.519,2640.333,81.714,12.11,973.016,7.501,29.801,2.347,33.639,2702.826,,,0.0,,0.0,0.0,0.0,0.0,0.0,,6.985,52.313,3.855,59.05,,4744.552,23.628,1898.497,,22.497,43.59,0.689,0.236,0.778,,1.889,62.493,1190.76,12445833.0,112.878,973.016,81.714,7.501,29.801,2.347,33.639,2702.826,0.0,,0.0,0.0,0.0,0.0,0.0,0.0,,0.0,0.0,0.0,0.0,0.0
CHL,Chile,1987,-4.257,-0.364,0.0,0.0,-2.619,-0.619,4.916,5.549,,,,,,,,,,3.052,11.274,0.395,13.351,,1056.026,8.186,647.481,,,,,,12.823,0.0,,,0.271,13.094,0.0,0.0,15.637,,1.089,9367.079,3.554,69.287,2.816,82.055,6490.198,,,108707265000.0,,-2.973,5.926,-0.215,7.018,,555.129,7.627,603.232,82.004,8.394,30.077,2.758,35.619,1014.244,2817.346,83.737,13.094,1035.679,8.126,30.713,2.733,36.372,2876.888,,,0.0,,0.0,0.0,0.0,0.0,0.0,,4.463,52.087,2.635,61.685,,4879.043,23.01,1819.954,,21.435,-3.214,0.636,-0.025,0.753,,1.733,59.542,1236.819,12642917.0,118.427,1035.679,83.737,8.126,30.713,2.733,36.372,2876.888,0.0,,0.0,0.0,0.0,0.0,0.0,0.0,,0.0,0.0,0.0,0.0,0.0
CHL,Chile,1988,22.793,1.866,34.615,2.64,-16.493,-3.795,11.65,13.797,,,,,,,,,,39.373,14.073,5.257,18.608,,1448.352,10.052,782.386,,,,,,12.558,0.0,,,0.327,12.885,0.0,0.0,16.915,,1.134,10291.63,17.521,72.931,14.377,96.432,7505.796,,,116634121000.0,,40.529,7.459,2.845,9.863,,767.684,10.267,799.099,74.242,-2.067,26.382,-0.736,34.883,977.45,2715.142,76.175,12.885,1002.902,-1.596,27.069,-0.581,35.792,2785.842,,,0.0,,0.0,0.0,0.0,0.0,0.0,,10.174,51.399,6.276,67.961,,5289.76,19.215,1495.567,,25.452,20.664,0.687,0.156,0.908,,1.933,70.7,1316.577,12847712.0,132.224,1002.902,76.175,-1.596,27.069,-0.581,35.792,2785.842,0.0,,0.0,0.0,0.0,0.0,0.0,0.0,,0.0,0.0,0.0,0.0,0.0
CHL,Chile,1989,1.326,0.133,62.857,6.453,-6.021,-1.157,10.327,13.654,,,,,,,,,,35.125,17.236,6.536,25.144,,1925.457,10.185,779.948,,,,,,10.543,0.0,,,0.321,10.864,0.0,0.0,17.811,,1.13,11170.9,19.981,79.313,19.268,115.7,8859.985,,,129084510000.0,,55.996,10.547,5.523,15.386,,1178.203,16.72,1280.358,59.194,-16.046,20.076,-5.597,29.286,807.351,2242.643,60.996,10.864,831.932,-15.685,20.687,-5.614,30.178,2310.924,,,0.0,,0.0,0.0,0.0,0.0,0.0,,10.608,51.53,7.209,75.17,,5756.325,18.058,1382.806,,24.581,-1.835,0.611,-0.017,0.892,,1.802,68.281,1363.912,13058758.0,145.878,831.932,60.996,-15.685,20.687,-5.614,30.178,2310.924,0.0,,0.0,0.0,0.0,0.0,0.0,0.0,,0.0,0.0,0.0,0.0,0.0
CHL,Chile,1990,9.864,1.005,15.789,2.64,-1.933,-0.349,5.348,7.801,,,,,,,,,,20.472,19.711,5.147,30.291,,2281.913,11.19,842.949,,,,,,8.941,0.0,,,0.963,9.904,0.0,0.0,18.398,,1.147,11576.915,9.046,82.098,10.467,126.167,9504.373,,,133955187000.0,,7.37,10.75,1.134,16.52,,1244.463,19.36,1458.412,48.6,-15.191,16.162,-4.449,24.837,673.573,1871.039,53.834,9.904,746.118,-8.833,17.902,-2.665,27.512,2072.551,,,0.0,,0.0,0.0,0.0,0.0,0.0,,5.568,51.637,4.185,79.356,,5977.997,17.709,1334.027,,72.544,200.0,1.741,1.783,2.675,,5.234,201.513,1385.953,13274617.0,153.679,746.118,53.834,-8.833,17.902,-2.665,27.512,2072.551,0.0,,0.0,0.0,0.0,0.0,0.0,0.0,,0.0,0.0,0.0,0.0,0.0
CHL,Chile,1991,1.145,0.128,-21.212,-4.107,-12.993,-2.301,12.04,18.503,,,,,,,,,,-17.845,14.453,-5.406,24.886,,1844.048,11.318,838.663,,,,,,13.136,0.0,,,1.033,14.169,0.0,0.0,19.963,,1.198,12758.71,5.277,77.142,6.658,132.825,9842.332,,,143692178269.0,,17.773,11.3,2.936,19.456,,1441.68,15.253,1130.266,65.8,46.908,21.191,11.651,36.488,973.354,2703.762,70.975,14.169,1049.899,43.054,22.858,11.845,39.357,2916.388,,,0.0,,0.0,0.0,0.0,0.0,0.0,,11.502,51.389,9.127,88.483,,6556.604,15.408,1141.724,,76.545,7.269,1.667,0.194,2.869,,5.175,212.626,1479.261,13495255.0,172.182,1049.899,70.975,43.054,22.858,11.845,39.357,2916.388,0.0,,0.0,0.0,0.0,0.0,0.0,0.0,,0.0,0.0,0.0,0.0,0.0
CHL,Chile,1992,-26.359,-2.983,6.624,1.01,-7.781,-1.199,10.622,18.29,,,,,,,,,,-13.534,11.297,-3.368,21.518,,1568.377,8.335,607.493,,,,,,16.74,0.0,,,1.743,18.483,0.0,0.0,22.35,,1.182,13882.954,4.747,73.045,6.305,139.13,10140.778,,,161116242603.0,,11.854,11.425,2.306,21.762,,1586.178,16.264,1185.411,74.9,27.441,24.413,10.012,46.5,1220.144,3389.291,82.699,18.483,1347.186,30.451,26.955,11.985,51.342,3742.187,,,0.0,,0.0,0.0,0.0,0.0,0.0,,8.326,50.322,7.367,95.85,,6986.223,14.209,1035.655,,127.043,68.732,2.542,1.972,4.842,,7.799,352.896,1629.03,13719818.0,190.472,1347.186,82.699,30.451,26.955,11.985,51.342,3742.187,0.0,,0.0,0.0,0.0,0.0,0.0,0.0,,0.0,0.0,0.0,0.0,0.0
CHL,Chile,1993,-16.667,-1.389,11.463,1.864,-1.501,-0.213,5.747,10.946,,,,,,,,,,0.892,10.778,0.192,21.71,,1556.819,6.946,498.072,,,,,,17.217,0.0,,,1.75,18.967,0.0,0.0,24.013,,1.178,14443.761,6.901,73.842,9.601,148.73,10665.552,,,170977047852.0,,3.547,11.188,0.772,22.534,,1615.931,18.128,1299.961,71.7,2.85,23.745,1.325,47.826,1234.665,3429.628,78.988,18.967,1360.159,2.62,26.158,1.345,52.687,3778.221,,,0.0,,0.0,0.0,0.0,0.0,0.0,,9.011,51.876,8.637,104.487,,7492.802,13.996,1003.637,,125.494,0.402,2.413,0.019,4.861,,7.288,348.594,1721.987,13944934.0,201.417,1360.159,78.988,2.62,26.158,1.345,52.687,3778.221,0.0,,0.0,0.0,0.0,0.0,0.0,0.0,,0.0,0.0,0.0,0.0,0.0
CHL,Chile,1994,-12.768,-0.887,10.858,1.968,-7.026,-0.983,5.104,10.28,,,,,,,,,,17.946,12.095,3.896,25.606,,1807.509,6.059,427.69,,,,,,16.985,0.0,,,1.786,18.771,0.0,0.0,25.276,,1.181,14943.663,7.277,75.369,10.824,159.554,11262.908,,,179196389224.0,,-3.55,10.267,-0.8,21.734,,1534.211,20.096,1418.582,67.2,-1.347,22.287,-0.644,47.182,1199.002,3330.563,74.266,18.771,1325.075,-1.033,24.631,-0.544,52.143,3680.767,,,0.0,,0.0,0.0,0.0,0.0,0.0,,7.396,53.007,7.728,112.214,,7921.188,13.012,918.535,,126.073,2.057,2.343,0.1,4.961,,7.066,350.204,1784.229,14166346.0,211.697,1325.075,74.266,-1.033,24.631,-0.544,52.143,3680.767,0.0,,0.0,0.0,0.0,0.0,0.0,0.0,,0.0,0.0,0.0,0.0,0.0
CHL,Chile,1995,-12.183,-0.738,-2.058,-0.414,-5.302,-0.69,7.775,16.46,,,,,,,,,,7.808,12.099,1.999,27.605,,1919.564,5.321,369.983,,,,,,18.414,0.0,,,1.879,20.293,0.0,0.0,28.027,,1.161,15865.312,7.668,75.294,12.234,171.788,11945.618,,,196500487190.0,,-4.174,9.128,-0.907,20.827,,1448.245,19.683,1368.661,65.7,8.409,22.418,3.967,51.149,1280.433,3556.762,72.404,20.293,1411.093,8.104,24.706,4.226,56.369,3919.706,,,0.0,,0.0,0.0,0.0,0.0,0.0,,9.929,54.066,11.142,123.356,,8577.809,12.322,856.858,,130.66,5.207,2.288,0.258,5.219,,6.704,362.944,1948.909,14380864.0,228.157,1411.093,72.404,8.104,24.706,4.226,56.369,3919.706,0.0,,0.0,0.0,0.0,0.0,0.0,0.0,,0.0,0.0,0.0,0.0,0.0
CHL,Chile,1996,-3.276,-0.174,0.024,0.005,-10.282,-1.267,6.112,13.944,,,,,,,,,,38.572,15.8,10.648,38.253,,2622.324,5.146,352.798,,,,,,16.873,0.0,,,1.738,18.611,0.0,0.0,30.791,,1.154,16596.607,10.835,78.646,18.614,190.402,13052.556,,,209711312501.0,,1.631,8.743,0.34,21.167,,1451.024,19.687,1349.61,54.8,-8.365,19.36,-4.279,46.871,1156.718,3213.108,60.445,18.611,1275.862,-8.285,21.354,-4.67,51.699,3544.064,,,0.0,,0.0,0.0,0.0,0.0,0.0,,6.183,54.103,7.627,130.983,,8979.209,11.055,757.877,,119.144,-7.504,1.994,-0.392,4.828,,5.645,330.956,2110.799,14587367.0,242.101,1275.862,60.445,-8.285,21.354,-4.67,51.699,3544.064,0.0,,0.0,0.0,0.0,0.0,0.0,0.0,,0.0,0.0,0.0,0.0,0.0
CHL,Chile,1997,3.984,0.205,17.68,3.481,-30.63,-3.386,14.391,34.841,,,,,,,,,,30.181,17.981,11.545,49.798,,3367.845,5.351,361.92,,,,,,18.943,0.0,,,1.743,20.686,0.0,0.0,33.292,,1.247,18729.695,15.272,79.251,29.078,219.48,14843.556,,,222079385661.0,,36.06,10.399,7.633,28.799,,1947.717,23.168,1566.856,56.9,12.266,19.0,5.749,52.62,1281.135,3558.71,62.135,20.686,1399.015,11.147,20.749,5.763,57.462,3886.155,,,0.0,,0.0,0.0,0.0,0.0,0.0,,7.558,50.871,9.9,140.883,,9527.993,7.669,518.67,,117.88,0.288,1.748,0.014,4.842,,5.235,327.445,2251.555,14786227.0,276.942,1399.015,62.135,11.147,20.749,5.763,57.462,3886.155,0.0,,0.0,0.0,0.0,0.0,0.0,0.0,,0.0,0.0,0.0,0.0,0.0
CHL,Chile,1998,-9.866,-0.528,-6.573,-1.523,-4.479,-0.344,0.432,1.197,,,,,,,,,,-5.912,16.845,-2.944,46.854,,3128.231,4.823,322.042,,,,,,15.937,0.0,,,1.161,17.098,0.0,0.0,35.495,,1.222,18570.132,5.086,82.924,11.163,230.644,15399.095,,,227644669912.0,,38.097,14.299,10.972,39.771,,2655.351,21.645,1445.152,44.9,-15.868,15.917,-8.35,44.27,1064.063,2955.733,48.171,17.098,1141.578,-17.344,17.076,-9.966,47.495,3171.053,,,0.0,,0.0,0.0,0.0,0.0,0.0,,2.226,51.779,3.136,144.018,,9615.513,7.326,489.102,,77.515,-33.391,1.159,-1.617,3.225,,3.271,215.32,2369.851,14977736.0,278.139,1141.578,48.171,-17.344,17.076,-9.966,47.495,3171.053,0.0,,0.0,0.0,0.0,0.0,0.0,0.0,,0.0,0.0,0.0,0.0,0.0
CHL,Chile,1999,-48.459,-2.337,-39.698,-8.593,-6.185,-0.453,4.294,11.943,,,,,,,,,,3.195,16.668,1.497,48.351,,3188.764,2.486,163.958,,,,,,13.577,0.0,,,1.45,15.027,0.0,0.0,38.384,,1.294,19131.106,7.672,85.61,17.696,248.34,16378.22,,,224247366761.0,,36.603,18.729,14.557,54.328,,3583.007,13.052,860.813,35.372,-14.81,13.001,-6.556,37.714,895.415,2487.266,39.149,15.027,991.044,-12.114,14.39,-5.753,41.742,2752.902,,,0.0,,0.0,0.0,0.0,0.0,0.0,,1.14,50.214,1.642,145.661,,9606.448,6.873,453.251,,95.629,24.892,1.389,0.803,4.028,,3.778,265.636,2531.458,15162801.0,290.081,991.044,39.149,-12.114,14.39,-5.753,41.742,2752.902,0.0,,0.0,0.0,0.0,0.0,0.0,0.0,,0.0,0.0,0.0,0.0,0.0
CHL,Chile,2000,-24.536,-0.61,-5.0,-0.653,-12.436,-0.855,5.727,16.614,0.15,3.911,,,,,,350.138,13.293,-22.723,12.183,-10.987,37.364,345.449,2435.333,1.876,122.281,41.06,0.06,5.3,20.26,6.37,19.55,0.0,8.59,0.0,0.06,19.61,0.0,0.0,39.87,13.96,1.319,19990.123,0.618,81.473,1.534,249.873,16286.517,1320.528,50.815,232506467243.0,15.977,29.105,22.87,15.812,70.141,415.191,4571.698,12.4,808.202,49.034,40.539,17.282,15.289,53.003,1274.251,3454.674,49.185,19.61,1278.161,36.128,18.527,15.081,56.822,3703.622,2.898,1.19,0.0,,0.0,0.0,0.0,0.0,0.0,21.545,-2.26,46.42,-3.292,142.369,559.888,9279.487,6.018,392.24,0.0,3.911,-5.172,1.245,-0.208,3.819,0.0,0.15,248.948,2598.689,15342350.0,306.695,1278.161,49.185,36.128,18.527,15.081,56.822,3703.622,0.0,,0.0,0.0,0.0,0.0,0.0,0.0,,0.0,0.0,0.0,0.0,0.0
CHL,Chile,2001,57.377,1.076,5.263,0.653,5.61,0.338,0.672,2.06,0.146,3.867,,,,,,336.087,12.248,-21.543,9.494,-8.049,29.315,324.824,1889.301,2.953,190.287,42.5,0.06,5.04,20.29,7.08,20.79,0.0,8.17,0.0,0.06,20.86,0.0,0.01,41.15,13.83,1.293,19899.041,-2.246,79.111,-5.613,244.261,15742.399,1307.673,49.307,238843493873.0,17.205,13.346,25.749,9.361,79.502,456.3,5123.808,13.052,841.211,50.522,12.883,19.378,6.828,59.831,1339.898,3856.07,50.693,20.86,1344.409,13.503,20.889,7.673,64.495,4156.658,3.176,1.35,0.0,,0.0,0.0,0.0,0.0,0.0,19.854,-4.864,43.868,-6.924,135.445,526.549,8729.29,6.356,409.607,0.0,3.867,21.605,1.504,0.825,4.645,0.0,0.146,299.343,2652.082,15516112.0,308.756,1344.409,50.693,13.503,20.889,7.673,64.495,4156.658,0.0,,0.0,0.0,0.0,0.0,0.0,0.024,,0.006,0.019,0.019,0.644,1.244
CHL,Chile,2002,-24.826,-0.733,64.427,8.409,-4.475,-0.284,3.499,10.803,0.142,3.825,,,,,,324.9,11.705,0.793,9.246,0.233,29.547,315.6,1883.858,2.22,141.511,44.09,0.06,4.95,20.18,7.21,22.04,0.0,8.02,0.0,0.06,22.11,0.0,0.01,42.29,13.74,1.318,20374.273,2.791,78.57,6.818,251.079,16008.178,1286.628,47.718,242409655107.0,17.049,0.85,25.09,0.676,80.177,459.692,5111.909,21.462,1368.333,52.116,6.261,19.895,3.746,63.577,1405.217,4053.534,52.282,22.11,1409.68,6.178,21.43,3.985,68.48,4366.111,4.083,1.8,0.0,,0.0,0.0,0.0,0.0,0.0,18.964,4.363,44.234,5.91,141.354,511.336,9012.412,6.071,387.077,0.0,3.825,5.14,1.528,0.239,4.883,0.0,0.142,311.353,2696.307,15684413.0,319.559,1409.68,52.282,6.178,21.43,3.985,68.48,4366.111,0.0,,0.0,0.0,0.0,0.0,0.0,0.024,-0.576,0.006,-0.0,0.019,0.638,1.224
CHL,Chile,2003,33.025,0.733,-16.456,-3.532,0.468,0.028,-0.574,-1.836,0.133,3.786,,,,,,350.365,12.232,-4.389,8.892,-1.297,28.25,348.904,1782.403,2.953,186.283,46.91,0.06,5.53,23.68,9.18,21.46,0.0,8.97,0.0,0.06,21.53,0.0,0.01,45.21,15.84,1.272,20046.04,0.171,79.159,0.428,251.507,15868.323,1494.039,52.378,249686483124.0,20.305,8.184,27.3,6.562,86.739,579.193,5472.609,17.93,1131.247,47.467,-3.144,19.381,-1.999,61.579,1353.973,3885.18,47.622,21.53,1358.39,-3.306,20.841,-2.264,66.216,4177.734,3.624,1.7,0.0,,0.0,0.0,0.0,0.0,0.0,19.841,-3.421,42.968,-4.836,136.518,565.943,8613.312,6.1,384.835,0.0,3.786,-5.439,1.453,-0.266,4.618,0.0,0.133,291.35,2852.429,15849649.0,317.723,1358.39,47.622,-3.306,20.841,-2.264,66.216,4177.734,0.0,,0.0,0.0,0.0,0.0,0.0,0.022,-0.579,0.006,-0.0,0.019,0.631,1.204
CHL,Chile,2004,-59.549,-1.758,-0.909,-0.163,-6.609,-0.403,5.089,16.169,0.142,4.371,,,,,,371.353,13.027,15.833,9.801,4.473,32.723,401.499,2043.303,1.194,74.576,51.26,0.07,6.43,27.52,10.67,21.76,0.0,10.42,0.0,0.07,21.84,0.0,0.01,49.36,18.33,1.27,20848.716,7.995,81.349,20.109,271.616,16960.143,1718.392,55.754,262973257827.0,21.617,8.544,28.198,7.411,94.15,666.252,5878.89,17.767,1109.391,44.084,-7.819,17.001,-4.815,56.764,1358.729,3544.444,44.246,21.84,1363.724,-5.95,18.651,-3.94,62.276,3888.589,3.707,1.9,0.0,,0.0,0.0,0.0,0.0,0.0,21.11,6.025,43.35,8.225,144.742,650.641,9037.951,5.696,355.692,0.0,4.371,19.06,1.647,0.88,5.498,0.0,0.142,343.3,3082.116,16014972.0,333.892,1363.724,44.246,-5.95,18.651,-3.94,62.276,3888.589,0.0,,0.0,0.0,0.0,0.0,0.0,0.02,-29.112,0.004,-0.006,0.014,0.624,0.845
CHL,Chile,2005,133.476,1.594,17.554,3.119,-6.537,-0.372,3.912,13.063,0.197,6.179,,,,,,321.844,10.932,-1.996,9.243,-0.653,32.07,342.959,1981.753,2.788,172.313,52.92,0.1,5.55,24.44,9.9,26.22,0.0,8.99,0.0,0.1,26.33,0.0,0.01,50.77,16.34,1.256,21439.809,0.629,78.779,1.71,273.326,16889.994,1510.254,48.139,276230016606.0,19.5,-3.264,26.251,-3.073,91.078,611.764,5628.083,20.886,1290.61,51.645,21.194,19.828,12.031,68.795,1620.247,4251.136,51.861,26.33,1627.045,18.23,21.221,11.353,73.629,4549.832,4.063,2.15,0.0,,0.0,0.0,0.0,0.0,0.0,17.707,3.755,43.285,5.436,150.178,555.531,9280.159,5.324,328.994,0.0,6.179,-12.424,1.388,-0.683,4.815,0.0,0.197,297.532,3137.298,16182713.0,346.954,1627.045,51.861,18.23,21.221,11.353,73.629,4549.832,0.0,,0.0,0.0,0.0,0.0,0.0,0.02,39.22,0.005,0.005,0.019,0.618,1.164
CHL,Chile,2006,23.897,0.666,-3.954,-0.826,-20.074,-1.069,6.781,23.527,0.187,6.115,,,,,,308.368,10.422,24.847,10.807,7.968,40.038,341.19,2448.163,3.455,211.248,55.83,0.1,5.58,24.59,9.96,28.84,0.0,9.05,0.0,0.1,28.95,0.0,0.01,53.54,16.51,1.27,22653.157,6.547,78.606,17.894,291.22,17806.721,1503.561,45.928,291801029236.0,18.603,-7.46,22.75,-6.794,84.283,609.006,5153.538,20.06,1226.555,53.866,9.627,20.357,6.623,75.418,1763.428,4611.429,54.072,28.95,1770.154,7.65,21.394,5.633,79.261,4846.454,4.102,2.29,0.0,,0.0,0.0,0.0,0.0,0.0,16.903,11.133,45.049,16.72,166.898,553.364,10205.02,4.255,260.188,0.0,6.115,-20.559,1.032,-0.99,3.825,0.0,0.187,233.881,3273.715,16354507.0,370.481,1770.154,54.072,7.65,21.394,5.633,79.261,4846.454,0.0,,0.0,0.0,0.0,0.0,0.0,0.019,-0.59,0.005,-0.0,0.019,0.611,1.145
CHL,Chile,2007,-63.947,-2.209,-3.684,-0.739,-22.293,-0.949,2.169,8.035,0.284,9.679,,,,,,386.186,12.873,18.69,12.555,7.483,47.522,438.591,2874.835,1.246,75.352,57.95,0.16,7.25,33.25,14.24,22.9,0.0,11.76,0.0,0.16,23.07,0.0,0.01,56.32,21.75,1.244,22898.456,7.135,82.427,20.778,311.998,18874.444,2011.47,59.038,304165381794.0,25.284,-41.055,13.125,-34.602,49.681,861.454,3005.473,19.321,1168.817,40.661,-21.335,15.674,-16.091,59.327,1385.343,3589.008,40.962,23.07,1395.627,-16.078,17.573,-12.743,66.518,4024.03,2.813,1.63,0.0,,0.0,0.0,0.0,0.0,0.0,20.881,28.699,56.747,47.898,214.796,711.425,12994.136,3.307,200.036,0.0,9.679,87.222,1.892,3.336,7.161,0.0,0.284,433.223,3407.097,16530201.0,378.516,1395.627,40.962,-16.078,17.573,-12.743,66.518,4024.03,0.0,,0.0,0.0,0.0,0.0,0.0,0.018,58.902,0.008,0.011,0.03,0.605,1.8
CHL,Chile,2008,174.486,2.173,-2.531,-0.489,11.924,0.394,-0.881,-3.336,0.522,17.955,,,,,,378.825,12.604,6.936,13.545,3.296,50.818,433.917,3041.464,3.419,204.628,58.67,0.3,7.25,33.23,14.23,23.95,0.0,11.75,0.0,0.3,24.29,0.0,0.04,57.52,21.79,1.2,22454.793,-3.348,80.375,-10.447,301.551,18048.049,1988.837,57.771,312737601016.0,24.739,-44.342,7.37,-22.03,27.651,851.675,1654.961,18.832,1127.095,41.638,7.972,17.074,4.73,64.057,1433.423,3833.832,42.229,24.29,1453.772,10.691,19.625,7.111,73.629,4406.762,1.96,1.15,0.0,,0.0,0.0,0.0,0.0,0.0,20.428,3.858,59.46,8.287,223.082,703.245,13351.624,3.701,221.502,0.0,17.955,32.268,2.525,2.311,9.472,0.0,0.522,566.907,3442.609,16708256.0,375.18,1453.772,42.229,10.691,19.625,7.111,73.629,4406.762,0.0,,0.0,0.0,0.0,0.0,0.0,0.07,238.271,0.027,0.071,0.101,2.394,6.023
CHL,Chile,2009,-4.648,-0.159,11.705,2.204,9.622,0.356,-2.068,-7.758,2.752,95.344,,,,,,360.451,11.981,-8.58,12.644,-4.36,46.458,415.132,2751.22,3.26,193.061,59.86,1.61,7.01,31.78,14.13,25.04,0.0,10.64,0.0,1.61,26.73,0.0,0.08,58.51,21.09,1.202,21758.734,-3.081,79.543,-9.291,292.26,17307.65,1882.012,54.316,305748131782.0,24.15,1.077,7.607,0.298,27.949,836.779,1655.154,21.036,1245.752,42.796,3.123,17.978,2.0,66.057,1482.869,3911.89,45.684,26.73,1582.951,2.082,20.457,1.533,75.162,4451.101,2.255,1.35,0.0,,0.0,0.0,0.0,0.0,0.0,18.185,-2.344,59.292,-5.229,217.853,630.101,12901.276,4.057,240.257,0.0,95.344,-6.061,2.422,-0.574,8.898,0.0,2.752,526.936,3464.963,16886184.0,367.422,1582.951,45.684,2.082,20.457,1.533,75.162,4451.101,0.0,,0.0,0.0,0.0,0.0,0.0,0.137,105.981,0.056,0.107,0.207,4.738,12.276
CHL,Chile,2010,-2.673,-0.087,-3.656,-0.769,60.172,2.441,0.438,1.608,3.099,105.494,,,,,,394.628,14.979,12.423,14.153,5.772,52.229,509.889,3061.047,3.173,185.959,59.04,1.8,8.7,34.31,14.61,21.64,0.0,11.0,0.0,1.8,23.77,0.0,0.33,58.08,22.92,1.148,21628.115,3.521,81.985,10.29,302.55,17731.835,2010.839,59.074,321390907905.0,25.155,105.364,15.554,29.448,57.398,856.262,3363.955,20.267,1187.801,37.259,-14.112,15.374,-9.322,56.735,1268.276,3325.114,40.926,23.77,1393.111,-11.55,18.015,-8.681,66.481,3896.297,1.626,0.96,0.0,,0.0,0.0,0.0,0.0,0.0,18.939,-11.444,52.278,-24.93,192.923,644.687,11306.834,6.498,380.848,0.0,105.494,-0.004,2.411,-0.0,8.898,0.0,3.099,521.468,3403.95,17062532.0,369.03,1393.111,40.926,-11.55,18.015,-8.681,66.481,3896.297,0.0,,0.0,0.0,0.0,0.0,0.0,0.568,309.205,0.23,0.641,0.848,19.341,49.714
CHL,Chile,2011,5.654,0.179,-14.7,-2.979,0.721,0.047,8.719,32.174,3.304,121.275,,,,,,427.352,19.178,28.255,16.696,14.757,66.986,703.858,3886.976,3.352,194.523,63.98,2.09,12.13,39.88,15.83,20.94,0.0,11.92,0.0,2.09,23.37,0.0,0.34,63.25,27.03,1.185,23280.405,11.056,83.747,33.449,335.999,19496.734,2314.086,63.051,338634307673.0,25.028,1.686,14.547,0.968,58.365,918.555,3386.713,17.288,1003.143,33.107,-6.317,13.248,-3.584,53.151,1215.069,3084.151,36.949,23.37,1356.073,-1.917,16.253,-1.274,65.207,3783.689,1.141,0.73,0.0,,0.0,0.0,0.0,0.0,0.0,18.846,9.187,52.504,17.724,210.647,691.673,12223.046,6.545,379.788,0.0,121.275,25.66,2.787,2.283,11.181,0.0,3.304,648.773,3670.159,17233584.0,401.205,1356.073,36.949,-1.917,16.253,-1.274,65.207,3783.689,0.0,,0.0,0.0,0.0,0.0,0.0,0.538,3.139,0.218,0.027,0.875,19.729,50.765
CHL,Chile,2012,8.868,0.297,-21.132,-3.653,-2.7,-0.177,2.225,8.926,4.753,182.755,,,,,,449.41,23.091,16.589,19.042,11.112,78.099,887.913,4488.355,3.65,209.745,66.91,3.18,15.45,43.34,15.91,19.98,0.0,11.98,0.0,3.18,23.57,0.0,0.41,66.91,30.07,1.15,23570.264,1.707,83.323,5.736,341.735,19639.529,2490.753,64.774,356694165829.0,23.778,-9.178,12.925,-5.357,53.008,914.349,3046.398,13.634,783.575,29.861,-2.292,12.662,-1.218,51.933,1148.252,2984.566,35.226,23.57,1354.57,4.892,16.677,3.19,68.397,3930.754,0.0,0.0,0.0,,0.0,0.0,0.0,0.0,0.0,17.905,-0.009,51.356,-0.019,210.627,688.492,12104.775,6.368,365.993,0.0,182.755,37.838,3.758,4.231,15.411,0.0,4.753,885.684,3845.323,17400360.0,410.131,1354.57,35.226,4.892,16.677,3.19,68.397,3930.754,0.0,,0.0,0.001,0.001,0.0,0.05,0.613,20.236,0.256,0.177,1.052,23.563,60.453
CHL,Chile,2013,325.281,11.872,-22.006,-3.0,-7.506,-0.478,0.992,4.067,6.811,271.462,,,,,,452.663,23.847,12.406,21.195,9.689,87.788,950.402,4996.039,15.521,883.316,70.03,4.77,16.7,45.02,16.15,19.68,0.0,12.17,0.0,4.77,25.01,0.01,0.55,70.03,31.7,1.117,23572.14,0.711,83.091,2.428,344.163,19586.413,2562.102,64.287,370745297537.0,23.062,0.222,12.826,0.117,53.126,919.101,3023.41,10.634,605.192,28.102,-1.859,12.305,-0.965,50.967,1119.995,2900.564,35.713,25.01,1423.327,2.396,16.909,1.639,70.036,3985.746,0.0,0.0,0.0,,0.0,0.0,0.0,0.0,0.0,17.378,-3.503,49.07,-7.378,203.249,692.598,11566.964,5.89,335.224,0.0,271.462,14.562,4.263,2.244,17.655,0.0,6.811,1004.777,3985.428,17571512.0,414.198,1423.327,35.713,2.396,16.909,1.639,70.036,3985.746,0.014,1871.519,0.004,0.016,0.017,0.569,0.985,0.785,32.666,0.337,0.344,1.396,31.301,79.42
CHL,Chile,2014,36.923,5.731,-18.307,-1.947,-14.553,-0.857,-1.921,-7.957,4.56,173.997,,,,,,413.605,21.868,0.877,21.799,0.77,88.558,834.508,4986.656,21.252,1196.7,67.77,3.09,14.82,39.95,14.33,22.81,0.0,10.8,0.0,3.09,27.82,0.48,1.44,67.77,28.03,1.075,22875.281,-4.099,81.246,-14.108,330.055,18585.27,2249.568,58.949,377993637886.0,21.145,-17.198,10.828,-9.137,43.989,806.916,2477.022,8.687,489.182,33.658,15.069,14.437,7.68,58.648,1284.421,3302.427,41.051,27.82,1566.532,8.783,18.754,6.151,76.186,4290.029,0.0,0.0,0.0,,0.0,0.0,0.0,0.0,0.0,15.936,-2.825,48.618,-5.741,197.508,608.143,11121.593,5.033,283.416,0.0,173.997,-28.074,3.126,-4.957,12.699,0.0,4.56,715.063,3816.1,17758968.0,406.241,1566.532,41.051,8.783,18.754,6.151,76.186,4290.029,0.708,6645.714,0.287,1.15,1.167,27.029,65.735,2.125,163.171,0.904,2.277,3.673,81.086,206.803
CHL,Chile,2015,-20.653,-4.389,26.158,2.272,-14.196,-0.715,2.242,9.109,2.336,94.049,,,,,,421.482,22.989,-3.956,20.478,-3.503,85.055,925.464,4733.331,16.863,938.431,72.34,1.69,16.63,43.89,15.55,23.4,0.0,11.71,0.0,1.69,28.45,1.24,2.12,72.34,30.49,1.075,23114.389,0.808,80.106,2.668,332.723,18516.128,2442.492,60.672,386428805707.0,21.496,9.669,11.615,4.254,48.243,865.362,2684.731,10.96,609.915,32.347,1.891,14.387,1.109,59.757,1302.217,3325.486,39.328,28.45,1583.251,8.455,19.894,6.442,82.628,4598.28,0.0,0.0,0.0,,0.0,0.0,0.0,0.0,0.0,16.187,0.971,48.014,1.917,199.425,651.665,11098.065,4.319,240.335,0.0,94.049,10.885,3.39,1.382,14.081,0.0,2.336,783.612,4025.742,17969356.0,415.351,1583.251,39.328,8.455,19.894,6.442,82.628,4598.28,1.714,194.739,0.828,2.273,3.441,69.006,191.478,2.931,45.661,1.288,1.677,5.35,117.979,297.705
CHL,Chile,2016,-19.857,-3.349,19.742,2.164,-26.12,-1.128,4.918,20.425,2.155,90.065,,,,,,424.704,23.89,1.418,19.795,1.206,86.261,998.403,4737.232,13.514,742.183,76.1,1.64,18.18,46.61,17.0,22.81,0.0,11.43,0.0,1.64,29.49,2.59,2.45,76.1,32.32,1.11,23931.8,7.229,81.871,24.051,356.774,19593.191,2559.713,61.248,392579493701.0,22.339,22.636,13.576,10.92,59.163,933.601,3249.098,13.123,720.709,29.974,-17.134,11.363,-10.239,49.518,1252.672,2719.421,38.752,29.49,1619.522,-4.388,18.129,-3.626,79.002,4338.628,0.0,0.0,0.0,,0.0,0.0,0.0,0.0,0.0,15.02,5.98,48.5,11.925,211.35,627.709,11606.861,3.191,175.222,0.0,90.065,20.055,3.879,2.824,16.905,0.0,2.155,928.383,4179.235,18209072.0,435.776,1619.522,38.752,-4.388,18.129,-3.626,79.002,4338.628,3.403,86.396,1.472,2.973,6.413,142.237,352.209,3.219,15.259,1.415,0.816,6.166,134.548,338.615
CHL,Chile,2017,,,,,,,0.702,3.06,2.151,88.791,,,,,,421.377,23.672,3.975,20.438,3.429,89.69,977.237,4855.854,,,76.21,1.64,18.05,46.3,16.89,20.89,0.0,11.36,0.06,1.7,29.95,3.84,3.52,76.25,32.13,1.105,23758.807,-2.433,79.322,-8.679,348.094,18846.032,2506.709,60.721,397188376030.0,22.151,-5.1,12.794,-3.017,56.146,914.434,3039.777,,,27.397,7.666,12.149,3.796,53.314,1130.997,2886.471,39.279,29.95,1621.51,14.859,20.678,11.739,90.741,4912.794,-0.052,-0.04,0.0,,0.0,0.0,0.0,0.0,0.0,14.898,-4.302,46.09,-9.091,202.259,615.037,10950.401,,,3.248,92.039,10.164,4.244,1.718,18.623,0.079,2.23,1008.276,4128.219,18470436.0,438.836,1621.51,39.279,14.859,20.678,11.739,90.741,4912.794,5.036,51.868,2.219,3.326,9.74,207.9,527.323,4.616,47.001,2.065,2.898,9.064,190.575,490.725
CHL,Chile,2018,,,,,,,4.052,17.783,2.048,86.496,,,,,,402.326,22.506,-3.488,18.957,-3.128,86.562,950.389,4621.762,,,79.09,1.62,17.8,45.65,16.65,22.9,0.0,11.2,0.21,1.83,33.44,5.12,3.59,79.09,31.82,1.106,24380.081,1.738,77.558,6.051,354.145,18908.747,2437.375,57.719,412833627886.0,21.052,0.393,12.344,0.221,56.367,888.988,3009.57,,,28.954,8.93,12.719,4.761,58.075,1222.692,3100.797,42.281,33.44,1785.451,12.93,22.442,11.732,102.474,5471.353,0.0,0.0,0.0,,0.0,0.0,0.0,0.0,0.0,14.161,4.429,46.257,8.958,211.216,597.998,11277.415,,,11.212,97.709,22.209,4.984,4.136,22.759,0.266,2.314,1215.178,4222.826,18729166.0,456.619,1785.451,42.281,12.93,22.442,11.732,102.474,5471.353,6.474,30.617,2.786,2.982,12.722,273.37,679.26,4.539,-1.618,1.953,-0.147,8.917,191.68,476.118
CHL,Chile,2019,,,,,,,2.476,11.304,2.195,92.866,,,,,,404.765,22.752,0.604,18.611,0.523,87.085,962.43,4595.002,,,80.17,1.76,18.24,46.5,16.91,20.67,0.0,11.35,0.2,1.96,33.67,6.14,4.9,80.17,32.45,,24689.814,2.633,77.677,9.325,363.47,19178.412,2453.562,58.002,,21.093,15.548,13.919,8.764,65.131,892.252,3436.604,,,25.783,-8.583,11.346,-4.984,53.091,1090.648,2801.331,41.998,33.67,1776.59,1.931,22.323,1.979,104.453,5511.421,0.0,0.0,0.0,,0.0,0.0,0.0,0.0,0.0,14.157,0.018,45.147,0.038,211.254,598.88,11146.806,,,10.553,103.419,3.867,5.052,0.88,23.639,0.249,2.445,1247.325,4230.152,18952036.0,467.922,1776.59,41.998,1.931,22.323,1.979,104.453,5511.421,7.659,22.628,3.334,2.879,15.601,323.976,823.169,6.112,35.934,2.591,3.204,12.122,258.547,639.596
CHL,Chile,2020,,,,,,,-4.614,-21.589,1.897,79.514,,,,,,386.545,20.082,-4.151,18.701,-3.615,83.47,841.694,4366.447,,,80.12,1.52,16.09,44.42,15.92,20.79,0.0,12.41,0.25,1.77,35.7,7.62,5.52,80.12,30.97,,23348.403,-7.228,75.548,-26.273,337.197,17639.347,2323.683,55.442,,19.87,-6.004,13.716,-3.911,61.22,832.801,3202.523,,,25.949,-4.006,11.418,-2.127,50.964,1087.559,2666.018,44.558,35.7,1867.525,4.484,24.452,4.683,109.136,5709.074,0.0,0.0,0.0,,0.0,0.0,0.0,0.0,0.0,15.489,-8.874,43.131,-18.747,192.507,649.187,10070.378,,,13.078,92.592,7.897,5.715,1.867,25.506,0.312,2.209,1334.263,4191.208,19116208.0,446.333,1867.525,44.558,4.484,24.452,4.683,109.136,5709.074,9.511,20.422,4.209,3.186,18.787,398.615,982.765,6.89,14.497,3.11,1.757,13.879,288.76,726.028
CHL,Chile,2021,,,,,,,,,1.824,79.636,,,,,,395.565,19.588,,,,,855.179,,,,83.88,1.53,16.43,47.4,15.89,16.63,0.0,15.08,0.34,1.87,36.48,10.76,7.22,83.88,33.18,,,,,,,,2467.162,56.509,,18.944,,,,,827.072,,,,19.826,,,,,865.589,,43.491,36.48,1898.777,,,,,,0.0,0.0,0.0,,,,,0.0,,17.978,,,,,784.911,,,,17.697,97.333,,,,,0.405,2.229,,4365.939,19212362.0,,1898.777,43.491,,,,,,12.828,,,,,560.056,,8.608,,,,,375.8,
