iso_code,country,year,coal_prod_change_pct,coal_prod_change_twh,gas_prod_change_pct,gas_prod_change_twh,oil_prod_change_pct,oil_prod_change_twh,energy_cons_change_pct,energy_cons_change_twh,biofuel_share_elec,biofuel_elec_per_capita,biofuel_cons_change_pct,biofuel_share_energy,biofuel_cons_change_twh,biofuel_consumption,biofuel_cons_per_capita,carbon_intensity_elec,coal_share_elec,coal_cons_change_pct,coal_share_energy,coal_cons_change_twh,coal_consumption,coal_elec_per_capita,coal_cons_per_capita,coal_production,coal_prod_per_capita,electricity_demand,biofuel_electricity,coal_electricity,fossil_electricity,gas_electricity,hydro_electricity,nuclear_electricity,oil_electricity,other_renewable_exc_biofuel_electricity,other_renewable_electricity,renewables_electricity,solar_electricity,wind_electricity,electricity_generation,greenhouse_gas_emissions,energy_per_gdp,energy_per_capita,fossil_cons_change_pct,fossil_share_energy,fossil_cons_change_twh,fossil_fuel_consumption,fossil_energy_per_capita,fossil_cons_per_capita,fossil_share_elec,gdp,gas_share_elec,gas_cons_change_pct,gas_share_energy,gas_cons_change_twh,gas_consumption,gas_elec_per_capita,gas_energy_per_capita,gas_production,gas_prod_per_capita,hydro_share_elec,hydro_cons_change_pct,hydro_share_energy,hydro_cons_change_twh,hydro_consumption,hydro_elec_per_capita,hydro_energy_per_capita,low_carbon_share_elec,low_carbon_electricity,low_carbon_elec_per_capita,low_carbon_cons_change_pct,low_carbon_share_energy,low_carbon_cons_change_twh,low_carbon_consumption,low_carbon_energy_per_capita,net_elec_imports_share_demand,net_elec_imports,nuclear_share_elec,nuclear_cons_change_pct,nuclear_share_energy,nuclear_cons_change_twh,nuclear_consumption,nuclear_elec_per_capita,nuclear_energy_per_capita,oil_share_elec,oil_cons_change_pct,oil_share_energy,oil_cons_change_twh,oil_consumption,oil_elec_per_capita,oil_energy_per_capita,oil_production,oil_prod_per_capita,other_renewables_elec_per_capita_exc_biofuel,other_renewables_elec_per_capita,other_renewables_cons_change_pct,other_renewables_share_energy,other_renewables_cons_change_twh,other_renewable_consumption,other_renewables_share_elec_exc_biofuel,other_renewables_share_elec,other_renewables_energy_per_capita,per_capita_electricity,population,primary_energy_consumption,renewables_elec_per_capita,renewables_share_elec,renewables_cons_change_pct,renewables_share_energy,renewables_cons_change_twh,renewables_consumption,renewables_energy_per_capita,solar_share_elec,solar_cons_change_pct,solar_share_energy,solar_cons_change_twh,solar_consumption,solar_elec_per_capita,solar_energy_per_capita,wind_share_elec,wind_cons_change_pct,wind_share_energy,wind_cons_change_twh,wind_consumption,wind_elec_per_capita,wind_energy_per_capita
CHN,China,1900,,,,,,,,,,,,,,,,,,,,,,,,0.0,0.0,,,,,,,,,,,,,,,,,,,,,,,,,388800000000.0,,,,,,,,0.0,0.0,,,,,,,,,,,,,,,,,,,,,,,,,,,,,,,,0.0,0.0,,,,,,,,,,,401579661.0,,,,,,,,,,,,,,,,,,,,,,
CHN,China,1901,,0.0,,0.0,,0.0,,,,,,,,,,,,,,,,,,0.0,0.0,,,,,,,,,,,,,,,,,,,,,,,,,,,,,,,,,0.0,0.0,,,,,,,,,,,,,,,,,,,,,,,,,,,,,,,,0.0,0.0,,,,,,,,,,,403786465.0,,,,,,,,,,,,,,,,,,,,,,
CHN,China,1902,,0.291,,0.0,,0.0,,,,,,,,,,,,,,,,,,0.291,0.716,,,,,,,,,,,,,,,,,,,,,,,,,,,,,,,,,0.0,0.0,,,,,,,,,,,,,,,,,,,,,,,,,,,,,,,,0.0,0.0,,,,,,,,,,,406042669.0,,,,,,,,,,,,,,,,,,,,,,
CHN,China,1903,1972.001,5.731,,0.0,,0.0,,,,,,,,,,,,,,,,,,6.022,14.747,,,,,,,,,,,,,,,,,,,,,,,,,,,,,,,,,0.0,0.0,,,,,,,,,,,,,,,,,,,,,,,,,,,,,,,,0.0,0.0,,,,,,,,,,,408348748.0,,,,,,,,,,,,,,,,,,,,,,
CHN,China,1904,6.467,0.389,,0.0,,0.0,,,,,,,,,,,,,,,,,,6.411,15.612,,,,,,,,,,,,,,,,,,,,,,,,,,,,,,,,,0.0,0.0,,,,,,,,,,,,,,,,,,,,,,,,,,,,,,,,0.0,0.0,,,,,,,,,,,410667922.0,,,,,,,,,,,,,,,,,,,,,,
CHN,China,1905,9.973,0.639,,0.0,,0.0,,,,,,,,,,,,,,,,,,7.051,17.072,,,,,,,,,,,,,,,,,,,,,,,,,,,,,,,,,0.0,0.0,,,,,,,,,,,,,,,,,,,,,,,,,,,,,,,,0.0,0.0,,,,,,,,,,,413000265.0,,,,,,,,,,,,,,,,,,,,,,
CHN,China,1906,644.683,45.455,,0.0,,0.0,,,,,,,,,,,,,,,,,,52.506,126.415,,,,,,,,,,,,,,,,,,,,,,,,,,,,,,,,,0.0,0.0,,,,,,,,,,,,,,,,,,,,,,,,,,,,,,,,0.0,0.0,,,,,,,,,,,415345852.0,,,,,,,,,,,,,,,,,,,,,,
CHN,China,1907,-1.583,-0.831,,0.0,,0.0,,,,,,,,,,,,,,,,,,51.675,123.711,,,,,,,,,,,,,,,,,,,,,,,,,,,,,,,,,0.0,0.0,,,,,,,,,,,,,,,,,,,,,,,,,,,,,,,,0.0,0.0,,,,,,,,,,,417704759.0,,,,,,,,,,,,,,,,,,,,,,
CHN,China,1908,34.983,18.077,,0.0,,0.0,,,,,,,,,,,,,,,,,,69.752,166.046,,,,,,,,,,,,,,,,,,,,,,,,,,,,,,,,,0.0,0.0,,,,,,,,,,,,,,,,,,,,,,,,,,,,,,,,0.0,0.0,,,,,,,,,,,420077060.0,,,,,,,,,,,,,,,,,,,,,,
CHN,China,1909,-8.333,-5.813,,0.0,,0.0,,,,,,,,,,,,,,,,,,63.939,151.185,,,,,,,,,,,,,,,,,,,,,,,,,,,,,,,,,0.0,0.0,,,,,,,,,,,,,,,,,,,,,,,,,,,,,,,,0.0,0.0,,,,,,,,,,,422922872.0,,,,,,,,,,,,,,,,,,,,,,
CHN,China,1910,-10.018,-6.406,,0.0,,0.0,,,,,,,,,,,,,,,,,,57.534,134.977,,,,,,,,,,,,,,,,,,,,,,,,,,,,,,,,,0.0,0.0,,,,,,,,,,,,,,,,,,,,,,,,,,,,,,,,0.0,0.0,,,,,,,,,,,426250021.0,,,,,,,,,,,,,,,,,,,,,,
CHN,China,1911,48.515,27.912,,0.0,,0.0,,,,,,,,,,,,,,,,,,85.446,198.682,,,,,,,,,,,,,,,,,,,,,,,,,387034110000.0,,,,,,,,0.0,0.0,,,,,,,,,,,,,,,,,,,,,,,,,,,,,,,,0.0,0.0,,,,,,,,,,,430066435.0,,,,,,,,,,,,,,,,,,,,,,
CHN,China,1912,-64.857,-55.418,,0.0,,0.0,,,,,,,,,,,,,,,,,,30.028,69.129,,,,,,,,,,,,,,,,,,,,,,,,,,,,,,,,,0.0,0.0,,,,,,,,,,,,,,,,,,,,,,,,,,,,,,,,0.0,0.0,,,,,,,,,,,434380144.0,,,,,,,,,,,,,,,,,,,,,,
CHN,China,1913,9.911,2.976,,0.0,,0.0,,,,,,,,,,,,,,,,,,33.004,75.147,,,,,,,,,,,,,,,,,,,,,,,,,430582900000.0,,,,,,,,0.0,0.0,,,,,,,,,,,,,,,,,,,,,,,,,,,,,,,,0.0,0.0,,,,,,,,,,,439199283.0,,,,,,,,,,,,,,,,,,,,,,
CHN,China,1914,40.437,13.346,,0.0,,0.0,,,,,,,,,,,,,,,,,,46.35,104.376,,,,,,,,,,,,,,,,,,,,,,,,,,,,,,,,,0.0,0.0,,,,,,,,,,,,,,,,,,,,,,,,,,,,,,,,0.0,0.0,,,,,,,,,,,444071884.0,,,,,,,,,,,,,,,,,,,,,,
CHN,China,1915,6.509,3.017,,0.0,,0.0,,,,,,,,,,,,,,,,,,49.367,109.949,,,,,,,,,,,,,,,,,,,,,,,,,,,,,,,,,0.0,0.0,,,,,,,,,,,,,,,,,,,,,,,,,,,,,,,,0.0,0.0,,,,,,,,,,,448998541.0,,,,,,,,,,,,,,,,,,,,,,
CHN,China,1916,11.657,5.755,,0.0,,0.0,,,,,,,,,,,,,,,,,,55.122,121.419,,,,,,,,,,,,,,,,,,,,,,,,,,,,,,,,,0.0,0.0,,,,,,,,,,,,,,,,,,,,,,,,,,,,,,,,0.0,0.0,,,,,,,,,,,453979853.0,,,,,,,,,,,,,,,,,,,,,,
CHN,China,1917,10.503,5.789,,0.0,,0.0,,,,,,,,,,,,,,,,,,60.911,132.699,,,,,,,,,,,,,,,,,,,,,,,,,,,,,,,,,0.0,0.0,,,,,,,,,,,,,,,,,,,,,,,,,,,,,,,,0.0,0.0,,,,,,,,,,,459016426.0,,,,,,,,,,,,,,,,,,,,,,
CHN,China,1918,6.012,3.662,,0.0,,0.0,,,,,,,,,,,,,,,,,,64.573,139.143,,,,,,,,,,,,,,,,,,,,,,,,,,,,,,,,,0.0,0.0,,,,,,,,,,,,,,,,,,,,,,,,,,,,,,,,0.0,0.0,,,,,,,,,,,464075232.0,,,,,,,,,,,,,,,,,,,,,,
CHN,China,1919,15.267,9.858,,0.0,,0.0,,,,,,,,,,,,,,,,,,74.431,158.878,,,,,,,,,,,,,,,,,,,,,,,,,,,,,,,,,0.0,0.0,,,,,,,,,,,,,,,,,,,,,,,,,,,,,,,,0.0,0.0,,,,,,,,,,,468480579.0,,,,,,,,,,,,,,,,,,,,,,
CHN,China,1920,10.355,7.708,,0.0,,0.0,,,,,,,,,,,,,,,,,,82.139,173.941,,,,,,,,,,,,,,,,,,,,,,,,,,,,,,,,,0.0,0.0,,,,,,,,,,,,,,,,,,,,,,,,,,,,,,,,0.0,0.0,,,,,,,,,,,472222750.0,,,,,,,,,,,,,,,,,,,,,,
CHN,China,1921,-5.527,-4.54,,0.0,,0.0,,,,,,,,,,,,,,,,,,77.599,163.267,,,,,,,,,,,,,,,,,,,,,,,,,,,,,,,,,0.0,0.0,,,,,,,,,,,,,,,,,,,,,,,,,,,,,,,,0.0,0.0,,,,,,,,,,,475291915.0,,,,,,,,,,,,,,,,,,,,,,
CHN,China,1922,5.318,4.127,,0.0,,0.0,,,,,,,,,,,,,,,,,,81.726,171.091,,,,,,,,,,,,,,,,,,,,,,,,,,,,,,,,,0.0,0.0,,,,,,,,,,,,,,,,,,,,,,,,,,,,,,,,0.0,0.0,,,,,,,,,,,477678125.0,,,,,,,,,,,,,,,,,,,,,,
CHN,China,1923,20.718,16.932,,0.0,,0.0,,,,,,,,,,,,,,,,,,98.659,205.808,,,,,,,,,,,,,,,,,,,,,,,,,,,,,,,,,0.0,0.0,,,,,,,,,,,,,,,,,,,,,,,,,,,,,,,,0.0,0.0,,,,,,,,,,,479371311.0,,,,,,,,,,,,,,,,,,,,,,
CHN,China,1924,9.144,9.021,,0.0,,0.0,,,,,,,,,,,,,,,,,,107.68,223.834,,,,,,,,,,,,,,,,,,,,,,,,,,,,,,,,,0.0,0.0,,,,,,,,,,,,,,,,,,,,,,,,,,,,,,,,0.0,0.0,,,,,,,,,,,481070499.0,,,,,,,,,,,,,,,,,,,,,,
CHN,China,1925,-5.328,-5.737,,0.0,,0.0,,,,,,,,,,,,,,,,,,101.943,211.16,,,,,,,,,,,,,,,,,,,,,,,,,,,,,,,,,0.0,0.0,,,,,,,,,,,,,,,,,,,,,,,,,,,,,,,,0.0,0.0,,,,,,,,,,,482775710.0,,,,,,,,,,,,,,,,,,,,,,
CHN,China,1926,-10.953,-11.166,,0.0,,0.023,,,,,,,,,,,,,,,,,,90.777,187.366,,,,,,,,,,,,,,,,,,,,,,,,,,,,,,,,,0.0,0.0,,,,,,,,,,,,,,,,,,,,,,,,,,,,,,,,0.023,0.048,,,,,,,,,,,484486965.0,,,,,,,,,,,,,,,,,,,,,,
CHN,China,1927,13.3,12.073,,0.0,50.0,0.012,,,,,,,,,,,,,,,,,,102.85,211.536,,,,,,,,,,,,,,,,,,,,,,,,,,,,,,,,,0.0,0.0,,,,,,,,,,,,,,,,,,,,,,,,,,,,,,,,0.035,0.072,,,,,,,,,,,486204286.0,,,,,,,,,,,,,,,,,,,,,,
CHN,China,1928,1.616,1.662,,0.0,0.0,0.0,,,,,,,,,,,,,,,,,,104.512,214.196,,,,,,,,,,,,,,,,,,,,,,,,,,,,,,,,,0.0,0.0,,,,,,,,,,,,,,,,,,,,,,,,,,,,,,,,0.035,0.072,,,,,,,,,,,487927695.0,,,,,,,,,,,,,,,,,,,,,,
CHN,China,1929,4.861,5.08,,0.0,33.333,0.012,,,,,,,,,,,,,,,,,,109.592,223.707,,,,,,,,,,,,,,,,,,,,,,,,,488734819000.0,,,,,,,,0.0,0.0,,,,,,,,,,,,,,,,,,,,,,,,,,,,,,,,0.047,0.095,,,,,,,,,,,489891377.0,,,,,,,,,,,,,,,,,,,,,,
CHN,China,1930,5.505,6.034,,0.0,1150.0,0.535,,,,,,,,,,,,,,,,,,115.626,234.965,,,,,,,,,,,,,,,,,,,,,,,,,494868000000.0,,,,,,,,0.0,0.0,,,,,,,,,,,,,,,,,,,,,,,,,,,,,,,,0.582,1.182,,,,,,,,,,,492097572.0,,,,,,,,,,,,,,,,,,,,,,
CHN,China,1931,6.038,6.981,,0.0,22.0,0.128,,,,,,,,,,,,,,,,,,122.607,247.917,,,,,,,,,,,,,,,,,,,,,,,,,500029600000.0,,,,,,,,0.0,0.0,,,,,,,,,,,,,,,,,,,,,,,,,,,,,,,,0.709,1.435,,,,,,,,,,,494548536.0,,,,,,,,,,,,,,,,,,,,,,
CHN,China,1932,-4.172,-5.115,,0.0,14.754,0.105,,,,,,,,,,,,,,,,,,117.492,236.285,,,,,,,,,,,,,,,,,,,,,,,,,515662973000.0,,,,,,,,0.0,0.0,,,,,,,,,,,,,,,,,,,,,,,,,,,,,,,,0.814,1.637,,,,,,,,,,,497246541.0,,,,,,,,,,,,,,,,,,,,,,
CHN,China,1933,9.212,10.823,,0.0,24.286,0.198,,,,,,,,,,,,,,,,,,128.315,256.53,,,,,,,,,,,,,,,,,,,,,,,,,461500000000.0,,,,,,,,0.0,0.0,,,,,,,,,,,,,,,,,,,,,,,,,,,,,,,,1.012,2.023,,,,,,,,,,,500193876.0,,,,,,,,,,,,,,,,,,,,,,
CHN,China,1934,16.879,21.658,,0.0,5.747,0.058,,,,,,,,,,,,,,,,,,149.973,298.063,,,,,,,,,,,,,,,,,,,,,,,,,470972743000.0,,,,,,,,0.0,0.0,,,,,,,,,,,,,,,,,,,,,,,,,,,,,,,,1.07,2.126,,,,,,,,,,,503158681.0,,,,,,,,,,,,,,,,,,,,,,
CHN,China,1935,16.635,24.948,,0.0,53.261,0.57,,,,,,,,,,,,,,,,,,174.921,345.597,,,,,,,,,,,,,,,,,,,,,,,,,508829044000.0,,,,,,,,0.0,0.0,,,,,,,,,,,,,,,,,,,,,,,,,,,,,,,,1.64,3.24,,,,,,,,,,,506141059.0,,,,,,,,,,,,,,,,,,,,,,
CHN,China,1936,12.299,21.513,,0.0,17.73,0.291,,,,,,,,,,,,,,,,,,196.434,385.814,,,,,,,,,,,,,,,,,,,,,,,,,540976335000.0,,,,,,,,0.0,0.0,,,,,,,,,,,,,,,,,,,,,,,,,,,,,,,,1.931,3.792,,,,,,,,,,,509141114.0,,,,,,,,,,,,,,,,,,,,,,
CHN,China,1937,-7.123,-13.991,,0.0,16.867,0.326,,,,,,,,,,,,,,,,,,182.443,356.223,,,,,,,,,,,,,,,,,,,,,,,,,528001760000.0,,,,,,,,0.0,0.0,,,,,,,,,,,,,,,,,,,,,,,,,,,,,,,,2.256,4.405,,,,,,,,,,,512158952.0,,,,,,,,,,,,,,,,,,,,,,
CHN,China,1938,-8.405,-15.334,,0.0,40.206,0.907,,,,,,,,,,,,,,,,,,167.109,324.36,,,,,,,,,,,,,,,,,,,,,,,,,514876008000.0,,,,,,,,0.0,0.0,,,,,,,,,,,,,,,,,,,,,,,,,,,,,,,,3.163,6.14,,,,,,,,,,,515194677.0,,,,,,,,,,,,,,,,,,,,,,
CHN,China,1939,20.658,34.521,,0.0,41.176,1.303,,,,,,,,,,,,,,,,,,201.63,389.112,,,,,,,,,,,,,,,,,,,,,,,,,,,,,,,,,0.0,0.0,,,,,,,,,,,,,,,,,,,,,,,,,,,,,,,,4.466,8.618,,,,,,,,,,,518180790.0,,,,,,,,,,,,,,,,,,,,,,
CHN,China,1940,27.808,56.069,,0.0,52.344,2.338,,,,,,,,,,,,,,,,,,257.699,494.514,,,,,,,,,,,,,,,,,,,,,,,,,,,,,,,,,0.0,0.0,,,,,,,,,,,,,,,,,,,,,,,,,,,,,,,,6.804,13.056,,,,,,,,,,,521116640.0,,,,,,,,,,,,,,,,,,,,,,
CHN,China,1941,25.012,64.457,,0.0,13.333,0.907,,,,,,,,,,,,,,,,,,322.156,614.8,,,,,,,,,,,,,,,,,,,,,,,,,,,,,,,,,0.0,0.0,,,,,,,,,,,,,,,,,,,,,,,,,,,,,,,,7.711,14.715,,,,,,,,,,,524001569.0,,,,,,,,,,,,,,,,,,,,,,
CHN,China,1942,5.325,17.153,,0.0,23.228,1.791,,,,,,,,,,,,,,,,,,339.309,644.052,,,,,,,,,,,,,,,,,,,,,,,,,,,,,,,,,0.0,0.0,,,,,,,,,,,,,,,,,,,,,,,,,,,,,,,,9.502,18.035,,,,,,,,,,,526834916.0,,,,,,,,,,,,,,,,,,,,,,
CHN,China,1943,-13.559,-46.007,,0.0,-61.934,-5.885,,,,,,,,,,,,,,,,,,293.302,553.801,,,,,,,,,,,,,,,,,,,,,,,,,,,,,,,,,0.0,0.0,,,,,,,,,,,,,,,,,,,,,,,,,,,,,,,,3.617,6.829,,,,,,,,,,,529616012.0,,,,,,,,,,,,,,,,,,,,,,
CHN,China,1944,1.126,3.302,,0.0,-35.37,-1.279,,,,,,,,,,,,,,,,,,296.604,557.094,,,,,,,,,,,,,,,,,,,,,,,,,,,,,,,,,0.0,0.0,,,,,,,,,,,,,,,,,,,,,,,,,,,,,,,,2.338,4.391,,,,,,,,,,,532411789.0,,,,,,,,,,,,,,,,,,,,,,
CHN,China,1945,-48.488,-143.817,,0.0,-12.935,-0.302,,,,,,,,,,,,,,,,,,152.786,285.463,,,,,,,,,,,,,,,,,,,,,,,,,,,,,,,,,0.0,0.0,,,,,,,,,,,,,,,,,,,,,,,,,,,,,,,,2.035,3.803,,,,,,,,,,,535222325.0,,,,,,,,,,,,,,,,,,,,,,
CHN,China,1946,-37.828,-57.795,,0.0,-60.0,-1.221,,,,,,,,,,,,,,,,,,94.991,176.547,,,,,,,,,,,,,,,,,,,,,,,,,,,,,,,,,0.0,0.0,,,,,,,,,,,,,,,,,,,,,,,,,,,,,,,,0.814,1.513,,,,,,,,,,,538047697.0,,,,,,,,,,,,,,,,,,,,,,
CHN,China,1947,7.319,6.952,,0.0,-25.714,-0.209,,,,,,,,,,,,,,,,,,101.943,188.473,,,,,,,,,,,,,,,,,,,,,,,,,,,,,,,,,0.0,0.0,,,,,,,,,,,,,,,,,,,,,,,,,,,,,,,,0.605,1.118,,,,,,,,,,,540887984.0,,,,,,,,,,,,,,,,,,,,,,
CHN,China,1948,-29.182,-29.749,,0.0,40.385,0.244,,,,,,,,,,,,,,,,,,72.193,132.771,,,,,,,,,,,,,,,,,,,,,,,,,,,,,,,,,0.0,0.0,,,,,,,,,,,,,,,,,,,,,,,,,,,,,,,,0.849,1.561,,,,,,,,,,,543743264.0,,,,,,,,,,,,,,,,,,,,,,
CHN,China,1949,149.597,108.0,,0.0,61.644,0.523,,,,,,,,,,,,,,,,,,180.193,328.676,,,,,,,,,,,,,,,,,,,,,,,,,,,,,,,,,0.0,0.0,,,,,,,,,,,,,,,,,,,,,,,,,,,,,,,,1.372,2.503,,,,,,,,,,,548239920.0,,,,,,,,,,,,,,,,,,,,,,
CHN,China,1950,38.452,69.287,,0.0,71.186,0.977,,,,,,,,,,,,,,,,,,249.48,449.985,,,,,,,,,,,,,,,,,,,,,,,,,436905185000.0,,,,,,,,0.0,0.0,,,,,,,,,,,,,,,,,,,,,,,,,,,,,,,,2.349,4.237,,,,,,,,,,,554419264.0,,,,,,,,,,,,,,,,,,,,,,
CHN,China,1951,23.695,59.115,,0.0,51.485,1.21,,,,,,,,,,,,,,,,,,308.595,541.481,,,,,,,,,,,,,,,,,,,,,,,,,529606000000.0,,,,,,,,0.0,0.0,,,,,,,,,,,,,,,,,,,,,,,,,,,,,,,,3.559,6.244,,,,,,,,,,,569909120.0,,,,,,,,,,,,,,,,,,,,,,
CHN,China,1952,25.24,77.89,,0.0,42.484,1.512,,,,,,,,,,,,,,,,,,386.485,663.406,,,,,,,,,,,,,,,,,,,,,,,,,595648770000.0,,,,,,,,0.0,0.0,,,,,,,,,,,,,,,,,,,,,,,,,,,,,,,,5.071,8.704,,,,,,,,,,,582576512.0,,,,,,,,,,,,,,,,,,,,,,
CHN,China,1953,4.798,18.542,,0.0,42.661,2.163,,,,,,,,,,,,,,,,,,405.027,682.593,,,,,,,,,,,,,,,,,,,,,,,,,672668230000.0,,,,,,,,0.0,0.0,,,,,,,,,,,,,,,,,,,,,,,,,,,,,,,,7.234,12.191,,,,,,,,,,,593365888.0,,,,,,,,,,,,,,,,,,,,,,
CHN,China,1954,20.063,81.261,,0.0,26.849,1.942,,,,,,,,,,,,,,,,,,486.289,806.379,,,,,,,,,,,,,,,,,,,,,,,,,624480190000.0,,,,,,,,0.0,0.0,,,,,,,,,,,,,,,,,,,,,,,,,,,,,,,,9.176,15.216,,,,,,,,,,,603052288.0,,,,,,,,,,,,,,,,,,,,,,
CHN,China,1955,17.499,85.098,,1.325,22.433,2.059,,,,,,,,,,,,,,,,,,571.386,933.269,,,,,,,,,,,,,,,,,,,,,,,,,681084945000.0,,,,,,,,1.325,2.164,,,,,,,,,,,,,,,,,,,,,,,,,,,,,,,,11.235,18.35,,,,,,,,,,,612241536.0,,,,,,,,,,,,,,,,,,,,,,
CHN,China,1956,12.269,70.101,109.091,1.445,20.393,2.291,,,,,,,,,,,,,,,,,,641.487,1032.387,,,,,,,,,,,,,,,,,,,,,,,,,738921885000.0,,,,,,,,2.77,4.458,,,,,,,,,,,,,,,,,,,,,,,,,,,,,,,,13.526,21.768,,,,,,,,,,,621363264.0,,,,,,,,,,,,,,,,,,,,,,
CHN,China,1957,18.458,118.404,43.478,1.204,25.537,3.454,,,,,,,,,,,,,,,,,,759.891,1204.881,,,,,,,,,,,,,,,,,,,,,,,,,761702560000.0,,,,,,,,3.974,6.302,,,,,,,,,,,,,,,,,,,,,,,,,,,,,,,,16.98,26.923,,,,,,,,,,,630677632.0,,,,,,,,,,,,,,,,,,,,,,
CHN,China,1958,106.533,809.532,19.697,0.783,55.068,9.351,,,,,,,,,,,,,,,,,,1569.423,2451.091,,,,,,,,,,,,,,,,,,,,,,,,,766244655000.0,,,,,,,,4.757,7.43,,,,,,,,,,,,,,,,,,,,,,,,,,,,,,,,26.33,41.122,,,,,,,,,,,640295744.0,,,,,,,,,,,,,,,,,,,,,,
CHN,China,1959,28.815,452.226,16.456,0.783,63.428,16.701,,,,,,,,,,,,,,,,,,2021.65,3109.213,,,,,,,,,,,,,,,,,,,,,,,,,743927585000.0,,,,,,,,5.54,8.52,,,,,,,,,,,,,,,,,,,,,,,,,,,,,,,,43.031,66.18,,,,,,,,,,,650212736.0,,,,,,,,,,,,,,,,,,,,,,
CHN,China,1960,20.759,419.675,14.13,0.783,48.649,20.934,,,,,,,,,,,,,,,,,,2441.325,3696.692,,,,,,,,,,,,,,,,,,,,,,,,,705092990000.0,,,,,,,,6.323,9.574,,,,,,,,,,,,,,,,,,,,,,,,,,,,,,,,63.965,96.857,,,,,,,,,,,660408064.0,,,,,,,,,,,,,,,,,,,,,,
CHN,China,1961,-40.476,-988.155,12.381,0.783,12.727,8.141,,,,,,,,,,,,,,,,,,1453.17,2165.83,,,,,,,,,,,,,,,,,,,,,,,,,577128420000.0,,,,,,,,7.106,10.59,,,,,,,,,,,,,,,,,,,,,,,,,,,,,,,,72.106,107.468,,,,,,,,,,,670952704.0,,,,,,,,,,,,,,,,,,,,,,
CHN,China,1962,0.0,0.0,11.017,0.783,9.677,6.978,,,,,,,,,,,,,,,,,,1453.17,2130.427,,,,,,,,,,,,,,,,,,,,,,,,,616503020000.0,,,,,,,,7.888,11.565,,,,,,,,,,,,,,,,,,,,,,,,,,,,,,,,79.084,115.942,,,,,,,,,,,682102656.0,,,,,,,,,,,,,,,,,,,,,,
CHN,China,1963,0.0,0.0,9.924,0.783,10.294,8.141,,,,,,,,,,,,,,,,,,1453.17,2092.882,,,,,,,,,,,,,,,,,,,,,,,,,705534390000.0,,,,,,,,8.671,12.488,,,,,,,,,,,,,,,,,,,,,,,,,,,,,,,,87.225,125.623,,,,,,,,,,,694339072.0,,,,,,,,,,,,,,,,,,,,,,
CHN,China,1964,16.0,232.507,9.028,0.783,13.333,11.63,,,,,,,,,,,,,,,,,,1685.677,2380.043,,,,,,,,,,,,,,,,,,,,,,,,,804504960000.0,,,,,,,,9.454,13.348,,,,,,,,,,,,,,,,,,,,,,,,,,,,,,,,98.855,139.576,,,,,,,,,,,708254656.0,,,,,,,,,,,,,,,,,,,,,,
CHN,China,1965,3.103,52.314,8.28,0.783,33.059,32.68,,,,,,,,,,,,,86.847,,1330.705,,1837.435,1737.991,2399.814,,,,,,22.097,0.0,,,0.0,22.097,0.0,0.0,,,1.71,2115.706,,95.994,,1470.855,2030.953,,,896126805000.0,,,0.724,,11.087,,15.308,10.237,14.135,,,4.006,,61.381,30.511,84.754,,22.097,30.511,,4.006,,61.381,84.754,,,,,0.0,,0.0,0.0,0.0,,,8.423,,129.063,,178.209,131.535,181.624,,0.0,,0.0,,0.0,,,0.0,,724219008.0,1532.234,30.511,,,4.006,,61.381,84.754,,,0.0,,0.0,0.0,0.0,,,0.0,,0.0,0.0,0.0
CHN,China,1966,9.365,162.755,7.647,0.783,28.647,37.681,8.683,133.044,,,,,,,,,,6.974,85.482,92.807,1423.512,,1917.409,1900.746,2560.221,,,,,,22.486,0.0,,,0.0,22.486,0.0,0.0,,,1.796,2243.056,8.972,96.249,131.964,1602.819,2158.926,,,927339400000.0,,21.818,0.811,2.419,13.505,,18.191,11.02,14.843,,1.76,3.751,1.08,62.461,30.288,84.132,,22.486,30.288,1.76,3.751,1.08,62.461,84.132,,,,,0.0,0.0,0.0,0.0,0.0,,28.465,9.956,36.737,165.8,,223.325,169.217,227.927,,0.0,,0.0,0.0,0.0,,,0.0,,742414848.0,1665.278,30.288,,1.76,3.751,1.08,62.461,84.132,,,0.0,0.0,0.0,0.0,0.0,,,0.0,0.0,0.0,0.0,0.0
CHN,China,1967,-30.581,-581.268,7.104,0.783,-4.605,-7.792,-10.069,-167.683,,,,,,,,,,-11.111,84.492,-158.168,1265.344,,1659.292,1319.478,1730.279,,,,,,19.383,0.0,,,0.0,19.383,0.0,0.0,,,1.604,1963.85,-9.924,96.405,-159.066,1443.753,1893.245,,,933378350000.0,,8.955,0.983,1.209,14.715,,19.296,11.802,15.477,,-13.797,3.595,-8.618,53.843,25.418,70.606,,19.383,25.418,-13.797,3.595,-8.618,53.843,70.606,,,,,0.0,0.0,0.0,0.0,0.0,,-1.271,10.93,-2.107,163.693,,214.656,161.424,211.682,,0.0,,0.0,0.0,0.0,,,0.0,,762581184.0,1497.595,25.418,,-13.797,3.595,-8.618,53.843,70.606,,,0.0,0.0,0.0,0.0,0.0,,,0.0,0.0,0.0,0.0,0.0
CHN,China,1968,32.159,424.326,6.633,0.783,15.202,24.539,1.002,15.003,,,,,,,,,,-0.744,83.031,-9.42,1255.924,,1601.792,1743.804,2224.027,,,,,,22.87,0.0,,,0.0,22.87,0.0,0.0,,,1.658,1929.149,0.368,95.8,5.317,1449.07,1848.127,,,912372780000.0,,-4.11,0.933,-0.605,14.11,,17.996,12.585,16.051,,17.989,4.2,9.686,63.529,29.169,81.024,,22.87,29.169,17.989,4.2,9.686,63.529,81.024,,,,,0.0,0.0,0.0,0.0,0.0,,9.372,11.836,15.342,179.035,,228.339,185.964,237.176,,0.0,,0.0,0.0,0.0,,,0.0,,784074688.0,1512.597,29.169,,17.989,4.2,9.686,63.529,81.024,,,0.0,0.0,0.0,0.0,0.0,,,0.0,0.0,0.0,0.0,0.0
CHN,China,1969,8.333,145.317,22.01,2.77,35.96,66.872,21.712,328.421,,,,,,,,,,20.757,82.379,260.687,1516.61,,1881.685,1889.121,2343.863,,,,,,23.259,0.0,,,0.0,23.259,0.0,0.0,,,1.83,2284.181,22.59,96.491,327.341,1776.41,2204.021,,,1006175600000.0,,40.0,1.073,5.644,19.754,,24.509,15.355,19.051,,1.7,3.509,1.08,64.609,28.858,80.162,,23.259,28.858,1.7,3.509,1.08,64.609,80.162,,,,,0.0,0.0,0.0,0.0,0.0,,34.077,13.039,61.01,240.044,,297.827,252.836,313.698,,0.0,,0.0,0.0,0.0,,,0.0,,805985920.0,1841.018,28.858,,1.7,3.509,1.08,64.609,80.162,,,0.0,0.0,0.0,0.0,0.0,,,0.0,0.0,0.0,0.0,0.0
CHN,China,1970,10.769,203.444,88.378,13.571,40.984,103.623,28.048,516.373,,,,,,,,,,27.234,81.855,413.04,1929.65,,2331.619,2092.564,2528.469,,,,,,24.037,0.0,,,0.0,24.037,0.0,0.0,,,2.061,2848.462,28.947,97.168,514.213,2290.623,2767.785,,,1144004370000.0,,46.429,1.227,9.172,28.926,,34.951,28.926,34.951,,3.344,2.832,2.161,66.77,29.044,80.679,,24.037,29.044,3.344,2.832,2.161,66.77,80.679,,,,,0.0,0.0,0.0,0.0,0.0,,38.327,14.085,92.001,332.046,,401.215,356.46,430.714,,0.0,,0.0,0.0,0.0,,,0.0,,827601344.0,2357.391,29.044,,3.344,2.832,2.161,66.77,80.679,,,0.0,0.0,0.0,0.0,0.0,,,0.0,0.0,0.0,0.0,0.0
CHN,China,1971,8.333,174.38,30.314,8.768,28.581,101.879,18.56,437.523,,,,,,,,,,15.3,79.605,295.228,2224.877,,2621.33,2266.945,2670.891,,,,,,29.075,0.0,,,0.0,29.075,0.0,0.0,,,2.298,3292.939,18.49,97.11,423.528,2714.151,3197.785,,,1216237830000.0,,30.314,1.349,8.768,37.694,,44.411,37.694,44.411,,20.96,2.89,13.995,80.765,34.256,95.156,,29.075,34.256,20.96,2.89,13.995,80.765,95.156,,,,,0.0,0.0,0.0,0.0,0.0,,35.999,16.157,119.532,451.578,,532.045,458.338,540.01,,0.0,,0.0,0.0,0.0,,,0.0,,848759680.0,2794.914,34.256,,20.96,2.89,13.995,80.765,95.156,,,0.0,0.0,0.0,0.0,0.0,,,0.0,0.0,0.0,0.0,0.0
CHN,China,1972,2.564,58.127,29.412,11.087,15.884,72.804,7.801,218.018,,,,,,,,,,5.755,78.094,128.046,2352.923,,2706.111,2325.071,2674.076,,,,,,32.951,0.0,,,0.0,32.951,0.0,0.0,,,2.442,3465.187,7.636,96.962,207.252,2921.403,3359.92,,,1233564930000.0,,29.412,1.619,11.087,48.781,,56.103,48.781,56.103,,13.33,3.038,10.766,91.531,37.897,105.27,,32.951,37.897,13.33,3.038,10.766,91.531,105.27,,,,,0.0,0.0,0.0,0.0,0.0,,15.085,17.249,68.119,519.696,,597.706,531.142,610.869,,0.0,,0.0,0.0,0.0,,,0.0,,869485952.0,3012.931,37.897,,13.33,3.038,10.766,91.531,105.27,,,0.0,0.0,0.0,0.0,0.0,,,0.0,0.0,0.0,0.0,0.0
CHN,China,1973,7.5,174.38,23.554,11.49,17.386,92.342,5.555,167.362,,,,,,,,,,1.31,74.954,30.82,2383.743,,2679.915,2499.452,2809.998,,,,,,36.827,0.0,,,0.0,36.827,0.0,0.0,,,2.383,3575.431,5.36,96.783,156.596,3077.999,3460.427,,,1334375220000.0,,23.554,1.895,11.49,60.27,,67.759,60.27,67.759,,11.762,3.217,10.766,102.297,41.402,115.007,,36.827,41.402,11.762,3.217,10.766,102.297,115.007,,,,,0.0,0.0,0.0,0.0,0.0,,21.991,19.935,114.287,633.983,,712.753,623.484,700.949,,0.0,,0.0,0.0,0.0,,,0.0,,889485376.0,3180.293,41.402,,11.762,3.217,10.766,102.297,115.007,,,0.0,0.0,0.0,0.0,0.0,,,0.0,0.0,0.0,0.0,0.0
CHN,China,1974,4.651,116.254,25.92,15.622,20.966,130.721,3.113,99.0,,,,,,,,,,-1.056,71.923,-25.179,2358.564,,2596.212,2615.705,2879.261,,,,,,41.675,0.0,,,0.0,41.675,0.0,0.0,,,2.398,3609.711,2.779,96.47,85.533,3163.532,3482.286,,,1367631650000.0,,25.92,2.314,15.622,75.892,,83.539,75.892,83.539,,13.165,3.53,13.467,115.764,45.874,127.428,,41.675,45.874,13.165,3.53,13.467,115.764,127.428,,,,,0.0,0.0,0.0,0.0,0.0,,14.999,22.233,95.09,729.073,,802.534,754.206,830.198,,0.0,,0.0,0.0,0.0,,,0.0,,908464192.0,3279.293,45.874,,13.165,3.53,13.467,115.764,127.428,,,0.0,0.0,0.0,0.0,0.0,,,0.0,0.0,0.0,0.0,0.0
CHN,China,1975,4.444,116.254,17.53,13.304,18.828,142.002,11.994,393.333,,,,,,,,,,12.705,72.379,299.647,2658.211,,2869.894,2731.959,2949.512,,,,,,43.611,0.0,,,0.0,43.611,0.0,0.0,,,2.514,3965.087,12.263,96.702,387.956,3551.488,3834.303,,,1460733630000.0,,17.53,2.429,13.304,89.196,,96.299,89.196,96.299,,4.645,3.298,5.377,121.141,47.083,130.788,,43.611,47.083,4.645,3.298,5.377,121.141,130.788,,,,,0.0,0.0,0.0,0.0,0.0,,10.288,21.894,75.005,804.078,,868.11,896.208,967.575,,0.0,,0.0,0.0,0.0,,,0.0,,926240896.0,3672.626,47.083,,4.645,3.298,5.377,121.141,130.788,,,0.0,0.0,0.0,0.0,0.0,,,0.0,0.0,0.0,0.0,0.0
CHN,China,1976,2.128,58.127,14.124,12.598,13.107,117.463,5.29,194.28,,,,,,,,,,2.444,70.422,64.954,2723.164,,2888.733,2790.086,2959.721,,,,,,44.194,0.0,,,0.0,44.194,0.0,0.0,,,2.735,4102.011,5.425,96.825,192.66,3744.148,3971.79,,,1413710515000.0,,14.124,2.632,12.598,101.794,,107.984,101.794,107.984,,1.338,3.175,1.62,122.761,46.881,130.225,,44.194,46.881,1.338,3.175,1.62,122.761,130.225,,,,,0.0,0.0,0.0,0.0,0.0,,14.316,23.771,115.108,919.186,,975.073,1013.671,1075.301,,0.0,,0.0,0.0,0.0,,,0.0,,942685440.0,3866.906,46.881,,1.338,3.175,1.62,122.761,130.225,,,0.0,0.0,0.0,0.0,0.0,,,0.0,0.0,0.0,0.0,0.0
CHN,China,1977,9.792,273.196,20.0,20.359,7.435,75.362,9.051,349.978,,,,,,,,,,10.002,71.037,272.375,2995.539,,3127.225,3063.282,3197.943,,,,,,46.134,0.0,,,0.0,46.134,0.0,0.0,,,2.824,4402.258,9.203,96.961,344.589,4088.737,4268.478,,,1493489265000.0,,20.0,2.897,20.359,122.153,,127.523,122.153,127.523,,4.39,3.039,5.389,128.15,48.162,133.784,,46.134,48.162,4.39,3.039,5.389,128.15,133.784,,,,,0.0,0.0,0.0,0.0,0.0,,5.641,23.027,51.855,971.042,,1013.729,1089.033,1136.907,,0.0,,0.0,0.0,0.0,,,0.0,,957891264.0,4216.885,48.162,,4.39,3.039,5.389,128.15,133.784,,,0.0,0.0,0.0,0.0,0.0,,,0.0,0.0,0.0,0.0,0.0
CHN,China,1978,12.524,383.637,13.284,16.227,11.117,121.068,9.661,407.402,,,,,,,,,,9.803,71.129,293.658,3289.197,,3383.235,3446.918,3545.463,,,,,,43.226,0.0,,,0.0,43.226,0.0,0.0,,,2.773,4756.491,10.162,97.403,415.48,4504.217,4632.989,,,1667551760000.0,,13.284,2.992,16.227,138.38,,142.336,138.38,142.336,,-6.303,2.597,-8.078,120.073,44.462,123.506,,43.226,44.462,-6.303,2.597,-8.078,120.073,123.506,,,,,0.0,0.0,0.0,0.0,0.0,,10.874,23.282,105.595,1076.637,,1107.418,1210.102,1244.697,,0.0,,0.0,0.0,0.0,,,0.0,,972205440.0,4624.286,44.462,,-6.303,2.597,-8.078,120.073,123.506,,,0.0,0.0,0.0,0.0,0.0,,,0.0,0.0,0.0,0.0,0.0
CHN,China,1979,2.867,98.816,5.681,7.861,2.018,24.423,3.002,138.838,,,,,,,,,,3.451,71.439,113.509,3402.705,,3450.56,3545.734,3595.597,,,,,,48.556,0.0,,,0.0,48.556,0.0,0.0,,,2.644,4830.107,2.754,97.168,124.033,4628.25,4693.336,,,1801380295000.0,,5.681,3.07,7.861,146.241,,148.298,146.241,148.298,,12.33,2.832,14.805,134.878,49.239,136.775,,48.556,49.239,12.33,2.832,14.805,134.878,136.775,,,,,0.0,0.0,0.0,0.0,0.0,,0.247,22.659,2.663,1079.3,,1094.478,1234.525,1251.885,,0.0,,0.0,0.0,0.0,,,0.0,,986132160.0,4763.124,49.239,,12.33,2.832,14.805,134.878,136.775,,,0.0,0.0,0.0,0.0,0.0,,,0.0,0.0,0.0,0.0,0.0
CHN,China,1980,14.258,505.553,-1.654,-2.419,-0.188,-2.326,1.956,93.164,,,,,,,,,,4.006,72.875,136.314,3539.019,,3538.706,4051.287,4050.925,,,,,,58.221,0.0,,,0.0,58.221,0.0,0.0,,,2.564,4855.855,1.433,96.67,66.317,4694.567,4694.147,,,1893783550000.0,,-1.654,2.962,-2.419,143.823,,143.81,143.823,143.81,,19.905,3.33,26.848,161.726,58.216,161.711,,58.221,58.216,19.905,3.33,26.848,161.726,161.711,,,,,0.0,0.0,0.0,0.0,0.0,,-6.261,20.833,-67.579,1011.721,,1011.632,1232.199,1232.088,,0.0,,0.0,0.0,0.0,,,0.0,,1000089280.0,4856.288,58.216,,19.905,3.33,26.848,161.726,161.711,,,0.0,0.0,0.0,0.0,0.0,,,0.0,0.0,0.0,0.0,0.0
CHN,China,1981,-10.779,-436.683,-10.722,-15.42,-4.464,-55.01,-1.345,-65.304,,,,,,,,,,-0.532,73.475,-18.824,3520.195,,3471.519,3614.604,3564.62,,,,,,65.513,0.0,,,0.0,65.513,0.0,0.0,,,2.457,4724.733,-1.823,96.202,-85.559,4609.007,4545.272,,,1949955282000.0,,-10.722,2.68,-15.42,128.402,,126.627,128.402,126.627,,12.525,3.798,20.256,181.981,64.607,179.465,,65.513,64.607,12.525,3.798,20.256,181.981,179.465,,,,,0.0,0.0,0.0,0.0,0.0,,-5.072,20.046,-51.315,960.406,,947.126,1177.189,1160.91,,0.0,,0.0,0.0,0.0,,,0.0,,1014022208.0,4790.985,64.607,,12.525,3.798,20.256,181.981,179.465,,,0.0,0.0,0.0,0.0,0.0,,,0.0,0.0,0.0,0.0,0.0
CHN,China,1982,7.191,259.931,-6.358,-8.164,0.889,10.467,4.419,211.716,,,,,,,,,,5.813,74.457,204.643,3724.838,,3623.566,3874.534,3769.189,,,,,,74.414,0.0,,,0.0,74.414,0.0,0.0,,,2.35,4866.681,4.057,95.868,186.992,4795.999,4665.6,,,2128597968000.0,,-6.358,2.403,-8.164,120.238,,116.969,120.238,116.969,,13.586,4.132,24.724,206.705,72.391,201.085,,74.414,72.391,13.586,4.132,24.724,206.705,201.085,,,,,0.0,0.0,0.0,0.0,0.0,,-0.988,19.008,-9.488,950.919,,925.065,1187.656,1155.364,,0.0,,0.0,0.0,0.0,,,0.0,,1027948992.0,5002.7,72.391,,13.586,4.132,24.724,206.705,201.085,,,0.0,0.0,0.0,0.0,0.0,,,0.0,0.0,0.0,0.0,0.0
CHN,China,1983,7.234,280.283,2.347,2.822,3.868,45.938,6.423,321.323,,,,,,,,,,7.092,74.925,264.167,3989.005,,3826.638,4154.818,3985.699,,,,,,86.417,0.0,,,0.0,86.417,0.0,0.0,,,2.336,5107.313,6.005,95.491,287.981,5083.98,4877.041,,,2278862376000.0,,2.347,2.311,2.822,123.06,,118.051,123.06,118.051,,16.13,4.509,33.342,240.047,82.899,230.276,,86.417,82.899,16.13,4.509,33.342,240.047,230.276,,,,,0.0,0.0,0.0,0.0,0.0,,2.208,18.255,20.992,971.911,,932.351,1233.594,1183.382,,0.0,,0.0,0.0,0.0,,,0.0,,1042431360.0,5324.023,82.899,,16.13,4.509,33.342,240.047,230.276,,,0.0,0.0,0.0,0.0,0.0,,,0.0,0.0,0.0,0.0,0.0
CHN,China,1984,10.455,434.381,1.802,2.217,8.051,99.32,7.297,388.469,,,,,,,,,,8.756,75.943,349.262,4338.266,,4099.778,4589.198,4336.911,,,,,,86.815,0.0,,,0.0,86.815,0.0,0.0,,,2.254,5398.453,7.619,95.779,387.365,5471.345,5170.563,,,2534000300000.0,,1.802,2.193,2.217,125.278,,118.391,125.278,118.391,,0.46,4.221,1.105,241.152,82.042,227.895,,86.815,82.042,0.46,4.221,1.105,241.152,227.895,,,,,0.0,0.0,0.0,0.0,0.0,,3.692,17.642,35.885,1007.796,,952.394,1332.914,1259.639,,0.0,,0.0,0.0,0.0,,,0.0,,1058172032.0,5712.492,82.042,,0.46,4.221,1.105,241.152,227.895,,,0.0,0.0,0.0,0.0,0.0,,,0.0,0.0,0.0,0.0,0.0
CHN,China,1985,10.53,483.226,4.023,5.039,8.978,119.673,8.157,465.98,,,,,,,,,63.465,9.174,76.658,397.998,4736.264,242.328,4403.417,5072.424,4715.949,,,260.645,318.302,0.972,92.388,0.0,56.685,,0.0,92.388,0.0,0.0,410.69,,2.245,5744.267,8.234,95.846,450.501,5921.846,5505.675,295.933,77.504,2752673760000.0,0.237,4.023,2.109,5.039,130.317,0.904,121.159,130.317,121.159,22.496,6.419,4.154,15.48,256.632,85.895,238.597,22.496,92.388,85.895,6.419,4.154,15.48,256.632,238.597,,,0.0,,0.0,0.0,0.0,0.0,0.0,13.802,4.71,17.08,47.463,1055.259,52.701,981.099,1452.587,1350.503,,0.0,,0.0,0.0,0.0,,0.0,0.0,381.828,1075589376.0,6178.473,85.895,22.496,6.419,4.154,15.48,256.632,238.597,0.0,,0.0,0.0,0.0,0.0,0.0,0.0,,0.0,0.0,0.0,0.0,0.0
CHN,China,1986,2.488,126.185,6.419,8.365,4.636,67.338,4.804,296.843,,,,,,,,,66.65,4.543,76.466,215.16,4951.424,273.613,4521.794,5198.61,4747.528,,,299.61,354.981,1.693,94.549,0.0,53.678,,0.0,94.549,0.0,0.0,449.53,,2.209,5913.454,4.911,95.944,290.84,6212.685,5673.612,324.18,78.967,2931538920000.0,0.377,6.419,2.142,8.365,138.682,1.546,126.649,138.682,126.649,21.033,2.339,4.056,6.003,262.635,86.345,239.847,21.033,94.549,86.345,2.339,4.056,6.003,262.635,239.847,,,0.0,,0.0,0.0,0.0,0.0,0.0,11.941,6.379,17.336,67.315,1122.574,49.02,1025.169,1519.925,1388.041,,0.0,,0.0,0.0,0.0,,0.0,0.0,410.524,1095014144.0,6475.315,86.345,21.033,2.339,4.056,6.003,262.635,239.847,0.0,,0.0,0.0,0.0,0.0,0.0,0.0,,0.0,0.0,0.0,0.0,0.0
CHN,China,1987,3.814,198.292,0.945,1.31,2.64,40.123,7.842,507.82,,,,,,,,,68.346,8.499,76.932,420.818,5372.242,304.51,4813.429,5396.902,4835.52,,,339.862,397.243,2.737,100.024,0.0,54.644,,0.0,100.024,0.0,0.0,497.267,,2.198,6256.754,7.929,96.021,492.61,6705.295,6007.815,355.922,79.885,3177306585000.0,0.55,0.945,2.005,1.31,139.993,2.452,125.431,139.993,125.431,20.115,5.791,3.979,15.21,277.845,89.62,248.944,20.115,100.024,89.62,5.791,3.979,15.21,277.845,248.944,,,0.0,,0.0,0.0,0.0,0.0,0.0,10.989,6.279,17.085,70.482,1193.056,48.96,1068.956,1560.048,1397.773,,0.0,,0.0,0.0,0.0,,0.0,0.0,445.542,1116095488.0,6983.135,89.62,20.115,5.791,3.979,15.21,277.845,248.944,0.0,,0.0,0.0,0.0,0.0,0.0,0.0,,0.0,0.0,0.0,0.0,0.0
CHN,China,1988,5.581,301.217,2.664,3.729,2.169,33.843,7.413,517.657,,,,,,,,,68.534,7.427,76.942,398.982,5771.224,328.421,5072.607,5698.118,5008.347,,,373.653,436.042,2.053,109.168,0.0,60.336,,0.0,109.168,0.0,0.0,545.21,,2.236,6592.803,7.341,95.957,492.258,7197.554,6326.272,383.258,79.977,3354463350000.0,0.377,2.664,1.916,3.729,143.722,1.804,126.324,143.722,126.324,20.023,9.142,4.043,25.399,303.245,95.953,266.536,20.023,109.168,95.953,9.142,4.043,25.399,303.245,266.536,,,0.0,,0.0,0.0,0.0,0.0,0.0,11.067,7.506,17.1,89.547,1282.603,53.032,1127.341,1593.892,1400.947,,0.0,,0.0,0.0,0.0,,0.0,0.0,479.211,1137724288.0,7500.793,95.953,20.023,9.142,4.043,25.399,303.245,266.536,0.0,,0.0,0.0,0.0,0.0,0.0,0.0,,0.0,0.0,0.0,0.0,0.0
CHN,China,1989,7.582,432.055,5.533,7.952,0.43,6.862,4.931,369.868,,,,,,,,,69.264,4.777,76.828,275.678,6046.902,349.685,5220.243,6130.173,5292.126,,,405.06,466.401,3.709,118.409,0.0,57.632,,0.0,118.409,0.0,0.0,584.81,,2.328,6794.674,4.782,95.821,344.199,7541.752,6510.73,402.64,79.753,3380560300000.0,0.634,5.533,1.927,7.952,151.674,3.202,130.939,151.674,130.939,20.247,8.465,4.179,25.669,328.914,102.221,283.949,20.247,118.409,102.221,8.465,4.179,25.669,328.914,283.949,,,0.0,,0.0,0.0,0.0,0.0,0.0,9.855,4.722,17.066,60.568,1343.171,49.753,1159.549,1600.753,1381.917,,0.0,,0.0,0.0,0.0,,0.0,0.0,504.861,1158357376.0,7870.66,102.221,20.247,8.465,4.179,25.669,328.914,283.949,0.0,,0.0,0.0,0.0,0.0,0.0,0.0,,0.0,0.0,0.0,0.0,0.0
CHN,China,1990,2.436,149.347,1.655,2.51,0.487,7.792,1.294,101.864,,,,0.0,,0.0,0.0,,71.032,1.449,76.946,87.615,6134.517,374.932,5212.514,6279.52,5335.719,,,441.251,494.388,2.771,126.744,0.0,50.366,,0.064,126.812,0.002,0.002,621.2,,2.355,6774.268,1.041,95.582,78.522,7620.275,6474.961,420.082,79.586,3385121670000.0,0.446,1.655,1.934,2.51,154.183,2.355,131.01,154.183,131.01,20.403,7.039,4.416,23.153,352.067,107.695,299.152,20.414,126.812,107.752,7.097,4.418,23.342,352.256,299.312,,,0.0,,0.0,0.0,0.0,0.0,0.0,8.108,-0.864,16.702,-11.602,1331.568,42.796,1131.437,1608.545,1366.784,,0.054,,0.002,0.178,0.178,,0.01,0.151,527.835,1176883584.0,7972.524,107.752,20.414,7.097,4.418,23.342,352.256,299.312,0.0,,0.0,0.006,0.006,0.002,0.005,0.0,,0.0,0.006,0.006,0.002,0.005
CHN,China,1991,0.697,43.746,1.255,1.935,1.938,31.168,5.058,403.257,,,,0.0,0.0,0.0,0.0,,73.564,4.873,76.81,298.911,6433.428,417.835,5393.116,6323.266,5300.763,,,498.434,552.786,2.429,124.689,0.0,51.923,,0.064,124.764,0.002,0.009,677.55,,2.387,7021.376,5.367,95.862,408.946,8029.22,6730.857,463.398,81.586,3508947838839.0,0.358,1.255,1.864,1.935,156.118,2.036,130.873,156.118,130.873,18.403,-1.621,4.135,-5.708,346.358,104.526,290.351,18.414,124.764,104.589,-1.615,4.138,-5.689,346.567,290.525,,,0.0,,0.0,0.0,0.0,0.0,0.0,7.663,8.118,17.188,108.1,1439.668,43.527,1206.867,1639.714,1374.564,,0.054,0.0,0.002,0.0,0.178,,0.009,0.149,567.987,1192897280.0,8375.781,104.589,18.414,-1.615,4.138,-5.689,346.567,290.525,0.0,0.0,0.0,0.0,0.006,0.002,0.005,0.001,350.0,0.0,0.02,0.025,0.008,0.021
CHN,China,1992,2.665,168.484,1.937,3.024,0.745,12.211,5.306,444.443,,,,0.0,0.0,0.0,0.0,,75.249,4.633,76.319,298.07,6731.497,470.145,5578.387,6491.75,5379.704,,,567.33,623.007,2.467,130.686,0.0,53.21,,0.113,130.933,0.003,0.131,753.94,,2.349,7309.308,5.322,95.876,427.307,8456.527,7007.913,516.285,82.633,3755037488097.0,0.327,1.937,1.804,3.024,159.142,2.044,131.881,159.142,131.881,17.334,4.81,4.116,16.659,363.017,108.299,300.832,17.367,130.933,108.504,4.945,4.124,17.137,363.704,301.401,,,0.0,,0.0,0.0,0.0,0.0,0.0,7.058,8.767,17.753,126.214,1565.881,44.095,1297.645,1651.925,1368.948,,0.094,76.562,0.004,0.136,0.314,,0.015,0.26,624.789,1206711296.0,8820.224,108.504,17.367,4.945,4.124,17.137,363.704,301.401,0.0,50.0,0.0,0.003,0.008,0.002,0.007,0.017,1344.589,0.004,0.34,0.365,0.109,0.302
CHN,China,1993,3.072,199.396,6.175,9.827,1.401,23.144,7.675,676.947,,,,0.0,0.0,0.0,0.0,,72.602,6.519,75.5,438.86,7170.357,483.443,5883.051,6691.146,5489.869,,,589.228,657.806,3.124,151.846,1.604,65.454,,0.117,152.179,0.004,0.212,811.59,,2.302,7792.122,7.254,95.502,613.475,9070.002,7441.644,539.709,81.052,4126169580711.0,0.385,6.175,1.779,9.827,168.969,2.563,138.634,168.969,138.633,18.71,16.192,4.441,58.778,421.795,124.585,346.069,18.948,153.783,126.174,17.452,4.498,63.472,427.176,350.484,,,0.198,,0.047,4.456,4.456,1.316,3.656,8.065,10.524,18.223,164.788,1730.67,53.703,1419.96,1675.069,1374.34,,0.096,3.54,0.003,0.011,0.325,,0.014,0.267,665.883,1218817024.0,9497.171,124.858,18.751,16.226,4.451,59.016,422.721,346.829,0.0,33.333,0.0,0.003,0.011,0.003,0.009,0.026,61.538,0.006,0.224,0.589,0.174,0.483
CHN,China,1994,7.755,518.878,4.736,8.002,1.423,23.841,6.149,584.015,,,,0.0,0.0,0.0,0.0,,74.737,6.573,75.801,471.311,7641.667,563.738,6212.642,7210.024,5861.713,,,693.408,744.761,3.154,167.429,14.756,48.199,,0.46,168.278,0.005,0.384,927.8,,2.271,8195.953,5.543,94.957,502.764,9572.766,7782.61,605.487,80.272,4438753432049.0,0.34,4.736,1.755,8.002,176.971,2.564,143.877,176.971,143.877,18.046,10.262,4.613,43.286,465.081,136.119,378.108,19.728,183.034,148.806,19.021,5.043,81.252,508.428,413.349,,,1.59,819.95,0.407,36.533,40.989,11.997,33.324,5.195,1.355,17.4,23.451,1754.12,39.186,1426.092,1698.91,1381.206,,0.374,293.162,0.013,0.953,1.278,,0.05,1.039,754.297,1230019968.0,10081.186,136.809,18.137,10.579,4.637,44.718,467.439,380.025,0.001,25.0,0.0,0.003,0.014,0.004,0.011,0.041,80.952,0.011,0.477,1.066,0.312,0.867
CHN,China,1995,9.745,702.626,2.227,3.941,2.013,34.192,3.073,309.769,,,,0.0,0.0,0.0,0.0,,73.671,1.246,74.458,95.183,7736.851,597.851,6234.773,7912.651,6376.437,,,741.886,799.979,2.999,190.58,12.833,55.094,,3.014,194.217,0.007,0.616,1007.03,,2.16,8373.587,2.539,94.465,243.057,9815.824,7910.115,644.666,79.439,4810000052949.0,0.298,1.031,1.721,1.824,178.795,2.417,144.083,180.912,145.789,18.925,13.827,5.095,64.308,529.389,153.58,426.61,20.56,207.05,166.852,13.121,5.535,66.712,575.14,463.478,,,1.274,-13.032,0.343,-5.342,35.647,10.342,28.726,5.471,8.326,18.287,146.05,1900.17,44.398,1531.26,1733.103,1396.627,,2.429,555.217,0.081,7.094,8.372,,0.299,6.747,811.519,1240920448.0,10390.955,156.511,19.286,15.415,5.192,72.054,539.493,434.752,0.001,40.0,0.0,0.006,0.019,0.006,0.016,0.061,60.526,0.016,0.645,1.712,0.497,1.379
CHN,China,1996,2.643,209.156,12.056,21.81,6.375,110.485,5.208,541.177,,,,0.0,0.0,0.0,0.0,,76.221,4.634,74.051,358.539,8095.39,658.485,6467.851,8121.807,6488.952,,,824.184,877.363,2.828,187.97,14.338,50.351,,1.533,189.606,0.009,0.094,1081.31,,2.132,8734.274,5.601,94.818,549.806,10365.629,8281.664,700.973,81.139,5127589667244.0,0.262,4.791,1.714,8.567,187.362,2.259,149.694,202.722,161.966,17.384,-1.37,4.776,-7.25,522.139,150.179,417.165,18.861,203.944,162.942,-1.5,5.182,-8.628,566.511,452.617,,,1.326,11.728,0.364,4.181,39.828,11.455,31.821,4.656,9.615,19.053,182.7,2082.869,40.228,1664.119,1843.588,1472.942,,1.225,-49.137,0.039,-4.114,4.258,,0.142,3.402,863.917,1251636096.0,10932.132,151.486,17.535,-2.374,4.818,-12.809,526.684,420.796,0.001,28.571,0.0,0.006,0.025,0.007,0.02,0.009,-84.754,0.002,-1.451,0.261,0.075,0.208
CHN,China,1997,-0.656,-53.313,12.872,26.094,1.016,18.724,0.582,63.621,,,,0.0,0.0,0.0,0.0,,76.353,-2.019,72.136,-163.477,7931.912,687.028,6285.217,8068.495,6393.439,,,867.027,922.219,8.077,195.98,14.418,47.115,,2.722,198.911,0.011,0.198,1135.55,,2.078,8712.986,0.362,94.611,37.552,10403.181,8243.434,730.762,81.213,5291338890182.0,0.711,5.67,1.801,10.623,197.985,6.4,156.883,228.816,181.313,17.259,4.261,4.951,22.25,544.389,155.294,431.372,18.786,213.329,169.041,4.602,5.389,26.07,592.581,469.559,,,1.27,0.558,0.364,0.222,40.05,11.425,31.735,4.149,9.142,20.674,190.406,2273.275,37.334,1801.334,1862.312,1475.688,,2.157,77.56,0.069,3.303,7.561,,0.24,5.991,899.805,1261996032.0,10995.753,157.616,17.517,4.908,5.025,25.847,552.531,437.823,0.001,22.222,0.0,0.006,0.031,0.009,0.024,0.017,110.753,0.005,0.289,0.55,0.157,0.436
CHN,China,1998,-4.0,-322.748,2.537,5.805,0.031,0.582,0.137,15.056,,,,0.0,0.0,0.0,0.0,,76.407,-0.759,71.491,-60.196,7871.717,701.011,6188.547,7745.746,6089.508,,,891.674,951.158,6.092,198.89,14.1,53.392,,2.48,201.74,0.014,0.356,1167.0,,2.062,8656.417,0.078,94.555,8.082,10411.263,8185.069,747.776,81.505,5338703047530.0,0.522,3.121,1.854,6.178,204.163,4.789,160.508,234.621,184.453,17.043,1.485,5.018,8.083,552.473,156.362,434.34,18.495,215.84,169.688,1.177,5.445,6.974,599.555,471.355,,,1.208,-2.206,0.356,-0.883,39.167,11.085,30.792,4.575,2.732,21.21,62.1,2335.375,41.975,1836.013,1862.893,1464.559,,1.95,-8.891,0.063,-0.672,6.889,,0.213,5.416,917.466,1271982336.0,11010.809,158.602,17.287,1.422,5.089,7.857,560.388,440.563,0.001,27.273,0.0,0.008,0.039,0.011,0.031,0.03,79.592,0.009,0.438,0.988,0.28,0.776
CHN,China,1999,2.4,185.898,8.243,19.341,0.025,0.465,3.505,385.968,,,,0.0,0.0,0.0,0.0,,78.245,2.888,71.064,227.316,8099.033,756.67,6319.895,7931.644,6189.272,,,969.684,1024.758,4.813,196.58,14.949,50.261,,2.52,199.591,0.017,0.474,1239.3,,2.043,8893.207,3.742,94.771,389.579,10800.842,8428.183,799.646,82.688,5578502931607.0,0.388,6.107,1.901,12.467,216.631,3.756,169.043,253.962,198.173,15.862,-1.161,4.791,-6.417,546.056,153.397,426.102,17.311,214.54,167.411,-0.602,5.229,-3.611,595.944,465.031,,,1.206,6.021,0.364,2.358,41.525,11.665,32.403,4.056,6.414,21.806,149.795,2485.169,39.22,1939.245,1863.359,1454.028,,1.966,1.613,0.061,0.111,7.0,,0.203,5.462,967.059,1281514880.0,11396.777,155.746,16.105,-1.065,4.865,-5.969,554.419,432.628,0.001,21.429,0.0,0.008,0.047,0.013,0.037,0.038,33.239,0.012,0.328,1.316,0.37,1.027
CHN,China,2000,3.713,294.467,7.945,20.177,1.498,27.912,3.473,395.768,0.187,1.968,,0.0,0.0,0.0,0.0,672.366,78.213,1.387,69.632,112.374,8211.406,821.556,6362.72,8226.112,6374.109,1346.85,2.54,1060.26,1113.3,5.77,222.41,16.74,47.27,,2.537,225.559,0.02,0.59,1355.6,911.46,1.981,9137.606,2.95,94.293,318.668,11119.51,8616.096,862.655,82.126,5952682333616.0,0.426,13.999,2.094,30.327,246.957,4.471,191.358,274.14,212.421,16.407,13.14,5.239,71.75,617.806,172.337,478.715,17.874,242.296,187.746,12.938,5.707,77.101,673.045,521.517,-0.65,-8.75,1.235,11.961,0.394,4.967,46.492,12.971,36.025,3.487,7.081,22.566,175.968,2661.137,36.628,2062.018,1891.271,1465.476,,1.966,0.675,0.06,0.047,7.047,,0.187,5.461,1050.404,1290550784.0,11792.545,174.777,16.639,13.011,5.313,72.134,626.553,485.493,0.001,29.412,0.001,0.014,0.061,0.015,0.047,0.044,24.52,0.014,0.323,1.639,0.457,1.27
CHN,China,2001,5.946,489.118,11.504,31.536,1.359,25.702,5.626,663.507,0.172,1.963,,0.0,0.0,0.0,0.0,654.88,76.253,5.168,69.33,424.349,8635.755,869.151,6647.344,8715.23,6708.514,1472.19,2.55,1129.14,1182.59,4.93,277.43,17.47,48.52,,2.554,280.734,0.03,0.72,1480.79,969.74,1.968,9587.997,4.619,93.393,513.58,11633.089,8954.525,910.294,79.862,6329737195923.0,0.333,11.945,2.219,29.5,276.458,3.795,212.802,305.676,235.293,18.735,23.928,6.147,147.829,765.635,213.551,589.345,20.138,298.206,229.543,22.276,6.607,149.928,822.972,633.48,-0.584,-8.6,1.18,3.714,0.387,1.727,48.218,13.447,37.116,3.277,2.245,21.844,59.731,2720.868,37.348,2094.379,1916.973,1475.582,,1.966,0.016,0.057,0.001,7.048,,0.172,5.425,1139.832,1299129728.0,12456.052,216.094,18.958,23.653,6.22,148.201,774.754,596.364,0.002,39.994,0.001,0.024,0.086,0.023,0.066,0.049,21.126,0.016,0.346,1.985,0.554,1.528
CHN,China,2002,6.794,592.092,7.689,23.503,1.235,23.679,8.937,1113.15,0.154,1.951,,0.013,1.7,1.7,1.3,663.277,77.544,9.631,69.772,831.703,9467.458,981.044,7241.71,9307.322,7119.215,1645.6,2.55,1282.57,1337.46,4.19,287.97,25.13,50.7,,2.546,291.401,0.05,0.84,1654.0,1097.06,1.991,10379.148,9.168,93.591,1066.522,12699.612,9713.994,1023.03,80.862,6814493761716.0,0.253,6.394,2.168,17.678,294.136,3.205,224.986,329.179,251.791,17.411,3.129,5.819,23.96,789.596,220.27,603.966,19.137,316.528,242.114,5.666,6.409,46.629,869.601,665.162,-0.51,-8.4,1.519,42.885,0.508,20.678,68.897,19.222,52.699,3.065,7.981,21.652,217.141,2938.008,38.781,2247.299,1940.652,1484.414,,1.947,-0.956,0.051,-0.067,6.981,,0.154,5.34,1265.153,1307352192.0,13569.202,222.894,17.618,3.349,5.901,25.95,800.704,612.463,0.003,53.84,0.001,0.046,0.132,0.038,0.101,0.051,15.681,0.017,0.311,2.296,0.643,1.756
CHN,China,2003,18.125,1686.98,7.207,23.725,1.629,31.622,16.453,2232.545,0.133,1.931,176.0,0.03,2.992,4.692,3.567,677.915,79.555,19.177,71.404,1815.602,11283.059,1155.604,8578.299,10994.302,8358.756,1903.22,2.54,1519.97,1579.96,5.16,283.68,43.34,54.83,,2.536,287.277,0.06,1.0,1910.58,1295.21,2.18,12013.764,17.298,94.27,2196.731,14896.342,11325.403,1201.213,82.695,7248622636565.0,0.27,16.187,2.163,47.612,341.747,3.923,259.824,352.904,268.306,14.848,-2.121,4.891,-16.749,772.847,215.676,587.581,17.305,330.619,251.363,4.119,5.73,35.816,905.417,688.371,-0.387,-7.36,2.268,71.386,0.747,49.183,118.079,32.951,89.773,2.87,11.352,20.704,333.516,3271.524,41.686,2487.279,1972.274,1499.482,,1.928,-1.031,0.044,-0.072,6.909,,0.133,5.253,1452.577,1315303552.0,15801.747,218.411,15.036,-1.669,4.983,-13.366,787.338,598.598,0.003,32.479,0.001,0.043,0.174,0.046,0.133,0.052,18.296,0.017,0.42,2.716,0.76,2.065
CHN,China,2004,17.095,1879.428,18.406,64.957,2.633,51.94,16.983,2683.535,0.115,1.912,26.113,0.032,1.225,5.917,4.472,667.9,78.174,16.593,71.166,1872.223,13155.28,1301.821,9942.894,12873.73,9730.088,2197.23,2.53,1722.42,1795.41,7.46,353.54,50.47,65.53,,2.528,357.426,0.08,1.28,2203.31,1471.59,2.361,13971.352,16.641,93.995,2478.863,17375.205,13132.346,1356.988,81.487,7830953031578.0,0.339,16.999,2.163,58.092,399.84,5.638,302.203,417.861,315.824,16.046,23.834,5.177,184.2,957.047,267.209,723.345,18.513,407.895,308.291,22.606,6.005,204.674,1110.092,839.018,-0.277,-6.08,2.291,15.702,0.739,18.541,136.62,38.146,103.259,2.974,16.767,20.665,548.548,3820.072,49.528,2887.249,2024.213,1529.92,,1.911,-0.95,0.037,-0.066,6.843,,0.115,5.172,1665.283,1323084672.0,18485.282,270.146,16.222,23.641,5.266,186.134,973.472,735.759,0.004,17.994,0.001,0.031,0.206,0.06,0.155,0.058,27.35,0.019,0.743,3.459,0.967,2.614
CHN,China,2005,12.174,1567.26,18.958,79.218,4.195,84.921,13.606,2515.162,0.213,3.998,40.463,0.04,2.394,8.311,6.245,670.506,79.198,17.102,73.356,2249.828,15405.106,1487.966,11576.039,14440.99,10851.553,2494.08,5.32,1980.15,2042.8,12.14,397.02,53.09,50.51,,5.322,404.369,0.08,1.95,2500.26,1676.44,2.441,15780.596,13.735,94.101,2386.442,19761.647,14849.714,1535.044,81.704,8602939916574.0,0.486,17.485,2.237,69.911,469.751,9.122,352.991,497.08,373.526,15.879,11.586,5.085,110.88,1067.926,298.337,802.484,18.296,457.457,343.752,11.596,5.899,128.722,1238.814,930.896,-0.248,-6.18,2.123,4.524,0.68,6.18,142.8,39.894,107.306,2.02,1.746,18.508,66.703,3886.775,37.955,2920.684,2109.134,1584.89,,3.999,109.19,0.068,7.472,14.316,,0.213,10.757,1878.798,1330776320.0,21000.444,303.86,16.173,12.588,5.219,122.542,1096.014,823.59,0.003,9.827,0.001,0.02,0.226,0.06,0.17,0.078,51.336,0.025,1.776,5.235,1.465,3.934
CHN,China,2006,6.984,1008.564,18.721,93.056,1.882,39.691,9.635,2023.437,0.249,5.327,44.574,0.052,3.705,12.016,8.978,676.615,80.344,9.823,73.482,1513.277,16918.382,1720.267,12640.681,15449.554,11543.227,2858.84,7.13,2302.42,2364.16,23.82,435.79,54.84,37.92,,7.133,446.726,0.09,3.71,2865.72,1938.99,2.426,17202.431,9.663,94.125,1909.564,21671.211,16191.775,1766.396,82.498,9489543138171.0,0.831,23.009,2.51,108.087,577.838,17.797,431.735,590.136,440.924,15.207,9.075,5.059,96.911,1164.838,325.603,870.315,17.502,501.569,374.75,9.192,5.875,113.875,1352.688,1010.669,-0.241,-6.88,1.914,2.656,0.637,3.793,146.593,40.974,109.528,1.323,7.415,18.133,288.2,4174.974,28.332,3119.36,2148.825,1605.508,,5.329,33.186,0.083,4.751,19.066,,0.249,14.245,2141.14,1338408576.0,23023.881,333.774,15.589,10.044,5.238,110.082,1206.095,901.141,0.003,12.384,0.001,0.028,0.254,0.067,0.19,0.129,89.535,0.043,4.687,9.922,2.772,7.413
CHN,China,2007,8.345,1289.311,18.252,107.711,0.84,18.056,8.686,1999.901,0.3,7.325,7.992,0.052,0.96,12.976,9.641,679.41,80.959,8.899,73.626,1505.532,18423.913,1973.783,13687.973,16738.865,12436.063,3271.23,9.86,2656.7,2718.7,33.91,485.26,62.13,28.09,,9.863,500.72,0.11,5.48,3281.54,2229.51,2.416,18591.305,8.511,93.974,1844.542,23515.753,17470.922,2019.846,82.848,10358205936544.0,1.033,23.007,2.84,132.942,710.779,25.193,528.07,697.847,518.462,14.788,10.658,5.151,124.146,1288.984,360.522,957.644,17.152,562.85,418.167,11.485,6.026,155.36,1508.048,1120.398,-0.315,-10.31,1.893,12.579,0.66,18.44,165.033,46.159,122.61,0.856,4.936,17.508,206.068,4381.043,20.869,3254.878,2166.881,1609.874,,7.328,37.409,0.105,7.132,26.199,,0.301,19.464,2438.005,1345993856.0,25023.782,372.008,15.259,11.352,5.367,136.92,1343.015,997.787,0.003,19.25,0.001,0.049,0.303,0.082,0.225,0.167,46.695,0.058,4.633,14.554,4.071,10.813
CHN,China,2008,3.647,610.418,15.973,111.47,2.212,47.932,3.73,933.392,0.425,10.986,28.006,0.064,3.634,16.61,12.271,649.673,77.491,1.585,72.103,292.008,18715.921,2001.308,13827.096,17349.283,12817.43,3482.96,14.87,2708.91,2762.29,34.57,636.96,68.39,18.81,,14.866,665.078,0.15,13.1,3495.76,2271.1,2.404,19176.831,2.078,92.477,488.646,24004.399,17734.146,2040.745,79.018,10799148330075.0,0.989,15.272,3.156,108.55,819.329,25.54,605.31,809.317,597.913,18.221,30.445,6.478,392.434,1681.417,470.578,1242.21,20.982,733.472,541.88,29.492,7.523,444.747,1952.796,1442.701,-0.368,-12.8,1.956,9.398,0.696,15.51,180.543,50.526,133.383,0.538,2.011,17.217,88.088,4469.13,13.897,3301.739,2214.813,1636.275,,10.983,49.789,0.151,13.044,39.243,,0.425,28.992,2582.623,1353569536.0,25957.174,491.351,19.025,31.961,6.828,429.237,1772.252,1309.318,0.004,32.505,0.002,0.098,0.401,0.111,0.296,0.375,137.597,0.133,20.026,34.581,9.678,25.548
CHN,China,2009,3.09,536.069,6.188,50.081,-0.499,-11.044,4.371,1134.537,0.562,15.325,18.95,0.073,3.148,19.758,14.515,658.037,78.38,4.754,72.368,889.681,19605.601,2138.984,14403.51,17885.352,13139.696,3703.26,20.86,2911.52,2980.2,56.56,615.64,70.05,12.12,,20.859,664.397,0.28,27.61,3714.64,2444.37,2.341,19903.262,4.752,92.815,1140.783,25145.182,18473.22,2189.441,80.229,11572543696066.0,1.523,10.119,3.33,82.911,902.24,41.553,662.843,859.397,631.367,16.573,-3.943,5.962,-66.301,1615.117,452.288,1186.566,19.772,734.448,539.571,-0.32,7.185,-6.244,1946.551,1430.058,-0.307,-11.38,1.886,1.79,0.678,3.231,183.774,51.463,135.012,0.326,3.763,17.117,168.19,4637.32,8.904,3406.867,2203.769,1619.026,,15.325,39.449,0.202,15.481,54.724,,0.562,40.203,2729.006,1361169408.0,27091.711,488.108,17.886,-0.535,6.507,-9.475,1762.777,1295.046,0.008,82.42,0.003,0.331,0.732,0.206,0.538,0.743,109.5,0.267,37.866,72.447,20.284,53.224
CHN,China,2010,8.286,1481.897,12.34,106.048,7.137,157.284,6.931,1877.782,0.595,18.191,-0.471,0.068,-0.093,19.665,14.366,650.611,77.224,3.747,70.213,734.675,20340.276,2362.343,14859.829,19367.249,14148.962,4173.8,24.9,3233.6,3326.19,77.73,711.38,74.74,14.86,,24.9,786.384,0.7,49.4,4187.31,2724.31,2.253,21163.989,6.202,92.182,1559.4,26704.582,19509.333,2429.986,79.435,12858807596962.0,1.856,20.671,3.758,186.5,1088.741,56.787,795.392,965.445,705.317,16.989,14.842,6.403,239.718,1854.835,519.707,1355.07,20.565,861.126,629.105,16.356,7.818,318.383,2264.934,1654.673,-0.324,-13.51,1.785,6.043,0.673,11.106,194.88,54.602,142.372,0.355,13.763,18.211,638.225,5275.544,10.856,3854.111,2361.053,1724.894,,18.191,18.64,0.224,10.2,64.924,,0.595,47.431,3059.086,1368810624.0,28969.493,574.502,18.78,17.431,7.146,307.277,2070.054,1512.301,0.017,149.713,0.006,1.096,1.828,0.511,1.335,1.18,77.789,0.445,56.356,128.803,36.09,94.098
CHN,China,2011,11.193,2167.818,9.965,96.211,-0.068,-1.611,7.913,2292.45,0.589,20.073,10.675,0.07,2.099,21.764,15.811,663.596,78.674,8.857,70.827,1801.531,22141.805,2681.349,16085.623,21535.067,15644.827,4678.61,27.63,3690.87,3811.77,108.77,688.04,87.2,12.13,,27.632,792.387,2.61,74.1,4691.35,3113.16,2.286,22711.221,8.449,92.639,2256.202,28960.784,21039.472,2769.18,81.251,13673158858296.0,2.319,24.146,4.324,262.888,1351.629,79.019,981.934,1061.656,771.273,14.666,-3.87,5.704,-71.79,1783.045,499.848,1295.349,18.749,879.587,639.004,1.6,7.361,36.249,2301.183,1671.767,-0.272,-12.74,1.859,15.956,0.723,31.096,225.976,63.349,164.167,0.259,3.635,17.489,191.783,5467.327,8.812,3971.915,2359.442,1714.091,,20.074,10.294,0.229,6.683,71.607,,0.589,52.021,3408.179,1376497664.0,31261.943,575.654,16.89,0.249,6.638,5.153,2075.207,1507.6,0.056,270.055,0.022,4.936,6.764,1.896,4.914,1.58,49.087,0.614,63.225,192.028,53.832,139.504
CHN,China,2012,1.181,254.236,5.004,53.125,2.269,53.527,4.004,1251.664,0.607,21.767,17.076,0.078,3.716,25.48,18.408,637.237,75.458,1.257,68.956,278.429,22420.234,2707.826,16197.189,21789.303,15741.369,4956.48,30.13,3748.19,3869.38,110.25,862.79,98.32,10.94,,30.133,999.572,3.59,103.05,4967.26,3165.32,2.264,23488.989,2.415,91.224,699.468,29660.252,21427.624,2795.378,77.898,14358127033560.0,2.22,11.626,4.64,157.147,1508.776,79.649,1089.994,1114.781,805.357,17.37,24.638,6.835,439.305,2222.35,623.31,1605.505,22.103,1097.89,793.155,23.996,8.776,552.198,2853.381,2061.384,-0.217,-10.78,1.979,12.067,0.779,27.269,253.245,71.03,182.953,0.22,4.827,17.627,263.892,5731.219,7.903,4140.44,2412.969,1743.215,,21.769,8.39,0.239,6.008,77.615,,0.607,56.072,3588.526,1384206336.0,32513.607,722.126,20.123,25.295,7.997,524.929,2600.136,1878.431,0.072,36.886,0.028,2.495,9.259,2.594,6.689,2.075,38.226,0.816,73.404,265.432,74.447,191.757
CHN,China,2013,1.124,244.833,9.269,103.326,1.196,28.857,3.704,1204.332,0.686,26.676,22.14,0.092,5.641,31.122,22.36,636.225,75.386,2.141,67.917,480.086,22900.319,2929.391,16452.77,22034.136,15830.446,5397.41,37.13,4077.37,4203.77,116.39,909.61,111.5,10.01,,37.133,1093.383,8.37,138.26,5408.64,3441.11,2.203,24224.686,3.175,90.759,941.796,30602.048,21986.072,3020.203,77.723,15304426254912.0,2.152,13.919,5.098,210.01,1718.785,83.621,1234.864,1218.107,875.15,16.818,4.791,6.907,106.478,2328.828,653.51,1673.149,22.277,1204.884,865.65,9.201,9.241,262.537,3115.918,2238.634,-0.208,-11.23,2.062,12.725,0.847,32.225,285.469,80.107,205.096,0.185,4.392,17.744,251.7,5982.919,7.192,4298.437,2441.826,1754.333,,26.678,22.488,0.282,17.454,95.07,,0.687,68.303,3885.843,1391883392.0,33717.939,785.542,20.215,8.858,8.394,230.312,2830.449,2033.539,0.155,131.56,0.064,12.181,21.439,6.013,15.403,2.556,33.364,1.05,88.558,353.99,99.333,254.324
CHN,China,2014,-1.604,-353.373,7.692,93.701,0.7,17.093,2.833,955.301,0.802,33.063,17.732,0.106,5.519,36.64,26.182,616.999,72.865,0.063,66.087,14.341,22914.66,3003.357,16374.014,21680.763,15492.302,5756.9,46.27,4203.06,4345.86,133.28,1059.69,133.22,9.52,,46.268,1289.235,23.51,159.76,5768.31,3559.04,2.138,24776.264,1.355,89.454,414.563,31016.611,22163.367,3105.397,75.34,16220856758000.0,2.311,9.591,5.433,164.846,1883.631,95.237,1345.977,1311.809,937.372,18.371,15.802,7.778,367.994,2696.822,757.217,1927.053,24.66,1422.452,1016.434,17.354,10.546,540.739,3656.657,2612.917,-0.198,-11.41,2.31,18.761,0.978,53.558,339.027,95.194,242.257,0.165,3.934,17.934,235.376,6218.295,6.803,4443.376,2458.919,1757.056,,33.062,23.855,0.34,22.679,117.749,,0.802,84.139,4121.829,1399453952.0,34673.24,921.241,22.35,17.212,9.568,487.181,3317.63,2370.66,0.408,179.098,0.173,38.397,59.836,16.799,42.757,2.77,14.857,1.173,52.592,406.582,114.159,290.529
CHN,China,2015,-1.876,-406.803,3.421,44.88,1.481,36.414,1.37,475.067,0.934,38.433,-25.889,0.077,-9.486,27.154,19.302,596.361,69.909,-1.886,63.965,-432.221,22482.439,2876.054,15980.731,21273.959,15121.72,5775.36,54.07,4046.17,4222.76,166.91,1114.52,171.38,9.68,,54.07,1393.658,39.48,185.59,5787.8,3451.62,2.103,24983.73,0.469,88.659,145.399,31162.01,22150.234,3001.575,72.96,16710945546908.0,2.884,3.359,5.539,63.264,1946.895,118.641,1383.872,1356.689,964.346,19.256,4.548,8.022,122.639,2819.461,792.211,2004.098,27.04,1565.036,1112.441,9.016,11.341,329.669,3986.326,2833.516,-0.215,-12.44,2.961,27.88,1.233,94.519,433.546,121.818,308.169,0.167,8.272,19.155,514.356,6732.65,6.881,4785.632,2495.333,1773.705,,38.434,16.167,0.389,19.037,136.785,,0.934,97.228,4114.02,1406847872.0,35148.307,990.624,24.079,7.088,10.108,235.15,3552.779,2525.347,0.682,66.916,0.284,40.04,99.877,28.063,70.993,3.207,15.475,1.336,62.92,469.503,131.919,333.727
CHN,China,2016,-7.534,-1602.728,1.675,22.727,-6.933,-172.996,1.658,582.673,1.02,43.938,1.762,0.077,0.478,27.633,19.542,584.16,68.238,-0.894,62.359,-201.032,22281.407,2939.324,15757.176,19671.232,13911.276,6078.25,62.13,4156.35,4355.0,188.28,1153.27,213.18,10.37,,62.135,1522.791,66.53,240.86,6090.97,3558.1,2.071,25268.551,0.564,87.705,175.76,31337.769,22161.722,3079.808,71.499,17255473242506.0,3.091,7.577,5.862,147.516,2094.411,133.15,1481.145,1379.416,975.508,18.934,2.865,8.117,80.77,2900.231,815.58,2051.011,28.501,1735.969,1227.658,10.208,12.295,406.914,4393.239,3106.85,-0.209,-12.72,3.5,23.655,1.5,102.554,536.1,150.759,379.124,0.17,3.405,19.484,229.276,6961.926,7.334,4923.4,2322.337,1642.331,,43.941,14.235,0.437,19.471,156.256,,1.02,110.503,4307.466,1414049408.0,35730.98,1076.901,25.001,8.567,10.795,304.36,3857.139,2727.726,1.092,67.511,0.468,67.428,167.304,47.049,118.316,3.954,29.012,1.695,136.212,605.715,170.334,428.355
CHN,China,2017,3.329,654.878,8.161,112.579,-4.096,-95.122,3.244,1159.15,1.214,56.016,-6.73,0.07,-1.86,25.773,18.137,579.018,67.549,0.467,60.681,104.036,22385.443,3117.496,15753.075,20326.109,14303.87,6545.21,79.6,4430.03,4643.1,203.2,1165.06,248.1,9.87,,79.597,1667.062,117.8,304.6,6558.26,3797.35,2.099,25960.286,2.357,86.951,738.707,32076.476,22572.826,3267.438,70.798,17575081415360.0,3.098,15.188,6.54,318.109,2412.519,142.996,1697.737,1491.995,1049.945,17.765,0.429,7.896,12.434,2912.665,819.875,2049.698,29.202,1915.162,1347.736,9.57,13.049,420.444,4813.683,3387.48,-0.199,-13.05,3.783,15.697,1.681,84.15,620.25,174.593,436.482,0.15,4.547,19.73,316.562,7278.487,6.946,5122.014,2227.215,1567.333,,56.014,27.351,0.539,42.738,198.994,,1.214,140.036,4615.172,1421021696.0,36890.13,1173.144,25.419,8.719,11.367,336.294,4193.433,2950.998,1.796,76.027,0.798,127.196,294.5,82.898,207.245,4.645,25.719,2.064,155.786,761.501,214.353,535.882
CHN,China,2018,5.052,1026.841,8.19,122.194,-1.253,-27.912,3.593,1325.587,1.316,65.646,29.883,0.088,7.702,33.475,23.448,573.805,66.901,0.648,58.956,145.041,22530.485,3336.432,15781.556,21352.95,14956.736,7104.59,93.72,4763.25,4989.5,215.5,1198.89,295.0,10.75,,93.724,1835.311,176.9,365.8,7119.81,4085.38,2.105,26768.309,2.529,86.058,811.16,32887.636,23036.24,3494.91,70.079,18151620437216.0,3.027,17.688,7.43,426.731,2839.25,150.948,1988.762,1614.189,1130.663,16.839,2.301,7.797,67.027,2979.692,839.766,2087.134,29.921,2130.311,1492.182,10.687,13.942,514.428,5328.111,3732.091,-0.214,-15.22,4.143,18.208,1.919,112.937,733.188,206.634,513.563,0.151,3.289,19.672,239.387,7517.875,7.53,5265.921,2199.303,1540.508,,65.649,17.059,0.61,33.946,232.939,,1.316,163.163,4987.092,1427647744.0,38215.716,1285.549,25.778,9.574,12.024,401.491,4594.924,3218.528,2.485,49.292,1.15,145.164,439.664,123.91,307.964,5.138,19.39,2.379,147.652,909.153,256.226,636.819
CHN,China,2019,3.754,801.489,9.999,161.41,1.009,22.19,3.236,1236.708,1.512,78.617,12.958,0.096,4.338,37.813,26.373,559.811,65.042,0.837,57.586,188.679,22719.163,3382.449,15845.612,22154.439,15451.729,7439.41,112.72,4849.7,5092.95,232.5,1272.54,348.7,10.75,,112.724,2014.562,224.0,405.3,7456.21,4174.07,,27516.3,2.053,85.071,675.055,33562.691,23408.474,3552.105,68.305,,3.118,8.612,7.816,244.519,3083.768,162.158,2150.792,1775.598,1238.4,17.067,5.752,7.987,171.39,3151.082,887.54,2197.739,31.695,2363.262,1648.269,10.541,14.929,561.654,5889.765,4107.848,-0.226,-16.8,4.677,17.768,2.189,130.27,863.457,243.203,602.223,0.144,3.217,19.669,241.858,7759.733,7.498,5412.07,2221.493,1549.392,,78.62,19.829,0.708,46.189,279.129,,1.512,194.68,5200.373,1433783808.0,39452.425,1405.067,27.019,9.388,12.74,431.384,5026.308,3505.625,3.004,26.158,1.406,115.009,554.673,156.23,386.86,5.436,10.39,2.544,94.459,1003.611,282.679,699.974
CHN,China,2020,1.447,320.641,9.267,164.544,1.966,43.671,2.413,952.018,1.754,94.155,-7.873,0.086,-2.977,34.836,24.203,549.534,63.64,0.589,56.56,133.743,22852.906,3416.688,15877.543,22475.08,15615.027,7710.64,135.52,4917.72,5176.11,246.97,1322.01,366.2,11.42,,135.524,2185.133,261.1,466.5,7727.44,4246.49,,28071.824,1.527,84.335,512.498,34075.189,23674.443,3596.21,66.984,,3.196,7.2,8.182,222.032,3305.8,171.588,2296.775,1940.143,1347.954,17.108,3.506,8.072,110.476,3261.558,918.494,2266.035,33.017,2551.333,1772.592,7.462,15.665,439.521,6329.287,4397.403,-0.218,-16.8,4.739,4.633,2.236,40.003,903.46,254.425,627.698,0.148,2.02,19.593,156.723,7916.455,7.934,5500.126,2265.163,1573.769,,94.158,19.785,0.828,55.226,334.355,,1.754,232.3,5368.799,1439323776.0,40404.443,1518.167,28.278,7.949,13.429,399.519,5425.827,3769.705,3.379,16.134,1.594,89.493,644.166,181.405,447.547,6.037,14.677,2.848,147.301,1150.912,324.111,799.62
CHN,China,2021,,,,,,,,,1.727,101.176,,,,,,549.288,63.633,,,,,3727.455,,,,8443.0,146.12,5383.25,5663.91,267.27,1297.41,407.47,13.39,,,,330.71,614.18,8459.8,4646.87,,,,,,,,3921.789,66.951,,3.159,,,,,185.062,,,,15.336,,,,,898.349,,,,,,,,,,-0.199,-16.8,4.817,,,,,282.139,,0.158,,,,,9.271,,,,,,,,,,,,,5857.711,1444216064.0,,,,,,,,,3.909,,,,,228.989,,7.26,,,,,425.269,
