iso_code,country,year,coal_prod_change_pct,coal_prod_change_twh,gas_prod_change_pct,gas_prod_change_twh,oil_prod_change_pct,oil_prod_change_twh,energy_cons_change_pct,energy_cons_change_twh,biofuel_share_elec,biofuel_elec_per_capita,biofuel_cons_change_pct,biofuel_share_energy,biofuel_cons_change_twh,biofuel_consumption,biofuel_cons_per_capita,carbon_intensity_elec,coal_share_elec,coal_cons_change_pct,coal_share_energy,coal_cons_change_twh,coal_consumption,coal_elec_per_capita,coal_cons_per_capita,coal_production,coal_prod_per_capita,electricity_demand,biofuel_electricity,coal_electricity,fossil_electricity,gas_electricity,hydro_electricity,nuclear_electricity,oil_electricity,other_renewable_exc_biofuel_electricity,other_renewable_electricity,renewables_electricity,solar_electricity,wind_electricity,electricity_generation,greenhouse_gas_emissions,energy_per_gdp,energy_per_capita,fossil_cons_change_pct,fossil_share_energy,fossil_cons_change_twh,fossil_fuel_consumption,fossil_energy_per_capita,fossil_cons_per_capita,fossil_share_elec,gdp,gas_share_elec,gas_cons_change_pct,gas_share_energy,gas_cons_change_twh,gas_consumption,gas_elec_per_capita,gas_energy_per_capita,gas_production,gas_prod_per_capita,hydro_share_elec,hydro_cons_change_pct,hydro_share_energy,hydro_cons_change_twh,hydro_consumption,hydro_elec_per_capita,hydro_energy_per_capita,low_carbon_share_elec,low_carbon_electricity,low_carbon_elec_per_capita,low_carbon_cons_change_pct,low_carbon_share_energy,low_carbon_cons_change_twh,low_carbon_consumption,low_carbon_energy_per_capita,net_elec_imports_share_demand,net_elec_imports,nuclear_share_elec,nuclear_cons_change_pct,nuclear_share_energy,nuclear_cons_change_twh,nuclear_consumption,nuclear_elec_per_capita,nuclear_energy_per_capita,oil_share_elec,oil_cons_change_pct,oil_share_energy,oil_cons_change_twh,oil_consumption,oil_elec_per_capita,oil_energy_per_capita,oil_production,oil_prod_per_capita,other_renewables_elec_per_capita_exc_biofuel,other_renewables_elec_per_capita,other_renewables_cons_change_pct,other_renewables_share_energy,other_renewables_cons_change_twh,other_renewable_consumption,other_renewables_share_elec_exc_biofuel,other_renewables_share_elec,other_renewables_energy_per_capita,per_capita_electricity,population,primary_energy_consumption,renewables_elec_per_capita,renewables_share_elec,renewables_cons_change_pct,renewables_share_energy,renewables_cons_change_twh,renewables_consumption,renewables_energy_per_capita,solar_share_elec,solar_cons_change_pct,solar_share_energy,solar_cons_change_twh,solar_consumption,solar_elec_per_capita,solar_energy_per_capita,wind_share_elec,wind_cons_change_pct,wind_share_energy,wind_cons_change_twh,wind_consumption,wind_elec_per_capita,wind_energy_per_capita
,CIS,1965,,,,,,,,,,,,,,,,,,,50.117,,3459.188,,,,,,,,,,81.434,1.861,,,0.0,81.434,0.0,0.0,,,,,,96.648,,6670.801,,,,,,,17.629,,1216.758,,,,,,,3.277,,226.206,,,,83.295,,,3.352,,231.374,,,,,,0.075,,5.168,,,,,28.902,,1994.85,,,2824.787,,,,,0.0,,0.0,,,,,,6902.17,,,,3.277,,226.206,,,,0.0,,0.0,,,,,0.0,,0.0,,
,CIS,1966,,,,,9.145,258.326,6.338,437.468,,,,,,,,,,3.643,48.847,126.031,3585.219,,,,,,,,,,91.823,2.064,,,0.0,91.823,0.0,0.0,,,,,6.117,96.447,408.045,7078.846,,,,,,11.557,18.494,140.616,1357.374,,,,,,12.758,3.475,28.858,255.064,,,,93.887,,12.717,3.553,29.423,260.797,,,,,10.926,0.078,0.565,5.733,,,,7.088,29.106,141.398,2136.247,,,3083.113,,,,,0.0,0.0,0.0,,,,,,7339.638,,,12.758,3.475,28.858,255.064,,,,0.0,0.0,0.0,,,,,0.0,0.0,0.0,,
,CIS,1967,,,,,8.676,267.49,5.114,375.343,,,,,,,,,,1.548,47.19,55.501,3640.72,,,,,,,,,,88.571,2.254,,,0.0,88.571,0.0,0.0,,,,,5.422,96.73,383.848,7462.695,,,,,,10.097,19.37,137.051,1494.425,,,,,,-3.542,3.189,-9.033,246.031,,,,90.825,,-3.261,3.27,-8.505,252.292,,,,,9.208,0.081,0.528,6.261,,,,8.955,30.169,191.296,2327.544,,,3350.603,,,,,0.0,0.0,0.0,,,,,,7714.98,,,-3.542,3.189,-9.033,246.031,,,,0.0,0.0,0.0,,,,,0.0,0.0,0.0,,
,CIS,1968,,,,,7.324,245.393,3.712,286.414,,,,,,,,,,-0.872,45.104,-31.75,3608.97,,,,,,,,,,104.04,3.133,,,0.0,104.04,0.0,0.0,,,,,3.229,96.279,241.002,7703.697,,,,,,7.975,20.167,119.179,1613.604,,,,,,17.465,3.612,42.969,289.0,,,,107.173,,18.0,3.721,45.412,297.704,,,,,39.02,0.109,2.443,8.704,,,,6.598,31.009,153.573,2481.116,,,3595.996,,,,,0.0,0.0,0.0,,,,,,8001.394,,,17.465,3.612,42.969,289.0,,,,0.0,0.0,0.0,,,,,0.0,0.0,0.0,,
,CIS,1969,,,,,6.177,222.133,4.401,352.164,,,,,,,,,,1.434,43.822,51.737,3660.708,,,,,,,,,,115.181,3.633,,,0.0,115.181,0.0,0.0,,,,,4.152,96.049,319.83,8023.527,,,,,,6.868,20.643,110.83,1724.434,,,,,,10.708,3.83,30.947,319.947,,,,118.814,,10.861,3.951,32.334,330.038,,,,,15.938,0.121,1.387,10.091,,,,6.338,31.584,157.263,2638.379,,,3818.129,,,,,0.0,0.0,0.0,,,,,,8353.559,,,10.708,3.83,30.947,319.947,,,,0.0,0.0,0.0,,,,,0.0,0.0,0.0,,
,CIS,1970,,,,,7.535,287.715,5.193,433.806,,,,,,,,,,-0.828,41.314,-30.314,3630.394,,,,,,,,,,124.377,4.388,,,0.0,124.377,0.0,0.0,,,,,5.062,95.93,406.162,8429.689,,,,,,9.882,21.563,170.414,1894.847,,,1875.014,,,7.984,3.932,25.544,345.492,,,,128.765,,8.376,4.07,27.644,357.682,,,,,20.803,0.139,2.099,12.19,,,,10.084,33.052,266.063,2904.441,,,4105.844,,,,,0.0,0.0,0.0,,,,,,8787.364,,,7.984,3.932,25.544,345.492,,,,0.0,0.0,0.0,,,,,0.0,0.0,0.0,,
,CIS,1971,,,7.303,136.924,6.787,278.666,4.917,432.069,,,,,,,,,,2.022,40.174,73.411,3703.805,,,,,,,,,,126.099,5.387,,,0.0,126.099,0.0,0.0,,,,,5.036,96.038,424.511,8854.201,,,,,,9.308,22.466,176.371,2071.218,,,2011.937,,,1.385,3.799,4.783,350.275,,,,131.486,,2.113,3.962,7.558,365.24,,,,,22.759,0.162,2.774,14.965,,,,6.016,33.399,174.729,3079.17,,,4384.51,,,,,0.0,0.0,0.0,,,,,,9219.433,,,1.385,3.799,4.783,350.275,,,,0.0,0.0,0.0,,,,,0.0,0.0,0.0,,
,CIS,1972,,,4.237,85.252,6.207,272.142,5.149,474.739,,,,,,,,,,2.795,39.274,103.522,3807.328,,,,,,,,,,122.899,9.833,,,0.0,122.899,0.0,0.0,,,,,5.323,96.197,471.278,9325.479,,,,,,5.179,22.472,107.265,2178.483,,,2097.189,,,-2.538,3.522,-8.889,341.386,,,,132.732,,0.948,3.803,3.461,368.701,,,,,82.527,0.282,12.35,27.314,,,,8.46,34.45,260.491,3339.661,,,4656.652,,,,,0.0,0.0,0.0,,,,,,9694.172,,,-2.538,3.522,-8.889,341.386,,,,0.0,0.0,0.0,,,,,0.0,0.0,0.0,,
,CIS,1973,,,6.73,141.139,7.143,332.618,5.086,493.069,,,,,,,,,,1.071,37.774,40.768,3848.096,,,,,,,,,,122.345,14.31,,,0.0,122.345,0.0,0.0,,,,,5.17,96.274,482.172,9807.651,,,,,,8.752,23.256,190.666,2369.149,,,2238.328,,,-0.451,3.336,-1.539,339.847,,,,136.655,,2.955,3.726,10.897,379.598,,,,,45.528,0.39,12.436,39.75,,,,7.508,35.244,250.738,3590.398,,,4989.27,,,,,0.0,0.0,0.0,,,,,,10187.24,,,-0.451,3.336,-1.539,339.847,,,,0.0,0.0,0.0,,,,,0.0,0.0,0.0,,
,CIS,1974,,,10.284,230.179,6.97,347.737,5.521,562.437,,,,,,,,,,0.491,35.973,18.891,3866.987,,,,,,,,,,132.03,21.461,,,0.0,132.03,0.0,0.0,,,,,5.258,96.034,515.672,10323.323,,,,,,6.036,23.37,143.008,2512.157,,,2468.507,,,7.916,3.412,26.903,366.75,,,,153.491,,12.32,3.966,46.766,426.363,,,,,49.969,0.555,19.863,59.613,,,,9.853,36.691,353.773,3944.171,,,5337.007,,,,,0.0,0.0,0.0,,,,,,10749.678,,,7.916,3.412,26.903,366.75,,,,0.0,0.0,0.0,,,,,0.0,0.0,0.0,,
,CIS,1975,,,11.001,271.555,6.952,371.009,4.953,532.399,,,,,,,,,,2.846,35.251,110.072,3977.059,,,,,,,,,,125.987,28.616,,,0.0,125.987,0.0,0.0,,,,,5.127,96.194,529.31,10852.633,,,,,,9.108,24.295,228.813,2740.97,,,2740.062,,,-4.577,3.102,-16.786,349.964,,,,154.603,,0.724,3.806,3.089,429.452,,,,,33.34,0.705,19.875,79.488,,,,4.828,36.647,190.426,4134.596,,,5708.016,,,,,0.0,0.0,0.0,,,,,,11282.076,,,-4.577,3.102,-16.786,349.964,,,,0.0,0.0,0.0,,,,,0.0,0.0,0.0,,
,CIS,1976,,,10.954,300.133,5.883,335.828,3.887,438.585,,,,,,,,,,-0.108,33.895,-4.306,3972.753,,,,,,,,,,135.735,38.153,,,0.0,135.735,0.0,0.0,,,,,3.548,95.879,385.016,11237.649,,,,,,10.044,25.735,275.298,3016.267,,,3040.195,,,7.737,3.217,27.078,377.042,,,,173.888,,12.474,4.121,53.57,483.022,,,,,33.328,0.904,26.492,105.98,,,,2.758,36.249,114.024,4248.621,,,6043.844,,,,,0.0,0.0,0.0,,,,,,11720.662,,,7.737,3.217,27.078,377.042,,,,0.0,0.0,0.0,,,,,0.0,0.0,0.0,,
,CIS,1977,,,7.805,237.284,5.027,303.799,4.473,524.296,,,,,,,,,,1.796,33.027,71.362,4044.115,,,,,,,,,,147.014,51.031,,,0.0,147.014,0.0,0.0,,,,,4.068,95.507,457.193,11694.843,,,,,,7.151,26.394,215.702,3231.969,,,3277.478,,,8.31,3.335,31.331,408.373,,,,198.045,,13.892,4.493,67.103,550.125,,,,,33.754,1.158,35.773,141.752,,,,4.004,36.086,170.129,4418.75,,,6347.642,,,,,0.0,0.0,0.0,,,,,,12244.958,,,8.31,3.335,31.331,408.373,,,,0.0,0.0,0.0,,,,,0.0,0.0,0.0,,
,CIS,1978,,,7.57,248.092,4.715,299.263,4.307,527.385,,,,,,,,,,-0.605,31.471,-24.474,4019.641,,,,,,,,,,169.701,52.463,,,0.0,169.701,0.0,0.0,,,,,3.937,95.168,460.389,12155.231,,,,,,6.637,26.984,214.507,3446.476,,,3525.57,,,15.432,3.691,63.019,471.392,,,,222.164,,12.178,4.832,66.997,617.122,,,,,2.806,1.141,3.977,145.73,,,,6.118,36.713,270.356,4689.105,,,6646.906,,,,,0.0,0.0,0.0,,,,,,12772.343,,,15.432,3.691,63.019,471.392,,,,0.0,0.0,0.0,,,,,0.0,0.0,0.0,,
,CIS,1979,,,9.243,325.879,2.462,163.622,2.739,349.784,,,,,,,,,,0.724,30.854,29.095,4048.736,,,,,,,,,,172.023,59.618,,,0.0,172.023,0.0,0.0,,,,,2.661,95.096,323.459,12478.69,,,,,,6.155,27.881,212.126,3658.601,,,3851.449,,,1.368,3.641,6.45,477.842,,,,231.641,,4.266,4.904,26.325,643.447,,,,,13.638,1.262,19.875,165.605,,,,1.754,36.361,82.238,4771.344,,,6810.528,,,,,0.0,0.0,0.0,,,,,,13122.127,,,1.368,3.641,6.45,477.842,,,,0.0,0.0,0.0,,,,,0.0,0.0,0.0,,
,CIS,1980,,,7.035,270.939,3.002,204.455,2.226,292.12,,,,,,,,,,-3.044,29.264,-123.245,3925.49,,,,,,,,,,183.938,73.923,,,0.0,183.938,0.0,0.0,,,,,1.757,94.66,219.285,12697.976,,,,,,3.066,28.11,112.173,3770.774,,,4122.388,,,6.926,3.809,33.097,510.939,,,,257.861,,11.32,5.34,72.835,716.282,,,,,23.996,1.531,39.738,205.343,,,,4.828,37.286,230.358,5001.702,,,7014.983,,,,,0.0,0.0,0.0,,,,,,13414.247,,,6.926,3.809,33.097,510.939,,,,0.0,0.0,0.0,,,,,0.0,0.0,0.0,,
,CIS,1981,,,6.916,285.119,0.935,65.593,2.127,285.337,,,,,,,,,,-0.634,28.472,-24.906,3900.584,,,4027.845,,,,,,,186.744,87.089,,,0.0,186.744,0.0,0.0,,,,,1.898,94.448,240.972,12938.948,,,,,,5.895,29.147,222.269,3993.043,,,4407.507,,,1.526,3.786,7.794,518.734,,,,273.833,,6.194,5.552,44.365,760.647,,,,,17.81,1.766,36.571,241.913,,,,0.872,36.828,43.609,5045.311,,,7080.577,,,,,0.0,0.0,0.0,,,,,,13699.584,,,1.526,3.786,7.794,518.734,,,,0.0,0.0,0.0,,,,,0.0,0.0,0.0,,
,CIS,1982,0.837,33.715,7.608,335.323,0.613,43.392,2.506,343.378,,,,,,,,,,1.532,28.202,59.743,3960.327,,,4061.56,,,,,,,174.677,100.254,,,0.0,174.677,0.0,0.0,,,,,2.63,94.562,340.327,13279.275,,,,,,7.949,30.695,317.416,4310.458,,,4742.83,,,-6.462,3.455,-33.519,485.214,,,,274.931,,0.401,5.438,3.051,763.698,,,,,15.117,1.983,36.571,278.484,,,,-0.73,35.665,-36.832,5008.478,,,7123.968,,,,,0.0,0.0,0.0,,,,,,14042.961,,,-6.462,3.455,-33.519,485.214,,,,0.0,0.0,0.0,,,,,0.0,0.0,0.0,,
,CIS,1983,-0.093,-3.773,6.99,331.534,0.619,44.101,2.102,295.175,,,,,,,,,,0.257,27.692,10.159,3970.486,,,4057.787,,,,,,,180.362,111.395,,,0.0,180.362,0.0,0.0,,,,,1.871,94.348,248.435,13527.71,,,,,,7.225,32.235,311.436,4621.894,,,5074.364,,,3.255,3.494,15.792,501.006,,,,291.757,,6.12,5.652,46.74,810.438,,,,,11.113,2.158,30.948,309.432,,,,-1.461,34.421,-73.16,4935.318,,,7168.069,,,,,0.0,0.0,0.0,,,,,,14338.136,,,3.255,3.494,15.792,501.006,,,,0.0,0.0,0.0,,,,,0.0,0.0,0.0,,
,CIS,1984,-1.085,-44.039,9.651,489.723,-0.589,-42.252,3.748,537.38,,,,,,,,,,-0.944,26.44,-37.474,3933.012,,,4013.748,,,,,,,202.988,143.798,,,0.0,202.988,0.0,0.0,,,,,2.842,93.524,384.522,13912.231,,,,,,9.115,33.903,421.284,5043.178,,,5564.087,,,12.545,3.79,62.85,563.856,,,,346.786,,18.861,6.476,152.859,963.296,,,,,29.088,2.685,90.009,399.44,,,,0.014,33.182,0.711,4936.03,,,7125.817,,,,,0.0,0.0,0.0,,,,,,14875.516,,,12.545,3.79,62.85,563.856,,,,0.0,0.0,0.0,,,,,0.0,0.0,0.0,,
,CIS,1985,-28.324,-1136.851,-0.315,-17.545,-3.725,-265.443,-19.517,-2903.241,,,,,,,,,17.108,-27.426,23.841,-1078.654,2854.359,,,2876.898,,,,207.641,915.039,554.851,194.092,104.585,152.547,,0.0,194.092,0.0,0.0,1213.718,,,,-19.908,93.07,-2769.606,11142.625,,,75.391,,45.715,-13.916,36.262,-701.804,4341.375,,,5546.542,,15.992,-4.382,4.503,-24.711,539.145,,,24.608,298.677,,-13.873,6.93,-133.637,829.66,,,,8.617,-27.27,2.427,-108.926,290.514,,,12.569,-20.039,32.967,-989.148,3946.882,,,6860.374,,,,,0.0,0.0,0.0,,0.0,,,,11972.275,,15.992,-4.382,4.503,-24.711,539.145,,0.0,,0.0,0.0,0.0,,,0.0,,0.0,0.0,0.0,,
,CIS,1986,3.886,111.811,7.715,427.933,3.275,224.645,2.267,271.387,,,,,,,,,17.173,3.29,24.08,93.9,2948.259,,,2988.708,,,,217.38,962.663,582.676,195.201,107.975,162.607,,0.0,195.201,0.0,0.0,1265.841,,,,2.323,93.122,258.89,11401.515,,,76.049,,46.031,2.636,36.393,114.427,4455.801,,,5974.475,,15.421,0.572,4.429,3.081,542.226,,,23.951,303.176,,1.506,6.878,12.497,842.157,,,,8.53,3.241,2.45,9.416,299.93,,,12.846,1.281,32.649,50.563,3997.445,,,7085.019,,,,,0.0,0.0,0.0,,0.0,,,,12243.662,,15.421,0.572,4.429,3.081,542.226,,0.0,,0.0,0.0,0.0,,,0.0,,0.0,0.0,0.0,,
,CIS,1987,1.178,35.215,6.964,416.065,1.63,115.474,2.891,353.927,,,,,,,,,17.009,1.715,23.805,50.576,2998.835,,,3023.924,,,,224.829,995.824,602.616,196.978,129.033,168.378,,0.0,196.978,0.0,0.0,1321.837,,,,2.548,92.811,290.496,11692.011,,,75.336,,45.589,5.438,37.294,242.304,4698.105,,,6390.54,,14.902,0.91,4.343,4.935,547.161,,,24.663,326.011,,7.532,7.189,63.431,905.587,,,,9.762,19.503,2.845,58.496,358.426,,,12.738,-0.06,31.713,-2.384,3995.061,,,7200.494,,,,,0.0,0.0,0.0,,0.0,,,,12597.588,,14.902,0.91,4.343,4.935,547.161,,0.0,,0.0,0.0,0.0,,,0.0,,0.0,0.0,0.0,,
,CIS,1988,2.6,78.624,6.577,420.303,-0.16,-11.537,2.249,283.338,,,,,,,,,16.742,-0.709,23.116,-21.256,2977.579,,,3102.548,,,,225.064,999.749,605.597,204.92,139.627,169.087,,0.0,204.92,0.0,0.0,1344.297,,,,1.983,92.57,231.852,11923.863,,,74.37,,45.049,5.386,38.438,253.047,4951.152,,,6810.843,,15.244,4.032,4.419,22.06,569.222,,,25.63,344.546,,5.685,7.43,51.486,957.073,,,,10.387,8.21,3.011,29.426,387.852,,,12.578,0.002,31.016,0.062,3995.123,,,7188.957,,,,,0.0,0.0,0.0,,0.0,,,,12880.926,,15.244,4.032,4.419,22.06,569.222,,0.0,,0.0,0.0,0.0,,,0.0,,0.0,0.0,0.0,,
,CIS,1989,-3.637,-112.837,3.741,254.795,-2.665,-191.581,0.065,8.409,,,,,,,,,16.828,-3.421,22.311,-101.865,2875.714,,,2989.711,,,,228.462,1020.763,620.803,199.157,137.717,171.498,,0.0,199.157,0.0,0.0,1357.639,,,,0.249,92.74,29.72,11953.584,,,75.187,,45.727,2.24,39.273,110.923,5062.074,,,7065.637,,14.669,-2.812,4.292,-16.008,553.214,,,24.813,336.874,,-2.227,7.26,-21.311,935.762,,,,10.144,-1.367,2.968,-5.303,382.548,,,12.632,0.517,31.156,20.663,4015.785,,,6997.376,,,,,0.0,0.0,0.0,,0.0,,,,12889.335,,14.669,-2.812,4.292,-16.008,553.214,,0.0,,0.0,0.0,0.0,,,0.0,,0.0,0.0,0.0,,
,CIS,1990,-3.946,-117.963,3.449,243.723,-6.087,-425.902,-1.618,-208.519,,,,0.0,,0.0,,,16.881,-7.048,21.079,-202.671,2673.044,,,2871.749,,,,230.202,1035.003,631.113,211.239,118.325,173.688,,0.065,211.304,0.0,0.0,1363.653,,,,-1.576,92.779,-188.393,11765.191,,,75.899,,46.281,0.943,40.296,47.755,5109.829,,,7309.36,,15.491,6.067,4.627,33.561,586.774,,,24.172,329.629,,-2.151,7.221,-20.126,915.636,,,,8.677,-14.081,2.592,-53.868,328.681,,,12.737,-0.834,31.404,-33.477,3982.309,,,6571.473,,,,,0.001,0.181,0.181,,0.005,,,,12680.816,,15.495,6.099,4.629,33.741,586.955,,0.0,,0.0,0.0,0.0,,,0.0,,0.0,0.0,0.0,,
,CIS,1991,-6.334,-181.887,-1.521,-111.204,-9.604,-631.129,-1.763,-223.519,,,,0.0,0.0,0.0,,,16.927,-7.382,19.874,-197.325,2475.718,,,2689.861,,,,227.391,1011.278,614.776,211.458,120.523,169.111,,0.065,211.523,0.0,0.0,1343.325,,,,-1.957,92.596,-230.235,11534.956,,,75.282,,45.765,1.863,41.783,95.174,5205.003,,,7198.156,,15.741,0.104,4.715,0.61,587.385,,,24.718,332.046,,0.733,7.404,6.716,922.351,,,,8.972,1.858,2.687,6.105,334.786,,,12.589,-3.216,30.939,-128.084,3854.225,,,5940.345,,,,0.0,0.001,0.0,0.181,,0.005,,,,12457.297,,15.746,0.104,4.717,0.61,587.565,,0.0,,0.0,0.0,0.0,,,0.0,,0.0,0.0,0.0,,
,CIS,1992,-4.131,-111.112,-3.448,-248.16,-12.583,-747.472,-4.252,-529.695,,,,0.0,0.0,0.0,,,17.49,-5.815,19.549,-143.952,2331.767,,,2578.75,,,,221.366,927.67,568.444,216.0,120.09,137.86,,0.063,216.063,0.0,0.0,1265.638,,,,-4.691,92.171,-541.105,10993.851,,,73.297,,44.914,-2.936,42.357,-152.812,5052.192,,,6949.996,,17.067,2.148,5.03,12.617,600.002,,,26.56,336.154,,1.237,7.829,11.409,933.761,,,,9.488,-0.359,2.797,-1.203,333.584,,,10.893,-6.34,30.265,-244.341,3609.884,,,5192.873,,,,-3.077,0.001,-0.006,0.175,,0.005,,,,11927.602,,17.072,2.146,5.032,12.612,600.177,,0.0,,0.0,0.0,0.0,,,0.0,,0.0,0.0,0.0,,
,CIS,1993,-10.518,-271.244,-2.164,-150.373,-10.713,-556.314,-7.607,-907.375,,,,0.0,0.0,0.0,,,17.715,-9.875,19.07,-230.258,2101.508,,,2307.506,,,,211.829,850.903,526.235,222.579,119.632,112.839,,0.06,222.639,0.0,0.0,1195.778,,,,-8.408,91.373,-924.37,10069.481,,,71.159,,44.008,-1.008,45.383,-50.907,5001.285,,,6799.624,,18.614,3.046,5.61,18.274,618.275,,,28.623,342.271,,1.82,8.627,16.994,950.755,,,,10.005,-0.381,3.015,-1.271,332.312,,,9.436,-17.818,26.92,-643.205,2966.68,,,4636.559,,,,-4.762,0.002,-0.008,0.167,,0.005,,,,11020.227,,18.619,3.043,5.612,18.265,618.442,,0.0,,0.0,0.0,0.0,,,0.0,,0.0,0.0,0.0,,
,CIS,1994,-9.917,-228.828,-5.389,-366.462,-9.881,-458.121,-8.814,-971.368,,,,0.0,0.0,0.0,,,19.891,-10.514,18.714,-220.948,1880.561,,,2078.678,,,,217.843,767.993,448.629,226.33,98.2,101.521,,0.061,226.391,0.0,0.0,1095.189,,,,-9.159,91.027,-922.257,9147.224,,,70.124,,40.964,-6.072,46.748,-303.69,4697.595,,,6433.162,,20.666,1.685,6.256,10.419,628.695,,,29.638,324.591,,-5.166,8.973,-49.112,901.643,,,,8.966,-17.915,2.715,-59.534,272.778,,,9.27,-13.403,25.566,-397.619,2569.061,,,4178.438,,,,1.667,0.002,0.003,0.169,,0.006,,,,10048.859,,20.671,1.685,6.258,10.422,628.864,,0.0,,0.0,0.0,0.0,,,0.0,,0.0,0.0,0.0,,
,CIS,1995,-9.113,-189.422,-2.885,-185.622,-1.4,-58.485,-5.905,-593.435,,,,0.0,0.0,0.0,,,19.895,-7.567,18.384,-142.301,1738.259,,,1889.256,,,,212.545,745.496,435.227,220.315,99.916,97.724,,0.059,220.374,0.0,0.0,1068.325,,,,-6.357,90.591,-581.487,8565.737,,,69.782,,40.739,-2.955,48.213,-138.807,4558.788,,,6247.54,,20.622,-2.658,6.472,-16.708,611.987,,,29.981,320.29,,-1.325,9.409,-11.948,889.694,,,,9.353,1.747,2.935,4.765,277.543,,,9.147,-11.692,23.993,-300.378,2268.683,,,4119.953,,,,-3.279,0.002,-0.006,0.164,,0.006,,,,9455.424,,20.628,-2.658,6.474,-16.713,612.151,,0.0,,0.0,0.0,0.0,,,0.0,,0.0,0.0,0.0,,
,CIS,1996,-4.22,-79.725,2.293,143.247,-1.516,-62.439,-3.251,-307.416,,,,0.0,0.0,0.0,,,19.775,-3.248,18.384,-56.461,1681.798,,,1809.531,,,,206.966,733.738,443.811,198.816,111.438,82.962,,0.057,198.873,0.0,0.0,1046.585,,,,-3.265,90.577,-279.699,8286.039,,,70.108,,42.406,1.168,50.416,53.265,4612.053,,,6390.787,,18.997,-9.758,6.037,-59.72,552.267,,,29.65,310.311,,-3.115,9.423,-27.718,861.977,,,,10.648,11.533,3.384,32.008,309.551,,,7.927,-12.188,21.777,-276.503,1992.18,,,4057.514,,,,-3.39,0.002,-0.006,0.158,,0.005,,,,9148.008,,19.002,-9.757,6.039,-59.726,552.425,,0.0,,0.0,0.0,0.0,,,0.0,,0.0,0.0,0.0,,
,CIS,1997,-4.141,-74.93,-6.722,-429.594,2.447,99.278,-5.673,-518.923,,,,0.0,0.0,0.0,,,19.262,-8.844,17.766,-148.735,1533.064,,,1734.601,,,,197.496,714.575,440.521,197.854,110.406,76.557,,0.057,197.911,0.0,0.0,1025.339,,,,-6.196,90.075,-513.382,7772.656,,,69.692,,42.963,-7.316,49.538,-337.411,4274.643,,,5961.193,,19.296,-0.484,6.369,-2.672,549.595,,,30.07,308.317,,-0.643,9.925,-5.541,856.435,,,,10.768,-0.927,3.554,-2.869,306.682,,,7.467,-1.367,22.771,-27.236,1964.944,,,4156.792,,,,0.0,0.002,0.0,0.158,,0.006,,,,8629.085,,19.302,-0.484,6.371,-2.672,549.753,,0.0,,0.0,0.0,0.0,,,0.0,,0.0,0.0,0.0,,
,CIS,1998,-5.699,-98.859,2.98,177.615,0.22,9.149,-0.202,-17.467,,,,0.0,0.0,0.0,,,19.944,-5.589,16.807,-85.68,1447.384,,,1635.742,,,,202.09,707.026,427.291,198.338,105.396,77.645,,0.058,198.396,0.0,0.0,1013.279,,,,-0.063,90.201,-4.9,7767.757,,,69.776,,42.169,3.779,51.514,161.534,4436.176,,,6138.808,,19.574,0.245,6.398,1.344,550.939,,,29.981,303.792,,-1.467,9.799,-12.567,843.868,,,,10.402,-4.537,3.4,-13.914,292.768,,,7.663,-4.11,21.88,-80.753,1884.19,,,4165.942,,,,1.754,0.002,0.003,0.161,,0.006,,,,8611.618,,19.58,0.245,6.399,1.347,551.1,,0.0,,0.0,0.0,0.0,,,0.0,,0.0,0.0,0.0,,
,CIS,1999,2.994,48.977,2.315,142.123,2.134,88.89,1.254,108.02,,,,0.0,0.0,0.0,,,19.146,-0.631,16.494,-9.132,1438.251,,,1684.719,,,,198.0,704.046,440.964,203.164,123.952,65.082,,0.058,203.222,0.0,0.0,1034.143,,,,0.554,89.577,43.072,7810.828,,,68.08,,42.641,1.037,51.403,46.006,4482.182,,,6280.931,,19.646,2.433,6.472,13.406,564.345,,,31.637,327.174,,7.697,10.423,64.949,908.817,,,,11.986,17.606,3.949,51.543,344.311,,,6.293,0.329,21.68,6.198,1890.388,,,4254.832,,,,0.0,0.002,0.0,0.161,,0.006,,,,8719.639,,19.651,2.433,6.474,13.406,564.506,,0.0,,0.0,0.0,0.0,,,0.0,,0.0,0.0,0.0,,
,CIS,2000,7.211,121.489,2.558,160.65,7.354,312.887,0.981,85.549,,,,0.0,0.0,0.0,,,19.99,2.003,16.661,28.809,1467.06,,,1806.208,,,,214.234,726.654,456.761,208.43,132.72,55.659,,0.079,208.511,0.0,0.002,1071.699,,,,0.595,89.235,46.501,7857.329,,,67.804,,42.62,0.794,51.308,35.583,4517.765,,,6441.581,,19.449,2.592,6.575,14.628,578.973,,,31.84,341.231,,4.297,10.765,39.048,947.865,,,,12.384,7.074,4.187,24.356,368.667,,,5.194,-0.946,21.266,-17.89,1872.498,,,4567.719,,,,36.379,0.002,0.059,0.22,,0.007,,,,8805.188,,19.456,2.603,6.578,14.692,579.198,,0.0,,0.0,0.0,0.0,,,0.0,,0.0,0.005,0.005,,
,CIS,2001,5.674,102.477,0.324,20.845,7.858,358.914,2.022,178.052,,,,0.0,0.0,0.0,,,19.333,1.01,16.496,14.812,1481.872,,,1908.685,,,,210.554,727.932,472.41,217.306,138.922,44.968,,0.114,217.423,0.0,0.003,1089.075,,,,1.814,89.053,142.495,7999.825,,,66.839,,43.377,2.544,51.571,114.939,4632.704,,,6462.426,,19.953,3.582,6.676,20.736,599.709,,,32.72,356.345,,3.751,10.947,35.557,983.422,,,,12.756,3.993,4.268,14.722,383.389,,,4.129,0.681,20.986,12.744,1885.242,,,4926.633,,,,43.311,0.004,0.095,0.315,,0.01,,,,8983.239,,19.964,3.597,6.679,20.835,600.033,,0.0,,0.0,0.0,0.0,,,0.0,62.105,0.0,0.003,0.009,,
,CIS,2002,-5.01,-95.616,2.694,174.089,9.45,465.57,-0.255,-22.919,,,,0.0,0.0,0.0,,,19.502,0.757,16.663,11.217,1493.089,,,1813.069,,,,213.209,737.099,481.613,207.324,143.911,42.277,,0.173,207.503,0.0,0.006,1093.269,,,,-0.038,89.246,-3.053,7996.772,,,67.422,,44.053,0.66,52.044,30.595,4663.299,,,6636.514,,18.964,-5.209,6.344,-31.241,568.469,,,32.143,351.414,,-2.02,10.754,-19.866,963.556,,,,13.163,2.923,4.404,11.206,394.595,,,3.867,-2.38,20.539,-44.865,1840.378,,,5392.203,,,,50.904,0.005,0.16,0.475,,0.016,,,,8960.32,,18.98,-5.178,6.35,-31.072,568.961,,0.0,,0.0,0.0,0.0,,,0.001,98.701,0.0,0.008,0.017,,
,CIS,2003,9.173,166.321,4.567,303.067,10.061,542.485,2.297,205.777,,,,0.0,0.0,0.0,,,19.508,2.247,16.655,33.545,1526.634,,,1979.39,,,,220.384,767.539,504.443,205.714,152.34,42.712,,0.366,206.088,0.0,0.009,1129.697,,,,2.412,89.347,192.846,8189.618,,,67.942,,44.653,1.746,51.764,81.416,4744.715,,,6939.582,,18.21,-1.413,6.114,-8.031,560.438,,,31.728,358.428,,1.342,10.653,12.931,976.487,,,,13.485,5.179,4.528,20.434,415.029,,,3.781,4.232,20.928,77.884,1918.262,,,5934.688,,,,109.726,0.011,0.521,0.997,,0.032,,,,9166.098,,18.243,-1.319,6.125,-7.503,561.458,,0.0,,0.0,0.0,0.0,,,0.001,37.745,0.0,0.006,0.023,,
,CIS,2004,3.434,67.963,2.259,156.736,8.947,530.968,1.62,148.49,,,,0.0,0.0,0.0,,,18.521,-1.938,16.072,-29.584,1497.051,,,2047.353,,,,214.277,780.053,529.242,225.788,146.908,36.533,,0.45,226.245,0.0,0.008,1156.951,,,,1.402,89.155,114.848,8304.466,,,67.423,,45.745,3.391,52.666,160.876,4905.59,,,7096.318,,19.516,9.059,6.562,50.771,611.209,,,32.253,373.153,,3.445,10.845,33.642,1010.129,,,,12.698,-4.18,4.269,-17.348,397.681,,,3.158,-0.857,20.418,-16.444,1901.818,,,6465.656,,,,22.18,0.013,0.221,1.218,,0.039,,,,9314.588,,19.555,9.082,6.575,50.99,612.448,,0.0,,0.0,0.0,0.0,,,0.001,-7.355,0.0,-0.002,0.022,,
,CIS,2005,-0.915,-18.743,2.328,165.202,3.533,228.453,0.336,31.272,,,,0.0,0.0,0.0,,,18.47,-3.803,15.409,-56.926,1440.125,,,2028.61,,,,218.059,799.911,548.854,223.522,152.162,32.998,,0.451,223.981,0.0,0.008,1180.583,,,,0.357,89.174,29.624,8334.09,,,67.756,,46.49,1.689,53.376,82.843,4988.433,,,7261.52,,18.933,-1.63,6.433,-9.964,601.245,,,31.861,376.143,,0.163,10.826,1.648,1011.777,,,,12.889,2.921,4.379,11.616,409.297,,,2.795,0.195,20.389,3.707,1905.525,,,6694.109,,,,-0.302,0.013,-0.004,1.214,,0.038,,,,9345.859,,18.972,-1.628,6.446,-9.968,602.48,,0.0,,0.0,0.0,0.0,,,0.001,-3.329,0.0,-0.001,0.021,,
,CIS,2006,5.474,111.048,2.598,188.642,4.391,293.94,3.661,342.151,,,,0.0,0.0,0.0,,,18.743,3.125,15.33,44.999,1485.124,,,2139.658,,,,229.906,840.423,569.27,222.011,159.076,41.247,,0.508,222.528,0.0,0.009,1226.637,,,,4.007,89.471,333.917,8668.007,,,68.514,,46.409,3.969,53.534,197.988,5186.421,,,7450.161,,18.099,-1.3,6.125,-7.819,593.426,,,31.11,381.604,,0.814,10.529,8.235,1020.011,,,,12.968,3.887,4.389,15.907,425.204,,,3.363,4.772,20.607,90.93,1996.456,,,6988.049,,,,11.79,0.014,0.143,1.357,,0.041,,,,9688.01,,18.141,-1.274,6.14,-7.673,594.807,,0.0,,0.0,0.0,0.0,,,0.001,12.185,0.0,0.003,0.024,,
,CIS,2007,1.901,40.675,1.46,108.783,4.004,279.817,1.276,123.664,,,,0.0,0.0,0.0,,,18.273,-0.282,15.094,-4.184,1480.94,,,2180.333,,,,229.698,862.582,602.141,227.409,162.611,30.742,,0.498,227.918,0.0,0.01,1257.038,,,,1.227,89.427,106.332,8774.338,,,68.62,,47.902,2.087,53.963,108.217,5294.637,,,7558.944,,18.091,1.791,6.157,10.63,604.056,,,31.067,390.529,,1.699,10.573,17.333,1037.344,,,,12.936,1.583,4.402,6.731,431.936,,,2.446,0.115,20.371,2.299,1998.754,,,7267.866,,,,-2.426,0.013,-0.033,1.324,,0.04,,,,9811.674,,18.131,1.782,6.17,10.601,605.408,,0.0,,0.0,0.0,0.0,,,0.001,18.543,0.0,0.004,0.028,,
,CIS,2008,6.029,131.449,2.636,199.219,0.418,30.346,0.061,6.021,,,,0.001,0.082,0.082,,,20.353,7.72,16.249,114.324,1595.264,,,2311.781,,,,260.913,903.736,619.974,207.667,165.546,22.849,,0.522,208.197,0.0,0.008,1281.95,,,,0.646,89.95,56.694,8831.033,,,70.497,,48.362,-1.835,52.94,-97.149,5197.488,,,7758.163,,16.199,-9.249,5.584,-55.867,548.189,,,29.154,373.742,,-4.885,10.05,-50.674,986.67,,,,12.914,1.172,4.451,5.064,436.999,,,1.782,1.977,20.761,39.519,2038.274,,,7298.212,,,,4.044,0.014,0.054,1.378,,0.041,,,,9817.695,,16.241,-9.207,5.599,-55.738,549.671,,0.0,,0.0,0.0,0.0,,,0.001,-23.311,0.0,-0.007,0.021,,
,CIS,2009,-5.894,-136.267,-13.557,-1051.741,2.922,213.286,-4.153,-407.688,,,187.5,0.003,0.154,0.236,,,18.379,-8.415,15.526,-134.244,1461.02,,,2175.515,,,,225.364,836.688,587.205,218.319,166.076,24.119,,0.557,218.887,0.0,0.011,1226.236,,,,-4.883,89.265,-431.19,8399.843,,,68.232,,47.887,-4.076,52.982,-211.868,4985.62,,,6706.422,,17.804,4.48,6.087,24.561,572.75,,,31.394,384.963,,2.382,10.735,23.502,1010.172,,,,13.544,-0.299,4.63,-1.305,435.694,,,1.967,-4.174,20.757,-85.078,1953.196,,,7511.498,,,,6.143,0.016,0.085,1.462,,0.045,,,,9410.007,,17.85,4.513,6.105,24.807,574.478,,0.0,,0.0,0.0,0.0,,,0.001,37.374,0.0,0.008,0.029,,
,CIS,2010,7.113,154.741,10.344,693.687,2.174,163.264,4.006,376.959,,,65.217,0.004,0.154,0.391,,,18.303,0.572,15.014,8.356,1469.375,,,2330.255,,,,235.007,888.954,642.094,216.838,172.905,11.853,,0.621,217.469,0.0,0.01,1283.983,,,,4.392,89.596,368.895,8768.738,,,69.234,,50.008,6.267,54.134,312.457,5298.077,,,7400.109,,16.888,-1.288,5.777,-7.375,565.375,,,30.403,390.374,,0.798,10.404,8.064,1018.236,,,,13.466,3.473,4.606,15.131,450.825,,,0.923,2.462,20.448,48.083,2001.279,,,7674.762,,,,10.711,0.017,0.157,1.619,,0.048,,,,9786.967,,16.937,-1.23,5.798,-7.067,567.411,,0.0,3128.121,0.0,0.001,0.001,,,0.001,-13.12,0.0,-0.004,0.026,,
,CIS,2011,4.562,106.299,4.782,353.897,0.395,30.315,4.204,411.477,,,-18.421,0.003,-0.072,0.319,,,18.166,5.344,15.178,78.53,1547.905,,,2436.554,,,,237.703,915.076,647.696,212.748,175.489,29.676,,0.652,213.414,0.002,0.013,1308.507,,,,4.808,90.115,421.564,9190.302,,,69.933,,49.499,3.428,53.731,181.626,5479.703,,,7754.005,,16.259,-2.484,5.406,-14.047,551.329,,,29.721,388.904,,-0.991,9.885,-10.087,1008.149,,,,13.411,0.876,4.459,3.949,454.774,,,2.268,8.065,21.206,161.408,2162.687,,,7705.076,,,,4.399,0.017,0.071,1.69,,0.05,,,,10198.443,,16.31,-2.474,5.426,-14.036,553.375,,0.0,655.556,0.0,0.004,0.005,,,0.001,27.291,0.0,0.007,0.032,,
,CIS,2012,6.098,148.581,-1.449,-112.382,0.628,48.379,1.053,107.357,,,6.452,0.003,0.021,0.339,,,18.032,4.813,15.743,74.498,1622.403,,,2585.135,,,,239.893,932.466,661.687,213.037,179.845,30.886,,0.598,213.659,0.006,0.018,1330.408,,,,1.105,90.162,101.596,9291.898,,,70.089,,49.736,-0.781,52.756,-42.822,5436.881,,,7641.624,,16.013,-0.471,5.324,-2.598,548.731,,,29.578,393.504,,0.571,9.838,5.761,1013.91,,,,13.518,1.861,4.495,8.463,463.237,,,2.322,3.233,21.664,69.92,2232.606,,,7753.455,,,,-8.89,0.015,-0.15,1.54,,0.045,,,,10305.8,,16.06,-0.488,5.343,-2.702,550.673,,0.0,245.882,0.0,0.012,0.016,,,0.001,43.601,0.0,0.014,0.047,,
,CIS,2013,2.136,55.23,1.847,141.11,1.324,102.625,-1.528,-157.517,,,-21.212,0.003,-0.072,0.267,,,17.802,-5.434,15.118,-88.159,1534.244,,,2640.365,,,,235.641,914.033,668.461,229.437,174.868,9.932,,0.634,230.111,0.019,0.021,1323.675,,,,-1.945,89.78,-180.719,9111.18,,,69.053,,50.5,-1.463,52.791,-79.527,5357.354,,,7782.733,,17.333,7.05,5.788,38.684,587.415,,,30.595,404.979,,2.288,10.22,23.202,1037.112,,,,13.211,-3.353,4.412,-15.533,447.704,,,0.75,-0.584,21.871,-13.033,2219.573,,,7856.08,,,,5.412,0.016,0.083,1.623,,0.048,,,,10148.283,,17.384,7.034,5.808,38.735,589.408,,0.001,195.378,0.0,0.032,0.048,,,0.002,15.889,0.001,0.007,0.054,,
,CIS,2014,0.531,14.024,-2.17,-168.913,0.436,34.275,0.789,80.06,,,6.634,0.003,0.018,0.285,,,17.224,-2.43,14.635,-37.285,1496.96,,,2654.389,,,,230.443,927.266,684.2,221.144,183.222,12.623,,0.733,222.181,0.177,0.126,1337.935,,,,0.935,89.91,85.172,9196.351,,,69.306,,51.138,0.492,52.635,26.347,5383.701,,,7613.821,,16.529,-4.192,5.502,-24.622,562.793,,,30.301,405.403,,-0.493,10.09,-5.112,1032.0,,,,13.694,4.15,4.559,18.58,466.284,,,0.943,4.33,22.64,96.109,2315.683,,,7890.355,,,,14.981,0.018,0.243,1.866,,0.055,,,,10228.343,,16.606,-4.02,5.531,-23.692,565.716,,0.013,835.66,0.004,0.403,0.451,,,0.009,491.423,0.003,0.266,0.32,,
,CIS,2015,2.993,79.449,-0.847,-64.484,0.887,70.007,-1.124,-114.979,,,-21.298,0.002,-0.061,0.224,,,16.937,1.205,14.98,18.038,1514.998,,,2733.838,,,,227.107,920.762,679.931,215.426,198.258,13.724,,0.682,216.847,0.411,0.329,1340.887,,,,-1.45,89.614,-133.322,9063.029,,,68.668,,50.708,-1.882,52.232,-101.339,5282.362,,,7549.337,,16.066,-3.166,5.389,-17.817,544.976,,,30.958,415.105,,1.777,10.386,18.343,1050.343,,,,14.786,7.562,4.959,35.261,501.546,,,1.023,-2.16,22.403,-50.021,2265.662,,,7960.363,,,,-7.619,0.017,-0.142,1.724,,0.051,,,,10113.364,,16.172,-2.991,5.426,-16.918,548.797,,0.031,130.353,0.01,0.588,1.04,,,0.025,160.283,0.008,0.513,0.832,,
,CIS,2016,2.58,70.545,0.183,13.785,1.704,135.64,1.309,132.398,,,166.655,0.006,0.374,0.598,,,17.242,-2.31,14.445,-34.993,1480.005,,,2804.383,,,,236.105,927.941,675.251,236.336,198.995,16.585,,0.643,238.139,0.636,0.524,1369.322,,,,0.914,89.265,82.842,9145.871,,,67.766,,49.313,1.678,52.422,88.637,5370.999,,,7563.122,,17.259,9.057,5.801,49.359,594.336,,,31.923,437.133,,4.718,10.735,49.556,1099.899,,,,14.532,-0.222,4.884,-1.114,500.431,,,1.211,1.289,22.398,29.198,2294.86,,,8096.003,,,,-6.217,0.016,-0.107,1.617,,0.047,,,,10245.762,,17.391,9.233,5.851,50.67,599.468,,0.046,53.826,0.016,0.56,1.6,,,0.038,58.27,0.013,0.485,1.318,,
,CIS,2017,6.736,188.894,5.796,438.385,0.894,72.41,1.135,116.284,,,65.924,0.01,0.394,0.992,,,17.813,-2.083,13.985,-30.826,1449.179,,,2993.278,,,,246.365,930.069,673.937,240.847,205.761,9.767,,0.735,242.97,0.781,0.607,1383.046,,,,1.021,89.164,93.363,9239.234,,,67.248,,48.728,2.015,52.878,108.235,5479.233,,,8001.507,,17.414,1.309,5.811,7.782,602.118,,,32.445,448.731,,2.084,10.836,22.921,1122.82,,,,14.877,2.792,4.964,13.971,514.402,,,0.706,0.695,22.301,15.955,2310.814,,,8168.413,,,,13.707,0.018,0.222,1.839,,0.053,,,,10362.045,,17.568,1.493,5.872,8.95,608.418,,0.056,22.012,0.019,0.352,1.952,,,0.044,15.173,0.015,0.2,1.517,,
,CIS,2018,6.932,207.489,5.14,411.246,1.786,145.887,4.766,493.843,,,38.098,0.013,0.378,1.37,,,18.044,6.638,14.235,96.202,1545.381,,,3200.767,,,,255.57,958.231,693.788,244.313,206.657,8.874,,0.727,246.822,0.953,0.829,1416.357,,,,5.284,89.605,488.224,9727.458,,,67.655,,48.984,5.972,53.487,327.211,5806.444,,,8412.753,,17.249,0.846,5.593,5.094,607.212,,,32.017,453.479,,0.5,10.395,5.619,1128.439,,,,14.591,-0.152,4.731,-0.78,513.622,,,0.627,2.805,21.883,64.811,2375.625,,,8314.3,,,,-1.752,0.017,-0.032,1.806,,0.051,,,,10855.888,,17.427,1.052,5.663,6.399,614.817,,0.067,21.315,0.022,0.416,2.368,,,0.059,35.795,0.019,0.543,2.061,,
,CIS,2019,-0.457,-14.627,2.009,169.029,0.626,52.088,-0.469,-50.891,,,25.149,0.016,0.345,1.715,,,17.839,-2.123,13.999,-32.815,1512.566,,,3186.14,,,,254.889,960.037,692.318,248.467,211.183,12.831,,0.765,252.265,1.693,1.34,1428.819,,,,-0.738,89.363,-71.767,9655.691,,,67.191,,48.454,-1.111,53.141,-64.524,5741.92,,,8581.782,,17.39,1.325,5.694,8.046,615.258,,,32.436,463.448,,1.85,10.637,20.876,1149.314,,,,14.78,1.813,4.84,9.314,522.936,,,0.898,1.076,22.223,25.572,2401.198,,,8366.387,,,,4.892,0.018,0.088,1.895,,0.054,,,,10804.997,,17.655,1.88,5.797,11.561,626.378,,0.119,77.105,0.039,1.826,4.193,,,0.094,60.987,0.031,1.257,3.317,,
,CIS,2020,-7.789,-248.183,-6.502,-558.026,-8.244,-689.752,-4.576,-494.396,,,12.917,0.019,0.222,1.936,,,16.422,-4.963,13.942,-75.068,1437.498,,,2937.957,,,,229.436,898.964,657.948,265.587,218.014,11.58,,0.76,273.7,4.754,2.599,1397.091,,,,-5.801,88.216,-560.136,9095.556,,,64.345,,47.094,-6.267,52.199,-359.85,5382.07,,,8023.756,,19.01,6.498,6.355,39.977,655.235,,,35.196,491.714,,5.72,11.784,65.739,1215.054,,,,15.605,2.855,5.217,14.93,537.867,,,0.829,-5.215,22.074,-125.218,2275.98,,,7676.635,,,,-1.036,0.018,-0.02,1.875,,0.054,,,,10310.601,,19.591,8.112,6.568,50.809,677.187,,0.34,179.73,0.114,7.536,11.73,,,0.186,93.264,0.062,3.094,6.411,,
