iso_code,country,year,coal_prod_change_pct,coal_prod_change_twh,gas_prod_change_pct,gas_prod_change_twh,oil_prod_change_pct,oil_prod_change_twh,energy_cons_change_pct,energy_cons_change_twh,biofuel_share_elec,biofuel_elec_per_capita,biofuel_cons_change_pct,biofuel_share_energy,biofuel_cons_change_twh,biofuel_consumption,biofuel_cons_per_capita,carbon_intensity_elec,coal_share_elec,coal_cons_change_pct,coal_share_energy,coal_cons_change_twh,coal_consumption,coal_elec_per_capita,coal_cons_per_capita,coal_production,coal_prod_per_capita,electricity_demand,biofuel_electricity,coal_electricity,fossil_electricity,gas_electricity,hydro_electricity,nuclear_electricity,oil_electricity,other_renewable_exc_biofuel_electricity,other_renewable_electricity,renewables_electricity,solar_electricity,wind_electricity,electricity_generation,greenhouse_gas_emissions,energy_per_gdp,energy_per_capita,fossil_cons_change_pct,fossil_share_energy,fossil_cons_change_twh,fossil_fuel_consumption,fossil_energy_per_capita,fossil_cons_per_capita,fossil_share_elec,gdp,gas_share_elec,gas_cons_change_pct,gas_share_energy,gas_cons_change_twh,gas_consumption,gas_elec_per_capita,gas_energy_per_capita,gas_production,gas_prod_per_capita,hydro_share_elec,hydro_cons_change_pct,hydro_share_energy,hydro_cons_change_twh,hydro_consumption,hydro_elec_per_capita,hydro_energy_per_capita,low_carbon_share_elec,low_carbon_electricity,low_carbon_elec_per_capita,low_carbon_cons_change_pct,low_carbon_share_energy,low_carbon_cons_change_twh,low_carbon_consumption,low_carbon_energy_per_capita,net_elec_imports_share_demand,net_elec_imports,nuclear_share_elec,nuclear_cons_change_pct,nuclear_share_energy,nuclear_cons_change_twh,nuclear_consumption,nuclear_elec_per_capita,nuclear_energy_per_capita,oil_share_elec,oil_cons_change_pct,oil_share_energy,oil_cons_change_twh,oil_consumption,oil_elec_per_capita,oil_energy_per_capita,oil_production,oil_prod_per_capita,other_renewables_elec_per_capita_exc_biofuel,other_renewables_elec_per_capita,other_renewables_cons_change_pct,other_renewables_share_energy,other_renewables_cons_change_twh,other_renewable_consumption,other_renewables_share_elec_exc_biofuel,other_renewables_share_elec,other_renewables_energy_per_capita,per_capita_electricity,population,primary_energy_consumption,renewables_elec_per_capita,renewables_share_elec,renewables_cons_change_pct,renewables_share_energy,renewables_cons_change_twh,renewables_consumption,renewables_energy_per_capita,solar_share_elec,solar_cons_change_pct,solar_share_energy,solar_cons_change_twh,solar_consumption,solar_elec_per_capita,solar_energy_per_capita,wind_share_elec,wind_cons_change_pct,wind_share_energy,wind_cons_change_twh,wind_consumption,wind_elec_per_capita,wind_energy_per_capita
COL,Colombia,1900,,,,,,,,,,,,,,,,,,,,,,,,0.0,0.0,,,,,,,,,,,,,,,,,,,,,,,,,4353822000.0,,,,,,,,0.0,0.0,,,,,,,,,,,,,,,,,,,,,,,,,,,,,,,,0.0,0.0,,,,,,,,,,,4089052.0,,,,,,,,,,,,,,,,,,,,,,
COL,Colombia,1901,,0.0,,0.0,,0.0,,,,,,,,,,,,,,,,,,0.0,0.0,,,,,,,,,,,,,,,,,,,,,,,,,4413478000.0,,,,,,,,0.0,0.0,,,,,,,,,,,,,,,,,,,,,,,,,,,,,,,,0.0,0.0,,,,,,,,,,,4169022.0,,,,,,,,,,,,,,,,,,,,,,
COL,Colombia,1902,,0.0,,0.0,,0.0,,,,,,,,,,,,,,,,,,0.0,0.0,,,,,,,,,,,,,,,,,,,,,,,,,4486636000.0,,,,,,,,0.0,0.0,,,,,,,,,,,,,,,,,,,,,,,,,,,,,,,,0.0,0.0,,,,,,,,,,,4253078.0,,,,,,,,,,,,,,,,,,,,,,
COL,Colombia,1903,,0.0,,0.0,,0.0,,,,,,,,,,,,,,,,,,0.0,0.0,,,,,,,,,,,,,,,,,,,,,,,,,4548537000.0,,,,,,,,0.0,0.0,,,,,,,,,,,,,,,,,,,,,,,,,,,,,,,,0.0,0.0,,,,,,,,,,,4341351.0,,,,,,,,,,,,,,,,,,,,,,
COL,Colombia,1904,,0.0,,0.0,,0.0,,,,,,,,,,,,,,,,,,0.0,0.0,,,,,,,,,,,,,,,,,,,,,,,,,4620044000.0,,,,,,,,0.0,0.0,,,,,,,,,,,,,,,,,,,,,,,,,,,,,,,,0.0,0.0,,,,,,,,,,,4431454.0,,,,,,,,,,,,,,,,,,,,,,
COL,Colombia,1905,,0.0,,0.0,,0.0,,,,,,,,,,,,,,,,,,0.0,0.0,,,,,,,,,,,,,,,,,,,,,,,,,4696164000.0,,,,,,,,0.0,0.0,,,,,,,,,,,,,,,,,,,,,,,,,,,,,,,,0.0,0.0,,,,,,,,,,,4523427.0,,,,,,,,,,,,,,,,,,,,,,
COL,Colombia,1906,,0.0,,0.0,,0.0,,,,,,,,,,,,,,,,,,0.0,0.0,,,,,,,,,,,,,,,,,,,,,,,,,4827840000.0,,,,,,,,0.0,0.0,,,,,,,,,,,,,,,,,,,,,,,,,,,,,,,,0.0,0.0,,,,,,,,,,,4617308.0,,,,,,,,,,,,,,,,,,,,,,
COL,Colombia,1907,,0.0,,0.0,,0.0,,,,,,,,,,,,,,,,,,0.0,0.0,,,,,,,,,,,,,,,,,,,,,,,,,5151876000.0,,,,,,,,0.0,0.0,,,,,,,,,,,,,,,,,,,,,,,,,,,,,,,,0.0,0.0,,,,,,,,,,,4713137.0,,,,,,,,,,,,,,,,,,,,,,
COL,Colombia,1908,,0.0,,0.0,,0.0,,,,,,,,,,,,,,,,,,0.0,0.0,,,,,,,,,,,,,,,,,,,,,,,,,5448520000.0,,,,,,,,0.0,0.0,,,,,,,,,,,,,,,,,,,,,,,,,,,,,,,,0.0,0.0,,,,,,,,,,,4810953.0,,,,,,,,,,,,,,,,,,,,,,
COL,Colombia,1909,,0.0,,0.0,,0.0,,,,,,,,,,,,,,,,,,0.0,0.0,,,,,,,,,,,,,,,,,,,,,,,,,5737221000.0,,,,,,,,0.0,0.0,,,,,,,,,,,,,,,,,,,,,,,,,,,,,,,,0.0,0.0,,,,,,,,,,,4914696.0,,,,,,,,,,,,,,,,,,,,,,
COL,Colombia,1910,,0.0,,0.0,,0.0,,,,,,,,,,,,,,,,,,0.0,0.0,,,,,,,,,,,,,,,,,,,,,,,,,6073380000.0,,,,,,,,0.0,0.0,,,,,,,,,,,,,,,,,,,,,,,,,,,,,,,,0.0,0.0,,,,,,,,,,,5024586.0,,,,,,,,,,,,,,,,,,,,,,
COL,Colombia,1911,,0.0,,0.0,,0.0,,,,,,,,,,,,,,,,,,0.0,0.0,,,,,,,,,,,,,,,,,,,,,,,,,6377220000.0,,,,,,,,0.0,0.0,,,,,,,,,,,,,,,,,,,,,,,,,,,,,,,,0.0,0.0,,,,,,,,,,,5140850.0,,,,,,,,,,,,,,,,,,,,,,
COL,Colombia,1912,,0.0,,0.0,,0.0,,,,,,,,,,,,,,,,,,0.0,0.0,,,,,,,,,,,,,,,,,,,,,,,,,6704847000.0,,,,,,,,0.0,0.0,,,,,,,,,,,,,,,,,,,,,,,,,,,,,,,,0.0,0.0,,,,,,,,,,,5263723.0,,,,,,,,,,,,,,,,,,,,,,
COL,Colombia,1913,,0.0,,0.0,,0.0,,,,,,,,,,,,,,,,,,0.0,0.0,,,,,,,,,,,,,,,,,,,,,,,,,6997665000.0,,,,,,,,0.0,0.0,,,,,,,,,,,,,,,,,,,,,,,,,,,,,,,,0.0,0.0,,,,,,,,,,,5393447.0,,,,,,,,,,,,,,,,,,,,,,
COL,Colombia,1914,,0.0,,0.0,,0.0,,,,,,,,,,,,,,,,,,0.0,0.0,,,,,,,,,,,,,,,,,,,,,,,,,7312760000.0,,,,,,,,0.0,0.0,,,,,,,,,,,,,,,,,,,,,,,,,,,,,,,,0.0,0.0,,,,,,,,,,,5526368.0,,,,,,,,,,,,,,,,,,,,,,
COL,Colombia,1915,,0.0,,0.0,,0.0,,,,,,,,,,,,,,,,,,0.0,0.0,,,,,,,,,,,,,,,,,,,,,,,,,7693476000.0,,,,,,,,0.0,0.0,,,,,,,,,,,,,,,,,,,,,,,,,,,,,,,,0.0,0.0,,,,,,,,,,,5662563.0,,,,,,,,,,,,,,,,,,,,,,
COL,Colombia,1916,,0.0,,0.0,,0.0,,,,,,,,,,,,,,,,,,0.0,0.0,,,,,,,,,,,,,,,,,,,,,,,,,8144268000.0,,,,,,,,0.0,0.0,,,,,,,,,,,,,,,,,,,,,,,,,,,,,,,,0.0,0.0,,,,,,,,,,,5802114.0,,,,,,,,,,,,,,,,,,,,,,
COL,Colombia,1917,,0.0,,0.0,,0.0,,,,,,,,,,,,,,,,,,0.0,0.0,,,,,,,,,,,,,,,,,,,,,,,,,8527428000.0,,,,,,,,0.0,0.0,,,,,,,,,,,,,,,,,,,,,,,,,,,,,,,,0.0,0.0,,,,,,,,,,,5945103.0,,,,,,,,,,,,,,,,,,,,,,
COL,Colombia,1918,,0.0,,0.0,,0.0,,,,,,,,,,,,,,,,,,0.0,0.0,,,,,,,,,,,,,,,,,,,,,,,,,9061105000.0,,,,,,,,0.0,0.0,,,,,,,,,,,,,,,,,,,,,,,,,,,,,,,,0.0,0.0,,,,,,,,,,,6089178.0,,,,,,,,,,,,,,,,,,,,,,
COL,Colombia,1919,,0.0,,0.0,,0.0,,,,,,,,,,,,,,,,,,0.0,0.0,,,,,,,,,,,,,,,,,,,,,,,,,9865224000.0,,,,,,,,0.0,0.0,,,,,,,,,,,,,,,,,,,,,,,,,,,,,,,,0.0,0.0,,,,,,,,,,,6237076.0,,,,,,,,,,,,,,,,,,,,,,
COL,Colombia,1920,,0.0,,0.0,,0.0,,,,,,,,,,,,,,,,,,0.0,0.0,,,,,,,,,,,,,,,,,,,,,,,,,10605591000.0,,,,,,,,0.0,0.0,,,,,,,,,,,,,,,,,,,,,,,,,,,,,,,,0.0,0.0,,,,,,,,,,,6388898.0,,,,,,,,,,,,,,,,,,,,,,
COL,Colombia,1921,,0.0,,0.0,,0.116,,,,,,,,,,,,,,,,,,0.0,0.0,,,,,,,,,,,,,,,,,,,,,,,,,11275606000.0,,,,,,,,0.0,0.0,,,,,,,,,,,,,,,,,,,,,,,,,,,,,,,,0.116,17.77,,,,,,,,,,,6544748.0,,,,,,,,,,,,,,,,,,,,,,
COL,Colombia,1922,,0.0,,0.0,360.0,0.419,,,,,,,,,,,,,,,,,,0.0,0.0,,,,,,,,,,,,,,,,,,,,,,,,,12103689000.0,,,,,,,,0.0,0.0,,,,,,,,,,,,,,,,,,,,,,,,,,,,,,,,0.535,79.791,,,,,,,,,,,6704732.0,,,,,,,,,,,,,,,,,,,,,,
COL,Colombia,1923,,0.0,,0.0,32.609,0.174,,,,,,,,,,,,,,,,,,0.0,0.0,,,,,,,,,,,,,,,,,,,,,,,,,12948370000.0,,,,,,,,0.0,0.0,,,,,,,,,,,,,,,,,,,,,,,,,,,,,,,,0.709,103.281,,,,,,,,,,,6868958.0,,,,,,,,,,,,,,,,,,,,,,
COL,Colombia,1924,,0.0,,0.0,4.918,0.035,,,,,,,,,,,,,,,,,,0.0,0.0,,,,,,,,,,,,,,,,,,,,,,,,,13764000000.0,,,,,,,,0.0,0.0,,,,,,,,,,,,,,,,,,,,,,,,,,,,,,,,0.744,105.769,,,,,,,,,,,7037207.0,,,,,,,,,,,,,,,,,,,,,,
COL,Colombia,1925,,0.0,,0.0,125.0,0.93,,,,,,,,,,,,,,,,,,0.0,0.0,,,,,,,,,,,,,,,,,,,,,,,,,14122000000.0,,,,,,,,0.0,0.0,,,,,,,,,,,,,,,,,,,,,,,,,,,,,,,,1.675,232.291,,,,,,,,,,,7209577.0,,,,,,,,,,,,,,,,,,,,,,
COL,Colombia,1926,,0.0,,0.0,538.889,9.025,,,,,,,,,,,,,,,,,,0.0,0.0,,,,,,,,,,,,,,,,,,,,,,,,,15471048000.0,,,,,,,,0.0,0.0,,,,,,,,,,,,,,,,,,,,,,,,,,,,,,,,10.7,1448.601,,,,,,,,,,,7386169.0,,,,,,,,,,,,,,,,,,,,,,
COL,Colombia,1927,,0.0,,0.0,133.043,14.235,,,,,,,,,,,,,,,,,,0.0,0.0,,,,,,,,,,,,,,,,,,,,,,,,,16868370000.0,,,,,,,,0.0,0.0,,,,,,,,,,,,,,,,,,,,,,,,,,,,,,,,24.935,3295.157,,,,,,,,,,,7567087.0,,,,,,,,,,,,,,,,,,,,,,
COL,Colombia,1928,,0.814,,0.0,32.509,8.106,,,,,,,,,,,,,,,,,,0.814,105.012,,,,,,,,,,,,,,,,,,,,,,,,,18107000000.0,,,,,,,,0.0,0.0,,,,,,,,,,,,,,,,,,,,,,,,,,,,,,,,33.041,4261.997,,,,,,,,,,,7752436.0,,,,,,,,,,,,,,,,,,,,,,
COL,Colombia,1929,0.0,0.0,,0.0,2.464,0.814,,,,,,,,,,,,,,,,,,0.814,102.704,,,,,,,,,,,,,,,,,,,,,,,,,18762579000.0,,,,,,,,0.0,0.0,,,,,,,,,,,,,,,,,,,,,,,,,,,,,,,,33.855,4271.005,,,,,,,,,,,7926695.0,,,,,,,,,,,,,,,,,,,,,,
COL,Colombia,1930,0.0,0.0,,0.0,-4.431,-1.5,,,,,,,,,,,,,,,,,,0.814,100.638,,,,,,,,,,,,,,,,,,,,,,,,,18597900000.0,,,,,,,,0.0,0.0,,,,,,,,,,,,,,,,,,,,,,,,,,,,,,,,32.355,3999.661,,,,,,,,,,,8089358.0,,,,,,,,,,,,,,,,,,,,,,
COL,Colombia,1931,-100.0,-0.814,,0.0,-10.712,-3.466,,,,,,,,,,,,,,,,,,0.0,0.0,,,,,,,,,,,,,,,,,,,,,,,,,18484772000.0,,,,,,,,0.0,0.0,,,,,,,,,,,,,,,,,,,,,,,,,,,,,,,,28.889,3505.979,,,,,,,,,,,8239907.0,,,,,,,,,,,,,,,,,,,,,,
COL,Colombia,1932,,0.0,,0.0,-9.944,-2.873,,,,,,,,,,,,,,,,,,0.0,0.0,,,,,,,,,,,,,,,,,,,,,,,,,19522536000.0,,,,,,,,0.0,0.0,,,,,,,,,,,,,,,,,,,,,,,,,,,,,,,,26.016,3105.388,,,,,,,,,,,8377804.0,,,,,,,,,,,,,,,,,,,,,,
COL,Colombia,1933,,0.733,,0.0,-19.893,-5.175,,,,,,,,,,,,,,,,,,0.733,86.174,,,,,,,,,,,,,,,,,,,,,,,,,20617314000.0,,,,,,,,0.0,0.0,,,,,,,,,,,,,,,,,,,,,,,,,,,,,,,,20.841,2451.16,,,,,,,,,,,8502496.0,,,,,,,,,,,,,,,,,,,,,,
COL,Colombia,1934,178.889,1.311,,0.0,31.808,6.629,,,,,,,,,,,,,,,,,,2.043,236.804,,,,,,,,,,,,,,,,,,,,,,,,,20183168000.0,,,,,,,,0.0,0.0,,,,,,,,,,,,,,,,,,,,,,,,,,,,,,,,27.47,3183.444,,,,,,,,,,,8629045.0,,,,,,,,,,,,,,,,,,,,,,
COL,Colombia,1935,50.598,1.034,,0.0,1.693,0.465,,,,,,,,,,,,,,,,,,3.077,351.391,,,,,,,,,,,,,,,,,,,,,,,,,22447854000.0,,,,,,,,0.0,0.0,,,,,,,,,,,,,,,,,,,,,,,,,,,,,,,,27.935,3189.878,,,,,,,,,,,8757477.0,,,,,,,,,,,,,,,,,,,,,,
COL,Colombia,1936,3.968,0.122,,0.0,7.244,2.024,,,,,,,,,,,,,,,,,,3.199,359.978,,,,,,,,,,,,,,,,,,,,,,,,,23624440000.0,,,,,,,,0.0,0.0,,,,,,,,,,,,,,,,,,,,,,,,,,,,,,,,29.959,3370.782,,,,,,,,,,,8887820.0,,,,,,,,,,,,,,,,,,,,,,
COL,Colombia,1937,-13.995,-0.448,,6.418,8.967,2.687,,,,,,,,,,,,,,,,,,2.752,305.059,,,,,,,,,,,,,,,,,,,,,,,,,23999809000.0,,,,,,,,6.418,711.475,,,,,,,,,,,,,,,,,,,,,,,,,,,,,,,,32.645,3619.186,,,,,,,,,,,9020104.0,,,,,,,,,,,,,,,,,,,,,,
COL,Colombia,1938,-2.071,-0.057,2.37,0.152,6.306,2.059,,,,,,,,,,,,,,,,,,2.695,294.36,,,,,,,,,,,,,,,,,,,,,,,,,25566476000.0,,,,,,,,6.57,717.656,,,,,,,,,,,,,,,,,,,,,,,,,,,,,,,,34.704,3790.976,,,,,,,,,,,9154356.0,,,,,,,,,,,,,,,,,,,,,,
COL,Colombia,1939,5.438,0.147,2.315,0.152,10.59,3.675,,,,,,,,,,,,,,,,,,2.841,305.271,,,,,,,,,,,,,,,,,,,,,,,,,27135595000.0,,,,,,,,6.722,722.216,,,,,,,,,,,,,,,,,,,,,,,,,,,,,,,,38.379,4123.6,,,,,,,,,,,9307166.0,,,,,,,,,,,,,,,,,,,,,,
COL,Colombia,1940,49.57,1.408,2.263,0.152,7.121,2.733,,,,,,,,,,,,,,,,,,4.25,448.308,,,,,,,,,,,,,,,,,,,,,,,,,27714654000.0,,,,,,,,6.874,725.154,,,,,,,,,,,,,,,,,,,,,,,,,,,,,,,,41.112,4337.082,,,,,,,,,,,9479203.0,,,,,,,,,,,,,,,,,,,,,,
COL,Colombia,1941,-22.989,-0.977,2.213,0.152,-3.593,-1.477,,,,,,,,,,,,,,,,,,3.273,338.397,,,,,,,,,,,,,,,,,,,,,,,,,28181648000.0,,,,,,,,7.026,726.489,,,,,,,,,,,,,,,,,,,,,,,,,,,,,,,,39.635,4098.278,,,,,,,,,,,9671152.0,,,,,,,,,,,,,,,,,,,,,,
COL,Colombia,1942,43.781,1.433,2.165,0.152,-57.013,-22.597,,,,,,,,,,,,,,,,,,4.706,476.086,,,,,,,,,,,,,,,,,,,,,,,,,28239320000.0,,,,,,,,7.178,726.253,,,,,,,,,,,,,,,,,,,,,,,,,,,,,,,,17.038,1723.841,,,,,,,,,,,9883722.0,,,,,,,,,,,,,,,,,,,,,,
COL,Colombia,1943,-16.436,-0.773,2.119,0.152,26.485,4.512,,,,,,,,,,,,,,,,,,3.932,388.639,,,,,,,,,,,,,,,,,,,,,,,,,28360080000.0,,,,,,,,7.33,724.496,,,,,,,,,,,,,,,,,,,,,,,,,,,,,,,,21.55,2129.984,,,,,,,,,,,10117640.0,,,,,,,,,,,,,,,,,,,,,,
COL,Colombia,1944,6.832,0.269,2.075,0.152,69.077,14.886,,,,,,,,,,,,,,,,,,4.201,405.592,,,,,,,,,,,,,,,,,,,,,,,,,30282120000.0,,,,,,,,7.482,722.431,,,,,,,,,,,,,,,,,,,,,,,,,,,,,,,,36.437,3518.054,,,,,,,,,,,10357094.0,,,,,,,,,,,,,,,,,,,,,,
COL,Colombia,1945,3.682,0.155,2.033,0.152,0.766,0.279,,,,,,,,,,,,,,,,,,4.355,410.805,,,,,,,,,,,,,,,,,,,,,,,,,31689663000.0,,,,,,,,7.634,720.075,,,,,,,,,,,,,,,,,,,,,,,,,,,,,,,,36.716,3463.044,,,,,,,,,,,10602215.0,,,,,,,,,,,,,,,,,,,,,,
COL,Colombia,1946,3.551,0.155,1.992,0.152,-1.742,-0.64,,,,,,,,,,,,,,,,,,4.51,415.559,,,,,,,,,,,,,,,,,,,,,,,,,34558035000.0,,,,,,,,7.786,717.442,,,,,,,,,,,,,,,,,,,,,,,,,,,,,,,,36.076,3324.043,,,,,,,,,,,10853137.0,,,,,,,,,,,,,,,,,,,,,,
COL,Colombia,1947,-8.664,-0.391,-9.194,-0.716,11.38,4.105,,,,,,,,,,,,,,,,,,4.119,370.779,,,,,,,,,,,,,,,,,,,,,,,,,35922180000.0,,,,,,,,7.071,636.421,,,,,,,,,,,,,,,,,,,,,,,,,,,,,,,,40.182,3616.714,,,,,,,,,,,11109998.0,,,,,,,,,,,,,,,,,,,,,,
COL,Colombia,1948,1.581,0.065,-38.011,-2.688,-4.747,-1.907,,,,,,,,,,,,,,,,,,4.184,367.933,,,,,,,,,,,,,,,,,,,,,,,,,37032976000.0,,,,,,,,4.383,385.392,,,,,,,,,,,,,,,,,,,,,,,,,,,,,,,,38.274,3365.389,,,,,,,,,,,11372938.0,,,,,,,,,,,,,,,,,,,,,,
COL,Colombia,1949,1.362,0.057,41.547,1.821,24.916,9.537,,,,,,,,,,,,,,,,,,4.241,363.668,,,,,,,,,,,,,,,,,,,,,,,,,39081965000.0,,,,,,,,6.204,531.944,,,,,,,,,,,,,,,,,,,,,,,,,,,,,,,,47.811,4099.363,,,,,,,,,,,11663023.0,,,,,,,,,,,,,,,,,,,,,,
COL,Colombia,1950,93.858,3.981,3.239,0.201,14.595,6.978,,,,,,,,,,,,,,,,,,8.222,686.255,,,,,,,,,,,,,,,,,,,,,,,,,39782570256.0,,,,,,,,6.405,534.572,,,,,,,,,,,,,,,,,,,,,,,,,,,,,,,,54.789,4572.769,,,,,,,,,,,11981576.0,,,,,,,,,,,,,,,,,,,,,,
COL,Colombia,1951,10.396,0.855,-4.118,-0.264,12.736,6.978,,,,,,,,,,,,,,,,,,9.077,738.228,,,,,,,,,,,,,,,,,,,,,,,,,41004055000.0,,,,,,,,6.141,499.455,,,,,,,,,,,,,,,,,,,,,,,,,,,,,,,,61.767,5023.354,,,,,,,,,,,12295965.0,,,,,,,,,,,,,,,,,,,,,,
COL,Colombia,1952,-13.363,-1.213,-58.282,-3.579,0.791,0.488,,,,,,,,,,,,,,,,,,7.864,622.469,,,,,,,,,,,,,,,,,,,,,,,,,43585870859.0,,,,,,,,2.562,202.788,,,,,,,,,,,,,,,,,,,,,,,,,,,,,,,,62.255,4927.651,,,,,,,,,,,12633899.0,,,,,,,,,,,,,,,,,,,,,,
COL,Colombia,1953,27.329,2.149,137.255,3.516,1.887,1.175,,,,,,,,,,,,,,,,,,10.013,770.629,,,,,,,,,,,,,,,,,,,,,,,,,46268367351.0,,,,,,,,6.078,467.797,,,,,,,,,,,,,,,,,,,,,,,,,,,,,,,,63.43,4881.546,,,,,,,,,,,12993849.0,,,,,,,,,,,,,,,,,,,,,,
COL,Colombia,1954,21.951,2.198,12.603,0.766,1.393,0.884,,,,,,,,,,,,,,,,,,12.212,913.041,,,,,,,,,,,,,,,,,,,,,,,,,49475969277.0,,,,,,,,6.845,511.762,,,,,,,,,,,,,,,,,,,,,,,,,,,,,,,,64.314,4808.684,,,,,,,,,,,13374543.0,,,,,,,,,,,,,,,,,,,,,,
COL,Colombia,1955,23.333,2.849,-1.101,-0.075,-0.669,-0.43,,,,,,,,,,,,,,,,,,15.061,1093.348,,,,,,,,,,,,,,,,,,,,,,,,,51404936115.0,,,,,,,,6.769,491.414,,,,,,,,,,,,,,,,,,,,,,,,,,,,,,,,63.884,4637.651,,,,,,,,,,,13774999.0,,,,,,,,,,,,,,,,,,,,,,
COL,Colombia,1956,8.108,1.221,15.213,1.03,11.123,7.106,,,,,,,,,,,,,,,,,,16.282,1147.06,,,,,,,,,,,,,,,,,,,,,,,,,53465742331.0,,,,,,,,7.799,549.439,,,,,,,,,,,,,,,,,,,,,,,,,,,,,,,,70.99,5001.182,,,,,,,,,,,14194561.0,,,,,,,,,,,,,,,,,,,,,,
COL,Colombia,1957,0.0,0.0,1.932,0.151,3.653,2.593,,,,,,,,,,,,,,,,,,16.282,1112.707,,,,,,,,,,,,,,,,,,,,,,,,,55423409218.0,,,,,,,,7.95,543.284,,,,,,,,,,,,,,,,,,,,,,,,,,,,,,,,73.583,5028.641,,,,,,,,,,,14632794.0,,,,,,,,,,,,,,,,,,,,,,
COL,Colombia,1958,22.0,3.582,25.434,2.022,0.237,0.174,,,,,,,,,,,,,,,,,,19.864,1316.414,,,,,,,,,,,,,,,,,,,,,,,,,56811536046.0,,,,,,,,9.972,660.838,,,,,,,,,,,,,,,,,,,,,,,,,,,,,,,,73.758,4887.996,,,,,,,,,,,15089522.0,,,,,,,,,,,,,,,,,,,,,,
COL,Colombia,1959,1.639,0.326,-51.134,-5.099,14.491,10.688,,,,,,,,,,,,,,,,,,20.19,1297.153,,,,,,,,,,,,,,,,,,,,,,,,,60891009660.0,,,,,,,,4.873,313.071,,,,,,,,,,,,,,,,,,,,,,,,,,,,,,,,84.445,5425.476,,,,,,,,,,,15564624.0,,,,,,,,,,,,,,,,,,,,,,
COL,Colombia,1960,4.839,0.977,4.124,0.201,4.448,3.756,,,,,,,,,,,,,,,,,,21.167,1318.159,,,,,,,,,,,,,,,,,,,,,,,,,63491853460.0,,,,,,,,5.074,315.971,,,,,,,,,,,,,,,,,,,,,,,,,,,,,,,,88.202,5492.811,,,,,,,,,,,16057714.0,,,,,,,,,,,,,,,,,,,,,,
COL,Colombia,1961,7.692,1.628,3.218,0.163,-4.562,-4.024,,,,,,,,,,,,,,,,,,22.795,1375.849,,,,,,,,,,,,,,,,,,,,,,,,,66711826076.0,,,,,,,,5.237,316.097,,,,,,,,,,,,,,,,,,,,,,,,,,,,,,,,84.178,5080.815,,,,,,,,,,,16567816.0,,,,,,,,,,,,,,,,,,,,,,
COL,Colombia,1962,7.143,1.628,41.966,2.198,-2.473,-2.082,,,,,,,,,,,,,,,,,,24.423,1428.838,,,,,,,,,,,,,,,,,,,,,,,,,70335874475.0,,,,,,,,7.435,434.966,,,,,,,,,,,,,,,,,,,,,,,,,,,,,,,,82.096,4802.938,,,,,,,,,,,17092920.0,,,,,,,,,,,,,,,,,,,,,,
COL,Colombia,1963,6.667,1.628,18.581,1.381,16.56,13.595,,,,,,,,,,,,,,,,,,26.051,1477.666,,,,,,,,,,,,,,,,,,,,,,,,,72640510380.0,,,,,,,,8.816,500.075,,,,,,,,,,,,,,,,,,,,,,,,,,,,,,,,95.692,5427.784,,,,,,,,,,,17629978.0,,,,,,,,,,,,,,,,,,,,,,
COL,Colombia,1964,-6.25,-1.628,18.803,1.658,4.485,4.291,,,,,,,,,,,,,,,,,,24.423,1343.756,,,,,,,,,,,,,,,,,,,,,,,,,77135760000.0,,,,,,,,10.474,576.285,,,,,,,,,,,,,,,,,,,,,,,,,,,,,,,,99.983,5501.081,,,,,,,,,,,18175188.0,,,,,,,,,,,,,,,,,,,,,,
COL,Colombia,1965,2.4,0.586,8.633,0.904,23.933,23.929,,,,,,,,,,,,,26.538,,23.423,,1250.87,25.009,1335.586,,,,,,3.544,0.0,,,0.0,3.544,0.0,0.0,,,1.104,4713.55,,88.847,,78.418,4187.83,,,79917506050.0,,,10.142,,8.951,,478.032,11.378,607.646,,,11.153,,9.844,189.261,525.724,,3.544,189.261,,11.153,,9.844,525.724,,,,,0.0,,0.0,0.0,0.0,,,52.167,,46.044,,2458.928,123.912,6617.397,,0.0,,0.0,,0.0,,,0.0,,18725242.0,88.262,189.261,,,11.153,,9.844,525.724,,,0.0,,0.0,0.0,0.0,,,0.0,,0.0,0.0,0.0
COL,Colombia,1966,-18.62,-4.657,21.302,2.424,-1.977,-2.45,8.963,7.911,,,,,,,,,,0.0,24.355,0.0,23.423,,1214.894,20.353,1055.643,,,,,,3.937,0.0,,,0.0,3.937,0.0,0.0,,,1.143,4988.309,8.695,88.628,6.819,85.237,4421.048,,,84161191356.0,,4.301,9.708,0.385,9.336,,484.252,13.802,715.891,,11.097,11.372,1.092,10.937,204.215,567.266,,3.937,204.215,11.097,11.372,1.092,10.937,567.266,,,,,0.0,0.0,0.0,0.0,0.0,,13.972,54.566,6.434,52.477,,2721.901,121.462,6299.992,,0.0,,0.0,0.0,0.0,,,0.0,,19279734.0,96.173,204.215,,11.097,11.372,1.092,10.937,567.266,,,0.0,0.0,0.0,0.0,0.0,,,0.0,0.0,0.0,0.0,0.0
COL,Colombia,1967,24.0,4.885,4.732,0.653,-3.53,-4.288,6.458,6.211,,,,,,,,,,9.732,25.104,2.279,25.702,,1295.643,25.237,1272.192,,,,,,4.389,0.0,,,0.0,4.389,0.0,0.0,,,1.167,5161.134,5.813,88.092,4.955,90.192,4546.526,,,87712751826.0,,23.711,11.281,2.214,11.55,,582.231,14.455,728.683,,11.481,11.908,1.256,12.192,221.26,614.613,,4.389,221.26,11.481,11.908,1.256,12.192,614.613,,,,,0.0,0.0,0.0,0.0,0.0,,0.88,51.707,0.462,52.939,,2668.652,117.174,5906.707,,0.0,,0.0,0.0,0.0,,,0.0,,19837508.0,102.384,221.26,,11.481,11.908,1.256,12.192,614.613,,,0.0,0.0,0.0,0.0,0.0,,,0.0,0.0,0.0,0.0,0.0
COL,Colombia,1968,0.0,0.0,5.387,0.779,-8.113,-9.507,5.35,5.478,,,,,,,,,,-8.914,21.705,-2.291,23.411,,1147.963,25.237,1237.496,,,,,,4.891,0.0,,,0.0,4.891,0.0,0.0,,,1.159,5288.964,4.528,87.404,4.084,94.275,4622.775,,,93093547365.0,,1.917,10.913,0.221,11.771,,577.207,15.234,746.99,,11.432,12.596,1.394,13.586,239.83,666.194,,4.891,239.83,11.432,12.596,1.394,13.586,666.194,,,,,0.0,0.0,0.0,0.0,0.0,,11.624,54.786,6.153,59.093,,2897.605,107.668,5279.461,,0.0,,0.0,0.0,0.0,,,0.0,,20393704.0,107.862,239.83,,11.432,12.596,1.394,13.586,666.194,,,0.0,0.0,0.0,0.0,0.0,,,0.0,0.0,0.0,0.0,0.0
COL,Colombia,1969,7.0,1.767,10.305,1.57,21.346,22.983,1.725,1.861,,,,,,,,,,6.756,22.778,1.582,24.993,,1193.408,27.004,1289.425,,,,,,5.438,0.0,,,0.0,5.438,0.0,0.0,,,1.108,5239.245,0.363,86.233,0.342,94.617,4517.964,,,99003200160.0,,9.199,11.715,1.083,12.854,,613.787,16.804,802.377,,11.183,13.767,1.519,15.105,259.663,721.286,,5.438,259.663,11.183,13.767,1.519,15.105,721.286,,,,,0.0,0.0,0.0,0.0,0.0,,-3.931,51.74,-2.323,56.77,,2710.769,130.65,6238.542,,0.0,,0.0,0.0,0.0,,,0.0,,20942454.0,109.723,259.663,,11.183,13.767,1.519,15.105,721.286,,,0.0,0.0,0.0,0.0,0.0,,,0.0,0.0,0.0,0.0,0.0
COL,Colombia,1970,-31.625,-8.54,-25.652,-4.311,4.682,6.118,9.097,9.981,,,,,,,,,,4.374,21.792,1.093,26.086,,1214.434,18.464,859.579,,,,,,6.053,0.0,,,0.0,6.053,0.0,0.0,,,1.133,5572.795,8.744,85.954,8.274,102.891,4790.066,,,105691073256.0,,-2.808,10.437,-0.361,12.493,,581.621,12.493,581.621,,11.305,14.046,1.708,16.813,281.784,782.734,,6.053,281.784,11.305,14.046,1.708,16.813,782.734,,,,,0.0,0.0,0.0,0.0,0.0,,13.284,53.725,7.541,64.311,,2994.011,136.768,6367.203,,0.0,,0.0,0.0,0.0,,,0.0,,21480064.0,119.704,281.784,,11.305,14.046,1.708,16.813,782.734,,,0.0,0.0,0.0,0.0,0.0,,,0.0,0.0,0.0,0.0,0.0
COL,Colombia,1971,11.993,2.214,4.092,0.511,-0.715,-0.978,-1.715,-2.052,,,,,,,,,,-22.233,17.243,-5.8,20.286,,921.938,20.678,939.746,,,,,,6.423,0.0,,,0.0,6.423,0.0,0.0,,,1.051,5346.834,-2.995,84.834,-3.082,99.809,4535.948,,,111964219689.0,,4.092,11.053,0.511,13.004,,591.007,13.004,591.007,,6.124,15.166,1.03,17.843,291.92,810.89,,6.423,291.92,6.124,15.166,1.03,17.843,810.89,,,,,0.0,0.0,0.0,0.0,0.0,,3.431,56.538,2.207,66.518,,3023.003,135.789,6171.13,,0.0,,0.0,0.0,0.0,,,0.0,,22003982.0,117.652,291.92,,6.124,15.166,1.03,17.843,810.89,,,0.0,0.0,0.0,0.0,0.0,,,0.0,0.0,0.0,0.0,0.0
COL,Colombia,1972,3.583,0.741,22.154,2.881,-9.407,-12.774,12.327,14.502,,,,,,,,,,3.9,15.949,0.791,21.077,,936.094,21.419,951.26,,,,,,7.115,0.0,,,0.0,7.115,0.0,0.0,,,1.096,5869.226,12.605,85.045,12.581,112.39,4991.473,,,120559375720.0,,22.152,12.02,2.881,15.885,,705.497,15.886,705.507,,10.767,14.955,1.921,19.764,315.992,877.757,,7.115,315.992,10.767,14.955,1.921,19.764,877.757,,,,,0.0,0.0,0.0,0.0,0.0,,13.394,57.075,8.909,75.427,,3349.883,123.015,5463.364,,0.0,,0.0,0.0,0.0,,,0.0,,22516430.0,132.154,315.992,,10.767,14.955,1.921,19.764,877.757,,,0.0,0.0,0.0,0.0,0.0,,,0.0,0.0,0.0,0.0,0.0
COL,Colombia,1973,15.849,3.395,3.617,0.575,-5.951,-7.321,-0.144,-0.19,,,,,,,,,,1.84,16.266,0.388,21.465,,932.282,24.814,1077.712,,,,,,7.743,0.0,,,0.0,7.743,0.0,0.0,,,1.026,5731.443,-1.722,83.701,-1.936,110.454,4797.255,,,128657101287.0,,3.618,12.473,0.575,16.46,,714.891,16.46,714.89,,8.831,16.299,1.745,21.509,336.309,934.192,,7.743,336.309,8.831,16.299,1.745,21.509,934.192,,,,,0.0,0.0,0.0,0.0,0.0,,-3.843,54.961,-2.898,72.529,,3150.082,115.695,5024.851,,0.0,,0.0,0.0,0.0,,,0.0,,23024512.0,131.964,336.309,,8.831,16.299,1.745,21.509,934.192,,,0.0,0.0,0.0,0.0,0.0,,,0.0,0.0,0.0,0.0,0.0
COL,Colombia,1974,7.152,1.775,4.043,0.665,-8.788,-10.167,12.059,15.913,,,,,,,,,,20.927,17.553,4.492,25.957,,1102.769,26.589,1129.581,,,,,,8.792,0.0,,,0.0,8.792,0.0,0.0,,,1.087,6282.376,11.77,83.485,13.0,123.455,5244.823,,,136089666000.0,,4.045,11.581,0.666,17.126,,727.567,17.126,727.556,,13.543,16.515,2.913,24.422,373.52,1037.557,,8.792,373.52,13.543,16.515,2.913,24.422,1037.557,,,,,0.0,0.0,0.0,0.0,0.0,,10.813,54.35,7.842,80.371,,3414.487,105.528,4483.231,,0.0,,0.0,0.0,0.0,,,0.0,,23538390.0,147.877,373.52,,13.543,16.515,2.913,24.422,1037.557,,,0.0,0.0,0.0,0.0,0.0,,,0.0,0.0,0.0,0.0,0.0
COL,Colombia,1975,5.542,1.474,-12.903,-2.21,-6.33,-6.679,2.06,3.047,,,,,,,,,,1.646,17.482,0.427,26.385,,1096.366,28.062,1166.07,,,,,,9.732,0.0,,,0.189,9.921,0.0,0.0,,,1.084,6271.367,-0.073,81.74,-0.09,123.365,5126.198,,,139249500000.0,,-5.743,10.696,-0.984,16.142,,670.764,14.916,619.798,,10.694,17.912,2.612,27.034,404.409,1123.359,,9.921,412.262,12.844,18.26,3.137,27.559,1145.174,,,,,0.0,0.0,0.0,0.0,0.0,,0.58,53.562,0.466,80.838,,3359.068,98.849,4107.48,,7.854,,0.348,0.525,0.525,,,21.815,,24065502.0,150.924,412.262,,12.844,18.26,3.137,27.559,1145.174,,,0.0,0.0,0.0,0.0,0.0,,,0.0,0.0,0.0,0.0,0.0
COL,Colombia,1976,5.019,1.408,1.557,0.232,-6.561,-6.486,4.173,6.299,,,,,,,,,,-2.194,16.414,-0.579,25.806,,1048.668,29.47,1197.591,,,,,,10.226,0.0,,,0.202,10.428,0.0,0.0,,,1.078,6389.045,3.964,81.575,4.89,128.255,5211.883,,,145807684000.0,,6.581,10.943,1.062,17.204,,699.14,15.148,615.57,,5.077,18.068,1.373,28.407,415.571,1154.366,,10.428,423.78,5.111,18.425,1.409,28.968,1177.167,,,,,0.0,0.0,0.0,0.0,0.0,,5.451,54.219,4.407,85.244,,3464.075,92.363,3753.354,,8.209,6.878,0.357,0.036,0.561,,,22.802,,24608102.0,157.222,423.78,,5.111,18.425,1.409,28.968,1177.167,,,0.0,0.0,0.0,0.0,0.0,,,0.0,0.0,0.0,0.0,0.0
COL,Colombia,1977,16.133,4.754,13.38,2.027,-5.975,-5.519,2.271,3.57,,,,,,,,,,2.515,16.453,0.649,26.455,,1051.267,34.225,1360.04,,,,,,10.452,0.0,,,0.192,10.644,0.0,0.0,,,1.059,6389.63,2.317,81.612,2.972,131.226,5214.722,,,151869474000.0,,11.917,11.975,2.05,19.255,,765.155,17.175,682.498,,2.204,18.056,0.626,29.033,415.339,1153.72,,10.644,422.969,2.065,18.388,0.598,29.566,1174.914,,,,,0.0,0.0,0.0,0.0,0.0,,0.32,53.185,0.272,85.517,,3398.3,86.844,3451.055,,7.63,-4.95,0.332,-0.028,0.533,,,21.194,,25164544.0,160.792,422.969,,2.065,18.388,0.598,29.566,1174.914,,,0.0,0.0,0.0,0.0,0.0,,,0.0,0.0,0.0,0.0,0.0
COL,Colombia,1978,13.083,4.478,32.801,5.634,-4.937,-4.288,6.969,11.205,,,,,,,,,,1.074,15.546,0.284,26.739,,1039.06,38.702,1503.957,,,,,,12.071,0.0,,,0.206,12.277,0.0,0.0,,,1.044,6683.739,5.081,80.172,6.667,137.893,5358.476,,,164779725000.0,,23.869,13.867,4.596,23.851,,926.831,22.808,886.319,,15.496,19.496,4.499,33.532,469.091,1303.032,,12.277,477.096,15.348,19.828,4.538,34.104,1325.269,,,,,0.0,0.0,0.0,0.0,0.0,,2.09,50.759,1.787,87.304,,3392.584,82.556,3208.109,,8.005,7.292,0.333,0.039,0.572,,,22.236,,25733670.0,171.997,477.096,,15.348,19.828,4.538,34.104,1325.269,,,0.0,0.0,0.0,0.0,0.0,,,0.0,0.0,0.0,0.0,0.0
COL,Colombia,1979,2.756,1.066,14.239,3.248,-5.936,-4.9,6.231,10.717,,,,,,,,,,0.872,14.762,0.233,26.972,,1025.045,39.769,1511.375,,,,,,13.259,0.0,,,0.216,13.475,0.0,0.0,,,1.053,6943.862,5.359,79.514,7.389,145.283,5521.322,,,173587376000.0,,7.844,14.077,1.871,25.722,,977.522,26.056,990.233,,9.84,20.158,3.3,36.831,503.907,1399.742,,13.475,512.116,9.757,20.486,3.327,37.431,1422.545,,,,,0.0,0.0,0.0,0.0,0.0,,6.054,50.674,5.285,92.589,,3518.755,77.656,2951.243,,8.209,4.854,0.328,0.028,0.6,,,22.802,,26312996.0,182.714,512.116,,9.757,20.486,3.327,37.431,1422.545,,,0.0,0.0,0.0,0.0,0.0,,,0.0,0.0,0.0,0.0,0.0
COL,Colombia,1980,-22.218,-8.836,6.865,1.789,1.856,1.441,1.709,3.123,,,,,,,,,,4.876,15.221,1.315,28.287,,1051.546,30.933,1149.897,,,,,,14.447,0.0,,,0.227,14.674,0.0,0.0,,,1.028,6908.292,-0.142,78.066,-0.207,145.076,5393.04,,,180717966000.0,,10.303,15.267,2.65,28.372,,1054.684,27.845,1035.101,,8.958,21.595,3.299,40.131,537.054,1491.817,,14.674,545.492,8.896,21.934,3.33,40.761,1515.258,,,,,0.0,0.0,0.0,0.0,0.0,,-4.506,47.578,-4.172,88.417,,3286.81,79.097,2940.362,,8.439,5.093,0.339,0.031,0.631,,,23.44,,26900508.0,185.837,545.492,,8.896,21.934,3.33,40.761,1515.258,,,0.0,0.0,0.0,0.0,0.0,,,0.0,0.0,0.0,0.0,0.0
COL,Colombia,1981,3.52,1.089,9.604,2.674,6.697,5.297,2.375,4.414,,,,,,,,,,1.884,15.148,0.533,28.82,,1048.131,32.022,1164.571,,,,,,14.265,0.0,,,0.212,14.477,0.0,0.0,,,1.031,6919.072,3.419,78.862,4.961,150.036,5456.538,,,184572130000.0,,7.976,16.102,2.263,30.634,,1114.12,30.519,1109.919,,-1.258,20.828,-0.505,39.626,518.804,1441.122,,14.477,526.514,-1.34,21.138,-0.546,40.215,1462.539,,,,,0.0,0.0,0.0,0.0,0.0,,2.448,47.612,2.165,90.582,,3294.288,84.394,3069.253,,7.71,-6.608,0.31,-0.042,0.589,,,21.417,,27496608.0,190.251,526.514,,-1.34,21.138,-0.546,40.215,1462.539,,,0.0,0.0,0.0,0.0,0.0,,,0.0,0.0,0.0,0.0,0.0
COL,Colombia,1982,10.806,3.46,6.609,2.017,5.373,4.534,4.57,8.694,,,,,,,,,,4.123,15.084,1.188,30.008,,1067.841,35.482,1262.623,,,,,,15.239,0.0,,,0.231,15.47,0.0,0.0,,,1.067,7079.437,3.958,78.401,5.938,155.974,5550.326,,,186378548000.0,,7.824,16.603,2.397,33.031,,1175.414,32.536,1157.79,,6.822,21.277,2.703,42.329,542.261,1506.283,,15.47,550.482,6.853,21.599,2.756,42.971,1529.117,,,,,0.0,0.0,0.0,0.0,0.0,,2.598,46.714,2.353,92.935,,3307.071,88.928,3164.509,,8.22,8.962,0.323,0.053,0.642,,,22.834,,28101824.0,198.945,550.482,,6.853,21.599,2.756,42.971,1529.117,,,0.0,0.0,0.0,0.0,0.0,,,0.0,0.0,0.0,0.0,0.0
COL,Colombia,1983,14.284,5.068,9.864,3.209,7.3,6.491,5.102,10.15,,,,,,,,,,10.218,15.818,3.066,33.075,,1151.854,40.55,1412.208,,,,,,15.366,0.0,,,0.234,15.6,0.0,0.0,,,1.104,7281.948,6.276,79.276,9.788,165.763,5772.848,,,189368025000.0,,10.682,17.485,3.529,36.56,,1273.231,35.745,1244.873,,0.835,20.413,0.353,42.683,535.128,1486.469,,15.6,543.278,0.842,20.724,0.362,43.333,1509.106,,,,,0.0,0.0,0.0,0.0,0.0,,3.436,45.973,3.194,96.128,,3347.763,95.42,3323.093,,8.149,1.299,0.311,0.008,0.65,,,22.637,,28714184.0,209.095,543.278,,0.842,20.724,0.362,43.333,1509.106,,,0.0,0.0,0.0,0.0,0.0,,,0.0,0.0,0.0,0.0,0.0
COL,Colombia,1984,31.343,12.71,1.665,0.595,9.93,9.475,2.664,5.569,,,,,,,,,,4.11,16.041,1.359,34.434,,1173.966,53.26,1815.81,,,,,,17.14,0.0,,,0.255,17.395,0.0,0.0,,,1.094,7318.633,0.351,77.49,0.582,166.345,5671.245,,,196136136000.0,,-0.695,16.913,-0.254,36.306,,1237.786,36.341,1238.978,,11.548,22.18,4.929,47.612,584.368,1623.245,,17.395,593.061,11.509,22.51,4.987,48.32,1647.394,,,,,0.0,0.0,0.0,0.0,0.0,,-0.544,44.537,-0.523,95.605,,3259.493,104.895,3576.212,,8.694,8.974,0.33,0.058,0.708,,,24.149,,29331230.0,214.665,593.061,,11.509,22.51,4.987,48.32,1647.394,,,0.0,0.0,0.0,0.0,0.0,,,0.0,0.0,0.0,0.0,0.0
COL,Colombia,1985,35.212,18.754,2.0,0.727,5.566,5.839,3.961,8.504,,,,,,,,,,3.139,15.914,1.081,35.515,,1185.754,72.014,2404.367,,,,,,18.441,0.0,,,0.267,18.708,0.0,0.0,29.375,,1.102,7451.06,2.92,76.714,4.858,171.202,5716.041,,,202554132000.0,,0.348,16.325,0.127,36.432,,1216.388,37.068,1237.597,62.778,7.588,22.953,3.613,51.224,615.694,1710.263,63.687,18.708,624.609,7.545,23.286,3.646,51.966,1735.025,,,0.0,,0.0,0.0,0.0,0.0,0.0,,3.818,44.475,3.65,99.255,,3313.899,110.734,3697.134,,8.915,4.706,0.332,0.033,0.742,,0.909,24.763,980.751,29951194.0,223.168,624.609,63.687,7.545,23.286,3.646,51.966,1735.025,0.0,,0.0,0.0,0.0,0.0,0.0,0.0,,0.0,0.0,0.0,0.0,0.0
COL,Colombia,1986,19.646,14.148,-2.539,-0.941,68.593,75.956,3.262,7.279,,,,,,,,,,-1.257,15.218,-0.446,35.068,,1147.06,86.161,2818.26,,,,,,21.333,0.0,,,0.266,21.599,0.0,0.0,31.653,,1.072,7537.738,-0.439,73.965,-0.752,170.45,5575.288,,,214958400000.0,,1.753,16.086,0.639,37.071,,1212.554,36.126,1181.667,67.396,15.684,25.714,8.034,59.258,697.783,1938.287,68.237,21.599,706.484,15.454,26.035,8.031,59.997,1962.456,,,0.0,,0.0,0.0,0.0,0.0,0.0,,-0.951,42.661,-0.944,98.311,,3215.675,186.689,6106.452,,8.701,-0.375,0.321,-0.003,0.739,,0.84,24.168,1035.341,30572478.0,230.447,706.484,68.237,15.454,26.035,8.031,59.997,1962.456,0.0,,0.0,0.0,0.0,0.0,0.0,0.0,,0.0,0.0,0.0,0.0,0.0
COL,Colombia,1987,35.923,30.951,5.378,1.943,26.841,50.11,8.728,20.113,,,,,,,,,,25.738,17.598,9.026,44.094,,1413.487,117.112,3754.156,,,,,,23.248,0.0,,,0.268,23.516,0.0,0.0,33.68,,1.106,8031.956,8.676,73.93,14.789,185.239,5938.031,,,226482432000.0,,1.525,15.021,0.566,37.636,,1206.468,38.069,1220.347,69.024,8.975,25.773,5.318,64.577,745.224,2070.067,69.82,23.516,753.815,8.874,26.07,5.324,65.321,2093.931,,,0.0,,0.0,0.0,0.0,0.0,0.0,,5.287,41.311,5.198,103.509,,3318.076,236.799,7590.823,,8.591,0.752,0.297,0.006,0.744,,0.796,23.864,1079.654,31195418.0,250.56,753.815,69.82,8.874,26.07,5.324,65.321,2093.931,0.0,,0.0,0.0,0.0,0.0,0.0,0.0,,0.0,0.0,0.0,0.0,0.0
COL,Colombia,1988,3.474,4.069,-3.568,-1.358,-1.801,-4.265,0.071,0.178,,,,,,,,,,-20.229,14.028,-8.92,35.175,,1105.339,121.181,3808.025,,,,,,24.519,0.0,,,0.274,24.793,0.0,0.0,35.473,,1.064,7879.265,-1.82,72.533,-3.372,181.868,5715.062,,,235710466000.0,,0.377,15.067,0.142,37.778,,1187.155,36.711,1153.609,69.121,5.471,27.164,3.533,68.109,770.504,2140.292,69.893,24.793,779.115,5.434,27.467,3.55,68.871,2164.209,,,0.0,,0.0,0.0,0.0,0.0,0.0,,5.223,43.438,5.406,108.915,,3422.568,232.534,7307.209,,8.61,2.239,0.304,0.017,0.761,,0.772,23.917,1114.721,31822528.0,250.738,779.115,69.893,5.434,27.467,3.55,68.871,2164.209,0.0,,0.0,0.0,0.0,0.0,0.0,0.0,,0.0,0.0,0.0,0.0,0.0
COL,Colombia,1989,25.171,30.502,1.067,0.392,6.839,15.903,5.221,13.091,,,,,,,,,,15.86,15.447,5.579,40.753,,1255.593,151.683,4673.277,,,,,,26.782,0.0,,,0.274,27.056,0.0,0.0,37.021,,1.084,8128.451,3.742,71.513,6.806,188.673,5812.939,,,243368631000.0,,-4.551,13.668,-1.719,36.059,,1110.962,37.102,1143.11,72.343,9.228,28.198,6.285,74.395,825.144,2292.07,73.084,27.056,833.586,9.126,28.487,6.285,75.156,2315.519,,,0.0,,0.0,0.0,0.0,0.0,0.0,,2.705,42.399,2.946,111.861,,3446.384,248.437,7654.234,,8.442,0.0,0.288,0.0,0.761,,0.74,23.449,1140.593,32457496.0,263.829,833.586,73.084,9.126,28.487,6.285,75.156,2315.519,0.0,,0.0,0.0,0.0,0.0,0.0,0.0,,0.0,0.0,0.0,0.0,0.0
COL,Colombia,1990,8.285,12.567,5.777,2.144,9.417,23.396,-6.482,-17.102,,,,0.0,,0.0,0.0,,,-54.404,7.531,-22.171,18.582,,561.347,164.25,4961.837,,,,,,27.496,0.0,,,0.274,27.77,0.0,0.0,38.246,,0.973,7453.422,-10.115,68.735,-19.084,169.589,5123.139,,,253538201000.0,,3.773,15.166,1.361,37.42,,1130.412,39.246,1185.588,71.893,2.665,30.956,1.983,76.377,830.626,2307.296,72.609,27.77,838.903,2.638,31.265,1.983,77.139,2330.289,,,0.0,,0.0,0.0,0.0,0.0,0.0,,1.543,46.038,1.727,113.587,,3431.381,271.833,8211.852,,8.277,0.0,0.308,0.0,0.761,,0.716,22.993,1155.37,33102570.0,246.727,838.903,72.609,2.638,31.265,1.983,77.139,2330.289,0.0,,0.0,0.0,0.0,0.0,0.0,0.0,,0.0,0.0,0.0,0.0,0.0
COL,Colombia,1991,-2.135,-3.507,-0.98,-0.385,-3.402,-9.249,3.864,9.533,,,,0.0,0.0,0.0,0.0,,,25.761,9.119,4.787,23.369,,692.24,160.743,4761.574,,,,,,27.726,0.0,,,0.269,27.995,0.0,0.0,40.124,,0.988,7591.022,5.252,69.654,8.907,178.496,5287.473,,,259479426592.0,,3.108,15.056,1.163,38.582,,1142.904,38.862,1151.168,69.102,0.837,30.054,0.64,77.017,821.311,2281.421,69.772,27.995,829.279,0.811,30.346,0.626,77.764,2303.555,,,0.0,,0.0,0.0,0.0,0.0,0.0,,2.604,45.479,2.957,116.545,,3452.328,262.584,7778.359,,7.968,-1.825,0.292,-0.014,0.747,,0.67,22.134,1188.551,33758328.0,256.26,829.279,69.772,0.811,30.346,0.626,77.764,2303.555,0.0,,0.0,0.0,0.0,0.0,0.0,0.0,,0.0,0.0,0.0,0.0,0.0
COL,Colombia,1992,9.331,14.998,2.438,0.947,3.059,8.031,4.596,11.776,,,,0.0,0.0,0.0,0.0,,,67.261,14.583,15.718,39.087,,1135.506,175.741,5105.399,,,,,,22.281,0.0,,,0.34,22.621,0.0,0.0,36.613,,0.99,7786.656,14.961,76.557,26.706,205.202,5961.261,,,270671749454.0,,-1.599,14.164,-0.617,37.966,,1102.933,39.809,1156.48,60.854,-19.64,23.09,-15.126,61.891,647.267,1797.965,61.783,22.621,657.144,-19.198,23.443,-14.929,62.835,1825.401,,,0.0,,0.0,0.0,0.0,0.0,0.0,,9.957,47.81,11.604,128.149,,3722.822,270.616,7861.581,,9.877,26.394,0.352,0.197,0.944,,0.929,27.437,1063.636,34422568.0,268.037,657.144,61.783,-19.198,23.443,-14.929,62.835,1825.401,0.0,,0.0,0.0,0.0,0.0,0.0,0.0,,0.0,0.0,0.0,0.0,0.0
COL,Colombia,1993,-0.854,-1.501,-2.098,-0.835,3.279,8.873,10.097,27.064,,,,0.0,0.0,0.0,0.0,,,4.849,13.888,1.895,40.982,,1167.873,174.24,4965.346,,,,,,27.856,0.0,,,0.389,28.245,0.0,0.0,41.691,,1.032,8409.505,5.575,73.413,11.439,216.641,6173.642,,,286074446666.0,,3.822,13.357,1.451,39.417,,1123.265,38.974,1110.639,66.816,25.025,26.221,15.488,77.379,793.827,2205.076,67.749,28.245,804.912,24.866,26.587,15.624,78.459,2235.869,,,0.0,,0.0,0.0,0.0,0.0,0.0,,6.315,46.168,8.093,136.242,,3882.505,279.489,7964.633,,11.085,14.412,0.366,0.136,1.081,,0.933,30.793,1188.076,35091272.0,295.1,804.912,67.749,24.866,26.587,15.624,78.459,2235.869,0.0,,0.0,0.0,0.0,0.0,0.0,0.0,,0.0,0.0,0.0,0.0,0.0
COL,Colombia,1994,4.384,7.64,3.158,1.231,0.371,1.037,7.366,21.737,,,,0.0,0.0,0.0,0.0,,,14.461,14.805,5.926,46.909,,1311.799,181.88,5086.271,,,,,,32.058,0.0,,,0.444,32.502,0.0,0.0,45.024,,1.053,8860.35,4.575,71.504,9.912,226.553,6335.551,,,300754581784.0,,-1.066,12.308,-0.42,38.996,,1090.538,40.204,1124.319,71.202,15.085,28.106,11.672,89.051,896.513,2490.316,72.189,32.502,908.93,15.071,28.496,11.825,90.284,2524.806,,,0.0,,0.0,0.0,0.0,0.0,0.0,,3.234,44.391,4.406,140.648,,3933.214,280.526,7844.916,,12.416,14.139,0.389,0.153,1.233,,0.986,34.49,1259.104,35758976.0,316.837,908.93,72.189,15.071,28.496,11.825,90.284,2524.806,0.0,,0.0,0.0,0.0,0.0,0.0,0.0,,0.0,0.0,0.0,0.0,0.0
COL,Colombia,1995,13.567,24.676,4.837,1.944,28.584,80.185,1.552,4.917,,,,0.0,0.0,0.0,0.0,,,-10.513,13.046,-4.932,41.977,,1152.534,206.556,5671.269,,,,,,31.989,0.0,,,0.477,32.466,0.0,0.0,47.483,,1.017,8834.189,2.214,71.971,5.017,231.57,6358.057,,,316298604764.0,,6.349,12.89,2.476,41.472,,1138.685,42.149,1157.258,67.37,-0.215,27.617,-0.192,88.86,878.312,2439.759,68.374,32.466,891.409,-0.111,28.029,-0.1,90.185,2476.138,,,0.0,,0.0,0.0,0.0,0.0,0.0,,5.313,46.035,7.472,148.12,,4066.838,360.711,9903.817,,13.097,7.432,0.412,0.092,1.325,,1.005,36.38,1303.723,36421436.0,321.754,891.409,68.374,-0.111,28.029,-0.1,90.185,2476.138,0.0,,0.0,0.0,0.0,0.0,0.0,0.0,,0.0,0.0,0.0,0.0,0.0
COL,Colombia,1996,14.856,30.686,7.876,3.319,7.561,27.272,2.566,8.255,,,,0.0,0.0,0.0,0.0,,,-22.479,9.861,-9.436,32.541,,877.676,237.242,6398.742,,,,,,35.288,0.0,,,0.496,35.784,0.0,0.0,48.371,,1.023,8900.777,-0.414,69.88,-0.96,230.61,6219.858,,,322721916778.0,,8.753,13.667,3.63,45.103,,1216.483,45.468,1226.347,72.952,10.31,29.703,9.162,98.021,951.755,2643.765,73.977,35.784,965.132,10.217,30.12,9.215,99.399,2680.926,,,0.0,,0.0,0.0,0.0,0.0,0.0,,3.272,46.352,4.846,152.966,,4125.7,387.984,10464.438,,13.378,3.983,0.417,0.053,1.378,,1.025,37.161,1304.634,37076388.0,330.009,965.132,73.977,10.217,30.12,9.215,99.399,2680.926,0.0,,0.0,0.0,0.0,0.0,0.0,0.0,,0.0,0.0,0.0,0.0,0.0
COL,Colombia,1997,10.75,25.502,24.79,11.272,4.428,17.179,3.12,10.295,,,,0.0,0.0,0.0,0.0,,,18.437,11.325,6.0,38.541,,1021.653,262.745,6964.958,,,,,,31.476,0.0,,,0.483,31.959,0.0,0.0,49.906,,1.02,9020.919,9.071,73.913,20.919,251.529,6667.653,,,333737752170.0,,25.802,16.673,11.637,56.74,,1504.091,56.74,1504.09,63.07,-10.802,25.693,-10.589,87.433,834.374,2317.707,64.037,31.959,847.178,-10.689,26.087,-10.625,88.774,2353.273,,,0.0,,0.0,0.0,0.0,0.0,0.0,,2.146,45.914,3.283,156.248,,4141.909,405.162,10740.234,,12.804,-2.621,0.394,-0.036,1.342,,0.968,35.566,1322.94,37723804.0,340.303,847.178,64.037,-10.689,26.087,-10.625,88.774,2353.273,0.0,,0.0,0.0,0.0,0.0,0.0,0.0,,0.0,0.0,0.0,0.0,0.0
COL,Colombia,1998,2.501,6.572,14.373,8.155,15.992,64.793,0.392,1.334,,,,0.0,0.0,0.0,0.0,,,-4.898,10.729,-1.888,36.653,,955.394,269.317,7019.987,,,,,,30.782,0.0,,,0.532,31.314,0.0,0.0,50.283,,1.018,8905.091,1.243,74.54,3.126,254.655,6637.821,,,335547986369.0,,16.12,19.285,9.146,65.886,,1717.385,64.896,1691.559,61.217,-2.205,25.028,-1.928,85.505,802.352,2228.758,62.275,31.314,816.219,-2.018,25.46,-1.792,86.983,2267.277,,,0.0,,0.0,0.0,0.0,0.0,0.0,,-2.645,44.526,-4.132,152.116,,3965.042,469.955,12249.798,,13.867,10.145,0.433,0.136,1.478,,1.058,38.52,1310.675,38364308.0,341.638,816.219,62.275,-2.018,25.46,-1.792,86.983,2267.277,0.0,,0.0,0.0,0.0,0.0,0.0,0.0,,0.0,0.0,0.0,0.0,0.0
COL,Colombia,1999,-2.405,-6.476,-12.276,-7.966,8.159,38.344,-7.503,-25.633,,,,0.0,0.0,0.0,0.0,,,-20.137,9.263,-7.381,29.272,,750.576,262.841,6739.605,,,,,,33.701,0.0,,,0.457,34.158,0.0,0.0,47.775,,0.983,8102.799,-13.168,69.974,-33.533,221.123,5669.889,,,321381167213.0,,-13.625,18.009,-8.977,56.909,,1459.226,56.929,1459.738,70.541,9.483,29.624,8.108,93.613,864.131,2400.366,71.497,34.158,875.849,9.082,30.026,7.9,94.882,2432.917,,,0.0,,0.0,0.0,0.0,0.0,0.0,,-11.29,42.702,-17.175,134.941,,3460.086,508.299,13033.483,,11.718,-14.098,0.402,-0.208,1.269,,0.957,32.55,1225.01,38999468.0,316.005,875.849,71.497,9.082,30.026,7.9,94.882,2432.917,0.0,,0.0,0.0,0.0,0.0,0.0,0.0,,0.0,0.0,0.0,0.0,0.0
COL,Colombia,2000,16.755,44.04,0.754,0.429,-16.983,-86.326,-2.55,-8.057,0.427,4.542,,0.0,0.0,0.0,0.0,157.895,5.429,7.399,10.209,2.166,31.438,57.785,793.285,306.881,7743.65,42.24,0.18,2.29,10.24,7.54,31.75,0.0,0.41,0.0,0.18,31.94,0.01,0.0,42.18,6.66,0.931,7770.592,-0.071,71.754,-0.156,220.966,5575.739,258.39,24.277,330667819568.0,17.876,0.789,18.626,0.449,57.358,190.26,1447.342,57.358,1447.341,75.273,-8.56,27.797,-8.014,85.599,801.161,2159.964,75.723,31.94,805.956,-8.326,28.246,-7.9,86.982,2194.859,0.142,0.06,0.0,,0.0,0.0,0.0,0.0,0.0,0.972,-2.054,42.92,-2.771,132.17,10.346,3335.113,421.973,10647.818,0.0,4.542,8.534,0.447,0.108,1.378,0.0,0.427,34.766,1064.346,39629964.0,307.948,805.956,75.723,-8.326,28.246,-7.9,86.982,2194.859,0.024,,0.002,0.005,0.005,0.252,0.129,0.0,,0.0,0.0,0.0,0.0,0.0
COL,Colombia,2001,14.825,45.496,3.542,2.032,-12.322,-51.994,-1.607,-4.948,0.447,4.72,,0.0,0.0,0.0,0.0,164.351,5.675,-1.525,10.217,-0.479,30.958,59.867,769.04,352.377,8753.402,42.3,0.19,2.41,10.79,7.94,31.48,0.0,0.44,0.0,0.19,31.68,0.01,0.0,42.47,6.98,0.901,7526.848,-3.005,70.735,-6.64,214.327,5324.095,268.035,25.406,336149964573.0,18.696,3.542,19.601,2.032,59.39,197.238,1475.309,59.39,1475.308,74.123,1.984,28.811,1.699,87.298,781.996,2168.573,74.594,31.68,786.964,1.945,29.265,1.692,88.674,2202.759,-0.402,-0.17,0.0,,0.0,0.0,0.0,0.0,0.0,1.036,-6.198,40.917,-8.192,123.978,10.93,3079.746,369.978,9190.648,0.0,4.72,-0.649,0.452,-0.009,1.369,0.0,0.447,34.003,1054.999,40255956.0,303.0,786.964,74.594,1.945,29.265,1.692,88.674,2202.759,0.024,44.022,0.002,0.002,0.007,0.248,0.183,0.0,,0.0,0.0,0.0,0.0,0.0
COL,Colombia,2002,-10.082,-35.526,1.005,0.597,-4.305,-15.926,-0.371,-1.124,0.408,4.404,,0.0,0.0,0.0,0.0,152.416,5.194,-17.756,8.434,-5.497,25.461,56.024,622.904,316.851,7751.637,43.48,0.18,2.29,10.27,7.56,33.63,0.0,0.42,0.0,0.18,33.82,0.01,0.0,44.09,6.72,0.876,7385.284,-3.242,68.697,-6.947,207.379,5073.45,251.252,23.293,344483162621.0,17.147,1.005,19.871,0.597,59.987,184.952,1467.555,59.987,1467.554,76.276,6.69,30.853,5.84,93.138,822.745,2278.591,76.707,33.82,827.393,6.567,31.303,5.823,94.497,2311.84,-1.403,-0.61,0.0,,0.0,0.0,0.0,0.0,0.0,0.953,-1.651,40.391,-2.047,121.931,10.275,2982.99,354.052,8661.748,0.0,4.404,-1.647,0.446,-0.023,1.346,0.0,0.408,32.936,1078.645,40875364.0,301.876,827.393,76.707,6.567,31.303,5.823,94.497,2311.84,0.023,73.208,0.004,0.005,0.013,0.245,0.312,0.0,,0.0,0.0,0.0,0.0,0.0
COL,Colombia,2003,26.703,84.609,-4.146,-2.487,-6.401,-22.664,3.492,10.543,0.373,4.098,,0.0,0.0,0.0,0.0,140.132,4.693,10.853,9.034,2.763,28.225,51.586,680.381,401.46,9677.506,44.49,0.17,2.14,9.61,7.08,35.81,0.0,0.39,0.0,0.17,35.99,0.01,0.0,45.6,6.39,0.873,7531.088,2.467,68.016,5.116,212.495,5122.363,231.656,21.075,357898043719.0,15.526,-4.146,18.405,-2.487,57.5,170.669,1386.077,57.5,1386.076,78.531,5.818,31.547,5.419,98.557,863.227,2375.802,78.925,35.99,867.566,5.742,31.984,5.426,99.923,2408.731,-2.495,-1.11,0.0,,0.0,0.0,0.0,0.0,0.0,0.855,3.969,40.577,4.84,126.771,9.401,3055.905,331.388,7988.354,0.0,4.098,0.168,0.432,0.002,1.349,0.0,0.373,32.508,1099.222,41483872.0,312.419,867.566,78.925,5.742,31.984,5.426,99.923,2408.731,0.022,36.819,0.006,0.005,0.017,0.241,0.421,0.0,,0.0,0.0,0.0,0.0,0.0
COL,Colombia,2004,7.715,30.971,6.693,3.848,-2.082,-6.899,1.785,5.577,0.308,3.565,,0.0,0.0,0.0,0.0,124.231,4.059,-12.493,7.767,-3.526,24.699,47.058,587.004,432.432,10277.41,47.15,0.15,1.98,8.89,6.55,39.68,0.0,0.36,0.0,0.15,39.89,0.01,0.05,48.78,6.06,0.844,7557.65,0.148,66.922,0.314,212.809,5057.742,211.285,18.225,376905883533.0,13.428,6.693,19.292,3.848,61.348,155.671,1458.036,61.348,1458.035,81.345,5.278,32.629,5.202,103.76,943.056,2466.012,81.775,39.89,948.047,5.267,33.078,5.263,105.186,2499.913,-3.457,-1.63,0.0,,0.0,0.0,0.0,0.0,0.0,0.738,-0.007,39.863,-0.008,126.762,8.556,3012.703,324.489,7711.982,0.0,3.565,-6.257,0.398,-0.084,1.264,0.0,0.308,30.045,1159.332,42075952.0,317.995,948.047,81.775,5.267,33.078,5.263,105.186,2499.913,0.021,23.408,0.007,0.004,0.022,0.238,0.512,0.103,,0.044,0.141,0.141,1.188,3.345
COL,Colombia,2005,10.74,46.443,5.078,3.115,-0.675,-2.19,0.273,0.869,0.344,3.986,,0.054,0.171,0.171,4.006,132.725,4.397,-36.991,4.881,-9.136,15.562,50.882,364.905,478.875,11228.61,47.61,0.17,2.17,9.72,7.16,39.4,0.0,0.39,0.0,0.17,39.63,0.01,0.05,49.35,6.55,0.808,7476.694,-0.53,66.386,-1.127,211.682,4963.509,227.914,19.696,394523859368.0,14.509,5.078,20.217,3.115,64.463,167.887,1511.534,64.463,1511.533,79.838,1.676,33.086,1.74,105.499,923.847,2473.738,80.304,39.63,929.241,1.897,33.614,1.996,107.182,2513.191,-3.655,-1.74,0.0,,0.0,0.0,0.0,0.0,0.0,0.79,3.861,41.289,4.894,131.656,9.145,3087.07,322.299,7557.232,0.0,3.986,7.027,0.424,0.089,1.353,0.0,0.344,31.725,1157.154,42647732.0,318.864,929.241,80.304,1.897,33.614,1.996,107.182,2513.191,0.02,19.097,0.008,0.004,0.026,0.234,0.601,0.101,-5.43,0.042,-0.008,0.133,1.172,3.121
COL,Colombia,2006,10.426,49.929,4.938,3.183,0.237,0.764,11.85,37.786,0.398,4.861,742.345,0.403,1.268,1.439,33.311,130.286,4.286,184.855,12.43,28.768,44.33,52.314,1026.138,528.804,12240.574,50.94,0.21,2.26,10.14,7.47,42.31,0.0,0.41,0.0,0.21,42.59,0.01,0.06,52.73,6.87,0.847,8255.625,13.33,67.264,28.216,239.899,5553.094,234.717,19.23,420866911274.0,14.167,4.938,18.967,3.183,67.647,172.913,1565.867,67.647,1565.866,80.239,7.826,31.895,8.256,113.755,979.378,2633.173,80.77,42.59,985.859,8.929,32.736,9.57,116.752,2702.538,-3.514,-1.79,0.0,,0.0,0.0,0.0,0.0,0.0,0.778,-2.837,35.868,-3.735,127.922,9.491,2961.089,323.063,7478.144,0.0,4.861,2.675,0.39,0.036,1.389,0.0,0.398,32.157,1220.576,43200904.0,356.65,985.859,80.77,8.929,32.736,9.57,116.752,2702.538,0.019,-100.0,0.0,-0.026,0.0,0.231,0.0,0.114,26.486,0.047,0.035,0.168,1.389,3.897
COL,Colombia,2007,5.605,29.642,7.291,4.932,0.699,2.257,0.262,0.933,0.351,4.344,19.135,0.479,0.275,1.714,39.198,124.562,3.949,-11.951,10.915,-5.298,39.032,48.928,892.414,558.446,12768.115,53.35,0.19,2.14,9.94,7.41,44.0,0.0,0.39,0.0,0.19,44.25,0.01,0.05,54.19,6.75,0.795,8175.675,-1.262,66.242,-3.027,236.872,5415.765,227.265,18.343,449786944478.0,13.674,5.868,20.028,3.97,71.616,169.42,1637.414,72.579,1659.419,81.196,3.307,32.864,3.762,117.518,1006.001,2686.889,81.657,44.25,1011.717,3.392,33.758,3.96,120.712,2759.917,-1.575,-0.84,0.0,,0.0,0.0,0.0,0.0,0.0,0.72,-1.327,35.299,-1.698,126.224,8.917,2885.937,325.32,7438.007,0.0,4.344,-3.032,0.377,-0.042,1.347,0.0,0.351,30.799,1238.982,43737512.0,357.584,1011.717,81.657,3.392,33.758,3.96,120.712,2759.917,0.018,,0.0,0.0,0.0,0.229,0.0,0.092,-21.28,0.037,-0.036,0.133,1.143,3.03
COL,Colombia,2008,5.15,28.759,20.13,14.61,10.954,35.635,8.187,29.276,0.309,3.841,50.517,0.667,0.866,2.58,58.31,111.738,3.439,32.307,13.349,12.61,51.642,42.707,1166.923,587.205,13268.676,53.55,0.17,1.89,8.78,6.55,45.94,0.0,0.34,0.0,0.17,46.17,0.01,0.05,54.95,6.14,0.831,8741.62,10.161,67.451,24.068,260.94,5896.281,198.396,15.978,465645795125.0,11.92,1.585,18.806,1.135,72.751,148.006,1643.91,87.189,1970.143,83.603,3.689,31.498,4.336,121.853,1038.075,2753.439,84.022,46.17,1043.273,4.315,32.549,5.209,125.921,2845.347,-2.614,-1.4,0.0,,0.0,0.0,0.0,0.0,0.0,0.619,8.178,35.296,10.323,136.546,7.683,3085.448,360.954,8156.247,0.0,3.841,-0.187,0.348,-0.003,1.345,0.0,0.309,30.382,1241.668,44254972.0,386.86,1043.273,84.022,4.315,32.549,5.209,125.921,2845.347,0.018,,0.0,0.0,0.0,0.226,0.0,0.091,7.401,0.037,0.01,0.142,1.13,3.216
COL,Colombia,2009,-0.945,-5.55,15.976,13.93,13.803,49.821,-1.858,-7.186,0.627,7.821,57.843,1.073,1.493,4.073,91.019,169.889,5.711,-8.019,12.511,-4.141,47.501,71.285,1061.471,581.655,12997.864,54.8,0.35,3.19,14.8,11.03,40.64,0.0,0.58,0.0,0.35,41.06,0.01,0.06,55.86,9.49,0.802,8484.319,1.817,69.976,4.743,265.682,5937.027,330.726,26.495,473234345857.0,19.746,15.178,22.07,11.042,83.793,246.48,1872.473,101.118,2259.622,72.753,-12.079,28.218,-14.718,107.135,908.155,2394.079,73.505,41.06,917.541,-9.473,30.024,-11.929,113.992,2547.298,-1.934,-1.06,0.0,,0.0,0.0,0.0,0.0,0.0,1.038,-1.581,35.396,-2.158,134.388,12.961,3003.084,410.776,9179.339,0.0,7.821,95.758,0.693,1.288,2.632,0.0,0.627,58.817,1248.267,44750056.0,379.674,917.541,73.505,-9.473,30.024,-11.929,113.992,2547.298,0.018,,0.0,0.0,0.0,0.223,0.0,0.107,6.368,0.04,0.009,0.151,1.341,3.383
COL,Colombia,2010,2.119,12.325,7.235,7.316,17.188,70.603,5.215,19.799,1.085,13.931,53.172,1.562,2.166,6.239,137.959,189.352,6.444,17.698,13.995,8.407,55.907,82.702,1236.268,593.98,13134.551,57.25,0.63,3.74,17.36,12.94,40.0,0.0,0.68,0.0,0.63,40.68,0.01,0.04,58.04,10.99,0.812,8833.447,7.079,71.217,18.809,284.491,6290.889,383.878,29.91,491900631235.0,22.295,4.366,21.892,3.658,87.451,286.139,1933.795,108.434,2397.775,68.918,-1.295,26.472,-1.387,105.748,884.512,2338.385,70.09,40.68,899.548,0.868,28.783,0.99,114.982,2542.565,-1.38,-0.79,0.0,,0.0,0.0,0.0,0.0,0.0,1.172,5.018,35.33,6.744,141.132,15.037,3120.825,481.379,10644.63,0.0,13.931,9.956,0.724,0.262,2.894,0.0,1.085,63.997,1283.426,45222700.0,399.472,899.548,70.09,0.868,28.783,0.99,114.982,2542.565,0.017,,0.0,0.0,0.0,0.221,0.0,0.069,-33.573,0.025,-0.051,0.101,0.885,2.224
COL,Colombia,2011,15.404,91.498,-2.744,-2.975,16.466,79.264,3.11,12.424,0.684,8.979,14.491,1.734,0.904,7.143,156.429,126.001,3.989,-19.033,10.99,-10.641,45.266,52.34,991.322,685.478,15011.758,58.39,0.41,2.39,11.07,8.25,48.39,0.0,0.43,0.0,0.41,48.85,0.01,0.04,59.92,7.55,0.786,9020.402,-3.133,66.904,-8.914,275.577,6035.041,242.43,18.475,524200723947.0,13.768,-2.632,20.673,-2.302,85.15,180.672,1864.754,105.458,2309.508,80.758,18.677,30.468,19.75,125.498,1059.726,2748.37,81.525,48.85,1069.8,18.558,33.096,21.338,136.32,2985.368,-2.62,-1.53,0.0,,0.0,0.0,0.0,0.0,0.0,0.718,2.854,35.242,4.028,145.16,9.417,3178.966,560.643,12277.898,0.0,8.979,23.424,0.867,0.678,3.572,0.0,0.684,78.227,1312.229,45662748.0,411.896,1069.8,81.525,18.558,33.096,21.338,136.32,2985.368,0.017,,0.0,0.0,0.0,0.219,0.0,0.067,6.353,0.026,0.006,0.107,0.876,2.342
COL,Colombia,2012,3.754,25.733,9.291,9.798,3.435,19.259,7.065,29.1,0.834,11.069,4.62,1.695,0.33,7.473,162.189,145.615,4.745,20.532,12.372,9.294,54.56,62.94,1184.146,711.211,15435.707,60.41,0.51,2.9,13.44,10.01,47.11,0.0,0.53,0.0,0.51,47.68,0.01,0.05,61.12,8.9,0.809,9571.122,11.411,69.62,31.445,307.021,6663.41,291.694,21.99,545385074131.0,16.378,11.168,21.465,9.509,94.659,217.251,2054.424,115.256,2501.458,77.078,-2.342,27.791,-2.939,122.559,1022.447,2659.948,78.01,47.68,1034.818,-1.72,30.38,-2.345,133.975,2907.72,-1.175,-0.71,0.0,,0.0,0.0,0.0,0.0,0.0,0.867,8.709,35.783,12.642,157.802,11.503,3424.841,579.902,12585.841,0.0,11.069,6.437,0.862,0.23,3.802,0.0,0.834,82.516,1326.512,46075724.0,440.996,1034.818,78.01,-1.72,30.38,-2.345,133.975,2907.72,0.016,,0.0,0.0,0.0,0.217,0.0,0.082,32.105,0.032,0.034,0.141,1.085,3.067
COL,Colombia,2013,-3.963,-28.187,14.731,16.978,6.672,38.692,0.722,3.182,1.151,17.851,1.247,1.703,0.093,7.566,162.729,188.661,6.418,7.569,13.213,4.13,58.69,99.58,1262.274,683.024,14690.116,70.79,0.83,4.63,21.48,16.01,49.76,0.0,0.84,0.0,0.83,50.66,0.01,0.06,72.14,13.61,0.777,9553.152,4.044,71.917,12.417,319.438,6870.311,461.98,29.775,571946863173.0,22.193,10.684,23.588,10.114,104.773,344.334,2253.393,132.235,2844.034,68.977,-7.327,25.571,-8.98,113.58,1070.211,2442.807,70.225,50.66,1089.568,-6.893,28.083,-9.235,124.74,2682.849,-1.907,-1.35,0.0,,0.0,0.0,0.0,0.0,0.0,1.164,-1.157,35.116,-1.826,155.976,18.066,3354.643,618.594,13304.382,0.0,17.851,-9.331,0.776,-0.355,3.447,0.0,1.151,74.14,1551.548,46495492.0,444.179,1089.568,70.225,-6.893,28.083,-9.235,124.74,2682.849,0.014,,0.0,0.0,0.0,0.215,0.0,0.083,4.417,0.033,0.006,0.148,1.29,3.173
COL,Colombia,2014,3.605,24.621,-6.735,-8.906,-1.93,-11.94,5.047,22.416,1.342,19.801,3.522,1.679,0.267,7.833,166.767,190.964,6.495,5.924,13.324,3.477,62.167,95.811,1323.611,707.645,15066.637,68.48,0.93,4.5,20.88,15.56,47.39,0.0,0.82,0.0,0.93,48.4,0.01,0.07,69.28,13.23,0.781,9934.359,6.537,72.937,20.88,340.319,7245.802,444.561,30.139,597109820885.0,22.46,8.655,24.398,9.068,113.841,331.291,2423.808,123.328,2625.811,68.404,0.251,24.403,0.285,113.864,1008.991,2424.312,69.861,48.4,1030.495,1.231,27.063,1.535,126.276,2688.564,-1.168,-0.8,0.0,,0.0,0.0,0.0,0.0,0.0,1.184,5.344,35.215,8.335,164.311,17.459,3498.383,606.654,12916.398,0.0,19.801,27.639,0.943,0.953,4.4,0.0,1.342,93.68,1475.056,46967708.0,466.594,1030.495,69.861,1.231,27.063,1.535,126.276,2688.564,0.014,,0.0,0.0,0.0,0.213,0.0,0.101,21.145,0.038,0.031,0.179,1.49,3.805
COL,Colombia,2015,-3.421,-24.21,-5.858,-7.225,1.534,9.308,1.137,5.306,1.676,26.936,5.823,1.756,0.456,8.289,174.424,222.673,8.522,-7.057,12.244,-4.387,57.78,136.993,1215.892,683.435,14381.852,75.98,1.28,6.51,26.95,19.42,48.08,0.0,1.02,0.0,1.28,49.44,0.01,0.07,76.39,17.01,0.767,9930.42,1.608,73.277,5.474,345.793,7276.68,567.122,35.279,615339547274.0,25.422,-1.514,23.759,-1.723,112.117,408.664,2359.339,116.103,2443.214,62.94,-0.729,23.953,-0.83,113.035,1011.77,2378.642,64.721,49.44,1040.389,-0.133,26.723,-0.168,126.108,2653.748,-0.54,-0.41,0.0,,0.0,0.0,0.0,0.0,0.0,1.335,7.05,37.274,11.584,175.895,21.464,3701.448,615.962,12961.971,0.0,26.936,4.808,0.977,0.212,4.612,0.0,1.676,97.042,1607.511,47520668.0,471.9,1040.389,64.721,-0.133,26.723,-0.168,126.108,2653.748,0.013,,0.0,0.0,0.0,0.21,0.0,0.092,-3.218,0.037,-0.006,0.173,1.473,3.64
COL,Colombia,2016,5.803,39.661,3.53,4.099,-11.66,-71.82,5.069,23.92,1.659,25.739,-3.071,1.62,-0.255,8.034,166.772,214.075,8.817,9.981,12.817,5.767,63.547,136.793,1319.087,723.096,15009.766,75.07,1.24,6.59,24.84,17.34,48.6,0.0,0.91,0.0,1.24,49.9,0.01,0.05,74.74,16.0,0.79,10292.064,5.55,73.612,19.19,364.983,7576.179,515.62,33.235,627381377421.0,23.2,7.892,24.397,8.848,120.966,359.937,2510.962,120.202,2495.11,65.025,4.094,23.731,4.627,117.662,1008.821,2442.386,66.765,49.9,1035.806,3.751,26.388,4.73,130.838,2715.893,0.44,0.33,0.0,,0.0,0.0,0.0,0.0,0.0,1.218,2.601,36.398,4.575,180.47,18.889,3746.13,544.141,11295.081,0.0,25.739,8.728,1.011,0.403,5.014,0.0,1.659,104.079,1551.426,48175048.0,495.821,1035.806,66.765,3.751,26.388,4.73,130.838,2715.893,0.013,,0.0,0.0,0.0,0.208,0.0,0.067,-26.019,0.026,-0.045,0.128,1.038,2.656
COL,Colombia,2017,0.041,0.296,2.227,2.677,-3.86,-21.002,1.78,8.825,1.236,19.628,5.173,1.674,0.416,8.45,172.764,141.239,5.42,-23.792,9.596,-15.119,48.428,86.077,990.152,723.392,14790.32,77.74,0.96,4.21,15.88,11.09,60.82,0.0,0.58,0.0,0.96,61.79,0.01,0.0,77.67,10.97,0.794,10317.882,-4.693,68.931,-17.127,347.856,7112.185,324.679,20.445,635907491015.0,14.278,2.227,24.504,2.694,123.66,226.744,2528.328,122.879,2512.367,78.306,21.836,28.407,25.693,143.355,1243.512,2931.002,79.555,61.79,1263.345,19.835,31.069,25.952,156.791,3205.705,0.09,0.07,0.0,,0.0,0.0,0.0,0.0,0.0,0.747,-2.606,34.83,-4.702,175.767,11.859,3593.705,523.14,10695.997,0.0,19.628,-0.715,0.986,-0.036,4.978,0.0,1.236,101.782,1588.024,48909844.0,504.646,1263.345,79.555,19.835,31.069,25.952,156.791,3205.705,0.013,,0.0,0.0,0.0,0.204,0.0,0.0,-94.009,0.002,-0.12,0.008,0.0,0.157
COL,Colombia,2018,-6.919,-50.052,4.627,5.686,1.34,7.008,1.882,9.497,1.329,20.942,13.318,1.862,1.125,9.575,192.811,156.825,6.761,-6.124,8.842,-2.966,45.463,106.522,915.458,673.34,13558.717,78.35,1.04,5.29,17.81,11.91,59.33,0.0,0.61,0.0,1.04,60.43,0.02,0.04,78.24,12.27,0.789,10353.032,3.015,69.697,10.488,358.344,7215.796,358.631,22.763,651900563304.0,15.222,6.826,25.693,8.441,132.101,239.826,2660.058,128.565,2588.853,75.831,-1.79,27.383,-2.565,140.789,1194.699,2835.008,77.237,60.43,1216.849,-0.632,30.303,-0.992,155.799,3137.245,0.14,0.11,0.0,,0.0,0.0,0.0,0.0,0.0,0.78,2.852,35.161,5.013,180.78,12.283,3640.279,530.148,10675.321,0.0,20.942,5.794,1.024,0.288,5.267,0.0,1.329,106.051,1575.48,49661056.0,514.143,1216.849,77.237,-0.632,30.303,-0.992,155.799,3137.245,0.026,,0.006,0.03,0.03,0.403,0.601,0.051,1697.163,0.027,0.13,0.138,0.805,2.774
COL,Colombia,2019,0.07,0.471,2.624,3.374,2.351,12.465,3.128,16.081,1.541,23.044,0.869,1.822,0.083,9.658,191.865,178.557,7.865,24.359,10.663,11.074,56.537,117.602,1123.115,673.811,13385.344,75.58,1.16,5.92,19.92,13.32,53.99,0.0,0.68,0.0,1.16,55.35,0.14,0.06,75.27,13.44,,10532.973,6.035,71.662,21.625,379.969,7548.137,395.714,26.465,,17.696,1.789,25.36,2.363,134.464,264.604,2671.157,131.939,2620.985,71.728,-4.77,25.286,-6.716,134.074,1072.519,2663.394,73.535,55.35,1099.535,-3.558,28.338,-5.544,150.255,2984.844,0.41,0.31,0.0,,0.0,0.0,0.0,0.0,0.0,0.903,4.529,35.639,8.187,188.967,13.508,3753.866,542.612,10779.068,0.0,23.044,14.714,1.139,0.775,6.041,0.0,1.541,120.015,1495.249,50339440.0,530.224,1099.535,73.535,-3.558,28.338,-5.544,150.255,2984.844,0.186,989.533,0.061,0.295,0.325,2.781,6.455,0.08,13.806,0.03,0.019,0.157,1.192,3.115
COL,Colombia,2020,-40.0,-269.524,0.488,0.644,-11.553,-62.686,-7.41,-39.289,1.836,25.156,-10.614,1.759,-1.025,8.633,169.67,210.526,9.365,31.739,15.171,17.944,74.481,128.334,1463.777,404.286,7945.431,70.78,1.28,6.53,22.38,15.1,45.82,0.0,0.75,0.0,1.28,47.35,0.19,0.06,69.73,14.68,,9648.333,-3.349,74.805,-12.725,367.244,7217.442,439.834,32.095,,21.655,3.566,28.366,4.795,139.259,296.76,2736.863,132.583,2605.649,65.711,-19.047,22.108,-25.537,108.537,900.499,2133.076,67.905,47.35,930.568,-17.679,25.195,-26.564,123.691,2430.899,1.483,1.05,0.0,,0.0,0.0,0.0,0.0,0.0,1.076,-18.767,31.268,-35.464,153.503,14.74,3016.801,479.926,9431.982,0.0,25.156,-0.578,1.224,-0.035,6.007,0.0,1.836,118.048,1370.402,50882884.0,490.935,930.568,67.905,-17.679,25.195,-26.564,123.691,2430.899,0.272,36.21,0.09,0.118,0.443,3.734,8.699,0.086,-54.335,0.015,-0.085,0.072,1.179,1.407
