iso_code,country,year,coal_prod_change_pct,coal_prod_change_twh,gas_prod_change_pct,gas_prod_change_twh,oil_prod_change_pct,oil_prod_change_twh,energy_cons_change_pct,energy_cons_change_twh,biofuel_share_elec,biofuel_elec_per_capita,biofuel_cons_change_pct,biofuel_share_energy,biofuel_cons_change_twh,biofuel_consumption,biofuel_cons_per_capita,carbon_intensity_elec,coal_share_elec,coal_cons_change_pct,coal_share_energy,coal_cons_change_twh,coal_consumption,coal_elec_per_capita,coal_cons_per_capita,coal_production,coal_prod_per_capita,electricity_demand,biofuel_electricity,coal_electricity,fossil_electricity,gas_electricity,hydro_electricity,nuclear_electricity,oil_electricity,other_renewable_exc_biofuel_electricity,other_renewable_electricity,renewables_electricity,solar_electricity,wind_electricity,electricity_generation,greenhouse_gas_emissions,energy_per_gdp,energy_per_capita,fossil_cons_change_pct,fossil_share_energy,fossil_cons_change_twh,fossil_fuel_consumption,fossil_energy_per_capita,fossil_cons_per_capita,fossil_share_elec,gdp,gas_share_elec,gas_cons_change_pct,gas_share_energy,gas_cons_change_twh,gas_consumption,gas_elec_per_capita,gas_energy_per_capita,gas_production,gas_prod_per_capita,hydro_share_elec,hydro_cons_change_pct,hydro_share_energy,hydro_cons_change_twh,hydro_consumption,hydro_elec_per_capita,hydro_energy_per_capita,low_carbon_share_elec,low_carbon_electricity,low_carbon_elec_per_capita,low_carbon_cons_change_pct,low_carbon_share_energy,low_carbon_cons_change_twh,low_carbon_consumption,low_carbon_energy_per_capita,net_elec_imports_share_demand,net_elec_imports,nuclear_share_elec,nuclear_cons_change_pct,nuclear_share_energy,nuclear_cons_change_twh,nuclear_consumption,nuclear_elec_per_capita,nuclear_energy_per_capita,oil_share_elec,oil_cons_change_pct,oil_share_energy,oil_cons_change_twh,oil_consumption,oil_elec_per_capita,oil_energy_per_capita,oil_production,oil_prod_per_capita,other_renewables_elec_per_capita_exc_biofuel,other_renewables_elec_per_capita,other_renewables_cons_change_pct,other_renewables_share_energy,other_renewables_cons_change_twh,other_renewable_consumption,other_renewables_share_elec_exc_biofuel,other_renewables_share_elec,other_renewables_energy_per_capita,per_capita_electricity,population,primary_energy_consumption,renewables_elec_per_capita,renewables_share_elec,renewables_cons_change_pct,renewables_share_energy,renewables_cons_change_twh,renewables_consumption,renewables_energy_per_capita,solar_share_elec,solar_cons_change_pct,solar_share_energy,solar_cons_change_twh,solar_consumption,solar_elec_per_capita,solar_energy_per_capita,wind_share_elec,wind_cons_change_pct,wind_share_energy,wind_cons_change_twh,wind_consumption,wind_elec_per_capita,wind_energy_per_capita
COK,Cook Islands,1980,,,,,,,,,,,,,,,,,,,,,,,,0.0,0.0,,,,,,,,,,,,,,,,,7006.438,,,,,,,,,,,,,,,,,,,,,,,,,,,,,,,,,,,,,,,,,,,,,,,,,,,,,,,,,,,,,17519.0,0.123,,,,,,,,,,,,,,,,,,,,,
COK,Cook Islands,1981,,0.0,,,,,99.454,0.122,,,,,,,,,,,,,,,,0.0,0.0,,,,,,,,,,,,,,,,,14146.587,,,,,,,,,,,,,,,,,,,,,,,,,,,,,,,,,,,,,,,,,,,,,,,,,,,,,,,,,,,,,17306.0,0.245,,,,,,,,,,,,,,,,,,,,,
COK,Cook Islands,1982,,0.0,,,,,0.0,0.0,,,,,,,,,,,,,,,,0.0,0.0,,,,,,,,,,,,,,,,,14175.255,,,,,,,,,,,,,,,,,,,,,,,,,,,,,,,,,,,,,,,,,,,,,,,,,,,,,,,,,,,,,17271.0,0.245,,,,,,,,,,,,,,,,,,,,,
COK,Cook Islands,1983,,0.0,,,,,0.0,0.0,,,,,,,,,,,,,,,,0.0,0.0,,,,,,,,,,,,,,,,,14116.406,,,,,,,,,,,,,,,,,,,,,,,,,,,,,,,,,,,,,,,,,,,,,,,,,,,,,,,,,,,,,17343.0,0.245,,,,,,,,,,,,,,,,,,,,,
COK,Cook Islands,1984,,0.0,,,,,0.274,0.001,,,,,,,,,,,,,,,,0.0,0.0,,,,,,,,,,,,,,,,,14049.766,,,,,,,,,,,,,,,,,,,,,,,,,,,,,,,,,,,,,,,,,,,,,,,,,,,,,,,,,,,,,17473.0,0.245,,,,,,,,,,,,,,,,,,,,,
COK,Cook Islands,1985,,0.0,,,,,-0.273,-0.001,,,,,,,,,,,,,,,,0.0,0.0,,,,,,,,,,,,,,,,,13916.6,,,,,,,,,,,,,,,,,,,,,,,,,,,,,,,,,,,,,,,,,,,,,,,,,,,,,,,,,,,,,17592.0,0.245,,,,,,,,,,,,,,,,,,,,,
COK,Cook Islands,1986,,0.0,,,,,-25.0,-0.061,,,,,,,,,,,,,,,,0.0,0.0,,,,,,,,,,,,,,,,,10372.592,,,,,,,,,,,,,,,,,,,,,,,,,,,,,,,,,,,,,,,,,,,,,,,,,,,,,,,,,,,,,17702.0,0.184,,,,,,,,,,,,,,,,,,,,,
COK,Cook Islands,1987,,0.0,,,,,0.0,0.0,,,,,,,,,,,,,,,,0.0,0.0,,,,,,,,,,,,,,,,,10318.963,,,,,,,,,,,,,,,,,,,,,,,,,,,,,,,,,,,,,,,,,,,,,,,,,,,,,,,,,,,,,17794.0,0.184,,,,,,,,,,,,,,,,,,,,,
COK,Cook Islands,1988,,0.0,,,,,0.274,0.001,,,,,,,,,,,,,,,,0.0,0.0,,,,,,,,,,,,,,,,,10287.109,,,,,,,,,,,,,,,,,,,,,,,,,,,,,,,,,,,,,,,,,,,,,,,,,,,,,,,,,,,,,17898.0,0.184,,,,,,,,,,,,,,,,,,,,,
COK,Cook Islands,1989,,0.0,,,,,-0.273,-0.001,,,,,,,,,,,,,,,,0.0,0.0,,,,,,,,,,,,,,,,,10186.154,,,,,,,,,,,,,,,,,,,,,,,,,,,,,,,,,,,,,,,,,,,,,,,,,,,,,,,,,,,,,18026.0,0.184,,,,,,,,,,,,,,,,,,,,,
COK,Cook Islands,1990,,0.0,,,,,0.0,0.0,,,,,,,,,,,,,,,,0.0,0.0,,,,,,,,,,,,,,,,,10091.543,,,,,,,,,,,,,,,,,,,,,,,,,,,,,,,,,,,,,,,,,,,,,,,,,,,,,,,,,,,,,18195.0,0.184,,,,,,,,,,,,,,,,,,,,,
COK,Cook Islands,1991,,0.0,,,,,-31.227,-0.057,,,,,,,,,,,,,,,,0.0,0.0,,,,,,,,,,,,,,,,,6855.862,,,,,,,,,,,,,,,,,,,,,,,,,,,,,,,,,,,,,,,,,,,,,,,,,,,,,,,,,,,,,18419.0,0.126,,,,,,,,,,,,,,,,,,,,,
COK,Cook Islands,1992,,0.0,,,,,46.044,0.058,,,,,,,,,,,,,,,,0.0,0.0,,,,,,,,,,,,,,,,,9873.743,,,,,,,,,,,,,,,,,,,,,,,,,,,,,,,,,,,,,,,,,,,,,,,,,,,,,,,,,,,,,18678.0,0.184,,,,,,,,,,,,,,,,,,,,,
COK,Cook Islands,1993,,0.0,,,,,-0.273,-0.001,,,,,,,,,,,,,,,,0.0,0.0,,,,,,,,,,,,,,,,,9713.623,,,,,,,,,,,,,,,,,,,,,,,,,,,,,,,,,,,,,,,,,,,,,,,,,,,,,,,,,,,,,18934.0,0.184,,,,,,,,,,,,,,,,,,,,,
COK,Cook Islands,1994,,0.0,,,,,0.0,0.0,,,,,,,,,,,,,,,,0.0,0.0,,,,,,,,,,,,,,,,,9638.8,,,,,,,,,,,,,,,,,,,,,,,,,,,,,,,,,,,,,,,,,,,,,,,,,,,,,,,,,,,,,19081.0,0.184,,,,,,,,,,,,,,,,,,,,,
COK,Cook Islands,1995,,0.0,,,,,-0.0,-0.0,,,,,,,,,,,,,,,,0.0,0.0,,,,,,,,,,,,,,,,,9626.686,,,,,,,,,,,,,,,,,,,,,,,,,,,,,,,,,,,,,,,,,,,,,,,,,,,,,,,,,,,,,19105.0,0.184,,,,,,,,,,,,,,,,,,,,,
COK,Cook Islands,1996,,0.0,,,,,0.274,0.001,,,,,,,,,,,,,,,,0.0,0.0,,,,,,,,,,,,,,,,,9733.044,,,,,,,,,,,,,,,,,,,,,,,,,,,,,,,,,,,,,,,,,,,,,,,,,,,,,,,,,,,,,18948.0,0.184,,,,,,,,,,,,,,,,,,,,,
COK,Cook Islands,1997,,0.0,,,,,-0.275,-0.001,,,,,,,,,,,,,,,,0.0,0.0,,,,,,,,,,,,,,,,,9859.804,,,,,,,,,,,,,,,,,,,,,,,,,,,,,,,,,,,,,,,,,,,,,,,,,,,,,,,,,,,,,18653.0,0.184,,,,,,,,,,,,,,,,,,,,,
COK,Cook Islands,1998,,0.0,,,,,-0.0,-0.0,,,,,,,,,,,,,,,,0.0,0.0,,,,,,,,,,,,,,,,,10042.836,,,,,,,,,,,,,,,,,,,,,,,,,,,,,,,,,,,,,,,,,,,,,,,,,,,,,,,,,,,,,18313.0,0.184,,,,,,,,,,,,,,,,,,,,,
COK,Cook Islands,1999,,0.0,,,,,0.0,0.0,,,,,,,,,,,,,,,,0.0,0.0,,,,,,,,,,,,,,,,,10193.732,,,,,,,,,,,,,,,,,,,,,,,,,,,,,,,,,,,,,,,,,,,,,,,,,,,,,,,,,,,,,18042.0,0.184,,,,,,,,,,,,,,,,,,,,,
COK,Cook Islands,2000,,0.0,,,,,48.899,0.09,0.0,0.0,,,,,,500.0,0.0,,,,,0.0,,0.0,0.0,0.02,0.0,0.0,0.02,0.0,0.0,0.0,0.02,0.0,0.0,0.0,0.0,0.0,0.02,0.01,,15268.924,,,,,,1115.138,100.0,,0.0,,,,,0.0,,,,0.0,,,,,0.0,,0.0,0.0,0.0,,,,,,0.0,0.0,0.0,,,,,0.0,,100.0,,,,,1115.138,,,,0.0,0.0,,,,,0.0,0.0,,1115.138,17935.0,0.274,0.0,0.0,,,,,,0.0,,,,,0.0,,0.0,,,,,0.0,
COK,Cook Islands,2001,,0.0,,,,,-4.613,-0.013,0.0,0.0,,,,,,500.0,0.0,,,,,0.0,,0.0,0.0,0.02,0.0,0.0,0.02,0.0,0.0,0.0,0.02,0.0,0.0,0.0,0.0,0.0,0.02,0.01,,14498.307,,,,,,1110.063,100.0,,0.0,,,,,0.0,,,,0.0,,,,,0.0,,0.0,0.0,0.0,,,,,,0.0,0.0,0.0,,,,,0.0,,100.0,,,,,1110.063,,,,0.0,0.0,,,,,0.0,0.0,,1110.063,18017.0,0.261,0.0,0.0,,,,,,0.0,,,,,0.0,,0.0,,,,,0.0,
COK,Cook Islands,2002,,0.0,,,,,-45.817,-0.12,0.0,0.0,,,,,,666.667,0.0,,,,,0.0,,0.0,0.0,0.03,0.0,0.0,0.03,0.0,0.0,0.0,0.03,0.0,0.0,0.0,0.0,0.0,0.03,0.02,,7745.165,,,,,,1641.677,100.0,,0.0,,,,,0.0,,,,0.0,,,,,0.0,,0.0,0.0,0.0,,,,,,0.0,0.0,0.0,,,,,0.0,,100.0,,,,,1641.677,,,,0.0,0.0,,,,,0.0,0.0,,1641.677,18274.0,0.142,0.0,0.0,,,,,,0.0,,,,,0.0,,0.0,,,,,0.0,
COK,Cook Islands,2003,,0.0,,,,,-7.766,-0.011,0.0,0.0,,,,,,666.667,0.0,,,,,0.0,,0.0,0.0,0.03,0.0,0.0,0.03,0.0,0.0,0.0,0.03,0.0,0.0,0.0,0.0,0.0,0.03,0.02,,7015.083,,,,,,1612.123,100.0,,0.0,,,,,0.0,,,,0.0,,,,,0.0,,0.0,0.0,0.0,,,,,,0.0,0.0,0.0,,,,,0.0,,100.0,,,,,1612.123,,,,0.0,0.0,,,,,0.0,0.0,,1612.123,18609.0,0.131,0.0,0.0,,,,,,0.0,,,,,0.0,,0.0,,,,,0.0,
COK,Cook Islands,2004,,0.0,,,,,69.684,0.091,0.0,0.0,,,,,,666.667,0.0,,,,,0.0,,0.0,0.0,0.03,0.0,0.0,0.03,0.0,0.0,0.0,0.03,0.0,0.0,0.0,0.0,0.0,0.03,0.02,,11725.158,,,,,,1587.974,100.0,,0.0,,,,,0.0,,,,0.0,,,,,0.0,,0.0,0.0,0.0,,,,,,0.0,0.0,0.0,,,,,0.0,,100.0,,,,,1587.974,,,,0.0,0.0,,,,,0.0,0.0,,1587.974,18892.0,0.222,0.0,0.0,,,,,,0.0,,,,,0.0,,0.0,,,,,0.0,
COK,Cook Islands,2005,,0.0,,,,,60.059,0.133,0.0,0.0,,,,,,666.667,0.0,,,,,0.0,,0.0,0.0,0.03,0.0,0.0,0.03,0.0,0.0,0.0,0.03,0.0,0.0,0.0,0.0,0.0,0.03,0.02,,18591.988,,,,,,1573.152,100.0,,0.0,,,,,0.0,,,,0.0,,,,,0.0,,0.0,0.0,0.0,,,,,,0.0,0.0,0.0,,,,,0.0,,100.0,,,,,1573.152,,,,0.0,0.0,,,,,0.0,0.0,,1573.152,19070.0,0.355,0.0,0.0,,,,,,0.0,,,,,0.0,,0.0,,,,,0.0,
COK,Cook Islands,2006,,0.0,,,,,6.547,0.023,0.0,0.0,,,,,,666.667,0.0,,,,,0.0,,0.0,0.0,0.03,0.0,0.0,0.03,0.0,0.0,0.0,0.03,0.0,0.0,0.0,0.0,0.0,0.03,0.02,,19784.214,,,,,,1571.174,100.0,,0.0,,,,,0.0,,,,0.0,,,,,0.0,,0.0,0.0,0.0,,,,,,0.0,0.0,0.0,,,,,0.0,,100.0,,,,,1571.174,,,,0.0,0.0,,,,,0.0,0.0,,1571.174,19094.0,0.378,0.0,0.0,,,,,,0.0,,,,,0.0,,0.0,,,,,0.0,
COK,Cook Islands,2007,,0.0,,,,,-15.621,-0.059,0.0,0.0,,,,,,666.667,0.0,,,,,0.0,,0.0,0.0,0.03,0.0,0.0,0.03,0.0,0.0,0.0,0.03,0.0,0.0,0.0,0.0,0.0,0.03,0.02,,16781.561,,,,,,1579.446,100.0,,0.0,,,,,0.0,,,,0.0,,,,,0.0,,0.0,0.0,0.0,,,,,,0.0,0.0,0.0,,,,,0.0,,100.0,,,,,1579.446,,,,0.0,0.0,,,,,0.0,0.0,,1579.446,18994.0,0.319,0.0,0.0,,,,,,0.0,,,,,0.0,,0.0,,,,,0.0,
COK,Cook Islands,2008,,0.0,,,,,2.739,0.009,0.0,0.0,,,,,,666.667,0.0,,,,,0.0,,0.0,0.0,0.03,0.0,0.0,0.03,0.0,0.0,0.0,0.03,0.0,0.0,0.0,0.0,0.0,0.03,0.02,,17411.775,,,,,,1595.066,100.0,,0.0,,,,,0.0,,,,0.0,,,,,0.0,,0.0,0.0,0.0,,,,,,0.0,0.0,0.0,,,,,0.0,,100.0,,,,,1595.066,,,,0.0,0.0,,,,,0.0,0.0,,1595.066,18808.0,0.327,0.0,0.0,,,,,,0.0,,,,,0.0,,0.0,,,,,0.0,
COK,Cook Islands,2009,,0.0,,,,,-7.868,-0.026,0.0,0.0,,,,,,666.667,0.0,,,,,0.0,,0.0,0.0,0.03,0.0,0.0,0.03,0.0,0.0,0.0,0.03,0.0,0.0,0.0,0.0,0.0,0.03,0.02,,16219.497,,,,,,1612.73,100.0,,0.0,,,,,0.0,,,,0.0,,,,,0.0,,0.0,0.0,0.0,,,,,,0.0,0.0,0.0,,,,,0.0,,100.0,,,,,1612.73,,,,0.0,0.0,,,,,0.0,0.0,,1612.73,18602.0,0.302,0.0,0.0,,,,,,0.0,,,,,0.0,,0.0,,,,,0.0,
COK,Cook Islands,2010,,0.0,,,,,18.778,0.057,0.0,0.0,,,,,,666.667,0.0,,,,,0.0,,0.0,0.0,0.03,0.0,0.0,0.03,0.0,0.0,0.0,0.03,0.0,0.0,0.0,0.0,0.0,0.03,0.02,,19485.131,,,,,,1631.144,100.0,,0.0,,,,,0.0,,,,0.0,,,,,0.0,,0.0,0.0,0.0,,,,,,0.0,0.0,0.0,,,,,0.0,,100.0,,,,,1631.144,,,,0.0,0.0,,,,,0.0,0.0,,1631.144,18392.0,0.358,0.0,0.0,,,,,,0.0,,,,,0.0,,0.0,,,,,0.0,
COK,Cook Islands,2011,,0.0,,,,,12.208,0.044,0.0,0.0,,,,,,666.667,0.0,,,,,0.0,,0.0,0.0,0.03,0.0,0.0,0.03,0.0,0.0,0.0,0.03,0.0,0.0,0.0,0.0,0.0,0.03,0.02,,22094.464,,,,,,1648.352,100.0,,0.0,,,,,0.0,,,,0.0,,,,,0.0,,0.0,0.0,0.0,,,,,,0.0,0.0,0.0,,,,,0.0,,100.0,,,,,1648.352,,,,0.0,0.0,,,,,0.0,0.0,,1648.352,18200.0,0.402,0.0,0.0,,,,,,0.0,,,,,0.0,,0.0,,,,,0.0,
COK,Cook Islands,2012,,0.0,,,,,5.998,0.024,0.0,0.0,,,,,,666.667,0.0,,,,,0.0,,0.0,0.0,0.03,0.0,0.0,0.03,0.0,0.0,0.0,0.03,0.0,0.0,0.0,0.0,0.0,0.03,0.02,,23668.081,,,,,,1665.834,100.0,,0.0,,,,,0.0,,,,0.0,,,,,0.0,,0.0,0.0,0.0,,,,,,0.0,0.0,0.0,,,,,0.0,,100.0,,,,,1665.834,,,,0.0,0.0,,,,,0.0,0.0,,1665.834,18009.0,0.426,0.0,0.0,,,,,,0.0,,,,,0.0,,0.0,,,,,0.0,
COK,Cook Islands,2013,,0.0,,,,,-0.083,-0.0,0.0,0.0,,,,,,666.667,0.0,,,,,0.0,,0.0,0.0,0.03,0.0,0.0,0.03,0.0,0.0,0.0,0.03,0.0,0.0,0.0,0.0,0.0,0.03,0.02,,23880.411,,,,,,1682.18,100.0,,0.0,,,,,0.0,,,,0.0,,,,,0.0,,0.0,0.0,0.0,,,,,,0.0,0.0,0.0,,,,,0.0,,100.0,,,,,1682.18,,,,0.0,0.0,,,,,0.0,0.0,,1682.18,17834.0,0.426,0.0,0.0,,,,,,0.0,,,,,0.0,,0.0,,,,,0.0,
COK,Cook Islands,2014,,0.0,,,,,5.862,0.025,0.0,0.0,,,,,,666.667,0.0,,,,,0.0,,0.0,0.0,0.03,0.0,0.0,0.03,0.0,0.0,0.0,0.03,0.0,0.0,0.0,0.0,0.0,0.03,0.02,,25493.353,,,,,,1696.353,100.0,,0.0,,,,,0.0,,,,0.0,,,,,0.0,,0.0,0.0,0.0,,,,,,0.0,0.0,0.0,,,,,0.0,,100.0,,,,,1696.353,,,,0.0,0.0,,,,,0.0,0.0,,1696.353,17685.0,0.451,0.0,0.0,,,,,,0.0,,,,,0.0,,0.0,,,,,0.0,
COK,Cook Islands,2015,,0.0,,,,,-6.323,-0.029,0.0,0.0,,,,,,666.667,0.0,,,,,0.0,,0.0,0.0,0.03,0.0,0.0,0.03,0.0,0.0,0.0,0.03,0.0,0.0,0.0,0.0,0.0,0.03,0.02,,24022.671,,,,,,1706.388,100.0,,0.0,,,,,0.0,,,,0.0,,,,,0.0,,0.0,0.0,0.0,,,,,,0.0,0.0,0.0,,,,,0.0,,100.0,,,,,1706.388,,,,0.0,0.0,,,,,0.0,0.0,,1706.388,17581.0,0.422,0.0,0.0,,,,,,0.0,,,,,0.0,,0.0,,,,,0.0,
COK,Cook Islands,2016,,0.0,,,,,4.235,0.018,0.0,0.0,,,,,,666.667,0.0,,,,,0.0,,0.0,0.0,0.03,0.0,0.0,0.03,0.0,0.0,0.0,0.03,0.0,0.0,0.0,0.0,0.0,0.03,0.02,,25125.744,,,,,,1712.231,100.0,,0.0,,,,,0.0,,,,0.0,,,,,0.0,,0.0,0.0,0.0,,,,,,0.0,0.0,0.0,,,,,0.0,,100.0,,,,,1712.231,,,,0.0,0.0,,,,,0.0,0.0,,1712.231,17521.0,0.44,0.0,0.0,,,,,,0.0,,,,,0.0,,0.0,,,,,0.0,
COK,Cook Islands,2017,,,,,,,6.995,0.031,0.0,0.0,,,,,,500.0,0.0,,,,,0.0,,,,0.04,0.0,0.0,0.03,0.0,0.0,0.0,0.03,0.0,0.0,0.01,0.01,0.0,0.04,0.02,,26907.943,,,,,,1713.796,75.0,,0.0,,,,,0.0,,,,0.0,,,,,0.0,,25.0,0.01,571.265,,,,,,0.0,0.0,0.0,,,,,0.0,,75.0,,,,,1713.796,,,,0.0,0.0,,,,,0.0,0.0,,2285.061,17505.0,0.471,571.265,25.0,,,,,,25.0,,,,,571.265,,0.0,,,,,0.0,
COK,Cook Islands,2018,,,,,,,3.102,0.015,0.0,0.0,,,,,,500.0,0.0,,,,,0.0,,,,0.04,0.0,0.0,0.03,0.0,0.0,0.0,0.03,0.0,0.0,0.01,0.01,0.0,0.04,0.02,,27720.532,,,,,,1712.427,75.0,,0.0,,,,,0.0,,,,0.0,,,,,0.0,,25.0,0.01,570.809,,,,,,0.0,0.0,0.0,,,,,0.0,,75.0,,,,,1712.427,,,,0.0,0.0,,,,,0.0,0.0,,2283.235,17519.0,0.486,570.809,25.0,,,,,,25.0,,,,,570.809,,0.0,,,,,0.0,
COK,Cook Islands,2019,,,,,,,0.886,0.004,0.0,0.0,,,,,,500.0,0.0,,,,,0.0,,,,0.04,0.0,0.0,0.03,0.0,0.0,0.0,0.03,0.0,0.0,0.01,0.01,0.0,0.04,0.02,,27921.376,,,,,,1709.694,75.0,,0.0,,,,,0.0,,,,0.0,,,,,0.0,,25.0,0.01,569.898,,,,,,0.0,0.0,0.0,,,,,0.0,,75.0,,,,,1709.694,,,,0.0,0.0,,,,,0.0,0.0,,2279.592,17547.0,0.49,569.898,25.0,,,,,,25.0,,,,,569.898,,0.0,,,,,0.0,
COK,Cook Islands,2020,,,,,,,,,0.0,0.0,,,,,,500.0,0.0,,,,,0.0,,,,0.04,0.0,0.0,0.03,0.0,0.0,0.0,0.03,0.0,0.0,0.01,0.01,0.0,0.04,0.02,,,,,,,,1708.039,75.0,,0.0,,,,,0.0,,,,0.0,,,,,0.0,,25.0,0.01,569.346,,,,,,0.0,0.0,0.0,,,,,0.0,,75.0,,,,,1708.039,,,,0.0,0.0,,,,,0.0,0.0,,2277.386,17564.0,,569.346,25.0,,,,,,25.0,,,,,569.346,,0.0,,,,,0.0,
