iso_code,country,year,coal_prod_change_pct,coal_prod_change_twh,gas_prod_change_pct,gas_prod_change_twh,oil_prod_change_pct,oil_prod_change_twh,energy_cons_change_pct,energy_cons_change_twh,biofuel_share_elec,biofuel_elec_per_capita,biofuel_cons_change_pct,biofuel_share_energy,biofuel_cons_change_twh,biofuel_consumption,biofuel_cons_per_capita,carbon_intensity_elec,coal_share_elec,coal_cons_change_pct,coal_share_energy,coal_cons_change_twh,coal_consumption,coal_elec_per_capita,coal_cons_per_capita,coal_production,coal_prod_per_capita,electricity_demand,biofuel_electricity,coal_electricity,fossil_electricity,gas_electricity,hydro_electricity,nuclear_electricity,oil_electricity,other_renewable_exc_biofuel_electricity,other_renewable_electricity,renewables_electricity,solar_electricity,wind_electricity,electricity_generation,greenhouse_gas_emissions,energy_per_gdp,energy_per_capita,fossil_cons_change_pct,fossil_share_energy,fossil_cons_change_twh,fossil_fuel_consumption,fossil_energy_per_capita,fossil_cons_per_capita,fossil_share_elec,gdp,gas_share_elec,gas_cons_change_pct,gas_share_energy,gas_cons_change_twh,gas_consumption,gas_elec_per_capita,gas_energy_per_capita,gas_production,gas_prod_per_capita,hydro_share_elec,hydro_cons_change_pct,hydro_share_energy,hydro_cons_change_twh,hydro_consumption,hydro_elec_per_capita,hydro_energy_per_capita,low_carbon_share_elec,low_carbon_electricity,low_carbon_elec_per_capita,low_carbon_cons_change_pct,low_carbon_share_energy,low_carbon_cons_change_twh,low_carbon_consumption,low_carbon_energy_per_capita,net_elec_imports_share_demand,net_elec_imports,nuclear_share_elec,nuclear_cons_change_pct,nuclear_share_energy,nuclear_cons_change_twh,nuclear_consumption,nuclear_elec_per_capita,nuclear_energy_per_capita,oil_share_elec,oil_cons_change_pct,oil_share_energy,oil_cons_change_twh,oil_consumption,oil_elec_per_capita,oil_energy_per_capita,oil_production,oil_prod_per_capita,other_renewables_elec_per_capita_exc_biofuel,other_renewables_elec_per_capita,other_renewables_cons_change_pct,other_renewables_share_energy,other_renewables_cons_change_twh,other_renewable_consumption,other_renewables_share_elec_exc_biofuel,other_renewables_share_elec,other_renewables_energy_per_capita,per_capita_electricity,population,primary_energy_consumption,renewables_elec_per_capita,renewables_share_elec,renewables_cons_change_pct,renewables_share_energy,renewables_cons_change_twh,renewables_consumption,renewables_energy_per_capita,solar_share_elec,solar_cons_change_pct,solar_share_energy,solar_cons_change_twh,solar_consumption,solar_elec_per_capita,solar_energy_per_capita,wind_share_elec,wind_cons_change_pct,wind_share_energy,wind_cons_change_twh,wind_consumption,wind_elec_per_capita,wind_energy_per_capita
CIV,Cote d'Ivoire,1900,,,,,,,,,,,,,,,,,,,,,,,,,,,,,,,,,,,,,,,,,,,,,,,,,,,,,,,,,,,,,,,,,,,,,,,,,,,,,,,,,,,,,,,,,,,0.0,0.0,,,,,,,,,,,1460433.0,,,,,,,,,,,,,,,,,,,,,,
CIV,Cote d'Ivoire,1901,,,,,,0.0,,,,,,,,,,,,,,,,,,,,,,,,,,,,,,,,,,,,,,,,,,,,,,,,,,,,,,,,,,,,,,,,,,,,,,,,,,,,,,,,,,,,,0.0,0.0,,,,,,,,,,,1468830.0,,,,,,,,,,,,,,,,,,,,,,
CIV,Cote d'Ivoire,1902,,,,,,0.0,,,,,,,,,,,,,,,,,,,,,,,,,,,,,,,,,,,,,,,,,,,,,,,,,,,,,,,,,,,,,,,,,,,,,,,,,,,,,,,,,,,,,0.0,0.0,,,,,,,,,,,1476399.0,,,,,,,,,,,,,,,,,,,,,,
CIV,Cote d'Ivoire,1903,,,,,,0.0,,,,,,,,,,,,,,,,,,,,,,,,,,,,,,,,,,,,,,,,,,,,,,,,,,,,,,,,,,,,,,,,,,,,,,,,,,,,,,,,,,,,,0.0,0.0,,,,,,,,,,,1483130.0,,,,,,,,,,,,,,,,,,,,,,
CIV,Cote d'Ivoire,1904,,,,,,0.0,,,,,,,,,,,,,,,,,,,,,,,,,,,,,,,,,,,,,,,,,,,,,,,,,,,,,,,,,,,,,,,,,,,,,,,,,,,,,,,,,,,,,0.0,0.0,,,,,,,,,,,1489890.0,,,,,,,,,,,,,,,,,,,,,,
CIV,Cote d'Ivoire,1905,,,,,,0.0,,,,,,,,,,,,,,,,,,,,,,,,,,,,,,,,,,,,,,,,,,,,,,,,,,,,,,,,,,,,,,,,,,,,,,,,,,,,,,,,,,,,,0.0,0.0,,,,,,,,,,,1496682.0,,,,,,,,,,,,,,,,,,,,,,
CIV,Cote d'Ivoire,1906,,,,,,0.0,,,,,,,,,,,,,,,,,,,,,,,,,,,,,,,,,,,,,,,,,,,,,,,,,,,,,,,,,,,,,,,,,,,,,,,,,,,,,,,,,,,,,0.0,0.0,,,,,,,,,,,1503503.0,,,,,,,,,,,,,,,,,,,,,,
CIV,Cote d'Ivoire,1907,,,,,,0.0,,,,,,,,,,,,,,,,,,,,,,,,,,,,,,,,,,,,,,,,,,,,,,,,,,,,,,,,,,,,,,,,,,,,,,,,,,,,,,,,,,,,,0.0,0.0,,,,,,,,,,,1510356.0,,,,,,,,,,,,,,,,,,,,,,
CIV,Cote d'Ivoire,1908,,,,,,0.0,,,,,,,,,,,,,,,,,,,,,,,,,,,,,,,,,,,,,,,,,,,,,,,,,,,,,,,,,,,,,,,,,,,,,,,,,,,,,,,,,,,,,0.0,0.0,,,,,,,,,,,1517239.0,,,,,,,,,,,,,,,,,,,,,,
CIV,Cote d'Ivoire,1909,,,,,,0.0,,,,,,,,,,,,,,,,,,,,,,,,,,,,,,,,,,,,,,,,,,,,,,,,,,,,,,,,,,,,,,,,,,,,,,,,,,,,,,,,,,,,,0.0,0.0,,,,,,,,,,,1524765.0,,,,,,,,,,,,,,,,,,,,,,
CIV,Cote d'Ivoire,1910,,,,,,0.0,,,,,,,,,,,,,,,,,,,,,,,,,,,,,,,,,,,,,,,,,,,,,,,,,,,,,,,,,,,,,,,,,,,,,,,,,,,,,,,,,,,,,0.0,0.0,,,,,,,,,,,1532941.0,,,,,,,,,,,,,,,,,,,,,,
CIV,Cote d'Ivoire,1911,,,,,,0.0,,,,,,,,,,,,,,,,,,,,,,,,,,,,,,,,,,,,,,,,,,,,,,,,,,,,,,,,,,,,,,,,,,,,,,,,,,,,,,,,,,,,,0.0,0.0,,,,,,,,,,,1541775.0,,,,,,,,,,,,,,,,,,,,,,
CIV,Cote d'Ivoire,1912,,,,,,0.0,,,,,,,,,,,,,,,,,,,,,,,,,,,,,,,,,,,,,,,,,,,,,,,,,,,,,,,,,,,,,,,,,,,,,,,,,,,,,,,,,,,,,0.0,0.0,,,,,,,,,,,1551274.0,,,,,,,,,,,,,,,,,,,,,,
CIV,Cote d'Ivoire,1913,,,,,,0.0,,,,,,,,,,,,,,,,,,,,,,,,,,,,,,,,,,,,,,,,,,,,,,,,,,,,,,,,,,,,,,,,,,,,,,,,,,,,,,,,,,,,,0.0,0.0,,,,,,,,,,,1561446.0,,,,,,,,,,,,,,,,,,,,,,
CIV,Cote d'Ivoire,1914,,,,,,0.0,,,,,,,,,,,,,,,,,,,,,,,,,,,,,,,,,,,,,,,,,,,,,,,,,,,,,,,,,,,,,,,,,,,,,,,,,,,,,,,,,,,,,0.0,0.0,,,,,,,,,,,1571684.0,,,,,,,,,,,,,,,,,,,,,,
CIV,Cote d'Ivoire,1915,,,,,,0.0,,,,,,,,,,,,,,,,,,,,,,,,,,,,,,,,,,,,,,,,,,,,,,,,,,,,,,,,,,,,,,,,,,,,,,,,,,,,,,,,,,,,,0.0,0.0,,,,,,,,,,,1581988.0,,,,,,,,,,,,,,,,,,,,,,
CIV,Cote d'Ivoire,1916,,,,,,0.0,,,,,,,,,,,,,,,,,,,,,,,,,,,,,,,,,,,,,,,,,,,,,,,,,,,,,,,,,,,,,,,,,,,,,,,,,,,,,,,,,,,,,0.0,0.0,,,,,,,,,,,1592360.0,,,,,,,,,,,,,,,,,,,,,,
CIV,Cote d'Ivoire,1917,,,,,,0.0,,,,,,,,,,,,,,,,,,,,,,,,,,,,,,,,,,,,,,,,,,,,,,,,,,,,,,,,,,,,,,,,,,,,,,,,,,,,,,,,,,,,,0.0,0.0,,,,,,,,,,,1602799.0,,,,,,,,,,,,,,,,,,,,,,
CIV,Cote d'Ivoire,1918,,,,,,0.0,,,,,,,,,,,,,,,,,,,,,,,,,,,,,,,,,,,,,,,,,,,,,,,,,,,,,,,,,,,,,,,,,,,,,,,,,,,,,,,,,,,,,0.0,0.0,,,,,,,,,,,1612416.0,,,,,,,,,,,,,,,,,,,,,,
CIV,Cote d'Ivoire,1919,,,,,,0.0,,,,,,,,,,,,,,,,,,,,,,,,,,,,,,,,,,,,,,,,,,,,,,,,,,,,,,,,,,,,,,,,,,,,,,,,,,,,,,,,,,,,,0.0,0.0,,,,,,,,,,,1625027.0,,,,,,,,,,,,,,,,,,,,,,
CIV,Cote d'Ivoire,1920,,,,,,0.0,,,,,,,,,,,,,,,,,,,,,,,,,,,,,,,,,,,,,,,,,,,,,,,,,,,,,,,,,,,,,,,,,,,,,,,,,,,,,,,,,,,,,0.0,0.0,,,,,,,,,,,1640696.0,,,,,,,,,,,,,,,,,,,,,,
CIV,Cote d'Ivoire,1921,,,,,,0.0,,,,,,,,,,,,,,,,,,,,,,,,,,,,,,,,,,,,,,,,,,,,,,,,,,,,,,,,,,,,,,,,,,,,,,,,,,,,,,,,,,,,,0.0,0.0,,,,,,,,,,,1659484.0,,,,,,,,,,,,,,,,,,,,,,
CIV,Cote d'Ivoire,1922,,,,,,0.0,,,,,,,,,,,,,,,,,,,,,,,,,,,,,,,,,,,,,,,,,,,,,,,,,,,,,,,,,,,,,,,,,,,,,,,,,,,,,,,,,,,,,0.0,0.0,,,,,,,,,,,1681457.0,,,,,,,,,,,,,,,,,,,,,,
CIV,Cote d'Ivoire,1923,,,,,,0.0,,,,,,,,,,,,,,,,,,,,,,,,,,,,,,,,,,,,,,,,,,,,,,,,,,,,,,,,,,,,,,,,,,,,,,,,,,,,,,,,,,,,,0.0,0.0,,,,,,,,,,,1706679.0,,,,,,,,,,,,,,,,,,,,,,
CIV,Cote d'Ivoire,1924,,,,,,0.0,,,,,,,,,,,,,,,,,,,,,,,,,,,,,,,,,,,,,,,,,,,,,,,,,,,,,,,,,,,,,,,,,,,,,,,,,,,,,,,,,,,,,0.0,0.0,,,,,,,,,,,1732279.0,,,,,,,,,,,,,,,,,,,,,,
CIV,Cote d'Ivoire,1925,,,,,,0.0,,,,,,,,,,,,,,,,,,,,,,,,,,,,,,,,,,,,,,,,,,,,,,,,,,,,,,,,,,,,,,,,,,,,,,,,,,,,,,,,,,,,,0.0,0.0,,,,,,,,,,,1758263.0,,,,,,,,,,,,,,,,,,,,,,
CIV,Cote d'Ivoire,1926,,,,,,0.0,,,,,,,,,,,,,,,,,,,,,,,,,,,,,,,,,,,,,,,,,,,,,,,,,,,,,,,,,,,,,,,,,,,,,,,,,,,,,,,,,,,,,0.0,0.0,,,,,,,,,,,1784637.0,,,,,,,,,,,,,,,,,,,,,,
CIV,Cote d'Ivoire,1927,,,,,,0.0,,,,,,,,,,,,,,,,,,,,,,,,,,,,,,,,,,,,,,,,,,,,,,,,,,,,,,,,,,,,,,,,,,,,,,,,,,,,,,,,,,,,,0.0,0.0,,,,,,,,,,,1811406.0,,,,,,,,,,,,,,,,,,,,,,
CIV,Cote d'Ivoire,1928,,,,,,0.0,,,,,,,,,,,,,,,,,,,,,,,,,,,,,,,,,,,,,,,,,,,,,,,,,,,,,,,,,,,,,,,,,,,,,,,,,,,,,,,,,,,,,0.0,0.0,,,,,,,,,,,1838577.0,,,,,,,,,,,,,,,,,,,,,,
CIV,Cote d'Ivoire,1929,,,,,,0.0,,,,,,,,,,,,,,,,,,,,,,,,,,,,,,,,,,,,,,,,,,,,,,,,,,,,,,,,,,,,,,,,,,,,,,,,,,,,,,,,,,,,,0.0,0.0,,,,,,,,,,,1865777.0,,,,,,,,,,,,,,,,,,,,,,
CIV,Cote d'Ivoire,1930,,,,,,0.0,,,,,,,,,,,,,,,,,,,,,,,,,,,,,,,,,,,,,,,,,,,,,,,,,,,,,,,,,,,,,,,,,,,,,,,,,,,,,,,,,,,,,0.0,0.0,,,,,,,,,,,1893001.0,,,,,,,,,,,,,,,,,,,,,,
CIV,Cote d'Ivoire,1931,,,,,,0.0,,,,,,,,,,,,,,,,,,,,,,,,,,,,,,,,,,,,,,,,,,,,,,,,,,,,,,,,,,,,,,,,,,,,,,,,,,,,,,,,,,,,,0.0,0.0,,,,,,,,,,,1920244.0,,,,,,,,,,,,,,,,,,,,,,
CIV,Cote d'Ivoire,1932,,,,,,0.0,,,,,,,,,,,,,,,,,,,,,,,,,,,,,,,,,,,,,,,,,,,,,,,,,,,,,,,,,,,,,,,,,,,,,,,,,,,,,,,,,,,,,0.0,0.0,,,,,,,,,,,1947500.0,,,,,,,,,,,,,,,,,,,,,,
CIV,Cote d'Ivoire,1933,,,,,,0.0,,,,,,,,,,,,,,,,,,,,,,,,,,,,,,,,,,,,,,,,,,,,,,,,,,,,,,,,,,,,,,,,,,,,,,,,,,,,,,,,,,,,,0.0,0.0,,,,,,,,,,,1974765.0,,,,,,,,,,,,,,,,,,,,,,
CIV,Cote d'Ivoire,1934,,,,,,0.0,,,,,,,,,,,,,,,,,,,,,,,,,,,,,,,,,,,,,,,,,,,,,,,,,,,,,,,,,,,,,,,,,,,,,,,,,,,,,,,,,,,,,0.0,0.0,,,,,,,,,,,2002412.0,,,,,,,,,,,,,,,,,,,,,,
CIV,Cote d'Ivoire,1935,,,,,,0.0,,,,,,,,,,,,,,,,,,,,,,,,,,,,,,,,,,,,,,,,,,,,,,,,,,,,,,,,,,,,,,,,,,,,,,,,,,,,,,,,,,,,,0.0,0.0,,,,,,,,,,,2030446.0,,,,,,,,,,,,,,,,,,,,,,
CIV,Cote d'Ivoire,1936,,,,,,0.0,,,,,,,,,,,,,,,,,,,,,,,,,,,,,,,,,,,,,,,,,,,,,,,,,,,,,,,,,,,,,,,,,,,,,,,,,,,,,,,,,,,,,0.0,0.0,,,,,,,,,,,2058872.0,,,,,,,,,,,,,,,,,,,,,,
CIV,Cote d'Ivoire,1937,,,,,,0.0,,,,,,,,,,,,,,,,,,,,,,,,,,,,,,,,,,,,,,,,,,,,,,,,,,,,,,,,,,,,,,,,,,,,,,,,,,,,,,,,,,,,,0.0,0.0,,,,,,,,,,,2087696.0,,,,,,,,,,,,,,,,,,,,,,
CIV,Cote d'Ivoire,1938,,,,,,0.0,,,,,,,,,,,,,,,,,,,,,,,,,,,,,,,,,,,,,,,,,,,,,,,,,,,,,,,,,,,,,,,,,,,,,,,,,,,,,,,,,,,,,0.0,0.0,,,,,,,,,,,2116924.0,,,,,,,,,,,,,,,,,,,,,,
CIV,Cote d'Ivoire,1939,,,,,,0.0,,,,,,,,,,,,,,,,,,,,,,,,,,,,,,,,,,,,,,,,,,,,,,,,,,,,,,,,,,,,,,,,,,,,,,,,,,,,,,,,,,,,,0.0,0.0,,,,,,,,,,,2148302.0,,,,,,,,,,,,,,,,,,,,,,
CIV,Cote d'Ivoire,1940,,,,,,0.0,,,,,,,,,,,,,,,,,,,,,,,,,,,,,,,,,,,,,,,,,,,,,,,,,,,,,,,,,,,,,,,,,,,,,,,,,,,,,,,,,,,,,0.0,0.0,,,,,,,,,,,2181892.0,,,,,,,,,,,,,,,,,,,,,,
CIV,Cote d'Ivoire,1941,,,,,,0.0,,,,,,,,,,,,,,,,,,,,,,,,,,,,,,,,,,,,,,,,,,,,,,,,,,,,,,,,,,,,,,,,,,,,,,,,,,,,,,,,,,,,,0.0,0.0,,,,,,,,,,,2217756.0,,,,,,,,,,,,,,,,,,,,,,
CIV,Cote d'Ivoire,1942,,,,,,0.0,,,,,,,,,,,,,,,,,,,,,,,,,,,,,,,,,,,,,,,,,,,,,,,,,,,,,,,,,,,,,,,,,,,,,,,,,,,,,,,,,,,,,0.0,0.0,,,,,,,,,,,2255958.0,,,,,,,,,,,,,,,,,,,,,,
CIV,Cote d'Ivoire,1943,,,,,,0.0,,,,,,,,,,,,,,,,,,,,,,,,,,,,,,,,,,,,,,,,,,,,,,,,,,,,,,,,,,,,,,,,,,,,,,,,,,,,,,,,,,,,,0.0,0.0,,,,,,,,,,,2296566.0,,,,,,,,,,,,,,,,,,,,,,
CIV,Cote d'Ivoire,1944,,,,,,0.0,,,,,,,,,,,,,,,,,,,,,,,,,,,,,,,,,,,,,,,,,,,,,,,,,,,,,,,,,,,,,,,,,,,,,,,,,,,,,,,,,,,,,0.0,0.0,,,,,,,,,,,2337904.0,,,,,,,,,,,,,,,,,,,,,,
CIV,Cote d'Ivoire,1945,,,,,,0.0,,,,,,,,,,,,,,,,,,,,,,,,,,,,,,,,,,,,,,,,,,,,,,,,,,,,,,,,,,,,,,,,,,,,,,,,,,,,,,,,,,,,,0.0,0.0,,,,,,,,,,,2379986.0,,,,,,,,,,,,,,,,,,,,,,
CIV,Cote d'Ivoire,1946,,,,,,0.0,,,,,,,,,,,,,,,,,,,,,,,,,,,,,,,,,,,,,,,,,,,,,,,,,,,,,,,,,,,,,,,,,,,,,,,,,,,,,,,,,,,,,0.0,0.0,,,,,,,,,,,2422826.0,,,,,,,,,,,,,,,,,,,,,,
CIV,Cote d'Ivoire,1947,,,,,,0.0,,,,,,,,,,,,,,,,,,,,,,,,,,,,,,,,,,,,,,,,,,,,,,,,,,,,,,,,,,,,,,,,,,,,,,,,,,,,,,,,,,,,,0.0,0.0,,,,,,,,,,,2466437.0,,,,,,,,,,,,,,,,,,,,,,
CIV,Cote d'Ivoire,1948,,,,,,0.0,,,,,,,,,,,,,,,,,,,,,,,,,,,,,,,,,,,,,,,,,,,,,,,,,,,,,,,,,,,,,,,,,,,,,,,,,,,,,,,,,,,,,0.0,0.0,,,,,,,,,,,2510832.0,,,,,,,,,,,,,,,,,,,,,,
CIV,Cote d'Ivoire,1949,,,,,,0.0,,,,,,,,,,,,,,,,,,,,,,,,,,,,,,,,,,,,,,,,,,,,,,,,,,,,,,,,,,,,,,,,,,,,,,,,,,,,,,,,,,,,,0.0,0.0,,,,,,,,,,,2565228.0,,,,,,,,,,,,,,,,,,,,,,
CIV,Cote d'Ivoire,1950,,,,,,0.0,,,,,,,,,,,,,,,,,,,,,,,,,,,,,,,,,,,,,,,,,,,,4745217792.0,,,,,,,,,,,,,,,,,,,,,,,,,,,,,,,,,,,,,,,,,0.0,0.0,,,,,,,,,,,2630131.0,,,,,,,,,,,,,,,,,,,,,,
CIV,Cote d'Ivoire,1951,,,,,,0.0,,,,,,,,,,,,,,,,,,,,,,,,,,,,,,,,,,,,,,,,,,,,4919866020.0,,,,,,,,,,,,,,,,,,,,,,,,,,,,,,,,,,,,,,,,,0.0,0.0,,,,,,,,,,,2690625.0,,,,,,,,,,,,,,,,,,,,,,
CIV,Cote d'Ivoire,1952,,,,,,0.0,,,,,,,,,,,,,,,,,,,,,,,,,,,,,,,,,,,,,,,,,,,,5102610566.0,,,,,,,,,,,,,,,,,,,,,,,,,,,,,,,,,,,,,,,,,0.0,0.0,,,,,,,,,,,2761084.0,,,,,,,,,,,,,,,,,,,,,,
CIV,Cote d'Ivoire,1953,,,,,,0.0,,,,,,,,,,,,,,,,,,,,,,,,,,,,,,,,,,,,,,,,,,,,5287693819.0,,,,,,,,,,,,,,,,,,,,,,,,,,,,,,,,,,,,,,,,,0.0,0.0,,,,,,,,,,,2838189.0,,,,,,,,,,,,,,,,,,,,,,
CIV,Cote d'Ivoire,1954,,,,,,0.0,,,,,,,,,,,,,,,,,,,,,,,,,,,,,,,,,,,,,,,,,,,,5481269497.0,,,,,,,,,,,,,,,,,,,,,,,,,,,,,,,,,,,,,,,,,0.0,0.0,,,,,,,,,,,2919713.0,,,,,,,,,,,,,,,,,,,,,,
CIV,Cote d'Ivoire,1955,,,,,,0.0,,,,,,,,,,,,,,,,,,,,,,,,,,,,,,,,,,,,,,,,,,,,5683028920.0,,,,,,,,,,,,,,,,,,,,,,,,,,,,,,,,,,,,,,,,,0.0,0.0,,,,,,,,,,,3004421.0,,,,,,,,,,,,,,,,,,,,,,
CIV,Cote d'Ivoire,1956,,,,,,0.0,,,,,,,,,,,,,,,,,,,,,,,,,,,,,,,,,,,,,,,,,,,,5894115552.0,,,,,,,,,,,,,,,,,,,,,,,,,,,,,,,,,,,,,,,,,0.0,0.0,,,,,,,,,,,3092200.0,,,,,,,,,,,,,,,,,,,,,,
CIV,Cote d'Ivoire,1957,,,,,,0.0,,,,,,,,,,,,,,,,,,,,,,,,,,,,,,,,,,,,,,,,,,,,6111600000.0,,,,,,,,,,,,,,,,,,,,,,,,,,,,,,,,,,,,,,,,,0.0,0.0,,,,,,,,,,,3183962.0,,,,,,,,,,,,,,,,,,,,,,
CIV,Cote d'Ivoire,1958,,,,,,0.0,,,,,,,,,,,,,,,,,,,,,,,,,,,,,,,,,,,,,,,,,,,,6339347652.0,,,,,,,,,,,,,,,,,,,,,,,,,,,,,,,,,,,,,,,,,0.0,0.0,,,,,,,,,,,3281513.0,,,,,,,,,,,,,,,,,,,,,,
CIV,Cote d'Ivoire,1959,,,,,,0.0,,,,,,,,,,,,,,,,,,,,,,,,,,,,,,,,,,,,,,,,,,,,6572868900.0,,,,,,,,,,,,,,,,,,,,,,,,,,,,,,,,,,,,,,,,,0.0,0.0,,,,,,,,,,,3387290.0,,,,,,,,,,,,,,,,,,,,,,
CIV,Cote d'Ivoire,1960,,,,,,0.0,,,,,,,,,,,,,,,,,,,,,,,,,,,,,,,,,,,,,,,,,,,,7159306154.0,,,,,,,,,,,,,,,,,,,,,,,,,,,,,,,,,,,,,,,,,0.0,0.0,,,,,,,,,,,3503559.0,,,,,,,,,,,,,,,,,,,,,,
CIV,Cote d'Ivoire,1961,,,,,,0.0,,,,,,,,,,,,,,,,,,,,,,,,,,,,,,,,,,,,,,,,,,,,7832816054.0,,,,,,,,,,,,,,,,,,,,,,,,,,,,,,,,,,,,,,,,,0.0,0.0,,,,,,,,,,,3631547.0,,,,,,,,,,,,,,,,,,,,,,
CIV,Cote d'Ivoire,1962,,,,,,0.0,,,,,,,,,,,,,,,,,,,,,,,,,,,,,,,,,,,,,,,,,,,,8177584800.0,,,,,,,,,,,,,,,,,,,,,,,,,,,,,,,,,,,,,,,,,0.0,0.0,,,,,,,,,,,3770756.0,,,,,,,,,,,,,,,,,,,,,,
CIV,Cote d'Ivoire,1963,,,,,,0.0,,,,,,,,,,,,,,,,,,,,,,,,,,,,,,,,,,,,,,,,,,,,9515745350.0,,,,,,,,,,,,,,,,,,,,,,,,,,,,,,,,,,,,,,,,,0.0,0.0,,,,,,,,,,,3918630.0,,,,,,,,,,,,,,,,,,,,,,
CIV,Cote d'Ivoire,1964,,,,,,0.0,,,,,,,,,,,,,,,,,,,,,,,,,,,,,,,,,,,,,,,,,,,,11224263257.0,,,,,,,,,,,,,,,,,,,,,,,,,,,,,,,,,,,,,,,,,0.0,0.0,,,,,,,,,,,4071411.0,,,,,,,,,,,,,,,,,,,,,,
CIV,Cote d'Ivoire,1965,,,,,,0.0,,,,,,,,,,,,,,,,,,,,,,,,,,,,,,,,,,,,,,,,,,,,10978052400.0,,,,,,,,,,,,,,,,,,,,,,,,,,,,,,,,,,,,,,,,,0.0,0.0,,,,,,,,,,,4226843.0,,,,,,,,,,,,,,,,,,,,,,
CIV,Cote d'Ivoire,1966,,,,,,0.0,,,,,,,,,,,,,,,,,,,,,,,,,,,,,,,,,,,,,,,,,,,,11842560165.0,,,,,,,,,,,,,,,,,,,,,,,,,,,,,,,,,,,,,,,,,0.0,0.0,,,,,,,,,,,4383723.0,,,,,,,,,,,,,,,,,,,,,,
CIV,Cote d'Ivoire,1967,,,,,,0.0,,,,,,,,,,,,,,,,,,,,,,,,,,,,,,,,,,,,,,,,,,,,12018789939.0,,,,,,,,,,,,,,,,,,,,,,,,,,,,,,,,,,,,,,,,,0.0,0.0,,,,,,,,,,,4544168.0,,,,,,,,,,,,,,,,,,,,,,
CIV,Cote d'Ivoire,1968,,,,,,0.0,,,,,,,,,,,,,,,,,,,,,,,,,,,,,,,,,,,,,,,,,,,,13895567966.0,,,,,,,,,,,,,,,,,,,,,,,,,,,,,,,,,,,,,,,,,0.0,0.0,,,,,,,,,,,4713134.0,,,,,,,,,,,,,,,,,,,,,,
CIV,Cote d'Ivoire,1969,,,,,,0.0,,,,,,,,,,,,,,,,,,,,,,,,,,,,,,,,,,,,,,,,,,,,14503653122.0,,,,,,,,,,,,,,,,,,,,,,,,,,,,,,,,,,,,,,,,,0.0,0.0,,,,,,,,,,,4897470.0,,,,,,,,,,,,,,,,,,,,,,
CIV,Cote d'Ivoire,1970,,,,,,0.0,,,,,,,,,,,,,,,,,,,,,,,,,,,,,,,,,,,,,,,,,,,,16078718348.0,,,,,,,,,,,,,,,,,,,,,,,,,,,,,,,,,,,,,,,,,0.0,0.0,,,,,,,,,,,5102070.0,,,,,,,,,,,,,,,,,,,,,,
CIV,Cote d'Ivoire,1971,,,,,,0.0,,,,,,,,,,,,,,,,,,,,,,,,,,,,,,,,,,,,,,,,,,,,16881039666.0,,,,,,,,,,,,,,,,,,,,,,,,,,,,,,,,,,,,,,,,,0.0,0.0,,,,,,,,,,,5328735.0,,,,,,,,,,,,,,,,,,,,,,
CIV,Cote d'Ivoire,1972,,,,,,0.0,,,,,,,,,,,,,,,,,,,,,,,,,,,,,,,,,,,,,,,,,,,,17817495810.0,,,,,,,,,,,,,,,,,,,,,,,,,,,,,,,,,,,,,,,,,0.0,0.0,,,,,,,,,,,5576026.0,,,,,,,,,,,,,,,,,,,,,,
CIV,Cote d'Ivoire,1973,,,,,,0.0,,,,,,,,,,,,,,,,,,,,,,,,,,,,,,,,,,,,,,,,,,,,19227564280.0,,,,,,,,,,,,,,,,,,,,,,,,,,,,,,,,,,,,,,,,,0.0,0.0,,,,,,,,,,,5841513.0,,,,,,,,,,,,,,,,,,,,,,
CIV,Cote d'Ivoire,1974,,,,,,0.0,,,,,,,,,,,,,,,,,,,,,,,,,,,,,,,,,,,,,,,,,,,,19781459688.0,,,,,,,,,,,,,,,,,,,,,,,,,,,,,,,,,,,,,,,,,0.0,0.0,,,,,,,,,,,6121295.0,,,,,,,,,,,,,,,,,,,,,,
CIV,Cote d'Ivoire,1975,,,,,,0.0,,,,,,,,,,,,,,,,,,,,,,,,,,,,,,,,,,,,,,,,,,,,19770904860.0,,,,,,,,,,,,,,,,,,,,,,,,,,,,,,,,,,,,,,,,,0.0,0.0,,,,,,,,,,,6412409.0,,,,,,,,,,,,,,,,,,,,,,
CIV,Cote d'Ivoire,1976,,,,,,0.0,,,,,,,,,,,,,,,,,,,,,,,,,,,,,,,,,,,,,,,,,,,,22128316231.0,,,,,,,,,,,,,,,,,,,,,,,,,,,,,,,,,,,,,,,,,0.0,0.0,,,,,,,,,,,6713949.0,,,,,,,,,,,,,,,,,,,,,,
CIV,Cote d'Ivoire,1977,,,,,,0.0,,,,,,,,,,,,,,,,,,,,,,,,,,,,,,,,,,,,,,,,,,,,23179390101.0,,,,,,,,,,,,,,,,,,,,,,,,,,,,,,,,,,,,,,,,,0.0,0.0,,,,,,,,,,,7026497.0,,,,,,,,,,,,,,,,,,,,,,
CIV,Cote d'Ivoire,1978,,,,,,0.0,,,,,,,,,,,,,,,,,,,,,,,,,,,,,,,,,,,,,,,,,,,,25469899144.0,,,,,,,,,,,,,,,,,,,,,,,,,,,,,,,,,,,,,,,,,0.0,0.0,,,,,,,,,,,7350269.0,,,,,,,,,,,,,,,,,,,,,,
CIV,Cote d'Ivoire,1979,,,,,,0.0,,,,,,,,,,,,,,,,,,,,,,,,,,,,,,,,,,,,,,,,,,,,25962590525.0,,,,,,,,,,,,,,,,,,,,,,,,,,,,,,,,,,,,,,,,,0.0,0.0,,,,,,,,,,,7685927.0,,,,,,,,,,,,,,,,,,,,,,
CIV,Cote d'Ivoire,1980,,,,,,0.634,,,,,,,,,,,,,,,,,,0.0,0.0,,,,,,,,,,,,,,,,0.767,2667.442,,,,,,,,27953881286.0,,,,,,,,0.0,0.0,,,,,,,,,,,,,,,,,,,,,,,,,,,,,,,,0.634,78.872,,,,,,,,,,,8033652.0,21.429,,,,,,,,,,,,,,,,,,,,,
CIV,Cote d'Ivoire,1981,,0.0,,0.0,597.614,3.787,11.107,2.38,,,,,,,,,,,,,,,,0.0,0.0,,,,,,,,,,,,,,,,0.823,2836.6,,,,,,,,28926660708.0,,,,,,,,0.0,0.0,,,,,,,,,,,,,,,,,,,,,,,,,,,,,,,,4.42,526.625,,,,,,,,,,,8393689.0,23.81,,,,,,,,,,,,,,,,,,,,,
CIV,Cote d'Ivoire,1982,,0.0,,0.0,28.615,1.265,-5.12,-1.219,,,,,,,,,,,,,,,,0.0,0.0,,,,,,,,,,,,,,,,0.779,2577.364,,,,,,,,28992515206.0,,,,,,,,0.0,0.0,,,,,,,,,,,,,,,,,,,,,,,,,,,,,,,,5.685,648.626,,,,,,,,,,,8764991.0,22.591,,,,,,,,,,,,,,,,,,,,,
CIV,Cote d'Ivoire,1983,,0.0,,0.0,155.556,8.844,-3.448,-0.779,,,,,,,,,,,,,,,,0.0,0.0,,,,,,,,,,,,,,,,0.783,2385.108,,,,,,,,27868328856.0,,,,,,,,0.0,0.0,,,,,,,,,,,,,,,,,,,,,,,,,,,,,,,,14.529,1588.73,,,,,,,,,,,9144940.0,21.812,,,,,,,,,,,,,,,,,,,,,
CIV,Cote d'Ivoire,1984,,0.0,,0.0,17.713,2.573,-12.512,-2.729,,,,,,,,,,,,,,,,0.0,0.0,,,,,,,,,,,,,,,,0.709,2002.356,,,,,,,,26931153993.0,,,,,,,,0.0,0.0,,,,,,,,,,,,,,,,,,,,,,,,,,,,,,,,17.102,1794.558,,,,,,,,,,,9530103.0,19.083,,,,,,,,,,,,,,,,,,,,,
CIV,Cote d'Ivoire,1985,,0.0,,0.0,3.42,0.585,18.626,3.554,,,,,,,,,,,,,,,,0.0,0.0,,,,,,,,,,,,,,,,0.801,2282.362,,,,,,,,28257155740.0,,,,,,,,0.0,0.0,,,,,,,,,,,,,,,,,,,,,,,,,,,,,,,,17.687,1783.315,,,,,,,,,,,9918204.0,22.637,,,,,,,,,,,,,,,,,,,,,
CIV,Cote d'Ivoire,1986,,0.0,,0.0,-28.571,-5.054,1.858,0.421,,,,,,,,,,,,,,,,0.0,0.0,,,,,,,,,,,,,,,,0.792,2237.014,,,,,,,,29115384516.0,,,,,,,,0.0,0.0,,,,,,,,,,,,,,,,,,,,,,,,,,,,,,,,12.634,1225.715,,,,,,,,,,,10307268.0,23.058,,,,,,,,,,,,,,,,,,,,,
CIV,Cote d'Ivoire,1987,,0.0,,0.0,-10.0,-1.263,9.781,2.255,,,,,,,,,,,,,,,,0.0,0.0,,,,,,,,,,,,,,,,0.884,2366.072,,,,,,,,28640501646.0,,,,,,,,0.0,0.0,,,,,,,,,,,,,,,,,,,,,,,,,,,,,,,,11.37,1062.834,,,,,,,,,,,10698188.0,25.313,,,,,,,,,,,,,,,,,,,,,
CIV,Cote d'Ivoire,1988,,0.0,,0.0,-33.162,-3.771,3.767,0.953,,,,,,,,,,,,,,,,0.0,0.0,,,,,,,,,,,,,,,,0.934,2367.444,,,,,,,,28134702336.0,,,,,,,,0.0,0.0,,,,,,,,,,,,,,,,,,,,,,,,,,,,,,,,7.6,684.986,,,,,,,,,,,11094740.0,26.266,,,,,,,,,,,,,,,,,,,,,
CIV,Cote d'Ivoire,1989,,0.0,,0.0,-83.379,-6.337,0.313,0.082,,,,,,,,,,,,,,,,0.0,0.0,,,,,,,,,,,,,,,,0.943,2290.666,,,,,,,,27953505921.0,,,,,,,,0.0,0.0,,,,,,,,,,,,,,,,,,,,,,,,,,,,,,,,1.263,109.817,,,,,,,,,,,11502453.0,26.348,,,,,,,,,,,,,,,,,,,,,
CIV,Cote d'Ivoire,1990,,0.0,,0.0,0.0,0.0,-13.822,-3.642,,,,,,,,,,,,,,,,0.0,0.0,,,,,,,,,,,,,,,,0.873,1904.122,,,,,,,,26018496791.0,,,,,,,,0.0,0.0,,,,,,,,,,,,,,,,,,,,,,,,,,,,,,,,1.263,105.927,,,,,,,,,,,11924873.0,22.706,,,,,,,,,,,,,,,,,,,,,
CIV,Cote d'Ivoire,1991,,0.0,,0.0,0.0,0.0,-15.449,-3.508,,,,,,,,,,,,,,,,0.0,0.0,,,,,,,,,,,,,,,,0.712,1552.969,,,,,,,,26972066114.0,,,,,,,,0.0,0.0,,,,,,,,,,,,,,,,,,,,,,,,,,,,,,,,1.263,102.178,,,,,,,,,,,12362404.0,19.198,,,,,,,,,,,,,,,,,,,,,
CIV,Cote d'Ivoire,1992,,0.0,,0.0,-24.795,-0.313,-2.903,-0.557,,,,,,,,,,,,,,,,0.0,0.0,,,,,,,,,,,,,,,,0.679,1454.924,,,,,,,,27466939813.0,,,,,,,,0.0,0.0,,,,,,,,,,,,,,,,,,,,,,,,,,,,,,,,0.95,74.144,,,,,,,,,,,12812428.0,18.641,,,,,,,,,,,,,,,,,,,,,
CIV,Cote d'Ivoire,1993,,0.0,,0.0,-66.758,-0.634,12.422,2.316,,,,,,,,,,,,,,,,0.0,0.0,,,,,,,,,,,,,,,,0.745,1579.058,,,,,,,,28127548653.0,,,,,,,,0.0,0.0,,,,,,,,,,,,,,,,,,,,,,,,,,,,,,,,0.316,23.794,,,,,,,,,,,13271638.0,20.957,,,,,,,,,,,,,,,,,,,,,
CIV,Cote d'Ivoire,1994,,0.0,,0.0,1259.999,3.979,3.168,0.664,,,,,,,,,,,,,,,,0.0,0.0,,,,,,,,,,,,,,,,0.745,1574.072,,,,,,,,29026815783.0,,,,,,,,0.0,0.0,,,,,,,,,,,,,,,,,,,,,,,,,,,,,,,,4.295,312.677,,,,,,,,,,,13735438.0,21.621,,,,,,,,,,,,,,,,,,,,,
CIV,Cote d'Ivoire,1995,,0.0,,0.433,17.99,0.773,9.109,1.969,,,,,,,,,,,,,,,,0.0,0.0,,,,,,,,,,,,,,,,0.751,1661.293,,,,,,,,31414493240.0,,,,,,,,0.433,30.496,,,,,,,,,,,,,,,,,,,,,,,,,,,,,,,,5.067,356.863,,,,,,,,,,,14199759.0,23.59,,,,,,,,,,,,,,,,,,,,,
CIV,Cote d'Ivoire,1996,,0.0,801.659,3.471,99.966,5.066,16.331,3.852,,,,,,,,,,,,,,,,0.0,0.0,,,,,,,,,,,,,,,,0.793,1871.268,,,,,,,,34617701229.0,,,,,,,,3.905,266.245,,,,,,,,,,,,,,,,,,,,,,,,,,,,,,,,10.133,690.958,,,,,,,,,,,14665125.0,27.442,,,,,,,,,,,,,,,,,,,,,
CIV,Cote d'Ivoire,1997,,0.0,66.667,2.603,16.974,1.72,2.072,0.569,,,,,,,,,,,,,,,,0.0,0.0,,,,,,,,,,,,,,,,0.751,1851.267,,,,,,,,37316420611.0,,,,,,,,6.508,430.088,,,,,,,,,,,,,,,,,,,,,,,,,,,,,,,,11.853,783.374,,,,,,,,,,,15130674.0,28.011,,,,,,,,,,,,,,,,,,,,,
CIV,Cote d'Ivoire,1998,,0.0,33.333,2.169,6.569,0.779,0.942,0.264,,,,,,,,,,,,,,,,0.0,0.0,,,,,,,,,,,,,,,,0.708,1813.726,,,,,,,,39915278103.0,,,,,,,,8.677,556.576,,,,,,,,,,,,,,,,,,,,,,,,,,,,,,,,12.632,810.27,,,,,,,,,,,15589407.0,28.275,,,,,,,,,,,,,,,,,,,,,
CIV,Cote d'Ivoire,1999,,0.0,67.5,5.857,-25.0,-3.158,29.256,8.272,,,,,,,,,,,,,,,,0.0,0.0,,,,,,,,,,,,,,,,0.884,2279.546,,,,,,,,41352077063.0,,,,,,,,14.533,906.496,,,,,,,,,,,,,,,,,,,,,,,,,,,,,,,,9.474,590.905,,,,,,,,,,,16032573.0,36.547,,,,,,,,,,,,,,,,,,,,,
CIV,Cote d'Ivoire,2000,,0.0,0.746,0.108,-23.142,-2.192,0.58,0.212,0.0,0.0,,,,,,313.043,0.0,,,,,0.0,,0.0,0.0,3.36,0.0,0.0,2.85,2.85,1.75,0.0,0.0,0.0,0.0,1.75,0.0,0.0,4.6,1.44,0.89,2233.944,,,,,,173.203,61.957,41297572098.0,61.957,,,,,173.203,,14.642,889.834,38.043,,,,,106.353,,38.043,1.75,106.353,,,,,,-36.905,-1.24,0.0,,,,,0.0,,0.0,,,,,0.0,,7.281,442.51,0.0,0.0,,,,,0.0,0.0,,279.556,16454660.0,36.759,106.353,38.043,,,,,,0.0,,,,,0.0,,0.0,,,,,0.0,
CIV,Cote d'Ivoire,2001,,0.0,0.0,0.0,-4.586,-0.334,-0.928,-0.341,0.0,0.0,,,,,,311.966,0.0,,,,,0.0,,0.0,0.0,3.52,0.0,0.0,2.9,2.9,1.78,0.0,0.0,0.0,0.0,1.78,0.0,0.0,4.68,1.46,0.863,2160.904,,,,,,172.076,61.966,42194146766.0,61.966,,,,,172.076,,14.642,868.8,38.034,,,,,105.619,,38.034,1.78,105.619,,,,,,-32.955,-1.16,0.0,,,,,0.0,,0.0,,,,,0.0,,6.947,412.234,0.0,0.0,,,,,0.0,0.0,,277.695,16853028.0,36.418,105.619,38.034,,,,,,0.0,,,,,0.0,,0.0,,,,,0.0,
CIV,Cote d'Ivoire,2002,,0.0,-5.102,-0.747,9.091,0.632,-2.8,-1.02,0.0,0.0,,,,,,332.016,0.0,,,,,0.0,,0.0,0.0,3.49,0.0,0.0,3.35,3.35,1.71,0.0,0.0,0.0,0.0,1.71,0.0,0.0,5.06,1.68,0.835,2054.257,,,,,,194.411,66.206,42379196379.0,66.206,,,,,194.411,,13.895,806.366,33.794,,,,,99.237,,33.794,1.71,99.237,,,,,,-44.986,-1.57,0.0,,,,,0.0,,0.0,,,,,0.0,,7.579,439.832,0.0,0.0,,,,,0.0,0.0,,293.648,17231540.0,35.398,99.237,33.794,,,,,,0.0,,,,,0.0,,0.0,,,,,0.0,
CIV,Cote d'Ivoire,2003,,0.0,0.0,0.0,58.333,4.421,-9.845,-3.485,0.0,0.0,,,,,,316.222,0.0,,,,,0.0,,0.0,0.0,3.54,0.0,0.0,3.06,3.06,1.81,0.0,0.0,0.0,0.0,1.81,0.0,0.0,4.87,1.54,0.746,1813.285,,,,,,173.867,62.834,42761698028.0,62.834,,,,,173.867,,13.895,789.502,37.166,,,,,102.843,,37.166,1.81,102.843,,,,,,-37.571,-1.33,0.0,,,,,0.0,,0.0,,,,,0.0,,12.0,681.836,0.0,0.0,,,,,0.0,0.0,,276.711,17599614.0,31.913,102.843,37.166,,,,,,0.0,,,,,0.0,,0.0,,,,,0.0,
CIV,Cote d'Ivoire,2004,,0.0,-2.985,-0.415,37.217,4.466,7.959,2.54,0.0,0.0,,,,,,337.121,0.0,,,,,0.0,,0.0,0.0,3.87,0.0,0.0,3.55,3.55,1.73,0.0,0.0,0.0,0.0,1.73,0.0,0.0,5.28,1.78,0.777,1917.199,,,,,,197.546,67.235,44320833649.0,67.235,,,,,197.546,,13.48,750.127,32.765,,,,,96.269,,32.765,1.73,96.269,,,,,,-36.434,-1.41,0.0,,,,,0.0,,0.0,,,,,0.0,,16.466,916.286,0.0,0.0,,,,,0.0,0.0,,293.815,17970492.0,34.453,96.269,32.765,,,,,,0.0,,,,,0.0,,0.0,,,,,0.0,
CIV,Cote d'Ivoire,2005,,0.0,0.0,0.0,49.59,8.166,11.001,3.79,0.0,0.0,,,,,,367.159,0.0,,,,,0.0,,0.0,0.0,4.02,0.0,0.0,4.0,4.0,1.42,0.0,0.0,0.0,0.0,1.42,0.0,0.0,5.42,1.99,0.828,2083.576,,,,,,217.93,73.801,46182466125.0,73.801,,,,,217.93,,13.48,734.433,26.199,,,,,77.365,,26.199,1.42,77.365,,,,,,-34.826,-1.4,0.0,,,,,0.0,,0.0,,,,,0.0,,24.632,1341.996,0.0,0.0,,,,,0.0,0.0,,295.295,18354514.0,38.243,77.365,26.199,,,,,,0.0,,,,,0.0,,0.0,,,,,0.0,
CIV,Cote d'Ivoire,2006,,0.0,0.0,0.0,58.974,14.526,-14.51,-5.549,0.0,0.0,,,,,,361.111,0.0,,,,,0.0,,0.0,0.0,4.33,0.0,0.0,3.9,3.9,1.5,0.0,0.0,0.0,0.0,1.5,0.0,0.0,5.4,1.95,0.68,1743.212,,,,,,207.946,72.222,48080165579.0,72.222,,,,,207.946,,13.48,718.753,27.778,,,,,79.979,,27.778,1.5,79.979,,,,,,-24.711,-1.07,0.0,,,,,0.0,,0.0,,,,,0.0,,39.158,2087.883,0.0,0.0,,,,,0.0,0.0,,287.925,18754914.0,32.694,79.979,27.778,,,,,,0.0,,,,,0.0,,0.0,,,,,0.0,
CIV,Cote d'Ivoire,2007,,0.0,15.385,2.074,-16.129,-6.316,7.001,2.289,0.0,0.0,,,,,,335.807,0.0,,,,,0.0,,0.0,0.0,4.62,0.0,0.0,3.61,3.61,1.78,0.0,0.0,0.0,0.0,1.78,0.0,0.0,5.39,1.81,0.697,1824.745,,,,,,188.303,66.976,50213697642.0,66.976,,,,,188.303,,15.554,811.32,33.024,,,,,92.847,,33.024,1.78,92.847,,,,,,-16.667,-0.77,0.0,,,,,0.0,,0.0,,,,,0.0,,32.842,1713.099,0.0,0.0,,,,,0.0,0.0,,281.15,19171250.0,34.983,92.847,33.024,,,,,,0.0,,,,,0.0,,0.0,,,,,0.0,
CIV,Cote d'Ivoire,2008,,0.0,6.667,1.037,14.091,4.628,9.934,3.475,0.0,0.0,,,,,,333.333,0.0,,,,,0.0,,0.0,0.0,4.95,0.0,0.0,3.67,3.67,1.88,0.0,0.0,0.0,0.0,1.88,0.0,0.0,5.55,1.85,0.728,1961.571,,,,,,187.192,66.126,52843521187.0,66.126,,,,,187.192,,16.591,846.237,33.874,,,,,95.891,,33.874,1.88,95.891,,,,,,-12.121,-0.6,0.0,,,,,0.0,,0.0,,,,,0.0,,37.47,1911.188,0.0,0.0,,,,,0.0,0.0,,283.083,19605568.0,38.458,95.891,33.874,,,,,,0.0,,,,,0.0,,0.0,,,,,0.0,
CIV,Cote d'Ivoire,2009,,0.0,0.0,0.0,-2.545,-0.954,-2.707,-1.041,0.0,0.0,,,,,,314.387,0.0,,,,,0.0,,0.0,0.0,5.15,0.0,0.0,3.52,3.52,2.11,0.0,0.0,0.0,0.0,2.11,0.0,0.0,5.63,1.77,0.669,1865.318,,,,,,175.481,62.522,55909337782.0,62.522,,,,,175.481,,16.591,827.102,37.478,,,,,105.189,,37.478,2.11,105.189,,,,,,-9.32,-0.48,0.0,,,,,0.0,,0.0,,,,,0.0,,36.516,1820.433,0.0,0.0,,,,,0.0,0.0,,280.67,20059146.0,37.417,105.189,37.478,,,,,,0.0,,,,,0.0,,0.0,,,,,0.0,
CIV,Cote d'Ivoire,2010,,0.0,3.438,0.57,-24.183,-8.831,2.238,0.837,0.0,0.0,,,,,,370.826,0.0,,,,,0.0,,0.0,0.0,5.34,0.0,0.0,4.09,3.77,1.6,0.0,0.32,0.0,0.0,1.6,0.0,0.0,5.69,2.11,0.655,1863.051,,,,,,199.192,71.88,58372517433.0,66.257,,,,,183.607,,17.161,835.792,28.12,,,,,77.924,,28.12,1.6,77.924,,,,,,-6.554,-0.35,0.0,,,,,0.0,,5.624,,,,,15.585,,27.686,1348.357,0.0,0.0,,,,,0.0,0.0,,277.116,20532944.0,38.254,77.924,28.12,,,,,,0.0,,,,,0.0,,0.0,,,,,0.0,
CIV,Cote d'Ivoire,2011,,0.0,-1.511,-0.259,-9.682,-2.68,-6.946,-2.657,0.0,0.0,,,,,,360.206,0.0,,,,,0.0,,0.0,0.0,5.24,0.0,0.0,4.07,3.75,1.76,0.0,0.32,0.0,0.0,1.76,0.0,0.0,5.83,2.1,0.624,1692.773,,,,,,193.545,69.811,57054912650.0,64.322,,,,,178.328,,16.902,803.762,30.189,,,,,83.695,,30.189,1.76,83.695,,,,,,-11.26,-0.59,0.0,,,,,0.0,,5.489,,,,,15.217,,25.005,1189.104,0.0,0.0,,,,,0.0,0.0,,277.241,21028652.0,35.597,83.695,30.189,,,,,,0.0,,,,,0.0,,0.0,,,,,0.0,
CIV,Cote d'Ivoire,2012,,0.0,9.202,1.555,-3.965,-0.992,21.895,7.794,0.0,0.0,,,,,,382.661,0.0,,,,,0.0,,0.0,0.0,6.1,0.0,0.0,4.92,4.39,1.77,0.0,0.53,0.0,0.0,1.77,0.0,0.0,6.69,2.56,0.689,2013.742,,,,,,228.336,73.543,62949927717.0,65.62,,,,,203.739,,18.457,856.606,26.457,,,,,82.145,,26.457,1.77,82.145,,,,,,-9.672,-0.59,0.0,,,,,0.0,,7.922,,,,,24.597,,24.014,1114.47,0.0,0.0,,,,,0.0,0.0,,310.481,21547188.0,43.39,82.145,26.457,,,,,,0.0,,,,,0.0,,0.0,,,,,0.0,
CIV,Cote d'Ivoire,2013,,0.0,14.831,2.738,-2.681,-0.644,10.71,4.647,0.0,0.0,,,,,,420.33,0.0,,,,,0.0,,0.0,0.0,6.46,0.0,0.0,5.69,4.58,1.59,0.0,1.11,0.0,0.0,1.59,0.0,0.0,7.28,3.06,0.695,2174.876,,,,,,257.612,78.159,69149550710.0,62.912,,,,,207.357,,21.195,959.59,21.841,,,,,71.986,,21.841,1.59,71.986,,,,,,-12.693,-0.82,0.0,,,,,0.0,,15.247,,,,,50.255,,23.37,1058.062,0.0,0.0,,,,,0.0,0.0,,329.598,22087506.0,48.038,71.986,21.841,,,,,,0.0,,,,,0.0,,0.0,,,,,0.0,
CIV,Cote d'Ivoire,2014,,0.0,0.832,0.176,-2.703,-0.632,5.637,2.708,0.0,0.0,,,,,,409.379,0.0,,,,,0.0,,0.0,0.0,7.01,0.0,0.0,6.0,4.85,1.89,0.0,1.15,0.0,0.0,1.89,0.0,0.0,7.89,3.23,0.671,2240.655,,,,,,264.928,76.046,75601082176.0,61.47,,,,,214.15,,21.371,943.639,23.954,,,,,83.452,,23.954,1.89,83.452,,,,,,-12.553,-0.88,0.0,,,,,0.0,,14.575,,,,,50.778,,22.738,1004.003,0.0,0.0,,,,,0.0,0.0,,348.38,22647672.0,50.746,83.452,23.954,,,,,,0.0,,,,,0.0,,0.0,,,,,0.0,
CIV,Cote d'Ivoire,2015,,0.0,0.097,0.021,-19.444,-4.421,-0.412,-0.209,0.0,0.0,,,,,,446.731,0.0,,,,,0.0,,0.0,0.0,7.41,0.0,0.0,6.92,5.63,1.34,0.0,1.29,0.0,0.0,1.34,0.0,0.0,8.26,3.69,0.61,2175.857,,,,,,297.94,83.777,82779692531.0,68.16,,,,,242.399,,21.392,921.03,16.223,,,,,57.694,,16.223,1.34,57.694,,,,,,-11.471,-0.85,0.0,,,,,0.0,,15.617,,,,,55.541,,18.317,788.637,0.0,0.0,,,,,0.0,0.0,,355.634,23226148.0,50.537,57.694,16.223,,,,,,0.0,,,,,0.0,,0.0,,,,,0.0,
CIV,Cote d'Ivoire,2016,,0.0,11.973,2.561,69.428,12.717,13.519,6.832,0.0,0.0,,,,,,459.669,0.0,,,,,0.0,,0.0,0.0,7.84,0.0,0.0,7.54,5.53,1.51,0.0,2.01,0.0,0.0,1.51,0.0,0.0,9.05,4.16,0.641,2408.165,,,,,,316.505,83.315,89471443377.0,61.105,,,,,232.131,,23.953,1005.476,16.685,,,,,63.385,,16.685,1.51,63.385,,,,,,-15.434,-1.21,0.0,,,,,0.0,,22.21,,,,,84.373,,31.034,1302.714,0.0,0.0,,,,,0.0,0.0,,379.889,23822726.0,57.369,63.385,16.685,,,,,,0.0,,,,,0.0,,0.0,,,,,0.0,
CIV,Cote d'Ivoire,2017,,,,,,,-0.086,-0.049,0.0,0.0,,,,,,441.951,0.0,,,,,0.0,,,,8.39,0.0,0.0,8.21,6.02,2.03,0.0,2.19,0.0,0.0,2.04,0.01,0.0,10.25,4.53,0.597,2345.56,,,,,,335.959,80.098,96056541640.0,58.732,,,,,246.343,,,,19.805,,,,,83.069,,19.902,2.04,83.478,,,,,,-22.169,-1.86,0.0,,,,,0.0,,21.366,,,,,89.616,,,,0.0,0.0,,,,,0.0,0.0,,419.438,24437474.0,57.32,83.478,19.902,,,,,,0.098,,,,,0.409,,0.0,,,,,0.0,
CIV,Cote d'Ivoire,2018,,,,,,,-0.248,-0.142,0.0,0.0,,,,,,386.694,0.0,,,,,0.0,,,,8.57,0.0,0.0,6.68,4.9,2.93,0.0,1.78,0.0,0.0,2.94,0.01,0.0,9.62,3.72,0.557,2280.79,,,,,,266.462,69.439,102581662691.0,50.936,,,,,195.459,,,,30.457,,,,,116.876,,30.561,2.94,117.275,,,,,,-12.252,-1.05,0.0,,,,,0.0,,18.503,,,,,71.003,,,,0.0,0.0,,,,,0.0,0.0,,383.737,25069226.0,57.178,117.275,30.561,,,,,,0.104,,,,,0.399,,0.0,,,,,0.0,
CIV,Cote d'Ivoire,2019,,,,,,,8.718,4.984,0.0,0.0,,,,,,412.291,0.0,,,,,0.0,,,,7.94,0.0,0.0,6.62,4.76,2.31,0.0,1.86,0.0,0.0,2.33,0.02,0.0,8.95,3.69,,2417.203,,,,,,257.422,73.966,,53.184,,,,,185.095,,,,25.81,,,,,89.825,,26.034,2.33,90.603,,,,,,-12.72,-1.01,0.0,,,,,0.0,,20.782,,,,,72.327,,,,0.0,0.0,,,,,0.0,0.0,,348.025,25716554.0,62.162,90.603,26.034,,,,,,0.223,,,,,0.778,,0.0,,,,,0.0,
CIV,Cote d'Ivoire,2020,,,,,,,,,0.0,0.0,,,,,,421.436,0.0,,,,,0.0,,,,8.6,0.0,0.0,7.28,5.23,2.31,0.0,2.05,0.0,0.0,2.33,0.02,0.0,9.61,4.05,,,,,,,,275.985,75.754,,54.422,,,,,198.269,,,,24.037,,,,,87.572,,24.246,2.33,88.33,,,,,,-11.744,-1.01,0.0,,,,,0.0,,21.332,,,,,77.715,,,,0.0,0.0,,,,,0.0,0.0,,364.315,26378276.0,,88.33,24.246,,,,,,0.208,,,,,0.758,,0.0,,,,,0.0,
