iso_code,country,year,coal_prod_change_pct,coal_prod_change_twh,gas_prod_change_pct,gas_prod_change_twh,oil_prod_change_pct,oil_prod_change_twh,energy_cons_change_pct,energy_cons_change_twh,biofuel_share_elec,biofuel_elec_per_capita,biofuel_cons_change_pct,biofuel_share_energy,biofuel_cons_change_twh,biofuel_consumption,biofuel_cons_per_capita,carbon_intensity_elec,coal_share_elec,coal_cons_change_pct,coal_share_energy,coal_cons_change_twh,coal_consumption,coal_elec_per_capita,coal_cons_per_capita,coal_production,coal_prod_per_capita,electricity_demand,biofuel_electricity,coal_electricity,fossil_electricity,gas_electricity,hydro_electricity,nuclear_electricity,oil_electricity,other_renewable_exc_biofuel_electricity,other_renewable_electricity,renewables_electricity,solar_electricity,wind_electricity,electricity_generation,greenhouse_gas_emissions,energy_per_gdp,energy_per_capita,fossil_cons_change_pct,fossil_share_energy,fossil_cons_change_twh,fossil_fuel_consumption,fossil_energy_per_capita,fossil_cons_per_capita,fossil_share_elec,gdp,gas_share_elec,gas_cons_change_pct,gas_share_energy,gas_cons_change_twh,gas_consumption,gas_elec_per_capita,gas_energy_per_capita,gas_production,gas_prod_per_capita,hydro_share_elec,hydro_cons_change_pct,hydro_share_energy,hydro_cons_change_twh,hydro_consumption,hydro_elec_per_capita,hydro_energy_per_capita,low_carbon_share_elec,low_carbon_electricity,low_carbon_elec_per_capita,low_carbon_cons_change_pct,low_carbon_share_energy,low_carbon_cons_change_twh,low_carbon_consumption,low_carbon_energy_per_capita,net_elec_imports_share_demand,net_elec_imports,nuclear_share_elec,nuclear_cons_change_pct,nuclear_share_energy,nuclear_cons_change_twh,nuclear_consumption,nuclear_elec_per_capita,nuclear_energy_per_capita,oil_share_elec,oil_cons_change_pct,oil_share_energy,oil_cons_change_twh,oil_consumption,oil_elec_per_capita,oil_energy_per_capita,oil_production,oil_prod_per_capita,other_renewables_elec_per_capita_exc_biofuel,other_renewables_elec_per_capita,other_renewables_cons_change_pct,other_renewables_share_energy,other_renewables_cons_change_twh,other_renewable_consumption,other_renewables_share_elec_exc_biofuel,other_renewables_share_elec,other_renewables_energy_per_capita,per_capita_electricity,population,primary_energy_consumption,renewables_elec_per_capita,renewables_share_elec,renewables_cons_change_pct,renewables_share_energy,renewables_cons_change_twh,renewables_consumption,renewables_energy_per_capita,solar_share_elec,solar_cons_change_pct,solar_share_energy,solar_cons_change_twh,solar_consumption,solar_elec_per_capita,solar_energy_per_capita,wind_share_elec,wind_cons_change_pct,wind_share_energy,wind_cons_change_twh,wind_consumption,wind_elec_per_capita,wind_energy_per_capita
HRV,Croatia,1990,,,,,,,,,0.113,2.094,,,,,,,7.111,,9.425,,9.403,131.899,1968.74,,,15.74,0.01,0.63,4.93,1.36,3.92,0.0,2.94,0.0,0.01,3.93,0.0,0.0,8.86,,1.709,20888.506,,89.406,,89.202,18675.66,1032.165,55.643,58374076956.0,15.35,,25.581,,25.523,284.735,5343.55,,,44.244,,10.594,,10.569,820.707,2212.863,44.357,3.93,822.801,,10.594,,10.569,2212.863,43.71,6.88,0.0,,0.0,,0.0,0.0,0.0,33.183,,54.4,,54.276,615.53,11363.37,,,0.0,2.094,,0.0,,0.0,0.0,0.113,0.0,1854.965,4776370.0,99.771,822.801,44.357,,10.594,,10.569,2212.863,0.0,,0.0,,0.0,0.0,0.0,0.0,,0.0,,0.0,0.0,0.0
HRV,Croatia,1991,,,,,,,-16.052,-16.016,0.116,2.101,,,,,,,4.54,-43.775,6.313,-4.116,5.287,81.933,1110.738,,,13.7,0.01,0.39,3.05,0.74,5.53,0.0,1.92,0.0,0.01,5.54,0.0,0.0,8.59,,1.838,17595.678,-24.419,80.495,-21.782,67.419,14163.735,640.756,35.506,45560400476.0,8.615,-7.392,28.22,-1.887,23.636,155.462,4965.547,,,64.377,54.56,19.505,5.767,16.336,1161.764,3431.957,64.494,5.54,1163.865,54.56,19.505,5.767,16.336,3431.957,37.299,5.11,0.0,,0.0,0.0,0.0,0.0,0.0,22.352,-29.073,45.963,-15.779,38.496,403.361,8087.45,,,0.0,2.101,,0.0,0.0,0.0,0.0,0.116,0.0,1804.621,4760003.0,83.755,1163.865,64.494,54.56,19.505,5.767,16.336,3431.957,0.0,,0.0,0.0,0.0,0.0,0.0,0.0,,0.0,0.0,0.0,0.0,0.0
HRV,Croatia,1992,,,,,,,-4.793,-4.014,0.112,2.113,,,,,,,7.416,-12.101,5.828,-0.64,4.647,139.45,981.927,1.137,240.273,11.68,0.01,0.66,4.54,1.37,4.35,0.0,2.51,0.0,0.01,4.36,0.0,0.0,8.9,,1.979,16848.417,0.333,84.829,0.225,67.644,14292.425,959.25,51.011,40296484886.0,15.393,3.658,30.725,0.865,24.5,289.465,5176.677,19.739,4170.704,48.876,-26.05,15.15,-4.256,12.081,919.105,2552.484,48.989,4.36,921.218,-25.948,15.171,-4.239,12.097,2556.006,23.801,2.78,0.0,,0.0,0.0,0.0,0.0,0.0,28.202,0.0,48.276,0.0,38.496,530.334,8133.821,25.307,5347.063,0.0,2.113,,0.021,0.017,0.017,0.0,0.112,3.521,1880.467,4732866.0,79.741,921.218,48.989,-25.948,15.171,-4.239,12.097,2556.006,0.0,,0.0,0.0,0.0,0.0,0.0,0.0,,0.0,0.0,0.0,0.0,0.0
HRV,Croatia,1993,-8.757,-0.1,13.627,2.69,1.567,0.396,4.316,3.442,0.209,4.258,,,,,,,4.702,-15.012,4.748,-0.698,3.95,95.795,840.793,1.038,220.882,11.69,0.02,0.45,5.0,1.82,4.55,0.0,2.73,0.0,0.02,4.57,0.0,0.0,9.57,,2.192,17707.858,4.21,84.743,2.848,70.492,15006.1,1064.388,52.247,37941876958.0,19.018,5.584,31.098,1.368,25.868,387.437,5506.826,22.429,4774.682,47.544,4.622,15.194,0.558,12.639,968.593,2690.537,47.753,4.57,972.85,4.914,15.257,0.594,12.692,2701.773,18.135,2.12,0.0,,0.0,0.0,0.0,0.0,0.0,28.527,5.656,48.896,2.177,40.674,581.156,8658.481,25.703,5471.679,0.0,4.258,216.667,0.063,0.036,0.053,0.0,0.209,11.235,2037.238,4697537.0,83.183,972.85,47.753,4.914,15.257,0.594,12.692,2701.773,0.0,,0.0,0.0,0.0,0.0,0.0,0.0,,0.0,0.0,0.0,0.0,0.0
HRV,Croatia,1994,-9.853,-0.102,-12.955,-2.906,7.277,1.87,0.846,0.704,0.114,2.147,,,,,,,1.14,-37.407,2.947,-1.477,2.472,21.469,530.764,0.935,200.816,11.83,0.01,0.1,3.33,1.84,5.43,0.0,1.39,0.0,0.01,5.44,0.0,0.0,8.77,,2.043,18010.023,-2.438,81.983,-1.718,68.773,14765.179,714.93,37.97,41058421506.0,20.981,-5.913,29.014,-1.53,24.339,395.036,5225.432,19.523,4191.566,61.916,19.451,17.997,2.458,15.097,1165.786,3241.28,62.03,5.44,1167.933,19.085,18.017,2.422,15.114,3244.858,25.866,3.06,0.0,,0.0,0.0,0.0,0.0,0.0,15.849,3.168,50.022,1.289,41.962,298.424,9008.983,27.574,5919.908,0.0,2.147,-68.421,0.02,-0.036,0.017,0.0,0.114,3.578,1882.863,4657800.0,83.887,1167.933,62.03,19.085,18.017,2.422,15.114,3244.858,0.0,,0.0,0.0,0.0,0.0,0.0,0.0,,0.0,0.0,0.0,0.0,0.0
HRV,Croatia,1995,-35.726,-0.334,9.438,1.843,-13.97,-3.852,3.493,2.93,0.108,2.166,,,,,,,2.589,-17.787,2.341,-0.44,2.032,51.984,440.237,0.601,130.221,12.35,0.01,0.24,3.58,0.88,5.68,0.0,2.46,0.0,0.01,5.69,0.0,0.0,9.27,,1.956,18804.721,3.263,81.801,2.244,71.017,15382.422,775.435,38.619,44384567029.0,9.493,-7.576,25.911,-1.844,22.495,190.61,4872.465,21.366,4627.958,61.273,4.563,18.183,0.689,15.786,1230.299,3419.306,61.381,5.69,1232.465,4.54,18.199,0.686,15.8,3422.314,24.939,3.08,0.0,,0.0,0.0,0.0,0.0,0.0,26.537,10.789,53.549,4.527,46.489,532.841,10069.719,23.722,5138.195,0.0,2.166,-16.667,0.016,-0.003,0.014,0.0,0.108,3.008,2007.9,4616763.0,86.817,1232.465,61.381,4.54,18.199,0.686,15.8,3422.314,0.0,,0.0,0.0,0.0,0.0,0.0,0.0,,0.0,0.0,0.0,0.0,0.0
HRV,Croatia,1996,-16.504,-0.099,-8.624,-1.843,-9.13,-2.166,6.928,6.015,0.09,2.186,,,,,,,1.074,-18.12,1.793,-0.368,1.664,26.23,363.765,0.502,109.724,12.86,0.01,0.12,3.3,1.31,7.86,0.0,1.87,0.0,0.01,7.87,0.0,0.0,11.17,,1.957,20291.607,-0.077,76.442,-0.055,70.962,15511.295,721.329,29.543,47434643413.0,11.728,12.057,27.154,2.712,25.207,286.346,5509.921,19.523,4267.531,70.367,38.36,23.528,6.056,21.842,1718.075,4774.255,70.457,7.87,1720.261,38.414,23.558,6.069,21.869,4780.327,13.142,1.69,0.0,,0.0,0.0,0.0,0.0,0.0,16.741,-5.159,47.496,-2.399,44.091,408.753,9637.61,21.556,4711.812,0.0,2.186,100.0,0.03,0.014,0.028,0.0,0.09,6.072,2441.59,4574888.0,92.832,1720.261,70.457,38.414,23.558,6.069,21.869,4780.327,0.0,,0.0,0.0,0.0,0.0,0.0,0.0,,0.0,0.0,0.0,0.0,0.0
HRV,Croatia,1997,-28.422,-0.143,-11.115,-2.17,-0.357,-0.077,-0.561,-0.521,0.0,0.0,,,,,,,4.985,70.0,3.065,1.165,2.829,112.523,624.198,0.359,79.275,13.61,0.0,0.51,4.38,1.17,5.85,0.0,2.7,0.0,0.0,5.85,0.0,0.0,10.23,,1.798,20366.878,7.165,82.381,5.085,76.047,16778.535,966.374,42.815,51344324398.0,11.437,3.66,28.306,0.923,26.13,258.141,5765.101,17.353,3828.736,57.185,-25.563,17.613,-5.583,16.258,1290.705,3587.134,57.185,5.85,1290.705,-25.632,17.619,-5.606,16.264,3588.36,24.835,3.38,0.0,,0.0,0.0,0.0,0.0,0.0,26.393,6.798,51.01,2.997,47.088,595.71,10389.236,21.479,4738.983,0.0,0.0,-80.0,0.006,-0.022,0.006,0.0,0.0,1.226,2257.08,4532405.0,92.311,1290.705,57.185,-25.632,17.619,-5.606,16.264,3588.36,0.0,,0.0,0.0,0.0,0.0,0.0,0.0,,0.0,0.0,0.0,0.0,0.0
HRV,Croatia,1998,4.082,0.015,-1.875,-0.325,5.588,1.2,5.772,5.328,0.087,2.226,,,,,,,4.716,-4.392,2.77,-0.124,2.705,120.216,602.163,0.374,83.254,14.24,0.01,0.54,5.42,1.34,6.02,0.0,3.54,0.0,0.01,6.03,0.0,0.0,11.45,,1.83,21736.666,6.378,82.854,4.85,80.897,18009.606,1206.615,47.336,53359113205.0,11.703,-3.872,25.725,-1.012,25.118,298.314,5591.84,17.028,3790.82,52.576,2.887,17.132,0.469,16.728,1340.188,3723.985,52.664,6.03,1342.415,2.938,17.146,0.478,16.742,3727.077,19.593,2.79,0.0,,0.0,0.0,0.0,0.0,0.0,30.917,12.713,54.358,5.986,53.075,788.084,11815.603,22.679,5048.93,0.0,2.226,150.0,0.014,0.008,0.014,0.0,0.087,3.092,2549.029,4491906.0,97.639,1342.415,52.664,2.938,17.146,0.478,16.742,3727.077,0.0,,0.0,0.0,0.0,0.0,0.0,0.0,,0.0,0.0,0.0,0.0,0.0
HRV,Croatia,1999,-65.681,-0.246,-1.274,-0.217,-17.726,-4.02,3.214,3.139,0.077,2.244,,,,,,,4.006,-11.308,2.38,-0.306,2.399,116.685,538.32,0.128,28.799,14.6,0.01,0.52,5.64,1.23,7.33,0.0,3.89,0.0,0.01,7.34,0.0,0.0,12.98,,1.881,22613.898,-0.591,79.799,-0.478,80.419,18045.623,1265.582,43.451,53571236568.0,9.476,1.391,25.271,0.35,25.468,276.005,5714.76,16.811,3772.309,56.471,21.671,20.196,3.625,20.353,1644.808,4567.046,56.549,7.34,1647.052,21.603,20.201,3.617,20.358,4568.293,11.096,1.62,0.0,,0.0,0.0,0.0,0.0,0.0,29.969,-0.983,52.147,-0.522,52.553,872.893,11792.543,18.659,4187.03,0.0,2.244,-60.0,0.006,-0.008,0.006,0.0,0.077,1.247,2912.635,4456446.0,100.778,1647.052,56.549,21.603,20.201,3.617,20.358,4568.293,0.0,,0.0,0.0,0.0,0.0,0.0,0.0,,0.0,0.0,0.0,0.0,0.0
HRV,Croatia,2000,-100.0,-0.128,7.097,1.193,-3.729,-0.696,-5.343,-5.384,0.0,0.0,,,,,,299.29,13.766,109.282,5.263,2.622,5.021,350.039,1133.825,0.0,0.0,14.68,0.0,1.55,4.81,1.57,6.45,0.0,1.69,0.0,0.0,6.45,0.0,0.0,11.26,3.37,1.736,21542.826,-3.673,81.206,-2.954,77.466,17494.178,1086.251,42.718,54951509725.0,13.943,0.895,26.936,0.228,25.696,354.556,5802.865,18.004,4065.906,57.282,-11.928,18.791,-2.428,17.925,1456.615,4048.038,57.282,6.45,1456.615,-11.939,18.794,-2.431,17.928,4048.665,23.297,3.42,0.0,,0.0,0.0,0.0,0.0,0.0,15.009,-11.043,49.007,-5.803,46.749,381.656,10557.488,17.963,4056.702,0.0,0.0,-50.0,0.003,-0.003,0.003,0.0,0.0,0.627,2542.866,4428075.0,95.393,1456.615,57.282,-11.939,18.794,-2.431,17.928,4048.665,0.0,,0.0,0.0,0.0,0.0,0.0,0.0,,0.0,0.0,0.0,0.0,0.0
HRV,Croatia,2001,,0.0,6.024,1.085,-5.758,-1.034,5.08,4.846,0.0,0.0,,,,,,304.62,12.843,11.319,5.576,0.568,5.589,372.045,1267.895,0.0,0.0,15.29,0.0,1.64,5.59,1.82,7.18,0.0,2.13,0.0,0.0,7.18,0.0,0.0,12.77,3.89,1.788,22739.903,3.816,80.23,2.956,80.422,18244.145,1268.128,43.774,56076092487.0,14.252,4.785,26.861,1.23,26.925,412.879,6108.116,19.089,4330.4,56.226,10.559,19.77,1.893,19.818,1628.83,4495.776,56.226,7.18,1628.83,10.542,19.77,1.89,19.818,4495.776,16.481,2.52,0.0,,0.0,0.0,0.0,0.0,0.0,16.68,2.477,47.793,1.158,47.907,483.204,10868.133,16.929,3840.467,0.0,0.0,-100.0,0.0,-0.003,0.0,0.0,0.0,0.0,2896.957,4408073.0,100.239,1628.83,56.226,10.542,19.77,1.89,19.818,4495.776,0.0,,0.0,0.0,0.0,0.0,0.0,0.0,,0.0,0.0,0.0,0.0,0.0
HRV,Croatia,2002,,0.0,-14.203,-2.711,-4.12,-0.697,0.346,0.347,0.0,0.0,,,,,,366.64,16.601,21.556,6.754,1.205,6.794,480.003,1545.506,0.0,0.0,15.75,0.0,2.11,6.86,2.53,5.85,0.0,2.22,0.0,0.0,5.85,0.0,0.0,12.71,4.66,1.686,22882.266,5.125,84.05,4.121,84.543,19232.648,1560.58,53.973,59660336821.0,19.906,2.384,27.406,0.642,27.567,575.549,6271.216,16.378,3725.729,46.027,-19.047,15.95,-3.775,16.043,1330.815,3649.636,46.027,5.85,1330.815,-19.047,15.95,-3.775,16.043,3649.636,19.302,3.04,0.0,,0.0,0.0,0.0,0.0,0.0,17.467,4.748,49.89,2.275,50.182,505.027,11415.926,16.232,3692.518,0.0,0.0,,0.0,0.0,0.0,0.0,0.0,0.0,2891.395,4395802.0,100.586,1330.815,46.027,-19.047,15.95,-3.775,16.043,3649.636,0.0,,0.0,0.0,0.0,0.0,0.0,0.0,,0.0,0.0,0.0,0.0,0.0
HRV,Croatia,2003,,0.0,19.355,3.17,-0.364,-0.059,4.747,4.775,0.0,0.0,,,,,,409.401,18.196,11.218,7.171,0.762,7.556,546.833,1721.587,0.0,0.0,16.5,0.0,2.4,7.73,2.06,5.46,0.0,3.27,0.0,0.0,5.46,0.0,0.0,13.19,5.4,1.647,24006.162,7.036,85.887,5.948,90.491,20618.195,1761.258,58.605,63955258819.0,15.618,-0.599,26.008,-0.165,27.402,469.365,6243.413,19.547,4453.822,41.395,-7.315,14.113,-1.174,14.87,1244.045,3387.986,41.395,5.46,1244.045,-7.315,14.113,-1.174,14.87,3387.986,20.061,3.31,0.0,,0.0,0.0,0.0,0.0,0.0,24.792,10.664,52.708,5.352,55.534,745.06,12653.194,16.172,3684.844,0.0,0.0,,0.0,0.0,0.0,0.0,0.0,0.0,3005.303,4388909.0,105.361,1244.045,41.395,-7.315,14.113,-1.174,14.87,3387.986,0.0,,0.0,0.0,0.0,0.0,0.0,0.0,,0.0,0.0,0.0,0.0,0.0
HRV,Croatia,2004,,0.0,-11.699,-2.287,-7.293,-1.179,3.651,3.847,0.0,0.0,,,,,,309.575,15.407,6.19,7.347,0.468,8.024,488.152,1830.247,0.0,0.0,16.89,0.0,2.14,6.26,2.46,7.63,0.0,1.66,0.0,0.0,7.63,0.0,0.0,13.89,4.3,1.615,24911.262,-2.15,81.08,-1.946,88.545,20197.967,1427.96,45.068,67606574875.0,17.711,3.71,26.022,1.017,28.418,561.147,6482.471,17.261,3937.284,54.932,38.85,18.906,5.777,20.646,1740.469,4709.611,54.932,7.63,1740.469,38.959,18.92,5.793,20.663,4713.317,17.762,3.0,0.0,,0.0,0.0,0.0,0.0,0.0,11.951,-6.177,47.71,-3.43,52.103,378.66,11885.248,14.993,3420.035,0.0,0.0,,0.01,0.011,0.011,0.0,0.0,2.471,3168.428,4383877.0,109.208,1740.469,54.932,38.959,18.92,5.793,20.663,4713.317,0.0,,0.0,0.0,0.0,0.0,0.0,0.0,,0.005,0.005,0.005,0.0,1.236
HRV,Croatia,2005,,0.0,-6.19,-1.068,-6.889,-1.033,-1.054,-1.151,0.077,2.284,,,,,,326.953,17.841,-0.903,7.358,-0.072,7.951,532.198,1816.132,0.0,0.0,17.47,0.01,2.33,6.0,1.82,7.04,0.0,1.85,0.0,0.01,7.06,0.0,0.01,13.06,4.27,1.511,24681.342,0.588,82.425,0.521,89.066,20343.711,1370.468,45.942,71536391450.0,13.936,-3.293,25.433,-0.936,27.482,415.709,6277.295,16.192,3698.469,53.905,-8.333,17.515,-1.72,18.926,1608.016,4322.905,54.058,7.06,1612.584,-8.092,17.575,-1.672,18.991,4337.649,25.243,4.41,0.0,,0.0,0.0,0.0,0.0,0.0,14.165,2.935,49.634,1.529,53.633,422.561,12250.284,13.96,3188.643,0.0,2.284,247.615,0.035,0.027,0.038,0.0,0.077,8.602,2983.052,4378066.0,108.057,1612.584,54.058,-8.092,17.575,-1.672,18.991,4337.649,0.0,,0.0,0.0,0.0,0.0,0.0,0.077,396.41,0.025,0.021,0.027,2.284,6.142
HRV,Croatia,2006,,0.0,2.496,0.404,-8.516,-1.189,-1.163,-1.257,0.077,2.288,,,,,,339.783,17.415,-7.167,6.911,-0.57,7.381,514.782,1688.785,0.0,0.0,17.92,0.01,2.25,6.27,2.06,6.62,0.0,1.96,0.0,0.01,6.65,0.0,0.02,12.92,4.39,1.403,24434.923,-0.038,83.364,-0.033,89.033,20369.96,1434.526,48.529,76142045819.0,15.944,-1.103,25.449,-0.303,27.179,471.312,6218.394,16.596,3797.112,51.238,-6.547,16.561,-1.239,17.687,1514.603,4046.636,51.471,6.65,1521.467,-6.442,16.636,-1.223,17.767,4064.983,27.902,5.0,0.0,,0.0,0.0,0.0,0.0,0.0,15.17,1.565,51.004,0.84,54.472,448.432,12462.781,12.771,2921.965,0.0,2.288,-21.923,0.028,-0.008,0.029,0.0,0.077,6.727,2955.993,4370782.0,106.8,1521.467,51.471,-6.442,16.636,-1.223,17.767,4064.983,0.0,,0.0,0.0,0.0,0.0,0.0,0.155,88.874,0.048,0.024,0.051,4.576,11.619
HRV,Croatia,2007,,0.0,28.924,4.8,-8.089,-1.033,0.787,0.841,0.08,2.292,,,,,,415.47,19.298,8.567,7.445,0.632,8.014,554.737,1836.97,0.0,0.0,18.44,0.01,2.42,7.8,3.07,4.7,0.0,2.31,0.0,0.01,4.74,0.0,0.03,12.54,5.21,1.323,24674.455,6.718,88.27,5.981,95.014,21780.047,1787.996,62.201,81332861352.0,24.482,14.904,29.013,4.051,31.23,703.737,7158.852,21.397,4904.766,37.48,-29.415,11.598,-5.203,12.484,1077.382,2861.798,37.799,4.74,1086.551,-29.105,11.702,-5.171,12.596,2887.369,31.996,5.9,0.0,,0.0,0.0,0.0,0.0,0.0,18.421,2.383,51.812,1.298,55.77,529.522,12784.225,11.738,2690.746,0.0,2.292,-36.797,0.017,-0.011,0.019,0.0,0.08,4.26,2874.547,4362427.0,107.641,1086.551,37.799,-29.105,11.702,-5.171,12.596,2887.369,0.0,,0.0,0.0,0.0,0.0,0.0,0.239,83.06,0.086,0.042,0.093,6.877,21.311
HRV,Croatia,2008,,0.0,0.197,0.042,-7.326,-0.86,-0.721,-0.776,0.156,4.595,,,,,,374.022,19.484,2.91,7.717,0.233,8.247,572.067,1894.684,0.0,0.0,18.79,0.02,2.49,6.94,2.46,5.78,0.0,1.99,0.0,0.02,5.84,0.0,0.04,12.78,4.78,1.268,24551.609,-3.802,85.531,-3.612,91.402,20999.187,1594.435,54.304,84280723242.0,19.249,-3.073,28.326,-0.96,30.27,565.174,6954.497,21.439,4925.499,45.227,22.236,14.28,2.776,15.26,1327.93,3506.015,45.696,5.84,1341.715,22.432,14.431,2.826,15.421,3543.009,31.985,6.01,0.0,,0.0,0.0,0.0,0.0,0.0,15.571,-5.174,49.488,-2.886,52.885,457.194,12150.007,10.878,2499.238,0.0,4.595,198.303,0.052,0.037,0.055,0.0,0.156,12.736,2936.15,4352639.0,106.864,1341.715,45.696,22.432,14.431,2.826,15.421,3543.009,0.0,,0.0,0.0,0.0,0.0,0.0,0.313,13.576,0.099,0.013,0.106,9.19,24.259
HRV,Croatia,2009,,0.0,-2.703,-0.579,10.697,1.164,-1.531,-1.636,0.15,4.607,,,,,,301.124,12.36,-28.54,5.6,-2.354,5.893,380.074,1357.482,0.0,0.0,18.35,0.02,1.65,5.87,2.21,7.41,0.0,2.01,0.0,0.02,7.48,0.0,0.05,13.35,4.02,1.328,24239.127,-6.465,81.245,-5.909,85.493,19693.096,1352.142,43.97,79251068332.0,16.554,-7.666,26.561,-2.321,27.95,509.069,6438.201,20.859,4804.937,55.506,27.37,18.471,4.177,19.437,1706.877,4477.318,56.03,7.48,1723.002,27.384,18.668,4.223,19.645,4525.068,27.248,5.0,0.0,,0.0,0.0,0.0,0.0,0.0,15.056,-2.335,49.083,-1.235,51.65,462.999,11897.414,12.042,2773.832,0.0,4.607,18.313,0.062,0.01,0.066,0.0,0.15,15.108,3075.143,4341261.0,105.228,1723.002,56.03,27.384,18.668,4.223,19.645,4525.068,0.0,,0.0,0.0,0.0,0.0,0.01,0.375,34.167,0.135,0.036,0.142,11.517,32.633
HRV,Croatia,2010,,0.0,-4.061,-0.847,-5.164,-0.622,1.384,1.457,0.203,6.931,,,,,,258.283,16.092,34.729,7.442,2.047,7.94,549.887,1834.455,0.0,0.0,18.76,0.03,2.38,5.49,2.55,9.13,0.0,0.56,0.0,0.03,9.3,0.0,0.14,14.79,3.82,1.349,24649.061,-3.569,77.276,-3.051,82.442,19047.786,1268.437,37.12,79107173392.0,17.241,9.532,28.696,2.664,30.614,589.165,7073.253,20.012,4623.746,61.731,22.419,22.304,4.358,23.795,2109.44,5497.668,62.88,9.3,2148.718,23.41,22.724,4.599,24.243,5601.294,21.162,3.97,0.0,,0.0,0.0,0.0,0.0,0.0,3.786,-15.028,41.138,-7.762,43.888,129.385,10140.079,11.42,2638.559,0.0,6.931,31.19,0.081,0.02,0.086,0.0,0.203,19.88,3417.154,4328163.0,106.685,2148.718,62.88,23.41,22.724,4.599,24.243,5601.294,0.0,0.0,0.0,0.0,0.0,0.0,0.01,0.947,155.828,0.34,0.221,0.362,32.346,83.736
HRV,Croatia,2011,,0.0,-4.699,-0.94,-9.386,-1.072,-12.316,-13.14,0.445,11.593,,,,,,361.532,22.974,2.933,8.737,0.233,8.173,598.178,1894.848,0.0,0.0,18.38,0.05,2.58,5.95,2.62,5.03,0.0,0.75,0.0,0.05,5.28,0.0,0.2,11.23,4.06,1.168,21688.657,-3.206,85.305,-2.643,79.799,18501.539,1379.519,52.983,80079054613.0,23.33,-2.36,31.954,-0.723,29.892,607.452,6930.445,19.072,4421.866,44.791,-45.186,13.943,-10.752,13.043,1166.215,3024.009,47.017,5.28,1224.178,-43.464,14.652,-10.537,13.706,3177.833,38.901,7.15,0.0,,0.0,0.0,0.0,0.0,0.0,6.679,-4.906,44.614,-2.153,41.735,173.889,9676.246,10.348,2399.259,0.0,11.593,65.65,0.152,0.056,0.143,0.0,0.445,33.046,2603.697,4313098.0,93.545,1224.178,47.017,-43.464,14.652,-10.537,13.706,3177.833,0.0,-0.645,0.0,-0.0,0.0,0.0,0.01,1.781,43.723,0.557,0.158,0.521,46.37,120.768
HRV,Croatia,2012,,0.0,-6.039,-1.152,-10.466,-1.083,-7.341,-6.867,0.85,20.95,,,,,,341.832,21.152,-10.32,8.456,-0.843,7.329,521.431,1706.109,0.0,0.0,18.02,0.09,2.24,5.33,2.51,4.84,0.0,0.58,0.0,0.09,5.26,0.0,0.33,10.59,3.62,1.107,20177.086,-8.776,83.984,-7.004,72.795,16945.45,1240.727,50.331,78321274729.0,23.702,-6.107,32.38,-1.826,28.066,584.282,6533.271,17.92,4171.502,45.703,-4.477,14.374,-0.584,12.459,1126.664,2900.216,49.669,5.26,1224.432,-1.114,15.637,-0.153,13.554,3155.039,41.232,7.43,0.0,,0.0,0.0,0.0,0.0,0.0,5.477,-10.386,43.148,-4.334,37.4,135.013,8706.07,9.265,2156.77,0.0,20.95,69.873,0.279,0.1,0.242,0.0,0.85,56.361,2465.159,4295869.0,86.678,1224.432,49.669,-1.114,15.637,-0.153,13.554,3155.039,0.0,11912.987,0.006,0.005,0.005,0.0,1.196,3.116,62.69,0.978,0.327,0.847,76.818,197.265
HRV,Croatia,2013,,0.0,-12.736,-2.282,0.83,0.077,9.001,7.802,0.932,30.398,,,,,,242.294,17.348,7.134,8.311,0.523,7.852,565.871,1836.055,0.0,0.0,17.82,0.13,2.42,4.67,2.02,8.62,0.0,0.23,0.0,0.13,9.28,0.01,0.52,13.95,3.38,1.219,22092.454,-3.335,74.478,-2.428,70.368,16454.12,1091.991,33.477,77479518277.0,14.48,-5.445,28.088,-1.528,26.538,472.339,6205.399,15.638,3656.634,61.792,77.177,23.364,9.615,22.074,2015.623,5161.682,66.523,9.28,2169.952,75.208,25.134,10.193,23.747,5552.786,21.717,3.87,0.0,,0.0,0.0,0.0,0.0,0.0,1.649,-3.804,38.079,-1.423,35.978,53.781,8412.667,9.342,2184.469,0.0,30.398,32.178,0.339,0.078,0.32,0.0,0.932,74.833,3261.942,4276593.0,94.48,2169.952,66.523,75.208,25.134,10.193,23.747,5552.786,0.072,462.676,0.031,0.024,0.029,2.338,6.761,3.728,56.196,1.401,0.476,1.324,121.592,309.509
HRV,Croatia,2014,,0.0,-5.608,-0.877,-3.328,-0.311,-0.19,-0.18,1.19,37.598,,,,,,207.589,17.634,-4.215,7.976,-0.331,7.521,556.924,1767.371,0.0,0.0,17.39,0.16,2.37,3.5,1.0,9.01,0.0,0.13,0.0,0.16,9.94,0.04,0.73,13.44,2.79,1.223,22159.662,-2.413,72.819,-1.698,68.669,16136.558,822.462,26.042,77088246452.0,7.44,-11.501,24.905,-3.052,23.486,234.989,5518.889,14.761,3468.659,67.039,3.84,24.307,0.848,22.922,2117.251,5386.424,73.958,9.94,2335.791,6.493,26.817,1.542,25.289,5942.589,22.714,3.95,0.0,,0.0,0.0,0.0,0.0,0.0,0.967,4.684,39.939,1.685,37.663,30.549,8850.298,9.031,2122.237,0.0,37.598,31.21,0.445,0.1,0.42,0.0,1.19,98.674,3158.252,4255518.0,94.301,2335.791,73.958,6.493,26.817,1.542,25.289,5942.589,0.298,208.045,0.094,0.06,0.089,9.4,20.931,5.432,40.354,1.97,0.534,1.858,171.542,436.559
HRV,Croatia,2015,,0.0,-3.436,-0.507,-3.957,-0.357,-4.918,-4.637,2.4,63.786,,,,,,253.333,20.533,-6.337,7.857,-0.477,7.044,545.729,1664.229,0.0,0.0,18.04,0.27,2.31,3.73,1.2,6.39,0.0,0.22,0.0,0.27,7.52,0.06,0.8,11.25,2.85,1.146,21182.645,2.497,78.498,1.715,70.384,16627.938,881.198,33.156,78221434291.0,10.667,3.094,27.004,0.727,24.212,283.495,5720.069,14.254,3367.397,56.8,-29.466,18.032,-6.754,16.168,1509.613,3819.561,66.844,7.52,1776.571,-24.874,21.189,-6.29,18.999,4488.328,37.639,6.79,0.0,,0.0,0.0,0.0,0.0,0.0,1.956,3.889,43.638,1.465,39.127,51.974,9243.64,8.674,2049.167,0.0,63.786,60.252,0.75,0.253,0.673,0.0,2.4,158.974,2657.769,4232874.0,89.663,1776.571,66.844,-24.874,21.189,-6.29,18.999,4488.328,0.533,61.888,0.161,0.055,0.144,14.175,34.066,7.111,8.392,2.246,0.156,2.014,188.997,475.727
HRV,Croatia,2016,,0.0,-10.23,-1.458,3.272,0.284,3.892,3.49,3.407,102.171,,,,,,255.943,20.602,7.473,8.127,0.526,7.571,617.781,1798.916,0.0,0.0,18.15,0.43,2.6,4.26,1.59,6.85,0.0,0.07,0.0,0.43,8.36,0.07,1.01,12.62,3.23,1.161,22133.938,2.449,77.408,1.724,72.108,17133.372,1012.21,33.756,80230190060.0,12.599,4.259,27.099,1.031,25.244,377.797,5998.072,12.796,3040.349,54.279,6.594,18.501,1.066,17.234,1627.615,4094.912,66.244,8.36,1986.404,10.713,22.58,2.035,21.034,4997.788,30.468,5.53,0.0,,0.0,0.0,0.0,0.0,0.0,0.555,0.424,42.181,0.166,39.293,16.633,9336.384,8.958,2128.407,0.0,102.171,61.071,1.164,0.411,1.084,0.0,3.407,257.538,2998.614,4208611.0,93.153,1986.404,66.244,10.713,22.58,2.035,21.034,4997.788,0.555,15.104,0.178,0.022,0.166,16.633,39.437,8.003,26.633,2.737,0.536,2.55,239.984,605.901
HRV,Croatia,2017,,,,,,,0.218,0.204,4.495,126.708,,,,,,257.846,11.62,-39.732,4.888,-3.008,4.563,327.528,1090.847,,,18.74,0.53,1.37,4.67,3.09,5.31,0.0,0.21,0.0,0.53,7.12,0.08,1.2,11.79,3.04,1.128,22318.928,4.789,80.938,3.453,75.561,18064.521,1116.464,39.61,82748772812.0,26.209,14.868,31.06,3.753,28.997,738.731,6932.286,,,45.038,-23.009,14.213,-3.965,13.269,1269.47,3172.124,60.39,7.12,1702.19,-15.425,19.055,-3.244,17.789,4252.908,37.086,6.95,0.0,,0.0,0.0,0.0,0.0,0.0,1.781,6.893,44.99,2.708,42.002,50.205,10041.387,,,0.0,126.708,21.232,1.408,0.23,1.314,0.0,4.495,314.14,2818.654,4182847.0,93.357,1702.19,60.39,-15.425,19.055,-3.244,17.789,4252.908,0.679,18.541,0.211,0.031,0.197,19.126,47.037,10.178,18.039,3.224,0.46,3.01,286.886,719.606
HRV,Croatia,2018,,,,,,,3.075,2.87,4.945,161.197,,,,,,197.786,10.701,-6.895,4.415,-0.315,4.248,348.859,1022.098,,,18.94,0.67,1.45,3.77,2.25,7.7,0.0,0.07,0.0,0.67,9.78,0.07,1.34,13.55,2.68,1.132,23151.522,-5.24,74.409,-3.959,71.602,17226.922,907.033,27.823,84978688359.0,16.605,-8.064,27.704,-2.338,26.658,541.333,6413.806,,,56.827,44.249,19.89,5.871,19.14,1852.562,4604.862,72.177,9.78,2352.994,36.657,25.263,6.521,24.31,5848.866,28.458,5.39,0.0,,0.0,0.0,0.0,0.0,0.0,0.517,-3.11,42.291,-1.306,40.695,16.841,9791.018,,,0.0,161.197,26.747,1.731,0.351,1.665,0.0,4.945,400.696,3260.027,4156407.0,96.227,2352.994,72.177,36.657,25.263,6.521,24.31,5848.866,0.517,-5.385,0.193,-0.011,0.186,16.841,44.788,9.889,10.265,3.449,0.309,3.319,322.394,798.521
HRV,Croatia,2019,,,,,,,-2.313,-2.226,6.951,213.06,,,,,,238.547,12.954,15.341,5.213,0.652,4.9,397.066,1186.347,,,18.79,0.88,1.64,4.31,2.63,5.83,0.0,0.04,0.09,0.97,8.35,0.08,1.47,12.66,3.02,,22758.875,1.401,77.238,1.003,72.605,17578.625,1043.508,34.044,,20.774,4.963,29.767,1.323,27.981,636.758,6774.679,,,46.051,-24.624,15.347,-4.713,14.427,1411.52,3492.895,65.956,8.35,2021.646,-14.98,21.988,-3.642,20.669,5004.118,32.624,6.13,0.0,,0.0,0.0,0.0,0.0,0.0,0.316,-2.388,42.259,-0.972,39.724,9.685,9617.598,,,21.79,234.85,44.265,2.556,0.737,2.403,0.711,7.662,581.719,3065.154,4130298.0,94.001,2021.646,65.956,-14.98,21.988,-3.642,20.669,5004.118,0.632,10.539,0.219,0.02,0.206,19.369,49.821,11.611,9.472,3.865,0.314,3.633,355.907,879.684
HRV,Croatia,2020,,,,,,,-3.461,-3.254,7.402,238.718,,,,,,234.139,9.215,-17.134,4.474,-0.84,4.06,297.179,989.075,,,17.88,0.98,1.22,4.69,3.44,5.66,0.0,0.03,0.09,1.07,8.55,0.1,1.72,13.24,3.1,,22105.103,-5.024,75.988,-3.648,68.957,16797.307,1142.435,35.423,,25.982,3.644,31.958,1.02,29.001,837.948,7064.377,,,42.749,-3.086,15.407,-0.445,13.982,1378.716,3405.755,64.577,8.55,2082.69,2.083,23.25,0.431,21.099,5139.498,25.951,4.64,0.0,,0.0,0.0,0.0,0.0,0.0,0.227,-9.636,39.556,-3.828,35.896,7.308,8743.855,,,21.923,260.641,9.724,2.905,0.234,2.636,0.68,8.082,642.18,3225.124,4105268.0,90.747,2082.69,64.577,2.083,23.25,0.431,21.099,5139.498,0.755,0.783,0.229,0.002,0.207,24.359,50.517,12.991,17.626,4.71,0.64,4.274,418.974,1041.046
HRV,Croatia,2021,,,,,,,,,7.138,264.598,,,,,,212.161,9.65,,,,,357.698,,,,19.16,1.08,1.46,4.65,3.16,7.11,0.0,0.03,0.09,1.17,10.48,0.1,2.1,15.13,3.21,,,,,,,,1139.243,30.734,,20.886,,,,,774.195,,,,46.993,,,,,1741.94,,69.266,10.48,2567.585,,,,,,21.033,4.03,0.0,,,,,0.0,,0.198,,,,,7.35,,,,22.05,286.648,,,,,0.595,7.733,,3706.828,4081657.0,,2567.585,69.266,,,,,,0.661,,,,,24.5,,13.88,,,,,514.497,
