iso_code,country,year,coal_prod_change_pct,coal_prod_change_twh,gas_prod_change_pct,gas_prod_change_twh,oil_prod_change_pct,oil_prod_change_twh,energy_cons_change_pct,energy_cons_change_twh,biofuel_share_elec,biofuel_elec_per_capita,biofuel_cons_change_pct,biofuel_share_energy,biofuel_cons_change_twh,biofuel_consumption,biofuel_cons_per_capita,carbon_intensity_elec,coal_share_elec,coal_cons_change_pct,coal_share_energy,coal_cons_change_twh,coal_consumption,coal_elec_per_capita,coal_cons_per_capita,coal_production,coal_prod_per_capita,electricity_demand,biofuel_electricity,coal_electricity,fossil_electricity,gas_electricity,hydro_electricity,nuclear_electricity,oil_electricity,other_renewable_exc_biofuel_electricity,other_renewable_electricity,renewables_electricity,solar_electricity,wind_electricity,electricity_generation,greenhouse_gas_emissions,energy_per_gdp,energy_per_capita,fossil_cons_change_pct,fossil_share_energy,fossil_cons_change_twh,fossil_fuel_consumption,fossil_energy_per_capita,fossil_cons_per_capita,fossil_share_elec,gdp,gas_share_elec,gas_cons_change_pct,gas_share_energy,gas_cons_change_twh,gas_consumption,gas_elec_per_capita,gas_energy_per_capita,gas_production,gas_prod_per_capita,hydro_share_elec,hydro_cons_change_pct,hydro_share_energy,hydro_cons_change_twh,hydro_consumption,hydro_elec_per_capita,hydro_energy_per_capita,low_carbon_share_elec,low_carbon_electricity,low_carbon_elec_per_capita,low_carbon_cons_change_pct,low_carbon_share_energy,low_carbon_cons_change_twh,low_carbon_consumption,low_carbon_energy_per_capita,net_elec_imports_share_demand,net_elec_imports,nuclear_share_elec,nuclear_cons_change_pct,nuclear_share_energy,nuclear_cons_change_twh,nuclear_consumption,nuclear_elec_per_capita,nuclear_energy_per_capita,oil_share_elec,oil_cons_change_pct,oil_share_energy,oil_cons_change_twh,oil_consumption,oil_elec_per_capita,oil_energy_per_capita,oil_production,oil_prod_per_capita,other_renewables_elec_per_capita_exc_biofuel,other_renewables_elec_per_capita,other_renewables_cons_change_pct,other_renewables_share_energy,other_renewables_cons_change_twh,other_renewable_consumption,other_renewables_share_elec_exc_biofuel,other_renewables_share_elec,other_renewables_energy_per_capita,per_capita_electricity,population,primary_energy_consumption,renewables_elec_per_capita,renewables_share_elec,renewables_cons_change_pct,renewables_share_energy,renewables_cons_change_twh,renewables_consumption,renewables_energy_per_capita,solar_share_elec,solar_cons_change_pct,solar_share_energy,solar_cons_change_twh,solar_consumption,solar_elec_per_capita,solar_energy_per_capita,wind_share_elec,wind_cons_change_pct,wind_share_energy,wind_cons_change_twh,wind_consumption,wind_elec_per_capita,wind_energy_per_capita
COD,Democratic Republic of Congo,1900,,,,,,,,,,,,,,,,,,,,,,,,0.0,0.0,,,,,,,,,,,,,,,,,,,,,,,,,,,,,,,,,,,,,,,,,,,,,,,,,,,,,,,,,,,,,,,,,,,,,,,,,,,,,,9387257.0,,,,,,,,,,,,,,,,,,,,,,
COD,Democratic Republic of Congo,1901,,0.0,,,,,,,,,,,,,,,,,,,,,,0.0,0.0,,,,,,,,,,,,,,,,,,,,,,,,,,,,,,,,,,,,,,,,,,,,,,,,,,,,,,,,,,,,,,,,,,,,,,,,,,,,,,9311106.0,,,,,,,,,,,,,,,,,,,,,,
COD,Democratic Republic of Congo,1902,,0.0,,,,,,,,,,,,,,,,,,,,,,0.0,0.0,,,,,,,,,,,,,,,,,,,,,,,,,,,,,,,,,,,,,,,,,,,,,,,,,,,,,,,,,,,,,,,,,,,,,,,,,,,,,,9226489.0,,,,,,,,,,,,,,,,,,,,,,
COD,Democratic Republic of Congo,1903,,0.0,,,,,,,,,,,,,,,,,,,,,,0.0,0.0,,,,,,,,,,,,,,,,,,,,,,,,,,,,,,,,,,,,,,,,,,,,,,,,,,,,,,,,,,,,,,,,,,,,,,,,,,,,,,9133538.0,,,,,,,,,,,,,,,,,,,,,,
COD,Democratic Republic of Congo,1904,,0.0,,,,,,,,,,,,,,,,,,,,,,0.0,0.0,,,,,,,,,,,,,,,,,,,,,,,,,,,,,,,,,,,,,,,,,,,,,,,,,,,,,,,,,,,,,,,,,,,,,,,,,,,,,,9041523.0,,,,,,,,,,,,,,,,,,,,,,
COD,Democratic Republic of Congo,1905,,0.0,,,,,,,,,,,,,,,,,,,,,,0.0,0.0,,,,,,,,,,,,,,,,,,,,,,,,,,,,,,,,,,,,,,,,,,,,,,,,,,,,,,,,,,,,,,,,,,,,,,,,,,,,,,8950435.0,,,,,,,,,,,,,,,,,,,,,,
COD,Democratic Republic of Congo,1906,,0.0,,,,,,,,,,,,,,,,,,,,,,0.0,0.0,,,,,,,,,,,,,,,,,,,,,,,,,,,,,,,,,,,,,,,,,,,,,,,,,,,,,,,,,,,,,,,,,,,,,,,,,,,,,,8860265.0,,,,,,,,,,,,,,,,,,,,,,
COD,Democratic Republic of Congo,1907,,0.0,,,,,,,,,,,,,,,,,,,,,,0.0,0.0,,,,,,,,,,,,,,,,,,,,,,,,,,,,,,,,,,,,,,,,,,,,,,,,,,,,,,,,,,,,,,,,,,,,,,,,,,,,,,8771004.0,,,,,,,,,,,,,,,,,,,,,,
COD,Democratic Republic of Congo,1908,,0.0,,,,,,,,,,,,,,,,,,,,,,0.0,0.0,,,,,,,,,,,,,,,,,,,,,,,,,,,,,,,,,,,,,,,,,,,,,,,,,,,,,,,,,,,,,,,,,,,,,,,,,,,,,,8682641.0,,,,,,,,,,,,,,,,,,,,,,
COD,Democratic Republic of Congo,1909,,0.0,,,,,,,,,,,,,,,,,,,,,,0.0,0.0,,,,,,,,,,,,,,,,,,,,,,,,,,,,,,,,,,,,,,,,,,,,,,,,,,,,,,,,,,,,,,,,,,,,,,,,,,,,,,8602158.0,,,,,,,,,,,,,,,,,,,,,,
COD,Democratic Republic of Congo,1910,,0.0,,,,,,,,,,,,,,,,,,,,,,0.0,0.0,,,,,,,,,,,,,,,,,,,,,,,,,,,,,,,,,,,,,,,,,,,,,,,,,,,,,,,,,,,,,,,,,,,,,,,,,,,,,,8529434.0,,,,,,,,,,,,,,,,,,,,,,
COD,Democratic Republic of Congo,1911,,0.0,,,,,,,,,,,,,,,,,,,,,,0.0,0.0,,,,,,,,,,,,,,,,,,,,,,,,,,,,,,,,,,,,,,,,,,,,,,,,,,,,,,,,,,,,,,,,,,,,,,,,,,,,,,8464348.0,,,,,,,,,,,,,,,,,,,,,,
COD,Democratic Republic of Congo,1912,,0.0,,,,,,,,,,,,,,,,,,,,,,0.0,0.0,,,,,,,,,,,,,,,,,,,,,,,,,,,,,,,,,,,,,,,,,,,,,,,,,,,,,,,,,,,,,,,,,,,,,,,,,,,,,,8406782.0,,,,,,,,,,,,,,,,,,,,,,
COD,Democratic Republic of Congo,1913,,0.0,,,,,,,,,,,,,,,,,,,,,,0.0,0.0,,,,,,,,,,,,,,,,,,,,,,,,,,,,,,,,,,,,,,,,,,,,,,,,,,,,,,,,,,,,,,,,,,,,,,,,,,,,,,8356618.0,,,,,,,,,,,,,,,,,,,,,,
COD,Democratic Republic of Congo,1914,,0.0,,,,,,,,,,,,,,,,,,,,,,0.0,0.0,,,,,,,,,,,,,,,,,,,,,,,,,,,,,,,,,,,,,,,,,,,,,,,,,,,,,,,,,,,,,,,,,,,,,,,,,,,,,,8306753.0,,,,,,,,,,,,,,,,,,,,,,
COD,Democratic Republic of Congo,1915,,0.0,,,,,,,,,,,,,,,,,,,,,,0.0,0.0,,,,,,,,,,,,,,,,,,,,,,,,,,,,,,,,,,,,,,,,,,,,,,,,,,,,,,,,,,,,,,,,,,,,,,,,,,,,,,8257186.0,,,,,,,,,,,,,,,,,,,,,,
COD,Democratic Republic of Congo,1916,,0.0,,,,,,,,,,,,,,,,,,,,,,0.0,0.0,,,,,,,,,,,,,,,,,,,,,,,,,,,,,,,,,,,,,,,,,,,,,,,,,,,,,,,,,,,,,,,,,,,,,,,,,,,,,,8207914.0,,,,,,,,,,,,,,,,,,,,,,
COD,Democratic Republic of Congo,1917,,0.0,,,,,,,,,,,,,,,,,,,,,,0.0,0.0,,,,,,,,,,,,,,,,,,,,,,,,,,,,,,,,,,,,,,,,,,,,,,,,,,,,,,,,,,,,,,,,,,,,,,,,,,,,,,8158937.0,,,,,,,,,,,,,,,,,,,,,,
COD,Democratic Republic of Congo,1918,,0.0,,,,,,,,,,,,,,,,,,,,,,0.0,0.0,,,,,,,,,,,,,,,,,,,,,,,,,,,,,,,,,,,,,,,,,,,,,,,,,,,,,,,,,,,,,,,,,,,,,,,,,,,,,,8110861.0,,,,,,,,,,,,,,,,,,,,,,
COD,Democratic Republic of Congo,1919,,0.0,,,,,,,,,,,,,,,,,,,,,,0.0,0.0,,,,,,,,,,,,,,,,,,,,,,,,,,,,,,,,,,,,,,,,,,,,,,,,,,,,,,,,,,,,,,,,,,,,,,,,,,,,,,8093704.0,,,,,,,,,,,,,,,,,,,,,,
COD,Democratic Republic of Congo,1920,,0.016,,,,,,,,,,,,,,,,,,,,,,0.016,2.008,,,,,,,,,,,,,,,,,,,,,,,,,,,,,,,,,,,,,,,,,,,,,,,,,,,,,,,,,,,,,,,,,,,,,,,,,,,,,,8107688.0,,,,,,,,,,,,,,,,,,,,,,
COD,Democratic Republic of Congo,1921,50.0,0.008,,,,,,,,,,,,,,,,,,,,,,0.024,2.996,,,,,,,,,,,,,,,,,,,,,,,,,,,,,,,,,,,,,,,,,,,,,,,,,,,,,,,,,,,,,,,,,,,,,,,,,,,,,,8153040.0,,,,,,,,,,,,,,,,,,,,,,
COD,Democratic Republic of Congo,1922,900.0,0.22,,,,,,,,,,,,,,,,,,,,,,0.244,29.676,,,,,,,,,,,,,,,,,,,,,,,,,,,,,,,,,,,,,,,,,,,,,,,,,,,,,,,,,,,,,,,,,,,,,,,,,,,,,,8229991.0,,,,,,,,,,,,,,,,,,,,,,
COD,Democratic Republic of Congo,1923,103.333,0.252,,,,,,,,,,,,,,,,,,,,,,0.497,59.553,,,,,,,,,,,,,,,,,,,,,,,,,,,,,,,,,,,,,,,,,,,,,,,,,,,,,,,,,,,,,,,,,,,,,,,,,,,,,,8338775.0,,,,,,,,,,,,,,,,,,,,,,
COD,Democratic Republic of Congo,1924,32.787,0.163,,,,,,,,,,,,,,,,,,,,,,0.659,78.047,,,,,,,,,,,,,,,,,,,,,,,,,,,,,,,,,,,,,,,,,,,,,,,,,,,,,,,,,,,,,,,,,,,,,,,,,,,,,,8448997.0,,,,,,,,,,,,,,,,,,,,,,
COD,Democratic Republic of Congo,1925,-19.753,-0.13,,,,,,,,,,,,,,,,,,,,,,0.529,61.814,,,,,,,,,,,,,,,,,,,,,,,,,,,,,,,,,,,,,,,,,,,,,,,,,,,,,,,,,,,,,,,,,,,,,,,,,,,,,,8560676.0,,,,,,,,,,,,,,,,,,,,,,
COD,Democratic Republic of Congo,1926,38.462,0.204,,,,,,,,,,,,,,,,,,,,,,0.733,84.471,,,,,,,,,,,,,,,,,,,,,,,,,,,,,,,,,,,,,,,,,,,,,,,,,,,,,,,,,,,,,,,,,,,,,,,,,,,,,,8673832.0,,,,,,,,,,,,,,,,,,,,,,
COD,Democratic Republic of Congo,1927,-3.333,-0.024,,,,,,,,,,,,,,,,,,,,,,0.708,80.59,,,,,,,,,,,,,,,,,,,,,,,,,,,,,,,,,,,,,,,,,,,,,,,,,,,,,,,,,,,,,,,,,,,,,,,,,,,,,,8788483.0,,,,,,,,,,,,,,,,,,,,,,
COD,Democratic Republic of Congo,1928,12.644,0.09,,,,,,,,,,,,,,,,,,,,,,0.798,89.596,,,,,,,,,,,,,,,,,,,,,,,,,,,,,,,,,,,,,,,,,,,,,,,,,,,,,,,,,,,,,,,,,,,,,,,,,,,,,,8904649.0,,,,,,,,,,,,,,,,,,,,,,
COD,Democratic Republic of Congo,1929,6.122,0.049,,,,,,,,,,,,,,,,,,,,,,0.847,93.86,,,,,,,,,,,,,,,,,,,,,,,,,,,,,,,,,,,,,,,,,,,,,,,,,,,,,,,,,,,,,,,,,,,,,,,,,,,,,,9020531.0,,,,,,,,,,,,,,,,,,,,,,
COD,Democratic Republic of Congo,1930,28.846,0.244,,,,,,,,,,,,,,,,,,,,,,1.091,119.405,,,,,,,,,,,,,,,,,,,,,,,,,,,,,,,,,,,,,,,,,,,,,,,,,,,,,,,,,,,,,,,,,,,,,,,,,,,,,,9136100.0,,,,,,,,,,,,,,,,,,,,,,
COD,Democratic Republic of Congo,1931,-35.821,-0.391,,,,,,,,,,,,,,,,,,,,,,0.7,75.678,,,,,,,,,,,,,,,,,,,,,,,,,,,,,,,,,,,,,,,,,,,,,,,,,,,,,,,,,,,,,,,,,,,,,,,,,,,,,,9251332.0,,,,,,,,,,,,,,,,,,,,,,
COD,Democratic Republic of Congo,1932,-80.233,-0.562,,,,,,,,,,,,,,,,,,,,,,0.138,14.776,,,,,,,,,,,,,,,,,,,,,,,,,,,,,,,,,,,,,,,,,,,,,,,,,,,,,,,,,,,,,,,,,,,,,,,,,,,,,,9366198.0,,,,,,,,,,,,,,,,,,,,,,
COD,Democratic Republic of Congo,1933,-100.0,-0.138,,,,,,,,,,,,,,,,,,,,,,0.0,0.0,,,,,,,,,,,,,,,,,,,,,,,,,,,,,,,,,,,,,,,,,,,,,,,,,,,,,,,,,,,,,,,,,,,,,,,,,,,,,,9480671.0,,,,,,,,,,,,,,,,,,,,,,
COD,Democratic Republic of Congo,1934,,0.041,,,,,,,,,,,,,,,,,,,,,,0.041,4.242,,,,,,,,,,,,,,,,,,,,,,,,,,,,,,,,,,,,,,,,,,,,,,,,,,,,,,,,,,,,,,,,,,,,,,,,,,,,,,9596543.0,,,,,,,,,,,,,,,,,,,,,,
COD,Democratic Republic of Congo,1935,120.0,0.049,,,,,,,,,,,,,,,,,,,,,,0.09,9.219,,,,,,,,,,,,,,,,,,,,,,,,,,,,,,,,,,,,,,,,,,,,,,,,,,,,,,,,,,,,,,,,,,,,,,,,,,,,,,9713831.0,,,,,,,,,,,,,,,,,,,,,,
COD,Democratic Republic of Congo,1936,27.272,0.024,,,,,,,,,,,,,,,,,,,,,,0.114,11.591,,,,,,,,,,,,,,,,,,,,,,,,,,,,,,,,,,,,,,,,,,,,,,,,,,,,,,,,,,,,,,,,,,,,,,,,,,,,,,9832552.0,,,,,,,,,,,,,,,,,,,,,,
COD,Democratic Republic of Congo,1937,157.143,0.179,,,,,,,,,,,,,,,,,,,,,,0.293,29.447,,,,,,,,,,,,,,,,,,,,,,,,,,,,,,,,,,,,,,,,,,,,,,,,,,,,,,,,,,,,,,,,,,,,,,,,,,,,,,9952725.0,,,,,,,,,,,,,,,,,,,,,,
COD,Democratic Republic of Congo,1938,16.667,0.049,,,,,,,,,,,,,,,,,,,,,,0.342,33.94,,,,,,,,,,,,,,,,,,,,,,,,,,,,,,,,,,,,,,,,,,,,,,,,,,,,,,,,,,,,,,,,,,,,,,,,,,,,,,10074366.0,,,,,,,,,,,,,,,,,,,,,,
COD,Democratic Republic of Congo,1939,-35.714,-0.122,,,,,,,,,,,,,,,,,,,,,,0.22,21.538,,,,,,,,,,,,,,,,,,,,,,,,,,,,,,,,,,,,,,,,,,,,,,,,,,,,,,,,,,,,,,,,,,,,,,,,,,,,,,10205759.0,,,,,,,,,,,,,,,,,,,,,,
COD,Democratic Republic of Congo,1940,-11.111,-0.024,,,,,,,,,,,,,,,,,,,,,,0.195,18.883,,,,,,,,,,,,,,,,,,,,,,,,,,,,,,,,,,,,,,,,,,,,,,,,,,,,,,,,,,,,,,,,,,,,,,,,,,,,,,10347156.0,,,,,,,,,,,,,,,,,,,,,,
COD,Democratic Republic of Congo,1941,29.167,0.057,,,,,,,,,,,,,,,,,,,,,,0.252,24.038,,,,,,,,,,,,,,,,,,,,,,,,,,,,,,,,,,,,,,,,,,,,,,,,,,,,,,,,,,,,,,,,,,,,,,,,,,,,,,10498816.0,,,,,,,,,,,,,,,,,,,,,,
COD,Democratic Republic of Congo,1942,35.484,0.09,,,,,,,,,,,,,,,,,,,,,,0.342,32.072,,,,,,,,,,,,,,,,,,,,,,,,,,,,,,,,,,,,,,,,,,,,,,,,,,,,,,,,,,,,,,,,,,,,,,,,,,,,,,10661004.0,,,,,,,,,,,,,,,,,,,,,,
COD,Democratic Republic of Congo,1943,66.667,0.228,,,,,,,,,,,,,,,,,,,,,,0.57,52.6,,,,,,,,,,,,,,,,,,,,,,,,,,,,,,,,,,,,,,,,,,,,,,,,,,,,,,,,,,,,,,,,,,,,,,,,,,,,,,10833987.0,,,,,,,,,,,,,,,,,,,,,,
COD,Democratic Republic of Congo,1944,-30.0,-0.171,,,,,,,,,,,,,,,,,,,,,,0.399,36.232,,,,,,,,,,,,,,,,,,,,,,,,,,,,,,,,,,,,,,,,,,,,,,,,,,,,,,,,,,,,,,,,,,,,,,,,,,,,,,11009777.0,,,,,,,,,,,,,,,,,,,,,,
COD,Democratic Republic of Congo,1945,2.041,0.008,,,,,,,,,,,,,,,,,,,,,,0.407,36.381,,,,,,,,,,,,,,,,,,,,,,,,,,,,,,,,,,,,,,,,,,,,,,,,,,,,,,,,,,,,,,,,,,,,,,,,,,,,,,11188420.0,,,,,,,,,,,,,,,,,,,,,,
COD,Democratic Republic of Congo,1946,104.0,0.423,,,,,,,,,,,,,,,,,,,,,,0.83,73.033,,,,,,,,,,,,,,,,,,,,,,,,,,,,,,,,,,,,,,,,,,,,,,,,,,,,,,,,,,,,,,,,,,,,,,,,,,,,,,11369961.0,,,,,,,,,,,,,,,,,,,,,,
COD,Democratic Republic of Congo,1947,0.0,0.0,,,,,,,,,,,,,,,,,,,,,,0.83,71.867,,,,,,,,,,,,,,,,,,,,,,,,,,,,,,,,,,,,,,,,,,,,,,,,,,,,,,,,,,,,,,,,,,,,,,,,,,,,,,11554448.0,,,,,,,,,,,,,,,,,,,,,,
COD,Democratic Republic of Congo,1948,14.706,0.122,,,,,,,,,,,,,,,,,,,,,,0.952,81.119,,,,,,,,,,,,,,,,,,,,,,,,,,,,,,,,,,,,,,,,,,,,,,,,,,,,,,,,,,,,,,,,,,,,,,,,,,,,,,11741929.0,,,,,,,,,,,,,,,,,,,,,,
COD,Democratic Republic of Congo,1949,29.915,0.285,,,,,,,,,,,,,,,,,,,,,,1.237,103.539,,,,,,,,,,,,,,,,,,,,,,,,,,,,,,,,,,,,,,,,,,,,,,,,,,,,,,,,,,,,,,,,,,,,,,,,,,,,,,11951396.0,,,,,,,,,,,,,,,,,,,,,,
COD,Democratic Republic of Congo,1950,5.263,0.065,,,,,,,,,,,,,,,,,,,,,,1.303,106.91,,,,,,,,,,,,,,,,,,,,,,,,,12334004658.0,,,,,,,,,,,,,,,,,,,,,,,,,,,,,,,,,,,,,,,,,,,,,,,,,,,,,12183662.0,,,,,,,,,,,,,,,,,,,,,,
COD,Democratic Republic of Congo,1951,36.25,0.472,,,,,,,,,,,,,,,,,,,,,,1.775,142.791,,,,,,,,,,,,,,,,,,,,,,,,,13762653935.0,,,,,,,,,,,,,,,,,,,,,,,,,,,,,,,,,,,,,,,,,,,,,,,,,,,,,12428907.0,,,,,,,,,,,,,,,,,,,,,,
COD,Democratic Republic of Congo,1952,16.055,0.285,,,,,,,,,,,,,,,,,,,,,,2.06,162.422,,,,,,,,,,,,,,,,,,,,,,,,,15016505325.0,,,,,,,,,,,,,,,,,,,,,,,,,,,,,,,,,,,,,,,,,,,,,,,,,,,,,12681011.0,,,,,,,,,,,,,,,,,,,,,,
COD,Democratic Republic of Congo,1953,24.506,0.505,,,,,,,,,,,,,,,,,,,,,,2.564,198.109,,,,,,,,,,,,,,,,,,,,,,,,,15882645675.0,,,,,,,,,,,,,,,,,,,,,,,,,,,,,,,,,,,,,,,,,,,,,,,,,,,,,12944450.0,,,,,,,,,,,,,,,,,,,,,,
COD,Democratic Republic of Congo,1954,20.317,0.521,,,,,,,,,,,,,,,,,,,,,,3.085,233.347,,,,,,,,,,,,,,,,,,,,,,,,,16826791632.0,,,,,,,,,,,,,,,,,,,,,,,,,,,,,,,,,,,,,,,,,,,,,,,,,,,,,13222533.0,,,,,,,,,,,,,,,,,,,,,,
COD,Democratic Republic of Congo,1955,26.649,0.822,,,,,,,,,,,,,,,,,,,,,,3.908,289.083,,,,,,,,,,,,,,,,,,,,,,,,,17494504560.0,,,,,,,,,,,,,,,,,,,,,,,,,,,,,,,,,,,,,,,,,,,,,,,,,,,,,13517516.0,,,,,,,,,,,,,,,,,,,,,,
COD,Democratic Republic of Congo,1956,-12.5,-0.488,,,,,,,,,,,,,,,,,,,,,,3.419,247.225,,,,,,,,,,,,,,,,,,,,,,,,,18677357496.0,,,,,,,,,,,,,,,,,,,,,,,,,,,,,,,,,,,,,,,,,,,,,,,,,,,,,13830425.0,,,,,,,,,,,,,,,,,,,,,,
COD,Democratic Republic of Congo,1957,3.095,0.106,,,,,,,,,,,,,,,,,,,,,,3.525,248.923,,,,,,,,,,,,,,,,,,,,,,,,,19269901884.0,,,,,,,,,,,,,,,,,,,,,,,,,,,,,,,,,,,,,,,,,,,,,,,,,,,,,14161223.0,,,,,,,,,,,,,,,,,,,,,,
COD,Democratic Republic of Congo,1958,-32.102,-1.132,,,,,,,,,,,,,,,,,,,,,,2.393,164.964,,,,,,,,,,,,,,,,,,,,,,,,,18708993408.0,,,,,,,,,,,,,,,,,,,,,,,,,,,,,,,,,,,,,,,,,,,,,,,,,,,,,14508915.0,,,,,,,,,,,,,,,,,,,,,,
COD,Democratic Republic of Congo,1959,-9.184,-0.22,,,,,,,,,,,,,,,,,,,,,,2.174,146.159,,,,,,,,,,,,,,,,,,,,,,,,,19357339674.0,,,,,,,,,,,,,,,,,,,,,,,,,,,,,,,,,,,,,,,,,,,,,,,,,,,,,14871788.0,,,,,,,,,,,,,,,,,,,,,,
COD,Democratic Republic of Congo,1960,-38.951,-0.847,,,,,,,,,,,,,,,,,,,,,,1.327,87.025,,,,,,,,,,,,,,,,,,,,,,,,,19799694544.0,,,,,,,,,,,,,,,,,,,,,,,,,,,,,,,,,,,,,,,,,,,,,,,,,,,,,15248256.0,,,,,,,,,,,,,,,,,,,,,,
COD,Democratic Republic of Congo,1961,-55.215,-0.733,,,,,,,,,,,,,,,,,,,,,,0.594,38.004,,,,,,,,,,,,,,,,,,,,,,,,,17659764471.0,,,,,,,,,,,,,,,,,,,,,,,,,,,,,,,,,,,,,,,,,,,,,,,,,,,,,15637700.0,,,,,,,,,,,,,,,,,,,,,,
COD,Democratic Republic of Congo,1962,4.11,0.024,,,,,,,,,,,,,,,,,,,,,,0.619,38.571,,,,,,,,,,,,,,,,,,,,,,,,,21385908782.0,,,,,,,,,,,,,,,,,,,,,,,,,,,,,,,,,,,,,,,,,,,,,,,,,,,,,16041187.0,,,,,,,,,,,,,,,,,,,,,,
COD,Democratic Republic of Congo,1963,21.053,0.13,,,,,,,,,,,,,,,,,,,,,,0.749,45.498,,,,,,,,,,,,,,,,,,,,,,,,,22497904416.0,,,,,,,,,,,,,,,,,,,,,,,,,,,,,,,,,,,,,,,,,,,,,,,,,,,,,16461828.0,,,,,,,,,,,,,,,,,,,,,,
COD,Democratic Republic of Congo,1964,8.696,0.065,,,,,,,,,,,,,,,,,,,,,,0.814,48.161,,,,,,,,,,,,,,,,,,,,,,,,,21953287341.0,,,,,,,,,,,,,,,,,,,,,,,,,,,,,,,,,,,,,,,,,,,,,,,,,,,,,16903830.0,,,,,,,,,,,,,,,,,,,,,,
COD,Democratic Republic of Congo,1965,14.0,0.114,,,,,,,,,,,,,,,,,,,,,,0.928,53.43,,,,,,,,,,,,,,,,,,,,,,,,,22174078584.0,,,,,,,,,,,,,,,,,,,,,,,,,,,,,,,,,,,,,,,,,,,,,,,,,,,,,17369882.0,,,,,,,,,,,,,,,,,,,,,,
COD,Democratic Republic of Congo,1966,-0.877,-0.008,,,,,,,,,,,,,,,,,,,,,,0.92,51.502,,,,,,,,,,,,,,,,,,,,,,,,,23676300792.0,,,,,,,,,,,,,,,,,,,,,,,,,,,,,,,,,,,,,,,,,,,,,,,,,,,,,17862052.0,,,,,,,,,,,,,,,,,,,,,,
COD,Democratic Republic of Congo,1967,17.699,0.163,,,,,,,,,,,,,,,,,,,,,,1.083,58.914,,,,,,,,,,,,,,,,,,,,,,,,,23450701848.0,,,,,,,,,,,,,,,,,,,,,,,,,,,,,,,,,,,,,,,,,,,,,,,,,,,,,18378620.0,,,,,,,,,,,,,,,,,,,,,,
COD,Democratic Republic of Congo,1968,-46.617,-0.505,,,,,,,,,,,,,,,,,,,,,,0.578,30.56,,,,,,,,,,,,,,,,,,,,,,,,,24458477881.0,,,,,,,,,,,,,,,,,,,,,,,,,,,,,,,,,,,,,,,,,,,,,,,,,,,,,18913874.0,,,,,,,,,,,,,,,,,,,,,,
COD,Democratic Republic of Congo,1969,-8.451,-0.049,,,,,,,,,,,,,,,,,,,,,,0.529,27.193,,,,,,,,,,,,,,,,,,,,,,,,,26727660744.0,,,,,,,,,,,,,,,,,,,,,,,,,,,,,,,,,,,,,,,,,,,,,,,,,,,,,19459818.0,,,,,,,,,,,,,,,,,,,,,,
COD,Democratic Republic of Congo,1970,56.923,0.301,,,,,,,,,,,,,,,,,,,,,,0.83,41.496,,,,,,,,,,,,,,,,,,,,,,,,,26659888920.0,,,,,,,,,,,,,,,,,,,,,,,,,,,,,,,,,,,,,,,,,,,,,,,,,,,,,20011034.0,,,,,,,,,,,,,,,,,,,,,,
COD,Democratic Republic of Congo,1971,9.804,0.081,,,,,,,,,,,,,,,,,,,,,,0.912,44.339,,,,,,,,,,,,,,,,,,,,,,,,,28362504520.0,,,,,,,,,,,,,,,,,,,,,,,,,,,,,,,,,,,,,,,,,,,,,,,,,,,,,20564062.0,,,,,,,,,,,,,,,,,,,,,,
COD,Democratic Republic of Congo,1972,14.286,0.13,,,,,,,,,,,,,,,,,,,,,,1.042,49.336,,,,,,,,,,,,,,,,,,,,,,,,,28414471215.0,,,,,,,,,,,,,,,,,,,,,,,,,,,,,,,,,,,,,,,,,,,,,,,,,,,,,21121360.0,,,,,,,,,,,,,,,,,,,,,,
COD,Democratic Republic of Congo,1973,-10.156,-0.106,,,,,,,,,,,,,,,,,,,,,,0.936,43.163,,,,,,,,,,,,,,,,,,,,,,,,,30887354655.0,,,,,,,,,,,,,,,,,,,,,,,,,,,,,,,,,,,,,,,,,,,,,,,,,,,,,21690448.0,,,,,,,,,,,,,,,,,,,,,,
COD,Democratic Republic of Congo,1974,-23.478,-0.22,,,,,,,,,,,,,,,,,,,,,,0.716,32.152,,,,,,,,,,,,,,,,,,,,,,,,,31926197504.0,,,,,,,,,,,,,,,,,,,,,,,,,,,,,,,,,,,,,,,,,,,,,,,,,,,,,22282126.0,,,,,,,,,,,,,,,,,,,,,,
COD,Democratic Republic of Congo,1975,9.091,0.065,,,,,,,,,,,,,,,,,,,,,,0.782,34.123,,,,,,,,,,,,,,,,,,,,,,,,,30364745158.0,,,,,,,,,,,,,,,,,,,,,,,,,,,,,,,,,,,,,,,,,,,,,,,,,,,,,22903588.0,,,,,,,,,,,,,,,,,,,,,,
COD,Democratic Republic of Congo,1976,13.542,0.106,,,,,,,,,,,,,,,,,,,,,,0.887,37.663,,,,,,,,,,,,,,,,,,,,,,,,,28598780947.0,,,,,,,,,,,,,,,,,,,,,,,,,,,,,,,,,,,,,,,,,,,,,,,,,,,,,23560470.0,,,,,,,,,,,,,,,,,,,,,,
COD,Democratic Republic of Congo,1977,17.431,0.155,,,,,,,,,,,,,,,,,,,,,,1.042,42.973,,,,,,,,,,,,,,,,,,,,,,,,,28761571872.0,,,,,,,,,,,,,,,,,,,,,,,,,,,,,,,,,,,,,,,,,,,,,,,,,,,,,24249126.0,,,,,,,,,,,,,,,,,,,,,,
COD,Democratic Republic of Congo,1978,-16.406,-0.171,,,,,,,,,,,,,,,,,,,,,,0.871,34.904,,,,,,,,,,,,,,,,,,,,,,,,,27125446359.0,,,,,,,,,,,,,,,,,,,,,,,,,,,,,,,,,,,,,,,,,,,,,,,,,,,,,24956386.0,,,,,,,,,,,,,,,,,,,,,,
COD,Democratic Republic of Congo,1979,-6.542,-0.057,,,,,,,,,,,,,,,,,,,,,,0.814,31.722,,,,,,,,,,,,,,,,,,,,,,,,,27103821048.0,,,,,,,,,,,,,,,,,,,,,,,,,,,,,,,,,,,,,,,,,,,,,,,,,,,,,25663598.0,,,,,,,,,,,,,,,,,,,,,,
COD,Democratic Republic of Congo,1980,27.992,0.228,,,,,,,,,,,,,,,,,,,,,,1.042,39.531,,,,,,,,,,,,,,,,0.95,996.105,,,,,,,,27648955385.0,,,,,,,,,,,,,,,,,,,,,,,,,,,,,,,,,,,,,,,,,,,,,,,,,,,,,26358904.0,26.256,,,,,,,,,,,,,,,,,,,,,
COD,Democratic Republic of Congo,1981,1.446,0.015,,,,,1.66,0.436,,,,,,,,,,,,,,,,1.057,39.092,,,,,,,,,,,,,,,,0.943,987.117,,,,,,,,28317621850.0,,,,,,,,,,,,,,,,,,,,,,,,,,,,,,,,,,,,,,,,,,,,,,,,,,,,,27040328.0,26.692,,,,,,,,,,,,,,,,,,,,,
COD,Democratic Republic of Congo,1982,-12.144,-0.128,,,,,1.449,0.387,,,,,,,,,,,,,,,,0.929,33.506,,,,,,,,,,,,,,,,0.96,976.961,,,,,,,,28196935560.0,,,,,,,,,,,,,,,,,,,,,,,,,,,,,,,,,,,,,,,,,,,,,,,,,,,,,27717292.0,27.079,,,,,,,,,,,,,,,,,,,,,
COD,Democratic Republic of Congo,1983,-8.128,-0.075,,,,,4.033,1.092,,,,,,,,,,,,,,,,0.853,30.038,,,,,,,,,,,,,,,,0.986,991.794,,,,,,,,28585208466.0,,,,,,,,,,,,,,,,,,,,,,,,,,,,,,,,,,,,,,,,,,,,,,,,,,,,,28403858.0,28.171,,,,,,,,,,,,,,,,,,,,,
COD,Democratic Republic of Congo,1984,7.081,0.06,,,,,-0.476,-0.134,,,,,,,,,,,,,,,,0.914,31.375,,,,,,,,,,,,,,,,0.93,962.808,,,,,,,,30141794292.0,,,,,,,,,,,,,,,,,,,,,,,,,,,,,,,,,,,,,,,,,,,,,,,,,,,,,29119662.0,28.037,,,,,,,,,,,,,,,,,,,,,
COD,Democratic Republic of Congo,1985,0.0,0.0,,,,,1.627,0.456,,,,,,,,,,,,,,,,0.914,30.575,,,,,,,,,,,,,,,,0.94,953.533,,,,,,,,30309892344.0,,,,,,,,,,,,,,,,,,,,,,,,,,,,,,,,,,,,,,,,,,,,,,,,,,,,,29881222.0,28.493,,,,,,,,,,,,,,,,,,,,,
COD,Democratic Republic of Congo,1986,-1.649,-0.015,,,,,5.673,1.616,,,,,,,,,,,,,,,,0.899,29.284,,,,,,,,,,,,,,,,0.949,981.269,,,,,,,,31729261213.0,,,,,,,,,,,,,,,,,,,,,,,,,,,,,,,,,,,,,,,,,,,,,,,,,,,,,30683876.0,30.109,,,,,,,,,,,,,,,,,,,,,
COD,Democratic Republic of Congo,1987,2.516,0.023,,,,,-4.77,-1.436,,,,,,,,,,,,,,,,0.921,29.216,,,,,,,,,,,,,,,,0.88,909.42,,,,,,,,32572621044.0,,,,,,,,,,,,,,,,,,,,,,,,,,,,,,,,,,,,,,,,,,,,,,,,,,,,,31528702.0,28.673,,,,,,,,,,,,,,,,,,,,,
COD,Democratic Republic of Congo,1988,0.821,0.008,,,,,9.686,2.777,,,,,,,,,,,,,,,,0.929,28.625,,,,,,,,,,,,,,,,0.96,969.369,,,,,,,,32745573252.0,,,,,,,,,,,,,,,,,,,,,,,,,,,,,,,,,,,,,,,,,,,,,,,,,,,,,32443784.0,31.45,,,,,,,,,,,,,,,,,,,,,
COD,Democratic Republic of Congo,1989,1.626,0.015,,,,,3.604,1.134,,,,,,,,,,,,,,,,0.944,28.203,,,,,,,,,,,,,,,,1.001,973.668,,,,,,,,32549357652.0,,,,,,,,,,,,,,,,,,,,,,,,,,,,,,,,,,,,,,,,,,,,,,,,,,,,,33464766.0,32.584,,,,,,,,,,,,,,,,,,,,,
COD,Democratic Republic of Congo,1990,0.8,0.008,,,,,-4.29,-1.398,,,,,,,,,,,,,,,,0.951,27.487,,,,,,,,,,,,,,,,0.982,901.012,,,,,,,,31745583354.0,,,,,,,,,,,,,,,,,,,,,,,,,,,,,,,,,,,,,,,,,,,,,,,,,,,,,34612024.0,31.186,,,,,,,,,,,,,,,,,,,,,
COD,Democratic Republic of Congo,1991,-44.841,-0.427,,,,,-7.189,-2.242,,,,,,,,,,,,,,,,0.525,14.614,,,,,,,,,,,,,,,,0.971,806.049,,,,,,,,29817691115.0,,,,,,,,,,,,,,,,,,,,,,,,,,,,,,,,,,,,,,,,,,,,,,,,,,,,,35908240.0,28.944,,,,,,,,,,,,,,,,,,,,,
COD,Democratic Republic of Congo,1992,-39.928,-0.21,,,,,10.31,2.984,,,,,,,,,,,,,,,,0.315,8.444,,,,,,,,,,,,,,,,1.165,855.197,,,,,,,,27407296620.0,,,,,,,,,,,,,,,,,,,,,,,,,,,,,,,,,,,,,,,,,,,,,,,,,,,,,37333916.0,31.928,,,,,,,,,,,,,,,,,,,,,
COD,Democratic Republic of Congo,1993,-66.467,-0.21,,,,,-3.81,-1.216,,,,,,,,,,,,,,,,0.106,2.723,,,,,,,,,,,,,,,,1.262,791.211,,,,,,,,24338477933.0,,,,,,,,,,,,,,,,,,,,,,,,,,,,,,,,,,,,,,,,,,,,,,,,,,,,,38815836.0,30.711,,,,,,,,,,,,,,,,,,,,,
COD,Democratic Republic of Congo,1994,-21.429,-0.023,,,,,-12.456,-3.826,,,,,,,,,,,,,,,,0.083,2.063,,,,,,,,,,,,,,,,1.145,667.924,,,,,,,,23485764514.0,,,,,,,,,,,,,,,,,,,,,,,,,,,,,,,,,,,,,,,,,,,,,,,,,,,,,40252972.0,26.886,,,,,,,,,,,,,,,,,,,,,
COD,Democratic Republic of Congo,1995,-9.091,-0.008,,,,,9.391,2.525,,,,,,,,,,,,,,,,0.076,1.816,,,,,,,,,,,,,,,,1.187,707.392,,,,,,,,24780659515.0,,,,,,,,,,,,,,,,,,,,,,,,,,,,,,,,,,,,,,,,,,,,,,,,,,,,,41576240.0,29.411,,,,,,,,,,,,,,,,,,,,,
COD,Democratic Republic of Congo,1996,-25.0,-0.019,,,,,2.307,0.679,,,,,,,,,,,,,,,,0.057,1.324,,,,,,,,,,,,,,,,1.208,703.724,,,,,,,,24914391029.0,,,,,,,,,,,,,,,,,,,,,,,,,,,,,,,,,,,,,,,,,,,,,,,,,,,,,42757240.0,30.089,,,,,,,,,,,,,,,,,,,,,
COD,Democratic Republic of Congo,1997,-33.333,-0.019,,,,,-10.027,-3.017,,,,,,,,,,,,,,,,0.038,0.861,,,,,,,,,,,,,,,,1.142,617.705,,,,,,,,23716348574.0,,,,,,,,,,,,,,,,,,,,,,,,,,,,,,,,,,,,,,,,,,,,,,,,,,,,,43827192.0,27.072,,,,,,,,,,,,,,,,,,,,,
COD,Democratic Republic of Congo,1998,-21.333,-0.008,,,,,-5.72,-1.549,,,,,,,,,,,,,,,,0.03,0.662,,,,,,,,,,,,,,,,1.088,569.092,,,,,,,,23460465729.0,,,,,,,,,,,,,,,,,,,,,,,,,,,,,,,,,,,,,,,,,,,,,,,,,,,,,44849968.0,25.524,,,,,,,,,,,,,,,,,,,,,
COD,Democratic Republic of Congo,1999,-27.109,-0.008,,,,,8.625,2.202,,,,,,,,,,,,,,,,0.022,0.471,,,,,,,,,,,,,,,,1.198,603.778,,,,,,,,23134196030.0,,,,,,,,,,,,,,,,,,,,,,,,,,,,,,,,,,,,,,,,,,,,,,,,,,,,,45919612.0,27.725,,,,,,,,,,,,,,,,,,,,,
COD,Democratic Republic of Congo,2000,-62.737,-0.014,,,,,-23.067,-6.395,0.0,0.0,,,,,,23.569,0.0,,,,,0.0,,0.008,0.171,4.71,0.0,0.0,0.0,0.0,5.94,0.0,0.0,0.0,0.0,5.94,0.0,0.0,5.94,0.14,0.976,452.808,,,,,,0.0,0.0,21854111691.0,0.0,,,,,0.0,,,,100.0,,,,,126.099,,100.0,5.94,126.099,,,,,,-26.115,-1.23,0.0,,,,,0.0,,0.0,,,,,0.0,,,,0.0,0.0,,,,,0.0,0.0,,126.099,47105828.0,21.33,126.099,100.0,,,,,,0.0,,,,,0.0,,0.0,,,,,0.0,
COD,Democratic Republic of Congo,2001,227.636,0.018,,,,,-1.658,-0.354,0.0,0.0,,,,,,23.689,0.0,,,,,0.0,,0.026,0.546,4.72,0.0,0.0,0.0,0.0,5.91,0.0,0.0,0.0,0.0,5.91,0.0,0.0,5.91,0.14,0.954,433.137,,,,,,0.0,0.0,21977293016.0,0.0,,,,,0.0,,,,100.0,,,,,122.035,,100.0,5.91,122.035,,,,,,-25.212,-1.19,0.0,,,,,0.0,,0.0,,,,,0.0,,,,0.0,0.0,,,,,0.0,0.0,,122.035,48428536.0,20.976,122.035,100.0,,,,,,0.0,,,,,0.0,,0.0,,,,,0.0,
COD,Democratic Republic of Congo,2002,69.509,0.018,,,,,2.783,0.584,0.0,0.0,,,,,,26.403,0.0,,,,,0.0,,0.045,0.898,4.75,0.0,0.0,0.01,0.0,6.05,0.0,0.01,0.0,0.0,6.05,0.0,0.0,6.06,0.16,0.928,432.307,,,,,,0.201,0.165,23244764018.0,0.0,,,,,0.0,,,,99.835,,,,,121.311,,99.835,6.05,121.311,,,,,,-27.579,-1.31,0.0,,,,,0.0,,0.165,,,,,0.201,,,,0.0,0.0,,,,,0.0,0.0,,121.512,49871672.0,21.56,121.311,99.835,,,,,,0.0,,,,,0.0,,0.0,,,,,0.0,
COD,Democratic Republic of Congo,2003,41.012,0.018,,,,,4.066,0.877,0.0,0.0,,,,,,26.187,0.0,,,,,0.0,,0.063,1.228,4.78,0.0,0.0,0.01,0.0,6.1,0.0,0.01,0.0,0.0,6.1,0.0,0.0,6.11,0.16,0.889,436.291,,,,,,0.194,0.164,25228487480.0,0.0,,,,,0.0,,,,99.836,,,,,118.618,,99.836,6.1,118.618,,,,,,-27.824,-1.33,0.0,,,,,0.0,,0.164,,,,,0.194,,,,0.0,0.0,,,,,0.0,0.0,,118.812,51425584.0,22.437,118.618,99.836,,,,,,0.0,,,,,0.0,,0.0,,,,,0.0,
COD,Democratic Republic of Congo,2004,29.083,0.018,,,,,13.344,2.994,0.0,0.0,,,,,,25.641,0.0,,,,,0.0,,0.082,1.537,5.63,0.0,0.0,0.01,0.0,7.01,0.0,0.01,0.0,0.0,7.01,0.0,0.0,7.02,0.18,0.92,479.196,,,,,,0.188,0.142,27653538006.0,0.0,,,,,0.0,,,,99.858,,,,,132.093,,99.858,7.01,132.093,,,,,,-24.689,-1.39,0.0,,,,,0.0,,0.142,,,,,0.188,,,,0.0,0.0,,,,,0.0,0.0,,132.281,53068868.0,25.43,132.093,99.858,,,,,,0.0,,,,,0.0,,0.0,,,,,0.0,
COD,Democratic Republic of Congo,2005,11.111,0.009,,,,,8.501,2.162,0.0,0.0,,,,,,25.921,0.0,,,,,0.0,,0.091,1.654,5.67,0.0,0.0,0.01,0.0,7.32,0.0,0.01,0.0,0.0,7.32,0.0,0.0,7.33,0.19,0.915,503.64,,,,,,0.183,0.136,30164654105.0,0.0,,,,,0.0,,,,99.864,,,,,133.611,,99.864,7.32,133.611,,,,,,-29.277,-1.66,0.0,,,,,0.0,,0.136,,,,,0.183,,,,0.0,0.0,,,,,0.0,0.0,,133.794,54785896.0,27.592,133.611,99.864,,,,,,0.0,,,,,0.0,,0.0,,,,,0.0,
COD,Democratic Republic of Congo,2006,3.334,0.003,,,,,5.511,1.521,0.0,0.0,,,,,,25.435,0.0,,,,,0.0,,0.094,1.655,6.16,0.0,0.0,0.02,0.0,7.45,0.0,0.02,0.0,0.0,7.45,0.0,0.0,7.47,0.19,0.89,514.563,,,,,,0.353,0.268,32708308076.0,0.0,,,,,0.0,,,,99.732,,,,,131.677,,99.732,7.45,131.677,,,,,,-21.266,-1.31,0.0,,,,,0.0,,0.268,,,,,0.353,,,,0.0,0.0,,,,,0.0,0.0,,132.03,56578048.0,29.113,131.677,99.732,,,,,,0.0,,,,,0.0,,0.0,,,,,0.0,
COD,Democratic Republic of Congo,2007,3.226,0.003,,,,,3.035,0.884,0.0,0.0,,,,,,27.027,0.0,,,,,0.0,,0.097,1.653,6.44,0.0,0.0,0.03,0.0,7.74,0.0,0.03,0.0,0.0,7.74,0.0,0.0,7.77,0.21,0.838,513.169,,,,,,0.513,0.386,35814303228.0,0.0,,,,,0.0,,,,99.614,,,,,132.413,,99.614,7.74,132.413,,,,,,-20.652,-1.33,0.0,,,,,0.0,,0.386,,,,,0.513,,,,0.0,0.0,,,,,0.0,0.0,,132.926,58453688.0,29.997,132.413,99.614,,,,,,0.0,,,,,0.0,,0.0,,,,,0.0,
COD,Democratic Republic of Congo,2008,-9.375,-0.009,,,,,-5.364,-1.609,0.0,0.0,,,,,,28.188,0.0,,,,,0.0,,0.088,1.45,6.86,0.0,0.0,0.04,0.0,7.41,0.0,0.04,0.0,0.0,7.41,0.0,0.0,7.45,0.21,0.723,469.908,,,,,,0.662,0.537,39245771047.0,0.0,,,,,0.0,,,,99.463,,,,,122.659,,99.463,7.41,122.659,,,,,,-8.601,-0.59,0.0,,,,,0.0,,0.537,,,,,0.662,,,,0.0,0.0,,,,,0.0,0.0,,123.322,60411196.0,28.388,122.659,99.463,,,,,,0.0,,,,,0.0,,0.0,,,,,0.0,
COD,Democratic Republic of Congo,2009,3.448,0.003,,,,,-2.159,-0.613,0.0,0.0,,,,,,27.097,0.0,,,,,0.0,,0.091,1.451,6.97,0.0,0.0,0.03,0.0,7.72,0.0,0.03,0.0,0.0,7.72,0.0,0.0,7.75,0.21,0.666,444.763,,,,,,0.48,0.387,41718894299.0,0.0,,,,,0.0,,,,99.613,,,,,123.622,,99.613,7.72,123.622,,,,,,-11.191,-0.78,0.0,,,,,0.0,,0.387,,,,,0.48,,,,0.0,0.0,,,,,0.0,0.0,,124.102,62448572.0,27.775,123.622,99.613,,,,,,0.0,,,,,0.0,,0.0,,,,,0.0,
COD,Democratic Republic of Congo,2010,-43.879,-0.04,,,,,10.599,2.944,0.0,0.0,,,,,,31.969,0.0,,,,,0.0,,0.051,0.788,7.07,0.0,0.0,0.08,0.0,7.74,0.0,0.08,0.0,0.0,7.74,0.0,0.0,7.82,0.25,0.665,475.789,,,,,,1.239,1.023,46223522765.0,0.0,,,,,0.0,,,,98.977,,,,,119.881,,98.977,7.74,119.881,,,,,,-10.608,-0.75,0.0,,,,,0.0,,1.023,,,,,1.239,,,,0.0,0.0,,,,,0.0,0.0,,121.12,64563852.0,30.719,119.881,98.977,,,,,,0.0,,,,,0.0,,0.0,,,,,0.0,
COD,Democratic Republic of Congo,2011,-78.194,-0.04,,,,,8.216,2.524,0.0,0.0,,,,,,32.01,0.0,,,,,0.0,,0.011,0.166,7.68,0.0,0.0,0.08,0.0,7.73,0.0,0.08,0.0,0.0,7.73,0.0,0.0,7.81,0.25,0.65,497.98,,,,,,1.198,1.024,51169098734.0,0.0,,,,,0.0,,,,98.976,,,,,115.796,,98.976,7.73,115.796,,,,,,-1.693,-0.13,0.0,,,,,0.0,,1.024,,,,,1.198,,,,0.0,0.0,,,,,0.0,0.0,,116.995,66755148.0,33.243,115.796,98.976,,,,,,0.0,,,,,0.0,,0.0,,,,,0.0,
COD,Democratic Republic of Congo,2012,163.493,0.018,,,,,-1.452,-0.483,0.0,0.0,,,,,,26.525,0.0,,,,,0.0,,0.029,0.423,8.12,0.0,0.0,0.03,0.0,7.51,0.0,0.03,0.0,0.0,7.51,0.0,0.0,7.54,0.2,0.593,474.64,,,,,,0.435,0.398,55232446571.0,0.0,,,,,0.0,,,,99.602,,,,,108.808,,99.602,7.51,108.808,,,,,,7.143,0.58,0.0,,,,,0.0,,0.398,,,,,0.435,,,,0.0,0.0,,,,,0.0,0.0,,109.243,69020752.0,32.76,108.808,99.602,,,,,,0.0,,,,,0.0,,0.0,,,,,0.0,
COD,Democratic Republic of Congo,2013,3.376,0.001,,,,,20.829,6.824,0.0,0.0,,,,,,26.895,0.0,,,,,0.0,,0.03,0.423,8.76,0.0,0.0,0.03,0.0,8.15,0.0,0.03,0.0,0.0,8.15,0.0,0.0,8.18,0.22,0.654,554.712,,,,,,0.42,0.367,60481139034.0,0.0,,,,,0.0,,,,99.633,,,,,114.212,,99.633,8.15,114.212,,,,,,6.621,0.58,0.0,,,,,0.0,,0.367,,,,,0.42,,,,0.0,0.0,,,,,0.0,0.0,,114.632,71358808.0,39.584,114.212,99.633,,,,,,0.0,,,,,0.0,,0.0,,,,,0.0,
COD,Democratic Republic of Congo,2014,41.099,0.012,,,,,19.777,7.828,0.0,0.0,,,,,,26.256,0.0,,,,,0.0,,0.043,0.578,9.83,0.0,0.0,0.03,0.0,8.73,0.0,0.03,0.0,0.0,8.73,0.0,0.0,8.76,0.23,0.709,642.72,,,,,,0.407,0.342,66862399486.0,0.0,,,,,0.0,,,,99.658,,,,,118.345,,99.658,8.73,118.345,,,,,,10.885,1.07,0.0,,,,,0.0,,0.342,,,,,0.407,,,,0.0,0.0,,,,,0.0,0.0,,118.752,73767448.0,47.412,118.345,99.658,,,,,,0.0,,,,,0.0,,0.0,,,,,0.0,
COD,Democratic Republic of Congo,2015,22.422,0.01,,,,,-22.844,-10.831,0.0,0.0,,,,,,25.959,0.0,,,,,0.0,,0.052,0.684,8.46,0.0,0.0,0.03,0.0,8.83,0.0,0.03,0.0,0.0,8.83,0.0,0.0,8.86,0.23,0.507,479.788,,,,,,0.393,0.339,72089764710.0,0.0,,,,,0.0,,,,99.661,,,,,115.812,,99.661,8.83,115.812,,,,,,-4.728,-0.4,0.0,,,,,0.0,,0.339,,,,,0.393,,,,0.0,0.0,,,,,0.0,0.0,,116.205,76244528.0,36.581,115.812,99.661,,,,,,0.0,,,,,0.0,,0.0,,,,,0.0,
COD,Democratic Republic of Congo,2016,18.316,0.01,,,,,-7.769,-2.842,0.0,0.0,,,,,,26.549,0.0,,,,,0.0,,0.062,0.783,8.64,0.0,0.0,0.03,0.0,9.01,0.0,0.03,0.0,0.0,9.01,0.0,0.0,9.04,0.24,0.452,428.22,,,,,,0.381,0.332,74568657949.0,0.0,,,,,0.0,,,,99.668,,,,,114.356,,99.668,9.01,114.356,,,,,,-4.63,-0.4,0.0,,,,,0.0,,0.332,,,,,0.381,,,,0.0,0.0,,,,,0.0,0.0,,114.737,78789136.0,33.739,114.356,99.668,,,,,,0.0,,,,,0.0,,0.0,,,,,0.0,
COD,Democratic Republic of Congo,2017,,,,,,,8.605,2.903,0.0,0.0,,,,,,25.478,0.0,,,,,0.0,,,,10.03,0.0,0.0,0.02,0.0,9.39,0.0,0.02,0.0,0.0,9.4,0.01,0.0,9.42,0.24,0.474,450.159,,,,,,0.246,0.212,77347834741.0,0.0,,,,,0.0,,,,99.682,,,,,115.358,,99.788,9.4,115.481,,,,,,6.082,0.61,0.0,,,,,0.0,,0.212,,,,,0.246,,,,0.0,0.0,,,,,0.0,0.0,,115.727,81398768.0,36.642,115.481,99.788,,,,,,0.106,,,,,0.123,,0.0,,,,,0.0,
COD,Democratic Republic of Congo,2018,,,,,,,5.806,2.127,0.0,0.0,,,,,,25.739,0.0,,,,,0.0,,,,10.58,0.0,0.0,0.03,0.0,10.43,0.0,0.03,0.0,0.0,10.46,0.03,0.0,10.49,0.27,0.474,461.171,,,,,,0.357,0.286,81846381646.0,0.0,,,,,0.0,,,,99.428,,,,,124.066,,99.714,10.46,124.423,,,,,,0.851,0.09,0.0,,,,,0.0,,0.286,,,,,0.357,,,,0.0,0.0,,,,,0.0,0.0,,124.78,84068096.0,38.77,124.423,99.714,,,,,,0.286,,,,,0.357,,0.0,,,,,0.0,
COD,Democratic Republic of Congo,2019,,,,,,,-9.832,-3.812,0.0,0.0,,,,,,26.059,0.0,,,,,0.0,,,,9.35,0.0,0.0,0.03,0.0,9.15,0.0,0.03,0.0,0.0,9.18,0.03,0.0,9.21,0.24,,402.784,,,,,,0.346,0.326,,0.0,,,,,0.0,,,,99.349,,,,,105.426,,99.674,9.18,105.772,,,,,,1.497,0.14,0.0,,,,,0.0,,0.326,,,,,0.346,,,,0.0,0.0,,,,,0.0,0.0,,106.118,86790568.0,34.958,105.772,99.674,,,,,,0.326,,,,,0.346,,0.0,,,,,0.0,
COD,Democratic Republic of Congo,2020,,,,,,,,,0.0,0.0,,,,,,25.946,0.0,,,,,0.0,,,,9.39,0.0,0.0,0.03,0.0,9.19,0.0,0.03,0.0,0.0,9.22,0.03,0.0,9.25,0.24,,,,,,,,0.335,0.324,,0.0,,,,,0.0,,,,99.351,,,,,102.611,,99.676,9.22,102.946,,,,,,1.491,0.14,0.0,,,,,0.0,,0.324,,,,,0.335,,,,0.0,0.0,,,,,0.0,0.0,,103.281,89561408.0,,102.946,99.676,,,,,,0.324,,,,,0.335,,0.0,,,,,0.0,
