iso_code,country,year,coal_prod_change_pct,coal_prod_change_twh,gas_prod_change_pct,gas_prod_change_twh,oil_prod_change_pct,oil_prod_change_twh,energy_cons_change_pct,energy_cons_change_twh,biofuel_share_elec,biofuel_elec_per_capita,biofuel_cons_change_pct,biofuel_share_energy,biofuel_cons_change_twh,biofuel_consumption,biofuel_cons_per_capita,carbon_intensity_elec,coal_share_elec,coal_cons_change_pct,coal_share_energy,coal_cons_change_twh,coal_consumption,coal_elec_per_capita,coal_cons_per_capita,coal_production,coal_prod_per_capita,electricity_demand,biofuel_electricity,coal_electricity,fossil_electricity,gas_electricity,hydro_electricity,nuclear_electricity,oil_electricity,other_renewable_exc_biofuel_electricity,other_renewable_electricity,renewables_electricity,solar_electricity,wind_electricity,electricity_generation,greenhouse_gas_emissions,energy_per_gdp,energy_per_capita,fossil_cons_change_pct,fossil_share_energy,fossil_cons_change_twh,fossil_fuel_consumption,fossil_energy_per_capita,fossil_cons_per_capita,fossil_share_elec,gdp,gas_share_elec,gas_cons_change_pct,gas_share_energy,gas_cons_change_twh,gas_consumption,gas_elec_per_capita,gas_energy_per_capita,gas_production,gas_prod_per_capita,hydro_share_elec,hydro_cons_change_pct,hydro_share_energy,hydro_cons_change_twh,hydro_consumption,hydro_elec_per_capita,hydro_energy_per_capita,low_carbon_share_elec,low_carbon_electricity,low_carbon_elec_per_capita,low_carbon_cons_change_pct,low_carbon_share_energy,low_carbon_cons_change_twh,low_carbon_consumption,low_carbon_energy_per_capita,net_elec_imports_share_demand,net_elec_imports,nuclear_share_elec,nuclear_cons_change_pct,nuclear_share_energy,nuclear_cons_change_twh,nuclear_consumption,nuclear_elec_per_capita,nuclear_energy_per_capita,oil_share_elec,oil_cons_change_pct,oil_share_energy,oil_cons_change_twh,oil_consumption,oil_elec_per_capita,oil_energy_per_capita,oil_production,oil_prod_per_capita,other_renewables_elec_per_capita_exc_biofuel,other_renewables_elec_per_capita,other_renewables_cons_change_pct,other_renewables_share_energy,other_renewables_cons_change_twh,other_renewable_consumption,other_renewables_share_elec_exc_biofuel,other_renewables_share_elec,other_renewables_energy_per_capita,per_capita_electricity,population,primary_energy_consumption,renewables_elec_per_capita,renewables_share_elec,renewables_cons_change_pct,renewables_share_energy,renewables_cons_change_twh,renewables_consumption,renewables_energy_per_capita,solar_share_elec,solar_cons_change_pct,solar_share_energy,solar_cons_change_twh,solar_consumption,solar_elec_per_capita,solar_energy_per_capita,wind_share_elec,wind_cons_change_pct,wind_share_energy,wind_cons_change_twh,wind_consumption,wind_elec_per_capita,wind_energy_per_capita
DNK,Denmark,1900,,,,,,,,,,,,,,,,,,,,,,,,0.0,0.0,,,,,,,,,,,,,,,,,,,,,,,,,12315849000.0,,,,,,,,0.0,0.0,,,,,,,,,,,,,,,,,,,,,,,,,,,,,,,,0.0,0.0,,,,,,,,,,,2565597.0,,,,,,,,,,,,,,,,,,,,,,
DNK,Denmark,1901,,0.0,,0.0,,0.0,,,,,,,,,,,,,,,,,,0.0,0.0,,,,,,,,,,,,,,,,,,,,,,,,,12835112000.0,,,,,,,,0.0,0.0,,,,,,,,,,,,,,,,,,,,,,,,,,,,,,,,0.0,0.0,,,,,,,,,,,2595319.0,,,,,,,,,,,,,,,,,,,,,,
DNK,Denmark,1902,,0.0,,0.0,,0.0,,,,,,,,,,,,,,,,,,0.0,0.0,,,,,,,,,,,,,,,,,,,,,,,,,13133361000.0,,,,,,,,0.0,0.0,,,,,,,,,,,,,,,,,,,,,,,,,,,,,,,,0.0,0.0,,,,,,,,,,,2625800.0,,,,,,,,,,,,,,,,,,,,,,
DNK,Denmark,1903,,0.0,,0.0,,0.0,,,,,,,,,,,,,,,,,,0.0,0.0,,,,,,,,,,,,,,,,,,,,,,,,,13912332000.0,,,,,,,,0.0,0.0,,,,,,,,,,,,,,,,,,,,,,,,,,,,,,,,0.0,0.0,,,,,,,,,,,2657054.0,,,,,,,,,,,,,,,,,,,,,,
DNK,Denmark,1904,,0.0,,0.0,,0.0,,,,,,,,,,,,,,,,,,0.0,0.0,,,,,,,,,,,,,,,,,,,,,,,,,14214662000.0,,,,,,,,0.0,0.0,,,,,,,,,,,,,,,,,,,,,,,,,,,,,,,,0.0,0.0,,,,,,,,,,,2688680.0,,,,,,,,,,,,,,,,,,,,,,
DNK,Denmark,1905,,0.0,,0.0,,0.0,,,,,,,,,,,,,,,,,,0.0,0.0,,,,,,,,,,,,,,,,,,,,,,,,,14452430000.0,,,,,,,,0.0,0.0,,,,,,,,,,,,,,,,,,,,,,,,,,,,,,,,0.0,0.0,,,,,,,,,,,2720683.0,,,,,,,,,,,,,,,,,,,,,,
DNK,Denmark,1906,,0.0,,0.0,,0.0,,,,,,,,,,,,,,,,,,0.0,0.0,,,,,,,,,,,,,,,,,,,,,,,,,14864443000.0,,,,,,,,0.0,0.0,,,,,,,,,,,,,,,,,,,,,,,,,,,,,,,,0.0,0.0,,,,,,,,,,,2753066.0,,,,,,,,,,,,,,,,,,,,,,
DNK,Denmark,1907,,0.0,,0.0,,0.0,,,,,,,,,,,,,,,,,,0.0,0.0,,,,,,,,,,,,,,,,,,,,,,,,,15420675000.0,,,,,,,,0.0,0.0,,,,,,,,,,,,,,,,,,,,,,,,,,,,,,,,0.0,0.0,,,,,,,,,,,2785834.0,,,,,,,,,,,,,,,,,,,,,,
DNK,Denmark,1908,,0.0,,0.0,,0.0,,,,,,,,,,,,,,,,,,0.0,0.0,,,,,,,,,,,,,,,,,,,,,,,,,15904558000.0,,,,,,,,0.0,0.0,,,,,,,,,,,,,,,,,,,,,,,,,,,,,,,,0.0,0.0,,,,,,,,,,,2818993.0,,,,,,,,,,,,,,,,,,,,,,
DNK,Denmark,1909,,0.0,,0.0,,0.0,,,,,,,,,,,,,,,,,,0.0,0.0,,,,,,,,,,,,,,,,,,,,,,,,,16520915000.0,,,,,,,,0.0,0.0,,,,,,,,,,,,,,,,,,,,,,,,,,,,,,,,0.0,0.0,,,,,,,,,,,2852524.0,,,,,,,,,,,,,,,,,,,,,,
DNK,Denmark,1910,,0.0,,0.0,,0.0,,,,,,,,,,,,,,,,,,0.0,0.0,,,,,,,,,,,,,,,,,,,,,,,,,17021092000.0,,,,,,,,0.0,0.0,,,,,,,,,,,,,,,,,,,,,,,,,,,,,,,,0.0,0.0,,,,,,,,,,,2886432.0,,,,,,,,,,,,,,,,,,,,,,
DNK,Denmark,1911,,0.0,,0.0,,0.0,,,,,,,,,,,,,,,,,,0.0,0.0,,,,,,,,,,,,,,,,,,,,,,,,,17933716000.0,,,,,,,,0.0,0.0,,,,,,,,,,,,,,,,,,,,,,,,,,,,,,,,0.0,0.0,,,,,,,,,,,2920720.0,,,,,,,,,,,,,,,,,,,,,,
DNK,Denmark,1912,,0.0,,0.0,,0.0,,,,,,,,,,,,,,,,,,0.0,0.0,,,,,,,,,,,,,,,,,,,,,,,,,17930276000.0,,,,,,,,0.0,0.0,,,,,,,,,,,,,,,,,,,,,,,,,,,,,,,,0.0,0.0,,,,,,,,,,,2955394.0,,,,,,,,,,,,,,,,,,,,,,
DNK,Denmark,1913,,0.0,,0.0,,0.0,,,,,,,,,,,,,,,,,,0.0,0.0,,,,,,,,,,,,,,,,,,,,,,,,,18601988000.0,,,,,,,,0.0,0.0,,,,,,,,,,,,,,,,,,,,,,,,,,,,,,,,0.0,0.0,,,,,,,,,,,2990457.0,,,,,,,,,,,,,,,,,,,,,,
DNK,Denmark,1914,,0.0,,0.0,,0.0,,,,,,,,,,,,,,,,,,0.0,0.0,,,,,,,,,,,,,,,,,,,,,,,,,19770918000.0,,,,,,,,0.0,0.0,,,,,,,,,,,,,,,,,,,,,,,,,,,,,,,,0.0,0.0,,,,,,,,,,,3025936.0,,,,,,,,,,,,,,,,,,,,,,
DNK,Denmark,1915,,0.0,,0.0,,0.0,,,,,,,,,,,,,,,,,,0.0,0.0,,,,,,,,,,,,,,,,,,,,,,,,,18397210000.0,,,,,,,,0.0,0.0,,,,,,,,,,,,,,,,,,,,,,,,,,,,,,,,0.0,0.0,,,,,,,,,,,3061836.0,,,,,,,,,,,,,,,,,,,,,,
DNK,Denmark,1916,,0.0,,0.0,,0.0,,,,,,,,,,,,,,,,,,0.0,0.0,,,,,,,,,,,,,,,,,,,,,,,,,19176584000.0,,,,,,,,0.0,0.0,,,,,,,,,,,,,,,,,,,,,,,,,,,,,,,,0.0,0.0,,,,,,,,,,,3098162.0,,,,,,,,,,,,,,,,,,,,,,
DNK,Denmark,1917,,0.0,,0.0,,0.0,,,,,,,,,,,,,,,,,,0.0,0.0,,,,,,,,,,,,,,,,,,,,,,,,,18044450000.0,,,,,,,,0.0,0.0,,,,,,,,,,,,,,,,,,,,,,,,,,,,,,,,0.0,0.0,,,,,,,,,,,3134919.0,,,,,,,,,,,,,,,,,,,,,,
DNK,Denmark,1918,,0.0,,0.0,,0.0,,,,,,,,,,,,,,,,,,0.0,0.0,,,,,,,,,,,,,,,,,,,,,,,,,17451810000.0,,,,,,,,0.0,0.0,,,,,,,,,,,,,,,,,,,,,,,,,,,,,,,,0.0,0.0,,,,,,,,,,,3172037.0,,,,,,,,,,,,,,,,,,,,,,
DNK,Denmark,1919,,0.0,,0.0,,0.0,,,,,,,,,,,,,,,,,,0.0,0.0,,,,,,,,,,,,,,,,,,,,,,,,,19701906000.0,,,,,,,,0.0,0.0,,,,,,,,,,,,,,,,,,,,,,,,,,,,,,,,0.0,0.0,,,,,,,,,,,3207678.0,,,,,,,,,,,,,,,,,,,,,,
DNK,Denmark,1920,,0.0,,0.0,,0.0,,,,,,,,,,,,,,,,,,0.0,0.0,,,,,,,,,,,,,,,,,,,,,,,,,20628846000.0,,,,,,,,0.0,0.0,,,,,,,,,,,,,,,,,,,,,,,,,,,,,,,,0.0,0.0,,,,,,,,,,,3241807.0,,,,,,,,,,,,,,,,,,,,,,
DNK,Denmark,1921,,0.0,,0.0,,0.0,,,,,,,,,,,,,,,,,,0.0,0.0,,,,,,,,,,,,,,,,,,,,,,,,,20035215000.0,,,,,,,,0.0,0.0,,,,,,,,,,,,,,,,,,,,,,,,,,,,,,,,0.0,0.0,,,,,,,,,,,3274391.0,,,,,,,,,,,,,,,,,,,,,,
DNK,Denmark,1922,,0.0,,0.0,,0.0,,,,,,,,,,,,,,,,,,0.0,0.0,,,,,,,,,,,,,,,,,,,,,,,,,22061402000.0,,,,,,,,0.0,0.0,,,,,,,,,,,,,,,,,,,,,,,,,,,,,,,,0.0,0.0,,,,,,,,,,,3305392.0,,,,,,,,,,,,,,,,,,,,,,
DNK,Denmark,1923,,0.0,,0.0,,0.0,,,,,,,,,,,,,,,,,,0.0,0.0,,,,,,,,,,,,,,,,,,,,,,,,,24388052000.0,,,,,,,,0.0,0.0,,,,,,,,,,,,,,,,,,,,,,,,,,,,,,,,0.0,0.0,,,,,,,,,,,3334775.0,,,,,,,,,,,,,,,,,,,,,,
DNK,Denmark,1924,,0.0,,0.0,,0.0,,,,,,,,,,,,,,,,,,0.0,0.0,,,,,,,,,,,,,,,,,,,,,,,,,24461802000.0,,,,,,,,0.0,0.0,,,,,,,,,,,,,,,,,,,,,,,,,,,,,,,,0.0,0.0,,,,,,,,,,,3364419.0,,,,,,,,,,,,,,,,,,,,,,
DNK,Denmark,1925,,0.0,,0.0,,0.0,,,,,,,,,,,,,,,,,,0.0,0.0,,,,,,,,,,,,,,,,,,,,,,,,,23899650000.0,,,,,,,,0.0,0.0,,,,,,,,,,,,,,,,,,,,,,,,,,,,,,,,0.0,0.0,,,,,,,,,,,3394327.0,,,,,,,,,,,,,,,,,,,,,,
DNK,Denmark,1926,,0.0,,0.0,,0.0,,,,,,,,,,,,,,,,,,0.0,0.0,,,,,,,,,,,,,,,,,,,,,,,,,25299708000.0,,,,,,,,0.0,0.0,,,,,,,,,,,,,,,,,,,,,,,,,,,,,,,,0.0,0.0,,,,,,,,,,,3424500.0,,,,,,,,,,,,,,,,,,,,,,
DNK,Denmark,1927,,0.0,,0.0,,0.0,,,,,,,,,,,,,,,,,,0.0,0.0,,,,,,,,,,,,,,,,,,,,,,,,,25801875000.0,,,,,,,,0.0,0.0,,,,,,,,,,,,,,,,,,,,,,,,,,,,,,,,0.0,0.0,,,,,,,,,,,3454942.0,,,,,,,,,,,,,,,,,,,,,,
DNK,Denmark,1928,,0.0,,0.0,,0.0,,,,,,,,,,,,,,,,,,0.0,0.0,,,,,,,,,,,,,,,,,,,,,,,,,26671619000.0,,,,,,,,0.0,0.0,,,,,,,,,,,,,,,,,,,,,,,,,,,,,,,,0.0,0.0,,,,,,,,,,,3485654.0,,,,,,,,,,,,,,,,,,,,,,
DNK,Denmark,1929,,0.0,,0.0,,0.0,,,,,,,,,,,,,,,,,,0.0,0.0,,,,,,,,,,,,,,,,,,,,,,,,,28457102000.0,,,,,,,,0.0,0.0,,,,,,,,,,,,,,,,,,,,,,,,,,,,,,,,0.0,0.0,,,,,,,,,,,3515938.0,,,,,,,,,,,,,,,,,,,,,,
DNK,Denmark,1930,,0.0,,0.0,,0.0,,,,,,,,,,,,,,,,,,0.0,0.0,,,,,,,,,,,,,,,,,,,,,,,,,30153046000.0,,,,,,,,0.0,0.0,,,,,,,,,,,,,,,,,,,,,,,,,,,,,,,,0.0,0.0,,,,,,,,,,,3545784.0,,,,,,,,,,,,,,,,,,,,,,
DNK,Denmark,1931,,0.0,,0.0,,0.0,,,,,,,,,,,,,,,,,,0.0,0.0,,,,,,,,,,,,,,,,,,,,,,,,,30486398000.0,,,,,,,,0.0,0.0,,,,,,,,,,,,,,,,,,,,,,,,,,,,,,,,0.0,0.0,,,,,,,,,,,3575182.0,,,,,,,,,,,,,,,,,,,,,,
DNK,Denmark,1932,,0.0,,0.0,,0.0,,,,,,,,,,,,,,,,,,0.0,0.0,,,,,,,,,,,,,,,,,,,,,,,,,29685117000.0,,,,,,,,0.0,0.0,,,,,,,,,,,,,,,,,,,,,,,,,,,,,,,,0.0,0.0,,,,,,,,,,,3604123.0,,,,,,,,,,,,,,,,,,,,,,
DNK,Denmark,1933,,0.0,,0.0,,0.0,,,,,,,,,,,,,,,,,,0.0,0.0,,,,,,,,,,,,,,,,,,,,,,,,,30640722000.0,,,,,,,,0.0,0.0,,,,,,,,,,,,,,,,,,,,,,,,,,,,,,,,0.0,0.0,,,,,,,,,,,3632598.0,,,,,,,,,,,,,,,,,,,,,,
DNK,Denmark,1934,,0.0,,0.0,,0.0,,,,,,,,,,,,,,,,,,0.0,0.0,,,,,,,,,,,,,,,,,,,,,,,,,31567926000.0,,,,,,,,0.0,0.0,,,,,,,,,,,,,,,,,,,,,,,,,,,,,,,,0.0,0.0,,,,,,,,,,,3661298.0,,,,,,,,,,,,,,,,,,,,,,
DNK,Denmark,1935,,0.0,,0.0,,0.0,,,,,,,,,,,,,,,,,,0.0,0.0,,,,,,,,,,,,,,,,,,,,,,,,,32275825000.0,,,,,,,,0.0,0.0,,,,,,,,,,,,,,,,,,,,,,,,,,,,,,,,0.0,0.0,,,,,,,,,,,3690224.0,,,,,,,,,,,,,,,,,,,,,,
DNK,Denmark,1936,,0.0,,0.0,,0.0,,,,,,,,,,,,,,,,,,0.0,0.0,,,,,,,,,,,,,,,,,,,,,,,,,33073692000.0,,,,,,,,0.0,0.0,,,,,,,,,,,,,,,,,,,,,,,,,,,,,,,,0.0,0.0,,,,,,,,,,,3719379.0,,,,,,,,,,,,,,,,,,,,,,
DNK,Denmark,1937,,0.0,,0.0,,0.0,,,,,,,,,,,,,,,,,,0.0,0.0,,,,,,,,,,,,,,,,,,,,,,,,,33872215000.0,,,,,,,,0.0,0.0,,,,,,,,,,,,,,,,,,,,,,,,,,,,,,,,0.0,0.0,,,,,,,,,,,3748764.0,,,,,,,,,,,,,,,,,,,,,,
DNK,Denmark,1938,,0.0,,0.0,,0.0,,,,,,,,,,,,,,,,,,0.0,0.0,,,,,,,,,,,,,,,,,,,,,,,,,34691745000.0,,,,,,,,0.0,0.0,,,,,,,,,,,,,,,,,,,,,,,,,,,,,,,,0.0,0.0,,,,,,,,,,,3778382.0,,,,,,,,,,,,,,,,,,,,,,
DNK,Denmark,1939,,0.0,,0.0,,0.0,,,,,,,,,,,,,,,,,,0.0,0.0,,,,,,,,,,,,,,,,,,,,,,,,,36349165000.0,,,,,,,,0.0,0.0,,,,,,,,,,,,,,,,,,,,,,,,,,,,,,,,0.0,0.0,,,,,,,,,,,3810539.0,,,,,,,,,,,,,,,,,,,,,,
DNK,Denmark,1940,,0.58,,0.0,,0.0,,,,,,,,,,,,,,,,,,0.58,150.719,,,,,,,,,,,,,,,,,,,,,,,,,31249960000.0,,,,,,,,0.0,0.0,,,,,,,,,,,,,,,,,,,,,,,,,,,,,,,,0.0,0.0,,,,,,,,,,,3845283.0,,,,,,,,,,,,,,,,,,,,,,
DNK,Denmark,1941,342.478,1.985,,0.0,,0.0,,,,,,,,,,,,,,,,,,2.564,660.48,,,,,,,,,,,,,,,,,,,,,,,,,28165133000.0,,,,,,,,0.0,0.0,,,,,,,,,,,,,,,,,,,,,,,,,,,,,,,,0.0,0.0,,,,,,,,,,,3882658.0,,,,,,,,,,,,,,,,,,,,,,
DNK,Denmark,1942,80.0,2.052,,0.0,,0.0,,,,,,,,,,,,,,,,,,4.616,1176.725,,,,,,,,,,,,,,,,,,,,,,,,,28800237000.0,,,,,,,,0.0,0.0,,,,,,,,,,,,,,,,,,,,,,,,,,,,,,,,0.0,0.0,,,,,,,,,,,3922710.0,,,,,,,,,,,,,,,,,,,,,,
DNK,Denmark,1943,44.444,2.052,,0.0,,0.0,,,,,,,,,,,,,,,,,,6.667,1681.378,,,,,,,,,,,,,,,,,,,,,,,,,31975053000.0,,,,,,,,0.0,0.0,,,,,,,,,,,,,,,,,,,,,,,,,,,,,,,,0.0,0.0,,,,,,,,,,,3965488.0,,,,,,,,,,,,,,,,,,,,,,
DNK,Denmark,1944,-15.385,-1.026,,0.0,,0.0,,,,,,,,,,,,,,,,,,5.642,1407.357,,,,,,,,,,,,,,,,,,,,,,,,,35322330000.0,,,,,,,,0.0,0.0,,,,,,,,,,,,,,,,,,,,,,,,,,,,,,,,0.0,0.0,,,,,,,,,,,4008732.0,,,,,,,,,,,,,,,,,,,,,,
DNK,Denmark,1945,4.545,0.256,,0.0,,0.0,,,,,,,,,,,,,,,,,,5.898,1455.456,,,,,,,,,,,,,,,,,,,,,,,,,32663375000.0,,,,,,,,0.0,0.0,,,,,,,,,,,,,,,,,,,,,,,,,,,,,,,,0.0,0.0,,,,,,,,,,,4052448.0,,,,,,,,,,,,,,,,,,,,,,
DNK,Denmark,1946,0.0,0.0,,0.0,,0.0,,,,,,,,,,,,,,,,,,5.898,1439.755,,,,,,,,,,,,,,,,,,,,,,,,,37762008000.0,,,,,,,,0.0,0.0,,,,,,,,,,,,,,,,,,,,,,,,,,,,,,,,0.0,0.0,,,,,,,,,,,4096640.0,,,,,,,,,,,,,,,,,,,,,,
DNK,Denmark,1947,21.739,1.282,,0.0,,0.0,,,,,,,,,,,,,,,,,,7.18,1733.838,,,,,,,,,,,,,,,,,,,,,,,,,39884520000.0,,,,,,,,0.0,0.0,,,,,,,,,,,,,,,,,,,,,,,,,,,,,,,,0.0,0.0,,,,,,,,,,,4141315.0,,,,,,,,,,,,,,,,,,,,,,
DNK,Denmark,1948,-14.286,-1.026,,0.0,,0.0,,,,,,,,,,,,,,,,,,6.155,1470.115,,,,,,,,,,,,,,,,,,,,,,,,,40961440000.0,,,,,,,,0.0,0.0,,,,,,,,,,,,,,,,,,,,,,,,,,,,,,,,0.0,0.0,,,,,,,,,,,4186477.0,,,,,,,,,,,,,,,,,,,,,,
DNK,Denmark,1949,-33.333,-2.052,,0.0,,0.0,,,,,,,,,,,,,,,,,,4.103,970.264,,,,,,,,,,,,,,,,,,,,,,,,,43784730000.0,,,,,,,,0.0,0.0,,,,,,,,,,,,,,,,,,,,,,,,,,,,,,,,0.0,0.0,,,,,,,,,,,4228817.0,,,,,,,,,,,,,,,,,,,,,,
DNK,Denmark,1950,-51.875,-2.128,,0.0,,0.0,,,,,,,,,,,,,,,,,,1.975,462.622,,,,,,,,,,,,,,,,,,,,,,,,,47267157000.0,,,,,,,,0.0,0.0,,,,,,,,,,,,,,,,,,,,,,,,,,,,,,,,0.0,0.0,,,,,,,,,,,4268281.0,,,,,,,,,,,,,,,,,,,,,,
DNK,Denmark,1951,105.455,2.082,,0.0,,0.0,,,,,,,,,,,,,,,,,,4.057,941.514,,,,,,,,,,,,,,,,,,,,,,,,,47580822720.0,,,,,,,,0.0,0.0,,,,,,,,,,,,,,,,,,,,,,,,,,,,,,,,0.0,0.0,,,,,,,,,,,4308917.0,,,,,,,,,,,,,,,,,,,,,,
DNK,Denmark,1952,1.201,0.049,,0.0,,0.0,,,,,,,,,,,,,,,,,,4.106,944.651,,,,,,,,,,,,,,,,,,,,,,,,,48046724000.0,,,,,,,,0.0,0.0,,,,,,,,,,,,,,,,,,,,,,,,,,,,,,,,0.0,0.0,,,,,,,,,,,4346187.0,,,,,,,,,,,,,,,,,,,,,,
DNK,Denmark,1953,-50.156,-2.059,,0.0,,0.0,,,,,,,,,,,,,,,,,,2.046,467.183,,,,,,,,,,,,,,,,,,,,,,,,,50784141440.0,,,,,,,,0.0,0.0,,,,,,,,,,,,,,,,,,,,,,,,,,,,,,,,0.0,0.0,,,,,,,,,,,4380305.0,,,,,,,,,,,,,,,,,,,,,,
DNK,Denmark,1954,-14.912,-0.305,,0.0,,0.0,,,,,,,,,,,,,,,,,,1.741,394.69,,,,,,,,,,,,,,,,,,,,,,,,,51766094000.0,,,,,,,,0.0,0.0,,,,,,,,,,,,,,,,,,,,,,,,,,,,,,,,0.0,0.0,,,,,,,,,,,4411662.0,,,,,,,,,,,,,,,,,,,,,,
DNK,Denmark,1955,17.968,0.313,,0.0,,0.0,,,,,,,,,,,,,,,,,,2.054,462.554,,,,,,,,,,,,,,,,,,,,,,,,,52326932000.0,,,,,,,,0.0,0.0,,,,,,,,,,,,,,,,,,,,,,,,,,,,,,,,0.0,0.0,,,,,,,,,,,4440779.0,,,,,,,,,,,,,,,,,,,,,,
DNK,Denmark,1956,74.282,1.526,,0.0,,0.0,,,,,,,,,,,,,,,,,,3.58,801.174,,,,,,,,,,,,,,,,,,,,,,,,,52963413118.0,,,,,,,,0.0,0.0,,,,,,,,,,,,,,,,,,,,,,,,,,,,,,,,0.0,0.0,,,,,,,,,,,4468350.0,,,,,,,,,,,,,,,,,,,,,,
DNK,Denmark,1957,83.381,2.985,,0.0,,0.0,,,,,,,,,,,,,,,,,,6.565,1460.421,,,,,,,,,,,,,,,,,,,,,,,,,56977502376.0,,,,,,,,0.0,0.0,,,,,,,,,,,,,,,,,,,,,,,,,,,,,,,,0.0,0.0,,,,,,,,,,,4495215.0,,,,,,,,,,,,,,,,,,,,,,
DNK,Denmark,1958,-4.492,-0.295,,0.0,,0.0,,,,,,,,,,,,,,,,,,6.27,1386.451,,,,,,,,,,,,,,,,,,,,,,,,,58258748196.0,,,,,,,,0.0,0.0,,,,,,,,,,,,,,,,,,,,,,,,,,,,,,,,0.0,0.0,,,,,,,,,,,4522337.0,,,,,,,,,,,,,,,,,,,,,,
DNK,Denmark,1959,9.898,0.621,,0.0,,0.0,,,,,,,,,,,,,,,,,,6.891,1514.188,,,,,,,,,,,,,,,,,,,,,,,,,62593537812.0,,,,,,,,0.0,0.0,,,,,,,,,,,,,,,,,,,,,,,,,,,,,,,,0.0,0.0,,,,,,,,,,,4550683.0,,,,,,,,,,,,,,,,,,,,,,
DNK,Denmark,1960,-0.521,-0.036,,0.0,,0.0,,,,,,,,,,,,,,,,,,6.855,1496.297,,,,,,,,,,,,,,,,,,,,,,,,,64344726000.0,,,,,,,,0.0,0.0,,,,,,,,,,,,,,,,,,,,,,,,,,,,,,,,0.0,0.0,,,,,,,,,,,4581099.0,,,,,,,,,,,,,,,,,,,,,,
DNK,Denmark,1961,-6.697,-0.459,,0.0,,0.0,,,,,,,,,,,,,,,,,,6.396,1386.133,,,,,,,,,,,,,,,,,,,,,,,,,68423513731.0,,,,,,,,0.0,0.0,,,,,,,,,,,,,,,,,,,,,,,,,,,,,,,,0.0,0.0,,,,,,,,,,,4614027.0,,,,,,,,,,,,,,,,,,,,,,
DNK,Denmark,1962,2.486,0.159,,0.0,,0.0,,,,,,,,,,,,,,,,,,6.555,1409.802,,,,,,,,,,,,,,,,,,,,,,,,,72198869763.0,,,,,,,,0.0,0.0,,,,,,,,,,,,,,,,,,,,,,,,,,,,,,,,0.0,0.0,,,,,,,,,,,4649341.0,,,,,,,,,,,,,,,,,,,,,,
DNK,Denmark,1963,-1.721,-0.113,,0.0,,0.0,,,,,,,,,,,,,,,,,,6.442,1374.615,,,,,,,,,,,,,,,,,,,,,,,,,72656361027.0,,,,,,,,0.0,0.0,,,,,,,,,,,,,,,,,,,,,,,,,,,,,,,,0.0,0.0,,,,,,,,,,,4686269.0,,,,,,,,,,,,,,,,,,,,,,
DNK,Denmark,1964,-12.619,-0.813,,0.0,,0.0,,,,,,,,,,,,,,,,,,5.629,1191.648,,,,,,,,,,,,,,,,,,,,,,,,,79449918272.0,,,,,,,,0.0,0.0,,,,,,,,,,,,,,,,,,,,,,,,,,,,,,,,0.0,0.0,,,,,,,,,,,4723623.0,,,,,,,,,,,,,,,,,,,,,,
DNK,Denmark,1965,-3.007,-0.169,,0.0,,0.0,,,,,,,,,,,,,25.877,,43.009,,9034.616,5.46,1146.873,,,,,,0.025,0.0,,,0.0,0.025,0.0,0.0,,,2.001,34913.382,,99.958,,166.134,34898.822,,,83071667900.0,,,0.0,,0.0,,0.0,0.0,0.0,,,0.042,,0.069,5.252,14.588,,0.025,5.252,,0.042,,0.069,14.588,,,,,0.0,,0.0,0.0,0.0,,,74.081,,123.125,,25864.206,0.0,0.0,,0.0,,0.0,,0.0,,,0.0,,4760461.0,166.204,5.252,,,0.042,,0.069,14.588,,,0.0,,0.0,0.0,0.0,,,0.0,,0.0,0.0,0.0
DNK,Denmark,1966,-6.905,-0.377,,0.0,,0.0,13.749,22.851,,,,,,,,,,13.337,25.783,5.736,48.745,,10162.629,5.083,1059.667,,,,,,0.026,0.0,,,0.0,0.026,0.0,0.0,,,2.215,39415.302,13.753,99.962,22.848,188.983,39400.276,,,85342727500.0,,,0.0,0.0,0.0,,0.0,0.0,0.0,,4.0,0.038,0.003,0.072,5.421,15.057,,0.026,5.421,4.0,0.038,0.003,0.072,15.057,,,,,0.0,0.0,0.0,0.0,0.0,,13.898,74.178,17.112,140.238,,29237.647,0.0,0.0,,0.0,,0.0,0.0,0.0,,,0.0,,4796481.0,189.055,5.421,,4.0,0.038,0.003,0.072,15.057,,,0.0,0.0,0.0,0.0,0.0,,,0.0,0.0,0.0,0.0,0.0
DNK,Denmark,1967,-34.309,-1.744,,0.0,,0.0,0.563,1.064,,,,,,,,,,-14.385,21.951,-7.012,41.733,,8637.269,3.339,691.027,,,,,,0.025,0.0,,,0.0,0.025,0.0,0.0,,,2.155,39347.855,0.565,99.963,1.067,190.05,39333.514,,,88211324000.0,,,0.0,0.0,0.0,,0.0,0.0,0.0,,-3.846,0.037,-0.003,0.069,5.174,14.373,,0.025,5.174,-3.846,0.037,-0.003,0.069,14.373,,,,,0.0,0.0,0.0,0.0,0.0,,5.761,78.012,8.079,148.316,,30696.245,0.0,0.0,,0.0,,0.0,0.0,0.0,,,0.0,,4831750.0,190.119,5.174,,-3.846,0.037,-0.003,0.069,14.373,,,0.0,0.0,0.0,0.0,0.0,,,0.0,0.0,0.0,0.0,0.0
DNK,Denmark,1968,-41.628,-1.39,,0.0,,0.0,4.494,8.544,,,,,,,,,,-10.4,18.822,-4.34,37.393,,7684.397,1.949,400.52,,,,,,0.021,0.0,,,0.0,0.021,0.0,0.0,,,2.163,40826.198,4.502,99.971,8.555,198.605,40814.242,,,91836216400.0,,,0.0,0.0,0.0,,0.0,0.0,0.0,,-16.0,0.029,-0.011,0.058,4.316,11.988,,0.021,4.316,-16.0,0.029,-0.011,0.058,11.988,,,,,0.0,0.0,0.0,0.0,0.0,,8.695,81.148,12.896,161.212,,33129.845,0.0,0.0,,0.0,,0.0,0.0,0.0,,,0.0,,4866069.0,198.663,4.316,,-16.0,0.029,-0.011,0.058,11.988,,,0.0,0.0,0.0,0.0,0.0,,,0.0,0.0,0.0,0.0,0.0
DNK,Denmark,1969,-43.289,-0.844,,0.0,,0.0,14.789,29.38,,,,,,,,,,-8.659,14.977,-3.238,34.155,,6971.422,1.105,225.597,,,,,,0.022,0.0,,,0.0,0.022,0.0,0.0,,,2.334,46546.071,14.792,99.973,29.377,227.982,46533.635,,,97686582138.0,,,0.0,0.0,0.0,,0.0,0.0,0.0,,4.762,0.027,0.003,0.061,4.49,12.473,,0.022,4.49,4.762,0.027,0.003,0.061,12.473,,,,,0.0,0.0,0.0,0.0,0.0,,20.231,84.996,32.615,193.827,,39562.213,0.0,0.0,,0.0,,0.0,0.0,0.0,,,0.0,,4899289.0,228.043,4.49,,4.762,0.027,0.003,0.061,12.473,,,0.0,0.0,0.0,0.0,0.0,,,0.0,0.0,0.0,0.0,0.0
DNK,Denmark,1970,-68.677,-0.759,,0.0,,0.0,6.552,14.942,,,,,,,,,,-20.015,11.243,-6.836,27.319,,5539.965,0.346,70.205,,,,,,0.024,0.0,,,0.0,0.024,0.0,0.0,,,2.438,49274.659,6.552,99.973,14.937,242.919,49261.18,,,99664395297.0,,,0.0,0.0,0.0,,0.0,0.0,0.0,,9.091,0.027,0.006,0.067,4.867,13.519,,0.024,4.867,9.091,0.027,0.006,0.067,13.519,,,,,0.0,0.0,0.0,0.0,0.0,,11.233,88.73,21.773,215.6,,43721.215,0.0,0.0,,0.0,,0.0,0.0,0.0,,,0.0,,4931239.0,242.985,4.867,,9.091,0.027,0.006,0.067,13.519,,,0.0,0.0,0.0,0.0,0.0,,,0.0,0.0,0.0,0.0,0.0
DNK,Denmark,1971,-100.0,-0.346,,0.0,,0.0,-5.496,-13.354,,,,,,,,,,-38.804,7.28,-10.601,16.718,,3369.398,0.0,0.0,,,,,,0.024,0.0,,,0.0,0.024,0.0,0.0,,,2.244,46280.13,-5.497,99.971,-13.354,229.564,46266.731,,,102324768742.0,,,0.0,0.0,0.0,,0.0,0.0,0.0,,0.0,0.029,0.0,0.067,4.837,13.436,,0.024,4.837,0.0,0.029,0.0,0.067,13.436,,,,,0.0,0.0,0.0,0.0,0.0,,-1.277,92.691,-2.754,212.846,,42897.334,0.0,0.0,,0.0,,0.0,0.0,0.0,,,0.0,,4961759.0,229.631,4.837,,0.0,0.029,0.0,0.067,13.436,,,0.0,0.0,0.0,0.0,0.0,,,0.0,0.0,0.0,0.0,0.0
DNK,Denmark,1972,,0.0,,0.0,,1.137,5.534,12.707,,,,,,,,,,2.163,7.048,0.362,17.08,,3422.434,0.0,0.0,,,,,,0.024,0.0,,,0.0,0.024,0.0,0.0,,,2.25,48559.362,5.535,99.972,12.707,242.272,48546.042,,,107713650084.0,,,0.0,0.0,0.0,,0.0,0.0,0.0,,0.0,0.028,0.0,0.067,4.809,13.359,,0.024,4.809,0.0,0.028,0.0,0.067,13.359,,,,,0.0,0.0,0.0,0.0,0.0,,5.8,92.925,12.345,225.191,,45123.608,1.137,227.751,,0.0,,0.0,0.0,0.0,,,0.0,,4990551.0,242.338,4.809,,0.0,0.028,0.0,0.067,13.359,,,0.0,0.0,0.0,0.0,0.0,,,0.0,0.0,0.0,0.0,0.0
DNK,Denmark,1973,,0.0,,0.0,49.59,0.564,-3.249,-7.873,,,,,,,,,,53.268,11.165,9.098,26.178,,5217.6,0.0,0.0,,,,,,0.024,0.0,,,0.0,0.024,0.0,0.0,,,2.1,46731.855,-3.25,99.972,-7.873,234.399,46718.605,,,111625926308.0,,,0.0,0.0,0.0,,0.0,0.0,0.0,,0.0,0.028,0.0,0.067,4.783,13.288,,0.024,4.783,0.0,0.028,0.0,0.067,13.288,,,,,0.0,0.0,0.0,0.0,0.0,,-7.536,88.807,-16.971,208.221,,41501.005,1.7,338.88,,0.0,,0.0,0.0,0.0,,,0.0,,5017247.0,234.465,4.783,,0.0,0.028,0.0,0.067,13.288,,,0.0,0.0,0.0,0.0,0.0,,,0.0,0.0,0.0,0.0,0.0
DNK,Denmark,1974,,0.0,,0.0,-33.333,-0.567,-9.023,-21.156,,,,,,,,,,-5.536,11.593,-1.449,24.729,,4905.15,0.0,0.0,,,,,,0.024,0.0,,,0.0,0.024,0.0,0.0,,,1.929,42311.471,-9.026,99.969,-21.156,213.243,42298.281,,,110587864943.0,,,0.0,0.0,0.0,,0.0,0.0,0.0,,0.0,0.031,0.0,0.067,4.761,13.224,,0.024,4.761,0.0,0.031,0.0,0.067,13.224,,,,,0.0,0.0,0.0,0.0,0.0,,-9.464,88.376,-19.707,188.514,,37393.131,1.133,224.837,,0.0,,0.0,0.0,0.0,,,0.0,,5041413.0,213.31,4.761,,0.0,0.031,0.0,0.067,13.224,,,0.0,0.0,0.0,0.0,0.0,,,0.0,0.0,0.0,0.0,0.0
DNK,Denmark,1975,,0.0,,0.0,50.0,0.567,-1.441,-3.074,,,,,,,,,,-3.523,11.348,-0.871,23.858,,4712.437,0.0,0.0,,,,,,0.021,0.0,,,0.0,0.021,0.0,0.0,,,1.914,41526.147,-1.438,99.972,-3.066,210.178,41514.658,,,109859702032.0,,,0.0,0.0,0.0,,0.0,0.0,0.0,,-12.5,0.028,-0.008,0.058,4.148,11.522,,0.021,4.148,-12.5,0.028,-0.008,0.058,11.522,,,,,0.0,0.0,0.0,0.0,0.0,,-1.164,88.624,-2.194,186.32,,36802.221,1.7,335.836,,0.0,,0.0,0.0,0.0,,,0.0,,5062731.0,210.236,4.148,,-12.5,0.028,-0.008,0.058,11.522,,,0.0,0.0,0.0,0.0,0.0,,,0.0,0.0,0.0,0.0,0.0
DNK,Denmark,1976,,0.0,,0.0,33.699,0.573,10.086,21.204,,,,,,,,,,38.934,14.322,9.289,33.147,,6523.318,0.0,0.0,,,,,,0.019,0.0,,,0.0,0.019,0.0,0.0,,,1.979,45547.695,10.091,99.977,21.21,231.387,45537.345,,,116968991164.0,,,0.0,0.0,0.0,,0.0,0.0,0.0,,-9.524,0.023,-0.006,0.053,3.739,10.387,,0.019,3.739,-9.524,0.023,-0.006,0.053,10.387,,,,,0.0,0.0,0.0,0.0,0.0,,6.398,85.655,11.921,198.24,,39014.026,2.273,447.371,,0.0,,0.0,0.0,0.0,,,0.0,,5081262.0,231.44,3.739,,-9.524,0.023,-0.006,0.053,10.387,,,0.0,0.0,0.0,0.0,0.0,,,0.0,0.0,0.0,0.0,0.0
DNK,Denmark,1977,,0.0,,0.0,149.317,3.394,2.05,4.745,,,,,,,,,,15.035,16.144,4.983,38.13,,7480.828,0.0,0.0,,,,,,0.026,0.0,,,0.0,0.026,0.0,0.0,,,1.987,46337.52,2.042,99.969,4.725,236.113,46323.387,,,118865467840.0,,,0.0,0.0,0.0,,0.0,0.0,0.0,,36.842,0.031,0.019,0.072,5.101,14.169,,0.026,5.101,36.842,0.031,0.019,0.072,14.169,,,,,0.0,0.0,0.0,0.0,0.0,,-0.13,83.825,-0.258,197.982,,38842.559,5.667,1111.916,,0.0,,0.0,0.0,0.0,,,0.0,,5097049.0,236.185,5.101,,36.842,0.031,0.019,0.072,14.169,,,0.0,0.0,0.0,0.0,0.0,,,0.0,0.0,0.0,0.0,0.0
DNK,Denmark,1978,,0.0,,0.0,-20.0,-1.133,1.452,3.429,,,,,,,,,,10.172,17.532,3.879,42.009,,8221.386,0.0,0.0,,,,,,0.027,0.0,,,0.0,0.03,0.0,0.003,,,1.986,46893.857,1.447,99.965,3.417,239.53,46877.585,,,120623565104.0,,,0.0,0.0,0.0,,0.0,0.0,0.0,,3.846,0.031,0.003,0.075,5.284,14.678,,0.03,5.871,15.385,0.035,0.011,0.083,16.309,,,,,0.0,0.0,0.0,0.0,0.0,,-0.233,82.433,-0.461,197.521,,38656.2,4.534,887.332,,0.0,,0.0,0.0,0.0,,,0.0,,5109693.0,239.613,5.871,,15.385,0.035,0.011,0.083,16.309,,,0.0,0.0,0.0,0.0,0.0,,,0.003,0.008,0.008,0.587,1.631
DNK,Denmark,1979,,0.0,,0.0,0.0,0.0,-0.201,-0.481,,,,,,,,,,19.255,20.95,8.089,50.097,,9787.118,0.0,0.0,,,,,,0.029,0.0,,,0.0,0.035,0.0,0.006,,,1.915,46717.3,-0.207,99.959,-0.495,239.035,46698.344,,,124895971200.0,,,0.0,0.0,0.0,,0.0,0.0,0.0,,7.407,0.034,0.006,0.081,5.665,15.737,,0.035,6.838,16.667,0.041,0.014,0.097,18.994,,,,,0.0,0.0,0.0,0.0,0.0,,-4.346,79.01,-8.583,188.938,,36911.226,4.534,885.768,,0.0,,0.0,0.0,0.0,,,0.0,,5118711.0,239.132,6.838,,16.667,0.041,0.014,0.097,18.994,,,0.0,0.0,0.0,0.0,0.0,,100.0,0.007,0.008,0.017,1.172,3.256
DNK,Denmark,1980,,0.0,,0.0,-24.795,-1.124,-2.584,-6.179,,,,,,,,,,42.718,30.692,21.4,71.498,,13953.664,0.0,0.0,,,,,,0.034,0.0,,,0.0,0.045,0.0,0.01,,,1.873,45463.585,-2.596,99.947,-6.206,232.829,45439.443,,,124346111344.0,,,0.0,0.0,0.0,,0.0,0.0,0.0,,17.586,0.041,0.014,0.095,6.655,18.486,,0.045,8.704,27.429,0.053,0.027,0.124,24.178,,,,,0.0,0.0,0.0,0.0,0.0,,-14.611,69.255,-27.606,161.331,,31485.779,3.41,665.466,,0.0,,0.0,0.0,0.0,,,0.0,,5123945.0,232.953,8.704,,27.429,0.053,0.027,0.124,24.178,,,0.0,0.0,0.0,0.0,0.0,,75.0,0.013,0.013,0.029,2.049,5.692
DNK,Denmark,1981,,0.0,,0.0,149.317,5.091,-10.18,-23.714,,,,,,,,,,-20.076,27.31,-14.354,57.144,,11149.415,0.0,0.0,,,,,,0.036,0.0,,,0.0,0.046,0.0,0.01,,,1.698,40824.789,-10.187,99.939,-23.718,209.112,40799.891,,,123240387036.0,,,0.0,0.0,0.0,,0.0,0.0,0.0,,4.106,0.047,0.004,0.099,6.926,19.24,,0.046,8.975,3.139,0.061,0.004,0.128,24.931,,,,,0.0,0.0,0.0,0.0,0.0,,-5.804,72.629,-9.364,151.967,,29650.476,8.501,1658.682,,0.0,,0.0,0.0,0.0,,,0.0,,5125296.0,209.239,8.975,,3.139,0.061,0.004,0.128,24.931,,,0.0,0.0,0.0,0.0,0.0,,0.0,0.014,0.0,0.029,2.049,5.691
DNK,Denmark,1982,,0.0,,0.0,126.667,10.768,-4.422,-9.253,,,,,,,,,,20.629,34.469,11.788,68.932,,13454.525,0.0,0.0,,,,,,0.03,0.0,,,0.0,0.049,0.0,0.018,,,1.575,39034.161,-4.429,99.932,-9.261,199.85,39007.734,,,126957512670.0,,,0.0,0.0,0.0,,0.0,0.0,0.0,,-14.648,0.042,-0.014,0.084,5.914,16.428,,0.049,9.525,6.087,0.068,0.008,0.136,26.458,,,,,0.0,0.0,0.0,0.0,0.0,,-13.851,65.464,-21.049,130.918,,25553.208,19.269,3761.107,,0.0,,0.0,0.0,0.0,,,0.0,,5123349.0,199.986,9.525,,6.087,0.068,0.008,0.136,26.458,,,0.0,0.0,0.0,0.0,0.0,,76.19,0.026,0.022,0.051,3.611,10.03
DNK,Denmark,1983,,0.0,,0.0,26.471,5.101,-4.949,-9.897,,,,,,,,,,-4.5,34.631,-3.102,65.83,,12858.507,0.0,0.0,,,,,,0.034,0.0,,,0.033,0.094,0.0,0.027,,,1.46,37129.619,-5.014,99.863,-10.021,189.829,37078.863,,,130158858650.0,,,0.077,0.146,0.146,,28.508,0.0,0.0,,10.561,0.049,0.009,0.093,6.543,18.176,,0.094,18.283,91.803,0.137,0.124,0.26,50.785,,,,,0.0,0.0,0.0,0.0,0.0,,-5.397,65.155,-7.065,123.853,,24191.848,24.37,4760.171,,6.446,,0.048,0.092,0.092,,,17.905,,5119607.0,190.089,18.283,,91.803,0.137,0.124,0.26,50.785,,,0.0,0.0,0.0,0.0,0.0,,46.486,0.04,0.024,0.075,5.293,14.704
DNK,Denmark,1984,,0.0,,2.419,9.602,2.34,1.672,3.179,,,,,,,,,,5.401,35.901,3.555,69.386,,13562.364,0.0,0.0,,,,,,0.03,0.0,,,0.033,0.096,0.0,0.033,,,1.422,37776.696,1.67,99.861,3.171,193.0,37724.385,,,135871944639.0,,707.143,0.61,1.032,1.178,,230.261,2.419,472.747,,-9.851,0.043,-0.009,0.084,5.903,16.397,,0.096,18.843,2.991,0.139,0.008,0.268,52.341,,,,,0.0,0.0,0.0,0.0,0.0,,-1.144,63.351,-1.417,122.436,,23931.761,26.71,5220.855,,6.45,0.0,0.047,0.0,0.092,,,17.917,,5116055.0,193.268,18.843,,2.991,0.139,0.008,0.268,52.341,,,0.0,0.0,0.0,0.0,0.0,,22.509,0.048,0.017,0.092,6.489,18.026
DNK,Denmark,1985,,0.0,383.621,9.278,27.311,7.295,12.686,24.519,,,,,,,,,,21.884,38.832,15.184,84.57,,16536.137,0.0,0.0,,,,,,0.03,0.0,,,0.036,0.117,0.0,0.051,29.143,,1.537,42584.203,12.674,99.851,24.461,217.461,42520.635,,,141700377610.0,,469.912,3.083,5.536,6.714,,1312.745,11.697,2287.11,0.102,-1.656,0.038,-0.001,0.083,5.807,16.131,0.402,0.117,22.897,21.473,0.149,0.058,0.325,63.602,,,0.0,,0.0,0.0,0.0,0.0,0.0,,3.056,57.936,3.741,126.177,,24671.753,34.005,6649.057,,7.039,9.091,0.046,0.008,0.1,,0.124,19.553,5698.4,5114250.0,217.786,22.897,0.402,21.473,0.149,0.058,0.325,63.602,0.0,,0.0,0.0,0.0,0.0,0.0,0.176,54.819,0.066,0.051,0.143,10.05,27.918
DNK,Denmark,1986,,0.0,69.608,8.142,23.333,7.934,2.208,4.808,,,,,,,,,,1.154,38.431,0.976,85.546,,16725.637,0.0,0.0,,,,,,0.029,0.0,,,0.051,0.205,0.0,0.126,30.783,,1.516,43521.052,2.099,99.744,4.564,222.025,43409.642,,,146862035654.0,,78.261,5.377,5.254,11.968,,2339.93,19.839,3878.818,0.093,-3.704,0.036,-0.003,0.079,5.592,15.533,0.667,0.205,40.12,75.235,0.256,0.245,0.57,111.445,,,0.0,,0.0,0.0,0.0,0.0,0.0,,-1.321,55.936,-1.666,124.511,,24344.075,41.939,8199.87,,9.971,41.667,0.064,0.042,0.142,,0.166,27.698,6018.617,5114645.0,222.595,40.12,0.667,75.235,0.256,0.245,0.57,111.445,0.0,,0.0,0.0,0.0,0.0,0.0,0.408,144.358,0.157,0.206,0.349,24.557,68.214
DNK,Denmark,1987,,0.0,27.457,5.447,25.676,10.768,-3.601,-8.016,,,,,,,,,,-1.841,39.133,-1.575,83.971,,16409.296,0.0,0.0,,,,,,0.029,0.0,,,0.061,0.264,0.0,0.174,29.489,,1.457,41932.228,-3.684,99.658,-8.18,213.845,41788.847,,,147289145472.0,,26.916,7.079,3.221,15.189,,2968.224,25.286,4941.263,0.1,2.797,0.038,0.002,0.082,5.745,15.959,0.896,0.264,51.629,28.752,0.342,0.164,0.734,143.414,,,0.0,,0.0,0.0,0.0,0.0,0.0,,-7.892,53.447,-9.826,114.685,,22411.328,52.708,10299.932,,11.92,19.608,0.079,0.028,0.169,,0.207,33.112,5762.69,5117282.0,214.579,51.629,0.896,28.752,0.342,0.164,0.734,143.414,0.0,,0.0,0.0,0.0,0.0,0.0,0.589,38.376,0.225,0.134,0.483,33.963,94.343
DNK,Denmark,1988,,0.0,-1.237,-0.313,3.509,1.849,-1.102,-2.364,,,,,,,,,,-6.435,37.023,-5.403,78.568,,15337.937,0.0,0.0,,,,,,0.033,0.0,,,0.08,0.404,0.0,0.292,28.07,,1.424,41428.47,-1.288,99.471,-2.754,211.091,41209.152,,,149007310284.0,,21.963,8.729,3.336,18.525,,3616.486,24.973,4875.231,0.117,11.565,0.043,0.009,0.091,6.403,17.787,1.441,0.404,78.966,53.104,0.529,0.39,1.124,219.351,,,0.0,,0.0,0.0,0.0,0.0,0.0,,-0.599,53.718,-0.687,113.998,,22254.729,54.557,10650.578,,15.618,31.148,0.105,0.053,0.222,,0.285,43.382,5479.711,5122442.0,212.215,78.966,1.441,53.104,0.529,0.39,1.124,219.351,0.0,,0.0,0.0,0.0,0.0,0.0,1.039,67.837,0.382,0.328,0.81,56.945,158.182
DNK,Denmark,1989,,0.0,28.24,7.053,16.348,8.919,-7.791,-16.533,,,,,,,,,,-17.816,32.997,-13.998,64.57,,12585.82,0.0,0.0,,,,,,0.023,0.0,,,0.126,0.577,0.0,0.428,22.934,,1.31,38141.838,-8.06,99.18,-17.014,194.078,37829.295,,,149399517044.0,,6.584,10.09,1.22,19.745,,3848.65,32.026,6242.367,0.1,-30.183,0.033,-0.028,0.064,4.464,12.399,2.517,0.577,112.526,42.719,0.82,0.48,1.604,312.573,,,0.0,,0.0,0.0,0.0,0.0,0.0,,-3.715,56.093,-4.235,109.763,,21394.826,63.476,12372.594,,24.56,57.5,0.179,0.128,0.35,,0.549,68.221,4470.157,5130362.0,195.681,112.526,2.517,42.719,0.82,0.48,1.604,312.573,0.0,,0.0,0.0,0.0,0.0,0.0,1.868,46.863,0.608,0.38,1.19,83.503,231.953
DNK,Denmark,1990,,0.0,2.116,0.678,8.036,5.101,3.106,6.078,0.731,36.957,,,,,,,90.685,9.701,35.108,6.264,70.834,4582.662,13777.888,0.0,0.0,33.03,0.19,23.56,25.15,0.69,0.03,0.0,0.9,0.0,0.19,0.83,0.0,0.61,25.98,,1.334,39244.309,2.744,98.832,5.325,199.403,38785.999,4891.933,96.805,151205739048.0,2.656,6.6,10.432,1.303,21.048,134.212,4094.07,32.703,6361.113,0.115,22.271,0.039,0.014,0.078,5.835,15.129,3.195,0.83,161.444,46.943,1.168,0.753,2.356,458.342,21.344,7.05,0.0,,0.0,0.0,0.0,0.0,0.0,3.464,-2.042,53.292,-2.242,107.521,175.059,20914.041,68.577,13338.858,0.0,36.957,66.667,0.289,0.233,0.583,0.0,0.731,113.464,5053.377,5141117.0,201.76,161.444,3.195,46.943,1.168,0.753,2.356,458.342,0.0,,0.0,0.0,0.0,0.0,0.0,2.348,42.46,0.84,0.505,1.695,118.651,329.749
DNK,Denmark,1991,,0.0,25.64,8.385,17.355,11.902,15.271,30.81,0.794,56.257,,,,,,,91.516,35.634,41.31,25.241,96.074,6487.024,18637.458,0.0,0.0,34.57,0.29,33.44,35.48,0.83,0.03,0.0,1.21,0.0,0.29,1.06,0.0,0.74,36.54,,1.508,45116.129,15.072,98.662,30.054,229.457,44512.371,6882.764,97.099,154193566674.0,2.271,15.43,10.447,3.248,24.296,161.012,4713.148,41.088,7970.705,0.082,-9.286,0.03,-0.007,0.071,5.82,13.687,2.901,1.06,205.629,32.088,1.338,0.756,3.113,603.794,-5.699,-1.97,0.0,,0.0,0.0,0.0,0.0,0.0,3.311,1.456,46.905,1.565,109.087,234.728,21161.766,80.478,15611.993,0.0,56.257,69.048,0.424,0.403,0.986,0.0,0.794,191.296,7088.393,5154906.0,232.569,205.629,2.901,32.088,1.338,0.756,3.113,603.794,0.0,,0.0,0.0,0.0,0.0,0.0,2.025,21.268,0.884,0.361,2.056,143.553,398.811
DNK,Denmark,1992,,0.0,4.164,1.711,10.866,8.745,-6.371,-14.818,1.333,79.278,,,,,,,87.675,-16.705,36.75,-16.049,80.025,5213.032,15473.76,0.0,0.0,34.5,0.41,26.96,29.39,1.08,0.03,0.0,1.35,0.0,0.41,1.36,0.0,0.92,30.75,,1.377,42104.879,-6.874,98.132,-15.772,213.685,41318.52,5682.901,95.577,158107721081.0,3.512,5.147,11.732,1.25,25.546,208.831,4939.664,42.799,8275.688,0.098,9.055,0.035,0.006,0.077,5.801,14.878,4.423,1.36,262.972,30.665,1.868,0.954,4.067,786.392,10.87,3.75,0.0,,0.0,0.0,0.0,0.0,0.0,4.39,-0.892,49.65,-0.973,108.114,261.038,20905.097,89.223,17252.386,0.0,79.278,46.761,0.665,0.461,1.447,0.0,1.333,279.838,5945.873,5171654.0,217.752,262.972,4.423,30.665,1.868,0.954,4.067,786.392,0.0,,0.0,0.0,0.0,0.0,0.0,2.992,23.686,1.168,0.487,2.543,177.893,491.676
DNK,Denmark,1993,,0.0,9.706,4.154,6.714,5.99,5.998,13.06,1.619,105.958,,,,,,,86.315,4.898,36.369,3.919,83.944,5650.441,16171.907,0.0,0.0,35.16,0.55,29.33,32.37,1.59,0.03,0.0,1.45,0.0,0.55,1.61,0.0,1.03,33.98,,1.451,44466.019,5.688,97.846,12.155,225.841,43508.313,6236.099,95.262,159029515057.0,4.679,12.374,12.438,3.161,28.707,306.314,5530.486,46.953,9045.503,0.088,-0.722,0.033,-0.001,0.076,5.78,14.716,4.738,1.61,310.167,22.239,2.154,0.904,4.971,957.742,3.356,1.18,0.0,,0.0,0.0,0.0,0.0,0.0,4.267,4.694,49.039,5.075,113.189,279.343,21805.92,95.214,18342.999,0.0,105.958,39.731,0.876,0.575,2.022,0.0,1.619,389.583,6546.266,5190745.0,230.812,310.167,4.738,22.239,2.154,0.904,4.971,957.742,0.0,,0.0,0.0,0.0,0.0,0.0,3.031,12.978,1.245,0.33,2.873,198.43,553.443
DNK,Denmark,1994,,0.0,8.35,3.921,10.119,9.635,7.277,16.797,1.405,109.377,,,,,,,82.035,7.537,36.457,6.327,90.271,6388.0,17322.046,0.0,0.0,35.74,0.57,33.29,38.84,2.28,0.03,0.0,3.27,0.0,0.57,1.74,0.0,1.14,40.58,,1.47,47513.495,7.495,98.045,16.927,242.767,46584.468,7452.986,95.712,168468812228.0,5.619,11.742,12.955,3.371,32.078,437.508,6155.443,50.874,9762.119,0.074,18.545,0.037,0.014,0.091,5.757,17.377,4.288,1.74,333.888,-2.609,1.955,-0.13,4.842,929.065,-13.542,-4.84,0.0,,0.0,0.0,0.0,0.0,0.0,8.058,6.387,48.632,7.229,120.418,627.478,23106.979,104.849,20119.333,0.0,109.377,-21.236,0.643,-0.429,1.593,0.0,1.405,305.637,7786.874,5211334.0,247.609,333.888,4.288,-2.609,1.955,-0.13,4.842,929.065,0.0,,0.0,0.0,0.0,0.0,0.0,2.809,9.94,1.276,0.286,3.158,218.754,606.051
DNK,Denmark,1995,,0.0,8.278,4.211,0.541,0.567,-1.807,-4.474,1.769,124.219,,,,,,,74.469,-16.407,31.036,-14.811,75.46,5228.649,14420.858,0.0,0.0,35.95,0.65,27.36,34.88,3.63,0.03,0.0,3.89,0.0,0.65,1.86,0.0,1.18,36.74,,1.393,46464.496,-1.97,97.881,-4.783,237.984,45480.105,6665.763,94.937,174565622457.0,9.88,15.793,15.277,5.066,37.144,693.713,7098.471,55.085,10527.062,0.082,-7.055,0.035,-0.006,0.084,5.733,16.085,5.063,1.86,355.456,6.394,2.119,0.31,5.151,984.428,-2.197,-0.79,0.0,,0.0,0.0,0.0,0.0,0.0,10.588,4.12,51.568,4.962,125.38,743.401,23960.776,105.415,20145.457,0.0,124.219,12.808,0.739,0.204,1.797,0.0,1.769,343.375,7021.22,5232709.0,243.135,355.456,5.063,6.394,2.119,0.31,5.151,984.428,0.0,,0.0,0.0,0.0,0.0,0.0,3.212,3.544,1.345,0.112,3.27,225.505,624.969
DNK,Denmark,1996,,0.0,21.512,11.85,12.134,12.791,18.996,46.185,1.55,157.949,,,,,,,74.066,37.455,35.851,28.263,103.723,7549.206,19738.577,0.0,0.0,38.16,0.83,39.67,51.48,5.68,0.02,0.0,6.13,0.0,0.83,2.08,0.0,1.23,53.56,,1.601,55057.762,19.145,98.004,45.563,283.547,53959.062,9796.651,96.117,180657871061.0,10.605,17.798,15.123,6.611,43.755,1080.905,8326.578,66.935,12737.782,0.037,-36.304,0.019,-0.031,0.054,3.806,10.202,3.883,2.08,395.824,12.085,1.996,0.623,5.774,1098.743,-40.356,-15.4,0.0,,0.0,0.0,0.0,0.0,0.0,11.445,8.525,47.03,10.689,136.069,1166.54,25893.907,118.207,22494.763,0.0,157.949,28.654,0.799,0.515,2.312,0.0,1.55,439.902,10192.475,5254857.0,289.321,395.824,3.883,12.085,1.996,0.623,5.774,1098.743,0.0,,0.0,0.0,0.0,0.0,0.085,2.296,4.213,1.178,0.138,3.408,234.069,648.554
DNK,Denmark,1997,,0.0,22.416,15.004,10.275,12.146,-9.359,-27.077,2.213,185.686,,,,,,,64.95,-25.66,29.403,-26.615,77.108,5449.33,14610.14,0.0,0.0,37.03,0.98,28.76,41.35,6.78,0.02,0.0,5.81,0.0,0.98,2.93,0.0,1.93,44.28,,1.398,49688.851,-10.383,96.897,-29.441,254.107,48147.088,7834.833,93.383,187612759694.0,15.312,4.489,17.434,1.964,45.719,1284.647,8662.644,81.939,15525.498,0.045,-0.518,0.02,-0.0,0.053,3.79,10.105,6.617,2.93,555.165,40.935,3.103,2.363,8.137,1541.802,-19.579,-7.25,0.0,,0.0,0.0,0.0,0.0,0.0,13.121,-3.52,50.06,-4.789,131.279,1100.856,24874.305,130.352,24698.628,0.0,185.686,17.242,1.033,0.399,2.71,0.0,2.213,513.516,8389.998,5277713.0,262.243,555.165,6.617,40.935,3.103,2.363,8.137,1541.802,0.0,98.137,0.0,0.0,0.001,0.0,0.168,4.359,57.649,2.049,1.965,5.373,365.689,1018.013
DNK,Denmark,1998,,0.0,-3.749,-3.072,3.478,4.534,-3.626,-9.509,2.629,203.759,,,,,,,57.571,-15.013,25.929,-11.577,65.532,4461.944,12363.569,0.0,0.0,36.76,1.08,23.65,37.15,8.13,0.03,0.0,5.37,0.0,1.08,3.93,0.0,2.82,41.08,,1.31,47682.277,-4.831,95.685,-12.277,241.829,45624.936,7008.931,90.433,192868468392.0,19.791,7.828,19.506,3.579,49.298,1533.852,9300.847,78.867,14879.499,0.073,42.188,0.03,0.023,0.076,5.66,14.307,9.567,3.93,741.456,34.013,4.315,2.768,10.905,2057.379,-11.752,-4.32,0.0,,0.0,0.0,0.0,0.0,0.0,13.072,-3.26,50.25,-4.28,127.0,1013.135,23960.521,134.886,25448.413,0.0,203.759,10.505,1.185,0.285,2.995,0.0,2.629,565.032,7750.388,5300380.0,252.734,741.456,9.567,34.013,4.315,2.768,10.905,2057.379,0.0,25.392,0.0,0.0,0.001,0.0,0.21,6.865,45.792,3.099,2.46,7.833,532.037,1477.83
DNK,Denmark,1999,,0.0,2.514,1.983,25.63,34.572,-3.078,-7.78,3.394,248.038,,,,,,,51.633,-15.99,22.475,-10.479,55.053,3773.18,10344.86,0.0,0.0,36.58,1.32,20.08,34.51,9.06,0.03,0.0,5.37,0.0,1.32,4.38,0.0,3.03,38.89,,1.227,46028.632,-3.738,95.034,-9.04,232.789,43742.832,6484.683,88.737,199692685286.0,23.296,4.86,21.103,2.396,51.694,1702.441,9713.631,80.85,15192.316,0.077,11.722,0.035,0.009,0.085,5.637,15.92,11.263,4.38,823.034,11.553,4.966,1.26,12.165,2285.838,-6.315,-2.31,0.0,,0.0,0.0,0.0,0.0,0.0,13.808,-0.754,51.456,-0.957,126.043,1009.063,23684.341,169.458,31842.398,0.0,248.038,22.33,1.496,0.669,3.664,0.0,3.394,688.425,7307.718,5321771.0,244.954,823.034,11.263,11.553,4.966,1.26,12.165,2285.838,0.0,120.25,0.001,0.001,0.002,0.0,0.46,7.791,7.415,3.435,0.581,8.414,569.359,1581.033
DNK,Denmark,2000,,0.0,5.127,4.145,21.737,36.836,-3.976,-9.739,3.611,243.391,,,,,,605.833,46.306,-16.112,19.634,-8.87,46.183,3121.026,8646.528,0.0,0.0,36.66,1.3,16.67,30.43,8.77,0.03,0.0,4.99,0.0,1.3,5.57,0.0,4.24,36.0,21.81,1.129,44037.943,-5.607,93.419,-13.052,219.737,41140.056,5697.23,84.528,208358712201.0,24.361,-1.304,21.691,-0.674,51.019,1641.956,9552.061,84.995,15913.089,0.083,-0.984,0.036,-0.001,0.084,5.617,15.706,15.472,5.57,1042.838,27.24,6.581,3.314,15.478,2897.923,1.8,0.66,0.0,,0.0,0.0,0.0,0.0,0.0,13.861,-2.783,52.095,-3.508,122.535,934.248,22941.467,206.294,38623.126,0.0,243.391,-1.464,1.535,-0.054,3.61,0.0,3.611,675.883,6740.069,5341192.0,235.215,1042.838,15.472,27.24,6.581,3.314,15.478,2897.923,0.0,36.209,0.001,0.001,0.003,0.0,0.624,11.778,40.02,5.009,3.367,11.781,793.83,2205.71
DNK,Denmark,2001,,0.0,2.81,2.389,-4.394,-9.065,0.245,0.576,4.003,281.818,,,,,,607.105,47.243,5.701,20.703,2.633,48.816,3325.831,9110.725,0.0,0.0,37.15,1.51,17.82,31.87,9.27,0.03,0.0,4.78,0.0,1.51,5.85,0.0,4.31,37.72,22.9,1.116,44006.794,-0.037,93.157,-0.08,219.657,40995.57,5948.049,84.491,211275272656.0,24.576,4.499,22.611,2.296,53.315,1730.104,9950.415,87.384,16308.798,0.08,-9.203,0.032,-0.008,0.076,5.599,14.216,15.509,5.85,1091.813,4.239,6.843,0.656,16.134,3011.257,-1.534,-0.57,0.0,,0.0,0.0,0.0,0.0,0.0,12.672,-4.088,49.843,-5.009,117.526,892.114,21934.43,197.229,36809.72,0.0,281.818,15.554,1.769,0.561,4.172,0.0,4.003,778.55,7039.863,5358059.0,235.791,1091.813,15.509,4.239,6.843,0.656,16.134,3011.257,0.0,-0.833,0.001,-0.0,0.003,0.0,0.617,11.426,0.869,5.04,0.102,11.884,804.396,2217.875
DNK,Denmark,2002,,0.0,1.19,1.04,6.609,13.035,-0.318,-0.75,4.786,349.911,,,,,,595.723,46.487,0.119,20.794,0.058,48.874,3398.602,9096.555,0.0,0.0,37.21,1.88,18.26,32.49,9.59,0.03,0.0,4.64,0.0,1.88,6.79,0.0,4.88,39.28,23.4,1.101,43746.435,-1.471,92.08,-3.231,216.426,40281.72,6047.129,82.714,213475432436.0,24.414,0.944,22.897,0.503,53.818,1784.917,10016.754,88.423,16457.551,0.076,14.474,0.037,0.011,0.087,5.584,16.229,17.286,6.79,1263.774,15.376,7.92,2.481,18.615,3464.748,-5.563,-2.07,0.0,,0.0,0.0,0.0,0.0,0.0,11.813,-3.227,48.389,-3.792,113.734,863.61,21168.411,210.264,39134.894,0.0,349.911,23.515,2.192,0.981,5.152,0.0,4.786,958.985,7310.902,5372798.0,235.041,1263.774,17.286,15.376,7.92,2.481,18.615,3464.748,0.0,5.882,0.001,0.0,0.004,0.0,0.651,12.424,12.528,5.689,1.489,13.372,908.279,2488.882
DNK,Denmark,2003,,0.0,-5.267,-4.658,-0.809,-1.7,7.677,18.044,5.394,462.227,,,,,,612.435,54.831,36.439,26.348,17.809,66.683,4698.376,12378.574,0.0,0.0,37.61,2.49,25.31,38.09,9.76,0.02,0.0,3.02,0.0,2.49,8.07,0.0,5.56,46.16,28.27,1.174,46980.912,6.771,91.306,14.655,231.081,42896.228,7070.768,82.517,215532702113.0,21.144,1.099,21.498,0.591,54.409,1811.78,10100.157,83.766,15549.663,0.043,-33.761,0.023,-0.029,0.058,3.713,10.722,17.483,8.07,1498.06,18.205,8.694,3.389,22.004,4084.722,-22.733,-8.55,0.0,,0.0,0.0,0.0,0.0,0.0,6.542,-3.293,43.459,-3.745,109.988,560.612,20417.497,208.564,38716.33,0.0,462.227,31.837,2.684,1.64,6.793,0.0,5.394,1260.967,8568.828,5386968.0,253.085,1498.06,17.483,18.205,8.694,3.389,22.004,4084.722,0.0,18.254,0.002,0.001,0.004,0.0,0.768,12.045,13.291,5.986,1.777,15.15,1032.12,2812.265
DNK,Denmark,2004,,0.0,17.898,14.993,6.269,13.074,-5.532,-14.0,7.199,538.614,,,,,,557.15,46.19,-23.348,21.379,-15.569,51.114,3455.645,9460.71,0.0,0.0,37.55,2.91,18.67,30.9,9.94,0.03,0.0,2.29,0.0,2.91,9.52,0.0,6.58,40.42,22.52,1.074,44252.394,-7.691,89.219,-17.772,213.308,39481.402,5719.305,76.447,222551117434.0,24.592,-0.476,22.649,-0.259,54.15,1839.802,10022.728,98.758,18279.253,0.074,24.204,0.03,0.014,0.072,5.553,13.278,23.553,9.52,1762.064,17.144,10.781,3.772,25.777,4771.027,-7.643,-2.87,0.0,,0.0,0.0,0.0,0.0,0.0,5.666,-1.768,45.191,-1.944,108.044,423.858,19997.963,221.638,41023.092,0.0,538.614,15.997,3.296,1.087,7.879,0.0,7.199,1458.411,7481.37,5402754.0,239.085,1762.064,23.553,17.144,10.781,3.772,25.777,4771.027,0.0,20.134,0.002,0.001,0.005,0.0,0.92,16.279,17.631,7.454,2.671,17.821,1217.897,3298.417
DNK,Denmark,2005,,0.0,10.502,10.372,-2.837,-6.287,-3.55,-8.486,8.75,584.687,,,,,,532.984,42.672,-15.627,18.702,-7.987,43.126,2851.504,7954.413,0.0,0.0,37.6,3.17,15.46,26.43,8.78,0.02,0.0,2.19,0.0,3.17,9.8,0.0,6.61,36.23,19.31,1.007,42532.489,-4.269,88.553,-9.105,204.203,37664.031,4874.854,72.951,229050958246.0,24.234,-3.961,22.552,-2.145,52.006,1619.418,9592.123,109.13,20128.387,0.055,-15.631,0.026,-0.011,0.061,3.689,11.163,27.049,9.8,1807.551,2.401,11.447,0.619,26.396,4868.491,3.644,1.37,0.0,,0.0,0.0,0.0,0.0,0.0,6.045,0.951,47.299,1.027,109.071,403.932,20117.494,215.351,39720.142,0.0,584.687,8.362,3.703,0.659,8.538,0.0,8.75,1574.844,6682.405,5421701.0,230.598,1807.551,27.049,2.401,11.447,0.619,26.396,4868.491,0.0,16.76,0.003,0.001,0.006,0.0,1.071,18.245,-0.167,7.715,-0.03,17.791,1219.175,3281.412
DNK,Denmark,2006,,0.0,-0.642,-0.701,-9.063,-19.517,10.228,23.585,6.731,563.893,,,,,,597.457,53.87,51.744,25.746,22.315,65.442,4512.983,12020.255,0.0,0.0,38.68,3.07,24.57,36.41,9.4,0.02,0.0,2.44,0.0,3.07,9.2,0.0,6.11,45.61,27.25,1.062,46688.108,12.407,90.304,25.335,229.538,42161.266,6687.737,79.829,239379200822.0,20.61,1.879,20.844,0.977,52.983,1726.579,9731.833,108.43,19916.193,0.044,3.346,0.025,0.002,0.063,3.674,11.489,20.171,9.2,1689.843,-6.8,9.678,-1.795,24.601,4518.608,-17.916,-6.93,0.0,,0.0,0.0,0.0,0.0,0.0,5.35,1.873,43.714,2.043,111.113,448.176,20409.178,195.834,35970.44,0.0,563.893,-3.894,3.228,-0.332,8.206,0.0,6.731,1507.238,8377.58,5444293.0,254.184,1689.843,20.171,-6.8,9.678,-1.795,24.601,4518.608,0.0,1.914,0.002,0.0,0.006,0.0,1.087,13.396,-8.232,6.423,-1.465,16.326,1122.276,2998.795
DNK,Denmark,2007,,0.0,-11.323,-12.278,-9.917,-19.42,-5.257,-13.362,7.886,566.736,,,,,,559.908,50.598,-17.318,22.468,-11.333,54.108,3636.251,9891.983,0.0,0.0,38.36,3.1,19.89,29.01,7.04,0.03,0.0,2.08,0.0,3.1,10.3,0.0,7.17,39.31,22.01,0.991,44026.56,-7.041,88.604,-16.161,213.377,39009.129,5303.551,73.798,242933470571.0,17.909,-10.368,19.72,-5.493,47.49,1287.039,8681.964,96.152,17578.265,0.076,19.76,0.031,0.012,0.075,5.485,13.694,26.202,10.3,1883.026,11.289,11.369,2.777,27.378,5005.172,-2.477,-0.95,0.0,,0.0,0.0,0.0,0.0,0.0,5.291,0.599,46.416,0.665,111.779,380.262,20435.182,176.414,32251.608,0.0,566.736,0.512,3.425,0.042,8.248,0.0,7.886,1507.852,7186.577,5469920.0,240.822,1883.026,26.202,11.289,11.369,2.777,27.378,5005.172,0.0,12.207,0.003,0.001,0.007,0.0,1.214,18.24,16.674,7.91,2.722,19.049,1310.805,3482.412
DNK,Denmark,2008,,0.0,9.1,8.749,-7.472,-13.181,-3.796,-9.142,8.575,571.145,,,,,,545.603,47.679,-11.927,20.569,-6.453,47.655,3175.856,8668.135,0.0,0.0,38.07,3.14,17.46,26.52,7.08,0.03,0.0,1.98,0.0,3.14,10.1,0.0,6.93,36.62,19.98,0.953,42141.057,-3.946,88.465,-8.42,204.957,37280.298,4823.808,72.419,243073654298.0,19.334,0.477,20.596,0.226,47.716,1287.804,8679.242,104.901,19080.809,0.082,-9.079,0.029,-0.007,0.068,5.457,12.388,27.581,10.1,1837.122,-2.648,11.504,-0.725,26.653,4848.008,3.809,1.45,0.0,,0.0,0.0,0.0,0.0,0.0,5.407,-1.962,47.3,-2.193,109.586,360.149,19932.921,163.232,29690.882,0.0,571.145,0.515,3.578,0.043,8.29,0.0,8.575,1507.956,6660.93,5497731.0,231.68,1837.122,27.581,-2.648,11.504,-0.725,26.653,4848.008,0.0,4.184,0.003,0.0,0.007,0.0,1.258,18.924,-3.994,7.893,-0.761,18.288,1260.52,3326.406
DNK,Denmark,2009,,0.0,-16.524,-17.334,-8.069,-13.171,-5.999,-13.898,9.126,600.754,,,,,,549.203,48.626,-1.619,21.528,-0.772,46.883,3201.005,8483.548,0.0,0.0,36.71,3.32,17.69,26.32,6.67,0.02,0.0,1.96,0.0,3.32,10.06,0.0,6.72,36.38,19.98,0.937,39407.67,-6.678,87.826,-13.687,191.27,34610.377,4762.604,72.347,232468682940.0,18.334,-3.957,21.043,-1.888,45.828,1206.936,8292.569,87.568,15845.341,0.055,-27.196,0.023,-0.019,0.05,3.619,8.972,27.653,10.06,1820.357,-0.946,12.123,-0.252,26.401,4777.248,0.899,0.33,0.0,,0.0,0.0,0.0,0.0,0.0,5.388,-10.062,45.256,-11.027,98.559,354.662,17834.261,150.061,27153.551,0.0,600.754,5.069,4.0,0.42,8.711,0.0,9.126,1576.176,6582.96,5526389.0,217.782,1820.357,27.653,-0.946,12.123,-0.252,26.401,4777.248,0.0,42.169,0.005,0.003,0.01,0.0,1.779,18.472,-3.591,8.096,-0.657,17.631,1215.984,3190.321
DNK,Denmark,2010,,0.0,-2.522,-2.208,-5.784,-8.68,4.996,10.88,11.809,826.305,,,,,,515.565,43.761,-4.926,19.493,-2.31,44.574,3062.189,8024.287,0.0,0.0,37.73,4.59,17.01,26.44,7.91,0.02,0.0,1.52,0.0,4.59,12.43,0.01,7.81,38.87,20.04,0.96,41164.357,2.436,85.686,4.66,195.93,35271.945,4759.805,68.022,238176024487.0,20.35,13.118,22.671,6.012,51.84,1423.981,9332.356,85.359,15366.644,0.051,8.545,0.024,0.004,0.054,3.6,9.689,31.978,12.43,2237.685,22.761,14.174,6.009,32.41,5834.53,-3.021,-1.14,0.0,,0.0,0.0,0.0,0.0,0.0,3.91,0.972,43.521,0.958,99.517,273.635,17915.302,141.381,25451.813,0.0,826.305,37.512,5.238,3.267,11.978,0.0,11.809,2156.323,6997.49,5554849.0,228.662,2237.685,31.978,22.761,14.174,6.009,32.41,5834.53,0.026,63.277,0.007,0.006,0.016,1.8,2.89,20.093,15.49,8.905,2.731,20.362,1405.979,3665.627
DNK,Denmark,2011,,0.0,-19.668,-16.788,-10.002,-14.142,-5.666,-12.956,12.408,782.736,,,,,,462.805,39.693,-15.51,17.459,-6.913,37.66,2504.039,6745.596,0.0,0.0,36.54,4.37,13.98,21.05,5.84,0.02,0.0,1.23,0.0,4.37,14.17,0.01,9.77,35.22,16.3,0.889,38636.374,-9.428,82.268,-18.473,177.457,31785.369,3770.388,59.767,242738383168.0,16.581,-16.138,20.154,-8.366,43.474,1046.036,7786.824,68.571,12282.191,0.057,-18.773,0.02,-0.01,0.044,3.582,7.83,40.233,14.17,2538.071,13.392,17.037,4.34,36.75,6582.526,3.612,1.32,0.0,,0.0,0.0,0.0,0.0,0.0,3.492,-3.209,44.655,-3.194,96.323,220.312,17252.949,127.239,22790.59,0.0,782.736,-5.346,5.256,-0.64,11.338,0.0,12.408,2030.766,6308.459,5582980.0,215.706,2538.071,40.233,13.392,17.037,4.34,36.75,6582.526,0.028,144.216,0.018,0.023,0.039,1.791,7.023,27.74,24.396,11.743,4.967,25.329,1749.961,4536.907
DNK,Denmark,2012,,0.0,-12.628,-8.659,-8.78,-11.172,-7.544,-16.273,14.495,793.098,,,,,,410.749,34.332,-23.625,14.422,-8.897,28.763,1878.484,5126.301,0.0,0.0,35.91,4.45,10.54,15.86,4.19,0.02,0.0,1.13,0.0,4.45,14.84,0.1,10.27,30.7,12.61,0.82,35543.896,-10.547,79.596,-18.716,158.741,28291.543,2826.636,51.661,243290007585.0,13.648,-6.603,20.359,-2.871,40.603,746.76,7236.425,59.912,10677.762,0.065,2.962,0.023,0.001,0.045,3.564,8.022,48.339,14.84,2644.848,3.992,19.163,1.467,38.217,6811.244,14.508,5.21,0.0,,0.0,0.0,0.0,0.0,0.0,3.681,-7.213,44.814,-6.948,89.375,201.393,15928.817,116.067,20686.006,0.0,793.098,1.007,5.742,0.114,11.452,0.0,14.495,2040.996,5471.484,5610909.0,199.434,2644.848,48.339,3.992,19.163,1.467,38.217,6811.244,0.326,582.273,0.134,0.228,0.268,17.822,47.679,33.453,4.435,13.264,1.123,26.453,1830.363,4714.547
DNK,Denmark,2013,,0.0,-16.985,-10.176,-12.997,-15.085,4.462,8.899,12.406,764.435,,,,,,439.839,41.134,30.844,18.065,8.872,37.635,2534.518,6675.031,0.0,0.0,35.82,4.31,14.29,18.78,3.42,0.01,0.0,1.07,0.0,4.31,15.96,0.52,11.12,34.74,15.28,0.848,36950.534,3.916,79.18,6.217,164.958,29257.456,3330.879,54.059,245558515767.0,9.845,-5.677,18.383,-2.305,38.298,606.582,6792.626,49.736,8821.304,0.029,-23.671,0.016,-0.011,0.034,1.774,6.094,45.941,15.96,2830.715,6.971,19.623,2.664,40.881,7250.832,3.015,1.08,0.0,,0.0,0.0,0.0,0.0,0.0,3.08,-0.391,42.732,-0.35,89.025,189.778,15789.799,100.982,17910.513,0.0,764.435,-3.565,5.301,-0.408,11.044,0.0,12.406,1958.73,6161.593,5638152.0,208.333,2830.715,45.941,6.971,19.623,2.664,40.881,7250.832,1.497,395.3,0.636,1.058,1.325,92.229,235.012,32.009,7.657,13.67,2.025,28.478,1972.277,5050.997
DNK,Denmark,2014,,0.0,-3.477,-1.729,-6.363,-6.426,-3.395,-7.072,13.327,757.389,,,,,,372.476,34.358,-18.841,15.176,-7.091,30.544,1952.615,5392.475,0.0,0.0,35.04,4.29,11.06,14.2,2.1,0.02,0.0,1.04,0.0,4.29,17.99,0.6,13.08,32.19,11.99,0.806,35532.061,-7.321,75.962,-12.076,152.882,26990.925,2506.974,44.113,249673705947.0,6.524,-14.109,16.344,-5.403,32.894,370.75,5807.425,48.007,8475.434,0.062,11.87,0.019,0.004,0.038,3.531,6.786,55.887,17.99,3176.089,11.996,22.749,4.904,45.785,8083.306,8.134,2.85,0.0,,0.0,0.0,0.0,0.0,0.0,3.231,0.47,44.442,0.418,89.443,183.609,15791.025,94.557,16693.738,0.0,757.389,-0.867,5.44,-0.096,10.948,0.0,13.327,1932.813,5683.063,5664199.0,201.261,3176.089,55.887,11.996,22.749,4.904,45.785,8083.306,1.864,14.377,0.753,0.191,1.516,105.928,267.564,40.634,16.874,16.538,4.805,33.284,2309.241,5876.143
DNK,Denmark,2015,,0.0,-0.148,-0.071,-5.419,-5.124,-3.531,-7.107,14.449,734.791,,,,,,297.961,24.577,-34.191,10.353,-10.443,20.101,1249.847,3533.459,0.0,0.0,34.84,4.18,7.11,10.0,1.82,0.02,0.0,1.07,0.0,4.18,18.93,0.6,14.13,28.93,8.62,0.765,34129.697,-6.052,73.977,-9.253,143.629,25248.117,1757.872,34.566,253683003887.0,6.291,0.602,17.045,0.198,33.093,319.933,5817.249,47.935,8426.441,0.069,18.675,0.023,0.007,0.046,3.516,8.018,65.434,18.93,3327.652,4.737,24.699,2.169,47.954,8429.742,16.963,5.91,0.0,,0.0,0.0,0.0,0.0,0.0,3.699,1.109,46.579,0.992,90.435,188.092,15897.409,89.433,15721.095,0.0,734.791,-2.934,5.473,-0.321,10.627,0.0,14.449,1868.02,5085.525,5688695.0,194.153,3327.652,65.434,4.737,24.699,2.169,47.954,8429.742,2.074,0.864,0.787,0.013,1.529,105.472,268.715,48.842,7.42,18.415,2.47,35.753,2483.874,6284.989
DNK,Denmark,2016,,0.0,-1.949,-0.934,-9.954,-8.902,0.878,1.706,15.876,849.187,,,,,,340.426,29.034,21.162,12.435,4.254,24.355,1553.049,4264.24,0.0,0.0,35.61,4.85,8.87,12.16,2.26,0.02,0.0,1.03,0.0,4.85,18.39,0.74,12.78,30.55,10.4,0.763,34292.971,2.243,74.978,3.222,146.851,25712.09,2129.095,39.804,256821805704.0,7.398,1.692,17.182,0.56,33.653,395.704,5892.229,47.001,8229.413,0.065,6.254,0.025,0.003,0.048,3.502,8.486,60.196,18.39,3219.906,-3.2,23.7,-1.535,46.419,8127.591,14.209,5.06,0.0,,0.0,0.0,0.0,0.0,0.0,3.372,-1.76,45.361,-1.592,88.843,180.343,15555.62,80.53,14100.086,0.0,849.187,16.285,6.309,1.731,12.357,0.0,15.876,2163.611,5349.002,5711346.0,195.859,3219.906,60.196,-3.2,23.7,-1.535,46.419,8127.591,2.422,22.361,0.955,0.342,1.87,129.567,327.498,41.833,-10.097,16.412,-3.61,32.143,2237.651,5627.996
DNK,Denmark,2017,,,7.445,3.499,-2.706,-2.18,-0.016,-0.031,20.142,1090.317,,,,,,271.35,20.013,-25.19,9.304,-6.135,18.22,1083.339,3178.437,,,35.59,6.25,6.21,9.23,2.02,0.02,0.0,1.0,0.0,6.25,21.8,0.75,14.78,31.03,8.42,0.747,34162.267,-5.722,70.699,-8.403,138.447,24152.261,1610.18,29.745,262051113685.0,6.51,-4.429,16.424,-1.49,32.162,352.391,5610.713,50.5,8809.813,0.064,-7.81,0.023,-0.004,0.045,3.489,7.795,70.255,21.8,3803.026,17.969,27.964,8.341,54.76,9552.99,12.813,4.56,0.0,,0.0,0.0,0.0,0.0,0.0,3.223,-0.876,44.971,-0.778,88.066,174.451,15363.111,78.351,13668.378,0.0,1090.317,28.565,8.113,3.53,15.887,0.0,20.142,2771.492,5413.207,5732277.0,195.828,3803.026,70.255,17.969,27.964,8.341,54.76,9552.99,2.417,0.442,0.959,0.008,1.879,130.838,327.744,47.631,14.954,18.869,4.807,36.95,2578.382,6445.96
DNK,Denmark,2018,,,-14.995,-7.573,-16.181,-12.678,-1.093,-2.14,19.401,1023.968,,,,,,284.256,21.64,1.845,9.58,0.336,18.556,1142.185,3225.922,,,35.58,5.89,6.57,9.61,2.07,0.01,0.0,0.97,0.0,5.89,20.75,0.95,13.9,30.36,8.63,0.722,33672.234,0.49,71.83,0.679,139.126,24186.896,1670.685,31.653,268317624888.0,6.818,-2.961,16.114,-0.952,31.21,359.867,5425.795,42.928,7462.906,0.033,-17.334,0.019,-0.008,0.037,1.738,6.421,68.347,20.75,3607.359,-5.095,26.832,-2.79,51.97,9034.958,14.671,5.22,0.0,,0.0,0.0,0.0,0.0,0.0,3.195,1.47,46.136,1.295,89.36,168.633,15535.179,65.673,11417.161,0.0,1023.968,-5.5,7.751,-0.874,15.013,0.0,19.401,2610.015,5278.044,5752131.0,193.687,3607.359,68.347,-5.095,26.832,-2.79,51.97,9034.958,3.129,26.07,1.223,0.49,2.369,165.156,411.761,45.784,-6.491,17.839,-2.398,34.552,2416.496,6006.76
DNK,Denmark,2019,,,-25.396,-10.902,-11.15,-7.323,-2.933,-5.682,20.156,1030.86,,,,,,205.285,11.213,-43.001,5.626,-7.979,10.577,573.47,1832.468,,,35.33,5.95,3.31,6.44,2.1,0.02,0.0,1.03,0.0,5.95,23.08,0.96,16.15,29.52,6.06,,32572.68,-8.298,67.861,-11.544,127.582,22104.053,1115.755,21.816,,7.114,-7.152,15.413,-2.232,28.978,363.833,5020.516,32.026,5548.553,0.068,15.423,0.023,0.006,0.043,3.465,7.386,78.184,23.08,3998.699,10.988,30.68,5.711,57.681,9993.44,16.445,5.81,0.0,,0.0,0.0,0.0,0.0,0.0,3.489,-1.492,46.822,-1.333,88.027,178.451,15251.07,58.35,10109.438,0.0,1030.86,1.661,8.118,0.249,15.262,0.0,20.156,2644.286,5114.454,5771877.0,188.006,3998.699,78.184,10.988,30.68,5.711,57.681,9993.44,3.252,0.708,1.269,0.017,2.385,166.324,413.256,54.709,15.741,21.271,5.439,39.991,2798.05,6928.511
DNK,Denmark,2020,,,-56.919,-18.229,-29.842,-17.413,-12.77,-24.008,20.606,1022.064,,,,,,188.653,10.651,-14.092,5.541,-1.49,9.086,528.296,1568.715,,,35.61,5.92,3.06,5.28,1.18,0.02,0.0,1.04,0.0,5.92,23.45,1.18,16.33,28.73,5.42,,28313.54,-17.566,64.13,-22.411,105.171,18157.35,911.57,18.378,,4.107,-19.802,14.171,-5.738,23.24,203.722,4012.228,13.797,2381.983,0.07,-4.16,0.025,-0.002,0.041,3.453,7.054,81.622,23.45,4048.546,-2.356,34.343,-1.359,56.322,9723.755,19.32,6.88,0.0,,0.0,0.0,0.0,0.0,0.0,3.62,-17.247,44.418,-15.182,72.845,179.552,12576.406,40.937,7067.668,0.0,1022.064,-14.687,7.94,-2.242,13.021,0.0,20.606,2248.013,4960.116,5792203.0,163.998,4048.546,81.622,-2.356,34.343,-1.359,56.322,9723.755,4.107,22.185,1.777,0.529,2.914,203.722,503.167,56.84,0.888,24.601,0.355,40.346,2819.307,6965.521
DNK,Denmark,2021,,,,,,,,,23.174,1331.429,,,,,,240.419,15.09,,,,,866.977,,,,38.39,7.74,5.04,8.32,1.98,0.02,0.0,1.3,0.0,7.74,25.08,1.34,15.98,33.4,8.03,,,,,,,,1431.2,24.91,,5.928,,,,,340.598,,,,0.06,,,,,3.44,,75.09,25.08,4314.243,,,,,,12.998,4.99,0.0,,,,,0.0,,3.892,,,,,223.625,,,,0.0,1331.429,,,,,0.0,23.174,,5745.444,5813302.0,,4314.243,75.09,,,,,,4.012,,,,,230.506,,47.844,,,,,2748.868,
