iso_code,country,year,coal_prod_change_pct,coal_prod_change_twh,gas_prod_change_pct,gas_prod_change_twh,oil_prod_change_pct,oil_prod_change_twh,energy_cons_change_pct,energy_cons_change_twh,biofuel_share_elec,biofuel_elec_per_capita,biofuel_cons_change_pct,biofuel_share_energy,biofuel_cons_change_twh,biofuel_consumption,biofuel_cons_per_capita,carbon_intensity_elec,coal_share_elec,coal_cons_change_pct,coal_share_energy,coal_cons_change_twh,coal_consumption,coal_elec_per_capita,coal_cons_per_capita,coal_production,coal_prod_per_capita,electricity_demand,biofuel_electricity,coal_electricity,fossil_electricity,gas_electricity,hydro_electricity,nuclear_electricity,oil_electricity,other_renewable_exc_biofuel_electricity,other_renewable_electricity,renewables_electricity,solar_electricity,wind_electricity,electricity_generation,greenhouse_gas_emissions,energy_per_gdp,energy_per_capita,fossil_cons_change_pct,fossil_share_energy,fossil_cons_change_twh,fossil_fuel_consumption,fossil_energy_per_capita,fossil_cons_per_capita,fossil_share_elec,gdp,gas_share_elec,gas_cons_change_pct,gas_share_energy,gas_cons_change_twh,gas_consumption,gas_elec_per_capita,gas_energy_per_capita,gas_production,gas_prod_per_capita,hydro_share_elec,hydro_cons_change_pct,hydro_share_energy,hydro_cons_change_twh,hydro_consumption,hydro_elec_per_capita,hydro_energy_per_capita,low_carbon_share_elec,low_carbon_electricity,low_carbon_elec_per_capita,low_carbon_cons_change_pct,low_carbon_share_energy,low_carbon_cons_change_twh,low_carbon_consumption,low_carbon_energy_per_capita,net_elec_imports_share_demand,net_elec_imports,nuclear_share_elec,nuclear_cons_change_pct,nuclear_share_energy,nuclear_cons_change_twh,nuclear_consumption,nuclear_elec_per_capita,nuclear_energy_per_capita,oil_share_elec,oil_cons_change_pct,oil_share_energy,oil_cons_change_twh,oil_consumption,oil_elec_per_capita,oil_energy_per_capita,oil_production,oil_prod_per_capita,other_renewables_elec_per_capita_exc_biofuel,other_renewables_elec_per_capita,other_renewables_cons_change_pct,other_renewables_share_energy,other_renewables_cons_change_twh,other_renewable_consumption,other_renewables_share_elec_exc_biofuel,other_renewables_share_elec,other_renewables_energy_per_capita,per_capita_electricity,population,primary_energy_consumption,renewables_elec_per_capita,renewables_share_elec,renewables_cons_change_pct,renewables_share_energy,renewables_cons_change_twh,renewables_consumption,renewables_energy_per_capita,solar_share_elec,solar_cons_change_pct,solar_share_energy,solar_cons_change_twh,solar_consumption,solar_elec_per_capita,solar_energy_per_capita,wind_share_elec,wind_cons_change_pct,wind_share_energy,wind_cons_change_twh,wind_consumption,wind_elec_per_capita,wind_energy_per_capita
DJI,Djibouti,1980,,,,,,,,,,,,,,,,,,,,,,,,0.0,0.0,,,,,,,,,,,,,,,,6.127,17676.994,,,,,,,,1035609000.0,,,,,,,,,,,,,,,,,,,,,,,,,,,,,,,,,,,,,,,,,,,,,,,,,,,,,358960.0,6.345,,,,,,,,,,,,,,,,,,,,,
DJI,Djibouti,1981,,0.0,,,,,-20.219,-1.283,,,,,,,,,,,,,,,,0.0,0.0,,,,,,,,,,,,,,,,4.747,13502.103,,,,,,,,1066395000.0,,,,,,,,,,,,,,,,,,,,,,,,,,,,,,,,,,,,,,,,,,,,,,,,,,,,,374934.0,5.062,,,,,,,,,,,,,,,,,,,,,
DJI,Djibouti,1982,,0.0,,,,,0.0,0.0,,,,,,,,,,,,,,,,0.0,0.0,,,,,,,,,,,,,,,,4.673,13139.937,,,,,,,,1083308000.0,,,,,,,,,,,,,,,,,,,,,,,,,,,,,,,,,,,,,,,,,,,,,,,,,,,,,385268.0,5.062,,,,,,,,,,,,,,,,,,,,,
DJI,Djibouti,1983,,0.0,,,,,-25.0,-1.266,,,,,,,,,,,,,,,,0.0,0.0,,,,,,,,,,,,,,,,3.463,9641.437,,,,,,,,1096310000.0,,,,,,,,,,,,,,,,,,,,,,,,,,,,,,,,,,,,,,,,,,,,,,,,,,,,,393800.0,3.797,,,,,,,,,,,,,,,,,,,,,
DJI,Djibouti,1984,,0.0,,,,,-16.438,-0.624,,,,,,,,,,,,,,,,0.0,0.0,,,,,,,,,,,,,,,,2.874,7814.104,,,,,,,,1104000000.0,,,,,,,,,,,,,,,,,,,,,,,,,,,,,,,,,,,,,,,,,,,,,,,,,,,,,406018.0,3.173,,,,,,,,,,,,,,,,,,,,,
DJI,Djibouti,1985,,0.0,,,,,-0.273,-0.009,,,,,,,,,,,,,,,,0.0,0.0,,,,,,,,,,,,,,,,2.876,7434.067,,,,,,,,1100160000.0,,,,,,,,,,,,,,,,,,,,,,,,,,,,,,,,,,,,,,,,,,,,,,,,,,,,,425608.0,3.164,,,,,,,,,,,,,,,,,,,,,
DJI,Djibouti,1986,,0.0,,,,,-10.0,-0.316,,,,,,,,,,,,,,,,0.0,0.0,,,,,,,,,,,,,,,,2.615,6267.288,,,,,,,,1088971000.0,,,,,,,,,,,,,,,,,,,,,,,,,,,,,,,,,,,,,,,,,,,,,,,,,,,,,454359.0,2.848,,,,,,,,,,,,,,,,,,,,,
DJI,Djibouti,1987,,0.0,,,,,2.179,0.062,,,,,,,,,,,,,,,,0.0,0.0,,,,,,,,,,,,,,,,2.664,5933.963,,,,,,,,1092030000.0,,,,,,,,,,,,,,,,,,,,,,,,,,,,,,,,,,,,,,,,,,,,,,,,,,,,,490337.0,2.91,,,,,,,,,,,,,,,,,,,,,
DJI,Djibouti,1988,,0.0,,,,,-2.044,-0.059,,,,,,,,,,,,,,,,0.0,0.0,,,,,,,,,,,,,,,,2.577,5387.928,,,,,,,,1105884000.0,,,,,,,,,,,,,,,,,,,,,,,,,,,,,,,,,,,,,,,,,,,,,,,,,,,,,528993.0,2.85,,,,,,,,,,,,,,,,,,,,,
DJI,Djibouti,1989,,0.0,,,,,135.016,3.848,,,,,,,,,,,,,,,,0.0,0.0,,,,,,,,,,,,,,,,6.221,11879.598,,,,,,,,1076712000.0,,,,,,,,,,,,,,,,,,,,,,,,,,,,,,,,,,,,,,,,,,,,,,,,,,,,,563855.0,6.698,,,,,,,,,,,,,,,,,,,,,
DJI,Djibouti,1990,,0.0,,,,,2.741,0.184,,,,,,,,,,,,,,,,0.0,0.0,,,,,,,,,,,,,,,,5.976,11656.619,,,,,,,,1151692000.0,,,,,,,,,,,,,,,,,,,,,,,,,,,,,,,,,,,,,,,,,,,,,,,,,,,,,590393.0,6.882,,,,,,,,,,,,,,,,,,,,,
DJI,Djibouti,1991,,0.0,,,,,0.0,0.0,,,,,,,,,,,,,,,,0.0,0.0,,,,,,,,,,,,,,,,6.192,11340.637,,,,,,,,1111365170.0,,,,,,,,,,,,,,,,,,,,,,,,,,,,,,,,,,,,,,,,,,,,,,,,,,,,,606843.0,6.882,,,,,,,,,,,,,,,,,,,,,
DJI,Djibouti,1992,,0.0,,,,,1.254,0.086,,,,,,,,,,,,,,,,0.0,0.0,,,,,,,,,,,,,,,,5.948,11329.612,,,,,,,,1171473852.0,,,,,,,,,,,,,,,,,,,,,,,,,,,,,,,,,,,,,,,,,,,,,,,,,,,,,615050.0,6.968,,,,,,,,,,,,,,,,,,,,,
DJI,Djibouti,1993,,0.0,,,,,0.617,0.043,,,,,,,,,,,,,,,,0.0,0.0,,,,,,,,,,,,,,,,5.732,11335.872,,,,,,,,1223278976.0,,,,,,,,,,,,,,,,,,,,,,,,,,,,,,,,,,,,,,,,,,,,,,,,,,,,,618504.0,7.011,,,,,,,,,,,,,,,,,,,,,
DJI,Djibouti,1994,,0.0,,,,,2.713,0.19,,,,,,,,,,,,,,,,0.0,0.0,,,,,,,,,,,,,,,,6.052,11571.199,,,,,,,,1189922959.0,,,,,,,,,,,,,,,,,,,,,,,,,,,,,,,,,,,,,,,,,,,,,,,,,,,,,622364.0,7.201,,,,,,,,,,,,,,,,,,,,,
DJI,Djibouti,1995,,0.0,,,,,-0.934,-0.067,,,,,,,,,,,,,,,,0.0,0.0,,,,,,,,,,,,,,,,5.702,11317.282,,,,,,,,1251123071.0,,,,,,,,,,,,,,,,,,,,,,,,,,,,,,,,,,,,,,,,,,,,,,,,,,,,,630385.0,7.134,,,,,,,,,,,,,,,,,,,,,
DJI,Djibouti,1996,,0.0,,,,,0.274,0.02,,,,,,,,,,,,,,,,0.0,0.0,,,,,,,,,,,,,,,,6.049,11114.429,,,,,,,,1182573444.0,,,,,,,,,,,,,,,,,,,,,,,,,,,,,,,,,,,,,,,,,,,,,,,,,,,,,643649.0,7.154,,,,,,,,,,,,,,,,,,,,,
DJI,Djibouti,1997,,0.0,,,,,0.667,0.048,,,,,,,,,,,,,,,,0.0,0.0,,,,,,,,,,,,,,,,5.847,10897.194,,,,,,,,1231663932.0,,,,,,,,,,,,,,,,,,,,,,,,,,,,,,,,,,,,,,,,,,,,,,,,,,,,,660858.0,7.201,,,,,,,,,,,,,,,,,,,,,
DJI,Djibouti,1998,,0.0,,,,,0.0,0.0,,,,,,,,,,,,,,,,0.0,0.0,,,,,,,,,,,,,,,,5.873,10583.201,,,,,,,,1226205299.0,,,,,,,,,,,,,,,,,,,,,,,,,,,,,,,,,,,,,,,,,,,,,,,,,,,,,680465.0,7.201,,,,,,,,,,,,,,,,,,,,,
DJI,Djibouti,1999,,0.0,,,,,0.0,0.0,,,,,,,,,,,,,,,,0.0,0.0,,,,,,,,,,,,,,,,5.775,10288.251,,,,,,,,1247108038.0,,,,,,,,,,,,,,,,,,,,,,,,,,,,,,,,,,,,,,,,,,,,,,,,,,,,,699973.0,7.201,,,,,,,,,,,,,,,,,,,,,
DJI,Djibouti,2000,,0.0,,,,,-50.93,-3.668,0.0,0.0,,,,,,722.222,0.0,,,,,0.0,,0.0,0.0,0.18,0.0,0.0,0.18,0.0,0.0,0.0,0.18,0.0,0.0,0.0,0.0,0.0,0.18,0.13,2.808,4924.557,,,,,,250.844,100.0,1258388197.0,0.0,,,,,0.0,,,,0.0,,,,,0.0,,0.0,0.0,0.0,,,,,,0.0,0.0,0.0,,,,,0.0,,100.0,,,,,250.844,,,,0.0,0.0,,,,,0.0,0.0,,250.844,717577.0,3.534,0.0,0.0,,,,,,0.0,,,,,0.0,,0.0,,,,,0.0,
DJI,Djibouti,2001,,0.0,,,,,-0.372,-0.013,0.0,0.0,,,,,,722.222,0.0,,,,,0.0,,0.0,0.0,0.18,0.0,0.0,0.18,0.0,0.0,0.0,0.18,0.0,0.0,0.0,0.0,0.0,0.18,0.13,2.752,4802.9,,,,,,245.56,100.0,1279069476.0,0.0,,,,,0.0,,,,0.0,,,,,0.0,,0.0,0.0,0.0,,,,,,0.0,0.0,0.0,,,,,0.0,,100.0,,,,,245.56,,,,0.0,0.0,,,,,0.0,0.0,,245.56,733019.0,3.521,0.0,0.0,,,,,,0.0,,,,,0.0,,0.0,,,,,0.0,
DJI,Djibouti,2002,,0.0,,,,,0.293,0.01,0.0,0.0,,,,,,684.211,0.0,,,,,0.0,,0.0,0.0,0.19,0.0,0.0,0.19,0.0,0.0,0.0,0.19,0.0,0.0,0.0,0.0,0.0,0.19,0.13,2.703,4727.133,,,,,,254.369,100.0,1306309851.0,0.0,,,,,0.0,,,,0.0,,,,,0.0,,0.0,0.0,0.0,,,,,,0.0,0.0,0.0,,,,,0.0,,100.0,,,,,254.369,,,,0.0,0.0,,,,,0.0,0.0,,254.369,746947.0,3.531,0.0,0.0,,,,,,0.0,,,,,0.0,,0.0,,,,,0.0,
DJI,Djibouti,2003,,0.0,,,,,3.732,0.132,0.0,0.0,,,,,,684.211,0.0,,,,,0.0,,0.0,0.0,0.19,0.0,0.0,0.19,0.0,0.0,0.0,0.19,0.0,0.0,0.0,0.0,0.0,0.19,0.13,2.724,4821.621,,,,,,250.119,100.0,1344454860.0,0.0,,,,,0.0,,,,0.0,,,,,0.0,,0.0,0.0,0.0,,,,,,0.0,0.0,0.0,,,,,0.0,,100.0,,,,,250.119,,,,0.0,0.0,,,,,0.0,0.0,,250.119,759639.0,3.663,0.0,0.0,,,,,,0.0,,,,,0.0,,0.0,,,,,0.0,
DJI,Djibouti,2004,,0.0,,,,,-2.737,-0.1,0.0,0.0,,,,,,700.0,0.0,,,,,0.0,,0.0,0.0,0.2,0.0,0.0,0.2,0.0,0.0,0.0,0.2,0.0,0.0,0.0,0.0,0.0,0.2,0.14,2.586,4616.96,,,,,,259.202,100.0,1377810073.0,0.0,,,,,0.0,,,,0.0,,,,,0.0,,0.0,0.0,0.0,,,,,,0.0,0.0,0.0,,,,,0.0,,100.0,,,,,259.202,,,,0.0,0.0,,,,,0.0,0.0,,259.202,771599.0,3.562,0.0,0.0,,,,,,0.0,,,,,0.0,,0.0,,,,,0.0,
DJI,Djibouti,2005,,0.0,,,,,-5.436,-0.194,0.0,0.0,,,,,,708.333,0.0,,,,,0.0,,0.0,0.0,0.24,0.0,0.0,0.24,0.0,0.0,0.0,0.24,0.0,0.0,0.0,0.0,0.0,0.24,0.17,2.378,4301.04,,,,,,306.416,100.0,1416452196.0,0.0,,,,,0.0,,,,0.0,,,,,0.0,,0.0,0.0,0.0,,,,,,0.0,0.0,0.0,,,,,0.0,,100.0,,,,,306.416,,,,0.0,0.0,,,,,0.0,0.0,,306.416,783248.0,3.369,0.0,0.0,,,,,,0.0,,,,,0.0,,0.0,,,,,0.0,
DJI,Djibouti,2006,,0.0,,,,,-6.551,-0.221,0.0,0.0,,,,,,692.308,0.0,,,,,0.0,,0.0,0.0,0.26,0.0,0.0,0.26,0.0,0.0,0.0,0.26,0.0,0.0,0.0,0.0,0.0,0.26,0.18,1.979,3962.097,,,,,,327.228,100.0,1590366836.0,0.0,,,,,0.0,,,,0.0,,,,,0.0,,0.0,0.0,0.0,,,,,,0.0,0.0,0.0,,,,,0.0,,100.0,,,,,327.228,,,,0.0,0.0,,,,,0.0,0.0,,327.228,794554.0,3.148,0.0,0.0,,,,,,0.0,,,,,0.0,,0.0,,,,,0.0,
DJI,Djibouti,2007,,0.0,,,,,4.089,0.129,0.0,0.0,,,,,,700.0,0.0,,,,,0.0,,0.0,0.0,0.3,0.0,0.0,0.3,0.0,0.0,0.0,0.3,0.0,0.0,0.0,0.0,0.0,0.3,0.21,1.971,4068.288,,,,,,372.46,100.0,1662836561.0,0.0,,,,,0.0,,,,0.0,,,,,0.0,,0.0,0.0,0.0,,,,,,0.0,0.0,0.0,,,,,0.0,,100.0,,,,,372.46,,,,0.0,0.0,,,,,0.0,0.0,,372.46,805456.0,3.277,0.0,0.0,,,,,,0.0,,,,,0.0,,0.0,,,,,0.0,
DJI,Djibouti,2008,,0.0,,,,,11.825,0.387,0.0,0.0,,,,,,687.5,0.0,,,,,0.0,,0.0,0.0,0.32,0.0,0.0,0.32,0.0,0.0,0.0,0.32,0.0,0.0,0.0,0.0,0.0,0.32,0.22,2.098,4488.603,,,,,,391.983,100.0,1746582434.0,0.0,,,,,0.0,,,,0.0,,,,,0.0,,0.0,0.0,0.0,,,,,,0.0,0.0,0.0,,,,,0.0,,100.0,,,,,391.983,,,,0.0,0.0,,,,,0.0,0.0,,391.983,816361.0,3.664,0.0,0.0,,,,,,0.0,,,,,0.0,,0.0,,,,,0.0,
DJI,Djibouti,2009,,0.0,,,,,-13.164,-0.482,0.0,0.0,,,,,,696.97,0.0,,,,,0.0,,0.0,0.0,0.33,0.0,0.0,0.33,0.0,0.0,0.0,0.33,0.0,0.0,0.0,0.0,0.0,0.33,0.23,1.741,3843.761,,,,,,398.637,100.0,1828090907.0,0.0,,,,,0.0,,,,0.0,,,,,0.0,,0.0,0.0,0.0,,,,,,0.0,0.0,0.0,,,,,0.0,,100.0,,,,,398.637,,,,0.0,0.0,,,,,0.0,0.0,,398.637,827820.0,3.182,0.0,0.0,,,,,,0.0,,,,,0.0,,0.0,,,,,0.0,
DJI,Djibouti,2010,,0.0,,,,,13.882,0.442,0.0,0.0,,,,,,694.444,0.0,,,,,0.0,,0.0,0.0,0.36,0.0,0.0,0.36,0.0,0.0,0.0,0.36,0.0,0.0,0.0,0.0,0.0,0.36,0.25,1.922,4312.877,,,,,,428.472,100.0,1885010115.0,0.0,,,,,0.0,,,,0.0,,,,,0.0,,0.0,0.0,0.0,,,,,,0.0,0.0,0.0,,,,,0.0,,100.0,,,,,428.472,,,,0.0,0.0,,,,,0.0,0.0,,428.472,840194.0,3.624,0.0,0.0,,,,,,0.0,,,,,0.0,,0.0,,,,,0.0,
DJI,Djibouti,2011,,0.0,,,,,-24.461,-0.886,0.0,0.0,,,,,,694.444,0.0,,,,,0.0,,0.0,0.0,0.36,0.0,0.0,0.36,0.0,0.0,0.0,0.36,0.0,0.0,0.0,0.0,0.0,0.36,0.25,1.396,3206.475,,,,,,421.708,100.0,1960630000.0,0.0,,,,,0.0,,,,0.0,,,,,0.0,,0.0,0.0,0.0,,,,,,0.0,0.0,0.0,,,,,0.0,,100.0,,,,,421.708,,,,0.0,0.0,,,,,0.0,0.0,,421.708,853671.0,2.737,0.0,0.0,,,,,,0.0,,,,,0.0,,0.0,,,,,0.0,
DJI,Djibouti,2012,,0.0,,,,,31.952,0.875,0.0,0.0,,,,,,702.703,0.0,,,,,0.0,,0.0,0.0,0.37,0.0,0.0,0.37,0.0,0.0,0.0,0.37,0.0,0.0,0.0,0.0,0.0,0.37,0.26,1.758,4160.51,,,,,,426.201,100.0,2054196000.0,0.0,,,,,0.0,,,,0.0,,,,,0.0,,0.0,0.0,0.0,,,,,,0.0,0.0,0.0,,,,,0.0,,100.0,,,,,426.201,,,,0.0,0.0,,,,,0.0,0.0,,426.201,868136.0,3.612,0.0,0.0,,,,,,0.0,,,,,0.0,,0.0,,,,,0.0,
DJI,Djibouti,2013,,0.0,,,,,3.225,0.116,0.0,0.0,,,,,,707.317,0.0,,,,,0.0,,0.0,0.0,0.41,0.0,0.0,0.41,0.0,0.0,0.0,0.41,0.0,0.0,0.0,0.0,0.0,0.41,0.29,1.728,4220.966,,,,,,464.171,100.0,2157408000.0,0.0,,,,,0.0,,,,0.0,,,,,0.0,,0.0,0.0,0.0,,,,,,0.0,0.0,0.0,,,,,0.0,,100.0,,,,,464.171,,,,0.0,0.0,,,,,0.0,0.0,,464.171,883296.0,3.728,0.0,0.0,,,,,,0.0,,,,,0.0,,0.0,,,,,0.0,
DJI,Djibouti,2014,,0.0,,,,,1.743,0.065,0.0,0.0,,,,,,666.667,0.0,,,,,0.0,,0.0,0.0,0.09,0.0,0.0,0.09,0.0,0.0,0.0,0.09,0.0,0.0,0.0,0.0,0.0,0.09,0.06,1.659,4220.89,,,,,,100.144,100.0,2286630000.0,0.0,,,,,0.0,,,,0.0,,,,,0.0,,0.0,0.0,0.0,,,,,,0.0,0.0,0.0,,,,,0.0,,100.0,,,,,100.144,,,,0.0,0.0,,,,,0.0,0.0,,100.144,898707.0,3.793,0.0,0.0,,,,,,0.0,,,,,0.0,,0.0,,,,,0.0,
DJI,Djibouti,2015,,0.0,,,,,-12.072,-0.458,0.0,0.0,,,,,,705.882,0.0,,,,,0.0,,0.0,0.0,0.17,0.0,0.0,0.17,0.0,0.0,0.0,0.17,0.0,0.0,0.0,0.0,0.0,0.17,0.12,1.37,3649.247,,,,,,185.996,100.0,2435148000.0,0.0,,,,,0.0,,,,0.0,,,,,0.0,,0.0,0.0,0.0,,,,,,0.0,0.0,0.0,,,,,0.0,,100.0,,,,,185.996,,,,0.0,0.0,,,,,0.0,0.0,,185.996,913998.0,3.335,0.0,0.0,,,,,,0.0,,,,,0.0,,0.0,,,,,0.0,
DJI,Djibouti,2016,,0.0,,,,,-8.87,-0.296,0.0,0.0,,,,,,750.0,0.0,,,,,0.0,,0.0,0.0,0.08,0.0,0.0,0.08,0.0,0.0,0.0,0.08,0.0,0.0,0.0,0.0,0.0,0.08,0.06,1.171,3271.459,,,,,,86.103,100.0,2595208000.0,0.0,,,,,0.0,,,,0.0,,,,,0.0,,0.0,0.0,0.0,,,,,,0.0,0.0,0.0,,,,,0.0,,100.0,,,,,86.103,,,,0.0,0.0,,,,,0.0,0.0,,86.103,929117.0,3.04,0.0,0.0,,,,,,0.0,,,,,0.0,,0.0,,,,,0.0,
DJI,Djibouti,2017,,,,,,,-12.812,-0.389,0.0,0.0,,,,,,666.667,0.0,,,,,0.0,,,,0.06,0.0,0.0,0.06,0.0,0.0,0.0,0.06,0.0,0.0,0.0,0.0,0.0,0.06,0.04,0.967,2807.053,,,,,,63.553,100.0,2741553236.0,0.0,,,,,0.0,,,,0.0,,,,,0.0,,0.0,0.0,0.0,,,,,,0.0,0.0,0.0,,,,,0.0,,100.0,,,,,63.553,,,,0.0,0.0,,,,,0.0,0.0,,63.553,944100.0,2.65,0.0,0.0,,,,,,0.0,,,,,0.0,,0.0,,,,,0.0,
DJI,Djibouti,2018,,,,,,,5.155,0.137,0.0,0.0,,,,,,800.0,0.0,,,,,0.0,,,,0.05,0.0,0.0,0.05,0.0,0.0,0.0,0.05,0.0,0.0,0.0,0.0,0.0,0.05,0.04,0.957,2906.125,,,,,,52.142,100.0,2913438472.0,0.0,,,,,0.0,,,,0.0,,,,,0.0,,0.0,0.0,0.0,,,,,,0.0,0.0,0.0,,,,,0.0,,100.0,,,,,52.142,,,,0.0,0.0,,,,,0.0,0.0,,52.142,958923.0,2.787,0.0,0.0,,,,,,0.0,,,,,0.0,,0.0,,,,,0.0,
DJI,Djibouti,2019,,,,,,,-9.227,-0.257,0.0,0.0,,,,,,666.667,0.0,,,,,0.0,,,,0.06,0.0,0.0,0.06,0.0,0.0,0.0,0.06,0.0,0.0,0.0,0.0,0.0,0.06,0.04,,2598.323,,,,,,61.63,100.0,,0.0,,,,,0.0,,,,0.0,,,,,0.0,,0.0,0.0,0.0,,,,,,0.0,0.0,0.0,,,,,0.0,,100.0,,,,,61.63,,,,0.0,0.0,,,,,0.0,0.0,,61.63,973557.0,2.53,0.0,0.0,,,,,,0.0,,,,,0.0,,0.0,,,,,0.0,
DJI,Djibouti,2020,,,,,,,,,0.0,0.0,,,,,,666.667,0.0,,,,,0.0,,,,0.06,0.0,0.0,0.06,0.0,0.0,0.0,0.06,0.0,0.0,0.0,0.0,0.0,0.06,0.04,,,,,,,,60.729,100.0,,0.0,,,,,0.0,,,,0.0,,,,,0.0,,0.0,0.0,0.0,,,,,,0.0,0.0,0.0,,,,,0.0,,100.0,,,,,60.729,,,,0.0,0.0,,,,,0.0,0.0,,60.729,988002.0,,0.0,0.0,,,,,,0.0,,,,,0.0,,0.0,,,,,0.0,
