iso_code,country,year,coal_prod_change_pct,coal_prod_change_twh,gas_prod_change_pct,gas_prod_change_twh,oil_prod_change_pct,oil_prod_change_twh,energy_cons_change_pct,energy_cons_change_twh,biofuel_share_elec,biofuel_elec_per_capita,biofuel_cons_change_pct,biofuel_share_energy,biofuel_cons_change_twh,biofuel_consumption,biofuel_cons_per_capita,carbon_intensity_elec,coal_share_elec,coal_cons_change_pct,coal_share_energy,coal_cons_change_twh,coal_consumption,coal_elec_per_capita,coal_cons_per_capita,coal_production,coal_prod_per_capita,electricity_demand,biofuel_electricity,coal_electricity,fossil_electricity,gas_electricity,hydro_electricity,nuclear_electricity,oil_electricity,other_renewable_exc_biofuel_electricity,other_renewable_electricity,renewables_electricity,solar_electricity,wind_electricity,electricity_generation,greenhouse_gas_emissions,energy_per_gdp,energy_per_capita,fossil_cons_change_pct,fossil_share_energy,fossil_cons_change_twh,fossil_fuel_consumption,fossil_energy_per_capita,fossil_cons_per_capita,fossil_share_elec,gdp,gas_share_elec,gas_cons_change_pct,gas_share_energy,gas_cons_change_twh,gas_consumption,gas_elec_per_capita,gas_energy_per_capita,gas_production,gas_prod_per_capita,hydro_share_elec,hydro_cons_change_pct,hydro_share_energy,hydro_cons_change_twh,hydro_consumption,hydro_elec_per_capita,hydro_energy_per_capita,low_carbon_share_elec,low_carbon_electricity,low_carbon_elec_per_capita,low_carbon_cons_change_pct,low_carbon_share_energy,low_carbon_cons_change_twh,low_carbon_consumption,low_carbon_energy_per_capita,net_elec_imports_share_demand,net_elec_imports,nuclear_share_elec,nuclear_cons_change_pct,nuclear_share_energy,nuclear_cons_change_twh,nuclear_consumption,nuclear_elec_per_capita,nuclear_energy_per_capita,oil_share_elec,oil_cons_change_pct,oil_share_energy,oil_cons_change_twh,oil_consumption,oil_elec_per_capita,oil_energy_per_capita,oil_production,oil_prod_per_capita,other_renewables_elec_per_capita_exc_biofuel,other_renewables_elec_per_capita,other_renewables_cons_change_pct,other_renewables_share_energy,other_renewables_cons_change_twh,other_renewable_consumption,other_renewables_share_elec_exc_biofuel,other_renewables_share_elec,other_renewables_energy_per_capita,per_capita_electricity,population,primary_energy_consumption,renewables_elec_per_capita,renewables_share_elec,renewables_cons_change_pct,renewables_share_energy,renewables_cons_change_twh,renewables_consumption,renewables_energy_per_capita,solar_share_elec,solar_cons_change_pct,solar_share_energy,solar_cons_change_twh,solar_consumption,solar_elec_per_capita,solar_energy_per_capita,wind_share_elec,wind_cons_change_pct,wind_share_energy,wind_cons_change_twh,wind_consumption,wind_elec_per_capita,wind_energy_per_capita
DOM,Dominican Republic,1980,,,,,,,,,,,,,,,,,,,,,,,,0.0,0.0,,,,,,,,,,,,,,,,1.174,4355.901,,,,,,,,21539808755.0,,,,,,,,0.0,0.0,,,,,,,,,,,,,,,,,,,,,,,,,,,,,,,,0.0,0.0,,,,,,,,,,,5803929.0,25.281,,,,,,,,,,,,,,,,,,,,,
DOM,Dominican Republic,1981,,0.0,,0.0,,0.0,0.248,0.063,,,,,,,,,,,,,,,,0.0,0.0,,,,,,,,,,,,,,,,1.13,4269.638,,,,,,,,22427979768.0,,,,,,,,0.0,0.0,,,,,,,,,,,,,,,,,,,,,,,,,,,,,,,,0.0,0.0,,,,,,,,,,,5935895.0,25.344,,,,,,,,,,,,,,,,,,,,,
DOM,Dominican Republic,1982,,0.0,,0.0,,0.0,4.201,1.065,,,,,,,,,,,,,,,,0.0,0.0,,,,,,,,,,,,,,,,1.156,4352.308,,,,,,,,22837394000.0,,,,,,,,0.0,0.0,,,,,,,,,,,,,,,,,,,,,,,,,,,,,,,,0.0,0.0,,,,,,,,,,,6067769.0,26.409,,,,,,,,,,,,,,,,,,,,,
DOM,Dominican Republic,1983,,0.0,,0.0,,0.0,19.151,5.058,,,,,,,,,,,,,,,,0.0,0.0,,,,,,,,,,,,,,,,1.32,5075.501,,,,,,,,23843930000.0,,,,,,,,0.0,0.0,,,,,,,,,,,,,,,,,,,,,,,,,,,,,,,,0.0,0.0,,,,,,,,,,,6199657.0,31.466,,,,,,,,,,,,,,,,,,,,,
DOM,Dominican Republic,1984,,0.0,,0.0,,0.0,-13.561,-4.267,,,,,,,,,,,,,,,,0.0,0.0,,,,,,,,,,,,,,,,1.138,4295.701,,,,,,,,23906860000.0,,,,,,,,0.0,0.0,,,,,,,,,,,,,,,,,,,,,,,,,,,,,,,,0.0,0.0,,,,,,,,,,,6331760.0,27.199,,,,,,,,,,,,,,,,,,,,,
DOM,Dominican Republic,1985,,0.0,,0.0,,0.0,7.135,1.941,,,,,,,,,,,,,,,,0.0,0.0,,,,,,,,,,,,,,,,1.251,4507.878,,,,,,,,23302487000.0,,,,,,,,0.0,0.0,,,,,,,,,,,,,,,,,,,,,,,,,,,,,,,,0.0,0.0,,,,,,,,,,,6464229.0,29.14,,,,,,,,,,,,,,,,,,,,,
DOM,Dominican Republic,1986,,0.0,,0.0,,0.0,9.221,2.687,,,,,,,,,,,,,,,,0.0,0.0,,,,,,,,,,,,,,,,1.326,4824.499,,,,,,,,23995594000.0,,,,,,,,0.0,0.0,,,,,,,,,,,,,,,,,,,,,,,,,,,,,,,,0.0,0.0,,,,,,,,,,,6596967.0,31.827,,,,,,,,,,,,,,,,,,,,,
DOM,Dominican Republic,1987,,0.0,,0.0,,0.0,9.845,3.133,,,,,,,,,,,,,,,,0.0,0.0,,,,,,,,,,,,,,,,1.355,5194.767,,,,,,,,25809189000.0,,,,,,,,0.0,0.0,,,,,,,,,,,,,,,,,,,,,,,,,,,,,,,,0.0,0.0,,,,,,,,,,,6729930.0,34.96,,,,,,,,,,,,,,,,,,,,,
DOM,Dominican Republic,1988,,0.0,,0.0,,0.0,10.82,3.783,,,,,,,,,,,,,,,,0.0,0.0,,,,,,,,,,,,,,,,1.491,5644.877,,,,,,,,25978979000.0,,,,,,,,0.0,0.0,,,,,,,,,,,,,,,,,,,,,,,,,,,,,,,,0.0,0.0,,,,,,,,,,,6863438.0,38.743,,,,,,,,,,,,,,,,,,,,,
DOM,Dominican Republic,1989,,0.0,,0.0,,0.0,-2.731,-1.058,,,,,,,,,,,,,,,,0.0,0.0,,,,,,,,,,,,,,,,1.287,5385.243,,,,,,,,29288298000.0,,,,,,,,0.0,0.0,,,,,,,,,,,,,,,,,,,,,,,,,,,,,,,,0.0,0.0,,,,,,,,,,,6997877.0,37.685,,,,,,,,,,,,,,,,,,,,,
DOM,Dominican Republic,1990,,0.0,,0.0,,0.0,7.891,2.974,,,,,,,,,,,,,,,,0.0,0.0,,,,,,,,,,,,,,,,1.457,5699.71,,,,,,,,27899937000.0,,,,,,,,0.0,0.0,,,,,,,,,,,,,,,,,,,,,,,,,,,,,,,,0.0,0.0,,,,,,,,,,,7133491.0,40.659,,,,,,,,,,,,,,,,,,,,,
DOM,Dominican Republic,1991,,0.0,,0.0,,0.0,-3.34,-1.358,,,,,,,,,,,,,,,,0.0,0.0,,,,,,,,,,,,,,,,1.373,5405.563,,,,,,,,28624482794.0,,,,,,,,0.0,0.0,,,,,,,,,,,,,,,,,,,,,,,,,,,,,,,,0.0,0.0,,,,,,,,,,,7270413.0,39.301,,,,,,,,,,,,,,,,,,,,,
DOM,Dominican Republic,1992,,0.0,,0.0,,0.0,6.936,2.726,,,,,,,,,,,,,,,,0.0,0.0,,,,,,,,,,,,,,,,1.369,5672.873,,,,,,,,30699632113.0,,,,,,,,0.0,0.0,,,,,,,,,,,,,,,,,,,,,,,,,,,,,,,,0.0,0.0,,,,,,,,,,,7408339.0,42.027,,,,,,,,,,,,,,,,,,,,,
DOM,Dominican Republic,1993,,0.0,,0.0,,0.0,-6.225,-2.616,,,,,,,,,,,,,,,,0.0,0.0,,,,,,,,,,,,,,,,1.178,5222.382,,,,,,,,33455893437.0,,,,,,,,0.0,0.0,,,,,,,,,,,,,,,,,,,,,,,,,,,,,,,,0.0,0.0,,,,,,,,,,,7546467.0,39.411,,,,,,,,,,,,,,,,,,,,,
DOM,Dominican Republic,1994,,0.0,,0.0,,0.0,8.789,3.464,,,,,,,,,,,,,,,,0.0,0.0,,,,,,,,,,,,,,,,1.233,5579.912,,,,,,,,34777867374.0,,,,,,,,0.0,0.0,,,,,,,,,,,,,,,,,,,,,,,,,,,,,,,,0.0,0.0,,,,,,,,,,,7683707.0,42.874,,,,,,,,,,,,,,,,,,,,,
DOM,Dominican Republic,1995,,0.0,,0.0,,0.0,7.941,3.405,,,,,,,,,,,,,,,,0.0,0.0,,,,,,,,,,,,,,,,1.241,5918.602,,,,,,,,37276690006.0,,,,,,,,0.0,0.0,,,,,,,,,,,,,,,,,,,,,,,,,,,,,,,,0.0,0.0,,,,,,,,,,,7819239.0,46.279,,,,,,,,,,,,,,,,,,,,,
DOM,Dominican Republic,1996,,0.0,,0.0,,0.0,8.68,4.017,,,,,,,,,,,,,,,,0.0,0.0,,,,,,,,,,,,,,,,1.239,6324.348,,,,,,,,40578791576.0,,,,,,,,0.0,0.0,,,,,,,,,,,,,,,,,,,,,,,,,,,,,,,,0.0,0.0,,,,,,,,,,,7952766.0,50.296,,,,,,,,,,,,,,,,,,,,,
DOM,Dominican Republic,1997,,0.0,,0.0,,0.0,5.768,2.901,,,,,,,,,,,,,,,,0.0,0.0,,,,,,,,,,,,,,,,1.195,6580.245,,,,,,,,44531094764.0,,,,,,,,0.0,0.0,,,,,,,,,,,,,,,,,,,,,,,,,,,,,,,,0.0,0.0,,,,,,,,,,,8084407.0,53.197,,,,,,,,,,,,,,,,,,,,,
DOM,Dominican Republic,1998,,0.0,,0.0,,0.0,3.512,1.868,,,,,,,,,,,,,,,,0.0,0.0,,,,,,,,,,,,,,,,1.137,6703.552,,,,,,,,48409990192.0,,,,,,,,0.0,0.0,,,,,,,,,,,,,,,,,,,,,,,,,,,,,,,,0.0,0.0,,,,,,,,,,,8214427.0,55.066,,,,,,,,,,,,,,,,,,,,,
DOM,Dominican Republic,1999,,0.0,,0.0,,0.0,13.576,7.476,,,,,,,,,,,,,,,,0.0,0.0,,,,,,,,,,,,,,,,1.192,7496.066,,,,,,,,52484543503.0,,,,,,,,0.0,0.0,,,,,,,,,,,,,,,,,,,,,,,,,,,,,,,,0.0,0.0,,,,,,,,,,,8343288.0,62.542,,,,,,,,,,,,,,,,,,,,,
DOM,Dominican Republic,2000,,0.0,,0.0,,0.0,37.669,23.559,0.124,1.18,,,,,,665.428,24.535,,,,,233.73,,0.0,0.0,8.07,0.01,1.98,7.31,0.0,0.75,0.0,5.33,0.0,0.01,0.76,0.0,0.0,8.07,5.37,1.528,10163.767,,,,,,862.912,90.582,56344829388.0,0.0,,,,,0.0,,0.0,0.0,9.294,,,,,88.534,,9.418,0.76,89.715,,,,,,0.0,0.0,0.0,,,,,0.0,,66.047,,,,,629.182,,0.0,0.0,0.0,1.18,,,,,0.0,0.124,,952.626,8471317.0,86.1,89.715,9.418,,,,,,0.0,,,,,0.0,,0.0,,,,,0.0,
DOM,Dominican Republic,2001,,0.0,,0.0,,0.0,-2.797,-2.409,0.103,1.163,,,,,,681.398,25.077,,,,,283.767,,0.0,0.0,9.73,0.01,2.44,9.02,0.0,0.7,0.0,6.58,0.0,0.01,0.71,0.0,0.0,9.73,6.63,1.436,9733.211,,,,,,1049.008,92.703,58288341742.0,0.0,,,,,0.0,,0.0,0.0,7.194,,,,,81.409,,7.297,0.71,82.572,,,,,,0.0,0.0,0.0,,,,,0.0,,67.626,,,,,765.241,,0.0,0.0,0.0,1.163,,,,,0.0,0.103,,1131.58,8598599.0,83.692,82.572,7.297,,,,,,0.0,,,,,0.0,,0.0,,,,,0.0,
DOM,Dominican Republic,2002,,0.0,,0.0,,0.0,5.617,4.701,0.085,1.146,,,,,,680.203,25.042,,,,,339.256,,0.0,0.0,11.82,0.01,2.96,10.94,0.0,0.87,0.0,7.98,0.0,0.01,0.88,0.0,0.0,11.82,8.04,1.41,10130.994,,,,,,1253.872,92.555,62670834531.0,0.0,,,,,0.0,,0.0,0.0,7.36,,,,,99.714,,7.445,0.88,100.86,,,,,,0.0,0.0,0.0,,,,,0.0,,67.513,,,,,914.616,,0.0,0.0,0.0,1.146,,,,,0.0,0.085,,1354.732,8724974.0,88.393,100.86,7.445,,,,,,0.0,,,,,0.0,,0.0,,,,,0.0,
DOM,Dominican Republic,2003,,0.0,,0.0,,0.0,-8.244,-7.287,0.08,1.13,,,,,,618.022,19.139,,,,,271.177,,0.0,0.0,12.54,0.01,2.4,11.34,2.46,1.19,0.0,6.48,0.0,0.01,1.2,0.0,0.0,12.54,7.75,1.276,9164.109,,,,,,1281.31,90.431,63562708054.0,19.617,,,,,277.956,,0.0,0.0,9.49,,,,,134.458,,9.569,1.2,135.588,,,,,,0.0,0.0,0.0,,,,,0.0,,51.675,,,,,732.177,,0.0,0.0,0.0,1.13,,,,,0.0,0.08,,1416.898,8850317.0,81.105,135.588,9.569,,,,,,0.0,,,,,0.0,,0.0,,,,,0.0,
DOM,Dominican Republic,2004,,0.0,,0.0,,0.0,-6.792,-5.509,0.089,1.114,,,,,,585.344,18.141,,,,,226.198,,0.0,0.0,11.19,0.01,2.03,9.58,2.07,1.6,0.0,5.48,0.0,0.01,1.61,0.0,0.0,11.19,6.55,1.154,8423.503,,,,,,1067.476,85.612,65495216713.0,18.499,,,,,230.655,,0.0,0.0,14.298,,,,,178.284,,14.388,1.61,179.398,,,,,,0.0,0.0,0.0,,,,,0.0,,48.972,,,,,610.623,,0.0,0.0,0.0,1.114,,,,,0.0,0.089,,1246.874,8974444.0,75.596,179.398,14.388,,,,,,0.0,,,,,0.0,,0.0,,,,,0.0,
DOM,Dominican Republic,2005,,0.0,,0.0,,0.0,9.643,7.29,0.083,1.099,,,,,,575.96,17.78,,,,,234.136,,0.0,0.0,11.98,0.01,2.13,10.06,2.18,1.91,0.0,5.75,0.0,0.01,1.92,0.0,0.0,11.98,6.9,1.139,9111.097,,,,,,1105.827,83.973,72784385289.0,18.197,,,,,239.633,,0.0,0.0,15.943,,,,,209.953,,16.027,1.92,211.053,,,,,,0.0,0.0,0.0,,,,,0.0,,47.997,,,,,632.058,,0.0,0.0,0.0,1.099,,,,,0.0,0.083,,1316.88,9097262.0,82.886,211.053,16.027,,,,,,0.0,,,,,0.0,,0.0,,,,,0.0,
DOM,Dominican Republic,2006,,0.0,,0.0,,0.0,-0.117,-0.097,0.077,1.085,,,,,,591.118,18.3,,,,,259.256,,0.0,0.0,13.06,0.01,2.39,11.3,2.45,1.75,0.0,6.46,0.0,0.01,1.76,0.0,0.0,13.06,7.72,1.01,8980.544,,,,,,1225.772,86.524,81940077447.0,18.76,,,,,265.765,,0.0,0.0,13.4,,,,,189.832,,13.476,1.76,190.917,,,,,,0.0,0.0,0.0,,,,,0.0,,49.464,,,,,700.751,,0.0,0.0,0.0,1.085,,,,,0.0,0.077,,1416.689,9218681.0,82.789,190.917,13.476,,,,,,0.0,,,,,0.0,,0.0,,,,,0.0,
DOM,Dominican Republic,2007,,0.0,,0.0,,0.0,2.831,2.343,0.073,1.071,,,,,,597.07,18.535,,,,,270.911,,0.0,0.0,13.65,0.01,2.53,11.94,2.59,1.7,0.0,6.82,0.0,0.01,1.71,0.0,0.0,13.65,8.15,0.942,9115.915,,,,,,1278.529,87.473,90411702520.0,18.974,,,,,277.336,,0.0,0.0,12.454,,,,,182.035,,12.527,1.71,183.106,,,,,,0.0,0.0,0.0,,,,,0.0,,49.963,,,,,730.282,,0.0,0.0,0.0,1.071,,,,,0.0,0.073,,1461.635,9338856.0,85.132,183.106,12.527,,,,,,0.0,,,,,0.0,,0.0,,,,,0.0,
DOM,Dominican Republic,2008,,0.0,,0.0,,0.0,-0.602,-0.513,0.086,1.057,,,,,,601.884,18.664,,,,,230.491,,0.0,0.0,11.68,0.01,2.18,10.29,2.23,1.38,0.0,5.88,0.0,0.01,1.39,0.0,0.0,11.68,7.03,0.892,8946.775,,,,,,1087.959,88.099,94906287153.0,19.092,,,,,235.777,,0.0,0.0,11.815,,,,,145.907,,11.901,1.39,146.964,,,,,,0.0,0.0,0.0,,,,,0.0,,50.342,,,,,621.691,,0.0,0.0,0.0,1.057,,,,,0.0,0.086,,1234.923,9458079.0,84.619,146.964,11.901,,,,,,0.0,,,,,0.0,,0.0,,,,,0.0,
DOM,Dominican Republic,2009,,0.0,,0.0,,0.0,-1.193,-1.01,0.087,1.044,,,,,,596.537,18.528,,,,,223.458,,0.0,0.0,11.55,0.01,2.14,10.08,2.18,1.46,0.0,5.76,0.0,0.01,1.47,0.0,0.0,11.55,6.89,0.858,8730.51,,,,,,1052.551,87.273,97411114269.0,18.874,,,,,227.635,,0.0,0.0,12.641,,,,,152.453,,12.727,1.47,153.497,,,,,,0.0,0.0,0.0,,,,,0.0,,49.87,,,,,601.458,,0.0,0.0,0.0,1.044,,,,,0.0,0.087,,1206.048,9576736.0,83.61,153.497,12.727,,,,,,0.0,,,,,0.0,,0.0,,,,,0.0,
DOM,Dominican Republic,2010,,0.0,,0.0,,0.0,5.011,4.19,0.93,13.409,,,,,,608.727,18.813,,,,,271.271,,0.0,0.0,13.98,0.13,2.63,12.42,2.69,1.43,0.0,7.1,0.0,0.13,1.56,0.0,0.0,13.98,8.51,0.819,9056.064,,,,,,1281.057,88.841,107260353760.0,19.242,,,,,277.459,,0.0,0.0,10.229,,,,,147.497,,11.159,1.56,160.906,,,,,,0.0,0.0,0.0,,,,,0.0,,50.787,,,,,732.327,,0.0,0.0,0.0,13.409,,,,,0.0,0.93,,1441.963,9695117.0,87.8,160.906,11.159,,,,,,0.0,,,,,0.0,,0.0,,,,,0.0,
DOM,Dominican Republic,2011,,0.0,,0.0,,0.0,-1.596,-1.402,0.938,14.266,,,,,,608.171,18.821,,,,,286.348,,0.0,0.0,14.93,0.14,2.81,13.25,2.87,1.53,0.0,7.57,0.0,0.14,1.68,0.0,0.01,14.93,9.08,0.768,8804.242,,,,,,1350.22,88.747,112432725312.0,19.223,,,,,292.463,,0.0,0.0,10.248,,,,,155.912,,11.253,1.68,171.198,,,,,,0.0,0.0,0.0,,,,,0.0,,50.703,,,,,771.408,,0.0,0.0,0.0,14.266,,,,,0.0,0.938,,1521.417,9813219.0,86.398,171.198,11.253,,,,,,0.0,,,,,0.0,,0.067,,,,,1.019,
DOM,Dominican Republic,2012,,0.0,,0.0,,0.0,10.995,9.5,0.886,14.097,,,,,,586.709,17.215,,,,,273.892,,0.0,0.0,15.8,0.14,2.72,13.78,3.71,1.78,0.0,7.35,0.0,0.14,2.02,0.0,0.1,15.8,9.27,0.831,9656.493,,,,,,1387.586,87.215,115425806648.0,23.481,,,,,373.581,,0.0,0.0,11.266,,,,,179.238,,12.785,2.02,203.405,,,,,,0.0,0.0,0.0,,,,,0.0,,46.519,,,,,740.113,,0.0,0.0,0.0,14.097,,,,,0.0,0.886,,1590.991,9930916.0,95.898,203.405,12.785,,,,,,0.0,,,,,0.0,,0.633,,,,,10.07,
DOM,Dominican Republic,2013,,0.0,,0.0,,0.0,-4.653,-4.462,0.897,14.928,,,,,,581.34,17.045,,,,,283.632,,0.0,0.0,16.72,0.15,2.85,14.44,3.89,1.88,0.0,7.7,0.0,0.15,2.28,0.01,0.24,16.72,9.72,0.757,9099.665,,,,,,1437.07,86.364,120732907807.0,23.266,,,,,387.133,,0.0,0.0,11.244,,,,,187.098,,13.636,2.28,226.906,,,,,,0.0,0.0,0.0,,,,,0.0,,46.053,,,,,766.304,,0.0,0.0,0.0,14.928,,,,,0.0,0.897,,1663.975,10048226.0,91.435,226.906,13.636,,,,,,0.06,,,,,0.995,,1.435,,,,,23.885,
DOM,Dominican Republic,2014,,0.0,,0.0,,0.0,-3.989,-3.647,0.921,14.756,,,,,,599.754,17.68,,,,,283.32,,0.0,0.0,16.29,0.15,2.88,14.56,3.92,1.32,0.0,7.76,0.0,0.15,1.73,0.02,0.24,16.29,9.77,0.677,8636.177,,,,,,1432.34,89.38,129713739414.0,24.064,,,,,385.63,,0.0,0.0,8.103,,,,,129.855,,10.62,1.73,170.189,,,,,,0.0,0.0,0.0,,,,,0.0,,47.637,,,,,763.39,,0.0,0.0,0.0,14.756,,,,,0.0,0.921,,1602.529,10165182.0,87.788,170.189,10.62,,,,,,0.123,,,,,1.968,,1.473,,,,,23.61,
DOM,Dominican Republic,2015,,0.0,,0.0,,0.0,10.884,9.555,1.005,16.534,,,,,,614.429,18.096,,,,,297.617,,0.0,0.0,16.91,0.17,3.06,15.49,4.17,0.93,0.0,8.26,0.0,0.17,1.42,0.03,0.29,16.91,10.39,0.702,9467.603,,,,,,1506.564,91.603,138611530356.0,24.66,,,,,405.576,,0.0,0.0,5.5,,,,,90.452,,8.397,1.42,138.11,,,,,,0.0,0.0,0.0,,,,,0.0,,48.847,,,,,803.371,,0.0,0.0,0.0,16.534,,,,,0.0,1.005,,1644.674,10281675.0,97.343,138.11,8.397,,,,,,0.177,,,,,2.918,,1.715,,,,,28.206,
DOM,Dominican Republic,2016,,0.0,,0.0,,0.0,6.366,6.197,2.602,44.24,,,,,,586.538,17.138,,,,,291.41,,0.0,0.0,17.68,0.46,3.03,15.32,4.12,1.5,0.0,8.17,0.0,0.46,2.36,0.08,0.32,17.68,10.37,0.702,9957.948,,,,,,1473.397,86.652,147459375663.0,23.303,,,,,396.24,,0.0,0.0,8.484,,,,,144.262,,13.348,2.36,226.972,,,,,,0.0,0.0,0.0,,,,,0.0,,46.21,,,,,785.748,,0.0,0.0,0.0,44.24,,,,,0.0,2.602,,1700.37,10397738.0,103.54,226.972,13.348,,,,,,0.452,,,,,7.694,,1.81,,,,,30.776,
DOM,Dominican Republic,2017,,,,,,,-1.37,-1.418,2.052,35.194,,,,,,536.883,13.588,,,,,233.042,,,,18.03,0.37,2.45,14.96,5.89,2.17,0.0,6.62,0.0,0.37,3.07,0.14,0.39,18.03,9.68,0.661,9713.742,,,,,,1422.985,82.973,154422407923.0,32.668,,,,,560.253,,,,12.035,,,,,206.409,,17.027,3.07,292.016,,,,,,0.0,0.0,0.0,,,,,0.0,,36.717,,,,,629.69,,,,0.0,35.194,,,,,0.0,2.052,,1715.001,10513111.0,102.122,292.016,17.027,,,,,,0.776,,,,,13.317,,2.163,,,,,37.097,
DOM,Dominican Republic,2018,,,,,,,10.56,10.784,2.096,36.698,,,,,,546.48,13.864,,,,,242.774,,,,18.61,0.39,2.58,15.73,6.19,1.76,0.0,6.96,0.0,0.39,2.88,0.23,0.5,18.61,10.17,0.683,10624.302,,,,,,1480.171,84.524,165255139274.0,33.262,,,,,582.471,,,,9.457,,,,,165.614,,15.476,2.88,271.004,,,,,,0.0,0.0,0.0,,,,,0.0,,37.399,,,,,654.926,,,,0.0,36.698,,,,,0.0,2.096,,1751.176,10627147.0,112.906,271.004,15.476,,,,,,1.236,,,,,21.643,,2.687,,,,,47.049,
DOM,Dominican Republic,2019,,,,,,,8.76,9.89,1.851,32.592,,,,,,595.981,26.653,,,,,469.319,,,,18.91,0.35,5.04,16.7,5.49,1.05,0.0,6.17,0.0,0.35,2.21,0.26,0.55,18.91,11.27,,11434.634,,,,,,1555.086,88.313,,29.032,,,,,511.223,,,,5.553,,,,,97.775,,11.687,2.21,205.793,,,,,,0.0,0.0,0.0,,,,,0.0,,32.628,,,,,574.544,,,,0.0,32.592,,,,,0.0,1.851,,1760.879,10738957.0,122.796,205.793,11.687,,,,,,1.375,,,,,24.211,,2.909,,,,,51.215,
DOM,Dominican Republic,2020,,,,,,,,,1.947,32.264,,,,,,625.139,28.031,,,,,464.606,,,,17.98,0.35,5.04,16.7,5.49,0.12,0.0,6.17,0.0,0.35,1.28,0.26,0.55,17.98,11.24,,,,,,,,1539.468,92.881,,30.534,,,,,506.089,,,,0.667,,,,,11.062,,7.119,1.28,117.995,,,,,,0.0,0.0,0.0,,,,,0.0,,34.316,,,,,568.773,,,,0.0,32.264,,,,,0.0,1.947,,1657.463,10847904.0,,117.995,7.119,,,,,,1.446,,,,,23.968,,3.059,,,,,50.701,
