iso_code,country,year,coal_prod_change_pct,coal_prod_change_twh,gas_prod_change_pct,gas_prod_change_twh,oil_prod_change_pct,oil_prod_change_twh,energy_cons_change_pct,energy_cons_change_twh,biofuel_share_elec,biofuel_elec_per_capita,biofuel_cons_change_pct,biofuel_share_energy,biofuel_cons_change_twh,biofuel_consumption,biofuel_cons_per_capita,carbon_intensity_elec,coal_share_elec,coal_cons_change_pct,coal_share_energy,coal_cons_change_twh,coal_consumption,coal_elec_per_capita,coal_cons_per_capita,coal_production,coal_prod_per_capita,electricity_demand,biofuel_electricity,coal_electricity,fossil_electricity,gas_electricity,hydro_electricity,nuclear_electricity,oil_electricity,other_renewable_exc_biofuel_electricity,other_renewable_electricity,renewables_electricity,solar_electricity,wind_electricity,electricity_generation,greenhouse_gas_emissions,energy_per_gdp,energy_per_capita,fossil_cons_change_pct,fossil_share_energy,fossil_cons_change_twh,fossil_fuel_consumption,fossil_energy_per_capita,fossil_cons_per_capita,fossil_share_elec,gdp,gas_share_elec,gas_cons_change_pct,gas_share_energy,gas_cons_change_twh,gas_consumption,gas_elec_per_capita,gas_energy_per_capita,gas_production,gas_prod_per_capita,hydro_share_elec,hydro_cons_change_pct,hydro_share_energy,hydro_cons_change_twh,hydro_consumption,hydro_elec_per_capita,hydro_energy_per_capita,low_carbon_share_elec,low_carbon_electricity,low_carbon_elec_per_capita,low_carbon_cons_change_pct,low_carbon_share_energy,low_carbon_cons_change_twh,low_carbon_consumption,low_carbon_energy_per_capita,net_elec_imports_share_demand,net_elec_imports,nuclear_share_elec,nuclear_cons_change_pct,nuclear_share_energy,nuclear_cons_change_twh,nuclear_consumption,nuclear_elec_per_capita,nuclear_energy_per_capita,oil_share_elec,oil_cons_change_pct,oil_share_energy,oil_cons_change_twh,oil_consumption,oil_elec_per_capita,oil_energy_per_capita,oil_production,oil_prod_per_capita,other_renewables_elec_per_capita_exc_biofuel,other_renewables_elec_per_capita,other_renewables_cons_change_pct,other_renewables_share_energy,other_renewables_cons_change_twh,other_renewable_consumption,other_renewables_share_elec_exc_biofuel,other_renewables_share_elec,other_renewables_energy_per_capita,per_capita_electricity,population,primary_energy_consumption,renewables_elec_per_capita,renewables_share_elec,renewables_cons_change_pct,renewables_share_energy,renewables_cons_change_twh,renewables_consumption,renewables_energy_per_capita,solar_share_elec,solar_cons_change_pct,solar_share_energy,solar_cons_change_twh,solar_consumption,solar_elec_per_capita,solar_energy_per_capita,wind_share_elec,wind_cons_change_pct,wind_share_energy,wind_cons_change_twh,wind_consumption,wind_elec_per_capita,wind_energy_per_capita
,Eastern Africa,1965,,,,,,,,,,,,,,,,,,,20.54,,21.081,,,,,,,,,,6.048,0.0,,,0.0,6.048,0.0,0.0,,,,,,83.632,,85.834,,,,,,,0.0,,0.0,,,,,,,16.368,,16.799,,,,6.048,,,16.368,,16.799,,,,,,0.0,,0.0,,,,,63.092,,64.753,,,,,,,,0.0,,0.0,,,,,,102.632,,,,16.368,,16.799,,,,0.0,,0.0,,,,,0.0,,0.0,,
,Eastern Africa,1966,,,,,,,9.754,10.011,,,,,,,,,,16.363,21.777,3.45,24.53,,,,,,,,,,7.168,0.0,,,0.0,7.168,0.0,0.0,,,,,8.039,82.325,6.9,92.734,,,,,,,0.008,0.009,0.009,,,,,,18.521,17.675,3.111,19.91,,,,7.168,,18.521,17.675,3.111,19.91,,,,,,0.0,0.0,0.0,,,,5.314,60.54,3.441,68.194,,,,,,,,0.0,0.0,0.0,,,,,,112.644,,,18.521,17.675,3.111,19.91,,,,0.0,0.0,0.0,,,,,0.0,0.0,0.0,,
,Eastern Africa,1967,,,,,,,2.949,3.322,,,,,,,,,,0.977,21.36,0.24,24.77,,,,,,,,,,7.011,0.0,,,0.0,7.011,0.0,0.0,,,,,4.053,83.207,3.758,96.492,,,,,,0.0,0.008,0.0,0.009,,,,,,-2.189,16.793,-0.436,19.474,,,,7.011,,-2.189,16.793,-0.436,19.474,,,,,,0.0,0.0,0.0,,,,5.159,61.839,3.518,71.712,,,,,,,,0.0,0.0,0.0,,,,,,115.966,,,-2.189,16.793,-0.436,19.474,,,,0.0,0.0,0.0,,,,,0.0,0.0,0.0,,
,Eastern Africa,1968,,,,,,,4.145,4.807,,,,,,,,,,5.393,21.616,1.336,26.106,,,,,,,,,,7.198,0.0,,,0.0,7.198,0.0,0.0,,,,,4.443,83.445,4.287,100.779,,,,,,0.0,0.008,0.0,0.009,,,,,,2.669,16.555,0.52,19.994,,,,7.198,,2.669,16.555,0.52,19.994,,,,,,0.0,0.0,0.0,,,,4.115,61.822,2.951,74.664,,,,,,,,0.0,0.0,0.0,,,,,,120.773,,,2.669,16.555,0.52,19.994,,,,0.0,0.0,0.0,,,,,0.0,0.0,0.0,,
,Eastern Africa,1969,,,,,,,4.645,5.61,,,,,,,,,,-2.997,20.037,-0.782,25.324,,,,,,,,,,7.912,0.0,,,0.0,7.912,0.0,0.0,,,,,3.598,82.61,3.626,104.405,,,,,,0.0,0.007,0.0,0.009,,,,,,9.921,17.39,1.984,21.978,,,,7.912,,9.921,17.39,1.984,21.978,,,,,,0.0,0.0,0.0,,,,5.905,62.566,4.409,79.072,,,,,,,,0.0,0.0,0.0,,,,,,126.383,,,9.921,17.39,1.984,21.978,,,,0.0,0.0,0.0,,,,,0.0,0.0,0.0,,
,Eastern Africa,1970,,,,,,,13.028,16.465,,,,,,,,,,13.226,20.072,3.349,28.673,,,,,,,,,,11.34,0.0,,,0.0,11.34,0.0,0.0,,,,,6.649,77.948,6.942,111.347,,,,,,0.0,0.006,0.0,0.009,,,,,,43.328,22.052,9.522,31.5,,,,11.34,,43.328,22.052,9.522,31.5,,,,,,0.0,0.0,0.0,,,,4.544,57.87,3.593,82.665,,,,,,,,0.0,0.0,0.0,,,,,,142.847,,,43.328,22.052,9.522,31.5,,,,0.0,0.0,0.0,,,,,0.0,0.0,0.0,,
,Eastern Africa,1971,,,,,,,7.229,10.326,,,,,,,,,,1.952,19.085,0.56,29.232,,,,,,,,,,8.903,0.0,,,0.126,9.029,0.0,0.0,,,,,15.038,83.626,16.745,128.092,,,,,,0.0,0.006,0.0,0.009,,,,,,-21.49,16.146,-6.769,24.731,,,,9.029,,-20.379,16.374,-6.419,25.081,,,,,,0.0,0.0,0.0,,,,19.579,64.535,16.185,98.851,,,,,,,,0.228,0.35,0.35,,,,,,153.173,,,-20.379,16.374,-6.419,25.081,,,,0.0,0.0,0.0,,,,,0.0,0.0,0.0,,
,Eastern Africa,1972,,,,,,,4.862,7.448,,,,,,,,,,-6.702,16.98,-1.959,27.273,,,,,,,,,,10.891,0.0,,,0.127,11.018,0.0,0.0,,,,,1.501,80.945,1.922,130.014,,,,,,0.0,0.006,0.0,0.009,,,,,,22.332,18.835,5.523,30.254,,,,11.018,,22.031,19.055,5.526,30.606,,,,,,0.0,0.0,0.0,,,,3.926,63.959,3.881,102.732,,,,,,,0.794,0.22,0.003,0.353,,,,,,160.621,,,22.031,19.055,5.526,30.606,,,,0.0,0.0,0.0,,,,,0.0,0.0,0.0,,
,Eastern Africa,1973,,,,,,,5.478,8.799,,,,,,,,,,9.831,17.681,2.681,29.954,,,,,,,,,,11.249,0.0,,,0.132,11.381,0.0,0.0,,,,,5.992,81.339,7.79,137.805,,,,,,0.0,0.005,0.0,0.009,,,,,,3.287,18.444,0.995,31.248,,,,11.381,,3.295,18.661,1.008,31.615,,,,,,0.0,0.0,0.0,,,,4.973,63.653,5.109,107.841,,,,,,,3.937,0.216,0.014,0.367,,,,,,169.419,,,3.295,18.661,1.008,31.615,,,,0.0,0.0,0.0,,,,,0.0,0.0,0.0,,
,Eastern Africa,1974,,,,,,,3.674,6.225,,,,,,,,,,-7.927,15.702,-2.374,27.58,,,,,,,,,,14.268,0.0,,,0.136,14.404,0.0,0.0,,,,,-1.575,77.221,-2.17,135.634,,,,,,0.0,0.005,0.0,0.009,,,,,,26.83,22.564,8.384,39.632,,,,14.404,,26.554,22.779,8.395,40.01,,,,,,0.0,0.0,0.0,,,,0.189,61.514,0.204,108.045,,,,,,,3.03,0.215,0.011,0.378,,,,,,175.644,,,26.554,22.779,8.395,40.01,,,,0.0,0.0,0.0,,,,,0.0,0.0,0.0,,
,Eastern Africa,1975,,,,,,,-2.454,-4.311,,,,,,,,,,-9.123,14.629,-2.516,25.064,,,,,,,,,,15.189,0.0,,,0.133,15.322,0.0,0.0,,,,,-5.059,75.159,-6.861,128.773,,,,,,0.0,0.005,0.0,0.009,,,,,,6.456,24.625,2.558,42.191,,,,15.322,,6.374,24.841,2.55,42.56,,,,,,0.0,0.0,0.0,,,,-4.022,60.525,-4.345,103.7,,,,,,,-2.206,0.216,-0.008,0.369,,,,,,171.333,,,6.374,24.841,2.55,42.56,,,,0.0,0.0,0.0,,,,,0.0,0.0,0.0,,
,Eastern Africa,1976,,,,,,,7.231,12.389,,,,,,,,,,32.028,18.012,8.027,33.091,,,,,,,,,,16.744,0.0,,,0.146,16.89,0.0,0.0,,,,,6.238,74.464,8.033,136.806,,,,,,0.0,0.005,0.0,0.009,,,,,,10.239,25.316,4.32,46.51,,,,16.89,,10.235,25.536,4.356,46.916,,,,,,0.0,0.0,0.0,,,,0.005,56.447,0.006,103.705,,,,,,,9.774,0.221,0.036,0.406,,,,,,183.722,,,10.235,25.536,4.356,46.916,,,,0.0,0.0,0.0,,,,,0.0,0.0,0.0,,
,Eastern Africa,1977,,,,,,,1.406,2.583,,,,,,,,,,-18.531,14.47,-6.132,26.959,,,,,,,,,,19.093,0.0,,,0.149,19.242,0.0,0.0,,,,,-2.888,71.311,-3.951,132.855,,,,,,0.0,0.005,0.0,0.009,,,,,,14.03,28.467,6.525,53.036,,,,19.242,,13.926,28.689,6.534,53.449,,,,,,0.0,0.0,0.0,,,,2.103,56.835,2.181,105.887,,,,,,,2.055,0.222,0.008,0.414,,,,,,186.304,,,13.926,28.689,6.534,53.449,,,,0.0,0.0,0.0,,,,,0.0,0.0,0.0,,
,Eastern Africa,1978,,,,,,,-2.58,-4.807,,,,,,,,,,-2.183,14.529,-0.589,26.371,,,,,,,,,,18.239,0.0,,,0.155,18.394,0.0,0.0,,,,,-1.845,71.849,-2.452,130.403,,,,,,0.0,0.005,0.0,0.009,,,,,,-4.473,27.914,-2.372,50.663,,,,18.394,,-4.407,28.151,-2.355,51.094,,,,,,0.0,0.0,0.0,,,,-1.759,57.314,-1.863,104.024,,,,,,,4.027,0.237,0.017,0.431,,,,,,181.497,,,-4.407,28.151,-2.355,51.094,,,,0.0,0.0,0.0,,,,,0.0,0.0,0.0,,
,Eastern Africa,1979,,,,,,,3.163,5.741,,,,,,,,,,-1.83,13.826,-0.483,25.888,,,,,,,,,,19.775,0.0,,,0.161,19.936,0.0,0.0,,,,,1.118,70.424,1.458,131.861,,,,,,8.108,0.005,0.001,0.01,,,,,,8.423,29.337,4.267,54.931,,,,19.936,,8.384,29.576,4.284,55.378,,,,,,0.0,0.0,0.0,,,,1.865,56.593,1.94,105.963,,,,,,,3.871,0.239,0.017,0.447,,,,,,187.239,,,8.384,29.576,4.284,55.378,,,,0.0,0.0,0.0,,,,,0.0,0.0,0.0,,
,Eastern Africa,1980,,,,,,,0.146,0.273,,,,,,,,,,3.987,14.356,1.032,26.92,,,,,,,,,,18.079,0.0,,,0.167,18.246,0.0,0.0,,,,,3.768,72.971,4.968,136.829,,,,,,5.0,0.006,0.001,0.01,,,,,,-8.579,26.781,-4.712,50.218,,,,18.246,,-8.479,27.029,-4.696,50.682,,,,,,0.0,0.0,0.0,,,,3.714,58.609,3.936,109.899,,,,,,,3.727,0.247,0.017,0.464,,,,,,187.511,,,-8.479,27.029,-4.696,50.682,,,,0.0,0.0,0.0,,,,,0.0,0.0,0.0,,
,Eastern Africa,1981,,,,,,,-1.323,-2.48,,,,,,,,,,-6.091,13.663,-1.64,25.28,,,,,,,,,,18.879,0.0,,,0.177,19.056,0.0,0.0,,,,,-3.457,71.393,-4.731,132.099,,,,,,-4.762,0.005,-0.001,0.01,,,,,,4.426,28.342,2.223,52.441,,,,19.056,,4.44,28.607,2.25,52.932,,,,,,0.0,0.0,0.0,,,,-2.812,57.724,-3.091,106.808,,,,,,,5.988,0.266,0.028,0.492,,,,,,185.031,,,4.44,28.607,2.25,52.932,,,,0.0,0.0,0.0,,,,,0.0,0.0,0.0,,
,Eastern Africa,1982,,,,,,,-1.388,-2.568,,,,,,,,,,-3.444,13.378,-0.871,24.41,,,,,,,,,,19.575,0.0,,,0.195,19.77,0.0,0.0,,,,,-3.445,69.903,-4.551,127.548,,,,,,5.0,0.006,0.001,0.01,,,,,,3.686,29.8,1.933,54.374,,,,19.77,,3.746,30.097,1.983,54.916,,,,,,0.0,0.0,0.0,,,,-3.446,56.52,-3.681,103.127,,,,,,,10.169,0.297,0.05,0.542,,,,,,182.463,,,3.746,30.097,1.983,54.916,,,,0.0,0.0,0.0,,,,,0.0,0.0,0.0,,
,Eastern Africa,1983,,,,,,,0.649,1.184,,,,,,,,,,10.742,14.719,2.622,27.032,,,,,,,,,,19.38,0.0,,,0.189,19.569,0.0,0.0,,,,,1.366,70.401,1.742,129.29,,,,,,0.0,0.006,0.0,0.01,,,,,,-0.996,29.313,-0.541,53.832,,,,19.569,,-1.016,29.599,-0.558,54.357,,,,,,0.0,0.0,0.0,,,,-0.853,55.676,-0.88,102.248,,,,,,,-3.077,0.286,-0.017,0.525,,,,,,183.648,,,-1.016,29.599,-0.558,54.357,,,,0.0,0.0,0.0,,,,,0.0,0.0,0.0,,
,Eastern Africa,1984,,,,,,,-0.575,-1.056,,,,,,,,,,-5.793,13.947,-1.566,25.466,,,,,,,,,,18.887,0.0,,,0.192,19.079,0.0,0.0,,,,,0.235,70.975,0.304,129.594,,,,,,-61.905,0.002,-0.007,0.004,,,,,,-2.542,28.733,-1.368,52.464,,,,19.079,,-2.502,29.025,-1.36,52.998,,,,,,0.0,0.0,0.0,,,,1.835,57.026,1.877,104.124,,,,,,,1.587,0.292,0.008,0.533,,,,,,182.592,,,-2.502,29.025,-1.36,52.998,,,,0.0,0.0,0.0,,,,,0.0,0.0,0.0,,
,Eastern Africa,1985,,,,,,,3.603,6.578,,,,,,,,,,6.714,14.366,1.71,27.176,,,,,,,,,,19.692,0.0,,,0.227,19.919,0.0,0.0,24.101,,,,3.276,70.751,4.246,133.84,,,,,,-6.25,0.002,-0.0,0.004,,,,,81.706,4.26,28.915,2.235,54.699,,,82.648,19.919,,4.401,29.249,2.332,55.33,,,,0.0,,0.0,0.0,0.0,,,,2.436,56.384,2.536,106.661,,,,,,,18.229,0.333,0.097,0.631,,0.942,,,,189.17,,82.648,4.401,29.249,2.332,55.33,,0.0,,0.0,0.0,0.0,,,0.0,,0.0,0.0,0.0,,
,Eastern Africa,1986,,,,,,,5.231,9.896,,,,,,,,,,15.973,15.832,4.341,31.516,,,,,,,,,,18.845,0.0,,,0.617,19.462,0.0,0.0,24.675,,,,8.341,72.842,11.164,145.004,,,,,,-33.333,0.001,-0.001,0.002,,,,,76.374,-4.298,26.297,-2.351,52.348,,,78.874,19.462,,-2.291,27.158,-1.268,54.062,,,,0.0,,0.0,0.0,0.0,,,,6.398,57.009,6.824,113.485,,,,,,,171.806,0.861,1.083,1.714,,2.5,,,,199.066,,78.874,-2.291,27.158,-1.268,54.062,,0.0,,0.0,0.0,0.0,,,0.0,,0.0,0.0,0.0,,
,Eastern Africa,1987,,,,,,,0.388,0.773,,,,,,,,,,18.612,18.706,5.866,37.382,,,,,,,,,,16.427,0.0,,,0.615,17.042,0.0,0.0,24.88,,,,5.17,76.312,7.497,152.5,,,,,,-60.0,0.001,-0.002,0.001,,,,,66.024,-12.833,22.834,-6.718,45.63,,,68.496,17.042,,-12.436,23.688,-6.723,47.339,,,,0.0,,0.0,0.0,0.0,,,,1.438,57.605,1.632,115.117,,,,,,,-0.324,0.855,-0.006,1.708,,2.472,,,,199.839,,68.496,-12.436,23.688,-6.723,47.339,,0.0,,0.0,0.0,0.0,,,0.0,,0.0,0.0,0.0,,
,Eastern Africa,1988,,,,,,,8.217,16.42,,,,,,,,,,0.676,17.403,0.253,37.635,,,,,,,,,,18.618,0.0,,,0.583,19.201,0.0,0.0,27.228,,,,6.834,75.336,10.422,162.922,,,,,,75.0,0.001,0.001,0.002,,,,,68.381,13.341,23.915,6.087,51.718,,,70.522,19.201,,12.672,24.664,5.999,53.337,,,,0.0,,0.0,0.0,0.0,,,,8.833,57.933,10.168,125.285,,,,,,,-5.203,0.749,-0.089,1.619,,2.141,,,,216.259,,70.522,12.672,24.664,5.999,53.337,,0.0,,0.0,0.0,0.0,,,0.0,,0.0,0.0,0.0,,
,Eastern Africa,1989,,,,,,,1.34,2.897,,,,,,,,,,-1.661,16.888,-0.625,37.01,,,,,,,,,,18.026,0.0,,,0.574,18.6,0.0,0.0,26.429,,,,2.803,76.424,4.567,167.489,,,,,,-28.571,0.001,-0.001,0.001,,,,,68.207,-3.181,22.848,-1.645,50.073,,,70.379,18.6,,-3.131,23.576,-1.67,51.667,,,,0.0,,0.0,0.0,0.0,,,,4.145,59.536,5.193,130.478,,,,,,,-1.544,0.728,-0.025,1.594,,2.172,,,,219.156,,70.379,-3.131,23.576,-1.67,51.667,,0.0,,0.0,0.0,0.0,,,0.0,,0.0,0.0,0.0,,
,Eastern Africa,1990,,,,,,,12.616,27.65,,,,,,,,,,41.487,21.217,15.354,52.365,,,,,,,,,,21.346,0.0,,,0.713,22.059,0.0,0.0,30.019,,,,10.773,75.173,18.043,185.533,,,,,,20.0,0.001,0.0,0.002,,,,,71.106,18.414,24.024,9.22,59.293,,,73.482,22.059,,18.593,24.827,9.607,61.274,,,,0.0,,0.0,0.0,0.0,,,,2.061,53.956,2.689,133.166,,,,,,,24.216,0.802,0.386,1.981,,2.375,,,,246.806,,73.482,18.593,24.827,9.607,61.274,,0.0,,0.0,0.0,0.0,,,0.0,,0.0,0.0,0.0,,
,Eastern Africa,1991,,,,,,,-4.762,-11.753,,,,,,,,,,-17.883,18.294,-9.364,43.0,,,,,,,,,,21.743,0.0,,,0.716,22.459,0.0,0.0,31.428,,,,-6.934,73.459,-12.865,172.668,,,,,,-16.667,0.001,-0.0,0.001,,,,,69.182,1.86,25.695,1.103,60.396,,,71.46,22.459,,1.813,26.541,1.111,62.385,,,,0.0,,0.0,0.0,0.0,,,,-2.628,55.165,-3.5,129.666,,,,,,,0.421,0.846,0.008,1.989,,2.278,,,,235.053,,71.46,1.813,26.541,1.111,62.385,,0.0,,0.0,0.0,0.0,,,0.0,,0.0,0.0,0.0,,
,Eastern Africa,1992,,,,,,,-1.814,-4.265,,,,,,,,,,2.262,19.053,0.973,43.973,,,,,,,,,,19.633,0.0,,,0.709,20.342,0.0,0.0,28.78,,,,0.935,75.516,1.615,174.283,,,,,,140.0,0.001,0.002,0.003,,,,,68.217,-9.702,23.63,-5.86,54.536,,,70.681,20.342,,-9.424,24.484,-5.879,56.506,,,,0.0,,0.0,0.0,0.0,,,,0.494,56.462,0.64,130.307,,,,,,,-0.978,0.853,-0.019,1.969,,2.464,,,,230.788,,70.681,-9.424,24.484,-5.879,56.506,,0.0,,0.0,0.0,0.0,,,0.0,,0.0,0.0,0.0,,
,Eastern Africa,1993,,,,,,,6.535,15.083,,,,,,,,,,20.522,21.555,9.024,52.997,,,,,,,,,,20.533,0.0,,,0.698,21.231,0.0,0.0,30.312,,,,7.238,76.014,12.615,186.898,,,,,,8.333,0.001,0.0,0.003,,,,,67.738,4.582,23.197,2.499,57.035,,,70.041,21.231,,4.368,23.986,2.468,58.974,,,,0.0,,0.0,0.0,0.0,,,,2.756,54.458,3.591,133.897,,,,,,,-1.551,0.789,-0.031,1.939,,2.303,,,,245.871,,70.041,4.368,23.986,2.468,58.974,,0.0,,0.0,0.0,0.0,,,0.0,,0.0,0.0,0.0,,
,Eastern Africa,1994,,,,,,,0.633,1.556,,,,,,,,,,-10.506,19.169,-5.568,47.429,,,,,,,,,,20.672,0.0,,,0.586,21.258,0.0,0.0,30.735,,,,0.791,76.134,1.479,188.377,,,,,,0.0,0.001,0.0,0.003,,,,,67.259,0.681,23.208,0.388,57.423,,,69.166,21.258,,0.131,23.866,0.077,59.051,,,,0.0,,0.0,0.0,0.0,,,,5.263,56.964,7.047,140.944,,,,,,,-16.046,0.658,-0.311,1.628,,1.907,,,,247.427,,69.166,0.131,23.866,0.077,59.051,,0.0,,0.0,0.0,0.0,,,0.0,,0.0,0.0,0.0,,
,Eastern Africa,1995,,,,,,,1.849,4.575,,,,,,,,,,-2.689,18.315,-1.275,46.154,,,,,,,,,,20.862,0.0,,,0.73,21.592,0.0,0.0,31.729,,,,1.937,76.2,3.649,192.025,,,,,,53.846,0.002,0.002,0.005,,,,,65.751,0.917,22.996,0.527,57.95,,,68.051,21.592,,1.569,23.8,0.927,59.978,,,,0.0,,0.0,0.0,0.0,,,,3.492,57.883,4.922,145.867,,,,,,,24.573,0.805,0.4,2.028,,2.301,,,,252.003,,68.051,1.569,23.8,0.927,59.978,,0.0,,0.0,0.0,0.0,,,0.0,,0.0,0.0,0.0,,
,Eastern Africa,1996,,,,,,,0.563,1.42,,,,,,,,,,-7.354,16.873,-3.394,42.76,,,,,,,,,,20.736,0.0,,,0.894,21.63,0.0,0.0,31.468,,,,0.685,76.291,1.314,193.34,,,,,,0.0,0.002,0.0,0.005,,,,,65.895,-0.605,22.728,-0.351,57.599,,,68.736,21.63,,0.175,23.709,0.105,60.083,,,,0.0,,0.0,0.0,0.0,,,,3.228,59.417,4.709,150.575,,,,,,,22.479,0.98,0.456,2.484,,2.841,,,,253.423,,68.736,0.175,23.709,0.105,60.083,,0.0,,0.0,0.0,0.0,,,0.0,,0.0,0.0,0.0,,
,Eastern Africa,1997,,,,,,,3.949,10.007,,,,,,,,,,11.036,18.023,4.719,47.479,,,,,,,,,,21.813,0.0,,,0.912,22.725,0.0,0.0,33.486,,,,3.602,76.037,6.965,200.305,,,,,,15.0,0.002,0.001,0.006,,,,,65.141,5.196,23.001,2.993,60.592,,,67.865,22.725,,5.064,23.963,3.043,63.125,,,,0.0,,0.0,0.0,0.0,,,,1.491,58.012,2.245,152.82,,,,,,,2.013,0.962,0.05,2.534,,2.724,,,,263.43,,67.865,5.064,23.963,3.043,63.125,,0.0,,0.0,0.0,0.0,,,0.0,,0.0,0.0,0.0,,
,Eastern Africa,1998,,,,,,,6.519,17.172,,,,,,,,,,-5.284,16.026,-2.509,44.97,,,,,,,,,,27.865,0.0,,,1.147,29.012,0.0,0.0,38.842,,,,-0.145,71.28,-0.291,200.014,,,,,,136.232,0.005,0.008,0.014,,,,,71.739,27.745,27.585,16.811,77.403,,,74.691,29.012,,27.663,28.72,17.462,80.588,,,,0.0,,0.0,0.0,0.0,,,,1.447,55.249,2.211,155.031,,,,,,,25.7,1.135,0.651,3.185,,2.952,,,,280.602,,74.691,27.663,28.72,17.462,80.588,,0.0,,0.0,0.0,0.0,,,0.0,,0.0,0.0,0.0,,
,Eastern Africa,1999,,,,,,,2.121,5.951,,,,,,,,,,-14.903,13.355,-6.702,38.268,,,,,,,,,,29.366,0.0,,,1.132,30.498,0.0,0.0,41.048,,,,0.911,70.436,1.822,201.836,,,,,,43.149,0.007,0.006,0.019,,,,,71.54,5.386,28.467,4.169,81.572,,,74.298,30.498,,5.124,29.564,4.129,84.717,,,,0.0,,0.0,0.0,0.0,,,,5.494,57.074,8.518,163.548,,,,,,,-1.249,1.098,-0.04,3.145,,2.758,,,,286.552,,74.298,5.124,29.564,4.129,84.717,,0.0,,0.0,0.0,0.0,,,0.0,,0.0,0.0,0.0,,
,Eastern Africa,2000,,,,,,,1.231,3.527,,,,,,,,,,-7.364,12.221,-2.818,35.45,,,,,,,,,,30.854,0.0,,,1.5,32.354,0.0,0.0,42.277,,,,-0.807,69.018,-1.628,200.207,,,,,,19.0,0.008,0.004,0.023,,,,,72.98,5.068,29.546,4.134,85.706,,,76.528,32.354,,6.085,30.982,5.155,89.872,,,,0.0,,0.0,0.0,0.0,,,,0.725,56.789,1.186,164.734,,,,,,,32.466,1.436,1.021,4.166,,3.547,,,,290.079,,76.528,6.085,30.982,5.155,89.872,,0.0,,0.0,0.0,0.0,,,0.0,,0.0,0.0,0.0,,
,Eastern Africa,2001,,,,,,,7.574,21.969,,,,,,,,,,5.859,12.026,2.077,37.527,,,,,,,,,,34.958,0.0,,,1.596,36.554,0.0,0.0,46.296,,,,5.475,67.672,10.961,211.169,,,,,,-7.923,0.007,-0.002,0.021,,,,,75.511,12.566,30.917,10.77,96.476,,,78.958,36.554,,12.249,32.328,11.008,100.88,,,,0.0,,0.0,0.0,0.0,,,,5.394,55.639,8.886,173.62,,,,,,,5.703,1.411,0.238,4.404,,3.447,,,,312.049,,78.958,12.249,32.328,11.008,100.88,,0.0,,0.0,0.0,0.0,,,0.0,-100.0,0.0,-0.0,0.0,,
,Eastern Africa,2002,,,,,,,2.449,7.643,,,,,,,,,,-5.186,11.13,-1.946,35.581,,,,,,,,,,37.998,0.0,,,1.489,39.488,0.0,0.0,48.18,,,,0.119,66.132,0.251,211.419,,,,,,23.207,0.008,0.005,0.026,,,,,78.867,7.995,32.59,7.713,104.189,,,81.958,39.488,,7.328,33.868,7.393,108.273,,,,0.0,,0.0,0.0,0.0,,,,1.263,54.994,2.192,175.812,,,,,,,-7.305,1.277,-0.322,4.082,,3.09,,,,319.692,,81.958,7.328,33.868,7.393,108.273,,0.001,98.266,0.0,0.0,0.001,,,0.001,,0.0,0.001,0.001,,
,Eastern Africa,2003,,,,,,,-1.242,-3.972,,,,,,,,,,-17.915,9.251,-6.374,29.206,,,,,,,,,,38.379,0.0,,,1.897,40.276,0.0,0.0,47.835,,,,-2.567,65.245,-5.427,205.993,,,,,,12.63,0.009,0.003,0.03,,,,,80.232,0.354,33.117,0.369,104.558,,,84.199,40.276,,1.343,34.755,1.455,109.728,,,,0.0,,0.0,0.0,0.0,,,,0.537,55.985,0.944,176.757,,,,,,,26.596,1.637,1.086,5.168,,3.965,,,,315.72,,84.199,1.343,34.755,1.455,109.728,,0.001,-0.875,0.0,-0.0,0.001,,,0.001,32.432,0.0,0.0,0.001,,
,Eastern Africa,2004,,,,,,,8.048,25.41,,,,,,,,,,22.415,10.481,6.546,35.753,,,,,,,,,,38.952,0.0,,,2.182,41.135,0.001,0.001,50.996,,,,11.546,67.357,23.784,229.777,,,,,,4150.73,0.368,1.227,1.257,,,,,76.383,0.846,30.91,0.885,105.443,,,80.665,41.135,,1.482,32.643,1.626,111.354,,,,0.0,,0.0,0.0,0.0,,,,9.058,56.508,16.01,192.767,,,,,,,14.314,1.732,0.74,5.907,,4.279,,,,341.131,,80.665,1.482,32.643,1.626,111.354,,0.001,49.412,0.0,0.0,0.001,,,0.002,123.724,0.001,0.001,0.002,,
,Eastern Africa,2005,,,,,,,3.355,11.446,,,,,,,,,,-7.876,9.342,-2.816,32.937,,,,,,,,,,40.264,0.0,,,2.153,42.419,0.001,0.001,54.229,,,,3.785,67.637,8.697,238.474,,,,,,233.998,1.191,2.941,4.197,,,,,74.247,2.714,30.718,2.861,108.304,,,78.222,42.419,,2.469,32.363,2.749,114.103,,,,0.0,,0.0,0.0,0.0,,,,4.447,57.105,8.572,201.339,,,,,,,-1.949,1.643,-0.115,5.792,,3.971,,,,352.577,,78.222,2.469,32.363,2.749,114.103,,0.002,128.346,0.001,0.002,0.003,,,0.002,43.672,0.001,0.001,0.004,,
,Eastern Africa,2006,,,,,,,3.51,12.375,,,,,,,,,,-18.553,7.351,-6.111,26.826,,,,,,,,,,42.56,0.0,,,2.293,44.862,0.005,0.005,56.285,,,,2.752,67.142,6.562,245.036,,,,,,23.728,1.423,0.996,5.193,,,,,75.614,5.038,31.171,5.456,113.76,,,79.706,44.862,,5.094,32.858,5.812,119.915,,,,0.0,,0.0,0.0,0.0,,,,5.8,58.369,11.677,213.017,,,,,,,5.827,1.68,0.337,6.13,,4.074,,,,364.951,,79.706,5.094,32.858,5.812,119.915,,0.009,297.414,0.004,0.01,0.013,,,0.009,266.667,0.004,0.009,0.013,,
,Eastern Africa,2007,,,,,,,5.116,18.67,,,,,,,,,,3.54,7.24,0.95,27.776,,,,,,,,,,46.387,0.0,,,2.206,48.613,0.009,0.011,59.493,,,,3.86,66.34,9.458,254.494,,,,,,11.472,1.509,0.596,5.789,,,,,77.969,8.311,32.119,9.455,123.215,,,81.711,48.613,,7.682,33.66,9.212,129.127,,,,0.0,,0.0,0.0,0.0,,,,3.714,57.59,7.912,220.929,,,,,,,-4.423,1.527,-0.271,5.858,,3.707,,,,383.621,,81.711,7.682,33.66,9.212,129.127,,0.016,95.228,0.007,0.012,0.025,,,0.018,127.68,0.008,0.016,0.029,,
,Eastern Africa,2008,,,,,,,-0.788,-3.022,,,,,,,,,,-25.84,5.412,-7.177,20.598,,,,,,,,,,45.788,0.0,,,2.322,48.143,0.018,0.016,61.752,,,,-0.388,66.607,-0.989,253.505,,,,,,6.316,1.617,0.366,6.155,,,,,74.148,-1.904,31.757,-2.346,120.868,,,77.963,48.143,,-1.58,33.391,-2.041,127.087,,,,0.0,,0.0,0.0,0.0,,,,2.636,59.578,5.823,226.752,,,,,,,4.618,1.61,0.271,6.129,,3.76,,,,380.599,,77.963,-1.58,33.391,-2.041,127.087,,0.029,87.434,0.012,0.022,0.047,,,0.026,45.183,0.011,0.013,0.042,,
,Eastern Africa,2009,,,,,,,5.441,20.71,,,,,,,,,,14.591,5.882,3.006,23.604,,,,,,,,,,48.02,0.0,,,2.679,50.757,0.032,0.027,66.463,,,,5.765,66.811,14.614,268.12,,,,,,18.113,1.811,1.115,7.27,,,,,72.251,4.229,31.392,5.111,125.979,,,76.37,50.757,,4.779,33.181,6.073,133.16,,,,0.0,,0.0,0.0,0.0,,,,4.628,59.118,10.494,237.246,,,,,,,14.659,1.751,0.898,7.028,,4.03,,,,401.309,,76.37,4.779,33.181,6.073,133.16,,0.048,76.8,0.021,0.036,0.083,,,0.04,65.123,0.017,0.028,0.07,,
,Eastern Africa,2010,,,,,,,8.284,33.244,,,,,,,,,,31.986,7.169,7.55,31.154,,,,,,,,,,53.972,0.0,,,2.937,57.042,0.095,0.038,73.997,,,,6.589,65.766,17.667,285.787,,,,,,16.071,1.942,1.168,8.438,,,,,72.939,11.705,32.384,14.746,140.725,,,77.087,57.042,,11.692,34.226,15.569,148.729,,,,0.0,,0.0,0.0,0.0,,,,3.772,56.655,8.949,246.195,,,,,,,8.952,1.762,0.629,7.657,,3.968,,,,434.552,,77.087,11.692,34.226,15.569,148.729,,0.128,198.251,0.057,0.164,0.247,,,0.052,42.23,0.023,0.03,0.1,,
,Eastern Africa,2011,,,,,,,4.967,21.585,,,,,,,,,,12.036,7.652,3.75,34.904,,,,,,,,,,55.613,0.0,,,2.939,58.761,0.175,0.034,78.443,,,,6.306,66.605,18.022,303.809,,,,,,13.182,2.094,1.112,9.55,,,,,70.897,2.413,31.596,3.395,144.12,,,74.909,58.761,,2.386,33.384,3.548,152.277,,,,0.0,,0.0,0.0,0.0,,,,5.345,56.859,13.16,259.355,,,,,,,-0.535,1.67,-0.041,7.616,,3.746,,,,456.138,,74.909,2.386,33.384,3.548,152.277,,0.223,83.098,0.099,0.205,0.452,,,0.044,-11.222,0.019,-0.011,0.088,,
,Eastern Africa,2012,,,,,,,1.087,4.958,,,,,,,,,,-17.71,6.229,-6.182,28.722,,,,,,,,,,58.061,0.0,,,3.09,61.549,0.245,0.154,81.609,,,,-0.424,65.609,-1.287,302.522,,,,,,15.089,2.384,1.441,10.991,,,,,71.146,3.768,32.434,5.431,149.551,,,75.42,61.549,,4.11,34.382,6.259,158.536,,,,0.0,,0.0,0.0,0.0,,,,1.332,56.997,3.454,262.808,,,,,,,4.497,1.726,0.343,7.958,,3.786,,,,461.095,,75.42,4.11,34.382,6.259,158.536,,0.3,39.237,0.137,0.178,0.63,,,0.189,348.418,0.086,0.308,0.397,,
,Eastern Africa,2013,,,,,,,9.451,43.58,,,,,,,,,,51.106,8.6,14.679,43.401,,,,,,,,,,61.758,0.0,,,3.371,65.746,0.303,0.315,86.843,,,,11.164,66.636,33.775,336.297,,,,,,3.936,2.264,0.433,11.424,,,,,71.114,5.726,31.33,8.564,158.115,,,75.707,65.746,,6.176,33.353,9.791,168.327,,,,0.0,,0.0,0.0,0.0,,,,7.101,55.773,18.663,281.472,,,,,,,8.454,1.71,0.673,8.631,,3.882,,,,504.676,,75.707,6.176,33.353,9.791,168.327,,0.349,23.066,0.154,0.145,0.775,,,0.362,103.156,0.16,0.409,0.806,,
,Eastern Africa,2014,,,,,,,9.268,46.773,,,,,,,,,,53.97,12.118,23.423,66.824,,,,,,,,,,65.988,0.0,,,4.542,71.353,0.38,0.441,93.045,,,,9.968,67.063,33.521,369.818,,,,,,9.865,2.276,1.127,12.551,,,,,70.921,6.211,30.453,9.82,167.935,,,76.686,71.353,,7.877,32.929,13.259,181.586,,,,0.0,,0.0,0.0,0.0,,,,3.187,52.669,8.971,290.442,,,,,,,33.936,2.096,2.929,11.56,,4.882,,,,551.448,,76.686,7.877,32.929,13.259,181.586,,0.409,24.879,0.176,0.193,0.968,,,0.474,39.385,0.204,0.317,1.123,,
,Eastern Africa,2015,,,,,,,4.549,25.086,,,,,,,,,,-15.841,9.755,-10.586,56.238,,,,,,,,,,65.284,0.0,,,6.207,72.705,0.436,0.778,98.272,,,,6.151,68.09,22.746,392.564,,,,,,28.111,2.789,3.528,16.079,,,,,66.433,-1.656,28.646,-2.781,165.154,,,73.984,72.705,,1.289,31.902,2.34,183.927,,,,0.0,,0.0,0.0,0.0,,,,10.261,55.547,29.803,320.246,,,,,,,35.831,2.724,4.142,15.702,,6.316,,,,576.534,,73.984,1.289,31.902,2.34,183.927,,0.444,13.908,0.191,0.135,1.103,,,0.791,75.184,0.341,0.844,1.967,,
,Eastern Africa,2016,,,,,,,-2.03,-11.706,,,,,,,,,,-18.474,8.117,-10.389,45.849,,,,,,,,,,61.81,0.0,,,6.281,69.481,0.499,0.89,97.004,,,,-0.637,69.058,-2.502,390.062,,,,,,26.554,3.603,4.27,20.349,,,,,63.719,-5.882,27.52,-9.714,155.44,,,71.627,69.481,,-5.0,30.935,-9.197,174.73,,,,0.0,,0.0,0.0,0.0,,,,1.13,57.338,3.618,323.863,,,,,,,0.601,2.797,0.094,15.796,,6.475,,,,564.828,,71.627,-5.0,30.935,-9.197,174.73,,0.515,13.826,0.222,0.152,1.255,,,0.917,13.747,0.396,0.27,2.238,,
,Eastern Africa,2017,,,,,,,5.939,33.544,,,,,,,,,,21.697,9.325,9.948,55.797,,,,,,,,,,64.394,0.0,,,6.529,72.287,0.572,0.792,103.037,,,,7.064,69.792,27.552,417.614,,,,,,-1.897,3.336,-0.386,19.963,,,,,62.496,3.568,26.904,5.545,160.986,,,70.157,72.287,,3.427,30.202,5.989,180.718,,,,0.0,,0.0,0.0,0.0,,,,5.555,57.131,17.991,341.854,,,,,,,3.323,2.728,0.525,16.321,,6.336,,,,598.373,,70.157,3.427,30.202,5.989,180.718,,0.556,14.009,0.239,0.176,1.431,,,0.769,-11.514,0.331,-0.258,1.98,,
,Eastern Africa,2018,,,,,,,5.666,33.906,,,,,,,,,,14.93,10.142,8.33,64.127,,,,,,,,,,69.019,0.0,,,7.146,77.71,0.681,0.864,108.759,,,,5.144,69.446,21.482,439.096,,,,,,4.248,3.291,0.848,20.811,,,,,63.461,6.556,27.13,10.554,171.54,,,71.452,77.71,,6.873,30.547,12.422,193.14,,,,0.0,,0.0,0.0,0.0,,,,3.599,56.013,12.303,354.157,,,,,,,8.816,2.809,1.439,17.76,,6.57,,,,632.278,,71.452,6.873,30.547,12.422,193.14,,0.626,18.242,0.268,0.261,1.692,,,0.795,8.458,0.34,0.167,2.148,,
,Eastern Africa,2019,,,,,,,1.724,10.903,,,,,,,,,,-15.227,8.452,-9.765,54.362,,,,,,,,,,68.68,0.0,,,7.276,78.953,0.772,2.225,109.482,,,,1.944,69.596,8.536,447.632,,,,,,14.1,3.692,2.934,23.745,,,,,62.732,-0.859,26.442,-1.473,170.067,,,72.115,78.953,,1.224,30.396,2.365,195.505,,,,0.0,,0.0,0.0,0.0,,,,4.339,57.453,15.367,369.524,,,,,,,1.447,2.801,0.257,18.017,,6.646,,,,643.182,,72.115,1.224,30.396,2.365,195.505,,0.705,12.948,0.297,0.219,1.911,,,2.032,156.52,0.857,3.362,5.509,,
,Eastern Africa,2020,,,,,,,-8.484,-54.567,,,,,,,,,,3.952,9.601,2.149,56.511,,,,,,,,,,72.678,0.0,,,7.117,82.584,0.821,1.968,109.386,,,,-14.029,65.379,-62.799,384.833,,,,,,-2.23,3.944,-0.529,23.216,,,,,66.441,5.432,30.462,9.238,179.305,,,75.498,82.584,,4.215,34.614,8.241,203.746,,,,0.0,,0.0,0.0,0.0,,,,-17.433,51.835,-64.418,305.106,,,,,,,-2.541,2.983,-0.458,17.559,,6.507,,,,588.615,,75.498,4.215,34.614,8.241,203.746,,0.75,5.965,0.344,0.114,2.025,,,1.799,-11.86,0.825,-0.653,4.856,,
