iso_code,country,year,coal_prod_change_pct,coal_prod_change_twh,gas_prod_change_pct,gas_prod_change_twh,oil_prod_change_pct,oil_prod_change_twh,energy_cons_change_pct,energy_cons_change_twh,biofuel_share_elec,biofuel_elec_per_capita,biofuel_cons_change_pct,biofuel_share_energy,biofuel_cons_change_twh,biofuel_consumption,biofuel_cons_per_capita,carbon_intensity_elec,coal_share_elec,coal_cons_change_pct,coal_share_energy,coal_cons_change_twh,coal_consumption,coal_elec_per_capita,coal_cons_per_capita,coal_production,coal_prod_per_capita,electricity_demand,biofuel_electricity,coal_electricity,fossil_electricity,gas_electricity,hydro_electricity,nuclear_electricity,oil_electricity,other_renewable_exc_biofuel_electricity,other_renewable_electricity,renewables_electricity,solar_electricity,wind_electricity,electricity_generation,greenhouse_gas_emissions,energy_per_gdp,energy_per_capita,fossil_cons_change_pct,fossil_share_energy,fossil_cons_change_twh,fossil_fuel_consumption,fossil_energy_per_capita,fossil_cons_per_capita,fossil_share_elec,gdp,gas_share_elec,gas_cons_change_pct,gas_share_energy,gas_cons_change_twh,gas_consumption,gas_elec_per_capita,gas_energy_per_capita,gas_production,gas_prod_per_capita,hydro_share_elec,hydro_cons_change_pct,hydro_share_energy,hydro_cons_change_twh,hydro_consumption,hydro_elec_per_capita,hydro_energy_per_capita,low_carbon_share_elec,low_carbon_electricity,low_carbon_elec_per_capita,low_carbon_cons_change_pct,low_carbon_share_energy,low_carbon_cons_change_twh,low_carbon_consumption,low_carbon_energy_per_capita,net_elec_imports_share_demand,net_elec_imports,nuclear_share_elec,nuclear_cons_change_pct,nuclear_share_energy,nuclear_cons_change_twh,nuclear_consumption,nuclear_elec_per_capita,nuclear_energy_per_capita,oil_share_elec,oil_cons_change_pct,oil_share_energy,oil_cons_change_twh,oil_consumption,oil_elec_per_capita,oil_energy_per_capita,oil_production,oil_prod_per_capita,other_renewables_elec_per_capita_exc_biofuel,other_renewables_elec_per_capita,other_renewables_cons_change_pct,other_renewables_share_energy,other_renewables_cons_change_twh,other_renewable_consumption,other_renewables_share_elec_exc_biofuel,other_renewables_share_elec,other_renewables_energy_per_capita,per_capita_electricity,population,primary_energy_consumption,renewables_elec_per_capita,renewables_share_elec,renewables_cons_change_pct,renewables_share_energy,renewables_cons_change_twh,renewables_consumption,renewables_energy_per_capita,solar_share_elec,solar_cons_change_pct,solar_share_energy,solar_cons_change_twh,solar_consumption,solar_elec_per_capita,solar_energy_per_capita,wind_share_elec,wind_cons_change_pct,wind_share_energy,wind_cons_change_twh,wind_consumption,wind_elec_per_capita,wind_energy_per_capita
EGY,Egypt,1900,,,,,,,,,,,,,,,,,,,,,,,,,,,,,,,,,,,,,,,,,,,,,,,,,,,,,,,,,,0.0,0.0,,,,,,,,,,,,,,,,,,,,,,,,,,,,,,,,0.0,0.0,,,,,,,,,,,9697412.0,,,,,,,,,,,,,,,,,,,,,,
EGY,Egypt,1901,,,,0.0,,0.0,,,,,,,,,,,,,,,,,,,,,,,,,,,,,,,,,,,,,,,,,,,,,,,,,,,,0.0,0.0,,,,,,,,,,,,,,,,,,,,,,,,,,,,,,,,0.0,0.0,,,,,,,,,,,9826167.0,,,,,,,,,,,,,,,,,,,,,,
EGY,Egypt,1902,,,,0.0,,0.0,,,,,,,,,,,,,,,,,,,,,,,,,,,,,,,,,,,,,,,,,,,,,,,,,,,,0.0,0.0,,,,,,,,,,,,,,,,,,,,,,,,,,,,,,,,0.0,0.0,,,,,,,,,,,9955444.0,,,,,,,,,,,,,,,,,,,,,,
EGY,Egypt,1903,,,,0.0,,0.0,,,,,,,,,,,,,,,,,,,,,,,,,,,,,,,,,,,,,,,,,,,,,,,,,,,,0.0,0.0,,,,,,,,,,,,,,,,,,,,,,,,,,,,,,,,0.0,0.0,,,,,,,,,,,10085236.0,,,,,,,,,,,,,,,,,,,,,,
EGY,Egypt,1904,,,,0.0,,0.0,,,,,,,,,,,,,,,,,,,,,,,,,,,,,,,,,,,,,,,,,,,,,,,,,,,,0.0,0.0,,,,,,,,,,,,,,,,,,,,,,,,,,,,,,,,0.0,0.0,,,,,,,,,,,10216711.0,,,,,,,,,,,,,,,,,,,,,,
EGY,Egypt,1905,,,,0.0,,0.0,,,,,,,,,,,,,,,,,,,,,,,,,,,,,,,,,,,,,,,,,,,,,,,,,,,,0.0,0.0,,,,,,,,,,,,,,,,,,,,,,,,,,,,,,,,0.0,0.0,,,,,,,,,,,10349890.0,,,,,,,,,,,,,,,,,,,,,,
EGY,Egypt,1906,,,,0.0,,0.0,,,,,,,,,,,,,,,,,,,,,,,,,,,,,,,,,,,,,,,,,,,,,,,,,,,,0.0,0.0,,,,,,,,,,,,,,,,,,,,,,,,,,,,,,,,0.0,0.0,,,,,,,,,,,10484794.0,,,,,,,,,,,,,,,,,,,,,,
EGY,Egypt,1907,,,,0.0,,0.0,,,,,,,,,,,,,,,,,,,,,,,,,,,,,,,,,,,,,,,,,,,,,,,,,,,,0.0,0.0,,,,,,,,,,,,,,,,,,,,,,,,,,,,,,,,0.0,0.0,,,,,,,,,,,10621446.0,,,,,,,,,,,,,,,,,,,,,,
EGY,Egypt,1908,,,,0.0,,0.0,,,,,,,,,,,,,,,,,,,,,,,,,,,,,,,,,,,,,,,,,,,,,,,,,,,,0.0,0.0,,,,,,,,,,,,,,,,,,,,,,,,,,,,,,,,0.0,0.0,,,,,,,,,,,10759869.0,,,,,,,,,,,,,,,,,,,,,,
EGY,Egypt,1909,,,,0.0,,0.0,,,,,,,,,,,,,,,,,,,,,,,,,,,,,,,,,,,,,,,,,,,,,,,,,,,,0.0,0.0,,,,,,,,,,,,,,,,,,,,,,,,,,,,,,,,0.0,0.0,,,,,,,,,,,10894882.0,,,,,,,,,,,,,,,,,,,,,,
EGY,Egypt,1910,,,,0.0,,0.0,,,,,,,,,,,,,,,,,,,,,,,,,,,,,,,,,,,,,,,,,,,,,,,,,,,,0.0,0.0,,,,,,,,,,,,,,,,,,,,,,,,,,,,,,,,0.0,0.0,,,,,,,,,,,11026391.0,,,,,,,,,,,,,,,,,,,,,,
EGY,Egypt,1911,,,,0.0,,0.035,,,,,,,,,,,,,,,,,,,,,,,,,,,,,,,,,,,,,,,,,,,,,,,,,,,,0.0,0.0,,,,,,,,,,,,,,,,,,,,,,,,,,,,,,,,0.035,3.128,,,,,,,,,,,11154299.0,,,,,,,,,,,,,,,,,,,,,,
EGY,Egypt,1912,,,,0.0,833.333,0.291,,,,,,,,,,,,,,,,,,,,,,,,,,,,,,,,,,,,,,,,,,,,,,,,,,,,0.0,0.0,,,,,,,,,,,,,,,,,,,,,,,,,,,,,,,,0.326,28.873,,,,,,,,,,,11278506.0,,,,,,,,,,,,,,,,,,,,,,
EGY,Egypt,1913,,,,0.0,-53.571,-0.174,,,,,,,,,,,,,,,,,,,,,,,,,,,,,,,,,,,,,,,,,,,,20329056000.0,,,,,,,,0.0,0.0,,,,,,,,,,,,,,,,,,,,,,,,,,,,,,,,0.151,13.264,,,,,,,,,,,11398913.0,,,,,,,,,,,,,,,,,,,,,,
EGY,Egypt,1914,,,,0.0,669.231,1.012,,,,,,,,,,,,,,,,,,,,,,,,,,,,,,,,,,,,,,,,,,,,,,,,,,,,0.0,0.0,,,,,,,,,,,,,,,,,,,,,,,,,,,,,,,,1.163,100.95,,,,,,,,,,,11520594.0,,,,,,,,,,,,,,,,,,,,,,
EGY,Egypt,1915,,,,0.0,-70.0,-0.814,,,,,,,,,,,,,,,,,,,,,,,,,,,,,,,,,,,,,,,,,,,,,,,,,,,,0.0,0.0,,,,,,,,,,,,,,,,,,,,,,,,,,,,,,,,0.349,29.965,,,,,,,,,,,11643562.0,,,,,,,,,,,,,,,,,,,,,,
EGY,Egypt,1916,,,,0.0,93.333,0.326,,,,,,,,,,,,,,,,,,,,,,,,,,,,,,,,,,,,,,,,,,,,,,,,,,,,0.0,0.0,,,,,,,,,,,,,,,,,,,,,,,,,,,,,,,,0.675,57.321,,,,,,,,,,,11767831.0,,,,,,,,,,,,,,,,,,,,,,
EGY,Egypt,1917,,,,0.0,136.207,0.919,,,,,,,,,,,,,,,,,,,,,,,,,,,,,,,,,,,,,,,,,,,,,,,,,,,,0.0,0.0,,,,,,,,,,,,,,,,,,,,,,,,,,,,,,,,1.593,133.966,,,,,,,,,,,11893414.0,,,,,,,,,,,,,,,,,,,,,,
EGY,Egypt,1918,,,,0.0,105.839,1.686,,,,,,,,,,,,,,,,,,,,,,,,,,,,,,,,,,,,,,,,,,,,,,,,,,,,0.0,0.0,,,,,,,,,,,,,,,,,,,,,,,,,,,,,,,,3.28,272.57,,,,,,,,,,,12032372.0,,,,,,,,,,,,,,,,,,,,,,
EGY,Egypt,1919,,,,0.0,-20.567,-0.675,,,,,,,,,,,,,,,,,,,,,,,,,,,,,,,,,,,,,,,,,,,,,,,,,,,,0.0,0.0,,,,,,,,,,,,,,,,,,,,,,,,,,,,,,,,2.605,214.032,,,,,,,,,,,12171632.0,,,,,,,,,,,,,,,,,,,,,,
EGY,Egypt,1920,,,,0.0,-33.929,-0.884,,,,,,,,,,,,,,,,,,,,,,,,,,,,,,,,,,,,,,,,,,,,,,,,,,,,0.0,0.0,,,,,,,,,,,,,,,,,,,,,,,,,,,,,,,,1.721,139.811,,,,,,,,,,,12311184.0,,,,,,,,,,,,,,,,,,,,,,
EGY,Egypt,1921,,,,0.0,23.649,0.407,,,,,,,,,,,,,,,,,,,,,,,,,,,,,,,,,,,,,,,,,,,,,,,,,,,,0.0,0.0,,,,,,,,,,,,,,,,,,,,,,,,,,,,,,,,2.128,170.933,,,,,,,,,,,12451016.0,,,,,,,,,,,,,,,,,,,,,,
EGY,Egypt,1922,,,,0.0,-5.464,-0.116,,,,,,,,,,,,,,,,,,,,,,,,,,,,,,,,,,,,,,,,,,,,,,,,,,,,0.0,0.0,,,,,,,,,,,,,,,,,,,,,,,,,,,,,,,,2.012,159.795,,,,,,,,,,,12591116.0,,,,,,,,,,,,,,,,,,,,,,
EGY,Egypt,1923,,,,0.0,-11.561,-0.233,,,,,,,,,,,,,,,,,,,,,,,,,,,,,,,,,,,,,,,,,,,,,,,,,,,,0.0,0.0,,,,,,,,,,,,,,,,,,,,,,,,,,,,,,,,1.779,139.763,,,,,,,,,,,12731472.0,,,,,,,,,,,,,,,,,,,,,,
EGY,Egypt,1924,,,,0.0,6.536,0.116,,,,,,,,,,,,,,,,,,,,,,,,,,,,,,,,,,,,,,,,,,,,,,,,,,,,0.0,0.0,,,,,,,,,,,,,,,,,,,,,,,,,,,,,,,,1.896,147.257,,,,,,,,,,,12873393.0,,,,,,,,,,,,,,,,,,,,,,
EGY,Egypt,1925,,,,0.0,10.429,0.198,,,,,,,,,,,,,,,,,,,,,,,,,,,,,,,,,,,,,,,,,,,,,,,,,,,,0.0,0.0,,,,,,,,,,,,,,,,,,,,,,,,,,,,,,,,2.093,160.822,,,,,,,,,,,13016896.0,,,,,,,,,,,,,,,,,,,,,,
EGY,Egypt,1926,,,,0.0,-3.889,-0.081,,,,,,,,,,,,,,,,,,,,,,,,,,,,,,,,,,,,,,,,,,,,,,,,,,,,0.0,0.0,,,,,,,,,,,,,,,,,,,,,,,,,,,,,,,,2.012,152.864,,,,,,,,,,,13161999.0,,,,,,,,,,,,,,,,,,,,,,
EGY,Egypt,1927,,,,0.0,6.936,0.14,,,,,,,,,,,,,,,,,,,,,,,,,,,,,,,,,,,,,,,,,,,,,,,,,,,,0.0,0.0,,,,,,,,,,,,,,,,,,,,,,,,,,,,,,,,2.152,161.665,,,,,,,,,,,13308719.0,,,,,,,,,,,,,,,,,,,,,,
EGY,Egypt,1928,,,,0.0,44.865,0.965,,,,,,,,,,,,,,,,,,,,,,,,,,,,,,,,,,,,,,,,,,,,,,,,,,,,0.0,0.0,,,,,,,,,,,,,,,,,,,,,,,,,,,,,,,,3.117,231.614,,,,,,,,,,,13457075.0,,,,,,,,,,,,,,,,,,,,,,
EGY,Egypt,1929,,,,0.0,1.493,0.047,,,,,,,,,,,,,,,,,,,,,,,,,,,,,,,,,,,,,,,,,,,,,,,,,,,,0.0,0.0,,,,,,,,,,,,,,,,,,,,,,,,,,,,,,,,3.163,232.361,,,,,,,,,,,13613985.0,,,,,,,,,,,,,,,,,,,,,,
EGY,Egypt,1930,,,,0.0,4.779,0.151,,,,,,,,,,,,,,,,,,,,,,,,,,,,,,,,,,,,,,,,,,,,,,,,,,,,0.0,0.0,,,,,,,,,,,,,,,,,,,,,,,,,,,,,,,,3.315,240.54,,,,,,,,,,,13779639.0,,,,,,,,,,,,,,,,,,,,,,
EGY,Egypt,1931,,,,0.0,1.404,0.047,,,,,,,,,,,,,,,,,,,,,,,,,,,,,,,,,,,,,,,,,,,,,,,,,,,,0.0,0.0,,,,,,,,,,,,,,,,,,,,,,,,,,,,,,,,3.361,240.864,,,,,,,,,,,13954229.0,,,,,,,,,,,,,,,,,,,,,,
EGY,Egypt,1932,,,,0.0,-6.228,-0.209,,,,,,,,,,,,,,,,,,,,,,,,,,,,,,,,,,,,,,,,,,,,,,,,,,,,0.0,0.0,,,,,,,,,,,,,,,,,,,,,,,,,,,,,,,,3.152,222.927,,,,,,,,,,,14137952.0,,,,,,,,,,,,,,,,,,,,,,
EGY,Egypt,1933,,,,0.0,-12.177,-0.384,,,,,,,,,,,,,,,,,,,,,,,,,,,,,,,,,,,,,,,,,,,,,,,,,,,,0.0,0.0,,,,,,,,,,,,,,,,,,,,,,,,,,,,,,,,2.768,193.144,,,,,,,,,,,14331008.0,,,,,,,,,,,,,,,,,,,,,,
EGY,Egypt,1934,,,,0.0,-7.143,-0.198,,,,,,,,,,,,,,,,,,,,,,,,,,,,,,,,,,,,,,,,,,,,,,,,,,,,0.0,0.0,,,,,,,,,,,,,,,,,,,,,,,,,,,,,,,,2.57,176.932,,,,,,,,,,,14526700.0,,,,,,,,,,,,,,,,,,,,,,
EGY,Egypt,1935,,,,0.0,-17.647,-0.454,,,,,,,,,,,,,,,,,,,,,,,,,,,,,,,,,,,,,,,,,,,,,,,,,,,,0.0,0.0,,,,,,,,,,,,,,,,,,,,,,,,,,,,,,,,2.117,143.745,,,,,,,,,,,14725065.0,,,,,,,,,,,,,,,,,,,,,,
EGY,Egypt,1936,,,,0.0,0.549,0.012,,,,,,,,,,,,,,,,,,,,,,,,,,,,,,,,,,,,,,,,,,,,,,,,,,,,0.0,0.0,,,,,,,,,,,,,,,,,,,,,,,,,,,,,,,,2.128,142.588,,,,,,,,,,,14926138.0,,,,,,,,,,,,,,,,,,,,,,
EGY,Egypt,1937,,,,0.0,-6.557,-0.14,,,,,,,,,,,,,,,,,,,,,,,,,,,,,,,,,,,,,,,,,,,,,,,,,,,,0.0,0.0,,,,,,,,,,,,,,,,,,,,,,,,,,,,,,,,1.989,131.443,,,,,,,,,,,15129957.0,,,,,,,,,,,,,,,,,,,,,,
EGY,Egypt,1938,,,,0.0,32.164,0.64,,,,,,,,,,,,,,,,,,,,,,,,,,,,,,,,,,,,,,,,,,,,,,,,,,,,0.0,0.0,,,,,,,,,,,,,,,,,,,,,,,,,,,,,,,,2.628,171.38,,,,,,,,,,,15336560.0,,,,,,,,,,,,,,,,,,,,,,
EGY,Egypt,1939,,,,0.0,194.69,5.117,,,,,,,,,,,,,,,,,,,,,,,,,,,,,,,,,,,,,,,,,,,,,,,,,,,,0.0,0.0,,,,,,,,,,,,,,,,,,,,,,,,,,,,,,,,7.746,496.945,,,,,,,,,,,15586398.0,,,,,,,,,,,,,,,,,,,,,,
EGY,Egypt,1940,,,,0.0,39.489,3.059,,,,,,,,,,,,,,,,,,,,,,,,,,,,,,,,,,,,,,,,,,,,,,,,,,,,0.0,0.0,,,,,,,,,,,,,,,,,,,,,,,,,,,,,,,,10.804,680.322,,,,,,,,,,,15881134.0,,,,,,,,,,,,,,,,,,,,,,
EGY,Egypt,1941,,,,0.0,31.432,3.396,,,,,,,,,,,,,,,,,,,,,,,,,,,,,,,,,,,,,,,,,,,,,,,,,,,,0.0,0.0,,,,,,,,,,,,,,,,,,,,,,,,,,,,,,,,14.2,875.344,,,,,,,,,,,16222478.0,,,,,,,,,,,,,,,,,,,,,,
EGY,Egypt,1942,,,,0.0,-3.194,-0.454,,,,,,,,,,,,,,,,,,,,,,,,,,,,,,,,,,,,,,,,,,,,,,,,,,,,0.0,0.0,,,,,,,,,,,,,,,,,,,,,,,,,,,,,,,,13.747,827.505,,,,,,,,,,,16612195.0,,,,,,,,,,,,,,,,,,,,,,
EGY,Egypt,1943,,,,0.0,8.714,1.198,,,,,,,,,,,,,,,,,,,,,,,,,,,,,,,,,,,,,,,,,,,,,,,,,,,,0.0,0.0,,,,,,,,,,,,,,,,,,,,,,,,,,,,,,,,14.945,876.406,,,,,,,,,,,17052103.0,,,,,,,,,,,,,,,,,,,,,,
EGY,Egypt,1944,,,,0.0,5.292,0.791,,,,,,,,,,,,,,,,,,,,,,,,,,,,,,,,,,,,,,,,,,,,,,,,,,,,0.0,0.0,,,,,,,,,,,,,,,,,,,,,,,,,,,,,,,,15.735,898.978,,,,,,,,,,,17503661.0,,,,,,,,,,,,,,,,,,,,,,
EGY,Egypt,1945,,,,0.0,-0.222,-0.035,,,,,,,,,,,,,,,,,,,,,,,,,,,,,,,,,,,,,,,,,,,,,,,,,,,,0.0,0.0,,,,,,,,,,,,,,,,,,,,,,,,,,,,,,,,15.701,873.844,,,,,,,,,,,17967176.0,,,,,,,,,,,,,,,,,,,,,,
EGY,Egypt,1946,,,,0.0,-5.037,-0.791,,,,,,,,,,,,,,,,,,,,,,,,,,,,,,,,,,,,,,,,,,,,,,,,,,,,0.0,0.0,,,,,,,,,,,,,,,,,,,,,,,,,,,,,,,,14.91,808.421,,,,,,,,,,,18442965.0,,,,,,,,,,,,,,,,,,,,,,
EGY,Egypt,1947,,,,0.0,4.056,0.605,,,,,,,,,,,,,,,,,,,,,,,,,,,,,,,,,,,,,,,,,,,,,,,,,,,,0.0,0.0,,,,,,,,,,,,,,,,,,,,,,,,,,,,,,,,15.514,819.51,,,,,,,,,,,18931354.0,,,,,,,,,,,,,,,,,,,,,,
EGY,Egypt,1948,,,,0.0,41.004,6.362,,,,,,,,,,,,,,,,,,,,,,,,,,,,,,,,,,,,,,,,,,,,,,,,,,,,0.0,0.0,,,,,,,,,,,,,,,,,,,,,,,,,,,,,,,,21.876,1125.735,,,,,,,,,,,19432675.0,,,,,,,,,,,,,,,,,,,,,,
EGY,Egypt,1949,,,,0.0,21.691,4.745,,,,,,,,,,,,,,,,,,,,,,,,,,,,,,,,,,,,,,,,,,,,,,,,,,,,0.0,0.0,,,,,,,,,,,,,,,,,,,,,,,,,,,,,,,,26.621,1335.089,,,,,,,,,,,19939567.0,,,,,,,,,,,,,,,,,,,,,,
EGY,Egypt,1950,,,,0.0,13.893,3.698,,,,,,,,,,,,,,,,,,,,,,,,,,,,,,,,,,,,,,,,,,,,30757264584.0,,,,,,,,0.0,0.0,,,,,,,,,,,,,,,,,,,,,,,,,,,,,,,,30.319,1482.469,,,,,,,,,,,20451988.0,,,,,,,,,,,,,,,,,,,,,,
EGY,Egypt,1951,,,,0.0,-10.549,-3.198,,,,,,,,,,,,,,,,,,,,,,,,,,,,,,,,,,,,,,,,,,,,31319511249.0,,,,,,,,0.0,0.0,,,,,,,,,,,,,,,,,,,,,,,,,,,,,,,,27.121,1294.654,,,,,,,,,,,20948600.0,,,,,,,,,,,,,,,,,,,,,,
EGY,Egypt,1952,,,,0.0,0.858,0.233,,,,,,,,,,,,,,,,,,,,,,,,,,,,,,,,,,,,,,,,,,,,31890448415.0,,,,,,,,0.0,0.0,,,,,,,,,,,,,,,,,,,,,,,,,,,,,,,,27.354,1273.822,,,,,,,,,,,21473792.0,,,,,,,,,,,,,,,,,,,,,,
EGY,Egypt,1953,,,,0.0,-0.043,-0.012,,,,,,,,,,,,,,,,,,,,,,,,,,,,,,,,,,,,,,,,,,,,32425276500.0,,,,,,,,0.0,0.0,,,,,,,,,,,,,,,,,,,,,,,,,,,,,,,,27.342,1241.238,,,,,,,,,,,22028132.0,,,,,,,,,,,,,,,,,,,,,,
EGY,Egypt,1954,,,,0.0,-16.206,-4.431,,,,,,,,,,,,,,,,,,,,,,,,,,,,,,,,,,,,,,,,,,,,33014046767.0,,,,,,,,0.0,0.0,,,,,,,,,,,,,,,,,,,,,,,,,,,,,,,,22.911,1013.251,,,,,,,,,,,22611502.0,,,,,,,,,,,,,,,,,,,,,,
EGY,Egypt,1955,,,,0.0,-7.563,-1.733,,,,,,,,,,,,,,,,,,,,,,,,,,,,,,,,,,,,,,,,,,,,33660148597.0,,,,,,,,0.0,0.0,,,,,,,,,,,,,,,,,,,,,,,,,,,,,,,,21.178,911.947,,,,,,,,,,,23223124.0,,,,,,,,,,,,,,,,,,,,,,
EGY,Egypt,1956,,,,0.0,-5.052,-1.07,,,,,,,,,,,,,,,,,,,,,,,,,,,,,,,,,,,,,,,,,,,,35246453931.0,,,,,,,,0.0,0.0,,,,,,,,,,,,,,,,,,,,,,,,,,,,,,,,20.108,842.708,,,,,,,,,,,23861510.0,,,,,,,,,,,,,,,,,,,,,,
EGY,Egypt,1957,,,,0.0,38.635,7.769,,,,,,,,,,,,,,,,,,,,,,,,,,,,,,,,,,,,,,,,,,,,36864358234.0,,,,,,,,0.0,0.0,,,,,,,,,,,,,,,,,,,,,,,,,,,,,,,,27.877,1136.704,,,,,,,,,,,24524532.0,,,,,,,,,,,,,,,,,,,,,,
EGY,Egypt,1958,,,,0.0,32.833,9.153,,,,,,,,,,,,,,,,,,,,,,,,,,,,,,,,,,,,,,,,,,,,38667512240.0,,,,,,,,0.0,0.0,,,,,,,,,,,,,,,,,,,,,,,,,,,,,,,,37.03,1468.891,,,,,,,,,,,25209458.0,,,,,,,,,,,,,,,,,,,,,,
EGY,Egypt,1959,,,,0.0,-0.911,-0.337,,,,,,,,,,,,,,,,,,,,,,,,,,,,,,,,,,,,,,,,,,,,40509591000.0,,,,,,,,0.0,0.0,,,,,,,,,,,,,,,,,,,,,,,,,,,,,,,,36.693,1415.983,,,,,,,,,,,25913226.0,,,,,,,,,,,,,,,,,,,,,,
EGY,Egypt,1960,,,,0.0,5.198,1.907,,,,,,,,,,,,,,,,,,,,,,,,,,,,,,,,,,,,,,,,,,,,42417643800.0,,,,,,,,0.0,0.0,,,,,,,,,,,,,,,,,,,,,,,,,,,,,,,,38.6,1449.336,,,,,,,,,,,26632890.0,,,,,,,,,,,,,,,,,,,,,,
EGY,Egypt,1961,,,,0.0,15.065,5.815,,,,,,,,,,,,,,,,,,,,,,,,,,,,,,,,,,,,,,,,,,,,45220060623.0,,,,,,,,0.0,0.0,,,,,,,,,,,,,,,,,,,,,,,,,,,,,,,,44.415,1622.985,,,,,,,,,,,27366238.0,,,,,,,,,,,,,,,,,,,,,,
EGY,Egypt,1962,,,,0.0,23.985,10.653,,,,,,,,,,,,,,,,,,,,,,,,,,,,,,,,,,,,,,,,,,,,48232705008.0,,,,,,,,0.0,0.0,,,,,,,,,,,,,,,,,,,,,,,,,,,,,,,,55.068,1958.864,,,,,,,,,,,28112258.0,,,,,,,,,,,,,,,,,,,,,,
EGY,Egypt,1963,,,,0.626,19.282,10.618,,,,,,,,,,,,,,,,,,,,,,,,,,,,,,,,,,,,,,,,,,,,51444887025.0,,,,,,,,0.626,21.691,,,,,,,,,,,,,,,,,,,,,,,,,,,,,,,,65.686,2275.135,,,,,,,,,,,28871382.0,,,,,,,,,,,,,,,,,,,,,,
EGY,Egypt,1964,,,0.0,0.0,12.518,8.222,,,,,,,,,,,,,,,,,,,,,,,,,,,,,,,,,,,,,,,,,,,,54901977130.0,,,,,,,,0.626,21.125,,,,,,,,,,,,,,,,,,,,,,,,,,,,,,,,73.909,2493.136,,,,,,,,,,,29644876.0,,,,,,,,,,,,,,,,,,,,,,
EGY,Egypt,1965,,,-5.769,-0.036,1.935,1.43,,,,,,,,,,,,,5.13,,4.687,,154.007,,,,,,,,1.732,0.0,,,0.0,1.732,0.0,0.0,,,1.561,3002.151,,94.733,,86.552,2844.028,,,58532796232.0,,,0.516,,0.472,,15.497,0.59,19.391,,,5.267,,4.812,56.925,158.126,,1.732,56.925,,5.267,,4.812,158.126,,,,,0.0,,0.0,0.0,0.0,,,89.087,,81.394,,2674.524,75.339,2475.572,,0.0,,0.0,,0.0,,,0.0,,30433024.0,91.365,56.925,,,5.267,,4.812,158.126,,,0.0,,0.0,0.0,0.0,,,0.0,,0.0,0.0,0.0
EGY,Egypt,1966,,,14.286,0.084,-3.412,-2.57,5.222,4.771,,,,,,,,,,-32.01,3.315,-1.5,3.187,,102.012,,,,,,,,1.825,0.0,,,0.0,1.825,0.0,0.0,,,1.633,3077.562,5.215,94.726,4.513,91.066,2915.259,,,58874123900.0,,14.286,0.561,0.067,0.539,,17.255,0.674,21.59,,5.357,5.274,0.258,5.07,58.43,162.306,,1.825,58.43,5.357,5.274,0.258,5.07,162.306,,,,,0.0,0.0,0.0,0.0,0.0,,7.305,90.851,5.946,87.34,,2795.992,72.769,2329.53,,0.0,,0.0,0.0,0.0,,,0.0,,31237598.0,96.136,58.43,,5.357,5.274,0.258,5.07,162.306,,,0.0,0.0,0.0,0.0,0.0,,,0.0,0.0,0.0,0.0,0.0
EGY,Egypt,1967,,,0.0,0.0,-10.804,-7.862,-14.462,-13.903,,,,,,,,,,54.015,5.968,1.721,4.908,,153.1,,,,,,,,1.967,0.0,,,0.0,1.967,0.0,0.0,,,1.415,2565.232,-15.699,93.357,-14.296,76.77,2394.82,,,58134979980.0,,0.0,0.655,0.0,0.539,,16.814,0.674,21.039,,7.748,6.643,0.393,5.463,61.349,170.414,,1.967,61.349,7.748,6.643,0.393,5.463,170.414,,,,,0.0,0.0,0.0,0.0,0.0,,-18.339,86.733,-16.017,71.323,,2224.905,64.907,2024.769,,0.0,,0.0,0.0,0.0,,,0.0,,32056506.0,82.232,61.349,,7.748,6.643,0.393,5.463,170.414,,,0.0,0.0,0.0,0.0,0.0,,,0.0,0.0,0.0,0.0,0.0
EGY,Egypt,1968,,,0.0,0.0,53.682,34.843,7.719,6.347,,,,,,,,,,4.028,5.764,0.198,5.106,,155.27,,,,,,,,3.001,0.0,,,0.0,3.001,0.0,0.0,,,1.499,2693.881,4.526,90.59,3.475,80.244,2440.385,,,59081301279.0,,0.0,0.608,0.0,0.539,,16.392,0.674,20.51,,52.584,9.41,2.873,8.335,91.259,253.498,,3.001,91.259,52.584,9.41,2.873,8.335,253.498,,,,,0.0,0.0,0.0,0.0,0.0,,4.595,84.218,3.277,74.6,,2268.723,99.751,3033.604,,0.0,,0.0,0.0,0.0,,,0.0,,32881852.0,88.58,91.259,,52.584,9.41,2.873,8.335,253.498,,,0.0,0.0,0.0,0.0,0.0,,,0.0,0.0,0.0,0.0,0.0
EGY,Egypt,1969,,,26.786,0.181,43.348,43.24,-17.972,-15.92,,,,,,,,,,7.973,7.587,0.407,5.513,,163.564,,,,,,,,3.991,0.0,,,0.0,3.991,0.0,0.0,,,1.152,2155.883,-23.266,84.744,-18.67,61.575,1826.973,,,63097381446.0,,26.786,0.941,0.144,0.683,,20.276,0.855,25.371,,32.99,15.256,2.75,11.085,118.408,328.911,,3.991,118.408,32.99,15.256,2.75,11.085,328.911,,,,,0.0,0.0,0.0,0.0,0.0,,-25.766,76.216,-19.221,55.379,,1643.133,142.991,4242.658,,0.0,,0.0,0.0,0.0,,,0.0,,33703128.0,72.66,118.408,,32.99,15.256,2.75,11.085,328.911,,,0.0,0.0,0.0,0.0,0.0,,,0.0,0.0,0.0,0.0,0.0
EGY,Egypt,1970,,,-4.321,-0.037,33.42,47.788,24.678,17.931,,,,,,,,,,-7.806,5.61,-0.43,5.082,,147.254,,,,,,,,4.689,0.0,,,0.0,4.689,0.0,0.0,,,1.35,2624.781,25.971,85.622,15.992,77.566,2247.4,,,67114477974.0,,19.718,0.903,0.135,0.818,,23.704,0.818,23.704,,17.497,14.378,1.94,13.025,135.858,377.384,,4.689,135.858,17.497,14.378,1.94,13.025,377.384,,,,,0.0,0.0,0.0,0.0,0.0,,29.411,79.109,16.287,71.666,,2076.441,190.779,5527.593,,0.0,,0.0,0.0,0.0,,,0.0,,34513852.0,90.591,135.858,,17.497,14.378,1.94,13.025,377.384,,,0.0,0.0,0.0,0.0,0.0,,,0.0,0.0,0.0,0.0,0.0
EGY,Egypt,1971,,,0.0,0.0,-8.851,-16.887,2.754,2.495,,,,,,,,,,-17.938,4.48,-0.912,4.171,,118.11,,,,,,,,5.047,0.0,,,0.0,5.047,0.0,0.0,,,1.332,2636.105,1.934,84.939,1.5,79.067,2239.093,,,69906255460.0,,0.0,0.879,0.0,0.818,,23.169,0.818,23.169,,7.634,15.061,0.994,14.019,142.925,397.014,,5.047,142.925,7.634,15.061,0.994,14.019,397.014,,,,,0.0,0.0,0.0,0.0,0.0,,3.365,79.58,2.412,74.078,,2097.815,173.892,4924.451,,0.0,,0.0,0.0,0.0,,,0.0,,35311908.0,93.086,142.925,,7.634,15.061,0.994,14.019,397.014,,,0.0,0.0,0.0,0.0,0.0,,,0.0,0.0,0.0,0.0,0.0
EGY,Egypt,1972,,,-16.471,-0.135,-28.304,-49.218,11.043,10.279,,,,,,,,,,-11.509,3.571,-0.48,3.691,,102.228,,,,,,,,5.162,0.0,,,0.0,5.162,0.0,0.0,,,1.451,2863.083,12.597,86.128,9.96,89.027,2465.926,,,71250782599.0,,-16.471,0.661,-0.135,0.683,,18.929,0.683,18.929,,2.277,13.872,0.319,14.339,142.977,397.159,,5.162,142.977,2.277,13.872,0.319,14.339,397.159,,,,,0.0,0.0,0.0,0.0,0.0,,14.275,81.897,10.575,84.652,,2344.77,124.674,3453.307,,0.0,,0.0,0.0,0.0,,,0.0,,36102672.0,103.365,142.977,,2.277,13.872,0.319,14.339,397.159,,,0.0,0.0,0.0,0.0,0.0,,,0.0,0.0,0.0,0.0,0.0
EGY,Egypt,1973,,,-19.718,-0.135,-20.905,-26.063,-5.53,-5.716,,,,,,,,,,-12.898,3.292,-0.476,3.215,,87.127,,,,,,,,5.153,0.0,,,0.0,5.153,0.0,0.0,,,1.334,2646.569,-6.393,85.341,-5.691,83.335,2258.622,,,73196094082.0,,-19.718,0.562,-0.135,0.549,,14.869,0.549,14.869,,-0.171,14.659,-0.025,14.314,139.661,387.948,,5.153,139.661,-0.171,14.659,-0.025,14.314,387.948,,,,,0.0,0.0,0.0,0.0,0.0,,-6.001,81.488,-5.08,79.572,,2156.626,98.611,2672.628,,0.0,,0.0,0.0,0.0,,,0.0,,36896552.0,97.649,139.661,,-0.171,14.659,-0.025,14.314,387.948,,,0.0,0.0,0.0,0.0,0.0,,,0.0,0.0,0.0,0.0,0.0
EGY,Egypt,1974,,,5.263,0.029,-12.1,-11.932,13.612,13.292,,,,,,,,,,74.61,5.06,2.398,5.613,,148.858,,,,,,,,6.116,0.0,,,0.0,6.116,0.0,0.0,,,1.459,2942.101,12.739,84.685,10.616,93.951,2491.534,,,76018040987.0,,5.263,0.521,0.029,0.578,,15.315,0.578,15.315,,18.696,15.315,2.676,16.99,162.205,450.57,,6.116,162.205,18.696,15.315,2.676,16.99,450.57,,,,,0.0,0.0,0.0,0.0,0.0,,10.291,79.105,8.188,87.76,,2327.361,86.678,2298.665,,0.0,,0.0,0.0,0.0,,,0.0,,37708144.0,110.941,162.205,,18.696,15.315,2.676,16.99,450.57,,,0.0,0.0,0.0,0.0,0.0,,,0.0,0.0,0.0,0.0,0.0
EGY,Egypt,1975,,,-16.667,-0.096,57.44,49.788,10.933,12.13,,,,,,,,,,19.514,5.451,1.095,6.708,,174.024,,,,,,,,6.793,0.0,,,0.0,6.793,0.0,0.0,,,1.47,3192.573,10.912,84.669,10.251,104.203,2703.112,,,83697410235.0,,-16.667,0.391,-0.096,0.481,,12.484,0.481,12.484,,11.055,15.331,1.878,18.868,176.207,489.464,,6.793,176.207,11.055,15.331,1.878,18.868,489.464,,,,,0.0,0.0,0.0,0.0,0.0,,10.543,78.827,9.252,97.013,,2516.604,136.466,3540.065,,0.0,,0.0,0.0,0.0,,,0.0,,38549132.0,123.071,176.207,,11.055,15.331,1.878,18.868,489.464,,,0.0,0.0,0.0,0.0,0.0,,,0.0,0.0,0.0,0.0,0.0
EGY,Egypt,1976,,,660.0,3.176,41.554,56.708,19.597,24.119,,,,,,,,,,-2.189,4.458,-0.147,6.562,,166.443,,,,,,,,8.004,0.0,,,0.0,8.004,0.0,0.0,,,1.524,3733.625,19.918,84.896,20.755,124.958,3169.688,,,96606694400.0,,660.0,2.485,3.176,3.658,,92.776,3.658,92.776,,17.827,15.104,3.364,22.232,203.018,563.94,,8.004,203.018,17.827,15.104,3.364,22.232,563.94,,,,,0.0,0.0,0.0,0.0,0.0,,18.272,77.953,17.726,114.739,,2910.469,193.174,4900.074,,0.0,,0.0,0.0,0.0,,,0.0,,39422732.0,147.19,203.018,,17.827,15.104,3.364,22.232,563.94,,,0.0,0.0,0.0,0.0,0.0,,,0.0,0.0,0.0,0.0,0.0
EGY,Egypt,1977,,,21.053,0.77,25.828,49.893,8.467,12.462,,,,,,,,,,14.05,4.687,0.922,7.484,,185.561,,,,,,,,9.038,0.0,,,0.0,9.038,0.0,0.0,,,1.461,3958.676,7.674,84.275,9.589,134.547,3336.192,,,109254142071.0,,21.053,2.773,0.77,4.427,,109.783,4.427,109.783,,12.921,15.725,2.873,25.105,224.095,622.488,,9.038,224.095,12.921,15.725,2.873,25.105,622.488,,,,,0.0,0.0,0.0,0.0,0.0,,6.883,76.815,7.898,122.636,,3040.848,243.067,6027.014,,0.0,,0.0,0.0,0.0,,,0.0,,40329588.0,159.652,224.095,,12.921,15.725,2.873,25.105,622.488,,,0.0,0.0,0.0,0.0,0.0,,,0.0,0.0,0.0,0.0,0.0
EGY,Egypt,1978,,,60.87,2.695,20.526,49.893,5.589,8.922,,,,,,,,,,-4.201,4.253,-0.314,7.169,,173.691,,,,,,,,9.93,0.0,,,0.0,9.93,0.0,0.0,,,1.433,4084.099,4.788,83.637,6.443,140.99,3415.806,,,117620134879.0,,60.87,4.225,2.695,7.122,,172.559,7.122,172.559,,9.878,16.363,2.48,27.584,240.587,668.297,,9.93,240.587,9.878,16.363,2.48,27.584,668.297,,,,,0.0,0.0,0.0,0.0,0.0,,3.312,75.159,4.062,126.698,,3069.556,292.96,7097.626,,0.0,,0.0,0.0,0.0,,,0.0,,41275728.0,168.574,240.587,,9.878,16.363,2.48,27.584,668.297,,,0.0,0.0,0.0,0.0,0.0,,,0.0,0.0,0.0,0.0,0.0
EGY,Egypt,1979,,,51.351,3.657,3.771,11.048,9.364,15.786,,,,,,,,,,10.921,4.313,0.783,7.952,,188.139,,,,,,,,9.608,0.0,,,0.0,9.608,0.0,0.0,,,1.453,4361.748,11.832,85.524,16.682,157.672,3730.337,,,126908740568.0,,51.351,5.847,3.658,10.78,,255.043,10.78,255.043,,-3.249,14.476,-0.896,26.688,227.309,631.415,,9.608,227.309,-3.249,14.476,-0.896,26.688,631.415,,,,,0.0,0.0,0.0,0.0,0.0,,9.662,75.363,12.241,138.939,,3287.155,304.008,7192.493,,0.0,,0.0,0.0,0.0,,,0.0,,42267428.0,184.36,227.309,,-3.249,14.476,-0.896,26.688,631.415,,,0.0,0.0,0.0,0.0,0.0,,,0.0,0.0,0.0,0.0,0.0
EGY,Egypt,1980,,,94.643,10.203,13.925,42.333,13.856,25.546,,,,,,,,,,-19.492,3.05,-1.55,6.402,,147.823,0.0,0.0,,,,,,9.802,0.0,,,0.0,9.802,0.0,0.0,,,1.493,4846.689,15.859,87.028,25.006,182.677,4217.992,,,140607641070.0,,94.643,9.996,10.203,20.982,,484.483,20.982,484.483,,2.024,12.972,0.54,27.228,226.332,628.701,,9.802,226.332,2.024,12.972,0.54,27.228,628.701,,,,,0.0,0.0,0.0,0.0,0.0,,11.77,73.982,16.353,155.293,,3585.685,346.341,7996.973,,0.0,,0.0,0.0,0.0,,,0.0,,43309064.0,209.906,226.332,,2.024,12.972,0.54,27.228,628.701,,,0.0,0.0,0.0,0.0,0.0,,,0.0,0.0,0.0,0.0,0.0
EGY,Egypt,1981,,0.0,11.927,2.502,7.965,27.586,13.987,29.359,,,,,,,,,,28.885,3.449,1.849,8.251,,185.84,0.0,0.0,,,,,,10.213,0.0,,,0.0,10.213,0.0,0.0,,,1.636,5388.838,15.447,88.143,28.218,210.895,4749.877,,,146244908136.0,,11.927,9.815,2.503,23.485,,528.941,23.485,528.94,,4.193,11.857,1.142,28.37,230.027,638.965,,10.213,230.027,4.193,11.857,1.142,28.37,638.965,,,,,0.0,0.0,0.0,0.0,0.0,,15.368,74.879,23.866,179.159,,4035.096,373.928,8421.775,,0.0,,0.0,0.0,0.0,,,0.0,,44400112.0,239.265,230.027,,4.193,11.857,1.142,28.37,638.965,,,0.0,0.0,0.0,0.0,0.0,,,0.0,0.0,0.0,0.0,0.0
EGY,Egypt,1982,,0.0,9.426,2.214,3.614,13.514,11.641,27.853,,,,,,,,,,3.338,3.192,0.275,8.527,,187.24,0.0,0.0,,,,,,10.492,0.0,,,0.0,10.492,0.0,0.0,,,1.65,5865.668,12.841,89.09,27.08,237.975,5225.709,,,161850656373.0,,9.426,9.621,2.214,25.699,,564.321,25.699,564.32,,2.726,10.91,0.773,29.144,230.387,639.964,,10.492,230.387,2.726,10.91,0.773,29.144,639.964,,,,,0.0,0.0,0.0,0.0,0.0,,13.726,76.277,24.591,203.749,,4474.148,387.442,8507.857,,0.0,,0.0,0.0,0.0,,,0.0,,45539296.0,267.118,230.387,,2.726,10.91,0.773,29.144,639.964,,,0.0,0.0,0.0,0.0,0.0,,,0.0,0.0,0.0,0.0,0.0
EGY,Egypt,1983,,0.0,17.228,4.427,9.353,36.239,8.212,21.935,,,,,,,,,,-5.148,2.798,-0.439,8.088,,173.083,0.0,0.0,,,,,,9.815,0.0,,,0.0,9.815,0.0,0.0,,,1.658,6185.834,10.007,90.567,23.813,261.788,5602.354,,,174291285525.0,,17.228,10.422,4.428,30.126,,644.712,30.126,644.711,,-6.445,9.433,-1.878,27.265,210.055,583.485,,9.815,210.055,-6.445,9.433,-1.878,27.265,583.485,,,,,0.0,0.0,0.0,0.0,0.0,,9.73,77.347,19.825,223.574,,4784.559,423.681,9066.905,,0.0,,0.0,0.0,0.0,,,0.0,,46728284.0,289.053,210.055,,-6.445,9.433,-1.878,27.265,583.485,,,0.0,0.0,0.0,0.0,0.0,,,0.0,0.0,0.0,0.0,0.0
EGY,Egypt,1984,,0.0,28.435,8.566,14.839,62.872,9.11,26.333,,,,,,,,,,1.405,2.6,0.114,8.201,,170.976,0.0,0.0,,,,,,9.63,0.0,,,0.0,9.63,0.0,0.0,,,1.705,6574.848,10.256,91.518,26.849,288.637,6017.205,,,184976090550.0,,28.435,12.268,8.566,38.692,,806.621,38.692,806.621,,-1.891,8.482,-0.516,26.75,200.753,557.649,,9.63,200.753,-1.891,8.482,-0.516,26.75,557.649,,,,,0.0,0.0,0.0,0.0,0.0,,8.127,76.65,18.169,241.743,,5039.607,486.553,10143.14,,0.0,,0.0,0.0,0.0,,,0.0,,47968644.0,315.387,200.753,,-1.891,8.482,-0.516,26.75,557.649,,,0.0,0.0,0.0,0.0,0.0,,,0.0,0.0,0.0,0.0,0.0
EGY,Egypt,1985,,0.0,22.637,8.759,7.723,37.577,3.749,11.823,,,,,,,,,0.0,5.586,2.647,0.458,8.66,0.0,175.799,0.0,0.0,,,0.0,21.106,9.236,9.148,0.0,11.869,,0.0,9.148,0.0,0.0,30.254,,1.66,6642.681,4.56,92.234,13.162,301.799,6126.816,428.462,69.762,197156328759.0,30.53,22.637,14.502,8.759,47.451,187.51,963.307,47.451,963.306,30.238,-5.004,7.766,-1.339,25.411,185.713,515.871,30.238,9.148,185.713,-5.004,7.766,-1.339,25.411,515.871,,,0.0,,0.0,0.0,0.0,0.0,0.0,39.232,1.632,75.086,3.945,245.688,240.952,4987.709,524.129,10640.332,,0.0,,0.0,0.0,0.0,,0.0,0.0,614.175,49258728.0,327.21,185.713,30.238,-5.004,7.766,-1.339,25.411,515.871,0.0,,0.0,0.0,0.0,0.0,0.0,0.0,,0.0,0.0,0.0,0.0,0.0
EGY,Egypt,1986,,0.0,15.213,7.219,-8.725,-45.729,2.292,7.499,,,,,,,,,0.0,0.546,2.601,0.047,8.707,0.0,172.066,0.0,0.0,,,0.0,23.489,10.289,8.972,0.0,13.2,,0.0,8.972,0.0,0.0,32.461,,1.655,6614.487,2.647,92.554,7.988,309.787,6121.981,464.188,72.361,202297850793.0,31.696,15.213,16.334,7.219,54.67,203.33,1080.385,54.67,1080.384,27.639,-1.924,7.446,-0.489,24.922,177.304,492.511,27.639,8.972,177.304,-1.924,7.446,-0.489,24.922,492.511,,,0.0,,0.0,0.0,0.0,0.0,0.0,40.664,0.294,73.619,0.722,246.41,260.857,4869.53,478.4,9454.106,,0.0,,0.0,0.0,0.0,,0.0,0.0,641.492,50602360.0,334.709,177.304,27.639,-1.924,7.446,-0.489,24.922,492.511,0.0,,0.0,0.0,0.0,0.0,0.0,0.0,,0.0,0.0,0.0,0.0,0.0
EGY,Egypt,1987,,0.0,10.563,5.775,12.432,59.476,6.069,20.314,,,,,,,,,0.0,5.787,2.594,0.504,9.211,0.0,177.159,0.0,0.0,,,0.0,26.685,11.716,8.97,0.0,14.969,,0.0,8.97,0.0,0.0,35.654,,1.712,6828.451,6.56,92.982,20.321,330.108,6349.24,513.255,74.843,207425834376.0,32.86,10.563,17.026,5.775,60.445,225.344,1162.59,60.445,1162.59,25.157,-0.028,7.018,-0.007,24.915,172.518,479.217,25.157,8.97,172.518,-0.028,7.018,-0.007,24.915,479.217,,,0.0,,0.0,0.0,0.0,0.0,0.0,41.983,5.699,73.362,14.042,260.452,287.911,5009.491,537.876,10345.419,,0.0,,0.0,0.0,0.0,,0.0,0.0,685.773,51991696.0,355.023,172.518,25.157,-0.028,7.018,-0.007,24.915,479.217,0.0,,0.0,0.0,0.0,0.0,0.0,0.0,,0.0,0.0,0.0,0.0,0.0
EGY,Egypt,1988,,0.0,10.191,6.16,-4.357,-23.434,1.485,5.272,,,,,,,,,0.0,9.314,2.795,0.858,10.069,0.0,188.555,0.0,0.0,,,0.0,29.884,13.156,8.829,0.0,16.728,,0.0,8.829,0.0,0.0,38.712,,1.667,6747.185,1.715,93.193,5.662,335.77,6287.913,559.624,77.193,216114299071.0,33.983,10.191,18.486,6.16,66.605,246.361,1247.303,66.605,1247.302,22.807,-1.566,6.807,-0.39,24.525,165.339,459.277,22.807,8.829,165.339,-1.566,6.807,-0.39,24.525,459.277,,,0.0,,0.0,0.0,0.0,0.0,0.0,43.211,-0.521,71.912,-1.356,259.096,313.263,4852.055,514.441,9633.871,,0.0,,0.0,0.0,0.0,,0.0,0.0,724.963,53399244.0,360.295,165.339,22.807,-1.566,6.807,-0.39,24.525,459.277,0.0,,0.0,0.0,0.0,0.0,0.0,0.0,,0.0,0.0,0.0,0.0,0.0
EGY,Egypt,1989,,0.0,11.85,7.893,0.649,3.338,5.405,19.473,,,,,,,,,0.0,2.344,2.713,0.236,10.305,0.0,188.082,0.0,0.0,,,0.0,31.128,13.715,9.487,0.0,17.412,,0.0,9.487,0.0,0.0,40.614,,1.706,6931.497,5.255,93.061,17.645,353.415,6450.513,568.137,76.641,222664798330.0,33.769,11.85,19.617,7.893,74.498,250.325,1359.725,74.498,1359.724,23.359,7.453,6.939,1.828,26.353,173.156,480.99,23.359,9.487,173.156,7.453,6.939,1.828,26.353,480.99,,,0.0,,0.0,0.0,0.0,0.0,0.0,42.873,3.673,70.731,9.517,268.613,317.812,4902.705,517.779,9450.478,,0.0,,0.0,0.0,0.0,,0.0,0.0,741.294,54788680.0,379.768,173.156,23.359,7.453,6.939,1.828,26.353,480.99,0.0,,0.0,0.0,0.0,0.0,0.0,0.0,,0.0,0.0,0.0,0.0,0.0
EGY,Egypt,1990,,0.0,4.264,3.176,2.197,11.374,2.573,9.772,,,,,,,,,0.0,-14.327,2.266,-1.476,8.828,0.0,157.273,0.0,0.0,,,0.0,32.0,16.446,9.953,0.0,15.554,,0.0,9.953,0.0,0.0,41.952,,1.709,6939.403,2.399,92.903,8.478,361.893,6446.891,570.051,76.276,227979910840.0,39.201,4.264,19.94,3.176,77.674,292.975,1383.71,77.674,1383.708,23.724,4.912,7.097,1.294,27.647,177.306,492.518,23.724,9.953,177.306,4.912,7.097,1.294,27.647,492.518,,,0.0,,0.0,0.0,0.0,0.0,0.0,37.074,2.523,70.696,6.778,275.39,277.076,4905.909,529.153,9426.531,,0.0,,0.0,0.0,0.0,,0.0,0.0,747.357,56134476.0,389.54,177.306,23.724,4.912,7.097,1.294,27.647,492.518,0.0,,0.0,0.0,0.0,0.0,0.0,0.0,,0.0,0.0,0.0,0.0,0.0
EGY,Egypt,1991,,0.0,12.515,9.721,-0.178,-0.942,1.313,5.116,,,,,,,,,0.0,2.925,2.302,0.258,9.087,0.0,158.236,0.0,0.0,,,0.0,33.36,20.406,9.916,0.0,12.954,,0.0,9.916,0.0,0.0,43.276,,1.635,6872.594,1.442,93.021,5.219,367.111,6392.936,580.936,77.087,241323327720.0,47.154,12.515,22.145,9.721,87.395,355.362,1521.911,87.395,1521.91,22.913,-0.372,6.979,-0.103,27.544,172.679,479.664,22.913,9.916,172.679,-0.372,6.979,-0.103,27.544,479.664,,,0.0,,0.0,0.0,0.0,0.0,0.0,29.932,-1.729,68.574,-4.761,270.63,225.574,4712.788,528.211,9198.354,,0.0,,0.0,0.0,0.0,,0.0,0.0,753.615,57424552.0,394.656,172.679,22.913,-0.372,6.979,-0.103,27.544,479.664,0.0,,0.0,0.0,0.0,0.0,0.0,0.0,,0.0,0.0,0.0,0.0,0.0
EGY,Egypt,1992,,0.0,8.15,7.123,1.248,6.594,-0.959,-3.786,,,,,,,,,0.0,2.438,2.381,0.221,9.308,0.0,158.661,0.0,0.0,,,0.0,35.187,22.944,9.8,0.0,12.242,,0.0,9.8,0.0,0.0,44.987,,1.538,6662.537,-0.943,93.035,-3.464,363.648,6198.527,599.777,78.216,254191049306.0,51.003,8.15,24.181,7.123,94.518,391.098,1611.091,94.518,1611.09,21.784,-1.17,6.965,-0.322,27.222,167.045,464.014,21.784,9.8,167.045,-1.17,6.965,-0.322,27.222,464.014,,,0.0,,0.0,0.0,0.0,0.0,0.0,27.213,-3.994,66.473,-10.808,259.822,208.678,4428.775,534.806,9115.981,,0.0,,0.0,0.0,0.0,,0.0,0.0,766.822,58666812.0,390.87,167.045,21.784,-1.17,6.965,-0.322,27.222,464.014,0.0,,0.0,0.0,0.0,0.0,0.0,0.0,,0.0,0.0,0.0,0.0,0.0
EGY,Egypt,1993,,0.0,14.969,14.149,3.353,17.933,0.06,0.234,,,,,,,,,0.0,20.457,2.867,1.904,11.212,0.0,187.245,0.0,0.0,,,0.0,36.644,26.172,10.092,0.0,10.472,,0.0,10.092,0.0,0.0,46.737,,1.449,6531.394,-0.159,92.832,-0.578,363.07,6063.222,611.959,78.406,269984903332.0,56.0,14.969,27.784,14.149,108.666,437.078,1814.715,108.666,1814.714,21.594,2.985,7.168,0.813,28.035,168.544,468.177,21.594,10.092,168.544,2.985,7.168,0.813,28.035,468.177,,,0.0,,0.0,0.0,0.0,0.0,0.0,22.406,-6.401,62.181,-16.631,243.191,174.881,4061.262,552.739,9230.677,,0.0,,0.0,0.0,0.0,,0.0,0.0,780.502,59880656.0,391.104,168.544,21.594,2.985,7.168,0.813,28.035,468.177,0.0,,0.0,0.0,0.0,0.0,0.0,0.0,,0.0,0.0,0.0,0.0,0.0
EGY,Egypt,1994,,0.0,7.174,7.796,-2.167,-11.979,5.165,20.201,,,,,,,,,0.0,7.624,2.934,0.855,12.067,0.0,197.512,0.0,0.0,,,0.0,37.822,29.292,10.728,0.0,8.53,,0.0,10.728,0.0,0.0,48.55,,1.437,6732.131,5.078,92.755,18.436,381.505,6244.377,619.061,77.903,286215807485.0,60.333,6.289,28.081,6.834,115.5,479.436,1890.475,116.462,1906.227,22.097,6.297,7.245,1.765,29.8,175.593,487.759,22.097,10.728,175.593,6.297,7.245,1.765,29.8,487.759,,,0.0,,0.0,0.0,0.0,0.0,0.0,17.571,4.419,61.74,10.747,253.938,139.625,4156.39,540.76,8851.019,,0.0,,0.0,0.0,0.0,,0.0,0.0,794.654,61095804.0,411.305,175.593,22.097,6.297,7.245,1.765,29.8,487.759,0.0,,0.0,0.0,0.0,0.0,0.0,0.0,,0.0,0.0,0.0,0.0,0.0
EGY,Egypt,1995,,0.0,3.306,3.85,0.196,1.058,5.959,24.51,,,,,,,,,0.0,-33.089,1.853,-3.993,8.074,0.0,129.532,0.0,0.0,,,0.0,39.46,30.45,11.192,0.0,9.01,,0.0,11.192,0.0,0.0,50.652,,1.424,6991.605,6.087,92.866,23.221,404.726,6492.864,633.041,77.904,305979192827.0,60.116,5.0,27.827,5.775,121.275,488.497,1945.568,120.312,1930.126,22.096,4.325,7.134,1.289,31.089,179.549,498.747,22.096,11.192,179.549,4.325,7.134,1.289,31.089,498.747,,,0.0,,0.0,0.0,0.0,0.0,0.0,17.788,8.443,63.187,21.439,275.377,144.544,4417.764,541.818,8692.178,,0.0,,0.0,0.0,0.0,,0.0,0.0,812.59,62334024.0,435.815,179.549,22.096,4.325,7.134,1.289,31.089,498.747,0.0,,0.0,0.0,0.0,0.0,0.0,0.0,,0.0,0.0,0.0,0.0,0.0
EGY,Egypt,1996,,0.0,6.4,7.7,-3.237,-17.538,5.37,23.404,,,,,,,,,0.0,37.442,2.417,3.023,11.097,0.0,174.482,0.0,0.0,,,0.0,42.086,31.514,11.484,0.0,10.572,,0.0,11.484,0.0,0.0,53.57,,1.397,7220.235,5.582,93.053,22.593,427.319,6718.681,661.713,78.563,328668905327.0,58.827,3.175,27.247,3.85,125.125,495.483,1967.325,128.012,2012.724,21.437,2.609,6.947,0.811,31.9,180.561,501.56,21.437,11.484,180.561,2.609,6.947,0.811,31.9,501.56,,,0.0,,0.0,0.0,0.0,0.0,0.0,19.736,5.708,63.389,15.72,291.096,166.23,4576.874,524.28,8243.191,,0.0,,0.0,0.0,0.0,,0.0,0.0,842.274,63601632.0,459.219,180.561,21.437,2.609,6.947,0.811,31.9,501.56,0.0,,0.0,0.0,0.0,0.0,0.0,0.0,,0.0,0.0,0.0,0.0,0.0
EGY,Egypt,1997,,0.0,2.256,2.888,-2.857,-14.979,4.175,19.172,,,,,,,,,0.0,-15.364,1.963,-1.705,9.392,0.0,144.738,0.0,0.0,,,0.0,45.013,32.679,11.771,0.0,12.334,,0.0,11.771,0.0,0.0,56.784,,1.35,7372.078,4.3,93.165,18.375,445.694,6868.215,693.657,79.271,354474459206.0,57.551,3.077,26.96,3.85,128.975,503.596,1987.527,130.9,2017.189,20.729,2.499,6.835,0.797,32.697,181.393,503.87,20.729,11.771,181.393,2.499,6.835,0.797,32.697,503.87,,,0.0,,0.0,0.0,0.0,0.0,0.0,21.72,5.575,64.242,16.23,307.326,190.061,4735.95,509.301,7848.407,,0.0,,0.0,0.0,0.0,,0.0,0.0,875.05,64892268.0,478.391,181.393,20.729,2.499,6.835,0.797,32.697,503.87,0.0,,0.0,0.0,0.0,0.0,0.0,0.0,,0.0,0.0,0.0,0.0,0.0
EGY,Egypt,1998,,0.0,2.941,3.85,-1.895,-9.653,4.128,19.747,,,,,,,,,0.0,-1.621,1.855,-0.152,9.24,0.0,139.578,0.0,0.0,,,0.0,48.592,32.53,12.104,0.0,16.063,,0.0,12.104,0.0,0.0,60.697,,1.309,7524.714,4.223,93.25,18.821,464.515,7016.812,734.023,80.057,380472696212.0,53.593,2.239,26.471,2.888,131.862,491.38,1991.875,134.75,2035.491,19.943,2.833,6.75,0.926,33.624,182.847,507.908,19.943,12.104,182.847,2.833,6.75,0.926,33.624,507.908,,,0.0,,0.0,0.0,0.0,0.0,0.0,26.464,5.234,64.924,16.086,323.412,242.643,4885.359,499.648,7547.525,,0.0,,0.0,0.0,0.0,,0.0,0.0,916.87,66200256.0,498.138,182.847,19.943,2.833,6.75,0.926,33.624,507.908,0.0,,0.0,0.0,0.0,0.0,0.0,0.0,,0.0,0.0,0.0,0.0,0.0
EGY,Egypt,1999,,0.294,20.0,26.95,-3.727,-18.62,7.295,36.34,,,,,,,,,0.0,-9.1,1.571,-0.841,8.399,0.0,124.405,0.294,4.362,,,0.0,52.278,37.226,13.44,0.0,15.052,,0.0,13.452,0.0,0.012,65.73,,1.304,7916.363,7.017,93.008,32.596,497.11,7362.896,774.31,79.534,409778253506.0,56.635,19.708,29.533,25.988,157.85,551.376,2337.98,161.7,2395.002,20.448,11.037,6.985,3.711,37.335,199.073,552.98,20.466,13.452,199.25,11.136,6.992,3.744,37.368,553.473,,,0.0,,0.0,0.0,0.0,0.0,0.0,22.899,2.303,61.904,7.449,330.861,222.934,4900.511,481.028,7124.701,,0.0,,0.0,0.0,0.0,,0.0,0.0,973.56,67515592.0,534.478,199.25,20.466,11.136,6.992,3.744,37.368,553.473,0.0,,0.0,0.0,0.0,0.0,0.0,0.018,,0.006,0.033,0.033,0.178,0.494
EGY,Egypt,2000,48.718,0.143,25.0,40.425,-5.909,-28.423,5.894,31.5,0.0,0.0,,,,,,453.203,0.0,20.382,1.787,1.712,10.111,0.0,146.898,0.438,6.362,74.32,0.0,0.0,60.77,43.41,13.56,0.0,17.36,0.0,0.0,13.7,0.0,0.14,74.47,33.75,1.275,8222.654,5.886,93.002,29.261,526.371,7647.234,882.88,81.603,443940929998.0,58.292,21.951,34.012,34.65,192.5,630.67,2796.684,202.125,2936.516,18.209,5.487,6.958,2.049,39.383,197.003,572.17,18.397,13.7,199.037,5.993,6.998,2.239,39.608,575.427,-0.202,-0.15,0.0,,0.0,0.0,0.0,0.0,0.0,23.311,-2.146,57.204,-7.101,323.759,252.21,4703.651,452.605,6575.551,0.0,0.0,,0.0,0.0,0.0,0.0,0.0,0.0,1081.916,68831560.0,565.978,199.037,18.397,5.993,6.998,2.239,39.608,575.427,0.0,,0.0,0.001,0.001,0.0,0.008,0.188,570.833,0.04,0.19,0.224,2.034,3.249
EGY,Egypt,2001,-36.207,-0.159,20.0,40.425,-3.384,-15.316,4.371,24.737,0.0,0.0,,,,,,446.012,0.0,-12.032,1.506,-1.217,8.895,0.0,126.79,0.279,3.982,79.13,0.0,0.0,64.17,47.04,14.98,0.0,17.13,0.0,0.0,15.2,0.0,0.22,79.37,35.4,1.243,8420.429,4.573,93.182,24.071,550.442,7846.344,914.719,80.849,475162705511.0,59.267,22.5,39.92,43.313,235.812,670.538,3361.422,242.55,3457.46,18.874,1.001,6.734,0.394,39.778,213.534,567.014,19.151,15.2,216.67,1.683,6.818,0.666,40.274,574.091,-0.303,-0.24,0.0,,0.0,0.0,0.0,0.0,0.0,21.582,-5.567,51.757,-18.025,305.734,244.182,4358.132,437.289,6233.392,0.0,0.0,,0.0,0.0,0.0,0.0,0.0,0.0,1131.39,70152664.0,590.716,216.67,19.151,1.683,6.818,0.666,40.274,574.091,0.0,347.0,0.0,0.002,0.002,0.0,0.035,0.277,120.916,0.084,0.27,0.494,3.136,7.042
EGY,Egypt,2002,0.0,0.0,8.333,20.212,-0.956,-4.181,2.542,15.016,0.0,0.0,,,,,,455.017,0.0,7.279,1.575,0.647,9.542,0.0,133.484,0.279,3.908,84.08,0.0,0.0,71.88,57.33,12.73,0.0,14.55,0.0,0.0,12.93,0.0,0.2,84.81,38.59,1.209,8473.544,2.967,93.569,16.333,566.775,7928.577,1005.525,84.754,501186258357.0,67.598,8.163,42.108,19.25,255.062,801.986,3568.057,262.762,3675.769,15.01,-3.533,6.335,-1.406,38.372,178.079,536.784,15.246,12.93,180.877,-3.269,6.431,-1.317,38.957,544.973,-0.868,-0.73,0.0,,0.0,0.0,0.0,0.0,0.0,17.156,-1.166,49.885,-3.565,302.17,203.539,4227.036,433.108,6058.719,0.0,0.0,,0.0,0.0,0.0,0.0,0.0,0.0,1186.402,71485048.0,605.732,180.877,15.246,-3.269,6.431,-1.317,38.957,544.973,0.0,10.403,0.0,0.0,0.003,0.0,0.038,0.236,17.949,0.096,0.089,0.583,2.798,8.151
EGY,Egypt,2003,0.0,0.0,10.256,26.95,-0.451,-1.955,6.369,38.581,0.0,0.0,,,,,,455.57,0.0,3.688,1.536,0.352,9.894,0.0,135.859,0.279,3.836,89.59,0.0,0.0,77.22,62.61,12.89,0.0,14.61,0.0,0.0,13.26,0.0,0.37,90.48,41.22,1.22,8847.282,7.323,94.408,41.506,608.281,8352.516,1060.334,85.345,527963283898.0,69.198,12.075,44.367,30.8,285.862,859.719,3925.278,289.712,3978.141,14.246,-8.135,5.471,-3.122,35.251,176.997,484.037,14.655,13.26,182.078,-7.508,5.592,-2.925,36.032,494.773,-0.993,-0.89,0.0,,0.0,0.0,0.0,0.0,0.0,16.147,3.427,48.505,10.355,312.524,200.615,4291.379,431.153,5920.308,0.0,0.0,,0.0,0.0,0.0,0.0,0.0,0.0,1242.412,72826104.0,644.313,182.078,14.655,-7.508,5.592,-2.925,36.032,494.773,0.0,-0.608,0.0,-0.0,0.003,0.0,0.037,0.409,33.725,0.121,0.197,0.779,5.081,10.699
EGY,Egypt,2004,-10.811,-0.03,9.635,27.913,-6.02,-25.956,1.191,7.672,0.0,0.0,,,,,,449.226,0.0,2.208,1.551,0.218,10.113,0.0,136.339,0.249,3.359,95.51,0.0,0.0,83.17,72.92,12.52,0.0,10.25,0.0,0.0,13.04,0.0,0.52,96.21,43.22,1.163,8790.166,1.25,94.463,7.602,615.883,8303.437,1121.312,86.446,560813265671.0,75.793,6.734,46.797,19.25,305.112,983.119,4113.58,317.625,4282.272,13.013,-1.462,5.328,-0.516,34.735,168.797,468.303,13.554,13.04,175.807,0.194,5.537,0.07,36.102,486.735,-0.733,-0.7,0.0,,0.0,0.0,0.0,0.0,0.0,10.654,-3.797,46.114,-11.867,300.658,138.192,4053.519,405.197,5462.93,0.0,0.0,,0.0,0.0,0.0,0.0,0.0,0.0,1297.119,74172072.0,651.985,175.807,13.554,0.194,5.537,0.07,36.102,486.735,0.0,-0.612,0.0,-0.0,0.003,0.0,0.037,0.54,75.119,0.209,0.585,1.364,7.011,18.396
EGY,Egypt,2005,-24.242,-0.06,28.788,91.438,-4.803,-19.461,7.171,46.755,0.0,0.0,,,,,,460.838,0.0,-2.16,1.416,-0.218,9.894,0.0,131.006,0.189,2.499,102.38,0.0,0.0,90.09,75.37,12.52,0.0,14.72,0.0,0.0,13.07,0.0,0.55,103.16,47.54,1.166,9251.949,7.708,94.936,47.472,663.355,8783.419,1192.873,87.33,599346500044.0,73.061,-0.315,43.528,-0.963,304.15,997.967,4027.222,409.062,5416.355,12.136,-2.085,4.867,-0.724,34.011,165.776,450.333,12.67,13.07,173.059,-1.985,5.064,-0.717,35.386,468.537,-0.762,-0.78,0.0,,0.0,0.0,0.0,0.0,0.0,14.269,16.182,49.991,48.653,349.311,194.906,4625.19,385.735,5107.484,0.0,0.0,,0.0,0.0,0.0,0.0,0.0,0.0,1365.931,75523576.0,698.74,173.059,12.67,-1.985,5.064,-0.717,35.386,468.537,0.0,-0.718,0.0,-0.0,0.003,0.0,0.036,0.533,0.562,0.196,0.008,1.372,7.282,18.168
EGY,Egypt,2006,0.0,0.0,28.706,117.425,-0.017,-0.065,4.402,30.758,0.0,0.0,,,,,,461.37,0.0,0.056,1.357,0.006,9.9,0.0,128.777,0.189,2.456,109.15,0.0,0.0,96.08,81.21,12.8,0.0,14.87,0.0,0.0,13.42,0.0,0.62,109.5,50.52,1.124,9489.574,4.575,95.094,30.351,693.707,9023.981,1249.843,87.744,649072412298.0,74.164,15.506,48.158,47.163,351.312,1056.408,4570.001,526.488,6848.736,11.689,0.475,4.684,0.162,34.172,166.507,444.527,12.256,13.42,174.572,1.15,4.906,0.407,35.792,465.6,-0.321,-0.35,0.0,,0.0,0.0,0.0,0.0,0.0,13.58,-4.814,45.578,-16.817,332.494,193.434,4325.202,385.671,5016.939,0.0,0.0,,0.0,0.0,0.0,0.0,0.0,0.0,1424.415,76873672.0,729.498,174.572,12.256,1.15,4.906,0.407,35.792,465.6,0.0,-0.62,0.0,-0.0,0.003,0.0,0.035,0.566,17.867,0.222,0.245,1.617,8.065,21.038
EGY,Egypt,2007,0.0,0.0,1.81,9.529,1.955,7.54,6.107,44.549,0.0,0.0,,,,,,453.696,0.0,-9.096,1.163,-0.9,8.999,0.0,115.031,0.189,2.413,118.22,0.0,0.0,102.6,87.18,15.35,0.0,15.42,0.0,0.0,16.18,0.0,0.83,118.78,53.89,1.088,9894.239,5.883,94.893,40.813,734.52,9388.981,1311.482,86.378,711521709173.0,73.396,5.096,47.699,17.903,369.215,1114.376,4719.484,536.016,6851.613,12.923,10.514,4.879,3.593,37.765,196.211,482.733,13.622,16.18,206.82,10.437,5.107,3.736,39.528,505.266,-0.474,-0.56,0.0,,0.0,0.0,0.0,0.0,0.0,12.982,7.161,46.031,23.811,356.305,197.106,4554.466,393.21,5026.2,0.0,0.0,,0.0,0.0,0.0,0.0,0.0,0.0,1518.302,78232128.0,774.047,206.82,13.622,10.437,5.107,3.736,39.528,505.266,0.0,19.283,0.0,0.001,0.003,0.0,0.041,0.699,8.798,0.227,0.142,1.76,10.609,22.492
EGY,Egypt,2008,0.0,0.0,5.89,31.57,2.497,9.82,5.541,42.893,0.0,0.0,,,,,,463.11,0.0,-10.011,0.991,-0.901,8.098,0.0,101.691,0.189,2.37,123.39,0.0,0.0,108.85,90.48,14.53,0.0,18.37,0.0,0.0,15.44,0.0,0.91,124.29,57.56,1.057,10258.425,5.461,94.821,40.113,774.633,9727.165,1366.843,87.577,772704078108.0,72.797,6.465,48.117,23.87,393.085,1136.168,4936.02,567.586,7127.25,11.69,5.52,4.878,2.084,39.85,182.455,500.398,12.423,15.44,193.882,7.033,5.179,2.78,42.308,531.269,-0.729,-0.9,0.0,,0.0,0.0,0.0,0.0,0.0,14.78,4.812,45.713,17.144,373.449,230.674,4689.454,403.03,5060.901,0.0,0.0,,0.0,0.0,0.0,0.0,0.0,0.0,1560.725,79636080.0,816.941,193.882,12.423,7.033,5.179,2.78,42.308,531.269,0.0,24.619,0.0,0.001,0.004,0.0,0.05,0.732,39.491,0.3,0.695,2.454,11.427,30.821
EGY,Egypt,2009,176.0,0.332,6.308,35.805,1.748,7.043,4.936,40.324,0.0,0.0,,,,,,477.482,0.0,-11.119,0.84,-0.9,7.198,0.0,88.714,0.521,6.421,130.73,0.0,0.0,117.81,94.85,12.73,0.0,22.96,0.0,0.0,13.86,0.0,1.13,131.67,62.87,1.035,10565.928,5.651,95.467,43.773,818.407,10087.0,1452.028,89.474,828245115109.0,72.036,4.163,47.762,16.363,409.448,1169.042,5046.514,603.391,7436.899,9.668,-9.33,4.215,-3.718,36.132,156.899,445.328,10.526,13.86,170.827,-8.154,4.533,-3.45,38.858,478.936,-0.719,-0.94,0.0,,0.0,0.0,0.0,0.0,0.0,17.438,7.581,46.865,28.311,401.761,282.986,4951.773,410.074,5054.229,0.0,0.0,,0.0,0.0,0.0,0.0,0.0,0.0,1622.855,81134792.0,857.264,170.827,10.526,-8.154,4.533,-3.45,38.858,478.936,0.0,45.455,0.001,0.002,0.006,0.0,0.071,0.858,10.86,0.317,0.267,2.721,13.927,33.537
EGY,Egypt,2010,-44.928,-0.234,-2.185,-13.186,-0.652,-2.675,5.054,43.328,0.0,0.0,,,,,,472.817,0.0,-25.026,0.599,-1.801,5.396,0.0,65.205,0.287,3.467,137.62,0.0,0.0,124.43,103.28,12.92,0.0,21.15,0.0,0.0,14.63,0.21,1.5,139.06,65.75,1.006,10881.811,5.458,95.834,44.669,863.076,10428.504,1503.482,89.479,895092314255.0,74.27,6.041,48.211,24.736,434.184,1247.927,5246.225,590.205,7131.418,9.291,-6.516,3.751,-2.354,33.777,156.112,408.127,10.521,14.63,176.774,-3.452,4.166,-1.341,37.517,453.316,-1.046,-1.44,0.0,,0.0,0.0,0.0,0.0,0.0,15.209,5.41,47.024,21.734,423.495,255.554,5117.074,407.399,4922.581,0.0,0.0,,0.0,0.0,0.0,0.0,0.0,0.0,1680.255,82761240.0,900.592,176.774,10.521,-3.452,4.166,-1.341,37.517,453.316,0.151,1037.212,0.007,0.06,0.066,2.537,0.794,1.079,35.028,0.408,0.953,3.674,18.124,44.395
EGY,Egypt,2011,-76.316,-0.219,0.208,1.228,-1.23,-5.013,1.877,16.901,0.0,0.0,,,,,,466.843,0.0,-5.005,0.559,-0.27,5.126,0.0,60.646,0.068,0.804,134.89,0.0,0.0,121.92,104.63,12.81,0.0,17.29,0.0,0.0,14.55,0.22,1.52,136.47,63.71,0.998,10854.147,1.882,95.84,16.247,879.323,10402.588,1442.341,89.338,919296066861.0,76.669,9.998,52.054,43.409,477.592,1237.796,5650.031,591.433,6996.783,9.387,-0.337,3.669,-0.114,33.663,151.545,398.242,10.662,14.55,172.13,1.743,4.16,0.654,38.171,451.568,-1.171,-1.58,0.0,,0.0,0.0,0.0,0.0,0.0,12.669,-6.35,43.227,-26.892,396.603,204.545,4691.911,402.386,4760.32,0.0,0.0,,0.0,0.0,0.0,0.0,0.0,0.0,1614.471,84529248.0,917.493,172.13,10.662,1.743,4.16,0.654,38.171,451.568,0.161,864.594,0.069,0.568,0.634,2.603,7.498,1.114,5.434,0.422,0.2,3.874,17.982,45.828
EGY,Egypt,2012,133.333,0.091,-0.922,-5.451,0.367,1.478,5.054,46.374,0.0,0.0,,,,,,472.887,0.0,-11.403,0.471,-0.585,4.542,0.0,52.554,0.159,1.835,141.6,0.0,0.0,127.65,107.29,12.99,0.0,20.36,0.0,0.0,14.35,0.24,1.12,142.0,67.15,1.019,11153.0,5.26,96.027,46.249,925.572,10709.88,1477.05,89.894,945768430004.0,75.556,6.026,52.535,28.779,506.371,1241.463,5859.275,585.982,6780.452,9.148,-0.319,3.481,-0.107,33.556,150.309,388.276,10.106,14.35,166.045,0.329,3.973,0.125,38.296,443.128,-0.282,-0.4,0.0,,0.0,0.0,0.0,0.0,0.0,14.338,4.552,43.02,18.055,414.658,235.588,4798.052,403.864,4673.154,0.0,0.0,,0.0,0.0,0.0,0.0,0.0,0.0,1643.096,86422240.0,963.867,166.045,10.106,0.329,3.973,0.125,38.296,443.128,0.169,104.91,0.135,0.665,1.299,2.777,15.027,0.789,-11.153,0.357,-0.432,3.442,12.96,39.825
EGY,Egypt,2013,-85.718,-0.136,-7.907,-46.333,-1.051,-4.245,-0.625,-6.024,0.0,0.0,,,,,,480.143,0.0,-1.204,0.468,-0.055,4.487,0.0,50.757,0.023,0.256,145.14,0.0,0.0,130.78,104.76,13.22,0.0,26.02,0.0,0.0,14.76,0.21,1.33,145.54,69.88,0.986,10834.765,-0.618,96.034,-5.718,919.854,10405.042,1479.334,89.858,971071800389.0,71.98,-2.243,51.68,-11.358,495.014,1185.006,5599.413,539.648,6104.299,9.083,0.992,3.538,0.333,33.889,149.54,383.336,10.142,14.76,166.96,-0.799,3.966,-0.306,37.99,429.731,-0.276,-0.4,0.0,,0.0,0.0,0.0,0.0,0.0,17.878,1.373,43.885,5.694,420.352,294.328,4754.872,399.619,4520.34,0.0,0.0,,0.0,0.0,0.0,0.0,0.0,0.0,1646.294,88404648.0,957.844,166.96,10.142,-0.799,3.966,-0.306,37.99,429.731,0.144,-94.985,0.007,-1.234,0.065,2.375,0.737,0.914,17.279,0.421,0.595,4.036,15.044,45.659
EGY,Egypt,2014,-100.0,-0.023,-12.978,-70.038,2.268,9.061,-0.182,-1.745,0.0,0.0,,,,,,485.261,0.0,0.823,0.473,0.037,4.524,0.0,50.031,0.0,0.0,151.3,0.0,0.0,136.62,105.97,13.68,0.0,30.65,0.0,0.0,15.36,0.24,1.44,151.98,73.75,0.939,10573.429,-0.142,96.073,-1.304,918.55,10158.182,1510.871,89.893,1018607035474.0,69.726,-6.631,48.341,-32.826,462.187,1171.915,5111.303,469.61,5193.389,9.001,2.033,3.617,0.689,34.578,151.286,382.393,10.107,15.36,169.865,-1.16,3.927,-0.441,37.549,415.256,-0.449,-0.68,0.0,,0.0,0.0,0.0,0.0,0.0,20.167,7.49,47.258,31.485,451.838,338.956,4996.847,408.68,4519.568,0.0,0.0,,0.0,0.0,0.0,0.0,0.0,0.0,1680.736,90424672.0,956.099,169.865,10.107,-1.16,3.927,-0.441,37.549,415.256,0.158,445.322,0.037,0.29,0.355,2.654,3.927,0.947,-35.178,0.274,-1.42,2.616,15.925,28.936
EGY,Egypt,2015,,0.0,-9.306,-43.704,0.828,3.382,2.19,20.936,0.0,0.0,,,,,,490.739,0.0,105.992,0.954,4.795,9.319,0.0,100.811,0.0,0.0,162.9,0.0,0.0,147.95,112.55,13.41,0.0,35.4,0.0,0.0,15.64,0.17,2.06,163.59,80.28,0.923,10569.103,2.065,95.956,18.97,937.521,10141.657,1600.454,90.44,1058643984714.0,68.8,-0.433,47.1,-2.0,460.188,1217.513,4978.098,425.906,4607.254,8.197,0.111,3.543,0.038,34.616,145.063,374.46,9.56,15.64,169.186,5.235,4.044,1.966,39.515,427.455,-0.424,-0.69,0.0,,0.0,0.0,0.0,0.0,0.0,21.639,3.58,47.901,16.175,468.013,382.941,5062.747,412.063,4457.499,0.0,0.0,,0.0,0.0,0.0,0.0,0.0,0.0,1769.64,92442544.0,977.035,169.186,9.56,5.235,4.044,1.966,39.515,427.455,0.104,-70.082,0.011,-0.249,0.106,1.839,1.149,1.259,83.175,0.491,2.176,4.793,22.284,51.846
EGY,Egypt,2016,,0.0,-5.492,-23.389,-4.505,-18.561,5.041,49.255,0.0,0.0,,,,,,487.331,0.0,52.051,1.381,4.851,14.17,0.0,150.031,0.0,0.0,167.46,0.0,0.0,152.23,119.91,12.72,0.0,32.32,0.0,0.0,15.5,0.58,2.2,167.73,81.74,0.929,10866.3,5.223,96.122,48.967,986.487,10444.87,1611.802,90.759,1104510677965.0,71.49,7.248,48.09,33.353,493.541,1269.6,5225.588,402.518,4261.831,7.584,-4.122,3.234,-1.427,33.189,134.679,351.403,9.241,15.5,164.113,0.73,3.878,0.289,39.804,421.439,-0.161,-0.27,0.0,,0.0,0.0,0.0,0.0,0.0,19.269,2.3,46.651,10.763,478.776,342.202,5069.251,393.501,4166.366,0.0,0.0,,0.0,0.0,0.0,0.0,0.0,0.0,1775.915,94447072.0,1026.29,164.113,9.241,0.73,3.878,0.289,39.804,421.439,0.346,452.923,0.057,0.481,0.587,6.141,6.22,1.312,25.756,0.587,1.234,6.027,23.293,63.816
EGY,Egypt,2017,,,21.268,85.609,-4.897,-19.271,2.814,28.881,0.0,0.0,,,,,,478.514,0.0,-1.54,1.322,-0.218,13.952,0.0,144.664,,,174.66,0.0,0.0,159.53,134.72,12.6,0.0,24.81,0.0,0.0,15.47,0.54,2.33,175.0,83.74,0.91,10940.927,3.034,96.328,29.934,1016.422,10539.139,1654.145,91.16,1159010258992.0,76.983,13.332,53.01,65.8,559.341,1396.893,5799.739,488.126,5061.317,7.2,-3.673,3.03,-1.219,31.97,130.648,331.493,8.84,15.47,160.406,-2.646,3.672,-1.053,38.75,401.797,-0.195,-0.34,0.0,,0.0,0.0,0.0,0.0,0.0,14.177,-7.446,41.996,-35.648,443.128,257.251,4594.735,374.23,3880.341,0.0,0.0,,0.0,0.0,0.0,0.0,0.0,0.0,1814.551,96442592.0,1055.171,160.406,8.84,-2.646,3.672,-1.053,38.75,401.797,0.309,156.41,0.143,0.919,1.506,5.599,15.619,1.331,-12.497,0.5,-0.753,5.274,24.159,54.685
EGY,Egypt,2018,,,19.965,97.457,2.07,7.746,1.447,15.27,0.0,0.0,,,,,,469.268,0.0,78.956,2.332,11.016,24.968,0.0,253.674,,,177.56,0.0,0.0,160.52,139.67,12.77,0.0,20.85,0.0,0.0,17.31,1.52,3.02,177.83,83.45,0.876,10875.859,1.316,96.203,13.377,1029.799,10462.925,1630.91,90.266,1221832614740.0,78.541,6.544,55.673,36.605,595.946,1419.07,6054.915,585.583,5949.623,7.181,-0.394,2.975,-0.126,31.844,129.745,323.541,9.734,17.31,175.872,4.885,3.797,1.893,40.643,412.943,-0.152,-0.27,0.0,,0.0,0.0,0.0,0.0,0.0,11.725,-7.728,38.198,-34.244,408.884,211.839,4154.335,381.976,3880.936,0.0,0.0,,0.0,0.0,0.0,0.0,0.0,0.0,1806.782,98423600.0,1070.441,175.872,9.734,4.885,3.797,1.893,40.643,412.943,0.855,-8.757,0.128,-0.132,1.374,15.443,13.965,1.698,40.783,0.694,2.151,7.425,30.684,75.437
EGY,Egypt,2019,,,10.896,63.804,-3.142,-12.002,0.22,2.355,0.0,0.0,,,,,,474.78,0.0,-8.118,2.138,-2.027,22.941,0.0,228.521,,,182.7,0.0,0.0,165.74,140.62,12.09,0.0,25.12,0.0,0.0,17.25,1.47,3.69,182.99,86.88,,10686.491,-0.557,95.457,-5.739,1024.059,10201.005,1650.993,90.573,,76.846,-1.089,54.946,-6.492,589.454,1400.764,5871.756,649.387,6468.766,6.607,2.751,3.05,0.876,32.72,120.433,325.935,9.427,17.25,171.833,19.916,4.543,8.095,48.738,485.495,-0.159,-0.29,0.0,,0.0,0.0,0.0,0.0,0.0,13.728,0.68,38.373,2.78,411.664,250.229,4100.728,369.974,3685.433,0.0,0.0,,0.0,0.0,0.0,0.0,0.0,0.0,1822.826,100388080.0,1072.796,171.833,9.427,19.916,4.543,8.095,48.738,485.495,0.803,245.336,0.442,3.372,4.746,14.643,47.281,2.017,51.807,1.051,3.847,11.271,36.757,112.278
EGY,Egypt,2020,,,-9.968,-64.733,-5.69,-21.052,-5.569,-59.743,0.0,0.0,,,,,,470.506,0.0,-61.969,0.861,-14.216,8.725,0.0,85.257,,,170.76,0.0,0.0,153.46,130.2,12.09,0.0,23.26,0.0,0.0,17.59,1.5,4.0,171.05,80.48,,9899.44,-6.573,94.442,-67.315,956.745,9349.199,1499.593,89.716,,76.118,-1.936,57.059,-11.413,578.041,1272.299,5648.555,584.654,5713.174,7.068,-0.93,3.2,-0.304,32.416,118.142,316.762,10.284,17.59,171.887,15.535,5.558,7.571,56.309,550.248,-0.17,-0.29,0.0,,0.0,0.0,0.0,0.0,0.0,13.598,-10.126,36.521,-41.686,369.978,227.294,3615.387,348.921,3409.616,0.0,0.0,,0.0,0.0,0.0,0.0,0.0,0.0,1671.481,102334408.0,1013.053,171.887,10.284,15.535,5.558,7.571,56.309,550.248,0.877,51.178,0.708,2.429,7.176,14.658,70.119,2.338,48.323,1.65,5.447,16.718,39.088,163.367
EGY,Egypt,2021,,,,,,,,,0.0,0.0,,,,,,470.879,0.0,,,,,0.0,,,,187.55,0.0,0.0,168.63,143.06,13.23,0.0,25.57,0.0,0.0,19.21,1.64,4.34,187.84,88.45,,,,,,,,1617.425,89.773,,76.161,,,,,1372.169,,,,7.043,,,,,126.896,,10.227,19.21,184.254,,,,,,-0.155,-0.29,0.0,,,,,0.0,,13.613,,,,,245.256,,,,0.0,0.0,,,,,0.0,0.0,,1801.679,104258328.0,,184.254,10.227,,,,,,0.873,,,,,15.73,,2.31,,,,,41.627,
