iso_code,country,year,coal_prod_change_pct,coal_prod_change_twh,gas_prod_change_pct,gas_prod_change_twh,oil_prod_change_pct,oil_prod_change_twh,energy_cons_change_pct,energy_cons_change_twh,biofuel_share_elec,biofuel_elec_per_capita,biofuel_cons_change_pct,biofuel_share_energy,biofuel_cons_change_twh,biofuel_consumption,biofuel_cons_per_capita,carbon_intensity_elec,coal_share_elec,coal_cons_change_pct,coal_share_energy,coal_cons_change_twh,coal_consumption,coal_elec_per_capita,coal_cons_per_capita,coal_production,coal_prod_per_capita,electricity_demand,biofuel_electricity,coal_electricity,fossil_electricity,gas_electricity,hydro_electricity,nuclear_electricity,oil_electricity,other_renewable_exc_biofuel_electricity,other_renewable_electricity,renewables_electricity,solar_electricity,wind_electricity,electricity_generation,greenhouse_gas_emissions,energy_per_gdp,energy_per_capita,fossil_cons_change_pct,fossil_share_energy,fossil_cons_change_twh,fossil_fuel_consumption,fossil_energy_per_capita,fossil_cons_per_capita,fossil_share_elec,gdp,gas_share_elec,gas_cons_change_pct,gas_share_energy,gas_cons_change_twh,gas_consumption,gas_elec_per_capita,gas_energy_per_capita,gas_production,gas_prod_per_capita,hydro_share_elec,hydro_cons_change_pct,hydro_share_energy,hydro_cons_change_twh,hydro_consumption,hydro_elec_per_capita,hydro_energy_per_capita,low_carbon_share_elec,low_carbon_electricity,low_carbon_elec_per_capita,low_carbon_cons_change_pct,low_carbon_share_energy,low_carbon_cons_change_twh,low_carbon_consumption,low_carbon_energy_per_capita,net_elec_imports_share_demand,net_elec_imports,nuclear_share_elec,nuclear_cons_change_pct,nuclear_share_energy,nuclear_cons_change_twh,nuclear_consumption,nuclear_elec_per_capita,nuclear_energy_per_capita,oil_share_elec,oil_cons_change_pct,oil_share_energy,oil_cons_change_twh,oil_consumption,oil_elec_per_capita,oil_energy_per_capita,oil_production,oil_prod_per_capita,other_renewables_elec_per_capita_exc_biofuel,other_renewables_elec_per_capita,other_renewables_cons_change_pct,other_renewables_share_energy,other_renewables_cons_change_twh,other_renewable_consumption,other_renewables_share_elec_exc_biofuel,other_renewables_share_elec,other_renewables_energy_per_capita,per_capita_electricity,population,primary_energy_consumption,renewables_elec_per_capita,renewables_share_elec,renewables_cons_change_pct,renewables_share_energy,renewables_cons_change_twh,renewables_consumption,renewables_energy_per_capita,solar_share_elec,solar_cons_change_pct,solar_share_energy,solar_cons_change_twh,solar_consumption,solar_elec_per_capita,solar_energy_per_capita,wind_share_elec,wind_cons_change_pct,wind_share_energy,wind_cons_change_twh,wind_consumption,wind_elec_per_capita,wind_energy_per_capita
ERI,Eritrea,1994,,,,,,,,,,,,,,,,,,,,,,,,0.0,0.0,,,,,,,,,,,,,,,,,1750.666,,,,,,,,,,,,,,,,0.0,0.0,,,,,,,,,,,,,,,,,,,,,,,,,,,,,,,,0.0,0.0,,,,,,,,,,,2218436.0,3.884,,,,,,,,,,,,,,,,,,,,,
ERI,Eritrea,1995,,0.0,,0.0,,0.0,14.559,0.565,,,,,,,,,,,,,,,,0.0,0.0,,,,,,,,,,,,,,,,,2018.466,,,,,,,,,,,,,,,,0.0,0.0,,,,,,,,,,,,,,,,,,,,,,,,,,,,,,,,0.0,0.0,,,,,,,,,,,2204227.0,4.449,,,,,,,,,,,,,,,,,,,,,
ERI,Eritrea,1996,,0.0,,0.0,,0.0,2.211,0.098,,,,,,,,,,,,,,,,0.0,0.0,,,,,,,,,,,,,,,,,2070.375,,,,,,,,,,,,,,,,0.0,0.0,,,,,,,,,,,,,,,,,,,,,,,,,,,,,,,,0.0,0.0,,,,,,,,,,,2196467.0,4.548,,,,,,,,,,,,,,,,,,,,,
ERI,Eritrea,1997,,0.0,,0.0,,0.0,1.097,0.05,,,,,,,,,,,,,,,,0.0,0.0,,,,,,,,,,,,,,,,,2094.295,,,,,,,,,,,,,,,,0.0,0.0,,,,,,,,,,,,,,,,,,,,,,,,,,,,,,,,0.0,0.0,,,,,,,,,,,2195192.0,4.597,,,,,,,,,,,,,,,,,,,,,
ERI,Eritrea,1998,,0.0,,0.0,,0.0,6.193,0.285,,,,,,,,,,,,,,,,0.0,0.0,,,,,,,,,,,,,,,,,2212.65,,,,,,,,,,,,,,,,0.0,0.0,,,,,,,,,,,,,,,,,,,,,,,,,,,,,,,,0.0,0.0,,,,,,,,,,,2206439.0,4.882,,,,,,,,,,,,,,,,,,,,,
ERI,Eritrea,1999,,0.0,,0.0,,0.0,3.795,0.185,,,,,,,,,,,,,,,,0.0,0.0,,,,,,,,,,,,,,,,,2264.831,,,,,,,,,,,,,,,,0.0,0.0,,,,,,,,,,,,,,,,,,,,,,,,,,,,,,,,0.0,0.0,,,,,,,,,,,2237412.0,5.067,,,,,,,,,,,,,,,,,,,,,
ERI,Eritrea,2000,,0.0,,0.0,,0.0,-48.706,-2.468,0.0,0.0,,,,,,700.0,0.0,,,,,0.0,,0.0,0.0,0.2,0.0,0.0,0.2,0.0,0.0,0.0,0.2,0.0,0.0,0.0,0.0,0.0,0.2,0.14,,1133.844,,,,,,87.244,100.0,,0.0,,,,,0.0,,0.0,0.0,0.0,,,,,0.0,,0.0,0.0,0.0,,,,,,0.0,0.0,0.0,,,,,0.0,,100.0,,,,,87.244,,0.0,0.0,0.0,0.0,,,,,0.0,0.0,,87.244,2292413.0,2.599,0.0,0.0,,,,,,0.0,,,,,0.0,,0.0,,,,,0.0,
ERI,Eritrea,2001,,0.0,,0.0,,0.0,9.548,0.248,0.0,0.0,,,,,,681.818,0.0,,,,,0.0,,0.0,0.0,0.22,0.0,0.0,0.22,0.0,0.0,0.0,0.22,0.0,0.0,0.0,0.0,0.0,0.22,0.15,,1199.051,,,,,,92.642,100.0,,0.0,,,,,0.0,,0.0,0.0,0.0,,,,,0.0,,0.0,0.0,0.0,,,,,,0.0,0.0,0.0,,,,,0.0,,100.0,,,,,92.642,,0.0,0.0,0.0,0.0,,,,,0.0,0.0,,92.642,2374721.0,2.847,0.0,0.0,,,,,,0.0,,,,,0.0,,0.0,,,,,0.0,
ERI,Eritrea,2002,,0.0,,0.0,,0.0,-8.82,-0.251,0.0,0.0,,,,,,708.333,0.0,,,,,0.0,,0.0,0.0,0.24,0.0,0.0,0.24,0.0,0.0,0.0,0.24,0.0,0.0,0.0,0.0,0.0,0.24,0.17,,1046.431,,,,,,96.733,100.0,,0.0,,,,,0.0,,0.0,0.0,0.0,,,,,0.0,,0.0,0.0,0.0,,,,,,0.0,0.0,0.0,,,,,0.0,,100.0,,,,,96.733,,0.0,0.0,0.0,0.0,,,,,0.0,0.0,,96.733,2481059.0,2.596,0.0,0.0,,,,,,0.0,,,,,0.0,,0.0,,,,,0.0,
ERI,Eritrea,2003,,0.0,,0.0,,0.0,19.858,0.516,0.0,0.0,,,,,,692.308,0.0,,,,,0.0,,0.0,0.0,0.26,0.0,0.0,0.26,0.0,0.0,0.0,0.26,0.0,0.0,0.0,0.0,0.0,0.26,0.18,,1196.404,,,,,,99.963,100.0,,0.0,,,,,0.0,,0.0,0.0,0.0,,,,,0.0,,0.0,0.0,0.0,,,,,,0.0,0.0,0.0,,,,,0.0,,100.0,,,,,99.963,,0.0,0.0,0.0,0.0,,,,,0.0,0.0,,99.963,2600972.0,3.112,0.0,0.0,,,,,,0.0,,,,,0.0,,0.0,,,,,0.0,
ERI,Eritrea,2004,,0.0,,0.0,,0.0,8.903,0.277,0.0,0.0,,,,,,703.704,0.0,,,,,0.0,,0.0,0.0,0.27,0.0,0.0,0.27,0.0,0.0,0.0,0.27,0.0,0.0,0.0,0.0,0.0,0.27,0.19,,1245.993,,,,,,99.272,100.0,,0.0,,,,,0.0,,0.0,0.0,0.0,,,,,0.0,,0.0,0.0,0.0,,,,,,0.0,0.0,0.0,,,,,0.0,,100.0,,,,,99.272,,0.0,0.0,0.0,0.0,,,,,0.0,0.0,,99.272,2719809.0,3.389,0.0,0.0,,,,,,0.0,,,,,0.0,,0.0,,,,,0.0,
ERI,Eritrea,2005,,0.0,,0.0,,0.0,0.063,0.002,0.0,0.0,,,,,,703.704,0.0,,,,,0.0,,0.0,0.0,0.27,0.0,0.0,0.27,0.0,0.0,0.0,0.27,0.0,0.0,0.0,0.0,0.0,0.27,0.19,,1199.656,,,,,,95.519,100.0,,0.0,,,,,0.0,,0.0,0.0,0.0,,,,,0.0,,0.0,0.0,0.0,,,,,,0.0,0.0,0.0,,,,,0.0,,100.0,,,,,95.519,,0.0,0.0,0.0,0.0,,,,,0.0,0.0,,95.519,2826653.0,3.391,0.0,0.0,,,,,,0.0,,,,,0.0,,0.0,,,,,0.0,
ERI,Eritrea,2006,,0.0,,0.0,,0.0,-31.221,-1.059,0.0,0.0,,,,,,720.0,0.0,,,,,0.0,,0.0,0.0,0.25,0.0,0.0,0.25,0.0,0.0,0.0,0.25,0.0,0.0,0.0,0.0,0.0,0.25,0.18,,799.225,,,,,,85.669,100.0,,0.0,,,,,0.0,,0.0,0.0,0.0,,,,,0.0,,0.0,0.0,0.0,,,,,,0.0,0.0,0.0,,,,,0.0,,100.0,,,,,85.669,,0.0,0.0,0.0,0.0,,,,,0.0,0.0,,85.669,2918209.0,2.332,0.0,0.0,,,,,,0.0,,,,,0.0,,0.0,,,,,0.0,
ERI,Eritrea,2007,,0.0,,0.0,,0.0,2.689,0.063,0.0,0.0,,,,,,703.704,0.0,,,,,0.0,,0.0,0.0,0.27,0.0,0.0,0.27,0.0,0.0,0.0,0.27,0.0,0.0,0.0,0.0,0.0,0.27,0.19,,799.261,,,,,,90.104,100.0,,0.0,,,,,0.0,,0.0,0.0,0.0,,,,,0.0,,0.0,0.0,0.0,,,,,,0.0,0.0,0.0,,,,,0.0,,100.0,,,,,90.104,,0.0,0.0,0.0,0.0,,,,,0.0,0.0,,90.104,2996540.0,2.395,0.0,0.0,,,,,,0.0,,,,,0.0,,0.0,,,,,0.0,
ERI,Eritrea,2008,,0.0,,0.0,,0.0,-28.546,-0.684,0.0,0.0,,,,,,703.704,0.0,,,,,0.0,,0.0,0.0,0.27,0.0,0.0,0.27,0.0,0.0,0.0,0.27,0.0,0.0,0.0,0.0,0.0,0.27,0.19,,558.755,,,,,,88.155,100.0,,0.0,,,,,0.0,,0.0,0.0,0.0,,,,,0.0,,0.0,0.0,0.0,,,,,,0.0,0.0,0.0,,,,,0.0,,100.0,,,,,88.155,,0.0,0.0,0.0,0.0,,,,,0.0,0.0,,88.155,3062782.0,1.711,0.0,0.0,,,,,,0.0,,,,,0.0,,0.0,,,,,0.0,
ERI,Eritrea,2009,,0.0,,0.0,,0.0,20.827,0.356,0.0,0.0,,,,,,714.286,0.0,,,,,0.0,,0.0,0.0,0.28,0.0,0.0,0.28,0.0,0.0,0.0,0.28,0.0,0.0,0.0,0.0,0.0,0.28,0.2,,662.763,,,,,,89.746,100.0,,0.0,,,,,0.0,,0.0,0.0,0.0,,,,,0.0,,0.0,0.0,0.0,,,,,,0.0,0.0,0.0,,,,,0.0,,100.0,,,,,89.746,,0.0,0.0,0.0,0.0,,,,,0.0,0.0,,89.746,3119920.0,2.068,0.0,0.0,,,,,,0.0,,,,,0.0,,0.0,,,,,0.0,
ERI,Eritrea,2010,,0.0,,0.0,,0.0,-0.307,-0.006,0.0,0.0,,,,,,689.655,0.0,,,,,0.0,,0.0,0.0,0.29,0.0,0.0,0.29,0.0,0.0,0.0,0.29,0.0,0.0,0.0,0.0,0.0,0.29,0.2,,650.2,,,,,,91.47,100.0,,0.0,,,,,0.0,,0.0,0.0,0.0,,,,,0.0,,0.0,0.0,0.0,,,,,,0.0,0.0,0.0,,,,,0.0,,100.0,,,,,91.47,,0.0,0.0,0.0,0.0,,,,,0.0,0.0,,91.47,3170437.0,2.061,0.0,0.0,,,,,,0.0,,,,,0.0,,0.0,,,,,0.0,
ERI,Eritrea,2011,,0.0,,0.0,,0.0,1.835,0.038,0.0,0.0,,,,,,700.0,0.0,,,,,0.0,,0.0,0.0,0.3,0.0,0.0,0.3,0.0,0.0,0.0,0.3,0.0,0.0,0.0,0.0,0.0,0.3,0.21,,653.163,,,,,,93.343,100.0,,0.0,,,,,0.0,,0.0,0.0,0.0,,,,,0.0,,0.0,0.0,0.0,,,,,,0.0,0.0,0.0,,,,,0.0,,100.0,,,,,93.343,,0.0,0.0,0.0,0.0,,,,,0.0,0.0,,93.343,3213969.0,2.099,0.0,0.0,,,,,,0.0,,,,,0.0,,0.0,,,,,0.0,
ERI,Eritrea,2012,,0.0,,0.0,,0.0,6.275,0.132,0.0,0.0,,,,,,709.677,0.0,,,,,0.0,,0.0,0.0,0.31,0.0,0.0,0.31,0.0,0.0,0.0,0.31,0.0,0.0,0.0,0.0,0.0,0.31,0.22,,686.43,,,,,,95.382,100.0,,0.0,,,,,0.0,,0.0,0.0,0.0,,,,,0.0,,0.0,0.0,0.0,,,,,,0.0,0.0,0.0,,,,,0.0,,100.0,,,,,95.382,,0.0,0.0,0.0,0.0,,,,,0.0,0.0,,95.382,3250104.0,2.231,0.0,0.0,,,,,,0.0,,,,,0.0,,0.0,,,,,0.0,
ERI,Eritrea,2013,,0.0,,0.0,,0.0,1.971,0.044,0.0,0.0,,,,,,687.5,0.0,,,,,0.0,,0.0,0.0,0.32,0.0,0.0,0.32,0.0,0.0,0.0,0.32,0.0,0.0,0.0,0.0,0.0,0.32,0.22,,693.275,,,,,,97.518,100.0,,0.0,,,,,0.0,,0.0,0.0,0.0,,,,,0.0,,0.0,0.0,0.0,,,,,,0.0,0.0,0.0,,,,,0.0,,100.0,,,,,97.518,,0.0,0.0,0.0,0.0,,,,,0.0,0.0,,97.518,3281453.0,2.275,0.0,0.0,,,,,,0.0,,,,,0.0,,0.0,,,,,0.0,
ERI,Eritrea,2014,,0.0,,0.0,,0.0,4.433,0.101,0.0,0.0,,,,,,687.5,0.0,,,,,0.0,,0.0,0.0,0.32,0.0,0.0,0.32,0.0,0.0,0.0,0.32,0.0,0.0,0.0,0.0,0.0,0.32,0.22,,717.451,,,,,,96.635,100.0,,0.0,,,,,0.0,,0.0,0.0,0.0,,,,,0.0,,0.0,0.0,0.0,,,,,,0.0,0.0,0.0,,,,,0.0,,100.0,,,,,96.635,,0.0,0.0,0.0,0.0,,,,,0.0,0.0,,96.635,3311444.0,2.376,0.0,0.0,,,,,,0.0,,,,,0.0,,0.0,,,,,0.0,
ERI,Eritrea,2015,,0.0,,0.0,,0.0,-0.833,-0.02,0.0,0.0,,,,,,696.97,0.0,,,,,0.0,,0.0,0.0,0.33,0.0,0.0,0.33,0.0,0.0,0.0,0.33,0.0,0.0,0.0,0.0,0.0,0.33,0.23,,704.796,,,,,,98.719,100.0,,0.0,,,,,0.0,,0.0,0.0,0.0,,,,,0.0,,0.0,0.0,0.0,,,,,,0.0,0.0,0.0,,,,,0.0,,100.0,,,,,98.719,,0.0,0.0,0.0,0.0,,,,,0.0,0.0,,98.719,3342818.0,2.356,0.0,0.0,,,,,,0.0,,,,,0.0,,0.0,,,,,0.0,
ERI,Eritrea,2016,,0.0,,0.0,,0.0,1.79,0.042,0.0,0.0,,,,,,705.882,0.0,,,,,0.0,,0.0,0.0,0.34,0.0,0.0,0.34,0.0,0.0,0.0,0.34,0.0,0.0,0.0,0.0,0.0,0.34,0.24,,710.244,,,,,,100.694,100.0,,0.0,,,,,0.0,,0.0,0.0,0.0,,,,,0.0,,0.0,0.0,0.0,,,,,,0.0,0.0,0.0,,,,,0.0,,100.0,,,,,100.694,,0.0,0.0,0.0,0.0,,,,,0.0,0.0,,100.694,3376558.0,2.398,0.0,0.0,,,,,,0.0,,,,,0.0,,0.0,,,,,0.0,
ERI,Eritrea,2017,,,,,,,10.804,0.259,0.0,0.0,,,,,,682.927,0.0,,,,,0.0,,,,0.41,0.0,0.0,0.4,0.0,0.0,0.0,0.4,0.0,0.0,0.01,0.01,0.0,0.41,0.28,,778.602,,,,,,117.203,97.561,,0.0,,,,,0.0,,,,0.0,,,,,0.0,,2.439,0.01,2.93,,,,,,0.0,0.0,0.0,,,,,0.0,,97.561,,,,,117.203,,,,0.0,0.0,,,,,0.0,0.0,,120.133,3412894.0,2.657,2.93,2.439,,,,,,2.439,,,,,2.93,,0.0,,,,,0.0,
ERI,Eritrea,2018,,,,,,,14.604,0.388,0.0,0.0,,,,,,659.091,0.0,,,,,0.0,,,,0.44,0.0,0.0,0.42,0.0,0.0,0.0,0.42,0.0,0.0,0.02,0.02,0.0,0.44,0.29,,881.994,,,,,,121.641,95.455,,0.0,,,,,0.0,,,,0.0,,,,,0.0,,4.545,0.02,5.792,,,,,,0.0,0.0,0.0,,,,,0.0,,95.455,,,,,121.641,,,,0.0,0.0,,,,,0.0,0.0,,127.433,3452797.0,3.045,5.792,4.545,,,,,,4.545,,,,,5.792,,0.0,,,,,0.0,
ERI,Eritrea,2019,,,,,,,8.535,0.26,0.0,0.0,,,,,,666.667,0.0,,,,,0.0,,,,0.45,0.0,0.0,0.43,0.0,0.0,0.0,0.43,0.0,0.0,0.02,0.02,0.0,0.45,0.3,,945.141,,,,,,122.958,95.556,,0.0,,,,,0.0,,,,0.0,,,,,0.0,,4.444,0.02,5.719,,,,,,0.0,0.0,0.0,,,,,0.0,,95.556,,,,,122.958,,,,0.0,0.0,,,,,0.0,0.0,,128.677,3497117.0,3.305,5.719,4.444,,,,,,4.444,,,,,5.719,,0.0,,,,,0.0,
ERI,Eritrea,2020,,,,,,,,,0.0,0.0,,,,,,652.174,0.0,,,,,0.0,,,,0.46,0.0,0.0,0.43,0.0,0.0,0.0,0.43,0.0,0.0,0.03,0.03,0.0,0.46,0.3,,,,,,,,121.249,93.478,,0.0,,,,,0.0,,,,0.0,,,,,0.0,,6.522,0.03,8.459,,,,,,0.0,0.0,0.0,,,,,0.0,,93.478,,,,,121.249,,,,0.0,0.0,,,,,0.0,0.0,,129.708,3546427.0,,8.459,6.522,,,,,,6.522,,,,,8.459,,0.0,,,,,0.0,
