iso_code,country,year,coal_prod_change_pct,coal_prod_change_twh,gas_prod_change_pct,gas_prod_change_twh,oil_prod_change_pct,oil_prod_change_twh,energy_cons_change_pct,energy_cons_change_twh,biofuel_share_elec,biofuel_elec_per_capita,biofuel_cons_change_pct,biofuel_share_energy,biofuel_cons_change_twh,biofuel_consumption,biofuel_cons_per_capita,carbon_intensity_elec,coal_share_elec,coal_cons_change_pct,coal_share_energy,coal_cons_change_twh,coal_consumption,coal_elec_per_capita,coal_cons_per_capita,coal_production,coal_prod_per_capita,electricity_demand,biofuel_electricity,coal_electricity,fossil_electricity,gas_electricity,hydro_electricity,nuclear_electricity,oil_electricity,other_renewable_exc_biofuel_electricity,other_renewable_electricity,renewables_electricity,solar_electricity,wind_electricity,electricity_generation,greenhouse_gas_emissions,energy_per_gdp,energy_per_capita,fossil_cons_change_pct,fossil_share_energy,fossil_cons_change_twh,fossil_fuel_consumption,fossil_energy_per_capita,fossil_cons_per_capita,fossil_share_elec,gdp,gas_share_elec,gas_cons_change_pct,gas_share_energy,gas_cons_change_twh,gas_consumption,gas_elec_per_capita,gas_energy_per_capita,gas_production,gas_prod_per_capita,hydro_share_elec,hydro_cons_change_pct,hydro_share_energy,hydro_cons_change_twh,hydro_consumption,hydro_elec_per_capita,hydro_energy_per_capita,low_carbon_share_elec,low_carbon_electricity,low_carbon_elec_per_capita,low_carbon_cons_change_pct,low_carbon_share_energy,low_carbon_cons_change_twh,low_carbon_consumption,low_carbon_energy_per_capita,net_elec_imports_share_demand,net_elec_imports,nuclear_share_elec,nuclear_cons_change_pct,nuclear_share_energy,nuclear_cons_change_twh,nuclear_consumption,nuclear_elec_per_capita,nuclear_energy_per_capita,oil_share_elec,oil_cons_change_pct,oil_share_energy,oil_cons_change_twh,oil_consumption,oil_elec_per_capita,oil_energy_per_capita,oil_production,oil_prod_per_capita,other_renewables_elec_per_capita_exc_biofuel,other_renewables_elec_per_capita,other_renewables_cons_change_pct,other_renewables_share_energy,other_renewables_cons_change_twh,other_renewable_consumption,other_renewables_share_elec_exc_biofuel,other_renewables_share_elec,other_renewables_energy_per_capita,per_capita_electricity,population,primary_energy_consumption,renewables_elec_per_capita,renewables_share_elec,renewables_cons_change_pct,renewables_share_energy,renewables_cons_change_twh,renewables_consumption,renewables_energy_per_capita,solar_share_elec,solar_cons_change_pct,solar_share_energy,solar_cons_change_twh,solar_consumption,solar_elec_per_capita,solar_energy_per_capita,wind_share_elec,wind_cons_change_pct,wind_share_energy,wind_cons_change_twh,wind_consumption,wind_elec_per_capita,wind_energy_per_capita
SWZ,Eswatini,1900,,,,,,,,,,,,,,,,,,,,,,,,0.0,0.0,,,,,,,,,,,,,,,,,,,,,,,,,,,,,,,,,,,,,,,,,,,,,,,,,,,,,,,,,,,,,,,,,,,,,,,,,,,,,,109501.0,,,,,,,,,,,,,,,,,,,,,,
SWZ,Eswatini,1901,,0.0,,,,,,,,,,,,,,,,,,,,,,0.0,0.0,,,,,,,,,,,,,,,,,,,,,,,,,,,,,,,,,,,,,,,,,,,,,,,,,,,,,,,,,,,,,,,,,,,,,,,,,,,,,,111023.0,,,,,,,,,,,,,,,,,,,,,,
SWZ,Eswatini,1902,,0.0,,,,,,,,,,,,,,,,,,,,,,0.0,0.0,,,,,,,,,,,,,,,,,,,,,,,,,,,,,,,,,,,,,,,,,,,,,,,,,,,,,,,,,,,,,,,,,,,,,,,,,,,,,,112706.0,,,,,,,,,,,,,,,,,,,,,,
SWZ,Eswatini,1903,,0.0,,,,,,,,,,,,,,,,,,,,,,0.0,0.0,,,,,,,,,,,,,,,,,,,,,,,,,,,,,,,,,,,,,,,,,,,,,,,,,,,,,,,,,,,,,,,,,,,,,,,,,,,,,,114554.0,,,,,,,,,,,,,,,,,,,,,,
SWZ,Eswatini,1904,,0.0,,,,,,,,,,,,,,,,,,,,,,0.0,0.0,,,,,,,,,,,,,,,,,,,,,,,,,,,,,,,,,,,,,,,,,,,,,,,,,,,,,,,,,,,,,,,,,,,,,,,,,,,,,,116432.0,,,,,,,,,,,,,,,,,,,,,,
SWZ,Eswatini,1905,,0.0,,,,,,,,,,,,,,,,,,,,,,0.0,0.0,,,,,,,,,,,,,,,,,,,,,,,,,,,,,,,,,,,,,,,,,,,,,,,,,,,,,,,,,,,,,,,,,,,,,,,,,,,,,,118341.0,,,,,,,,,,,,,,,,,,,,,,
SWZ,Eswatini,1906,,0.0,,,,,,,,,,,,,,,,,,,,,,0.0,0.0,,,,,,,,,,,,,,,,,,,,,,,,,,,,,,,,,,,,,,,,,,,,,,,,,,,,,,,,,,,,,,,,,,,,,,,,,,,,,,120281.0,,,,,,,,,,,,,,,,,,,,,,
SWZ,Eswatini,1907,,0.0,,,,,,,,,,,,,,,,,,,,,,0.0,0.0,,,,,,,,,,,,,,,,,,,,,,,,,,,,,,,,,,,,,,,,,,,,,,,,,,,,,,,,,,,,,,,,,,,,,,,,,,,,,,122252.0,,,,,,,,,,,,,,,,,,,,,,
SWZ,Eswatini,1908,,0.0,,,,,,,,,,,,,,,,,,,,,,0.0,0.0,,,,,,,,,,,,,,,,,,,,,,,,,,,,,,,,,,,,,,,,,,,,,,,,,,,,,,,,,,,,,,,,,,,,,,,,,,,,,,124256.0,,,,,,,,,,,,,,,,,,,,,,
SWZ,Eswatini,1909,,0.0,,,,,,,,,,,,,,,,,,,,,,0.0,0.0,,,,,,,,,,,,,,,,,,,,,,,,,,,,,,,,,,,,,,,,,,,,,,,,,,,,,,,,,,,,,,,,,,,,,,,,,,,,,,126269.0,,,,,,,,,,,,,,,,,,,,,,
SWZ,Eswatini,1910,,0.0,,,,,,,,,,,,,,,,,,,,,,0.0,0.0,,,,,,,,,,,,,,,,,,,,,,,,,,,,,,,,,,,,,,,,,,,,,,,,,,,,,,,,,,,,,,,,,,,,,,,,,,,,,,128290.0,,,,,,,,,,,,,,,,,,,,,,
SWZ,Eswatini,1911,,0.0,,,,,,,,,,,,,,,,,,,,,,0.0,0.0,,,,,,,,,,,,,,,,,,,,,,,,,,,,,,,,,,,,,,,,,,,,,,,,,,,,,,,,,,,,,,,,,,,,,,,,,,,,,,130320.0,,,,,,,,,,,,,,,,,,,,,,
SWZ,Eswatini,1912,,0.0,,,,,,,,,,,,,,,,,,,,,,0.0,0.0,,,,,,,,,,,,,,,,,,,,,,,,,,,,,,,,,,,,,,,,,,,,,,,,,,,,,,,,,,,,,,,,,,,,,,,,,,,,,,132357.0,,,,,,,,,,,,,,,,,,,,,,
SWZ,Eswatini,1913,,0.0,,,,,,,,,,,,,,,,,,,,,,0.0,0.0,,,,,,,,,,,,,,,,,,,,,,,,,,,,,,,,,,,,,,,,,,,,,,,,,,,,,,,,,,,,,,,,,,,,,,,,,,,,,,134402.0,,,,,,,,,,,,,,,,,,,,,,
SWZ,Eswatini,1914,,0.0,,,,,,,,,,,,,,,,,,,,,,0.0,0.0,,,,,,,,,,,,,,,,,,,,,,,,,,,,,,,,,,,,,,,,,,,,,,,,,,,,,,,,,,,,,,,,,,,,,,,,,,,,,,136479.0,,,,,,,,,,,,,,,,,,,,,,
SWZ,Eswatini,1915,,0.0,,,,,,,,,,,,,,,,,,,,,,0.0,0.0,,,,,,,,,,,,,,,,,,,,,,,,,,,,,,,,,,,,,,,,,,,,,,,,,,,,,,,,,,,,,,,,,,,,,,,,,,,,,,138588.0,,,,,,,,,,,,,,,,,,,,,,
SWZ,Eswatini,1916,,0.0,,,,,,,,,,,,,,,,,,,,,,0.0,0.0,,,,,,,,,,,,,,,,,,,,,,,,,,,,,,,,,,,,,,,,,,,,,,,,,,,,,,,,,,,,,,,,,,,,,,,,,,,,,,140729.0,,,,,,,,,,,,,,,,,,,,,,
SWZ,Eswatini,1917,,0.0,,,,,,,,,,,,,,,,,,,,,,0.0,0.0,,,,,,,,,,,,,,,,,,,,,,,,,,,,,,,,,,,,,,,,,,,,,,,,,,,,,,,,,,,,,,,,,,,,,,,,,,,,,,142903.0,,,,,,,,,,,,,,,,,,,,,,
SWZ,Eswatini,1918,,0.0,,,,,,,,,,,,,,,,,,,,,,0.0,0.0,,,,,,,,,,,,,,,,,,,,,,,,,,,,,,,,,,,,,,,,,,,,,,,,,,,,,,,,,,,,,,,,,,,,,,,,,,,,,,145119.0,,,,,,,,,,,,,,,,,,,,,,
SWZ,Eswatini,1919,,0.0,,,,,,,,,,,,,,,,,,,,,,0.0,0.0,,,,,,,,,,,,,,,,,,,,,,,,,,,,,,,,,,,,,,,,,,,,,,,,,,,,,,,,,,,,,,,,,,,,,,,,,,,,,,147534.0,,,,,,,,,,,,,,,,,,,,,,
SWZ,Eswatini,1920,,0.0,,,,,,,,,,,,,,,,,,,,,,0.0,0.0,,,,,,,,,,,,,,,,,,,,,,,,,,,,,,,,,,,,,,,,,,,,,,,,,,,,,,,,,,,,,,,,,,,,,,,,,,,,,,150154.0,,,,,,,,,,,,,,,,,,,,,,
SWZ,Eswatini,1921,,0.0,,,,,,,,,,,,,,,,,,,,,,0.0,0.0,,,,,,,,,,,,,,,,,,,,,,,,,,,,,,,,,,,,,,,,,,,,,,,,,,,,,,,,,,,,,,,,,,,,,,,,,,,,,,152988.0,,,,,,,,,,,,,,,,,,,,,,
SWZ,Eswatini,1922,,0.0,,,,,,,,,,,,,,,,,,,,,,0.0,0.0,,,,,,,,,,,,,,,,,,,,,,,,,,,,,,,,,,,,,,,,,,,,,,,,,,,,,,,,,,,,,,,,,,,,,,,,,,,,,,156041.0,,,,,,,,,,,,,,,,,,,,,,
SWZ,Eswatini,1923,,0.0,,,,,,,,,,,,,,,,,,,,,,0.0,0.0,,,,,,,,,,,,,,,,,,,,,,,,,,,,,,,,,,,,,,,,,,,,,,,,,,,,,,,,,,,,,,,,,,,,,,,,,,,,,,159320.0,,,,,,,,,,,,,,,,,,,,,,
SWZ,Eswatini,1924,,0.0,,,,,,,,,,,,,,,,,,,,,,0.0,0.0,,,,,,,,,,,,,,,,,,,,,,,,,,,,,,,,,,,,,,,,,,,,,,,,,,,,,,,,,,,,,,,,,,,,,,,,,,,,,,162668.0,,,,,,,,,,,,,,,,,,,,,,
SWZ,Eswatini,1925,,0.0,,,,,,,,,,,,,,,,,,,,,,0.0,0.0,,,,,,,,,,,,,,,,,,,,,,,,,,,,,,,,,,,,,,,,,,,,,,,,,,,,,,,,,,,,,,,,,,,,,,,,,,,,,,166087.0,,,,,,,,,,,,,,,,,,,,,,
SWZ,Eswatini,1926,,0.0,,,,,,,,,,,,,,,,,,,,,,0.0,0.0,,,,,,,,,,,,,,,,,,,,,,,,,,,,,,,,,,,,,,,,,,,,,,,,,,,,,,,,,,,,,,,,,,,,,,,,,,,,,,169578.0,,,,,,,,,,,,,,,,,,,,,,
SWZ,Eswatini,1927,,0.0,,,,,,,,,,,,,,,,,,,,,,0.0,0.0,,,,,,,,,,,,,,,,,,,,,,,,,,,,,,,,,,,,,,,,,,,,,,,,,,,,,,,,,,,,,,,,,,,,,,,,,,,,,,173142.0,,,,,,,,,,,,,,,,,,,,,,
SWZ,Eswatini,1928,,0.0,,,,,,,,,,,,,,,,,,,,,,0.0,0.0,,,,,,,,,,,,,,,,,,,,,,,,,,,,,,,,,,,,,,,,,,,,,,,,,,,,,,,,,,,,,,,,,,,,,,,,,,,,,,176781.0,,,,,,,,,,,,,,,,,,,,,,
SWZ,Eswatini,1929,,0.0,,,,,,,,,,,,,,,,,,,,,,0.0,0.0,,,,,,,,,,,,,,,,,,,,,,,,,,,,,,,,,,,,,,,,,,,,,,,,,,,,,,,,,,,,,,,,,,,,,,,,,,,,,,180465.0,,,,,,,,,,,,,,,,,,,,,,
SWZ,Eswatini,1930,,0.0,,,,,,,,,,,,,,,,,,,,,,0.0,0.0,,,,,,,,,,,,,,,,,,,,,,,,,,,,,,,,,,,,,,,,,,,,,,,,,,,,,,,,,,,,,,,,,,,,,,,,,,,,,,184196.0,,,,,,,,,,,,,,,,,,,,,,
SWZ,Eswatini,1931,,0.0,,,,,,,,,,,,,,,,,,,,,,0.0,0.0,,,,,,,,,,,,,,,,,,,,,,,,,,,,,,,,,,,,,,,,,,,,,,,,,,,,,,,,,,,,,,,,,,,,,,,,,,,,,,187973.0,,,,,,,,,,,,,,,,,,,,,,
SWZ,Eswatini,1932,,0.0,,,,,,,,,,,,,,,,,,,,,,0.0,0.0,,,,,,,,,,,,,,,,,,,,,,,,,,,,,,,,,,,,,,,,,,,,,,,,,,,,,,,,,,,,,,,,,,,,,,,,,,,,,,191798.0,,,,,,,,,,,,,,,,,,,,,,
SWZ,Eswatini,1933,,0.0,,,,,,,,,,,,,,,,,,,,,,0.0,0.0,,,,,,,,,,,,,,,,,,,,,,,,,,,,,,,,,,,,,,,,,,,,,,,,,,,,,,,,,,,,,,,,,,,,,,,,,,,,,,195669.0,,,,,,,,,,,,,,,,,,,,,,
SWZ,Eswatini,1934,,0.0,,,,,,,,,,,,,,,,,,,,,,0.0,0.0,,,,,,,,,,,,,,,,,,,,,,,,,,,,,,,,,,,,,,,,,,,,,,,,,,,,,,,,,,,,,,,,,,,,,,,,,,,,,,199619.0,,,,,,,,,,,,,,,,,,,,,,
SWZ,Eswatini,1935,,0.0,,,,,,,,,,,,,,,,,,,,,,0.0,0.0,,,,,,,,,,,,,,,,,,,,,,,,,,,,,,,,,,,,,,,,,,,,,,,,,,,,,,,,,,,,,,,,,,,,,,,,,,,,,,203648.0,,,,,,,,,,,,,,,,,,,,,,
SWZ,Eswatini,1936,,0.0,,,,,,,,,,,,,,,,,,,,,,0.0,0.0,,,,,,,,,,,,,,,,,,,,,,,,,,,,,,,,,,,,,,,,,,,,,,,,,,,,,,,,,,,,,,,,,,,,,,,,,,,,,,207758.0,,,,,,,,,,,,,,,,,,,,,,
SWZ,Eswatini,1937,,0.0,,,,,,,,,,,,,,,,,,,,,,0.0,0.0,,,,,,,,,,,,,,,,,,,,,,,,,,,,,,,,,,,,,,,,,,,,,,,,,,,,,,,,,,,,,,,,,,,,,,,,,,,,,,211952.0,,,,,,,,,,,,,,,,,,,,,,
SWZ,Eswatini,1938,,0.0,,,,,,,,,,,,,,,,,,,,,,0.0,0.0,,,,,,,,,,,,,,,,,,,,,,,,,,,,,,,,,,,,,,,,,,,,,,,,,,,,,,,,,,,,,,,,,,,,,,,,,,,,,,216230.0,,,,,,,,,,,,,,,,,,,,,,
SWZ,Eswatini,1939,,0.0,,,,,,,,,,,,,,,,,,,,,,0.0,0.0,,,,,,,,,,,,,,,,,,,,,,,,,,,,,,,,,,,,,,,,,,,,,,,,,,,,,,,,,,,,,,,,,,,,,,,,,,,,,,220550.0,,,,,,,,,,,,,,,,,,,,,,
SWZ,Eswatini,1940,,0.0,,,,,,,,,,,,,,,,,,,,,,0.0,0.0,,,,,,,,,,,,,,,,,,,,,,,,,,,,,,,,,,,,,,,,,,,,,,,,,,,,,,,,,,,,,,,,,,,,,,,,,,,,,,224911.0,,,,,,,,,,,,,,,,,,,,,,
SWZ,Eswatini,1941,,0.0,,,,,,,,,,,,,,,,,,,,,,0.0,0.0,,,,,,,,,,,,,,,,,,,,,,,,,,,,,,,,,,,,,,,,,,,,,,,,,,,,,,,,,,,,,,,,,,,,,,,,,,,,,,229314.0,,,,,,,,,,,,,,,,,,,,,,
SWZ,Eswatini,1942,,0.0,,,,,,,,,,,,,,,,,,,,,,0.0,0.0,,,,,,,,,,,,,,,,,,,,,,,,,,,,,,,,,,,,,,,,,,,,,,,,,,,,,,,,,,,,,,,,,,,,,,,,,,,,,,233758.0,,,,,,,,,,,,,,,,,,,,,,
SWZ,Eswatini,1943,,0.0,,,,,,,,,,,,,,,,,,,,,,0.0,0.0,,,,,,,,,,,,,,,,,,,,,,,,,,,,,,,,,,,,,,,,,,,,,,,,,,,,,,,,,,,,,,,,,,,,,,,,,,,,,,238244.0,,,,,,,,,,,,,,,,,,,,,,
SWZ,Eswatini,1944,,0.0,,,,,,,,,,,,,,,,,,,,,,0.0,0.0,,,,,,,,,,,,,,,,,,,,,,,,,,,,,,,,,,,,,,,,,,,,,,,,,,,,,,,,,,,,,,,,,,,,,,,,,,,,,,242816.0,,,,,,,,,,,,,,,,,,,,,,
SWZ,Eswatini,1945,,0.0,,,,,,,,,,,,,,,,,,,,,,0.0,0.0,,,,,,,,,,,,,,,,,,,,,,,,,,,,,,,,,,,,,,,,,,,,,,,,,,,,,,,,,,,,,,,,,,,,,,,,,,,,,,247476.0,,,,,,,,,,,,,,,,,,,,,,
SWZ,Eswatini,1946,,0.0,,,,,,,,,,,,,,,,,,,,,,0.0,0.0,,,,,,,,,,,,,,,,,,,,,,,,,,,,,,,,,,,,,,,,,,,,,,,,,,,,,,,,,,,,,,,,,,,,,,,,,,,,,,252225.0,,,,,,,,,,,,,,,,,,,,,,
SWZ,Eswatini,1947,,0.0,,,,,,,,,,,,,,,,,,,,,,0.0,0.0,,,,,,,,,,,,,,,,,,,,,,,,,,,,,,,,,,,,,,,,,,,,,,,,,,,,,,,,,,,,,,,,,,,,,,,,,,,,,,257066.0,,,,,,,,,,,,,,,,,,,,,,
SWZ,Eswatini,1948,,0.0,,,,,,,,,,,,,,,,,,,,,,0.0,0.0,,,,,,,,,,,,,,,,,,,,,,,,,,,,,,,,,,,,,,,,,,,,,,,,,,,,,,,,,,,,,,,,,,,,,,,,,,,,,,261999.0,,,,,,,,,,,,,,,,,,,,,,
SWZ,Eswatini,1949,,0.0,,,,,,,,,,,,,,,,,,,,,,0.0,0.0,,,,,,,,,,,,,,,,,,,,,,,,,,,,,,,,,,,,,,,,,,,,,,,,,,,,,,,,,,,,,,,,,,,,,,,,,,,,,,267305.0,,,,,,,,,,,,,,,,,,,,,,
SWZ,Eswatini,1950,,0.0,,,,,,,,,,,,,,,,,,,,,,0.0,0.0,,,,,,,,,,,,,,,,,,,,,,,,,167539936.0,,,,,,,,,,,,,,,,,,,,,,,,,,,,,,,,,,,,,,,,,,,,,,,,,,,,,272997.0,,,,,,,,,,,,,,,,,,,,,,
SWZ,Eswatini,1951,,0.0,,,,,,,,,,,,,,,,,,,,,,0.0,0.0,,,,,,,,,,,,,,,,,,,,,,,,,176744477.0,,,,,,,,,,,,,,,,,,,,,,,,,,,,,,,,,,,,,,,,,,,,,,,,,,,,,279357.0,,,,,,,,,,,,,,,,,,,,,,
SWZ,Eswatini,1952,,0.0,,,,,,,,,,,,,,,,,,,,,,0.0,0.0,,,,,,,,,,,,,,,,,,,,,,,,,182272604.0,,,,,,,,,,,,,,,,,,,,,,,,,,,,,,,,,,,,,,,,,,,,,,,,,,,,,285286.0,,,,,,,,,,,,,,,,,,,,,,
SWZ,Eswatini,1953,,0.0,,,,,,,,,,,,,,,,,,,,,,0.0,0.0,,,,,,,,,,,,,,,,,,,,,,,,,189501950.0,,,,,,,,,,,,,,,,,,,,,,,,,,,,,,,,,,,,,,,,,,,,,,,,,,,,,291082.0,,,,,,,,,,,,,,,,,,,,,,
SWZ,Eswatini,1954,,0.0,,,,,,,,,,,,,,,,,,,,,,0.0,0.0,,,,,,,,,,,,,,,,,,,,,,,,,200069506.0,,,,,,,,,,,,,,,,,,,,,,,,,,,,,,,,,,,,,,,,,,,,,,,,,,,,,296943.0,,,,,,,,,,,,,,,,,,,,,,
SWZ,Eswatini,1955,,0.0,,,,,,,,,,,,,,,,,,,,,,0.0,0.0,,,,,,,,,,,,,,,,,,,,,,,,,206422398.0,,,,,,,,,,,,,,,,,,,,,,,,,,,,,,,,,,,,,,,,,,,,,,,,,,,,,303027.0,,,,,,,,,,,,,,,,,,,,,,
SWZ,Eswatini,1956,,0.0,,,,,,,,,,,,,,,,,,,,,,0.0,0.0,,,,,,,,,,,,,,,,,,,,,,,,,214622392.0,,,,,,,,,,,,,,,,,,,,,,,,,,,,,,,,,,,,,,,,,,,,,,,,,,,,,309405.0,,,,,,,,,,,,,,,,,,,,,,
SWZ,Eswatini,1957,,0.0,,,,,,,,,,,,,,,,,,,,,,0.0,0.0,,,,,,,,,,,,,,,,,,,,,,,,,222837362.0,,,,,,,,,,,,,,,,,,,,,,,,,,,,,,,,,,,,,,,,,,,,,,,,,,,,,316037.0,,,,,,,,,,,,,,,,,,,,,,
SWZ,Eswatini,1958,,0.0,,,,,,,,,,,,,,,,,,,,,,0.0,0.0,,,,,,,,,,,,,,,,,,,,,,,,,229028508.0,,,,,,,,,,,,,,,,,,,,,,,,,,,,,,,,,,,,,,,,,,,,,,,,,,,,,322860.0,,,,,,,,,,,,,,,,,,,,,,
SWZ,Eswatini,1959,,0.008,,,,,,,,,,,,,,,,,,,,,,0.008,24.689,,,,,,,,,,,,,,,,,,,,,,,,,242299906.0,,,,,,,,,,,,,,,,,,,,,,,,,,,,,,,,,,,,,,,,,,,,,,,,,,,,,329744.0,,,,,,,,,,,,,,,,,,,,,,
SWZ,Eswatini,1960,1099.999,0.09,,,,,,,,,,,,,,,,,,,,,,0.098,290.251,,,,,,,,,,,,,,,,,,,,,,,,,275492286.0,,,,,,,,,,,,,,,,,,,,,,,,,,,,,,,,,,,,,,,,,,,,,,,,,,,,,336578.0,,,,,,,,,,,,,,,,,,,,,,
SWZ,Eswatini,1961,-91.667,-0.09,,,,,,,,,,,,,,,,,,,,,,0.008,23.711,,,,,,,,,,,,,,,,,,,,,,,,,310627275.0,,,,,,,,,,,,,,,,,,,,,,,,,,,,,,,,,,,,,,,,,,,,,,,,,,,,,343346.0,,,,,,,,,,,,,,,,,,,,,,
SWZ,Eswatini,1962,-100.0,-0.008,,,,,,,,,,,,,,,,,,,,,,0.0,0.0,,,,,,,,,,,,,,,,,,,,,,,,,376296102.0,,,,,,,,,,,,,,,,,,,,,,,,,,,,,,,,,,,,,,,,,,,,,,,,,,,,,350155.0,,,,,,,,,,,,,,,,,,,,,,
SWZ,Eswatini,1963,,0.0,,,,,,,,,,,,,,,,,,,,,,0.0,0.0,,,,,,,,,,,,,,,,,,,,,,,,,397363722.0,,,,,,,,,,,,,,,,,,,,,,,,,,,,,,,,,,,,,,,,,,,,,,,,,,,,,357279.0,,,,,,,,,,,,,,,,,,,,,,
SWZ,Eswatini,1964,,0.033,,,,,,,,,,,,,,,,,,,,,,0.033,89.187,,,,,,,,,,,,,,,,,,,,,,,,,456314684.0,,,,,,,,,,,,,,,,,,,,,,,,,,,,,,,,,,,,,,,,,,,,,,,,,,,,,365120.0,,,,,,,,,,,,,,,,,,,,,,
SWZ,Eswatini,1965,650.003,0.212,,,,,,,,,,,,,,,,,,,,,,0.244,653.153,,,,,,,,,,,,,,,,,,,,,,,,,527314920.0,,,,,,,,,,,,,,,,,,,,,,,,,,,,,,,,,,,,,,,,,,,,,,,,,,,,,373925.0,,,,,,,,,,,,,,,,,,,,,,
SWZ,Eswatini,1966,123.333,0.301,,,,,,,,,,,,,,,,,,,,,,0.545,1421.102,,,,,,,,,,,,,,,,,,,,,,,,,549730881.0,,,,,,,,,,,,,,,,,,,,,,,,,,,,,,,,,,,,,,,,,,,,,,,,,,,,,383820.0,,,,,,,,,,,,,,,,,,,,,,
SWZ,Eswatini,1967,16.418,0.09,,,,,,,,,,,,,,,,,,,,,,0.635,1608.569,,,,,,,,,,,,,,,,,,,,,,,,,602007390.0,,,,,,,,,,,,,,,,,,,,,,,,,,,,,,,,,,,,,,,,,,,,,,,,,,,,,394760.0,,,,,,,,,,,,,,,,,,,,,,
SWZ,Eswatini,1968,14.103,0.09,,,,,,,,,,,,,,,,,,,,,,0.725,1782.374,,,,,,,,,,,,,,,,,,,,,,,,,573858213.0,,,,,,,,,,,,,,,,,,,,,,,,,,,,,,,,,,,,,,,,,,,,,,,,,,,,,406508.0,,,,,,,,,,,,,,,,,,,,,,
SWZ,Eswatini,1969,16.854,0.122,,,,,,,,,,,,,,,,,,,,,,0.847,2021.939,,,,,,,,,,,,,,,,,,,,,,,,,598423950.0,,,,,,,,,,,,,,,,,,,,,,,,,,,,,,,,,,,,,,,,,,,,,,,,,,,,,418739.0,,,,,,,,,,,,,,,,,,,,,,
SWZ,Eswatini,1970,18.269,0.155,,,,,,,,,,,,,,,,,,,,,,1.001,2321.951,,,,,,,,,,,,,,,,,,,,,,,,,775567080.0,,,,,,,,,,,,,,,,,,,,,,,,,,,,,,,,,,,,,,,,,,,,,,,,,,,,,431251.0,,,,,,,,,,,,,,,,,,,,,,
SWZ,Eswatini,1971,20.325,0.204,,,,,,,,,,,,,,,,,,,,,,1.205,2713.797,,,,,,,,,,,,,,,,,,,,,,,,,804890352.0,,,,,,,,,,,,,,,,,,,,,,,,,,,,,,,,,,,,,,,,,,,,,,,,,,,,,443979.0,,,,,,,,,,,,,,,,,,,,,,
SWZ,Eswatini,1972,-14.865,-0.179,,,,,,,,,,,,,,,,,,,,,,1.026,2244.375,,,,,,,,,,,,,,,,,,,,,,,,,906918345.0,,,,,,,,,,,,,,,,,,,,,,,,,,,,,,,,,,,,,,,,,,,,,,,,,,,,,457039.0,,,,,,,,,,,,,,,,,,,,,,
SWZ,Eswatini,1973,12.698,0.13,,,,,,,,,,,,,,,,,,,,,,1.156,2456.691,,,,,,,,,,,,,,,,,,,,,,,,,938127264.0,,,,,,,,,,,,,,,,,,,,,,,,,,,,,,,,,,,,,,,,,,,,,,,,,,,,,470561.0,,,,,,,,,,,,,,,,,,,,,,
SWZ,Eswatini,1974,-1.408,-0.016,,,,,,,,,,,,,,,,,,,,,,1.14,2351.208,,,,,,,,,,,,,,,,,,,,,,,,,1117013648.0,,,,,,,,,,,,,,,,,,,,,,,,,,,,,,,,,,,,,,,,,,,,,,,,,,,,,484747.0,,,,,,,,,,,,,,,,,,,,,,
SWZ,Eswatini,1975,-9.286,-0.106,,,,,,,,,,,,,,,,,,,,,,1.034,2068.813,,,,,,,,,,,,,,,,,,,,,,,,,1487587584.0,,,,,,,,,,,,,,,,,,,,,,,,,,,,,,,,,,,,,,,,,,,,,,,,,,,,,499759.0,,,,,,,,,,,,,,,,,,,,,,
SWZ,Eswatini,1976,-0.787,-0.008,,,,,,,,,,,,,,,,,,,,,,1.026,1989.455,,,,,,,,,,,,,,,,,,,,,,,,,1682911756.0,,,,,,,,,,,,,,,,,,,,,,,,,,,,,,,,,,,,,,,,,,,,,,,,,,,,,515602.0,,,,,,,,,,,,,,,,,,,,,,
SWZ,Eswatini,1977,2.381,0.024,,,,,,,,,,,,,,,,,,,,,,1.05,1973.103,,,,,,,,,,,,,,,,,,,,,,,,,1700027860.0,,,,,,,,,,,,,,,,,,,,,,,,,,,,,,,,,,,,,,,,,,,,,,,,,,,,,532253.0,,,,,,,,,,,,,,,,,,,,,,
SWZ,Eswatini,1978,28.682,0.301,,,,,,,,,,,,,,,,,,,,,,1.351,2458.056,,,,,,,,,,,,,,,,,,,,,,,,,1722091410.0,,,,,,,,,,,,,,,,,,,,,,,,,,,,,,,,,,,,,,,,,,,,,,,,,,,,,549787.0,,,,,,,,,,,,,,,,,,,,,,
SWZ,Eswatini,1979,1.205,0.016,,,,,,,,,,,,,,,,,,,,,,1.368,2406.565,,,,,,,,,,,,,,,,,,,,,,,,,1758990090.0,,,,,,,,,,,,,,,,,,,,,,,,,,,,,,,,,,,,,,,,,,,,,,,,,,,,,568316.0,,,,,,,,,,,,,,,,,,,,,,
SWZ,Eswatini,1980,-10.864,-0.149,,,,,,,,,,,,,,,,,,,,,,1.219,2073.817,,,,,,,,,,,,,,,,1.548,4742.782,,,,,,,,1801349376.0,,,,,,,,,,,,,,,,,,,,,,,,,,,,,,,,,,,,,,,,,,,,,,,,,,,,,587852.0,2.788,,,,,,,,,,,,,,,,,,,,,
SWZ,Eswatini,1981,-6.818,-0.083,,,,,-2.671,-0.074,,,,,,,,,,,,,,,,1.136,1867.235,,,,,,,,,,,,,,,,1.41,4460.409,,,,,,,,1924760524.0,,,,,,,,,,,,,,,,,,,,,,,,,,,,,,,,,,,,,,,,,,,,,,,,,,,,,608374.0,2.714,,,,,,,,,,,,,,,,,,,,,
SWZ,Eswatini,1982,0.0,0.0,,,,,-11.832,-0.321,,,,,,,,,,,,,,,,1.136,1803.676,,,,,,,,,,,,,,,,1.225,3798.771,,,,,,,,1952841320.0,,,,,,,,,,,,,,,,,,,,,,,,,,,,,,,,,,,,,,,,,,,,,,,,,,,,,629812.0,2.393,,,,,,,,,,,,,,,,,,,,,
SWZ,Eswatini,1983,-37.805,-0.429,,,,,-12.601,-0.301,,,,,,,,,,,,,,,,0.707,1083.437,,,,,,,,,,,,,,,,1.077,3206.549,,,,,,,,1942272416.0,,,,,,,,,,,,,,,,,,,,,,,,,,,,,,,,,,,,,,,,,,,,,,,,,,,,,652112.0,2.091,,,,,,,,,,,,,,,,,,,,,
SWZ,Eswatini,1984,22.549,0.159,,,,,17.037,0.356,,,,,,,,,,,,,,,,0.866,1282.264,,,,,,,,,,,,,,,,1.229,3624.294,,,,,,,,1990645586.0,,,,,,,,,,,,,,,,,,,,,,,,,,,,,,,,,,,,,,,,,,,,,,,,,,,,,675240.0,2.447,,,,,,,,,,,,,,,,,,,,,
SWZ,Eswatini,1985,32.8,0.284,,,,,25.718,0.629,,,,,,,,,,,,,,,,1.15,1644.784,,,,,,,,,,,,,,,,1.516,4401.022,,,,,,,,2029726908.0,,,,,,,,,,,,,,,,,,,,,,,,,,,,,,,,,,,,,,,,,,,,,,,,,,,,,699077.0,3.077,,,,,,,,,,,,,,,,,,,,,
SWZ,Eswatini,1986,3.614,0.042,,,,,-3.884,-0.12,,,,,,,,,,,,,,,,1.191,1646.48,,,,,,,,,,,,,,,,1.229,4086.718,,,,,,,,2406443910.0,,,,,,,,,,,,,,,,,,,,,,,,,,,,,,,,,,,,,,,,,,,,,,,,,,,,,723599.0,2.957,,,,,,,,,,,,,,,,,,,,,
SWZ,Eswatini,1987,-4.07,-0.048,,,,,10.788,0.319,,,,,,,,,,,,,,,,1.143,1526.652,,,,,,,,,,,,,,,,1.238,4376.176,,,,,,,,2646884027.0,,,,,,,,,,,,,,,,,,,,,,,,,,,,,,,,,,,,,,,,,,,,,,,,,,,,,748634.0,3.276,,,,,,,,,,,,,,,,,,,,,
SWZ,Eswatini,1988,-11.515,-0.132,,,,,1.075,0.035,,,,,,,,,,,,,,,,1.011,1306.967,,,,,,,,,,,,,,,,1.163,4279.502,,,,,,,,2846423484.0,,,,,,,,,,,,,,,,,,,,,,,,,,,,,,,,,,,,,,,,,,,,,,,,,,,,,773774.0,3.311,,,,,,,,,,,,,,,,,,,,,
SWZ,Eswatini,1989,4.794,0.048,,,,,7.355,0.244,,,,,,,,,,,,,,,,1.06,1327.22,,,,,,,,,,,,,,,,1.141,4452.002,,,,,,,,3114432776.0,,,,,,,,,,,,,,,,,,,,,,,,,,,,,,,,,,,,,,,,,,,,,,,,,,,,,798498.0,3.555,,,,,,,,,,,,,,,,,,,,,
SWZ,Eswatini,1990,4.575,0.048,,,,,-2.987,-0.106,,,,,,,,,,,,,,,,1.108,1347.566,,,,,,,,,,,,,,,,1.008,4193.377,,,,,,,,3420534874.0,,,,,,,,,,,,,,,,,,,,,,,,,,,,,,,,,,,,,,,,,,,,,,,,,,,,,822423.0,3.449,,,,,,,,,,,,,,,,,,,,,
SWZ,Eswatini,1991,-23.125,-0.256,,,,,2.296,0.079,,,,,,,,,,,,,,,,0.852,1007.944,,,,,,,,,,,,,,,,0.994,4173.736,,,,,,,,3548878822.0,,,,,,,,,,,,,,,,,,,,,,,,,,,,,,,,,,,,,,,,,,,,,,,,,,,,,845267.0,3.528,,,,,,,,,,,,,,,,,,,,,
SWZ,Eswatini,1992,-18.699,-0.159,,,,,-2.08,-0.073,,,,,,,,,,,,,,,,0.693,798.93,,,,,,,,,,,,,,,,0.926,3984.492,,,,,,,,3732391447.0,,,,,,,,,,,,,,,,,,,,,,,,,,,,,,,,,,,,,,,,,,,,,,,,,,,,,866995.0,3.455,,,,,,,,,,,,,,,,,,,,,
SWZ,Eswatini,1993,-50.0,-0.346,,,,,-0.345,-0.012,,,,,,,,,,,,,,,,0.346,390.145,,,,,,,,,,,,,,,,0.878,3878.116,,,,,,,,3919793453.0,,,,,,,,,,,,,,,,,,,,,,,,,,,,,,,,,,,,,,,,,,,,,,,,,,,,,887706.0,3.443,,,,,,,,,,,,,,,,,,,,,
SWZ,Eswatini,1994,356.0,1.233,,,,,29.485,1.015,,,,,,,,,,,,,,,,1.579,1740.023,,,,,,,,,,,,,,,,1.091,4911.394,,,,,,,,4084366087.0,,,,,,,,,,,,,,,,,,,,,,,,,,,,,,,,,,,,,,,,,,,,,,,,,,,,,907622.0,4.458,,,,,,,,,,,,,,,,,,,,,
SWZ,Eswatini,1995,-24.561,-0.388,,,,,-2.084,-0.093,,,,,,,,,,,,,,,,1.191,1285.437,,,,,,,,,,,,,,,,1.002,4709.345,,,,,,,,4356450479.0,,,,,,,,,,,,,,,,,,,,,,,,,,,,,,,,,,,,,,,,,,,,,,,,,,,,,926836.0,4.365,,,,,,,,,,,,,,,,,,,,,
SWZ,Eswatini,1996,-25.0,-0.298,,,,,-4.386,-0.191,,,,,,,,,,,,,,,,0.894,945.041,,,,,,,,,,,,,,,,0.908,4413.879,,,,,,,,4598027627.0,,,,,,,,,,,,,,,,,,,,,,,,,,,,,,,,,,,,,,,,,,,,,,,,,,,,,945506.0,4.173,,,,,,,,,,,,,,,,,,,,,
SWZ,Eswatini,1997,57.364,0.513,,,,,2.782,0.116,,,,,,,,,,,,,,,,1.406,1459.511,,,,,,,,,,,,,,,,0.9,4452.314,,,,,,,,4766768550.0,,,,,,,,,,,,,,,,,,,,,,,,,,,,,,,,,,,,,,,,,,,,,,,,,,,,,963416.0,4.289,,,,,,,,,,,,,,,,,,,,,
SWZ,Eswatini,1998,101.97,1.434,,,,,23.785,1.02,,,,,,,,,,,,,,,,2.84,2898.128,,,,,,,,,,,,,,,,1.091,5418.472,,,,,,,,4867682420.0,,,,,,,,,,,,,,,,,,,,,,,,,,,,,,,,,,,,,,,,,,,,,,,,,,,,,979922.0,5.31,,,,,,,,,,,,,,,,,,,,,
SWZ,Eswatini,1999,3.902,0.111,,,,,1.924,0.102,,,,,,,,,,,,,,,,2.951,2968.264,,,,,,,,,,,,,,,,1.085,5443.92,,,,,,,,4986982585.0,,,,,,,,,,,,,,,,,,,,,,,,,,,,,,,,,,,,,,,,,,,,,,,,,,,,,994105.0,5.412,,,,,,,,,,,,,,,,,,,,,
SWZ,Eswatini,2000,-10.798,-0.319,,,,,15.848,0.858,59.016,358.055,,,,,,196.721,0.0,,,,,0.0,,2.632,2617.919,1.23,0.36,0.0,0.06,0.0,0.19,0.0,0.06,0.0,0.36,0.55,0.0,0.0,0.61,0.12,1.241,6235.614,,,,,,59.676,9.836,5050303504.0,0.0,,,,,0.0,,,,31.148,,,,,188.973,,90.164,0.55,547.029,,,,,,50.407,0.62,0.0,,,,,0.0,,9.836,,,,,59.676,,,,0.0,358.055,,,,,0.0,59.016,,606.704,1005432.0,6.269,547.029,90.164,,,,,,0.0,,,,,0.0,,0.0,,,,,0.0,
SWZ,Eswatini,2001,-17.105,-0.45,,,,,0.857,0.054,60.317,374.898,,,,,,206.349,0.0,,,,,0.0,,2.182,2152.612,1.27,0.38,0.0,0.06,0.0,0.19,0.0,0.06,0.0,0.38,0.57,0.0,0.0,0.63,0.13,1.234,6238.35,,,,,,59.194,9.524,5125500349.0,0.0,,,,,0.0,,,,30.159,,,,,187.449,,90.476,0.57,562.348,,,,,,50.394,0.64,0.0,,,,,0.0,,9.524,,,,,59.194,,,,0.0,374.898,,,,,0.0,60.317,,621.542,1013608.0,6.323,562.348,90.476,,,,,,0.0,,,,,0.0,,0.0,,,,,0.0,
SWZ,Eswatini,2002,34.603,0.755,,,,,3.031,0.192,60.0,382.708,,,,,,200.0,0.0,,,,,0.0,,2.937,2882.0,1.45,0.39,0.0,0.06,0.0,0.2,0.0,0.06,0.0,0.39,0.59,0.0,0.0,0.65,0.13,1.234,6393.062,,,,,,58.878,9.231,5280506863.0,0.0,,,,,0.0,,,,30.769,,,,,196.26,,90.769,0.59,578.968,,,,,,55.172,0.8,0.0,,,,,0.0,,9.231,,,,,58.878,,,,0.0,382.708,,,,,0.0,60.0,,637.846,1019054.0,6.515,578.968,90.769,,,,,,0.0,,,,,0.0,,0.0,,,,,0.0,
SWZ,Eswatini,2003,5.817,0.171,,,,,-8.028,-0.523,67.857,371.531,,,,,,232.143,0.0,,,,,0.0,,3.108,3038.487,1.36,0.38,0.0,0.06,0.0,0.12,0.0,0.06,0.0,0.38,0.5,0.0,0.0,0.56,0.13,1.086,5858.311,,,,,,58.663,10.714,5518729242.0,0.0,,,,,0.0,,,,21.429,,,,,117.325,,89.286,0.5,488.856,,,,,,58.824,0.8,0.0,,,,,0.0,,10.714,,,,,58.663,,,,0.0,371.531,,,,,0.0,67.857,,547.519,1022796.0,5.992,488.856,89.286,,,,,,0.0,,,,,0.0,,0.0,,,,,0.0,
SWZ,Eswatini,2004,8.837,0.275,,,,,-2.836,-0.17,69.811,360.523,,,,,,245.283,0.0,,,,,0.0,,3.382,3295.76,1.23,0.37,0.0,0.06,0.0,0.1,0.0,0.06,0.0,0.37,0.47,0.0,0.0,0.53,0.13,1.022,5672.813,,,,,,58.463,11.321,5696422086.0,0.0,,,,,0.0,,,,18.868,,,,,97.439,,88.679,0.47,457.962,,,,,,56.911,0.7,0.0,,,,,0.0,,11.321,,,,,58.463,,,,0.0,360.523,,,,,0.0,69.811,,516.425,1026287.0,5.822,457.962,88.679,,,,,,0.0,,,,,0.0,,0.0,,,,,0.0,
SWZ,Eswatini,2005,-7.641,-0.258,,,,,3.613,0.21,63.333,368.727,,,,,,216.667,0.0,,,,,0.0,,3.124,3031.256,1.47,0.38,0.0,0.06,0.0,0.16,0.0,0.06,0.0,0.38,0.54,0.0,0.0,0.6,0.13,1.005,5853.321,,,,,,58.22,10.0,6002942508.0,0.0,,,,,0.0,,,,26.667,,,,,155.253,,90.0,0.54,523.98,,,,,,59.184,0.87,0.0,,,,,0.0,,10.0,,,,,58.22,,,,0.0,368.727,,,,,0.0,63.333,,582.2,1030574.0,6.032,523.98,90.0,,,,,,0.0,,,,,0.0,,0.0,,,,,0.0,
SWZ,Eswatini,2006,-31.137,-0.973,,,,,-1.306,-0.079,65.0,376.413,,,,,,216.667,0.0,,,,,0.0,,2.151,2076.276,1.36,0.39,0.0,0.06,0.0,0.15,0.0,0.06,0.0,0.39,0.54,0.0,0.0,0.6,0.13,0.942,5746.088,,,,,,57.91,10.0,6319745065.0,0.0,,,,,0.0,,,,25.0,,,,,144.774,,90.0,0.54,521.188,,,,,,55.882,0.76,0.0,,,,,0.0,,10.0,,,,,57.91,,,,0.0,376.413,,,,,0.0,65.0,,579.097,1036095.0,5.953,521.188,90.0,,,,,,0.0,,,,,0.0,,0.0,,,,,0.0,
SWZ,Eswatini,2007,-22.31,-0.48,,,,,5.152,0.307,63.492,383.637,,,,,,206.349,0.0,,,,,0.0,,1.671,1602.924,1.49,0.4,0.0,0.06,0.0,0.17,0.0,0.06,0.0,0.4,0.57,0.0,0.0,0.63,0.13,0.95,6004.113,,,,,,57.546,9.524,6589486569.0,0.0,,,,,0.0,,,,26.984,,,,,163.046,,90.476,0.57,546.683,,,,,,57.718,0.86,0.0,,,,,0.0,,9.524,,,,,57.546,,,,0.0,383.637,,,,,0.0,63.492,,604.229,1042651.0,6.26,546.683,90.476,,,,,,0.0,,,,,0.0,,0.0,,,,,0.0,
SWZ,Eswatini,2008,-27.551,-0.46,,,,,-0.365,-0.023,63.333,361.923,,,,,,216.667,0.0,,,,,0.0,,1.211,1153.231,1.58,0.38,0.0,0.06,0.0,0.16,0.0,0.06,0.0,0.38,0.54,0.0,0.0,0.6,0.13,0.903,5940.637,,,,,,57.146,10.0,6906669291.0,0.0,,,,,0.0,,,,26.667,,,,,152.388,,90.0,0.54,514.311,,,,,,62.025,0.98,0.0,,,,,0.0,,10.0,,,,,57.146,,,,0.0,361.923,,,,,0.0,63.333,,571.457,1049948.0,6.237,514.311,90.0,,,,,,0.0,,,,,0.0,,0.0,,,,,0.0,
SWZ,Eswatini,2009,-25.834,-0.313,,,,,-3.177,-0.198,58.73,349.894,,,,,,206.349,0.0,,,,,0.0,,0.898,849.225,1.55,0.37,0.0,0.06,0.0,0.2,0.0,0.06,0.0,0.37,0.57,0.0,0.0,0.63,0.13,0.847,5711.019,,,,,,56.74,9.524,7131566950.0,0.0,,,,,0.0,,,,31.746,,,,,189.132,,90.476,0.57,539.026,,,,,,59.355,0.92,0.0,,,,,0.0,,9.524,,,,,56.74,,,,0.0,349.894,,,,,0.0,58.73,,595.766,1057462.0,6.039,539.026,90.476,,,,,,0.0,,,,,0.0,,0.0,,,,,0.0,
SWZ,Eswatini,2010,12.539,0.113,,,,,-4.552,-0.275,53.125,319.296,,,,,,203.125,0.0,,,,,0.0,,1.011,949.084,1.55,0.34,0.0,0.06,0.0,0.24,0.0,0.06,0.0,0.34,0.58,0.0,0.0,0.64,0.13,0.786,5413.267,,,,,,56.346,9.375,7332277003.0,0.0,,,,,0.0,,,,37.5,,,,,225.386,,90.625,0.58,544.682,,,,,,58.71,0.91,0.0,,,,,0.0,,9.375,,,,,56.346,,,,0.0,319.296,,,,,0.0,53.125,,601.029,1064841.0,5.764,544.682,90.625,,,,,,0.0,,,,,0.0,,0.0,,,,,0.0,
SWZ,Eswatini,2011,-17.034,-0.172,,,,,0.287,0.017,56.338,373.124,,,,,,169.014,0.0,,,,,0.0,,0.838,782.138,1.52,0.4,0.0,0.03,0.0,0.28,0.0,0.03,0.0,0.4,0.68,0.0,0.0,0.71,0.12,0.764,5392.423,,,,,,27.984,4.225,7567466517.0,0.0,,,,,0.0,,,,39.437,,,,,261.187,,95.775,0.68,634.311,,,,,,53.289,0.81,0.0,,,,,0.0,,4.225,,,,,27.984,,,,0.0,373.124,,,,,0.0,56.338,,662.296,1072029.0,5.781,634.311,95.775,,,,,,0.0,,,,,0.0,,0.0,,,,,0.0,
SWZ,Eswatini,2012,25.803,0.216,,,,,1.093,0.063,60.256,435.473,,,,,,192.308,0.0,,,,,0.0,,1.055,977.335,1.59,0.47,0.0,0.04,0.0,0.27,0.0,0.04,0.0,0.47,0.74,0.0,0.0,0.78,0.15,0.75,5414.69,,,,,,37.062,5.128,7793097600.0,0.0,,,,,0.0,,,,34.615,,,,,250.166,,94.872,0.74,685.639,,,,,,50.943,0.81,0.0,,,,,0.0,,5.128,,,,,37.062,,,,0.0,435.473,,,,,0.0,60.256,,722.701,1079285.0,5.844,685.639,94.872,,,,,,0.0,,,,,0.0,,0.0,,,,,0.0,
SWZ,Eswatini,2013,68.764,0.725,,,,,-6.492,-0.379,62.667,432.445,,,,,,200.0,0.0,,,,,0.0,,1.78,1637.916,1.57,0.47,0.0,0.04,0.0,0.24,0.0,0.04,0.0,0.47,0.71,0.0,0.0,0.75,0.15,0.672,5027.946,,,,,,36.804,5.333,8126636245.0,0.0,,,,,0.0,,,,32.0,,,,,220.823,,94.667,0.71,653.268,,,,,,52.229,0.82,0.0,,,,,0.0,,5.333,,,,,36.804,,,,0.0,432.445,,,,,0.0,62.667,,690.072,1086843.0,5.465,653.268,94.667,,,,,,0.0,,,,,0.0,,0.0,,,,,0.0,
SWZ,Eswatini,2014,-30.195,-0.538,,,,,6.801,0.372,53.425,356.157,,,,,,178.082,0.0,,,,,0.0,,1.243,1134.811,1.59,0.39,0.0,0.04,0.0,0.3,0.0,0.04,0.0,0.39,0.69,0.0,0.0,0.73,0.13,0.701,5329.77,,,,,,36.529,5.479,8327527529.0,0.0,,,,,0.0,,,,41.096,,,,,273.967,,94.521,0.69,630.124,,,,,,54.088,0.86,0.0,,,,,0.0,,5.479,,,,,36.529,,,,0.0,356.157,,,,,0.0,53.425,,666.653,1095022.0,5.836,630.124,94.521,,,,,,0.0,,,,,0.0,,0.0,,,,,0.0,
SWZ,Eswatini,2015,-19.785,-0.246,,,,,1.302,0.076,59.701,362.306,,,,,,194.03,0.0,,,,,0.0,,0.997,902.859,1.65,0.4,0.0,0.04,0.0,0.23,0.0,0.04,0.0,0.4,0.63,0.0,0.0,0.67,0.13,0.7,5355.087,,,,,,36.231,5.97,8445665735.0,0.0,,,,,0.0,,,,34.328,,,,,208.326,,94.03,0.63,570.633,,,,,,59.394,0.98,0.0,,,,,0.0,,5.97,,,,,36.231,,,,0.0,362.306,,,,,0.0,59.701,,606.863,1104038.0,5.912,570.633,94.03,,,,,,0.0,,,,,0.0,,0.0,,,,,0.0,
SWZ,Eswatini,2016,13.32,0.133,,,,,2.76,0.163,71.93,368.045,,,,,,210.526,0.0,,,,,0.0,,1.13,1013.977,1.65,0.41,0.0,0.04,0.0,0.12,0.0,0.04,0.0,0.41,0.53,0.0,0.0,0.57,0.12,0.721,5453.714,,,,,,35.907,7.018,8425261860.0,0.0,,,,,0.0,,,,21.053,,,,,107.721,,92.982,0.53,475.766,,,,,,65.455,1.08,0.0,,,,,0.0,,7.018,,,,,35.907,,,,0.0,368.045,,,,,0.0,71.93,,511.672,1113994.0,6.075,475.766,92.982,,,,,,0.0,,,,,0.0,,0.0,,,,,0.0,
SWZ,Eswatini,2017,,,,,,,2.411,0.146,72.881,382.287,,,,,,220.339,0.0,,,,,0.0,,,,1.65,0.43,0.0,0.04,0.0,0.12,0.0,0.04,0.0,0.43,0.55,0.0,0.0,0.59,0.13,0.725,5531.501,,,,,,35.562,6.78,8586136678.0,0.0,,,,,0.0,,,,20.339,,,,,106.685,,93.22,0.55,488.972,,,,,,64.242,1.06,0.0,,,,,0.0,,6.78,,,,,35.562,,,,0.0,382.287,,,,,0.0,72.881,,524.534,1124808.0,6.222,488.972,93.22,,,,,,0.0,,,,,0.0,,0.0,,,,,0.0,
SWZ,Eswatini,2018,,,,,,,8.108,0.504,64.789,404.832,,,,,,211.268,0.0,,,,,0.0,,,,1.73,0.46,0.0,0.04,0.0,0.21,0.0,0.04,0.0,0.46,0.67,0.0,0.0,0.71,0.15,0.767,5919.643,,,,,,35.203,5.634,8771759868.0,0.0,,,,,0.0,,,,29.577,,,,,184.815,,94.366,0.67,589.647,,,,,,58.96,1.02,0.0,,,,,0.0,,5.634,,,,,35.203,,,,0.0,404.832,,,,,0.0,64.789,,624.849,1136274.0,6.726,589.647,94.366,,,,,,0.0,,,,,0.0,,0.0,,,,,0.0,
SWZ,Eswatini,2019,,,,,,,-3.074,-0.207,69.697,400.65,,,,,,212.121,0.0,,,,,0.0,,,,1.6,0.46,0.0,0.04,0.0,0.16,0.0,0.04,0.0,0.46,0.62,0.0,0.0,0.66,0.14,,5678.396,,,,,,34.839,6.061,,0.0,,,,,0.0,,,,24.242,,,,,139.357,,93.939,0.62,540.007,,,,,,58.75,0.94,0.0,,,,,0.0,,6.061,,,,,34.839,,,,0.0,400.65,,,,,0.0,69.697,,574.846,1148133.0,6.52,540.007,93.939,,,,,,0.0,,,,,0.0,,0.0,,,,,0.0,
SWZ,Eswatini,2020,,,,,,,,,69.697,396.496,,,,,,212.121,0.0,,,,,0.0,,,,1.6,0.46,0.0,0.04,0.0,0.16,0.0,0.04,0.0,0.46,0.62,0.0,0.0,0.66,0.14,,,,,,,,34.478,6.061,,0.0,,,,,0.0,,,,24.242,,,,,137.912,,93.939,0.62,534.407,,,,,,58.75,0.94,0.0,,,,,0.0,,6.061,,,,,34.478,,,,0.0,396.496,,,,,0.0,69.697,,568.885,1160164.0,,534.407,93.939,,,,,,0.0,,,,,0.0,,0.0,,,,,0.0,
