iso_code,country,year,coal_prod_change_pct,coal_prod_change_twh,gas_prod_change_pct,gas_prod_change_twh,oil_prod_change_pct,oil_prod_change_twh,energy_cons_change_pct,energy_cons_change_twh,biofuel_share_elec,biofuel_elec_per_capita,biofuel_cons_change_pct,biofuel_share_energy,biofuel_cons_change_twh,biofuel_consumption,biofuel_cons_per_capita,carbon_intensity_elec,coal_share_elec,coal_cons_change_pct,coal_share_energy,coal_cons_change_twh,coal_consumption,coal_elec_per_capita,coal_cons_per_capita,coal_production,coal_prod_per_capita,electricity_demand,biofuel_electricity,coal_electricity,fossil_electricity,gas_electricity,hydro_electricity,nuclear_electricity,oil_electricity,other_renewable_exc_biofuel_electricity,other_renewable_electricity,renewables_electricity,solar_electricity,wind_electricity,electricity_generation,greenhouse_gas_emissions,energy_per_gdp,energy_per_capita,fossil_cons_change_pct,fossil_share_energy,fossil_cons_change_twh,fossil_fuel_consumption,fossil_energy_per_capita,fossil_cons_per_capita,fossil_share_elec,gdp,gas_share_elec,gas_cons_change_pct,gas_share_energy,gas_cons_change_twh,gas_consumption,gas_elec_per_capita,gas_energy_per_capita,gas_production,gas_prod_per_capita,hydro_share_elec,hydro_cons_change_pct,hydro_share_energy,hydro_cons_change_twh,hydro_consumption,hydro_elec_per_capita,hydro_energy_per_capita,low_carbon_share_elec,low_carbon_electricity,low_carbon_elec_per_capita,low_carbon_cons_change_pct,low_carbon_share_energy,low_carbon_cons_change_twh,low_carbon_consumption,low_carbon_energy_per_capita,net_elec_imports_share_demand,net_elec_imports,nuclear_share_elec,nuclear_cons_change_pct,nuclear_share_energy,nuclear_cons_change_twh,nuclear_consumption,nuclear_elec_per_capita,nuclear_energy_per_capita,oil_share_elec,oil_cons_change_pct,oil_share_energy,oil_cons_change_twh,oil_consumption,oil_elec_per_capita,oil_energy_per_capita,oil_production,oil_prod_per_capita,other_renewables_elec_per_capita_exc_biofuel,other_renewables_elec_per_capita,other_renewables_cons_change_pct,other_renewables_share_energy,other_renewables_cons_change_twh,other_renewable_consumption,other_renewables_share_elec_exc_biofuel,other_renewables_share_elec,other_renewables_energy_per_capita,per_capita_electricity,population,primary_energy_consumption,renewables_elec_per_capita,renewables_share_elec,renewables_cons_change_pct,renewables_share_energy,renewables_cons_change_twh,renewables_consumption,renewables_energy_per_capita,solar_share_elec,solar_cons_change_pct,solar_share_energy,solar_cons_change_twh,solar_consumption,solar_elec_per_capita,solar_energy_per_capita,wind_share_elec,wind_cons_change_pct,wind_share_energy,wind_cons_change_twh,wind_consumption,wind_elec_per_capita,wind_energy_per_capita
OWID_EU27,European Union (27),1965,,,,,,,,,,,,,,,,,,,48.599,,,,12249.089,,,,,,,,211.806,4.542,,,2.909,214.715,0.0,0.0,,,,25204.205,,93.506,,8769.017,23567.365,,,,,,3.914,,,,986.585,,,,,6.274,,588.351,569.244,1581.235,,219.257,589.269,,6.494,,609.048,1636.86,,,,,0.135,,12.617,12.207,33.908,,,40.992,,,,10331.691,,,,7.818,,0.086,,8.081,,,21.717,,372083039.0,9378.057,577.062,,,6.36,,596.431,1602.952,,,0.0,,0.0,0.0,0.0,,,0.0,,0.0,0.0,0.0
OWID_EU27,European Union (27),1966,,,,,,,3.406,319.414,,,,,,,,,,-3.955,45.14,-180.268,,,11674.333,,,,,,,,230.454,5.574,,,3.979,234.433,0.0,0.0,,,,25862.671,2.985,93.125,261.776,9030.793,24084.673,,,,,13.499,4.296,49.553,,,1111.171,,,,8.804,6.601,51.799,640.15,614.609,1707.248,,240.007,640.086,9.464,6.875,57.638,666.686,1778.019,,,,22.721,0.16,2.867,15.483,14.866,41.293,,10.21,43.689,392.491,,,11299.169,,,,10.612,36.782,0.114,2.972,11.053,,,29.477,,374960152.0,9697.471,625.221,,9.183,6.715,54.772,651.203,1736.725,,,0.0,0.0,0.0,0.0,0.0,,,0.0,0.0,0.0,0.0,0.0
OWID_EU27,European Union (27),1967,,,,,,,3.509,340.327,,,,,,,,,,-1.92,42.772,-84.032,,,11367.75,,,,,,,,222.193,6.597,,,4.316,226.509,0.0,0.0,,,,26577.486,3.981,93.549,359.497,9390.29,24863.052,,,,,18.892,4.935,78.714,,,1311.581,,,,-3.585,6.149,-22.948,617.202,588.308,1634.191,,233.106,617.203,-2.875,6.451,-19.17,647.516,1714.455,,,,18.353,0.183,2.842,18.325,17.467,48.52,,8.611,45.842,364.816,,,12183.721,,,,11.428,8.469,0.119,0.936,11.989,,,31.743,,377680509.0,10037.798,599.736,,-3.38,6.268,-22.012,629.191,1665.935,,,0.0,0.0,0.0,0.0,0.0,,,0.0,0.0,0.0,0.0,0.0
OWID_EU27,European Union (27),1968,,,,,,,7.145,717.249,,,,,,,,,,1.847,40.657,79.295,,,11498.442,,,,,,,,226.581,7.622,,,4.818,231.399,0.0,0.0,,,,28281.623,7.463,93.827,700.818,10091.108,26535.72,,,,,26.864,5.843,133.073,,,1652.532,,,,1.975,5.852,12.19,629.392,595.82,1655.058,,239.021,628.533,2.538,6.173,16.431,663.947,1745.926,,,,15.537,0.197,2.847,21.172,20.043,55.675,,10.615,47.327,488.45,,,13384.746,,,,12.669,11.631,0.124,1.394,13.383,,,35.193,,380283931.0,10755.047,608.49,,2.159,5.976,13.584,642.775,1690.251,,,0.0,0.0,0.0,0.0,0.0,,,0.0,0.0,0.0,0.0,0.0
OWID_EU27,European Union (27),1969,,,,,,,8.323,895.099,,,,,,,,,,2.384,38.428,104.258,,,11694.167,,,,,,,,222.458,11.443,,,5.243,227.701,0.0,0.0,,,,30431.284,8.867,94.298,894.758,10985.866,28696.122,,,,,25.69,6.78,161.441,,,2063.222,,,,-1.82,5.304,-11.453,617.939,581.081,1614.116,,239.144,624.667,0.051,5.702,0.342,664.289,1735.186,,,,50.131,0.273,10.614,31.786,29.89,83.028,,12.359,49.09,629.059,,,14938.734,,,,13.695,8.821,0.125,1.181,14.564,,,38.042,,382834500.0,11650.145,594.776,,-1.598,5.429,-10.272,632.503,1652.158,,,0.0,0.0,0.0,0.0,0.0,,,0.0,0.0,0.0,0.0,0.0
OWID_EU27,European Union (27),1970,,,,,,,7.343,855.451,,,,,,,,,,-0.829,35.502,-37.129,,,11520.675,,,,,,,,234.723,16.785,,,6.94,241.663,0.0,0.0,,,,32450.304,7.299,94.259,801.829,11787.694,30587.448,,,,,21.128,7.651,166.883,,,2482.65,,,,5.513,5.214,34.069,652.008,609.073,1691.871,,258.448,670.637,8.072,5.741,53.623,717.912,1862.882,,,,46.684,0.373,14.839,46.625,43.555,120.986,,11.751,51.106,672.074,,,16584.122,,,,18.009,32.372,0.154,4.715,19.279,,,50.025,,385376851.0,12505.596,627.082,,6.132,5.368,38.784,671.287,1741.897,,,0.0,0.0,0.0,0.0,0.0,,,0.0,0.0,0.0,0.0,0.0
OWID_EU27,European Union (27),1971,,,,,,,3.196,399.649,,,,,,,,,,-2.852,33.422,-126.606,,,11118.843,,,,,,,,233.228,21.928,,,7.058,240.286,0.0,0.0,,,,33267.996,3.302,94.356,389.189,12176.884,31390.378,,,,,18.428,8.78,176.314,,,2920.902,,,,-0.637,5.02,-4.153,647.855,601.23,1670.085,,262.214,675.952,1.457,5.644,10.46,728.372,1877.645,,,,30.64,0.472,14.286,60.911,56.527,157.021,,5.312,52.154,339.481,,,17350.634,,,,18.194,1.694,0.152,0.327,19.605,,,50.539,,387917715.0,12905.245,619.424,,-0.57,5.172,-3.826,667.461,1720.624,,,0.0,0.0,0.0,0.0,0.0,,,0.0,0.0,0.0,0.0,0.0
OWID_EU27,European Union (27),1972,,,,,,,5.431,700.864,,,,,,,,,,-1.507,31.223,-64.995,,,10880.736,,,,,,,,244.836,34.295,,,6.926,251.762,0.0,0.0,,,,34848.744,5.212,94.16,634.632,12811.516,32813.586,,,,,18.33,9.854,207.696,,,3434.045,,,,4.977,4.998,32.246,680.102,627.089,1741.915,,286.057,732.666,9.093,5.84,66.233,794.604,2035.186,,,,56.398,0.7,34.353,95.264,87.838,243.996,,7.309,53.083,491.931,,,18498.805,,,,17.739,-1.869,0.141,-0.366,19.239,,,49.275,,390433275.0,13606.109,644.828,,4.776,5.14,31.88,699.34,1791.191,,,0.0,0.0,0.0,0.0,0.0,,,0.0,0.0,0.0,0.0,0.0
OWID_EU27,European Union (27),1973,,,,,,,5.717,777.843,,,,,,,,,,0.116,29.569,4.934,,,10824.953,,,,,,,,243.532,40.071,,,7.442,250.974,0.0,0.0,,,,36609.604,5.963,94.379,763.988,13575.504,34551.965,,,,,14.784,10.699,198.216,,,3916.969,,,,-0.533,4.703,-3.623,676.479,619.831,1721.753,,291.045,740.76,1.744,5.621,13.855,808.46,2057.668,,,,16.842,0.774,16.044,111.308,101.988,283.299,,7.765,54.112,560.838,,,19810.043,,,,18.942,7.454,0.144,1.434,20.673,,,52.616,,392901062.0,14383.952,638.772,,-0.313,4.847,-2.189,697.151,1774.369,,,0.0,0.0,0.0,0.0,0.0,,,0.0,0.0,0.0,0.0,0.0
OWID_EU27,European Union (27),1974,,,,,,,-1.014,-145.881,,,,,,,,,,1.276,30.253,54.257,,,10896.846,,,,,,,,263.017,46.695,,,7.829,270.847,0.0,0.0,,,,36019.487,-1.617,93.805,-219.482,13356.021,33788.077,,,,,11.994,12.105,184.585,,,4360.279,,,,8.001,5.131,54.126,730.605,665.382,1848.284,,317.542,803.317,9.104,6.195,73.601,882.061,2231.439,,,,16.531,0.911,18.4,129.708,118.129,328.137,,-5.888,51.447,-458.324,,,18530.952,,,,19.807,5.202,0.153,1.075,21.748,,,55.018,,395287999.0,14238.071,685.188,,7.918,5.284,55.201,752.353,1903.303,,,0.0,0.0,0.0,0.0,0.0,,,0.0,0.0,0.0,0.0,0.0
OWID_EU27,European Union (27),1975,,,,,,,-0.538,-76.65,,,,,,,,,,-3.221,29.437,-138.745,,,10485.371,,,,,,,,264.905,78.559,,,8.283,273.188,0.0,0.0,,,,35620.126,-1.285,93.1,-171.664,13184.357,33162.523,,,,,7.792,13.119,134.304,,,4673.087,,,,0.718,5.196,5.245,735.849,666.315,1850.876,,351.747,884.747,10.772,6.9,95.015,977.076,2457.632,,,,68.239,1.541,88.511,218.22,197.599,548.886,,-2.283,50.545,-167.223,,,18004.065,,,,20.833,5.79,0.162,1.259,23.007,,,57.87,,397567976.0,14161.422,687.148,,0.864,5.359,6.504,758.856,1908.746,,,0.0,0.0,0.0,0.0,0.0,,,0.0,0.0,0.0,0.0,0.0
OWID_EU27,European Union (27),1976,,,,,,,6.34,897.815,,,,,,,,,,5.291,29.146,220.57,,,10980.11,,,,,,,,231.163,92.005,,,8.306,239.468,0.0,0.0,,,,37672.333,7.237,93.886,954.132,14138.489,35368.98,,,,,9.275,13.481,172.322,,,5078.748,,,,-12.738,4.264,-93.73,642.119,578.279,1606.332,,331.473,829.217,-5.764,6.114,-56.316,920.76,2303.382,,,,17.116,1.697,37.35,255.57,230.161,639.336,,7.841,51.258,561.24,,,19310.123,,,,20.777,0.278,0.153,0.064,23.071,,,57.715,,399742618.0,15059.237,599.056,,-12.343,4.417,-93.666,665.191,1664.047,,,0.0,0.0,0.0,0.0,0.0,,,0.0,0.0,0.0,0.0,0.0
OWID_EU27,European Union (27),1977,,,,,,,1.409,212.153,,,,,,,,,,-0.39,28.629,-17.13,,,10880.847,,,,,,,,307.586,113.307,,,8.646,316.232,0.0,0.0,,,,38006.019,-0.426,92.187,-60.251,14078.237,35036.612,,,,,4.197,13.852,85.207,,,5264.609,,,,33.06,5.595,212.286,854.405,765.491,2126.365,,429.539,1068.997,29.585,7.813,272.405,1193.165,2969.438,,,,23.153,2.061,59.173,314.742,281.988,783.301,,-1.662,49.706,-128.329,,,18891.155,,,,21.518,4.101,0.157,0.946,24.017,,,59.772,,401815036.0,15271.39,787.009,,32.056,5.752,213.232,878.423,2186.137,,,0.0,0.0,0.0,0.0,0.0,,,0.0,0.0,0.0,0.0,0.0
OWID_EU27,European Union (27),1978,,,,,,,4.111,627.842,,,,,,,,,,2.474,28.179,108.162,,,11096.23,,,,,,,,299.479,135.926,,,9.119,308.601,0.0,0.003,,,,39377.604,4.164,92.234,586.208,14664.445,36319.41,,,,,3.861,13.819,81.684,,,5441.513,,,,-2.635,5.232,-22.517,831.888,741.72,2060.336,,444.527,1100.96,3.489,7.766,41.634,1234.799,3058.225,,,,19.963,2.375,62.83,377.573,336.648,935.134,,5.222,50.236,396.361,,,19781.667,,,,22.585,5.467,0.159,1.313,25.33,,,62.735,,403763312.0,15899.232,764.312,,-2.413,5.392,-21.196,857.227,2123.092,,,0.0,0.0,0.0,0.0,0.0,,,0.0,0.008,0.008,0.007,0.021
OWID_EU27,European Union (27),1979,,,,,,,3.627,576.594,,,,,,,,,,3.585,28.168,160.631,,,11443.123,,,,,,,,313.924,152.309,,,9.285,323.215,0.0,0.006,,,,40624.809,3.345,91.983,490.493,15154.938,37367.868,,,,,4.629,13.952,101.703,,,5668.168,,,,4.823,5.293,40.123,872.011,774.049,2150.137,,475.524,1172.51,6.973,8.017,86.101,1320.9,3256.974,,,,12.053,2.568,45.507,423.08,375.551,1043.198,,2.857,49.863,228.16,,,20256.576,,,,22.895,1.826,0.157,0.462,25.793,,,63.597,,405560697.0,16475.826,796.959,,4.735,5.449,40.594,897.82,2213.775,,,0.0,0.0,0.0,0.0,0.0,,100.0,0.0,0.008,0.017,0.015,0.041
OWID_EU27,European Union (27),1980,,,,,,,-1.693,-279.002,,,,,,,,,,3.708,29.716,172.095,,,11819.894,,,,,,,,297.708,185.133,,,10.387,308.105,0.0,0.01,,,,39776.791,-2.166,91.541,-328.208,14826.73,36412.061,,,,,-0.371,14.14,-8.534,,,5624.49,,,,-5.166,5.106,-45.045,826.966,731.122,2030.896,,493.238,1211.313,3.725,8.459,49.207,1370.107,3364.762,,,,21.551,3.175,91.178,514.258,454.656,1262.934,,-5.986,47.685,-491.769,,,18967.677,,,,25.509,11.868,0.178,3.061,28.854,,,70.86,,407192827.0,16196.824,756.657,,-4.675,5.284,-41.971,855.849,2101.828,,,0.0,0.0,0.0,0.0,0.0,,75.0,0.0,0.013,0.029,0.026,0.072
OWID_EU27,European Union (27),1981,,,,,,,-2.908,-471.07,,,,,,,,,,-2.505,29.839,-120.577,,,11482.769,,,,,,,,293.823,266.145,,,10.084,303.918,0.0,0.01,,,,38482.492,-4.616,89.93,-684.473,14142.257,34607.517,,,,,-1.587,14.332,-36.357,,,5515.507,,,,-1.305,5.19,-10.791,816.176,719.014,1997.264,,570.063,1395.001,15.576,10.07,213.403,1583.51,3875.007,,,,43.759,4.701,225.035,739.293,651.284,1809.123,,-6.83,45.759,-527.539,,,17609.241,,,,24.678,-2.916,0.178,-0.841,28.012,,,68.549,,408646966.0,15725.754,743.717,,-1.359,5.368,-11.632,844.217,2065.884,,,0.0,0.0,0.0,0.0,0.0,,0.0,0.0,0.0,0.029,0.026,0.071
OWID_EU27,European Union (27),1982,,,,,,,-2.37,-372.646,,,,,,,,,,1.559,31.04,73.176,,,11625.041,,,,,,,,288.888,290.771,,,9.287,298.193,0.0,0.018,,,,37452.044,-3.006,89.344,-425.15,13717.107,33461.218,,,,,-2.671,14.288,-60.206,,,5351.238,,,,-1.68,5.227,-13.709,802.466,704.706,1957.519,,588.964,1436.707,3.316,10.656,52.503,1636.013,3990.856,,,,9.253,5.261,68.405,807.698,709.3,1970.281,,-6.088,44.016,-438.12,,,16484.939,,,,22.655,-7.906,0.168,-2.215,25.798,,,62.93,,409940455.0,15353.108,727.406,,-1.884,5.395,-15.902,828.315,2020.575,,,0.0,0.0,0.0,0.0,0.0,,76.19,0.0,0.022,0.051,0.045,0.125
OWID_EU27,European Union (27),1983,,,,,,,0.431,66.156,,,,,,,,,,0.867,31.175,41.309,,,11692.001,,,,,,,,294.682,346.205,,,9.569,304.281,0.0,0.03,,,,37504.975,-0.764,88.282,-104.736,13612.371,33109.987,,,,,3.793,14.767,83.21,,,5538.204,,,,2.006,5.309,16.094,818.561,716.767,1991.022,,650.485,1582.205,10.446,11.718,170.892,1806.906,4395.018,,,,19.064,6.237,153.983,961.681,842.09,2339.14,,-3.392,42.34,-229.255,,,15879.782,,,,23.275,3.034,0.172,0.783,26.58,,,64.653,,411125820.0,15419.264,740.116,,2.041,5.482,16.909,845.225,2055.878,,,0.0,0.0,0.0,0.0,0.0,,62.703,0.001,0.032,0.084,0.073,0.203
OWID_EU27,European Union (27),1984,,,,,,,3.01,464.084,,,,,,,,,,3.751,31.399,180.301,,,12096.729,,,,,,,,298.866,451.619,,,9.946,308.85,0.0,0.038,,,,38526.058,1.165,86.7,158.575,13770.946,33402.293,,,,,5.161,15.075,117.514,,,5807.798,,,,1.42,5.227,11.622,830.183,724.917,2013.661,,760.469,1844.565,16.908,13.3,305.51,2112.415,5123.795,,,,30.448,7.898,292.817,1254.498,1095.43,3042.863,,-2.133,40.227,-139.24,,,15497.766,,,,24.125,3.943,0.174,1.048,27.628,,,67.015,,412275460.0,15883.348,749.135,,1.502,5.401,12.693,857.917,2080.933,,,0.0,0.0,0.0,0.0,0.0,,26.91,0.001,0.023,0.106,0.093,0.257
OWID_EU27,European Union (27),1985,,,,,,,5.096,809.459,,,,,,,,,,2.791,30.71,139.182,,,12399.23,,,,,,,,305.172,554.666,,,10.414,315.644,0.0,0.057,2022.149,,,40375.174,3.662,85.518,504.346,14275.292,34527.889,,,,,4.887,15.045,117.012,,,6074.426,,,15.091,2.11,5.078,17.518,847.701,738.125,2050.349,43.039,870.31,2105.033,14.444,14.482,305.114,2417.529,5847.318,,,27.43,22.817,9.23,286.242,1540.74,1341.58,3726.614,,3.884,39.763,248.151,,,16054.233,,,,25.189,4.705,0.173,1.3,28.928,,0.515,69.969,4891.006,413442353.0,16692.807,763.453,15.609,2.2,5.252,18.871,876.789,2120.704,0.0,,0.0,0.0,0.0,0.0,0.0,0.003,50.262,0.001,0.053,0.159,0.139,0.386
OWID_EU27,European Union (27),1986,,,,,,,1.464,244.452,,,,,,,,,,-2.525,29.503,-129.442,,,12051.233,,,,,,,,288.303,610.607,,,12.279,300.716,0.0,0.134,2075.178,,,40848.095,0.914,85.054,130.526,14405.818,34742.943,,,,,1.449,15.043,36.385,,,6144.628,,,13.893,-5.528,4.728,-46.858,800.843,695.31,1931.418,43.915,911.323,2197.865,4.712,14.946,113.926,2531.454,6105.185,,,29.424,10.086,10.014,155.392,1696.132,1472.619,4090.613,,3.368,40.509,223.584,,,16547.082,,,,29.613,17.905,0.201,5.18,34.108,,0.592,82.259,5004.77,414640111.0,16937.259,725.245,14.491,-4.729,4.932,-41.466,835.322,2014.572,0.0,,0.0,0.0,0.0,0.0,0.0,0.006,132.753,0.002,0.212,0.371,0.322,0.895
OWID_EU27,European Union (27),1987,,,,,,,2.053,347.679,,,,,,,,,,0.94,29.181,46.956,,,12128.906,,,,,,,,316.57,635.927,,,12.051,328.812,0.0,0.191,2147.316,,,41564.699,1.383,84.496,199.303,14605.12,35120.602,,,,,5.259,15.515,133.984,,,6448.848,,,14.743,9.804,5.087,78.517,879.361,761.248,2114.578,44.928,964.739,2319.885,5.861,15.504,148.377,2679.832,6444.13,,,29.615,4.147,10.22,70.333,1766.465,1529.199,4247.779,,0.268,39.8,18.362,,,16542.848,,,,28.979,-1.854,0.194,-0.632,33.476,,0.561,80.498,5163.601,415856211.0,17284.938,790.686,15.313,9.343,5.284,78.044,913.366,2196.351,0.0,,0.0,0.0,0.0,0.0,0.0,0.009,42.814,0.003,0.159,0.53,0.459,1.274
OWID_EU27,European Union (27),1988,,,,,,,0.807,139.54,,,,,,,,,,-1.302,28.57,-65.66,,,11935.749,,,,,,,,334.199,684.003,,,12.824,347.352,0.0,0.33,2197.376,,,41776.811,-0.312,83.558,-45.506,14559.614,34908.032,,,,,-0.097,15.376,-2.59,,,6423.64,,,15.209,5.569,5.328,48.97,928.33,801.272,2225.759,46.936,1031.355,2472.77,6.905,16.442,185.046,2864.878,6868.812,,,31.128,7.56,10.904,133.544,1900.009,1639.96,4555.449,,0.331,39.612,22.744,,,16548.643,,,,30.747,6.413,0.204,2.147,35.623,,0.584,85.408,5268.413,417084931.0,17424.478,832.81,15.808,5.639,5.537,51.502,964.869,2313.363,0.0,,0.0,0.0,0.0,0.0,0.0,0.015,72.799,0.005,0.386,0.916,0.79,2.196
OWID_EU27,European Union (27),1989,,,,,,,0.298,51.984,,,,,,,,,,0.252,28.557,12.543,,,11930.738,,,,,,,,272.938,721.209,,,12.659,286.113,0.009,0.506,2248.324,,,41778.589,0.816,83.989,118.742,14678.356,35089.541,,,,,3.524,15.871,94.423,,,6630.53,,,12.14,-18.331,4.338,-170.168,758.162,652.476,1812.435,44.803,1007.322,2408.067,-2.33,16.011,-66.759,2798.119,6689.081,,,32.078,5.44,11.463,103.351,2003.36,1724.096,4789.16,,0.171,39.562,11.776,,,16528.273,,,,30.263,-1.286,0.201,-0.458,35.164,,0.563,84.063,5374.761,418311439.0,17476.462,683.971,12.726,-17.63,4.548,-170.11,794.759,1899.921,0.0,,0.0,0.025,0.025,0.022,0.06,0.023,53.594,0.008,0.491,1.407,1.211,3.363
OWID_EU27,European Union (27),1990,,,,,,,-0.543,-94.981,0.609,32.775,,0.0,,0.074,0.176,,35.176,-9.048,26.115,-451.585,,1892.851,10819.918,,,2291.22,13.75,794.09,1225.31,187.58,284.82,729.11,243.64,3.72,17.47,303.07,0.01,0.77,2257.49,,,41431.76,-1.114,83.508,-163.446,14514.911,34598.796,2920.738,54.278,,8.309,5.027,16.759,139.419,,447.129,6943.747,,,12.617,4.348,4.552,32.965,791.127,678.918,1885.789,45.722,1032.18,2460.379,2.447,16.492,68.464,2866.584,6832.997,1.472,33.73,32.297,1.082,11.651,21.675,2025.035,1737.96,4827.021,10.793,2.151,40.633,148.72,,580.758,16835.131,,,8.867,41.643,37.0,0.277,13.011,48.175,0.165,0.774,114.834,5381.117,419520686.0,17381.48,722.42,13.425,5.887,4.842,46.79,841.548,2005.976,0.0,26.513,0.0,0.007,0.032,0.024,0.076,0.034,52.145,0.012,0.734,2.14,1.835,5.101
OWID_EU27,European Union (27),1991,,,,,,,-0.477,-82.849,0.628,34.321,10.994,0.0,0.008,0.082,0.195,,34.57,-5.772,24.726,-261.989,,1888.131,10165.907,,,2301.44,14.44,794.41,1232.57,182.59,296.91,749.29,255.57,3.7,18.14,316.14,0.01,1.08,2298.0,,,41114.901,-1.234,82.873,-179.08,14335.831,34072.999,2929.538,53.637,,7.946,2.37,17.239,69.026,,433.975,7087.703,,,12.92,4.788,4.792,37.876,829.003,705.687,1970.351,46.363,1065.43,2532.284,3.357,17.127,96.231,2962.815,7041.934,0.149,3.44,32.606,2.787,12.033,56.433,2081.468,1780.891,4947.174,11.121,0.197,40.908,13.883,,607.432,16819.39,,,8.794,43.115,2.807,0.286,1.352,49.527,0.161,0.789,117.715,5461.822,420738741.0,17298.632,751.393,13.757,4.729,5.095,39.798,881.347,2094.76,0.0,17.391,0.0,0.006,0.038,0.024,0.089,0.047,26.032,0.016,0.557,2.697,2.567,6.411
OWID_EU27,European Union (27),1992,,,,,,,-1.911,-330.556,0.66,35.714,186.229,0.001,0.153,0.234,0.555,,33.603,-6.899,23.468,-295.074,,1817.525,9437.104,,,2287.69,15.07,766.93,1202.05,172.7,309.17,750.51,262.42,3.98,19.05,329.75,0.02,1.51,2282.31,,,40212.153,-2.591,82.298,-371.446,13964.385,33093.791,2848.704,52.668,,7.567,-3.299,16.995,-98.371,,409.277,6833.997,,,13.546,4.083,5.085,33.851,862.854,732.693,2044.853,47.332,1080.26,2560.077,1.38,17.702,40.89,3003.705,7118.394,0.235,5.38,32.884,0.14,12.284,2.918,2084.386,1778.612,4939.726,11.498,0.311,41.835,21.999,,621.902,16822.691,,,9.432,45.146,4.976,0.306,2.464,51.992,0.174,0.835,123.213,5408.78,421963881.0,16968.076,781.465,14.448,4.308,5.418,37.972,919.319,2178.668,0.001,78.43,0.0,0.029,0.067,0.047,0.159,0.066,54.686,0.025,1.475,4.172,3.579,9.888
OWID_EU27,European Union (27),1993,,,,,,,-0.798,-135.47,0.72,38.878,138.987,0.003,0.326,0.56,1.324,,32.769,-4.461,22.602,-177.645,,1769.518,8991.455,,,2290.19,16.45,748.72,1171.85,179.2,317.37,772.85,243.93,4.16,20.61,340.12,0.02,2.12,2284.82,,,39782.031,-1.626,81.611,-227.114,13737.271,32466.544,2769.54,51.289,,7.843,2.02,17.478,58.239,,423.52,6952.953,,,13.89,2.555,5.257,22.043,884.897,750.069,2091.359,48.711,1112.97,2630.383,3.051,18.389,91.643,3095.348,7315.519,0.234,5.37,33.825,3.002,12.755,62.575,2146.961,1826.547,5074.109,10.676,-1.517,41.532,-107.708,,576.502,16522.136,,,9.832,48.709,9.841,0.339,5.116,57.108,0.182,0.902,134.968,5399.923,423120831.0,16832.606,803.837,14.886,3.162,5.634,29.068,948.387,2241.409,0.001,17.83,0.0,0.012,0.079,0.047,0.186,0.093,37.639,0.034,1.57,5.743,5.01,13.572
OWID_EU27,European Union (27),1994,,,,,,,-0.4,-67.255,0.755,41.334,174.216,0.009,0.976,1.536,3.622,,32.727,-2.308,22.169,-87.807,,1792.773,8763.482,,,2326.11,17.53,760.33,1200.49,191.92,327.61,770.46,248.24,3.95,21.48,352.28,0.03,3.16,2323.23,,,39530.825,-0.671,81.389,-92.139,13645.131,32173.696,2830.621,51.673,,8.261,-1.223,17.333,-35.978,,452.526,6851.932,,,14.101,2.952,5.434,26.123,911.02,772.468,2148.083,48.327,1122.74,2647.296,0.804,18.611,24.884,3120.233,7357.16,0.124,2.88,33.163,-0.272,12.771,-5.836,2141.126,1816.659,5048.535,10.685,0.453,41.887,31.645,,585.322,16558.283,,,9.314,50.647,3.562,0.353,2.034,59.142,0.17,0.925,139.45,5477.917,424108292.0,16765.351,830.637,15.163,3.239,5.84,30.72,979.107,2308.625,0.001,15.169,0.001,0.012,0.091,0.071,0.214,0.136,27.437,0.044,1.576,7.318,7.451,17.256
OWID_EU27,European Union (27),1995,,,,,,,2.488,417.093,0.83,46.65,57.076,0.014,0.877,2.413,5.679,,32.478,-1.232,21.364,-45.776,,1826.247,8640.112,,,2393.37,19.82,775.91,1242.64,204.79,327.01,791.87,261.94,3.99,23.81,354.54,0.04,3.68,2389.05,,,40442.042,2.564,81.45,349.9,13995.032,32939.882,2924.782,52.014,,8.572,8.327,18.321,241.993,,482.011,7409.29,,,13.688,-0.306,5.286,-2.79,908.23,769.678,2137.687,47.986,1146.41,2698.287,2.153,18.55,67.193,3187.425,7502.192,0.18,4.32,33.146,2.845,12.816,60.91,2202.035,1863.812,5182.895,10.964,2.188,41.765,153.684,,616.524,16890.48,,,9.391,56.041,9.894,0.378,5.851,64.993,0.167,0.997,152.974,5623.069,424865874.0,17182.443,834.475,14.84,0.642,5.735,6.283,985.39,2319.296,0.002,24.937,0.001,0.023,0.113,0.094,0.267,0.154,31.725,0.056,2.322,9.64,8.662,22.69
OWID_EU27,European Union (27),1996,,,,,,,3.072,527.782,0.785,45.61,47.277,0.02,1.141,3.554,8.354,,32.063,0.21,20.771,7.702,,1863.534,8648.54,,,2454.03,19.4,792.64,1284.12,230.58,328.58,831.28,260.9,4.3,23.7,356.7,0.04,4.38,2472.1,,,41637.568,2.979,81.376,416.854,14411.886,33883.017,3019.026,51.945,,9.327,8.633,19.309,271.758,,542.104,8039.904,,,13.292,-0.468,5.104,-4.248,903.982,772.507,2125.304,48.055,1187.98,2792.996,3.48,18.624,110.929,3298.354,7754.585,-0.736,-18.07,33.626,5.075,13.065,111.761,2313.797,1954.378,5439.844,10.554,1.915,41.296,137.393,,613.388,17194.572,,,10.11,55.72,-0.237,0.366,-0.154,64.839,0.174,0.959,152.44,5812.023,425342463.0,17710.226,838.618,14.429,-0.084,5.559,-0.832,984.558,2314.741,0.002,14.621,0.001,0.017,0.13,0.094,0.306,0.177,25.027,0.068,2.413,12.053,10.298,28.337
OWID_EU27,European Union (27),1997,,,,,,,-0.406,-71.851,0.956,55.828,36.694,0.028,1.304,4.857,11.413,,30.781,-2.991,20.232,-110.013,,1797.1,8384.991,,,2474.46,23.76,764.83,1276.93,250.83,333.4,839.47,261.27,4.46,28.22,368.35,0.05,6.68,2484.75,,,41444.413,-0.948,80.933,-136.675,14275.21,33542.076,3000.368,51.391,,10.095,-2.68,18.868,-91.633,,589.368,7819.898,,,13.418,2.857,5.272,25.828,929.811,783.381,2184.751,48.609,1207.82,2837.982,1.965,19.067,64.824,3363.179,7902.37,-0.416,-10.29,33.785,0.807,13.224,18.673,2332.469,1972.48,5480.54,10.515,0.888,41.832,64.971,,613.899,17337.187,,,10.48,66.308,19.492,0.439,12.639,77.478,0.179,1.136,182.048,5838.35,425591134.0,17638.375,865.502,14.824,4.688,5.844,46.152,1030.709,2421.83,0.002,21.608,0.001,0.028,0.158,0.117,0.372,0.269,52.707,0.104,6.353,18.405,15.696,43.247
OWID_EU27,European Union (27),1998,,,,,,,1.042,183.806,1.045,62.215,-7.052,0.025,-0.343,4.515,10.604,,30.509,-4.464,19.129,-159.314,,1816.657,8007.063,,,2523.68,26.49,773.5,1315.88,275.21,344.3,833.35,267.17,4.79,31.28,386.05,0.08,10.39,2535.28,,,41857.515,1.054,80.942,150.48,14425.69,33880.453,3090.501,51.903,,10.855,2.75,19.187,91.523,,646.363,8031.344,,,13.58,3.283,5.388,30.523,960.334,808.63,2255.458,48.097,1219.4,2863.906,0.991,19.058,33.326,3396.505,7977.096,-0.46,-11.6,32.87,-0.735,12.991,-17.134,2315.335,1957.222,5437.841,10.538,2.958,42.626,218.271,,627.481,17842.046,,,11.25,73.465,12.968,0.491,10.047,87.525,0.189,1.234,205.562,5954.407,425782102.0,17822.181,906.684,15.227,4.896,6.066,50.46,1081.169,2539.255,0.003,38.932,0.001,0.062,0.22,0.188,0.516,0.41,55.26,0.16,10.171,28.576,24.402,67.115
OWID_EU27,European Union (27),1999,,,,,,,-0.475,-84.581,1.058,63.593,12.58,0.029,0.568,5.083,11.928,,29.632,-4.72,18.313,-160.904,,1780.521,7622.565,,,2559.63,27.1,758.77,1324.33,313.91,342.51,848.25,251.65,4.99,32.09,388.03,0.09,13.34,2560.61,,,41622.857,-0.911,80.588,-131.361,14294.329,33542.915,3107.658,51.719,,12.259,2.51,19.763,85.823,,736.618,8225.793,,,13.376,-0.631,5.38,-6.062,954.271,803.73,2239.282,48.281,1236.28,2901.041,1.377,19.412,46.781,3443.285,8079.975,-0.038,-0.98,33.127,1.796,13.288,41.595,2356.93,1990.494,5530.747,9.828,-0.741,42.512,-56.28,,590.519,17694.557,,,11.709,75.302,2.47,0.506,2.162,89.687,0.195,1.253,210.457,6008.699,426150476.0,17737.6,910.547,15.154,0.48,6.125,5.186,1086.355,2549.228,0.004,1.403,0.001,0.003,0.223,0.211,0.523,0.521,29.799,0.209,8.515,37.092,31.303,87.039
OWID_EU27,European Union (27),2000,,,,,,,0.741,131.408,1.145,70.539,56.178,0.044,2.855,7.938,18.597,382.302,30.436,1.361,18.426,44.208,,1874.93,7713.485,,,2638.36,30.11,800.33,1361.04,331.48,351.75,859.95,229.23,5.29,35.4,408.53,0.11,21.27,2629.52,1005.27,,41861.656,0.201,80.156,28.733,14323.062,33554.581,3188.503,51.76,,12.606,2.38,20.084,83.418,,776.557,8407.571,,,13.377,3.684,5.537,35.159,989.43,824.043,2317.934,48.24,1268.48,2971.663,2.982,19.844,102.675,3545.961,8307.109,0.335,8.84,32.704,1.374,13.371,32.39,2389.321,2014.602,5597.452,8.718,-1.311,41.646,-98.893,,537.016,17433.525,,,12.393,82.931,10.834,0.556,9.716,99.403,0.201,1.346,232.871,6160.166,426858608.0,17869.008,957.062,15.536,6.47,6.473,70.285,1156.64,2709.656,0.004,46.105,0.002,0.103,0.325,0.258,0.763,0.809,60.53,0.333,22.452,59.543,49.829,139.492
OWID_EU27,European Union (27),2001,,,,,,,1.956,349.473,1.179,74.538,16.028,0.051,1.272,9.211,21.522,374.553,29.304,-0.264,18.025,-8.677,,1852.736,7673.135,,,2702.46,31.9,792.92,1378.91,354.33,375.08,888.9,231.66,5.09,36.99,438.0,0.19,25.74,2705.81,1013.47,,42569.285,1.537,79.826,220.104,14543.166,33981.547,3221.96,50.961,,13.095,3.467,20.382,124.439,,827.927,8676.454,,,13.862,4.802,5.692,47.511,1036.942,876.412,2422.917,49.039,1326.9,3100.433,3.648,20.174,129.369,3675.33,8587.772,-0.124,-3.35,32.852,2.696,13.468,64.422,2453.742,2077.003,5733.411,8.562,1.402,41.419,104.342,,541.297,17631.958,,,11.893,86.431,4.284,0.569,4.259,103.662,0.188,1.367,242.216,6322.393,427972452.0,18218.481,1023.43,16.187,5.615,6.705,64.948,1221.588,2854.361,0.007,26.986,0.002,0.088,0.413,0.444,0.966,0.951,19.846,0.392,11.817,71.36,60.144,166.741
OWID_EU27,European Union (27),2002,,,,,,,-0.629,-114.55,1.351,85.696,31.798,0.067,2.929,12.14,28.27,384.689,29.898,0.549,18.239,18.013,,1896.355,7689.148,,,2730.85,36.8,814.34,1429.89,372.81,314.12,902.34,242.74,5.25,42.05,391.5,0.27,35.06,2723.73,1047.79,,42158.655,-0.053,80.289,-7.671,14535.495,33848.831,3329.787,52.497,,13.687,0.719,20.658,26.698,,868.163,8709.302,,,11.533,-16.339,4.792,-169.429,867.512,731.492,2020.177,47.503,1293.84,3012.967,-2.908,19.711,-106.879,3568.451,8309.857,0.261,7.12,33.129,0.858,13.67,21.056,2474.798,2101.281,5763.066,8.912,-0.694,41.392,-52.383,,565.269,17450.381,,,12.226,97.922,13.056,0.647,13.534,117.195,0.193,1.544,272.913,6342.755,429423832.0,18103.931,911.687,14.374,-10.473,6.041,-127.935,1093.653,2546.791,0.01,67.961,0.004,0.281,0.694,0.629,1.617,1.287,34.685,0.531,24.751,96.112,81.644,223.816
OWID_EU27,European Union (27),2003,,,,,,,1.936,350.454,1.539,100.122,25.314,0.082,3.073,15.213,35.29,389.0,30.282,3.407,18.502,112.486,,1969.586,7920.632,,,2801.69,43.16,849.04,1497.59,420.74,306.23,907.18,227.81,5.92,49.08,399.01,0.4,43.3,2803.78,1090.67,,42810.112,2.382,80.641,346.3,14881.795,34522.49,3474.079,53.413,,15.006,5.4,21.36,201.959,,976.024,9144.436,,,10.922,-3.896,4.518,-33.8,833.712,710.386,1934.029,46.587,1306.19,3030.073,0.116,19.359,4.154,3572.604,8287.656,-0.075,-2.09,32.356,-0.107,13.396,-2.653,2472.145,2104.458,5734.831,8.125,0.425,40.779,31.855,,528.469,17457.422,,,13.733,113.855,13.823,0.723,16.2,133.396,0.211,1.75,309.448,6504.153,431075373.0,18454.385,925.615,14.231,0.622,5.963,6.807,1100.46,2552.825,0.014,73.115,0.007,0.508,1.202,0.928,2.788,1.544,21.668,0.634,20.826,116.938,100.446,271.269
OWID_EU27,European Union (27),2004,,,,,,,1.35,249.099,1.838,121.926,33.502,0.109,5.097,20.309,46.934,378.276,29.104,-1.727,17.94,-58.976,,1930.611,7754.181,,,2858.69,52.76,835.42,1500.39,460.38,324.7,928.46,204.59,5.99,58.75,441.65,0.68,57.52,2870.5,1085.84,,43222.752,0.623,80.063,92.757,14974.552,34605.389,3467.321,52.269,,16.038,2.692,21.643,106.125,,1063.914,9354.864,,,11.312,5.525,4.704,46.061,879.773,750.364,2033.108,47.731,1370.11,3166.251,4.376,19.937,156.342,3728.947,8617.397,-0.413,-11.81,32.345,1.711,13.444,42.31,2514.454,2145.621,5810.77,7.127,0.606,40.479,45.608,,472.797,17496.344,,,13.843,135.768,18.573,0.846,24.776,158.171,0.209,2.047,365.526,6633.572,432723118.0,18703.484,1020.63,15.386,10.362,6.493,114.033,1214.493,2806.627,0.024,62.726,0.01,0.754,1.956,1.571,4.519,2.004,31.936,0.825,37.346,154.283,132.926,356.54
OWID_EU27,European Union (27),2005,,,,,,,0.049,9.203,2.115,140.483,71.62,0.186,14.546,34.855,80.271,377.489,28.046,-3.317,17.336,-111.309,,1862.874,7471.177,,,2891.44,61.0,808.89,1523.26,514.72,308.36,916.08,199.65,5.87,66.87,444.77,1.45,68.09,2884.11,1088.72,,43095.335,0.31,80.272,46.455,15021.007,34593.393,3508.069,52.816,,17.847,3.43,22.375,138.83,,1185.401,9642.424,,,10.692,-6.007,4.419,-52.846,826.927,710.153,1904.414,47.184,1360.85,3134.039,-0.999,19.728,-37.252,3691.695,8501.976,0.254,7.33,31.763,-1.941,13.176,-48.803,2465.652,2109.733,5678.399,6.922,0.25,40.561,18.934,,459.794,17479.793,,,13.519,154.002,12.933,0.955,20.456,178.628,0.204,2.319,411.379,6642.108,434216057.0,18712.687,1024.306,15.421,0.951,6.552,11.55,1226.043,2823.578,0.05,99.526,0.021,1.946,3.902,3.339,8.986,2.361,17.791,0.971,27.448,181.731,156.811,418.528
OWID_EU27,European Union (27),2006,,,,,,,0.722,135.193,2.379,160.408,52.968,0.283,18.462,53.317,122.422,377.048,27.807,2.714,17.679,88.053,,1874.792,7651.074,,,2936.77,69.86,816.5,1553.34,542.5,311.4,914.44,194.34,6.08,75.94,468.53,2.47,78.72,2936.31,1107.13,,43277.219,0.529,80.118,79.524,15100.531,34672.812,3566.674,52.901,,18.476,-0.315,22.144,-13.209,,1245.652,9583.334,,,10.605,0.526,4.41,4.346,831.274,715.015,1908.714,47.099,1382.97,3175.482,1.508,19.882,55.669,3747.364,8604.442,0.016,0.46,31.142,-0.832,12.973,-20.51,2445.141,2099.675,5614.367,6.619,0.062,40.295,4.68,,446.23,17438.404,,,13.96,174.368,13.226,1.073,23.626,202.253,0.207,2.586,464.4,6742.155,435515035.0,18847.88,1075.807,15.956,6.213,6.909,76.18,1302.222,2990.075,0.084,69.984,0.035,2.731,6.633,5.671,15.23,2.681,14.865,1.108,27.015,208.746,180.752,479.308
OWID_EU27,European Union (27),2007,,,,,,,-1.266,-238.58,2.656,179.614,36.768,0.392,19.603,72.92,166.996,380.777,28.063,0.911,18.069,30.365,,1897.917,7700.591,,,2963.76,78.43,828.74,1583.19,574.53,309.33,872.24,179.92,6.24,84.67,497.69,3.77,99.92,2953.12,1124.48,,42617.588,-1.326,80.069,-200.163,14900.368,34123.678,3625.7,53.611,,19.455,-1.645,22.059,-68.651,,1315.744,9401.036,,,10.475,-1.249,4.411,-10.386,820.888,708.404,1879.934,46.389,1369.93,3137.308,-1.025,19.931,-38.418,3708.946,8493.944,0.359,10.64,29.536,-5.216,12.454,-127.53,2317.611,1997.537,5307.615,6.093,-2.131,39.941,-161.877,,412.039,17022.051,,,14.29,193.905,10.873,1.205,21.991,224.244,0.211,2.867,513.547,6763.009,436657730.0,18609.299,1139.771,16.853,6.843,7.477,89.113,1391.335,3186.329,0.128,50.765,0.054,3.367,10.0,8.634,22.901,3.384,26.126,1.415,54.537,263.283,228.829,602.951
OWID_EU27,European Union (27),2008,,,,,,,-0.445,-82.824,2.97,201.274,31.46,0.517,22.94,95.861,219.028,364.118,25.522,-7.267,16.831,-244.356,,1729.666,7124.589,,,2978.18,88.09,757.01,1539.41,613.87,327.08,884.73,168.53,6.2,94.29,542.01,7.42,113.22,2966.15,1080.03,,42330.495,-1.579,79.157,-235.306,14665.062,33507.688,3517.344,51.899,,20.696,1.999,22.601,82.045,,1402.61,9566.913,,,11.027,5.23,4.663,42.933,863.82,747.334,1973.713,48.101,1426.74,3259.908,4.111,20.843,152.481,3861.428,8822.841,0.404,12.03,29.828,0.831,12.614,19.267,2336.878,2021.489,5339.452,5.682,-0.982,39.726,-72.995,,385.068,16816.186,,,14.166,215.44,10.805,1.341,24.23,248.474,0.209,3.179,567.73,6777.252,437662613.0,18526.475,1238.42,18.273,9.575,8.229,133.214,1524.549,3483.39,0.25,96.362,0.106,9.636,19.636,16.954,44.865,3.817,12.715,1.602,33.475,296.759,258.692,678.053
OWID_EU27,European Union (27),2009,,,,,,,-5.985,-1108.76,3.454,221.719,17.944,0.649,17.201,113.062,257.795,355.388,24.992,-11.276,15.884,-351.615,,1604.183,6308.086,,,2832.44,97.24,703.55,1417.85,566.31,330.5,824.92,147.99,5.99,103.23,572.38,14.08,124.57,2815.15,1000.47,,39714.583,-6.976,78.322,-1023.081,13641.981,31105.436,3232.877,50.365,,20.117,-6.062,22.582,-253.803,,1291.258,8968.366,,,11.74,0.264,4.973,2.279,866.099,753.582,1974.815,49.635,1397.3,3186.02,-2.219,21.678,-85.68,3775.747,8609.18,0.61,17.29,29.303,-7.363,12.429,-172.06,2164.819,1880.921,4936.06,5.257,-5.675,39.857,-417.662,,337.436,15828.984,,,13.658,235.377,8.917,1.554,22.157,270.631,0.213,3.667,617.072,6418.897,438572265.0,17417.715,1305.098,20.332,5.666,9.249,86.379,1610.929,3673.12,0.5,88.505,0.213,17.379,37.014,32.104,84.398,4.425,9.221,1.861,27.364,324.122,284.035,739.04
OWID_EU27,European Union (27),2010,,,,,,,3.769,656.474,3.777,253.676,18.943,0.744,21.417,134.478,306.037,345.019,23.757,4.856,16.05,134.334,,1595.743,6601.636,,,2956.44,111.47,701.2,1443.09,589.27,373.33,854.47,152.62,6.09,117.56,653.96,23.24,139.83,2951.52,1018.33,,41132.006,2.705,77.519,368.992,14010.973,31885.217,3284.086,48.893,,19.965,7.496,23.393,294.825,,1341.02,9622.025,,,12.649,12.252,5.379,106.114,972.213,849.599,2212.496,51.107,1508.43,3432.782,7.614,22.481,287.482,4063.23,9246.821,0.166,4.92,28.95,2.885,12.323,62.456,2227.275,1944.545,5068.681,5.171,-0.867,38.076,-60.167,,347.322,15661.556,,,13.859,267.535,13.031,1.692,35.266,305.897,0.206,3.983,696.139,6716.868,439419091.0,18074.189,1488.238,22.157,13.969,10.158,225.026,1835.955,4178.141,0.787,62.817,0.333,23.251,60.266,52.888,137.149,4.738,12.026,2.009,38.978,363.101,318.216,826.32
OWID_EU27,European Union (27),2011,,,,,,,-2.998,-541.906,4.087,270.292,7.394,0.824,9.944,144.422,328.091,349.833,24.895,2.946,17.033,85.47,,1646.583,6784.236,,,2912.41,118.98,724.81,1428.23,558.76,307.43,837.77,144.66,6.42,125.4,645.45,47.28,165.34,2911.45,1018.52,,39828.87,-3.293,77.283,-461.442,13549.531,30781.075,3244.574,49.056,,19.192,-7.986,22.19,-337.659,,1269.36,8838.092,,,10.559,-18.132,4.54,-176.277,795.936,698.402,1808.162,50.944,1483.22,3369.497,-1.98,22.717,-80.464,3982.765,9047.826,0.033,0.96,28.775,-2.494,12.387,-55.544,2171.732,1903.2,4933.62,4.969,-3.041,38.06,-209.253,,328.631,15158.747,,,14.585,284.877,6.08,1.851,18.598,324.495,0.221,4.307,737.17,6614.071,440190311.0,17532.283,1466.298,22.169,-1.357,10.33,-24.921,1811.034,4114.207,1.624,98.874,0.684,59.587,119.853,107.408,272.275,5.679,17.413,2.432,63.227,426.328,375.61,968.509
OWID_EU27,European Union (27),2012,,,,,,,-1.198,-209.985,4.572,301.381,9.946,0.917,14.364,158.787,360.165,343.181,25.554,-0.432,17.165,-12.896,,1684.574,6744.509,,,2913.07,132.87,742.68,1365.91,484.75,331.67,811.95,138.48,6.28,139.15,728.45,70.17,187.46,2906.31,997.39,,39291.065,-2.6,76.186,-352.35,13197.181,29934.327,3098.207,46.998,,16.679,-1.766,22.063,-68.69,,1099.528,8668.639,,,11.412,7.102,4.921,56.53,852.466,752.306,1933.594,53.002,1540.4,3493.991,3.575,23.814,142.364,4125.13,9356.769,0.232,6.76,27.937,-3.67,12.077,-79.704,2092.027,1841.695,4745.212,4.765,-4.058,36.958,-270.764,,314.105,14521.18,,,14.245,315.625,10.713,2.074,34.765,359.26,0.216,4.788,814.886,6592.198,440871150.0,17322.297,1652.297,25.064,12.262,11.737,222.069,2033.103,4611.557,2.414,50.12,1.039,60.07,179.923,159.162,408.107,6.45,13.215,2.786,56.339,482.668,425.204,1094.804
OWID_EU27,European Union (27),2013,,,,,,,-0.871,-150.896,4.818,315.136,-12.623,0.808,-20.044,138.743,314.26,328.734,25.242,-1.917,16.984,-56.99,,1650.995,6605.947,,,2885.81,139.13,728.9,1274.22,415.48,368.02,806.23,129.84,6.44,145.57,807.17,84.12,209.46,2887.62,949.26,,38894.078,-2.228,75.143,-294.078,12903.104,29226.171,2886.172,44.127,,14.388,-2.007,21.81,-76.685,,941.083,8482.764,,,12.745,10.145,5.468,86.484,938.95,833.584,2126.768,55.873,1613.4,3654.431,3.471,24.857,143.182,4268.312,9667.938,-0.063,-1.81,27.92,-1.301,12.025,-27.218,2064.809,1826.151,4676.896,4.496,-2.506,36.349,-160.402,,294.094,14137.46,,,14.587,329.723,4.332,2.183,15.562,374.821,0.223,5.041,848.989,6540.603,441491417.0,17171.402,1828.28,27.953,8.381,12.832,170.4,2203.502,4991.042,2.913,19.252,1.25,34.639,214.562,190.536,485.994,7.254,11.138,3.124,53.759,536.426,474.437,1215.033
OWID_EU27,European Union (27),2014,,,,,,,-3.601,-618.419,5.101,326.29,7.772,0.903,10.783,149.526,338.224,315.245,24.497,-4.739,16.784,-138.216,,1567.052,6284.343,,,2822.96,144.25,692.78,1177.75,357.4,370.06,812.57,127.57,6.79,151.04,837.67,94.2,222.37,2827.99,891.51,,37442.457,-5.386,73.752,-694.995,12208.109,27614.455,2664.043,41.646,,12.638,-11.516,20.019,-431.286,,808.43,7495.695,,,13.086,-0.009,5.672,-0.08,938.869,837.067,2123.7,58.354,1650.24,3732.804,1.794,26.248,76.575,4344.887,9828.032,-0.178,-5.03,28.733,0.18,12.496,3.713,2068.522,1838.014,4678.949,4.511,-2.011,36.948,-125.492,,288.56,13834.417,,,15.359,341.649,3.61,2.346,13.53,388.351,0.24,5.341,878.441,6396.847,442091251.0,16552.983,1894.79,29.621,3.307,13.752,72.862,2276.364,5149.083,3.331,10.818,1.436,23.212,237.774,213.078,537.84,7.863,4.738,3.394,25.418,561.844,502.996,1270.878
OWID_EU27,European Union (27),2015,,,,,,,1.28,211.932,5.198,337.388,2.748,0.916,4.109,153.635,347.044,320.96,24.537,-0.145,16.548,-4.025,,1592.584,6266.674,,,2866.64,149.36,705.03,1230.11,396.78,336.0,786.69,128.3,7.09,156.45,856.49,100.85,263.19,2873.29,922.21,,37870.077,2.042,74.307,249.348,12457.457,28140.009,2778.682,42.812,,13.809,4.628,20.681,153.357,,896.282,7831.878,,,11.694,-10.097,5.035,-94.794,844.075,758.987,1906.671,57.188,1643.18,3711.761,-0.861,25.693,-37.416,4307.471,9730.099,-0.232,-6.65,27.379,-3.747,11.876,-77.503,1991.019,1777.045,4497.491,4.465,1.635,37.078,100.016,,289.815,14041.457,,,16.016,353.403,2.795,2.381,10.853,399.204,0.247,5.445,901.758,6490.443,442695544.0,16764.915,1934.716,29.809,1.761,13.817,40.088,2316.452,5232.608,3.51,6.801,1.515,16.172,253.946,227.809,573.637,9.16,18.466,3.97,103.748,665.592,594.517,1503.499
OWID_EU27,European Union (27),2016,,,,,,,1.122,188.042,5.219,340.812,0.274,0.909,0.421,154.056,347.503,317.8,22.767,-4.03,15.705,-111.798,,1486.658,6005.621,,,2895.52,151.09,659.07,1255.15,466.9,345.6,767.95,129.18,7.23,158.32,871.77,101.04,266.81,2894.87,919.99,,38240.633,1.787,74.795,222.598,12680.054,28602.285,2831.231,43.358,,16.129,6.186,21.717,214.483,,1053.182,8304.599,,,11.938,2.094,5.083,17.675,861.75,779.567,1943.841,56.642,1639.72,3698.702,-0.802,25.205,-34.555,4272.916,9638.378,0.022,0.65,26.528,-2.972,11.395,-59.168,1931.851,1732.258,4357.659,4.462,1.929,37.374,119.912,,291.39,14292.065,,,16.309,357.121,0.624,2.369,2.491,401.695,0.25,5.469,906.1,6529.932,443323123.0,16952.957,1966.444,30.114,1.063,13.809,24.613,2341.065,5280.719,3.49,-0.528,1.49,-1.341,252.605,227.915,569.799,9.217,0.806,3.958,5.367,670.959,601.841,1513.476
OWID_EU27,European Union (27),2017,,,,,,,1.268,215.045,5.25,346.07,6.747,0.958,10.394,164.45,370.419,318.031,21.831,-1.514,15.273,-40.322,,1438.994,5906.237,,,2921.83,153.64,638.85,1291.52,525.77,294.34,759.4,126.9,7.23,160.87,875.46,107.94,312.31,2926.38,930.68,,38670.515,1.878,75.246,238.156,12918.211,29097.961,2909.118,44.134,,17.967,4.621,22.436,170.127,,1184.284,8675.969,,,10.058,-15.495,4.242,-133.524,728.226,662.994,1640.311,55.866,1634.86,3682.483,-0.541,24.754,-23.111,4249.805,9572.585,-0.156,-4.55,25.95,-1.689,11.063,-32.629,1899.222,1710.53,4277.953,4.336,1.71,37.537,108.352,,285.839,14515.755,,,16.285,362.356,1.76,2.381,7.069,408.764,0.247,5.497,920.731,6591.601,443955871.0,17168.002,1971.953,29.916,0.407,13.692,9.518,2350.583,5294.632,3.689,6.26,1.563,15.813,268.418,243.132,604.606,10.672,16.36,4.548,109.766,780.725,703.471,1758.564
OWID_EU27,European Union (27),2018,,,,,,,-0.03,-5.068,5.341,349.802,7.412,1.029,12.188,176.638,397.353,301.333,20.453,-4.307,14.62,-112.926,,1339.642,5644.488,,,2920.44,155.5,595.52,1209.54,491.06,343.84,761.94,122.96,7.14,162.64,940.12,113.01,320.63,2911.6,877.36,,38608.577,-1.311,74.282,-169.296,12748.915,28679.096,2720.899,41.542,,16.866,-1.848,22.028,-71.174,,1104.655,8504.523,,,11.809,17.013,4.965,123.895,852.12,773.479,1916.872,58.458,1702.06,3828.839,3.864,25.718,164.228,4414.034,9929.511,0.303,8.84,26.169,-0.258,11.037,-4.908,1894.314,1714.009,4261.321,4.223,0.23,37.634,14.804,,276.603,14530.086,,,16.062,365.864,0.066,2.383,0.269,409.033,0.245,5.586,920.132,6549.739,444536829.0,17162.934,2114.83,32.289,7.196,14.681,169.137,2519.719,5668.191,3.881,6.314,1.663,16.948,285.366,254.22,641.94,11.012,2.029,4.641,15.838,796.563,721.268,1791.893
OWID_EU27,European Union (27),2019,,,,,,,-1.696,-291.022,5.55,358.797,0.952,1.057,1.681,178.319,400.729,275.196,15.673,-18.999,12.046,-476.715,,1013.289,4567.479,,,2879.83,159.66,450.9,1133.43,569.65,320.27,765.34,112.88,7.23,166.89,978.13,123.77,367.2,2876.9,791.71,,37915.538,-2.878,73.388,-366.875,12382.04,27825.636,2547.109,39.398,,19.801,3.481,23.188,131.607,,1280.15,8791.679,,,11.132,-7.843,4.654,-66.834,785.286,719.729,1764.741,60.602,1743.47,3918.027,1.718,26.612,75.853,4489.886,10089.932,0.102,2.93,26.603,0.067,11.235,1.274,1895.588,1719.916,4259.874,3.924,-0.337,38.154,-21.767,,253.67,14466.478,,,16.248,375.045,2.177,2.477,8.903,417.936,0.251,5.801,939.21,6465.136,444986766.0,16871.912,2198.11,33.999,2.96,15.376,74.579,2594.298,5830.058,4.302,8.683,1.838,24.779,310.145,278.143,696.976,12.764,13.313,5.35,106.05,902.612,825.193,2028.402
OWID_EU27,European Union (27),2020,,,,,,,-8.238,-1389.826,5.908,365.3,2.513,1.181,4.482,182.801,410.557,253.63,12.763,-19.222,10.604,-390.687,,789.174,3687.319,,,2766.88,162.65,351.38,1011.73,560.28,346.28,683.51,100.07,7.23,169.88,1057.79,144.22,397.41,2753.03,698.25,,34771.631,-11.116,71.087,-1376.33,11005.71,24718.017,2272.271,36.75,,20.351,-2.883,24.541,-112.791,,1258.348,8533.152,,,12.578,7.449,5.45,58.495,843.781,777.719,1895.071,63.25,1741.3,3910.832,-0.301,28.913,-13.497,4476.389,10053.642,0.501,13.85,24.828,-10.466,10.962,-198.388,1697.2,1535.113,3811.786,3.635,-13.559,35.942,-872.852,,224.75,12497.546,,,16.238,381.538,0.095,2.702,0.396,418.332,0.263,6.171,939.544,6183.103,445250517.0,15482.087,2375.719,38.423,7.127,17.951,184.891,2779.19,6241.856,5.239,16.251,2.329,50.401,360.546,323.908,809.761,14.435,7.879,6.289,71.116,973.729,892.554,2186.923
OWID_EU27,European Union (27),2021,,,,,,,,,5.986,384.094,,,,,,261.412,14.726,,,,,944.942,,,,2864.63,171.04,420.79,1057.32,533.89,343.88,731.12,102.64,7.06,178.1,1069.0,158.51,388.51,2857.44,746.97,,,,,,,,2374.358,37.002,,18.684,,,,,1198.924,,,,12.035,,,,,772.23,,62.998,1800.12,4042.419,,,,,,0.251,7.19,25.587,,,,,1641.831,,3.592,,,,,230.492,,,,15.854,399.948,,,,,0.247,6.233,,6416.777,445307651.0,,2400.588,37.411,,,,,,5.547,,,,,355.956,,13.596,,,,,872.453,
