iso_code,country,year,coal_prod_change_pct,coal_prod_change_twh,gas_prod_change_pct,gas_prod_change_twh,oil_prod_change_pct,oil_prod_change_twh,energy_cons_change_pct,energy_cons_change_twh,biofuel_share_elec,biofuel_elec_per_capita,biofuel_cons_change_pct,biofuel_share_energy,biofuel_cons_change_twh,biofuel_consumption,biofuel_cons_per_capita,carbon_intensity_elec,coal_share_elec,coal_cons_change_pct,coal_share_energy,coal_cons_change_twh,coal_consumption,coal_elec_per_capita,coal_cons_per_capita,coal_production,coal_prod_per_capita,electricity_demand,biofuel_electricity,coal_electricity,fossil_electricity,gas_electricity,hydro_electricity,nuclear_electricity,oil_electricity,other_renewable_exc_biofuel_electricity,other_renewable_electricity,renewables_electricity,solar_electricity,wind_electricity,electricity_generation,greenhouse_gas_emissions,energy_per_gdp,energy_per_capita,fossil_cons_change_pct,fossil_share_energy,fossil_cons_change_twh,fossil_fuel_consumption,fossil_energy_per_capita,fossil_cons_per_capita,fossil_share_elec,gdp,gas_share_elec,gas_cons_change_pct,gas_share_energy,gas_cons_change_twh,gas_consumption,gas_elec_per_capita,gas_energy_per_capita,gas_production,gas_prod_per_capita,hydro_share_elec,hydro_cons_change_pct,hydro_share_energy,hydro_cons_change_twh,hydro_consumption,hydro_elec_per_capita,hydro_energy_per_capita,low_carbon_share_elec,low_carbon_electricity,low_carbon_elec_per_capita,low_carbon_cons_change_pct,low_carbon_share_energy,low_carbon_cons_change_twh,low_carbon_consumption,low_carbon_energy_per_capita,net_elec_imports_share_demand,net_elec_imports,nuclear_share_elec,nuclear_cons_change_pct,nuclear_share_energy,nuclear_cons_change_twh,nuclear_consumption,nuclear_elec_per_capita,nuclear_energy_per_capita,oil_share_elec,oil_cons_change_pct,oil_share_energy,oil_cons_change_twh,oil_consumption,oil_elec_per_capita,oil_energy_per_capita,oil_production,oil_prod_per_capita,other_renewables_elec_per_capita_exc_biofuel,other_renewables_elec_per_capita,other_renewables_cons_change_pct,other_renewables_share_energy,other_renewables_cons_change_twh,other_renewable_consumption,other_renewables_share_elec_exc_biofuel,other_renewables_share_elec,other_renewables_energy_per_capita,per_capita_electricity,population,primary_energy_consumption,renewables_elec_per_capita,renewables_share_elec,renewables_cons_change_pct,renewables_share_energy,renewables_cons_change_twh,renewables_consumption,renewables_energy_per_capita,solar_share_elec,solar_cons_change_pct,solar_share_energy,solar_cons_change_twh,solar_consumption,solar_elec_per_capita,solar_energy_per_capita,wind_share_elec,wind_cons_change_pct,wind_share_energy,wind_cons_change_twh,wind_consumption,wind_elec_per_capita,wind_energy_per_capita
OWID_EUR,Europe,1900,,,,,,,,,,,,,,,,,,,,,,,,3206.068,7884.487,,,,,,,,,,,,,,,,,,,,,,,,,,,,,,,,,0.0,0.0,,,,,,,,,,,,,,,,,,,,,,,,,,,,,,,,7.548,18.562,,,,,,,,,,,406629896.0,,,,,,,,,,,,,,,,,,,,,,
OWID_EUR,Europe,1901,-3.067,-98.33,,0.0,15.871,1.198,,,,,,,,,,,,,,,,,,3107.738,7577.684,,,,,,,,,,,,,,,,,,,,,,,,,,,,,,,,,0.0,0.0,,,,,,,,,,,,,,,,,,,,,,,,,,,,,,,,8.746,21.325,,,,,,,,,,,410117085.0,,,,,,,,,,,,,,,,,,,,,,
OWID_EUR,Europe,1902,0.671,20.859,,0.0,20.08,1.756,,,,,,,,,,,,,,,,,,3128.597,7562.686,,,,,,,,,,,,,,,,,,,,,,,,,,,,,,,,,0.0,0.0,,,,,,,,,,,,,,,,,,,,,,,,,,,,,,,,10.502,25.386,,,,,,,,,,,413688564.0,,,,,,,,,,,,,,,,,,,,,,
OWID_EUR,Europe,1903,4.331,135.509,,0.0,27.796,2.919,,,,,,,,,,,,,,,,,,3264.106,7821.391,,,,,,,,,,,,,,,,,,,,,,,,,,,,,,,,,0.0,0.0,,,,,,,,,,,,,,,,,,,,,,,,,,,,,,,,13.421,32.159,,,,,,,,,,,417330587.0,,,,,,,,,,,,,,,,,,,,,,
OWID_EUR,Europe,1904,1.067,34.82,,0.0,25.823,3.466,,,,,,,,,,,,,,,,,,3298.925,7835.738,,,,,,,,,,,,,,,,,,,,,,,,,,,,,,,,,0.0,0.0,,,,,,,,,,,,,,,,,,,,,,,,,,,,,,,,16.887,40.11,,,,,,,,,,,421010166.0,,,,,,,,,,,,,,,,,,,,,,
OWID_EUR,Europe,1905,5.629,185.687,,0.0,7.92,1.337,,,,,,,,,,,,,,,,,,3484.613,8204.345,,,,,,,,,,,,,,,,,,,,,,,,,,,,,,,,,0.0,0.0,,,,,,,,,,,,,,,,,,,,,,,,,,,,,,,,18.224,42.908,,,,,,,,,,,424727733.0,,,,,,,,,,,,,,,,,,,,,,
OWID_EUR,Europe,1906,3.318,115.617,,0.0,14.869,2.71,,,,,,,,,,,,,,,,,,3600.23,8402.276,,,,,,,,,,,,,,,,,,,,,,,,,,,,,,,,,0.0,0.0,,,,,,,,,,,,,,,,,,,,,,,,,,,,,,,,20.934,48.856,,,,,,,,,,,428482719.0,,,,,,,,,,,,,,,,,,,,,,
OWID_EUR,Europe,1907,6.374,229.494,,0.0,32.833,6.873,,,,,,,,,,,,,,,,,,3829.724,8859.389,,,,,,,,,,,,,,,,,,,,,,,,,,,,,,,,,0.0,0.0,,,,,,,,,,,,,,,,,,,,,,,,,,,,,,,,27.807,64.327,,,,,,,,,,,432278569.0,,,,,,,,,,,,,,,,,,,,,,
OWID_EUR,Europe,1908,0.224,8.58,,0.0,25.847,7.187,,,,,,,,,,,,,,,,,,3838.304,8801.174,,,,,,,,,,,,,,,,,,,,,,,,,,,,,,,,,0.0,0.0,,,,,,,,,,,,,,,,,,,,,,,,,,,,,,,,34.995,80.242,,,,,,,,,,,436112732.0,,,,,,,,,,,,,,,,,,,,,,
OWID_EUR,Europe,1909,0.862,33.075,,0.0,19.309,6.757,,,,,,,,,,,,,,,,,,3871.379,8810.32,,,,,,,,,,,,,,,,,,,,,,,,,,,,,,,,,0.0,0.0,,,,,,,,,,,,,,,,,,,,,,,,,,,,,,,,41.752,95.017,,,,,,,,,,,439414124.0,,,,,,,,,,,,,,,,,,,,,,
OWID_EUR,Europe,1910,2.762,106.945,,0.0,-9.61,-4.012,,,,,,,,,,,,,,,,,,3978.323,8996.649,,,,,,,,,,,,,,,,,,,,,,,,,,,,,,,,,0.0,0.0,,,,,,,,,,,,,,,,,,,,,,,,,,,,,,,,37.739,85.344,,,,,,,,,,,442200578.0,,,,,,,,,,,,,,,,,,,,,,
OWID_EUR,Europe,1911,3.245,129.098,,0.0,-0.37,-0.14,,,,,,,,,,,,,,,,,,4107.422,9243.166,,,,,,,,,,,,,,,,,,,,,,,,,,,,,,,,,0.0,0.0,,,,,,,,,,,,,,,,,,,,,,,,,,,,,,,,37.6,84.613,,,,,,,,,,,444373917.0,,,,,,,,,,,,,,,,,,,,,,
OWID_EUR,Europe,1912,2.63,108.038,,0.0,-1.361,-0.512,,,,,,,,,,,,,,,,,,4215.46,9450.667,,,,,,,,,,,,,,,,,,,,,,,,,,,,,,,,,0.0,0.0,,,,,,,,,,,,,,,,,,,,,,,,,,,,,,,,37.088,83.148,,,,,,,,,,,446048921.0,,,,,,,,,,,,,,,,,,,,,,
OWID_EUR,Europe,1913,7.636,321.896,,0.0,-1.286,-0.477,,,,,,,,,,,,,,,,,,4537.356,10146.456,,,,,,,,,,,,,,,,,,,,,,,,,,,,,,,,,0.0,0.0,,,,,,,,,,,,,,,,,,,,,,,,,,,,,,,,36.611,81.87,,,,,,,,,,,447186295.0,,,,,,,,,,,,,,,,,,,,,,
OWID_EUR,Europe,1914,-12.433,-564.127,,0.0,-10.737,-3.931,,,,,,,,,,,,,,,,,,3973.23,8861.939,,,,,,,,,,,,,,,,,,,,,,,,,,,,,,,,,0.0,0.0,,,,,,,,,,,,,,,,,,,,,,,,,,,,,,,,32.68,72.891,,,,,,,,,,,448347652.0,,,,,,,,,,,,,,,,,,,,,,
OWID_EUR,Europe,1915,-5.882,-233.722,,0.0,-12.313,-4.024,,,,,,,,,,,,,,,,,,3739.508,8319.705,,,,,,,,,,,,,,,,,,,,,,,,,,,,,,,,,0.0,0.0,,,,,,,,,,,,,,,,,,,,,,,,,,,,,,,,28.656,63.755,,,,,,,,,,,449475992.0,,,,,,,,,,,,,,,,,,,,,,
OWID_EUR,Europe,1916,3.876,144.932,,0.0,-22.646,-6.49,,,,,,,,,,,,,,,,,,3884.44,8621.296,,,,,,,,,,,,,,,,,,,,,,,,,,,,,,,,,0.0,0.0,,,,,,,,,,,,,,,,,,,,,,,,,,,,,,,,22.167,49.198,,,,,,,,,,,450563315.0,,,,,,,,,,,,,,,,,,,,,,
OWID_EUR,Europe,1917,-2.175,-84.484,,0.0,-13.641,-3.024,,,,,,,,,,,,,,,,,,3799.956,8413.559,,,,,,,,,,,,,,,,,,,,,,,,,,,,,,,,,0.0,0.0,,,,,,,,,,,,,,,,,,,,,,,,,,,,,,,,19.143,42.385,,,,,,,,,,,451646629.0,,,,,,,,,,,,,,,,,,,,,,
OWID_EUR,Europe,1918,-7.336,-278.773,,0.0,12.09,2.314,,,,,,,,,,,,,,,,,,3521.183,7777.569,,,,,,,,,,,,,,,,,,,,,,,,,,,,,,,,,0.0,0.0,,,,,,,,,,,,,,,,,,,,,,,,,,,,,,,,21.457,47.395,,,,,,,,,,,452735659.0,,,,,,,,,,,,,,,,,,,,,,
OWID_EUR,Europe,1919,-15.051,-529.958,,0.0,-3.252,-0.698,,,,,,,,,,,,,,,,,,2991.225,6584.351,,,,,,,,,,,,,,,,,,,,,,,,,,,,,,,,,0.0,0.0,,,,,,,,,,,,,,,,,,,,,,,,,,,,,,,,20.76,45.696,,,,,,,,,,,454293081.0,,,,,,,,,,,,,,,,,,,,,,
OWID_EUR,Europe,1920,13.524,404.532,,0.0,10.868,2.256,,,,,,,,,,,,,,,,,,3395.757,7439.649,,,,,,,,,,,,,,,,,,,,,,,,,,,,,,,,,0.0,0.0,,,,,,,,,,,,,,,,,,,,,,,,,,,,,,,,23.016,50.425,,,,,,,,,,,456440497.0,,,,,,,,,,,,,,,,,,,,,,
OWID_EUR,Europe,1921,-11.331,-384.771,,0.0,0.303,0.07,,,,,,,,,,,,,,,,,,3010.986,6560.669,,,,,,,,,,,,,,,,,,,,,,,,,,,,,,,,,0.0,0.0,,,,,,,,,,,,,,,,,,,,,,,,,,,,,,,,23.086,50.301,,,,,,,,,,,458944944.0,,,,,,,,,,,,,,,,,,,,,,
OWID_EUR,Europe,1922,19.742,594.434,,6.613,11.839,2.733,,,,,,,,,,,,,,,,,,3605.42,7804.018,,,,,,,,,,,,,,,,,,,,,,,,,,,,,,,,,6.613,14.313,,,,,,,,,,,,,,,,,,,,,,,,,,,,,,,,25.819,55.885,,,,,,,,,,,461995358.0,,,,,,,,,,,,,,,,,,,,,,
OWID_EUR,Europe,1923,-1.305,-47.057,13.465,0.89,7.477,1.931,,,,,,,,,,,,,,,,,,3558.363,7644.829,,,,,,,,,,,,,,,,,,,,,,,,,,,,,,,,,7.503,16.12,,,,,,,,,,,,,,,,,,,,,,,,,,,,,,,,27.749,59.617,,,,,,,,,,,465460151.0,,,,,,,,,,,,,,,,,,,,,,
OWID_EUR,Europe,1924,8.489,302.079,11.867,0.89,16.513,4.582,,,,,,,,,,,,,,,,,,3860.442,8231.862,,,,,,,,,,,,,,,,,,,,,,,,,,,,,,,,,8.393,17.898,,,,,,,,,,,,,,,,,,,,,,,,,,,,,,,,32.331,68.942,,,,,,,,,,,468963376.0,,,,,,,,,,,,,,,,,,,,,,
OWID_EUR,Europe,1925,-1.547,-59.73,10.608,0.89,18.885,6.106,,,,,,,,,,,,,,,,,,3800.712,8043.457,,,,,,,,,,,,,,,,,,,,,,,,,,,,,,,,,9.284,19.647,,,,,,,,,,,,,,,,,,,,,,,,,,,,,,,,38.437,81.345,,,,,,,,,,,472522223.0,,,,,,,,,,,,,,,,,,,,,,
OWID_EUR,Europe,1926,-16.648,-632.739,9.591,0.89,27.958,10.746,,,,,,,,,,,,,,,,,,3167.973,6653.925,,,,,,,,,,,,,,,,,,,,,,,,,,,,,,,,,10.174,21.37,,,,,,,,,,,,,,,,,,,,,,,,,,,,,,,,49.183,103.303,,,,,,,,,,,476105901.0,,,,,,,,,,,,,,,,,,,,,,
OWID_EUR,Europe,1927,31.271,990.672,8.751,0.89,8.418,4.14,,,,,,,,,,,,,,,,,,4158.645,8669.016,,,,,,,,,,,,,,,,,,,,,,,,,,,,,,,,,11.065,23.065,,,,,,,,,,,,,,,,,,,,,,,,,,,,,,,,53.324,111.157,,,,,,,,,,,479713624.0,,,,,,,,,,,,,,,,,,,,,,
OWID_EUR,Europe,1928,-1.025,-42.64,8.047,0.89,13.653,7.28,,,,,,,,,,,,,,,,,,4116.005,8515.303,,,,,,,,,,,,,,,,,,,,,,,,,,,,,,,,,11.955,24.733,,,,,,,,,,,,,,,,,,,,,,,,,,,,,,,,60.604,125.379,,,,,,,,,,,483365625.0,,,,,,,,,,,,,,,,,,,,,,
OWID_EUR,Europe,1929,7.78,320.238,15.707,1.878,9.576,5.803,,,,,,,,,,,,,,,,,,4436.242,9109.428,,,,,,,,,,,,,,,,,,,,,,,,,,,,,,,,,13.833,28.404,,,,,,,,,,,,,,,,,,,,,,,,,,,,,,,,66.407,136.362,,,,,,,,,,,486994645.0,,,,,,,,,,,,,,,,,,,,,,
OWID_EUR,Europe,1930,-8.019,-355.732,13.575,1.878,17.968,11.932,,,,,,,,,,,,,,,,,,4080.511,8316.907,,,,,,,,,,,,,,,,,,,,,,,,,,,,,,,,,15.711,32.021,,,,,,,,,,,,,,,,,,,,,,,,,,,,,,,,78.34,159.672,,,,,,,,,,,490628405.0,,,,,,,,,,,,,,,,,,,,,,
OWID_EUR,Europe,1931,-8.91,-363.579,11.952,1.878,14.697,11.514,,,,,,,,,,,,,,,,,,3716.931,7521.236,,,,,,,,,,,,,,,,,,,,,,,,,,,,,,,,,17.588,35.59,,,,,,,,,,,,,,,,,,,,,,,,,,,,,,,,89.853,181.819,,,,,,,,,,,494191548.0,,,,,,,,,,,,,,,,,,,,,,
OWID_EUR,Europe,1932,-8.921,-331.593,10.676,1.878,6.86,6.164,,,,,,,,,,,,,,,,,,3385.338,6801.317,,,,,,,,,,,,,,,,,,,,,,,,,,,,,,,,,19.466,39.108,,,,,,,,,,,,,,,,,,,,,,,,,,,,,,,,96.017,192.904,,,,,,,,,,,497747399.0,,,,,,,,,,,,,,,,,,,,,,
OWID_EUR,Europe,1933,1.049,35.521,9.646,1.878,0.472,0.454,,,,,,,,,,,,,,,,,,3420.859,6824.422,,,,,,,,,,,,,,,,,,,,,,,,,,,,,,,,,21.344,42.58,,,,,,,,,,,,,,,,,,,,,,,,,,,,,,,,96.471,192.454,,,,,,,,,,,501267150.0,,,,,,,,,,,,,,,,,,,,,,
OWID_EUR,Europe,1934,6.694,228.978,8.798,1.878,13.852,13.363,,,,,,,,,,,,,,,,,,3649.837,7230.078,,,,,,,,,,,,,,,,,,,,,,,,,,,,,,,,,23.222,46.0,,,,,,,,,,,,,,,,,,,,,,,,,,,,,,,,109.834,217.573,,,,,,,,,,,504812851.0,,,,,,,,,,,,,,,,,,,,,,
OWID_EUR,Europe,1935,3.273,119.468,8.086,1.878,-0.011,-0.012,,,,,,,,,,,,,,,,,,3769.305,7414.304,,,,,,,,,,,,,,,,,,,,,,,,,,,,,,,,,25.099,49.371,,,,,,,,,,,,,,,,,,,,,,,,,,,,,,,,109.822,216.023,,,,,,,,,,,508382799.0,,,,,,,,,,,,,,,,,,,,,,
OWID_EUR,Europe,1936,4.397,165.721,7.481,1.878,3.918,4.303,,,,,,,,,,,,,,,,,,3935.025,7685.922,,,,,,,,,,,,,,,,,,,,,,,,,,,,,,,,,26.977,52.692,,,,,,,,,,,,,,,,,,,,,,,,,,,,,,,,114.125,222.91,,,,,,,,,,,511978332.0,,,,,,,,,,,,,,,,,,,,,,
OWID_EUR,Europe,1937,9.591,377.416,6.961,1.878,-15.072,-17.201,,,,,,,,,,,,,,,,,,4312.441,8363.883,,,,,,,,,,,,,,,,,,,,,,,,,,,,,,,,,28.855,55.963,,,,,,,,,,,,,,,,,,,,,,,,,,,,,,,,96.924,187.983,,,,,,,,,,,515602758.0,,,,,,,,,,,,,,,,,,,,,,
OWID_EUR,Europe,1938,-0.37,-15.959,-3.94,-1.137,-3.66,-3.547,,,,,,,,,,,,,,,,,,4296.482,8274.68,,,,,,,,,,,,,,,,,,,,,,,,,,,,,,,,,27.718,53.383,,,,,,,,,,,,,,,,,,,,,,,,,,,,,,,,93.377,179.837,,,,,,,,,,,519232424.0,,,,,,,,,,,,,,,,,,,,,,
OWID_EUR,Europe,1939,-0.291,-12.491,-4.101,-1.137,0.162,0.151,,,,,,,,,,,,,,,,,,4283.991,8193.935,,,,,,,,,,,,,,,,,,,,,,,,,,,,,,,,,26.581,50.842,,,,,,,,,,,,,,,,,,,,,,,,,,,,,,,,93.529,178.891,,,,,,,,,,,522824630.0,,,,,,,,,,,,,,,,,,,,,,
OWID_EUR,Europe,1940,6.392,273.836,-4.276,-1.137,4.464,4.175,,,,,,,,,,,,,,,,,,4557.827,8665.188,,,,,,,,,,,,,,,,,,,,,,,,,,,,,,,,,25.445,48.374,,,,,,,,,,,,,,,,,,,,,,,,,,,,,,,,97.704,185.751,,,,,,,,,,,525992802.0,,,,,,,,,,,,,,,,,,,,,,
OWID_EUR,Europe,1941,-1.734,-79.01,-4.468,-1.137,-4.666,-4.559,,,,,,,,,,,,,,,,,,4478.816,8470.72,,,,,,,,,,,,,,,,,,,,,,,,,,,,,,,,,24.308,45.973,,,,,,,,,,,,,,,,,,,,,,,,,,,,,,,,93.145,176.163,,,,,,,,,,,528740902.0,,,,,,,,,,,,,,,,,,,,,,
OWID_EUR,Europe,1942,1.671,74.843,-4.676,-1.137,9.402,8.757,,,,,,,,,,,,,,,,,,4553.66,8572.451,,,,,,,,,,,,,,,,,,,,,,,,,,,,,,,,,23.171,43.621,,,,,,,,,,,,,,,,,,,,,,,,,,,,,,,,101.902,191.835,,,,,,,,,,,531196939.0,,,,,,,,,,,,,,,,,,,,,,
OWID_EUR,Europe,1943,0.819,37.289,-4.906,-1.137,0.217,0.221,,,,,,,,,,,,,,,,,,4590.949,8606.43,,,,,,,,,,,,,,,,,,,,,,,,,,,,,,,,,22.034,41.307,,,,,,,,,,,,,,,,,,,,,,,,,,,,,,,,102.123,191.445,,,,,,,,,,,533432475.0,,,,,,,,,,,,,,,,,,,,,,
OWID_EUR,Europe,1944,-10.825,-496.973,-5.159,-1.137,-20.613,-21.05,,,,,,,,,,,,,,,,,,4093.976,7640.91,,,,,,,,,,,,,,,,,,,,,,,,,,,,,,,,,20.898,39.003,,,,,,,,,,,,,,,,,,,,,,,,,,,,,,,,81.073,151.313,,,,,,,,,,,535796884.0,,,,,,,,,,,,,,,,,,,,,,
OWID_EUR,Europe,1945,-37.508,-1535.548,-5.44,-1.137,-5.795,-4.699,,,,,,,,,,,,,,,,,,2558.427,4758.03,,,,,,,,,,,,,,,,,,,,,,,,,,,,,,,,,19.761,36.75,,,,,,,,,,,,,,,,,,,,,,,,,,,,,,,,76.374,142.037,,,,,,,,,,,537707230.0,,,,,,,,,,,,,,,,,,,,,,
OWID_EUR,Europe,1946,35.926,919.137,23.717,4.687,4.66,3.559,,,,,,,,,,,,,,,,,,3477.565,6453.085,,,,,,,,,,,,,,,,,,,,,,,,,,,,,,,,,24.447,45.366,,,,,,,,,,,,,,,,,,,,,,,,,,,,,,,,79.933,148.326,,,,,,,,,,,538899589.0,,,,,,,,,,,,,,,,,,,,,,
OWID_EUR,Europe,1947,9.652,335.648,1.014,0.248,-2.648,-2.117,,,,,,,,,,,,,,,,,,3813.213,7054.45,,,,,,,,,,,,,,,,,,,,,,,,,,,,,,,,,24.695,45.686,,,,,,,,,,,,,,,,,,,,,,,,,,,,,,,,77.816,143.96,,,,,,,,,,,540540048.0,,,,,,,,,,,,,,,,,,,,,,
OWID_EUR,Europe,1948,9.368,357.215,75.964,18.76,8.743,6.804,,,,,,,,,,,,,,,,,,4170.428,7680.004,,,,,,,,,,,,,,,,,,,,,,,,,,,,,,,,,43.455,80.024,,,,,,,,,,,,,,,,,,,,,,,,,,,,,,,,84.62,155.831,,,,,,,,,,,543024166.0,,,,,,,,,,,,,,,,,,,,,,
OWID_EUR,Europe,1949,8.023,334.579,63.716,27.688,17.51,14.817,,,,,,,,,,,,,,,,,,4505.007,8251.304,,,,,,,,,,,,,,,,,,,,,,,,,,,,,,,,,71.143,130.304,,,,,,,,,,,,,,,,,,,,,,,,,,,,,,,,99.437,182.127,,,,,,,,,,,545975196.0,,,,,,,,,,,,,,,,,,,,,,
OWID_EUR,Europe,1950,3.782,170.382,-9.853,-7.01,14.632,14.549,,,,,,,,,,,,,,,,,,4675.389,8503.423,,,,,,,,,,,,,,,,,,,,,,,,,,,,,,,,,64.133,116.642,,,,,,,,,,,,,,,,,,,,,,,,,,,,,,,,113.986,207.313,,,,,,,,,,,549824298.0,,,,,,,,,,,,,,,,,,,,,,
OWID_EUR,Europe,1951,5.471,255.784,26.297,16.865,23.028,26.249,,,,,,,,,,,,,,,,,,4931.173,8887.8,,,,,,,,,,,,,,,,,,,,,,,,,,,,,,,,,80.998,145.988,,,,,,,,,,,,,,,,,,,,,,,,,,,,,,,,140.235,252.755,,,,,,,,,,,554824882.0,,,,,,,,,,,,,,,,,,,,,,
OWID_EUR,Europe,1952,3.543,174.709,20.686,16.755,24.424,34.25,,,,,,,,,,,,,,,,,,5105.881,9114.374,,,,,,,,,,,,,,,,,,,,,,,,,,,,,,,,,97.753,174.497,,,,,,,,,,,,,,,,,,,,,,,,,,,,,,,,174.485,311.469,,,,,,,,,,,560200990.0,,,,,,,,,,,,,,,,,,,,,,
OWID_EUR,Europe,1953,1.091,55.73,18.916,18.491,15.857,27.668,,,,,,,,,,,,,,,,,,5161.612,9122.753,,,,,,,,,,,,,,,,,,,,,,,,,,,,,,,,,116.244,205.452,,,,,,,,,,,,,,,,,,,,,,,,,,,,,,,,202.153,357.29,,,,,,,,,,,565795385.0,,,,,,,,,,,,,,,,,,,,,,
OWID_EUR,Europe,1954,1.539,79.457,11.607,13.493,12.151,24.563,,,,,,,,,,,,,,,,,,5241.068,9170.869,,,,,,,,,,,,,,,,,,,,,,,,,,,,,,,,,129.736,227.014,,,,,,,,,,,,,,,,,,,,,,,,,,,,,,,,226.715,396.709,,,,,,,,,,,571490924.0,,,,,,,,,,,,,,,,,,,,,,
OWID_EUR,Europe,1955,2.944,154.3,12.069,15.658,14.538,32.959,,,,,,,,,,,,,,,,,,5395.368,9347.343,,,,,,,,,,,,,,,,,,,,,,,,,,,,,,,,,145.395,251.893,,,,,,,,,,,,,,,,,,,,,,,,,,,,,,,,259.675,449.88,,,,,,,,,,,577208748.0,,,,,,,,,,,,,,,,,,,,,,
OWID_EUR,Europe,1956,1.974,106.487,13.434,19.533,5.733,14.886,,,,,,,,,,,,,,,,,,5501.856,9438.588,,,,,,,,,,,,,,,,,,,,,,,,,,,,,,,,,164.928,282.938,,,,,,,,,,,,,,,,,,,,,,,,,,,,,,,,274.561,471.018,,,,,,,,,,,582910889.0,,,,,,,,,,,,,,,,,,,,,,
OWID_EUR,Europe,1957,1.272,69.999,9.192,15.16,6.782,18.62,,,,,,,,,,,,,,,,,,5571.855,9466.321,,,,,,,,,,,,,,,,,,,,,,,,,,,,,,,,,180.088,305.96,,,,,,,,,,,,,,,,,,,,,,,,,,,,,,,,293.181,498.101,,,,,,,,,,,588597695.0,,,,,,,,,,,,,,,,,,,,,,
OWID_EUR,Europe,1958,-0.011,-0.639,11.443,20.607,2.884,8.455,,,,,,,,,,,,,,,,,,5571.216,9374.381,,,,,,,,,,,,,,,,,,,,,,,,,,,,,,,,,200.695,337.698,,,,,,,,,,,,,,,,,,,,,,,,,,,,,,,,301.636,507.546,,,,,,,,,,,594302249.0,,,,,,,,,,,,,,,,,,,,,,
OWID_EUR,Europe,1959,0.216,12.056,24.532,49.234,5.325,16.061,,,,,,,,,,,,,,,,,,5583.272,9304.209,,,,,,,,,,,,,,,,,,,,,,,,,,,,,,,,,249.929,416.492,,,,,,,,,,,,,,,,,,,,,,,,,,,,,,,,317.697,529.424,,,,,,,,,,,600080191.0,,,,,,,,,,,,,,,,,,,,,,
OWID_EUR,Europe,1960,0.24,13.372,3.621,9.049,7.691,24.435,,,,,,,,,,,,,,,,,,5596.644,9235.668,,,,,,,,,,,,,,,,,,,,,,,,,,,,,,,,,258.978,427.369,,,,,,,,,,,,,,,,,,,,,,,,,,,,,,,,342.132,564.591,,,,,,,,,,,605981479.0,,,,,,,,,,,,,,,,,,,,,,
OWID_EUR,Europe,1961,1.414,79.117,11.664,30.208,5.986,20.48,,,,,,,,,,,,,,,,,,5675.761,9273.961,,,,,,,,,,,,,,,,,,,,,,,,,,,,,,,,,289.186,472.518,,,,,,,,,,,,,,,,,,,,,,,,,,,,,,,,362.612,592.493,,,,,,,,,,,612010435.0,,,,,,,,,,,,,,,,,,,,,,
OWID_EUR,Europe,1962,1.341,76.14,13.673,39.54,5.196,18.841,,,,,,,,,,,,,,,,,,5751.901,9305.569,,,,,,,,,,,,,,,,,,,,,,,,,,,,,,,,,328.726,531.822,,,,,,,,,,,,,,,,,,,,,,,,,,,,,,,,381.453,617.124,,,,,,,,,,,618113874.0,,,,,,,,,,,,,,,,,,,,,,
OWID_EUR,Europe,1963,1.259,72.396,9.832,32.321,5.15,19.643,,,,,,,,,,,,,,,,,,5824.297,9331.52,,,,,,,,,,,,,,,,,,,,,,,,,,,,,,,,,361.048,578.46,,,,,,,,,,,,,,,,,,,,,,,,,,,,,,,,401.096,642.624,,,,,,,,,,,624153050.0,,,,,,,,,,,,,,,,,,,,,,
OWID_EUR,Europe,1964,1.969,114.661,11.749,42.419,6.62,26.551,,,,,,,,,,,,,,,,,,5938.958,9427.728,,,,,,,,,,,,,,,,,,,,,,,,,,,,,,,,,403.467,640.478,,,,,,,,,,,,,,,,,,,,,,,,,,,,,,,,427.647,678.863,,,,,,,,,,,629945800.0,,,,,,,,,,,,,,,,,,,,,,
OWID_EUR,Europe,1965,-2.423,-143.878,12.81,51.684,6.078,25.993,,,,,,,,,,,,,49.323,,6094.771,,9592.571,5795.08,9120.879,,,,,,,,,,,,,,,,,19448.584,,92.697,,11454.494,18028.235,,,,,,3.068,,379.145,,596.737,455.15,716.362,,,6.793,,839.432,,1321.183,,,,,7.303,,902.449,1420.365,,,,,0.442,,54.658,,86.027,,,40.306,,4980.569,,7838.927,453.64,713.984,,,,0.068,,8.358,,,13.155,,635364164.0,12356.933,,,,6.861,,847.791,1334.338,,,0.0,,0.0,,0.0,,,0.0,,0.0,,0.0
OWID_EUR,Europe,1966,-3.247,-188.147,14.166,64.475,1.589,7.211,3.008,371.674,,,,,,,,,,-4.054,45.942,-247.053,5847.718,,9132.112,5606.933,8756.081,,,,,,,,,,,,,,,,,19877.663,2.527,92.265,289.506,11744.0,18340.049,,,,,13.218,3.372,50.115,429.26,,670.356,519.626,811.475,,7.404,7.083,62.152,901.584,,1407.961,,,,9.105,7.735,82.168,984.617,1537.63,,,,31.072,0.563,16.983,71.642,,111.879,,9.767,42.951,486.443,5467.012,,8537.58,460.85,719.688,,,36.291,0.089,3.033,11.392,,,17.79,,640347256.0,12728.607,,,7.689,7.173,65.185,912.975,1425.751,,,0.0,0.0,0.0,,0.0,,,0.0,0.0,0.0,,0.0
OWID_EUR,Europe,1967,-3.969,-222.538,19.635,102.03,3.255,15.003,2.948,375.21,,,,,,,,,,-3.241,43.18,-189.498,5658.221,,8773.302,5384.394,8348.716,,,,,,,,,,,,,,,,,20317.987,3.092,92.394,363.089,12107.089,18772.52,,,,,19.825,3.925,85.101,514.361,,797.538,621.655,963.901,,-0.033,6.878,-0.298,901.286,,1397.48,,,,1.231,7.606,12.122,996.739,1545.483,,,,15.831,0.633,11.342,82.983,,128.669,,8.551,45.288,467.486,5934.497,,9201.68,475.853,737.829,,,9.461,0.095,1.078,12.469,,,19.334,,644936790.0,13103.817,,,0.085,6.973,0.78,913.756,1416.814,,,0.0,0.0,0.0,,0.0,,,0.0,0.0,0.0,,0.0
OWID_EUR,Europe,1968,-0.23,-12.405,28.432,176.747,1.474,7.013,6.684,875.9,,,,,,,,,,1.544,41.099,87.371,5745.592,,8849.799,5371.989,8274.342,,,,,,,,,,,,,,,,,21532.613,6.862,92.548,830.846,12937.934,19927.98,,,,,29.56,4.767,152.043,666.404,,1026.447,798.402,1229.758,,3.629,6.681,32.705,933.992,,1438.604,,,,4.52,7.452,45.055,1041.794,1604.65,,,,13.182,0.672,10.939,93.922,,144.666,,9.966,46.681,591.431,6525.928,,10051.733,482.866,743.746,,,11.317,0.099,1.411,13.881,,,21.38,,649234615.0,13979.717,,,3.734,6.78,34.117,947.872,1459.984,,,0.0,0.0,0.0,,0.0,,,0.0,0.0,0.0,,0.0
OWID_EUR,Europe,1969,-1.132,-60.791,29.116,232.462,1.264,6.106,7.27,1016.339,,,,,,,,,,1.307,38.815,75.09,5820.682,,8908.362,5311.198,8128.608,,,,,,,,,,,,,,,,,22950.954,7.803,93.007,1009.517,13947.451,21346.1,,,,,28.98,5.732,193.127,859.532,,1315.485,1030.864,1577.702,,-1.565,6.131,-14.613,919.378,,1407.077,,,,0.655,6.993,6.823,1048.617,1604.873,,,,21.563,0.761,20.253,114.175,,174.741,,11.359,48.461,741.3,7267.227,,11122.253,488.972,748.355,,,8.523,0.1,1.183,15.064,,,23.054,,653395778.0,14996.056,,,-1.417,6.231,-13.43,934.442,1430.132,,,0.0,0.0,0.0,,0.0,,,0.0,0.0,0.0,,0.0
OWID_EUR,Europe,1970,0.82,43.559,1.789,18.445,-0.131,-0.64,6.503,975.22,,,,,,,,,,-1.643,35.846,-95.654,5725.027,,8706.812,5354.757,8143.687,,,,,,,,,,,,,,,,,24289.63,6.589,93.082,918.949,14866.4,22609.3,,,,,26.277,6.796,225.857,1085.388,,1650.695,1049.309,1595.823,,4.563,6.019,41.95,961.329,,1462.02,,,,5.366,6.918,56.271,1104.888,1680.349,,,,8.418,0.775,9.611,123.786,,188.258,,10.853,50.44,788.747,8055.973,,12251.793,488.332,742.671,,,31.265,0.124,4.71,19.773,,,30.072,,657534752.0,15971.276,,,4.993,6.143,46.66,981.102,1492.091,,,0.0,0.0,0.0,,0.0,,,0.0,0.0,0.0,,0.0
OWID_EUR,Europe,1971,-0.225,-12.06,22.16,232.524,-0.872,-4.259,2.701,431.427,,,,,,,,,,-4.279,33.409,-244.97,5480.058,,8282.081,5342.697,8074.479,,,,,,,,,,,,,,,,,24789.594,2.717,93.096,403.92,15270.321,23078.211,,,,,23.141,8.148,251.17,1336.558,,2019.957,1281.833,1937.248,,1.007,5.92,9.681,971.01,,1467.498,,,,2.49,6.904,27.507,1132.395,1711.402,,,,14.146,0.861,17.511,141.297,,213.544,,4.937,51.538,397.72,8453.693,,12776.174,484.073,731.585,,,1.595,0.122,0.315,20.089,,,30.36,,661676967.0,16402.703,,,1.019,6.042,9.996,991.098,1497.858,,,0.0,0.0,0.0,,0.0,,,0.0,0.0,0.0,,0.0
OWID_EUR,Europe,1972,-4.727,-252.534,20.439,261.994,3.663,17.732,4.779,783.923,,,,,,,,,,-3.396,30.803,-186.104,5293.954,,7951.375,5090.163,7645.281,,,,,,,,,,,,,,,,,25813.825,4.573,92.913,698.35,15968.671,23984.491,,,,,21.739,9.467,290.55,1627.107,,2443.871,1543.827,2318.784,,4.082,5.88,39.638,1010.648,,1517.965,,,,7.557,7.087,85.574,1217.969,1829.355,,,,32.725,1.091,46.239,187.536,,281.674,,7.025,52.643,593.904,9047.597,,13589.244,501.805,753.696,,,-1.511,0.115,-0.304,19.785,,,29.717,,665791530.0,17186.626,,,3.969,5.996,39.335,1030.433,1547.681,,,0.0,0.0,0.0,,0.0,,,0.0,0.0,0.0,,0.0
OWID_EUR,Europe,1973,0.48,24.442,12.501,192.999,0.575,2.887,5.757,989.453,,,,,,,,,,1.59,29.589,84.173,5378.127,,8028.941,5114.605,7635.527,,,,,,,,,,,,,,,,,27134.831,5.972,93.102,953.66,16922.331,25263.127,,,,,13.649,10.174,222.091,1849.198,,2760.646,1736.826,2592.884,,1.506,5.644,15.222,1025.869,,1531.507,,,,2.939,6.898,35.793,1253.762,1871.726,,,,10.168,1.137,19.069,206.606,,308.439,,7.155,53.339,647.397,9694.993,,14473.54,504.692,753.448,,,7.592,0.117,1.502,21.287,,,31.779,,669843084.0,18176.079,,,1.623,5.761,16.724,1047.157,1563.287,,,0.0,0.0,0.0,,0.0,,,0.0,0.0,0.0,,0.0
OWID_EUR,Europe,1974,-2.792,-142.795,11.073,192.321,0.548,2.764,-1.385,-251.717,,,,,,,,,,-0.908,29.732,-48.822,5329.305,,7909.632,4971.81,7379.042,,,,,,,,,,,,,,,,,26602.907,-2.199,92.333,-372.157,16550.174,24563.37,,,,,13.262,11.685,245.248,2094.446,,3108.53,1929.147,2863.193,,8.117,6.188,83.274,1109.143,,1646.164,,,,9.606,7.667,120.44,1374.202,2039.558,,,,17.48,1.354,36.114,242.72,,360.239,,-5.865,50.916,-568.583,9126.41,,13545.209,507.456,753.154,,,4.941,0.125,1.052,22.339,,,33.155,,673774560.0,17924.362,,,8.053,6.313,84.326,1131.482,1679.319,,,0.0,0.0,0.0,,0.0,,,0.0,0.0,0.0,,0.0
OWID_EUR,Europe,1975,4.791,238.204,4.001,77.178,19.938,101.174,-1.011,-181.287,,,,,,,,,,-2.344,29.332,-124.913,5204.392,,7681.253,5210.014,7689.545,,,,,,,,,,,,,,,,,26187.293,-1.733,91.66,-286.78,16263.394,24003.409,,,,,7.36,12.673,154.149,2248.596,,3318.742,2006.324,2961.167,,2.059,6.38,22.832,1131.975,,1670.701,,,,7.677,8.34,105.493,1479.695,2183.906,,,,33.508,1.826,81.331,324.05,,478.271,,-3.463,49.655,-316.017,8810.393,,13003.413,608.63,898.287,,,5.955,0.133,1.33,23.669,,,34.934,,677545210.0,17743.075,,,2.135,6.513,24.162,1155.645,1705.635,,,0.0,0.0,0.0,,0.0,,,0.0,0.0,0.0,,0.0
OWID_EUR,Europe,1976,0.88,45.824,6.391,128.221,27.853,169.522,5.698,1010.979,,,,,,,,,,4.719,29.06,245.596,5449.988,,8001.102,5255.839,7716.067,,,,,,,,,,,,,,,,,27532.719,6.409,92.277,1042.287,17305.681,25406.371,,,,,8.723,13.036,196.155,2444.75,,3589.127,2134.545,3133.714,,-7.528,5.582,-85.211,1046.764,,1536.748,,,,-2.116,7.723,-31.307,1448.388,2126.37,,,,16.665,2.016,54.003,378.053,,555.018,,6.816,50.181,600.536,9410.929,,13816.142,778.152,1142.401,,,-0.415,0.126,-0.098,23.571,,,34.605,,681155183.0,18754.054,,,-7.382,5.707,-85.31,1070.335,1571.353,,,0.0,0.0,0.0,,0.0,,,0.0,0.0,0.0,,0.0
OWID_EUR,Europe,1977,0.418,21.947,2.917,62.27,38.679,300.984,1.664,311.983,,,,,,,,,,-0.247,28.514,-13.435,5436.553,,7940.927,5277.786,7709.016,,,,,,,,,,,,,,,,,27848.875,0.115,90.871,19.831,17325.512,25306.571,,,,,4.728,13.429,115.595,2560.345,,3739.78,2196.816,3208.786,,21.08,6.648,220.658,1267.422,,1851.265,,,,20.171,9.129,292.152,1740.54,2542.326,,,,18.621,2.352,70.398,448.451,,655.031,,-0.875,48.928,-82.329,9328.601,,13625.864,1079.136,1576.244,,,4.651,0.129,1.096,24.667,,,36.031,,684625051.0,19066.037,,,20.718,6.777,221.755,1292.09,1887.295,,,0.0,0.0,0.0,,0.0,,,0.0,0.0,0.0,,0.0
OWID_EUR,Europe,1978,1.31,69.136,2.283,50.157,20.176,217.731,3.832,730.681,,,,,,,,,,1.847,27.969,100.392,5536.945,,8048.37,5346.922,7772.15,,,,,,,,,,,,,,,,,28776.009,3.899,90.929,675.529,18001.041,26165.859,,,,,4.023,13.454,103.013,2663.358,,3871.393,2246.972,3266.142,,-0.163,6.392,-2.064,1265.359,,1839.293,,,,3.169,9.071,55.152,1795.693,2610.174,,,,12.452,2.547,55.842,504.292,,733.026,,5.061,49.507,472.124,9800.724,,14246.096,1296.867,1885.093,,,5.539,0.132,1.366,26.034,,,37.842,,687959116.0,19796.718,,,-0.053,6.523,-0.689,1291.401,1877.147,,,0.0,0.0,0.0,,0.0,,,0.0,0.008,0.008,,0.012
OWID_EUR,Europe,1979,2.735,146.219,3.332,74.869,23.119,299.82,3.729,738.255,,,,,,,,,,4.36,28.139,241.423,5778.368,,8360.337,5493.14,7947.654,,,,,,,,,,,,,,,,,29710.666,3.408,90.648,613.557,18614.598,26932.204,,,,,5.578,13.693,148.574,2811.932,,4068.398,2321.842,3359.316,,5.185,6.481,65.614,1330.973,,1925.695,,,,6.944,9.352,124.699,1920.392,2778.486,,,,11.499,2.738,57.991,562.283,,813.529,,2.281,48.816,223.559,10024.283,,14503.469,1596.687,2310.139,,,4.17,0.132,1.086,27.119,,,39.237,,691165026.0,20534.973,,,5.166,6.614,66.708,1358.109,1964.956,,,0.0,0.0,0.0,,0.0,,100.0,0.0,0.008,0.017,,0.024
OWID_EUR,Europe,1980,-10.905,-599.008,-1.563,-36.296,4.434,70.797,-2.498,-513.039,,,,,,,,,,1.872,29.4,108.17,5886.538,,8478.948,4894.133,7049.486,,,,,,,,,,,,,,,,,28839.499,-3.065,90.122,-570.482,18044.116,25990.659,,,,,-0.11,14.029,-3.089,2808.843,,4045.847,2285.546,3292.089,,-3.002,6.448,-39.953,1291.019,,1859.578,,,,2.991,9.878,57.442,1977.834,2848.863,,,,16.836,3.281,94.667,656.95,,946.267,,-6.739,46.692,-675.562,9348.721,,13465.864,1667.484,2401.836,,,10.017,0.149,2.717,29.836,,,42.976,,694253882.0,20021.934,,,-2.741,6.597,-37.224,1320.885,1902.596,,,0.0,0.0,0.0,,0.0,,75.0,0.0,0.013,0.029,,0.042
OWID_EUR,Europe,1981,7.034,344.234,-1.653,-37.778,5.404,90.115,-2.587,-517.978,,,,,,,,,,-1.694,29.67,-99.689,5786.849,,8300.103,5238.367,7513.407,,,,,,,,,,,,,,,,,27974.589,-4.239,88.593,-764.964,17279.152,24783.545,,,,,-0.983,14.26,-27.61,2781.233,,3989.135,2247.768,3223.98,,1.22,6.7,15.747,1306.766,,1874.299,,,,12.488,11.407,246.986,2224.82,3191.067,,,,35.194,4.554,231.204,888.154,,1273.882,,-6.821,44.663,-637.665,8711.057,,12494.308,1757.599,2520.93,,,0.117,0.153,0.035,29.871,,,42.844,,697202605.0,19503.956,,,1.195,6.853,15.781,1336.666,1917.185,,,0.0,0.0,0.0,,0.0,,0.0,0.0,0.0,0.029,,0.042
OWID_EUR,Europe,1982,4.57,239.419,-5.578,-125.383,11.274,198.153,-1.882,-367.057,,,,,,,,,,0.562,30.409,32.521,5819.37,,8313.134,5477.786,7825.165,,,,,,,,,,,,,,,,,27337.579,-2.569,87.973,-443.832,16835.32,24049.711,,,,,-1.904,14.257,-52.945,2728.287,,3897.435,2122.385,3031.884,,-0.877,6.769,-11.46,1295.306,,1850.379,,,,3.451,12.027,76.774,2301.594,3287.889,,,,10.219,5.115,90.761,978.915,,1398.406,,-4.861,43.307,-423.407,8287.65,,11839.142,1955.752,2793.845,,,-8.531,0.143,-2.548,27.323,,,39.031,,700021736.0,19136.899,,,-1.046,6.912,-13.987,1322.68,1889.484,,,0.0,0.0,0.0,,0.0,,76.19,0.0,0.022,0.051,,0.073
OWID_EUR,Europe,1983,-1.292,-70.763,2.191,46.505,12.222,239.028,0.914,174.981,,,,,,,,,,1.392,30.553,81.013,5900.382,,8395.966,5407.022,7693.932,,,,,,,,,,,,,,,,,27479.875,-0.239,86.968,-40.236,16795.084,23898.596,,,,,3.986,14.691,108.761,2837.049,,4036.987,2168.889,3086.225,,2.963,6.906,38.378,1333.684,,1897.768,,,,9.351,13.032,215.217,2516.812,3581.302,,,,17.976,5.98,175.972,1154.887,,1643.348,,-2.775,41.724,-230.01,8057.64,,11465.643,2194.78,3123.066,,,3.055,0.146,0.835,28.157,,,40.067,,702764495.0,19311.881,,,2.967,7.052,39.245,1361.925,1937.954,,,0.0,0.0,0.0,,0.0,,62.703,0.0,0.032,0.084,,0.119
OWID_EUR,Europe,1984,-8.118,-438.929,1.507,32.691,8.44,185.246,2.591,500.323,,,,,,,,,,-0.17,29.731,-10.049,5890.333,,8349.106,4968.094,7041.895,,,,,,,,,,,,,,,,,28082.293,1.025,85.64,172.13,16967.214,24049.737,,,,,4.748,15.0,134.711,2971.76,,4212.247,2201.581,3120.573,,1.055,6.803,14.077,1347.761,,1910.349,,,,13.04,14.36,328.194,2845.005,4032.579,,,,27.107,7.409,313.053,1467.939,,2080.693,,0.589,40.91,47.468,8105.108,,11488.384,2380.026,3373.506,,,3.689,0.147,1.039,29.196,,,41.383,,705505200.0,19812.204,,,1.112,6.951,15.141,1377.066,1951.886,,,0.0,0.003,0.003,,0.004,,26.91,0.001,0.023,0.106,,0.15
OWID_EUR,Europe,1985,31.355,1557.754,21.61,475.753,6.186,147.228,19.582,3879.699,,,,,,,,,,22.903,30.556,1349.071,7239.403,,10220.998,6525.848,9213.553,,,,,,617.683,790.786,,,10.955,628.697,0.001,0.057,3750.88,,,33449.54,19.832,85.819,3364.883,20332.097,28705.979,,,,,35.491,16.995,1054.702,4026.461,,5684.784,2677.334,3780.008,16.468,3.669,5.897,49.447,1397.208,872.079,1972.656,37.844,1419.483,2004.104,18.096,14.181,514.82,3359.825,4743.587,,,21.083,31.613,8.155,464.067,1932.007,1116.475,2727.714,,11.858,38.267,961.109,9066.217,,12800.196,2527.254,3568.117,,15.467,4.289,0.129,1.252,30.448,,0.292,42.989,5295.7,708287873.0,23691.903,887.629,16.761,3.686,6.027,50.753,1427.819,2015.874,0.0,0.0,0.0,0.0,0.003,0.001,0.004,0.002,50.262,0.001,0.053,0.159,0.081,0.225
OWID_EUR,Europe,1986,1.919,125.217,-3.503,-93.779,1.765,44.607,1.688,399.843,,,,,,,,,,-0.848,29.794,-61.395,7178.008,,10093.751,6651.065,9352.754,,,,,,601.026,840.041,,,12.975,614.136,0.001,0.134,3845.384,,,33877.906,1.577,85.725,320.541,20652.638,29041.819,,,,,2.554,17.14,102.85,4129.31,,5806.656,2583.555,3633.005,15.63,-3.36,5.605,-46.948,1350.26,845.165,1898.741,37.816,1454.177,2044.869,2.36,14.275,79.302,3439.128,4836.114,,,21.845,6.228,8.519,120.324,2052.33,1181.269,2885.995,,3.078,38.79,279.087,9345.303,,13141.412,2571.86,3616.56,,18.246,18.769,0.15,5.715,36.163,,0.337,50.853,5407.393,711134449.0,24091.746,863.6,15.971,-2.873,5.756,-41.022,1386.797,1950.12,0.0,0.0,0.0,0.0,0.003,0.001,0.004,0.003,132.753,0.002,0.212,0.371,0.188,0.522
OWID_EUR,Europe,1987,-1.54,-102.436,0.615,15.889,1.811,46.568,2.024,487.524,,,,,,,,,,0.805,29.439,57.794,7235.802,,10134.146,6548.629,9171.715,,,,,,634.76,889.136,,,12.817,647.769,0.0,0.191,3983.849,,,34424.619,1.373,85.178,283.593,20936.23,29322.341,,,,,4.416,17.542,182.366,4311.675,,6038.743,2599.445,3640.665,15.933,8.931,5.984,120.59,1470.85,889.017,2060.007,38.578,1536.904,2152.519,5.93,14.822,203.932,3643.059,5102.305,,,22.319,4.073,8.69,83.584,2135.914,1245.283,2991.465,,0.465,38.198,43.433,9388.736,,13149.452,2618.428,3667.253,,17.951,-1.102,0.146,-0.399,35.765,,0.322,50.091,5579.6,714002674.0,24579.27,907.236,16.26,8.678,6.132,120.348,1507.145,2110.839,0.0,-100.0,0.0,-0.003,0.0,0.0,0.0,0.005,42.814,0.002,0.159,0.53,0.267,0.742
OWID_EUR,Europe,1988,-1.296,-84.845,-5.552,-144.309,-0.934,-24.443,1.049,257.854,,,,,,,,,,-2.057,28.534,-148.806,7086.996,,9887.095,6463.785,9017.643,,,,,,660.775,976.907,,,13.61,674.716,0.001,0.33,4082.022,,,34650.337,-0.31,84.033,-64.94,20871.29,29117.592,,,,,0.864,17.51,37.238,4348.913,,6067.185,2455.136,3425.166,16.187,7.17,6.347,105.454,1576.304,921.849,2199.106,40.461,1651.623,2304.183,8.861,15.967,322.794,3965.853,5532.773,,,23.932,10.053,9.464,214.722,2350.636,1362.886,3279.379,,0.497,37.989,46.628,9435.364,,13163.312,2593.985,3618.876,,18.987,6.235,0.153,2.23,37.995,,0.333,53.007,5694.84,716793136.0,24837.124,941.298,16.529,7.171,6.503,108.072,1615.217,2253.394,0.0,,0.0,0.003,0.003,0.001,0.004,0.008,72.799,0.004,0.386,0.916,0.46,1.278
OWID_EUR,Europe,1989,-3.928,-253.899,0.859,21.086,-2.548,-66.1,-0.368,-91.488,,,,,,,,,,-1.242,28.284,-88.048,6998.948,,9729.305,6209.886,8632.415,,,,,,599.97,1018.475,,,13.475,613.969,0.009,0.515,4151.481,,,34399.118,0.001,84.344,0.218,20871.508,29013.66,,,,,2.777,18.063,120.788,4469.701,,6213.374,2476.222,3442.217,14.452,-12.981,5.543,-204.62,1371.684,834.023,1906.79,39.322,1632.444,2269.274,-2.312,15.656,-91.706,3874.148,5385.486,,,24.533,4.797,9.955,112.767,2463.403,1415.791,3424.398,,-0.345,37.998,-32.523,9402.842,,13070.98,2527.886,3514.035,,18.731,-1.03,0.152,-0.391,37.604,,0.325,52.273,5771.009,719368318.0,24745.636,853.484,14.789,-12.659,5.701,-204.473,1410.745,1961.088,0.0,800.0,0.0,0.022,0.025,0.013,0.035,0.012,56.324,0.006,0.516,1.432,0.716,1.99
OWID_EUR,Europe,1990,-8.079,-501.694,-1.787,-44.26,2.661,67.274,1.04,257.343,,,,0.0,,0.074,0.102,,30.789,-4.865,26.631,-340.493,6658.455,1802.89,9227.009,5708.192,7910.167,,,1301.015,2517.704,755.406,633.373,1012.837,461.284,,19.083,653.247,0.011,0.78,4225.601,,,34648.054,0.941,84.261,196.376,21067.884,29194.968,3488.927,59.582,,17.877,7.992,19.305,357.22,4826.921,1046.809,6688.945,2431.962,3370.108,14.989,1.752,5.582,24.031,1395.715,877.702,1934.122,39.428,1666.084,2308.788,1.574,15.739,60.967,3935.115,5453.113,,,23.969,0.856,9.937,21.076,2484.479,1403.545,3442.884,10.916,1.911,38.325,179.649,9582.491,639.227,13279.015,2595.16,3596.261,,26.444,40.005,0.211,15.043,52.647,,0.452,72.956,5855.657,721627214.0,25002.978,905.242,15.459,2.828,5.802,39.891,1450.636,2010.229,0.0,37.514,0.0,0.009,0.035,0.015,0.048,0.018,51.234,0.009,0.734,2.165,1.081,3.0
OWID_EUR,Europe,1991,-9.23,-526.866,3.368,81.898,4.989,129.472,-1.245,-311.312,,,10.994,0.0,0.008,0.082,0.113,,30.608,-5.789,25.405,-385.473,6272.983,1787.229,8669.629,5181.326,7160.889,,,1293.166,2483.15,737.471,641.702,1037.737,452.513,,19.821,662.625,0.012,1.09,4224.98,,,34125.298,-1.937,83.671,-408.039,20659.845,28553.09,3431.856,58.773,,17.455,1.243,19.792,60.02,4886.94,1019.227,6754.037,2513.859,3474.298,15.188,2.117,5.772,29.541,1425.256,886.869,1969.786,40.245,1700.363,2349.999,2.458,16.329,96.726,4031.841,5572.236,,,24.562,2.614,10.325,64.955,2549.434,1434.213,3523.464,10.71,-0.862,38.474,-82.586,9499.905,625.4,13129.424,2724.631,3765.597,,27.394,3.148,0.22,1.657,54.304,,0.469,75.051,5839.165,723558980.0,24691.666,915.786,15.684,2.19,6.004,31.771,1482.407,2048.772,0.0,24.0,0.0,0.008,0.043,0.017,0.06,0.026,25.732,0.011,0.557,2.722,1.506,3.762
OWID_EUR,Europe,1992,-5.152,-266.957,-1.394,-35.038,6.45,175.746,-3.286,-811.357,,,186.229,0.001,0.153,0.234,0.323,,30.225,-5.808,24.743,-364.358,5908.625,1719.191,8147.692,4914.369,6776.658,,,1246.741,2353.871,688.297,662.025,1043.981,418.832,,20.988,684.586,0.023,1.55,4124.873,,,32929.698,-4.26,82.828,-880.168,19779.676,27275.14,3245.865,57.065,,16.687,-5.484,19.342,-267.976,4618.964,949.126,6369.315,2478.821,3418.164,16.05,3.228,6.161,46.014,1471.27,912.897,2028.804,41.906,1728.567,2383.603,1.707,17.172,68.81,4100.651,5654.584,,,25.309,0.7,10.751,17.848,2567.281,1439.596,3540.147,10.154,-2.609,38.744,-247.834,9252.072,577.548,12758.133,2900.377,3999.468,,28.941,5.935,0.241,3.223,57.527,,0.509,79.326,5687.984,725190640.0,23880.309,944.008,16.597,3.438,6.421,50.963,1533.37,2114.437,0.001,74.761,0.0,0.032,0.075,0.032,0.104,0.038,56.633,0.018,1.542,4.264,2.137,5.88
OWID_EUR,Europe,1993,-9.153,-449.824,4.022,99.7,4.661,135.196,-1.719,-410.429,,,138.987,0.002,0.326,0.56,0.771,,29.095,-6.592,23.516,-389.519,5519.106,1622.287,7597.104,4464.545,6145.486,,,1178.552,2229.235,681.678,678.389,1079.814,369.006,,22.861,703.624,0.024,2.35,4050.722,,,32306.497,-2.922,81.814,-577.988,19201.688,26431.293,3068.562,55.033,,16.829,0.503,19.779,23.25,4642.214,938.336,6390.053,2578.521,3549.357,16.747,3.929,6.515,57.806,1529.076,933.809,2104.786,44.028,1783.439,2454.919,4.086,18.186,167.559,4268.211,5875.23,,,26.657,3.946,11.37,101.304,2668.585,1486.374,3673.331,9.11,-2.288,38.519,-211.719,9040.353,507.939,12444.136,3035.573,4178.492,,31.468,10.476,0.271,6.026,63.553,,0.564,87.481,5575.854,726475533.0,23469.88,968.545,17.37,4.321,6.816,66.255,1599.626,2201.899,0.001,19.547,0.0,0.015,0.09,0.033,0.124,0.058,48.844,0.027,2.083,6.347,3.235,8.736
OWID_EUR,Europe,1994,-9.088,-405.759,0.062,1.593,16.116,489.217,-2.101,-492.992,,,174.216,0.007,0.976,1.536,2.112,,29.755,-5.746,22.64,-317.149,5201.957,1628.965,7151.776,4058.786,5580.112,,,1184.855,2179.137,643.642,689.368,1049.604,350.64,,24.141,717.054,0.035,3.51,3982.095,,,31589.15,-2.573,81.42,-493.987,18707.701,25719.774,2995.928,54.723,,16.163,-2.881,19.622,-133.741,4508.473,884.894,6198.357,2580.114,3547.199,17.312,1.223,6.736,18.694,1547.77,947.758,2127.909,44.365,1766.657,2428.841,0.023,18.58,0.995,4269.206,5869.401,,,26.358,-0.891,11.511,-23.782,2644.803,1443.019,3636.136,8.805,-0.477,39.158,-43.097,8997.255,482.068,12369.642,3524.789,4845.961,,33.19,4.977,0.29,3.163,66.716,,0.606,91.723,5474.675,727366456.0,22976.888,985.822,18.007,1.549,7.07,24.777,1624.403,2233.266,0.001,16.384,0.0,0.015,0.105,0.048,0.144,0.088,30.392,0.036,1.929,8.276,4.826,11.378
OWID_EUR,Europe,1995,-0.958,-38.902,3.199,82.546,3.994,140.775,2.056,472.495,,,57.076,0.01,0.877,2.413,3.315,,29.399,-1.071,21.946,-55.712,5146.246,1629.026,7070.483,4019.883,5522.957,,,1185.686,2202.462,655.344,694.357,1075.604,361.432,,26.663,725.146,0.046,4.08,4033.048,,,32217.337,1.988,81.365,371.953,19079.654,26213.723,3025.984,54.61,,16.249,5.645,20.312,254.509,4762.982,900.384,6543.913,2662.66,3658.255,17.217,1.381,6.692,21.37,1569.14,953.984,2155.857,44.65,1800.75,2474.068,2.355,18.635,100.543,4369.749,6003.64,,,26.67,2.606,11.573,68.925,2713.728,1477.783,3728.417,8.962,1.925,39.107,173.155,9170.41,496.575,12599.327,3665.564,5036.154,,36.633,10.329,0.314,6.891,73.607,,0.661,101.13,5541.044,727849823.0,23449.383,996.285,17.98,1.946,7.062,31.618,1656.021,2275.223,0.001,24.282,0.001,0.025,0.13,0.063,0.179,0.101,29.665,0.046,2.455,10.731,5.606,14.743
OWID_EUR,Europe,1996,-5.138,-206.545,12.647,336.734,5.069,185.794,2.45,574.562,,,47.277,0.015,1.141,3.554,4.882,,28.846,-2.845,20.812,-146.408,4999.838,1619.715,6868.918,3813.338,5238.867,,,1178.981,2236.21,712.851,650.363,1139.523,344.378,,26.821,682.112,0.047,4.881,4087.089,,,33004.744,2.429,81.348,463.448,19543.101,26848.839,3072.165,54.714,,17.442,10.797,21.967,514.263,5277.245,979.334,7250.027,2999.394,4120.648,15.913,-2.975,6.337,-46.677,1522.463,893.486,2091.601,44.57,1821.635,2502.612,2.543,18.652,111.115,4480.864,6155.931,,,27.881,5.654,11.935,153.445,2867.173,1565.508,3939.0,8.426,1.042,38.57,95.592,9266.002,473.116,12729.894,3851.358,5291.1,,36.847,0.685,0.308,0.504,74.112,,0.656,101.817,5614.953,727893727.0,24023.946,937.104,16.689,-2.556,6.717,-42.33,1613.691,2216.932,0.001,14.883,0.001,0.019,0.149,0.065,0.205,0.119,24.995,0.056,2.682,13.413,6.706,18.427
OWID_EUR,Europe,1997,0.041,1.553,-1.471,-44.116,-0.004,-0.162,-0.317,-76.054,,,36.694,0.02,1.304,4.857,6.676,,27.444,-2.742,20.305,-137.119,4862.719,1545.785,6683.598,3814.891,5243.4,,,1124.652,2206.302,750.478,670.351,1150.781,331.172,,31.665,709.435,0.057,7.362,4097.97,,,32915.323,-0.927,80.85,-181.168,19361.934,26612.125,3032.465,53.839,,18.313,-2.299,21.53,-121.309,5155.936,1031.498,7086.612,2955.277,4061.898,16.358,3.575,6.585,54.424,1576.887,921.369,2167.362,45.394,1860.216,2556.785,2.346,19.15,105.114,4585.977,6303.224,,,28.082,1.0,12.092,28.662,2895.836,1581.697,3980.198,8.081,0.834,39.015,77.261,9343.263,455.182,12841.914,3851.197,5293.3,,43.522,18.678,0.367,13.843,87.954,,0.773,120.889,5632.479,727560605.0,23947.892,975.088,17.312,4.738,7.058,76.451,1690.142,2323.026,0.001,18.797,0.001,0.028,0.178,0.078,0.244,0.18,51.09,0.085,6.853,20.265,10.119,27.854
OWID_EUR,Europe,1998,-8.422,-321.299,-0.349,-10.302,-0.861,-33.158,0.855,204.794,,,-7.052,0.019,-0.343,4.515,6.21,,27.41,-2.713,19.587,-131.938,4730.781,1565.644,6506.817,3493.592,4805.157,,,1138.303,2244.31,769.454,694.8,1137.45,336.553,,35.597,741.768,0.088,11.283,4152.918,,,33220.092,0.687,80.715,132.98,19494.914,26813.698,3086.869,54.042,,18.528,1.447,21.656,74.601,5230.537,1058.322,7194.192,2944.976,4050.579,16.73,4.62,6.83,72.848,1649.735,955.643,2269.079,45.251,1879.218,2584.714,1.566,19.285,71.814,4657.792,6406.421,,,27.389,-0.825,11.891,-23.901,2871.934,1564.471,3950.117,8.104,2.037,39.472,190.317,9533.58,462.902,13112.689,3818.039,5251.408,,48.961,14.059,0.415,12.365,100.32,,0.857,137.982,5712.007,727050552.0,24152.686,1020.243,17.861,5.663,7.394,95.715,1785.857,2456.304,0.002,36.233,0.001,0.064,0.242,0.121,0.333,0.272,53.197,0.129,10.781,31.046,15.519,42.701
OWID_EUR,Europe,1999,-4.099,-143.194,2.734,80.522,1.585,60.51,-0.609,-147.111,,,12.58,0.021,0.568,5.083,6.995,,26.196,-5.531,18.617,-261.669,4469.113,1518.35,6150.458,3350.398,4610.863,,,1103.281,2256.957,846.334,707.999,1162.085,307.342,,37.737,760.059,0.1,14.223,4211.608,,,33036.795,-0.984,80.411,-191.82,19303.094,26565.176,3106.054,53.589,,20.095,3.983,22.657,208.326,5438.863,1164.736,7485.042,3025.498,4163.73,16.811,0.72,6.922,11.88,1661.615,974.358,2286.737,45.639,1922.144,2645.281,0.96,19.589,44.709,4702.501,6471.645,,,27.592,0.634,12.039,18.216,2890.15,1599.277,3977.463,7.297,-1.453,39.137,-138.477,9395.103,422.968,12929.677,3878.549,5337.711,,51.934,5.495,0.441,5.513,105.832,,0.896,145.648,5796.072,726631500.0,24005.576,1046.004,18.047,1.484,7.55,26.494,1812.351,2494.182,0.002,4.719,0.001,0.011,0.253,0.138,0.349,0.338,27.449,0.165,8.522,39.568,19.574,54.453
OWID_EUR,Europe,2000,-3.644,-122.105,2.438,73.752,0.62,24.054,1.155,277.258,0.802,47.557,56.178,0.033,2.855,7.938,10.927,378.729,27.247,2.905,18.939,129.846,4598.958,1615.683,6330.266,3228.293,4443.602,4299.62,34.55,1173.8,2338.17,886.41,736.37,1169.93,277.96,6.67,41.22,799.97,0.12,22.26,4308.07,1631.59,,33424.237,0.841,80.161,162.36,19465.454,26793.329,3218.387,54.274,,20.576,2.686,23.0,146.073,5584.936,1220.104,7687.422,3099.25,4265.98,17.093,3.257,7.066,54.119,1715.733,1013.58,2361.63,45.726,1969.9,2711.479,2.443,19.839,114.898,4817.399,6630.935,-0.197,-8.45,27.157,0.804,11.998,23.243,2913.393,1610.356,4010.155,6.452,-1.209,38.223,-113.559,9281.544,382.6,12775.641,3902.603,5371.759,9.181,56.737,11.107,0.484,11.755,117.587,0.155,0.957,161.853,5929.866,726503746.0,24282.834,1101.123,18.569,5.057,7.841,91.655,1904.006,2620.78,0.003,47.452,0.002,0.12,0.374,0.165,0.514,0.517,57.64,0.257,22.807,62.374,30.64,85.855
OWID_EUR,Europe,2001,-0.758,-24.457,1.281,39.688,-2.766,-107.953,1.087,263.854,0.842,50.858,16.028,0.038,1.272,9.211,12.674,374.591,26.787,-0.913,18.564,-42.011,4556.948,1617.028,6270.448,3203.836,4408.537,4379.88,36.96,1175.15,2359.46,909.02,751.0,1205.99,275.29,6.63,43.59,821.55,0.2,26.76,4387.0,1643.33,,33776.687,1.017,80.106,198.045,19663.499,27057.331,3246.66,53.783,,20.721,1.963,23.199,109.656,5694.592,1250.828,7835.868,3138.939,4319.236,17.119,-1.554,6.881,-26.658,1689.075,1033.39,2324.198,46.217,2027.54,2789.932,1.366,19.894,65.809,4883.208,6719.383,-0.163,-7.12,27.49,2.494,12.165,72.665,2986.058,1659.464,4108.869,6.275,1.405,38.343,130.4,9411.944,378.804,12951.015,3794.65,5221.507,9.123,59.981,5.508,0.505,6.476,124.063,0.151,0.994,170.713,6036.592,726734609.0,24546.688,1130.468,18.727,-0.36,7.729,-6.856,1897.151,2610.514,0.005,25.748,0.002,0.096,0.47,0.275,0.646,0.61,19.17,0.303,11.957,74.332,36.822,102.282
OWID_EUR,Europe,2002,-0.871,-27.917,2.818,88.44,-0.622,-23.595,-0.403,-98.806,0.961,58.395,31.995,0.05,2.947,12.158,16.716,380.714,26.998,-0.053,18.629,-2.433,4554.515,1639.687,6262.302,3175.919,4366.776,4421.06,42.47,1192.53,2422.59,946.65,680.3,1228.19,283.41,6.84,49.31,766.32,0.28,36.43,4417.1,1681.65,,33614.972,-0.088,80.36,-17.253,19646.245,27012.893,3330.976,54.846,,21.431,0.318,23.367,18.124,5712.716,1301.61,7854.789,3227.379,4437.531,15.402,-8.453,6.325,-142.78,1546.295,935.388,2126.101,45.154,1994.51,2742.381,-1.67,19.64,-81.553,4801.656,6602.107,0.09,3.96,27.805,0.59,12.286,17.612,3003.67,1688.718,4129.94,6.416,-0.35,38.363,-32.945,9378.999,389.679,12895.802,3771.055,5185.067,9.405,67.8,11.956,0.568,14.833,138.897,0.155,1.116,190.978,6073.356,727291433.0,24447.881,1053.663,17.349,-5.227,7.354,-99.165,1797.986,2472.167,0.006,61.554,0.003,0.289,0.759,0.385,1.043,0.825,34.368,0.409,25.546,99.878,50.09,137.328
OWID_EUR,Europe,2003,-0.763,-24.225,1.057,34.126,-4.284,-161.553,1.783,435.97,1.109,68.82,26.69,0.062,3.245,15.403,21.154,387.303,27.591,3.979,19.031,181.222,4735.736,1711.521,6503.974,3151.693,4328.475,4515.76,50.11,1246.21,2529.16,1015.23,639.92,1244.56,267.72,7.65,57.76,742.95,0.42,44.85,4516.67,1749.32,,34175.001,2.489,80.917,489.029,20135.275,27653.398,3473.5,55.996,,22.477,4.522,23.996,258.322,5971.038,1394.297,8200.515,3261.504,4479.287,14.168,-6.697,5.798,-103.559,1442.736,878.854,1981.426,44.004,1987.51,2729.608,-1.105,19.083,-53.059,4748.596,6521.631,-0.02,-0.91,27.555,0.207,12.096,6.231,3009.901,1709.255,4133.74,5.927,0.528,37.89,49.485,9428.484,367.681,12948.909,3609.502,4957.221,10.506,79.326,13.726,0.635,19.065,157.961,0.169,1.279,216.941,6203.108,728130211.0,24883.851,1020.353,16.449,-3.298,6.987,-59.29,1738.695,2387.891,0.009,68.269,0.005,0.518,1.277,0.577,1.754,0.993,21.468,0.488,21.441,121.319,61.596,166.617
OWID_EUR,Europe,2004,-3.112,-98.093,3.452,112.593,-4.328,-156.202,1.437,357.62,1.325,83.781,32.971,0.081,5.078,20.481,28.088,376.743,26.181,-1.655,18.451,-78.395,4657.341,1655.2,6387.251,3053.6,4187.818,4609.42,61.09,1206.91,2533.11,1085.52,688.75,1258.56,240.68,7.87,68.96,818.18,0.7,59.77,4609.85,1736.73,,34617.064,0.767,80.383,154.48,20289.754,27826.101,3473.998,54.95,,23.548,2.422,24.229,144.628,6115.666,1488.721,8387.252,3374.097,4627.359,14.941,6.978,6.115,100.674,1543.41,944.577,2116.688,45.05,2076.74,2848.116,4.278,19.617,203.14,4951.737,6790.99,-0.009,-0.43,27.302,0.968,12.04,29.149,3039.05,1726.035,4167.863,5.221,0.936,37.703,88.247,9516.731,330.077,13051.599,3453.3,4735.98,10.793,94.574,17.906,0.738,28.284,186.245,0.171,1.496,255.423,6322.115,729162672.0,25241.471,1122.082,17.749,10.007,7.578,173.991,1912.687,2623.127,0.015,59.231,0.008,0.756,2.033,0.96,2.788,1.297,32.31,0.636,39.198,160.517,81.971,220.139
OWID_EUR,Europe,2005,-2.168,-66.217,-2.913,-98.293,-7.972,-275.312,0.515,129.975,1.522,97.314,74.136,0.141,15.184,35.665,48.835,375.43,25.466,-2.369,17.922,-110.322,4547.02,1628.496,6226.087,2987.384,4090.525,4667.31,71.07,1189.32,2575.03,1148.01,696.9,1246.21,237.7,7.94,79.01,848.95,1.48,71.56,4670.19,1753.33,,34740.274,0.567,80.424,115.031,20404.785,27939.592,3525.903,55.138,,24.582,2.614,24.735,159.848,6275.513,1571.932,8592.858,3275.804,4485.449,14.922,-0.359,6.061,-5.54,1537.87,954.242,2105.754,44.862,2095.16,2868.833,0.302,19.576,14.944,4966.681,6800.71,-0.062,-2.88,26.684,-1.736,11.77,-52.765,2986.285,1706.394,4089.021,5.09,0.688,37.768,65.505,9582.236,325.475,13120.647,3177.989,4351.514,10.872,108.186,13.625,0.834,25.376,211.621,0.17,1.692,289.766,6394.735,730317952.0,25371.446,1162.439,18.178,3.54,7.806,67.709,1980.395,2711.689,0.032,96.642,0.016,1.965,3.998,2.027,5.475,1.532,19.141,0.754,30.725,191.241,97.985,261.86
OWID_EUR,Europe,2006,-0.36,-10.766,-2.201,-72.087,-7.536,-239.499,0.839,212.964,1.686,109.678,55.971,0.217,19.962,55.627,76.035,380.013,26.087,4.705,18.609,213.932,4760.952,1697.087,6507.64,2976.617,4068.669,4754.25,80.24,1241.58,2649.39,1172.33,683.4,1251.13,235.48,9.17,89.41,858.95,2.5,83.64,4759.47,1808.66,,34970.739,0.944,80.507,192.557,20597.342,28154.032,3621.39,55.666,,24.632,-0.747,24.346,-46.852,6228.661,1602.431,8513.82,3203.717,4379.087,14.359,-2.335,5.871,-35.911,1501.959,934.124,2052.993,44.334,2110.08,2884.22,0.411,19.493,20.407,4987.088,6816.735,-0.11,-5.22,26.287,-0.819,11.577,-24.459,2961.827,1710.141,4048.453,4.948,0.266,37.553,25.477,9607.713,321.872,13132.571,2938.489,4016.553,12.534,122.212,12.765,0.933,27.013,238.634,0.193,1.879,326.184,6505.61,731594771.0,25584.41,1174.079,18.047,2.266,7.916,44.866,2025.261,2768.283,0.053,68.746,0.026,2.749,6.747,3.417,9.222,1.757,16.238,0.869,31.053,222.294,114.326,303.849
OWID_EUR,Europe,2007,-1.899,-56.511,-4.402,-141.025,-4.871,-143.141,-0.914,-233.856,1.851,121.568,39.159,0.305,21.783,77.41,105.606,380.745,25.749,1.302,19.025,62.001,4822.952,1690.78,6579.707,2920.106,3983.748,4809.72,89.11,1239.35,2705.66,1254.62,695.86,1202.29,211.69,10.31,99.42,905.27,3.81,106.18,4813.22,1832.61,,34584.436,-0.883,80.533,-181.866,20415.476,27851.768,3691.191,56.213,,26.066,-0.883,24.353,-55.029,6173.632,1711.613,8422.371,3062.692,4178.271,14.457,-0.262,5.909,-3.929,1498.03,949.325,2043.683,43.787,2107.56,2875.234,-1.043,19.467,-51.991,4935.097,6732.695,-0.073,-3.5,24.979,-5.312,11.063,-157.322,2804.505,1640.221,3826.039,4.398,-1.965,37.155,-188.837,9418.876,288.798,12849.69,2795.348,3813.547,14.065,135.634,10.72,1.042,25.583,264.217,0.214,2.066,360.457,6566.425,733004676.0,25350.553,1235.013,18.808,5.201,8.405,105.332,2130.593,2906.656,0.079,50.227,0.04,3.389,10.135,5.198,13.827,2.206,26.319,1.108,58.507,280.801,144.856,383.082
OWID_EUR,Europe,2008,-2.298,-67.097,4.626,141.685,-4.785,-133.758,-0.546,-138.512,2.039,134.854,37.265,0.421,28.846,106.256,144.665,373.079,24.417,-5.662,18.046,-273.095,4549.858,1614.812,6194.498,2853.009,3884.285,4851.8,99.05,1186.08,2698.42,1311.76,715.15,1205.39,200.58,10.71,109.76,953.71,7.47,121.33,4857.52,1812.24,,34325.425,-1.425,79.821,-290.968,20124.508,27398.905,3673.817,55.551,,27.005,1.383,24.826,85.401,6259.033,1785.921,8521.49,3204.377,4362.662,14.723,4.501,6.209,67.432,1565.461,973.655,2131.328,44.449,2159.1,2939.549,3.089,20.179,152.455,5087.553,6926.548,-0.118,-5.72,24.815,-0.688,11.047,-19.306,2785.199,1641.102,3791.963,4.129,-1.096,36.949,-103.275,9315.601,273.084,12682.917,2661.59,3623.673,14.581,149.435,9.944,1.152,26.274,290.491,0.22,2.26,395.495,6613.365,734500462.0,25212.041,1298.447,19.634,8.062,9.132,171.761,2302.354,3134.585,0.154,95.363,0.079,9.666,19.801,10.17,26.958,2.498,14.082,1.271,39.544,320.344,165.187,436.139
OWID_EUR,Europe,2009,-5.435,-155.075,-5.264,-168.686,-5.565,-148.123,-5.906,-1489.036,2.36,148.134,18.354,0.53,19.502,125.758,170.862,360.243,23.25,-10.426,17.179,-474.383,4075.475,1459.396,5537.155,2697.934,3665.553,4615.82,109.03,1074.15,2476.07,1222.04,718.9,1155.99,179.88,11.0,120.03,987.99,14.15,134.91,4620.05,1664.34,,32231.298,-7.053,78.848,-1419.364,18705.144,25413.773,3364.116,53.594,,26.451,-7.737,24.342,-484.275,5774.759,1660.327,7845.891,3035.692,4124.447,15.56,-1.168,6.522,-18.29,1547.171,976.735,2102.067,46.406,2143.98,2912.922,-1.369,21.152,-69.673,5017.88,6817.551,-0.092,-4.23,25.021,-5.365,11.111,-149.429,2635.77,1570.588,3581.093,3.893,-4.946,37.326,-460.706,8854.895,244.394,12030.727,2513.467,3414.925,14.945,163.079,9.048,1.335,26.283,316.774,0.238,2.598,430.385,6277.038,736023886.0,23723.005,1342.334,21.385,3.464,10.041,79.756,2382.11,3236.458,0.306,88.043,0.157,17.433,37.234,19.225,50.588,2.92,10.872,1.497,34.828,355.172,183.296,482.555
OWID_EUR,Europe,2010,-1.161,-31.317,2.159,65.552,-7.476,-187.9,3.662,868.812,2.593,169.539,18.729,0.607,23.553,149.311,202.448,355.899,22.405,4.523,17.322,184.344,4259.819,1465.016,5775.81,2666.617,3615.615,4817.63,125.04,1080.49,2568.25,1311.72,753.19,1190.51,176.04,11.06,136.1,1063.76,23.37,151.1,4822.52,1716.33,,33343.57,2.858,78.236,534.527,19239.671,26086.699,3482.241,53.255,,27.2,7.874,25.331,454.711,6229.469,1778.536,8446.424,3101.244,4204.917,15.618,9.507,6.89,147.094,1694.266,1021.236,2297.222,46.745,2254.27,3056.521,6.662,21.764,334.285,5352.166,7256.898,-0.102,-4.89,24.686,2.093,10.942,55.155,2690.925,1614.19,3648.573,3.65,-1.18,35.582,-104.528,8750.368,238.689,11864.464,2325.566,3153.19,14.996,184.535,12.675,1.451,40.151,356.925,0.229,2.822,483.947,6538.762,737528005.0,24591.817,1442.332,22.058,11.718,10.822,279.13,2661.241,3608.325,0.485,62.904,0.247,23.422,60.656,31.687,82.243,3.133,12.645,1.627,44.911,400.083,204.874,542.465
OWID_EUR,Europe,2011,3.547,94.598,-8.163,-253.164,-8.753,-203.564,-2.289,-562.814,2.793,180.736,6.082,0.659,9.081,158.392,214.339,359.909,23.351,4.241,18.48,180.658,4440.476,1511.087,6008.948,2761.215,3736.533,4772.39,133.56,1116.66,2548.28,1250.0,673.47,1184.71,181.62,11.64,145.2,1049.14,47.72,182.75,4782.13,1721.13,,32516.539,-2.51,78.059,-482.91,18756.761,25382.033,3448.385,53.288,,26.139,-6.827,24.155,-425.296,5804.174,1691.526,7854.333,2848.08,3854.08,14.083,-12.869,6.144,-218.041,1476.225,911.353,1997.658,46.712,2233.85,3022.892,-1.493,21.941,-79.904,5272.261,7134.532,-0.204,-9.74,24.774,-1.369,11.045,-36.835,2654.09,1603.174,3591.569,3.798,-2.723,35.424,-238.272,8512.096,245.772,11518.752,2122.002,2871.537,15.751,196.488,6.124,1.576,21.857,378.782,0.243,3.036,512.575,6471.276,738977888.0,24029.003,1419.718,21.939,-1.618,10.896,-43.069,2618.171,3542.963,0.998,99.578,0.504,60.4,121.057,64.576,163.816,3.822,20.904,2.013,83.633,483.716,247.301,654.575
OWID_EUR,Europe,2012,0.239,6.594,0.949,27.035,-8.108,-172.046,-0.377,-90.705,3.091,200.983,8.454,0.718,13.39,171.782,232.024,355.97,24.421,2.241,18.965,99.492,4539.968,1587.749,6132.093,2767.809,3738.451,4799.55,148.8,1175.51,2482.91,1130.69,725.22,1163.22,176.71,11.97,160.77,1167.4,72.15,209.26,4813.53,1713.47,,32333.207,-1.774,76.965,-332.714,18424.047,24885.167,3353.64,51.582,,23.49,-2.532,23.633,-146.947,5657.227,1527.211,7641.163,2875.114,3883.386,15.066,9.213,6.735,136.001,1612.226,979.547,2177.617,48.418,2330.62,3147.944,4.59,23.035,242.009,5514.27,7448.066,-0.291,-13.98,24.166,-3.11,10.742,-82.537,2571.553,1571.149,3473.37,3.671,-3.351,34.367,-285.259,8226.837,238.68,11111.911,1949.956,2633.785,16.168,217.15,10.807,1.753,40.935,419.717,0.249,3.34,566.908,6501.584,740362610.0,23938.298,1576.795,24.252,12.396,12.293,324.545,2942.717,3974.696,1.499,52.92,0.773,64.063,185.12,97.452,250.039,4.347,14.503,2.314,70.156,553.872,282.645,748.109
OWID_EUR,Europe,2013,-5.307,-146.882,-2.604,-74.863,-5.163,-100.677,-1.033,-247.28,3.322,213.742,-8.547,0.663,-14.682,157.1,211.814,343.278,23.983,-3.294,18.532,-149.555,4390.413,1542.899,5919.491,2620.927,3533.732,4758.81,158.53,1144.35,2352.81,1059.07,774.02,1146.3,149.39,12.13,170.66,1272.39,87.21,240.5,4771.5,1637.95,,31942.02,-2.246,76.022,-413.734,18010.313,24282.865,3172.236,49.31,,22.196,-2.004,23.401,-113.366,5543.861,1427.918,7474.659,2800.252,3775.511,16.222,5.089,7.152,82.052,1694.278,1043.592,2284.354,50.69,2418.69,3261.061,3.019,23.978,166.453,5680.723,7659.18,-0.267,-12.69,24.024,-1.785,10.661,-45.911,2525.642,1545.528,3405.262,3.131,-1.833,34.089,-150.813,8076.025,201.419,10888.715,1849.279,2493.338,16.355,230.097,6.236,1.882,26.175,445.892,0.254,3.577,601.185,6433.297,741688147.0,23691.017,1715.532,26.666,7.217,13.318,212.364,3155.081,4253.918,1.828,20.233,0.939,37.455,222.575,117.583,300.092,5.04,14.69,2.681,81.364,635.235,324.26,856.472
OWID_EUR,Europe,2014,-8.814,-231.02,-4.98,-139.443,0.473,8.754,-3.848,-911.581,3.588,226.28,6.23,0.733,9.788,166.887,224.621,329.916,22.556,-6.086,18.101,-267.18,4123.234,1422.394,5549.646,2389.907,3216.681,4672.72,168.12,1056.8,2217.45,1011.48,769.21,1160.25,149.17,12.49,180.61,1307.53,99.7,258.01,4685.23,1545.73,,30659.845,-5.342,74.841,-962.037,17048.277,22946.025,2984.563,47.329,,21.589,-9.809,21.95,-543.807,5000.054,1361.395,6729.798,2660.808,3581.299,16.418,-3.258,7.195,-55.204,1639.074,1035.314,2206.102,52.671,2467.78,3321.494,0.888,25.159,50.455,5731.178,7713.844,-0.268,-12.51,24.764,0.028,11.09,0.697,2526.339,1561.631,3400.311,3.184,-1.87,34.79,-151.05,7924.975,200.774,10666.581,1858.033,2500.809,16.811,243.091,6.173,2.078,27.526,473.418,0.267,3.855,637.194,6306.057,742972983.0,22779.437,1759.862,27.907,1.577,14.069,49.758,3204.839,4313.533,2.128,13.008,1.104,28.953,251.528,134.191,338.543,5.507,6.092,2.959,38.696,673.931,347.267,907.073
OWID_EUR,Europe,2015,-8.227,-196.627,-1.969,-52.381,4.292,79.739,0.873,198.934,3.795,240.546,0.914,0.733,1.526,168.413,226.294,328.109,21.967,-4.267,17.178,-175.958,3947.276,1392.474,5303.898,2193.28,2947.076,4707.41,179.02,1036.31,2229.96,1043.17,728.43,1149.63,150.48,12.55,191.57,1337.9,110.36,307.54,4717.49,1547.85,,30875.679,0.679,74.696,115.73,17164.007,23063.008,2996.363,47.27,,22.113,1.839,22.16,91.946,5092.0,1401.691,6842.047,2608.427,3504.903,15.441,-1.837,7.002,-30.113,1608.961,978.78,2161.936,52.73,2487.53,3342.455,1.452,25.304,83.205,5814.383,7812.696,-0.214,-10.08,24.37,-3.042,10.66,-76.851,2449.489,1544.74,3291.34,3.19,2.52,35.358,199.741,8124.716,202.198,10917.064,1937.772,2603.755,16.863,257.41,6.24,2.189,29.539,502.957,0.266,4.061,675.816,6338.818,744222364.0,22978.371,1797.715,28.36,4.994,14.644,160.055,3364.894,4521.356,2.339,10.422,1.209,26.213,277.742,148.289,373.197,6.519,19.719,3.511,132.89,806.821,413.237,1084.112
OWID_EUR,Europe,2016,-4.263,-93.505,-0.348,-9.087,0.75,14.541,1.32,303.316,3.825,244.674,1.92,0.737,3.234,171.647,230.262,323.738,20.185,-3.621,16.341,-142.914,3804.363,1291.195,5103.508,2099.775,2816.821,4755.14,182.39,962.51,2266.27,1148.65,760.59,1124.98,155.11,12.75,195.14,1377.11,113.8,307.58,4768.36,1543.7,,31232.083,1.919,75.138,329.413,17493.42,23467.197,3040.172,47.527,,24.089,5.546,23.084,282.389,5374.389,1540.899,7209.679,2599.34,3486.982,15.951,1.758,7.032,28.287,1637.248,1020.322,2196.346,52.473,2502.09,3356.521,-0.449,24.862,-26.097,5788.286,7764.911,-0.278,-13.22,23.593,-3.271,10.177,-80.123,2369.365,1509.146,3178.473,3.253,2.338,35.713,189.938,8314.654,208.078,11154.01,1952.313,2619.003,17.104,261.778,1.762,2.198,8.861,511.819,0.267,4.092,686.598,6396.693,745441389.0,23281.687,1847.375,28.88,1.606,14.685,54.027,3418.921,4586.438,2.387,3.067,1.23,8.519,286.261,152.661,384.015,6.45,0.635,3.487,5.126,811.946,412.615,1089.216
OWID_EUR,Europe,2017,-4.046,-84.947,1.057,27.472,-1.694,-33.075,0.985,229.298,3.907,250.456,7.625,0.786,13.088,184.735,247.436,320.077,19.331,-3.425,15.627,-130.284,3674.079,1239.102,4921.106,2014.828,2698.682,4779.63,186.99,925.11,2268.83,1195.92,703.03,1125.03,147.8,12.84,199.83,1391.87,122.52,366.49,4785.73,1531.8,,31490.871,1.328,75.394,232.388,17725.808,23742.142,3038.896,47.408,,24.989,3.975,23.768,213.641,5588.029,1601.828,7484.674,2626.813,3518.382,14.69,-10.777,6.213,-176.447,1460.8,941.646,1956.612,52.592,2516.9,3371.163,-0.053,24.606,-3.09,5785.196,7748.755,-0.128,-6.1,23.508,-1.226,9.954,-29.048,2340.317,1506.878,3134.647,3.088,1.792,35.999,149.031,8463.685,197.965,11336.362,1919.238,2570.648,17.198,267.654,3.19,2.246,16.326,528.145,0.268,4.176,707.403,6410.059,746596844.0,23510.985,1864.286,29.084,0.759,14.652,25.958,3444.879,4614.108,2.56,8.522,1.321,24.396,310.657,164.105,416.097,7.658,18.301,4.086,148.596,960.542,490.881,1286.561
OWID_EUR,Europe,2018,0.366,7.371,-4.286,-112.594,-1.023,-19.633,0.114,26.794,4.002,256.819,8.4,0.851,15.518,200.253,267.858,308.903,18.287,-2.447,15.227,-89.917,3584.162,1173.488,4794.172,2022.199,2704.889,4791.44,192.0,877.31,2194.2,1172.06,766.6,1117.66,144.83,13.59,205.59,1485.6,129.75,383.66,4797.46,1481.95,,31484.09,-1.188,74.413,-210.638,17515.17,23428.259,2934.958,45.737,,24.431,-1.875,23.296,-104.783,5483.246,1567.745,7334.385,2514.219,3363.014,15.979,10.023,6.828,146.414,1607.214,1025.403,2149.806,54.263,2603.26,3482.116,4.104,25.587,237.432,6022.628,8055.856,-0.126,-6.02,23.297,-0.592,9.884,-13.855,2326.462,1494.98,3111.872,3.019,-0.188,35.89,-15.937,8447.749,193.724,11299.702,1899.605,2540.908,18.178,274.997,2.662,2.304,14.059,542.203,0.283,4.285,725.25,6417.074,747608696.0,23537.779,1987.136,30.966,7.295,15.703,251.287,3696.166,4943.984,2.705,10.844,1.463,33.688,344.345,173.553,460.596,7.997,4.332,4.258,41.608,1002.15,513.183,1340.474
OWID_EUR,Europe,2019,-10.998,-222.405,-6.45,-162.165,-3.13,-59.46,-1.508,-354.975,4.182,265.613,3.972,0.898,7.953,208.207,278.209,291.661,15.143,-13.708,13.341,-491.312,3092.851,961.716,4132.723,1799.794,2404.916,4747.58,198.78,719.73,2104.09,1246.64,726.18,1125.43,137.72,13.69,212.47,1523.5,143.36,441.49,4753.02,1386.27,,30977.259,-2.73,73.49,-478.208,17036.962,22765.08,2811.521,44.268,,26.228,0.939,23.874,51.495,5534.741,1665.782,7395.621,2352.054,3142.855,15.278,-3.255,6.707,-52.312,1554.902,970.334,2077.686,55.732,2648.93,3539.545,2.046,26.51,123.233,6145.861,8212.204,-0.115,-5.44,23.678,-1.015,9.933,-23.619,2302.843,1503.819,3077.098,2.898,-0.454,36.274,-38.391,8409.357,184.024,11236.736,1840.145,2458.833,18.293,283.906,3.748,2.426,20.32,562.524,0.288,4.47,751.654,6351.066,748381407.0,23182.805,2035.727,32.053,3.973,16.577,146.852,3843.018,5135.106,3.016,9.847,1.632,33.906,378.252,191.56,505.426,9.289,13.669,4.914,136.985,1139.134,589.926,1522.131
OWID_EUR,Europe,2020,-14.615,-263.036,-7.073,-166.36,5.591,102.885,-7.561,-1752.893,4.421,271.392,1.307,0.984,2.721,210.928,281.671,270.478,12.84,-15.594,12.182,-482.299,2610.552,788.175,3486.115,1536.758,2052.175,4591.36,203.23,590.22,1898.81,1183.97,775.34,1049.62,124.62,13.62,216.85,1648.18,168.21,487.78,4596.61,1243.28,,28617.347,-10.407,71.227,-1772.968,15263.994,20383.426,2535.657,41.309,,25.757,-2.236,25.25,-123.769,5410.972,1581.065,7225.779,2185.694,2918.76,16.868,3.981,7.545,61.902,1616.804,1035.383,2159.069,58.691,2697.8,3602.622,0.327,28.773,20.073,6165.934,8233.944,-0.114,-5.25,22.835,-10.286,9.641,-236.881,2065.962,1401.655,2758.871,2.711,-13.876,33.796,-1166.901,7242.457,166.417,9671.532,1943.03,2594.709,18.188,289.58,1.758,2.671,9.889,572.413,0.296,4.718,764.396,6138.279,748843389.0,21429.911,2200.968,35.856,6.686,19.132,256.954,4099.972,5475.073,3.659,16.656,2.059,63.003,441.254,224.626,589.248,10.612,10.485,5.873,119.439,1258.573,651.378,1680.689
OWID_EUR,Europe,2021,,,,,,,,,4.492,284.126,,,,,,278.113,13.931,,,,,881.045,,,,4727.66,212.8,659.87,1995.93,1207.47,758.75,1105.4,128.59,7.71,220.51,1635.49,182.06,474.17,4736.82,1317.37,,,,,,,,2664.925,42.136,,25.491,,,,,1612.189,,,,16.018,,,,,1013.067,,57.864,2740.89,3659.58,,,,,,-0.194,-9.16,23.336,,,,,1475.907,,2.715,,,,,171.691,,,,10.294,294.42,,,,,0.163,4.655,,6324.505,748962983.0,,2183.673,34.527,,,,,,3.844,,,,,243.083,,10.01,,,,,633.102,
