iso_code,country,year,coal_prod_change_pct,coal_prod_change_twh,gas_prod_change_pct,gas_prod_change_twh,oil_prod_change_pct,oil_prod_change_twh,energy_cons_change_pct,energy_cons_change_twh,biofuel_share_elec,biofuel_elec_per_capita,biofuel_cons_change_pct,biofuel_share_energy,biofuel_cons_change_twh,biofuel_consumption,biofuel_cons_per_capita,carbon_intensity_elec,coal_share_elec,coal_cons_change_pct,coal_share_energy,coal_cons_change_twh,coal_consumption,coal_elec_per_capita,coal_cons_per_capita,coal_production,coal_prod_per_capita,electricity_demand,biofuel_electricity,coal_electricity,fossil_electricity,gas_electricity,hydro_electricity,nuclear_electricity,oil_electricity,other_renewable_exc_biofuel_electricity,other_renewable_electricity,renewables_electricity,solar_electricity,wind_electricity,electricity_generation,greenhouse_gas_emissions,energy_per_gdp,energy_per_capita,fossil_cons_change_pct,fossil_share_energy,fossil_cons_change_twh,fossil_fuel_consumption,fossil_energy_per_capita,fossil_cons_per_capita,fossil_share_elec,gdp,gas_share_elec,gas_cons_change_pct,gas_share_energy,gas_cons_change_twh,gas_consumption,gas_elec_per_capita,gas_energy_per_capita,gas_production,gas_prod_per_capita,hydro_share_elec,hydro_cons_change_pct,hydro_share_energy,hydro_cons_change_twh,hydro_consumption,hydro_elec_per_capita,hydro_energy_per_capita,low_carbon_share_elec,low_carbon_electricity,low_carbon_elec_per_capita,low_carbon_cons_change_pct,low_carbon_share_energy,low_carbon_cons_change_twh,low_carbon_consumption,low_carbon_energy_per_capita,net_elec_imports_share_demand,net_elec_imports,nuclear_share_elec,nuclear_cons_change_pct,nuclear_share_energy,nuclear_cons_change_twh,nuclear_consumption,nuclear_elec_per_capita,nuclear_energy_per_capita,oil_share_elec,oil_cons_change_pct,oil_share_energy,oil_cons_change_twh,oil_consumption,oil_elec_per_capita,oil_energy_per_capita,oil_production,oil_prod_per_capita,other_renewables_elec_per_capita_exc_biofuel,other_renewables_elec_per_capita,other_renewables_cons_change_pct,other_renewables_share_energy,other_renewables_cons_change_twh,other_renewable_consumption,other_renewables_share_elec_exc_biofuel,other_renewables_share_elec,other_renewables_energy_per_capita,per_capita_electricity,population,primary_energy_consumption,renewables_elec_per_capita,renewables_share_elec,renewables_cons_change_pct,renewables_share_energy,renewables_cons_change_twh,renewables_consumption,renewables_energy_per_capita,solar_share_elec,solar_cons_change_pct,solar_share_energy,solar_cons_change_twh,solar_consumption,solar_elec_per_capita,solar_energy_per_capita,wind_share_elec,wind_cons_change_pct,wind_share_energy,wind_cons_change_twh,wind_consumption,wind_elec_per_capita,wind_energy_per_capita
FJI,Fiji,1980,,,,,,,,,,,,,,,,,,,,,,,,0.0,0.0,,,,,,,,,,,,,,,,,6971.261,,,,,,,,,,,,,,,,,,,,,,,,,,,,,,,,,,,,,,,,,,,,,,,,,,,,,,,,,,,,,635312.0,4.429,,,,,,,,,,,,,,,,,,,,,
FJI,Fiji,1981,,0.0,,,,,2.105,0.093,,,,,,,,,,,,,,,,0.0,0.0,,,,,,,,,,,,,,,,,6946.135,,,,,,,,,,,,,,,,,,,,,,,,,,,,,,,,,,,,,,,,,,,,,,,,,,,,,,,,,,,,,651032.0,4.522,,,,,,,,,,,,,,,,,,,,,
FJI,Fiji,1982,,0.0,,,,,-0.743,-0.034,,,,,,,,,,,,,,,,0.0,0.0,,,,,,,,,,,,,,,,,6716.57,,,,,,,,,,,,,,,,,,,,,,,,,,,,,,,,,,,,,,,,,,,,,,,,,,,,,,,,,,,,,668281.0,4.489,,,,,,,,,,,,,,,,,,,,,
FJI,Fiji,1983,,0.0,,,,,-14.792,-0.664,,,,,,,,,,,,,,,,0.0,0.0,,,,,,,,,,,,,,,,,5579.335,,,,,,,,,,,,,,,,,,,,,,,,,,,,,,,,,,,,,,,,,,,,,,,,,,,,,,,,,,,,,685497.0,3.825,,,,,,,,,,,,,,,,,,,,,
FJI,Fiji,1984,,0.0,,,,,11.725,0.448,,,,,,,,,,,,,,,,0.0,0.0,,,,,,,,,,,,,,,,,6100.196,,,,,,,,,,,,,,,,,,,,,,,,,,,,,,,,,,,,,,,,,,,,,,,,,,,,,,,,,,,,,700478.0,4.273,,,,,,,,,,,,,,,,,,,,,
FJI,Fiji,1985,,0.0,,,,,0.894,0.038,,,,,,,,,,,,,,,,0.0,0.0,,,,,,,,,,,,,,,,,6057.065,,,,,,,,,,,,,,,,,,,,,,,,,,,,,,,,,,,,,,,,,,,,,,,,,,,,,,,,,,,,,711770.0,4.311,,,,,,,,,,,,,,,,,,,,,
FJI,Fiji,1986,,0.0,,,,,19.457,0.839,,,,,,,,,,,,,,,,0.0,0.0,,,,,,,,,,,,,,,,,7166.401,,,,,,,,,,,,,,,,,,,,,,,,,,,,,,,,,,,,,,,,,,,,,,,,,,,,,,,,,,,,,718642.0,5.15,,,,,,,,,,,,,,,,,,,,,
FJI,Fiji,1987,,0.0,,,,,-14.227,-0.733,,,,,,,,,,,,,,,,0.0,0.0,,,,,,,,,,,,,,,,,6120.135,,,,,,,,,,,,,,,,,,,,,,,,,,,,,,,,,,,,,,,,,,,,,,,,,,,,,,,,,,,,,721776.0,4.417,,,,,,,,,,,,,,,,,,,,,
FJI,Fiji,1988,,0.0,,,,,-0.781,-0.034,,,,,,,,,,,,,,,,0.0,0.0,,,,,,,,,,,,,,,,,6062.693,,,,,,,,,,,,,,,,,,,,,,,,,,,,,,,,,,,,,,,,,,,,,,,,,,,,,,,,,,,,,722924.0,4.383,,,,,,,,,,,,,,,,,,,,,
FJI,Fiji,1989,,0.0,,,,,13.958,0.612,,,,,,,,,,,,,,,,0.0,0.0,,,,,,,,,,,,,,,,,6892.931,,,,,,,,,,,,,,,,,,,,,,,,,,,,,,,,,,,,,,,,,,,,,,,,,,,,,,,,,,,,,724602.0,4.995,,,,,,,,,,,,,,,,,,,,,
FJI,Fiji,1990,,0.0,,,,,8.681,0.434,,,,,,,,,,,,,,,,0.0,0.0,,,,,,,,,,,,,,,,,7450.465,,,,,,,,,,,,,,,,,,,,,,,,,,,,,,,,,,,,,,,,,,,,,,,,,,,,,,,,,,,,,728575.0,5.428,,,,,,,,,,,,,,,,,,,,,
FJI,Fiji,1991,,0.0,,,,,-12.602,-0.684,,,,,,,,,,,,,,,,0.0,0.0,,,,,,,,,,,,,,,,,6451.121,,,,,,,,,,,,,,,,,,,,,,,,,,,,,,,,,,,,,,,,,,,,,,,,,,,,,,,,,,,,,735398.0,4.744,,,,,,,,,,,,,,,,,,,,,
FJI,Fiji,1992,,0.0,,,,,3.364,0.16,,,,,,,,,,,,,,,,0.0,0.0,,,,,,,,,,,,,,,,,6586.901,,,,,,,,,,,,,,,,,,,,,,,,,,,,,,,,,,,,,,,,,,,,,,,,,,,,,,,,,,,,,744470.0,4.904,,,,,,,,,,,,,,,,,,,,,
FJI,Fiji,1993,,0.0,,,,,5.181,0.254,,,,,,,,,,,,,,,,0.0,0.0,,,,,,,,,,,,,,,,,6831.875,,,,,,,,,,,,,,,,,,,,,,,,,,,,,,,,,,,,,,,,,,,,,,,,,,,,,,,,,,,,,754962.0,5.158,,,,,,,,,,,,,,,,,,,,,
FJI,Fiji,1994,,0.0,,,,,2.794,0.144,,,,,,,,,,,,,,,,0.0,0.0,,,,,,,,,,,,,,,,,6925.112,,,,,,,,,,,,,,,,,,,,,,,,,,,,,,,,,,,,,,,,,,,,,,,,,,,,,,,,,,,,,765607.0,5.302,,,,,,,,,,,,,,,,,,,,,
FJI,Fiji,1995,,0.0,,,,,7.566,0.401,,,,,,,,,,,,,,,,0.0,0.0,,,,,,,,,,,,,,,,,7354.699,,,,,,,,,,,,,,,,,,,,,,,,,,,,,,,,,,,,,,,,,,,,,,,,,,,,,,,,,,,,,775428.0,5.703,,,,,,,,,,,,,,,,,,,,,
FJI,Fiji,1996,,0.0,,,,,2.426,0.138,,,,,,,,,,,,,,,,0.0,0.0,,,,,,,,,,,,,,,,,7447.074,,,,,,,,,,,,,,,,,,,,,,,,,,,,,,,,,,,,,,,,,,,,,,,,,,,,,,,,,,,,,784389.0,5.841,,,,,,,,,,,,,,,,,,,,,
FJI,Fiji,1997,,0.0,,,,,-0.309,-0.018,,,,,,,,,,,,,,,,0.0,0.0,,,,,,,,,,,,,,,,,7345.878,,,,,,,,,,,,,,,,,,,,,,,,,,,,,,,,,,,,,,,,,,,,,,,,,,,,,,,,,,,,,792736.0,5.823,,,,,,,,,,,,,,,,,,,,,
FJI,Fiji,1998,,0.0,,,,,-2.925,-0.17,,,,,,,,,,,,,,,,0.0,0.0,,,,,,,,,,,,,,,,,7064.94,,,,,,,,,,,,,,,,,,,,,,,,,,,,,,,,,,,,,,,,,,,,,,,,,,,,,,,,,,,,,800148.0,5.653,,,,,,,,,,,,,,,,,,,,,
FJI,Fiji,1999,,0.0,,,,,8.605,0.486,,,,,,,,,,,,,,,,0.0,0.0,,,,,,,,,,,,,,,,,7614.327,,,,,,,,,,,,,,,,,,,,,,,,,,,,,,,,,,,,,,,,,,,,,,,,,,,,,,,,,,,,,806302.0,6.139,,,,,,,,,,,,,,,,,,,,,
FJI,Fiji,2000,,0.0,,,,,26.23,1.61,4.839,36.991,,,,,,241.935,0.0,,,,,0.0,,0.0,0.0,0.62,0.03,0.0,0.18,0.0,0.41,0.0,0.18,0.0,0.03,0.44,0.0,0.0,0.62,0.15,,9555.795,,,,,,221.945,29.032,,0.0,,,,,0.0,,,,66.129,,,,,505.542,,70.968,0.44,542.533,,,,,,0.0,0.0,0.0,,,,,0.0,,29.032,,,,,221.945,,,,0.0,36.991,,,,,0.0,4.839,,764.478,811011.0,7.75,542.533,70.968,,,,,,0.0,,,,,0.0,,0.0,,,,,0.0,
FJI,Fiji,2001,,0.0,,,,,3.946,0.306,5.97,49.145,,,,,,208.955,0.0,,,,,0.0,,0.0,0.0,0.67,0.04,0.0,0.17,0.0,0.46,0.0,0.17,0.0,0.04,0.5,0.0,0.0,0.67,0.14,,9897.341,,,,,,208.865,25.373,,0.0,,,,,0.0,,,,68.657,,,,,565.164,,74.627,0.5,614.309,,,,,,0.0,0.0,0.0,,,,,0.0,,25.373,,,,,208.865,,,,0.0,49.145,,,,,0.0,5.97,,823.174,813923.0,8.056,614.309,74.627,,,,,,0.0,,,,,0.0,,0.0,,,,,0.0,
FJI,Fiji,2002,,0.0,,,,,-15.305,-1.233,7.042,61.33,,,,,,239.437,0.0,,,,,0.0,,0.0,0.0,0.71,0.05,0.0,0.21,0.0,0.45,0.0,0.21,0.0,0.05,0.5,0.0,0.0,0.71,0.17,,8368.823,,,,,,257.587,29.577,,0.0,,,,,0.0,,,,63.38,,,,,551.973,,70.423,0.5,613.304,,,,,,0.0,0.0,0.0,,,,,0.0,,29.577,,,,,257.587,,,,0.0,61.33,,,,,0.0,7.042,,870.891,815257.0,6.823,613.304,70.423,,,,,,0.0,,,,,0.0,,0.0,,,,,0.0,
FJI,Fiji,2003,,0.0,,,,,9.666,0.659,9.722,85.776,,,,,,347.222,0.0,,,,,0.0,,0.0,0.0,0.72,0.07,0.0,0.31,0.0,0.34,0.0,0.31,0.0,0.07,0.41,0.0,0.0,0.72,0.25,,9168.481,,,,,,379.866,43.056,,0.0,,,,,0.0,,,,47.222,,,,,416.627,,56.944,0.41,502.403,,,,,,0.0,0.0,0.0,,,,,0.0,,43.056,,,,,379.866,,,,0.0,85.776,,,,,0.0,9.722,,882.269,816078.0,7.482,502.403,56.944,,,,,,0.0,,,,,0.0,,0.0,,,,,0.0,
FJI,Fiji,2004,,0.0,,,,,32.445,2.428,9.333,85.589,,,,,,333.333,0.0,,,,,0.0,,0.0,0.0,0.75,0.07,0.0,0.31,0.0,0.37,0.0,0.31,0.0,0.07,0.44,0.0,0.0,0.75,0.25,,12116.653,,,,,,379.036,41.333,,0.0,,,,,0.0,,,,49.333,,,,,452.398,,58.667,0.44,537.987,,,,,,0.0,0.0,0.0,,,,,0.0,,41.333,,,,,379.036,,,,0.0,85.589,,,,,0.0,9.333,,917.023,817864.0,9.91,537.987,58.667,,,,,,0.0,,,,,0.0,,0.0,,,,,0.0,
FJI,Fiji,2005,,0.0,,,,,-14.402,-1.427,8.861,85.199,,,,,,379.747,0.0,,,,,0.0,,0.0,0.0,0.79,0.07,0.0,0.38,0.0,0.34,0.0,0.38,0.0,0.07,0.41,0.0,0.0,0.79,0.3,,10324.323,,,,,,462.509,48.101,,0.0,,,,,0.0,,,,43.038,,,,,413.824,,51.899,0.41,499.023,,,,,,0.0,0.0,0.0,,,,,0.0,,48.101,,,,,462.509,,,,0.0,85.199,,,,,0.0,8.861,,961.531,821606.0,8.483,499.023,51.899,,,,,,0.0,,,,,0.0,,0.0,,,,,0.0,
FJI,Fiji,2006,,0.0,,,,,9.573,0.812,12.941,132.871,,,,,,376.471,0.0,,,,,0.0,,0.0,0.0,0.85,0.11,0.0,0.4,0.0,0.34,0.0,0.4,0.0,0.11,0.45,0.0,0.0,0.85,0.32,,11227.111,,,,,,483.168,47.059,,0.0,,,,,0.0,,,,40.0,,,,,410.693,,52.941,0.45,543.564,,,,,,0.0,0.0,0.0,,,,,0.0,,47.059,,,,,483.168,,,,0.0,132.871,,,,,0.0,12.941,,1026.732,827869.0,9.295,543.564,52.941,,,,,,0.0,,,,,0.0,,0.0,,,,,0.0,
FJI,Fiji,2007,,0.0,,,,,-3.574,-0.332,8.14,83.714,,,,,,255.814,0.0,,,,,0.0,,0.0,0.0,0.86,0.07,0.0,0.27,0.0,0.51,0.0,0.27,0.0,0.07,0.59,0.0,0.01,0.86,0.22,,10718.239,,,,,,322.895,31.395,,0.0,,,,,0.0,,,,59.302,,,,,609.913,,68.605,0.59,705.585,,,,,,0.0,0.0,0.0,,,,,0.0,,31.395,,,,,322.895,,,,0.0,83.714,,,,,0.0,8.14,,1028.481,836185.0,8.962,705.585,68.605,,,,,,0.0,,,,,0.0,,1.163,,,,,11.959,
FJI,Fiji,2008,,0.0,,,,,-21.05,-1.887,10.227,106.464,,,,,,250.0,0.0,,,,,0.0,,0.0,0.0,0.88,0.09,0.0,0.27,0.0,0.5,0.0,0.27,0.0,0.09,0.61,0.0,0.02,0.88,0.22,,8370.245,,,,,,319.392,30.682,,0.0,,,,,0.0,,,,56.818,,,,,591.467,,69.318,0.61,721.589,,,,,,0.0,0.0,0.0,,,,,0.0,,30.682,,,,,319.392,,,,0.0,106.464,,,,,0.0,10.227,,1040.982,845356.0,7.076,721.589,69.318,,,,,,0.0,,,,,0.0,,2.273,,,,,23.659,
FJI,Fiji,2009,,0.0,,,,,-13.331,-0.943,11.494,117.146,,,,,,264.368,0.0,,,,,0.0,,0.0,0.0,0.87,0.1,0.0,0.29,0.0,0.46,0.0,0.29,0.0,0.1,0.58,0.0,0.02,0.87,0.23,,7184.079,,,,,,339.723,33.333,,0.0,,,,,0.0,,,,52.874,,,,,538.871,,66.667,0.58,679.447,,,,,,0.0,0.0,0.0,,,,,0.0,,33.333,,,,,339.723,,,,0.0,117.146,,,,,0.0,11.494,,1019.17,853636.0,6.133,679.447,66.667,,,,,,0.0,,,,,0.0,,2.299,,,,,23.429,
FJI,Fiji,2010,,0.0,,,,,35.313,2.166,13.333,139.565,,,,,,322.222,0.0,,,,,0.0,,0.0,0.0,0.9,0.12,0.0,0.36,0.0,0.41,0.0,0.36,0.0,0.12,0.54,0.0,0.01,0.9,0.29,,9651.129,,,,,,418.694,40.0,,0.0,,,,,0.0,,,,45.556,,,,,476.846,,60.0,0.54,628.041,,,,,,0.0,0.0,0.0,,,,,0.0,,40.0,,,,,418.694,,,,0.0,139.565,,,,,0.0,13.333,,1046.736,859816.0,8.298,628.041,60.0,,,,,,0.0,,,,,0.0,,1.111,,,,,11.63,
FJI,Fiji,2011,,0.0,,,,,-22.443,-1.862,11.628,115.814,,,,,,290.698,0.0,,,,,0.0,,0.0,0.0,0.86,0.1,0.0,0.31,0.0,0.45,0.0,0.31,0.0,0.1,0.55,0.0,0.0,0.86,0.25,,7453.57,,,,,,359.024,36.047,,0.0,,,,,0.0,,,,52.326,,,,,521.164,,63.953,0.55,636.979,,,,,,0.0,0.0,0.0,,,,,0.0,,36.047,,,,,359.024,,,,0.0,115.814,,,,,0.0,11.628,,996.003,863451.0,6.436,636.979,63.953,,,,,,0.0,,,,,0.0,,0.0,,,,,0.0,
FJI,Fiji,2012,,0.0,,,,,0.854,0.055,9.302,92.479,,,,,,244.186,0.0,,,,,0.0,,0.0,0.0,0.86,0.08,0.0,0.25,0.0,0.52,0.0,0.25,0.0,0.08,0.61,0.0,0.01,0.86,0.21,,7503.21,,,,,,288.996,29.07,,0.0,,,,,0.0,,,,60.465,,,,,601.111,,70.93,0.61,705.149,,,,,,0.0,0.0,0.0,,,,,0.0,,29.07,,,,,288.996,,,,0.0,92.479,,,,,0.0,9.302,,994.145,865065.0,6.491,705.149,70.93,,,,,,0.0,,,,,0.0,,1.163,,,,,11.56,
FJI,Fiji,2013,,0.0,,,,,5.59,0.363,10.112,103.974,,,,,,258.427,0.0,,,,,0.0,,0.0,0.0,0.89,0.09,0.0,0.28,0.0,0.52,0.0,0.28,0.0,0.09,0.61,0.0,0.0,0.89,0.23,,7917.75,,,,,,323.474,31.461,,0.0,,,,,0.0,,,,58.427,,,,,600.738,,68.539,0.61,704.712,,,,,,0.0,0.0,0.0,,,,,0.0,,31.461,,,,,323.474,,,,0.0,103.974,,,,,0.0,10.112,,1028.186,865602.0,6.854,704.712,68.539,,,,,,0.0,,,,,0.0,,0.0,,,,,0.0,
FJI,Fiji,2014,,0.0,,,,,5.355,0.367,13.187,138.497,,,,,,340.659,0.0,,,,,0.0,,0.0,0.0,0.91,0.12,0.0,0.39,0.0,0.4,0.0,0.39,0.0,0.12,0.52,0.0,0.0,0.91,0.31,,8333.598,,,,,,450.114,42.857,,0.0,,,,,0.0,,,,43.956,,,,,461.655,,57.143,0.52,600.152,,,,,,0.0,0.0,0.0,,,,,0.0,,42.857,,,,,450.114,,,,0.0,138.497,,,,,0.0,13.187,,1050.266,866447.0,7.221,600.152,57.143,,,,,,0.0,,,,,0.0,,0.0,,,,,0.0,
FJI,Fiji,2015,,0.0,,,,,4.414,0.319,13.684,149.661,,,,,,347.368,0.0,,,,,0.0,,0.0,0.0,0.95,0.13,0.0,0.41,0.0,0.4,0.0,0.41,0.0,0.13,0.54,0.0,0.01,0.95,0.33,,8679.514,,,,,,472.007,43.158,,0.0,,,,,0.0,,,,42.105,,,,,460.494,,56.842,0.54,621.667,,,,,,0.0,0.0,0.0,,,,,0.0,,43.158,,,,,472.007,,,,0.0,149.661,,,,,0.0,13.684,,1093.674,868632.0,7.539,621.667,56.842,,,,,,0.0,,,,,0.0,,1.053,,,,,11.512,
FJI,Fiji,2016,,0.0,,,,,-1.22,-0.092,11.458,126.088,,,,,,291.667,0.0,,,,,0.0,,0.0,0.0,0.96,0.11,0.0,0.35,0.0,0.49,0.0,0.35,0.0,0.11,0.61,0.01,0.0,0.96,0.28,,8536.495,,,,,,401.189,36.458,,0.0,,,,,0.0,,,,51.042,,,,,561.665,,63.542,0.61,699.216,,,,,,0.0,0.0,0.0,,,,,0.0,,36.458,,,,,401.189,,,,0.0,126.088,,,,,0.0,11.458,,1100.405,872406.0,7.447,699.216,63.542,,,,,,1.042,,,,,11.463,,0.0,,,,,0.0,
FJI,Fiji,2017,,,,,,,8.293,0.618,15.238,182.344,,,,,,304.762,0.0,,,,,0.0,,,,1.05,0.16,0.0,0.39,0.0,0.49,0.0,0.39,0.0,0.16,0.66,0.01,0.0,1.05,0.32,,9191.222,,,,,,444.465,37.143,,0.0,,,,,0.0,,,,46.667,,,,,558.43,,62.857,0.66,752.171,,,,,,0.0,0.0,0.0,,,,,0.0,,37.143,,,,,444.465,,,,0.0,182.344,,,,,0.0,15.238,,1196.636,877460.0,8.065,752.171,62.857,,,,,,0.952,,,,,11.397,,0.0,,,,,0.0,
FJI,Fiji,2018,,,,,,,5.363,0.433,13.208,158.462,,,,,,264.151,0.0,,,,,0.0,,,,1.06,0.14,0.0,0.35,0.0,0.56,0.0,0.35,0.0,0.14,0.71,0.01,0.0,1.06,0.28,,9618.057,,,,,,396.156,33.019,,0.0,,,,,0.0,,,,52.83,,,,,633.85,,66.981,0.71,803.631,,,,,,0.0,0.0,0.0,,,,,0.0,,33.019,,,,,396.156,,,,0.0,158.462,,,,,0.0,13.208,,1199.787,883490.0,8.497,803.631,66.981,,,,,,0.943,,,,,11.319,,0.0,,,,,0.0,
FJI,Fiji,2019,,,,,,,0.987,0.084,12.613,157.311,,,,,,279.279,0.0,,,,,0.0,,,,1.11,0.14,0.0,0.39,0.0,0.57,0.0,0.39,0.0,0.14,0.72,0.01,0.0,1.11,0.31,,9642.425,,,,,,438.224,35.135,,0.0,,,,,0.0,,,,51.351,,,,,640.482,,64.865,0.72,809.03,,,,,,0.0,0.0,0.0,,,,,0.0,,35.135,,,,,438.224,,,,0.0,157.311,,,,,0.0,12.613,,1247.254,889955.0,8.581,809.03,64.865,,,,,,0.901,,,,,11.237,,0.0,,,,,0.0,
FJI,Fiji,2020,,,,,,,,,13.333,156.173,,,,,,295.238,0.0,,,,,0.0,,,,1.05,0.14,0.0,0.39,0.0,0.5,0.0,0.39,0.0,0.14,0.66,0.02,0.0,1.05,0.31,,,,,,,,435.052,37.143,,0.0,,,,,0.0,,,,47.619,,,,,557.759,,62.857,0.66,736.242,,,,,,0.0,0.0,0.0,,,,,0.0,,37.143,,,,,435.052,,,,0.0,156.173,,,,,0.0,13.333,,1171.295,896444.0,,736.242,62.857,,,,,,1.905,,,,,22.31,,0.0,,,,,0.0,
