iso_code,country,year,coal_prod_change_pct,coal_prod_change_twh,gas_prod_change_pct,gas_prod_change_twh,oil_prod_change_pct,oil_prod_change_twh,energy_cons_change_pct,energy_cons_change_twh,biofuel_share_elec,biofuel_elec_per_capita,biofuel_cons_change_pct,biofuel_share_energy,biofuel_cons_change_twh,biofuel_consumption,biofuel_cons_per_capita,carbon_intensity_elec,coal_share_elec,coal_cons_change_pct,coal_share_energy,coal_cons_change_twh,coal_consumption,coal_elec_per_capita,coal_cons_per_capita,coal_production,coal_prod_per_capita,electricity_demand,biofuel_electricity,coal_electricity,fossil_electricity,gas_electricity,hydro_electricity,nuclear_electricity,oil_electricity,other_renewable_exc_biofuel_electricity,other_renewable_electricity,renewables_electricity,solar_electricity,wind_electricity,electricity_generation,greenhouse_gas_emissions,energy_per_gdp,energy_per_capita,fossil_cons_change_pct,fossil_share_energy,fossil_cons_change_twh,fossil_fuel_consumption,fossil_energy_per_capita,fossil_cons_per_capita,fossil_share_elec,gdp,gas_share_elec,gas_cons_change_pct,gas_share_energy,gas_cons_change_twh,gas_consumption,gas_elec_per_capita,gas_energy_per_capita,gas_production,gas_prod_per_capita,hydro_share_elec,hydro_cons_change_pct,hydro_share_energy,hydro_cons_change_twh,hydro_consumption,hydro_elec_per_capita,hydro_energy_per_capita,low_carbon_share_elec,low_carbon_electricity,low_carbon_elec_per_capita,low_carbon_cons_change_pct,low_carbon_share_energy,low_carbon_cons_change_twh,low_carbon_consumption,low_carbon_energy_per_capita,net_elec_imports_share_demand,net_elec_imports,nuclear_share_elec,nuclear_cons_change_pct,nuclear_share_energy,nuclear_cons_change_twh,nuclear_consumption,nuclear_elec_per_capita,nuclear_energy_per_capita,oil_share_elec,oil_cons_change_pct,oil_share_energy,oil_cons_change_twh,oil_consumption,oil_elec_per_capita,oil_energy_per_capita,oil_production,oil_prod_per_capita,other_renewables_elec_per_capita_exc_biofuel,other_renewables_elec_per_capita,other_renewables_cons_change_pct,other_renewables_share_energy,other_renewables_cons_change_twh,other_renewable_consumption,other_renewables_share_elec_exc_biofuel,other_renewables_share_elec,other_renewables_energy_per_capita,per_capita_electricity,population,primary_energy_consumption,renewables_elec_per_capita,renewables_share_elec,renewables_cons_change_pct,renewables_share_energy,renewables_cons_change_twh,renewables_consumption,renewables_energy_per_capita,solar_share_elec,solar_cons_change_pct,solar_share_energy,solar_cons_change_twh,solar_consumption,solar_elec_per_capita,solar_energy_per_capita,wind_share_elec,wind_cons_change_pct,wind_share_energy,wind_cons_change_twh,wind_consumption,wind_elec_per_capita,wind_energy_per_capita
PYF,French Polynesia,1980,,,,,,,,,,,,,,,,,,,,,,,,0.0,0.0,,,,,,,,,,,,,,,,,5929.152,,,,,,,,,,,,,,,,,,,,,,,,,,,,,,,,,,,,,,,,,,,,,,,,,,,,,,,,,,,,,153298.0,0.909,,,,,,,,,,,,,,,,,,,,,
PYF,French Polynesia,1981,,0.0,,,,,52.914,0.481,,,,,,,,,,,,,,,,0.0,0.0,,,,,,,,,,,,,,,,,8799.273,,,,,,,,,,,,,,,,,,,,,,,,,,,,,,,,,,,,,,,,,,,,,,,,,,,,,,,,,,,,,157954.0,1.39,,,,,,,,,,,,,,,,,,,,,
PYF,French Polynesia,1982,,0.0,,,,,30.435,0.423,,,,,,,,,,,,,,,,0.0,0.0,,,,,,,,,,,,,,,,,11143.955,,,,,,,,,,,,,,,,,,,,,,,,,,,,,,,,,,,,,,,,,,,,,,,,,,,,,,,,,,,,,162679.0,1.813,,,,,,,,,,,,,,,,,,,,,
PYF,French Polynesia,1983,,0.0,,,,,36.054,0.654,,,,,,,,,,,,,,,,0.0,0.0,,,,,,,,,,,,,,,,,14729.321,,,,,,,,,,,,,,,,,,,,,,,,,,,,,,,,,,,,,,,,,,,,,,,,,,,,,,,,,,,,,167456.0,2.467,,,,,,,,,,,,,,,,,,,,,
PYF,French Polynesia,1984,,0.0,,,,,50.38,1.243,,,,,,,,,,,,,,,,0.0,0.0,,,,,,,,,,,,,,,,,21533.596,,,,,,,,,,,,,,,,,,,,,,,,,,,,,,,,,,,,,,,,,,,,,,,,,,,,,,,,,,,,,172249.0,3.709,,,,,,,,,,,,,,,,,,,,,
PYF,French Polynesia,1985,,0.0,,,,,-12.64,-0.469,,,,,,,,,,,,,,,,0.0,0.0,,,,,,,,,,,,,,,,,18304.372,,,,,,,,,,,,,,,,,,,,,,,,,,,,,,,,,,,,,,,,,,,,,,,,,,,,,,,,,,,,,177024.0,3.24,,,,,,,,,,,,,,,,,,,,,
PYF,French Polynesia,1986,,0.0,,,,,26.794,0.868,,,,,,,,,,,,,,,,0.0,0.0,,,,,,,,,,,,,,,,,22598.209,,,,,,,,,,,,,,,,,,,,,,,,,,,,,,,,,,,,,,,,,,,,,,,,,,,,,,,,,,,,,181807.0,4.109,,,,,,,,,,,,,,,,,,,,,
PYF,French Polynesia,1987,,0.0,,,,,1.038,0.043,,,,,,,,,,,,,,,,0.0,0.0,,,,,,,,,,,,,,,,,22247.742,,,,,,,,,,,,,,,,,,,,,,,,,,,,,,,,,,,,,,,,,,,,,,,,,,,,,,,,,,,,,186588.0,4.151,,,,,,,,,,,,,,,,,,,,,
PYF,French Polynesia,1988,,0.0,,,,,0.321,0.013,,,,,,,,,,,,,,,,0.0,0.0,,,,,,,,,,,,,,,,,21773.995,,,,,,,,,,,,,,,,,,,,,,,,,,,,,,,,,,,,,,,,,,,,,,,,,,,,,,,,,,,,,191260.0,4.164,,,,,,,,,,,,,,,,,,,,,
PYF,French Polynesia,1989,,0.0,,,,,1.306,0.054,,,,,,,,,,,,,,,,0.0,0.0,,,,,,,,,,,,,,,,,21554.919,,,,,,,,,,,,,,,,,,,,,,,,,,,,,,,,,,,,,,,,,,,,,,,,,,,,,,,,,,,,,195728.0,4.219,,,,,,,,,,,,,,,,,,,,,
PYF,French Polynesia,1990,,0.0,,,,,-5.344,-0.225,,,,,,,,,,,,,,,,0.0,0.0,,,,,,,,,,,,,,,,,19976.707,,,,,,,,,,,,,,,,,,,,,,,,,,,,,,,,,,,,,,,,,,,,,,,,,,,,,,,,,,,,,199906.0,3.993,,,,,,,,,,,,,,,,,,,,,
PYF,French Polynesia,1991,,0.0,,,,,0.854,0.034,,,,,,,,,,,,,,,,0.0,0.0,,,,,,,,,,,,,,,,,19770.591,,,,,,,,,,,,,,,,,,,,,,,,,,,,,,,,,,,,,,,,,,,,,,,,,,,,,,,,,,,,,203716.0,4.028,,,,,,,,,,,,,,,,,,,,,
PYF,French Polynesia,1992,,0.0,,,,,-4.98,-0.201,,,,,,,,,,,,,,,,0.0,0.0,,,,,,,,,,,,,,,,,18466.79,,,,,,,,,,,,,,,,,,,,,,,,,,,,,,,,,,,,,,,,,,,,,,,,,,,,,,,,,,,,,207238.0,3.827,,,,,,,,,,,,,,,,,,,,,
PYF,French Polynesia,1993,,0.0,,,,,0.041,0.002,,,,,,,,,,,,,,,,0.0,0.0,,,,,,,,,,,,,,,,,18175.647,,,,,,,,,,,,,,,,,,,,,,,,,,,,,,,,,,,,,,,,,,,,,,,,,,,,,,,,,,,,,210644.0,3.829,,,,,,,,,,,,,,,,,,,,,
PYF,French Polynesia,1994,,0.0,,,,,-19.213,-0.736,,,,,,,,,,,,,,,,0.0,0.0,,,,,,,,,,,,,,,,,14440.14,,,,,,,,,,,,,,,,,,,,,,,,,,,,,,,,,,,,,,,,,,,,,,,,,,,,,,,,,,,,,214196.0,3.093,,,,,,,,,,,,,,,,,,,,,
PYF,French Polynesia,1995,,0.0,,,,,6.608,0.204,,,,,,,,,,,,,,,,0.0,0.0,,,,,,,,,,,,,,,,,15121.223,,,,,,,,,,,,,,,,,,,,,,,,,,,,,,,,,,,,,,,,,,,,,,,,,,,,,,,,,,,,,218064.0,3.297,,,,,,,,,,,,,,,,,,,,,
PYF,French Polynesia,1996,,0.0,,,,,-0.701,-0.023,,,,,,,,,,,,,,,,0.0,0.0,,,,,,,,,,,,,,,,,14727.607,,,,,,,,,,,,,,,,,,,,,,,,,,,,,,,,,,,,,,,,,,,,,,,,,,,,,,,,,,,,,222323.0,3.274,,,,,,,,,,,,,,,,,,,,,
PYF,French Polynesia,1997,,0.0,,,,,1.326,0.043,,,,,,,,,,,,,,,,0.0,0.0,,,,,,,,,,,,,,,,,14624.88,,,,,,,,,,,,,,,,,,,,,,,,,,,,,,,,,,,,,,,,,,,,,,,,,,,,,,,,,,,,,226854.0,3.318,,,,,,,,,,,,,,,,,,,,,
PYF,French Polynesia,1998,,0.0,,,,,1.603,0.053,,,,,,,,,,,,,,,,0.0,0.0,,,,,,,,,,,,,,,,,14557.142,,,,,,,,,,,,,,,,,,,,,,,,,,,,,,,,,,,,,,,,,,,,,,,,,,,,,,,,,,,,,231562.0,3.371,,,,,,,,,,,,,,,,,,,,,
PYF,French Polynesia,1999,,0.0,,,,,-5.652,-0.191,,,,,,,,,,,,,,,,0.0,0.0,,,,,,,,,,,,,,,,,13463.742,,,,,,,,,,,,,,,,,,,,,,,,,,,,,,,,,,,,,,,,,,,,,,,,,,,,,,,,,,,,,236217.0,3.18,,,,,,,,,,,,,,,,,,,,,
PYF,French Polynesia,2000,,0.0,,,,,12.066,0.384,0.0,0.0,,,,,,487.179,0.0,,,,,0.0,,0.0,0.0,0.39,0.0,0.0,0.27,0.0,0.12,0.0,0.27,0.0,0.0,0.12,0.0,0.0,0.39,0.19,,14808.365,,,,,,1121.817,69.231,,0.0,,,,,0.0,,,,30.769,,,,,498.585,,30.769,0.12,498.585,,,,,,0.0,0.0,0.0,,,,,0.0,,69.231,,,,,1121.817,,,,0.0,0.0,,,,,0.0,0.0,,1620.402,240681.0,3.564,498.585,30.769,,,,,,0.0,,,,,0.0,,0.0,,,,,0.0,
PYF,French Polynesia,2001,,0.0,,,,,9.726,0.347,0.0,0.0,,,,,,553.191,0.0,,,,,0.0,,0.0,0.0,0.47,0.0,0.0,0.37,0.0,0.1,0.0,0.37,0.0,0.0,0.1,0.0,0.0,0.47,0.26,,15966.871,,,,,,1510.642,78.723,,0.0,,,,,0.0,,,,21.277,,,,,408.282,,21.277,0.1,408.282,,,,,,0.0,0.0,0.0,,,,,0.0,,78.723,,,,,1510.642,,,,0.0,0.0,,,,,0.0,0.0,,1918.923,244929.0,3.911,408.282,21.277,,,,,,0.0,,,,,0.0,,0.0,,,,,0.0,
PYF,French Polynesia,2002,,0.0,,,,,6.263,0.245,0.0,0.0,,,,,,519.231,0.0,,,,,0.0,,0.0,0.0,0.52,0.0,0.0,0.39,0.0,0.13,0.0,0.39,0.0,0.0,0.13,0.0,0.0,0.52,0.27,,16691.06,,,,,,1566.416,75.0,,0.0,,,,,0.0,,,,25.0,,,,,522.139,,25.0,0.13,522.139,,,,,,0.0,0.0,0.0,,,,,0.0,,75.0,,,,,1566.416,,,,0.0,0.0,,,,,0.0,0.0,,2088.555,248976.0,4.156,522.139,25.0,,,,,,0.0,,,,,0.0,,0.0,,,,,0.0,
PYF,French Polynesia,2003,,0.0,,,,,8.2,0.341,0.0,0.0,,,,,,508.772,0.0,,,,,0.0,,0.0,0.0,0.57,0.0,0.0,0.42,0.0,0.15,0.0,0.42,0.0,0.0,0.15,0.0,0.0,0.57,0.29,,17793.171,,,,,,1662.004,73.684,,0.0,,,,,0.0,,,,26.316,,,,,593.573,,26.316,0.15,593.573,,,,,,0.0,0.0,0.0,,,,,0.0,,73.684,,,,,1662.004,,,,0.0,0.0,,,,,0.0,0.0,,2255.577,252707.0,4.496,593.573,26.316,,,,,,0.0,,,,,0.0,,0.0,,,,,0.0,
PYF,French Polynesia,2004,,0.0,,,,,-0.597,-0.027,0.0,0.0,,,,,,491.803,0.0,,,,,0.0,,0.0,0.0,0.61,0.0,0.0,0.43,0.0,0.18,0.0,0.43,0.0,0.0,0.18,0.0,0.0,0.61,0.3,,17459.758,,,,,,1679.72,70.492,,0.0,,,,,0.0,,,,29.508,,,,,703.139,,29.508,0.18,703.139,,,,,,0.0,0.0,0.0,,,,,0.0,,70.492,,,,,1679.72,,,,0.0,0.0,,,,,0.0,0.0,,2382.859,255995.0,4.47,703.139,29.508,,,,,,0.0,,,,,0.0,,0.0,,,,,0.0,
PYF,French Polynesia,2005,,0.0,,,,,4.148,0.185,0.0,0.0,,,,,,483.333,0.0,,,,,0.0,,0.0,0.0,0.6,0.0,0.0,0.42,0.0,0.18,0.0,0.42,0.0,0.0,0.18,0.0,0.0,0.6,0.29,,17988.224,,,,,,1623.0,70.0,,0.0,,,,,0.0,,,,30.0,,,,,695.572,,30.0,0.18,695.572,,,,,,0.0,0.0,0.0,,,,,0.0,,70.0,,,,,1623.0,,,,0.0,0.0,,,,,0.0,0.0,,2318.572,258780.0,4.655,695.572,30.0,,,,,,0.0,,,,,0.0,,0.0,,,,,0.0,
PYF,French Polynesia,2006,,0.0,,,,,-1.099,-0.051,0.0,0.0,,,,,,476.19,0.0,,,,,0.0,,0.0,0.0,0.63,0.0,0.0,0.43,0.0,0.2,0.0,0.43,0.0,0.0,0.2,0.0,0.0,0.63,0.3,,17638.722,,,,,,1647.472,68.254,,0.0,,,,,0.0,,,,31.746,,,,,766.266,,31.746,0.2,766.266,,,,,,0.0,0.0,0.0,,,,,0.0,,68.254,,,,,1647.472,,,,0.0,0.0,,,,,0.0,0.0,,2413.738,261006.0,4.604,766.266,31.746,,,,,,0.0,,,,,0.0,,0.0,,,,,0.0,
PYF,French Polynesia,2007,,0.0,,,,,5.968,0.275,0.0,0.0,,,,,,484.848,0.0,,,,,0.0,,0.0,0.0,0.66,0.0,0.0,0.44,0.0,0.22,0.0,0.44,0.0,0.0,0.22,0.0,0.0,0.66,0.32,,18569.682,,,,,,1674.806,66.667,,0.0,,,,,0.0,,,,33.333,,,,,837.403,,33.333,0.22,837.403,,,,,,0.0,0.0,0.0,,,,,0.0,,66.667,,,,,1674.806,,,,0.0,0.0,,,,,0.0,0.0,,2512.209,262717.0,4.879,837.403,33.333,,,,,,0.0,,,,,0.0,,0.0,,,,,0.0,
PYF,French Polynesia,2008,,0.0,,,,,1.793,0.087,0.0,0.0,,,,,,500.0,0.0,,,,,0.0,,0.0,0.0,0.68,0.0,0.0,0.47,0.0,0.21,0.0,0.47,0.0,0.0,0.21,0.0,0.0,0.68,0.34,,18806.251,,,,,,1779.872,69.118,,0.0,,,,,0.0,,,,30.882,,,,,795.262,,30.882,0.21,795.262,,,,,,0.0,0.0,0.0,,,,,0.0,,69.118,,,,,1779.872,,,,0.0,0.0,,,,,0.0,0.0,,2575.133,264064.0,4.966,795.262,30.882,,,,,,0.0,,,,,0.0,,0.0,,,,,0.0,
PYF,French Polynesia,2009,,0.0,,,,,-0.599,-0.03,0.0,0.0,,,,,,500.0,0.0,,,,,0.0,,0.0,0.0,0.7,0.0,0.0,0.49,0.0,0.21,0.0,0.49,0.0,0.0,0.21,0.0,0.0,0.7,0.35,,18609.52,,,,,,1847.272,70.0,,0.0,,,,,0.0,,,,30.0,,,,,791.688,,30.0,0.21,791.688,,,,,,0.0,0.0,0.0,,,,,0.0,,70.0,,,,,1847.272,,,,0.0,0.0,,,,,0.0,0.0,,2638.96,265256.0,4.936,791.688,30.0,,,,,,0.0,,,,,0.0,,0.0,,,,,0.0,
PYF,French Polynesia,2010,,0.0,,,,,3.957,0.195,0.0,0.0,,,,,,403.226,0.0,,,,,0.0,,0.0,0.0,0.62,0.0,0.0,0.35,0.0,0.27,0.0,0.35,0.0,0.0,0.27,0.0,0.0,0.62,0.25,,19259.262,,,,,,1313.572,56.452,,0.0,,,,,0.0,,,,43.548,,,,,1013.327,,43.548,0.27,1013.327,,,,,,0.0,0.0,0.0,,,,,0.0,,56.452,,,,,1313.572,,,,0.0,0.0,,,,,0.0,0.0,,2326.899,266449.0,5.132,1013.327,43.548,,,,,,0.0,,,,,0.0,,0.0,,,,,0.0,
PYF,French Polynesia,2011,,0.0,,,,,-5.92,-0.304,0.0,0.0,,,,,,461.538,0.0,,,,,0.0,,0.0,0.0,0.65,0.0,0.0,0.42,0.0,0.22,0.0,0.42,0.0,0.0,0.23,0.01,0.0,0.65,0.3,,18034.323,,,,,,1568.909,64.615,,0.0,,,,,0.0,,,,33.846,,,,,821.809,,35.385,0.23,859.164,,,,,,0.0,0.0,0.0,,,,,0.0,,64.615,,,,,1568.909,,,,0.0,0.0,,,,,0.0,0.0,,2428.073,267702.0,4.828,859.164,35.385,,,,,,1.538,,,,,37.355,,0.0,,,,,0.0,
PYF,French Polynesia,2012,,0.0,,,,,-3.311,-0.16,0.0,0.0,,,,,,461.538,0.0,,,,,0.0,,0.0,0.0,0.65,0.0,0.0,0.43,0.0,0.2,0.0,0.43,0.0,0.0,0.22,0.02,0.0,0.65,0.3,,17353.332,,,,,,1598.543,66.154,,0.0,,,,,0.0,,,,30.769,,,,,743.508,,33.846,0.22,817.859,,,,,,0.0,0.0,0.0,,,,,0.0,,66.154,,,,,1598.543,,,,0.0,0.0,,,,,0.0,0.0,,2416.402,268995.0,4.668,817.859,33.846,,,,,,3.077,,,,,74.351,,0.0,,,,,0.0,
PYF,French Polynesia,2013,,0.0,,,,,-1.335,-0.062,0.0,0.0,,,,,,491.525,0.0,,,,,0.0,,0.0,0.0,0.59,0.0,0.0,0.42,0.0,0.15,0.0,0.42,0.0,0.0,0.17,0.02,0.0,0.59,0.29,,17036.98,,,,,,1553.645,71.186,,0.0,,,,,0.0,,,,25.424,,,,,554.873,,28.814,0.17,628.856,,,,,,0.0,0.0,0.0,,,,,0.0,,71.186,,,,,1553.645,,,,0.0,0.0,,,,,0.0,0.0,,2182.502,270332.0,4.606,628.856,28.814,,,,,,3.39,,,,,73.983,,0.0,,,,,0.0,
PYF,French Polynesia,2014,,0.0,,,,,-0.886,-0.041,0.0,0.0,,,,,,465.517,0.0,,,,,0.0,,0.0,0.0,0.58,0.0,0.0,0.38,0.0,0.17,0.0,0.38,0.0,0.0,0.2,0.03,0.0,0.58,0.27,,16800.265,,,,,,1398.534,65.517,,0.0,,,,,0.0,,,,29.31,,,,,625.66,,34.483,0.2,736.071,,,,,,0.0,0.0,0.0,,,,,0.0,,65.517,,,,,1398.534,,,,0.0,0.0,,,,,0.0,0.0,,2134.605,271713.0,4.565,736.071,34.483,,,,,,5.172,,,,,110.411,,0.0,,,,,0.0,
PYF,French Polynesia,2015,,0.0,,,,,4.055,0.185,0.0,0.0,,,,,,465.517,0.0,,,,,0.0,,0.0,0.0,0.58,0.0,0.0,0.38,0.0,0.17,0.0,0.38,0.0,0.0,0.2,0.03,0.0,0.58,0.27,,17391.602,,,,,,1391.335,65.517,,0.0,,,,,0.0,,,,29.31,,,,,622.439,,34.483,0.2,732.282,,,,,,0.0,0.0,0.0,,,,,0.0,,65.517,,,,,1391.335,,,,0.0,0.0,,,,,0.0,0.0,,2123.616,273119.0,4.75,732.282,34.483,,,,,,5.172,,,,,109.842,,0.0,,,,,0.0,
PYF,French Polynesia,2016,,0.0,,,,,-0.625,-0.03,0.0,0.0,,,,,,448.276,0.0,,,,,0.0,,0.0,0.0,0.58,0.0,0.0,0.37,0.0,0.18,0.0,0.37,0.0,0.0,0.21,0.03,0.0,0.58,0.26,,17191.247,,,,,,1347.532,63.793,,0.0,,,,,0.0,,,,31.034,,,,,655.556,,36.207,0.21,764.816,,,,,,0.0,0.0,0.0,,,,,0.0,,63.793,,,,,1347.532,,,,0.0,0.0,,,,,0.0,0.0,,2112.348,274576.0,4.72,764.816,36.207,,,,,,5.172,,,,,109.259,,0.0,,,,,0.0,
PYF,French Polynesia,2017,,,,,,,-2.602,-0.123,0.0,0.0,,,,,,450.0,0.0,,,,,0.0,,,,0.6,0.0,0.0,0.38,0.0,0.18,0.0,0.38,0.0,0.0,0.22,0.04,0.0,0.6,0.27,,16651.107,,,,,,1376.273,63.333,,0.0,,,,,0.0,,,,30.0,,,,,651.919,,36.667,0.22,796.79,,,,,,0.0,0.0,0.0,,,,,0.0,,63.333,,,,,1376.273,,,,0.0,0.0,,,,,0.0,0.0,,2173.063,276108.0,4.598,796.79,36.667,,,,,,6.667,,,,,144.871,,0.0,,,,,0.0,
PYF,French Polynesia,2018,,,,,,,1.89,0.087,0.0,0.0,,,,,,465.517,0.0,,,,,0.0,,,,0.58,0.0,0.0,0.38,0.0,0.16,0.0,0.38,0.0,0.0,0.2,0.04,0.0,0.58,0.27,,16870.193,,,,,,1368.516,65.517,,0.0,,,,,0.0,,,,27.586,,,,,576.217,,34.483,0.2,720.272,,,,,,0.0,0.0,0.0,,,,,0.0,,65.517,,,,,1368.516,,,,0.0,0.0,,,,,0.0,0.0,,2088.788,277673.0,4.684,720.272,34.483,,,,,,6.897,,,,,144.054,,0.0,,,,,0.0,
PYF,French Polynesia,2019,,,,,,,0.725,0.034,0.0,0.0,,,,,,470.588,0.0,,,,,0.0,,,,0.68,0.0,0.0,0.46,0.0,0.18,0.0,0.46,0.0,0.0,0.22,0.04,0.0,0.68,0.32,,16894.356,,,,,,1647.063,67.647,,0.0,,,,,0.0,,,,26.471,,,,,644.503,,32.353,0.22,787.726,,,,,,0.0,0.0,0.0,,,,,0.0,,67.647,,,,,1647.063,,,,0.0,0.0,,,,,0.0,0.0,,2434.789,279285.0,4.718,787.726,32.353,,,,,,5.882,,,,,143.223,,0.0,,,,,0.0,
PYF,French Polynesia,2020,,,,,,,,,0.0,0.0,,,,,,470.588,0.0,,,,,0.0,,,,0.68,0.0,0.0,0.46,0.0,0.18,0.0,0.46,0.0,0.0,0.22,0.04,0.0,0.68,0.32,,,,,,,,1637.57,67.647,,0.0,,,,,0.0,,,,26.471,,,,,640.788,,32.353,0.22,783.186,,,,,,0.0,0.0,0.0,,,,,0.0,,67.647,,,,,1637.57,,,,0.0,0.0,,,,,0.0,0.0,,2420.756,280904.0,,783.186,32.353,,,,,,5.882,,,,,142.397,,0.0,,,,,0.0,
