iso_code,country,year,coal_prod_change_pct,coal_prod_change_twh,gas_prod_change_pct,gas_prod_change_twh,oil_prod_change_pct,oil_prod_change_twh,energy_cons_change_pct,energy_cons_change_twh,biofuel_share_elec,biofuel_elec_per_capita,biofuel_cons_change_pct,biofuel_share_energy,biofuel_cons_change_twh,biofuel_consumption,biofuel_cons_per_capita,carbon_intensity_elec,coal_share_elec,coal_cons_change_pct,coal_share_energy,coal_cons_change_twh,coal_consumption,coal_elec_per_capita,coal_cons_per_capita,coal_production,coal_prod_per_capita,electricity_demand,biofuel_electricity,coal_electricity,fossil_electricity,gas_electricity,hydro_electricity,nuclear_electricity,oil_electricity,other_renewable_exc_biofuel_electricity,other_renewable_electricity,renewables_electricity,solar_electricity,wind_electricity,electricity_generation,greenhouse_gas_emissions,energy_per_gdp,energy_per_capita,fossil_cons_change_pct,fossil_share_energy,fossil_cons_change_twh,fossil_fuel_consumption,fossil_energy_per_capita,fossil_cons_per_capita,fossil_share_elec,gdp,gas_share_elec,gas_cons_change_pct,gas_share_energy,gas_cons_change_twh,gas_consumption,gas_elec_per_capita,gas_energy_per_capita,gas_production,gas_prod_per_capita,hydro_share_elec,hydro_cons_change_pct,hydro_share_energy,hydro_cons_change_twh,hydro_consumption,hydro_elec_per_capita,hydro_energy_per_capita,low_carbon_share_elec,low_carbon_electricity,low_carbon_elec_per_capita,low_carbon_cons_change_pct,low_carbon_share_energy,low_carbon_cons_change_twh,low_carbon_consumption,low_carbon_energy_per_capita,net_elec_imports_share_demand,net_elec_imports,nuclear_share_elec,nuclear_cons_change_pct,nuclear_share_energy,nuclear_cons_change_twh,nuclear_consumption,nuclear_elec_per_capita,nuclear_energy_per_capita,oil_share_elec,oil_cons_change_pct,oil_share_energy,oil_cons_change_twh,oil_consumption,oil_elec_per_capita,oil_energy_per_capita,oil_production,oil_prod_per_capita,other_renewables_elec_per_capita_exc_biofuel,other_renewables_elec_per_capita,other_renewables_cons_change_pct,other_renewables_share_energy,other_renewables_cons_change_twh,other_renewable_consumption,other_renewables_share_elec_exc_biofuel,other_renewables_share_elec,other_renewables_energy_per_capita,per_capita_electricity,population,primary_energy_consumption,renewables_elec_per_capita,renewables_share_elec,renewables_cons_change_pct,renewables_share_energy,renewables_cons_change_twh,renewables_consumption,renewables_energy_per_capita,solar_share_elec,solar_cons_change_pct,solar_share_energy,solar_cons_change_twh,solar_consumption,solar_elec_per_capita,solar_energy_per_capita,wind_share_elec,wind_cons_change_pct,wind_share_energy,wind_cons_change_twh,wind_consumption,wind_elec_per_capita,wind_energy_per_capita
GUF,French Guiana,1980,,,,,,,,,,,,,,,,,,,,,,,,0.0,0.0,,,,,,,,,,,,,,,,,22620.611,,,,,,,,,,,,,,,,,,,,,,,,,,,,,,,,,,,,,,,,,,,,,,,,,,,,,,,,,,,,,66973.0,1.515,,,,,,,,,,,,,,,,,,,,,
GUF,French Guiana,1981,,0.0,,,,,-12.24,-0.185,,,,,,,,,,,,,,,,0.0,0.0,,,,,,,,,,,,,,,,,18987.335,,,,,,,,,,,,,,,,,,,,,,,,,,,,,,,,,,,,,,,,,,,,,,,,,,,,,,,,,,,,,70022.0,1.33,,,,,,,,,,,,,,,,,,,,,
GUF,French Guiana,1982,,0.0,,,,,22.727,0.302,,,,,,,,,,,,,,,,0.0,0.0,,,,,,,,,,,,,,,,,22225.97,,,,,,,,,,,,,,,,,,,,,,,,,,,,,,,,,,,,,,,,,,,,,,,,,,,,,,,,,,,,,73414.0,1.632,,,,,,,,,,,,,,,,,,,,,
GUF,French Guiana,1983,,0.0,,,,,3.704,0.06,,,,,,,,,,,,,,,,0.0,0.0,,,,,,,,,,,,,,,,,21909.708,,,,,,,,,,,,,,,,,,,,,,,,,,,,,,,,,,,,,,,,,,,,,,,,,,,,,,,,,,,,,77232.0,1.692,,,,,,,,,,,,,,,,,,,,,
GUF,French Guiana,1984,,0.0,,,,,-21.213,-0.359,,,,,,,,,,,,,,,,0.0,0.0,,,,,,,,,,,,,,,,,16344.724,,,,,,,,,,,,,,,,,,,,,,,,,,,,,,,,,,,,,,,,,,,,,,,,,,,,,,,,,,,,,81566.0,1.333,,,,,,,,,,,,,,,,,,,,,
GUF,French Guiana,1985,,0.0,,,,,-0.273,-0.004,,,,,,,,,,,,,,,,0.0,0.0,,,,,,,,,,,,,,,,,15381.861,,,,,,,,,,,,,,,,,,,,,,,,,,,,,,,,,,,,,,,,,,,,,,,,,,,,,,,,,,,,,86435.0,1.33,,,,,,,,,,,,,,,,,,,,,
GUF,French Guiana,1986,,0.0,,,,,17.176,0.228,,,,,,,,,,,,,,,,0.0,0.0,,,,,,,,,,,,,,,,,16942.798,,,,,,,,,,,,,,,,,,,,,,,,,,,,,,,,,,,,,,,,,,,,,,,,,,,,,,,,,,,,,91950.0,1.558,,,,,,,,,,,,,,,,,,,,,
GUF,French Guiana,1987,,0.0,,,,,14.219,0.222,,,,,,,,,,,,,,,,0.0,0.0,,,,,,,,,,,,,,,,,18162.325,,,,,,,,,,,,,,,,,,,,,,,,,,,,,,,,,,,,,,,,,,,,,,,,,,,,,,,,,,,,,97972.0,1.779,,,,,,,,,,,,,,,,,,,,,
GUF,French Guiana,1988,,0.0,,,,,14.91,0.265,,,,,,,,,,,,,,,,0.0,0.0,,,,,,,,,,,,,,,,,19618.722,,,,,,,,,,,,,,,,,,,,,,,,,,,,,,,,,,,,,,,,,,,,,,,,,,,,,,,,,,,,,104222.0,2.045,,,,,,,,,,,,,,,,,,,,,
GUF,French Guiana,1989,,0.0,,,,,15.002,0.307,,,,,,,,,,,,,,,,0.0,0.0,,,,,,,,,,,,,,,,,21326.247,,,,,,,,,,,,,,,,,,,,,,,,,,,,,,,,,,,,,,,,,,,,,,,,,,,,,,,,,,,,,110261.0,2.351,,,,,,,,,,,,,,,,,,,,,
GUF,French Guiana,1990,,0.0,,,,,19.429,0.457,,,,,,,,,,,,,,,,0.0,0.0,,,,,,,,,,,,,,,,,24254.741,,,,,,,,,,,,,,,,,,,,,,,,,,,,,,,,,,,,,,,,,,,,,,,,,,,,,,,,,,,,,115784.0,2.808,,,,,,,,,,,,,,,,,,,,,
GUF,French Guiana,1991,,0.0,,,,,9.842,0.276,,,,,,,,,,,,,,,,0.0,0.0,,,,,,,,,,,,,,,,,25559.231,,,,,,,,,,,,,,,,,,,,,,,,,,,,,,,,,,,,,,,,,,,,,,,,,,,,,,,,,,,,,120689.0,3.085,,,,,,,,,,,,,,,,,,,,,
GUF,French Guiana,1992,,0.0,,,,,-17.511,-0.54,,,,,,,,,,,,,,,,0.0,0.0,,,,,,,,,,,,,,,,,20344.337,,,,,,,,,,,,,,,,,,,,,,,,,,,,,,,,,,,,,,,,,,,,,,,,,,,,,,,,,,,,,125075.0,2.545,,,,,,,,,,,,,,,,,,,,,
GUF,French Guiana,1993,,0.0,,,,,33.353,0.849,,,,,,,,,,,,,,,,0.0,0.0,,,,,,,,,,,,,,,,,26274.668,,,,,,,,,,,,,,,,,,,,,,,,,,,,,,,,,,,,,,,,,,,,,,,,,,,,,,,,,,,,,129146.0,3.393,,,,,,,,,,,,,,,,,,,,,
GUF,French Guiana,1994,,0.0,,,,,0.0,0.0,,,,,,,,,,,,,,,,0.0,0.0,,,,,,,,,,,,,,,,,25477.665,,,,,,,,,,,,,,,,,,,,,,,,,,,,,,,,,,,,,,,,,,,,,,,,,,,,,,,,,,,,,133186.0,3.393,,,,,,,,,,,,,,,,,,,,,
GUF,French Guiana,1995,,0.0,,,,,16.609,0.564,,,,,,,,,,,,,,,,0.0,0.0,,,,,,,,,,,,,,,,,28798.152,,,,,,,,,,,,,,,,,,,,,,,,,,,,,,,,,,,,,,,,,,,,,,,,,,,,,,,,,,,,,137400.0,3.957,,,,,,,,,,,,,,,,,,,,,
GUF,French Guiana,1996,,0.0,,,,,-1.432,-0.057,,,,,,,,,,,,,,,,0.0,0.0,,,,,,,,,,,,,,,,,27507.583,,,,,,,,,,,,,,,,,,,,,,,,,,,,,,,,,,,,,,,,,,,,,,,,,,,,,,,,,,,,,141786.0,3.9,,,,,,,,,,,,,,,,,,,,,
GUF,French Guiana,1997,,0.0,,,,,1.453,0.057,,,,,,,,,,,,,,,,0.0,0.0,,,,,,,,,,,,,,,,,27040.518,,,,,,,,,,,,,,,,,,,,,,,,,,,,,,,,,,,,,,,,,,,,,,,,,,,,,,,,,,,,,146331.0,3.957,,,,,,,,,,,,,,,,,,,,,
GUF,French Guiana,1998,,0.0,,,,,0.0,0.0,,,,,,,,,,,,,,,,0.0,0.0,,,,,,,,,,,,,,,,,26161.963,,,,,,,,,,,,,,,,,,,,,,,,,,,,,,,,,,,,,,,,,,,,,,,,,,,,,,,,,,,,,151245.0,3.957,,,,,,,,,,,,,,,,,,,,,
GUF,French Guiana,1999,,0.0,,,,,0.0,0.0,,,,,,,,,,,,,,,,0.0,0.0,,,,,,,,,,,,,,,,,25233.35,,,,,,,,,,,,,,,,,,,,,,,,,,,,,,,,,,,,,,,,,,,,,,,,,,,,,,,,,,,,,156811.0,3.957,,,,,,,,,,,,,,,,,,,,,
GUF,French Guiana,2000,,0.0,,,,,-43.122,-1.706,0.0,0.0,,,,,,697.674,0.0,,,,,0.0,,0.0,0.0,0.43,0.0,0.0,0.43,0.0,0.0,0.0,0.43,0.0,0.0,0.0,0.0,0.0,0.43,0.3,,13793.431,,,,,,2635.401,100.0,,0.0,,,,,0.0,,,,0.0,,,,,0.0,,0.0,0.0,0.0,,,,,,0.0,0.0,0.0,,,,,0.0,,100.0,,,,,2635.401,,,,0.0,0.0,,,,,0.0,0.0,,2635.401,163163.0,2.251,0.0,0.0,,,,,,0.0,,,,,0.0,,0.0,,,,,0.0,
GUF,French Guiana,2001,,0.0,,,,,83.221,1.873,0.0,0.0,,,,,,86.207,0.0,,,,,0.0,,0.0,0.0,0.58,0.0,0.0,0.05,0.0,0.53,0.0,0.05,0.0,0.0,0.53,0.0,0.0,0.58,0.05,,24193.004,,,,,,293.353,8.621,,0.0,,,,,0.0,,,,91.379,,,,,3109.544,,91.379,0.53,3109.544,,,,,,0.0,0.0,0.0,,,,,0.0,,8.621,,,,,293.353,,,,0.0,0.0,,,,,0.0,0.0,,3402.897,170443.0,4.124,3109.544,91.379,,,,,,0.0,,,,,0.0,,0.0,,,,,0.0,
GUF,French Guiana,2002,,0.0,,,,,-7.028,-0.29,0.0,0.0,,,,,,81.967,0.0,,,,,0.0,,0.0,0.0,0.61,0.0,0.0,0.06,0.0,0.55,0.0,0.06,0.0,0.0,0.55,0.0,0.0,0.61,0.05,,21471.627,,,,,,336.044,9.836,,0.0,,,,,0.0,,,,90.164,,,,,3080.404,,90.164,0.55,3080.404,,,,,,0.0,0.0,0.0,,,,,0.0,,9.836,,,,,336.044,,,,0.0,0.0,,,,,0.0,0.0,,3416.448,178548.0,3.834,3080.404,90.164,,,,,,0.0,,,,,0.0,,0.0,,,,,0.0,
GUF,French Guiana,2003,,0.0,,,,,16.537,0.634,0.0,0.0,,,,,,79.365,0.0,,,,,0.0,,0.0,0.0,0.63,0.0,0.0,0.06,0.0,0.57,0.0,0.06,0.0,0.0,0.57,0.0,0.0,0.63,0.05,,23888.182,,,,,,320.811,9.524,,0.0,,,,,0.0,,,,90.476,,,,,3047.705,,90.476,0.57,3047.705,,,,,,0.0,0.0,0.0,,,,,0.0,,9.524,,,,,320.811,,,,0.0,0.0,,,,,0.0,0.0,,3368.516,187026.0,4.468,3047.705,90.476,,,,,,0.0,,,,,0.0,,0.0,,,,,0.0,
GUF,French Guiana,2004,,0.0,,,,,-0.109,-0.005,0.0,0.0,,,,,,76.923,0.0,,,,,0.0,,0.0,0.0,0.65,0.0,0.0,0.06,0.0,0.59,0.0,0.06,0.0,0.0,0.59,0.0,0.0,0.65,0.05,,22850.535,,,,,,307.212,9.231,,0.0,,,,,0.0,,,,90.769,,,,,3020.916,,90.769,0.59,3020.916,,,,,,0.0,0.0,0.0,,,,,0.0,,9.231,,,,,307.212,,,,0.0,0.0,,,,,0.0,0.0,,3328.128,195305.0,4.463,3020.916,90.769,,,,,,0.0,,,,,0.0,,0.0,,,,,0.0,
GUF,French Guiana,2005,,0.0,,,,,0.098,0.004,0.0,0.0,,,,,,73.529,0.0,,,,,0.0,,0.0,0.0,0.68,0.0,0.0,0.06,0.0,0.62,0.0,0.06,0.0,0.0,0.62,0.0,0.0,0.68,0.05,,22008.831,,,,,,295.606,8.824,,0.0,,,,,0.0,,,,91.176,,,,,3054.593,,91.176,0.62,3054.593,,,,,,0.0,0.0,0.0,,,,,0.0,,8.824,,,,,295.606,,,,0.0,0.0,,,,,0.0,0.0,,3350.199,202973.0,4.467,3054.593,91.176,,,,,,0.0,,,,,0.0,,0.0,,,,,0.0,
GUF,French Guiana,2006,,0.0,,,,,-6.246,-0.279,0.0,0.0,,,,,,98.592,0.0,,,,,0.0,,0.0,0.0,0.71,0.0,0.0,0.07,0.0,0.64,0.0,0.07,0.0,0.0,0.64,0.0,0.0,0.71,0.07,,19954.156,,,,,,333.506,9.859,,0.0,,,,,0.0,,,,90.141,,,,,3049.202,,90.141,0.64,3049.202,,,,,,0.0,0.0,0.0,,,,,0.0,,9.859,,,,,333.506,,,,0.0,0.0,,,,,0.0,0.0,,3382.708,209891.0,4.188,3049.202,90.141,,,,,,0.0,,,,,0.0,,0.0,,,,,0.0,
GUF,French Guiana,2007,,0.0,,,,,8.727,0.366,0.0,0.0,,,,,,211.111,0.0,,,,,0.0,,0.0,0.0,0.9,0.0,0.0,0.24,0.0,0.66,0.0,0.24,0.0,0.0,0.66,0.0,0.0,0.9,0.19,,21064.236,,,,,,1110.176,26.667,,0.0,,,,,0.0,,,,73.333,,,,,3052.983,,73.333,0.66,3052.983,,,,,,0.0,0.0,0.0,,,,,0.0,,26.667,,,,,1110.176,,,,0.0,0.0,,,,,0.0,0.0,,4163.159,216182.0,4.554,3052.983,73.333,,,,,,0.0,,,,,0.0,,0.0,,,,,0.0,
GUF,French Guiana,2008,,0.0,,,,,2.013,0.092,0.0,0.0,,,,,,195.652,0.0,,,,,0.0,,0.0,0.0,0.92,0.0,0.0,0.23,0.0,0.69,0.0,0.23,0.0,0.0,0.69,0.0,0.0,0.92,0.18,,20925.295,,,,,,1036.05,25.0,,0.0,,,,,0.0,,,,75.0,,,,,3108.15,,75.0,0.69,3108.15,,,,,,0.0,0.0,0.0,,,,,0.0,,25.0,,,,,1036.05,,,,0.0,0.0,,,,,0.0,0.0,,4144.2,221997.0,4.645,3108.15,75.0,,,,,,0.0,,,,,0.0,,0.0,,,,,0.0,
GUF,French Guiana,2009,,0.0,,,,,17.274,0.802,0.0,0.0,,,,,,233.01,0.0,,,,,0.0,,0.0,0.0,1.03,0.0,0.0,0.32,0.0,0.71,0.0,0.32,0.0,0.0,0.71,0.0,0.0,1.03,0.24,,23941.922,,,,,,1406.334,31.068,,0.0,,,,,0.0,,,,68.932,,,,,3120.303,,68.932,0.71,3120.303,,,,,,0.0,0.0,0.0,,,,,0.0,,31.068,,,,,1406.334,,,,0.0,0.0,,,,,0.0,0.0,,4526.637,227542.0,5.448,3120.303,68.932,,,,,,0.0,,,,,0.0,,0.0,,,,,0.0,
GUF,French Guiana,2010,,0.0,,,,,-4.418,-0.241,0.901,42.919,,,,,,243.243,0.0,,,,,0.0,,0.0,0.0,1.11,0.01,0.0,0.36,0.0,0.74,0.0,0.36,0.0,0.01,0.75,0.0,0.0,1.11,0.27,,22348.401,,,,,,1545.091,32.432,,0.0,,,,,0.0,,,,66.667,,,,,3176.02,,67.568,0.75,3218.939,,,,,,0.0,0.0,0.0,,,,,0.0,,32.432,,,,,1545.091,,,,0.0,42.919,,,,,0.0,0.901,,4764.03,232996.0,5.207,3218.939,67.568,,,,,,0.0,,,,,0.0,,0.0,,,,,0.0,
GUF,French Guiana,2011,,0.0,,,,,2.733,0.142,0.943,41.949,,,,,,254.717,0.0,,,,,0.0,,0.0,0.0,1.06,0.01,0.0,0.36,0.0,0.65,0.0,0.36,0.0,0.01,0.7,0.04,0.0,1.06,0.27,,22440.323,,,,,,1510.175,33.962,,0.0,,,,,0.0,,,,61.321,,,,,2726.705,,66.038,0.7,2936.451,,,,,,0.0,0.0,0.0,,,,,0.0,,33.962,,,,,1510.175,,,,0.0,41.949,,,,,0.0,0.943,,4446.626,238383.0,5.349,2936.451,66.038,,,,,,3.774,,,,,167.797,,0.0,,,,,0.0,
GUF,French Guiana,2012,,0.0,,,,,-16.517,-0.884,0.0,0.0,,,,,,227.273,0.0,,,,,0.0,,0.0,0.0,0.88,0.0,0.0,0.27,0.0,0.56,0.0,0.27,0.0,0.0,0.61,0.05,0.0,0.88,0.2,,18327.618,,,,,,1108.07,30.682,,0.0,,,,,0.0,,,,63.636,,,,,2298.218,,69.318,0.61,2503.417,,,,,,0.0,0.0,0.0,,,,,0.0,,30.682,,,,,1108.07,,,,0.0,0.0,,,,,0.0,0.0,,3611.486,243667.0,4.466,2503.417,69.318,,,,,,5.682,,,,,205.198,,0.0,,,,,0.0,
GUF,French Guiana,2013,,0.0,,,,,1.694,0.076,1.136,40.153,,,,,,284.091,0.0,,,,,0.0,,0.0,0.0,0.88,0.01,0.0,0.34,0.0,0.49,0.0,0.34,0.0,0.01,0.54,0.04,0.0,0.88,0.25,,18235.243,,,,,,1365.193,38.636,,0.0,,,,,0.0,,,,55.682,,,,,1967.484,,61.364,0.54,2168.248,,,,,,0.0,0.0,0.0,,,,,0.0,,38.636,,,,,1365.193,,,,0.0,40.153,,,,,0.0,1.136,,3533.441,249049.0,4.541,2168.248,61.364,,,,,,4.545,,,,,160.611,,0.0,,,,,0.0,
GUF,French Guiana,2014,,0.0,,,,,5.003,0.227,0.0,0.0,,,,,,280.899,0.0,,,,,0.0,,0.0,0.0,0.89,0.0,0.0,0.34,0.0,0.5,0.0,0.34,0.0,0.0,0.55,0.05,0.0,0.89,0.25,,18716.858,,,,,,1334.485,38.202,,0.0,,,,,0.0,,,,56.18,,,,,1962.477,,61.798,0.55,2158.725,,,,,,0.0,0.0,0.0,,,,,0.0,,38.202,,,,,1334.485,,,,0.0,0.0,,,,,0.0,0.0,,3493.21,254780.0,4.769,2158.725,61.798,,,,,,5.618,,,,,196.248,,0.0,,,,,0.0,
GUF,French Guiana,2015,,0.0,,,,,-0.566,-0.027,0.0,0.0,,,,,,288.889,0.0,,,,,0.0,,0.0,0.0,0.9,0.0,0.0,0.36,0.0,0.49,0.0,0.36,0.0,0.0,0.54,0.05,0.0,0.9,0.26,,18166.829,,,,,,1379.268,40.0,,0.0,,,,,0.0,,,,54.444,,,,,1877.337,,60.0,0.54,2068.902,,,,,,0.0,0.0,0.0,,,,,0.0,,40.0,,,,,1379.268,,,,0.0,0.0,,,,,0.0,0.0,,3448.17,261008.0,4.742,2068.902,60.0,,,,,,5.556,,,,,191.565,,0.0,,,,,0.0,
GUF,French Guiana,2016,,0.0,,,,,3.114,0.148,0.0,0.0,,,,,,329.67,0.0,,,,,0.0,,0.0,0.0,0.91,0.0,0.0,0.42,0.0,0.44,0.0,0.42,0.0,0.0,0.49,0.05,0.0,0.91,0.3,,18255.756,,,,,,1568.194,46.154,,0.0,,,,,0.0,,,,48.352,,,,,1642.87,,53.846,0.49,1829.56,,,,,,0.0,0.0,0.0,,,,,0.0,,46.154,,,,,1568.194,,,,0.0,0.0,,,,,0.0,0.0,,3397.754,267824.0,4.889,1829.56,53.846,,,,,,5.495,,,,,186.69,,0.0,,,,,0.0,
GUF,French Guiana,2017,,,,,,,6.15,0.301,0.0,0.0,,,,,,308.411,0.0,,,,,0.0,,,,1.07,0.0,0.0,0.46,0.0,0.56,0.0,0.46,0.0,0.0,0.61,0.05,0.0,1.07,0.33,,18859.832,,,,,,1671.578,42.991,,0.0,,,,,0.0,,,,52.336,,,,,2034.965,,57.009,0.61,2216.658,,,,,,0.0,0.0,0.0,,,,,0.0,,42.991,,,,,1671.578,,,,0.0,0.0,,,,,0.0,0.0,,3888.237,275189.0,5.19,2216.658,57.009,,,,,,4.673,,,,,181.693,,0.0,,,,,0.0,
GUF,French Guiana,2018,,,,,,,-1.732,-0.09,0.0,0.0,,,,,,336.364,0.0,,,,,0.0,,,,1.1,0.0,0.0,0.51,0.0,0.54,0.0,0.51,0.0,0.0,0.59,0.05,0.0,1.1,0.37,,18025.743,,,,,,1802.528,46.364,,0.0,,,,,0.0,,,,49.091,,,,,1908.559,,53.636,0.59,2085.277,,,,,,0.0,0.0,0.0,,,,,0.0,,46.364,,,,,1802.528,,,,0.0,0.0,,,,,0.0,0.0,,3887.805,282936.0,5.1,2085.277,53.636,,,,,,4.545,,,,,176.718,,0.0,,,,,0.0,
GUF,French Guiana,2019,,,,,,,-5.765,-0.294,1.0,34.385,,,,,,360.0,0.0,,,,,0.0,,,,1.0,0.01,0.0,0.5,0.0,0.44,0.0,0.5,0.0,0.01,0.5,0.05,0.0,1.0,0.36,,16525.94,,,,,,1719.259,50.0,,0.0,,,,,0.0,,,,44.0,,,,,1512.948,,50.0,0.5,1719.259,,,,,,0.0,0.0,0.0,,,,,0.0,,50.0,,,,,1719.259,,,,0.0,34.385,,,,,0.0,1.0,,3438.518,290823.0,4.806,1719.259,50.0,,,,,,5.0,,,,,171.926,,0.0,,,,,0.0,
GUF,French Guiana,2020,,,,,,,,,1.0,33.48,,,,,,360.0,0.0,,,,,0.0,,,,1.0,0.01,0.0,0.5,0.0,0.44,0.0,0.5,0.0,0.01,0.5,0.05,0.0,1.0,0.36,,,,,,,,1674.021,50.0,,0.0,,,,,0.0,,,,44.0,,,,,1473.139,,50.0,0.5,1674.021,,,,,,0.0,0.0,0.0,,,,,0.0,,50.0,,,,,1674.021,,,,0.0,33.48,,,,,0.0,1.0,,3348.042,298682.0,,1674.021,50.0,,,,,,5.0,,,,,167.402,,0.0,,,,,0.0,
