iso_code,country,year,coal_prod_change_pct,coal_prod_change_twh,gas_prod_change_pct,gas_prod_change_twh,oil_prod_change_pct,oil_prod_change_twh,energy_cons_change_pct,energy_cons_change_twh,biofuel_share_elec,biofuel_elec_per_capita,biofuel_cons_change_pct,biofuel_share_energy,biofuel_cons_change_twh,biofuel_consumption,biofuel_cons_per_capita,carbon_intensity_elec,coal_share_elec,coal_cons_change_pct,coal_share_energy,coal_cons_change_twh,coal_consumption,coal_elec_per_capita,coal_cons_per_capita,coal_production,coal_prod_per_capita,electricity_demand,biofuel_electricity,coal_electricity,fossil_electricity,gas_electricity,hydro_electricity,nuclear_electricity,oil_electricity,other_renewable_exc_biofuel_electricity,other_renewable_electricity,renewables_electricity,solar_electricity,wind_electricity,electricity_generation,greenhouse_gas_emissions,energy_per_gdp,energy_per_capita,fossil_cons_change_pct,fossil_share_energy,fossil_cons_change_twh,fossil_fuel_consumption,fossil_energy_per_capita,fossil_cons_per_capita,fossil_share_elec,gdp,gas_share_elec,gas_cons_change_pct,gas_share_energy,gas_cons_change_twh,gas_consumption,gas_elec_per_capita,gas_energy_per_capita,gas_production,gas_prod_per_capita,hydro_share_elec,hydro_cons_change_pct,hydro_share_energy,hydro_cons_change_twh,hydro_consumption,hydro_elec_per_capita,hydro_energy_per_capita,low_carbon_share_elec,low_carbon_electricity,low_carbon_elec_per_capita,low_carbon_cons_change_pct,low_carbon_share_energy,low_carbon_cons_change_twh,low_carbon_consumption,low_carbon_energy_per_capita,net_elec_imports_share_demand,net_elec_imports,nuclear_share_elec,nuclear_cons_change_pct,nuclear_share_energy,nuclear_cons_change_twh,nuclear_consumption,nuclear_elec_per_capita,nuclear_energy_per_capita,oil_share_elec,oil_cons_change_pct,oil_share_energy,oil_cons_change_twh,oil_consumption,oil_elec_per_capita,oil_energy_per_capita,oil_production,oil_prod_per_capita,other_renewables_elec_per_capita_exc_biofuel,other_renewables_elec_per_capita,other_renewables_cons_change_pct,other_renewables_share_energy,other_renewables_cons_change_twh,other_renewable_consumption,other_renewables_share_elec_exc_biofuel,other_renewables_share_elec,other_renewables_energy_per_capita,per_capita_electricity,population,primary_energy_consumption,renewables_elec_per_capita,renewables_share_elec,renewables_cons_change_pct,renewables_share_energy,renewables_cons_change_twh,renewables_consumption,renewables_energy_per_capita,solar_share_elec,solar_cons_change_pct,solar_share_energy,solar_cons_change_twh,solar_consumption,solar_elec_per_capita,solar_energy_per_capita,wind_share_elec,wind_cons_change_pct,wind_share_energy,wind_cons_change_twh,wind_consumption,wind_elec_per_capita,wind_energy_per_capita
GAB,Gabon,1900,,,,,,,,,,,,,,,,,,,,,,,,,,,,,,,,,,,,,,,,,,,,,,,,,,,,,,,,,,,,,,,,,,,,,,,,,,,,,,,,,,,,,,,,,,,0.0,0.0,,,,,,,,,,,369964.0,,,,,,,,,,,,,,,,,,,,,,
GAB,Gabon,1901,,,,,,0.0,,,,,,,,,,,,,,,,,,,,,,,,,,,,,,,,,,,,,,,,,,,,,,,,,,,,,,,,,,,,,,,,,,,,,,,,,,,,,,,,,,,,,0.0,0.0,,,,,,,,,,,367102.0,,,,,,,,,,,,,,,,,,,,,,
GAB,Gabon,1902,,,,,,0.0,,,,,,,,,,,,,,,,,,,,,,,,,,,,,,,,,,,,,,,,,,,,,,,,,,,,,,,,,,,,,,,,,,,,,,,,,,,,,,,,,,,,,0.0,0.0,,,,,,,,,,,363892.0,,,,,,,,,,,,,,,,,,,,,,
GAB,Gabon,1903,,,,,,0.0,,,,,,,,,,,,,,,,,,,,,,,,,,,,,,,,,,,,,,,,,,,,,,,,,,,,,,,,,,,,,,,,,,,,,,,,,,,,,,,,,,,,,0.0,0.0,,,,,,,,,,,360341.0,,,,,,,,,,,,,,,,,,,,,,
GAB,Gabon,1904,,,,,,0.0,,,,,,,,,,,,,,,,,,,,,,,,,,,,,,,,,,,,,,,,,,,,,,,,,,,,,,,,,,,,,,,,,,,,,,,,,,,,,,,,,,,,,0.0,0.0,,,,,,,,,,,356825.0,,,,,,,,,,,,,,,,,,,,,,
GAB,Gabon,1905,,,,,,0.0,,,,,,,,,,,,,,,,,,,,,,,,,,,,,,,,,,,,,,,,,,,,,,,,,,,,,,,,,,,,,,,,,,,,,,,,,,,,,,,,,,,,,0.0,0.0,,,,,,,,,,,353343.0,,,,,,,,,,,,,,,,,,,,,,
GAB,Gabon,1906,,,,,,0.0,,,,,,,,,,,,,,,,,,,,,,,,,,,,,,,,,,,,,,,,,,,,,,,,,,,,,,,,,,,,,,,,,,,,,,,,,,,,,,,,,,,,,0.0,0.0,,,,,,,,,,,349894.0,,,,,,,,,,,,,,,,,,,,,,
GAB,Gabon,1907,,,,,,0.0,,,,,,,,,,,,,,,,,,,,,,,,,,,,,,,,,,,,,,,,,,,,,,,,,,,,,,,,,,,,,,,,,,,,,,,,,,,,,,,,,,,,,0.0,0.0,,,,,,,,,,,346480.0,,,,,,,,,,,,,,,,,,,,,,
GAB,Gabon,1908,,,,,,0.0,,,,,,,,,,,,,,,,,,,,,,,,,,,,,,,,,,,,,,,,,,,,,,,,,,,,,,,,,,,,,,,,,,,,,,,,,,,,,,,,,,,,,0.0,0.0,,,,,,,,,,,343098.0,,,,,,,,,,,,,,,,,,,,,,
GAB,Gabon,1909,,,,,,0.0,,,,,,,,,,,,,,,,,,,,,,,,,,,,,,,,,,,,,,,,,,,,,,,,,,,,,,,,,,,,,,,,,,,,,,,,,,,,,,,,,,,,,0.0,0.0,,,,,,,,,,,340019.0,,,,,,,,,,,,,,,,,,,,,,
GAB,Gabon,1910,,,,,,0.0,,,,,,,,,,,,,,,,,,,,,,,,,,,,,,,,,,,,,,,,,,,,,,,,,,,,,,,,,,,,,,,,,,,,,,,,,,,,,,,,,,,,,0.0,0.0,,,,,,,,,,,337238.0,,,,,,,,,,,,,,,,,,,,,,
GAB,Gabon,1911,,,,,,0.0,,,,,,,,,,,,,,,,,,,,,,,,,,,,,,,,,,,,,,,,,,,,,,,,,,,,,,,,,,,,,,,,,,,,,,,,,,,,,,,,,,,,,0.0,0.0,,,,,,,,,,,334749.0,,,,,,,,,,,,,,,,,,,,,,
GAB,Gabon,1912,,,,,,0.0,,,,,,,,,,,,,,,,,,,,,,,,,,,,,,,,,,,,,,,,,,,,,,,,,,,,,,,,,,,,,,,,,,,,,,,,,,,,,,,,,,,,,0.0,0.0,,,,,,,,,,,332549.0,,,,,,,,,,,,,,,,,,,,,,
GAB,Gabon,1913,,,,,,0.0,,,,,,,,,,,,,,,,,,,,,,,,,,,,,,,,,,,,,,,,,,,,,,,,,,,,,,,,,,,,,,,,,,,,,,,,,,,,,,,,,,,,,0.0,0.0,,,,,,,,,,,330635.0,,,,,,,,,,,,,,,,,,,,,,
GAB,Gabon,1914,,,,,,0.0,,,,,,,,,,,,,,,,,,,,,,,,,,,,,,,,,,,,,,,,,,,,,,,,,,,,,,,,,,,,,,,,,,,,,,,,,,,,,,,,,,,,,0.0,0.0,,,,,,,,,,,328731.0,,,,,,,,,,,,,,,,,,,,,,
GAB,Gabon,1915,,,,,,0.0,,,,,,,,,,,,,,,,,,,,,,,,,,,,,,,,,,,,,,,,,,,,,,,,,,,,,,,,,,,,,,,,,,,,,,,,,,,,,,,,,,,,,0.0,0.0,,,,,,,,,,,326838.0,,,,,,,,,,,,,,,,,,,,,,
GAB,Gabon,1916,,,,,,0.0,,,,,,,,,,,,,,,,,,,,,,,,,,,,,,,,,,,,,,,,,,,,,,,,,,,,,,,,,,,,,,,,,,,,,,,,,,,,,,,,,,,,,0.0,0.0,,,,,,,,,,,324956.0,,,,,,,,,,,,,,,,,,,,,,
GAB,Gabon,1917,,,,,,0.0,,,,,,,,,,,,,,,,,,,,,,,,,,,,,,,,,,,,,,,,,,,,,,,,,,,,,,,,,,,,,,,,,,,,,,,,,,,,,,,,,,,,,0.0,0.0,,,,,,,,,,,323084.0,,,,,,,,,,,,,,,,,,,,,,
GAB,Gabon,1918,,,,,,0.0,,,,,,,,,,,,,,,,,,,,,,,,,,,,,,,,,,,,,,,,,,,,,,,,,,,,,,,,,,,,,,,,,,,,,,,,,,,,,,,,,,,,,0.0,0.0,,,,,,,,,,,321146.0,,,,,,,,,,,,,,,,,,,,,,
GAB,Gabon,1919,,,,,,0.0,,,,,,,,,,,,,,,,,,,,,,,,,,,,,,,,,,,,,,,,,,,,,,,,,,,,,,,,,,,,,,,,,,,,,,,,,,,,,,,,,,,,,0.0,0.0,,,,,,,,,,,320425.0,,,,,,,,,,,,,,,,,,,,,,
GAB,Gabon,1920,,,,,,0.0,,,,,,,,,,,,,,,,,,,,,,,,,,,,,,,,,,,,,,,,,,,,,,,,,,,,,,,,,,,,,,,,,,,,,,,,,,,,,,,,,,,,,0.0,0.0,,,,,,,,,,,320929.0,,,,,,,,,,,,,,,,,,,,,,
GAB,Gabon,1921,,,,,,0.0,,,,,,,,,,,,,,,,,,,,,,,,,,,,,,,,,,,,,,,,,,,,,,,,,,,,,,,,,,,,,,,,,,,,,,,,,,,,,,,,,,,,,0.0,0.0,,,,,,,,,,,322668.0,,,,,,,,,,,,,,,,,,,,,,
GAB,Gabon,1922,,,,,,0.0,,,,,,,,,,,,,,,,,,,,,,,,,,,,,,,,,,,,,,,,,,,,,,,,,,,,,,,,,,,,,,,,,,,,,,,,,,,,,,,,,,,,,0.0,0.0,,,,,,,,,,,325650.0,,,,,,,,,,,,,,,,,,,,,,
GAB,Gabon,1923,,,,,,0.0,,,,,,,,,,,,,,,,,,,,,,,,,,,,,,,,,,,,,,,,,,,,,,,,,,,,,,,,,,,,,,,,,,,,,,,,,,,,,,,,,,,,,0.0,0.0,,,,,,,,,,,329883.0,,,,,,,,,,,,,,,,,,,,,,
GAB,Gabon,1924,,,,,,0.0,,,,,,,,,,,,,,,,,,,,,,,,,,,,,,,,,,,,,,,,,,,,,,,,,,,,,,,,,,,,,,,,,,,,,,,,,,,,,,,,,,,,,0.0,0.0,,,,,,,,,,,334171.0,,,,,,,,,,,,,,,,,,,,,,
GAB,Gabon,1925,,,,,,0.0,,,,,,,,,,,,,,,,,,,,,,,,,,,,,,,,,,,,,,,,,,,,,,,,,,,,,,,,,,,,,,,,,,,,,,,,,,,,,,,,,,,,,0.0,0.0,,,,,,,,,,,338516.0,,,,,,,,,,,,,,,,,,,,,,
GAB,Gabon,1926,,,,,,0.0,,,,,,,,,,,,,,,,,,,,,,,,,,,,,,,,,,,,,,,,,,,,,,,,,,,,,,,,,,,,,,,,,,,,,,,,,,,,,,,,,,,,,0.0,0.0,,,,,,,,,,,342916.0,,,,,,,,,,,,,,,,,,,,,,
GAB,Gabon,1927,,,,,,0.0,,,,,,,,,,,,,,,,,,,,,,,,,,,,,,,,,,,,,,,,,,,,,,,,,,,,,,,,,,,,,,,,,,,,,,,,,,,,,,,,,,,,,0.0,0.0,,,,,,,,,,,347374.0,,,,,,,,,,,,,,,,,,,,,,
GAB,Gabon,1928,,,,,,0.0,,,,,,,,,,,,,,,,,,,,,,,,,,,,,,,,,,,,,,,,,,,,,,,,,,,,,,,,,,,,,,,,,,,,,,,,,,,,,,,,,,,,,0.0,0.0,,,,,,,,,,,351890.0,,,,,,,,,,,,,,,,,,,,,,
GAB,Gabon,1929,,,,,,0.0,,,,,,,,,,,,,,,,,,,,,,,,,,,,,,,,,,,,,,,,,,,,,,,,,,,,,,,,,,,,,,,,,,,,,,,,,,,,,,,,,,,,,0.0,0.0,,,,,,,,,,,356393.0,,,,,,,,,,,,,,,,,,,,,,
GAB,Gabon,1930,,,,,,0.0,,,,,,,,,,,,,,,,,,,,,,,,,,,,,,,,,,,,,,,,,,,,,,,,,,,,,,,,,,,,,,,,,,,,,,,,,,,,,,,,,,,,,0.0,0.0,,,,,,,,,,,360880.0,,,,,,,,,,,,,,,,,,,,,,
GAB,Gabon,1931,,,,,,0.0,,,,,,,,,,,,,,,,,,,,,,,,,,,,,,,,,,,,,,,,,,,,,,,,,,,,,,,,,,,,,,,,,,,,,,,,,,,,,,,,,,,,,0.0,0.0,,,,,,,,,,,365353.0,,,,,,,,,,,,,,,,,,,,,,
GAB,Gabon,1932,,,,,,0.0,,,,,,,,,,,,,,,,,,,,,,,,,,,,,,,,,,,,,,,,,,,,,,,,,,,,,,,,,,,,,,,,,,,,,,,,,,,,,,,,,,,,,0.0,0.0,,,,,,,,,,,369808.0,,,,,,,,,,,,,,,,,,,,,,
GAB,Gabon,1933,,,,,,0.0,,,,,,,,,,,,,,,,,,,,,,,,,,,,,,,,,,,,,,,,,,,,,,,,,,,,,,,,,,,,,,,,,,,,,,,,,,,,,,,,,,,,,0.0,0.0,,,,,,,,,,,374246.0,,,,,,,,,,,,,,,,,,,,,,
GAB,Gabon,1934,,,,,,0.0,,,,,,,,,,,,,,,,,,,,,,,,,,,,,,,,,,,,,,,,,,,,,,,,,,,,,,,,,,,,,,,,,,,,,,,,,,,,,,,,,,,,,0.0,0.0,,,,,,,,,,,378737.0,,,,,,,,,,,,,,,,,,,,,,
GAB,Gabon,1935,,,,,,0.0,,,,,,,,,,,,,,,,,,,,,,,,,,,,,,,,,,,,,,,,,,,,,,,,,,,,,,,,,,,,,,,,,,,,,,,,,,,,,,,,,,,,,0.0,0.0,,,,,,,,,,,383282.0,,,,,,,,,,,,,,,,,,,,,,
GAB,Gabon,1936,,,,,,0.0,,,,,,,,,,,,,,,,,,,,,,,,,,,,,,,,,,,,,,,,,,,,,,,,,,,,,,,,,,,,,,,,,,,,,,,,,,,,,,,,,,,,,0.0,0.0,,,,,,,,,,,387881.0,,,,,,,,,,,,,,,,,,,,,,
GAB,Gabon,1937,,,,,,0.0,,,,,,,,,,,,,,,,,,,,,,,,,,,,,,,,,,,,,,,,,,,,,,,,,,,,,,,,,,,,,,,,,,,,,,,,,,,,,,,,,,,,,0.0,0.0,,,,,,,,,,,392536.0,,,,,,,,,,,,,,,,,,,,,,
GAB,Gabon,1938,,,,,,0.0,,,,,,,,,,,,,,,,,,,,,,,,,,,,,,,,,,,,,,,,,,,,,,,,,,,,,,,,,,,,,,,,,,,,,,,,,,,,,,,,,,,,,0.0,0.0,,,,,,,,,,,397246.0,,,,,,,,,,,,,,,,,,,,,,
GAB,Gabon,1939,,,,,,0.0,,,,,,,,,,,,,,,,,,,,,,,,,,,,,,,,,,,,,,,,,,,,,,,,,,,,,,,,,,,,,,,,,,,,,,,,,,,,,,,,,,,,,0.0,0.0,,,,,,,,,,,402338.0,,,,,,,,,,,,,,,,,,,,,,
GAB,Gabon,1940,,,,,,0.0,,,,,,,,,,,,,,,,,,,,,,,,,,,,,,,,,,,,,,,,,,,,,,,,,,,,,,,,,,,,,,,,,,,,,,,,,,,,,,,,,,,,,0.0,0.0,,,,,,,,,,,407822.0,,,,,,,,,,,,,,,,,,,,,,
GAB,Gabon,1941,,,,,,0.0,,,,,,,,,,,,,,,,,,,,,,,,,,,,,,,,,,,,,,,,,,,,,,,,,,,,,,,,,,,,,,,,,,,,,,,,,,,,,,,,,,,,,0.0,0.0,,,,,,,,,,,413708.0,,,,,,,,,,,,,,,,,,,,,,
GAB,Gabon,1942,,,,,,0.0,,,,,,,,,,,,,,,,,,,,,,,,,,,,,,,,,,,,,,,,,,,,,,,,,,,,,,,,,,,,,,,,,,,,,,,,,,,,,,,,,,,,,0.0,0.0,,,,,,,,,,,420006.0,,,,,,,,,,,,,,,,,,,,,,
GAB,Gabon,1943,,,,,,0.0,,,,,,,,,,,,,,,,,,,,,,,,,,,,,,,,,,,,,,,,,,,,,,,,,,,,,,,,,,,,,,,,,,,,,,,,,,,,,,,,,,,,,0.0,0.0,,,,,,,,,,,426726.0,,,,,,,,,,,,,,,,,,,,,,
GAB,Gabon,1944,,,,,,0.0,,,,,,,,,,,,,,,,,,,,,,,,,,,,,,,,,,,,,,,,,,,,,,,,,,,,,,,,,,,,,,,,,,,,,,,,,,,,,,,,,,,,,0.0,0.0,,,,,,,,,,,433554.0,,,,,,,,,,,,,,,,,,,,,,
GAB,Gabon,1945,,,,,,0.0,,,,,,,,,,,,,,,,,,,,,,,,,,,,,,,,,,,,,,,,,,,,,,,,,,,,,,,,,,,,,,,,,,,,,,,,,,,,,,,,,,,,,0.0,0.0,,,,,,,,,,,440491.0,,,,,,,,,,,,,,,,,,,,,,
GAB,Gabon,1946,,,,,,0.0,,,,,,,,,,,,,,,,,,,,,,,,,,,,,,,,,,,,,,,,,,,,,,,,,,,,,,,,,,,,,,,,,,,,,,,,,,,,,,,,,,,,,0.0,0.0,,,,,,,,,,,447538.0,,,,,,,,,,,,,,,,,,,,,,
GAB,Gabon,1947,,,,,,0.0,,,,,,,,,,,,,,,,,,,,,,,,,,,,,,,,,,,,,,,,,,,,,,,,,,,,,,,,,,,,,,,,,,,,,,,,,,,,,,,,,,,,,0.0,0.0,,,,,,,,,,,454699.0,,,,,,,,,,,,,,,,,,,,,,
GAB,Gabon,1948,,,,,,0.0,,,,,,,,,,,,,,,,,,,,,,,,,,,,,,,,,,,,,,,,,,,,,,,,,,,,,,,,,,,,,,,,,,,,,,,,,,,,,,,,,,,,,0.0,0.0,,,,,,,,,,,461974.0,,,,,,,,,,,,,,,,,,,,,,
GAB,Gabon,1949,,,,,,0.0,,,,,,,,,,,,,,,,,,,,,,,,,,,,,,,,,,,,,,,,,,,,,,,,,,,,,,,,,,,,,,,,,,,,,,,,,,,,,,,,,,,,,0.0,0.0,,,,,,,,,,,468180.0,,,,,,,,,,,,,,,,,,,,,,
GAB,Gabon,1950,,,,,,0.0,,,,,,,,,,,,,,,,,,,,,,,,,,,,,,,,,,,,,,,,,,,,1229838786.0,,,,,,,,,,,,,,,,,,,,,,,,,,,,,,,,,,,,,,,,,0.0,0.0,,,,,,,,,,,473296.0,,,,,,,,,,,,,,,,,,,,,,
GAB,Gabon,1951,,,,,,0.0,,,,,,,,,,,,,,,,,,,,,,,,,,,,,,,,,,,,,,,,,,,,1275174123.0,,,,,,,,,,,,,,,,,,,,,,,,,,,,,,,,,,,,,,,,,0.0,0.0,,,,,,,,,,,476381.0,,,,,,,,,,,,,,,,,,,,,,
GAB,Gabon,1952,,,,,,0.0,,,,,,,,,,,,,,,,,,,,,,,,,,,,,,,,,,,,,,,,,,,,1322266386.0,,,,,,,,,,,,,,,,,,,,,,,,,,,,,,,,,,,,,,,,,0.0,0.0,,,,,,,,,,,478655.0,,,,,,,,,,,,,,,,,,,,,,
GAB,Gabon,1953,,,,,,0.0,,,,,,,,,,,,,,,,,,,,,,,,,,,,,,,,,,,,,,,,,,,,1370144412.0,,,,,,,,,,,,,,,,,,,,,,,,,,,,,,,,,,,,,,,,,0.0,0.0,,,,,,,,,,,480536.0,,,,,,,,,,,,,,,,,,,,,,
GAB,Gabon,1954,,,,,,0.0,,,,,,,,,,,,,,,,,,,,,,,,,,,,,,,,,,,,,,,,,,,,1420546585.0,,,,,,,,,,,,,,,,,,,,,,,,,,,,,,,,,,,,,,,,,0.0,0.0,,,,,,,,,,,482332.0,,,,,,,,,,,,,,,,,,,,,,
GAB,Gabon,1955,,,,,,0.0,,,,,,,,,,,,,,,,,,,,,,,,,,,,,,,,,,,,,,,,,,,,1473689364.0,,,,,,,,,,,,,,,,,,,,,,,,,,,,,,,,,,,,,,,,,0.0,0.0,,,,,,,,,,,484308.0,,,,,,,,,,,,,,,,,,,,,,
GAB,Gabon,1956,,,,,,0.0,,,,,,,,,,,,,,,,,,,,,,,,,,,,,,,,,,,,,,,,,,,,1527931399.0,,,,,,,,,,,,,,,,,,,,,,,,,,,,,,,,,,,,,,,,,0.0,0.0,,,,,,,,,,,486640.0,,,,,,,,,,,,,,,,,,,,,,
GAB,Gabon,1957,,,,,,2.012,,,,,,,,,,,,,,,,,,,,,,,,,,,,,,,,,,,,,,,,,,,,1583920368.0,,,,,,,,,,,,,,,,,,,,,,,,,,,,,,,,,,,,,,,,,2.012,4110.812,,,,,,,,,,,489439.0,,,,,,,,,,,,,,,,,,,,,,
GAB,Gabon,1958,,,,,191.908,3.861,,,,,,,,,,,,,,,,,,,,,,,,,,,,,,,,,,,,,,,,,,,,1643224190.0,,,,,,,,,,,,,,,,,,,,,,,,,,,,,,,,,,,,,,,,,5.873,11918.943,,,,,,,,,,,492758.0,,,,,,,,,,,,,,,,,,,,,,
GAB,Gabon,1959,,,,,49.109,2.884,,,,,,,,,,,,,,,,,,,,,,,,,,,,,,,,,,,,,,,,,,,,1704820999.0,,,,,,,,,,,,,,,,,,,,,,,,,,,,,,,,,,,,,,,,,8.757,17635.03,,,,,,,,,,,496591.0,,,,,,,,,,,,,,,,,,,,,,
GAB,Gabon,1960,,,,,6.242,0.547,,,,,,,,,,,,,,,,,,,,,,,,,,,,,,,,,,,,,,,,,,,,1775983946.0,,,,,,,,,,,,,,,,,,,,,,,,,,,,,,,,,,,,,,,,,9.304,18573.765,,,,,,,,,,,500922.0,,,,,,,,,,,,,,,,,,,,,,
GAB,Gabon,1961,,,,,-3.25,-0.302,,,,,,,,,,,,,,,,,,,,,,,,,,,,,,,,,,,,,,,,,,,,1988891275.0,,,,,,,,,,,,,,,,,,,,,,,,,,,,,,,,,,,,,,,,,9.002,17797.058,,,,,,,,,,,505793.0,,,,,,,,,,,,,,,,,,,,,,
GAB,Gabon,1962,,,,,6.848,0.616,,,,,,,,,,,,,,,,,,,,,,,,,,,,,,,,,,,,,,,,,,,,2049107517.0,,,,,,,,,,,,,,,,,,,,,,,,,,,,,,,,,,,,,,,,,9.618,18811.461,,,,,,,,,,,511285.0,,,,,,,,,,,,,,,,,,,,,,
GAB,Gabon,1963,,,,,7.376,0.709,,,,,,,,,,,,,,,,,,,,,,,,,,,,,,,,,,,,,,,,,,,,2121780843.0,,,,,,,,,,,,,,,,,,,,,,,,,,,,,,,,,,,,,,,,,10.327,19953.607,,,,,,,,,,,517573.0,,,,,,,,,,,,,,,,,,,,,,
GAB,Gabon,1964,,,,,19.144,1.977,,,,,,,,,,,,,,,,,,,,,,,,,,,,,,,,,,,,,,,,,,,,2158404672.0,,,,,,,,,,,,,,,,,,,,,,,,,,,,,,,,,,,,,,,,,12.305,23442.105,,,,,,,,,,,524891.0,,,,,,,,,,,,,,,,,,,,,,
GAB,Gabon,1965,,,,,19.565,2.407,,,,,,,,,,,,,,,,,,,,,,,,,,,,,,,,,,,,,,,,,,,,2194509636.0,,,,,,,,,,,,,,,,,,,,,,,,,,,,,,,,,,,,,,,,,14.712,27583.682,,,,,,,,,,,533357.0,,,,,,,,,,,,,,,,,,,,,,
GAB,Gabon,1966,,,,,14.387,2.117,,,,,,,,,,,,,,,,,,,,,,,,,,,,,,,,,,,,,,,,,,,,2292511959.0,,,,,,,,,,,,,,,,,,,,,,,,,,,,,,,,,,,,,,,,,16.829,30985.125,,,,,,,,,,,543119.0,,,,,,,,,,,,,,,,,,,,,,
GAB,Gabon,1967,,,,,138.079,23.237,,,,,,,,,,,,,,,,,,,,,,,,,,,,,,,,,,,,,,,,,,,,2387317528.0,,,,,,,,,,,,,,,,,,,,,,,,,,,,,,,,,,,,,,,,,40.065,72313.078,,,,,,,,,,,554054.0,,,,,,,,,,,,,,,,,,,,,,
GAB,Gabon,1968,,,,,34.717,13.909,,,,,,,,,,,,,,,,,,,,,,,,,,,,,,,,,,,,,,,,,,,,2447994731.0,,,,,,,,,,,,,,,,,,,,,,,,,,,,,,,,,,,,,,,,,53.975,95401.838,,,,,,,,,,,565763.0,,,,,,,,,,,,,,,,,,,,,,
GAB,Gabon,1969,,,,,8.317,4.489,,,,,,,,,,,,,,,,,,,,,,,,,,,,,,,,,,,,,,,,,,,,2645763276.0,,,,,,,,,,,,,,,,,,,,,,,,,,,,,,,,,,,,,,,,,58.464,101211.144,,,,,,,,,,,577644.0,,,,,,,,,,,,,,,,,,,,,,
GAB,Gabon,1970,,,,,7.877,4.605,,,,,,,,,,,,,,,,,,,,,,,,,,,,,,,,,,,,,,,,,,,,2874952872.0,,,,,,,,,,,,,,,,,,,,,,,,,,,,,,,,,,,,,,,,,63.069,107021.331,,,,,,,,,,,589317.0,,,,,,,,,,,,,,,,,,,,,,
GAB,Gabon,1971,,,,,6.86,4.326,,,,,,,,,,,,,,,,,,,,,,,,,,,,,,,,,,,,,,,,,,,,3169780110.0,,,,,,,,,,,,,,,,,,,,,,,,,,,,,,,,,,,,,,,,,67.396,112212.708,,,,,,,,,,,600608.0,,,,,,,,,,,,,,,,,,,,,,
GAB,Gabon,1972,,,,,8.766,5.908,,,,,,,,,,,,,,,,,,,,,,,,,,,,,,,,,,,,,,,,,,,,3528801031.0,,,,,,,,,,,,,,,,,,,,,,,,,,,,,,,,,,,,,,,,,73.304,119835.362,,,,,,,,,,,611705.0,,,,,,,,,,,,,,,,,,,,,,
GAB,Gabon,1973,,,,,20.53,15.049,,,,,,,,,,,,,,,,,,,,,,,,,,,,,,,,,,,,,,,,,,,,3888163230.0,,,,,,,,,,,,,,,,,,,,,,,,,,,,,,,,,,,,,,,,,88.353,141838.376,,,,,,,,,,,622914.0,,,,,,,,,,,,,,,,,,,,,,
GAB,Gabon,1974,,,,,34.29,30.296,,,,,,,,,,,,,,,,,,,,,,,,,,,,,,,,,,,,,,,,,,,,5423777205.0,,,,,,,,,,,,,,,,,,,,,,,,,,,,,,,,,,,,,,,,,118.649,186926.059,,,,,,,,,,,634739.0,,,,,,,,,,,,,,,,,,,,,,
GAB,Gabon,1975,,,,,10.91,12.944,,,,,,,,,,,,,,,,,,,,,,,,,,,,,,,,,,,,,,,,,,,,6464648460.0,,,,,,,,,,,,,,,,,,,,,,,,,,,,,,,,,,,,,,,,,131.593,203221.201,,,,,,,,,,,647538.0,,,,,,,,,,,,,,,,,,,,,,
GAB,Gabon,1976,,,,,0.08,0.105,,,,,,,,,,,,,,,,,,,,,,,,,,,,,,,,,,,,,,,,,,,,8766902214.0,,,,,,,,,,,,,,,,,,,,,,,,,,,,,,,,,,,,,,,,,131.698,199120.832,,,,,,,,,,,661398.0,,,,,,,,,,,,,,,,,,,,,,
GAB,Gabon,1977,,,,,-0.503,-0.663,,,,,,,,,,,,,,,,,,,,,,,,,,,,,,,,,,,,,,,,,,,,7664699161.0,,,,,,,,,,,,,,,,,,,,,,,,,,,,,,,,,,,,,,,,,131.035,193763.397,,,,,,,,,,,676264.0,,,,,,,,,,,,,,,,,,,,,,
GAB,Gabon,1978,,,,,-5.92,-7.757,,,,,,,,,,,,,,,,,,,,,,,,,,,,,,,,,,,,,,,,,,,,5820811473.0,,,,,,,,,,,,,,,,,,,,,,,,,,,,,,,,,,,,,,,,,123.278,178127.321,,,,,,,,,,,692078.0,,,,,,,,,,,,,,,,,,,,,,
GAB,Gabon,1979,,,,,-7.566,-9.327,,,,,,,,,,,,,,,,,,,,,,,,,,,,,,,,,,,,,,,,,,,,5849072901.0,,,,,,,,,,,,,,,,,,,,,,,,,,,,,,,,,,,,,,,,,113.951,160768.439,,,,,,,,,,,708788.0,,,,,,,,,,,,,,,,,,,,,,
GAB,Gabon,1980,,,,,-9.216,-10.502,,,,,,,,,,,,,,,,,,0.0,0.0,,,,,,,,,,,,,,,,1.39,11475.853,,,,,,,,5997574454.0,,,,,,,,0.768,1057.08,,,,,,,,,,,,,,,,,,,,,,,,,,,,,,,,103.449,142425.809,,,,,,,,,,,726335.0,8.335,,,,,,,,,,,,,,,,,,,,,
GAB,Gabon,1981,,0.0,-16.0,-0.123,-13.974,-14.456,11.294,0.941,,,,,,,,,,,,,,,,0.0,0.0,,,,,,,,,,,,,,,,1.472,12457.072,,,,,,,,6303460500.0,,,,,,,,0.645,866.055,,,,,,,,,,,,,,,,,,,,,,,,,,,,,,,,88.993,119502.293,,,,,,,,,,,744695.0,9.277,,,,,,,,,,,,,,,,,,,,,
GAB,Gabon,1982,,0.0,-4.762,-0.031,1.83,1.628,-4.517,-0.419,,,,,,,,,,,,,,,,0.0,0.0,,,,,,,,,,,,,,,,1.45,11594.84,,,,,,,,6108597859.0,,,,,,,,0.614,804.045,,,,,,,,,,,,,,,,,,,,,,,,,,,,,,,,90.621,118624.38,,,,,,,,,,,763932.0,8.858,,,,,,,,,,,,,,,,,,,,,
GAB,Gabon,1983,,0.0,165.0,1.013,0.988,0.896,34.427,3.049,,,,,,,,,,,,,,,,0.0,0.0,,,,,,,,,,,,,,,,1.846,15186.542,,,,,,,,6451048058.0,,,,,,,,1.628,2076.031,,,,,,,,,,,,,,,,,,,,,,,,,,,,,,,,91.516,116721.854,,,,,,,,,,,784056.0,11.907,,,,,,,,,,,,,,,,,,,,,
GAB,Gabon,1984,,0.0,0.0,0.0,10.942,10.013,-8.651,-1.03,,,,,,,,,,,,,,,,0.0,0.0,,,,,,,,,,,,,,,,1.568,13509.825,,,,,,,,6934899120.0,,,,,,,,1.628,2021.724,,,,,,,,,,,,,,,,,,,,,,,,,,,,,,,,101.53,126105.771,,,,,,,,,,,805117.0,10.877,,,,,,,,,,,,,,,,,,,,,
GAB,Gabon,1985,,0.0,-62.264,-1.013,-1.191,-1.21,-13.564,-1.475,,,,,,,,,,,,,,,,0.0,0.0,,,,,,,,,,,,,,,,1.388,11366.927,,,,,,,,6773415716.0,,,,,,,,0.614,742.631,,,,,,,,,,,,,,,,,,,,,,,,,,,,,,,,100.32,121290.692,,,,,,,,,,,827107.0,9.402,,,,,,,,,,,,,,,,,,,,,
GAB,Gabon,1986,,0.0,-50.0,-0.307,-3.837,-3.85,-10.301,-0.968,,,,,,,,,,,,,,,,0.0,0.0,,,,,,,,,,,,,,,,1.255,9920.815,,,,,,,,6719164464.0,,,,,,,,0.307,361.293,,,,,,,,,,,,,,,,,,,,,,,,,,,,,,,,96.471,113488.175,,,,,,,,,,,850052.0,8.433,,,,,,,,,,,,,,,,,,,,,
GAB,Gabon,1987,,0.0,310.0,0.952,-6.823,-6.583,15.713,1.325,,,,,,,,,,,,,,,,0.0,0.0,,,,,,,,,,,,,,,,1.753,11166.736,,,,,,,,5567389120.0,,,,,,,,1.259,1440.925,,,,,,,,,,,,,,,,,,,,,,,,,,,,,,,,89.888,102862.173,,,,,,,,,,,873871.0,9.758,,,,,,,,,,,,,,,,,,,,,
GAB,Gabon,1988,,0.0,-14.634,-0.184,15.047,13.526,5.545,0.541,,,,,,,,,,,,,,,,0.0,0.0,,,,,,,,,,,,,,,,1.64,11463.211,,,,,,,,6282005626.0,,,,,,,,1.075,1196.378,,,,,,,,,,,,,,,,,,,,,,,,,,,,,,,,103.414,115099.814,,,,,,,,,,,898472.0,10.299,,,,,,,,,,,,,,,,,,,,,
GAB,Gabon,1989,,0.0,-8.571,-0.092,15.013,15.526,24.671,2.541,,,,,,,,,,,,,,,,0.0,0.0,,,,,,,,,,,,,,,,1.883,13900.753,,,,,,,,6819593370.0,,,,,,,,0.983,1063.941,,,,,,,,,,,,,,,,,,,,,,,,,,,,,,,,118.94,128762.81,,,,,,,,,,,923714.0,12.84,,,,,,,,,,,,,,,,,,,,,
GAB,Gabon,1990,,0.0,-6.25,-0.061,31.935,37.984,-1.531,-0.197,,,,,,,,,,,,,,,,0.0,0.0,,,,,,,,,,,,,,,,1.763,13316.276,,,,,,,,7172590264.0,,,,,,,,0.921,970.363,,,,,,,,,,,,,,,,,,,,,,,,,,,,,,,,156.924,165270.929,,,,,,,,,,,949493.0,12.644,,,,,,,,,,,,,,,,,,,,,
GAB,Gabon,1991,,0.0,18.286,0.168,9.005,14.13,2.811,0.355,,,,,,,,,,,,,,,,0.0,0.0,,,,,,,,,,,,,,,,1.63,13321.649,,,,,,,,7974705985.0,,,,,,,,1.09,1116.881,,,,,,,,,,,,,,,,,,,,,,,,,,,,,,,,171.054,175298.903,,,,,,,,,,,975785.0,12.999,,,,,,,,,,,,,,,,,,,,,
GAB,Gabon,1992,,0.0,-0.482,-0.005,-1.741,-2.977,2.74,0.356,,,,,,,,,,,,,,,,0.0,0.0,,,,,,,,,,,,,,,,1.681,13321.027,,,,,,,,7946244395.0,,,,,,,,1.085,1081.803,,,,,,,,,,,,,,,,,,,,,,,,,,,,,,,,168.077,167645.408,,,,,,,,,,,1002573.0,13.355,,,,,,,,,,,,,,,,,,,,,
GAB,Gabon,1993,,0.0,0.0,0.0,5.335,8.967,-5.29,-0.706,,,,,,,,,,,,,,,,0.0,0.0,,,,,,,,,,,,,,,,1.456,12283.19,,,,,,,,8684691028.0,,,,,,,,1.085,1053.233,,,,,,,,,,,,,,,,,,,,,,,,,,,,,,,,177.043,171925.442,,,,,,,,,,,1029769.0,12.649,,,,,,,,,,,,,,,,,,,,,
GAB,Gabon,1994,,0.0,-0.042,-0.0,10.602,18.771,2.649,0.335,,,,,,,,,,,,,,,,0.0,0.0,,,,,,,,,,,,,,,,1.369,12280.859,,,,,,,,9485823556.0,,,,,,,,1.084,1025.419,,,,,,,,,,,,,,,,,,,,,,,,,,,,,,,,195.814,185210.631,,,,,,,,,,,1057252.0,12.984,,,,,,,,,,,,,,,,,,,,,
GAB,Gabon,1995,,0.0,0.0,0.0,5.458,10.688,-6.307,-0.819,,,,,,,,,,,,,,,,0.0,0.0,,,,,,,,,,,,,,,,1.188,11212.58,,,,,,,,10240900858.0,,,,,,,,1.084,999.239,,,,,,,,,,,,,,,,,,,,,,,,,,,,,,,,206.502,190333.278,,,,,,,,,,,1084951.0,12.165,,,,,,,,,,,,,,,,,,,,,
GAB,Gabon,1996,,0.0,0.043,0.0,2.782,5.745,4.261,0.518,,,,,,,,,,,,,,,,0.0,0.0,,,,,,,,,,,,,,,,1.151,11396.349,,,,,,,,11022736572.0,,,,,,,,1.085,974.52,,,,,,,,,,,,,,,,,,,,,,,,,,,,,,,,212.248,190708.158,,,,,,,,,,,1112944.0,12.683,,,,,,,,,,,,,,,,,,,,,
GAB,Gabon,1997,,0.0,0.0,0.0,-0.307,-0.651,4.951,0.628,,,,,,,,,,,,,,,,0.0,0.0,,,,,,,,,,,,,,,,1.094,11663.075,,,,,,,,12163996235.0,,,,,,,,1.085,950.282,,,,,,,,,,,,,,,,,,,,,,,,,,,,,,,,211.596,185394.101,,,,,,,,,,,1141332.0,13.311,,,,,,,,,,,,,,,,,,,,,
GAB,Gabon,1998,,0.0,0.0,0.0,-7.398,-15.654,-2.341,-0.312,,,,,,,,,,,,,,,,0.0,0.0,,,,,,,,,,,,,,,,0.995,11110.408,,,,,,,,13062146075.0,,,,,,,,1.085,926.949,,,,,,,,,,,,,,,,,,,,,,,,,,,,,,,,195.942,167463.269,,,,,,,,,,,1170061.0,13.0,,,,,,,,,,,,,,,,,,,,,
GAB,Gabon,1999,,0.0,0.0,0.0,0.754,1.477,15.48,2.012,,,,,,,,,,,,,,,,0.0,0.0,,,,,,,,,,,,,,,,1.233,12519.975,,,,,,,,12170608749.0,,,,,,,,1.085,904.532,,,,,,,,,,,,,,,,,,,,,,,,,,,,,,,,197.419,164645.288,,,,,,,,,,,1199058.0,15.012,,,,,,,,,,,,,,,,,,,,,
GAB,Gabon,2000,,0.0,-20.0,-0.217,-18.593,-36.706,-23.546,-3.535,0.0,0.0,,,,,,281.25,0.0,,,,,0.0,,0.0,0.0,1.28,0.0,0.0,0.48,0.0,0.8,0.0,0.48,0.0,0.0,0.8,0.0,0.0,1.28,0.36,0.915,9343.696,,,,,,390.765,37.5,12538006053.0,0.0,,,,,0.0,,0.868,706.364,62.5,,,,,651.275,,62.5,0.8,651.275,,,,,,0.0,0.0,0.0,,,,,0.0,,37.5,,,,,390.765,,160.714,130835.98,0.0,0.0,,,,,0.0,0.0,,1042.041,1228359.0,11.477,651.275,62.5,,,,,,0.0,,,,,0.0,,0.0,,,,,0.0,
GAB,Gabon,2001,,0.0,0.0,0.0,-5.332,-8.569,7.908,0.908,0.0,0.0,,,,,,266.667,0.0,,,,,0.0,,0.0,0.0,1.35,0.0,0.0,0.48,0.0,0.87,0.0,0.48,0.0,0.0,0.87,0.0,0.0,1.35,0.36,0.924,9844.935,,,,,,381.556,35.556,13408099852.0,0.0,,,,,0.0,,0.868,689.717,64.444,,,,,691.57,,64.444,0.87,691.57,,,,,,0.0,0.0,0.0,,,,,0.0,,35.556,,,,,381.556,,152.145,120940.871,0.0,0.0,,,,,0.0,0.0,,1073.125,1258008.0,12.385,691.57,64.444,,,,,,0.0,,,,,0.0,,0.0,,,,,0.0,
GAB,Gabon,2002,,0.0,12.5,0.108,-2.29,-3.484,0.025,0.003,0.0,0.0,,,,,,267.606,0.0,,,,,0.0,,0.0,0.0,1.42,0.0,0.0,0.51,0.0,0.91,0.0,0.51,0.0,0.0,0.91,0.0,0.0,1.42,0.38,0.901,9615.805,,,,,,395.867,35.915,13745928589.0,0.0,,,,,0.0,,0.976,757.681,64.085,,,,,706.352,,64.085,0.91,706.352,,,,,,0.0,0.0,0.0,,,,,0.0,,35.915,,,,,395.867,,148.66,115391.758,0.0,0.0,,,,,0.0,0.0,,1102.219,1288310.0,12.388,706.352,64.085,,,,,,0.0,,,,,0.0,,0.0,,,,,0.0,
GAB,Gabon,2003,,0.0,0.0,0.0,7.031,10.453,-2.727,-0.338,0.0,0.0,,,,,,287.671,0.0,,,,,0.0,,0.0,0.0,1.46,0.0,0.0,0.57,0.0,0.89,0.0,0.57,0.0,0.0,0.89,0.0,0.0,1.46,0.42,0.819,9129.376,,,,,,431.836,39.041,14717087130.0,0.0,,,,,0.0,,0.976,739.521,60.959,,,,,674.27,,60.959,0.89,674.27,,,,,,0.0,0.0,0.0,,,,,0.0,,39.041,,,,,431.836,,159.113,120545.111,0.0,0.0,,,,,0.0,0.0,,1106.106,1319946.0,12.05,674.27,60.959,,,,,,0.0,,,,,0.0,,0.0,,,,,0.0,
GAB,Gabon,2004,,0.0,11.111,0.108,-0.092,-0.146,1.907,0.23,0.0,0.0,,,,,,297.297,0.0,,,,,0.0,,0.0,0.0,1.48,0.0,0.0,0.6,0.0,0.88,0.0,0.6,0.0,0.0,0.88,0.0,0.0,1.48,0.44,0.787,9070.872,,,,,,443.201,40.541,15597621567.0,0.0,,,,,0.0,,1.085,801.15,59.459,,,,,650.028,,59.459,0.88,650.028,,,,,,0.0,0.0,0.0,,,,,0.0,,40.541,,,,,443.201,,158.967,117423.605,0.0,0.0,,,,,0.0,0.0,,1093.229,1353788.0,12.28,650.028,59.459,,,,,,0.0,,,,,0.0,,0.0,,,,,0.0,
GAB,Gabon,2005,,0.0,0.0,0.0,-1.249,-1.985,7.063,0.867,0.0,0.0,,,,,,344.371,0.0,,,,,0.0,,0.0,0.0,1.51,0.0,0.0,0.71,0.0,0.8,0.0,0.71,0.0,0.0,0.8,0.0,0.0,1.51,0.52,0.789,9454.775,,,,,,510.589,47.02,16662218429.0,0.0,,,,,0.0,,1.085,779.97,52.98,,,,,575.312,,52.98,0.8,575.312,,,,,,0.0,0.0,0.0,,,,,0.0,,47.02,,,,,510.589,,156.982,112891.956,0.0,0.0,,,,,0.0,0.0,,1085.901,1390550.0,13.147,575.312,52.98,,,,,,0.0,,,,,0.0,,0.0,,,,,0.0,
GAB,Gabon,2006,,0.0,0.0,0.0,-10.502,-16.486,2.567,0.338,0.0,0.0,,,,,,304.348,0.0,,,,,0.0,,0.0,0.0,1.61,0.0,0.0,0.67,0.0,0.94,0.0,0.67,0.0,0.0,0.94,0.0,0.0,1.61,0.49,0.789,9429.028,,,,,,468.484,41.615,17083861110.0,0.0,,,,,0.0,,1.085,758.376,58.385,,,,,657.276,,58.385,0.94,657.276,,,,,,0.0,0.0,0.0,,,,,0.0,,41.615,,,,,468.484,,140.496,98238.854,0.0,0.0,,,,,0.0,0.0,,1125.761,1430144.0,13.485,657.276,58.385,,,,,,0.0,,,,,0.0,,0.0,,,,,0.0,
GAB,Gabon,2007,,0.0,-20.0,-0.217,1.494,2.1,-0.626,-0.084,0.0,0.0,,,,,,380.952,0.0,,,,,0.0,,0.0,0.0,1.68,0.0,0.0,0.89,0.0,0.79,0.0,0.89,0.0,0.0,0.79,0.0,0.0,1.68,0.64,0.695,9100.097,,,,,,604.388,52.976,19294894951.0,0.0,,,,,0.0,,0.868,589.223,47.024,,,,,536.479,,47.024,0.79,536.479,,,,,,0.0,0.0,0.0,,,,,0.0,,52.976,,,,,604.388,,142.595,96834.681,0.0,0.0,,,,,0.0,0.0,,1140.866,1472565.0,13.4,536.479,47.024,,,,,,0.0,,,,,0.0,,0.0,,,,,0.0,
GAB,Gabon,2008,,0.0,0.0,0.0,-2.169,-3.093,2.059,0.276,0.0,0.0,,,,,,361.582,0.0,,,,,0.0,,0.0,0.0,1.77,0.0,0.0,0.89,0.0,0.88,0.0,0.89,0.0,0.0,0.88,0.0,0.0,1.77,0.64,0.69,9006.322,,,,,,586.09,50.282,19821185069.0,0.0,,,,,0.0,,0.868,571.384,49.718,,,,,579.505,,49.718,0.88,579.505,,,,,,0.0,0.0,0.0,,,,,0.0,,50.282,,,,,586.09,,139.503,91866.404,0.0,0.0,,,,,0.0,0.0,,1165.595,1518538.0,13.676,579.505,49.718,,,,,,0.0,,,,,0.0,,0.0,,,,,0.0,
GAB,Gabon,2009,,0.0,0.0,0.0,0.321,0.447,-1.07,-0.146,0.0,0.0,,,,,,348.066,0.0,,,,,0.0,,0.0,0.0,1.81,0.0,0.0,0.87,0.0,0.94,0.0,0.87,0.0,0.0,0.94,0.0,0.0,1.81,0.63,0.644,8623.798,,,,,,554.52,48.066,21001807710.0,0.0,,,,,0.0,,0.868,553.034,51.934,,,,,599.136,,51.934,0.94,599.136,,,,,,0.0,0.0,0.0,,,,,0.0,,48.066,,,,,554.52,,139.95,89201.181,0.0,0.0,,,,,0.0,0.0,,1153.656,1568925.0,13.53,599.136,51.934,,,,,,0.0,,,,,0.0,,0.0,,,,,0.0,
GAB,Gabon,2010,,0.0,0.0,0.0,-3.239,-4.533,16.535,2.237,0.0,0.0,,,,,,374.332,0.0,,,,,0.0,,0.0,0.0,1.87,0.0,0.0,0.97,0.0,0.9,0.0,0.97,0.0,0.0,0.9,0.0,0.0,1.87,0.7,0.66,9708.083,,,,,,597.237,51.872,23885380820.0,0.0,,,,,0.0,,0.868,534.231,48.128,,,,,554.137,,48.128,0.9,554.137,,,,,,0.0,0.0,0.0,,,,,0.0,,51.872,,,,,597.237,,135.417,83377.596,0.0,0.0,,,,,0.0,0.0,,1151.374,1624146.0,15.767,554.137,48.128,,,,,,0.0,,,,,0.0,,0.0,,,,,0.0,
GAB,Gabon,2011,,0.0,-12.5,-0.108,1.324,1.793,2.343,0.369,0.0,0.0,,,,,,413.265,0.0,,,,,0.0,,0.0,0.0,1.96,0.0,0.0,1.13,0.0,0.83,0.0,1.13,0.0,0.0,0.83,0.0,0.0,1.96,0.81,0.594,9578.811,,,,,,670.771,57.653,27165934019.0,0.0,,,,,0.0,,0.759,450.669,42.347,,,,,492.69,,42.347,0.83,492.69,,,,,,0.0,0.0,0.0,,,,,0.0,,57.653,,,,,670.771,,137.21,81448.214,0.0,0.0,,,,,0.0,0.0,,1163.461,1684629.0,16.137,492.69,42.347,,,,,,0.0,,,,,0.0,,0.0,,,,,0.0,
GAB,Gabon,2012,,0.0,450.0,3.416,-6.149,-8.437,25.308,4.084,0.0,0.0,,,,,,408.654,0.0,,,,,0.0,,0.0,0.0,2.08,0.0,0.0,1.18,0.0,0.9,0.0,1.18,0.0,0.0,0.9,0.0,0.0,2.08,0.85,0.697,11556.757,,,,,,674.41,56.731,29020541054.0,0.0,,,,,0.0,,4.176,2386.531,43.269,,,,,514.381,,43.269,0.9,514.381,,,,,,0.0,0.0,0.0,,,,,0.0,,56.731,,,,,674.41,,128.773,73598.431,0.0,0.0,,,,,0.0,0.0,,1188.791,1749677.0,20.221,514.381,43.269,,,,,,0.0,,,,,0.0,,0.0,,,,,0.0,
GAB,Gabon,2013,,0.0,-17.403,-0.727,-3.765,-4.848,1.038,0.21,0.0,0.0,,,,,,386.139,0.0,,,,,0.0,,0.0,0.0,2.2,0.0,0.0,1.09,0.0,0.93,0.0,1.09,0.0,0.0,0.93,0.0,0.0,2.02,0.78,0.655,11243.627,,,,,,599.867,53.96,31179700562.0,0.0,,,,,0.0,,3.449,1898.102,46.04,,,,,511.813,,46.04,0.93,511.813,,,,,,8.182,0.18,0.0,,,,,0.0,,53.96,,,,,599.867,,123.925,68200.59,0.0,0.0,,,,,0.0,0.0,,1111.68,1817070.0,20.43,511.813,46.04,,,,,,0.0,,,,,0.0,,0.0,,,,,0.0,
GAB,Gabon,2014,,0.0,32.075,1.106,-1.171,-1.452,4.41,0.901,0.0,0.0,,,,,,421.875,0.0,,,,,0.0,,0.0,0.0,2.31,0.0,0.0,1.13,0.0,0.79,0.0,1.13,0.0,0.0,0.79,0.0,0.0,1.92,0.81,0.641,11323.662,,,,,,599.851,58.854,33268465222.0,0.0,,,,,0.0,,4.555,2418.123,41.146,,,,,419.365,,41.146,0.79,419.365,,,,,,16.883,0.39,0.0,,,,,0.0,,58.854,,,,,599.851,,122.473,65014.025,0.0,0.0,,,,,0.0,0.0,,1019.216,1883801.0,21.332,419.365,41.146,,,,,,0.0,,,,,0.0,,0.0,,,,,0.0,
GAB,Gabon,2015,,0.0,-10.0,-0.456,1.249,1.53,-3.873,-0.826,0.976,10.269,,,,,,390.244,0.0,,,,,0.0,,0.0,0.0,2.39,0.02,0.0,1.12,0.0,0.91,0.0,1.12,0.0,0.02,0.93,0.0,0.0,2.05,0.8,0.585,10528.021,,,,,,575.04,54.634,35035177394.0,0.0,,,,,0.0,,4.1,2104.923,44.39,,,,,467.22,,45.366,0.93,477.489,,,,,,14.226,0.34,0.0,,,,,0.0,,54.634,,,,,575.04,,124.004,63667.032,0.0,10.269,,,,,0.0,0.976,,1052.529,1947690.0,20.505,477.489,45.366,,,,,,0.0,,,,,0.0,,0.0,,,,,0.0,
GAB,Gabon,2016,,0.0,0.265,0.011,3.616,4.484,-0.898,-0.184,0.893,9.961,,,,,,410.714,0.0,,,,,0.0,,0.0,0.0,2.59,0.02,0.0,1.28,0.0,0.94,0.0,1.28,0.0,0.02,0.96,0.0,0.0,2.24,0.92,0.561,10120.686,,,,,,637.488,57.143,36204780825.0,0.0,,,,,0.0,,4.111,2047.223,41.964,,,,,468.155,,42.857,0.96,478.116,,,,,,13.514,0.35,0.0,,,,,0.0,,57.143,,,,,637.488,,128.488,63991.597,0.0,9.961,,,,,0.0,0.893,,1115.603,2007882.0,20.321,478.116,42.857,,,,,,0.0,,,,,0.0,,0.0,,,,,0.0,
GAB,Gabon,2017,,,0.0,,-5.06,-6.501,-2.237,-0.455,0.913,9.686,,,,,,410.959,0.0,,,,,0.0,,,,2.65,0.02,0.0,1.25,0.0,0.92,0.0,1.25,0.0,0.02,0.94,0.0,0.0,2.19,0.9,0.546,9621.466,,,,,,605.382,57.078,36385442778.0,0.0,,,,,0.0,,,,42.009,,,,,445.561,,42.922,0.94,455.247,,,,,,17.358,0.46,0.0,,,,,0.0,,57.078,,,,,605.382,,121.986,59078.635,0.0,9.686,,,,,0.0,0.913,,1060.629,2064812.0,19.867,455.247,42.922,,,,,,0.0,,,,,0.0,,0.0,,,,,0.0,
GAB,Gabon,2018,,,0.0,,-7.911,-9.651,-11.981,-2.38,0.922,9.437,,,,,,414.747,0.0,,,,,0.0,,,,2.68,0.02,0.0,1.26,0.0,0.89,0.0,1.26,0.0,0.02,0.91,0.0,0.0,2.17,0.9,0.477,8251.09,,,,,,594.543,58.065,36693263561.0,0.0,,,,,0.0,,,,41.014,,,,,419.955,,41.935,0.91,429.392,,,,,,19.03,0.51,0.0,,,,,0.0,,58.065,,,,,594.543,,112.336,53006.592,0.0,9.437,,,,,0.0,0.922,,1023.935,2119275.0,17.486,429.392,41.935,,,,,,0.0,,,,,0.0,,0.0,,,,,0.0,
GAB,Gabon,2019,,,0.0,,12.605,14.16,-2.471,-0.432,0.664,9.206,,,,,,305.648,0.0,,,,,0.0,,,,3.52,0.02,0.0,1.25,0.0,1.74,0.0,1.25,0.0,0.02,1.76,0.0,0.0,3.01,0.92,,7849.778,,,,,,575.353,41.528,,0.0,,,,,0.0,,,,57.807,,,,,800.892,,58.472,1.76,810.097,,,,,,14.489,0.51,0.0,,,,,0.0,,41.528,,,,,575.353,,126.495,58223.661,0.0,9.206,,,,,0.0,0.664,,1385.451,2172578.0,17.054,810.097,58.472,,,,,,0.0,,,,,0.0,,0.0,,,,,0.0,
GAB,Gabon,2020,,,0.0,,-4.712,-5.96,,,0.664,8.986,,,,,,305.648,0.0,,,,,0.0,,,,3.52,0.02,0.0,1.25,0.0,1.74,0.0,1.25,0.0,0.02,1.76,0.0,0.0,3.01,0.92,,,,,,,,561.614,41.528,,0.0,,,,,0.0,,,,57.807,,,,,781.767,,58.472,1.76,790.753,,,,,,14.489,0.51,0.0,,,,,0.0,,41.528,,,,,561.614,,120.535,54155.389,0.0,8.986,,,,,0.0,0.664,,1352.367,2225728.0,,790.753,58.472,,,,,,0.0,,,,,0.0,,0.0,,,,,0.0,
