iso_code,country,year,coal_prod_change_pct,coal_prod_change_twh,gas_prod_change_pct,gas_prod_change_twh,oil_prod_change_pct,oil_prod_change_twh,energy_cons_change_pct,energy_cons_change_twh,biofuel_share_elec,biofuel_elec_per_capita,biofuel_cons_change_pct,biofuel_share_energy,biofuel_cons_change_twh,biofuel_consumption,biofuel_cons_per_capita,carbon_intensity_elec,coal_share_elec,coal_cons_change_pct,coal_share_energy,coal_cons_change_twh,coal_consumption,coal_elec_per_capita,coal_cons_per_capita,coal_production,coal_prod_per_capita,electricity_demand,biofuel_electricity,coal_electricity,fossil_electricity,gas_electricity,hydro_electricity,nuclear_electricity,oil_electricity,other_renewable_exc_biofuel_electricity,other_renewable_electricity,renewables_electricity,solar_electricity,wind_electricity,electricity_generation,greenhouse_gas_emissions,energy_per_gdp,energy_per_capita,fossil_cons_change_pct,fossil_share_energy,fossil_cons_change_twh,fossil_fuel_consumption,fossil_energy_per_capita,fossil_cons_per_capita,fossil_share_elec,gdp,gas_share_elec,gas_cons_change_pct,gas_share_energy,gas_cons_change_twh,gas_consumption,gas_elec_per_capita,gas_energy_per_capita,gas_production,gas_prod_per_capita,hydro_share_elec,hydro_cons_change_pct,hydro_share_energy,hydro_cons_change_twh,hydro_consumption,hydro_elec_per_capita,hydro_energy_per_capita,low_carbon_share_elec,low_carbon_electricity,low_carbon_elec_per_capita,low_carbon_cons_change_pct,low_carbon_share_energy,low_carbon_cons_change_twh,low_carbon_consumption,low_carbon_energy_per_capita,net_elec_imports_share_demand,net_elec_imports,nuclear_share_elec,nuclear_cons_change_pct,nuclear_share_energy,nuclear_cons_change_twh,nuclear_consumption,nuclear_elec_per_capita,nuclear_energy_per_capita,oil_share_elec,oil_cons_change_pct,oil_share_energy,oil_cons_change_twh,oil_consumption,oil_elec_per_capita,oil_energy_per_capita,oil_production,oil_prod_per_capita,other_renewables_elec_per_capita_exc_biofuel,other_renewables_elec_per_capita,other_renewables_cons_change_pct,other_renewables_share_energy,other_renewables_cons_change_twh,other_renewable_consumption,other_renewables_share_elec_exc_biofuel,other_renewables_share_elec,other_renewables_energy_per_capita,per_capita_electricity,population,primary_energy_consumption,renewables_elec_per_capita,renewables_share_elec,renewables_cons_change_pct,renewables_share_energy,renewables_cons_change_twh,renewables_consumption,renewables_energy_per_capita,solar_share_elec,solar_cons_change_pct,solar_share_energy,solar_cons_change_twh,solar_consumption,solar_elec_per_capita,solar_energy_per_capita,wind_share_elec,wind_cons_change_pct,wind_share_energy,wind_cons_change_twh,wind_consumption,wind_elec_per_capita,wind_energy_per_capita
GRC,Greece,1900,,,,,,,,,,,,,,,,,,,,,,,,0.021,4.157,,,,,,,,,,,,,,,,,,,,,,,,,9785064000.0,,,,,,,,0.0,0.0,,,,,,,,,,,,,,,,,,,,,,,,,,,,,,,,0.0,0.0,,,,,,,,,,,4989983.0,,,,,,,,,,,,,,,,,,,,,,
GRC,Greece,1901,0.0,0.0,,0.0,,0.0,,,,,,,,,,,,,,,,,,0.021,4.122,,,,,,,,,,,,,,,,,,,,,,,,,9444330000.0,,,,,,,,0.0,0.0,,,,,,,,,,,,,,,,,,,,,,,,,,,,,,,,0.0,0.0,,,,,,,,,,,5031988.0,,,,,,,,,,,,,,,,,,,,,,
GRC,Greece,1902,-30.769,-0.006,,0.0,,0.0,,,,,,,,,,,,,,,,,,0.014,2.832,,,,,,,,,,,,,,,,,,,,,,,,,12192536000.0,,,,,,,,0.0,0.0,,,,,,,,,,,,,,,,,,,,,,,,,,,,,,,,0.0,0.0,,,,,,,,,,,5071122.0,,,,,,,,,,,,,,,,,,,,,,
GRC,Greece,1903,11.111,0.002,,0.0,,0.0,,,,,,,,,,,,,,,,,,0.016,3.124,,,,,,,,,,,,,,,,,,,,,,,,,11993589000.0,,,,,,,,0.0,0.0,,,,,,,,,,,,,,,,,,,,,,,,,,,,,,,,0.0,0.0,,,,,,,,,,,5107334.0,,,,,,,,,,,,,,,,,,,,,,
GRC,Greece,1904,30.0,0.005,,0.0,,0.0,,,,,,,,,,,,,,,,,,0.021,4.033,,,,,,,,,,,,,,,,,,,,,,,,,12744796000.0,,,,,,,,0.0,0.0,,,,,,,,,,,,,,,,,,,,,,,,,,,,,,,,0.0,0.0,,,,,,,,,,,5143803.0,,,,,,,,,,,,,,,,,,,,,,
GRC,Greece,1905,-7.692,-0.002,,0.0,,0.0,,,,,,,,,,,,,,,,,,0.019,3.696,,,,,,,,,,,,,,,,,,,,,,,,,13153280000.0,,,,,,,,0.0,0.0,,,,,,,,,,,,,,,,,,,,,,,,,,,,,,,,0.0,0.0,,,,,,,,,,,5180533.0,,,,,,,,,,,,,,,,,,,,,,
GRC,Greece,1906,0.0,0.0,,0.0,,0.0,,,,,,,,,,,,,,,,,,0.019,3.67,,,,,,,,,,,,,,,,,,,,,,,,,13090220000.0,,,,,,,,0.0,0.0,,,,,,,,,,,,,,,,,,,,,,,,,,,,,,,,0.0,0.0,,,,,,,,,,,5217526.0,,,,,,,,,,,,,,,,,,,,,,
GRC,Greece,1907,0.0,0.0,,0.0,,0.0,,,,,,,,,,,,,,,,,,0.019,3.644,,,,,,,,,,,,,,,,,,,,,,,,,13363650000.0,,,,,,,,0.0,0.0,,,,,,,,,,,,,,,,,,,,,,,,,,,,,,,,0.0,0.0,,,,,,,,,,,5254782.0,,,,,,,,,,,,,,,,,,,,,,
GRC,Greece,1908,-25.0,-0.005,,0.0,,0.0,,,,,,,,,,,,,,,,,,0.014,2.714,,,,,,,,,,,,,,,,,,,,,,,,,13377300000.0,,,,,,,,0.0,0.0,,,,,,,,,,,,,,,,,,,,,,,,,,,,,,,,0.0,0.0,,,,,,,,,,,5292304.0,,,,,,,,,,,,,,,,,,,,,,
GRC,Greece,1909,-55.555,-0.008,,0.0,,0.0,,,,,,,,,,,,,,,,,,0.006,1.197,,,,,,,,,,,,,,,,,,,,,,,,,13741083000.0,,,,,,,,0.0,0.0,,,,,,,,,,,,,,,,,,,,,,,,,,,,,,,,0.0,0.0,,,,,,,,,,,5330021.0,,,,,,,,,,,,,,,,,,,,,,
GRC,Greece,1910,-75.0,-0.005,,0.0,,0.0,,,,,,,,,,,,,,,,,,0.002,0.297,,,,,,,,,,,,,,,,,,,,,,,,,13789440000.0,,,,,,,,0.0,0.0,,,,,,,,,,,,,,,,,,,,,,,,,,,,,,,,0.0,0.0,,,,,,,,,,,5367935.0,,,,,,,,,,,,,,,,,,,,,,
GRC,Greece,1911,-100.0,-0.002,,0.0,,0.0,,,,,,,,,,,,,,,,,,0.0,0.0,,,,,,,,,,,,,,,,,,,,,,,,,17302005000.0,,,,,,,,0.0,0.0,,,,,,,,,,,,,,,,,,,,,,,,,,,,,,,,0.0,0.0,,,,,,,,,,,5406045.0,,,,,,,,,,,,,,,,,,,,,,
GRC,Greece,1912,,0.0,,0.0,,0.0,,,,,,,,,,,,,,,,,,0.0,0.0,,,,,,,,,,,,,,,,,,,,,,,,,16897650000.0,,,,,,,,0.0,0.0,,,,,,,,,,,,,,,,,,,,,,,,,,,,,,,,0.0,0.0,,,,,,,,,,,5444353.0,,,,,,,,,,,,,,,,,,,,,,
GRC,Greece,1913,,0.0,,0.0,,0.0,,,,,,,,,,,,,,,,,,0.0,0.0,,,,,,,,,,,,,,,,,,,,,,,,,10177300000.0,,,,,,,,0.0,0.0,,,,,,,,,,,,,,,,,,,,,,,,,,,,,,,,0.0,0.0,,,,,,,,,,,5482860.0,,,,,,,,,,,,,,,,,,,,,,
GRC,Greece,1914,,0.032,,0.0,,0.0,,,,,,,,,,,,,,,,,,0.032,5.78,,,,,,,,,,,,,,,,,,,,,,,,,13078422000.0,,,,,,,,0.0,0.0,,,,,,,,,,,,,,,,,,,,,,,,,,,,,,,,0.0,0.0,,,,,,,,,,,5521640.0,,,,,,,,,,,,,,,,,,,,,,
GRC,Greece,1915,100.0,0.032,,0.0,,0.0,,,,,,,,,,,,,,,,,,0.064,11.478,,,,,,,,,,,,,,,,,,,,,,,,,10024644000.0,,,,,,,,0.0,0.0,,,,,,,,,,,,,,,,,,,,,,,,,,,,,,,,0.0,0.0,,,,,,,,,,,5560693.0,,,,,,,,,,,,,,,,,,,,,,
GRC,Greece,1916,192.5,0.123,,0.0,,0.0,,,,,,,,,,,,,,,,,,0.187,33.337,,,,,,,,,,,,,,,,,,,,,,,,,8583009000.0,,,,,,,,0.0,0.0,,,,,,,,,,,,,,,,,,,,,,,,,,,,,,,,0.0,0.0,,,,,,,,,,,5600023.0,,,,,,,,,,,,,,,,,,,,,,
GRC,Greece,1917,35.043,0.065,,0.0,,0.0,,,,,,,,,,,,,,,,,,0.252,44.703,,,,,,,,,,,,,,,,,,,,,,,,,7544160000.0,,,,,,,,0.0,0.0,,,,,,,,,,,,,,,,,,,,,,,,,,,,,,,,0.0,0.0,,,,,,,,,,,5639630.0,,,,,,,,,,,,,,,,,,,,,,
GRC,Greece,1918,34.81,0.088,,0.0,,0.0,,,,,,,,,,,,,,,,,,0.34,59.85,,,,,,,,,,,,,,,,,,,,,,,,,12807980000.0,,,,,,,,0.0,0.0,,,,,,,,,,,,,,,,,,,,,,,,,,,,,,,,0.0,0.0,,,,,,,,,,,5678674.0,,,,,,,,,,,,,,,,,,,,,,
GRC,Greece,1919,-14.085,-0.048,,0.0,,0.0,,,,,,,,,,,,,,,,,,0.292,51.027,,,,,,,,,,,,,,,,,,,,,,,,,11495460000.0,,,,,,,,0.0,0.0,,,,,,,,,,,,,,,,,,,,,,,,,,,,,,,,0.0,0.0,,,,,,,,,,,5722537.0,,,,,,,,,,,,,,,,,,,,,,
GRC,Greece,1920,7.65,0.022,,0.0,,0.0,,,,,,,,,,,,,,,,,,0.314,54.466,,,,,,,,,,,,,,,,,,,,,,,,,13018800000.0,,,,,,,,0.0,0.0,,,,,,,,,,,,,,,,,,,,,,,,,,,,,,,,0.0,0.0,,,,,,,,,,,5771301.0,,,,,,,,,,,,,,,,,,,,,,
GRC,Greece,1921,-14.213,-0.045,,0.0,,0.0,,,,,,,,,,,,,,,,,,0.27,46.294,,,,,,,,,,,,,,,,,,,,,,,,,17843709000.0,,,,,,,,0.0,0.0,,,,,,,,,,,,,,,,,,,,,,,,,,,,,,,,0.0,0.0,,,,,,,,,,,5825051.0,,,,,,,,,,,,,,,,,,,,,,
GRC,Greece,1922,-21.894,-0.059,,0.0,,0.0,,,,,,,,,,,,,,,,,,0.211,35.797,,,,,,,,,,,,,,,,,,,,,,,,,18429810000.0,,,,,,,,0.0,0.0,,,,,,,,,,,,,,,,,,,,,,,,,,,,,,,,0.0,0.0,,,,,,,,,,,5883871.0,,,,,,,,,,,,,,,,,,,,,,
GRC,Greece,1923,-9.849,-0.021,,0.0,,0.0,,,,,,,,,,,,,,,,,,0.19,31.924,,,,,,,,,,,,,,,,,,,,,,,,,19045690000.0,,,,,,,,0.0,0.0,,,,,,,,,,,,,,,,,,,,,,,,,,,,,,,,0.0,0.0,,,,,,,,,,,5947848.0,,,,,,,,,,,,,,,,,,,,,,
GRC,Greece,1924,10.084,0.019,,0.0,,0.0,,,,,,,,,,,,,,,,,,0.209,34.766,,,,,,,,,,,,,,,,,,,,,,,,,19674000000.0,,,,,,,,0.0,0.0,,,,,,,,,,,,,,,,,,,,,,,,,,,,,,,,0.0,0.0,,,,,,,,,,,6012521.0,,,,,,,,,,,,,,,,,,,,,,
GRC,Greece,1925,8.397,0.018,,0.0,,0.0,,,,,,,,,,,,,,,,,,0.227,37.279,,,,,,,,,,,,,,,,,,,,,,,,,20322738000.0,,,,,,,,0.0,0.0,,,,,,,,,,,,,,,,,,,,,,,,,,,,,,,,0.0,0.0,,,,,,,,,,,6077897.0,,,,,,,,,,,,,,,,,,,,,,
GRC,Greece,1926,7.746,0.018,,0.0,,0.0,,,,,,,,,,,,,,,,,,0.244,39.735,,,,,,,,,,,,,,,,,,,,,,,,,20995950000.0,,,,,,,,0.0,0.0,,,,,,,,,,,,,,,,,,,,,,,,,,,,,,,,0.0,0.0,,,,,,,,,,,6143984.0,,,,,,,,,,,,,,,,,,,,,,
GRC,Greece,1927,-6.536,-0.016,,0.0,,0.0,,,,,,,,,,,,,,,,,,0.228,36.739,,,,,,,,,,,,,,,,,,,,,,,,,21683453000.0,,,,,,,,0.0,0.0,,,,,,,,,,,,,,,,,,,,,,,,,,,,,,,,0.0,0.0,,,,,,,,,,,6210789.0,,,,,,,,,,,,,,,,,,,,,,
GRC,Greece,1928,-15.385,-0.035,,0.0,,0.0,,,,,,,,,,,,,,,,,,0.193,30.752,,,,,,,,,,,,,,,,,,,,,,,,,22096005000.0,,,,,,,,0.0,0.0,,,,,,,,,,,,,,,,,,,,,,,,,,,,,,,,0.0,0.0,,,,,,,,,,,6278321.0,,,,,,,,,,,,,,,,,,,,,,
GRC,Greece,1929,29.752,0.057,,0.0,,0.0,,,,,,,,,,,,,,,,,,0.251,39.449,,,,,,,,,,,,,,,,,,,,,,,,,23424575000.0,,,,,,,,0.0,0.0,,,,,,,,,,,,,,,,,,,,,,,,,,,,,,,,0.0,0.0,,,,,,,,,,,6350272.0,,,,,,,,,,,,,,,,,,,,,,
GRC,Greece,1930,-17.197,-0.043,,0.0,,0.0,,,,,,,,,,,,,,,,,,0.207,32.277,,,,,,,,,,,,,,,,,,,,,,,,,22857249000.0,,,,,,,,0.0,0.0,,,,,,,,,,,,,,,,,,,,,,,,,,,,,,,,0.0,0.0,,,,,,,,,,,6426741.0,,,,,,,,,,,,,,,,,,,,,,
GRC,Greece,1931,-19.231,-0.04,,0.0,,0.0,,,,,,,,,,,,,,,,,,0.168,25.745,,,,,,,,,,,,,,,,,,,,,,,,,21908880000.0,,,,,,,,0.0,0.0,,,,,,,,,,,,,,,,,,,,,,,,,,,,,,,,0.0,0.0,,,,,,,,,,,6507828.0,,,,,,,,,,,,,,,,,,,,,,
GRC,Greece,1932,31.429,0.053,,0.0,,0.0,,,,,,,,,,,,,,,,,,0.22,33.396,,,,,,,,,,,,,,,,,,,,,,,,,23776884000.0,,,,,,,,0.0,0.0,,,,,,,,,,,,,,,,,,,,,,,,,,,,,,,,0.0,0.0,,,,,,,,,,,6593636.0,,,,,,,,,,,,,,,,,,,,,,
GRC,Greece,1933,-28.261,-0.062,,0.0,,0.0,,,,,,,,,,,,,,,,,,0.158,23.633,,,,,,,,,,,,,,,,,,,,,,,,,25164438000.0,,,,,,,,0.0,0.0,,,,,,,,,,,,,,,,,,,,,,,,,,,,,,,,0.0,0.0,,,,,,,,,,,6684268.0,,,,,,,,,,,,,,,,,,,,,,
GRC,Greece,1934,2.02,0.003,,0.0,,0.0,,,,,,,,,,,,,,,,,,0.161,23.783,,,,,,,,,,,,,,,,,,,,,,,,,25775552000.0,,,,,,,,0.0,0.0,,,,,,,,,,,,,,,,,,,,,,,,,,,,,,,,0.0,0.0,,,,,,,,,,,6776147.0,,,,,,,,,,,,,,,,,,,,,,
GRC,Greece,1935,-7.921,-0.013,,0.0,,0.0,,,,,,,,,,,,,,,,,,0.148,21.603,,,,,,,,,,,,,,,,,,,,,,,,,26852729000.0,,,,,,,,0.0,0.0,,,,,,,,,,,,,,,,,,,,,,,,,,,,,,,,0.0,0.0,,,,,,,,,,,6869288.0,,,,,,,,,,,,,,,,,,,,,,
GRC,Greece,1936,13.979,0.021,,0.0,,0.0,,,,,,,,,,,,,,,,,,0.169,24.288,,,,,,,,,,,,,,,,,,,,,,,,,26944918000.0,,,,,,,,0.0,0.0,,,,,,,,,,,,,,,,,,,,,,,,,,,,,,,,0.0,0.0,,,,,,,,,,,6963710.0,,,,,,,,,,,,,,,,,,,,,,
GRC,Greece,1937,23.585,0.04,,0.0,,0.0,,,,,,,,,,,,,,,,,,0.209,29.61,,,,,,,,,,,,,,,,,,,,,,,,,30778822000.0,,,,,,,,0.0,0.0,,,,,,,,,,,,,,,,,,,,,,,,,,,,,,,,0.0,0.0,,,,,,,,,,,7059429.0,,,,,,,,,,,,,,,,,,,,,,
GRC,Greece,1938,-17.557,-0.037,,0.0,,0.0,,,,,,,,,,,,,,,,,,0.172,24.08,,,,,,,,,,,,,,,,,,,,,,,,,30129287000.0,,,,,,,,0.0,0.0,,,,,,,,,,,,,,,,,,,,,,,,,,,,,,,,0.0,0.0,,,,,,,,,,,7156464.0,,,,,,,,,,,,,,,,,,,,,,
GRC,Greece,1939,28.704,0.049,,0.0,,0.0,,,,,,,,,,,,,,,,,,0.222,30.633,,,,,,,,,,,,,,,,,,,,,,,,,30090980000.0,,,,,,,,0.0,0.0,,,,,,,,,,,,,,,,,,,,,,,,,,,,,,,,0.0,0.0,,,,,,,,,,,7240297.0,,,,,,,,,,,,,,,,,,,,,,
GRC,Greece,1940,79.856,0.177,,0.0,,0.0,,,,,,,,,,,,,,,,,,0.399,54.565,,,,,,,,,,,,,,,,,,,,,,,,,25793040000.0,,,,,,,,0.0,0.0,,,,,,,,,,,,,,,,,,,,,,,,,,,,,,,,0.0,0.0,,,,,,,,,,,7310690.0,,,,,,,,,,,,,,,,,,,,,,
GRC,Greece,1941,-28.0,-0.112,,0.0,,0.0,,,,,,,,,,,,,,,,,,0.287,38.985,,,,,,,,,,,,,,,,,,,,,,,,,21990294000.0,,,,,,,,0.0,0.0,,,,,,,,,,,,,,,,,,,,,,,,,,,,,,,,0.0,0.0,,,,,,,,,,,7367402.0,,,,,,,,,,,,,,,,,,,,,,
GRC,Greece,1942,102.778,0.295,,0.0,,0.0,,,,,,,,,,,,,,,,,,0.582,78.596,,,,,,,,,,,,,,,,,,,,,,,,,18472263000.0,,,,,,,,0.0,0.0,,,,,,,,,,,,,,,,,,,,,,,,,,,,,,,,0.0,0.0,,,,,,,,,,,7410187.0,,,,,,,,,,,,,,,,,,,,,,
GRC,Greece,1943,1.37,0.008,,0.0,,0.0,,,,,,,,,,,,,,,,,,0.59,79.366,,,,,,,,,,,,,,,,,,,,,,,,,15433155000.0,,,,,,,,0.0,0.0,,,,,,,,,,,,,,,,,,,,,,,,,,,,,,,,0.0,0.0,,,,,,,,,,,7438799.0,,,,,,,,,,,,,,,,,,,,,,
GRC,Greece,1944,-48.649,-0.287,,0.0,,0.0,,,,,,,,,,,,,,,,,,0.303,40.599,,,,,,,,,,,,,,,,,,,,,,,,,12958236000.0,,,,,,,,0.0,0.0,,,,,,,,,,,,,,,,,,,,,,,,,,,,,,,,0.0,0.0,,,,,,,,,,,7467522.0,,,,,,,,,,,,,,,,,,,,,,
GRC,Greece,1945,-63.158,-0.191,,0.0,,0.0,,,,,,,,,,,,,,,,,,0.112,14.9,,,,,,,,,,,,,,,,,,,,,,,,,10946390000.0,,,,,,,,0.0,0.0,,,,,,,,,,,,,,,,,,,,,,,,,,,,,,,,0.0,0.0,,,,,,,,,,,7496355.0,,,,,,,,,,,,,,,,,,,,,,
GRC,Greece,1946,78.571,0.088,,0.0,,0.0,,,,,,,,,,,,,,,,,,0.199,26.505,,,,,,,,,,,,,,,,,,,,,,,,,16386362000.0,,,,,,,,0.0,0.0,,,,,,,,,,,,,,,,,,,,,,,,,,,,,,,,0.0,0.0,,,,,,,,,,,7525300.0,,,,,,,,,,,,,,,,,,,,,,
GRC,Greece,1947,5.6,0.011,,0.0,,0.0,,,,,,,,,,,,,,,,,,0.211,27.881,,,,,,,,,,,,,,,,,,,,,,,,,21156490000.0,,,,,,,,0.0,0.0,,,,,,,,,,,,,,,,,,,,,,,,,,,,,,,,0.0,0.0,,,,,,,,,,,7554357.0,,,,,,,,,,,,,,,,,,,,,,
GRC,Greece,1948,-5.303,-0.011,,0.0,,0.0,,,,,,,,,,,,,,,,,,0.199,26.301,,,,,,,,,,,,,,,,,,,,,,,,,22208634000.0,,,,,,,,0.0,0.0,,,,,,,,,,,,,,,,,,,,,,,,,,,,,,,,0.0,0.0,,,,,,,,,,,7583525.0,,,,,,,,,,,,,,,,,,,,,,
GRC,Greece,1949,40.8,0.081,,0.0,,0.0,,,,,,,,,,,,,,,,,,0.281,36.847,,,,,,,,,,,,,,,,,,,,,,,,,23403024000.0,,,,,,,,0.0,0.0,,,,,,,,,,,,,,,,,,,,,,,,,,,,,,,,0.0,0.0,,,,,,,,,,,7621631.0,,,,,,,,,,,,,,,,,,,,,,
GRC,Greece,1950,-7.386,-0.021,,0.0,,0.0,,,,,,,,,,,,,,,,,,0.26,33.915,,,,,,,,,,,,,,,,,,,,,,,,,23091517456.0,,,,,,,,0.0,0.0,,,,,,,,,,,,,,,,,,,,,,,,,,,,,,,,0.0,0.0,,,,,,,,,,,7668792.0,,,,,,,,,,,,,,,,,,,,,,
GRC,Greece,1951,17.791,0.046,,0.0,,0.0,,,,,,,,,,,,,,,,,,0.306,39.567,,,,,,,,,,,,,,,,,,,,,,,,,25133723374.0,,,,,,,,0.0,0.0,,,,,,,,,,,,,,,,,,,,,,,,,,,,,,,,0.0,0.0,,,,,,,,,,,7742937.0,,,,,,,,,,,,,,,,,,,,,,
GRC,Greece,1952,30.729,0.094,,0.0,,0.0,,,,,,,,,,,,,,,,,,0.401,51.254,,,,,,,,,,,,,,,,,,,,,,,,,25303194000.0,,,,,,,,0.0,0.0,,,,,,,,,,,,,,,,,,,,,,,,,,,,,,,,0.0,0.0,,,,,,,,,,,7814168.0,,,,,,,,,,,,,,,,,,,,,,
GRC,Greece,1953,77.291,0.31,,0.0,,0.0,,,,,,,,,,,,,,,,,,0.71,90.079,,,,,,,,,,,,,,,,,,,,,,,,,28774726695.0,,,,,,,,0.0,0.0,,,,,,,,,,,,,,,,,,,,,,,,,,,,,,,,0.0,0.0,,,,,,,,,,,7882596.0,,,,,,,,,,,,,,,,,,,,,,
GRC,Greece,1954,57.303,0.407,,0.0,,0.0,,,,,,,,,,,,,,,,,,1.117,140.527,,,,,,,,,,,,,,,,,,,,,,,,,29671335708.0,,,,,,,,0.0,0.0,,,,,,,,,,,,,,,,,,,,,,,,,,,,,,,,0.0,0.0,,,,,,,,,,,7948283.0,,,,,,,,,,,,,,,,,,,,,,
GRC,Greece,1955,11.714,0.131,,0.0,,0.0,,,,,,,,,,,,,,,,,,1.248,155.757,,,,,,,,,,,,,,,,,,,,,,,,,31917910766.0,,,,,,,,0.0,0.0,,,,,,,,,,,,,,,,,,,,,,,,,,,,,,,,0.0,0.0,,,,,,,,,,,8011132.0,,,,,,,,,,,,,,,,,,,,,,
GRC,Greece,1956,2.046,0.026,,0.0,,0.0,,,,,,,,,,,,,,,,,,1.273,157.765,,,,,,,,,,,,,,,,,,,,,,,,,34637759069.0,,,,,,,,0.0,0.0,,,,,,,,,,,,,,,,,,,,,,,,,,,,,,,,0.0,0.0,,,,,,,,,,,8070958.0,,,,,,,,,,,,,,,,,,,,,,
GRC,Greece,1957,25.063,0.319,,0.0,,0.0,,,,,,,,,,,,,,,,,,1.592,195.934,,,,,,,,,,,,,,,,,,,,,,,,,36894465426.0,,,,,,,,0.0,0.0,,,,,,,,,,,,,,,,,,,,,,,,,,,,,,,,0.0,0.0,,,,,,,,,,,8127479.0,,,,,,,,,,,,,,,,,,,,,,
GRC,Greece,1958,19.539,0.311,,0.0,,0.0,,,,,,,,,,,,,,,,,,1.904,232.705,,,,,,,,,,,,,,,,,,,,,,,,,38601688267.0,,,,,,,,0.0,0.0,,,,,,,,,,,,,,,,,,,,,,,,,,,,,,,,0.0,0.0,,,,,,,,,,,8180310.0,,,,,,,,,,,,,,,,,,,,,,
GRC,Greece,1959,34.87,0.664,,0.0,,0.0,,,,,,,,,,,,,,,,,,2.567,311.987,,,,,,,,,,,,,,,,,,,,,,,,,40019053052.0,,,,,,,,0.0,0.0,,,,,,,,,,,,,,,,,,,,,,,,,,,,,,,,0.0,0.0,,,,,,,,,,,8229113.0,,,,,,,,,,,,,,,,,,,,,,
GRC,Greece,1960,58.546,1.503,,0.0,,0.0,,,,,,,,,,,,,,,,,,4.07,491.981,,,,,,,,,,,,,,,,,,,,,,,,,41761936075.0,,,,,,,,0.0,0.0,,,,,,,,,,,,,,,,,,,,,,,,,,,,,,,,0.0,0.0,,,,,,,,,,,8273628.0,,,,,,,,,,,,,,,,,,,,,,
GRC,Greece,1961,-1.842,-0.075,,0.0,,0.0,,,,,,,,,,,,,,,,,,3.995,480.571,,,,,,,,,,,,,,,,,,,,,,,,,45416654400.0,,,,,,,,0.0,0.0,,,,,,,,,,,,,,,,,,,,,,,,,,,,,,,,0.0,0.0,,,,,,,,,,,8314009.0,,,,,,,,,,,,,,,,,,,,,,
GRC,Greece,1962,7.628,0.305,,0.0,,0.0,,,,,,,,,,,,,,,,,,4.3,514.945,,,,,,,,,,,,,,,,,,,,,,,,,47115795441.0,,,,,,,,0.0,0.0,,,,,,,,,,,,,,,,,,,,,,,,,,,,,,,,0.0,0.0,,,,,,,,,,,8350876.0,,,,,,,,,,,,,,,,,,,,,,
GRC,Greece,1963,30.835,1.326,,0.0,,0.0,,,,,,,,,,,,,,,,,,5.626,670.95,,,,,,,,,,,,,,,,,,,,,,,,,51912264250.0,,,,,,,,0.0,0.0,,,,,,,,,,,,,,,,,,,,,,,,,,,,,,,,0.0,0.0,,,,,,,,,,,8385443.0,,,,,,,,,,,,,,,,,,,,,,
GRC,Greece,1964,9.444,0.531,,0.0,,0.0,,,,,,,,,,,,,,,,,,6.158,731.363,,,,,,,,,,,,,,,,,,,,,,,,,56177341829.0,,,,,,,,0.0,0.0,,,,,,,,,,,,,,,,,,,,,,,,,,,,,,,,0.0,0.0,,,,,,,,,,,8419301.0,,,,,,,,,,,,,,,,,,,,,,
GRC,Greece,1965,31.64,1.948,,0.0,,0.0,,,,,,,,,,,,,31.017,,24.504,,2898.622,8.106,958.837,,,,,,0.801,0.0,,,0.0,0.801,0.0,0.0,,,1.286,9345.201,,97.184,,76.778,9082.014,,,61451243271.0,,,0.0,,0.0,,0.0,0.0,0.0,,,2.816,,2.225,94.75,263.195,,0.801,94.75,,2.816,,2.225,263.195,,,,,0.0,,0.0,0.0,0.0,,,66.166,,52.273,,6183.391,0.0,0.0,,0.0,,0.0,,0.0,,,0.0,,8453819.0,79.003,94.75,,,2.816,,2.225,263.195,,,0.0,,0.0,0.0,0.0,,,0.0,,0.0,0.0,0.0
GRC,Greece,1966,-2.205,-0.179,,0.0,,0.0,9.288,7.337,,,,,,,,,,-0.19,28.327,-0.047,24.458,,2880.835,7.927,933.716,,,,,,1.73,0.0,,,0.0,1.73,0.0,0.0,,,1.324,10169.773,6.196,94.434,4.757,81.535,9603.746,,,65205338070.0,,,0.0,0.0,0.0,,0.0,0.0,0.0,,115.98,5.566,2.581,4.806,203.772,566.035,,1.73,203.772,115.98,5.566,2.581,4.806,566.035,,,,,0.0,0.0,0.0,0.0,0.0,,9.189,66.107,4.803,57.077,,6722.911,0.0,0.0,,0.0,,0.0,0.0,0.0,,,0.0,,8489868.0,86.34,203.772,,115.98,5.566,2.581,4.806,566.035,,,0.0,0.0,0.0,0.0,0.0,,,0.0,0.0,0.0,0.0,0.0
GRC,Greece,1967,7.186,0.57,,0.0,,0.0,10.146,8.76,,,,,,,,,,-4.422,24.581,-1.082,23.376,,2741.117,8.497,996.335,,,,,,1.66,0.0,,,0.0,1.66,0.0,0.0,,,1.382,11151.495,10.983,95.151,8.955,90.489,10610.803,,,68790152372.0,,,0.0,0.0,0.0,,0.0,0.0,0.0,,-4.046,4.849,-0.194,4.611,194.652,540.701,,1.66,194.652,-4.046,4.849,-0.194,4.611,540.701,,,,,0.0,0.0,0.0,0.0,0.0,,17.584,70.571,10.036,67.113,,7869.686,0.0,0.0,,0.0,,0.0,0.0,0.0,,,0.0,,8528026.0,95.1,194.652,,-4.046,4.849,-0.194,4.611,540.701,,,0.0,0.0,0.0,0.0,0.0,,,0.0,0.0,0.0,0.0,0.0
GRC,Greece,1968,7.568,0.643,,0.0,,0.0,3.988,3.793,,,,,,,,,,12.935,26.696,3.024,26.4,,3080.835,9.14,1066.595,,,,,,1.368,0.0,,,0.0,1.368,0.0,0.0,,,1.348,11540.611,5.088,96.157,4.604,95.093,11097.168,,,73369981410.0,,,0.0,0.0,0.0,,0.0,0.0,0.0,,-17.59,3.843,-0.811,3.8,159.643,443.452,,1.368,159.643,-17.59,3.843,-0.811,3.8,443.452,,,,,0.0,0.0,0.0,0.0,0.0,,2.355,69.462,1.58,68.693,,8016.333,0.0,0.0,,0.0,,0.0,0.0,0.0,,,0.0,,8569144.0,98.893,159.643,,-17.59,3.843,-0.811,3.8,443.452,,,0.0,0.0,0.0,0.0,0.0,,,0.0,0.0,0.0,0.0,0.0
GRC,Greece,1969,17.58,1.607,,0.0,,0.0,5.522,5.46,,,,,,,,,,-3.216,24.485,-0.849,25.551,,2966.221,10.747,1247.571,,,,,,2.055,0.0,,,0.0,2.055,0.0,0.0,,,1.294,12114.368,3.735,94.53,3.552,98.645,11451.699,,,80630473924.0,,,0.0,0.0,0.0,,0.0,0.0,0.0,,50.219,5.47,1.908,5.708,238.564,662.679,,2.055,238.564,50.219,5.47,1.908,5.708,662.679,,,,,0.0,0.0,0.0,0.0,0.0,,6.407,70.045,4.401,73.094,,8485.478,0.0,0.0,,0.0,,0.0,0.0,0.0,,,0.0,,8614035.0,104.354,238.564,,50.219,5.47,1.908,5.708,662.679,,,0.0,0.0,0.0,0.0,0.0,,,0.0,0.0,0.0,0.0,0.0
GRC,Greece,1970,16.674,1.792,,0.0,,0.0,11.055,11.537,,,,,,,,,,15.066,25.369,3.85,29.401,,3393.598,12.539,1447.27,,,,,,2.636,0.0,,,0.0,2.636,0.0,0.0,,,1.331,13376.738,10.059,93.682,9.923,108.568,12531.574,,,87048779400.0,,,0.0,0.0,0.0,,0.0,0.0,0.0,,28.273,6.318,1.614,7.322,304.263,845.175,,2.636,304.263,28.273,6.318,1.614,7.322,845.175,,,,,0.0,0.0,0.0,0.0,0.0,,8.309,68.312,6.073,79.167,,9137.976,0.0,0.0,,0.0,,0.0,0.0,0.0,,,0.0,,8663568.0,115.89,304.263,,28.273,6.318,1.614,7.322,845.175,,,0.0,0.0,0.0,0.0,0.0,,,0.0,0.0,0.0,0.0,0.0
GRC,Greece,1971,39.081,4.9,,0.0,,0.0,19.214,22.267,,,,,,,,,,47.389,31.365,13.933,43.333,,4971.213,17.439,2000.571,,,,,,2.652,0.0,,,0.0,2.652,0.0,0.0,,,1.482,15849.432,20.469,94.668,22.223,130.791,15004.339,,,93246909124.0,,,0.0,0.0,0.0,,0.0,0.0,0.0,,0.607,5.332,0.044,7.367,304.238,845.105,,2.652,304.238,0.607,5.332,0.044,7.367,845.105,,,,,0.0,0.0,0.0,0.0,0.0,,10.471,63.303,8.29,87.457,,10033.127,0.0,0.0,,0.0,,0.0,0.0,0.0,,,0.0,,8716870.0,138.157,304.238,,0.607,5.332,0.044,7.367,845.105,,,0.0,0.0,0.0,0.0,0.0,,,0.0,0.0,0.0,0.0,0.0
GRC,Greece,1972,6.012,1.048,,0.0,,0.0,12.217,16.879,,,,,,,,,,6.817,29.856,2.954,46.287,,5275.215,18.487,2106.904,,,,,,2.677,0.0,,,0.0,2.677,0.0,0.0,,,1.479,17668.986,12.852,95.204,16.81,147.601,16821.532,,,104841367260.0,,,0.0,0.0,0.0,,0.0,0.0,0.0,,0.943,4.796,0.069,7.436,305.088,847.468,,2.677,305.088,0.943,4.796,0.069,7.436,847.468,,,,,0.0,0.0,0.0,0.0,0.0,,15.843,65.348,13.856,101.313,,11546.317,0.0,0.0,,0.0,,0.0,0.0,0.0,,,0.0,,8774512.0,155.037,305.088,,0.943,4.796,0.069,7.436,847.468,,,0.0,0.0,0.0,0.0,0.0,,,0.0,0.0,0.0,0.0,0.0
GRC,Greece,1973,14.034,2.595,,0.0,,0.0,15.157,23.499,,,,,,,,,,17.613,30.493,8.153,54.44,,6158.163,21.082,2384.708,,,,,,2.223,0.0,,,0.0,2.223,0.0,0.0,,,1.639,20195.583,16.775,96.541,24.76,172.36,19497.094,,,108952707372.0,,,0.0,0.0,0.0,,0.0,0.0,0.0,,-16.959,3.459,-1.261,6.175,251.462,698.505,,2.223,251.462,-16.959,3.459,-1.261,6.175,698.505,,,,,0.0,0.0,0.0,0.0,0.0,,16.392,66.049,16.607,117.92,,13338.931,0.0,0.0,,0.0,,0.0,0.0,0.0,,,0.0,,8840311.0,178.535,251.462,,-16.959,3.459,-1.261,6.175,698.505,,,0.0,0.0,0.0,0.0,0.0,,,0.0,0.0,0.0,0.0,0.0
GRC,Greece,1974,6.789,1.431,,0.0,,0.0,-2.25,-4.018,,,,,,,,,,5.319,32.854,2.896,57.336,,6428.339,22.513,2524.075,,,,,,2.347,0.0,,,0.0,2.347,0.0,0.0,,,1.662,19566.382,-2.531,96.264,-4.362,167.998,18835.456,,,104999061468.0,,,0.0,0.0,0.0,,0.0,0.0,0.0,,5.578,3.736,0.344,6.519,263.139,730.942,,2.347,263.139,5.578,3.736,0.344,6.519,730.942,,,,,0.0,0.0,0.0,0.0,0.0,,-6.155,63.41,-7.258,110.662,,12407.116,0.0,0.0,,0.0,,0.0,0.0,0.0,,,0.0,,8919247.0,174.517,263.139,,5.578,3.736,0.344,6.519,730.942,,,0.0,0.0,0.0,0.0,0.0,,,0.0,0.0,0.0,0.0,0.0
GRC,Greece,1975,28.45,6.405,,0.0,,0.0,13.415,23.411,,,,,,,,,,30.953,37.935,17.747,75.083,,8329.552,28.918,3208.059,,,,,,2.015,0.0,,,0.0,2.015,0.0,0.0,,,1.777,21957.684,14.484,97.172,24.333,192.331,21336.759,,,111353885478.0,,,0.0,0.0,0.0,,0.0,0.0,0.0,,-14.146,2.828,-0.922,5.597,223.539,620.942,,2.015,223.539,-14.146,2.828,-0.922,5.597,620.942,,,,,0.0,0.0,0.0,0.0,0.0,,5.951,59.238,6.586,117.248,,13007.207,0.0,0.0,,0.0,,0.0,0.0,0.0,,,0.0,,9014091.0,197.929,223.539,,-14.146,2.828,-0.922,5.597,620.942,,,0.0,0.0,0.0,0.0,0.0,,,0.0,0.0,0.0,0.0,0.0
GRC,Greece,1976,23.065,6.67,,0.0,,0.0,10.513,20.809,,,,,,,,,,18.169,40.563,13.642,88.725,,9721.134,35.587,3899.121,,,,,,1.879,0.0,,,0.0,1.879,0.0,0.0,,,1.847,23965.788,11.016,97.614,21.186,213.518,23393.941,,,118430927610.0,,,0.0,0.0,0.0,,0.0,0.0,0.0,,-6.749,2.386,-0.378,5.219,205.871,571.865,,1.879,205.871,-6.749,2.386,-0.378,5.219,571.865,,,,,0.0,0.0,0.0,0.0,0.0,,6.435,57.051,7.544,124.792,,13672.808,0.0,0.0,,0.0,,0.0,0.0,0.0,,,0.0,,9127057.0,218.737,205.871,,-6.749,2.386,-0.378,5.219,571.865,,,0.0,0.0,0.0,0.0,0.0,,,0.0,0.0,0.0,0.0,0.0
GRC,Greece,1977,5.69,2.025,,0.0,,0.0,3.707,8.109,,,,,,,,,,6.357,41.599,5.641,94.366,,10196.23,37.612,4064.014,,,,,,1.922,0.0,,,0.0,1.922,0.0,0.0,,,1.852,24510.665,3.742,97.646,7.989,221.507,23933.817,,,122480966682.0,,,0.0,0.0,0.0,,0.0,0.0,0.0,,2.288,2.354,0.119,5.339,207.672,576.867,,1.922,207.672,2.288,2.354,0.119,5.339,576.867,,,,,0.0,0.0,0.0,0.0,0.0,,1.882,56.047,2.349,127.141,,13737.587,0.0,0.0,,0.0,,0.0,0.0,0.0,,,0.0,,9254979.0,226.846,207.672,,2.288,2.354,0.119,5.339,576.867,,,0.0,0.0,0.0,0.0,0.0,,,0.0,0.0,0.0,0.0,0.0
GRC,Greece,1978,-7.454,-2.804,,0.0,,0.0,1.676,3.801,,,,,,,,,,-11.08,36.38,-10.455,83.91,,8937.376,34.809,3707.516,,,,,,2.988,0.0,,,0.0,2.988,0.0,0.0,,,1.765,24566.409,0.379,96.401,0.84,222.347,23682.388,,,130699231740.0,,,0.0,0.0,0.0,,0.0,0.0,0.0,,55.463,3.599,2.961,8.3,318.254,884.04,,2.988,318.254,55.463,3.599,2.961,8.3,884.04,,,,,0.0,0.0,0.0,0.0,0.0,,8.884,60.021,11.296,138.437,,14745.013,0.0,0.0,,0.0,,0.0,0.0,0.0,,,0.0,,9388720.0,230.647,318.254,,55.463,3.599,2.961,8.3,884.04,,,0.0,0.0,0.0,0.0,0.0,,,0.0,0.0,0.0,0.0,0.0
GRC,Greece,1979,8.279,2.882,,0.0,,0.0,-12.248,-28.25,,,,,,,,,,-45.1,22.76,-37.844,46.066,,4841.079,37.691,3960.862,,,,,,3.566,0.0,,,0.0,3.566,0.0,0.0,,,1.494,21269.747,-13.427,95.106,-29.855,192.492,20228.798,,,135518425794.0,,,0.0,0.0,0.0,,0.0,0.0,0.0,,19.344,4.894,1.606,9.906,374.747,1040.966,,3.566,374.747,19.344,4.894,1.606,9.906,1040.966,,,,,0.0,0.0,0.0,0.0,0.0,,5.771,72.346,7.989,146.425,,15387.719,0.0,0.0,,0.0,,0.0,0.0,0.0,,,0.0,,9515743.0,202.397,374.747,,19.344,4.894,1.606,9.906,1040.966,,,0.0,0.0,0.0,0.0,0.0,,,0.0,0.0,0.0,0.0,0.0
GRC,Greece,1980,-17.139,-6.46,,0.0,,0.0,-0.939,-1.9,,,,,,,,,,0.0,22.976,0.0,46.066,,4785.13,31.231,3244.084,,,,,,3.405,0.0,,,0.0,3.405,0.0,0.0,,,1.454,20826.578,-0.755,95.283,-1.453,191.039,19844.115,,,137887821500.0,,,0.0,0.0,0.0,,0.0,0.0,0.0,,-4.515,4.717,-0.447,9.458,353.693,982.48,,3.405,353.693,-4.515,4.717,-0.447,9.458,982.48,,,,,0.0,0.0,0.0,0.0,0.0,,-0.992,72.307,-1.453,144.973,,15058.985,0.0,0.0,,0.0,,0.0,0.0,0.0,,,0.0,,9627004.0,200.498,353.693,,-4.515,4.717,-0.447,9.458,982.48,,,0.0,0.0,0.0,0.0,0.0,,,0.0,0.0,0.0,0.0,0.0
GRC,Greece,1981,29.511,9.216,,0.0,,5.077,-2.29,-4.59,,,,,,,,,,-1.01,23.277,-0.465,45.601,,4691.566,40.447,4161.307,,,,,,3.407,0.0,,,0.0,3.407,0.0,0.0,,,1.42,20155.386,-2.406,95.169,-4.596,186.443,19181.734,,,137962183000.0,,,0.0,0.0,0.0,,0.0,0.0,0.0,,0.059,4.831,0.006,9.464,350.52,973.668,,3.407,350.52,0.059,4.831,0.006,9.464,973.668,,,,,0.0,0.0,0.0,0.0,0.0,,-2.849,71.892,-4.131,140.842,,14490.168,5.077,522.384,,0.0,,0.0,0.0,0.0,,,0.0,,9719839.0,195.907,350.52,,0.059,4.831,0.006,9.464,973.668,,,0.0,0.0,0.0,0.0,0.0,,,0.0,0.0,0.0,0.0,0.0
GRC,Greece,1982,4.784,1.935,,0.928,170.996,8.682,1.347,2.638,,,,,,,,,,1.53,23.319,0.698,46.299,,4725.923,42.382,4326.098,,,,,,3.561,0.0,,,0.0,3.561,0.0,0.0,,,1.433,20266.249,1.185,95.018,2.21,188.653,19256.584,,,138508051440.0,,,0.425,0.844,0.844,,86.099,0.928,94.723,,4.52,4.982,0.428,9.892,363.485,1009.681,,3.561,363.485,4.52,4.982,0.428,9.892,1009.681,,,,,0.0,0.0,0.0,0.0,0.0,,0.475,71.274,0.669,141.511,,14444.561,13.76,1404.514,,0.0,,0.0,0.0,0.0,,,0.0,,9796830.0,198.545,363.485,,4.52,4.982,0.428,9.892,1009.681,,,0.0,0.0,0.0,0.0,0.0,,,0.0,0.0,0.0,0.0,0.0
GRC,Greece,1983,9.124,3.867,-4.545,-0.042,16.987,2.337,0.672,1.334,,,,,,,,,,22.633,28.406,10.479,56.778,,5757.959,46.249,4690.221,,,,,,2.34,0.0,,,0.0,2.34,0.0,0.0,,,1.437,20270.238,2.505,96.748,4.726,193.38,19611.074,,,139066313432.0,,-4.683,0.402,-0.04,0.804,,81.536,0.886,89.831,,-34.288,3.252,-3.392,6.5,237.305,659.181,,2.34,237.305,-34.288,3.252,-3.392,6.5,659.181,,,,,0.0,0.0,0.0,0.0,0.0,,-4.037,67.94,-5.713,135.798,,13771.579,16.097,1632.449,,0.0,,0.0,0.0,0.0,,,0.0,,9860734.0,199.879,237.305,,-34.288,3.252,-3.392,6.5,659.181,,,0.0,0.0,0.0,0.0,0.0,,,0.0,0.0,0.0,0.0,0.0
GRC,Greece,1984,8.696,4.022,9.6,0.085,8.18,1.317,4.375,8.745,,,,,,,,,,6.78,29.06,3.85,60.627,,6113.786,50.271,5069.407,,,,,,2.862,0.0,,,0.0,2.862,0.0,0.0,,,1.46,21038.181,3.773,96.189,7.295,200.675,20236.502,,,142899253557.0,,10.012,0.424,0.081,0.884,,89.195,0.971,97.901,,22.308,3.811,1.45,7.95,288.61,801.696,,2.862,288.61,22.308,3.811,1.45,7.95,801.696,,,,,0.0,0.0,0.0,0.0,0.0,,2.478,66.705,3.365,139.163,,14033.521,17.414,1756.054,,0.0,,0.0,0.0,0.0,,,0.0,,9916481.0,208.625,288.61,,22.308,3.811,1.45,7.95,801.696,,,0.0,0.0,0.0,0.0,0.0,,,0.0,0.0,0.0,0.0,0.0
GRC,Greece,1985,11.925,5.995,-4.348,-0.042,-3.917,-0.682,5.648,11.783,,,,,,,,,,15.96,31.897,9.676,70.303,,7052.745,56.266,5644.492,,,,,,2.805,0.0,,,0.0,2.805,0.0,0.0,27.74,,1.496,22111.025,5.951,96.465,11.941,212.616,21329.392,,,147360307050.0,,-6.02,0.377,-0.053,0.831,,83.39,0.929,93.159,10.112,-1.992,3.535,-0.158,7.792,281.394,781.65,10.112,2.805,281.394,-1.992,3.535,-0.158,7.792,781.65,,,0.0,,0.0,0.0,0.0,0.0,0.0,,1.666,64.191,2.319,141.482,,14193.257,16.732,1678.504,,0.0,,0.0,0.0,0.0,,0.0,0.0,2782.84,9968233.0,220.408,281.394,10.112,-1.992,3.535,-0.158,7.792,781.65,0.0,,0.0,0.0,0.0,0.0,0.0,0.0,,0.0,0.0,0.0,0.0,0.0
GRC,Greece,1986,4.504,2.534,36.269,0.337,0.0,0.0,0.178,0.393,,,,,,,,,,-4.566,30.386,-3.21,67.093,,6699.222,58.8,5871.099,,,,,,3.235,0.0,,,0.0,3.235,0.0,0.0,28.237,,1.475,22046.697,-0.377,95.93,-0.802,211.814,21149.46,,,149738264390.0,,36.992,0.516,0.308,1.139,,113.703,1.265,126.352,11.457,15.33,4.07,1.194,8.986,323.012,897.255,11.457,3.235,323.012,15.33,4.07,1.194,8.986,897.255,,,0.0,,0.0,0.0,0.0,0.0,0.0,,1.485,65.028,2.1,143.582,,14336.535,16.732,1670.646,,0.0,,0.0,0.0,0.0,,0.0,0.0,2819.436,10015122.0,220.8,323.012,11.457,15.33,4.07,1.194,8.986,897.255,0.0,,0.0,0.0,0.0,0.0,0.0,0.0,,0.0,0.0,0.0,0.0,0.0
GRC,Greece,1987,18.062,10.621,13.412,0.17,-3.793,-0.635,9.412,20.782,,,,,,,,,,14.162,31.706,9.502,76.595,,7615.891,69.42,6902.501,,,,,,2.78,0.0,,,0.0,2.781,0.0,0.001,30.272,,1.621,24020.571,10.407,96.802,22.043,233.857,23252.49,,,149058778560.0,,14.16,0.538,0.161,1.3,,129.26,1.435,142.698,9.183,-14.065,3.197,-1.264,7.722,276.416,767.824,9.187,2.781,276.516,-14.034,3.198,-1.261,7.725,768.1,,,0.0,,0.0,0.0,0.0,0.0,0.0,,8.622,64.559,12.38,155.962,,15507.339,16.097,1600.544,,0.0,,0.0,0.0,0.0,,0.0,0.0,3009.955,10057292.0,241.582,276.516,9.187,-14.034,3.198,-1.261,7.725,768.1,0.0,,0.0,0.0,0.0,0.0,0.0,0.003,,0.001,0.003,0.003,0.099,0.276
GRC,Greece,1988,5.323,3.695,20.923,0.3,-11.599,-1.867,5.627,13.594,,,,,,,,,,12.238,33.69,9.374,85.969,,8510.648,73.116,7238.216,,,,,,2.366,0.0,,,0.0,2.367,0.0,0.001,33.394,,1.639,25261.614,6.305,97.423,14.744,248.602,24610.73,,,155690547908.0,,19.942,0.611,0.259,1.559,,154.361,1.735,171.802,7.085,-14.892,2.576,-1.15,6.572,234.226,650.629,7.088,2.367,234.325,-14.887,2.577,-1.15,6.575,650.904,,,0.0,,0.0,0.0,0.0,0.0,0.0,,3.277,63.122,5.111,161.073,,15945.721,14.23,1408.726,,0.0,,0.0,0.0,0.0,,0.0,0.0,3305.895,10101349.0,255.176,234.325,7.088,-14.887,2.577,-1.15,6.575,650.904,0.0,,0.0,0.0,0.0,0.0,0.0,0.003,0.0,0.001,0.0,0.003,0.099,0.275
GRC,Greece,1989,13.272,9.704,0.0,0.0,-18.108,-2.577,8.446,21.553,,,,,,,,,,7.508,33.399,6.455,92.424,,9100.652,82.82,8154.968,,,,,,1.9,0.0,,,0.0,1.901,0.0,0.001,34.456,,1.712,27248.585,9.19,98.092,22.847,271.449,26728.648,,,161665839505.0,,0.85,0.568,0.013,1.572,,154.839,1.735,170.883,5.514,-19.696,1.907,-1.294,5.278,187.087,519.686,5.517,1.901,187.185,-19.687,1.908,-1.294,5.281,519.959,,,0.0,,0.0,0.0,0.0,0.0,0.0,,10.169,64.125,16.379,177.452,,17473.156,11.653,1147.458,,0.0,,0.0,0.0,0.0,,0.0,0.0,3392.767,10155721.0,276.729,187.185,5.517,-19.687,1.908,-1.294,5.281,519.959,0.0,,0.0,0.0,0.0,0.0,0.0,0.003,0.0,0.001,0.0,0.003,0.098,0.274
GRC,Greece,1990,-0.038,-0.031,-5.211,-0.09,-10.889,-1.269,3.71,10.266,0.0,0.0,,,,,,,72.369,1.41,32.658,1.303,93.727,2461.375,9165.536,82.788,8095.857,35.49,0.0,25.17,33.01,0.09,1.77,0.0,7.75,0.0,0.0,1.77,0.0,0.0,34.78,,1.775,28065.263,3.915,98.286,10.627,282.076,27584.212,3228.049,94.911,161708982292.0,0.259,2.162,0.56,0.034,1.606,8.801,157.1,1.645,160.865,5.089,-6.895,1.712,-0.364,4.914,173.088,480.53,5.089,1.77,173.088,-6.839,1.714,-0.361,4.919,481.073,2.001,0.71,0.0,,0.0,0.0,0.0,0.0,0.0,22.283,5.235,65.068,9.29,186.743,757.873,18261.577,10.384,1015.483,0.0,0.0,,0.0,0.0,0.0,0.0,0.0,0.0,3401.138,10225990.0,286.995,173.088,5.089,-6.839,1.714,-0.361,4.919,481.073,0.0,,0.0,0.0,0.0,0.0,0.0,0.0,100.0,0.002,0.003,0.006,0.0,0.543
GRC,Greece,1991,-3.022,-2.502,4.779,0.079,1.934,0.201,1.37,3.931,0.0,0.0,,,,,,,66.312,-3.793,30.995,-3.555,90.171,2297.601,8741.69,80.287,7783.392,36.38,0.0,23.7,32.64,0.09,3.1,0.0,8.85,0.0,0.0,3.1,0.0,0.0,35.74,,1.729,28203.925,0.084,97.039,0.237,282.313,27368.872,3164.29,91.326,168230940118.0,0.252,-1.214,0.545,-0.02,1.587,8.725,153.852,1.724,167.096,8.674,75.184,2.959,3.694,8.608,300.53,834.537,8.674,3.1,300.53,75.099,2.961,3.694,8.614,835.076,1.759,0.64,0.0,,0.0,0.0,0.0,0.0,0.0,24.762,2.041,65.499,3.812,190.554,857.965,18473.33,10.585,1026.182,0.0,0.0,,0.0,0.0,0.0,0.0,0.0,0.0,3464.82,10315109.0,290.927,300.53,8.674,75.099,2.961,3.694,8.614,835.076,0.0,,0.0,0.0,0.0,0.0,0.0,0.0,0.0,0.002,0.0,0.006,0.0,0.539
GRC,Greece,1992,1.328,1.066,-1.702,-0.029,-18.579,-1.967,1.82,5.295,0.0,0.0,,,,,,,71.494,4.344,31.763,3.917,94.088,2553.687,9029.393,81.353,7807.222,37.83,0.0,26.61,35.01,0.08,2.2,0.0,8.32,0.0,0.0,2.21,0.0,0.01,37.22,,1.733,28427.576,2.75,97.926,7.765,290.078,27837.933,3359.812,94.062,170928727803.0,0.215,-7.593,0.495,-0.121,1.466,7.677,140.736,1.694,162.595,5.911,-28.913,2.066,-2.489,6.119,211.128,587.266,5.938,2.21,212.088,-28.668,2.074,-2.469,6.144,589.666,1.612,0.61,0.0,,0.0,0.0,0.0,0.0,0.0,22.354,2.083,65.668,3.968,194.523,798.447,18667.805,8.619,827.101,0.0,0.0,,0.001,0.003,0.003,0.0,0.0,0.267,3571.899,10420226.0,296.222,212.088,5.938,-28.668,2.074,-2.469,6.144,589.666,0.0,,0.0,0.0,0.0,0.0,0.0,0.027,300.0,0.008,0.017,0.022,0.96,2.133
GRC,Greece,1993,2.402,1.954,-28.896,-0.49,-15.5,-1.336,1.314,3.891,0.0,0.0,,,,,,,72.882,-0.044,31.337,-0.041,94.047,2638.172,8928.141,83.307,7908.52,38.94,0.0,27.79,35.8,0.08,2.28,0.0,7.93,0.0,0.0,2.33,0.0,0.05,38.13,,1.768,28490.452,1.228,97.843,3.563,293.641,27876.051,3398.58,93.889,169706676080.0,0.21,-26.253,0.36,-0.385,1.082,7.595,102.669,1.205,114.366,5.98,3.586,2.112,0.219,6.339,216.446,601.766,6.111,2.33,221.193,5.335,2.157,0.328,6.472,614.424,2.08,0.81,0.0,,0.0,0.0,0.0,0.0,0.0,20.797,2.051,66.146,3.989,198.512,752.814,18845.24,7.283,691.367,0.0,0.0,0.0,0.001,0.0,0.003,0.0,0.0,0.264,3619.773,10533811.0,300.113,221.193,6.111,5.335,2.157,0.328,6.472,614.424,0.0,,0.0,0.0,0.0,0.0,0.0,0.131,487.5,0.044,0.108,0.131,4.747,12.394
GRC,Greece,1994,2.76,2.299,-49.003,-0.59,-5.373,-0.391,1.685,5.058,0.0,0.0,,,,,,,73.236,0.215,30.884,0.202,94.249,2778.785,8853.894,85.606,8041.953,40.77,0.0,29.58,37.75,0.08,2.6,0.0,8.09,0.0,0.0,2.64,0.0,0.04,40.39,,1.747,28668.139,1.432,97.6,4.205,297.846,27980.041,3546.286,93.464,174662619108.0,0.198,-48.844,0.181,-0.528,0.553,7.515,51.973,0.614,57.714,6.437,13.891,2.366,0.881,7.219,244.248,678.205,6.536,2.64,248.005,13.176,2.4,0.853,7.325,688.121,0.932,0.38,0.0,,0.0,0.0,0.0,0.0,0.0,20.03,2.283,66.534,4.531,203.043,759.986,19074.173,6.891,647.39,0.0,0.0,0.0,0.001,0.0,0.003,0.0,0.0,0.261,3794.291,10644939.0,305.171,248.005,6.536,13.176,2.4,0.853,7.325,688.121,0.0,,0.0,0.0,0.0,0.0,0.0,0.099,-21.277,0.034,-0.028,0.103,3.758,9.655
GRC,Greece,1995,2.028,1.736,-9.853,-0.061,-13.364,-0.921,3.599,10.985,0.0,0.0,,,,,,,69.492,-0.336,29.711,-0.317,93.932,2670.885,8741.523,87.342,8128.281,42.1,0.0,28.7,37.74,0.08,3.53,0.0,8.96,0.0,0.0,3.56,0.0,0.03,41.3,,1.757,29422.087,2.823,96.869,8.41,306.255,28500.794,3512.167,91.38,179928429194.0,0.194,-7.772,0.161,-0.043,0.51,7.445,47.485,0.554,51.54,8.547,35.783,3.101,2.583,9.803,328.51,912.269,8.62,3.56,331.301,35.154,3.131,2.575,9.9,921.316,1.9,0.8,0.0,,0.0,0.0,0.0,0.0,0.0,21.695,4.319,66.997,8.77,211.813,833.837,19711.786,5.97,555.621,0.0,0.0,0.0,0.001,0.0,0.003,0.0,0.0,0.259,3843.469,10745502.0,316.155,331.301,8.62,35.154,3.131,2.575,9.9,921.316,0.0,,0.0,0.0,0.0,0.0,0.0,0.073,-8.108,0.03,-0.008,0.094,2.792,8.789
GRC,Greece,1996,-4.273,-3.732,8.108,0.045,-7.469,-0.446,2.484,7.854,0.0,0.0,,,,,,,69.071,-2.72,28.202,-2.555,91.377,2704.914,8435.78,83.61,7718.734,43.77,0.0,29.3,38.03,0.08,4.35,0.0,8.65,0.0,0.0,4.39,0.0,0.04,42.42,,1.735,29911.825,1.821,96.242,5.576,311.832,28787.621,3510.849,89.651,186744576148.0,0.189,12.347,0.177,0.063,0.573,7.385,52.921,0.599,55.273,10.255,23.208,3.728,2.275,12.078,401.583,1114.996,10.349,4.39,405.275,23.008,3.758,2.278,12.178,1124.227,3.084,1.35,0.0,,0.0,0.0,0.0,0.0,0.0,20.391,3.809,67.862,8.068,219.881,798.55,20298.92,5.524,510.009,0.0,0.0,-100.0,0.0,-0.003,0.0,0.0,0.0,0.0,3916.124,10832139.0,324.009,405.275,10.349,23.008,3.758,2.278,12.178,1124.227,0.0,,0.0,0.0,0.0,0.0,0.0,0.094,5.882,0.031,0.006,0.1,3.693,9.232
GRC,Greece,1997,7.191,6.013,-2.568,-0.015,10.554,0.583,2.881,9.335,0.0,0.0,,,,,,,70.755,7.697,29.522,7.034,98.411,2808.482,9023.366,89.623,8217.593,45.58,0.0,30.63,39.37,0.33,3.88,0.0,8.41,0.0,0.0,3.92,0.0,0.04,43.29,,1.693,30564.533,3.408,96.734,10.627,322.459,29566.403,3609.857,90.945,196868814972.0,0.762,246.925,0.597,1.416,1.989,30.258,182.35,0.583,53.488,8.963,-10.718,3.235,-1.294,10.783,355.759,988.731,9.055,3.92,359.427,-10.607,3.266,-1.292,10.886,998.154,5.024,2.29,0.0,,0.0,0.0,0.0,0.0,0.0,19.427,0.991,66.615,2.178,222.059,771.118,20360.687,6.108,560.005,0.0,0.0,,0.0,0.0,0.0,0.0,0.0,0.0,3969.284,10906248.0,333.344,359.427,9.055,-10.607,3.266,-1.292,10.886,998.154,0.0,,0.0,0.0,0.0,0.0,0.0,0.092,2.778,0.031,0.003,0.103,3.668,9.424
GRC,Greece,1998,5.448,4.882,-10.694,-0.062,-28.287,-1.728,6.227,20.758,0.0,0.0,,,,,,,70.253,4.613,29.074,4.539,102.95,2958.035,9384.63,94.505,8614.798,47.8,0.0,32.45,42.4,1.71,3.72,0.0,8.24,0.0,0.0,3.79,0.0,0.07,46.19,,1.716,32278.82,6.549,97.027,21.117,343.575,31319.168,3865.044,91.795,206380734032.0,3.702,309.562,2.3,6.156,8.145,155.878,742.487,0.521,47.49,8.054,-4.25,2.916,-0.458,10.325,339.103,941.194,8.205,3.79,345.484,-3.292,2.973,-0.358,10.528,959.678,3.368,1.61,0.0,,0.0,0.0,0.0,0.0,0.0,17.839,4.693,65.653,10.421,232.479,751.131,21192.05,4.38,399.257,0.0,0.0,,0.0,0.0,0.0,0.0,0.0,0.0,4210.528,10970121.0,354.103,345.484,8.205,-3.292,2.973,-0.358,10.528,959.678,0.0,,0.0,0.0,0.0,0.0,0.0,0.152,97.297,0.057,0.1,0.203,6.381,18.485
GRC,Greece,1999,-1.128,-1.066,-93.756,-0.488,-89.139,-3.904,-0.071,-0.25,0.0,0.0,,,,,,,65.56,-3.809,27.986,-3.922,99.029,2936.189,8979.862,93.439,8472.956,49.55,0.0,32.38,44.64,3.91,4.59,0.0,8.35,0.0,0.0,4.75,0.0,0.16,49.39,,1.649,32087.025,-0.853,96.267,-2.931,340.644,30889.33,4047.915,90.383,214634214817.0,7.917,79.293,4.127,6.459,14.604,354.555,1324.252,0.033,2.95,9.293,23.54,3.605,2.431,12.756,416.217,1156.663,9.617,4.75,430.726,25.462,3.733,2.681,13.208,1197.721,0.323,0.16,0.0,,0.0,0.0,0.0,0.0,0.0,16.906,-2.352,64.154,-5.468,227.012,757.171,20585.217,0.476,43.138,0.0,0.0,,0.001,0.003,0.003,0.0,0.0,0.252,4478.641,11027899.0,353.852,430.726,9.617,25.462,3.733,2.681,13.208,1197.721,0.0,,0.0,0.0,0.0,0.0,0.0,0.324,121.918,0.127,0.247,0.45,14.509,40.806
GRC,Greece,2000,2.331,2.178,1581.91,0.515,617.329,2.937,5.216,18.457,0.0,0.0,,,,,,701.235,64.227,5.977,28.188,5.919,104.948,3095.983,9470.034,95.617,8628.074,53.41,0.0,34.31,49.28,5.92,3.69,0.0,9.05,0.0,0.0,4.14,0.0,0.45,53.42,37.46,1.654,33595.56,5.916,96.908,20.154,360.799,32556.874,4446.809,92.25,225054588692.0,11.082,34.225,5.265,4.998,19.602,534.195,1768.788,0.547,49.366,6.908,-19.578,2.755,-2.497,10.258,332.969,925.667,7.75,4.14,373.575,-12.85,3.092,-1.697,11.511,1038.713,-0.019,-0.01,0.0,,0.0,0.0,0.0,0.0,0.0,16.941,4.069,63.455,9.237,236.249,816.632,21318.052,3.412,307.925,0.0,0.0,-100.0,0.0,-0.003,0.0,0.0,0.0,0.0,4820.385,11082103.0,372.309,373.575,7.75,-12.85,3.092,-1.697,11.511,1038.713,0.0,,0.0,0.0,0.0,0.0,0.0,0.842,178.395,0.336,0.803,1.253,40.606,113.045
GRC,Greece,2001,2.073,1.982,-5.164,-0.028,2.977,0.102,0.852,3.174,0.151,7.185,,,,,,718.538,66.748,3.362,28.89,3.528,108.476,3182.017,9742.392,97.599,8765.497,55.58,0.08,35.43,50.14,6.13,2.1,0.0,8.58,0.0,0.08,2.94,0.0,0.76,53.08,38.14,1.588,33722.653,1.827,97.845,6.593,367.392,32995.965,4503.142,94.461,236462125900.0,11.549,-1.312,5.152,-0.257,19.345,550.544,1737.382,0.519,46.597,3.956,-43.586,1.541,-4.471,5.787,188.604,519.755,5.539,2.94,264.045,-29.707,2.155,-3.42,8.092,726.715,4.498,2.5,0.0,,0.0,0.0,0.0,0.0,0.0,16.164,1.406,63.803,3.322,239.571,770.582,21516.192,3.514,315.601,0.0,7.185,,0.058,0.218,0.218,0.0,0.151,19.581,4767.188,11134447.0,375.483,264.045,5.539,-29.707,2.155,-3.42,8.092,726.715,0.0,,0.0,0.0,0.0,0.0,0.0,1.432,66.539,0.556,0.834,2.086,68.257,187.379
GRC,Greece,2002,2.265,2.211,5.714,0.03,-31.81,-1.118,0.059,0.22,0.241,11.626,,,,,,705.097,64.078,-3.789,27.779,-4.11,104.366,3091.491,9333.11,99.81,8925.69,56.85,0.13,34.57,50.37,7.06,2.8,0.0,8.74,0.0,0.13,3.58,0.0,0.65,53.95,38.04,1.515,33598.015,-0.407,97.389,-1.496,365.896,32720.95,4504.437,93.364,247945849294.0,13.086,7.549,5.538,1.46,20.805,631.354,1860.542,0.548,49.049,5.19,32.663,2.043,1.89,7.677,250.396,686.569,6.636,3.58,320.149,21.212,2.611,1.716,9.808,877.092,5.101,2.9,0.0,,0.0,0.0,0.0,0.0,0.0,16.2,0.482,64.073,1.154,240.725,781.592,21527.297,2.396,214.288,0.0,11.626,58.465,0.092,0.127,0.345,0.0,0.241,30.896,4824.585,11182308.0,375.703,320.149,6.636,21.212,2.611,1.716,9.808,877.092,0.0,,0.0,0.0,0.0,0.0,0.0,1.205,-14.444,0.475,-0.301,1.785,58.128,159.627
GRC,Greece,2003,-4.732,-4.723,-26.925,-0.148,-16.305,-0.391,5.735,21.546,0.173,8.914,,,,,,674.957,60.743,0.538,26.413,0.562,104.927,3134.894,9352.768,95.087,8475.613,59.99,0.1,35.17,52.01,8.02,4.77,0.0,8.82,0.0,0.1,5.89,0.0,1.02,57.9,39.08,1.501,35409.044,4.182,95.959,15.302,381.198,33978.276,4635.936,89.827,264671523019.0,13.851,13.05,5.921,2.715,23.52,714.866,2096.485,0.401,35.725,8.238,69.123,3.269,5.307,12.984,425.176,1157.362,10.173,5.89,525.008,63.663,4.041,6.244,16.052,1430.797,3.484,2.09,0.0,,0.0,0.0,0.0,0.0,0.0,15.233,4.996,63.625,12.026,252.75,786.175,22529.023,2.006,178.762,0.0,8.914,-17.201,0.072,-0.059,0.286,0.0,0.173,25.498,5160.943,11218879.0,397.25,525.008,10.173,63.663,4.041,6.244,16.052,1430.797,0.0,,0.0,0.0,0.0,0.0,0.0,1.762,55.83,0.7,0.997,2.782,90.918,247.937
GRC,Greece,2004,4.535,4.312,-7.278,-0.029,-3.527,-0.071,-0.023,-0.092,0.204,10.681,,,,,,672.279,60.17,2.507,27.082,2.631,107.558,3149.09,9573.492,99.399,8847.294,61.62,0.12,35.38,52.89,8.99,4.67,0.0,8.52,0.0,0.12,5.91,0.0,1.12,58.8,39.53,1.416,35350.107,-0.015,95.967,-0.057,381.141,33924.467,4707.613,89.949,280566773504.0,15.289,9.926,6.51,2.335,25.855,800.179,2301.27,0.372,33.078,7.942,-2.597,3.184,-0.337,12.647,415.666,1125.692,10.051,5.91,526.035,-0.215,4.033,-0.035,16.017,1425.668,4.576,2.82,0.0,,0.0,0.0,0.0,0.0,0.0,14.49,-1.987,62.375,-5.022,247.728,758.345,22049.705,1.935,172.21,0.0,10.681,16.397,0.084,0.047,0.333,0.0,0.204,29.636,5233.648,11234993.0,397.158,526.035,10.051,-0.215,4.033,-0.035,16.017,1425.668,0.0,,0.001,0.003,0.003,0.0,0.241,1.905,9.095,0.764,0.253,3.035,99.689,270.099
GRC,Greece,2005,-0.103,-0.102,-36.357,-0.135,-12.492,-0.242,0.326,1.295,0.202,10.691,,,,,,670.032,59.801,-1.357,26.628,-1.46,106.098,3166.203,9452.131,99.297,8846.21,63.21,0.12,35.54,53.02,8.17,5.02,0.0,9.31,0.0,0.12,6.41,0.0,1.27,59.43,39.82,1.399,35497.585,0.021,95.675,0.081,381.222,33962.5,4723.469,89.214,284786810609.0,13.747,0.688,6.533,0.178,26.032,727.853,2319.197,0.237,21.071,8.447,6.705,3.387,0.848,13.495,447.224,1202.258,10.786,6.41,571.057,7.579,4.325,1.214,17.231,1535.113,5.98,3.78,0.0,,0.0,0.0,0.0,0.0,0.0,15.665,0.55,62.515,1.363,249.091,829.413,22191.172,1.693,150.834,0.0,10.691,-1.441,0.082,-0.005,0.328,0.0,0.202,29.236,5294.526,11224800.0,398.453,571.057,10.786,7.579,4.325,1.214,17.231,1535.113,0.0,-0.718,0.001,-0.0,0.003,0.0,0.24,2.137,12.22,0.855,0.371,3.405,113.142,303.38
GRC,Greece,2006,-4.307,-4.276,42.138,0.1,-31.109,-0.527,2.883,11.487,0.183,9.834,,,,,,641.183,53.615,-7.909,23.835,-8.391,97.707,2884.16,8735.403,95.021,8495.183,64.37,0.11,32.26,52.5,10.61,5.86,0.0,9.63,0.0,0.11,7.67,0.0,1.7,60.17,38.58,1.35,36650.12,2.012,94.865,7.668,388.891,34768.22,4693.689,87.253,303593182002.0,17.633,17.903,7.487,4.661,30.693,948.572,2744.067,0.336,30.056,9.739,16.167,3.824,2.182,15.677,523.905,1401.571,12.747,7.67,685.726,19.118,5.007,3.294,20.526,1835.067,6.525,4.2,0.0,,0.0,0.0,0.0,0.0,0.0,16.005,4.576,63.543,11.399,260.49,860.957,23288.75,1.166,104.279,0.0,9.834,-7.145,0.074,-0.023,0.305,0.0,0.183,27.243,5379.415,11185231.0,409.94,685.726,12.747,19.118,5.007,3.294,20.526,1835.067,0.0,-0.62,0.001,-0.0,0.003,0.0,0.239,2.825,33.358,1.108,1.136,4.541,151.986,406.014
GRC,Greece,2007,2.678,2.545,-15.167,-0.051,-32.191,-0.375,2.087,8.554,0.287,16.187,,,,,,669.75,55.302,5.434,24.616,5.309,103.016,3118.601,9263.762,97.565,8773.559,67.07,0.18,34.68,58.12,14.16,2.59,0.0,9.28,0.0,0.18,4.59,0.0,1.82,62.71,42.0,1.323,37633.066,4.226,96.853,16.434,405.325,36448.879,5226.444,92.681,316350871168.0,22.58,26.634,9.288,8.175,38.868,1273.339,3495.193,0.285,25.646,4.13,-56.099,1.645,-8.795,6.882,232.906,618.896,7.319,4.59,412.756,-40.548,2.916,-8.323,12.203,1097.339,6.501,4.36,0.0,,0.0,0.0,0.0,0.0,0.0,14.798,1.133,62.95,2.951,263.441,834.505,23689.924,0.791,71.123,0.0,16.187,60.395,0.117,0.184,0.489,0.0,0.287,43.951,5639.2,11120371.0,418.494,412.756,7.319,-40.548,2.916,-8.323,12.203,1097.339,0.0,-0.624,0.001,-0.0,0.003,0.0,0.239,2.902,6.335,1.154,0.288,4.829,163.664,434.254
GRC,Greece,2008,-3.094,-3.019,-33.638,-0.096,-19.56,-0.155,-2.979,-12.466,0.302,17.21,,,,,,655.912,53.02,-5.87,23.882,-6.047,96.969,3021.654,8783.206,94.546,8563.715,68.53,0.19,33.36,57.17,13.8,3.31,0.0,10.01,0.0,0.19,5.75,0.01,2.24,62.92,41.27,1.276,36776.79,-3.764,96.069,-15.257,390.068,35331.236,5178.296,90.861,318127294892.0,21.933,4.268,9.981,1.659,40.527,1249.965,3670.805,0.189,17.143,5.261,27.033,2.153,1.861,8.743,299.81,791.904,9.139,5.75,520.819,24.386,3.738,2.976,15.179,1374.832,8.186,5.61,0.0,,0.0,0.0,0.0,0.0,0.0,15.909,-4.126,62.206,-10.869,252.572,906.677,22877.225,0.636,57.626,0.0,17.21,3.16,0.124,0.015,0.504,0.0,0.302,45.668,5699.114,11040312.0,406.027,520.819,9.139,24.386,3.738,2.976,15.179,1374.832,0.016,396.862,0.003,0.011,0.013,0.906,1.195,3.56,22.556,1.458,1.089,5.918,202.893,536.065
GRC,Greece,2009,0.571,0.54,-19.924,-0.038,16.448,0.105,-3.65,-14.822,0.36,20.074,,,,,,639.266,55.985,1.071,25.053,1.039,98.008,3119.734,8942.958,95.086,8676.283,65.44,0.22,34.19,52.91,11.02,5.35,0.0,7.7,0.0,0.22,8.16,0.05,2.54,61.07,39.04,1.274,35696.303,-5.44,94.285,-21.219,368.849,33656.333,4827.877,86.638,307180720174.0,18.045,-16.027,8.699,-6.495,34.031,1005.542,3105.269,0.152,13.829,8.76,61.257,3.604,5.356,14.098,488.171,1286.442,13.362,8.16,744.575,41.469,5.489,6.294,21.473,1959.347,6.678,4.37,0.0,,0.0,0.0,0.0,0.0,0.0,12.608,-6.241,60.533,-15.763,236.809,702.602,21608.106,0.741,67.601,0.0,20.074,13.432,0.146,0.068,0.572,0.0,0.36,52.185,5572.452,10959268.0,391.205,744.575,13.362,41.469,5.489,6.294,21.473,1959.347,0.082,894.152,0.034,0.118,0.131,4.562,11.969,4.159,12.725,1.705,0.753,6.671,231.767,608.75
GRC,Greece,2010,-10.525,-10.008,-40.014,-0.061,99.922,0.74,-4.806,-18.801,0.331,17.451,,,,,,604.566,53.677,-6.635,24.572,-6.503,91.506,2828.896,8404.545,85.078,7814.191,63.09,0.19,30.8,46.85,9.85,7.47,0.0,6.2,0.0,0.19,10.53,0.16,2.71,57.38,34.69,1.271,34204.307,-6.867,92.244,-25.328,343.521,31551.431,4303.045,81.649,292966544942.0,17.166,9.592,10.015,3.264,37.296,904.696,3425.503,0.091,8.35,13.018,37.965,5.223,5.352,19.451,686.099,1786.515,18.351,10.53,967.152,27.764,7.367,5.962,27.435,2519.801,9.051,5.71,0.0,,0.0,0.0,0.0,0.0,0.0,10.805,-9.328,57.658,-22.09,214.719,569.453,19721.384,1.481,136.038,0.0,17.451,-13.379,0.133,-0.077,0.495,0.0,0.331,45.501,5270.196,10887640.0,372.404,967.152,18.351,27.764,7.367,5.962,27.435,2519.801,0.279,214.061,0.111,0.281,0.412,14.696,37.838,4.723,6.07,1.9,0.405,7.076,248.906,649.947
GRC,Greece,2011,2.59,2.204,-8.563,-0.008,-25.0,-0.37,-2.063,-7.682,0.355,19.392,,,,,,620.375,52.492,0.376,25.183,0.344,91.849,2869.128,8481.756,87.282,8059.968,62.42,0.21,31.07,51.04,14.07,4.01,0.0,5.9,0.0,0.21,8.15,0.61,3.32,59.19,36.72,1.358,33679.893,-0.321,93.884,-1.103,342.418,31620.206,4713.238,86.231,268611516340.0,23.771,23.312,12.61,8.694,45.99,1299.28,4246.893,0.083,7.676,6.775,-46.561,2.85,-9.057,10.394,370.299,959.858,13.769,8.15,752.604,-23.082,5.786,-6.332,21.102,1948.671,5.175,3.23,0.0,,0.0,0.0,0.0,0.0,0.0,9.968,-4.723,56.091,-10.141,204.578,544.83,18891.557,1.111,102.58,0.0,19.392,8.283,0.147,0.041,0.536,0.0,0.355,49.536,5465.841,10829074.0,364.722,752.604,13.769,-23.082,5.786,-6.332,21.102,1948.671,1.031,283.722,0.433,1.169,1.581,56.33,145.977,5.609,21.4,2.355,1.514,8.591,306.582,793.3
GRC,Greece,2012,7.193,6.278,7.359,0.006,-4.382,-0.049,-5.996,-21.868,0.329,18.551,,,,,,602.798,51.21,3.059,27.609,2.809,94.659,2885.6,8780.069,93.56,8678.122,62.53,0.2,31.11,50.62,13.48,4.39,0.0,6.03,0.0,0.2,10.13,1.69,3.85,60.75,36.62,1.377,31801.356,-7.931,91.951,-27.159,315.259,29241.748,4695.245,83.325,248992881880.0,22.189,-8.092,12.328,-3.722,42.268,1250.334,3920.577,0.089,8.278,7.226,9.108,3.308,0.947,11.341,407.193,1051.938,16.675,10.13,939.606,23.904,7.626,5.044,26.147,2425.215,2.847,1.78,0.0,,0.0,0.0,0.0,0.0,0.0,9.926,-12.83,52.014,-26.246,178.331,559.311,16541.102,1.062,98.522,0.0,18.551,-2.047,0.153,-0.011,0.525,0.0,0.329,48.738,5634.851,10781119.0,342.854,939.606,16.675,23.904,7.626,5.044,26.147,2425.215,2.782,176.022,1.273,2.783,4.363,156.756,404.72,6.337,15.435,2.892,1.326,9.917,357.106,919.819
GRC,Greece,2013,-16.364,-15.31,-15.888,-0.014,-25.532,-0.271,-6.175,-21.172,0.385,20.483,,,,,,547.094,46.218,-14.154,25.261,-13.398,81.261,2457.986,7565.873,78.25,7285.519,59.01,0.22,26.4,42.76,10.88,6.35,0.0,5.48,0.0,0.22,14.36,3.65,4.14,57.12,31.25,1.335,29950.437,-10.128,88.077,-31.929,283.33,26379.584,3981.192,74.86,240930472691.0,19.048,-11.738,11.597,-4.961,37.307,1012.988,3473.484,0.075,6.989,11.117,43.261,5.051,4.906,16.247,591.22,1512.714,25.14,14.36,1336.995,40.504,11.42,10.59,36.737,3420.411,3.203,1.89,0.0,,0.0,0.0,0.0,0.0,0.0,9.594,-7.609,51.219,-13.57,164.762,510.218,15340.227,0.791,73.645,0.0,20.483,5.245,0.172,0.028,0.553,0.0,0.385,51.489,5318.188,10740501.0,321.683,1336.995,25.14,40.504,11.42,10.59,36.737,3420.411,6.39,114.051,2.903,4.976,9.34,339.835,869.584,7.248,6.859,3.294,0.68,10.597,385.457,986.625
GRC,Greece,2014,-5.114,-4.002,-6.296,-0.005,-6.813,-0.054,-5.912,-19.017,0.437,20.558,,,,,,571.4,51.142,-3.893,25.803,-3.163,78.098,2406.214,7297.889,74.248,6938.142,59.17,0.22,25.75,38.17,6.79,4.48,0.0,5.63,0.0,0.22,12.18,3.79,3.69,50.35,28.77,1.252,28282.661,-4.733,89.181,-13.411,269.919,25222.644,3566.803,75.809,241776389767.0,13.486,-23.76,9.397,-8.864,28.443,634.493,2657.835,0.07,6.573,8.898,-29.89,3.764,-4.856,11.391,418.634,1064.437,24.191,12.18,1138.162,-15.645,10.239,-5.748,30.989,2895.81,14.906,8.82,0.0,,0.0,0.0,0.0,0.0,0.0,11.182,-0.84,53.98,-1.383,163.378,526.096,15266.919,0.737,68.878,0.0,20.558,1.242,0.185,0.007,0.56,0.0,0.437,52.318,4704.965,10701460.0,302.666,1138.162,24.191,-15.645,10.239,-5.748,30.989,2895.81,7.527,3.325,3.188,0.311,9.65,354.157,901.775,7.329,-11.406,3.102,-1.209,9.388,344.813,877.28
GRC,Greece,2015,-11.105,-8.245,-13.439,-0.009,-7.311,-0.054,1.026,3.105,0.444,21.577,,,,,,522.284,42.659,-16.207,21.402,-12.657,65.441,2074.16,6139.068,66.003,6191.834,61.44,0.23,22.11,36.98,9.09,6.1,0.0,5.78,0.0,0.23,14.85,3.9,4.62,51.83,27.07,1.267,28684.618,-1.321,87.109,-3.565,266.354,24986.895,3469.129,71.349,241242124854.0,17.538,7.985,10.045,2.271,30.714,852.741,2881.3,0.061,5.712,11.769,35.427,5.045,4.035,15.427,572.247,1447.175,28.651,14.85,1393.093,21.225,12.286,6.578,37.567,3524.195,15.641,9.61,0.0,,0.0,0.0,0.0,0.0,0.0,11.152,4.175,55.662,6.821,170.199,542.227,15966.526,0.683,64.092,0.0,21.577,4.375,0.191,0.024,0.584,0.0,0.444,54.821,4862.221,10659737.0,305.77,1393.093,28.651,21.225,12.286,6.578,37.567,3524.195,7.525,2.236,3.227,0.216,9.866,365.863,925.546,8.914,24.519,3.823,2.302,11.69,433.407,1096.654
GRC,Greece,2016,-30.002,-19.802,124.999,0.076,195.42,1.335,-1.896,-5.798,0.496,25.435,,,,,,500.459,34.7,-22.537,16.899,-14.749,50.692,1778.585,4775.438,46.201,4352.342,63.21,0.27,18.88,39.52,14.97,5.54,0.0,5.67,0.0,0.27,14.89,3.93,5.15,54.41,27.23,1.241,28258.778,-2.165,86.87,-5.766,260.587,24548.543,3722.969,72.634,241653895486.0,27.513,30.163,13.327,9.264,39.978,1410.244,3766.118,0.137,12.905,10.182,-9.639,4.647,-1.487,13.94,521.894,1313.167,27.366,14.89,1402.708,-0.304,12.485,-0.114,37.453,3528.233,13.922,8.8,0.0,,0.0,0.0,0.0,0.0,0.0,10.421,-0.166,56.644,-0.282,169.917,534.141,16006.987,2.018,190.134,0.0,25.435,17.913,0.23,0.105,0.689,0.0,0.496,64.912,5125.677,10615183.0,299.972,1402.708,27.366,-0.304,12.485,-0.114,37.453,3528.233,7.223,0.173,3.295,0.017,9.883,370.224,931.038,9.465,10.702,4.314,1.251,12.941,485.154,1219.116
GRC,Greece,2017,14.97,6.916,0.0,,0.0,,4.82,14.457,0.562,29.33,,,,,,507.974,33.998,10.036,17.74,5.088,55.78,1774.927,5277.455,53.117,5025.555,61.42,0.31,18.76,41.38,17.13,3.96,0.0,5.49,0.0,0.31,13.8,3.99,5.54,55.18,28.03,1.282,29748.9,6.677,88.41,17.399,277.986,26300.913,3915.057,74.991,245290999003.0,31.044,20.599,15.333,8.235,48.213,1620.709,4561.547,,,7.177,-28.933,3.151,-4.033,9.906,374.665,937.265,25.009,13.8,1305.65,-7.877,10.973,-2.95,34.503,3264.373,10.16,6.24,0.0,,0.0,0.0,0.0,0.0,0.0,9.949,2.399,55.336,4.076,173.993,519.422,16461.911,,,0.0,29.33,12.483,0.247,0.086,0.775,0.0,0.562,73.331,5220.707,10569449.0,314.429,1305.65,25.009,-7.877,10.973,-2.95,34.503,3264.373,7.231,0.967,3.174,0.096,9.979,377.503,944.108,10.04,6.965,4.402,0.901,13.842,524.152,1309.669
GRC,Greece,2018,-6.403,-3.401,0.0,,0.0,,0.005,0.016,0.582,29.461,,,,,,479.624,32.282,-4.668,16.911,-2.604,53.176,1633.682,5053.68,49.716,4724.847,59.53,0.31,17.19,37.11,14.09,5.74,0.0,5.83,0.0,0.31,16.14,3.79,6.3,53.25,25.54,1.258,29883.891,-2.026,86.614,-5.631,272.355,25883.757,3526.814,69.69,250035842877.0,26.46,-2.089,15.012,-1.007,47.206,1339.068,4486.299,,,10.779,44.096,4.54,4.368,14.275,545.511,1356.618,30.31,16.14,1533.893,16.325,12.764,5.632,40.135,3814.302,10.549,6.28,0.0,,0.0,0.0,0.0,0.0,0.0,10.948,-1.161,54.691,-2.02,171.973,554.064,16343.777,,,0.0,29.461,0.711,0.248,0.006,0.781,0.0,0.582,74.184,5060.708,10522244.0,314.446,1533.893,30.31,16.325,12.764,5.632,40.135,3814.302,7.117,-5.587,2.996,-0.557,9.421,360.189,895.362,11.831,13.12,4.98,1.816,15.659,598.732,1488.138
GRC,Greece,2019,19.947,9.917,0.0,,0.0,,5.372,16.892,0.824,38.192,,,,,,445.428,24.959,13.295,18.183,7.07,60.246,1157.212,5752.249,59.633,5693.716,58.5,0.4,12.12,32.48,14.5,3.98,0.0,5.86,0.0,0.4,16.08,4.43,7.27,48.56,21.63,,31635.945,6.219,87.311,16.938,289.293,27621.587,3101.174,66.886,,29.86,9.784,15.641,4.619,51.825,1384.453,4948.201,,,8.196,-31.001,2.973,-4.425,9.849,380.008,940.42,33.114,16.08,1535.31,-0.825,12.013,-0.331,39.804,3800.463,16.991,9.94,0.0,,0.0,0.0,0.0,0.0,0.0,12.068,3.053,53.487,5.25,177.223,559.51,16921.137,,,0.0,38.192,27.534,0.3,0.215,0.996,0.0,0.824,95.05,4636.485,10473452.0,331.338,1535.31,33.114,-0.825,12.013,-0.331,39.804,3800.463,9.123,16.396,3.31,1.545,10.966,422.974,1047.024,14.971,14.909,5.43,2.335,17.993,694.136,1717.969
GRC,Greece,2020,-48.866,-29.14,0.0,,0.0,,-16.139,-53.474,0.935,43.174,,,,,,387.988,13.736,-47.194,11.449,-28.433,31.813,634.171,3052.204,30.493,2925.512,56.98,0.45,6.61,30.61,19.23,3.3,0.0,4.77,0.0,0.45,17.51,4.45,9.31,48.12,18.67,,26658.55,-20.124,83.162,-58.217,231.076,22169.711,2936.759,63.612,,39.963,10.031,20.522,5.198,57.023,1844.948,5470.866,,,6.858,-13.84,3.054,-1.363,8.486,316.606,814.185,36.388,17.51,1679.93,11.508,15.973,4.58,44.384,4258.296,15.549,8.86,0.0,,0.0,0.0,0.0,0.0,0.0,9.913,-19.74,51.19,-34.983,142.24,457.639,13646.641,,,0.0,43.174,-7.578,0.331,-0.075,0.92,0.0,0.935,88.273,4616.688,10423056.0,277.864,1679.93,36.388,11.508,15.973,4.58,44.384,4258.296,9.248,9.615,4.326,1.054,12.02,426.938,1153.248,19.347,27.592,8.262,4.965,22.958,893.212,2202.59
GRC,Greece,2021,,,,,,,,,0.82,43.391,,,,,,363.388,11.33,,,,,599.764,,,,58.55,0.45,6.22,33.3,22.31,5.4,0.0,4.77,0.0,0.45,21.6,4.88,10.87,54.9,19.95,,,,,,,,3210.955,60.656,,40.638,,,,,2151.243,,,,9.836,,,,,520.695,,39.344,21.6,2082.782,,,,,,6.234,3.65,0.0,,,,,0.0,,8.689,,,,,459.948,,,,0.0,43.391,,,,,0.0,0.82,,5293.736,10370747.0,,2082.782,39.344,,,,,,8.889,,,,,470.554,,19.8,,,,,1048.141,
