iso_code,country,year,coal_prod_change_pct,coal_prod_change_twh,gas_prod_change_pct,gas_prod_change_twh,oil_prod_change_pct,oil_prod_change_twh,energy_cons_change_pct,energy_cons_change_twh,biofuel_share_elec,biofuel_elec_per_capita,biofuel_cons_change_pct,biofuel_share_energy,biofuel_cons_change_twh,biofuel_consumption,biofuel_cons_per_capita,carbon_intensity_elec,coal_share_elec,coal_cons_change_pct,coal_share_energy,coal_cons_change_twh,coal_consumption,coal_elec_per_capita,coal_cons_per_capita,coal_production,coal_prod_per_capita,electricity_demand,biofuel_electricity,coal_electricity,fossil_electricity,gas_electricity,hydro_electricity,nuclear_electricity,oil_electricity,other_renewable_exc_biofuel_electricity,other_renewable_electricity,renewables_electricity,solar_electricity,wind_electricity,electricity_generation,greenhouse_gas_emissions,energy_per_gdp,energy_per_capita,fossil_cons_change_pct,fossil_share_energy,fossil_cons_change_twh,fossil_fuel_consumption,fossil_energy_per_capita,fossil_cons_per_capita,fossil_share_elec,gdp,gas_share_elec,gas_cons_change_pct,gas_share_energy,gas_cons_change_twh,gas_consumption,gas_elec_per_capita,gas_energy_per_capita,gas_production,gas_prod_per_capita,hydro_share_elec,hydro_cons_change_pct,hydro_share_energy,hydro_cons_change_twh,hydro_consumption,hydro_elec_per_capita,hydro_energy_per_capita,low_carbon_share_elec,low_carbon_electricity,low_carbon_elec_per_capita,low_carbon_cons_change_pct,low_carbon_share_energy,low_carbon_cons_change_twh,low_carbon_consumption,low_carbon_energy_per_capita,net_elec_imports_share_demand,net_elec_imports,nuclear_share_elec,nuclear_cons_change_pct,nuclear_share_energy,nuclear_cons_change_twh,nuclear_consumption,nuclear_elec_per_capita,nuclear_energy_per_capita,oil_share_elec,oil_cons_change_pct,oil_share_energy,oil_cons_change_twh,oil_consumption,oil_elec_per_capita,oil_energy_per_capita,oil_production,oil_prod_per_capita,other_renewables_elec_per_capita_exc_biofuel,other_renewables_elec_per_capita,other_renewables_cons_change_pct,other_renewables_share_energy,other_renewables_cons_change_twh,other_renewable_consumption,other_renewables_share_elec_exc_biofuel,other_renewables_share_elec,other_renewables_energy_per_capita,per_capita_electricity,population,primary_energy_consumption,renewables_elec_per_capita,renewables_share_elec,renewables_cons_change_pct,renewables_share_energy,renewables_cons_change_twh,renewables_consumption,renewables_energy_per_capita,solar_share_elec,solar_cons_change_pct,solar_share_energy,solar_cons_change_twh,solar_consumption,solar_elec_per_capita,solar_energy_per_capita,wind_share_elec,wind_cons_change_pct,wind_share_energy,wind_cons_change_twh,wind_consumption,wind_elec_per_capita,wind_energy_per_capita
GUM,Guam,1980,,,,,,,,,,,,,,,,,,,,,,,,0.0,0.0,,,,,,,,,,,,,,,,,140601.817,,,,,,,,,,,,,,,,,,,,,,,,,,,,,,,,,,,,,,,,,,,,,,,,,,,,,,,,,,,,,104134.0,14.641,,,,,,,,,,,,,,,,,,,,,
GUM,Guam,1981,,0.0,,,,,39.617,5.801,,,,,,,,,,,,,,,,0.0,0.0,,,,,,,,,,,,,,,,,191976.071,,,,,,,,,,,,,,,,,,,,,,,,,,,,,,,,,,,,,,,,,,,,,,,,,,,,,,,,,,,,,106482.0,20.442,,,,,,,,,,,,,,,,,,,,,
GUM,Guam,1982,,0.0,,,,,-22.857,-4.672,,,,,,,,,,,,,,,,0.0,0.0,,,,,,,,,,,,,,,,,144806.198,,,,,,,,,,,,,,,,,,,,,,,,,,,,,,,,,,,,,,,,,,,,,,,,,,,,,,,,,,,,,108901.0,15.77,,,,,,,,,,,,,,,,,,,,,
GUM,Guam,1983,,0.0,,,,,-3.704,-0.584,,,,,,,,,,,,,,,,0.0,0.0,,,,,,,,,,,,,,,,,136311.255,,,,,,,,,,,,,,,,,,,,,,,,,,,,,,,,,,,,,,,,,,,,,,,,,,,,,,,,,,,,,111403.0,15.185,,,,,,,,,,,,,,,,,,,,,
GUM,Guam,1984,,0.0,,,,,-65.29,-9.915,,,,,,,,,,,,,,,,0.0,0.0,,,,,,,,,,,,,,,,,46255.164,,,,,,,,,,,,,,,,,,,,,,,,,,,,,,,,,,,,,,,,,,,,,,,,,,,,,,,,,,,,,113953.0,5.271,,,,,,,,,,,,,,,,,,,,,
GUM,Guam,1985,,0.0,,,,,-49.029,-2.584,,,,,,,,,,,,,,,,0.0,0.0,,,,,,,,,,,,,,,,,23046.445,,,,,,,,,,,,,,,,,,,,,,,,,,,,,,,,,,,,,,,,,,,,,,,,,,,,,,,,,,,,,116576.0,2.687,,,,,,,,,,,,,,,,,,,,,
GUM,Guam,1986,,0.0,,,,,67.57,1.815,,,,,,,,,,,,,,,,0.0,0.0,,,,,,,,,,,,,,,,,37759.874,,,,,,,,,,,,,,,,,,,,,,,,,,,,,,,,,,,,,,,,,,,,,,,,,,,,,,,,,,,,,119228.0,4.502,,,,,,,,,,,,,,,,,,,,,
GUM,Guam,1987,,0.0,,,,,-29.624,-1.334,,,,,,,,,,,,,,,,0.0,0.0,,,,,,,,,,,,,,,,,25986.499,,,,,,,,,,,,,,,,,,,,,,,,,,,,,,,,,,,,,,,,,,,,,,,,,,,,,,,,,,,,,121923.0,3.168,,,,,,,,,,,,,,,,,,,,,
GUM,Guam,1988,,0.0,,,,,3.474,0.11,,,,,,,,,,,,,,,,0.0,0.0,,,,,,,,,,,,,,,,,26296.069,,,,,,,,,,,,,,,,,,,,,,,,,,,,,,,,,,,,,,,,,,,,,,,,,,,,,,,,,,,,,124674.0,3.278,,,,,,,,,,,,,,,,,,,,,
GUM,Guam,1989,,0.0,,,,,-7.112,-0.233,,,,,,,,,,,,,,,,0.0,0.0,,,,,,,,,,,,,,,,,23879.873,,,,,,,,,,,,,,,,,,,,,,,,,,,,,,,,,,,,,,,,,,,,,,,,,,,,,,,,,,,,,127525.0,3.045,,,,,,,,,,,,,,,,,,,,,
GUM,Guam,1990,,0.0,,,,,151.056,4.6,,,,,,,,,,,,,,,,0.0,0.0,,,,,,,,,,,,,,,,,58594.525,,,,,,,,,,,,,,,,,,,,,,,,,,,,,,,,,,,,,,,,,,,,,,,,,,,,,,,,,,,,,130479.0,7.645,,,,,,,,,,,,,,,,,,,,,
GUM,Guam,1991,,0.0,,,,,12.168,0.93,,,,,,,,,,,,,,,,0.0,0.0,,,,,,,,,,,,,,,,,64211.559,,,,,,,,,,,,,,,,,,,,,,,,,,,,,,,,,,,,,,,,,,,,,,,,,,,,,,,,,,,,,133553.0,8.576,,,,,,,,,,,,,,,,,,,,,
GUM,Guam,1992,,0.0,,,,,20.237,1.735,,,,,,,,,,,,,,,,0.0,0.0,,,,,,,,,,,,,,,,,75432.268,,,,,,,,,,,,,,,,,,,,,,,,,,,,,,,,,,,,,,,,,,,,,,,,,,,,,,,,,,,,,136693.0,10.311,,,,,,,,,,,,,,,,,,,,,
GUM,Guam,1993,,0.0,,,,,32.639,3.365,,,,,,,,,,,,,,,,0.0,0.0,,,,,,,,,,,,,,,,,97819.835,,,,,,,,,,,,,,,,,,,,,,,,,,,,,,,,,,,,,,,,,,,,,,,,,,,,,,,,,,,,,139813.0,13.676,,,,,,,,,,,,,,,,,,,,,
GUM,Guam,1994,,0.0,,,,,45.607,6.237,,,,,,,,,,,,,,,,0.0,0.0,,,,,,,,,,,,,,,,,139447.666,,,,,,,,,,,,,,,,,,,,,,,,,,,,,,,,,,,,,,,,,,,,,,,,,,,,,,,,,,,,,142806.0,19.914,,,,,,,,,,,,,,,,,,,,,
GUM,Guam,1995,,0.0,,,,,-25.725,-5.123,,,,,,,,,,,,,,,,0.0,0.0,,,,,,,,,,,,,,,,,101616.257,,,,,,,,,,,,,,,,,,,,,,,,,,,,,,,,,,,,,,,,,,,,,,,,,,,,,,,,,,,,,145559.0,14.791,,,,,,,,,,,,,,,,,,,,,
GUM,Guam,1996,,0.0,,,,,-11.347,-1.678,,,,,,,,,,,,,,,,0.0,0.0,,,,,,,,,,,,,,,,,88563.289,,,,,,,,,,,,,,,,,,,,,,,,,,,,,,,,,,,,,,,,,,,,,,,,,,,,,,,,,,,,,148061.0,13.113,,,,,,,,,,,,,,,,,,,,,
GUM,Guam,1997,,0.0,,,,,13.918,1.825,,,,,,,,,,,,,,,,0.0,0.0,,,,,,,,,,,,,,,,,99384.199,,,,,,,,,,,,,,,,,,,,,,,,,,,,,,,,,,,,,,,,,,,,,,,,,,,,,,,,,,,,,150303.0,14.938,,,,,,,,,,,,,,,,,,,,,
GUM,Guam,1998,,0.0,,,,,-17.34,-2.59,,,,,,,,,,,,,,,,0.0,0.0,,,,,,,,,,,,,,,,,81087.983,,,,,,,,,,,,,,,,,,,,,,,,,,,,,,,,,,,,,,,,,,,,,,,,,,,,,,,,,,,,,152274.0,12.348,,,,,,,,,,,,,,,,,,,,,
GUM,Guam,1999,,0.0,,,,,11.161,1.378,,,,,,,,,,,,,,,,0.0,0.0,,,,,,,,,,,,,,,,,89153.892,,,,,,,,,,,,,,,,,,,,,,,,,,,,,,,,,,,,,,,,,,,,,,,,,,,,,,,,,,,,,153955.0,13.726,,,,,,,,,,,,,,,,,,,,,
GUM,Guam,2000,,0.0,,,,,1.87,0.257,0.0,0.0,,,,,,702.703,0.0,,,,,0.0,,0.0,0.0,1.85,0.0,0.0,1.85,0.0,0.0,0.0,1.85,0.0,0.0,0.0,0.0,0.0,1.85,1.3,,90021.425,,,,,,11910.664,100.0,,0.0,,,,,0.0,,,,0.0,,,,,0.0,,0.0,0.0,0.0,,,,,,0.0,0.0,0.0,,,,,0.0,,100.0,,,,,11910.664,,,,0.0,0.0,,,,,0.0,0.0,,11910.664,155323.0,13.982,0.0,0.0,,,,,,0.0,,,,,0.0,,0.0,,,,,0.0,
GUM,Guam,2001,,0.0,,,,,38.455,5.377,0.0,0.0,,,,,,702.703,0.0,,,,,0.0,,0.0,0.0,1.85,0.0,0.0,1.85,0.0,0.0,0.0,1.85,0.0,0.0,0.0,0.0,0.0,1.85,1.3,,123785.039,,,,,,11829.023,100.0,,0.0,,,,,0.0,,,,0.0,,,,,0.0,,0.0,0.0,0.0,,,,,,0.0,0.0,0.0,,,,,0.0,,100.0,,,,,11829.023,,,,0.0,0.0,,,,,0.0,0.0,,11829.023,156395.0,19.359,0.0,0.0,,,,,,0.0,,,,,0.0,,0.0,,,,,0.0,
GUM,Guam,2002,,0.0,,,,,-30.491,-5.903,0.0,0.0,,,,,,699.387,0.0,,,,,0.0,,0.0,0.0,1.63,0.0,0.0,1.63,0.0,0.0,0.0,1.63,0.0,0.0,0.0,0.0,0.0,1.63,1.14,,85615.69,,,,,,10370.738,100.0,,0.0,,,,,0.0,,,,0.0,,,,,0.0,,0.0,0.0,0.0,,,,,,0.0,0.0,0.0,,,,,0.0,,100.0,,,,,10370.738,,,,0.0,0.0,,,,,0.0,0.0,,10370.738,157173.0,13.456,0.0,0.0,,,,,,0.0,,,,,0.0,,0.0,,,,,0.0,
GUM,Guam,2003,,0.0,,,,,-15.339,-2.064,0.0,0.0,,,,,,702.381,0.0,,,,,0.0,,0.0,0.0,1.68,0.0,0.0,1.68,0.0,0.0,0.0,1.68,0.0,0.0,0.0,0.0,0.0,1.68,1.18,,72230.289,,,,,,10651.585,100.0,,0.0,,,,,0.0,,,,0.0,,,,,0.0,,0.0,0.0,0.0,,,,,,0.0,0.0,0.0,,,,,0.0,,100.0,,,,,10651.585,,,,0.0,0.0,,,,,0.0,0.0,,10651.585,157723.0,11.392,0.0,0.0,,,,,,0.0,,,,,0.0,,0.0,,,,,0.0,
GUM,Guam,2004,,0.0,,,,,16.25,1.851,0.0,0.0,,,,,,700.565,0.0,,,,,0.0,,0.0,0.0,1.77,0.0,0.0,1.77,0.0,0.0,0.0,1.77,0.0,0.0,0.0,0.0,0.0,1.77,1.24,,83770.899,,,,,,11195.871,100.0,,0.0,,,,,0.0,,,,0.0,,,,,0.0,,0.0,0.0,0.0,,,,,,0.0,0.0,0.0,,,,,0.0,,100.0,,,,,11195.871,,,,0.0,0.0,,,,,0.0,0.0,,11195.871,158094.0,13.244,0.0,0.0,,,,,,0.0,,,,,0.0,,0.0,,,,,0.0,
GUM,Guam,2005,,0.0,,,,,17.1,2.265,0.0,0.0,,,,,,698.324,0.0,,,,,0.0,,0.0,0.0,1.79,0.0,0.0,1.79,0.0,0.0,0.0,1.79,0.0,0.0,0.0,0.0,0.0,1.79,1.25,,97902.506,,,,,,11300.077,100.0,,0.0,,,,,0.0,,,,0.0,,,,,0.0,,0.0,0.0,0.0,,,,,,0.0,0.0,0.0,,,,,0.0,,100.0,,,,,11300.077,,,,0.0,0.0,,,,,0.0,0.0,,11300.077,158406.0,15.508,0.0,0.0,,,,,,0.0,,,,,0.0,,0.0,,,,,0.0,
GUM,Guam,2006,,0.0,,,,,5.461,0.847,0.0,0.0,,,,,,698.324,0.0,,,,,0.0,,0.0,0.0,1.79,0.0,0.0,1.79,0.0,0.0,0.0,1.79,0.0,0.0,0.0,0.0,0.0,1.79,1.25,,103091.171,,,,,,11282.769,100.0,,0.0,,,,,0.0,,,,0.0,,,,,0.0,,0.0,0.0,0.0,,,,,,0.0,0.0,0.0,,,,,0.0,,100.0,,,,,11282.769,,,,0.0,0.0,,,,,0.0,0.0,,11282.769,158649.0,16.355,0.0,0.0,,,,,,0.0,,,,,0.0,,0.0,,,,,0.0,
GUM,Guam,2007,,0.0,,,,,-27.76,-4.54,0.0,0.0,,,,,,700.565,0.0,,,,,0.0,,0.0,0.0,1.77,0.0,0.0,1.77,0.0,0.0,0.0,1.77,0.0,0.0,0.0,0.0,0.0,1.77,1.24,,74379.83,,,,,,11142.728,100.0,,0.0,,,,,0.0,,,,0.0,,,,,0.0,,0.0,0.0,0.0,,,,,,0.0,0.0,0.0,,,,,0.0,,100.0,,,,,11142.728,,,,0.0,0.0,,,,,0.0,0.0,,11142.728,158848.0,11.815,0.0,0.0,,,,,,0.0,,,,,0.0,,0.0,,,,,0.0,
GUM,Guam,2008,,0.0,,,,,-37.031,-4.375,0.0,0.0,,,,,,698.864,0.0,,,,,0.0,,0.0,0.0,1.76,0.0,0.0,1.76,0.0,0.0,0.0,1.76,0.0,0.0,0.0,0.0,0.0,1.76,1.23,,46780.813,,,,,,11066.607,100.0,,0.0,,,,,0.0,,,,0.0,,,,,0.0,,0.0,0.0,0.0,,,,,,0.0,0.0,0.0,,,,,0.0,,100.0,,,,,11066.607,,,,0.0,0.0,,,,,0.0,0.0,,11066.607,159037.0,7.44,0.0,0.0,,,,,,0.0,,,,,0.0,,0.0,,,,,0.0,
GUM,Guam,2009,,0.0,,,,,58.865,4.379,0.0,0.0,,,,,,702.857,0.0,,,,,0.0,,0.0,0.0,1.75,0.0,0.0,1.75,0.0,0.0,0.0,1.75,0.0,0.0,0.0,0.0,0.0,1.75,1.23,,74227.282,,,,,,10990.253,100.0,,0.0,,,,,0.0,,,,0.0,,,,,0.0,,0.0,0.0,0.0,,,,,,0.0,0.0,0.0,,,,,0.0,,100.0,,,,,10990.253,,,,0.0,0.0,,,,,0.0,0.0,,10990.253,159232.0,11.819,0.0,0.0,,,,,,0.0,,,,,0.0,,0.0,,,,,0.0,
GUM,Guam,2010,,0.0,,,,,-10.86,-1.284,0.0,0.0,,,,,,698.864,0.0,,,,,0.0,,0.0,0.0,1.76,0.0,0.0,1.76,0.0,0.0,0.0,1.76,0.0,0.0,0.0,0.0,0.0,1.76,1.23,,66080.401,,,,,,11038.704,100.0,,0.0,,,,,0.0,,,,0.0,,,,,0.0,,0.0,0.0,0.0,,,,,,0.0,0.0,0.0,,,,,0.0,,100.0,,,,,11038.704,,,,0.0,0.0,,,,,0.0,0.0,,11038.704,159439.0,10.536,0.0,0.0,,,,,,0.0,,,,,0.0,,0.0,,,,,0.0,
GUM,Guam,2011,,0.0,,,,,-11.635,-1.226,0.0,0.0,,,,,,699.422,0.0,,,,,0.0,,0.0,0.0,1.73,0.0,0.0,1.73,0.0,0.0,0.0,1.73,0.0,0.0,0.0,0.0,0.0,1.73,1.21,,58300.007,,,,,,10833.49,100.0,,0.0,,,,,0.0,,,,0.0,,,,,0.0,,0.0,0.0,0.0,,,,,,0.0,0.0,0.0,,,,,0.0,,100.0,,,,,10833.49,,,,0.0,0.0,,,,,0.0,0.0,,10833.49,159690.0,9.31,0.0,0.0,,,,,,0.0,,,,,0.0,,0.0,,,,,0.0,
GUM,Guam,2012,,0.0,,,,,7.081,0.659,0.0,0.0,,,,,,702.381,0.0,,,,,0.0,,0.0,0.0,1.68,0.0,0.0,1.68,0.0,0.0,0.0,1.68,0.0,0.0,0.0,0.0,0.0,1.68,1.18,,62311.388,,,,,,10500.656,100.0,,0.0,,,,,0.0,,,,0.0,,,,,0.0,,0.0,0.0,0.0,,,,,,0.0,0.0,0.0,,,,,0.0,,100.0,,,,,10500.656,,,,0.0,0.0,,,,,0.0,0.0,,10500.656,159990.0,9.969,0.0,0.0,,,,,,0.0,,,,,0.0,,0.0,,,,,0.0,
GUM,Guam,2013,,0.0,,,,,-15.676,-1.563,0.0,0.0,,,,,,700.599,0.0,,,,,0.0,,0.0,0.0,1.67,0.0,0.0,1.67,0.0,0.0,0.0,1.67,0.0,0.0,0.0,0.0,0.0,1.67,1.17,,52404.054,,,,,,10410.498,100.0,,0.0,,,,,0.0,,,,0.0,,,,,0.0,,0.0,0.0,0.0,,,,,,0.0,0.0,0.0,,,,,0.0,,100.0,,,,,10410.498,,,,0.0,0.0,,,,,0.0,0.0,,10410.498,160415.0,8.406,0.0,0.0,,,,,,0.0,,,,,0.0,,0.0,,,,,0.0,
GUM,Guam,2014,,0.0,,,,,-3.22,-0.271,0.0,0.0,,,,,,697.531,0.0,,,,,0.0,,0.0,0.0,1.62,0.0,0.0,1.62,0.0,0.0,0.0,1.62,0.0,0.0,0.0,0.0,0.0,1.62,1.13,,50530.351,,,,,,10061.674,100.0,,0.0,,,,,0.0,,,,0.0,,,,,0.0,,0.0,0.0,0.0,,,,,,0.0,0.0,0.0,,,,,0.0,,100.0,,,,,10061.674,,,,0.0,0.0,,,,,0.0,0.0,,10061.674,161007.0,8.136,0.0,0.0,,,,,,0.0,,,,,0.0,,0.0,,,,,0.0,
GUM,Guam,2015,,0.0,,,,,6.251,0.509,0.0,0.0,,,,,,684.848,0.0,,,,,0.0,,0.0,0.0,1.65,0.0,0.0,1.62,0.0,0.0,0.0,1.62,0.0,0.0,0.03,0.03,0.0,1.65,1.13,,53409.01,,,,,,10009.206,98.182,,0.0,,,,,0.0,,,,0.0,,,,,0.0,,1.818,0.03,185.356,,,,,,0.0,0.0,0.0,,,,,0.0,,98.182,,,,,10009.206,,,,0.0,0.0,,,,,0.0,0.0,,10194.562,161851.0,8.644,185.356,1.818,,,,,,1.818,,,,,185.356,,0.0,,,,,0.0,
GUM,Guam,2016,,0.0,,,,,-5.781,-0.5,0.0,0.0,,,,,,670.52,0.0,,,,,0.0,,0.0,0.0,1.73,0.0,0.0,1.66,0.0,0.0,0.0,1.66,0.0,0.0,0.07,0.07,0.0,1.73,1.16,,49982.475,,,,,,10187.299,95.954,,0.0,,,,,0.0,,,,0.0,,,,,0.0,,4.046,0.07,429.585,,,,,,0.0,0.0,0.0,,,,,0.0,,95.954,,,,,10187.299,,,,0.0,0.0,,,,,0.0,0.0,,10616.884,162948.0,8.145,429.585,4.046,,,,,,4.046,,,,,429.585,,0.0,,,,,0.0,
GUM,Guam,2017,,,,,,,-8.238,-0.671,0.0,0.0,,,,,,676.136,0.0,,,,,0.0,,,,1.76,0.0,0.0,1.7,0.0,0.0,0.0,1.7,0.0,0.0,0.06,0.06,0.0,1.76,1.19,,45492.646,,,,,,10348.123,96.591,,0.0,,,,,0.0,,,,0.0,,,,,0.0,,3.409,0.06,365.228,,,,,,0.0,0.0,0.0,,,,,0.0,,96.591,,,,,10348.123,,,,0.0,0.0,,,,,0.0,0.0,,10713.351,164281.0,7.474,365.228,3.409,,,,,,3.409,,,,,365.228,,0.0,,,,,0.0,
GUM,Guam,2018,,,,,,,0.272,0.02,0.0,0.0,,,,,,670.52,0.0,,,,,0.0,,,,1.73,0.0,0.0,1.66,0.0,0.0,0.0,1.66,0.0,0.0,0.07,0.07,0.0,1.73,1.16,,45206.599,,,,,,10013.875,95.954,,0.0,,,,,0.0,,,,0.0,,,,,0.0,,4.046,0.07,422.272,,,,,,0.0,0.0,0.0,,,,,0.0,,95.954,,,,,10013.875,,,,0.0,0.0,,,,,0.0,0.0,,10436.146,165770.0,7.494,422.272,4.046,,,,,,4.046,,,,,422.272,,0.0,,,,,0.0,
GUM,Guam,2019,,,,,,,-0.052,-0.004,0.0,0.0,,,,,,672.316,0.0,,,,,0.0,,,,1.77,0.0,0.0,1.7,0.0,0.0,0.0,1.7,0.0,0.0,0.07,0.07,0.0,1.77,1.19,,44771.293,,,,,,10161.69,96.045,,0.0,,,,,0.0,,,,0.0,,,,,0.0,,3.955,0.07,418.423,,,,,,0.0,0.0,0.0,,,,,0.0,,96.045,,,,,10161.69,,,,0.0,0.0,,,,,0.0,0.0,,10580.113,167295.0,7.49,418.423,3.955,,,,,,3.955,,,,,418.423,,0.0,,,,,0.0,
GUM,Guam,2020,,,,,,,,,0.0,0.0,,,,,,672.316,0.0,,,,,0.0,,,,1.77,0.0,0.0,1.7,0.0,0.0,0.0,1.7,0.0,0.0,0.07,0.07,0.0,1.77,1.19,,,,,,,,10072.104,96.045,,0.0,,,,,0.0,,,,0.0,,,,,0.0,,3.955,0.07,414.734,,,,,,0.0,0.0,0.0,,,,,0.0,,96.045,,,,,10072.104,,,,0.0,0.0,,,,,0.0,0.0,,10486.838,168783.0,,414.734,3.955,,,,,,3.955,,,,,414.734,,0.0,,,,,0.0,
