iso_code,country,year,coal_prod_change_pct,coal_prod_change_twh,gas_prod_change_pct,gas_prod_change_twh,oil_prod_change_pct,oil_prod_change_twh,energy_cons_change_pct,energy_cons_change_twh,biofuel_share_elec,biofuel_elec_per_capita,biofuel_cons_change_pct,biofuel_share_energy,biofuel_cons_change_twh,biofuel_consumption,biofuel_cons_per_capita,carbon_intensity_elec,coal_share_elec,coal_cons_change_pct,coal_share_energy,coal_cons_change_twh,coal_consumption,coal_elec_per_capita,coal_cons_per_capita,coal_production,coal_prod_per_capita,electricity_demand,biofuel_electricity,coal_electricity,fossil_electricity,gas_electricity,hydro_electricity,nuclear_electricity,oil_electricity,other_renewable_exc_biofuel_electricity,other_renewable_electricity,renewables_electricity,solar_electricity,wind_electricity,electricity_generation,greenhouse_gas_emissions,energy_per_gdp,energy_per_capita,fossil_cons_change_pct,fossil_share_energy,fossil_cons_change_twh,fossil_fuel_consumption,fossil_energy_per_capita,fossil_cons_per_capita,fossil_share_elec,gdp,gas_share_elec,gas_cons_change_pct,gas_share_energy,gas_cons_change_twh,gas_consumption,gas_elec_per_capita,gas_energy_per_capita,gas_production,gas_prod_per_capita,hydro_share_elec,hydro_cons_change_pct,hydro_share_energy,hydro_cons_change_twh,hydro_consumption,hydro_elec_per_capita,hydro_energy_per_capita,low_carbon_share_elec,low_carbon_electricity,low_carbon_elec_per_capita,low_carbon_cons_change_pct,low_carbon_share_energy,low_carbon_cons_change_twh,low_carbon_consumption,low_carbon_energy_per_capita,net_elec_imports_share_demand,net_elec_imports,nuclear_share_elec,nuclear_cons_change_pct,nuclear_share_energy,nuclear_cons_change_twh,nuclear_consumption,nuclear_elec_per_capita,nuclear_energy_per_capita,oil_share_elec,oil_cons_change_pct,oil_share_energy,oil_cons_change_twh,oil_consumption,oil_elec_per_capita,oil_energy_per_capita,oil_production,oil_prod_per_capita,other_renewables_elec_per_capita_exc_biofuel,other_renewables_elec_per_capita,other_renewables_cons_change_pct,other_renewables_share_energy,other_renewables_cons_change_twh,other_renewable_consumption,other_renewables_share_elec_exc_biofuel,other_renewables_share_elec,other_renewables_energy_per_capita,per_capita_electricity,population,primary_energy_consumption,renewables_elec_per_capita,renewables_share_elec,renewables_cons_change_pct,renewables_share_energy,renewables_cons_change_twh,renewables_consumption,renewables_energy_per_capita,solar_share_elec,solar_cons_change_pct,solar_share_energy,solar_cons_change_twh,solar_consumption,solar_elec_per_capita,solar_energy_per_capita,wind_share_elec,wind_cons_change_pct,wind_share_energy,wind_cons_change_twh,wind_consumption,wind_elec_per_capita,wind_energy_per_capita
GNB,Guinea-Bissau,1980,,,,,,,,,,,,,,,,,,,,,,,,0.0,0.0,,,,,,,,,,,,,,,,0.376,458.287,,,,,,,,952269892.0,,,,,,,,,,,,,,,,,,,,,,,,,,,,,,,,,,,,,,,,,,,,,,,,,,,,,781678.0,0.358,,,,,,,,,,,,,,,,,,,,,
GNB,Guinea-Bissau,1981,,0.0,,,,,-0.273,-0.001,,,,,,,,,,,,,,,,0.0,0.0,,,,,,,,,,,,,,,,0.377,450.053,,,,,,,,946820967.0,,,,,,,,,,,,,,,,,,,,,,,,,,,,,,,,,,,,,,,,,,,,,,,,,,,,,793804.0,0.357,,,,,,,,,,,,,,,,,,,,,
GNB,Guinea-Bissau,1982,,0.0,,,,,0.0,0.0,,,,,,,,,,,,,,,,0.0,0.0,,,,,,,,,,,,,,,,0.362,440.836,,,,,,,,987040125.0,,,,,,,,,,,,,,,,,,,,,,,,,,,,,,,,,,,,,,,,,,,,,,,,,,,,,810402.0,0.357,,,,,,,,,,,,,,,,,,,,,
GNB,Guinea-Bissau,1983,,0.0,,,,,0.0,0.0,,,,,,,,,,,,,,,,0.0,0.0,,,,,,,,,,,,,,,,0.374,430.317,,,,,,,,954356119.0,,,,,,,,,,,,,,,,,,,,,,,,,,,,,,,,,,,,,,,,,,,,,,,,,,,,,830212.0,0.357,,,,,,,,,,,,,,,,,,,,,
GNB,Guinea-Bissau,1984,,0.0,,,,,33.699,0.12,,,,,,,,,,,,,,,,0.0,0.0,,,,,,,,,,,,,,,,0.475,561.092,,,,,,,,1005343808.0,,,,,,,,,,,,,,,,,,,,,,,,,,,,,,,,,,,,,,,,,,,,,,,,,,,,,851276.0,0.478,,,,,,,,,,,,,,,,,,,,,
GNB,Guinea-Bissau,1985,,0.0,,,,,12.193,0.058,,,,,,,,,,,,,,,,0.0,0.0,,,,,,,,,,,,,,,,0.511,614.428,,,,,,,,1048557504.0,,,,,,,,,,,,,,,,,,,,,,,,,,,,,,,,,,,,,,,,,,,,,,,,,,,,,872163.0,0.536,,,,,,,,,,,,,,,,,,,,,
GNB,Guinea-Bissau,1986,,0.0,,,,,-13.986,-0.075,,,,,,,,,,,,,,,,0.0,0.0,,,,,,,,,,,,,,,,0.444,516.437,,,,,,,,1038959016.0,,,,,,,,,,,,,,,,,,,,,,,,,,,,,,,,,,,,,,,,,,,,,,,,,,,,,892530.0,0.461,,,,,,,,,,,,,,,,,,,,,
GNB,Guinea-Bissau,1987,,0.0,,,,,72.581,0.335,,,,,,,,,,,,,,,,0.0,0.0,,,,,,,,,,,,,,,,0.724,871.522,,,,,,,,1098046404.0,,,,,,,,,,,,,,,,,,,,,,,,,,,,,,,,,,,,,,,,,,,,,,,,,,,,,912755.0,0.795,,,,,,,,,,,,,,,,,,,,,
GNB,Guinea-Bissau,1988,,0.0,,,,,14.985,0.119,,,,,,,,,,,,,,,,0.0,0.0,,,,,,,,,,,,,,,,0.779,980.323,,,,,,,,1173783520.0,,,,,,,,,,,,,,,,,,,,,,,,,,,,,,,,,,,,,,,,,,,,,,,,,,,,,933046.0,0.915,,,,,,,,,,,,,,,,,,,,,
GNB,Guinea-Bissau,1989,,0.0,,,,,1.147,0.01,,,,,,,,,,,,,,,,0.0,0.0,,,,,,,,,,,,,,,,0.756,970.008,,,,,,,,1223906634.0,,,,,,,,,,,,,,,,,,,,,,,,,,,,,,,,,,,,,,,,,,,,,,,,,,,,,953782.0,0.925,,,,,,,,,,,,,,,,,,,,,
GNB,Guinea-Bissau,1990,,0.0,,,,,22.276,0.206,,,,,,,,,,,,,,,,0.0,0.0,,,,,,,,,,,,,,,,0.897,1159.958,,,,,,,,1261819930.0,,,,,,,,,,,,,,,,,,,,,,,,,,,,,,,,,,,,,,,,,,,,,,,,,,,,,975265.0,1.131,,,,,,,,,,,,,,,,,,,,,
GNB,Guinea-Bissau,1991,,0.0,,,,,0.0,0.0,,,,,,,,,,,,,,,,0.0,0.0,,,,,,,,,,,,,,,,0.87,1134.076,,,,,,,,1300711375.0,,,,,,,,,,,,,,,,,,,,,,,,,,,,,,,,,,,,,,,,,,,,,,,,,,,,,997522.0,1.131,,,,,,,,,,,,,,,,,,,,,
GNB,Guinea-Bissau,1992,,0.0,,,,,6.232,0.07,,,,,,,,,,,,,,,,0.0,0.0,,,,,,,,,,,,,,,,0.901,1177.791,,,,,,,,1333901654.0,,,,,,,,,,,,,,,,,,,,,,,,,,,,,,,,,,,,,,,,,,,,,,,,,,,,,1020353.0,1.202,,,,,,,,,,,,,,,,,,,,,
GNB,Guinea-Bissau,1993,,0.0,,,,,9.569,0.115,,,,,,,,,,,,,,,,0.0,0.0,,,,,,,,,,,,,,,,0.968,1261.958,,,,,,,,1360698824.0,,,,,,,,,,,,,,,,,,,,,,,,,,,,,,,,,,,,,,,,,,,,,,,,,,,,,1043421.0,1.317,,,,,,,,,,,,,,,,,,,,,
GNB,Guinea-Bissau,1994,,0.0,,,,,0.0,0.0,,,,,,,,,,,,,,,,0.0,0.0,,,,,,,,,,,,,,,,0.942,1234.829,,,,,,,,1398135493.0,,,,,,,,,,,,,,,,,,,,,,,,,,,,,,,,,,,,,,,,,,,,,,,,,,,,,1066345.0,1.317,,,,,,,,,,,,,,,,,,,,,
GNB,Guinea-Bissau,1995,,0.0,,,,,0.0,0.0,,,,,,,,,,,,,,,,0.0,0.0,,,,,,,,,,,,,,,,0.909,1209.307,,,,,,,,1448757949.0,,,,,,,,,,,,,,,,,,,,,,,,,,,,,,,,,,,,,,,,,,,,,,,,,,,,,1088850.0,1.317,,,,,,,,,,,,,,,,,,,,,
GNB,Guinea-Bissau,1996,,0.0,,,,,-4.008,-0.053,,,,,,,,,,,,,,,,0.0,0.0,,,,,,,,,,,,,,,,0.842,1137.861,,,,,,,,1501514688.0,,,,,,,,,,,,,,,,,,,,,,,,,,,,,,,,,,,,,,,,,,,,,,,,,,,,,1110835.0,1.264,,,,,,,,,,,,,,,,,,,,,
GNB,Guinea-Bissau,1997,,0.0,,,,,4.176,0.053,,,,,,,,,,,,,,,,0.0,0.0,,,,,,,,,,,,,,,,0.829,1162.691,,,,,,,,1589254050.0,,,,,,,,,,,,,,,,,,,,,,,,,,,,,,,,,,,,,,,,,,,,,,,,,,,,,1132505.0,1.317,,,,,,,,,,,,,,,,,,,,,
GNB,Guinea-Bissau,1998,,0.0,,,,,0.0,0.0,,,,,,,,,,,,,,,,0.0,0.0,,,,,,,,,,,,,,,,1.001,1140.667,,,,,,,,1315465367.0,,,,,,,,,,,,,,,,,,,,,,,,,,,,,,,,,,,,,,,,,,,,,,,,,,,,,1154372.0,1.317,,,,,,,,,,,,,,,,,,,,,
GNB,Guinea-Bissau,1999,,0.0,,,,,0.0,0.0,,,,,,,,,,,,,,,,0.0,0.0,,,,,,,,,,,,,,,,0.886,1118.611,,,,,,,,1485364031.0,,,,,,,,,,,,,,,,,,,,,,,,,,,,,,,,,,,,,,,,,,,,,,,,,,,,,1177133.0,1.317,,,,,,,,,,,,,,,,,,,,,
GNB,Guinea-Bissau,2000,,0.0,,,,,-24.298,-0.32,0.0,0.0,,,,,,666.667,0.0,,,,,0.0,,0.0,0.0,0.03,0.0,0.0,0.03,0.0,0.0,0.0,0.03,0.0,0.0,0.0,0.0,0.0,0.03,0.02,0.671,829.776,,,,,,24.973,100.0,1486201580.0,0.0,,,,,0.0,,,,0.0,,,,,0.0,,0.0,0.0,0.0,,,,,,0.0,0.0,0.0,,,,,0.0,,100.0,,,,,24.973,,,,0.0,0.0,,,,,0.0,0.0,,24.973,1201305.0,0.997,0.0,0.0,,,,,,0.0,,,,,0.0,,0.0,,,,,0.0,
GNB,Guinea-Bissau,2001,,0.0,,,,,1.838,0.018,0.0,0.0,,,,,,666.667,0.0,,,,,0.0,,0.0,0.0,0.03,0.0,0.0,0.03,0.0,0.0,0.0,0.03,0.0,0.0,0.0,0.0,0.0,0.03,0.02,0.667,827.263,,,,,,24.448,100.0,1520990612.0,0.0,,,,,0.0,,,,0.0,,,,,0.0,,0.0,0.0,0.0,,,,,,0.0,0.0,0.0,,,,,0.0,,100.0,,,,,24.448,,,,0.0,0.0,,,,,0.0,0.0,,24.448,1227105.0,1.015,0.0,0.0,,,,,,0.0,,,,,0.0,,0.0,,,,,0.0,
GNB,Guinea-Bissau,2002,,0.0,,,,,2.16,0.022,0.0,0.0,,,,,,500.0,0.0,,,,,0.0,,0.0,0.0,0.02,0.0,0.0,0.02,0.0,0.0,0.0,0.02,0.0,0.0,0.0,0.0,0.0,0.02,0.01,0.688,826.705,,,,,,15.943,100.0,1507700340.0,0.0,,,,,0.0,,,,0.0,,,,,0.0,,0.0,0.0,0.0,,,,,,0.0,0.0,0.0,,,,,0.0,,100.0,,,,,15.943,,,,0.0,0.0,,,,,0.0,0.0,,15.943,1254454.0,1.037,0.0,0.0,,,,,,0.0,,,,,0.0,,0.0,,,,,0.0,
GNB,Guinea-Bissau,2003,,0.0,,,,,16.26,0.169,0.0,0.0,,,,,,500.0,0.0,,,,,0.0,,0.0,0.0,0.02,0.0,0.0,0.02,0.0,0.0,0.0,0.02,0.0,0.0,0.0,0.0,0.0,0.02,0.01,0.792,939.527,,,,,,15.585,100.0,1522869192.0,0.0,,,,,0.0,,,,0.0,,,,,0.0,,0.0,0.0,0.0,,,,,,0.0,0.0,0.0,,,,,0.0,,100.0,,,,,15.585,,,,0.0,0.0,,,,,0.0,0.0,,15.585,1283297.0,1.206,0.0,0.0,,,,,,0.0,,,,,0.0,,0.0,,,,,0.0,
GNB,Guinea-Bissau,2004,,0.0,,,,,3.467,0.042,0.0,0.0,,,,,,666.667,0.0,,,,,0.0,,0.0,0.0,0.03,0.0,0.0,0.03,0.0,0.0,0.0,0.03,0.0,0.0,0.0,0.0,0.0,0.03,0.02,0.793,949.754,,,,,,22.84,100.0,1573921434.0,0.0,,,,,0.0,,,,0.0,,,,,0.0,,0.0,0.0,0.0,,,,,,0.0,0.0,0.0,,,,,0.0,,100.0,,,,,22.84,,,,0.0,0.0,,,,,0.0,0.0,,22.84,1313492.0,1.247,0.0,0.0,,,,,,0.0,,,,,0.0,,0.0,,,,,0.0,
GNB,Guinea-Bissau,2005,,0.0,,,,,1.288,0.016,0.0,0.0,,,,,,666.667,0.0,,,,,0.0,,0.0,0.0,0.03,0.0,0.0,0.03,0.0,0.0,0.0,0.03,0.0,0.0,0.0,0.0,0.0,0.03,0.02,0.764,939.5,,,,,,22.306,100.0,1653070468.0,0.0,,,,,0.0,,,,0.0,,,,,0.0,,0.0,0.0,0.0,,,,,,0.0,0.0,0.0,,,,,0.0,,100.0,,,,,22.306,,,,0.0,0.0,,,,,0.0,0.0,,22.306,1344931.0,1.264,0.0,0.0,,,,,,0.0,,,,,0.0,,0.0,,,,,0.0,
GNB,Guinea-Bissau,2006,,0.0,,,,,2.28,0.029,0.0,0.0,,,,,,666.667,0.0,,,,,0.0,,0.0,0.0,0.03,0.0,0.0,0.03,0.0,0.0,0.0,0.03,0.0,0.0,0.0,0.0,0.0,0.03,0.02,0.759,938.141,,,,,,21.777,100.0,1701900953.0,0.0,,,,,0.0,,,,0.0,,,,,0.0,,0.0,0.0,0.0,,,,,,0.0,0.0,0.0,,,,,0.0,,100.0,,,,,21.777,,,,0.0,0.0,,,,,0.0,0.0,,21.777,1377582.0,1.292,0.0,0.0,,,,,,0.0,,,,,0.0,,0.0,,,,,0.0,
GNB,Guinea-Bissau,2007,,0.0,,,,,6.249,0.081,0.0,0.0,,,,,,666.667,0.0,,,,,0.0,,0.0,0.0,0.03,0.0,0.0,0.03,0.0,0.0,0.0,0.03,0.0,0.0,0.0,0.0,0.0,0.03,0.02,0.776,972.785,,,,,,21.253,100.0,1768965026.0,0.0,,,,,0.0,,,,0.0,,,,,0.0,,0.0,0.0,0.0,,,,,,0.0,0.0,0.0,,,,,0.0,,100.0,,,,,21.253,,,,0.0,0.0,,,,,0.0,0.0,,21.253,1411545.0,1.373,0.0,0.0,,,,,,0.0,,,,,0.0,,0.0,,,,,0.0,
GNB,Guinea-Bissau,2008,,0.0,,,,,-2.608,-0.036,0.0,0.0,,,,,,666.667,0.0,,,,,0.0,,0.0,0.0,0.03,0.0,0.0,0.03,0.0,0.0,0.0,0.03,0.0,0.0,0.0,0.0,0.0,0.03,0.02,0.728,924.238,,,,,,20.733,100.0,1837842573.0,0.0,,,,,0.0,,,,0.0,,,,,0.0,,0.0,0.0,0.0,,,,,,0.0,0.0,0.0,,,,,0.0,,100.0,,,,,20.733,,,,0.0,0.0,,,,,0.0,0.0,,20.733,1446936.0,1.337,0.0,0.0,,,,,,0.0,,,,,0.0,,0.0,,,,,0.0,
GNB,Guinea-Bissau,2009,,0.0,,,,,3.605,0.048,0.0,0.0,,,,,,666.667,0.0,,,,,0.0,,0.0,0.0,0.03,0.0,0.0,0.03,0.0,0.0,0.0,0.03,0.0,0.0,0.0,0.0,0.0,0.03,0.02,0.724,933.694,,,,,,20.217,100.0,1913611675.0,0.0,,,,,0.0,,,,0.0,,,,,0.0,,0.0,0.0,0.0,,,,,,0.0,0.0,0.0,,,,,0.0,,100.0,,,,,20.217,,,,0.0,0.0,,,,,0.0,0.0,,20.217,1483920.0,1.386,0.0,0.0,,,,,,0.0,,,,,0.0,,0.0,,,,,0.0,
GNB,Guinea-Bissau,2010,,0.0,,,,,2.621,0.036,0.0,0.0,,,,,,666.667,0.0,,,,,0.0,,0.0,0.0,0.03,0.0,0.0,0.03,0.0,0.0,0.0,0.03,0.0,0.0,0.0,0.0,0.0,0.03,0.02,0.705,933.824,,,,,,19.703,100.0,2015432249.0,0.0,,,,,0.0,,,,0.0,,,,,0.0,,0.0,0.0,0.0,,,,,,0.0,0.0,0.0,,,,,0.0,,100.0,,,,,19.703,,,,0.0,0.0,,,,,0.0,0.0,,19.703,1522603.0,1.422,0.0,0.0,,,,,,0.0,,,,,0.0,,0.0,,,,,0.0,
GNB,Guinea-Bissau,2011,,0.0,,,,,1.466,0.021,0.0,0.0,,,,,,666.667,0.0,,,,,0.0,,0.0,0.0,0.03,0.0,0.0,0.03,0.0,0.0,0.0,0.03,0.0,0.0,0.0,0.0,0.0,0.03,0.02,0.658,923.028,,,,,,19.194,100.0,2192198850.0,0.0,,,,,0.0,,,,0.0,,,,,0.0,,0.0,0.0,0.0,,,,,,0.0,0.0,0.0,,,,,0.0,,100.0,,,,,19.194,,,,0.0,0.0,,,,,0.0,0.0,,19.194,1562996.0,1.443,0.0,0.0,,,,,,0.0,,,,,0.0,,0.0,,,,,0.0,
GNB,Guinea-Bissau,2012,,0.0,,,,,1.968,0.028,0.0,0.0,,,,,,666.667,0.0,,,,,0.0,,0.0,0.0,0.03,0.0,0.0,0.03,0.0,0.0,0.0,0.03,0.0,0.0,0.0,0.0,0.0,0.03,0.02,0.681,916.577,,,,,,18.692,100.0,2160239084.0,0.0,,,,,0.0,,,,0.0,,,,,0.0,,0.0,0.0,0.0,,,,,,0.0,0.0,0.0,,,,,0.0,,100.0,,,,,18.692,,,,0.0,0.0,,,,,0.0,0.0,,18.692,1604981.0,1.471,0.0,0.0,,,,,,0.0,,,,,0.0,,0.0,,,,,0.0,
GNB,Guinea-Bissau,2013,,0.0,,,,,2.364,0.035,0.0,0.0,,,,,,666.667,0.0,,,,,0.0,,0.0,0.0,0.03,0.0,0.0,0.03,0.0,0.0,0.0,0.03,0.0,0.0,0.0,0.0,0.0,0.03,0.02,0.673,913.609,,,,,,18.201,100.0,2238347410.0,0.0,,,,,0.0,,,,0.0,,,,,0.0,,0.0,0.0,0.0,,,,,,0.0,0.0,0.0,,,,,0.0,,100.0,,,,,18.201,,,,0.0,0.0,,,,,0.0,0.0,,18.201,1648259.0,1.506,0.0,0.0,,,,,,0.0,,,,,0.0,,0.0,,,,,0.0,
GNB,Guinea-Bissau,2014,,0.0,,,,,5.069,0.076,0.0,0.0,,,,,,666.667,0.0,,,,,0.0,,0.0,0.0,0.03,0.0,0.0,0.03,0.0,0.0,0.0,0.03,0.0,0.0,0.0,0.0,0.0,0.03,0.02,0.702,934.865,,,,,,17.726,100.0,2253617030.0,0.0,,,,,0.0,,,,0.0,,,,,0.0,,0.0,0.0,0.0,,,,,,0.0,0.0,0.0,,,,,0.0,,100.0,,,,,17.726,,,,0.0,0.0,,,,,0.0,0.0,,17.726,1692433.0,1.582,0.0,0.0,,,,,,0.0,,,,,0.0,,0.0,,,,,0.0,
GNB,Guinea-Bissau,2015,,0.0,,,,,3.442,0.054,0.0,0.0,,,,,,666.667,0.0,,,,,0.0,,0.0,0.0,0.06,0.0,0.0,0.06,0.0,0.0,0.0,0.06,0.0,0.0,0.0,0.0,0.0,0.06,0.04,0.69,942.117,,,,,,34.538,100.0,2372699686.0,0.0,,,,,0.0,,,,0.0,,,,,0.0,,0.0,0.0,0.0,,,,,,0.0,0.0,0.0,,,,,0.0,,100.0,,,,,34.538,,,,0.0,0.0,,,,,0.0,0.0,,34.538,1737207.0,1.637,0.0,0.0,,,,,,0.0,,,,,0.0,,0.0,,,,,0.0,
GNB,Guinea-Bissau,2016,,0.0,,,,,4.11,0.067,0.0,0.0,,,,,,750.0,0.0,,,,,0.0,,0.0,0.0,0.08,0.0,0.0,0.08,0.0,0.0,0.0,0.08,0.0,0.0,0.0,0.0,0.0,0.08,0.06,0.68,955.954,,,,,,44.882,100.0,2506111508.0,0.0,,,,,0.0,,,,0.0,,,,,0.0,,0.0,0.0,0.0,,,,,,0.0,0.0,0.0,,,,,0.0,,100.0,,,,,44.882,,,,0.0,0.0,,,,,0.0,0.0,,44.882,1782434.0,1.704,0.0,0.0,,,,,,0.0,,,,,0.0,,0.0,,,,,0.0,
GNB,Guinea-Bissau,2017,,,,,,,-19.063,-0.325,0.0,0.0,,,,,,750.0,0.0,,,,,0.0,,,,0.08,0.0,0.0,0.08,0.0,0.0,0.0,0.08,0.0,0.0,0.0,0.0,0.0,0.08,0.06,0.52,754.374,,,,,,43.76,100.0,2652453719.0,0.0,,,,,0.0,,,,0.0,,,,,0.0,,0.0,0.0,0.0,,,,,,0.0,0.0,0.0,,,,,0.0,,100.0,,,,,43.76,,,,0.0,0.0,,,,,0.0,0.0,,43.76,1828146.0,1.379,0.0,0.0,,,,,,0.0,,,,,0.0,,0.0,,,,,0.0,
GNB,Guinea-Bissau,2018,,,,,,,0.471,0.006,0.0,0.0,,,,,,750.0,0.0,,,,,0.0,,,,0.08,0.0,0.0,0.08,0.0,0.0,0.0,0.08,0.0,0.0,0.0,0.0,0.0,0.08,0.06,0.503,739.262,,,,,,42.683,100.0,2752461977.0,0.0,,,,,0.0,,,,0.0,,,,,0.0,,0.0,0.0,0.0,,,,,,0.0,0.0,0.0,,,,,0.0,,100.0,,,,,42.683,,,,0.0,0.0,,,,,0.0,0.0,,42.683,1874304.0,1.386,0.0,0.0,,,,,,0.0,,,,,0.0,,0.0,,,,,0.0,
GNB,Guinea-Bissau,2019,,,,,,,-0.008,-0.0,0.0,0.0,,,,,,750.0,0.0,,,,,0.0,,,,0.08,0.0,0.0,0.08,0.0,0.0,0.0,0.08,0.0,0.0,0.0,0.0,0.0,0.08,0.06,,721.262,,,,,,41.647,100.0,,0.0,,,,,0.0,,,,0.0,,,,,0.0,,0.0,0.0,0.0,,,,,,0.0,0.0,0.0,,,,,0.0,,100.0,,,,,41.647,,,,0.0,0.0,,,,,0.0,0.0,,41.647,1920917.0,1.385,0.0,0.0,,,,,,0.0,,,,,0.0,,0.0,,,,,0.0,
GNB,Guinea-Bissau,2020,,,,,,,,,0.0,0.0,,,,,,750.0,0.0,,,,,0.0,,,,0.08,0.0,0.0,0.08,0.0,0.0,0.0,0.08,0.0,0.0,0.0,0.0,0.0,0.08,0.06,,,,,,,,40.65,100.0,,0.0,,,,,0.0,,,,0.0,,,,,0.0,,0.0,0.0,0.0,,,,,,0.0,0.0,0.0,,,,,0.0,,100.0,,,,,40.65,,,,0.0,0.0,,,,,0.0,0.0,,40.65,1967998.0,,0.0,0.0,,,,,,0.0,,,,,0.0,,0.0,,,,,0.0,
