iso_code,country,year,coal_prod_change_pct,coal_prod_change_twh,gas_prod_change_pct,gas_prod_change_twh,oil_prod_change_pct,oil_prod_change_twh,energy_cons_change_pct,energy_cons_change_twh,biofuel_share_elec,biofuel_elec_per_capita,biofuel_cons_change_pct,biofuel_share_energy,biofuel_cons_change_twh,biofuel_consumption,biofuel_cons_per_capita,carbon_intensity_elec,coal_share_elec,coal_cons_change_pct,coal_share_energy,coal_cons_change_twh,coal_consumption,coal_elec_per_capita,coal_cons_per_capita,coal_production,coal_prod_per_capita,electricity_demand,biofuel_electricity,coal_electricity,fossil_electricity,gas_electricity,hydro_electricity,nuclear_electricity,oil_electricity,other_renewable_exc_biofuel_electricity,other_renewable_electricity,renewables_electricity,solar_electricity,wind_electricity,electricity_generation,greenhouse_gas_emissions,energy_per_gdp,energy_per_capita,fossil_cons_change_pct,fossil_share_energy,fossil_cons_change_twh,fossil_fuel_consumption,fossil_energy_per_capita,fossil_cons_per_capita,fossil_share_elec,gdp,gas_share_elec,gas_cons_change_pct,gas_share_energy,gas_cons_change_twh,gas_consumption,gas_elec_per_capita,gas_energy_per_capita,gas_production,gas_prod_per_capita,hydro_share_elec,hydro_cons_change_pct,hydro_share_energy,hydro_cons_change_twh,hydro_consumption,hydro_elec_per_capita,hydro_energy_per_capita,low_carbon_share_elec,low_carbon_electricity,low_carbon_elec_per_capita,low_carbon_cons_change_pct,low_carbon_share_energy,low_carbon_cons_change_twh,low_carbon_consumption,low_carbon_energy_per_capita,net_elec_imports_share_demand,net_elec_imports,nuclear_share_elec,nuclear_cons_change_pct,nuclear_share_energy,nuclear_cons_change_twh,nuclear_consumption,nuclear_elec_per_capita,nuclear_energy_per_capita,oil_share_elec,oil_cons_change_pct,oil_share_energy,oil_cons_change_twh,oil_consumption,oil_elec_per_capita,oil_energy_per_capita,oil_production,oil_prod_per_capita,other_renewables_elec_per_capita_exc_biofuel,other_renewables_elec_per_capita,other_renewables_cons_change_pct,other_renewables_share_energy,other_renewables_cons_change_twh,other_renewable_consumption,other_renewables_share_elec_exc_biofuel,other_renewables_share_elec,other_renewables_energy_per_capita,per_capita_electricity,population,primary_energy_consumption,renewables_elec_per_capita,renewables_share_elec,renewables_cons_change_pct,renewables_share_energy,renewables_cons_change_twh,renewables_consumption,renewables_energy_per_capita,solar_share_elec,solar_cons_change_pct,solar_share_energy,solar_cons_change_twh,solar_consumption,solar_elec_per_capita,solar_energy_per_capita,wind_share_elec,wind_cons_change_pct,wind_share_energy,wind_cons_change_twh,wind_consumption,wind_elec_per_capita,wind_energy_per_capita
GUY,Guyana,1980,,,,,,,,,,,,,,,,,,,,,,,,0.0,0.0,,,,,,,,,,,,,,,,,7822.227,,,,,,,,,,,,,,,,,,,,,,,,,,,,,,,,,,,,,,,,,,,,,,,,,,,,,,,,,,,,,780153.0,6.103,,,,,,,,,,,,,,,,,,,,,
GUY,Guyana,1981,,0.0,,,,,22.061,1.346,,,,,,,,,,,,,,,,0.0,0.0,,,,,,,,,,,,,,,,,9528.564,,,,,,,,,,,,,,,,,,,,,,,,,,,,,,,,,,,,,,,,,,,,,,,,,,,,,,,,,,,,,781734.0,7.449,,,,,,,,,,,,,,,,,,,,,
GUY,Guyana,1982,,0.0,,,,,-22.454,-1.673,,,,,,,,,,,,,,,,0.0,0.0,,,,,,,,,,,,,,,,,7393.635,,,,,,,,,,,,,,,,,,,,,,,,,,,,,,,,,,,,,,,,,,,,,,,,,,,,,,,,,,,,,781249.0,5.776,,,,,,,,,,,,,,,,,,,,,
GUY,Guyana,1983,,0.0,,,,,-10.722,-0.619,,,,,,,,,,,,,,,,0.0,0.0,,,,,,,,,,,,,,,,,6620.309,,,,,,,,,,,,,,,,,,,,,,,,,,,,,,,,,,,,,,,,,,,,,,,,,,,,,,,,,,,,,778953.0,5.157,,,,,,,,,,,,,,,,,,,,,
GUY,Guyana,1984,,0.0,,,,,12.316,0.635,,,,,,,,,,,,,,,,0.0,0.0,,,,,,,,,,,,,,,,,7471.499,,,,,,,,,,,,,,,,,,,,,,,,,,,,,,,,,,,,,,,,,,,,,,,,,,,,,,,,,,,,,775217.0,5.792,,,,,,,,,,,,,,,,,,,,,
GUY,Guyana,1985,,0.0,,,,,1.867,0.108,,,,,,,,,,,,,,,,0.0,0.0,,,,,,,,,,,,,,,,,7658.168,,,,,,,,,,,,,,,,,,,,,,,,,,,,,,,,,,,,,,,,,,,,,,,,,,,,,,,,,,,,,770439.0,5.9,,,,,,,,,,,,,,,,,,,,,
GUY,Guyana,1986,,0.0,,,,,-4.994,-0.295,,,,,,,,,,,,,,,,0.0,0.0,,,,,,,,,,,,,,,,,7332.782,,,,,,,,,,,,,,,,,,,,,,,,,,,,,,,,,,,,,,,,,,,,,,,,,,,,,,,,,,,,,764447.0,5.606,,,,,,,,,,,,,,,,,,,,,
GUY,Guyana,1987,,0.0,,,,,-23.994,-1.345,,,,,,,,,,,,,,,,0.0,0.0,,,,,,,,,,,,,,,,,5624.861,,,,,,,,,,,,,,,,,,,,,,,,,,,,,,,,,,,,,,,,,,,,,,,,,,,,,,,,,,,,,757451.0,4.261,,,,,,,,,,,,,,,,,,,,,
GUY,Guyana,1988,,0.0,,,,,-1.161,-0.049,,,,,,,,,,,,,,,,0.0,0.0,,,,,,,,,,,,,,,,,5609.996,,,,,,,,,,,,,,,,,,,,,,,,,,,,,,,,,,,,,,,,,,,,,,,,,,,,,,,,,,,,,750641.0,4.211,,,,,,,,,,,,,,,,,,,,,
GUY,Guyana,1989,,0.0,,,,,-32.725,-1.378,,,,,,,,,,,,,,,,0.0,0.0,,,,,,,,,,,,,,,,,3799.714,,,,,,,,,,,,,,,,,,,,,,,,,,,,,,,,,,,,,,,,,,,,,,,,,,,,,,,,,,,,,745581.0,2.833,,,,,,,,,,,,,,,,,,,,,
GUY,Guyana,1990,,0.0,,,,,-3.76,-0.107,,,,,,,,,,,,,,,,0.0,0.0,,,,,,,,,,,,,,,,,3668.02,,,,,,,,,,,,,,,,,,,,,,,,,,,,,,,,,,,,,,,,,,,,,,,,,,,,,,,,,,,,,743306.0,2.726,,,,,,,,,,,,,,,,,,,,,
GUY,Guyana,1991,,0.0,,,,,17.864,0.487,,,,,,,,,,,,,,,,0.0,0.0,,,,,,,,,,,,,,,,,4316.471,,,,,,,,,,,,,,,,,,,,,,,,,,,,,,,,,,,,,,,,,,,,,,,,,,,,,,,,,,,,,744477.0,3.214,,,,,,,,,,,,,,,,,,,,,
GUY,Guyana,1992,,0.0,,,,,11.054,0.355,,,,,,,,,,,,,,,,0.0,0.0,,,,,,,,,,,,,,,,,4767.247,,,,,,,,,,,,,,,,,,,,,,,,,,,,,,,,,,,,,,,,,,,,,,,,,,,,,,,,,,,,,748596.0,3.569,,,,,,,,,,,,,,,,,,,,,
GUY,Guyana,1993,,0.0,,,,,27.579,0.984,,,,,,,,,,,,,,,,0.0,0.0,,,,,,,,,,,,,,,,,6037.299,,,,,,,,,,,,,,,,,,,,,,,,,,,,,,,,,,,,,,,,,,,,,,,,,,,,,,,,,,,,,754141.0,4.553,,,,,,,,,,,,,,,,,,,,,
GUY,Guyana,1994,,0.0,,,,,-0.042,-0.002,,,,,,,,,,,,,,,,0.0,0.0,,,,,,,,,,,,,,,,,5996.925,,,,,,,,,,,,,,,,,,,,,,,,,,,,,,,,,,,,,,,,,,,,,,,,,,,,,,,,,,,,,758896.0,4.551,,,,,,,,,,,,,,,,,,,,,
GUY,Guyana,1995,,0.0,,,,,-15.092,-0.687,,,,,,,,,,,,,,,,0.0,0.0,,,,,,,,,,,,,,,,,5075.775,,,,,,,,,,,,,,,,,,,,,,,,,,,,,,,,,,,,,,,,,,,,,,,,,,,,,,,,,,,,,761298.0,3.864,,,,,,,,,,,,,,,,,,,,,
GUY,Guyana,1996,,0.0,,,,,8.971,0.347,,,,,,,,,,,,,,,,0.0,0.0,,,,,,,,,,,,,,,,,5534.719,,,,,,,,,,,,,,,,,,,,,,,,,,,,,,,,,,,,,,,,,,,,,,,,,,,,,,,,,,,,,760801.0,4.211,,,,,,,,,,,,,,,,,,,,,
GUY,Guyana,1997,,0.0,,,,,6.4,0.269,,,,,,,,,,,,,,,,0.0,0.0,,,,,,,,,,,,,,,,,5910.897,,,,,,,,,,,,,,,,,,,,,,,,,,,,,,,,,,,,,,,,,,,,,,,,,,,,,,,,,,,,,757975.0,4.48,,,,,,,,,,,,,,,,,,,,,
GUY,Guyana,1998,,0.0,,,,,29.301,1.313,,,,,,,,,,,,,,,,0.0,0.0,,,,,,,,,,,,,,,,,7685.429,,,,,,,,,,,,,,,,,,,,,,,,,,,,,,,,,,,,,,,,,,,,,,,,,,,,,,,,,,,,,753778.0,5.793,,,,,,,,,,,,,,,,,,,,,
GUY,Guyana,1999,,0.0,,,,,20.044,1.161,,,,,,,,,,,,,,,,0.0,0.0,,,,,,,,,,,,,,,,,9276.391,,,,,,,,,,,,,,,,,,,,,,,,,,,,,,,,,,,,,,,,,,,,,,,,,,,,,,,,,,,,,749676.0,6.954,,,,,,,,,,,,,,,,,,,,,
GUY,Guyana,2000,,0.0,,,,,-0.333,-0.023,6.818,80.352,,,,,,659.091,0.0,,,,,0.0,,0.0,0.0,0.88,0.06,0.0,0.82,0.0,0.0,0.0,0.82,0.0,0.06,0.06,0.0,0.0,0.88,0.58,,9282.089,,,,,,1098.139,93.182,,0.0,,,,,0.0,,,,0.0,,,,,0.0,,6.818,0.06,80.352,,,,,,0.0,0.0,0.0,,,,,0.0,,93.182,,,,,1098.139,,,,0.0,80.352,,,,,0.0,6.818,,1178.49,746718.0,6.931,80.352,6.818,,,,,,0.0,,,,,0.0,,0.0,,,,,0.0,
GUY,Guyana,2001,,0.0,,,,,-2.262,-0.157,6.593,80.515,,,,,,670.33,0.0,,,,,0.0,,0.0,0.0,0.91,0.06,0.0,0.85,0.0,0.0,0.0,0.85,0.0,0.06,0.06,0.0,0.0,0.91,0.61,,9090.532,,,,,,1140.624,93.407,,0.0,,,,,0.0,,,,0.0,,,,,0.0,,6.593,0.06,80.515,,,,,,0.0,0.0,0.0,,,,,0.0,,93.407,,,,,1140.624,,,,0.0,80.515,,,,,0.0,6.593,,1221.139,745206.0,6.774,80.515,6.593,,,,,,0.0,,,,,0.0,,0.0,,,,,0.0,
GUY,Guyana,2002,,0.0,,,,,1.152,0.078,6.593,80.56,,,,,,670.33,0.0,,,,,0.0,,0.0,0.0,0.91,0.06,0.0,0.85,0.0,0.0,0.0,0.85,0.0,0.06,0.06,0.0,0.0,0.91,0.61,,9200.372,,,,,,1141.263,93.407,,0.0,,,,,0.0,,,,0.0,,,,,0.0,,6.593,0.06,80.56,,,,,,0.0,0.0,0.0,,,,,0.0,,93.407,,,,,1141.263,,,,0.0,80.56,,,,,0.0,6.593,,1221.823,744789.0,6.852,80.56,6.593,,,,,,0.0,,,,,0.0,,0.0,,,,,0.0,
GUY,Guyana,2003,,0.0,,,,,3.031,0.208,6.098,67.101,,,,,,670.732,0.0,,,,,0.0,,0.0,0.0,0.82,0.05,0.0,0.77,0.0,0.0,0.0,0.77,0.0,0.05,0.05,0.0,0.0,0.82,0.55,,9474.725,,,,,,1033.36,93.902,,0.0,,,,,0.0,,,,0.0,,,,,0.0,,6.098,0.05,67.101,,,,,,0.0,0.0,0.0,,,,,0.0,,93.902,,,,,1033.36,,,,0.0,67.101,,,,,0.0,6.098,,1100.461,745142.0,7.06,67.101,6.098,,,,,,0.0,,,,,0.0,,0.0,,,,,0.0,
GUY,Guyana,2004,,0.0,,,,,-2.369,-0.167,6.977,80.457,,,,,,662.791,0.0,,,,,0.0,,0.0,0.0,0.86,0.06,0.0,0.8,0.0,0.0,0.0,0.8,0.0,0.06,0.06,0.0,0.0,0.86,0.57,,9242.854,,,,,,1072.764,93.023,,0.0,,,,,0.0,,,,0.0,,,,,0.0,,6.977,0.06,80.457,,,,,,0.0,0.0,0.0,,,,,0.0,,93.023,,,,,1072.764,,,,0.0,80.457,,,,,0.0,6.977,,1153.222,745737.0,6.893,80.457,6.977,,,,,,0.0,,,,,0.0,,0.0,,,,,0.0,
GUY,Guyana,2005,,0.0,,,,,-9.74,-0.671,7.692,67.01,,,,,,661.538,0.0,,,,,0.0,,0.0,0.0,0.65,0.05,0.0,0.6,0.0,0.0,0.0,0.6,0.0,0.05,0.05,0.0,0.0,0.65,0.43,,8337.955,,,,,,804.121,92.308,,0.0,,,,,0.0,,,,0.0,,,,,0.0,,7.692,0.05,67.01,,,,,,0.0,0.0,0.0,,,,,0.0,,92.308,,,,,804.121,,,,0.0,67.01,,,,,0.0,7.692,,871.132,746156.0,6.221,67.01,7.692,,,,,,0.0,,,,,0.0,,0.0,,,,,0.0,
GUY,Guyana,2006,,0.0,,,,,-10.507,-0.654,7.463,66.994,,,,,,656.716,0.0,,,,,0.0,,0.0,0.0,0.67,0.05,0.0,0.62,0.0,0.0,0.0,0.62,0.0,0.05,0.05,0.0,0.0,0.67,0.44,,7460.123,,,,,,830.726,92.537,,0.0,,,,,0.0,,,,0.0,,,,,0.0,,7.463,0.05,66.994,,,,,,0.0,0.0,0.0,,,,,0.0,,92.537,,,,,830.726,,,,0.0,66.994,,,,,0.0,7.463,,897.72,746335.0,5.568,66.994,7.463,,,,,,0.0,,,,,0.0,,0.0,,,,,0.0,
GUY,Guyana,2007,,0.0,,,,,23.736,1.322,7.143,66.981,,,,,,671.429,0.0,,,,,0.0,,0.0,0.0,0.7,0.05,0.0,0.65,0.0,0.0,0.0,0.65,0.0,0.05,0.05,0.0,0.0,0.7,0.47,,9229.128,,,,,,870.757,92.857,,0.0,,,,,0.0,,,,0.0,,,,,0.0,,7.143,0.05,66.981,,,,,,0.0,0.0,0.0,,,,,0.0,,92.857,,,,,870.757,,,,0.0,66.981,,,,,0.0,7.143,,937.738,746477.0,6.889,66.981,7.143,,,,,,0.0,,,,,0.0,,0.0,,,,,0.0,
GUY,Guyana,2008,,0.0,,,,,-4.924,-0.339,7.042,66.951,,,,,,661.972,0.0,,,,,0.0,,0.0,0.0,0.71,0.05,0.0,0.66,0.0,0.0,0.0,0.66,0.0,0.05,0.05,0.0,0.0,0.71,0.47,,8770.71,,,,,,883.753,92.958,,0.0,,,,,0.0,,,,0.0,,,,,0.0,,7.042,0.05,66.951,,,,,,0.0,0.0,0.0,,,,,0.0,,92.958,,,,,883.753,,,,0.0,66.951,,,,,0.0,7.042,,950.704,746815.0,6.55,66.951,7.042,,,,,,0.0,,,,,0.0,,0.0,,,,,0.0,
GUY,Guyana,2009,,0.0,,,,,2.984,0.195,15.278,147.114,,,,,,638.889,0.0,,,,,0.0,,0.0,0.0,0.72,0.11,0.0,0.61,0.0,0.0,0.0,0.61,0.0,0.11,0.11,0.0,0.0,0.72,0.46,,9021.531,,,,,,815.816,84.722,,0.0,,,,,0.0,,,,0.0,,,,,0.0,,15.278,0.11,147.114,,,,,,0.0,0.0,0.0,,,,,0.0,,84.722,,,,,815.816,,,,0.0,147.114,,,,,0.0,15.278,,962.93,747718.0,6.746,147.114,15.278,,,,,,0.0,,,,,0.0,,0.0,,,,,0.0,
GUY,Guyana,2010,,0.0,,,,,6.13,0.414,14.634,160.122,,,,,,634.146,0.0,,,,,0.0,,0.0,0.0,0.82,0.12,0.0,0.7,0.0,0.0,0.0,0.7,0.0,0.12,0.12,0.0,0.0,0.82,0.52,,9552.718,,,,,,934.043,85.366,,0.0,,,,,0.0,,,,0.0,,,,,0.0,,14.634,0.12,160.122,,,,,,0.0,0.0,0.0,,,,,0.0,,85.366,,,,,934.043,,,,0.0,160.122,,,,,0.0,14.634,,1094.165,749430.0,7.159,160.122,14.634,,,,,,0.0,,,,,0.0,,0.0,,,,,0.0,
GUY,Guyana,2011,,0.0,,,,,3.921,0.281,14.943,172.866,,,,,,632.184,0.0,,,,,0.0,,0.0,0.0,0.87,0.13,0.0,0.74,0.0,0.0,0.0,0.74,0.0,0.13,0.13,0.0,0.0,0.87,0.55,,9892.935,,,,,,984.005,85.057,,0.0,,,,,0.0,,,,0.0,,,,,0.0,,14.943,0.13,172.866,,,,,,0.0,0.0,0.0,,,,,0.0,,85.057,,,,,984.005,,,,0.0,172.866,,,,,0.0,14.943,,1156.87,752029.0,7.44,172.866,14.943,,,,,,0.0,,,,,0.0,,0.0,,,,,0.0,
GUY,Guyana,2012,,0.0,,,,,13.251,0.986,14.444,172.097,,,,,,633.333,0.0,,,,,0.0,,0.0,0.0,0.9,0.13,0.0,0.77,0.0,0.0,0.0,0.77,0.0,0.13,0.13,0.0,0.0,0.9,0.57,,11154.047,,,,,,1019.344,85.556,,0.0,,,,,0.0,,,,0.0,,,,,0.0,,14.444,0.13,172.097,,,,,,0.0,0.0,0.0,,,,,0.0,,85.556,,,,,1019.344,,,,0.0,172.097,,,,,0.0,14.444,,1191.441,755388.0,8.426,172.097,14.444,,,,,,0.0,,,,,0.0,,0.0,,,,,0.0,
GUY,Guyana,2013,,0.0,,,,,-2.492,-0.21,13.978,171.215,,,,,,634.409,0.0,,,,,0.0,,0.0,0.0,0.93,0.13,0.0,0.8,0.0,0.0,0.0,0.8,0.0,0.13,0.13,0.0,0.0,0.93,0.59,,10820.375,,,,,,1053.628,86.022,,0.0,,,,,0.0,,,,0.0,,,,,0.0,,13.978,0.13,171.215,,,,,,0.0,0.0,0.0,,,,,0.0,,86.022,,,,,1053.628,,,,0.0,171.215,,,,,0.0,13.978,,1224.843,759281.0,8.216,171.215,13.978,,,,,,0.0,,,,,0.0,,0.0,,,,,0.0,
GUY,Guyana,2014,,0.0,,,,,-0.081,-0.007,14.894,183.397,,,,,,627.66,0.0,,,,,0.0,,0.0,0.0,0.94,0.14,0.0,0.8,0.0,0.0,0.0,0.8,0.0,0.14,0.14,0.0,0.0,0.94,0.59,,10753.697,,,,,,1047.983,85.106,,0.0,,,,,0.0,,,,0.0,,,,,0.0,,14.894,0.14,183.397,,,,,,0.0,0.0,0.0,,,,,0.0,,85.106,,,,,1047.983,,,,0.0,183.397,,,,,0.0,14.894,,1231.38,763371.0,8.209,183.397,14.894,,,,,,0.0,,,,,0.0,,0.0,,,,,0.0,
GUY,Guyana,2015,,0.0,,,,,2.348,0.193,16.0,208.487,,,,,,630.0,0.0,,,,,0.0,,0.0,0.0,1.0,0.16,0.0,0.84,0.0,0.0,0.0,0.84,0.0,0.16,0.16,0.0,0.0,1.0,0.63,,10947.928,,,,,,1094.558,84.0,,0.0,,,,,0.0,,,,0.0,,,,,0.0,,16.0,0.16,208.487,,,,,,0.0,0.0,0.0,,,,,0.0,,84.0,,,,,1094.558,,,,0.0,208.487,,,,,0.0,16.0,,1303.045,767433.0,8.402,208.487,16.0,,,,,,0.0,,,,,0.0,,0.0,,,,,0.0,
GUY,Guyana,2016,,0.0,,,,,12.187,1.024,13.592,181.497,,,,,,631.068,0.0,,,,,0.0,,0.0,0.0,1.03,0.14,0.0,0.89,0.0,0.0,0.0,0.89,0.0,0.14,0.14,0.0,0.0,1.03,0.65,,12219.565,,,,,,1153.802,86.408,,0.0,,,,,0.0,,,,0.0,,,,,0.0,,13.592,0.14,181.497,,,,,,0.0,0.0,0.0,,,,,0.0,,86.408,,,,,1153.802,,,,0.0,181.497,,,,,0.0,13.592,,1335.299,771363.0,9.426,181.497,13.592,,,,,,0.0,,,,,0.0,,0.0,,,,,0.0,
GUY,Guyana,2017,,,,,,,-0.972,-0.092,12.963,180.594,,,,,,629.63,0.0,,,,,0.0,,,,1.08,0.14,0.0,0.93,0.0,0.0,0.0,0.93,0.0,0.14,0.15,0.01,0.0,1.08,0.68,,12040.589,,,,,,1199.663,86.111,,0.0,,,,,0.0,,,,0.0,,,,,0.0,,13.889,0.15,193.494,,,,,,0.0,0.0,0.0,,,,,0.0,,86.111,,,,,1199.663,,,,0.0,180.594,,,,,0.0,12.963,,1393.157,775218.0,9.334,193.494,13.889,,,,,,0.926,,,,,12.9,,0.0,,,,,0.0,
GUY,Guyana,2018,,,,,,,1.503,0.14,12.844,179.716,,,,,,633.028,0.0,,,,,0.0,,,,1.09,0.14,0.0,0.94,0.0,0.0,0.0,0.94,0.0,0.14,0.15,0.01,0.0,1.09,0.69,,12162.08,,,,,,1206.664,86.239,,0.0,,,,,0.0,,,,0.0,,,,,0.0,,13.761,0.15,192.553,,,,,,0.0,0.0,0.0,,,,,0.0,,86.239,,,,,1206.664,,,,0.0,179.716,,,,,0.0,12.844,,1399.217,779007.0,9.474,192.553,13.761,,,,,,0.917,,,,,12.837,,0.0,,,,,0.0,
GUY,Guyana,2019,,,,,,,17.699,1.677,12.069,178.851,,,,,,629.31,0.0,,,,,0.0,,,,1.16,0.14,0.0,1.0,0.0,0.0,0.0,1.0,0.0,0.14,0.16,0.02,0.0,1.16,0.73,,14245.798,,,,,,1277.506,86.207,,0.0,,,,,0.0,,,,0.0,,,,,0.0,,13.793,0.16,204.401,,,,,,0.0,0.0,0.0,,,,,0.0,,86.207,,,,,1277.506,,,,0.0,178.851,,,,,0.0,12.069,,1481.907,782775.0,11.151,204.401,13.793,,,,,,1.724,,,,,25.55,,0.0,,,,,0.0,
GUY,Guyana,2020,,,,,,,,,12.069,177.99,,,,,,629.31,0.0,,,,,0.0,,,,1.16,0.14,0.0,1.0,0.0,0.0,0.0,1.0,0.0,0.14,0.16,0.02,0.0,1.16,0.73,,,,,,,,1271.36,86.207,,0.0,,,,,0.0,,,,0.0,,,,,0.0,,13.793,0.16,203.418,,,,,,0.0,0.0,0.0,,,,,0.0,,86.207,,,,,1271.36,,,,0.0,177.99,,,,,0.0,12.069,,1474.778,786559.0,,203.418,13.793,,,,,,1.724,,,,,25.427,,0.0,,,,,0.0,
