iso_code,country,year,coal_prod_change_pct,coal_prod_change_twh,gas_prod_change_pct,gas_prod_change_twh,oil_prod_change_pct,oil_prod_change_twh,energy_cons_change_pct,energy_cons_change_twh,biofuel_share_elec,biofuel_elec_per_capita,biofuel_cons_change_pct,biofuel_share_energy,biofuel_cons_change_twh,biofuel_consumption,biofuel_cons_per_capita,carbon_intensity_elec,coal_share_elec,coal_cons_change_pct,coal_share_energy,coal_cons_change_twh,coal_consumption,coal_elec_per_capita,coal_cons_per_capita,coal_production,coal_prod_per_capita,electricity_demand,biofuel_electricity,coal_electricity,fossil_electricity,gas_electricity,hydro_electricity,nuclear_electricity,oil_electricity,other_renewable_exc_biofuel_electricity,other_renewable_electricity,renewables_electricity,solar_electricity,wind_electricity,electricity_generation,greenhouse_gas_emissions,energy_per_gdp,energy_per_capita,fossil_cons_change_pct,fossil_share_energy,fossil_cons_change_twh,fossil_fuel_consumption,fossil_energy_per_capita,fossil_cons_per_capita,fossil_share_elec,gdp,gas_share_elec,gas_cons_change_pct,gas_share_energy,gas_cons_change_twh,gas_consumption,gas_elec_per_capita,gas_energy_per_capita,gas_production,gas_prod_per_capita,hydro_share_elec,hydro_cons_change_pct,hydro_share_energy,hydro_cons_change_twh,hydro_consumption,hydro_elec_per_capita,hydro_energy_per_capita,low_carbon_share_elec,low_carbon_electricity,low_carbon_elec_per_capita,low_carbon_cons_change_pct,low_carbon_share_energy,low_carbon_cons_change_twh,low_carbon_consumption,low_carbon_energy_per_capita,net_elec_imports_share_demand,net_elec_imports,nuclear_share_elec,nuclear_cons_change_pct,nuclear_share_energy,nuclear_cons_change_twh,nuclear_consumption,nuclear_elec_per_capita,nuclear_energy_per_capita,oil_share_elec,oil_cons_change_pct,oil_share_energy,oil_cons_change_twh,oil_consumption,oil_elec_per_capita,oil_energy_per_capita,oil_production,oil_prod_per_capita,other_renewables_elec_per_capita_exc_biofuel,other_renewables_elec_per_capita,other_renewables_cons_change_pct,other_renewables_share_energy,other_renewables_cons_change_twh,other_renewable_consumption,other_renewables_share_elec_exc_biofuel,other_renewables_share_elec,other_renewables_energy_per_capita,per_capita_electricity,population,primary_energy_consumption,renewables_elec_per_capita,renewables_share_elec,renewables_cons_change_pct,renewables_share_energy,renewables_cons_change_twh,renewables_consumption,renewables_energy_per_capita,solar_share_elec,solar_cons_change_pct,solar_share_energy,solar_cons_change_twh,solar_consumption,solar_elec_per_capita,solar_energy_per_capita,wind_share_elec,wind_cons_change_pct,wind_share_energy,wind_cons_change_twh,wind_consumption,wind_elec_per_capita,wind_energy_per_capita
HKG,Hong Kong,1965,,,,,,,,,,,,,,,,,,,5.439,,1.43,,412.576,,,,,,,,0.0,0.0,,,0.0,0.0,0.0,0.0,,,1.03,7585.908,,100.0,,26.302,7585.914,,,25526550420.0,,,0.0,,0.0,,0.0,,,,,0.0,,0.0,0.0,0.0,,0.0,0.0,,0.0,,0.0,0.0,,,,,0.0,,0.0,0.0,0.0,,,94.561,,24.872,,7173.338,,,,0.0,,0.0,,0.0,,,0.0,,3467220.0,26.302,0.0,,,0.0,,0.0,0.0,,,0.0,,0.0,0.0,0.0,,,0.0,,0.0,0.0,0.0
HKG,Hong Kong,1966,,,,,,,8.455,2.224,,,,,,,,,,-13.821,4.322,-0.198,1.233,,347.668,,,,,,,,0.0,0.0,,,0.0,0.0,0.0,0.0,,,1.093,8044.838,8.455,100.0,2.224,28.526,8044.845,,,26098438969.0,,,0.0,0.0,0.0,,0.0,,,,,0.0,0.0,0.0,0.0,0.0,,0.0,0.0,,0.0,0.0,0.0,0.0,,,,,0.0,0.0,0.0,0.0,0.0,,9.736,95.678,2.422,27.293,,7697.176,,,,0.0,,0.0,0.0,0.0,,,0.0,,3545854.0,28.526,0.0,,,0.0,0.0,0.0,0.0,,,0.0,0.0,0.0,0.0,0.0,,,0.0,0.0,0.0,0.0,0.0
HKG,Hong Kong,1967,,,,,,,18.113,5.167,,,,,,,,,,-19.811,2.934,-0.244,0.989,,272.706,,,,,,,,0.0,0.0,,,0.0,0.0,0.0,0.0,,,1.252,9294.636,18.113,100.0,5.167,33.693,9294.643,,,26904000173.0,,,0.0,0.0,0.0,,0.0,,,,,0.0,0.0,0.0,0.0,0.0,,0.0,0.0,,0.0,0.0,0.0,0.0,,,,,0.0,0.0,0.0,0.0,0.0,,19.826,97.066,5.411,32.704,,9021.938,,,,0.0,,0.0,0.0,0.0,,,0.0,,3624973.0,33.693,0.0,,,0.0,0.0,0.0,0.0,,,0.0,0.0,0.0,0.0,0.0,,,0.0,0.0,0.0,0.0,0.0
HKG,Hong Kong,1968,,,,,,,8.118,2.735,,,,,,,,,,-28.235,1.947,-0.279,0.709,,191.573,,,,,,,,0.0,0.0,,,0.0,0.0,0.0,0.0,,,1.287,9836.978,8.118,100.0,2.735,36.428,9836.986,,,28300686766.0,,,0.0,0.0,0.0,,0.0,,,,,0.0,0.0,0.0,0.0,0.0,,0.0,0.0,,0.0,0.0,0.0,0.0,,,,,0.0,0.0,0.0,0.0,0.0,,9.217,98.053,3.014,35.719,,9645.412,,,,0.0,,0.0,0.0,0.0,,,0.0,,3703179.0,36.428,0.0,,,0.0,0.0,0.0,0.0,,,0.0,0.0,0.0,0.0,0.0,,,0.0,0.0,0.0,0.0,0.0
HKG,Hong Kong,1969,,,,,,,17.492,6.372,,,,,,,,,,-40.984,0.978,-0.291,0.419,,110.815,,,,,,,,0.0,0.0,,,0.0,0.0,0.0,0.0,,,1.337,11328.187,17.492,100.0,6.372,42.8,11328.196,,,32017985736.0,,,0.0,0.0,0.0,,0.0,,,,,0.0,0.0,0.0,0.0,0.0,,0.0,0.0,,0.0,0.0,0.0,0.0,,,,,0.0,0.0,0.0,0.0,0.0,,18.653,99.022,6.663,42.381,,11217.38,,,,0.0,,0.0,0.0,0.0,,,0.0,,3778181.0,42.8,0.0,,,0.0,0.0,0.0,0.0,,,0.0,0.0,0.0,0.0,0.0,,,0.0,0.0,0.0,0.0,0.0
HKG,Hong Kong,1970,,,,,,,7.434,3.182,,,,,,,,,,-41.667,0.531,-0.174,0.244,,63.454,,,,,,,,0.0,0.0,,,0.0,0.0,0.0,0.0,,,1.301,11946.637,7.434,100.0,3.182,45.982,11946.647,,,35354053695.0,,,0.0,0.0,0.0,,0.0,,,,,0.0,0.0,0.0,0.0,0.0,,0.0,0.0,,0.0,0.0,0.0,0.0,,,,,0.0,0.0,0.0,0.0,0.0,,7.919,99.469,3.356,45.737,,11883.193,,,,0.0,,0.0,0.0,0.0,,,0.0,,3848922.0,45.982,0.0,,,0.0,0.0,0.0,0.0,,,0.0,0.0,0.0,0.0,0.0,,,0.0,0.0,0.0,0.0,0.0
HKG,Hong Kong,1971,,,,,,,5.607,2.578,,,,,,,,,,28.571,0.647,0.07,0.314,,80.236,,,,,,,,0.0,0.0,,,0.0,0.0,0.0,0.0,,,1.277,12407.935,5.607,100.0,2.578,48.56,12407.945,,,38035056125.0,,,0.0,0.0,0.0,,0.0,,,,,0.0,0.0,0.0,0.0,0.0,,0.0,0.0,,0.0,0.0,0.0,0.0,,,,,0.0,0.0,0.0,0.0,0.0,,5.484,99.353,2.508,48.246,,12327.709,,,,0.0,,0.0,0.0,0.0,,,0.0,,3913597.0,48.56,0.0,,,0.0,0.0,0.0,0.0,,,0.0,0.0,0.0,0.0,0.0,,,0.0,0.0,0.0,0.0,0.0
HKG,Hong Kong,1972,,,,,,,13.58,6.594,,,,,,,,,,-51.852,0.274,-0.163,0.151,,38.043,,,,,,,,0.0,0.0,,,0.0,0.0,0.0,0.0,,,1.314,13878.06,13.58,100.0,6.594,55.154,13878.071,,,41958746750.0,,,0.0,0.0,0.0,,0.0,,,,,0.0,0.0,0.0,0.0,0.0,,0.0,0.0,,0.0,0.0,0.0,0.0,,,,,0.0,0.0,0.0,0.0,0.0,,14.006,99.726,6.757,55.003,,13840.028,,,,0.0,,0.0,0.0,0.0,,,0.0,,3974193.0,55.154,0.0,,,0.0,0.0,0.0,0.0,,,0.0,0.0,0.0,0.0,0.0,,,0.0,0.0,0.0,0.0,0.0
HKG,Hong Kong,1973,,,,,,,3.713,2.048,,,,,,,,,,-46.154,0.142,-0.07,0.081,,20.162,,,,,,,,0.0,0.0,,,0.0,0.0,0.0,0.0,,,1.218,14166.676,3.713,100.0,2.048,57.202,14166.688,,,46980619269.0,,,0.0,0.0,0.0,,0.0,,,,,0.0,0.0,0.0,0.0,0.0,,0.0,0.0,,0.0,0.0,0.0,0.0,,,,,0.0,0.0,0.0,0.0,0.0,,3.85,99.858,2.118,57.121,,14146.526,,,,0.0,,0.0,0.0,0.0,,,0.0,,4037791.0,57.202,0.0,,,0.0,0.0,0.0,0.0,,,0.0,0.0,0.0,0.0,0.0,,,0.0,0.0,0.0,0.0,0.0
HKG,Hong Kong,1974,,,,,,,2.37,1.355,,,,,,,,,,0.0,0.139,0.0,0.081,,19.789,,,,,,,,0.0,0.0,,,0.0,0.0,0.0,0.0,,,1.223,14233.765,2.37,100.0,1.355,58.558,14233.776,,,47875346994.0,,,0.0,0.0,0.0,,0.0,,,,,0.0,0.0,0.0,0.0,0.0,,0.0,0.0,,0.0,0.0,0.0,0.0,,,,,0.0,0.0,0.0,0.0,0.0,,2.373,99.861,1.355,58.476,,14213.988,,,,0.0,,0.0,0.0,0.0,,,0.0,,4113987.0,58.558,0.0,,,0.0,0.0,0.0,0.0,,,0.0,0.0,0.0,0.0,0.0,,,0.0,0.0,0.0,0.0,0.0
HKG,Hong Kong,1975,,,,,,,-5.858,-3.43,,,,,,,,,,-14.286,0.127,-0.012,0.07,,16.579,,,,,,,,0.0,0.0,,,0.0,0.0,0.0,0.0,,,1.151,13097.548,-5.858,100.0,-3.43,55.127,13097.558,,,47881245212.0,,,0.0,0.0,0.0,,0.0,,,,,0.0,0.0,0.0,0.0,0.0,,0.0,0.0,,0.0,0.0,0.0,0.0,,,,,0.0,0.0,0.0,0.0,0.0,,-5.846,99.873,-3.419,55.057,,13080.979,,,,0.0,,0.0,0.0,0.0,,,0.0,,4208963.0,55.127,0.0,,,0.0,0.0,0.0,0.0,,,0.0,0.0,0.0,0.0,0.0,,,0.0,0.0,0.0,0.0,0.0
HKG,Hong Kong,1976,,,,,,,18.074,9.964,,,,,,,,,,33.333,0.143,0.023,0.093,,21.506,,,,,,,,0.0,0.0,,,0.0,0.0,0.0,0.0,,,1.172,15045.299,18.074,100.0,9.964,65.091,15045.311,,,55544790064.0,,,0.0,0.0,0.0,,0.0,,,,,0.0,0.0,0.0,0.0,0.0,,0.0,0.0,,0.0,0.0,0.0,0.0,,,,,0.0,0.0,0.0,0.0,0.0,,18.055,99.857,9.941,64.998,,15023.806,,,,0.0,,0.0,0.0,0.0,,,0.0,,4326333.0,65.091,0.0,,,0.0,0.0,0.0,0.0,,,0.0,0.0,0.0,0.0,0.0,,,0.0,0.0,0.0,0.0,0.0
HKG,Hong Kong,1977,,,,,,,7.978,5.193,,,,,,,,,,-12.5,0.116,-0.012,0.081,,18.244,,,,,,,,0.0,0.0,,,0.0,0.0,0.0,0.0,,,1.134,15750.228,7.978,100.0,5.193,70.284,15750.24,,,61975546388.0,,,0.0,0.0,0.0,,0.0,,,,,0.0,0.0,0.0,0.0,0.0,,0.0,0.0,,0.0,0.0,0.0,0.0,,,,,0.0,0.0,0.0,0.0,0.0,,8.007,99.884,5.204,70.202,,15731.997,,,,0.0,,0.0,0.0,0.0,,,0.0,,4462399.0,70.284,0.0,,,0.0,0.0,0.0,0.0,,,0.0,0.0,0.0,0.0,0.0,,,0.0,0.0,0.0,0.0,0.0
HKG,Hong Kong,1978,,,,,,,3.889,2.733,,,,,,,,,,-28.571,0.08,-0.023,0.058,,12.622,,,,,,,,0.0,0.0,,,0.0,0.0,0.0,0.0,,,1.087,15849.011,3.889,100.0,2.733,73.017,15849.024,,,67200317605.0,,,0.0,0.0,0.0,,0.0,,,,,0.0,0.0,0.0,0.0,0.0,,0.0,0.0,,0.0,0.0,0.0,0.0,,,,,0.0,0.0,0.0,0.0,0.0,,3.926,99.92,2.756,72.959,,15836.402,,,,0.0,,0.0,0.0,0.0,,,0.0,,4607029.0,73.017,0.0,,,0.0,0.0,0.0,0.0,,,0.0,0.0,0.0,0.0,0.0,,,0.0,0.0,0.0,0.0,0.0
HKG,Hong Kong,1979,,,,,,,2.391,1.746,,,,,,,,,,-20.0,0.062,-0.012,0.047,,9.802,,,,,,,,0.0,0.0,,,0.0,0.0,0.0,0.0,,,0.998,15753.244,2.391,100.0,1.746,74.763,15753.257,,,74946933668.0,,,0.0,0.0,0.0,,0.0,,,,,0.0,0.0,0.0,0.0,0.0,,0.0,0.0,,0.0,0.0,0.0,0.0,,,,,0.0,0.0,0.0,0.0,0.0,,2.409,99.938,1.758,74.716,,15743.455,,,,0.0,,0.0,0.0,0.0,,,0.0,,4745877.0,74.763,0.0,,,0.0,0.0,0.0,0.0,,,0.0,0.0,0.0,0.0,0.0,,,0.0,0.0,0.0,0.0,0.0
HKG,Hong Kong,1980,,,,,,,2.184,1.633,,,,,,,,,,-50.0,0.03,-0.023,0.023,,4.777,0.0,0.0,,,,,,0.0,0.0,,,0.0,0.0,0.0,0.0,,,0.925,15691.074,2.184,100.0,1.633,76.396,15691.087,,,82606707429.0,,,0.0,0.0,0.0,,0.0,,,,,0.0,0.0,0.0,0.0,0.0,,0.0,0.0,,0.0,0.0,0.0,0.0,,,,,0.0,0.0,0.0,0.0,0.0,,2.217,99.97,1.656,76.373,,15686.31,,,,0.0,,0.0,0.0,0.0,,,0.0,,4868744.0,76.396,0.0,,,0.0,0.0,0.0,0.0,,,0.0,0.0,0.0,0.0,0.0,,,0.0,0.0,0.0,0.0,0.0
HKG,Hong Kong,1981,,0.0,,,,,6.562,5.013,,,,,,,,,,1650.0,0.5,0.384,0.407,,81.874,0.0,0.0,,,,,,0.0,0.0,,,0.0,0.0,0.0,0.0,,,0.901,16374.541,6.562,100.0,5.013,81.409,16374.554,,,90351787502.0,,,0.0,0.0,0.0,,0.0,,,,,0.0,0.0,0.0,0.0,0.0,,0.0,0.0,,0.0,0.0,0.0,0.0,,,,,0.0,0.0,0.0,0.0,0.0,,6.062,99.5,4.63,81.002,,16292.68,,,,0.0,,0.0,0.0,0.0,,,0.0,,4971693.0,81.409,0.0,,,0.0,0.0,0.0,0.0,,,0.0,0.0,0.0,0.0,0.0,,,0.0,0.0,0.0,0.0,0.0
HKG,Hong Kong,1982,,0.0,,,,,9.755,7.941,,,,,,,,,,2457.143,11.649,10.002,10.409,,2057.88,0.0,0.0,,,,,,0.0,0.0,,,0.0,0.0,0.0,0.0,,,0.96,17664.973,9.755,100.0,7.941,89.35,17664.987,,,93056241970.0,,,0.0,0.0,0.0,,0.0,,,,,0.0,0.0,0.0,0.0,0.0,,0.0,0.0,,0.0,0.0,0.0,0.0,,,,,0.0,0.0,0.0,0.0,0.0,,-2.544,88.351,-2.061,78.941,,15607.107,,,,0.0,,0.0,0.0,0.0,,,0.0,,5058049.0,89.35,0.0,,,0.0,0.0,0.0,0.0,,,0.0,0.0,0.0,0.0,0.0,,,0.0,0.0,0.0,0.0,0.0
HKG,Hong Kong,1983,,0.0,,,,,6.035,5.393,,,,,,,,,,134.86,25.803,14.037,24.446,,4761.917,0.0,0.0,,,,,,0.0,0.0,,,0.0,0.0,0.0,0.0,,,0.961,18455.09,6.035,100.0,5.393,94.743,18455.105,,,98638831940.0,,,0.0,0.0,0.0,,0.0,,,,,0.0,0.0,0.0,0.0,0.0,,0.0,0.0,,0.0,0.0,0.0,0.0,,,,,0.0,0.0,0.0,0.0,0.0,,-10.951,74.197,-8.645,70.297,,13693.188,,,,0.0,,0.0,0.0,0.0,,,0.0,,5133705.0,94.743,0.0,,,0.0,0.0,0.0,0.0,,,0.0,0.0,0.0,0.0,0.0,,,0.0,0.0,0.0,0.0,0.0
HKG,Hong Kong,1984,,0.0,,,,,2.449,2.32,,,,,,,,,,30.542,32.878,7.466,31.913,,6127.833,0.0,0.0,,,,,,0.0,0.0,,,0.0,0.0,0.0,0.0,,,0.892,18637.836,2.449,100.0,2.32,97.063,18637.851,,,108818494873.0,,,0.0,0.0,0.0,,0.0,,,,,0.0,0.0,0.0,0.0,0.0,,0.0,0.0,,0.0,0.0,0.0,0.0,,,,,0.0,0.0,0.0,0.0,0.0,,-7.321,67.122,-5.147,65.15,,12510.017,,,,0.0,,0.0,0.0,0.0,,,0.0,,5207835.0,97.063,0.0,,,0.0,0.0,0.0,0.0,,,0.0,0.0,0.0,0.0,0.0,,,0.0,0.0,0.0,0.0,0.0
HKG,Hong Kong,1985,,0.0,,,,,3.818,3.705,,,,,,,,,,23.797,39.206,7.594,39.507,,7472.474,0.0,0.0,,,,,,0.0,0.0,,,0.0,0.0,0.0,0.0,19.249,,0.919,19059.544,3.818,100.0,3.705,100.768,19059.559,,,109638265127.0,,,0.0,0.0,0.0,,0.0,,,0.0,,0.0,0.0,0.0,0.0,0.0,0.0,0.0,0.0,,0.0,0.0,0.0,0.0,,,0.0,,0.0,0.0,0.0,0.0,0.0,,-5.969,60.794,-3.889,61.261,,11587.085,,,,0.0,,0.0,0.0,0.0,,0.0,0.0,3640.885,5287023.0,100.768,0.0,0.0,,0.0,0.0,0.0,0.0,0.0,,0.0,0.0,0.0,0.0,0.0,0.0,,0.0,0.0,0.0,0.0,0.0
HKG,Hong Kong,1986,,0.0,,,,,4.786,4.823,,,,,,,,,,15.72,43.297,6.21,45.718,,8508.055,0.0,0.0,,,,,,0.0,0.0,,,0.0,0.0,0.0,0.0,21.419,,0.867,19650.507,4.786,100.0,4.823,105.591,19650.522,,,121782209355.0,,,0.0,0.0,0.0,,0.0,,,0.0,,0.0,0.0,0.0,0.0,0.0,0.0,0.0,0.0,,0.0,0.0,0.0,0.0,,,0.0,,0.0,0.0,0.0,0.0,0.0,,-2.265,56.703,-1.388,59.873,,11142.467,,,,0.0,,0.0,0.0,0.0,,0.0,0.0,3986.063,5373445.0,105.591,0.0,0.0,,0.0,0.0,0.0,0.0,0.0,,0.0,0.0,0.0,0.0,0.0,0.0,,0.0,0.0,0.0,0.0,0.0
HKG,Hong Kong,1987,,0.0,,,,,9.876,10.429,,,,,,,,,,25.312,49.379,11.572,57.289,,10483.535,0.0,0.0,,,,,,0.0,0.0,,,0.0,0.0,0.0,0.0,23.754,,0.841,21230.698,9.876,100.0,10.429,116.02,21230.715,,,137910679045.0,,,0.0,0.0,0.0,,0.0,,,0.0,,0.0,0.0,0.0,0.0,0.0,0.0,0.0,0.0,,0.0,0.0,0.0,0.0,,,0.0,,0.0,0.0,0.0,0.0,0.0,,-1.909,50.621,-1.143,58.73,,10747.18,,,,0.0,,0.0,0.0,0.0,,0.0,0.0,4346.733,5464705.0,116.02,0.0,0.0,,0.0,0.0,0.0,0.0,0.0,,0.0,0.0,0.0,0.0,0.0,0.0,,0.0,0.0,0.0,0.0,0.0
HKG,Hong Kong,1988,,0.0,,,,,15.195,17.63,,,,,,,,,,15.692,49.592,8.99,66.279,,11926.38,0.0,0.0,,,,,,0.0,0.0,,,0.0,0.0,0.0,0.0,25.508,,0.895,24048.937,15.195,100.0,17.63,133.649,24048.956,,,149349935614.0,,,0.0,0.0,0.0,,0.0,,,0.0,,0.0,0.0,0.0,0.0,0.0,0.0,0.0,0.0,,0.0,0.0,0.0,0.0,,,0.0,,0.0,0.0,0.0,0.0,0.0,,14.711,50.408,8.64,67.37,,12122.577,,,,0.0,,0.0,0.0,0.0,,0.0,0.0,4589.843,5557380.0,133.649,0.0,0.0,,0.0,0.0,0.0,0.0,0.0,,0.0,0.0,0.0,0.0,0.0,0.0,,0.0,0.0,0.0,0.0,0.0
HKG,Hong Kong,1989,,0.0,,,,,6.891,9.21,,,,,,,,,,7.142,49.708,4.733,71.013,,12576.933,0.0,0.0,,,,,,0.0,0.0,,,0.0,0.0,0.0,0.0,27.363,,0.931,25301.536,6.891,100.0,9.21,142.86,25301.557,,,153499115536.0,,,0.0,0.0,0.0,,0.0,,,0.0,,0.0,0.0,0.0,0.0,0.0,0.0,0.0,0.0,,0.0,0.0,0.0,0.0,,,0.0,,0.0,0.0,0.0,0.0,0.0,,6.645,50.292,4.477,71.847,,12724.623,,,,0.0,,0.0,0.0,0.0,,0.0,0.0,4846.262,5646276.0,142.859,0.0,0.0,,0.0,0.0,0.0,0.0,0.0,,0.0,0.0,0.0,0.0,0.0,0.0,,0.0,0.0,0.0,0.0,0.0
HKG,Hong Kong,1990,,0.0,,,,,-2.451,-3.502,,,,,,,,,,-10.056,45.833,-7.141,63.872,,11150.953,0.0,0.0,,,,,,0.0,0.0,,,0.0,0.0,0.0,0.0,28.96,,0.876,24329.461,-2.451,100.0,-3.502,139.358,24329.481,,,159035333640.0,,,0.0,0.0,0.0,,0.0,,,0.0,,0.0,0.0,0.0,0.0,0.0,0.0,0.0,0.0,,0.0,0.0,0.0,0.0,,,0.0,,0.0,0.0,0.0,0.0,0.0,,5.065,54.167,3.639,75.486,,13178.528,,,,0.0,,0.0,0.0,0.0,,0.0,0.0,5055.917,5727942.0,139.358,0.0,0.0,,0.0,0.0,0.0,0.0,0.0,,0.0,0.0,0.0,0.0,0.0,0.0,,0.0,0.0,0.0,0.0,0.0
HKG,Hong Kong,1991,,0.0,,,,,3.611,5.032,,,,,,,,,,7.902,47.732,5.047,68.919,,11882.579,0.0,0.0,,,,,,0.0,0.0,,,0.0,0.0,0.0,0.0,31.889,,0.866,24894.555,3.611,100.0,5.032,144.39,24894.575,,,166794700191.0,,,0.0,0.0,0.0,,0.0,,,0.0,,0.0,0.0,0.0,0.0,0.0,0.0,0.0,0.0,,0.0,0.0,0.0,0.0,,,0.0,,0.0,0.0,0.0,0.0,0.0,,-0.021,52.268,-0.016,75.47,,13011.996,,,,0.0,,0.0,0.0,0.0,,0.0,0.0,5498.046,5800040.0,144.389,0.0,0.0,,0.0,0.0,0.0,0.0,0.0,,0.0,0.0,0.0,0.0,0.0,0.0,,0.0,0.0,0.0,0.0,0.0
HKG,Hong Kong,1992,,0.0,,,,,17.688,25.54,,,,,,,,,,6.007,42.994,4.14,73.06,,12457.442,0.0,0.0,,,,,,0.0,0.0,,,0.0,0.0,0.0,0.0,35.076,,0.966,28974.647,17.688,100.0,25.54,169.929,28974.671,,,175823871487.0,,,0.0,0.0,0.0,,0.0,,,0.0,,0.0,0.0,0.0,0.0,0.0,0.0,0.0,0.0,,0.0,0.0,0.0,0.0,,,0.0,,0.0,0.0,0.0,0.0,0.0,,28.355,57.006,21.399,96.869,,16517.229,,,,0.0,,0.0,0.0,0.0,,0.0,0.0,5980.747,5864745.0,169.929,0.0,0.0,,0.0,0.0,0.0,0.0,0.0,,0.0,0.0,0.0,0.0,0.0,0.0,,0.0,0.0,0.0,0.0,0.0
HKG,Hong Kong,1993,,0.0,,,,,9.165,15.573,,,,,,,,,,15.807,45.61,11.549,84.608,,14271.849,0.0,0.0,,,,,,0.0,0.0,,,0.0,0.0,0.0,0.0,35.948,,1.001,31290.788,9.165,100.0,15.573,185.502,31290.813,,,185281245011.0,,,0.0,0.0,0.0,,0.0,,,0.0,,0.0,0.0,0.0,0.0,0.0,0.0,0.0,0.0,,0.0,0.0,0.0,0.0,,,0.0,,0.0,0.0,0.0,0.0,0.0,,4.155,54.39,4.025,100.894,,17018.964,,,,0.0,,0.0,0.0,0.0,,0.0,0.0,6063.675,5928336.0,185.502,0.0,0.0,,0.0,0.0,0.0,0.0,0.0,,0.0,0.0,0.0,0.0,0.0,0.0,,0.0,0.0,0.0,0.0,0.0
HKG,Hong Kong,1994,,0.0,,,,,-9.385,-17.409,,,,,,,,,,-28.564,35.957,-24.167,60.441,,10074.166,0.0,0.0,,,,,,0.0,0.0,,,0.0,0.0,0.0,0.0,26.741,,0.862,28017.262,-9.385,100.0,-17.409,168.093,28017.284,,,194935751092.0,,,0.0,0.0,0.0,,0.0,,,0.0,,0.0,0.0,0.0,0.0,0.0,0.0,0.0,0.0,,0.0,0.0,0.0,0.0,,,0.0,,0.0,0.0,0.0,0.0,0.0,,6.698,64.043,6.758,107.652,,17943.118,,,,0.0,,0.0,0.0,0.0,,0.0,0.0,4457.089,5999619.0,168.093,0.0,0.0,,0.0,0.0,0.0,0.0,0.0,,0.0,0.0,0.0,0.0,0.0,0.0,,0.0,0.0,0.0,0.0,0.0
HKG,Hong Kong,1995,,0.0,,,,,7.489,12.588,,,,,,,,,,7.793,36.059,4.71,65.151,,10708.219,0.0,0.0,,,,,,0.0,0.0,,,0.0,0.0,0.0,0.0,27.916,,0.912,29696.53,7.489,100.0,12.588,180.681,29696.554,,,198024246895.0,,,0.168,0.304,0.304,,49.957,,,0.0,,0.0,0.0,0.0,0.0,0.0,0.0,0.0,0.0,,0.0,0.0,0.0,0.0,,,0.0,,0.0,0.0,0.0,0.0,0.0,,7.035,63.773,7.574,115.225,,18938.378,,,,0.0,,0.0,0.0,0.0,,0.0,0.0,4588.179,6084234.0,180.681,0.0,0.0,,0.0,0.0,0.0,0.0,0.0,,0.0,0.0,0.0,0.0,0.0,0.0,,0.0,0.0,0.0,0.0,0.0
HKG,Hong Kong,1996,,0.0,,,,,-0.05,-0.09,,,,,,,,,,-25.687,26.81,-16.736,48.416,,7827.188,0.0,0.0,,,,,,0.0,0.0,,,0.0,0.0,0.0,0.0,28.44,,0.882,29195.468,-0.05,100.0,-0.09,180.591,29195.492,,,204853993224.0,,6239.482,10.67,18.965,19.269,,3115.097,,,0.0,,0.0,0.0,0.0,0.0,0.0,0.0,0.0,0.0,,0.0,0.0,0.0,0.0,,,0.0,,0.0,0.0,0.0,0.0,0.0,,-2.012,62.521,-2.319,112.907,,18253.207,,,,0.0,,0.0,0.0,0.0,,0.0,0.0,4597.787,6185584.0,180.591,0.0,0.0,,0.0,0.0,0.0,0.0,0.0,,0.0,0.0,0.0,0.0,0.0,0.0,,0.0,0.0,0.0,0.0,0.0
HKG,Hong Kong,1997,,0.0,,,,,1.164,2.102,,,,,,,,,,-15.614,22.363,-7.56,40.856,,6485.205,0.0,0.0,,,,,,0.0,0.0,,,0.0,0.0,0.0,0.0,28.943,,0.855,28999.312,1.164,100.0,2.102,182.693,28999.335,,,213630220877.0,,56.142,16.468,10.818,30.087,,4775.721,,,0.0,,0.0,0.0,0.0,0.0,0.0,0.0,0.0,0.0,,0.0,0.0,0.0,0.0,,,0.0,,0.0,0.0,0.0,0.0,0.0,,-1.024,61.168,-1.156,111.75,,17738.409,,,,0.0,,0.0,0.0,0.0,,0.0,0.0,4594.2,6299912.0,182.693,0.0,0.0,,0.0,0.0,0.0,0.0,0.0,,0.0,0.0,0.0,0.0,0.0,0.0,,0.0,0.0,0.0,0.0,0.0
HKG,Hong Kong,1998,,0.0,,,,,1.938,3.541,,,,,,,,,,24.31,27.271,9.932,50.788,,7914.646,0.0,0.0,,,,,,0.0,0.0,,,0.0,0.0,0.0,0.0,31.414,,0.933,29021.955,1.938,100.0,3.541,186.234,29021.978,,,199509309150.0,,-6.185,15.156,-1.861,28.226,,4398.581,,,0.0,,0.0,0.0,0.0,0.0,0.0,0.0,0.0,0.0,,0.0,0.0,0.0,0.0,,,0.0,,0.0,0.0,0.0,0.0,0.0,,-4.054,57.573,-4.53,107.22,,16708.751,,,,0.0,,0.0,0.0,0.0,,0.0,0.0,4895.506,6416996.0,186.234,0.0,0.0,,0.0,0.0,0.0,0.0,0.0,,0.0,0.0,0.0,0.0,0.0,0.0,,0.0,0.0,0.0,0.0,0.0
HKG,Hong Kong,1999,,0.0,,,,,1.282,2.388,,,,,,,,,,-14.52,23.016,-7.375,43.414,,6656.022,0.0,0.0,,,,,,0.0,0.0,,,0.0,0.0,0.0,0.0,29.496,,0.93,28918.801,1.282,100.0,2.388,188.622,28918.825,,,202921198008.0,,10.271,16.501,2.899,31.125,,4771.92,,,0.0,,0.0,0.0,0.0,0.0,0.0,0.0,0.0,0.0,,0.0,0.0,0.0,0.0,,,0.0,,0.0,0.0,0.0,0.0,0.0,,6.401,60.483,6.864,114.084,,17490.882,,,,0.0,,0.0,0.0,0.0,,0.0,0.0,4522.194,6522461.0,188.622,0.0,0.0,,0.0,0.0,0.0,0.0,0.0,,0.0,0.0,0.0,0.0,0.0,0.0,,0.0,0.0,0.0,0.0,0.0
HKG,Hong Kong,2000,,0.0,,,,,4.694,8.854,0.0,0.0,,,,,,726.316,71.545,16.207,25.547,7.036,50.45,3189.366,7636.582,0.0,0.0,38.47,0.0,21.07,29.45,8.38,0.0,0.0,0.0,0.0,0.0,0.0,0.0,0.0,29.45,21.39,0.911,29891.843,4.694,100.0,8.854,197.475,29891.867,4457.847,100.0,216781245529.0,28.455,-9.599,14.248,-2.988,28.137,1268.481,4259.093,,,0.0,,0.0,0.0,0.0,0.0,0.0,0.0,0.0,0.0,,0.0,0.0,0.0,0.0,23.447,9.02,0.0,,0.0,0.0,0.0,0.0,0.0,0.0,4.212,60.204,4.805,118.889,0.0,17996.192,,,0.0,0.0,,0.0,0.0,0.0,0.0,0.0,0.0,4457.847,6606328.0,197.475,0.0,0.0,,0.0,0.0,0.0,0.0,0.0,,0.0,0.0,0.0,0.0,0.0,0.0,,0.0,0.0,0.0,0.0,0.0
HKG,Hong Kong,2001,,0.0,,,,,26.305,51.945,0.0,0.0,,,,,,726.05,71.555,57.956,31.949,29.239,79.688,3272.429,11956.652,0.0,0.0,39.3,0.0,21.81,30.48,8.67,0.0,0.0,0.0,0.0,0.0,0.0,0.0,0.0,30.48,22.13,1.153,37423.653,26.305,100.0,51.945,249.42,37423.683,4573.298,100.0,216306580179.0,28.445,0.923,11.385,0.26,28.397,1300.869,4260.717,,,0.0,,0.0,0.0,0.0,0.0,0.0,0.0,0.0,0.0,,0.0,0.0,0.0,0.0,22.443,8.82,0.0,,0.0,0.0,0.0,0.0,0.0,0.0,18.88,56.665,22.447,141.335,0.0,21206.313,,,0.0,0.0,,0.0,0.0,0.0,0.0,0.0,0.0,4573.298,6664775.0,249.42,0.0,0.0,,0.0,0.0,0.0,0.0,0.0,,0.0,0.0,0.0,0.0,0.0,0.0,,0.0,0.0,0.0,0.0,0.0
HKG,Hong Kong,2002,,0.0,,,,,-2.401,-5.988,0.0,0.0,,,,,,716.987,68.816,-22.211,25.464,-17.7,61.989,3312.557,9249.594,0.0,0.0,40.27,0.0,22.2,32.26,10.06,0.0,0.0,0.0,0.0,0.0,0.0,0.0,0.0,32.26,23.13,1.116,36323.612,-2.401,100.0,-5.988,243.433,36323.641,4813.653,100.0,218185312692.0,31.184,-4.998,11.082,-1.419,26.978,1501.096,4025.437,,,0.0,,0.0,0.0,0.0,0.0,0.0,0.0,0.0,0.0,,0.0,0.0,0.0,0.0,19.891,8.01,0.0,,0.0,0.0,0.0,0.0,0.0,0.0,9.291,63.453,13.131,154.466,0.0,23048.61,,,0.0,0.0,,0.0,0.0,0.0,0.0,0.0,0.0,4813.653,6701771.0,243.433,0.0,0.0,,0.0,0.0,0.0,0.0,0.0,,0.0,0.0,0.0,0.0,0.0,0.0,,0.0,0.0,0.0,0.0,0.0
HKG,Hong Kong,2003,,0.0,,,,,3.275,7.973,0.0,0.0,,,,,,717.196,68.814,26.822,31.27,16.627,78.615,3415.772,11690.558,0.0,0.0,40.77,0.0,22.97,33.38,10.41,0.0,0.0,0.0,0.0,0.0,0.0,0.0,0.0,33.38,23.94,1.127,37385.449,3.275,100.0,7.973,251.406,37385.479,4963.8,100.0,223111694461.0,31.186,-35.696,6.9,-9.63,17.348,1548.027,2579.689,,,0.0,,0.0,0.0,0.0,0.0,0.0,0.0,0.0,0.0,,0.0,0.0,0.0,0.0,18.126,7.39,0.0,,0.0,0.0,0.0,0.0,0.0,0.0,0.632,61.829,0.976,155.443,0.0,23115.233,,,0.0,0.0,,0.0,0.0,0.0,0.0,0.0,0.0,4963.8,6724687.0,251.405,0.0,0.0,,0.0,0.0,0.0,0.0,0.0,,0.0,0.0,0.0,0.0,0.0,0.0,,0.0,0.0,0.0,0.0,0.0
HKG,Hong Kong,2004,,0.0,,,,,11.981,30.121,0.0,0.0,,,,,,717.192,68.825,-6.626,26.074,-5.209,73.406,3561.387,10883.796,0.0,0.0,41.65,0.0,24.02,34.9,10.88,0.0,0.0,0.0,0.0,0.0,0.0,0.0,0.0,34.9,25.03,1.17,41741.316,11.981,100.0,30.122,281.527,41741.349,5174.538,100.0,240644195998.0,31.175,44.464,8.902,7.713,25.061,1613.151,3715.734,,,0.0,,0.0,0.0,0.0,0.0,0.0,0.0,0.0,0.0,,0.0,0.0,0.0,0.0,16.206,6.75,0.0,,0.0,0.0,0.0,0.0,0.0,0.0,17.767,65.024,27.617,183.06,0.0,27141.82,,,0.0,0.0,,0.0,0.0,0.0,0.0,0.0,0.0,5174.538,6744563.0,281.527,0.0,0.0,,0.0,0.0,0.0,0.0,0.0,,0.0,0.0,0.0,0.0,0.0,0.0,,0.0,0.0,0.0,0.0,0.0
HKG,Hong Kong,2005,,0.0,,,,,-4.062,-11.436,0.0,0.0,,,,,,716.934,68.816,8.795,29.569,6.456,79.862,3673.788,11797.231,0.0,0.0,42.64,0.0,24.87,36.14,11.27,0.0,0.0,0.0,0.0,0.0,0.0,0.0,0.0,36.14,25.91,1.053,39897.677,-4.062,100.0,-11.436,270.091,39897.709,5338.589,100.0,256420812257.0,31.184,0.231,9.3,0.058,25.119,1664.801,3710.538,,,0.0,,0.0,0.0,0.0,0.0,0.0,0.0,0.0,0.0,,0.0,0.0,0.0,0.0,15.244,6.5,0.0,,0.0,0.0,0.0,0.0,0.0,0.0,-9.806,61.131,-17.95,165.109,0.0,24389.94,,,0.0,0.0,,0.0,0.0,0.0,0.0,0.0,0.0,5338.589,6769579.0,270.09,0.0,0.0,,0.0,0.0,0.0,0.0,0.0,,0.0,0.0,0.0,0.0,0.0,0.0,,0.0,0.0,0.0,0.0,0.0
HKG,Hong Kong,2006,,0.0,,,,,5.799,15.662,0.0,0.0,,,,,,710.113,66.74,-0.16,27.903,-0.128,79.734,3560.674,11722.031,0.0,0.0,42.66,0.0,24.22,36.29,12.07,0.0,0.0,0.0,0.0,0.0,0.0,0.0,0.0,36.29,25.77,1.049,42009.537,5.798,99.999,15.66,285.751,42009.297,5335.13,100.0,272324303889.0,33.26,9.706,9.644,2.438,27.557,1774.456,4051.239,,,0.0,,0.0,0.0,0.0,0.0,0.0,0.0,0.0,0.0,,0.001,0.002,0.002,0.273,14.932,6.37,0.0,,0.0,0.0,0.0,0.0,0.0,0.0,8.086,62.453,13.35,178.459,0.0,26236.027,,,0.0,0.0,,0.0,0.0,0.0,0.0,0.0,0.0,5335.13,6802083.0,285.752,0.0,0.0,,0.001,0.002,0.002,0.273,0.0,,0.0,0.0,0.0,0.0,0.0,0.0,,0.001,0.002,0.002,0.0,0.273
HKG,Hong Kong,2007,,0.0,,,,,6.391,18.262,0.0,0.0,,,,,,710.188,66.73,9.11,28.616,7.264,86.998,3571.629,12718.993,0.0,0.0,43.53,0.0,24.43,36.61,12.18,0.0,0.0,0.0,0.0,0.0,0.0,0.0,0.0,36.61,26.0,1.057,44446.427,6.391,99.999,18.262,304.012,44446.126,5352.326,100.0,287685133894.0,33.27,-6.578,8.468,-1.813,25.744,1780.697,3763.779,,,0.0,,0.0,0.0,0.0,0.0,0.0,0.0,0.0,0.0,23.802,0.001,0.0,0.002,0.336,15.897,6.92,0.0,,0.0,0.0,0.0,0.0,0.0,0.0,7.178,62.915,12.81,191.27,0.0,27963.355,,,0.0,0.0,,0.0,0.0,0.0,0.0,0.0,0.0,5352.326,6840017.0,304.014,0.0,0.0,23.802,0.001,0.0,0.002,0.336,0.0,,0.0,0.0,0.0,0.0,0.0,0.0,23.802,0.001,0.0,0.002,0.0,0.336
HKG,Hong Kong,2008,,0.0,,,,,-6.961,-21.161,0.0,0.0,,,,,,710.165,66.732,-8.364,28.185,-7.276,79.722,3462.726,11584.327,0.0,0.0,42.96,0.0,23.83,35.71,11.88,0.0,0.0,0.0,0.0,0.0,0.0,0.0,0.0,35.71,25.36,0.97,41101.259,-6.961,99.999,-21.161,282.851,41100.982,5189.003,100.0,291529730379.0,33.268,15.679,10.529,4.037,29.781,1726.277,4327.447,,,0.0,,0.0,0.0,0.0,0.0,0.0,0.0,0.0,0.0,-7.255,0.001,-0.0,0.002,0.31,16.876,7.25,0.0,,0.0,0.0,0.0,0.0,0.0,0.0,-9.37,61.286,-17.921,173.348,0.0,25189.208,,,0.0,0.0,,0.0,0.0,0.0,0.0,0.0,0.0,5189.003,6881861.0,282.853,0.0,0.0,-7.255,0.001,-0.0,0.002,0.31,0.0,,0.0,0.0,0.0,0.0,0.0,0.0,-7.255,0.001,-0.0,0.002,0.0,0.31
HKG,Hong Kong,2009,,0.0,,,,,9.194,26.005,0.0,0.0,,,,,,710.244,66.74,4.423,26.953,3.526,83.248,3509.207,12021.971,0.0,0.0,43.64,0.0,24.3,36.41,12.11,0.0,0.0,0.0,0.0,0.0,0.0,0.0,0.0,36.41,25.86,1.095,44602.761,9.194,99.999,26.004,308.856,44602.38,5258.034,100.0,282158639076.0,33.26,-2.882,9.364,-0.858,28.923,1748.827,4176.771,,,0.0,,0.0,0.0,0.0,0.0,0.0,0.0,0.0,0.0,35.593,0.001,0.001,0.003,0.417,16.567,7.23,0.0,,0.0,0.0,0.0,0.0,0.0,0.0,13.462,63.681,23.336,196.685,0.0,28403.638,,,0.0,0.0,,0.0,0.0,0.0,0.0,0.0,0.0,5258.034,6924642.0,308.858,0.0,0.0,35.593,0.001,0.001,0.003,0.417,0.0,,0.0,0.0,0.0,0.0,0.0,0.0,35.593,0.001,0.001,0.003,0.0,0.417
HKG,Hong Kong,2010,,0.0,,,,,3.98,12.293,0.0,0.0,,,,,,710.322,66.731,-13.003,22.551,-10.825,72.423,3452.323,10396.174,0.0,0.0,43.94,0.0,24.05,36.04,11.99,0.0,0.0,0.0,0.0,0.0,0.0,0.0,0.0,36.04,25.6,1.074,46100.476,3.933,99.954,12.148,321.003,46079.268,5173.46,100.0,298918524011.0,33.269,24.273,11.192,7.021,35.943,1721.137,5159.559,,,0.0,,0.0,0.0,0.0,0.0,0.0,0.0,0.0,0.0,3545.519,0.033,0.102,0.105,15.118,17.979,7.9,0.0,,0.0,0.0,0.0,0.0,0.0,0.0,8.11,66.211,15.952,212.637,0.0,30523.536,,,0.0,0.0,,0.032,0.102,0.102,0.0,0.0,14.597,5173.46,6966324.0,321.151,0.0,0.0,3545.519,0.033,0.102,0.105,15.118,0.0,,0.0,0.001,0.001,0.0,0.131,0.0,-6.058,0.001,-0.0,0.003,0.0,0.39
HKG,Hong Kong,2011,,0.0,,,,,2.537,8.148,0.0,0.0,,,,,,710.319,66.73,18.95,26.161,13.724,86.147,3498.131,12295.127,0.0,0.0,44.51,0.0,24.51,36.73,12.22,0.0,0.0,0.0,0.0,0.0,0.0,0.0,0.0,36.73,26.09,1.059,46998.357,2.453,99.872,7.875,328.878,46938.3,5242.202,100.0,310881393462.0,33.27,-20.359,8.693,-7.318,28.625,1744.07,4085.493,,,0.0,,0.0,0.0,0.0,0.0,0.0,0.0,0.0,0.0,9.647,0.035,0.01,0.115,16.481,17.479,7.78,0.0,,0.0,0.0,0.0,0.0,0.0,0.0,0.691,65.019,1.469,214.105,0.0,30557.68,,,0.0,0.0,9.584,0.034,0.01,0.111,0.0,0.0,15.904,5242.202,7006598.0,329.299,0.0,0.0,9.647,0.035,0.01,0.115,16.481,0.0,96.049,0.001,0.001,0.002,0.0,0.256,0.0,-17.093,0.001,-0.0,0.002,0.0,0.321
HKG,Hong Kong,2012,,0.0,,,,,-3.899,-12.841,0.0,0.0,,,,,,710.173,66.74,-1.567,26.796,-1.35,84.797,3454.027,12033.287,0.0,0.0,45.79,0.0,24.34,36.47,12.13,0.0,0.0,0.0,0.0,0.0,0.0,0.0,0.0,36.47,25.9,1.001,44907.741,-3.826,99.948,-12.583,316.294,44884.538,5175.364,100.0,316167831430.0,33.26,-7.917,8.329,-2.266,26.359,1721.337,3740.575,,,0.0,,0.0,0.0,0.0,0.0,0.0,0.0,0.0,0.0,-4.293,0.035,-0.005,0.111,15.683,20.354,9.32,0.0,,0.0,0.0,0.0,0.0,0.0,0.0,-4.188,64.823,-8.967,205.138,0.0,29110.676,,,0.0,0.0,-5.229,0.033,-0.006,0.106,0.0,0.0,14.986,5175.364,7046847.0,316.458,0.0,0.0,-4.293,0.035,-0.005,0.111,15.683,0.0,22.791,0.001,0.0,0.002,0.0,0.312,0.0,20.494,0.001,0.0,0.003,0.0,0.385
HKG,Hong Kong,2013,,0.0,,,,,2.707,8.568,0.0,0.0,,,,,,710.204,66.748,6.58,27.806,5.58,90.376,3460.398,12749.226,0.0,0.0,45.07,0.0,24.53,36.75,12.22,0.0,0.0,0.0,0.0,0.0,0.0,0.0,0.0,36.75,26.1,0.997,45850.77,2.68,99.921,8.475,324.77,45814.621,5184.249,100.0,325974583620.0,33.252,-5.789,7.64,-1.526,24.833,1723.851,3503.183,,,0.0,,0.0,0.0,0.0,0.0,0.0,0.0,0.0,0.0,-12.101,0.03,-0.013,0.097,13.704,18.46,8.32,0.0,,0.0,0.0,0.0,0.0,0.0,0.0,2.155,64.475,4.422,209.56,0.0,29562.211,,,0.0,0.0,-12.724,0.028,-0.013,0.092,0.0,0.0,13.002,5184.249,7088780.0,325.026,0.0,0.0,-12.101,0.03,-0.013,0.097,13.704,0.0,28.788,0.001,0.001,0.003,0.0,0.4,0.0,-21.004,0.001,-0.001,0.002,0.0,0.302
HKG,Hong Kong,2014,,0.0,,,,,-2.303,-7.486,0.0,0.0,,,,,,710.358,66.738,4.813,29.831,4.35,94.726,3504.017,13276.888,0.0,0.0,46.52,0.0,25.0,37.46,12.46,0.0,0.0,0.0,0.0,0.0,0.0,0.0,0.0,37.46,26.61,0.948,44506.61,-2.288,99.937,-7.429,317.34,44478.634,5250.42,100.0,334980444074.0,33.262,-3.877,7.517,-0.963,23.87,1746.402,3345.694,,,0.0,,0.0,0.0,0.0,0.0,0.0,0.0,0.0,0.0,17.896,0.036,0.017,0.115,16.052,19.475,9.06,0.0,,0.0,0.0,0.0,0.0,0.0,0.0,-5.161,62.589,-10.816,198.744,0.0,27856.052,,,0.0,0.0,18.729,0.034,0.017,0.109,0.0,0.0,15.338,5250.42,7134668.0,317.54,0.0,0.0,17.896,0.036,0.017,0.115,16.052,0.0,-0.98,0.001,-0.0,0.003,0.0,0.393,0.0,7.004,0.001,0.0,0.002,0.0,0.321
HKG,Hong Kong,2015,,0.0,,,,,2.806,8.911,0.0,0.0,,,,,,710.246,66.741,-17.762,23.863,-16.825,77.901,3317.566,10840.699,0.0,0.0,46.28,0.0,23.84,35.72,11.88,0.0,0.0,0.0,0.0,0.0,0.0,0.0,0.0,35.72,25.37,0.952,45428.808,2.804,99.935,8.898,326.238,45399.215,4970.782,100.0,342917131227.0,33.259,27.591,9.33,6.586,30.456,1653.216,4238.301,,,0.0,,0.0,0.0,0.0,0.0,0.0,0.0,0.0,0.0,29.972,0.046,0.034,0.149,20.715,22.818,10.56,0.0,,0.0,0.0,0.0,0.0,0.0,0.0,9.629,66.742,19.137,217.881,0.0,30320.216,,,0.0,0.0,31.769,0.044,0.035,0.144,0.0,0.0,20.066,4970.782,7185992.0,326.451,0.0,0.0,29.972,0.046,0.034,0.149,20.715,0.0,-7.129,0.001,-0.0,0.003,0.0,0.363,0.0,-10.424,0.001,-0.0,0.002,0.0,0.286
HKG,Hong Kong,2016,,0.0,,,,,2.634,8.597,0.0,0.0,,,,,,710.234,66.741,-0.007,23.249,-0.006,77.895,3313.297,10753.765,0.0,0.0,46.38,0.0,24.0,35.96,11.96,0.0,0.0,0.0,0.0,0.0,0.0,0.0,0.0,35.96,25.54,0.957,46254.8,2.636,99.937,8.6,334.839,46225.856,4964.423,100.0,350065657597.0,33.259,2.657,9.332,0.809,31.266,1651.126,4316.353,,,0.0,,0.0,0.0,0.0,0.0,0.0,0.0,0.0,0.0,12.297,0.05,0.018,0.167,23.077,22.467,10.42,0.0,,0.0,0.0,0.0,0.0,0.0,0.0,3.579,67.357,7.797,225.678,0.0,31155.738,,,0.0,0.0,13.36,0.049,0.019,0.163,0.0,0.0,22.567,4964.423,7243541.0,335.049,0.0,0.0,12.297,0.05,0.018,0.167,23.077,0.0,-5.544,0.001,-0.0,0.002,0.0,0.34,0.0,-39.783,0.0,-0.001,0.001,0.0,0.171
HKG,Hong Kong,2017,,,,,,,7.226,24.21,0.0,0.0,,,,,,707.184,65.862,-6.326,20.311,-4.928,72.968,3137.012,9986.955,,,46.03,0.0,22.92,34.79,11.87,0.0,0.0,0.0,0.0,0.0,0.01,0.01,0.0,34.8,24.61,0.989,49171.001,7.22,99.932,24.177,359.015,49137.686,4761.634,99.971,363336766917.0,34.109,-0.333,8.674,-0.104,31.161,1624.622,4264.996,,,0.0,,0.0,0.0,0.0,0.0,0.0,0.029,0.01,1.369,0.122,0.047,0.0,0.167,22.907,24.397,11.23,0.0,,0.0,0.0,0.0,0.0,0.0,0.0,12.942,70.948,29.208,254.886,0.0,34885.735,,,0.0,0.0,-0.521,0.045,-0.001,0.163,0.0,0.0,22.256,4763.003,7306315.0,359.259,1.369,0.029,0.122,0.047,0.0,0.167,22.907,0.029,-13.093,0.001,-0.0,0.002,1.369,0.293,0.0,111.461,0.001,0.001,0.003,0.0,0.358
HKG,Hong Kong,2018,,,,,,,0.653,2.345,0.0,0.0,,,,,,704.188,64.951,0.0,20.179,0.0,72.968,3029.141,9898.335,,,46.42,0.0,22.33,34.37,12.04,0.0,0.0,0.0,0.0,0.0,0.01,0.01,0.0,34.38,24.21,0.968,49052.83,0.657,99.937,2.36,361.375,49021.784,4662.408,99.971,373682640985.0,35.02,-3.17,8.344,-0.988,30.174,1633.267,4093.141,,,0.0,,0.0,0.0,0.0,0.0,0.0,0.029,0.01,1.357,2.444,0.047,0.004,0.171,23.258,25.937,12.04,0.0,,0.0,0.0,0.0,0.0,0.0,0.0,1.313,71.413,3.348,258.234,0.0,35030.308,,,0.0,0.0,2.688,0.046,0.004,0.167,0.0,0.0,22.651,4663.764,7371728.0,361.604,1.357,0.029,2.444,0.047,0.004,0.171,23.258,0.029,27.792,0.001,0.001,0.003,1.357,0.371,0.0,-33.475,0.0,-0.001,0.002,0.0,0.236
HKG,Hong Kong,2019,,,,,,,-4.684,-16.937,0.0,0.0,,,,,,704.205,64.948,-1.643,20.823,-1.199,71.769,3032.48,9651.386,,,47.1,0.0,22.55,34.71,12.16,0.0,0.0,0.0,0.0,0.0,0.01,0.01,0.0,34.72,24.45,,46350.124,-4.692,99.928,-16.956,344.42,46316.875,4667.734,99.971,,35.023,3.275,9.041,0.988,31.162,1635.253,4190.558,,,0.0,,0.0,0.0,0.0,0.0,0.0,0.029,0.01,1.345,9.559,0.054,0.016,0.188,25.261,26.285,12.38,0.0,,0.0,0.0,0.0,0.0,0.0,0.0,-6.485,70.064,-16.745,241.488,0.0,32474.93,,,0.0,0.0,9.915,0.053,0.017,0.184,0.0,0.0,24.682,4669.078,7436157.0,344.667,1.345,0.029,9.559,0.054,0.016,0.188,25.261,0.029,-3.76,0.001,-0.0,0.003,1.345,0.354,0.0,-3.674,0.0,-0.0,0.002,0.0,0.225
HKG,Hong Kong,2020,,,,,,,-25.109,-86.543,0.0,0.0,,,,,,684.989,59.106,-46.731,14.811,-33.539,38.231,2610.382,5099.459,,,45.81,0.0,19.57,33.1,13.53,0.0,0.0,0.0,0.0,0.0,0.01,0.01,0.0,33.11,22.68,,34430.312,-25.16,99.861,-86.654,257.765,34382.499,4415.106,99.97,,40.864,58.665,19.155,18.281,49.443,1804.725,6594.999,,,0.0,,0.0,0.0,0.0,0.0,0.0,0.03,0.01,1.334,60.358,0.117,0.113,0.301,40.179,27.723,12.7,0.0,,0.0,0.0,0.0,0.0,0.0,0.0,-29.565,65.895,-71.397,170.092,0.0,22688.041,,,0.0,0.0,61.499,0.115,0.113,0.296,0.0,0.0,39.537,4416.44,7496988.0,258.124,1.334,0.03,60.358,0.117,0.113,0.301,40.179,0.03,5.491,0.001,0.0,0.003,1.334,0.37,0.0,21.559,0.001,0.0,0.002,0.0,0.272
