iso_code,country,year,coal_prod_change_pct,coal_prod_change_twh,gas_prod_change_pct,gas_prod_change_twh,oil_prod_change_pct,oil_prod_change_twh,energy_cons_change_pct,energy_cons_change_twh,biofuel_share_elec,biofuel_elec_per_capita,biofuel_cons_change_pct,biofuel_share_energy,biofuel_cons_change_twh,biofuel_consumption,biofuel_cons_per_capita,carbon_intensity_elec,coal_share_elec,coal_cons_change_pct,coal_share_energy,coal_cons_change_twh,coal_consumption,coal_elec_per_capita,coal_cons_per_capita,coal_production,coal_prod_per_capita,electricity_demand,biofuel_electricity,coal_electricity,fossil_electricity,gas_electricity,hydro_electricity,nuclear_electricity,oil_electricity,other_renewable_exc_biofuel_electricity,other_renewable_electricity,renewables_electricity,solar_electricity,wind_electricity,electricity_generation,greenhouse_gas_emissions,energy_per_gdp,energy_per_capita,fossil_cons_change_pct,fossil_share_energy,fossil_cons_change_twh,fossil_fuel_consumption,fossil_energy_per_capita,fossil_cons_per_capita,fossil_share_elec,gdp,gas_share_elec,gas_cons_change_pct,gas_share_energy,gas_cons_change_twh,gas_consumption,gas_elec_per_capita,gas_energy_per_capita,gas_production,gas_prod_per_capita,hydro_share_elec,hydro_cons_change_pct,hydro_share_energy,hydro_cons_change_twh,hydro_consumption,hydro_elec_per_capita,hydro_energy_per_capita,low_carbon_share_elec,low_carbon_electricity,low_carbon_elec_per_capita,low_carbon_cons_change_pct,low_carbon_share_energy,low_carbon_cons_change_twh,low_carbon_consumption,low_carbon_energy_per_capita,net_elec_imports_share_demand,net_elec_imports,nuclear_share_elec,nuclear_cons_change_pct,nuclear_share_energy,nuclear_cons_change_twh,nuclear_consumption,nuclear_elec_per_capita,nuclear_energy_per_capita,oil_share_elec,oil_cons_change_pct,oil_share_energy,oil_cons_change_twh,oil_consumption,oil_elec_per_capita,oil_energy_per_capita,oil_production,oil_prod_per_capita,other_renewables_elec_per_capita_exc_biofuel,other_renewables_elec_per_capita,other_renewables_cons_change_pct,other_renewables_share_energy,other_renewables_cons_change_twh,other_renewable_consumption,other_renewables_share_elec_exc_biofuel,other_renewables_share_elec,other_renewables_energy_per_capita,per_capita_electricity,population,primary_energy_consumption,renewables_elec_per_capita,renewables_share_elec,renewables_cons_change_pct,renewables_share_energy,renewables_cons_change_twh,renewables_consumption,renewables_energy_per_capita,solar_share_elec,solar_cons_change_pct,solar_share_energy,solar_cons_change_twh,solar_consumption,solar_elec_per_capita,solar_energy_per_capita,wind_share_elec,wind_cons_change_pct,wind_share_energy,wind_cons_change_twh,wind_consumption,wind_elec_per_capita,wind_energy_per_capita
HUN,Hungary,1900,,,,,,,,,,,,,,,,,,,,,,,,23.713,3336.968,,,,,,,,,,,,,,,,,,,,,,,,,19107487000.0,,,,,,,,0.0,0.0,,,,,,,,,,,,,,,,,,,,,,,,,,,,,,,,0.023,3.273,,,,,,,,,,,7106099.0,,,,,,,,,,,,,,,,,,,,,,
HUN,Hungary,1901,0.523,0.124,,0.0,50.0,0.012,,,,,,,,,,,,,,,,,,23.837,3330.741,,,,,,,,,,,,,,,,,,,,,,,,,,,,,,,,,0.0,0.0,,,,,,,,,,,,,,,,,,,,,,,,,,,,,,,,0.035,4.875,,,,,,,,,,,7156620.0,,,,,,,,,,,,,,,,,,,,,,
HUN,Hungary,1902,-6.068,-1.446,,0.0,33.333,0.012,,,,,,,,,,,,,,,,,,22.391,3106.772,,,,,,,,,,,,,,,,,,,,,,,,,,,,,,,,,0.0,0.0,,,,,,,,,,,,,,,,,,,,,,,,,,,,,,,,0.047,6.455,,,,,,,,,,,7207005.0,,,,,,,,,,,,,,,,,,,,,,
HUN,Hungary,1903,3.293,0.737,,0.0,-25.0,-0.012,,,,,,,,,,,,,,,,,,23.128,3186.853,,,,,,,,,,,,,,,,,,,,,,,,,,,,,,,,,0.0,0.0,,,,,,,,,,,,,,,,,,,,,,,,,,,,,,,,0.035,4.808,,,,,,,,,,,7257249.0,,,,,,,,,,,,,,,,,,,,,,
HUN,Hungary,1904,2.27,0.525,,0.0,-33.333,-0.012,,,,,,,,,,,,,,,,,,23.653,3236.643,,,,,,,,,,,,,,,,,,,,,,,,,,,,,,,,,0.0,0.0,,,,,,,,,,,,,,,,,,,,,,,,,,,,,,,,0.023,3.183,,,,,,,,,,,7307843.0,,,,,,,,,,,,,,,,,,,,,,
HUN,Hungary,1905,4.274,1.011,,0.0,150.0,0.035,,,,,,,,,,,,,,,,,,24.664,3351.613,,,,,,,,,,,,,,,,,,,,,,,,,,,,,,,,,0.0,0.0,,,,,,,,,,,,,,,,,,,,,,,,,,,,,,,,0.058,7.902,,,,,,,,,,,7358790.0,,,,,,,,,,,,,,,,,,,,,,
HUN,Hungary,1906,6.407,1.58,,0.0,-40.0,-0.023,,,,,,,,,,,,,,,,,,26.244,3541.658,,,,,,,,,,,,,,,,,,,,,,,,,,,,,,,,,0.0,0.0,,,,,,,,,,,,,,,,,,,,,,,,,,,,,,,,0.035,4.708,,,,,,,,,,,7410092.0,,,,,,,,,,,,,,,,,,,,,,
HUN,Hungary,1907,1.221,0.32,,0.0,-33.333,-0.012,,,,,,,,,,,,,,,,,,26.564,3560.066,,,,,,,,,,,,,,,,,,,,,,,,,,,,,,,,,0.0,0.0,,,,,,,,,,,,,,,,,,,,,,,,,,,,,,,,0.023,3.117,,,,,,,,,,,7461752.0,,,,,,,,,,,,,,,,,,,,,,
HUN,Hungary,1908,6.973,1.852,,0.0,0.0,0.0,,,,,,,,,,,,,,,,,,28.417,3781.926,,,,,,,,,,,,,,,,,,,,,,,,,,,,,,,,,0.0,0.0,,,,,,,,,,,,,,,,,,,,,,,,,,,,,,,,0.023,3.096,,,,,,,,,,,7513772.0,,,,,,,,,,,,,,,,,,,,,,
HUN,Hungary,1909,8.874,2.522,,0.0,50.0,0.012,,,,,,,,,,,,,,,,,,30.938,4091.561,,,,,,,,,,,,,,,,,,,,,,,,,,,,,,,,,0.0,0.0,,,,,,,,,,,,,,,,,,,,,,,,,,,,,,,,0.035,4.614,,,,,,,,,,,7561439.0,,,,,,,,,,,,,,,,,,,,,,
HUN,Hungary,1910,-0.634,-0.196,,0.0,0.0,0.0,,,,,,,,,,,,,,,,,,30.742,4042.478,,,,,,,,,,,,,,,,,,,,,,,,,24369072000.0,,,,,,,,0.0,0.0,,,,,,,,,,,,,,,,,,,,,,,,,,,,,,,,0.035,4.588,,,,,,,,,,,7604704.0,,,,,,,,,,,,,,,,,,,,,,
HUN,Hungary,1911,3.695,1.136,,0.0,-33.333,-0.012,,,,,,,,,,,,,,,,,,31.878,4170.579,,,,,,,,,,,,,,,,,,,,,,,,,,,,,,,,,0.0,0.0,,,,,,,,,,,,,,,,,,,,,,,,,,,,,,,,0.023,3.043,,,,,,,,,,,7643518.0,,,,,,,,,,,,,,,,,,,,,,
HUN,Hungary,1912,2.235,0.713,,0.0,50.0,0.012,,,,,,,,,,,,,,,,,,32.59,4244.749,,,,,,,,,,,,,,,,,,,,,,,,,,,,,,,,,0.0,0.0,,,,,,,,,,,,,,,,,,,,,,,,,,,,,,,,0.035,4.544,,,,,,,,,,,7677833.0,,,,,,,,,,,,,,,,,,,,,,
HUN,Hungary,1913,6.706,2.185,,0.0,-33.333,-0.012,,,,,,,,,,,,,,,,,,34.776,4511.896,,,,,,,,,,,,,,,,,,,,,,,,,26216960000.0,,,,,,,,0.0,0.0,,,,,,,,,,,,,,,,,,,,,,,,,,,,,,,,0.023,3.018,,,,,,,,,,,7707599.0,,,,,,,,,,,,,,,,,,,,,,
HUN,Hungary,1914,-10.754,-3.74,,0.0,100.0,0.023,,,,,,,,,,,,,,,,,,31.036,4011.146,,,,,,,,,,,,,,,,,,,,,,,,,,,,,,,,,0.0,0.0,,,,,,,,,,,,,,,,,,,,,,,,,,,,,,,,0.047,6.012,,,,,,,,,,,7737480.0,,,,,,,,,,,,,,,,,,,,,,
HUN,Hungary,1915,1.379,0.428,,0.0,75.0,0.035,,,,,,,,,,,,,,,,,,31.464,4050.775,,,,,,,,,,,,,,,,,,,,,,,,,,,,,,,,,0.0,0.0,,,,,,,,,,,,,,,,,,,,,,,,,,,,,,,,0.081,10.481,,,,,,,,,,,7767477.0,,,,,,,,,,,,,,,,,,,,,,
HUN,Hungary,1916,-0.557,-0.175,,0.0,-14.286,-0.012,,,,,,,,,,,,,,,,,,31.289,4012.665,,,,,,,,,,,,,,,,,,,,,,,,,,,,,,,,,0.0,0.0,,,,,,,,,,,,,,,,,,,,,,,,,,,,,,,,0.07,8.949,,,,,,,,,,,7797591.0,,,,,,,,,,,,,,,,,,,,,,
HUN,Hungary,1917,-1.746,-0.546,,0.0,50.0,0.035,,,,,,,,,,,,,,,,,,30.743,3927.392,,,,,,,,,,,,,,,,,,,,,,,,,,,,,,,,,0.0,0.0,,,,,,,,,,,,,,,,,,,,,,,,,,,,,,,,0.105,13.372,,,,,,,,,,,7827821.0,,,,,,,,,,,,,,,,,,,,,,
HUN,Hungary,1918,-6.806,-2.092,,0.0,-100.0,-0.105,,,,,,,,,,,,,,,,,,28.651,3645.772,,,,,,,,,,,,,,,,,,,,,,,,,,,,,,,,,0.0,0.0,,,,,,,,,,,,,,,,,,,,,,,,,,,,,,,,0.0,0.0,,,,,,,,,,,7858606.0,,,,,,,,,,,,,,,,,,,,,,
HUN,Hungary,1919,-53.111,-15.217,,0.0,,0.0,,,,,,,,,,,,,,,,,,13.434,1701.237,,,,,,,,,,,,,,,,,,,,,,,,,,,,,,,,,0.0,0.0,,,,,,,,,,,,,,,,,,,,,,,,,,,,,,,,0.0,0.0,,,,,,,,,,,7896688.0,,,,,,,,,,,,,,,,,,,,,,
HUN,Hungary,1920,27.857,3.742,,0.0,,0.0,,,,,,,,,,,,,,,,,,17.177,2162.703,,,,,,,,,,,,,,,,,,,,,,,,,21655800000.0,,,,,,,,0.0,0.0,,,,,,,,,,,,,,,,,,,,,,,,,,,,,,,,0.0,0.0,,,,,,,,,,,7942157.0,,,,,,,,,,,,,,,,,,,,,,
HUN,Hungary,1921,28.557,4.905,,0.0,,0.0,,,,,,,,,,,,,,,,,,22.082,2761.893,,,,,,,,,,,,,,,,,,,,,,,,,,,,,,,,,0.0,0.0,,,,,,,,,,,,,,,,,,,,,,,,,,,,,,,,0.0,0.0,,,,,,,,,,,7995102.0,,,,,,,,,,,,,,,,,,,,,,
HUN,Hungary,1922,12.991,2.869,,0.0,,0.0,,,,,,,,,,,,,,,,,,24.95,3097.238,,,,,,,,,,,,,,,,,,,,,,,,,,,,,,,,,0.0,0.0,,,,,,,,,,,,,,,,,,,,,,,,,,,,,,,,0.0,0.0,,,,,,,,,,,8055615.0,,,,,,,,,,,,,,,,,,,,,,
HUN,Hungary,1923,8.522,2.126,,0.0,,0.0,,,,,,,,,,,,,,,,,,27.076,3332.964,,,,,,,,,,,,,,,,,,,,,,,,,,,,,,,,,0.0,0.0,,,,,,,,,,,,,,,,,,,,,,,,,,,,,,,,0.0,0.0,,,,,,,,,,,8123788.0,,,,,,,,,,,,,,,,,,,,,,
HUN,Hungary,1924,-7.773,-2.105,,0.0,,0.0,,,,,,,,,,,,,,,,,,24.972,3048.107,,,,,,,,,,,,,,,,,,,,,,,,,25091136000.0,,,,,,,,0.0,0.0,,,,,,,,,,,,,,,,,,,,,,,,,,,,,,,,0.0,0.0,,,,,,,,,,,8192538.0,,,,,,,,,,,,,,,,,,,,,,
HUN,Hungary,1925,-10.08,-2.517,,0.0,,0.0,,,,,,,,,,,,,,,,,,22.455,2717.853,,,,,,,,,,,,,,,,,,,,,,,,,30150267000.0,,,,,,,,0.0,0.0,,,,,,,,,,,,,,,,,,,,,,,,,,,,,,,,0.0,0.0,,,,,,,,,,,8261870.0,,,,,,,,,,,,,,,,,,,,,,
HUN,Hungary,1926,5.057,1.135,,0.0,,0.0,,,,,,,,,,,,,,,,,,23.59,2831.326,,,,,,,,,,,,,,,,,,,,,,,,,28887818000.0,,,,,,,,0.0,0.0,,,,,,,,,,,,,,,,,,,,,,,,,,,,,,,,0.0,0.0,,,,,,,,,,,8331788.0,,,,,,,,,,,,,,,,,,,,,,
HUN,Hungary,1927,5.263,1.241,,0.0,,0.0,,,,,,,,,,,,,,,,,,24.831,2955.321,,,,,,,,,,,,,,,,,,,,,,,,,30146964000.0,,,,,,,,0.0,0.0,,,,,,,,,,,,,,,,,,,,,,,,,,,,,,,,0.0,0.0,,,,,,,,,,,8402298.0,,,,,,,,,,,,,,,,,,,,,,
HUN,Hungary,1928,3.585,0.89,,0.0,,0.0,,,,,,,,,,,,,,,,,,25.722,3035.593,,,,,,,,,,,,,,,,,,,,,,,,,32793480000.0,,,,,,,,0.0,0.0,,,,,,,,,,,,,,,,,,,,,,,,,,,,,,,,0.0,0.0,,,,,,,,,,,8473405.0,,,,,,,,,,,,,,,,,,,,,,
HUN,Hungary,1929,7.824,2.012,,0.0,,0.0,,,,,,,,,,,,,,,,,,27.734,3246.49,,,,,,,,,,,,,,,,,,,,,,,,,33877101000.0,,,,,,,,0.0,0.0,,,,,,,,,,,,,,,,,,,,,,,,,,,,,,,,0.0,0.0,,,,,,,,,,,8542839.0,,,,,,,,,,,,,,,,,,,,,,
HUN,Hungary,1930,-10.869,-3.015,,0.0,,0.0,,,,,,,,,,,,,,,,,,24.72,2870.861,,,,,,,,,,,,,,,,,,,,,,,,,33142968000.0,,,,,,,,0.0,0.0,,,,,,,,,,,,,,,,,,,,,,,,,,,,,,,,0.0,0.0,,,,,,,,,,,8610568.0,,,,,,,,,,,,,,,,,,,,,,
HUN,Hungary,1931,-1.562,-0.386,,0.0,,0.0,,,,,,,,,,,,,,,,,,24.334,2804.512,,,,,,,,,,,,,,,,,,,,,,,,,31533645000.0,,,,,,,,0.0,0.0,,,,,,,,,,,,,,,,,,,,,,,,,,,,,,,,0.0,0.0,,,,,,,,,,,8676563.0,,,,,,,,,,,,,,,,,,,,,,
HUN,Hungary,1932,-0.269,-0.065,,0.0,,0.0,,,,,,,,,,,,,,,,,,24.268,2776.421,,,,,,,,,,,,,,,,,,,,,,,,,30694790000.0,,,,,,,,0.0,0.0,,,,,,,,,,,,,,,,,,,,,,,,,,,,,,,,0.0,0.0,,,,,,,,,,,8740792.0,,,,,,,,,,,,,,,,,,,,,,
HUN,Hungary,1933,-2.134,-0.518,,0.0,,0.0,,,,,,,,,,,,,,,,,,23.75,2697.915,,,,,,,,,,,,,,,,,,,,,,,,,33480832000.0,,,,,,,,0.0,0.0,,,,,,,,,,,,,,,,,,,,,,,,,,,,,,,,0.0,0.0,,,,,,,,,,,8803224.0,,,,,,,,,,,,,,,,,,,,,,
HUN,Hungary,1934,3.328,0.79,,0.0,,0.0,,,,,,,,,,,,,,,,,,24.541,2767.935,,,,,,,,,,,,,,,,,,,,,,,,,33695982000.0,,,,,,,,0.0,0.0,,,,,,,,,,,,,,,,,,,,,,,,,,,,,,,,0.0,0.0,,,,,,,,,,,8866102.0,,,,,,,,,,,,,,,,,,,,,,
HUN,Hungary,1935,8.442,2.072,,0.0,,0.0,,,,,,,,,,,,,,,,,,26.612,2980.307,,,,,,,,,,,,,,,,,,,,,,,,,35391915000.0,,,,,,,,0.0,0.0,,,,,,,,,,,,,,,,,,,,,,,,,,,,,,,,0.0,0.0,,,,,,,,,,,8929428.0,,,,,,,,,,,,,,,,,,,,,,
HUN,Hungary,1936,5.012,1.334,,0.0,,0.0,,,,,,,,,,,,,,,,,,27.946,3107.475,,,,,,,,,,,,,,,,,,,,,,,,,37748958000.0,,,,,,,,0.0,0.0,,,,,,,,,,,,,,,,,,,,,,,,,,,,,,,,0.0,0.0,,,,,,,,,,,8993207.0,,,,,,,,,,,,,,,,,,,,,,
HUN,Hungary,1937,13.033,3.642,,0.0,,0.023,,,,,,,,,,,,,,,,,,31.588,3487.555,,,,,,,,,,,,,,,,,,,,,,,,,36910671000.0,,,,,,,,0.0,0.0,,,,,,,,,,,,,,,,,,,,,,,,,,,,,,,,0.023,2.568,,,,,,,,,,,9057442.0,,,,,,,,,,,,,,,,,,,,,,
HUN,Hungary,1938,4.518,1.427,,0.0,2050.0,0.477,,,,,,,,,,,,,,,,,,33.015,3619.261,,,,,,,,,,,,,,,,,,,,,,,,,38794744000.0,,,,,,,,0.0,0.0,,,,,,,,,,,,,,,,,,,,,,,,,,,,,,,,0.5,54.822,,,,,,,,,,,9122136.0,,,,,,,,,,,,,,,,,,,,,,
HUN,Hungary,1939,13.381,4.418,,0.0,234.884,1.175,,,,,,,,,,,,,,,,,,37.433,4079.881,,,,,,,,,,,,,,,,,,,,,,,,,41742948000.0,,,,,,,,0.0,0.0,,,,,,,,,,,,,,,,,,,,,,,,,,,,,,,,1.675,182.529,,,,,,,,,,,9175088.0,,,,,,,,,,,,,,,,,,,,,,
HUN,Hungary,1940,7.065,2.645,,0.0,76.389,1.279,,,,,,,,,,,,,,,,,,40.078,4348.632,,,,,,,,,,,,,,,,,,,,,,,,,38875382000.0,,,,,,,,0.0,0.0,,,,,,,,,,,,,,,,,,,,,,,,,,,,,,,,2.954,320.525,,,,,,,,,,,9216208.0,,,,,,,,,,,,,,,,,,,,,,
HUN,Hungary,1941,7.811,3.13,,0.0,66.142,1.954,,,,,,,,,,,,,,,,,,43.208,4673.479,,,,,,,,,,,,,,,,,,,,,,,,,39113984000.0,,,,,,,,0.0,0.0,,,,,,,,,,,,,,,,,,,,,,,,,,,,,,,,4.908,530.844,,,,,,,,,,,9245404.0,,,,,,,,,,,,,,,,,,,,,,
HUN,Hungary,1942,1.653,0.714,,0.0,57.82,2.838,,,,,,,,,,,,,,,,,,43.922,4741.907,,,,,,,,,,,,,,,,,,,,,,,,,41079312000.0,,,,,,,,0.0,0.0,,,,,,,,,,,,,,,,,,,,,,,,,,,,,,,,7.746,836.223,,,,,,,,,,,9262586.0,,,,,,,,,,,,,,,,,,,,,,
HUN,Hungary,1943,-2.158,-0.948,,0.0,25.976,2.012,,,,,,,,,,,,,,,,,,42.975,4637.047,,,,,,,,,,,,,,,,,,,,,,,,,,,,,,,,,0.0,0.0,,,,,,,,,,,,,,,,,,,,,,,,,,,,,,,,9.758,1052.863,,,,,,,,,,,9267660.0,,,,,,,,,,,,,,,,,,,,,,
HUN,Hungary,1944,-20.118,-8.646,,0.0,-0.715,-0.07,,,,,,,,,,,,,,,,,,34.329,3702.147,,,,,,,,,,,,,,,,,,,,,,,,,,,,,,,,,0.0,0.0,,,,,,,,,,,,,,,,,,,,,,,,,,,,,,,,9.688,1044.761,,,,,,,,,,,9272737.0,,,,,,,,,,,,,,,,,,,,,,
HUN,Hungary,1945,-55.105,-18.917,,0.0,-21.369,-2.07,,,,,,,,,,,,,,,,,,15.412,1661.182,,,,,,,,,,,,,,,,,,,,,,,,,,,,,,,,,0.0,0.0,,,,,,,,,,,,,,,,,,,,,,,,,,,,,,,,7.618,821.061,,,,,,,,,,,9277816.0,,,,,,,,,,,,,,,,,,,,,,
HUN,Hungary,1946,45.691,7.042,,1.04,4.58,0.349,,,,,,,,,,,,,,,,,,22.454,2418.87,,,,,,,,,,,,,,,,,,,,,,,,,24802206000.0,,,,,,,,1.04,112.083,,,,,,,,,,,,,,,,,,,,,,,,,,,,,,,,7.967,858.197,,,,,,,,,,,9282899.0,,,,,,,,,,,,,,,,,,,,,,
HUN,Hungary,1947,38.972,8.751,10.989,0.114,-16.788,-1.337,,,,,,,,,,,,,,,,,,31.205,3359.703,,,,,,,,,,,,,,,,,,,,,,,,,25675412000.0,,,,,,,,1.155,124.332,,,,,,,,,,,,,,,,,,,,,,,,,,,,,,,,6.629,713.729,,,,,,,,,,,9287984.0,,,,,,,,,,,,,,,,,,,,,,
HUN,Hungary,1948,20.351,6.351,216.832,2.504,-14.912,-0.989,,,,,,,,,,,,,,,,,,37.556,4041.238,,,,,,,,,,,,,,,,,,,,,,,,,32117106000.0,,,,,,,,3.659,393.707,,,,,,,,,,,,,,,,,,,,,,,,,,,,,,,,5.641,606.963,,,,,,,,,,,9293072.0,,,,,,,,,,,,,,,,,,,,,,
HUN,Hungary,1949,11.495,4.317,16.25,0.595,4.33,0.244,,,,,,,,,,,,,,,,,,41.873,4497.767,,,,,,,,,,,,,,,,,,,,,,,,,34706000000.0,,,,,,,,4.253,456.871,,,,,,,,,,,,,,,,,,,,,,,,,,,,,,,,5.885,632.119,,,,,,,,,,,9309622.0,,,,,,,,,,,,,,,,,,,,,,
HUN,Hungary,1950,11.686,4.893,2.419,0.103,1.186,0.07,,,,,,,,,,,,,,,,,,46.766,5008.283,,,,,,,,,,,,,,,,,,,,,,,,,36913114000.0,,,,,,,,4.356,466.516,,,,,,,,,,,,,,,,,,,,,,,,,,,,,,,,5.955,637.69,,,,,,,,,,,9337718.0,,,,,,,,,,,,,,,,,,,,,,
HUN,Hungary,1951,15.109,7.066,6.299,0.274,-2.539,-0.151,,,,,,,,,,,,,,,,,,53.832,5678.082,,,,,,,,,,,,,,,,,,,,,,,,,40481208000.0,,,,,,,,4.631,488.429,,,,,,,,,,,,,,,,,,,,,,,,,,,,,,,,5.803,612.131,,,,,,,,,,,9480607.0,,,,,,,,,,,,,,,,,,,,,,
HUN,Hungary,1952,21.03,11.321,23.457,1.086,19.84,1.151,,,,,,,,,,,,,,,,,,65.152,6788.165,,,,,,,,,,,,,,,,,,,,,,,,,41846112000.0,,,,,,,,5.717,595.627,,,,,,,,,,,,,,,,,,,,,,,,,,,,,,,,6.955,724.608,,,,,,,,,,,9597942.0,,,,,,,,,,,,,,,,,,,,,,
HUN,Hungary,1953,13.248,8.631,9.8,0.56,41.472,2.884,,,,,,,,,,,,,,,,,,73.784,7612.151,,,,,,,,,,,,,,,,,,,,,,,,,42611395000.0,,,,,,,,6.277,647.592,,,,,,,,,,,,,,,,,,,,,,,,,,,,,,,,9.839,1015.071,,,,,,,,,,,9692902.0,,,,,,,,,,,,,,,,,,,,,,
HUN,Hungary,1954,3.142,2.318,1.639,0.103,43.853,4.315,,,,,,,,,,,,,,,,,,76.102,7790.428,,,,,,,,,,,,,,,,,,,,,,,,,44094358000.0,,,,,,,,6.38,653.102,,,,,,,,,,,,,,,,,,,,,,,,,,,,,,,,14.154,1448.888,,,,,,,,,,,9768679.0,,,,,,,,,,,,,,,,,,,,,,
HUN,Hungary,1955,3.886,2.958,-2.33,-0.149,31.553,4.466,,,,,,,,,,,,,,,,,,79.06,8043.937,,,,,,,,,,,,,,,,,,,,,,,,,48083550000.0,,,,,,,,6.231,634.004,,,,,,,,,,,,,,,,,,,,,,,,,,,,,,,,18.62,1894.455,,,,,,,,,,,9828498.0,,,,,,,,,,,,,,,,,,,,,,
HUN,Hungary,1956,-7.905,-6.249,-17.064,-1.063,-24.922,-4.64,,,,,,,,,,,,,,,,,,72.811,7372.773,,,,,,,,,,,,,,,,,,,,,,,,,45907752000.0,,,,,,,,5.168,523.308,,,,,,,,,,,,,,,,,,,,,,,,,,,,,,,,13.979,1415.537,,,,,,,,,,,9875596.0,,,,,,,,,,,,,,,,,,,,,,
HUN,Hungary,1957,2.703,1.968,-9.071,-0.469,-43.844,-6.129,,,,,,,,,,,,,,,,,,74.779,7543.29,,,,,,,,,,,,,,,,,,,,,,,,,49696789000.0,,,,,,,,4.699,474.033,,,,,,,,,,,,,,,,,,,,,,,,,,,,,,,,7.85,791.895,,,,,,,,,,,9913251.0,,,,,,,,,,,,,,,,,,,,,,
HUN,Hungary,1958,14.37,10.745,-8.759,-0.412,22.963,1.803,,,,,,,,,,,,,,,,,,85.524,8599.949,,,,,,,,,,,,,,,,,,,,,,,,,53036694000.0,,,,,,,,4.288,431.144,,,,,,,,,,,,,,,,,,,,,,,,,,,,,,,,9.653,970.658,,,,,,,,,,,9944702.0,,,,,,,,,,,,,,,,,,,,,,
HUN,Hungary,1959,4.582,3.919,-10.933,-0.469,24.819,2.396,,,,,,,,,,,,,,,,,,89.442,8968.412,,,,,,,,,,,,,,,,,,,,,,,,,55180161000.0,,,,,,,,3.819,382.914,,,,,,,,,,,,,,,,,,,,,,,,,,,,,,,,12.049,1208.124,,,,,,,,,,,9973056.0,,,,,,,,,,,,,,,,,,,,,,
HUN,Hungary,1960,4.589,4.105,2.395,0.091,17.471,2.105,,,,,,,,,,,,,,,,,,93.547,9353.788,,,,,,,,,,,,,,,,,,,,,,,,,58064105792.0,,,,,,,,3.91,390.99,,,,,,,,,,,,,,,,,,,,,,,,,,,,,,,,14.154,1415.232,,,,,,,,,,,10000989.0,,,,,,,,,,,,,,,,,,,,,,
HUN,Hungary,1961,6.284,5.879,-5.263,-0.206,19.721,2.791,,,,,,,,,,,,,,,,,,99.426,9912.372,,,,,,,,,,,,,,,,,,,,,,,,,61006407000.0,,,,,,,,3.704,369.323,,,,,,,,,,,,,,,,,,,,,,,,,,,,,,,,16.945,1689.344,,,,,,,,,,,10030477.0,,,,,,,,,,,,,,,,,,,,,,
HUN,Hungary,1962,1.951,1.94,4.938,0.183,12.629,2.14,,,,,,,,,,,,,,,,,,101.366,10073.6,,,,,,,,,,,,,,,,,,,,,,,,,63547845000.0,,,,,,,,3.887,386.327,,,,,,,,,,,,,,,,,,,,,,,,,,,,,,,,19.085,1896.629,,,,,,,,,,,10062510.0,,,,,,,,,,,,,,,,,,,,,,
HUN,Hungary,1963,6.564,6.653,80.0,3.11,7.008,1.337,,,,,,,,,,,,,,,,,,108.019,10698.147,,,,,,,,,,,,,,,,,,,,,,,,,67044604000.0,,,,,,,,6.997,693.015,,,,,,,,,,,,,,,,,,,,,,,,,,,,,,,,20.422,2022.615,,,,,,,,,,,10096975.0,,,,,,,,,,,,,,,,,,,,,,
HUN,Hungary,1964,3.822,4.128,28.105,1.967,2.563,0.523,,,,,,,,,,,,,,,,,,112.147,11067.553,,,,,,,,,,,,,,,,,,,,,,,,,70807256000.0,,,,,,,,8.964,884.63,,,,,,,,,,,,,,,,,,,,,,,,,,,,,,,,20.946,2067.077,,,,,,,,,,,10132978.0,,,,,,,,,,,,,,,,,,,,,,
HUN,Hungary,1965,-0.084,-0.095,41.327,3.704,0.111,0.023,,,,,,,,,,,,,68.6,,126.883,,12476.487,112.053,11018.175,,,,,,0.075,0.0,,,0.0,0.075,0.0,0.0,,,2.592,18187.372,,99.887,,184.754,18166.901,,,71364973086.0,,,7.351,,13.597,,1337.023,12.668,1245.69,,,0.113,,0.208,7.375,20.486,,0.075,7.375,,0.113,,0.208,20.486,,,,,0.0,,0.0,0.0,0.0,,,23.936,,44.273,,4353.391,20.969,2061.88,,0.0,,0.0,,0.0,,,0.0,,10169802.0,184.962,7.375,,,0.113,,0.208,20.486,,,0.0,,0.0,0.0,0.0,,,0.0,,0.0,0.0,0.0
HUN,Hungary,1966,-3.305,-3.704,40.162,5.088,-5.435,-1.14,1.342,2.483,,,,,,,,,,-4.097,64.918,-5.199,121.685,,11920.269,108.349,10613.882,,,,,,0.1,0.0,,,0.0,0.1,0.0,0.0,,,2.485,18362.147,1.306,99.852,2.414,187.167,18334.951,,,75426858766.0,,23.968,8.993,3.259,16.856,,1651.243,17.756,1739.418,,33.333,0.148,0.069,0.278,9.796,27.211,,0.1,9.796,33.333,0.148,0.069,0.278,27.211,,,,,0.0,0.0,0.0,0.0,0.0,,9.832,25.942,4.353,48.626,,4763.439,19.829,1942.47,,0.0,,0.0,0.0,0.0,,,0.0,,10208225.0,187.445,9.796,,33.333,0.148,0.069,0.278,27.211,,,0.0,0.0,0.0,0.0,0.0,,,0.0,0.0,0.0,0.0,0.0
HUN,Hungary,1967,-26.217,-28.406,31.681,5.625,-1.114,-0.221,-4.571,-8.567,,,,,,,,,,-13.247,59.015,-16.119,105.566,,10300.384,79.943,7800.286,,,,,,0.082,0.0,,,0.0,0.082,0.0,0.0,,,2.243,17453.691,-4.551,99.873,-8.517,178.65,17431.48,,,79752915022.0,,28.349,12.095,4.779,21.635,,2110.976,23.382,2281.429,,-18.0,0.127,-0.05,0.228,8.001,22.225,,0.082,8.001,-18.0,0.127,-0.05,0.228,22.225,,,,,0.0,0.0,0.0,0.0,0.0,,5.806,28.762,2.823,51.45,,5020.121,19.608,1913.236,,0.0,,0.0,0.0,0.0,,,0.0,,10248705.0,178.878,8.001,,-18.0,0.127,-0.05,0.228,22.225,,,0.0,0.0,0.0,0.0,0.0,,,0.0,0.0,0.0,0.0,0.0
HUN,Hungary,1968,22.032,17.613,31.247,7.306,7.177,1.407,3.752,6.712,,,,,,,,,,-1.3,56.142,-1.372,104.193,,10125.908,97.556,9480.884,,,,,,0.089,0.0,,,0.0,0.089,0.0,0.0,,,2.299,18036.356,3.746,99.867,6.693,185.343,18012.344,,,80722757830.0,,25.858,14.672,5.594,27.229,,2646.223,30.688,2982.356,,8.537,0.133,0.019,0.247,8.649,24.026,,0.089,8.649,8.537,0.133,0.019,0.247,24.026,,,,,0.0,0.0,0.0,0.0,0.0,,4.802,29.054,2.471,53.921,,5240.214,21.015,2042.361,,0.0,,0.0,0.0,0.0,,,0.0,,10289769.0,185.59,8.649,,8.537,0.133,0.019,0.247,24.026,,,0.0,0.0,0.0,0.0,0.0,,,0.0,0.0,0.0,0.0,0.0
HUN,Hungary,1969,-2.628,-2.564,20.529,6.3,-2.933,-0.616,7.088,13.155,,,,,,,,,,1.496,53.21,1.558,105.752,,10237.978,94.993,9196.367,,,,,,0.095,0.0,,,0.0,0.095,0.0,0.0,,,2.391,19240.841,7.089,99.867,13.139,198.482,19215.309,,,83133406166.0,,19.05,16.31,5.187,32.416,,3138.244,36.988,3580.831,,6.742,0.133,0.017,0.264,9.197,25.547,,0.095,9.197,6.742,0.133,0.017,0.264,25.547,,,,,0.0,0.0,0.0,0.0,0.0,,11.857,30.347,6.393,60.314,,5839.087,20.399,1974.861,,0.0,,0.0,0.0,0.0,,,0.0,,10329352.0,198.745,9.197,,6.742,0.133,0.017,0.264,25.547,,,0.0,0.0,0.0,0.0,0.0,,,0.0,0.0,0.0,0.0,0.0
HUN,Hungary,1970,4.789,4.549,7.233,2.675,10.433,2.128,7.738,15.378,,,,,,,,,,1.628,50.192,1.721,107.473,,10367.73,99.541,9602.578,,,,,,0.088,0.0,,,0.0,0.088,0.0,0.0,,,2.584,20656.171,7.758,99.886,15.398,213.88,20632.606,,,82851087060.0,,12.145,16.978,3.937,36.353,,3506.915,39.663,3826.235,,-7.368,0.114,-0.019,0.244,8.489,23.581,,0.088,8.489,-7.368,0.114,-0.019,0.244,23.581,,,,,0.0,0.0,0.0,0.0,0.0,,16.148,32.716,9.74,70.054,,6757.961,22.527,2173.173,,0.0,,0.0,0.0,0.0,,,0.0,,10366099.0,214.124,8.489,,-7.368,0.114,-0.019,0.244,23.581,,,0.0,0.0,0.0,0.0,0.0,,,0.0,0.0,0.0,0.0,0.0
HUN,Hungary,1971,-1.638,-1.63,6.803,2.698,0.929,0.209,3.249,6.956,,,,,,,,,,-3.203,47.056,-3.442,104.03,,10004.693,97.911,9416.171,,,,,,0.096,0.0,,,0.0,0.096,0.0,0.0,,,2.555,21261.429,3.242,99.879,6.934,220.813,21235.801,,,86536291281.0,,4.133,17.123,1.503,37.856,,3640.598,42.361,4073.937,,9.091,0.121,0.022,0.267,9.232,25.646,,0.096,9.232,9.091,0.121,0.022,0.267,25.646,,,,,0.0,0.0,0.0,0.0,0.0,,12.667,35.701,8.874,78.927,,7590.509,22.737,2186.604,,0.0,,0.0,0.0,0.0,,,0.0,,10398163.0,221.08,9.232,,9.091,0.121,0.022,0.267,25.646,,,0.0,0.0,0.0,0.0,0.0,,,0.0,0.0,0.0,0.0,0.0
HUN,Hungary,1972,-5.821,-5.699,10.283,4.356,1.125,0.256,3.247,7.178,,,,,,,,,,-2.817,44.292,-2.931,101.1,,9696.801,92.212,8844.341,,,,,,0.11,0.0,,,0.0,0.11,0.0,0.0,,,2.582,21893.0,3.233,99.866,7.14,227.953,21863.711,,,88401743955.0,,7.936,17.901,3.004,40.86,,3918.996,46.718,4480.843,,14.583,0.134,0.039,0.306,10.55,29.307,,0.11,10.55,14.583,0.134,0.039,0.306,29.307,,,,,0.0,0.0,0.0,0.0,0.0,,8.953,37.674,7.066,85.993,,8247.914,22.993,2205.289,,0.0,,0.0,0.0,0.0,,,0.0,,10426085.0,228.258,10.55,,14.583,0.134,0.039,0.306,29.307,,,0.0,0.0,0.0,0.0,0.0,,,0.0,0.0,0.0,0.0,0.0
HUN,Hungary,1973,3.124,2.88,17.988,8.404,0.607,0.14,8.288,18.918,,,,,,,,,,0.518,41.114,0.523,101.623,,9721.286,95.092,9096.537,,,,,,0.101,0.0,,,0.0,0.101,0.0,0.0,,,2.658,23644.92,8.31,99.886,18.943,246.896,23618.101,,,92999777280.0,,18.748,19.63,7.661,48.52,,4641.464,55.121,5272.923,,-8.182,0.114,-0.025,0.281,9.662,26.838,,0.101,9.662,-8.182,0.114,-0.025,0.281,26.838,,,,,0.0,0.0,0.0,0.0,0.0,,12.511,39.143,10.759,96.752,,9255.35,23.132,2212.822,,0.0,,0.0,0.0,0.0,,,0.0,,10453660.0,247.176,9.662,,-8.182,0.114,-0.025,0.281,26.838,,,0.0,0.0,0.0,0.0,0.0,,,0.0,0.0,0.0,0.0,0.0
HUN,Hungary,1974,-3.898,-3.707,5.663,3.121,0.402,0.093,3.063,7.571,,,,,,,,,,-4.623,38.047,-4.699,96.924,,9243.06,91.386,8714.845,,,,,,0.081,0.0,,,0.0,0.081,0.0,0.0,,,2.67,24293.561,3.089,99.912,7.627,254.522,24272.123,,,95403759192.0,,6.503,20.285,3.155,51.676,,4927.961,58.243,5554.23,,-19.802,0.088,-0.056,0.225,7.724,21.457,,0.081,7.724,-19.802,0.088,-0.056,0.225,21.457,,,,,0.0,0.0,0.0,0.0,0.0,,9.478,41.579,9.17,105.922,,10101.102,23.225,2214.83,,0.0,,0.0,0.0,0.0,,,0.0,,10486191.0,254.747,7.724,,-19.802,0.088,-0.056,0.225,21.457,,,0.0,0.0,0.0,0.0,0.0,,,0.0,0.0,0.0,0.0,0.0
HUN,Hungary,1975,-3.492,-3.191,1.728,1.006,0.451,0.105,5.866,14.943,,,,,,,,,,-4.728,34.24,-4.582,92.342,,8772.132,88.194,8378.072,,,,,,0.163,0.0,,,0.0,0.163,0.0,0.0,,,2.767,25619.401,5.781,99.832,14.715,269.237,25576.409,,,97450930460.0,,11.084,21.285,5.728,57.403,,5453.074,59.249,5628.396,,101.235,0.168,0.228,0.453,15.484,43.012,,0.163,15.484,101.235,0.168,0.228,0.453,43.012,,,,,0.0,0.0,0.0,0.0,0.0,,12.811,44.307,13.57,119.491,,11351.203,23.33,2216.234,,0.0,,0.0,0.0,0.0,,,0.0,,10526777.0,269.69,15.484,,101.235,0.168,0.228,0.453,43.012,,,0.0,0.0,0.0,0.0,0.0,,,0.0,0.0,0.0,0.0,0.0
HUN,Hungary,1976,1.304,1.15,17.368,10.29,6.78,1.582,6.836,18.435,,,,,,,,,,1.322,32.473,1.221,93.563,,8845.144,89.345,8446.305,,,,,,0.165,0.0,,,0.0,0.165,0.0,0.0,,,2.948,27238.301,6.845,99.841,18.43,287.667,27194.993,,,97744557399.0,,20.076,23.923,11.524,68.927,,6516.136,69.539,6573.973,,1.227,0.159,0.006,0.458,15.598,43.329,,0.165,15.598,1.227,0.159,0.006,0.458,43.329,,,,,0.0,0.0,0.0,0.0,0.0,,4.757,43.445,5.685,125.176,,11833.713,24.911,2355.04,,0.0,,0.0,0.0,0.0,,,0.0,,10577942.0,288.125,15.598,,1.227,0.159,0.006,0.458,43.329,,,0.0,0.0,0.0,0.0,0.0,,,0.0,0.0,0.0,0.0,0.0
HUN,Hungary,1977,0.737,0.659,8.698,6.048,2.288,0.57,5.146,14.828,,,,,,,,,,1.715,31.414,1.605,95.168,,8947.282,90.003,8461.693,,,,,,0.149,0.0,,,0.0,0.149,0.0,0.0,,,2.917,28482.212,5.17,99.863,14.872,302.539,28443.323,,,103871974815.0,,7.765,24.519,5.353,74.28,,6983.438,75.587,7106.379,,-9.697,0.137,-0.044,0.414,14.008,38.912,,0.149,14.008,-9.697,0.137,-0.044,0.414,38.912,,,,,0.0,0.0,0.0,0.0,0.0,,6.323,43.931,7.915,133.091,,12512.602,25.481,2395.637,,0.0,,0.0,0.0,0.0,,,0.0,,10636567.0,302.953,14.008,,-9.697,0.137,-0.044,0.414,38.912,,,0.0,0.0,0.0,0.0,0.0,,,0.0,0.0,0.0,0.0,0.0
HUN,Hungary,1978,0.854,0.769,11.118,8.404,0.411,0.105,6.952,21.06,,,,,,,,,,-0.098,29.343,-0.093,95.075,,8891.089,90.772,8488.669,,,,,,0.138,0.0,,,0.0,0.138,0.0,0.0,,,3.046,30300.48,6.971,99.882,21.091,323.63,30264.656,,,106380781100.0,,9.507,25.104,7.062,81.341,,7606.736,83.991,7854.54,,-7.383,0.118,-0.031,0.383,12.905,35.848,,0.138,12.905,-7.383,0.118,-0.031,0.383,35.848,,,,,0.0,0.0,0.0,0.0,0.0,,10.611,45.434,14.122,147.213,,13766.831,25.586,2392.709,,0.0,,0.0,0.0,0.0,,,0.0,,10693327.0,324.013,12.905,,-7.383,0.118,-0.031,0.383,35.848,,,0.0,0.0,0.0,0.0,0.0,,,0.0,0.0,0.0,0.0,0.0
HUN,Hungary,1979,0.023,0.021,-11.231,-9.433,-7.864,-2.012,-0.978,-3.167,,,,,,,,,,0.771,29.861,0.733,95.808,,8924.412,90.793,8457.284,,,,,,0.146,0.0,,,0.0,0.146,0.0,0.0,,,3.01,29886.412,-0.986,99.874,-3.19,320.44,29848.659,,,106597203576.0,,5.632,26.78,4.581,85.922,,8003.57,74.558,6945.038,,5.797,0.126,0.022,0.406,13.6,37.777,,0.146,13.6,5.797,0.126,0.022,0.406,37.777,,,,,0.0,0.0,0.0,0.0,0.0,,-5.776,43.233,-8.503,138.71,,12920.677,23.574,2195.895,,0.0,,0.0,0.0,0.0,,,0.0,,10735499.0,320.846,13.6,,5.797,0.126,0.022,0.406,37.777,,,0.0,0.0,0.0,0.0,0.0,,,0.0,0.0,0.0,0.0,0.0
HUN,Hungary,1980,-42.764,-38.826,-11.639,-8.678,48.101,11.339,0.303,0.973,,,,,,,,,,-1.942,29.193,-1.861,93.947,,8735.793,51.967,4832.182,,,,,,0.112,0.0,,,0.0,0.112,0.0,0.0,,,2.989,29924.694,0.333,99.903,1.068,321.508,29895.789,,,107668198344.0,,7.911,28.811,6.798,92.72,,8621.662,65.881,6125.997,,-23.288,0.097,-0.094,0.311,10.414,28.929,,0.112,10.414,-23.288,0.097,-0.094,0.311,28.929,,,,,0.0,0.0,0.0,0.0,0.0,,-2.789,41.9,-3.869,134.841,,12538.333,34.913,3246.467,,0.0,,0.0,0.0,0.0,,,0.0,,10754286.0,321.819,10.414,,-23.288,0.097,-0.094,0.311,28.929,,,0.0,0.0,0.0,0.0,0.0,,,0.0,0.0,0.0,0.0,0.0
HUN,Hungary,1981,60.694,31.541,-3.226,-2.125,-0.267,-0.093,-1.015,-3.268,,,,,,,,,,0.483,29.634,0.454,94.401,,8784.337,83.507,7770.67,,,,,,0.168,0.0,,,0.0,0.168,0.0,0.0,,,2.938,29642.325,-1.065,99.854,-3.423,318.085,29598.923,,,108436037304.0,,2.288,29.773,2.121,94.841,,8825.308,63.756,5932.685,,50.0,0.146,0.156,0.467,15.633,43.425,,0.168,15.633,50.0,0.146,0.156,0.467,43.425,,,,,0.0,0.0,0.0,0.0,0.0,,-4.448,40.446,-5.998,128.843,,11989.278,34.82,3240.145,,0.0,,0.0,0.0,0.0,,,0.0,,10746489.0,318.551,15.633,,50.0,0.146,0.156,0.467,43.425,,,0.0,0.0,0.0,0.0,0.0,,,0.0,0.0,0.0,0.0,0.0
HUN,Hungary,1982,0.233,0.194,9.195,5.863,7.107,2.475,0.444,1.414,,,,,,,,,,4.263,30.761,4.024,98.425,,9184.965,83.702,7811.02,,,,,,0.159,0.0,,,0.0,0.159,0.0,0.0,,,2.848,29859.043,0.452,99.862,1.439,319.524,29817.851,,,112333178755.0,,4.437,30.956,4.208,99.049,,9243.202,69.618,6496.733,,-5.357,0.138,-0.025,0.442,14.838,41.216,,0.159,14.838,-5.357,0.138,-0.025,0.442,41.216,,,,,0.0,0.0,0.0,0.0,0.0,,-5.272,38.145,-6.792,122.05,,11389.684,37.295,3480.347,,0.0,,0.0,0.0,0.0,,,0.0,,10715857.0,319.965,14.838,,-5.357,0.138,-0.025,0.442,41.216,,,0.0,0.0,0.0,0.0,0.0,,,0.0,0.0,0.0,0.0,0.0
HUN,Hungary,1983,-4.073,-3.409,-3.685,-2.566,-1.794,-0.669,-1.769,-5.661,,,,,,,,,,-5.991,29.439,-5.896,92.528,,8672.471,80.293,7525.651,,,,,,0.155,2.473,,,0.0,0.155,0.0,0.0,,,2.827,29459.049,-3.918,97.677,-12.519,307.005,28774.859,,,111181104663.0,,-0.306,31.417,-0.303,98.746,,9255.221,67.052,6284.658,,-2.516,0.137,-0.011,0.431,14.528,40.355,,2.628,246.316,1552.83,2.323,6.858,7.3,684.213,,,,,2.186,6.869,6.869,231.789,643.858,,-5.178,36.821,-6.32,115.731,,10847.168,36.626,3432.857,,0.0,,0.0,0.0,0.0,,,0.0,,10669203.0,314.305,14.528,,-2.516,0.137,-0.011,0.431,40.355,,,0.0,0.0,0.0,0.0,0.0,,,0.0,0.0,0.0,0.0,0.0
HUN,Hungary,1984,-2.316,-1.86,4.385,2.94,1.553,0.569,2.69,8.455,,,,,,,,,,-2.69,27.897,-2.489,90.039,,8480.9,78.433,7387.652,,,,,,0.181,3.766,,,0.0,0.181,0.0,0.0,,,2.829,30401.026,1.561,96.603,4.791,311.796,29368.352,,,114105944120.0,,1.843,31.158,1.82,100.566,,9472.358,69.992,6592.639,,16.774,0.156,0.072,0.503,17.049,47.357,,3.947,371.771,50.19,3.397,3.664,10.964,1032.699,,,,52.285,3.241,3.592,10.461,354.723,985.342,,4.718,37.548,5.46,121.191,,11415.093,37.195,3503.412,,0.0,,0.0,0.0,0.0,,,0.0,,10616742.0,322.76,17.049,,16.774,0.156,0.072,0.503,47.357,,,0.0,0.0,0.0,0.0,0.0,,,0.0,0.0,0.0,0.0,0.0
HUN,Hungary,1985,-2.79,-2.188,7.763,5.434,-1.875,-0.697,3.162,10.206,,,,,,,,,,-1.782,26.56,-1.605,88.435,,8369.478,76.245,7215.833,,,,,,0.155,6.48,,,0.0,0.155,0.0,0.0,26.794,,2.992,31512.04,0.879,94.465,2.74,314.536,29767.79,,,111300348276.0,,2.09,30.834,2.102,102.668,,9716.493,75.426,7138.342,0.578,-14.365,0.129,-0.072,0.431,14.669,40.748,24.763,6.635,627.939,68.102,5.535,7.467,18.431,1744.275,,,24.185,72.066,5.406,7.539,18.0,613.269,1703.527,,1.851,37.071,2.243,123.434,,11681.82,36.497,3454.133,,0.0,,0.0,0.0,0.0,,0.0,0.0,2535.793,10566321.0,332.966,14.669,0.578,-14.365,0.129,-0.072,0.431,40.748,0.0,,0.0,0.0,0.0,0.0,0.0,0.0,,0.0,0.0,0.0,0.0,0.0
HUN,Hungary,1986,-5.395,-4.113,-4.545,-3.428,0.0,0.0,-0.484,-1.613,,,,,,,,,,-1.17,26.377,-1.035,87.399,,8308.495,72.132,6857.08,,,,,,0.154,7.424,,,0.0,0.154,0.0,0.0,28.044,,2.919,31499.572,-1.346,93.647,-4.232,310.304,29498.511,,,113513151714.0,,6.073,32.866,6.235,108.902,,10352.626,71.998,6844.333,0.549,-0.645,0.129,-0.003,0.428,14.64,40.666,27.022,7.578,720.39,14.213,6.353,2.619,21.05,2001.086,,,26.473,14.568,6.224,2.622,20.622,705.751,1960.42,,-7.641,34.405,-9.432,114.002,,10837.39,36.497,3469.574,,0.0,,0.0,0.0,0.0,,0.0,0.0,2665.958,10519296.0,331.353,14.64,0.549,-0.645,0.129,-0.003,0.428,40.666,0.0,,0.0,0.0,0.0,0.0,0.0,0.0,,0.0,0.0,0.0,0.0,0.0
HUN,Hungary,1987,-0.726,-0.524,-1.587,-1.143,-7.527,-2.747,4.41,14.614,,,,,,,,,,-0.053,25.249,-0.047,87.353,,8339.552,71.608,6836.353,,,,,,0.169,10.986,,,0.0,0.169,0.0,0.0,29.749,,3.001,33029.329,1.507,91.044,4.678,314.981,30071.123,,,115264969140.0,,-0.722,31.25,-0.786,108.116,,10321.818,70.855,6764.47,0.568,9.74,0.136,0.042,0.469,16.134,44.818,37.497,11.155,1064.963,47.202,8.956,9.936,30.986,2958.232,,,36.929,47.98,8.821,9.894,30.517,1048.828,2913.415,,4.833,34.544,5.51,119.512,,11409.753,33.75,3222.124,,0.0,,0.0,0.0,0.0,,0.0,0.0,2840.124,10474544.0,345.967,16.134,0.568,9.74,0.136,0.042,0.469,44.818,0.0,,0.0,0.0,0.0,0.0,0.0,0.0,,0.0,0.0,0.0,0.0,0.0
HUN,Hungary,1988,-7.842,-5.616,-10.796,-7.649,9.613,3.245,-2.354,-8.144,,,,,,,,,,-5.645,24.398,-4.931,82.422,,7898.948,65.992,6324.373,,,,,,0.169,13.445,,,0.0,0.169,0.0,0.0,29.233,,2.887,32375.445,-4.754,88.806,-14.975,300.006,28751.286,,,117029097500.0,,-1.09,31.655,-1.178,106.938,,10248.496,63.206,6057.34,0.578,0.0,0.139,0.0,0.469,16.196,44.99,46.571,13.614,1304.705,22.044,11.194,6.831,37.817,3624.185,,,45.993,22.383,11.055,6.831,37.347,1288.509,3579.195,,-7.418,32.753,-8.866,110.646,,10603.842,36.995,3545.418,,0.0,,0.0,0.0,0.0,,0.0,0.0,2801.561,10434539.0,337.823,16.196,0.578,0.0,0.139,0.0,0.469,44.99,0.0,,0.0,0.0,0.0,0.0,0.0,0.0,,0.0,0.0,0.0,0.0,0.0
HUN,Hungary,1989,-4.36,-2.877,-3.565,-2.253,-15.853,-5.865,-2.598,-8.776,,,,,,,,,,-10.428,22.437,-8.595,73.827,,7097.677,63.115,6067.808,,,,,,0.158,13.891,,,0.0,0.158,0.0,0.0,29.596,,2.876,31634.229,-3.328,88.14,-9.984,290.022,27882.43,,,114408742877.0,,1.879,33.11,2.01,108.948,,10474.152,60.952,5859.904,0.534,-6.509,0.133,-0.031,0.439,15.19,42.194,47.469,14.049,1350.656,3.195,11.86,1.208,39.025,3751.825,,,46.935,3.317,11.727,1.239,38.586,1335.466,3709.63,,-3.072,32.593,-3.399,107.247,,10310.6,31.13,2992.789,,0.0,,0.0,0.0,0.0,,0.0,0.0,2845.328,10401614.0,329.047,15.19,0.534,-6.509,0.133,-0.031,0.439,42.194,0.0,,0.0,0.0,0.0,0.0,0.0,0.0,,0.0,0.0,0.0,0.0,0.0
HUN,Hungary,1990,-9.539,-6.021,-19.295,-11.761,8.597,2.676,-2.052,-6.751,0.07,1.927,,,,,,,30.063,-3.004,22.218,-2.218,71.609,823.927,6900.677,57.094,5501.933,39.59,0.02,8.55,14.51,4.47,0.18,13.73,1.49,0.0,0.02,0.2,0.0,0.0,28.44,,3.018,31058.259,-2.21,87.998,-6.41,283.613,27330.534,1398.266,51.02,106788855888.0,15.717,-4.855,32.163,-5.289,103.659,430.755,9989.171,49.192,4740.388,0.633,12.658,0.153,0.056,0.494,17.346,47.648,48.98,13.93,1342.374,-0.876,12.002,-0.342,38.683,3727.75,28.164,11.15,48.277,-1.152,11.834,-0.444,38.142,1323.101,3675.552,5.239,1.023,33.616,1.098,108.344,143.585,10440.686,33.806,3257.745,0.0,1.927,,0.015,0.047,0.047,0.0,0.07,4.551,2740.641,10377135.0,322.296,19.273,0.703,23.418,0.168,0.103,0.542,52.198,0.0,,0.0,0.0,0.0,0.0,0.0,0.0,,0.0,0.0,0.0,0.0,0.0
HUN,Hungary,1991,-3.366,-1.922,1.276,0.628,-14.653,-4.954,-6.634,-21.382,0.067,1.93,,,,,,,26.836,-6.879,22.16,-4.926,66.683,775.833,6434.73,55.172,5323.944,37.31,0.02,8.04,16.02,5.03,0.19,13.73,2.95,0.0,0.02,0.21,0.0,0.0,29.96,,3.135,29037.18,-7.557,87.128,-21.432,262.181,25299.562,1545.877,53.471,95995723786.0,16.789,-0.839,34.159,-0.869,102.789,485.378,9918.849,49.819,4807.404,0.634,8.989,0.179,0.044,0.539,18.334,52.001,46.529,13.94,1345.164,0.129,12.872,0.05,38.733,3737.641,19.7,7.35,45.828,-0.036,12.671,-0.014,38.128,1324.9,3679.207,9.846,-14.432,30.809,-15.637,92.708,284.665,8945.984,28.853,2784.175,0.0,1.93,41.176,0.022,0.019,0.067,0.0,0.067,6.433,2891.041,10363050.0,300.914,20.264,0.701,11.795,0.201,0.064,0.606,58.434,0.0,,0.0,0.0,0.0,0.0,0.0,0.0,,0.0,0.0,0.0,0.0,0.0
HUN,Hungary,1992,-9.06,-4.999,-0.322,-0.16,-2.051,-0.592,-4.08,-12.277,0.158,4.827,,,,,,,28.756,-9.82,20.834,-6.548,60.135,879.461,5805.311,50.174,4843.664,35.15,0.05,9.11,17.51,4.2,0.16,13.96,4.2,0.0,0.05,0.21,0.0,0.0,31.68,,3.041,27864.367,-4.92,86.365,-12.9,249.281,24065.082,1690.379,55.271,94900820185.0,13.258,-12.092,31.306,-12.429,90.36,405.459,8723.175,49.659,4793.994,0.505,-18.557,0.152,-0.1,0.439,15.446,42.369,44.729,14.17,1367.943,1.606,13.635,0.622,39.356,3799.307,9.872,3.47,44.066,1.734,13.439,0.661,38.789,1347.67,3744.602,13.258,6.556,34.225,6.078,98.786,405.459,9536.596,28.261,2728.23,0.0,4.827,91.667,0.044,0.061,0.128,0.0,0.158,12.335,3058.322,10358622.0,288.636,20.273,0.663,-6.422,0.196,-0.039,0.567,54.705,0.0,,0.0,0.0,0.0,0.0,0.0,0.0,,0.0,0.0,0.0,0.0,0.0
HUN,Hungary,1993,-13.851,-6.949,1.18,0.586,-1.229,-0.347,-2.871,-8.287,0.122,3.861,,,,,,,27.408,-9.92,19.322,-5.965,54.17,870.736,5229.212,43.224,4172.604,35.38,0.04,9.02,18.9,4.08,0.17,13.8,5.8,0.0,0.04,0.21,0.0,0.0,32.91,,2.913,27063.248,-3.138,86.127,-7.823,241.458,23308.901,1824.491,57.429,96248039822.0,12.397,7.612,34.684,6.878,97.238,393.858,9386.752,50.245,4850.37,0.517,5.063,0.164,0.022,0.461,16.411,44.513,42.571,14.01,1352.44,-1.179,13.873,-0.464,38.892,3754.368,6.981,2.47,41.933,-1.203,13.669,-0.467,38.322,1332.168,3699.398,17.624,-8.843,32.121,-8.735,90.051,559.897,8692.937,27.913,2694.587,0.0,3.861,-15.217,0.039,-0.019,0.108,0.0,0.122,10.458,3176.932,10359052.0,280.35,20.272,0.638,0.49,0.203,0.003,0.569,54.971,0.0,,0.0,0.0,0.0,0.0,0.0,0.0,,0.0,0.0,0.0,0.0,0.0
HUN,Hungary,1994,-4.653,-2.011,-3.388,-1.702,10.389,2.9,0.826,2.315,0.149,4.827,,,,,,,26.044,-5.137,18.18,-2.783,51.387,842.86,4961.299,41.213,3979.006,35.55,0.05,8.73,19.26,4.83,0.16,14.05,5.7,0.0,0.05,0.21,0.0,0.0,33.52,,2.797,27290.571,0.666,85.991,1.609,243.067,23467.573,1859.507,57.458,101057018289.0,14.409,0.986,34.739,0.958,98.196,466.325,9480.606,48.543,4686.702,0.477,-3.012,0.158,-0.014,0.447,15.448,43.178,42.542,14.26,1376.769,1.814,14.009,0.706,39.597,3823.02,5.71,2.03,41.915,1.834,13.806,0.703,39.025,1356.494,3767.773,17.005,3.813,33.072,3.434,93.484,550.321,9025.669,30.813,2974.941,0.0,4.827,15.385,0.044,0.017,0.125,0.0,0.149,12.068,3236.275,10357586.0,282.664,20.275,0.626,0.488,0.202,0.003,0.572,55.247,0.0,,0.0,0.0,0.0,0.0,0.0,0.0,,0.0,0.0,0.0,0.0,0.0
HUN,Hungary,1995,1.735,0.715,0.931,0.452,-7.24,-2.231,1.136,3.212,0.176,5.797,,,,,,,26.69,-1.635,17.681,-0.84,50.547,877.353,4884.074,41.928,4051.264,36.43,0.06,9.08,19.77,5.21,0.16,14.03,5.48,0.0,0.06,0.22,0.0,0.0,34.02,,2.731,27622.788,1.333,86.159,3.24,246.307,23799.416,1910.273,58.113,104661047902.0,15.315,8.664,37.325,8.508,106.704,503.415,10310.252,48.995,4734.098,0.47,1.242,0.158,0.006,0.453,15.46,43.75,41.887,14.25,1376.904,-0.07,13.841,-0.028,39.569,3823.393,6.615,2.41,41.24,-0.164,13.629,-0.064,38.961,1355.646,3764.613,16.108,-4.736,31.152,-4.427,89.057,529.504,8605.09,28.582,2761.771,0.0,5.797,24.444,0.054,0.031,0.156,0.0,0.176,15.031,3287.176,10349308.0,285.877,21.257,0.647,6.311,0.213,0.036,0.608,58.78,0.0,,0.0,0.0,0.0,0.0,0.0,0.0,,0.0,0.0,0.0,0.0,0.0
HUN,Hungary,1996,6.81,2.855,-4.956,-2.428,-7.652,-2.187,1.893,5.411,0.142,4.839,,,,,,,27.387,-1.247,17.137,-0.63,49.917,930.079,4831.063,44.783,4334.197,37.29,0.05,9.61,20.65,6.37,0.21,14.18,4.67,0.0,0.05,0.26,0.0,0.0,35.09,,2.728,28191.564,1.98,86.233,4.878,251.185,24310.338,1998.558,58.849,106794259210.0,18.153,11.581,40.874,12.358,119.062,616.504,11523.09,46.567,4506.831,0.598,26.994,0.197,0.122,0.575,20.324,55.65,41.151,14.44,1397.539,1.348,13.767,0.533,40.103,3881.248,5.9,2.2,40.41,1.098,13.522,0.428,39.389,1372.375,3812.157,13.309,-7.692,28.222,-6.85,82.207,451.974,7956.185,26.395,2554.604,0.0,4.839,-10.714,0.048,-0.017,0.139,0.0,0.142,13.442,3396.096,10332451.0,291.288,25.163,0.741,17.352,0.245,0.106,0.714,69.092,0.0,,0.0,0.0,0.0,0.0,0.0,0.0,,0.0,0.0,0.0,0.0,0.0
HUN,Hungary,1997,4.441,1.989,-6.697,-3.119,16.416,4.333,-2.425,-7.064,0.141,4.85,,,,,,,26.525,-4.477,16.776,-2.235,47.682,910.901,4625.489,46.772,4537.192,37.55,0.05,9.39,21.16,5.74,0.22,13.97,6.03,0.0,0.05,0.27,0.0,0.0,35.4,,2.525,27571.863,-2.591,86.086,-6.508,244.677,23735.504,2052.679,59.774,112578943503.0,16.215,-5.164,39.727,-6.148,112.914,556.823,10953.505,43.448,4214.792,0.621,4.348,0.211,0.025,0.6,21.342,58.205,40.226,14.24,1381.387,-1.385,13.914,-0.556,39.547,3836.381,5.726,2.15,39.463,-1.495,13.651,-0.589,38.8,1355.195,3763.895,17.034,2.28,29.583,1.874,84.081,584.955,8156.509,30.728,2980.886,0.0,4.85,6.0,0.052,0.008,0.147,0.0,0.141,14.282,3434.066,10308479.0,284.224,26.192,0.763,4.669,0.263,0.033,0.747,72.486,0.0,,0.0,0.0,0.0,0.0,0.0,0.0,,0.0,0.0,0.0,0.0,0.0
HUN,Hungary,1998,-8.599,-4.022,-11.723,-5.094,-18.939,-5.82,1.517,4.311,0.161,5.837,,,,,,,25.699,-2.957,16.037,-1.41,46.272,929.996,4501.317,42.75,4158.696,37.94,0.06,9.56,23.03,7.32,0.16,13.95,6.15,0.0,0.06,0.22,0.0,0.0,37.2,,2.41,28068.702,1.845,86.364,4.514,249.191,24241.295,2240.357,61.909,119714944354.0,19.677,0.695,39.405,0.784,113.698,712.089,11060.578,38.355,3731.127,0.43,-28.241,0.149,-0.169,0.431,15.565,41.884,38.091,14.17,1378.457,-0.513,13.636,-0.203,39.344,3827.429,1.95,0.74,37.5,-0.136,13.429,-0.053,38.747,1357.055,3769.331,16.532,6.113,30.922,5.14,89.221,598.272,8679.401,24.909,2423.135,0.0,5.837,13.208,0.058,0.019,0.167,0.0,0.161,16.213,3618.814,10279610.0,288.535,21.402,0.591,-20.074,0.207,-0.15,0.597,58.098,0.0,,0.0,0.0,0.0,0.0,0.0,0.0,,0.0,0.0,0.0,0.0,0.0
HUN,Hungary,1999,-7.563,-3.233,-11.543,-4.427,-5.955,-1.483,-0.274,-0.791,0.159,5.854,,,,,,,26.91,4.104,16.741,1.899,48.171,993.228,4699.853,39.517,3855.499,38.89,0.06,10.18,23.49,7.82,0.18,14.1,5.49,0.0,0.06,0.24,0.0,0.0,37.83,,2.282,28074.221,-0.516,86.155,-1.286,247.905,24187.294,2291.84,62.094,126067184953.0,20.671,1.317,40.034,1.498,115.196,762.971,11239.277,33.927,3310.18,0.476,16.774,0.175,0.072,0.503,17.562,49.054,37.906,14.34,1399.105,1.257,13.845,0.494,39.839,3886.949,2.726,1.06,37.272,1.054,13.608,0.408,39.156,1375.689,3820.278,14.512,-5.248,29.38,-4.682,84.539,535.641,8248.164,23.426,2285.559,0.0,5.854,8.333,0.063,0.014,0.181,0.0,0.159,17.616,3690.945,10249407.0,287.744,23.416,0.634,14.419,0.237,0.086,0.683,66.671,0.0,,0.0,0.0,0.0,0.0,0.0,0.0,,0.0,0.0,0.0,0.0,0.0
HUN,Hungary,2000,-2.415,-0.954,-5.599,-1.9,6.607,1.548,-2.933,-8.439,0.171,5.871,,,,,,411.481,27.252,-6.597,16.109,-3.178,44.993,938.309,4402.237,38.562,3773.023,38.63,0.06,9.59,20.77,6.6,0.18,14.18,4.58,0.0,0.06,0.24,0.0,0.0,35.19,14.48,2.084,27327.862,-3.495,85.656,-8.664,239.241,23407.93,2032.188,59.022,134035359475.0,18.755,-2.507,40.21,-2.888,112.308,645.76,10988.508,32.028,3133.684,0.512,-1.657,0.177,-0.008,0.494,17.612,48.378,40.978,14.42,1410.889,0.565,14.344,0.225,40.064,3919.954,8.905,3.44,40.296,0.596,14.102,0.233,39.389,1387.406,3853.91,13.015,-3.074,29.337,-2.599,81.94,448.119,8017.185,24.973,2443.454,0.0,5.871,0.0,0.065,0.0,0.181,0.0,0.171,17.666,3443.077,10220509.0,279.305,23.482,0.682,-1.22,0.242,-0.008,0.675,66.044,0.0,,0.0,0.0,0.0,0.0,0.0,0.0,,0.0,0.0,0.0,0.0,0.0
HUN,Hungary,2001,-8.885,-3.426,0.009,0.003,-1.708,-0.426,2.435,6.801,0.192,6.867,,,,,,406.645,24.272,-4.986,14.942,-2.243,42.75,867.223,4193.83,35.136,3446.925,39.59,0.07,8.84,22.03,8.86,0.19,14.13,4.33,0.0,0.07,0.26,0.0,0.0,36.42,14.81,2.016,28067.627,2.998,86.126,7.172,246.413,24173.642,2161.192,60.489,141920336273.0,24.327,10.913,43.538,12.257,124.565,869.186,12220.083,32.031,3142.282,0.522,3.816,0.179,0.019,0.513,18.639,50.357,39.511,14.39,1411.691,-0.925,13.874,-0.371,39.693,3894.008,8.007,3.17,38.797,-1.028,13.626,-0.405,38.984,1386.184,3824.428,11.889,-3.468,27.647,-2.841,79.098,424.783,7759.728,24.547,2408.102,0.0,6.867,6.993,0.068,0.013,0.193,0.0,0.192,18.952,3572.882,10193451.0,286.106,25.507,0.714,5.075,0.248,0.034,0.709,69.58,0.0,,0.0,0.0,0.0,0.0,0.0,0.0,,0.001,0.003,0.003,0.0,0.271
HUN,Hungary,2002,-2.036,-0.715,-4.873,-1.561,-20.845,-5.117,-1.079,-3.087,0.111,3.934,,,,,,397.787,24.841,-3.515,14.574,-1.503,41.247,883.225,4056.826,34.421,3385.439,40.41,0.04,8.98,21.97,10.74,0.19,13.95,2.25,0.0,0.04,0.23,0.0,0.0,36.15,14.38,1.87,27836.19,-0.934,86.252,-2.302,244.111,24009.419,2160.852,60.775,151325419926.0,29.71,0.933,44.423,1.162,125.727,1056.329,12365.814,30.47,2996.842,0.526,3.628,0.188,0.019,0.532,18.687,52.318,39.225,14.18,1394.669,-1.978,13.748,-0.785,38.908,3826.793,10.542,4.26,38.589,-1.862,13.518,-0.726,38.258,1372.048,3762.878,6.224,-2.48,27.255,-1.961,77.137,221.298,7586.779,19.43,1911.028,0.0,3.934,-40.387,0.041,-0.078,0.115,0.0,0.111,11.327,3555.521,10167286.0,283.019,22.622,0.636,-8.377,0.23,-0.059,0.65,63.915,0.0,,0.0,0.0,0.0,0.0,0.0,0.0,-0.704,0.001,-0.0,0.003,0.0,0.27
HUN,Hungary,2003,3.267,1.124,-2.981,-0.908,1.795,0.349,0.218,0.617,0.469,15.777,,,,,,431.585,26.868,2.336,14.882,0.964,42.21,904.22,4162.222,35.545,3504.975,41.07,0.16,9.17,22.79,11.88,0.17,11.01,1.74,0.0,0.16,0.33,0.0,0.0,34.13,14.73,1.769,27968.274,3.526,89.099,8.607,252.717,24919.511,2247.237,66.774,160317180165.0,34.808,9.949,48.737,12.508,138.235,1171.443,13630.824,29.562,2914.951,0.498,-12.421,0.164,-0.066,0.466,16.763,45.937,33.226,11.34,1118.195,-20.534,10.901,-7.989,30.919,3048.785,16.898,6.94,32.259,-21.577,10.578,-8.255,30.003,1085.655,2958.523,5.098,-6.307,25.481,-4.865,72.272,171.575,7126.465,19.779,1950.305,0.0,15.777,280.876,0.155,0.323,0.439,0.0,0.469,43.251,3365.433,10141341.0,283.636,32.54,0.967,40.862,0.323,0.266,0.915,90.262,0.0,,0.0,0.0,0.0,0.0,0.0,0.0,297.163,0.004,0.008,0.011,0.0,1.074
HUN,Hungary,2004,-23.848,-8.477,3.492,1.032,9.314,1.842,1.48,4.198,2.166,72.174,,,,,,398.398,24.266,-5.18,13.905,-2.187,40.024,808.741,3957.084,27.068,2676.192,41.18,0.73,8.18,20.86,11.72,0.2,11.91,0.96,0.0,0.73,0.94,0.0,0.01,33.71,13.43,1.676,28457.549,0.13,87.914,0.329,253.046,25018.17,2062.39,61.881,171776476578.0,34.767,-1.462,47.324,-2.021,136.213,1158.735,13467.171,30.594,3024.763,0.593,19.119,0.193,0.089,0.555,19.774,54.866,38.119,12.85,1270.456,12.513,12.086,3.869,34.788,3439.403,18.14,7.47,35.331,7.501,11.206,2.251,32.254,1177.52,3188.894,2.848,6.277,26.685,4.537,76.808,94.913,7593.915,21.621,2137.628,0.0,72.174,347.442,0.682,1.524,1.963,0.0,2.166,194.037,3332.845,10114481.0,287.833,92.936,2.788,176.801,0.88,1.618,2.534,250.509,0.0,,0.0,0.0,0.0,0.0,0.0,0.03,49.235,0.006,0.005,0.016,0.989,1.607
HUN,Hungary,2005,-24.89,-6.737,-1.472,-0.45,-12.453,-2.692,6.697,19.277,4.643,164.586,,,,,,359.161,19.636,-11.069,11.59,-4.43,35.594,696.018,3529.034,20.331,2015.77,41.98,1.66,7.02,20.05,12.38,0.2,13.83,0.65,0.0,1.66,1.87,0.0,0.01,35.75,12.84,1.679,30449.384,4.661,86.236,11.794,264.839,26258.27,1987.915,56.084,182948368837.0,34.629,3.259,45.799,4.439,140.652,1227.451,13945.412,30.144,2988.686,0.559,-2.087,0.177,-0.012,0.543,19.83,53.872,43.916,15.7,1556.622,21.427,13.755,7.454,42.242,4188.185,14.84,6.23,38.685,15.371,12.117,4.958,37.212,1371.215,3689.466,1.818,15.343,28.847,11.785,88.593,64.446,8783.824,18.929,1876.725,0.0,164.586,127.242,1.452,2.497,4.46,0.0,4.643,442.181,3544.538,10085942.0,307.111,185.407,5.231,98.521,1.638,2.496,5.03,498.72,0.0,,0.0,0.0,0.0,0.0,0.0,0.028,65.47,0.009,0.011,0.027,0.991,2.666
HUN,Hungary,2006,0.484,0.098,2.213,0.667,-4.746,-0.898,-1.439,-4.42,3.515,125.303,,,,,,367.085,19.526,0.38,11.804,0.135,35.729,696.126,3553.121,20.429,2031.617,43.06,1.26,7.0,20.9,13.16,0.19,13.46,0.74,0.0,1.26,1.49,0.0,0.04,35.85,13.16,1.561,30101.538,-0.848,86.753,-2.246,262.593,26113.958,2078.432,58.298,193865273549.0,36.709,-5.269,44.019,-7.41,133.242,1308.716,13250.485,30.811,3064.016,0.53,-8.5,0.164,-0.046,0.497,18.895,49.442,41.702,14.95,1486.725,-5.375,13.205,-2.27,39.971,3975.018,16.744,7.21,37.545,-3.308,11.887,-1.231,35.981,1338.55,3578.154,2.064,5.676,30.93,5.029,93.622,73.59,9310.352,18.03,1793.04,0.0,125.303,-24.243,1.116,-1.081,3.379,0.0,3.515,335.992,3565.157,10055657.0,302.691,148.175,4.156,-20.662,1.318,-1.039,3.991,396.864,0.0,,0.0,0.0,0.0,0.0,0.0,0.112,327.452,0.038,0.088,0.115,3.978,11.43
HUN,Hungary,2007,0.923,0.189,-15.861,-4.887,-14.283,-2.575,-1.408,-4.263,3.904,155.624,,,,,,365.616,18.443,1.695,12.175,0.606,36.335,735.224,3624.699,20.618,2056.812,43.95,1.56,7.37,23.4,15.23,0.21,14.68,0.8,0.0,1.56,1.88,0.0,0.11,39.96,14.61,1.502,29770.839,-3.232,85.149,-8.486,254.107,25349.469,2334.361,58.559,198699898877.0,38.113,-6.563,41.718,-8.745,124.497,1519.33,12419.729,25.924,2586.147,0.526,12.198,0.187,0.061,0.558,20.949,55.647,41.441,16.56,1652.009,10.047,14.74,4.016,43.988,4388.153,9.078,3.99,36.737,8.352,13.064,3.005,38.986,1464.462,3889.186,2.002,-0.37,31.256,-0.347,93.275,79.807,9305.041,15.455,1541.773,0.0,155.624,22.882,1.391,0.773,4.152,0.0,3.904,414.172,3986.37,10024158.0,298.428,187.547,4.705,25.334,1.676,1.011,5.002,498.967,0.0,,0.0,0.0,0.0,0.0,0.0,0.275,154.215,0.098,0.177,0.292,10.973,29.148
HUN,Hungary,2008,-4.47,-0.922,0.12,0.031,2.892,0.447,-1.493,-4.455,4.848,194.158,,,,,,357.321,17.691,-2.864,12.006,-1.041,35.294,708.576,3532.268,19.696,1971.219,43.92,1.94,7.08,22.85,15.18,0.21,14.82,0.59,0.0,1.94,2.35,0.0,0.2,40.02,14.3,1.437,29421.224,-2.901,83.931,-7.372,246.735,24693.614,2286.86,57.096,204543002431.0,37.931,-1.345,41.78,-1.675,122.822,1519.236,12292.257,25.955,2597.625,0.525,0.799,0.191,0.004,0.562,21.017,56.273,42.904,17.17,1718.398,3.07,15.422,1.35,45.338,4537.467,8.88,3.9,37.031,0.334,13.306,0.13,39.116,1483.206,3914.771,1.474,-4.992,30.145,-4.656,88.619,59.048,8869.089,15.902,1591.481,0.0,194.158,23.222,1.74,0.964,5.116,0.0,4.848,512.001,4005.257,9991867.0,293.973,235.191,5.872,24.395,2.116,1.22,6.222,622.696,0.0,,0.001,0.003,0.003,0.0,0.264,0.5,85.206,0.184,0.249,0.541,20.016,54.159
HUN,Hungary,2009,-8.12,-1.599,13.955,3.622,-1.292,-0.205,-8.052,-23.671,6.488,233.949,,,,,,323.865,17.655,-15.8,10.994,-5.577,29.717,636.582,2983.838,18.097,1817.05,41.42,2.33,6.34,17.59,10.42,0.23,15.43,0.83,0.0,2.33,2.89,0.0,0.33,35.91,11.63,1.386,27140.248,-10.72,81.496,-26.449,220.286,22118.311,1766.164,48.984,195011814341.0,29.017,-13.341,39.377,-16.386,106.436,1046.244,10686.995,29.577,2969.762,0.64,6.382,0.221,0.036,0.598,23.094,60.058,51.016,18.32,1839.461,6.014,17.782,2.727,48.064,4826.014,13.303,5.51,42.969,3.461,14.972,1.354,40.469,1549.284,4063.429,2.311,-5.063,31.125,-4.487,84.132,83.338,8447.479,15.696,1576.04,0.0,233.949,19.741,2.266,1.01,6.126,0.0,6.488,615.072,3605.625,9959439.0,270.302,290.177,8.048,22.067,2.81,1.373,7.595,762.584,0.0,-0.632,0.001,-0.0,0.003,0.0,0.263,0.919,60.467,0.321,0.327,0.868,33.134,87.19
HUN,Hungary,2010,2.392,0.433,-2.275,-0.673,-11.182,-1.755,1.861,5.031,6.155,231.682,,,,,,322.451,16.671,5.355,11.371,1.591,31.309,627.557,3153.778,18.53,1866.531,42.57,2.3,6.23,18.59,11.6,0.19,15.76,0.76,0.0,2.3,3.02,0.0,0.53,37.37,12.05,1.374,27734.643,1.851,81.488,4.077,224.363,22600.393,1872.599,49.746,200323055173.0,31.041,7.251,41.46,7.718,114.154,1168.486,11498.931,28.904,2911.584,0.508,-18.05,0.178,-0.108,0.49,19.139,49.377,50.254,18.78,1891.738,1.844,17.779,0.886,48.951,4930.873,12.215,5.2,42.173,1.545,14.925,0.625,41.095,1587.529,4139.528,2.034,-6.219,28.656,-5.232,78.9,76.556,7947.684,13.941,1404.33,0.0,231.682,-2.231,2.175,-0.137,5.989,0.0,6.155,603.293,3764.337,9927380.0,275.332,304.209,8.081,3.438,2.853,0.261,7.856,791.346,0.0,-0.53,0.001,-0.0,0.003,0.0,0.263,1.418,58.238,0.499,0.506,1.374,53.388,138.413
HUN,Hungary,2011,3.275,0.607,-5.352,-1.547,-10.748,-1.498,-2.971,-8.179,5.164,187.961,,,,,,318.989,17.99,0.763,11.809,0.239,31.547,654.831,3188.005,19.137,1933.826,42.66,1.86,6.48,17.62,10.74,0.22,15.69,0.4,0.0,1.86,2.71,0.0,0.63,36.02,11.49,1.285,26996.922,-2.994,81.468,-6.717,217.646,21993.996,1780.573,48.917,207957681816.0,29.817,-4.397,40.851,-5.019,109.135,1085.321,11028.577,27.357,2764.572,0.611,17.365,0.215,0.085,0.575,22.232,58.137,51.083,18.4,1859.396,-2.627,17.842,-1.286,47.665,4816.733,15.565,6.64,43.559,-1.089,15.215,-0.447,40.647,1585.539,4107.567,1.11,-2.455,28.808,-1.937,76.963,40.422,7777.414,12.443,1257.411,0.0,187.961,-19.562,1.803,-1.172,4.818,0.0,5.164,486.832,3639.969,9895689.0,267.153,273.857,7.524,-10.671,2.627,-0.838,7.018,709.166,0.0,-0.639,0.001,-0.0,0.003,0.0,0.262,1.749,18.061,0.607,0.248,1.622,63.664,163.936
HUN,Hungary,2012,-2.369,-0.453,-16.414,-4.49,-0.132,-0.016,-6.753,-18.041,4.766,167.269,,,,,,309.648,18.313,-3.785,12.185,-1.194,30.353,642.718,3077.087,18.683,1894.012,42.59,1.65,6.34,16.19,9.4,0.21,15.79,0.45,0.0,1.65,2.64,0.01,0.77,34.62,10.72,1.217,25253.734,-8.187,80.216,-17.819,199.827,20257.457,1641.262,46.765,204625350215.0,27.152,-10.753,39.099,-11.736,97.4,952.925,9873.907,22.867,2318.136,0.607,-4.636,0.22,-0.027,0.549,21.289,55.618,53.235,18.43,1868.342,-0.351,19.067,-0.167,47.498,4815.062,18.713,7.97,45.609,0.078,16.33,0.032,40.679,1600.712,4123.835,1.3,-6.353,28.932,-4.889,72.074,45.619,7306.464,12.426,1259.735,0.0,167.269,-11.513,1.711,-0.555,4.263,0.0,4.766,432.15,3509.603,9864363.0,249.112,267.63,7.626,-2.838,2.737,-0.199,6.819,691.226,0.029,695.284,0.008,0.018,0.021,1.014,2.089,2.224,22.445,0.797,0.364,1.986,78.059,201.369
HUN,Hungary,2013,0.327,0.061,-12.653,-2.893,-1.377,-0.171,-5.096,-12.696,6.05,186.091,,,,,,286.942,20.826,-12.442,11.242,-3.777,26.577,640.64,2702.579,18.744,1906.086,42.13,1.83,6.3,12.1,5.54,0.21,15.37,0.26,0.0,1.83,2.78,0.02,0.72,30.25,8.68,1.131,24040.877,-5.743,79.669,-11.476,188.351,19153.204,1230.435,40.0,208958730306.0,18.314,-6.774,38.407,-6.598,90.801,563.356,9233.493,19.973,2031.081,0.694,-0.602,0.231,-0.003,0.545,21.355,55.454,60.0,18.15,1845.652,-2.126,19.663,-1.01,46.488,4727.273,28.198,11.88,50.81,-3.267,16.644,-1.329,39.35,1562.957,4001.447,0.86,-1.527,30.02,-1.101,70.973,26.439,7217.132,12.255,1246.235,0.0,186.091,10.028,1.984,0.427,4.69,0.0,6.05,476.958,3076.087,9833923.0,236.416,282.695,9.19,4.681,3.019,0.319,7.138,725.826,0.066,210.542,0.027,0.043,0.064,2.034,6.509,2.38,-7.469,0.777,-0.148,1.838,73.216,186.905
HUN,Hungary,2014,-1.475,-0.276,-6.932,-1.384,-10.416,-1.276,-0.193,-0.455,7.257,217.236,,,,,,269.506,20.409,-1.151,11.134,-0.306,26.271,610.913,2679.36,18.468,1883.522,42.74,2.13,5.99,10.54,4.24,0.3,15.65,0.31,0.0,2.13,3.16,0.07,0.66,29.35,7.91,1.085,24065.386,-1.279,78.802,-2.409,185.942,18964.007,1074.963,35.911,217412725421.0,14.446,-10.578,34.411,-9.605,81.196,432.433,8281.107,18.589,1895.871,1.022,40.468,0.325,0.221,0.766,30.597,78.125,64.089,18.81,1918.411,2.914,20.275,1.355,47.842,4879.374,31.329,13.39,53.322,1.206,16.878,0.474,39.824,1596.126,4061.643,1.056,10.57,33.257,7.502,78.475,31.617,8003.541,10.979,1119.726,0.0,217.236,15.353,2.293,0.72,5.41,0.0,7.257,551.809,2993.373,9804991.0,235.961,322.285,10.767,12.331,3.398,0.88,8.018,817.731,0.239,166.395,0.072,0.107,0.171,7.139,17.39,2.249,-9.095,0.708,-0.167,1.671,67.313,170.407
HUN,Hungary,2015,-4.387,-0.81,-4.751,-0.883,3.072,0.337,5.375,12.683,7.131,220.906,,,,,,271.047,19.115,3.635,10.95,0.955,27.226,592.15,2784.446,17.658,1805.868,43.98,2.16,5.79,11.24,5.11,0.23,15.83,0.34,0.0,2.16,3.22,0.14,0.69,30.29,8.21,1.109,25429.144,6.699,79.792,12.457,198.399,20290.469,1149.528,37.108,224257300351.0,16.87,7.279,35.033,5.911,87.107,522.606,8908.509,17.706,1810.806,0.759,-22.722,0.238,-0.174,0.592,23.522,60.541,62.892,19.05,1948.266,0.802,19.396,0.384,48.226,4932.119,31.128,13.69,52.261,0.585,16.11,0.233,40.057,1618.953,4096.706,1.122,7.125,33.81,5.591,84.066,34.772,8597.513,11.316,1157.321,0.0,220.906,1.041,2.199,0.056,5.467,0.0,7.131,559.098,3097.794,9777925.0,248.644,329.313,10.631,1.88,3.285,0.151,8.169,835.413,0.462,109.195,0.143,0.186,0.357,14.318,36.48,2.278,4.925,0.705,0.082,1.753,70.567,179.294
HUN,Hungary,2016,-3.675,-0.649,3.894,0.689,11.144,1.261,2.174,5.405,6.507,212.243,,,,,,276.014,17.699,-6.316,10.04,-1.72,25.507,577.26,2615.258,17.009,1743.945,44.52,2.07,5.63,12.51,6.48,0.26,16.05,0.4,0.0,2.07,3.25,0.24,0.68,31.81,8.78,1.112,26048.404,2.483,80.034,4.927,203.326,20847.586,1282.686,39.327,228414174042.0,20.371,7.181,36.75,6.256,93.362,664.413,9572.704,18.395,1886.13,0.817,10.029,0.256,0.059,0.651,26.659,66.783,60.673,19.3,1978.884,0.704,19.117,0.34,48.566,4979.561,28.549,12.71,50.456,0.786,15.892,0.315,40.372,1645.653,4139.488,1.257,0.465,33.244,0.391,84.457,41.013,8659.624,12.577,1289.579,0.0,212.243,-4.732,2.05,-0.259,5.208,0.0,6.507,534.006,3261.571,9752970.0,254.049,333.232,10.217,0.301,3.225,0.025,8.193,840.072,0.754,72.026,0.242,0.257,0.614,24.608,62.915,2.138,-1.883,0.677,-0.033,1.72,69.722,176.369
HUN,Hungary,2017,-12.261,-2.086,0.0,,0.0,,5.003,12.711,6.549,220.97,,,,,,272.312,15.017,2.214,9.773,0.565,26.071,506.69,2679.508,14.923,1533.753,45.71,2.15,4.93,13.25,7.87,0.22,16.1,0.45,0.0,2.15,3.48,0.35,0.76,32.83,8.94,1.119,27416.748,6.19,80.938,12.585,215.911,22190.657,1361.793,40.359,238288086895.0,23.972,6.404,37.24,5.979,99.341,808.853,10209.999,,,0.67,-15.558,0.206,-0.101,0.55,22.611,56.527,59.641,19.58,2012.37,0.79,18.349,0.384,48.949,5030.825,28.178,12.88,49.041,-0.318,15.086,-0.128,40.244,1654.707,4136.152,1.371,7.153,33.925,6.041,90.498,46.25,9301.151,,,0.0,220.97,3.444,2.02,0.179,5.388,0.0,6.549,553.71,3374.162,9729822.0,266.76,357.663,10.6,6.247,3.263,0.512,8.705,894.673,1.066,42.191,0.327,0.259,0.873,35.972,89.673,2.315,10.167,0.71,0.175,1.895,78.11,194.762
HUN,Hungary,2018,-0.928,-0.139,0.0,,0.0,,0.704,1.878,7.203,236.93,,,,,,266.521,14.626,-5.392,9.182,-1.406,24.665,481.071,2540.847,14.785,1523.009,46.28,2.3,4.67,12.43,7.28,0.22,15.73,0.48,0.01,2.31,3.77,0.63,0.61,31.93,8.51,1.073,27673.257,0.945,81.132,2.04,217.951,22451.83,1280.453,38.929,250426483259.0,22.8,-3.138,35.819,-3.117,96.224,749.935,9912.359,,,0.689,0.319,0.205,0.002,0.552,22.663,56.838,61.071,19.5,2008.756,-0.989,18.041,-0.484,48.465,4992.525,31.007,14.35,49.264,-2.836,14.556,-1.142,39.103,1620.396,4028.072,1.503,7.252,36.131,6.563,97.062,49.446,9998.625,,,1.03,237.96,6.52,2.136,0.351,5.739,0.031,7.235,591.166,3289.209,9707502.0,268.638,388.359,11.807,7.552,3.485,0.657,9.362,964.454,1.973,79.175,0.582,0.691,1.563,64.898,161.041,1.91,-20.389,0.562,-0.386,1.509,62.838,155.408
HUN,Hungary,2019,-21.849,-3.23,0.0,,0.0,,1.305,3.505,6.522,230.261,,,,,,254.168,11.787,-13.436,7.846,-3.314,21.351,416.121,2204.653,11.554,1193.05,46.77,2.23,4.03,13.2,8.7,0.22,16.29,0.47,0.02,2.25,4.7,1.5,0.73,34.19,8.69,,28100.379,-0.037,80.057,-0.081,217.87,22496.365,1362.977,38.608,,25.446,2.303,36.172,2.216,98.44,898.326,10164.515,,,0.643,-1.715,0.199,-0.009,0.542,22.716,55.995,61.392,20.99,2167.341,7.168,19.085,3.474,51.939,5362.974,26.898,12.58,47.646,3.146,14.82,1.23,40.333,1682.038,4164.582,1.375,1.048,36.039,1.017,98.079,48.53,10127.197,,,2.065,232.326,-3.26,2.04,-0.187,5.552,0.058,6.581,573.244,3530.318,9684680.0,272.143,485.303,13.747,23.964,4.265,2.244,11.606,1198.391,4.387,137.119,1.362,2.144,3.707,154.884,382.759,2.135,19.656,0.663,0.297,1.805,75.377,186.394
HUN,Hungary,2020,-10.545,-1.218,0.0,,0.0,,-1.198,-3.262,6.182,222.559,,,,,,246.981,10.667,-6.396,7.433,-1.366,19.986,384.044,2068.835,10.336,1069.929,46.46,2.15,3.71,13.2,9.09,0.24,16.06,0.4,0.02,2.17,5.52,2.46,0.65,34.78,8.59,,27833.522,-2.292,79.171,-4.994,212.876,22036.016,1366.41,37.953,,26.136,3.393,37.853,3.34,101.78,940.96,10535.859,,,0.69,11.006,0.224,0.06,0.602,24.844,62.314,62.047,21.58,2233.874,1.799,19.664,0.934,52.873,5473.186,25.14,11.68,46.176,-1.786,14.732,-0.721,39.612,1662.466,4100.484,1.15,-7.105,33.885,-6.969,91.11,41.406,9431.322,,,2.07,224.63,-5.922,1.942,-0.329,5.223,0.058,6.239,540.653,3600.284,9660350.0,268.882,571.408,15.871,14.258,4.932,1.655,13.261,1372.702,7.073,57.802,2.176,2.143,5.85,254.649,605.521,1.869,-12.121,0.59,-0.219,1.586,67.285,164.213
HUN,Hungary,2021,,,,,,,,,6.336,233.544,,,,,,236.271,8.392,,,,,309.316,,,,48.23,2.25,2.98,13.12,9.69,0.2,15.99,0.45,0.02,2.27,6.4,3.26,0.67,35.51,8.39,,,,,,,,1361.821,36.947,,27.288,,,,,1005.796,,,,0.563,,,,,20.759,,63.053,22.39,2324.022,,,,,,26.374,12.72,45.03,,,,,1659.719,,1.267,,,,,46.709,,,,2.076,235.62,,,,,0.056,6.393,,3685.842,9634162.0,,664.303,18.023,,,,,,9.181,,,,,338.379,,1.887,,,,,69.544,
