iso_code,country,year,coal_prod_change_pct,coal_prod_change_twh,gas_prod_change_pct,gas_prod_change_twh,oil_prod_change_pct,oil_prod_change_twh,energy_cons_change_pct,energy_cons_change_twh,biofuel_share_elec,biofuel_elec_per_capita,biofuel_cons_change_pct,biofuel_share_energy,biofuel_cons_change_twh,biofuel_consumption,biofuel_cons_per_capita,carbon_intensity_elec,coal_share_elec,coal_cons_change_pct,coal_share_energy,coal_cons_change_twh,coal_consumption,coal_elec_per_capita,coal_cons_per_capita,coal_production,coal_prod_per_capita,electricity_demand,biofuel_electricity,coal_electricity,fossil_electricity,gas_electricity,hydro_electricity,nuclear_electricity,oil_electricity,other_renewable_exc_biofuel_electricity,other_renewable_electricity,renewables_electricity,solar_electricity,wind_electricity,electricity_generation,greenhouse_gas_emissions,energy_per_gdp,energy_per_capita,fossil_cons_change_pct,fossil_share_energy,fossil_cons_change_twh,fossil_fuel_consumption,fossil_energy_per_capita,fossil_cons_per_capita,fossil_share_elec,gdp,gas_share_elec,gas_cons_change_pct,gas_share_energy,gas_cons_change_twh,gas_consumption,gas_elec_per_capita,gas_energy_per_capita,gas_production,gas_prod_per_capita,hydro_share_elec,hydro_cons_change_pct,hydro_share_energy,hydro_cons_change_twh,hydro_consumption,hydro_elec_per_capita,hydro_energy_per_capita,low_carbon_share_elec,low_carbon_electricity,low_carbon_elec_per_capita,low_carbon_cons_change_pct,low_carbon_share_energy,low_carbon_cons_change_twh,low_carbon_consumption,low_carbon_energy_per_capita,net_elec_imports_share_demand,net_elec_imports,nuclear_share_elec,nuclear_cons_change_pct,nuclear_share_energy,nuclear_cons_change_twh,nuclear_consumption,nuclear_elec_per_capita,nuclear_energy_per_capita,oil_share_elec,oil_cons_change_pct,oil_share_energy,oil_cons_change_twh,oil_consumption,oil_elec_per_capita,oil_energy_per_capita,oil_production,oil_prod_per_capita,other_renewables_elec_per_capita_exc_biofuel,other_renewables_elec_per_capita,other_renewables_cons_change_pct,other_renewables_share_energy,other_renewables_cons_change_twh,other_renewable_consumption,other_renewables_share_elec_exc_biofuel,other_renewables_share_elec,other_renewables_energy_per_capita,per_capita_electricity,population,primary_energy_consumption,renewables_elec_per_capita,renewables_share_elec,renewables_cons_change_pct,renewables_share_energy,renewables_cons_change_twh,renewables_consumption,renewables_energy_per_capita,solar_share_elec,solar_cons_change_pct,solar_share_energy,solar_cons_change_twh,solar_consumption,solar_elec_per_capita,solar_energy_per_capita,wind_share_elec,wind_cons_change_pct,wind_share_energy,wind_cons_change_twh,wind_consumption,wind_elec_per_capita,wind_energy_per_capita
ISL,Iceland,1965,,,,,,,,,,,,,,,,,,,1.018,,0.076,,395.294,,,,,,,,0.641,0.0,,,0.0,0.641,0.0,0.0,,,2.755,38833.211,,76.169,,5.688,29579.03,,,2711260800.0,,,0.0,,0.0,,0.0,,,,,23.831,,1.78,3331.513,9254.211,,0.641,3331.513,,23.831,,1.78,9254.211,,,,,0.0,,0.0,0.0,0.0,,,75.151,,5.612,,29183.737,,,,0.0,,0.0,,0.0,,,0.0,,192315.0,7.468,3331.513,,,23.831,,1.78,9254.211,,,0.0,,0.0,0.0,0.0,,,0.0,,0.0,0.0,0.0
ISL,Iceland,1966,,,,,,,4.981,0.372,,,,,,,,,,-26.367,0.714,-0.02,0.056,,287.073,,,,,,,,0.624,0.0,,,0.0,0.624,0.0,0.0,,,2.662,40207.965,7.36,77.895,0.419,6.107,31320.116,,,2945495380.0,,,0.0,0.0,0.0,,0.0,,,,-2.622,22.105,-0.047,1.733,3199.635,8887.882,,0.624,3199.635,-2.622,22.105,-0.047,1.733,8887.882,,,,,0.0,0.0,0.0,0.0,0.0,,7.816,77.181,0.439,6.051,,31033.043,,,,0.0,,0.0,0.0,0.0,,,0.0,,194991.0,7.84,3199.635,,-2.622,22.105,-0.047,1.733,8887.882,,,0.0,0.0,0.0,0.0,0.0,,,0.0,0.0,0.0,0.0,0.0
ISL,Iceland,1967,,,,,,,-1.018,-0.08,,,,,,,,,,-23.144,0.554,-0.013,0.043,,217.935,,,,,,,,0.664,0.0,,,0.0,0.664,0.0,0.0,,,2.668,39312.06,-3.153,76.215,-0.193,5.915,29961.595,,,2909013992.0,,,0.0,0.0,0.0,,0.0,,,,6.507,23.785,0.113,1.846,3366.176,9350.497,,0.664,3366.176,6.507,23.785,0.113,1.846,9350.497,,,,,0.0,0.0,0.0,0.0,0.0,,-2.968,75.66,-0.18,5.872,,29743.66,,,,0.0,,0.0,0.0,0.0,,,0.0,,197405.0,7.76,3366.176,,6.507,23.785,0.113,1.846,9350.497,,,0.0,0.0,0.0,0.0,0.0,,,0.0,0.0,0.0,0.0,0.0
ISL,Iceland,1968,,,,,,,5.811,0.451,,,,,,,,,,-21.022,0.414,-0.009,0.034,,170.168,,,,,,,,0.687,0.0,,,0.0,0.687,0.0,0.0,,,2.99,41124.791,6.572,76.763,0.389,6.303,31568.723,,,2746591760.0,,,0.0,0.0,0.0,,0.0,,,,3.371,23.237,0.062,1.908,3440.194,9556.101,,0.687,3440.194,3.371,23.237,0.062,1.908,9556.101,,,,,0.0,0.0,0.0,0.0,0.0,,6.775,76.349,0.398,6.269,,31398.555,,,,0.0,,0.0,0.0,0.0,,,0.0,,199669.0,8.211,3440.194,,3.371,23.237,0.062,1.908,9556.101,,,0.0,0.0,0.0,0.0,0.0,,,0.0,0.0,0.0,0.0,0.0
ISL,Iceland,1969,,,,,,,-0.529,-0.043,,,,,,,,,,-29.528,0.293,-0.01,0.024,,118.554,,,,,,,,0.86,0.0,,,0.002,0.862,0.0,0.0,,,2.9,40441.007,-8.406,70.684,-0.53,5.773,28585.535,,,2816529600.0,,,0.0,0.0,0.0,,0.0,,,,25.215,29.251,0.481,2.389,4258.532,11829.265,,0.862,4267.959,25.492,29.315,0.486,2.394,11855.452,,,,,0.0,0.0,0.0,0.0,0.0,,-8.291,70.391,-0.52,5.75,,28466.981,,,,9.427,,0.065,0.005,0.005,,,26.186,,201971.0,8.168,4267.959,,25.492,29.315,0.486,2.394,11855.452,,,0.0,0.0,0.0,0.0,0.0,,,0.0,0.0,0.0,0.0,0.0
ISL,Iceland,1970,,,,,,,20.593,1.682,,,,,,,,,,-33.179,0.162,-0.008,0.016,,78.269,,,,,,,,1.413,0.0,,,0.012,1.425,0.0,0.0,,,3.254,48184.178,2.047,59.814,0.118,5.892,28820.826,,,3026862320.0,,,0.0,0.0,0.0,,0.0,,,,64.272,39.845,1.536,3.925,6911.649,19199.04,,1.425,6970.796,65.311,40.186,1.564,3.958,19363.337,,,,,0.0,0.0,0.0,0.0,0.0,,2.194,59.651,0.126,5.876,,28742.557,,,,59.147,535.032,0.341,0.028,0.034,,,164.297,,204423.0,9.85,6970.796,,65.311,40.186,1.564,3.958,19363.337,,,0.0,0.0,0.0,0.0,0.0,,,0.0,0.0,0.0,0.0,0.0
ISL,Iceland,1971,,,,,,,8.841,0.871,,,,,,,,,,-31.25,0.103,-0.005,0.011,,53.116,,,,,,,,1.54,0.0,,,0.012,1.552,0.0,0.0,,,3.133,51767.503,8.81,59.797,0.519,6.411,30955.382,,,3422363752.0,,,0.0,0.0,0.0,,0.0,,,,8.967,39.891,0.352,4.277,7434.269,20650.765,,1.552,7492.373,8.887,40.203,0.352,4.31,20812.164,,,,,0.0,0.0,0.0,0.0,0.0,,8.919,59.694,0.524,6.4,,30902.266,,,,58.104,-0.48,0.312,-0.0,0.033,,,161.399,,207095.0,10.721,7492.373,,8.887,40.203,0.352,4.31,20812.164,,,0.0,0.0,0.0,0.0,0.0,,,0.0,0.0,0.0,0.0,0.0
ISL,Iceland,1972,,,,,,,8.709,0.934,,,,,,,,,,-27.778,0.068,-0.003,0.008,,37.844,,,,,,,,1.703,0.0,,,0.022,1.724,0.0,0.0,,,3.207,55516.615,7.085,58.903,0.454,6.865,32701.095,,,3634269650.0,,,0.0,0.0,0.0,,0.0,,,,10.587,40.58,0.453,4.729,8110.4,22528.906,,1.724,8213.597,11.126,41.097,0.48,4.79,22815.566,,,,,0.0,0.0,0.0,0.0,0.0,,7.144,58.835,0.457,6.857,,32663.251,,,,103.197,80.038,0.516,0.027,0.06,,,286.659,,209928.0,11.654,8213.597,,11.126,41.097,0.48,4.79,22815.566,,,0.0,0.0,0.0,0.0,0.0,,,0.0,0.0,0.0,0.0,0.0
ISL,Iceland,1973,,,,,,,20.728,2.416,,,,,,,,,,-37.063,0.036,-0.003,0.005,,23.496,,,,,,,,2.181,0.0,,,0.024,2.205,0.0,0.0,,,3.625,66118.858,15.73,56.465,1.08,7.945,37333.736,,,3881376828.0,,,0.0,0.0,0.0,,0.0,,,,28.098,43.058,1.329,6.058,10248.916,28469.233,,2.205,10362.636,27.892,43.535,1.336,6.126,28785.123,,,,,0.0,0.0,0.0,0.0,0.0,,15.791,56.429,1.083,7.94,,37310.24,,,,113.72,11.706,0.478,0.007,0.067,,,315.89,,212803.0,14.07,10362.636,,27.892,43.535,1.336,6.126,28785.123,,,0.0,0.0,0.0,0.0,0.0,,,0.0,0.0,0.0,0.0,0.0
ISL,Iceland,1974,,,,,,,-2.612,-0.367,,,,,,,,,,-19.444,0.029,-0.001,0.004,,18.685,,,,,,,,2.258,0.0,,,0.006,2.264,0.0,0.0,,,3.34,63566.08,-6.68,54.106,-0.531,7.414,34393.14,,,4102783496.0,,,0.0,0.0,0.0,,0.0,,,,3.54,45.777,0.214,6.273,10475.581,29098.859,,2.264,10502.259,2.664,45.894,0.163,6.289,29172.965,,,,,0.0,0.0,0.0,0.0,0.0,,-6.671,54.077,-0.53,7.41,,34374.455,,,,26.678,-76.236,0.117,-0.051,0.016,,,74.107,,215568.0,13.703,10502.259,,2.664,45.894,0.163,6.289,29172.965,,,0.0,0.0,0.0,0.0,0.0,,,0.0,0.0,0.0,0.0,0.0
ISL,Iceland,1975,,,,,,,-4.102,-0.562,,,,,,,,,,-32.828,0.021,-0.001,0.003,,12.406,,,,,,,,2.206,0.0,,,0.018,2.224,0.0,0.0,,,3.183,60256.822,-6.082,52.989,-0.451,6.963,31929.353,,,4128416985.0,,,0.0,0.0,0.0,,0.0,,,,-2.329,46.623,-0.146,6.127,10113.766,28093.817,,2.224,10197.896,-1.767,47.011,-0.111,6.178,28327.512,,,,,0.0,0.0,0.0,0.0,0.0,,-6.068,52.968,-0.45,6.96,,31916.947,,,,84.13,219.023,0.388,0.035,0.051,,,233.695,,218079.0,13.141,10197.896,,-1.767,47.011,-0.111,6.178,28327.512,,,0.0,0.0,0.0,0.0,0.0,,,0.0,0.0,0.0,0.0,0.0
ISL,Iceland,1976,,,,,,,3.305,0.434,,,,,,,,,,1.745,0.02,0.0,0.003,,12.497,,,,,,,,2.35,0.0,,,0.019,2.369,0.0,0.0,,,3.102,61627.371,0.47,51.535,0.033,6.996,31759.41,,,4375583641.0,,,0.0,0.0,0.0,,0.0,,,,6.524,48.076,0.4,6.526,10666.164,29628.258,,2.369,10752.474,6.5,48.465,0.402,6.579,29868.008,,,,,0.0,0.0,0.0,0.0,0.0,,0.469,51.514,0.033,6.993,,31746.913,,,,86.31,3.625,0.389,0.002,0.053,,,239.75,,220276.0,13.575,10752.474,,6.5,48.465,0.402,6.579,29868.008,,,0.0,0.0,0.0,0.0,0.0,,,0.0,0.0,0.0,0.0,0.0
ISL,Iceland,1977,,,,,,,5.783,0.785,,,,,,,,,,-8.88,0.017,-0.0,0.003,,11.285,,,,,,,,2.52,0.0,,,0.016,2.536,0.0,0.0,,,3.016,64607.512,4.579,50.948,0.32,7.316,32916.099,,,4761430695.0,,,0.0,0.0,0.0,,0.0,,,,7.244,48.74,0.473,6.999,11336.366,31489.93,,2.536,11408.918,7.064,49.052,0.465,7.044,31691.465,,,,,0.0,0.0,0.0,0.0,0.0,,4.584,50.93,0.321,7.314,,32904.814,,,,72.552,-15.18,0.312,-0.008,0.045,,,201.535,,222267.0,14.36,11408.918,,7.064,49.052,0.465,7.044,31691.465,,,0.0,0.0,0.0,0.0,0.0,,,0.0,0.0,0.0,0.0,0.0
ISL,Iceland,1978,,,,,,,4.426,0.636,,,,,,,,,,-15.393,0.014,-0.0,0.002,,9.468,,,,,,,,2.605,0.0,,,0.018,2.623,0.0,0.0,,,2.97,66901.174,5.366,51.406,0.393,7.709,34391.57,,,5048370873.0,,,0.0,0.0,0.0,,0.0,,,,3.385,48.255,0.237,7.236,11621.889,32283.052,,2.623,11703.466,3.449,48.594,0.243,7.287,32509.653,,,,,0.0,0.0,0.0,0.0,0.0,,5.373,51.392,0.393,7.707,,34382.102,,,,81.576,13.388,0.339,0.006,0.051,,,226.601,,224146.0,14.996,11703.466,,3.449,48.594,0.243,7.287,32509.653,,,0.0,0.0,0.0,0.0,0.0,,,0.0,0.0,0.0,0.0,0.0
ISL,Iceland,1979,,,,,,,4.188,0.628,,,,,,,,,,8538.586,1.173,0.181,0.183,,810.822,,,,,,,,2.819,0.0,,,0.046,2.865,0.0,0.0,,,2.952,69099.513,-0.553,49.067,-0.043,7.666,33905.19,,,5292233807.0,,,0.0,0.0,0.0,,0.0,,,,8.219,50.122,0.595,7.831,12468.156,34633.795,,2.865,12669.966,9.204,50.933,0.671,7.958,35194.378,,,,,0.0,0.0,0.0,0.0,0.0,,-2.905,47.894,-0.224,7.483,,33094.368,,,,201.81,149.549,0.811,0.076,0.127,,,560.583,,226104.0,15.624,12669.966,,9.204,50.933,0.671,7.958,35194.378,,,0.0,0.0,0.0,0.0,0.0,,,0.0,0.0,0.0,0.0,0.0
ISL,Iceland,1980,,,,,,,1.204,0.188,,,,,,,,,,33.333,1.546,0.061,0.244,,1070.904,0.0,0.0,,,,,,3.053,0.0,,,0.045,3.098,0.0,0.0,,,2.825,69272.182,-5.994,45.577,-0.46,7.207,31572.431,,,5596333008.0,,,0.0,0.0,0.0,,0.0,0.0,0.0,,8.304,53.638,0.65,8.481,13376.209,37156.166,,3.098,13571.919,8.138,54.423,0.648,8.605,37699.806,,,,,0.0,0.0,0.0,0.0,0.0,,-6.957,44.031,-0.521,6.962,,30501.528,0.0,0.0,,195.71,-2.099,0.785,-0.003,0.124,,,543.64,,228256.0,15.812,13571.919,,8.138,54.423,0.648,8.605,37699.806,,,0.0,0.0,0.0,0.0,0.0,,,0.0,0.0,0.0,0.0,0.0
ISL,Iceland,1981,,0.0,,0.0,,0.0,1.955,0.309,,,,,,,,,,70.0,2.578,0.171,0.416,,1801.523,0.0,0.0,,,,,,3.084,0.0,,,0.123,3.208,0.0,0.0,,,2.762,69888.814,0.059,44.73,0.004,7.211,31260.995,,,5835623052.0,,,0.0,0.0,0.0,,0.0,0.0,0.0,,1.025,53.149,0.087,8.568,13372.206,37145.048,,3.208,13906.024,3.543,55.27,0.305,8.91,38627.875,,,,,0.0,0.0,0.0,0.0,0.0,,-2.397,42.152,-0.167,6.795,,29459.472,0.0,0.0,,533.817,175.638,2.122,0.218,0.342,,,1482.827,,230665.0,16.121,13906.024,,3.543,55.27,0.305,8.91,38627.875,,,0.0,0.0,0.0,0.0,0.0,,,0.0,0.0,0.0,0.0,0.0
ISL,Iceland,1982,,0.0,,0.0,,0.0,2.372,0.382,,,,,,,,,,-6.733,2.348,-0.028,0.388,,1661.437,0.0,0.0,,,,,,3.407,0.0,,,0.159,3.566,0.0,0.0,,,2.768,70746.799,-8.504,39.977,-0.613,6.598,28282.651,,,5961541569.0,,,0.0,0.0,0.0,,0.0,0.0,0.0,,10.459,57.347,0.896,9.464,14605.634,40571.237,,3.566,15287.101,11.174,60.023,0.996,9.906,42464.204,,,,,0.0,0.0,0.0,0.0,0.0,,-8.613,37.629,-0.585,6.21,,26621.214,0.0,0.0,,681.468,29.103,2.676,0.1,0.442,,,1892.967,,233273.0,16.503,15287.101,,11.174,60.023,0.996,9.906,42464.204,,,0.0,0.0,0.0,0.0,0.0,,,0.0,0.0,0.0,0.0,0.0
ISL,Iceland,1983,,0.0,,0.0,,0.0,3.198,0.528,,,,,,,,,,42.928,3.253,0.166,0.554,,2347.013,0.0,0.0,,,,,,3.588,0.0,,,0.172,3.76,0.0,0.0,,,2.92,72158.998,-0.15,38.68,-0.01,6.588,27911.38,,,5832393805.0,,,0.0,0.0,0.0,,0.0,0.0,0.0,,5.307,58.519,0.502,9.966,15201.613,42226.738,,3.76,15929.15,5.427,61.32,0.538,10.443,44247.675,,,,,0.0,0.0,0.0,0.0,0.0,,-2.839,35.428,-0.176,6.034,,25564.368,0.0,0.0,,727.537,8.018,2.801,0.035,0.477,,,2020.938,,236021.0,17.031,15929.15,,5.427,61.32,0.538,10.443,44247.675,,,0.0,0.0,0.0,0.0,0.0,,,0.0,0.0,0.0,0.0,0.0
ISL,Iceland,1984,,0.0,,0.0,,0.0,5.253,0.895,,,,,,,,,,38.207,4.271,0.212,0.766,,3205.757,0.0,0.0,,,,,,3.738,0.0,,,0.173,3.911,0.0,0.0,,,2.952,75060.17,7.192,39.393,0.474,7.061,29568.404,,,6072950786.0,,,0.0,0.0,0.0,,0.0,0.0,0.0,,4.181,57.923,0.417,10.383,15651.668,43476.89,,3.911,16377.044,4.03,60.607,0.421,10.864,45491.827,,,,,0.0,0.0,0.0,0.0,0.0,,4.345,35.122,0.262,6.296,,26362.646,0.0,0.0,,725.377,0.885,2.684,0.004,0.481,,,2014.937,,238818.0,17.926,16377.044,,4.03,60.607,0.421,10.864,45491.827,,,0.0,0.0,0.0,0.0,0.0,,,0.0,0.0,0.0,0.0,0.0
ISL,Iceland,1985,,0.0,,0.0,,0.0,-1.017,-0.182,,,,,,,,,,6.914,4.613,0.053,0.819,,3388.132,0.0,0.0,,,,,,3.663,0.0,,,0.171,3.834,0.0,0.0,3.837,,2.828,73445.366,0.448,39.976,0.032,7.093,29360.362,,,6274063970.0,,,0.0,0.0,0.0,,0.0,0.0,0.0,95.452,-2.006,57.344,-0.208,10.175,15161.826,42116.216,99.915,3.834,15870.61,-1.969,60.024,-0.214,10.65,44085.062,,,0.0,,0.0,0.0,0.0,0.0,0.0,,-0.339,35.363,-0.021,6.275,,25972.23,0.0,0.0,,708.784,-1.155,2.681,-0.006,0.476,,4.462,1968.846,15884.174,241587.0,17.743,15870.61,99.915,-1.969,60.024,-0.214,10.65,44085.062,0.0,,0.0,0.0,0.0,0.0,0.0,0.0,,0.0,0.0,0.0,0.0,0.0
ISL,Iceland,1986,,0.0,,0.0,,0.0,4.536,0.805,,,,,,,,,,12.639,4.971,0.103,0.922,,3773.445,0.0,0.0,,,,,,3.842,0.0,,,0.212,4.054,0.0,0.0,4.058,,2.782,75913.196,2.731,39.285,0.194,7.287,29822.823,,,6667649561.0,,,0.0,0.0,0.0,,0.0,0.0,0.0,94.676,4.884,57.535,0.497,10.672,15723.494,43676.408,99.909,4.054,16592.543,5.738,60.715,0.611,11.262,46090.434,,,0.0,,0.0,0.0,0.0,0.0,0.0,,1.438,34.315,0.09,6.365,,26049.378,0.0,0.0,,869.049,24.006,3.18,0.114,0.59,,5.233,2414.026,16607.698,244335.0,18.548,16592.543,99.909,5.738,60.715,0.611,11.262,46090.434,0.0,,0.0,0.0,0.0,0.0,0.0,0.0,,0.0,0.0,0.0,0.0,0.0
ISL,Iceland,1987,,0.0,,0.0,,0.0,3.196,0.593,,,,,,,,,,-20.239,3.842,-0.187,0.735,,2976.578,0.0,0.0,,,,,,3.914,0.0,,,0.234,4.148,0.0,0.0,4.152,,2.645,77475.958,4.551,39.801,0.332,7.618,30836.543,,,7236537376.0,,,0.0,0.0,0.0,,0.0,0.0,0.0,94.267,1.879,56.801,0.201,10.872,15842.498,44006.974,99.906,4.148,16790.198,2.319,60.199,0.261,11.523,46639.477,,,0.0,,0.0,0.0,0.0,0.0,0.0,,8.142,35.959,0.518,6.883,,27859.965,0.0,0.0,,947.7,10.265,3.398,0.061,0.65,,5.639,2632.503,16805.972,247057.0,19.141,16790.198,99.906,2.319,60.199,0.261,11.523,46639.477,0.0,,0.0,0.0,0.0,0.0,0.0,0.0,,0.0,0.0,0.0,0.0,0.0
ISL,Iceland,1988,,0.0,,0.0,,0.0,5.459,1.045,,,,,,,,,,0.838,3.674,0.006,0.742,,2969.088,0.0,0.0,,,,,,4.164,0.0,,,0.246,4.41,0.0,0.0,4.416,,2.792,80822.647,4.182,39.319,0.319,7.937,31778.965,,,7230172590.0,,,0.0,0.0,0.0,,0.0,0.0,0.0,94.295,6.387,57.301,0.694,11.567,16672.339,46312.09,99.856,4.41,17655.735,6.303,60.681,0.726,12.249,49043.747,,,0.0,,0.0,0.0,0.0,0.0,0.0,,4.539,35.646,0.312,7.195,,28809.878,0.0,0.0,,983.396,4.9,3.38,0.032,0.682,,5.562,2731.657,17681.107,249755.0,20.186,17655.735,99.856,6.303,60.681,0.726,12.249,49043.747,0.0,,0.0,0.0,0.0,0.0,0.0,0.0,,0.0,0.0,0.0,0.0,0.0
ISL,Iceland,1989,,0.0,,0.0,,0.0,3.576,0.722,,,,,,,,,,6.83,3.789,0.051,0.792,,3138.341,0.0,0.0,,,,,,4.213,0.0,,,0.258,4.471,0.0,0.0,4.475,,2.887,82827.619,6.956,40.603,0.552,8.489,33630.132,,,7241678392.0,,,0.0,0.0,0.0,,0.0,0.0,0.0,94.145,1.182,55.976,0.137,11.703,16690.964,46363.827,99.899,4.471,17711.105,1.386,59.397,0.17,12.419,49197.554,,,0.0,,0.0,0.0,0.0,0.0,0.0,,6.969,36.814,0.501,7.697,,30491.791,0.0,0.0,,1020.141,4.845,3.421,0.033,0.715,,5.754,2833.726,17729.004,252424.0,20.908,17711.105,99.899,1.386,59.397,0.17,12.419,49197.554,0.0,,0.0,0.0,0.0,0.0,0.0,0.0,,0.0,0.0,0.0,0.0,0.0
ISL,Iceland,1990,,0.0,,0.0,,0.0,0.091,0.019,0.0,0.0,,,,,,,0.0,-4.612,3.611,-0.037,0.756,0.0,2962.848,0.0,0.0,4.51,0.0,0.0,0.01,0.0,4.2,0.0,0.01,0.3,0.3,4.5,0.0,0.0,4.51,,2.857,82051.698,1.341,41.109,0.114,8.603,33730.978,39.209,0.222,7325718440.0,0.0,,0.0,0.0,0.0,0.0,0.0,0.0,0.0,93.126,-1.412,55.135,-0.165,11.538,16467.747,45239.507,99.778,4.5,17644.014,-0.763,58.891,-0.095,12.324,48320.786,0.0,0.0,0.0,,0.0,0.0,0.0,0.0,0.0,0.222,1.954,37.498,0.15,7.847,39.209,30768.13,0.0,0.0,1176.268,1176.268,9.865,3.755,0.071,0.786,6.652,6.652,3081.279,17683.223,255044.0,20.927,17644.014,99.778,-0.763,58.891,-0.095,12.324,48320.786,0.0,,0.0,0.0,0.0,0.0,0.0,0.0,,0.0,0.0,0.0,0.0,0.0
ISL,Iceland,1991,,0.0,,0.0,,0.0,-2.387,-0.499,0.0,0.0,,,,,,,0.0,3.159,3.816,0.024,0.78,0.0,3025.933,0.0,0.0,4.49,0.0,0.0,0.01,0.0,4.2,0.0,0.01,0.28,0.28,4.48,0.0,0.0,4.49,,2.805,79293.742,-5.293,39.885,-0.455,8.148,31626.729,38.817,0.223,7281773261.0,0.0,,0.0,0.0,0.0,0.0,0.0,0.0,0.0,93.541,0.0,56.483,0.0,11.538,16303.335,44787.842,99.777,4.48,17390.224,-0.358,60.115,-0.044,12.28,47667.076,0.0,0.0,0.0,,0.0,0.0,0.0,0.0,0.0,0.223,-6.107,36.069,-0.479,7.368,38.817,28600.797,0.0,0.0,1086.889,1086.889,-5.615,3.631,-0.044,0.742,6.236,6.236,2879.234,17429.042,257616.0,20.427,17390.224,99.777,-0.358,60.115,-0.044,12.28,47667.076,0.0,,0.0,0.0,0.0,0.0,0.0,0.0,,0.0,0.0,0.0,0.0,0.0
ISL,Iceland,1992,,0.0,,0.0,,0.0,3.533,0.722,0.0,0.0,,,,,,,0.0,-21.225,2.904,-0.165,0.614,0.0,2360.41,0.0,0.0,4.55,0.0,0.0,0.01,0.0,4.31,0.0,0.01,0.23,0.23,4.54,0.0,0.0,4.55,,3.017,81294.089,4.994,40.448,0.407,8.554,32882.089,38.439,0.22,7008859667.0,0.0,,0.0,0.0,0.0,0.0,0.0,0.0,0.0,94.725,3.626,56.534,0.418,11.956,16567.047,45958.728,99.78,4.54,17451.135,2.564,59.552,0.315,12.595,48412.064,0.0,0.0,0.0,,0.0,0.0,0.0,0.0,0.0,0.22,7.768,37.545,0.572,7.94,38.439,30521.679,0.0,0.0,884.088,884.088,-13.952,3.018,-0.103,0.638,5.055,5.055,2453.336,17489.574,260155.0,21.149,17451.135,99.78,2.564,59.552,0.315,12.595,48412.064,0.0,,0.0,0.0,0.0,0.0,0.0,0.0,,0.0,0.0,0.0,0.0,0.0
ISL,Iceland,1993,,0.0,,0.0,,0.0,3.885,0.822,0.0,0.0,,,,,,,0.0,3.297,2.887,0.02,0.634,0.0,2415.079,0.0,0.0,4.73,0.0,0.0,0.0,0.0,4.47,0.0,0.0,0.26,0.26,4.73,0.0,0.0,4.73,,3.106,83650.308,3.721,40.385,0.318,8.873,33781.794,0.0,0.0,7073786616.0,0.0,,0.0,0.0,0.0,0.0,0.0,0.0,0.0,94.503,3.641,56.401,0.435,12.392,17018.846,47179.406,100.0,4.73,18008.757,3.996,59.615,0.503,13.098,49868.581,0.0,0.0,0.0,,0.0,0.0,0.0,0.0,0.0,0.0,3.754,37.497,0.298,8.238,0.0,31366.715,0.0,0.0,989.911,989.911,10.664,3.215,0.068,0.706,5.497,5.497,2689.174,18008.757,262650.0,21.971,18008.757,100.0,3.996,59.615,0.503,13.098,49868.581,0.0,,0.0,0.0,0.0,0.0,0.0,0.0,,0.0,0.0,0.0,0.0,0.0
ISL,Iceland,1994,,0.0,,0.0,,0.0,1.118,0.246,0.0,0.0,,,,,,,0.0,-1.203,2.821,-0.008,0.627,0.0,2363.614,0.0,0.0,4.77,0.0,0.0,0.0,0.0,4.51,0.0,0.0,0.26,0.26,4.77,0.0,0.0,4.77,,3.043,83791.383,1.129,40.389,0.1,8.973,33842.326,0.0,0.0,7301300517.0,0.0,,0.0,0.0,0.0,0.0,0.0,0.0,0.0,94.549,1.083,56.381,0.134,12.526,17009.882,47242.323,100.0,4.77,17990.496,1.111,59.611,0.146,13.244,49949.123,0.0,0.0,0.0,,0.0,0.0,0.0,0.0,0.0,0.0,1.308,37.568,0.108,8.346,0.0,31478.713,0.0,0.0,980.614,980.614,1.61,3.23,0.011,0.718,5.451,5.451,2706.801,17990.496,265140.0,22.216,17990.496,100.0,1.111,59.611,0.146,13.244,49949.123,0.0,,0.0,0.0,0.0,0.0,0.0,0.0,,0.0,0.0,0.0,0.0,0.0
ISL,Iceland,1995,,0.0,,0.0,,0.0,3.197,0.71,0.0,0.0,,,,,,,0.0,17.629,3.215,0.11,0.737,0.0,2754.463,0.0,0.0,4.98,0.0,0.0,0.01,0.0,4.68,0.0,0.01,0.29,0.29,4.97,0.0,0.0,4.98,,3.149,85666.539,1.795,39.84,0.161,9.134,34129.622,37.365,0.201,7281669338.0,0.0,,0.0,0.0,0.0,0.0,0.0,0.0,0.0,93.976,3.723,56.668,0.466,12.992,17487.025,48545.911,99.799,4.97,18570.623,4.147,60.16,0.549,13.793,51536.985,0.0,0.0,0.0,,0.0,0.0,0.0,0.0,0.0,0.201,0.606,36.625,0.051,8.397,37.365,31375.159,0.0,0.0,1083.598,1083.598,11.539,3.492,0.083,0.8,5.823,5.823,2991.075,18607.988,267627.0,22.927,18570.623,99.799,4.147,60.16,0.549,13.793,51536.985,0.0,,0.0,0.0,0.0,0.0,0.0,0.0,,0.0,0.0,0.0,0.0,0.0
ISL,Iceland,1996,,0.0,,0.0,,0.0,5.964,1.367,0.0,0.0,,,,,,,0.0,-0.944,3.006,-0.007,0.73,0.0,2703.035,0.0,0.0,5.12,0.0,0.0,0.0,0.0,4.77,0.0,0.0,0.35,0.35,5.12,0.0,0.0,5.12,,3.196,89929.827,10.709,41.624,0.978,10.112,37432.667,0.0,0.0,7601171286.0,0.0,,0.0,0.0,0.0,0.0,0.0,0.0,0.0,93.164,1.82,54.452,0.236,13.229,17657.249,48968.922,100.0,5.12,18952.855,2.821,58.376,0.389,14.182,52497.232,0.0,0.0,0.0,,0.0,0.0,0.0,0.0,0.0,0.0,11.733,38.619,0.985,9.382,0.0,34729.632,0.0,0.0,1295.605,1295.605,19.071,3.923,0.153,0.953,6.836,6.836,3528.309,18952.855,270144.0,24.294,18952.855,100.0,2.821,58.376,0.389,14.182,52497.232,0.0,,0.0,0.0,0.0,0.0,0.0,0.0,,0.0,0.0,0.0,0.0,0.0
ISL,Iceland,1997,,0.0,,0.0,,0.0,4.754,1.155,0.0,0.0,,,,,,,0.0,3.719,2.976,0.027,0.757,0.0,2777.204,0.0,0.0,5.59,0.0,0.0,0.0,0.0,5.21,0.0,0.0,0.38,0.38,5.59,0.0,0.0,5.59,,3.136,93318.722,-1.461,39.155,-0.148,9.964,36538.881,0.0,0.0,8113932442.0,0.0,,0.0,0.0,0.0,0.0,0.0,0.0,0.0,93.202,9.218,56.773,1.219,14.448,19104.613,52979.847,100.0,5.59,20498.04,9.185,60.845,1.303,15.484,56779.916,0.0,0.0,0.0,,0.0,0.0,0.0,0.0,0.0,0.0,-1.864,36.179,-0.175,9.207,0.0,33761.676,0.0,0.0,1393.427,1393.427,8.725,4.072,0.083,1.036,6.798,6.798,3800.069,20498.04,272709.0,25.449,20498.04,100.0,9.185,60.845,1.303,15.484,56779.916,0.0,,0.0,0.0,0.0,0.0,0.0,0.0,,0.0,0.0,0.0,0.0,0.0
ISL,Iceland,1998,,0.0,,0.0,,0.0,8.157,2.076,0.0,0.0,,,,,,,0.0,-10.228,2.47,-0.077,0.68,0.0,2469.739,0.0,0.0,6.27,0.0,0.0,0.0,0.0,5.62,0.0,0.0,0.65,0.65,6.27,0.0,0.0,6.27,,3.195,99982.923,1.49,36.741,0.148,10.113,36735.074,0.0,0.0,8613685509.0,0.0,,0.0,0.0,0.0,0.0,0.0,0.0,0.0,89.633,7.965,56.672,1.151,15.599,20414.539,56662.458,100.0,6.27,22775.651,12.447,63.259,1.927,17.412,63247.929,0.0,0.0,0.0,,0.0,0.0,0.0,0.0,0.0,0.0,2.454,34.271,0.226,9.433,0.0,34265.335,0.0,0.0,2361.112,2361.112,74.941,6.587,0.777,1.813,10.367,10.367,6585.471,22775.651,275294.0,27.525,22775.651,100.0,12.447,63.259,1.927,17.412,63247.929,0.0,,0.0,0.0,0.0,0.0,0.0,0.0,,0.0,0.0,0.0,0.0,0.0
ISL,Iceland,1999,,0.0,,0.0,,0.0,9.537,2.625,0.0,0.0,,,,,,,0.0,16.957,2.637,0.115,0.795,0.0,2861.764,0.0,0.0,7.19,0.0,0.0,0.0,0.0,6.05,0.0,0.0,1.14,1.14,7.19,0.0,0.0,7.19,,3.378,108503.821,0.982,33.872,0.099,10.212,36752.015,0.0,0.0,8924295723.0,0.0,,0.0,0.0,0.0,0.0,0.0,0.0,0.0,84.145,7.591,55.665,1.184,16.783,21772.928,60398.841,100.0,7.19,25875.596,14.506,66.128,2.526,19.938,71751.892,0.0,0.0,0.0,,0.0,0.0,0.0,0.0,0.0,0.0,-0.17,31.234,-0.016,9.417,0.0,33890.252,0.0,0.0,4102.667,4102.667,74.007,10.463,1.342,3.155,15.855,15.855,11353.052,25875.596,277868.0,30.15,25875.596,100.0,14.506,66.128,2.526,19.938,71751.892,0.0,,0.0,0.0,0.0,0.0,0.0,0.0,,0.0,0.0,0.0,0.0,0.0
ISL,Iceland,2000,,0.0,,0.0,,0.0,6.178,1.863,0.0,0.0,,,,,,26.042,0.0,38.29,3.435,0.304,1.1,0.0,3921.255,0.0,0.0,7.68,0.0,0.0,0.0,0.0,6.36,0.0,0.0,1.32,1.32,7.68,0.0,0.0,7.68,0.2,3.44,114151.469,4.759,33.419,0.486,10.698,38148.132,0.0,0.0,9306325922.0,0.0,,0.0,0.0,0.0,0.0,0.0,0.0,0.0,82.813,5.108,55.104,0.857,17.64,22678.729,62902.302,100.0,7.68,27385.635,6.905,66.581,1.377,21.314,76003.428,0.0,0.0,0.0,,0.0,0.0,0.0,0.0,0.0,0.0,1.928,29.984,0.182,9.599,0.0,34226.877,0.0,0.0,4706.906,4706.906,16.465,11.477,0.519,3.674,17.188,17.188,13101.127,27385.635,280439.0,32.013,27385.635,100.0,6.905,66.581,1.377,21.314,76003.428,0.0,,0.0,0.0,0.0,0.0,0.0,0.0,,0.0,0.0,0.0,0.0,0.0
ISL,Iceland,2001,,0.0,,0.0,,0.0,1.034,0.331,0.0,0.0,,,,,,27.397,0.0,8.484,3.688,0.093,1.193,0.0,4216.779,0.0,0.0,8.03,0.0,0.0,0.0,0.0,6.58,0.0,0.0,1.45,1.45,8.03,0.0,0.0,8.03,0.22,3.36,114324.298,-4.649,31.539,-0.497,10.201,36056.822,0.0,0.0,9626312420.0,0.0,,0.0,0.0,0.0,0.0,0.0,0.0,0.0,81.943,2.825,56.081,0.498,18.139,23258.28,64114.628,100.0,8.03,28383.585,3.886,68.461,0.828,22.143,78267.568,0.0,0.0,0.0,,0.0,0.0,0.0,0.0,0.0,0.0,-6.154,27.851,-0.591,9.008,0.0,31840.042,0.0,0.0,5125.305,5125.305,8.98,12.38,0.33,4.004,18.057,18.057,14152.94,28383.585,282910.0,32.343,28383.585,100.0,3.886,68.461,0.828,22.143,78267.568,0.0,,0.0,0.0,0.0,0.0,0.0,0.0,,0.0,0.0,0.0,0.0,0.0
ISL,Iceland,2002,,0.0,,0.0,,0.0,3.866,1.25,0.0,0.0,,,,,,27.316,0.0,-0.389,3.537,-0.005,1.188,0.0,4164.786,0.0,0.0,8.42,0.0,0.0,0.01,0.0,6.98,0.0,0.01,1.43,1.43,8.41,0.0,0.0,8.42,0.23,3.492,117737.449,3.508,31.43,0.358,10.559,37005.132,35.047,0.119,9619515080.0,0.0,,0.0,0.0,0.0,0.0,0.0,0.0,0.0,82.898,5.373,56.895,0.975,19.113,24462.988,66986.446,99.881,8.41,29474.747,4.031,68.57,0.893,23.035,80732.411,0.0,0.0,0.0,,0.0,0.0,0.0,0.0,0.0,0.119,4.024,27.893,0.362,9.37,35.047,32840.346,0.0,0.0,5011.758,5011.758,-2.045,11.675,-0.082,3.922,16.983,16.983,13745.965,29509.794,285329.0,33.594,29474.747,99.881,4.031,68.57,0.893,23.035,80732.411,0.0,,0.0,0.0,0.0,0.0,0.0,0.0,,0.0,0.0,0.0,0.0,0.0
ISL,Iceland,2003,,0.0,,0.0,,0.0,0.492,0.165,0.0,0.0,,,,,,27.027,0.0,-1.823,3.456,-0.022,1.167,0.0,4051.562,0.0,0.0,8.51,0.0,0.0,0.01,0.0,7.09,0.0,0.01,1.41,1.41,8.5,0.0,0.0,8.51,0.23,3.439,117237.993,0.748,31.51,0.079,10.638,36941.971,34.728,0.118,9816636130.0,0.0,,0.0,0.0,0.0,0.0,0.0,0.0,0.0,83.314,0.95,57.154,0.182,19.295,24621.903,67006.363,99.882,8.5,29518.501,0.375,68.49,0.086,23.122,80296.116,0.0,0.0,0.0,,0.0,0.0,0.0,0.0,0.0,0.118,1.074,28.054,0.101,9.471,34.728,32890.408,0.0,0.0,4896.598,4896.598,-2.429,11.336,-0.095,3.827,16.569,16.569,13289.753,29553.229,287955.0,33.759,29518.501,99.882,0.375,68.49,0.086,23.122,80296.116,0.0,,0.0,0.0,0.0,0.0,0.0,0.0,,0.0,0.0,0.0,0.0,0.0
ISL,Iceland,2004,,0.0,,0.0,,0.0,2.04,0.689,0.0,0.0,,,,,,26.713,0.0,4.762,3.548,0.056,1.222,0.0,4198.608,0.0,0.0,8.61,0.0,0.0,0.0,0.0,7.13,0.0,0.0,1.48,1.48,8.61,0.0,0.0,8.61,0.23,3.259,118336.858,4.621,32.307,0.492,11.129,38231.29,0.0,0.0,10571340637.0,0.0,,0.0,0.0,0.0,0.0,0.0,0.0,0.0,82.811,0.058,56.044,0.011,19.306,24493.133,66320.725,100.0,8.61,29577.262,0.853,67.693,0.197,23.319,80105.663,0.0,0.0,0.0,,0.0,0.0,0.0,0.0,0.0,0.0,4.604,28.759,0.436,9.907,0.0,34032.682,0.0,0.0,5084.129,5084.129,4.86,11.649,0.186,4.013,17.189,17.189,13784.938,29577.262,291102.0,34.448,29577.262,100.0,0.853,67.693,0.197,23.319,80105.663,0.0,,0.0,0.0,0.0,0.0,0.0,0.0,,0.0,0.0,0.0,0.0,0.0
ISL,Iceland,2005,,0.0,,0.0,,0.0,0.409,0.141,0.0,0.0,,,,,,26.498,0.0,-4.545,3.373,-0.056,1.167,0.0,3955.127,0.0,0.0,8.68,0.0,0.0,0.0,0.0,7.02,0.0,0.0,1.66,1.66,8.68,0.0,0.0,8.68,0.23,3.078,117260.427,1.141,32.543,0.127,11.256,38159.745,0.0,0.0,11236789582.0,0.0,,0.0,0.0,0.0,0.0,0.0,0.0,0.0,80.876,-2.258,54.556,-0.436,18.87,23798.546,63972.142,100.0,8.68,29426.123,0.06,67.457,0.014,23.333,79100.775,0.0,0.0,0.0,,0.0,0.0,0.0,0.0,0.0,0.0,1.843,29.17,0.183,10.09,0.0,34204.618,0.0,0.0,5627.576,5627.576,11.208,12.902,0.45,4.463,19.124,19.124,15128.634,29426.123,294976.0,34.589,29426.123,100.0,0.06,67.457,0.014,23.333,79100.775,0.0,,0.0,0.0,0.0,0.0,0.0,0.0,,0.0,0.0,0.0,0.0,0.0
ISL,Iceland,2006,,0.0,,0.0,,0.0,9.783,3.384,0.0,0.0,,,,,,27.218,0.0,2.381,3.146,0.028,1.194,0.0,3985.111,0.0,0.0,9.92,0.0,0.0,0.0,0.0,7.29,0.0,0.0,2.63,2.63,9.92,0.0,0.0,9.92,0.27,3.231,126692.032,1.749,30.161,0.197,11.453,38211.59,0.0,0.0,11753620976.0,0.0,,0.0,0.0,0.0,0.0,0.0,0.0,0.0,73.488,3.248,51.308,0.613,19.483,24322.133,65003.099,100.0,9.92,33096.785,13.66,69.839,3.187,26.52,88480.544,0.0,0.0,0.0,,0.0,0.0,0.0,0.0,0.0,0.0,1.676,27.015,0.169,10.259,0.0,34226.479,0.0,0.0,8774.652,8774.652,57.685,18.531,2.574,7.037,26.512,26.512,23477.445,33096.785,299727.0,37.973,33096.785,100.0,13.66,69.839,3.187,26.52,88480.544,0.0,,0.0,0.0,0.0,0.0,0.0,0.0,,0.0,0.0,0.0,0.0,0.0
ISL,Iceland,2007,,0.0,,0.0,,0.0,14.23,5.403,0.0,0.0,,,,,,28.404,0.0,6.977,2.946,0.083,1.278,0.0,4186.954,0.0,0.0,11.97,0.0,0.0,0.0,0.0,8.39,0.0,0.0,3.58,3.58,11.97,0.0,0.0,11.97,0.34,3.388,142133.571,1.017,26.672,0.116,11.57,37910.311,0.0,0.0,12803464117.0,0.0,,0.0,0.0,0.0,0.0,0.0,0.0,0.0,70.092,14.437,51.401,2.813,22.296,27491.882,73057.88,100.0,11.97,39222.625,19.936,73.328,5.287,31.807,104223.373,0.0,0.0,0.0,,0.0,0.0,0.0,0.0,0.0,0.0,0.323,23.727,0.033,10.292,0.0,33723.357,0.0,0.0,11730.743,11730.743,35.162,21.927,2.474,9.511,29.908,29.908,31165.493,39222.625,305181.0,43.376,39222.625,100.0,19.936,73.328,5.287,31.807,104223.373,0.0,,0.0,0.0,0.0,0.0,0.0,0.0,,0.0,0.0,0.0,0.0,0.0
ISL,Iceland,2008,,0.0,,0.0,,0.0,24.732,10.728,0.0,0.0,,,,,,27.322,0.0,-13.043,2.054,-0.167,1.111,0.0,3574.374,0.0,0.0,16.47,0.0,0.0,0.0,0.0,12.43,0.0,0.0,4.04,4.04,16.47,0.0,0.0,16.47,0.45,4.179,174050.743,-8.034,19.666,-0.929,10.64,34228.387,0.0,0.0,12948303867.0,0.0,,0.0,0.0,0.0,0.0,0.0,0.0,0.0,75.471,47.136,60.633,10.509,32.805,39986.489,105532.684,100.0,16.47,52982.902,36.651,80.334,11.658,43.465,139822.495,0.0,0.0,0.0,,0.0,0.0,0.0,0.0,0.0,0.0,-7.412,17.612,-0.763,9.529,0.0,30654.013,0.0,0.0,12996.413,12996.413,12.071,19.701,1.148,10.659,24.529,24.529,34289.811,52982.902,310855.0,54.105,52982.902,100.0,36.651,80.334,11.658,43.465,139822.495,0.0,,0.0,0.0,0.0,0.0,0.0,0.0,,0.0,0.0,0.0,0.0,0.0
ISL,Iceland,2009,,0.0,,0.0,,0.0,-0.157,-0.085,0.0,0.0,,,,,,27.332,0.0,-7.5,1.903,-0.083,1.028,0.0,3251.877,0.0,0.0,16.83,0.0,0.0,0.0,0.0,12.28,0.0,0.0,4.55,4.55,16.83,0.0,0.0,16.83,0.46,4.501,170917.949,-7.325,18.254,-0.779,9.861,31199.026,0.0,0.0,12002983331.0,0.0,,0.0,0.0,0.0,0.0,0.0,0.0,0.0,72.965,-1.802,59.634,-0.591,32.214,38853.751,101925.762,100.0,16.83,53249.888,1.598,81.746,0.695,44.159,139719.058,0.0,0.0,0.0,,0.0,0.0,0.0,0.0,0.0,0.0,-7.305,16.351,-0.696,8.833,0.0,27947.149,0.0,0.0,14396.137,14396.137,12.062,22.112,1.286,11.945,27.035,27.035,37793.297,53249.888,316057.0,54.02,53249.888,100.0,1.598,81.746,0.695,44.159,139719.058,0.0,,0.0,0.0,0.0,0.0,0.0,0.0,,0.0,0.0,0.0,0.0,0.0
ISL,Iceland,2010,,0.0,,0.0,,0.0,-0.004,-0.002,0.0,0.0,,,,,,27.55,0.0,5.405,2.006,0.056,1.083,0.0,3381.805,0.0,0.0,17.06,0.0,0.0,0.0,0.0,12.59,0.0,0.0,4.47,4.47,17.06,0.0,0.0,17.06,0.47,4.684,168624.291,-3.225,17.666,-0.318,9.543,29788.86,0.0,0.0,11531380287.0,0.0,,0.0,0.0,0.0,0.0,0.0,0.0,0.0,73.798,1.918,60.781,0.618,32.832,39301.746,102490.906,100.0,17.06,53255.583,0.715,82.334,0.316,44.475,138835.567,0.0,0.0,0.0,,0.0,0.0,0.0,0.0,0.0,0.0,-4.23,15.66,-0.374,8.459,0.0,26407.055,0.0,0.0,13953.837,13953.837,-2.529,21.554,-0.302,11.643,26.202,26.202,36344.661,53255.583,320342.0,54.017,53255.583,100.0,0.715,82.334,0.316,44.475,138835.567,0.0,,0.0,0.0,0.0,0.0,0.0,0.0,,0.0,0.0,0.0,0.0,0.0
ISL,Iceland,2011,,0.0,,0.0,,0.0,0.013,0.007,0.0,0.0,,,,,,27.891,0.0,0.0,2.005,0.0,1.083,0.0,3349.092,0.0,0.0,17.21,0.0,0.0,0.0,0.0,12.51,0.0,0.0,4.7,4.7,17.21,0.0,0.0,17.21,0.48,4.611,167014.683,-1.198,17.452,-0.114,9.428,29147.187,0.0,0.0,11715657581.0,0.0,,0.0,0.0,0.0,0.0,0.0,0.0,0.0,72.69,-1.283,59.993,-0.421,32.411,38674.255,100197.672,100.0,17.21,53204.151,0.27,82.545,0.12,44.595,137863.181,0.0,0.0,0.0,,0.0,0.0,0.0,0.0,0.0,0.0,-1.352,15.447,-0.114,8.345,0.0,25798.095,0.0,0.0,14529.896,14529.896,4.646,22.552,0.541,12.184,27.31,27.31,37665.445,53204.151,323471.0,54.024,53204.151,100.0,0.27,82.545,0.12,44.595,137863.181,0.0,,0.0,0.0,0.0,0.0,0.0,0.0,,0.0,0.0,0.0,0.0,0.064
ISL,Iceland,2012,,0.0,,0.0,,0.0,0.99,0.535,0.0,0.0,,,,,,28.49,0.0,2.308,2.031,0.025,1.108,0.0,3403.536,0.0,0.0,17.55,0.0,0.0,0.0,0.0,12.34,0.0,0.0,5.21,5.21,17.55,0.0,0.0,17.55,0.5,4.601,167544.408,-0.688,17.162,-0.065,9.363,28753.549,0.0,0.0,11858326781.0,0.0,,0.0,0.0,0.0,0.0,0.0,0.0,0.0,70.313,-1.96,58.241,-0.635,31.776,37894.375,97579.353,100.0,17.55,53893.54,1.345,82.835,0.6,45.194,138785.44,0.0,0.0,0.0,,0.0,0.0,0.0,0.0,0.0,0.0,-1.077,15.13,-0.09,8.255,0.0,25350.013,0.0,0.0,15999.165,15999.165,10.134,24.594,1.235,13.418,29.687,29.687,41206.086,53893.54,325642.0,54.559,53893.54,100.0,1.345,82.835,0.6,45.194,138785.44,0.0,,0.0,0.0,0.0,0.0,0.0,0.0,-100.0,0.0,-0.0,0.0,0.0,0.0
ISL,Iceland,2013,,0.0,,0.0,,0.0,3.194,1.743,0.0,0.0,,,,,,28.161,0.0,15.038,2.265,0.167,1.275,0.0,3896.774,0.0,0.0,18.11,0.0,0.0,0.0,0.0,12.86,0.0,0.0,5.25,5.25,18.11,0.0,0.0,18.11,0.51,4.547,172076.383,5.759,17.588,0.539,9.903,30265.161,0.0,0.0,12381386356.0,0.0,,0.0,0.0,0.0,0.0,0.0,0.0,0.0,71.01,3.638,58.491,1.156,32.932,39303.899,100649.783,100.0,18.11,55349.426,2.611,82.367,1.18,46.375,141734.001,0.0,0.0,0.0,,0.0,0.0,0.0,0.0,0.0,0.0,4.513,15.324,0.373,8.628,0.0,26368.387,0.0,0.0,16045.527,16045.527,0.075,23.851,0.01,13.428,28.99,28.99,41041.259,55349.426,327194.0,56.302,55349.426,100.0,2.611,82.367,1.18,46.375,141734.001,0.0,,0.0,0.0,0.0,0.0,0.0,0.0,,0.025,0.014,0.014,0.0,42.958
ISL,Iceland,2014,,0.0,,0.0,,0.0,-0.132,-0.074,0.0,0.0,,,,,,28.146,0.0,-18.083,1.858,-0.231,1.044,0.0,3178.547,0.0,0.0,18.12,0.0,0.0,0.0,0.0,12.87,0.0,0.0,5.24,5.24,18.12,0.0,0.01,18.12,0.51,4.456,171118.197,1.666,17.905,0.165,10.068,30638.329,0.0,0.0,12619690646.0,0.0,,0.0,0.0,0.0,0.0,0.0,0.0,0.0,71.026,-0.52,58.264,-0.171,32.761,39167.113,99700.214,100.0,18.12,55144.374,-0.563,82.011,-0.261,46.113,140335.75,0.0,0.0,0.0,,0.0,0.0,0.0,0.0,0.0,0.0,4.584,16.047,0.395,9.023,0.0,27459.781,0.0,0.0,15946.828,15946.828,-0.724,23.709,-0.097,13.331,28.918,28.918,40570.612,55144.374,328592.0,56.228,55144.374,100.0,-0.563,82.011,-0.261,46.113,140335.75,0.0,,0.0,0.0,0.0,0.0,0.0,0.055,51.779,0.038,0.007,0.021,30.433,64.924
ISL,Iceland,2015,,0.0,,0.0,,0.0,4.368,2.456,0.0,0.0,,,,,,27.674,0.0,10.638,1.969,0.111,1.156,0.0,3499.173,0.0,0.0,18.79,0.0,0.0,0.0,0.0,13.78,0.0,0.0,5.0,5.0,18.79,0.0,0.01,18.79,0.52,4.467,177703.282,9.262,18.744,0.932,11.0,33309.418,0.0,0.0,13136775054.0,0.0,,0.0,0.0,0.0,0.0,0.0,0.0,0.0,73.337,6.414,59.406,2.101,34.862,41727.608,105566.894,100.0,18.79,56898.53,3.107,81.02,1.433,47.546,143975.429,0.0,0.0,0.0,,0.0,0.0,0.0,0.0,0.0,0.0,9.103,16.775,0.821,9.844,0.0,29810.245,0.0,0.0,15140.641,15140.641,-5.062,21.567,-0.675,12.656,26.61,26.61,38325.094,56898.53,330237.0,58.684,56898.53,100.0,3.107,81.02,1.433,47.546,143975.429,0.0,,0.0,0.0,0.0,0.0,0.0,0.053,29.167,0.047,0.006,0.028,30.281,83.442
ISL,Iceland,2016,,0.0,,0.0,,0.0,0.505,0.297,0.0,0.0,,,,,,27.493,0.0,16.346,2.279,0.189,1.344,0.0,4046.987,0.0,0.0,18.55,0.0,0.0,0.0,0.0,13.47,0.0,0.0,5.07,5.07,18.55,0.0,0.01,18.55,0.51,4.18,177541.131,10.792,20.663,1.187,12.187,36684.988,0.0,0.0,14111050376.0,0.0,,0.0,0.0,0.0,0.0,0.0,0.0,0.0,72.615,-2.836,57.431,-0.989,33.873,40546.764,101963.739,100.0,18.55,55838.343,-1.906,79.076,-0.906,46.64,140392.365,0.0,0.0,0.0,,0.0,0.0,0.0,0.0,0.0,0.0,10.14,18.383,0.998,10.843,0.0,32638.001,0.0,0.0,15261.477,15261.477,0.686,21.606,0.087,12.743,27.332,27.332,38358.891,55838.343,332209.0,58.981,55838.343,100.0,-1.906,79.076,-0.906,46.64,140392.365,0.0,,0.0,0.0,0.0,0.0,0.0,0.054,-15.927,0.039,-0.004,0.023,30.102,69.735
ISL,Iceland,2017,,,,,,,4.608,2.718,0.0,0.0,,,,,,28.067,0.0,-0.826,2.161,-0.011,1.333,0.0,3987.304,,,19.24,0.0,0.0,0.0,0.0,14.06,0.0,0.0,5.17,5.17,19.24,0.0,0.01,19.24,0.54,4.182,184508.784,10.268,21.781,1.251,13.438,40187.222,0.0,0.0,14752536225.0,0.0,,0.0,0.0,0.0,0.0,0.0,,,73.077,3.76,56.965,1.274,35.147,42046.083,105105.739,100.0,19.24,57536.745,3.112,77.945,1.452,48.091,143815.387,0.0,0.0,0.0,,0.0,0.0,0.0,0.0,0.0,0.0,11.643,19.62,1.262,12.105,0.0,36199.918,,,15460.757,15460.757,1.419,20.947,0.181,12.924,26.871,26.871,38648.924,57536.745,334395.0,61.699,57536.745,100.0,3.112,77.945,1.452,48.091,143815.387,0.0,,0.0,0.0,0.0,0.0,0.0,0.052,-12.35,0.033,-0.003,0.02,29.905,60.723
ISL,Iceland,2018,,,,,,,3.603,2.223,0.0,0.0,,,,,,28.254,0.0,0.0,2.086,0.0,1.333,0.0,3959.866,,,19.82,0.0,0.0,0.0,0.0,13.81,0.0,0.0,6.01,6.01,19.82,0.0,0.0,19.82,0.56,4.174,189841.17,7.459,22.591,1.002,14.441,42887.77,0.0,0.0,15315260539.0,0.0,,0.0,0.0,0.0,0.0,0.0,,,69.677,-2.324,53.706,-0.817,34.33,41014.279,101956.794,100.0,19.82,58863.361,2.467,77.09,1.186,49.278,146349.531,0.0,0.0,0.0,,0.0,0.0,0.0,0.0,0.0,0.0,8.281,20.505,1.002,13.107,0.0,38927.904,,,17849.082,17849.082,15.574,23.367,2.013,14.937,30.323,30.323,44360.563,58863.361,336712.0,63.922,58863.361,100.0,2.467,77.09,1.186,49.278,146349.531,0.0,,0.0,0.0,0.0,0.0,0.0,0.0,-46.648,0.017,-0.009,0.011,0.0,32.174
ISL,Iceland,2019,,,,,,,-4.796,-3.066,0.0,0.0,,,,,,28.22,0.0,-2.083,2.145,-0.028,1.306,0.0,3850.779,,,19.49,0.0,0.0,0.0,0.0,13.46,0.0,0.0,6.02,6.02,19.49,0.0,0.01,19.49,0.55,,179496.797,-14.107,20.382,-2.037,12.404,36584.913,0.0,0.0,,0.0,,0.0,0.0,0.0,0.0,0.0,,,69.061,-2.903,54.774,-0.997,33.334,39700.682,98318.268,100.0,19.49,57486.351,-2.081,79.289,-1.026,48.252,142320.849,0.0,0.0,0.0,,0.0,0.0,0.0,0.0,0.0,0.0,-15.33,18.237,-2.009,11.098,0.0,32734.134,,,17756.174,17756.174,-0.231,24.488,-0.035,14.902,30.888,30.888,43954.569,57486.351,339037.0,60.856,57486.351,100.0,-2.081,79.289,-1.026,48.252,142320.849,0.0,,0.0,0.0,0.0,0.0,0.0,0.051,50.256,0.027,0.005,0.016,29.495,48.012
ISL,Iceland,2020,,,,,,,-6.256,-3.807,0.0,0.0,,,,,,28.751,0.0,0.0,2.288,0.0,1.306,0.0,3825.807,,,19.13,0.0,0.0,0.0,0.0,13.16,0.0,0.0,5.96,5.96,19.13,0.0,0.01,19.13,0.55,,167175.409,-21.99,16.961,-2.728,9.676,28354.889,0.0,0.0,,0.0,,0.0,0.0,0.0,0.0,0.0,,,68.792,-2.561,56.934,-0.854,32.48,38564.103,95179.188,100.0,19.13,56058.608,-2.176,82.74,-1.05,47.202,138320.488,0.0,0.0,0.0,,0.0,0.0,0.0,0.0,0.0,0.0,-24.577,14.673,-2.728,8.371,0.0,24529.082,,,17465.201,17465.201,-1.32,25.777,-0.197,14.706,31.155,31.155,43093.111,56058.608,341250.0,57.049,56058.608,100.0,-2.176,82.74,-1.05,47.202,138320.488,0.0,,0.0,0.0,0.0,0.0,0.0,0.052,1.024,0.029,0.0,0.016,29.304,48.189
