iso_code,country,year,coal_prod_change_pct,coal_prod_change_twh,gas_prod_change_pct,gas_prod_change_twh,oil_prod_change_pct,oil_prod_change_twh,energy_cons_change_pct,energy_cons_change_twh,biofuel_share_elec,biofuel_elec_per_capita,biofuel_cons_change_pct,biofuel_share_energy,biofuel_cons_change_twh,biofuel_consumption,biofuel_cons_per_capita,carbon_intensity_elec,coal_share_elec,coal_cons_change_pct,coal_share_energy,coal_cons_change_twh,coal_consumption,coal_elec_per_capita,coal_cons_per_capita,coal_production,coal_prod_per_capita,electricity_demand,biofuel_electricity,coal_electricity,fossil_electricity,gas_electricity,hydro_electricity,nuclear_electricity,oil_electricity,other_renewable_exc_biofuel_electricity,other_renewable_electricity,renewables_electricity,solar_electricity,wind_electricity,electricity_generation,greenhouse_gas_emissions,energy_per_gdp,energy_per_capita,fossil_cons_change_pct,fossil_share_energy,fossil_cons_change_twh,fossil_fuel_consumption,fossil_energy_per_capita,fossil_cons_per_capita,fossil_share_elec,gdp,gas_share_elec,gas_cons_change_pct,gas_share_energy,gas_cons_change_twh,gas_consumption,gas_elec_per_capita,gas_energy_per_capita,gas_production,gas_prod_per_capita,hydro_share_elec,hydro_cons_change_pct,hydro_share_energy,hydro_cons_change_twh,hydro_consumption,hydro_elec_per_capita,hydro_energy_per_capita,low_carbon_share_elec,low_carbon_electricity,low_carbon_elec_per_capita,low_carbon_cons_change_pct,low_carbon_share_energy,low_carbon_cons_change_twh,low_carbon_consumption,low_carbon_energy_per_capita,net_elec_imports_share_demand,net_elec_imports,nuclear_share_elec,nuclear_cons_change_pct,nuclear_share_energy,nuclear_cons_change_twh,nuclear_consumption,nuclear_elec_per_capita,nuclear_energy_per_capita,oil_share_elec,oil_cons_change_pct,oil_share_energy,oil_cons_change_twh,oil_consumption,oil_elec_per_capita,oil_energy_per_capita,oil_production,oil_prod_per_capita,other_renewables_elec_per_capita_exc_biofuel,other_renewables_elec_per_capita,other_renewables_cons_change_pct,other_renewables_share_energy,other_renewables_cons_change_twh,other_renewable_consumption,other_renewables_share_elec_exc_biofuel,other_renewables_share_elec,other_renewables_energy_per_capita,per_capita_electricity,population,primary_energy_consumption,renewables_elec_per_capita,renewables_share_elec,renewables_cons_change_pct,renewables_share_energy,renewables_cons_change_twh,renewables_consumption,renewables_energy_per_capita,solar_share_elec,solar_cons_change_pct,solar_share_energy,solar_cons_change_twh,solar_consumption,solar_elec_per_capita,solar_energy_per_capita,wind_share_elec,wind_cons_change_pct,wind_share_energy,wind_cons_change_twh,wind_consumption,wind_elec_per_capita,wind_energy_per_capita
IDN,Indonesia,1900,,,,,,,,,,,,,,,,,,,,,,,,1.653,43.297,,,,,,,,,,,,,,,,,,,,,,,,,51910100000.0,,,,,,,,0.0,0.0,,,,,,,,,,,,,,,,,,,,,,,,,,,,,,,,3.617,94.759,,,,,,,,,,,38169857.0,,,,,,,,,,,,,,,,,,,,,,
IDN,Indonesia,1901,0.985,0.016,,0.0,78.135,2.826,,,,,,,,,,,,,,,,,,1.669,43.17,,,,,,,,,,,,,,,,,,,,,,,,,51089575000.0,,,,,,,,0.0,0.0,,,,,,,,,,,,,,,,,,,,,,,,,,,,,,,,6.443,166.664,,,,,,,,,,,38658803.0,,,,,,,,,,,,,,,,,,,,,,
IDN,Indonesia,1902,-6.341,-0.106,,0.0,-39.35,-2.535,,,,,,,,,,,,,,,,,,1.563,39.922,,,,,,,,,,,,,,,,,,,,,,,,,50067220000.0,,,,,,,,0.0,0.0,,,,,,,,,,,,,,,,,,,,,,,,,,,,,,,,3.908,99.805,,,,,,,,,,,39153251.0,,,,,,,,,,,,,,,,,,,,,,
IDN,Indonesia,1903,9.896,0.155,,0.0,136.905,5.35,,,,,,,,,,,,,,,,,,1.718,43.339,,,,,,,,,,,,,,,,,,,,,,,,,52836520000.0,,,,,,,,0.0,0.0,,,,,,,,,,,,,,,,,,,,,,,,,,,,,,,,9.257,233.565,,,,,,,,,,,39635616.0,,,,,,,,,,,,,,,,,,,,,,
IDN,Indonesia,1904,9.479,0.163,,0.0,12.814,1.186,,,,,,,,,,,,,,,,,,1.881,46.891,,,,,,,,,,,,,,,,,,,,,,,,,53544038000.0,,,,,,,,0.0,0.0,,,,,,,,,,,,,,,,,,,,,,,,,,,,,,,,10.444,260.407,,,,,,,,,,,40105530.0,,,,,,,,,,,,,,,,,,,,,,
IDN,Indonesia,1905,32.035,0.602,,0.0,20.601,2.152,,,,,,,,,,,,,,,,,,2.483,61.214,,,,,,,,,,,,,,,,,,,,,,,,,54217260000.0,,,,,,,,0.0,0.0,,,,,,,,,,,,,,,,,,,,,,,,,,,,,,,,12.595,310.516,,,,,,,,,,,40562543.0,,,,,,,,,,,,,,,,,,,,,,
IDN,Indonesia,1906,21.967,0.545,,0.0,4.34,0.547,,,,,,,,,,,,,,,,,,3.028,73.853,,,,,,,,,,,,,,,,,,,,,,,,,55577652000.0,,,,,,,,0.0,0.0,,,,,,,,,,,,,,,,,,,,,,,,,,,,,,,,13.142,320.485,,,,,,,,,,,41006369.0,,,,,,,,,,,,,,,,,,,,,,
IDN,Indonesia,1907,8.065,0.244,,0.0,21.947,2.884,,,,,,,,,,,,,,,,,,3.273,78.949,,,,,,,,,,,,,,,,,,,,,,,,,57011000000.0,,,,,,,,0.0,0.0,,,,,,,,,,,,,,,,,,,,,,,,,,,,,,,,16.026,386.608,,,,,,,,,,,41453239.0,,,,,,,,,,,,,,,,,,,,,,
IDN,Indonesia,1908,6.468,0.212,,0.0,3.048,0.488,,,,,,,,,,,,,,,,,,3.484,83.154,,,,,,,,,,,,,,,,,,,,,,,,,56856240000.0,,,,,,,,0.0,0.0,,,,,,,,,,,,,,,,,,,,,,,,,,,,,,,,16.515,394.122,,,,,,,,,,,41902329.0,,,,,,,,,,,,,,,,,,,,,,
IDN,Indonesia,1909,15.421,0.537,,0.0,7.324,1.21,,,,,,,,,,,,,,,,,,4.022,94.954,,,,,,,,,,,,,,,,,,,,,,,,,59669190000.0,,,,,,,,0.0,0.0,,,,,,,,,,,,,,,,,,,,,,,,,,,,,,,,17.724,418.48,,,,,,,,,,,42353629.0,,,,,,,,,,,,,,,,,,,,,,
IDN,Indonesia,1910,9.919,0.399,,0.0,-0.066,-0.012,,,,,,,,,,,,,,,,,,4.421,103.267,,,,,,,,,,,,,,,,,,,,,,,,,63242976000.0,,,,,,,,0.0,0.0,,,,,,,,,,,,,,,,,,,,,,,,,,,,,,,,17.713,413.774,,,,,,,,,,,42807209.0,,,,,,,,,,,,,,,,,,,,,,
IDN,Indonesia,1911,11.05,0.488,,0.0,9.718,1.721,,,,,,,,,,,,,,,,,,4.909,113.527,,,,,,,,,,,,,,,,,,,,,,,,,66186967000.0,,,,,,,,0.0,0.0,,,,,,,,,,,,,,,,,,,,,,,,,,,,,,,,19.434,449.429,,,,,,,,,,,43240922.0,,,,,,,,,,,,,,,,,,,,,,
IDN,Indonesia,1912,0.995,0.049,,0.0,-9.096,-1.768,,,,,,,,,,,,,,,,,,4.958,113.446,,,,,,,,,,,,,,,,,,,,,,,,,67204390000.0,,,,,,,,0.0,0.0,,,,,,,,,,,,,,,,,,,,,,,,,,,,,,,,17.666,404.231,,,,,,,,,,,43702673.0,,,,,,,,,,,,,,,,,,,,,,
IDN,Indonesia,1913,-6.732,-0.334,,0.0,0.461,0.081,,,,,,,,,,,,,,,,,,4.624,104.697,,,,,,,,,,,,,,,,,,,,,,,,,70277957000.0,,,,,,,,0.0,0.0,,,,,,,,,,,,,,,,,,,,,,,,,,,,,,,,17.747,401.829,,,,,,,,,,,44166527.0,,,,,,,,,,,,,,,,,,,,,,
IDN,Indonesia,1914,8.979,0.415,,0.0,2.818,0.5,,,,,,,,,,,,,,,,,,5.039,112.906,,,,,,,,,,,,,,,,,,,,,,,,,70179410000.0,,,,,,,,0.0,0.0,,,,,,,,,,,,,,,,,,,,,,,,,,,,,,,,18.247,408.839,,,,,,,,,,,44632473.0,,,,,,,,,,,,,,,,,,,,,,
IDN,Indonesia,1915,0.646,0.033,,0.0,1.848,0.337,,,,,,,,,,,,,,,,,,5.072,112.449,,,,,,,,,,,,,,,,,,,,,,,,,71131421000.0,,,,,,,,0.0,0.0,,,,,,,,,,,,,,,,,,,,,,,,,,,,,,,,18.585,412.047,,,,,,,,,,,45103442.0,,,,,,,,,,,,,,,,,,,,,,
IDN,Indonesia,1916,20.225,1.026,,0.0,8.26,1.535,,,,,,,,,,,,,,,,,,6.098,133.975,,,,,,,,,,,,,,,,,,,,,,,,,71621760000.0,,,,,,,,0.0,0.0,,,,,,,,,,,,,,,,,,,,,,,,,,,,,,,,20.12,442.07,,,,,,,,,,,45513008.0,,,,,,,,,,,,,,,,,,,,,,
IDN,Indonesia,1917,9.88,0.602,,0.0,3.526,0.709,,,,,,,,,,,,,,,,,,6.7,146.22,,,,,,,,,,,,,,,,,,,,,,,,,71790048000.0,,,,,,,,0.0,0.0,,,,,,,,,,,,,,,,,,,,,,,,,,,,,,,,20.829,454.573,,,,,,,,,,,45821751.0,,,,,,,,,,,,,,,,,,,,,,
IDN,Indonesia,1918,1.215,0.081,,0.0,-1.508,-0.314,,,,,,,,,,,,,,,,,,6.781,146.754,,,,,,,,,,,,,,,,,,,,,,,,,73209780000.0,,,,,,,,0.0,0.0,,,,,,,,,,,,,,,,,,,,,,,,,,,,,,,,20.515,443.961,,,,,,,,,,,46209757.0,,,,,,,,,,,,,,,,,,,,,,
IDN,Indonesia,1919,14.046,0.952,,0.0,22.449,4.605,,,,,,,,,,,,,,,,,,7.734,165.641,,,,,,,,,,,,,,,,,,,,,,,,,79914984000.0,,,,,,,,0.0,0.0,,,,,,,,,,,,,,,,,,,,,,,,,,,,,,,,25.121,538.022,,,,,,,,,,,46691097.0,,,,,,,,,,,,,,,,,,,,,,
IDN,Indonesia,1920,-88.842,-6.871,,0.0,9.491,2.384,,,,,,,,,,,,,,,,,,0.863,18.249,,,,,,,,,,,,,,,,,,,,,,,,,77485137000.0,,,,,,,,0.0,0.0,,,,,,,,,,,,,,,,,,,,,,,,,,,,,,,,27.505,581.651,,,,,,,,,,,47287781.0,,,,,,,,,,,,,,,,,,,,,,
IDN,Indonesia,1921,1043.396,9.004,,0.0,-0.254,-0.07,,,,,,,,,,,,,,,,,,9.867,206.107,,,,,,,,,,,,,,,,,,,,,,,,,77563395000.0,,,,,,,,0.0,0.0,,,,,,,,,,,,,,,,,,,,,,,,,,,,,,,,27.435,573.086,,,,,,,,,,,47872726.0,,,,,,,,,,,,,,,,,,,,,,
IDN,Indonesia,1922,-14.109,-1.392,,1.313,0.975,0.267,,,,,,,,,,,,,,,,,,8.475,174.925,,,,,,,,,,,,,,,,,,,,,,,,,79663740000.0,,,,,,,,1.313,27.095,,,,,,,,,,,,,,,,,,,,,,,,,,,,,,,,27.703,571.803,,,,,,,,,,,48447986.0,,,,,,,,,,,,,,,,,,,,,,
IDN,Indonesia,1923,11.047,0.936,37.615,0.494,18.934,5.245,,,,,,,,,,,,,,,,,,9.411,191.939,,,,,,,,,,,,,,,,,,,,,,,,,81177516000.0,,,,,,,,1.806,36.844,,,,,,,,,,,,,,,,,,,,,,,,,,,,,,,,32.948,671.977,,,,,,,,,,,49031170.0,,,,,,,,,,,,,,,,,,,,,,
IDN,Indonesia,1924,25.173,2.369,27.333,0.494,3.283,1.082,,,,,,,,,,,,,,,,,,11.78,237.391,,,,,,,,,,,,,,,,,,,,,,,,,85424196000.0,,,,,,,,2.3,46.355,,,,,,,,,,,,,,,,,,,,,,,,,,,,,,,,34.029,685.761,,,,,,,,,,,49622865.0,,,,,,,,,,,,,,,,,,,,,,
IDN,Indonesia,1925,-3.179,-0.374,21.466,0.494,4.785,1.628,,,,,,,,,,,,,,,,,,11.406,227.099,,,,,,,,,,,,,,,,,,,,,,,,,87028095000.0,,,,,,,,2.794,55.633,,,,,,,,,,,,,,,,,,,,,,,,,,,,,,,,35.658,709.989,,,,,,,,,,,50222778.0,,,,,,,,,,,,,,,,,,,,,,
IDN,Indonesia,1926,4.64,0.529,17.672,0.494,-1.533,-0.547,,,,,,,,,,,,,,,,,,11.935,234.788,,,,,,,,,,,,,,,,,,,,,,,,,92032955000.0,,,,,,,,3.288,64.68,,,,,,,,,,,,,,,,,,,,,,,,,,,,,,,,35.111,690.729,,,,,,,,,,,50831790.0,,,,,,,,,,,,,,,,,,,,,,
IDN,Indonesia,1927,10.505,1.254,15.018,0.494,22.358,7.85,,,,,,,,,,,,,,,,,,13.188,256.338,,,,,,,,,,,,,,,,,,,,,,,,,97879145000.0,,,,,,,,3.782,73.501,,,,,,,,,,,,,,,,,,,,,,,,,,,,,,,,42.961,835.021,,,,,,,,,,,51449313.0,,,,,,,,,,,,,,,,,,,,,,
IDN,Indonesia,1928,5.185,0.684,13.057,0.494,16.622,7.141,,,,,,,,,,,,,,,,,,13.872,266.384,,,,,,,,,,,,,,,,,,,,,,,,,101521250000.0,,,,,,,,4.275,82.098,,,,,,,,,,,,,,,,,,,,,,,,,,,,,,,,50.102,962.091,,,,,,,,,,,52076228.0,,,,,,,,,,,,,,,,,,,,,,
IDN,Indonesia,1929,7.512,1.042,16.526,0.707,21.611,10.828,,,,,,,,,,,,,,,,,,14.914,282.939,,,,,,,,,,,,,,,,,,,,,,,,,103854338000.0,,,,,,,,4.982,94.511,,,,,,,,,,,,,,,,,,,,,,,,,,,,,,,,60.93,1155.891,,,,,,,,,,,52712242.0,,,,,,,,,,,,,,,,,,,,,,
IDN,Indonesia,1930,2.129,0.317,14.182,0.707,-3.97,-2.419,,,,,,,,,,,,,,,,,,15.232,285.22,,,,,,,,,,,,,,,,,,,,,,,,,105315720000.0,,,,,,,,5.688,106.518,,,,,,,,,,,,,,,,,,,,,,,,,,,,,,,,58.511,1095.627,,,,,,,,,,,53403727.0,,,,,,,,,,,,,,,,,,,,,,
IDN,Indonesia,1931,-24.96,-3.802,12.421,0.707,-8.607,-5.036,,,,,,,,,,,,,,,,,,11.43,211.086,,,,,,,,,,,,,,,,,,,,,,,,,98592704000.0,,,,,,,,6.395,118.101,,,,,,,,,,,,,,,,,,,,,,,,,,,,,,,,53.475,987.561,,,,,,,,,,,54148336.0,,,,,,,,,,,,,,,,,,,,,,
IDN,Indonesia,1932,-25.214,-2.882,11.048,0.707,10.244,5.478,,,,,,,,,,,,,,,,,,8.548,155.572,,,,,,,,,,,,,,,,,,,,,,,,,94763266000.0,,,,,,,,7.102,129.245,,,,,,,,,,,,,,,,,,,,,,,,,,,,,,,,58.953,1072.916,,,,,,,,,,,54946068.0,,,,,,,,,,,,,,,,,,,,,,
IDN,Indonesia,1933,-1.429,-0.122,9.949,0.707,9.193,5.42,,,,,,,,,,,,,,,,,,8.426,151.129,,,,,,,,,,,,,,,,,,,,,,,,,95742570000.0,,,,,,,,7.808,140.047,,,,,,,,,,,,,,,,,,,,,,,,,,,,,,,,64.372,1154.59,,,,,,,,,,,55753192.0,,,,,,,,,,,,,,,,,,,,,,
IDN,Indonesia,1934,-0.193,-0.016,9.049,0.707,9.395,6.048,,,,,,,,,,,,,,,,,,8.41,148.652,,,,,,,,,,,,,,,,,,,,,,,,,97150010000.0,,,,,,,,8.515,150.507,,,,,,,,,,,,,,,,,,,,,,,,,,,,,,,,70.42,1244.766,,,,,,,,,,,56572643.0,,,,,,,,,,,,,,,,,,,,,,
IDN,Indonesia,1935,7.551,0.635,8.298,0.707,0.446,0.314,,,,,,,,,,,,,,,,,,9.045,157.555,,,,,,,,,,,,,,,,,,,,,,,,,99821164000.0,,,,,,,,9.221,160.629,,,,,,,,,,,,,,,,,,,,,,,,,,,,,,,,70.734,1232.162,,,,,,,,,,,57406182.0,,,,,,,,,,,,,,,,,,,,,,
IDN,Indonesia,1936,3.24,0.293,7.662,0.707,5.853,4.14,,,,,,,,,,,,,,,,,,9.338,160.292,,,,,,,,,,,,,,,,,,,,,,,,,106169201000.0,,,,,,,,9.928,170.419,,,,,,,,,,,,,,,,,,,,,,,,,,,,,,,,74.874,1285.294,,,,,,,,,,,58254396.0,,,,,,,,,,,,,,,,,,,,,,
IDN,Indonesia,1937,19.704,1.84,7.117,0.707,12.799,9.583,,,,,,,,,,,,,,,,,,11.178,189.076,,,,,,,,,,,,,,,,,,,,,,,,,118784974000.0,,,,,,,,10.634,179.884,,,,,,,,,,,,,,,,,,,,,,,,,,,,,,,,84.457,1428.644,,,,,,,,,,,59116991.0,,,,,,,,,,,,,,,,,,,,,,
IDN,Indonesia,1938,6.118,0.684,-100.0,-10.634,1.873,1.582,,,,,,,,,,,,,,,,,,11.861,197.708,,,,,,,,,,,,,,,,,,,,,,,,,118306020000.0,,,,,,,,0.0,0.0,,,,,,,,,,,,,,,,,,,,,,,,,,,,,,,,86.039,1434.103,,,,,,,,,,,59994849.0,,,,,,,,,,,,,,,,,,,,,,
IDN,Indonesia,1939,22.237,2.638,,0.0,7.448,6.408,,,,,,,,,,,,,,,,,,14.499,238.133,,,,,,,,,,,,,,,,,,,,,,,,,119488017000.0,,,,,,,,0.0,0.0,,,,,,,,,,,,,,,,,,,,,,,,,,,,,,,,92.447,1518.341,,,,,,,,,,,60886794.0,,,,,,,,,,,,,,,,,,,,,,
IDN,Indonesia,1940,12.802,1.856,,0.0,-0.126,-0.116,,,,,,,,,,,,,,,,,,16.355,264.556,,,,,,,,,,,,,,,,,,,,,,,,,131348016000.0,,,,,,,,0.0,0.0,,,,,,,,,,,,,,,,,,,,,,,,,,,,,,,,92.331,1493.502,,,,,,,,,,,61821590.0,,,,,,,,,,,,,,,,,,,,,,
IDN,Indonesia,1941,-0.946,-0.155,,0.0,-13.276,-12.258,,,,,,,,,,,,,,,,,,16.201,257.976,,,,,,,,,,,,,,,,,,,,,,,,,136663104000.0,,,,,,,,0.0,0.0,,,,,,,,,,,,,,,,,,,,,,,,,,,,,,,,80.073,1275.063,,,,,,,,,,,62798944.0,,,,,,,,,,,,,,,,,,,,,,
IDN,Indonesia,1942,-100.0,-16.201,,0.0,-55.221,-44.217,,,,,,,,,,,,,,,,,,0.0,0.0,,,,,,,,,,,,,,,,,,,,,,,,,,,,,,,,,0.0,0.0,,,,,,,,,,,,,,,,,,,,,,,,,,,,,,,,35.855,562.699,,,,,,,,,,,63720239.0,,,,,,,,,,,,,,,,,,,,,,
IDN,Indonesia,1943,,0.0,,0.0,101.2,36.286,,,,,,,,,,,,,,,,,,0.0,0.0,,,,,,,,,,,,,,,,,,,,,,,,,,,,,,,,,0.0,0.0,,,,,,,,,,,,,,,,,,,,,,,,,,,,,,,,72.141,1120.543,,,,,,,,,,,64380320.0,,,,,,,,,,,,,,,,,,,,,,
IDN,Indonesia,1944,,0.0,,0.0,-53.909,-38.891,,,,,,,,,,,,,,,,,,0.0,0.0,,,,,,,,,,,,,,,,,,,,,,,,,,,,,,,,,0.0,0.0,,,,,,,,,,,,,,,,,,,,,,,,,,,,,,,,33.25,514.455,,,,,,,,,,,64631850.0,,,,,,,,,,,,,,,,,,,,,,
IDN,Indonesia,1945,,0.0,,0.0,-65.862,-21.899,,,,,,,,,,,,,,,,,,0.0,0.0,,,,,,,,,,,,,,,,,,,,,,,,,,,,,,,,,0.0,0.0,,,,,,,,,,,,,,,,,,,,,,,,,,,,,,,,11.351,174.974,,,,,,,,,,,64871933.0,,,,,,,,,,,,,,,,,,,,,,
IDN,Indonesia,1946,,1.278,,0.0,-69.057,-7.839,,,,,,,,,,,,,,,,,,1.278,19.563,,,,,,,,,,,,,,,,,,,,,,,,,,,,,,,,,0.0,0.0,,,,,,,,,,,,,,,,,,,,,,,,,,,,,,,,3.512,53.757,,,,,,,,,,,65335955.0,,,,,,,,,,,,,,,,,,,,,,
IDN,Indonesia,1947,42.038,0.537,,0.289,268.543,9.432,,,,,,,,,,,,,,,,,,1.815,27.422,,,,,,,,,,,,,,,,,,,,,,,,,,,,,,,,,0.289,4.366,,,,,,,,,,,,,,,,,,,,,,,,,,,,,,,,12.944,195.52,,,,,,,,,,,66203834.0,,,,,,,,,,,,,,,,,,,,,,
IDN,Indonesia,1948,142.152,2.581,1437.5,4.155,290.566,37.611,,,,,,,,,,,,,,,,,,4.396,65.382,,,,,,,,,,,,,,,,,,,,,,,,,,,,,,,,,4.444,66.093,,,,,,,,,,,,,,,,,,,,,,,,,,,,,,,,50.556,751.896,,,,,,,,,,,67237539.0,,,,,,,,,,,,,,,,,,,,,,
IDN,Indonesia,1949,22.593,0.993,60.163,2.674,42.581,21.527,,,,,,,,,,,,,,,,,,5.389,78.813,,,,,,,,,,,,,,,,,,,,,,,,,94018080000.0,,,,,,,,7.118,104.086,,,,,,,,,,,,,,,,,,,,,,,,,,,,,,,,72.083,1054.13,,,,,,,,,,,68381307.0,,,,,,,,,,,,,,,,,,,,,,
IDN,Indonesia,1950,21.45,1.156,5.076,0.361,14.182,10.223,,,,,,,,,,,,,,,,,,6.545,94.119,,,,,,,,,,,,,,,,,,,,,,,,,105742754470.0,,,,,,,,7.479,107.543,,,,,,,,,,,,,,,,,,,,,,,,,,,,,,,,82.306,1183.515,,,,,,,,,,,69543320.0,,,,,,,,,,,,,,,,,,,,,,
IDN,Indonesia,1951,7.96,0.521,26.409,1.975,18.058,14.863,,,,,,,,,,,,,,,,,,7.066,99.738,,,,,,,,,,,,,,,,,,,,,,,,,113595813160.0,,,,,,,,9.454,133.437,,,,,,,,,,,,,,,,,,,,,,,,,,,,,,,,97.169,1371.482,,,,,,,,,,,70849448.0,,,,,,,,,,,,,,,,,,,,,,
IDN,Indonesia,1952,11.636,0.822,36.178,3.42,5.099,4.954,,,,,,,,,,,,,,,,,,7.889,109.148,,,,,,,,,,,,,,,,,,,,,,,,,119008851573.0,,,,,,,,12.874,178.13,,,,,,,,,,,,,,,,,,,,,,,,,,,,,,,,102.123,1412.987,,,,,,,,,,,72274632.0,,,,,,,,,,,,,,,,,,,,,,
IDN,Indonesia,1953,-7.43,-0.586,27.783,3.577,19.428,19.841,,,,,,,,,,,,,,,,,,7.302,98.922,,,,,,,,,,,,,,,,,,,,,,,,,125027607939.0,,,,,,,,16.451,222.852,,,,,,,,,,,,,,,,,,,,,,,,,,,,,,,,121.964,1652.161,,,,,,,,,,,73820840.0,,,,,,,,,,,,,,,,,,,,,,
IDN,Indonesia,1954,0.334,0.024,15.813,2.601,8.029,9.792,,,,,,,,,,,,,,,,,,7.327,97.061,,,,,,,,,,,,,,,,,,,,,,,,,132648517619.0,,,,,,,,19.052,252.391,,,,,,,,,,,,,,,,,,,,,,,,,,,,,,,,131.756,1745.398,,,,,,,,,,,75487888.0,,,,,,,,,,,,,,,,,,,,,,
IDN,Indonesia,1955,-9.556,-0.7,20.607,3.926,7.724,10.176,,,,,,,,,,,,,,,,,,6.627,85.758,,,,,,,,,,,,,,,,,,,,,,,,,136433231674.0,,,,,,,,22.979,297.367,,,,,,,,,,,,,,,,,,,,,,,,,,,,,,,,141.933,1836.759,,,,,,,,,,,77273432.0,,,,,,,,,,,,,,,,,,,,,,
IDN,Indonesia,1956,1.72,0.114,7.18,1.65,7.284,10.339,,,,,,,,,,,,,,,,,,6.741,85.14,,,,,,,,,,,,,,,,,,,,,,,,,138179186557.0,,,,,,,,24.628,311.072,,,,,,,,,,,,,,,,,,,,,,,,,,,,,,,,152.272,1923.283,,,,,,,,,,,79172800.0,,,,,,,,,,,,,,,,,,,,,,
IDN,Indonesia,1957,-13.406,-0.904,6.015,1.481,20.675,31.482,,,,,,,,,,,,,,,,,,5.837,71.904,,,,,,,,,,,,,,,,,,,,,,,,,147685291376.0,,,,,,,,26.11,321.632,,,,,,,,,,,,,,,,,,,,,,,,,,,,,,,,183.754,2263.562,,,,,,,,,,,81179208.0,,,,,,,,,,,,,,,,,,,,,,
IDN,Indonesia,1958,-15.9,-0.928,-3.736,-0.976,3.652,6.711,,,,,,,,,,,,,,,,,,4.909,58.943,,,,,,,,,,,,,,,,,,,,,,,,,142311988808.0,,,,,,,,25.134,301.79,,,,,,,,,,,,,,,,,,,,,,,,,,,,,,,,190.465,2286.928,,,,,,,,,,,83284056.0,,,,,,,,,,,,,,,,,,,,,,
IDN,Indonesia,1959,5.804,0.285,6.852,1.722,12.646,24.086,,,,,,,,,,,,,,,,,,5.194,60.764,,,,,,,,,,,,,,,,,,,,,,,,,148373764901.0,,,,,,,,26.856,314.193,,,,,,,,,,,,,,,,,,,,,,,,,,,,,,,,214.55,2510.018,,,,,,,,,,,85477624.0,,,,,,,,,,,,,,,,,,,,,,
IDN,Indonesia,1960,3.135,0.163,9.013,2.421,12.798,27.458,,,,,,,,,,,,,,,,,,5.357,61.045,,,,,,,,,,,,,,,,,,,,,,,,,154784591340.0,,,,,,,,29.277,333.639,,,,,,,,,,,,,,,,,,,,,,,,,,,,,,,,242.009,2757.902,,,,,,,,,,,87751064.0,,,,,,,,,,,,,,,,,,,,,,
IDN,Indonesia,1961,-16.565,-0.887,5.636,1.65,2.283,5.524,,,,,,,,,,,,,,,,,,4.469,49.606,,,,,,,,,,,,,,,,,,,,,,,,,164961484740.0,,,,,,,,30.927,343.259,,,,,,,,,,,,,,,,,,,,,,,,,,,,,,,,247.533,2747.364,,,,,,,,,,,90098400.0,,,,,,,,,,,,,,,,,,,,,,
IDN,Indonesia,1962,-14.026,-0.627,5.335,1.65,6.935,17.166,,,,,,,,,,,,,,,,,,3.843,41.533,,,,,,,,,,,,,,,,,,,,,,,,,164672685805.0,,,,,,,,32.577,352.114,,,,,,,,,,,,,,,,,,,,,,,,,,,,,,,,264.699,2861.043,,,,,,,,,,,92518376.0,,,,,,,,,,,,,,,,,,,,,,
IDN,Indonesia,1963,25.212,0.969,3.438,1.12,-2.131,-5.641,,,,,,,,,,,,,,,,,,4.811,50.637,,,,,,,,,,,,,,,,,,,,,,,,,158306824377.0,,,,,,,,33.697,354.649,,,,,,,,,,,,,,,,,,,,,,,,,,,,,,,,259.058,2726.492,,,,,,,,,,,95015296.0,,,,,,,,,,,,,,,,,,,,,,
IDN,Indonesia,1964,-24.196,-1.164,-2.395,-0.807,2.891,7.49,,,,,,,,,,,,,,,,,,3.647,37.37,,,,,,,,,,,,,,,,,,,,,,,,,164270394043.0,,,,,,,,32.89,337.001,,,,,,,,,,,,,,,,,,,,,,,,,,,,,,,,266.548,2731.118,,,,,,,,,,,97596728.0,,,,,,,,,,,,,,,,,,,,,,
IDN,Indonesia,1965,-39.509,-1.441,15.562,5.118,7.052,18.797,,,,,,,,,,,,,1.782,,1.5,,14.963,2.206,22.003,,,,,,1.825,0.0,,,0.0,1.825,0.0,0.0,,,0.507,839.647,,93.978,,79.119,789.082,,,165966273198.0,,,6.028,,5.075,,50.615,38.009,379.073,,,6.022,,5.07,18.204,50.565,,1.825,18.204,,6.022,,5.07,50.565,,,,,0.0,,0.0,0.0,0.0,,,86.168,,72.544,,723.505,285.345,2845.851,,0.0,,0.0,,0.0,,,0.0,,100267072.0,84.189,18.204,,,6.022,,5.07,50.565,,,0.0,,0.0,0.0,0.0,,,0.0,,0.0,0.0,0.0
IDN,Indonesia,1966,18.081,0.399,0.19,0.072,-2.469,-7.046,-0.853,-0.718,,,,,,,,,,22.481,2.201,0.337,1.838,,17.836,2.605,25.286,,,,,,2.373,0.0,,,0.0,2.373,0.0,0.0,,,0.503,810.196,-2.832,92.102,-2.24,76.879,746.21,,,165937627308.0,,2.0,6.202,0.102,5.176,,50.245,38.081,369.625,,30.024,7.898,1.522,6.592,23.035,63.987,,2.373,23.035,30.024,7.898,1.522,6.592,63.987,,,,,0.0,0.0,0.0,0.0,0.0,,-3.693,83.699,-2.679,69.864,,678.129,278.3,2701.271,,0.0,,0.0,0.0,0.0,,,0.0,,103025424.0,83.471,23.035,,30.024,7.898,1.522,6.592,63.987,,,0.0,0.0,0.0,0.0,0.0,,,0.0,0.0,0.0,0.0,0.0
IDN,Indonesia,1967,-35.313,-0.92,-12.207,-4.649,7.595,21.137,-1.259,-1.051,,,,,,,,,,-29.747,1.566,-0.547,1.291,,12.194,1.685,15.918,,,,,,2.665,0.0,,,0.0,2.665,0.0,0.0,,,0.508,778.531,-2.421,91.019,-1.861,75.017,708.608,,,162199046331.0,,22.157,7.672,1.147,6.323,,59.731,33.432,315.798,,12.291,8.981,0.81,7.403,25.172,69.924,,2.665,25.172,12.291,8.981,0.81,7.403,69.924,,,,,0.0,0.0,0.0,0.0,0.0,,-3.523,81.78,-2.462,67.403,,636.683,299.436,2828.458,,0.0,,0.0,0.0,0.0,,,0.0,,105865576.0,82.42,25.172,,12.291,8.981,0.81,7.403,69.924,,,0.0,0.0,0.0,0.0,0.0,,,0.0,0.0,0.0,0.0,0.0
IDN,Indonesia,1968,-14.976,-0.252,54.431,18.197,17.773,53.218,6.571,5.416,,,,,,,,,,-25.225,1.099,-0.326,0.965,,8.874,1.433,13.172,,,,,,3.292,0.0,,,0.0,3.292,0.0,0.0,,,0.494,807.458,4.895,89.588,3.672,78.69,723.384,,,177944036324.0,,1.605,7.315,0.102,6.425,,59.064,51.629,474.623,,23.549,10.412,1.743,9.146,30.267,84.075,,3.292,30.267,23.549,10.412,1.743,9.146,84.075,,,,,0.0,0.0,0.0,0.0,0.0,,5.781,81.174,3.897,71.299,,655.446,352.654,3241.907,,0.0,,0.0,0.0,0.0,,,0.0,,108779928.0,87.835,30.267,,23.549,10.412,1.743,9.146,84.075,,,0.0,0.0,0.0,0.0,0.0,,,0.0,0.0,0.0,0.0,0.0
IDN,Indonesia,1969,9.091,0.13,-39.258,-20.269,6.886,24.283,12.904,11.334,,,,,,,,,,20.482,1.173,0.198,1.163,,10.406,1.563,13.986,,,,,,3.443,0.0,,,0.0,3.443,0.0,0.0,,,0.496,887.351,13.873,90.357,10.916,89.606,801.783,,,199907965604.0,,88.468,12.21,5.684,12.109,,108.349,31.361,280.611,,4.564,9.643,0.417,9.563,30.805,85.569,,3.443,30.805,4.564,9.643,0.417,9.563,85.569,,,,,0.0,0.0,0.0,0.0,0.0,,7.061,76.974,5.035,76.334,,683.027,376.937,3372.784,,0.0,,0.0,0.0,0.0,,,0.0,,111758560.0,99.169,30.805,,4.564,9.643,0.417,9.563,85.569,,,0.0,0.0,0.0,0.0,0.0,,,0.0,0.0,0.0,0.0,0.0
IDN,Indonesia,1970,-10.417,-0.163,-59.22,-18.572,33.022,124.472,7.096,7.037,,,,,,,,,,-13.0,0.953,-0.151,1.012,,8.814,1.4,12.198,,,,,,4.185,0.0,,,0.0,4.185,0.0,0.0,,,0.481,925.193,5.551,89.054,4.974,94.58,823.92,,,220830577278.0,,3.856,11.841,0.467,12.576,,109.552,12.789,111.409,,21.566,10.946,2.062,11.625,36.458,101.273,,4.185,36.458,21.566,10.946,2.062,11.625,101.273,,,,,0.0,0.0,0.0,0.0,0.0,,6.103,76.26,4.659,80.993,,705.554,501.409,4367.934,,0.0,,0.0,0.0,0.0,,,0.0,,114793176.0,106.206,36.458,,21.566,10.946,2.062,11.625,101.273,,,0.0,0.0,0.0,0.0,0.0,,,0.0,0.0,0.0,0.0,0.0
IDN,Indonesia,1971,15.116,0.212,19.048,2.436,4.45,22.311,-4.285,-4.551,,,,,,,,,,14.943,1.144,0.151,1.163,,9.866,1.612,13.674,,,,,,1.379,0.0,,,0.0,1.379,0.0,0.0,,,0.436,862.358,3.43,96.232,3.244,97.825,829.867,,,233065682948.0,,1.13,12.511,0.142,12.718,,107.889,15.225,129.157,,-67.054,3.768,-7.795,3.83,11.697,32.492,,1.379,11.697,-67.054,3.768,-7.795,3.83,32.492,,,,,0.0,0.0,0.0,0.0,0.0,,3.644,82.577,2.951,83.944,,712.112,523.72,4442.817,,0.0,,0.0,0.0,0.0,,,0.0,,117880152.0,101.655,11.697,,-67.054,3.768,-7.795,3.83,32.492,,,0.0,0.0,0.0,0.0,0.0,,,0.0,0.0,0.0,0.0,0.0
IDN,Indonesia,1972,-9.596,-0.155,-25.933,-3.948,21.52,112.706,6.09,6.191,,,,,,,,,,0.0,1.078,0.0,1.163,,9.61,1.457,12.042,,,,,,1.233,0.0,,,0.0,1.233,0.0,0.0,,,0.416,891.162,6.743,96.824,6.596,104.421,862.861,,,259469202522.0,,-1.915,11.567,-0.244,12.474,,103.079,11.277,93.182,,-10.577,3.176,-0.405,3.425,10.189,28.302,,1.233,10.189,-10.577,3.176,-0.405,3.425,28.302,,,,,0.0,0.0,0.0,0.0,0.0,,8.148,84.179,6.84,90.784,,750.172,636.426,5258.97,,0.0,,0.0,0.0,0.0,,,0.0,,121017312.0,107.846,10.189,,-10.577,3.176,-0.405,3.425,28.302,,,0.0,0.0,0.0,0.0,0.0,,,0.0,0.0,0.0,0.0,0.0
IDN,Indonesia,1973,-16.76,-0.244,54.995,6.202,23.436,149.154,12.749,13.749,,,,,,,,,,-33.0,0.641,-0.384,0.779,,6.274,1.213,9.767,,,,,,1.556,0.0,,,0.0,1.556,0.0,0.0,,,0.408,979.028,12.309,96.446,12.853,117.274,944.236,,,297900732575.0,,-34.906,6.678,-4.354,8.12,,65.379,17.478,140.727,,26.165,3.554,0.896,4.321,12.525,34.792,,1.556,12.525,26.165,3.554,0.896,4.321,34.792,,,,,0.0,0.0,0.0,0.0,0.0,,19.377,89.128,17.591,108.375,,872.584,785.58,6325.136,,0.0,,0.0,0.0,0.0,,,0.0,,124199696.0,121.595,12.525,,26.165,3.554,0.896,4.321,34.792,,,0.0,0.0,0.0,0.0,0.0,,,0.0,0.0,0.0,0.0,0.0
IDN,Indonesia,1974,4.698,0.057,3.252,0.568,2.765,21.724,7.155,8.701,,,,,,,,,,8.955,0.652,0.07,0.849,,6.663,1.27,9.967,,,,,,1.724,0.0,,,0.0,1.724,0.0,0.0,,,0.416,1022.549,7.021,96.326,8.234,125.508,984.977,,,313092761236.0,,40.875,8.779,3.319,11.439,,89.773,18.047,141.629,,10.795,3.674,0.466,4.788,13.526,37.573,,1.724,13.526,10.795,3.674,0.466,4.788,37.573,,,,,0.0,0.0,0.0,0.0,0.0,,4.471,86.895,4.845,113.22,,888.541,807.304,6335.661,,0.0,,0.0,0.0,0.0,,,0.0,,127422192.0,130.295,13.526,,10.795,3.674,0.466,4.788,37.573,,,0.0,0.0,0.0,0.0,0.0,,,0.0,0.0,0.0,0.0,0.0
IDN,Indonesia,1975,32.051,0.407,31.046,5.603,-5.018,-40.512,22.491,29.305,,,,,,,,,,27.397,0.678,0.233,1.082,,8.277,1.677,12.833,,,,,,1.808,0.0,,,0.0,1.808,0.0,0.0,,,0.51,1221.3,23.163,96.854,29.072,154.58,1182.88,,,313087932966.0,,106.744,14.818,12.21,23.65,,180.972,23.65,180.972,,4.872,3.146,0.233,5.021,13.832,38.421,,1.808,13.832,4.872,3.146,0.233,5.021,38.421,,,,,0.0,0.0,0.0,0.0,0.0,,14.687,81.358,16.629,129.848,,993.631,766.792,5867.673,,0.0,,0.0,0.0,0.0,,,0.0,,130680728.0,159.6,13.832,,4.872,3.146,0.233,5.021,38.421,,,0.0,0.0,0.0,0.0,0.0,,,0.0,0.0,0.0,0.0,0.0
IDN,Indonesia,1976,-6.311,-0.106,0.858,0.203,15.461,118.555,5.123,8.177,,,,,,,,,,0.0,0.645,0.0,1.082,,8.074,1.571,11.728,,,,,,1.061,0.0,,,0.0,1.061,0.0,0.0,,,0.493,1252.376,6.632,98.244,10.251,164.831,1230.385,,,340620626325.0,,0.858,14.217,0.203,23.852,,178.048,23.852,178.048,,-41.32,1.756,-2.075,2.946,7.917,21.993,,1.061,7.917,-41.32,1.756,-2.075,2.946,21.993,,,,,0.0,0.0,0.0,0.0,0.0,,7.738,83.382,10.048,139.897,,1044.263,885.347,6608.698,,0.0,,0.0,0.0,0.0,,,0.0,,133966936.0,167.777,7.917,,-41.32,1.756,-2.075,2.946,21.993,,,0.0,0.0,0.0,0.0,0.0,,,0.0,0.0,0.0,0.0,0.0
IDN,Indonesia,1977,19.689,0.309,140.851,33.597,11.574,102.466,32.181,53.992,,,,,,,,,,7.527,0.524,0.081,1.163,,8.472,1.881,13.699,,,,,,1.763,0.0,,,0.0,1.763,0.0,0.0,,,0.604,1615.473,31.572,97.791,52.04,216.871,1579.794,,,367091495237.0,,112.766,22.884,26.898,50.75,,369.688,57.449,418.486,,66.25,2.209,1.952,4.898,12.845,35.681,,1.763,12.845,66.25,2.209,1.952,4.898,35.681,,,,,0.0,0.0,0.0,0.0,0.0,,17.914,74.383,25.061,164.958,,1201.634,987.813,7195.709,,0.0,,0.0,0.0,0.0,,,0.0,,137278064.0,221.769,12.845,,66.25,2.209,1.952,4.898,35.681,,,0.0,0.0,0.0,0.0,0.0,,,0.0,0.0,0.0,0.0,0.0
IDN,Indonesia,1978,14.286,0.269,92.226,52.983,-3.334,-32.936,10.821,23.997,,,,,,,,,,33.0,0.629,0.384,1.547,,11.0,2.149,15.284,,,,,,1.26,0.0,,,0.0,1.26,0.0,0.0,,,0.64,1747.712,11.711,98.576,25.397,242.268,1722.833,,,383794643515.0,,15.6,23.871,7.917,58.667,,417.198,110.432,785.312,,-28.571,1.424,-1.399,3.499,8.957,24.88,,1.26,8.957,-28.571,1.424,-1.399,3.499,24.88,,,,,0.0,0.0,0.0,0.0,0.0,,10.364,74.076,17.096,182.054,,1294.636,954.877,6790.394,,0.0,,0.0,0.0,0.0,,,0.0,,140621728.0,245.766,8.957,,-28.571,1.424,-1.399,3.499,24.88,,,0.0,0.0,0.0,0.0,0.0,,,0.0,0.0,0.0,0.0,0.0
IDN,Indonesia,1979,5.682,0.122,45.037,49.735,-3.118,-29.769,14.135,34.739,,,,,,,,,,50.376,0.829,0.779,2.326,,16.152,2.271,15.772,,,,,,1.401,0.0,,,0.0,1.401,0.0,0.0,,,0.693,1947.821,14.177,98.613,34.346,276.614,1920.8,,,404845739489.0,,29.066,26.994,17.052,75.719,,525.791,160.167,1112.195,,11.228,1.387,0.393,3.892,9.728,27.023,,1.401,9.728,11.228,1.387,0.393,3.892,27.023,,,,,0.0,0.0,0.0,0.0,0.0,,9.072,70.79,16.515,198.569,,1378.858,925.107,6423.919,,0.0,,0.0,0.0,0.0,,,0.0,,144009840.0,280.505,9.728,,11.228,1.387,0.393,3.892,27.023,,,0.0,0.0,0.0,0.0,0.0,,,0.0,0.0,0.0,0.0,0.0
IDN,Indonesia,1980,71.402,1.622,17.3,27.709,-0.641,-5.93,6.955,19.508,,,,,,,,,,26.5,0.981,0.616,2.942,,19.955,3.893,26.403,,,,,,1.268,0.0,,,0.0,1.268,0.0,0.0,,,0.682,2034.709,7.186,98.826,19.876,296.49,2010.816,,,439667534988.0,,-5.764,23.784,-4.365,71.354,,483.931,187.876,1274.19,,-9.464,1.174,-0.368,3.523,8.602,23.895,,1.268,8.602,-9.464,1.174,-0.368,3.523,23.895,,,,,0.0,0.0,0.0,0.0,0.0,,11.897,74.061,23.624,222.193,,1506.93,919.178,6233.92,,0.0,,0.0,0.0,0.0,,,0.0,,147447824.0,300.013,8.602,,-9.464,1.174,-0.368,3.523,23.895,,,0.0,0.0,0.0,0.0,0.0,,,0.0,0.0,0.0,0.0,0.0
IDN,Indonesia,1981,-29.588,-1.152,1.405,2.639,1.173,10.781,8.65,25.951,,,,,,,,,,6.719,0.963,0.198,3.14,,20.804,2.741,18.161,,,,,,1.264,0.0,,,0.0,1.264,0.0,0.0,,,0.694,2159.587,8.757,98.923,25.963,322.454,2136.328,,,469898580721.0,,-0.142,21.859,-0.102,71.253,,472.068,190.516,1262.208,,-0.348,1.077,-0.012,3.511,8.374,23.261,,1.264,8.374,-0.348,1.077,-0.012,3.511,23.261,,,,,0.0,0.0,0.0,0.0,0.0,,11.642,76.1,25.867,248.06,,1643.457,929.959,6161.19,,0.0,,0.0,0.0,0.0,,,0.0,,150938224.0,325.964,8.374,,-0.348,1.077,-0.012,3.511,23.261,,,0.0,0.0,0.0,0.0,0.0,,,0.0,0.0,0.0,0.0,0.0
IDN,Indonesia,1982,47.5,1.302,1.652,3.147,-16.731,-155.589,1.947,6.348,,,,,,,,,,-5.556,0.892,-0.174,2.966,,19.199,4.043,26.176,,,,,,1.379,0.0,,,0.0,1.379,0.0,0.0,,,0.734,2151.328,1.87,98.847,6.028,328.482,2126.534,,,452605707322.0,,-4.986,20.373,-3.553,67.7,,438.281,193.662,1253.733,,9.091,1.153,0.319,3.83,8.926,24.796,,1.379,8.926,9.091,1.153,0.319,3.83,24.796,,,,,0.0,0.0,0.0,0.0,0.0,,3.933,77.582,9.755,257.816,,1669.054,774.37,5013.132,,0.0,,0.0,0.0,0.0,,,0.0,,154468240.0,332.312,8.926,,9.091,1.153,0.319,3.83,24.796,,,0.0,0.0,0.0,0.0,0.0,,,0.0,0.0,0.0,0.0,0.0
IDN,Indonesia,1983,10.169,0.411,14.099,27.303,6.158,47.683,6.039,20.068,,,,,,,,,,0.0,0.842,0.0,2.966,,18.769,4.455,28.191,,,,,,2.073,0.0,,,0.0,2.073,0.0,0.0,,,0.749,2230.122,5.523,98.366,18.141,346.623,2193.686,,,470680081942.0,,34.183,25.78,23.142,90.842,,574.919,220.966,1398.434,,50.321,1.634,1.927,5.758,13.118,36.438,,2.073,13.118,50.321,1.634,1.927,5.758,36.438,,,,,0.0,0.0,0.0,0.0,0.0,,-1.94,71.745,-5.001,252.814,,1599.998,822.052,5202.559,,0.0,,0.0,0.0,0.0,,,0.0,,158009248.0,352.38,13.118,,50.321,1.634,1.927,5.758,36.438,,,0.0,0.0,0.0,0.0,0.0,,,0.0,0.0,0.0,0.0,0.0
IDN,Indonesia,1984,126.154,5.62,34.819,76.937,5.954,48.947,8.313,29.293,,,,,,,,,,4.706,0.814,0.14,3.105,,19.225,10.074,62.369,,,,,,2.263,0.0,,,0.0,2.263,0.0,0.0,,,0.758,2362.958,8.299,98.353,28.765,375.388,2324.047,,,503305931889.0,,16.76,27.79,15.225,106.068,,656.67,297.902,1844.331,,9.168,1.647,0.528,6.285,14.009,38.913,,2.263,14.009,9.168,1.647,0.528,6.285,38.913,,,,,0.0,0.0,0.0,0.0,0.0,,5.301,69.749,13.401,266.215,,1648.152,870.999,5392.406,,0.0,,0.0,0.0,0.0,,,0.0,,161523360.0,381.673,14.009,,9.168,1.647,0.528,6.285,38.913,,,0.0,0.0,0.0,0.0,0.0,,,0.0,0.0,0.0,0.0,0.0
IDN,Indonesia,1985,36.054,3.632,10.051,29.943,-11.42,-99.468,6.31,24.084,,,,,,,,,31.84,237.079,2.58,7.362,10.467,31.591,63.443,13.706,83.077,,,5.212,13.602,1.815,2.767,0.0,6.576,,0.0,2.767,0.0,0.0,16.369,,0.787,2459.392,6.043,98.106,22.684,398.072,2412.814,82.448,83.099,515643132116.0,11.086,18.278,30.919,19.387,125.454,10.999,760.409,327.845,1987.151,16.901,22.266,1.894,1.399,7.685,16.769,46.58,16.901,2.767,16.769,22.266,1.894,1.399,7.685,46.58,,,0.0,,0.0,0.0,0.0,0.0,0.0,40.172,-1.527,64.608,-4.064,262.151,39.858,1588.962,771.532,4676.448,,0.0,,0.0,0.0,0.0,,0.0,0.0,99.217,164982448.0,405.757,16.769,16.901,22.266,1.894,1.399,7.685,46.58,0.0,,0.0,0.0,0.0,0.0,0.0,0.0,,0.0,0.0,0.0,0.0,0.0
IDN,Indonesia,1986,29.5,4.043,4.056,13.296,6.075,46.868,10.87,44.106,,,,,,,,,29.047,60.667,3.738,6.35,16.817,31.769,99.879,17.75,105.417,,,5.349,13.96,1.862,4.455,0.0,6.749,,0.0,4.455,0.0,0.0,18.415,,0.824,2671.799,9.902,97.249,39.416,437.488,2598.309,82.912,75.809,545914219466.0,10.114,7.848,30.076,9.846,135.3,11.061,803.565,341.141,2026.09,24.191,61.022,2.751,4.689,12.374,26.457,73.493,24.191,4.455,26.457,61.022,2.751,4.689,12.374,73.493,,,0.0,,0.0,0.0,0.0,0.0,0.0,36.648,8.858,63.435,23.221,285.372,40.082,1694.865,818.4,4860.599,,0.0,,0.0,0.0,0.0,,0.0,0.0,109.369,168374288.0,449.862,26.457,24.191,61.022,2.751,4.689,12.374,73.493,0.0,,0.0,0.0,0.0,0.0,0.0,0.0,,0.0,0.0,0.0,0.0,0.0
IDN,Indonesia,1987,16.988,3.015,6.843,23.345,-0.775,-6.343,5.727,25.764,,,,,,,,,29.841,56.777,5.543,9.548,26.365,36.011,153.552,20.765,120.935,,,6.183,16.137,2.153,4.583,0.0,7.801,,0.0,4.583,0.0,0.0,20.72,,0.83,2770.057,5.808,97.323,25.408,462.897,2695.918,93.983,77.882,572867000960.0,10.39,3.451,29.428,4.669,139.968,12.538,815.18,364.486,2122.776,22.118,2.877,2.677,0.356,12.73,26.691,74.142,22.118,4.583,26.691,2.877,2.677,0.356,12.73,74.142,,,0.0,,0.0,0.0,0.0,0.0,0.0,37.65,3.922,62.352,11.191,296.562,45.434,1727.186,812.057,4729.435,,0.0,,0.0,0.0,0.0,,0.0,0.0,120.674,171702752.0,475.626,26.691,22.118,2.877,2.677,0.356,12.73,74.142,0.0,,0.0,0.0,0.0,0.0,0.0,0.0,,0.0,0.0,0.0,0.0,0.0
IDN,Indonesia,1988,48.185,10.006,9.217,33.597,-3.63,-29.477,5.538,26.341,,,,,,,,,30.541,4.455,5.486,1.175,27.54,43.3,157.392,30.77,175.855,,,7.576,19.773,2.638,5.034,0.0,9.559,,0.0,5.034,0.0,0.0,24.807,,0.829,2868.778,5.42,97.214,25.089,487.985,2788.87,113.006,79.709,605642437399.0,10.634,6.164,29.603,8.628,148.596,15.076,849.237,398.083,2275.073,20.291,9.836,2.786,1.252,13.983,28.768,79.911,20.291,5.034,28.768,9.836,2.786,1.252,13.983,79.911,,,0.0,,0.0,0.0,0.0,0.0,0.0,38.533,5.155,62.125,15.286,311.849,54.63,1782.24,782.58,4472.499,,0.0,,0.0,0.0,0.0,,0.0,0.0,141.774,174975952.0,501.967,28.768,20.291,9.836,2.786,1.252,13.983,79.911,0.0,,0.0,0.0,0.0,0.0,0.0,0.0,,0.0,0.0,0.0,0.0,0.0
IDN,Indonesia,1989,93.764,28.852,5.201,20.706,6.451,50.481,10.631,53.366,,,,,,,,,29.869,50.084,7.443,13.793,41.333,47.747,231.936,59.622,334.562,,,8.509,22.207,2.963,6.28,0.0,10.736,,0.0,6.28,0.0,0.0,28.487,,0.841,3116.186,10.226,96.859,49.904,537.889,3018.301,124.612,77.955,660041582594.0,10.4,11.954,29.957,17.763,166.359,16.624,933.502,418.789,2349.986,22.045,24.759,3.141,3.462,17.444,35.239,97.887,22.045,6.28,35.239,24.759,3.141,3.462,17.444,97.887,,,0.0,,0.0,0.0,0.0,0.0,0.0,37.686,5.884,59.459,18.348,330.197,60.241,1852.864,833.061,4674.624,,0.0,,0.0,0.0,0.0,,0.0,0.0,159.852,178209136.0,555.333,35.239,22.045,24.759,3.141,3.462,17.444,97.887,0.0,,0.0,0.0,0.0,0.0,0.0,0.0,,0.0,0.0,0.0,0.0,0.0
IDN,Indonesia,1990,23.333,13.912,6.354,26.609,3.913,32.601,10.156,56.398,,,,0.0,,0.0,0.0,,29.498,-3.738,6.504,-1.545,39.788,53.844,219.322,73.534,405.338,,,9.768,25.493,3.401,6.492,0.0,12.324,,1.127,7.62,0.0,0.0,33.115,,0.851,3372.027,9.793,96.54,52.676,590.565,3255.356,140.524,76.983,718548903870.0,10.27,3.229,28.073,5.372,171.73,18.746,946.625,445.398,2455.157,19.606,3.383,2.948,0.59,18.035,35.788,99.411,23.01,7.62,42.003,21.336,3.46,3.722,21.166,116.674,,,0.0,,0.0,0.0,0.0,0.0,0.0,37.216,14.794,61.963,48.85,379.046,67.934,2089.409,865.662,4771.764,,6.215,,0.512,3.132,3.132,,3.405,17.263,182.537,181413392.0,611.731,42.003,23.01,21.336,3.46,3.722,21.166,116.674,0.0,,0.0,0.0,0.0,0.0,0.0,0.0,,0.0,0.0,0.0,0.0,0.0
IDN,Indonesia,1991,28.984,21.313,9.81,43.694,8.829,76.433,8.471,51.818,,,,0.0,0.0,0.0,0.0,,28.991,1.202,6.068,0.478,40.266,59.842,218.137,94.847,513.819,,,11.046,29.64,4.35,7.409,0.0,14.244,,1.051,8.461,0.0,0.0,38.103,,0.844,3594.682,8.379,96.458,49.483,640.048,3467.367,160.57,77.79,786440023841.0,11.416,15.115,29.792,25.957,197.687,23.565,1070.941,489.092,2649.586,19.445,14.12,3.102,2.546,20.581,40.138,111.495,22.205,8.461,45.834,11.034,3.542,2.335,23.502,127.317,,,0.0,,0.0,0.0,0.0,0.0,0.0,37.383,6.08,60.598,23.048,402.094,77.164,2178.29,942.095,5103.662,,5.696,-6.738,0.44,-0.211,2.921,,2.76,15.823,206.416,184591888.0,663.549,45.834,22.205,11.034,3.542,2.335,23.502,127.317,0.0,,0.0,0.0,0.0,0.0,0.0,0.0,,0.0,0.0,0.0,0.0,0.0
IDN,Indonesia,1992,61.561,58.388,5.974,29.219,-5.278,-49.72,9.759,64.758,,,,0.0,0.0,0.0,0.0,,28.204,22.065,6.749,8.885,49.151,60.518,261.804,153.235,816.211,,,11.362,29.551,3.249,9.645,0.0,14.94,,1.086,10.731,0.0,0.0,40.284,,0.865,3879.346,9.132,95.907,58.451,698.499,3720.571,157.405,73.356,841780442173.0,8.066,9.059,29.602,17.909,215.596,17.308,1148.377,518.311,2760.794,23.943,30.183,3.679,6.212,26.793,51.377,142.714,26.639,10.731,57.16,26.837,4.093,6.307,29.809,158.778,,,0.0,,0.0,0.0,0.0,0.0,0.0,37.087,7.873,59.556,31.657,433.752,79.579,2310.39,892.374,4753.25,,5.783,3.26,0.414,0.095,3.016,,2.695,16.065,214.575,187739776.0,728.308,57.16,26.639,26.837,4.093,6.307,29.809,158.778,0.0,,0.0,0.0,0.0,0.0,0.0,0.0,,0.0,0.0,0.0,0.0,0.0
IDN,Indonesia,1993,23.345,35.773,3.89,20.165,0.157,1.403,5.66,41.222,,,,0.0,0.0,0.0,0.0,,26.9,16.573,7.446,8.146,57.297,55.967,300.217,189.008,990.344,,,10.681,29.722,4.317,8.891,0.0,14.724,,1.092,9.983,0.0,0.0,39.707,,0.843,4032.093,6.199,96.396,43.301,741.8,3886.796,155.736,74.853,912702647202.0,10.873,6.074,29.718,13.095,228.691,22.621,1198.27,538.476,2821.443,22.391,-7.821,3.209,-2.096,24.697,46.586,129.407,25.142,9.983,52.308,-6.972,3.604,-2.078,27.731,145.3,,,0.0,,0.0,0.0,0.0,0.0,0.0,37.081,5.086,59.232,22.059,455.811,77.148,2388.309,893.777,4683.112,,5.722,0.574,0.394,0.017,3.033,,2.75,15.893,208.054,190851184.0,769.53,52.308,25.142,-6.972,3.604,-2.078,27.731,145.3,0.0,,0.0,0.0,0.0,0.0,0.0,0.0,,0.0,0.0,0.0,0.0,0.0
IDN,Indonesia,1994,19.181,36.253,13.939,75.057,0.116,1.039,6.906,53.141,,,,0.0,0.0,0.0,0.0,,27.881,0.035,6.967,0.02,57.317,66.034,295.574,225.261,1161.634,,,12.805,36.339,12.334,7.983,0.0,11.201,,1.604,9.587,0.0,0.0,45.928,,0.834,4242.376,7.312,96.763,54.242,796.041,4105.052,187.396,79.122,986200309038.0,26.854,18.427,32.921,42.14,270.831,63.602,1396.634,613.533,3163.887,17.381,-10.214,2.695,-2.523,22.175,41.167,114.352,20.873,9.587,49.438,-3.969,3.237,-1.101,26.63,137.327,,,0.0,,0.0,0.0,0.0,0.0,0.0,24.387,2.65,56.875,12.081,467.892,57.76,2412.845,894.817,4614.421,,8.271,46.882,0.542,1.422,4.455,,3.492,22.975,236.845,193917456.0,822.671,49.438,20.873,-3.969,3.237,-1.101,26.63,137.327,0.0,,0.0,0.0,0.0,0.0,0.0,0.0,,0.0,0.0,0.0,0.0,0.0
IDN,Indonesia,1995,27.289,61.472,0.452,2.771,-0.631,-5.65,6.531,53.731,,,,0.0,0.0,0.0,0.0,,26.546,10.051,7.197,5.761,63.077,72.951,320.297,286.733,1455.986,,,14.367,43.612,20.667,8.293,0.0,8.579,,2.213,10.506,0.0,0.0,54.121,,0.817,4450.226,6.429,96.67,51.179,847.22,4302.045,221.456,80.584,1072204268789.0,38.186,5.447,32.586,14.753,285.584,104.941,1450.152,616.304,3129.493,15.323,3.886,2.629,0.862,23.037,42.111,116.976,19.412,10.506,53.346,9.584,3.33,2.552,29.182,148.184,,,0.0,,0.0,0.0,0.0,0.0,0.0,15.852,6.554,56.887,30.665,498.558,43.564,2531.596,889.167,4515.043,,11.235,37.946,0.701,1.691,6.146,,4.088,31.208,274.815,196934256.0,876.402,53.346,19.412,9.584,3.33,2.552,29.182,148.184,0.0,,0.0,0.0,0.0,0.0,0.0,0.0,,0.0,0.0,0.0,0.0,0.0
IDN,Indonesia,1996,20.339,58.32,5.368,33.084,0.355,3.16,6.662,58.383,,,,0.0,0.0,0.0,0.0,,28.319,19.201,8.043,12.111,75.189,83.394,376.131,345.053,1726.119,,,16.671,47.698,21.856,8.824,0.0,9.172,,2.343,11.167,0.0,0.0,58.868,,0.805,4676.233,6.674,96.682,56.545,903.765,4521.06,238.608,81.026,1161281456144.0,37.127,4.104,31.805,11.721,297.305,109.332,1487.262,649.388,3248.543,14.99,6.406,2.622,1.476,24.512,44.144,122.621,18.97,11.167,55.864,6.297,3.318,1.838,31.02,155.177,,,0.0,,0.0,0.0,0.0,0.0,0.0,15.58,6.562,56.833,32.713,531.271,45.882,2657.667,892.327,4463.838,,11.72,5.891,0.696,0.362,6.508,,3.98,32.556,294.484,199901232.0,934.785,55.864,18.97,6.297,3.318,1.838,31.02,155.177,0.0,,0.0,0.0,0.0,0.0,0.0,0.0,,0.0,0.0,0.0,0.0,0.0
IDN,Indonesia,1997,8.878,30.633,2.664,17.302,-1.323,-11.806,8.594,80.335,,,,0.0,0.0,0.0,0.0,,28.961,23.328,9.135,17.54,92.729,100.937,457.184,375.687,1852.257,,,20.473,62.095,29.615,5.866,0.0,12.006,,2.728,8.594,0.0,0.0,70.691,,0.831,5004.87,9.68,97.648,87.483,991.248,4887.176,306.146,87.839,1221454504959.0,41.894,4.308,30.55,12.809,310.114,146.014,1528.964,666.69,3286.997,8.298,-33.529,1.605,-8.219,16.293,28.919,80.332,12.157,8.594,42.371,-23.043,2.352,-7.148,23.872,117.698,,,0.0,,0.0,0.0,0.0,0.0,0.0,16.984,10.754,57.964,57.134,588.405,59.195,2901.028,880.521,4341.251,,13.452,16.455,0.747,1.071,7.579,,3.86,37.366,348.53,202826432.0,1015.12,42.371,12.157,-23.043,2.352,-7.148,23.872,117.698,0.0,,0.0,0.0,0.0,0.0,0.0,0.0,,0.0,0.0,0.0,0.0,0.0
IDN,Indonesia,1998,13.517,50.781,-1.669,-11.125,-1.995,-17.568,-1.761,-17.877,,,,0.0,0.0,0.0,0.0,,29.255,7.315,9.979,6.783,99.512,109.061,483.715,426.468,2073.005,,,22.437,63.04,31.073,10.364,0.0,9.53,,3.286,13.65,0.0,0.0,76.693,,0.935,4847.468,-3.22,96.198,-31.921,959.327,4663.164,306.43,82.198,1066065593174.0,40.517,-3.587,29.982,-11.125,298.989,151.043,1453.35,655.565,3186.615,13.513,76.682,2.887,12.494,28.788,50.376,139.932,17.798,13.65,66.351,58.832,3.802,14.044,37.917,184.308,,,0.0,,0.0,0.0,0.0,0.0,0.0,12.427,-4.687,56.238,-27.579,560.825,46.326,2726.1,862.952,4194.696,,15.975,20.456,0.915,1.55,9.129,,4.285,44.376,372.793,205724592.0,997.243,66.351,17.798,58.832,3.802,14.044,37.917,184.308,0.0,,0.0,0.0,0.0,0.0,0.0,0.0,,0.0,0.0,0.0,0.0,0.0
IDN,Indonesia,1999,18.399,78.468,8.439,55.323,-7.542,-65.085,9.136,91.107,,,,0.0,0.0,0.0,0.0,,31.362,37.636,12.585,37.452,136.964,126.237,656.54,504.936,2420.418,,,26.335,69.648,33.498,10.38,0.0,9.815,,3.941,14.321,0.0,0.0,83.971,,1.008,5217.024,9.303,96.345,89.244,1048.572,5026.346,333.859,82.943,1079382557975.0,39.892,8.672,29.854,25.928,324.917,160.571,1557.497,710.888,3407.654,12.361,0.157,2.649,0.045,28.833,49.756,138.21,17.054,14.321,68.646,4.912,3.655,1.863,39.779,190.682,,,0.0,,0.0,0.0,0.0,0.0,0.0,11.689,4.612,53.906,25.865,586.69,47.051,2812.309,797.867,3824.587,,18.89,19.907,1.006,1.817,10.946,,4.693,52.472,402.516,208615168.0,1088.35,68.646,17.054,4.912,3.655,1.863,39.779,190.682,0.0,,0.0,0.0,0.0,0.0,0.0,0.0,,0.0,0.0,0.0,0.0,0.0
IDN,Indonesia,2000,4.561,23.028,-0.569,-4.044,4.673,37.286,8.267,89.976,5.219,23.024,,0.0,0.0,0.0,0.0,574.796,36.434,11.759,12.99,16.105,153.069,160.746,723.686,527.964,2496.119,93.32,4.87,34.0,78.43,31.93,10.02,0.0,12.5,,4.872,14.888,0.0,0.0,93.32,53.64,1.035,5570.918,8.43,96.49,88.398,1136.97,5375.395,370.803,84.044,1138300077496.0,34.216,1.58,28.01,5.134,330.052,150.959,1560.427,706.844,3341.835,10.737,-3.505,2.361,-1.011,27.822,47.373,131.539,15.954,14.888,70.39,3.966,3.51,1.577,41.357,195.527,0.0,0.0,0.0,,0.0,0.0,0.0,0.0,0.0,13.395,11.447,55.49,67.159,653.849,59.098,3091.283,835.153,3948.457,,23.036,23.642,1.149,2.588,13.534,,5.221,63.989,441.2,211513824.0,1178.326,70.39,15.954,3.966,3.51,1.577,41.357,195.527,0.0,,0.0,0.0,0.0,0.0,0.0,0.0,,0.0,0.0,0.0,0.0,0.0
IDN,Indonesia,2001,20.12,106.225,-2.911,-20.579,-5.062,-42.279,6.945,81.837,5.933,28.121,,0.0,0.0,0.0,0.0,570.74,37.102,26.957,15.421,41.262,194.332,175.864,906.283,634.188,2957.59,101.64,6.03,37.71,83.96,33.09,11.65,0.0,13.16,,6.035,17.69,0.0,0.0,101.64,58.01,1.063,5876.875,6.542,96.126,74.375,1211.345,5649.209,391.554,82.605,1185220856628.0,32.556,3.422,27.087,11.294,341.346,154.318,1591.896,686.265,3200.453,11.462,15.608,2.552,4.343,32.165,54.331,150.003,17.404,17.69,82.497,18.043,3.874,7.462,48.819,227.67,0.0,0.0,0.0,,0.0,0.0,0.0,0.0,0.0,12.948,3.337,53.617,21.818,675.667,61.373,3151.031,792.874,3697.633,,28.143,23.048,1.322,3.119,16.654,,5.937,77.667,474.007,214427424.0,1260.163,82.497,17.404,18.043,3.874,7.462,48.819,227.67,0.0,,0.0,0.0,0.0,0.0,0.0,0.0,,0.0,0.0,0.0,0.0,0.0
IDN,Indonesia,2002,11.658,73.936,10.147,69.637,-7.108,-56.361,3.376,42.538,5.767,28.708,,0.052,0.673,0.673,3.096,594.917,39.677,3.151,15.388,6.124,200.456,197.508,922.24,708.124,3257.872,108.2,6.24,42.93,92.03,32.79,9.93,0.0,16.31,,6.243,16.176,0.0,0.0,108.2,64.37,1.047,5993.35,3.825,96.544,46.33,1257.675,5786.197,423.403,85.055,1244249974759.0,30.305,8.698,28.482,29.689,371.034,150.857,1707.023,755.902,3477.687,9.177,-15.325,2.091,-4.929,27.236,45.685,125.303,14.95,16.176,74.422,-7.766,3.456,-3.791,45.027,207.158,0.0,0.0,0.0,,0.0,0.0,0.0,0.0,0.0,15.074,1.557,52.674,10.517,686.184,75.038,3156.934,736.513,3388.481,,28.724,2.791,1.314,0.465,17.119,,5.77,78.758,497.797,217357792.0,1302.701,74.422,14.95,-7.766,3.456,-3.791,45.027,207.158,0.0,,0.0,0.0,0.0,0.0,0.0,0.0,,0.0,0.0,0.0,0.0,0.0
IDN,Indonesia,2003,10.596,75.034,4.718,35.666,-8.971,-66.074,7.621,99.284,5.577,28.596,19.006,0.057,0.128,0.801,3.635,606.002,41.126,34.237,19.193,68.631,269.087,210.885,1221.404,783.158,3554.808,112.97,6.3,46.46,97.57,33.74,9.1,0.0,17.37,,6.302,15.401,0.0,0.0,112.97,68.46,1.07,6363.707,8.075,96.95,101.553,1359.228,6169.628,442.877,86.368,1309811218806.0,29.866,6.616,28.216,24.547,395.582,153.148,1795.574,791.568,3592.984,8.055,-8.983,1.768,-2.447,24.789,41.306,112.519,13.633,15.401,69.906,-5.039,3.05,-2.269,42.759,194.084,0.0,0.0,0.0,,0.0,0.0,0.0,0.0,0.0,15.376,1.22,49.541,8.374,694.558,78.844,3152.649,670.439,3043.169,,28.605,0.292,1.225,0.05,17.169,,5.578,77.93,512.779,220309472.0,1401.985,69.906,13.633,-5.039,3.05,-2.269,42.759,194.084,0.0,,0.0,0.0,0.0,0.0,0.0,0.0,,0.0,0.0,0.0,0.0,0.0
IDN,Indonesia,2004,15.816,123.863,-4.374,-34.622,-3.638,-24.391,-0.446,-6.249,5.552,29.872,0.29,0.058,0.002,0.803,3.597,602.797,40.128,-8.128,17.712,-21.871,247.216,215.912,1107.174,907.021,4062.154,120.14,6.67,48.21,103.8,37.03,9.67,0.0,18.56,,6.666,16.34,0.0,0.0,120.14,72.42,1.01,6250.9,-0.627,96.773,-8.525,1350.703,6049.214,464.875,86.399,1381839960933.0,30.822,-8.484,25.938,-33.56,362.022,165.841,1621.341,756.947,3390.038,8.049,5.642,1.876,1.399,26.188,43.308,117.283,13.6,16.34,73.178,5.323,3.227,2.276,45.035,201.691,0.0,0.0,0.0,,0.0,0.0,0.0,0.0,0.0,15.449,6.753,53.124,46.906,741.464,83.122,3320.7,646.048,2893.368,,29.852,5.098,1.293,0.875,18.044,,5.548,80.811,538.055,223285664.0,1395.736,73.178,13.6,5.323,3.227,2.276,45.035,201.691,0.0,,0.0,0.0,0.0,0.0,0.0,0.0,,0.0,0.0,0.0,0.0,0.0
IDN,Indonesia,2005,15.391,139.6,0.76,5.751,-3.303,-21.338,2.455,34.264,5.182,29.21,27.467,0.072,0.221,1.024,4.525,599.875,40.632,14.603,19.812,36.101,283.317,229.043,1252.011,1046.621,4625.143,127.56,6.61,51.83,110.22,41.09,10.73,0.0,17.3,,6.615,17.34,0.0,0.0,127.56,76.52,0.975,6319.342,2.342,96.667,31.633,1382.335,6108.704,487.075,86.406,1467344878283.0,32.212,0.529,25.45,1.914,363.936,181.582,1608.276,762.698,3370.452,8.412,10.162,2.017,2.661,28.849,47.417,127.487,13.594,17.34,76.628,5.844,3.333,2.632,47.666,210.643,0.0,0.0,0.0,,0.0,0.0,0.0,0.0,0.0,13.562,-0.861,51.404,-6.382,735.082,76.451,3248.418,624.71,2760.667,,29.232,-1.387,1.244,-0.25,17.794,,5.186,78.632,563.703,226289472.0,1430.001,76.628,13.594,5.844,3.333,2.632,47.666,210.643,0.0,,0.0,0.0,0.0,0.0,0.0,0.0,,0.0,0.0,0.0,0.0,0.0
IDN,Indonesia,2006,26.872,281.243,-1.144,-8.727,-6.496,-40.582,1.539,22.014,5.012,29.086,-11.025,0.063,-0.113,0.911,3.973,616.801,44.083,18.487,23.119,52.376,335.692,255.845,1463.871,1327.864,5790.487,133.09,6.67,58.67,116.8,40.38,9.62,0.0,17.75,,6.674,16.297,0.0,0.0,133.09,82.09,0.934,6331.876,1.824,96.937,25.208,1407.544,6137.949,509.336,87.76,1555183224446.0,30.34,1.972,25.559,7.178,371.114,176.087,1618.336,753.971,3287.88,7.228,-10.839,1.771,-3.127,25.722,41.95,112.167,12.245,16.297,71.067,-6.701,3.063,-3.194,44.472,193.932,0.0,0.0,0.0,,0.0,0.0,0.0,0.0,0.0,13.337,-4.672,48.26,-34.345,700.737,77.403,3055.742,584.127,2547.234,,29.104,0.257,1.229,0.046,17.839,,5.015,77.793,580.372,229318272.0,1452.015,71.067,12.245,-6.701,3.063,-3.194,44.472,193.932,0.0,,0.0,0.0,0.0,0.0,0.0,0.0,,0.0,0.0,0.0,0.0,0.0
IDN,Indonesia,2007,11.966,158.892,-3.738,-28.18,-4.761,-27.81,7.481,108.619,4.943,30.296,30.621,0.076,0.279,1.19,5.121,615.039,44.864,25.462,26.987,85.473,421.165,274.987,1812.443,1486.756,6398.111,142.43,7.04,63.9,124.1,42.06,11.29,0.0,18.14,,7.039,18.325,0.0,0.0,142.43,87.6,0.939,6716.035,7.334,96.805,103.225,1510.769,6501.448,534.052,87.131,1661589556927.0,29.53,-6.654,22.197,-24.693,346.42,181.001,1490.788,725.791,3123.372,7.927,16.549,1.921,4.257,29.978,48.585,129.009,12.866,18.325,78.86,12.128,3.195,5.394,49.866,214.593,0.0,0.0,0.0,,0.0,0.0,0.0,0.0,0.0,12.736,6.057,47.621,42.446,743.183,78.064,3198.217,556.317,2394.057,,30.292,4.81,1.198,0.858,18.697,,4.942,80.462,612.934,232374240.0,1560.634,78.86,12.866,12.128,3.195,5.394,49.866,214.593,0.0,,0.0,0.0,0.0,0.0,0.0,0.0,,0.0,0.0,0.0,0.0,0.0
IDN,Indonesia,2008,10.741,159.699,3.101,22.508,3.329,18.52,-0.031,-0.488,5.582,35.419,-0.846,0.076,-0.01,1.18,5.011,604.604,41.152,-13.009,23.483,-54.79,366.375,261.138,1555.932,1646.456,6992.217,149.42,8.34,61.49,129.55,47.23,11.53,0.0,20.83,,8.337,19.865,0.0,0.0,149.42,90.34,0.87,6625.674,-0.281,96.563,-4.241,1506.528,6397.968,550.177,86.702,1793465196442.0,31.609,14.585,25.443,50.526,396.947,200.578,1685.767,748.299,3177.9,7.717,1.512,1.951,0.453,30.432,48.966,129.238,13.295,19.865,84.364,7.527,3.437,3.753,53.619,227.711,0.0,0.0,0.0,,0.0,0.0,0.0,0.0,0.0,13.941,0.003,47.637,0.023,743.205,88.461,3156.268,574.838,2441.237,,35.404,17.699,1.411,3.309,22.007,,5.579,93.458,634.561,235469744.0,1560.146,84.364,13.295,7.527,3.437,3.753,53.619,227.711,0.0,,0.0,0.0,0.0,0.0,0.001,0.0,1245.55,0.0,0.001,0.001,0.0,0.003
IDN,Indonesia,2009,6.631,109.177,4.295,32.141,-2.063,-11.859,3.902,60.883,5.952,39.1,81.858,0.132,0.966,2.146,8.992,606.086,42.045,5.277,23.794,19.333,385.708,276.213,1616.409,1755.632,7357.424,156.76,9.33,65.91,136.05,50.28,11.38,0.0,19.86,,9.327,20.714,0.0,0.0,156.76,95.01,0.859,6793.331,3.851,96.515,58.013,1564.541,6556.607,570.152,86.789,1886334528721.0,32.075,6.062,25.972,24.061,421.008,210.711,1764.343,780.441,3270.634,7.26,-1.862,1.842,-0.567,29.865,47.691,125.157,13.214,20.714,86.808,5.351,3.485,2.869,56.488,236.729,0.0,0.0,0.0,,0.0,0.0,0.0,0.0,0.0,12.669,1.967,46.75,14.619,757.824,83.228,3175.856,562.978,2359.303,,39.085,11.184,1.509,2.461,24.468,,5.95,102.539,656.943,238620544.0,1621.028,86.808,13.214,5.351,3.485,2.869,56.488,236.729,0.0,-0.632,0.0,-0.0,0.0,0.0,0.001,0.0,1250.195,0.001,0.009,0.01,0.0,0.04
IDN,Indonesia,2010,7.41,130.094,11.476,89.565,0.444,2.502,9.674,156.812,5.538,38.87,38.607,0.167,0.828,2.974,12.298,584.305,40.344,19.016,25.821,73.346,459.054,283.169,1898.219,1885.726,7797.598,169.74,9.4,68.48,142.88,55.39,17.46,0.0,19.01,,9.404,26.865,0.0,0.0,169.74,99.18,0.882,7351.483,8.966,95.893,140.28,1704.822,7049.547,590.818,84.176,2015864844093.0,32.632,4.624,24.776,19.468,440.476,229.041,1821.397,870.005,3597.527,10.286,52.401,2.56,15.65,45.515,72.198,188.206,15.827,26.865,111.087,29.265,4.107,16.532,73.02,301.943,0.0,0.0,0.0,,0.0,0.0,0.0,0.0,0.0,11.199,6.264,45.296,47.467,805.291,78.608,3329.931,565.48,2338.296,,38.887,0.215,1.379,0.053,24.52,,5.54,101.393,701.886,241834224.0,1777.84,111.087,15.827,29.265,4.107,16.532,73.02,301.943,0.0,416.949,0.0,0.001,0.001,0.0,0.006,0.0,-1.441,0.001,-0.0,0.01,0.0,0.039
IDN,Indonesia,2011,28.386,535.273,-4.967,-43.215,-4.763,-26.933,7.518,133.664,5.172,38.676,39.23,0.217,1.167,4.141,16.893,617.151,44.237,18.743,28.517,86.04,545.094,330.823,2223.823,2420.999,9876.952,183.31,9.48,81.09,161.41,57.46,12.42,0.0,22.86,,9.48,21.904,0.0,0.0,183.31,113.13,0.889,7798.367,8.551,96.814,145.779,1850.601,7549.9,658.505,88.053,2150142768754.0,31.346,-2.982,22.356,-13.133,427.343,234.42,1743.433,826.79,3373.058,6.775,-29.291,1.684,-13.332,32.183,50.67,131.298,11.949,21.904,89.363,-16.591,3.186,-12.115,60.905,248.474,0.0,0.0,0.0,,0.0,0.0,0.0,0.0,0.0,12.471,9.049,45.941,72.872,878.162,93.262,3582.643,538.547,2197.11,,38.675,0.189,1.285,0.046,24.567,,5.172,100.225,747.85,245115984.0,1911.505,89.363,11.949,-16.591,3.186,-12.115,60.905,248.474,0.0,47.131,0.0,0.001,0.002,0.0,0.008,0.0,28.07,0.001,0.003,0.012,0.0,0.05
IDN,Indonesia,2012,9.236,223.604,-5.297,-43.795,-3.71,-19.978,6.436,123.027,4.771,38.438,70.017,0.346,2.899,7.04,28.336,638.925,51.039,13.093,30.3,71.371,616.465,411.227,2481.228,2644.603,10644.333,200.18,9.55,102.17,177.83,54.08,12.8,0.0,21.58,,9.551,22.357,0.0,0.0,200.18,127.9,0.892,8188.84,6.447,96.823,119.304,1969.905,7928.725,715.753,88.835,2279736362959.0,27.016,0.554,21.121,2.369,429.712,217.668,1729.561,782.996,3151.501,6.394,2.437,1.62,0.784,32.967,51.519,132.692,11.169,22.357,89.987,6.112,3.177,3.723,64.628,260.121,0.0,0.0,0.0,,0.0,0.0,0.0,0.0,0.0,10.78,5.189,45.402,45.564,923.727,86.858,3717.936,518.568,2087.2,,38.441,0.137,1.209,0.034,24.6,,4.771,99.015,805.71,248451712.0,2034.531,89.987,11.169,6.112,3.177,3.723,64.628,260.121,0.0,288.579,0.0,0.006,0.008,0.0,0.031,0.0,-2.511,0.001,-0.0,0.012,0.0,0.048
IDN,Indonesia,2013,22.986,607.882,-0.863,-6.759,-4.142,-21.479,3.225,65.619,4.401,37.767,45.816,0.489,3.226,10.266,40.768,631.745,51.481,7.535,31.565,46.454,662.918,441.81,2632.665,3252.485,12916.664,216.1,9.51,111.25,189.66,58.05,16.92,0.0,20.36,,9.506,26.434,0.01,0.0,216.1,136.52,0.873,8340.375,2.655,96.289,52.304,2022.209,8030.843,753.201,87.765,2406465801759.0,26.863,3.57,21.192,15.343,445.055,230.535,1767.458,776.237,3082.685,7.83,31.422,2.063,10.359,43.326,67.195,172.063,12.232,26.434,104.978,20.604,3.711,13.316,77.943,309.539,0.0,0.0,0.0,,0.0,0.0,0.0,0.0,0.0,9.422,-1.028,43.532,-9.493,914.234,80.856,3630.721,497.089,1974.101,,37.75,-1.07,1.159,-0.263,24.337,,4.399,96.65,858.203,251805312.0,2100.151,104.978,12.232,20.604,3.711,13.316,77.943,309.539,0.005,81.72,0.001,0.006,0.014,0.04,0.056,0.0,-97.841,0.0,-0.012,0.0,0.0,0.001
IDN,Indonesia,2014,-3.477,-113.105,-1.577,-12.241,-4.16,-20.68,-7.212,-151.47,4.448,39.823,70.47,0.898,7.234,17.5,68.593,641.306,52.324,-20.861,26.922,-138.29,524.628,468.51,2056.334,3139.38,12305.112,228.45,10.16,119.53,203.11,60.54,15.16,0.0,23.04,,10.159,25.327,0.01,0.0,228.44,146.5,0.771,7638.049,-7.689,95.794,-155.482,1866.727,7316.823,796.11,88.912,2526852566687.0,26.501,-1.042,22.601,-4.637,440.418,237.293,1726.264,763.996,2994.558,6.636,-10.945,1.98,-4.742,38.584,59.421,151.234,11.087,25.327,99.272,5.147,4.206,4.012,81.955,321.232,0.004,0.01,0.0,,0.0,0.0,0.0,0.0,0.0,10.086,-1.373,46.271,-12.555,901.679,90.308,3534.224,476.409,1867.333,,39.82,6.233,1.327,1.517,25.854,,4.447,101.337,895.393,255128080.0,1948.681,99.272,11.087,5.147,4.206,4.012,81.955,321.232,0.004,23.077,0.001,0.003,0.017,0.039,0.068,0.0,-100.0,0.0,-0.0,0.0,0.0,0.0
IDN,Indonesia,2015,0.757,23.776,-0.311,-2.374,-0.938,-4.467,1.098,21.396,4.402,39.825,-46.905,0.472,-8.208,9.292,35.961,654.93,53.33,13.378,30.192,70.183,594.811,482.462,2302.052,3163.156,12242.108,233.76,10.29,124.66,209.71,54.14,13.74,0.0,30.91,,10.288,24.037,0.01,0.0,233.75,153.09,0.743,7624.63,1.781,96.442,33.251,1899.978,7353.334,811.624,89.716,2650203478697.0,23.161,3.891,23.225,17.137,457.556,209.534,1770.842,761.622,2947.645,5.878,-9.91,1.764,-3.824,34.76,53.177,134.53,10.283,24.037,93.029,-14.466,3.558,-11.855,70.1,271.302,0.004,0.01,0.0,,0.0,0.0,0.0,0.0,0.0,13.224,-5.996,43.024,-54.069,847.61,119.628,3280.44,471.942,1826.518,,39.815,0.663,1.321,0.171,26.025,,4.401,100.724,904.664,258383248.0,1970.077,93.029,10.283,-14.466,3.558,-11.855,70.1,271.302,0.004,-22.917,0.001,-0.004,0.013,0.039,0.052,0.0,,0.0,0.009,0.009,0.0,0.036
IDN,Indonesia,2016,-1.163,-36.789,-1.421,-10.822,5.388,25.43,1.144,22.548,4.422,41.865,204.804,1.421,19.03,28.321,108.279,641.36,54.67,4.303,31.135,25.597,620.408,517.594,2371.987,3126.366,11952.934,248.32,10.95,135.38,217.97,61.79,18.68,0.0,20.8,,10.951,29.655,0.02,0.01,247.63,158.82,0.716,7618.335,-0.539,94.836,-10.249,1889.729,7224.94,833.358,88.022,2783164797711.0,24.953,-2.458,22.398,-11.248,446.308,236.24,1706.355,750.8,2870.508,7.544,35.121,2.357,12.208,46.969,71.419,179.573,11.975,29.655,113.378,46.785,5.164,32.797,102.896,393.401,0.278,0.69,0.0,,0.0,0.0,0.0,0.0,0.0,8.4,-2.902,41.303,-24.598,823.012,79.524,3146.599,497.372,1901.585,,41.868,5.818,1.382,1.514,27.539,,4.422,105.291,946.756,261556384.0,1992.624,113.378,11.975,46.785,5.164,32.797,102.896,393.401,0.008,296.95,0.003,0.04,0.053,0.076,0.203,0.004,52.819,0.001,0.005,0.014,0.038,0.055
IDN,Indonesia,2017,1.107,34.611,-3.163,-23.75,-4.204,-20.91,4.167,83.026,5.134,49.348,-14.073,1.172,-3.986,24.335,91.953,650.024,58.17,7.156,32.029,44.398,664.806,559.076,2512.012,3160.977,11943.946,255.48,13.06,147.96,222.64,55.83,18.63,0.0,18.85,,13.059,31.72,0.03,0.0,254.36,165.34,0.71,7842.971,4.354,95.007,82.285,1972.015,7451.379,841.259,87.529,2924271255215.0,21.949,-3.171,20.82,-14.154,432.153,210.957,1632.919,727.05,2747.203,7.324,-0.825,2.244,-0.388,46.581,70.395,176.009,12.471,31.72,119.858,0.719,4.993,0.74,103.637,391.598,0.438,1.12,0.0,,0.0,0.0,0.0,0.0,0.0,7.411,6.323,42.158,52.042,875.054,71.226,3306.448,476.461,1800.339,,49.344,18.549,1.573,5.108,32.648,,5.134,123.361,961.115,264650976.0,2075.65,119.858,12.471,0.719,4.993,0.74,103.637,391.598,0.012,36.933,0.003,0.02,0.073,0.113,0.274,0.0,-100.0,0.0,-0.014,0.0,0.0,0.0
IDN,Indonesia,2018,20.927,661.493,0.133,0.967,-3.526,-16.798,7.99,165.835,5.371,53.536,44.016,1.564,10.711,35.047,130.933,658.333,59.978,18.602,35.177,123.671,788.476,597.787,2945.699,3822.47,14280.503,268.28,14.33,160.01,235.41,57.45,16.83,0.0,17.95,,14.33,31.365,0.02,0.19,266.78,175.63,0.729,8374.044,7.935,94.959,156.47,2128.485,7951.884,879.477,88.241,3075456084370.0,21.535,3.039,19.866,13.132,445.286,214.63,1663.561,728.017,2719.824,6.309,-10.216,1.866,-4.759,41.822,62.876,156.246,11.757,31.365,117.179,9.036,5.041,9.365,113.002,422.168,0.559,1.5,0.0,,0.0,0.0,0.0,0.0,0.0,6.728,2.248,39.916,19.667,894.721,67.06,3342.624,459.664,1717.274,,53.536,9.091,1.589,2.968,35.616,,5.371,133.057,996.673,267670560.0,2241.485,117.179,11.757,9.036,5.041,9.365,113.002,422.168,0.007,-31.59,0.002,-0.023,0.05,0.075,0.186,0.071,,0.021,0.467,0.467,0.71,1.745
IDN,Indonesia,2019,10.468,400.129,-7.168,-52.182,-3.403,-15.644,7.238,162.229,5.147,53.025,69.163,2.466,24.239,59.286,219.071,662.578,62.582,20.28,39.455,159.903,948.379,644.765,3504.399,4222.599,15603.106,280.5,14.35,174.49,247.39,62.32,16.55,0.0,10.58,,14.346,31.428,0.05,0.48,278.82,184.74,,8882.066,6.489,94.296,138.122,2266.607,8375.437,914.141,88.727,,22.351,-1.366,18.272,-6.083,439.203,230.281,1622.918,675.834,2497.304,5.936,-2.035,1.705,-0.851,40.972,61.155,151.396,11.272,31.428,116.131,21.333,5.704,24.107,137.109,506.637,0.599,1.68,0.0,,0.0,0.0,0.0,0.0,0.0,3.795,-1.754,36.569,-15.698,879.024,39.095,3248.12,444.02,1640.715,,53.011,-0.258,1.478,-0.092,35.524,,5.145,131.266,1030.28,270625568.0,2403.714,116.131,11.272,21.333,5.704,24.107,137.109,506.637,0.018,169.139,0.006,0.084,0.134,0.185,0.494,0.172,155.465,0.05,0.726,1.194,1.774,4.41
IDN,Indonesia,2020,-8.704,-367.529,-6.556,-44.31,-4.666,-20.72,-11.782,-283.195,5.78,58.057,2.796,2.874,1.658,60.944,222.811,663.488,65.828,-4.638,42.65,-43.986,904.393,661.259,3306.455,3855.071,14094.106,276.31,15.88,180.87,238.91,51.28,19.45,0.0,6.76,,15.882,36.282,0.05,0.47,274.76,182.3,,7752.6,-13.083,92.905,-296.543,1970.065,7202.54,873.453,86.952,,18.664,-5.446,19.584,-23.92,415.283,187.479,1518.273,631.525,2308.849,7.079,17.146,2.263,7.025,47.996,71.109,175.474,13.205,36.282,132.647,9.735,7.095,13.347,150.456,550.067,0.561,1.55,0.0,,0.0,0.0,0.0,0.0,0.0,2.46,-26.01,30.671,-228.637,650.387,24.715,2377.812,423.299,1547.579,,58.065,10.302,1.848,3.66,39.183,,5.78,143.254,1004.52,273523616.0,2120.519,132.647,13.205,9.735,7.095,13.347,150.456,550.067,0.018,772.136,0.055,1.032,1.166,0.183,4.264,0.171,-2.292,0.055,-0.027,1.166,1.718,4.264
