iso_code,country,year,coal_prod_change_pct,coal_prod_change_twh,gas_prod_change_pct,gas_prod_change_twh,oil_prod_change_pct,oil_prod_change_twh,energy_cons_change_pct,energy_cons_change_twh,biofuel_share_elec,biofuel_elec_per_capita,biofuel_cons_change_pct,biofuel_share_energy,biofuel_cons_change_twh,biofuel_consumption,biofuel_cons_per_capita,carbon_intensity_elec,coal_share_elec,coal_cons_change_pct,coal_share_energy,coal_cons_change_twh,coal_consumption,coal_elec_per_capita,coal_cons_per_capita,coal_production,coal_prod_per_capita,electricity_demand,biofuel_electricity,coal_electricity,fossil_electricity,gas_electricity,hydro_electricity,nuclear_electricity,oil_electricity,other_renewable_exc_biofuel_electricity,other_renewable_electricity,renewables_electricity,solar_electricity,wind_electricity,electricity_generation,greenhouse_gas_emissions,energy_per_gdp,energy_per_capita,fossil_cons_change_pct,fossil_share_energy,fossil_cons_change_twh,fossil_fuel_consumption,fossil_energy_per_capita,fossil_cons_per_capita,fossil_share_elec,gdp,gas_share_elec,gas_cons_change_pct,gas_share_energy,gas_cons_change_twh,gas_consumption,gas_elec_per_capita,gas_energy_per_capita,gas_production,gas_prod_per_capita,hydro_share_elec,hydro_cons_change_pct,hydro_share_energy,hydro_cons_change_twh,hydro_consumption,hydro_elec_per_capita,hydro_energy_per_capita,low_carbon_share_elec,low_carbon_electricity,low_carbon_elec_per_capita,low_carbon_cons_change_pct,low_carbon_share_energy,low_carbon_cons_change_twh,low_carbon_consumption,low_carbon_energy_per_capita,net_elec_imports_share_demand,net_elec_imports,nuclear_share_elec,nuclear_cons_change_pct,nuclear_share_energy,nuclear_cons_change_twh,nuclear_consumption,nuclear_elec_per_capita,nuclear_energy_per_capita,oil_share_elec,oil_cons_change_pct,oil_share_energy,oil_cons_change_twh,oil_consumption,oil_elec_per_capita,oil_energy_per_capita,oil_production,oil_prod_per_capita,other_renewables_elec_per_capita_exc_biofuel,other_renewables_elec_per_capita,other_renewables_cons_change_pct,other_renewables_share_energy,other_renewables_cons_change_twh,other_renewable_consumption,other_renewables_share_elec_exc_biofuel,other_renewables_share_elec,other_renewables_energy_per_capita,per_capita_electricity,population,primary_energy_consumption,renewables_elec_per_capita,renewables_share_elec,renewables_cons_change_pct,renewables_share_energy,renewables_cons_change_twh,renewables_consumption,renewables_energy_per_capita,solar_share_elec,solar_cons_change_pct,solar_share_energy,solar_cons_change_twh,solar_consumption,solar_elec_per_capita,solar_energy_per_capita,wind_share_elec,wind_cons_change_pct,wind_share_energy,wind_cons_change_twh,wind_consumption,wind_elec_per_capita,wind_energy_per_capita
IRQ,Iraq,1900,,,,,,,,,,,,,,,,,,,,,,,,,,,,,,,,,,,,,,,,,,,,,,,,,,,,,,,,,,0.0,0.0,,,,,,,,,,,,,,,,,,,,,,,,,,,,,,,,0.0,0.0,,,,,,,,,,,2419325.0,,,,,,,,,,,,,,,,,,,,,,
IRQ,Iraq,1901,,,,0.0,,0.0,,,,,,,,,,,,,,,,,,,,,,,,,,,,,,,,,,,,,,,,,,,,,,,,,,,,0.0,0.0,,,,,,,,,,,,,,,,,,,,,,,,,,,,,,,,0.0,0.0,,,,,,,,,,,2470577.0,,,,,,,,,,,,,,,,,,,,,,
IRQ,Iraq,1902,,,,0.0,,0.0,,,,,,,,,,,,,,,,,,,,,,,,,,,,,,,,,,,,,,,,,,,,,,,,,,,,0.0,0.0,,,,,,,,,,,,,,,,,,,,,,,,,,,,,,,,0.0,0.0,,,,,,,,,,,2517226.0,,,,,,,,,,,,,,,,,,,,,,
IRQ,Iraq,1903,,,,0.0,,0.0,,,,,,,,,,,,,,,,,,,,,,,,,,,,,,,,,,,,,,,,,,,,,,,,,,,,0.0,0.0,,,,,,,,,,,,,,,,,,,,,,,,,,,,,,,,0.0,0.0,,,,,,,,,,,2559031.0,,,,,,,,,,,,,,,,,,,,,,
IRQ,Iraq,1904,,,,0.0,,0.0,,,,,,,,,,,,,,,,,,,,,,,,,,,,,,,,,,,,,,,,,,,,,,,,,,,,0.0,0.0,,,,,,,,,,,,,,,,,,,,,,,,,,,,,,,,0.0,0.0,,,,,,,,,,,2601525.0,,,,,,,,,,,,,,,,,,,,,,
IRQ,Iraq,1905,,,,0.0,,0.0,,,,,,,,,,,,,,,,,,,,,,,,,,,,,,,,,,,,,,,,,,,,,,,,,,,,0.0,0.0,,,,,,,,,,,,,,,,,,,,,,,,,,,,,,,,0.0,0.0,,,,,,,,,,,2644719.0,,,,,,,,,,,,,,,,,,,,,,
IRQ,Iraq,1906,,,,0.0,,0.0,,,,,,,,,,,,,,,,,,,,,,,,,,,,,,,,,,,,,,,,,,,,,,,,,,,,0.0,0.0,,,,,,,,,,,,,,,,,,,,,,,,,,,,,,,,0.0,0.0,,,,,,,,,,,2688623.0,,,,,,,,,,,,,,,,,,,,,,
IRQ,Iraq,1907,,,,0.0,,0.0,,,,,,,,,,,,,,,,,,,,,,,,,,,,,,,,,,,,,,,,,,,,,,,,,,,,0.0,0.0,,,,,,,,,,,,,,,,,,,,,,,,,,,,,,,,0.0,0.0,,,,,,,,,,,2733250.0,,,,,,,,,,,,,,,,,,,,,,
IRQ,Iraq,1908,,,,0.0,,0.0,,,,,,,,,,,,,,,,,,,,,,,,,,,,,,,,,,,,,,,,,,,,,,,,,,,,0.0,0.0,,,,,,,,,,,,,,,,,,,,,,,,,,,,,,,,0.0,0.0,,,,,,,,,,,2778611.0,,,,,,,,,,,,,,,,,,,,,,
IRQ,Iraq,1909,,,,0.0,,0.0,,,,,,,,,,,,,,,,,,,,,,,,,,,,,,,,,,,,,,,,,,,,,,,,,,,,0.0,0.0,,,,,,,,,,,,,,,,,,,,,,,,,,,,,,,,0.0,0.0,,,,,,,,,,,2827100.0,,,,,,,,,,,,,,,,,,,,,,
IRQ,Iraq,1910,,,,0.0,,0.0,,,,,,,,,,,,,,,,,,,,,,,,,,,,,,,,,,,,,,,,,,,,,,,,,,,,0.0,0.0,,,,,,,,,,,,,,,,,,,,,,,,,,,,,,,,0.0,0.0,,,,,,,,,,,2878820.0,,,,,,,,,,,,,,,,,,,,,,
IRQ,Iraq,1911,,,,0.0,,0.0,,,,,,,,,,,,,,,,,,,,,,,,,,,,,,,,,,,,,,,,,,,,,,,,,,,,0.0,0.0,,,,,,,,,,,,,,,,,,,,,,,,,,,,,,,,0.0,0.0,,,,,,,,,,,2933879.0,,,,,,,,,,,,,,,,,,,,,,
IRQ,Iraq,1912,,,,0.0,,0.0,,,,,,,,,,,,,,,,,,,,,,,,,,,,,,,,,,,,,,,,,,,,,,,,,,,,0.0,0.0,,,,,,,,,,,,,,,,,,,,,,,,,,,,,,,,0.0,0.0,,,,,,,,,,,2992387.0,,,,,,,,,,,,,,,,,,,,,,
IRQ,Iraq,1913,,,,0.0,,0.0,,,,,,,,,,,,,,,,,,,,,,,,,,,,,,,,,,,,,,,,,,,,3331575000.0,,,,,,,,0.0,0.0,,,,,,,,,,,,,,,,,,,,,,,,,,,,,,,,0.0,0.0,,,,,,,,,,,3054458.0,,,,,,,,,,,,,,,,,,,,,,
IRQ,Iraq,1914,,,,0.0,,0.0,,,,,,,,,,,,,,,,,,,,,,,,,,,,,,,,,,,,,,,,,,,,,,,,,,,,0.0,0.0,,,,,,,,,,,,,,,,,,,,,,,,,,,,,,,,0.0,0.0,,,,,,,,,,,3117810.0,,,,,,,,,,,,,,,,,,,,,,
IRQ,Iraq,1915,,,,0.0,,0.0,,,,,,,,,,,,,,,,,,,,,,,,,,,,,,,,,,,,,,,,,,,,,,,,,,,,0.0,0.0,,,,,,,,,,,,,,,,,,,,,,,,,,,,,,,,0.0,0.0,,,,,,,,,,,3182469.0,,,,,,,,,,,,,,,,,,,,,,
IRQ,Iraq,1916,,,,0.0,,0.0,,,,,,,,,,,,,,,,,,,,,,,,,,,,,,,,,,,,,,,,,,,,,,,,,,,,0.0,0.0,,,,,,,,,,,,,,,,,,,,,,,,,,,,,,,,0.0,0.0,,,,,,,,,,,3248461.0,,,,,,,,,,,,,,,,,,,,,,
IRQ,Iraq,1917,,,,0.0,,0.0,,,,,,,,,,,,,,,,,,,,,,,,,,,,,,,,,,,,,,,,,,,,,,,,,,,,0.0,0.0,,,,,,,,,,,,,,,,,,,,,,,,,,,,,,,,0.0,0.0,,,,,,,,,,,3315814.0,,,,,,,,,,,,,,,,,,,,,,
IRQ,Iraq,1918,,,,0.0,,0.0,,,,,,,,,,,,,,,,,,,,,,,,,,,,,,,,,,,,,,,,,,,,,,,,,,,,0.0,0.0,,,,,,,,,,,,,,,,,,,,,,,,,,,,,,,,0.0,0.0,,,,,,,,,,,3379549.0,,,,,,,,,,,,,,,,,,,,,,
IRQ,Iraq,1919,,,,0.0,,0.0,,,,,,,,,,,,,,,,,,,,,,,,,,,,,,,,,,,,,,,,,,,,,,,,,,,,0.0,0.0,,,,,,,,,,,,,,,,,,,,,,,,,,,,,,,,0.0,0.0,,,,,,,,,,,3440303.0,,,,,,,,,,,,,,,,,,,,,,
IRQ,Iraq,1920,,,,0.0,,0.0,,,,,,,,,,,,,,,,,,,,,,,,,,,,,,,,,,,,,,,,,,,,,,,,,,,,0.0,0.0,,,,,,,,,,,,,,,,,,,,,,,,,,,,,,,,0.0,0.0,,,,,,,,,,,3497964.0,,,,,,,,,,,,,,,,,,,,,,
IRQ,Iraq,1921,,,,0.0,,0.0,,,,,,,,,,,,,,,,,,,,,,,,,,,,,,,,,,,,,,,,,,,,,,,,,,,,0.0,0.0,,,,,,,,,,,,,,,,,,,,,,,,,,,,,,,,0.0,0.0,,,,,,,,,,,3552417.0,,,,,,,,,,,,,,,,,,,,,,
IRQ,Iraq,1922,,,,0.0,,0.0,,,,,,,,,,,,,,,,,,,,,,,,,,,,,,,,,,,,,,,,,,,,,,,,,,,,0.0,0.0,,,,,,,,,,,,,,,,,,,,,,,,,,,,,,,,0.0,0.0,,,,,,,,,,,3603541.0,,,,,,,,,,,,,,,,,,,,,,
IRQ,Iraq,1923,,,,0.0,,0.0,,,,,,,,,,,,,,,,,,,,,,,,,,,,,,,,,,,,,,,,,,,,,,,,,,,,0.0,0.0,,,,,,,,,,,,,,,,,,,,,,,,,,,,,,,,0.0,0.0,,,,,,,,,,,3651216.0,,,,,,,,,,,,,,,,,,,,,,
IRQ,Iraq,1924,,,,0.0,,0.0,,,,,,,,,,,,,,,,,,,,,,,,,,,,,,,,,,,,,,,,,,,,,,,,,,,,0.0,0.0,,,,,,,,,,,,,,,,,,,,,,,,,,,,,,,,0.0,0.0,,,,,,,,,,,3699522.0,,,,,,,,,,,,,,,,,,,,,,
IRQ,Iraq,1925,,,,0.0,,0.0,,,,,,,,,,,,,,,,,,,,,,,,,,,,,,,,,,,,,,,,,,,,,,,,,,,,0.0,0.0,,,,,,,,,,,,,,,,,,,,,,,,,,,,,,,,0.0,0.0,,,,,,,,,,,3748467.0,,,,,,,,,,,,,,,,,,,,,,
IRQ,Iraq,1926,,,,0.0,,0.0,,,,,,,,,,,,,,,,,,,,,,,,,,,,,,,,,,,,,,,,,,,,,,,,,,,,0.0,0.0,,,,,,,,,,,,,,,,,,,,,,,,,,,,,,,,0.0,0.0,,,,,,,,,,,3798060.0,,,,,,,,,,,,,,,,,,,,,,
IRQ,Iraq,1927,,,,0.0,,0.523,,,,,,,,,,,,,,,,,,,,,,,,,,,,,,,,,,,,,,,,,,,,,,,,,,,,0.0,0.0,,,,,,,,,,,,,,,,,,,,,,,,,,,,,,,,0.523,135.995,,,,,,,,,,,3848309.0,,,,,,,,,,,,,,,,,,,,,,
IRQ,Iraq,1928,,,,0.0,108.889,0.57,,,,,,,,,,,,,,,,,,,,,,,,,,,,,,,,,,,,,,,,,,,,,,,,,,,,0.0,0.0,,,,,,,,,,,,,,,,,,,,,,,,,,,,,,,,1.093,280.369,,,,,,,,,,,3899222.0,,,,,,,,,,,,,,,,,,,,,,
IRQ,Iraq,1929,,,,0.0,28.723,0.314,,,,,,,,,,,,,,,,,,,,,,,,,,,,,,,,,,,,,,,,,,,,,,,,,,,,0.0,0.0,,,,,,,,,,,,,,,,,,,,,,,,,,,,,,,,1.407,356.957,,,,,,,,,,,3942304.0,,,,,,,,,,,,,,,,,,,,,,
IRQ,Iraq,1930,,,,0.0,0.0,0.0,,,,,,,,,,,,,,,,,,,,,,,,,,,,,,,,,,,,,,,,,,,,,,,,,,,,0.0,0.0,,,,,,,,,,,,,,,,,,,,,,,,,,,,,,,,1.407,353.804,,,,,,,,,,,3977427.0,,,,,,,,,,,,,,,,,,,,,,
IRQ,Iraq,1931,,,,0.0,-0.826,-0.012,,,,,,,,,,,,,,,,,,,,,,,,,,,,,,,,,,,,,,,,,,,,,,,,,,,,0.0,0.0,,,,,,,,,,,,,,,,,,,,,,,,,,,,,,,,1.396,348.511,,,,,,,,,,,4004466.0,,,,,,,,,,,,,,,,,,,,,,
IRQ,Iraq,1932,,,,0.0,1.667,0.023,,,,,,,,,,,,,,,,,,,,,,,,,,,,,,,,,,,,,,,,,,,,,,,,,,,,0.0,0.0,,,,,,,,,,,,,,,,,,,,,,,,,,,,,,,,1.419,352.662,,,,,,,,,,,4023290.0,,,,,,,,,,,,,,,,,,,,,,
IRQ,Iraq,1933,,,,0.0,-5.738,-0.081,,,,,,,,,,,,,,,,,,,,,,,,,,,,,,,,,,,,,,,,,,,,,,,,,,,,0.0,0.0,,,,,,,,,,,,,,,,,,,,,,,,,,,,,,,,1.337,331.564,,,,,,,,,,,4033769.0,,,,,,,,,,,,,,,,,,,,,,
IRQ,Iraq,1934,,,,0.0,712.174,9.525,,,,,,,,,,,,,,,,,,,,,,,,,,,,,,,,,,,,,,,,,,,,,,,,,,,,0.0,0.0,,,,,,,,,,,,,,,,,,,,,,,,,,,,,,,,10.862,2685.879,,,,,,,,,,,4044274.0,,,,,,,,,,,,,,,,,,,,,,
IRQ,Iraq,1935,,,,0.0,280.942,30.517,,,,,,,,,,,,,,,,,,,,,,,,,,,,,,,,,,,,,,,,,,,,,,,,,,,,0.0,0.0,,,,,,,,,,,,,,,,,,,,,,,,,,,,,,,,41.38,10205.063,,,,,,,,,,,4054808.0,,,,,,,,,,,,,,,,,,,,,,
IRQ,Iraq,1936,,,,0.0,9.444,3.908,,,,,,,,,,,,,,,,,,,,,,,,,,,,,,,,,,,,,,,,,,,,,,,,,,,,0.0,0.0,,,,,,,,,,,,,,,,,,,,,,,,,,,,,,,,45.287,11139.768,,,,,,,,,,,4065368.0,,,,,,,,,,,,,,,,,,,,,,
IRQ,Iraq,1937,,,,0.0,5.624,2.547,,,,,,,,,,,,,,,,,,,,,,,,,,,,,,,,,,,,,,,,,,,,,,,,,,,,0.0,0.0,,,,,,,,,,,,,,,,,,,,,,,,,,,,,,,,47.834,11735.705,,,,,,,,,,,4075957.0,,,,,,,,,,,,,,,,,,,,,,
IRQ,Iraq,1938,,,,0.0,0.608,0.291,,,,,,,,,,,,,,,,,,,,,,,,,,,,,,,,,,,,,,,,,,,,,,,,,,,,0.0,0.0,,,,,,,,,,,,,,,,,,,,,,,,,,,,,,,,48.125,11776.369,,,,,,,,,,,4086572.0,,,,,,,,,,,,,,,,,,,,,,
IRQ,Iraq,1939,,,,0.0,-4.229,-2.035,,,,,,,,,,,,,,,,,,,,,,,,,,,,,,,,,,,,,,,,,,,,,,,,,,,,0.0,0.0,,,,,,,,,,,,,,,,,,,,,,,,,,,,,,,,46.09,11178.909,,,,,,,,,,,4122918.0,,,,,,,,,,,,,,,,,,,,,,
IRQ,Iraq,1940,,,,0.0,-36.74,-16.933,,,,,,,,,,,,,,,,,,,,,,,,,,,,,,,,,,,,,,,,,,,,,,,,,,,,0.0,0.0,,,,,,,,,,,,,,,,,,,,,,,,,,,,,,,,29.156,6965.339,,,,,,,,,,,4185932.0,,,,,,,,,,,,,,,,,,,,,,
IRQ,Iraq,1941,,,,0.0,-37.495,-10.932,,,,,,,,,,,,,,,,,,,,,,,,,,,,,,,,,,,,,,,,,,,,,,,,,,,,0.0,0.0,,,,,,,,,,,,,,,,,,,,,,,,,,,,,,,,18.224,4261.399,,,,,,,,,,,4276583.0,,,,,,,,,,,,,,,,,,,,,,
IRQ,Iraq,1942,,,,0.0,65.603,11.956,,,,,,,,,,,,,,,,,,,,,,,,,,,,,,,,,,,,,,,,,,,,,,,,,,,,0.0,0.0,,,,,,,,,,,,,,,,,,,,,,,,,,,,,,,,30.18,6865.499,,,,,,,,,,,4395875.0,,,,,,,,,,,,,,,,,,,,,,
IRQ,Iraq,1943,,,,0.0,37.649,11.363,,,,,,,,,,,,,,,,,,,,,,,,,,,,,,,,,,,,,,,,,,,,,,,,,,,,0.0,0.0,,,,,,,,,,,,,,,,,,,,,,,,,,,,,,,,41.542,9140.552,,,,,,,,,,,4544845.0,,,,,,,,,,,,,,,,,,,,,,
IRQ,Iraq,1944,,,,0.0,16.573,6.885,,,,,,,,,,,,,,,,,,,,,,,,,,,,,,,,,,,,,,,,,,,,,,,,,,,,0.0,0.0,,,,,,,,,,,,,,,,,,,,,,,,,,,,,,,,48.427,10306.184,,,,,,,,,,,4698864.0,,,,,,,,,,,,,,,,,,,,,,
IRQ,Iraq,1945,,,,0.0,10.639,5.152,,,,,,,,,,,,,,,,,,,,,,,,,,,,,,,,,,,,,,,,,,,,,,,,,,,,0.0,0.0,,,,,,,,,,,,,,,,,,,,,,,,,,,,,,,,53.579,11028.886,,,,,,,,,,,4858102.0,,,,,,,,,,,,,,,,,,,,,,
IRQ,Iraq,1946,,,,0.0,1.585,0.849,,,,,,,,,,,,,,,,,,,,,,,,,,,,,,,,,,,,,,,,,,,,,,,,,,,,0.0,0.0,,,,,,,,,,,,,,,,,,,,,,,,,,,,,,,,54.428,10836.411,,,,,,,,,,,5022737.0,,,,,,,,,,,,,,,,,,,,,,
IRQ,Iraq,1947,,,,0.0,0.47,0.256,,,,,,,,,,,,,,,,,,,,,,,,,,,,,,,,,,,,,,,,,,,,,,,,,,,,0.0,0.0,,,,,,,,,,,,,,,,,,,,,,,,,,,,,,,,54.684,10530.489,,,,,,,,,,,5192950.0,,,,,,,,,,,,,,,,,,,,,,
IRQ,Iraq,1948,,,,0.0,-27.137,-14.84,,,,,,,,,,,,,,,,,,,,,,,,,,,,,,,,,,,,,,,,,,,,,,,,,,,,0.0,0.0,,,,,,,,,,,,,,,,,,,,,,,,,,,,,,,,39.844,7421.292,,,,,,,,,,,5368932.0,,,,,,,,,,,,,,,,,,,,,,
IRQ,Iraq,1949,,,,0.0,18.71,7.455,,,,,,,,,,,,,,,,,,,,,,,,,,,,,,,,,,,,,,,,,,,,,,,,,,,,0.0,0.0,,,,,,,,,,,,,,,,,,,,,,,,,,,,,,,,47.299,8530.979,,,,,,,,,,,5544410.0,,,,,,,,,,,,,,,,,,,,,,
IRQ,Iraq,1950,,,,0.0,61.888,29.273,,,,,,,,,,,,,,,,,,,,,,,,,,,,,,,,,,,,,,,,,,,,11225325082.0,,,,,,,,0.0,0.0,,,,,,,,,,,,,,,,,,,,,,,,,,,,,,,,76.572,13388.622,,,,,,,,,,,5719183.0,,,,,,,,,,,,,,,,,,,,,,
IRQ,Iraq,1951,,,,0.0,30.498,23.353,,,,,,,,,,,,,,,,,,,,,,,,,,,,,,,,,,,,,,,,,,,,12205860849.0,,,,,,,,0.0,0.0,,,,,,,,,,,,,,,,,,,,,,,,,,,,,,,,99.925,16932.114,,,,,,,,,,,5901510.0,,,,,,,,,,,,,,,,,,,,,,
IRQ,Iraq,1952,,,,0.0,115.561,115.474,,,,,,,,,,,,,,,,,,,,,,,,,,,,,,,,,,,,,,,,,,,,13506463212.0,,,,,,,,0.0,0.0,,,,,,,,,,,,,,,,,,,,,,,,,,,,,,,,215.399,35515.088,,,,,,,,,,,6065011.0,,,,,,,,,,,,,,,,,,,,,,
IRQ,Iraq,1953,,,,0.0,52.184,112.404,,,,,,,,,,,,,,,,,,,,,,,,,,,,,,,,,,,,,,,,,,,,18969127092.0,,,,,,,,0.0,0.0,,,,,,,,,,,,,,,,,,,,,,,,,,,,,,,,327.803,52734.337,,,,,,,,,,,6216129.0,,,,,,,,,,,,,,,,,,,,,,
IRQ,Iraq,1954,,,,0.0,8.653,28.366,,,,,,,,,,,,,,,,,,,,,,,,,,,,,,,,,,,,,,,,,,,,22545259152.0,,,,,,,,0.0,0.0,,,,,,,,,,,,,,,,,,,,,,,,,,,,,,,,356.169,55997.573,,,,,,,,,,,6360437.0,,,,,,,,,,,,,,,,,,,,,,
IRQ,Iraq,1955,,,,3.986,8.542,30.424,,,,,,,,,,,,,,,,,,,,,,,,,,,,,,,,,,,,,,,,,,,,21623615739.0,,,,,,,,3.986,613.029,,,,,,,,,,,,,,,,,,,,,,,,,,,,,,,,386.593,59451.529,,,,,,,,,,,6502661.0,,,,,,,,,,,,,,,,,,,,,,
IRQ,Iraq,1956,,,8.761,0.349,-5.313,-20.539,,,,,,,,,,,,,,,,,,,,,,,,,,,,,,,,,,,,,,,,,,,,23127861344.0,,,,,,,,4.336,652.296,,,,,,,,,,,,,,,,,,,,,,,,,,,,,,,,366.055,55073.664,,,,,,,,,,,6646635.0,,,,,,,,,,,,,,,,,,,,,,
IRQ,Iraq,1957,,,-25.278,-1.096,-30.11,-110.218,,,,,,,,,,,,,,,,,,,,,,,,,,,,,,,,,,,,,,,,,,,,22907525238.0,,,,,,,,3.24,476.74,,,,,,,,,,,,,,,,,,,,,,,,,,,,,,,,255.837,37648.559,,,,,,,,,,,6795398.0,,,,,,,,,,,,,,,,,,,,,,
IRQ,Iraq,1958,,,-20.074,-0.65,62.819,160.715,,,,,,,,,,,,,,,,,,,,,,,,,,,,,,,,,,,,,,,,,,,,25565155296.0,,,,,,,,2.589,372.499,,,,,,,,,,,,,,,,,,,,,,,,,,,,,,,,416.552,59925.552,,,,,,,,,,,6951159.0,,,,,,,,,,,,,,,,,,,,,,
IRQ,Iraq,1959,,,55.349,1.433,17.095,71.211,,,,,,,,,,,,,,,,,,,,,,,,,,,,,,,,,,,,,,,,,,,,26644595686.0,,,,,,,,4.022,565.308,,,,,,,,,,,,,,,,,,,,,,,,,,,,,,,,487.763,68549.258,,,,,,,,,,,7115505.0,,,,,,,,,,,,,,,,,,,,,,
IRQ,Iraq,1960,,,80.539,3.24,13.178,64.279,,,,,,,,,,,,,,,,,,,,,,,,,,,,,,,,,,,,,,,,,,,,29744050800.0,,,,,,,,7.262,996.205,,,,,,,,,,,,,,,,,,,,,,,,,,,,,,,,552.042,75728.444,,,,,,,,,,,7289753.0,,,,,,,,,,,,,,,,,,,,,,
IRQ,Iraq,1961,,,5.638,0.409,3.185,17.585,,,,,,,,,,,,,,,,,,,,,,,,,,,,,,,,,,,,,,,,,,,,33164032160.0,,,,,,,,7.672,1026.247,,,,,,,,,,,,,,,,,,,,,,,,,,,,,,,,569.626,76200.62,,,,,,,,,,,7475349.0,,,,,,,,,,,,,,,,,,,,,,
IRQ,Iraq,1962,,,1.256,0.096,0.386,2.198,,,,,,,,,,,,,,,,,,,,,,,,,,,,,,,,,,,,,,,,,,,,34818410340.0,,,,,,,,7.768,1012.208,,,,,,,,,,,,,,,,,,,,,,,,,,,,,,,,571.824,74512.396,,,,,,,,,,,7674217.0,,,,,,,,,,,,,,,,,,,,,,
IRQ,Iraq,1963,,,12.403,0.963,15.256,87.237,,,,,,,,,,,,,,,,,,,,,,,,,,,,,,,,,,,,,,,,,,,,34189524894.0,,,,,,,,8.731,1106.79,,,,,,,,,,,,,,,,,,,,,,,,,,,,,,,,659.061,83542.72,,,,,,,,,,,7888910.0,,,,,,,,,,,,,,,,,,,,,,
IRQ,Iraq,1964,,,4.828,0.422,8.749,57.662,,,,,,,,,,,,,,,,,,,,,,,,,,,,,,,,,,,,,,,,,,,,38285467515.0,,,,,,,,9.153,1126.897,,,,,,,,,,,,,,,,,,,,,,,,,,,,,,,,716.723,88242.431,,,,,,,,,,,8122199.0,,,,,,,,,,,,,,,,,,,,,,
IRQ,Iraq,1965,,,-51.974,-4.757,4.947,35.453,,,,,,,,,,,,,0.0,,0.0,,0.0,,,,,,,,0.071,0.0,,,0.0,0.071,0.0,0.0,,,0.487,2430.278,,99.035,,20.159,2406.829,,,41774679786.0,,,23.242,,4.731,,564.842,4.396,524.821,,,0.965,,0.196,8.442,23.451,,0.071,8.442,,0.965,,0.196,23.451,,,,,0.0,,0.0,0.0,0.0,,,75.793,,15.428,,1841.987,752.175,89803.458,,0.0,,0.0,,0.0,,,0.0,,8375795.0,20.356,8.442,,,0.965,,0.196,23.451,,,0.0,,0.0,0.0,0.0,,,0.0,,0.0,0.0,0.0
IRQ,Iraq,1966,,,66.301,2.914,6.017,45.257,11.609,2.363,,,,,,,,,,,0.0,0.0,0.0,,0.0,,,,,,,,0.093,0.0,,,0.0,0.093,0.0,0.0,,,0.516,2626.074,11.418,98.865,2.302,22.461,2596.277,,,43987527437.0,,21.888,25.382,1.036,5.766,,666.558,7.31,845.003,,31.25,1.135,0.061,0.258,10.728,29.799,,0.093,10.728,31.25,1.135,0.061,0.258,29.799,,,,,0.0,0.0,0.0,0.0,0.0,,8.207,73.483,1.266,16.694,,1929.718,797.432,92176.277,,0.0,,0.0,0.0,0.0,,,0.0,,8651162.0,22.719,10.728,,31.25,1.135,0.061,0.258,29.799,,,0.0,0.0,0.0,0.0,0.0,,,0.0,0.0,0.0,0.0,0.0
IRQ,Iraq,1967,,,-14.003,-1.024,-11.782,-93.95,1.084,0.246,,,,,,,,,,,0.0,0.0,0.0,,0.0,,,,,,,,0.106,0.0,,,0.0,0.106,0.0,0.0,,,0.535,2566.651,0.932,98.717,0.209,22.67,2533.724,,,42962739126.0,,-20.264,20.022,-1.169,4.598,,513.893,6.287,702.616,,14.286,1.283,0.037,0.295,11.854,32.929,,0.106,11.854,14.286,1.283,0.037,0.295,32.929,,,,,0.0,0.0,0.0,0.0,0.0,,8.254,78.695,1.378,18.072,,2019.831,703.482,78624.162,,0.0,,0.0,0.0,0.0,,,0.0,,8947397.0,22.965,11.854,,14.286,1.283,0.037,0.295,32.929,,,0.0,0.0,0.0,0.0,0.0,,,0.0,0.0,0.0,0.0,0.0
IRQ,Iraq,1968,,,38.123,2.397,22.729,159.898,6.91,1.587,,,,,,,,,,,0.0,0.0,0.0,,0.0,,,,,,,,0.128,0.0,,,0.0,0.128,0.0,0.0,,,0.485,2651.174,6.729,98.55,1.525,24.196,2612.734,,,50599357515.0,,0.207,18.767,0.01,4.608,,497.534,8.683,937.64,,20.833,1.45,0.061,0.356,13.839,38.443,,0.128,13.839,20.833,1.45,0.061,0.356,38.443,,,,,0.0,0.0,0.0,0.0,0.0,,8.388,79.783,1.516,19.588,,2115.2,863.379,93230.576,,0.0,,0.0,0.0,0.0,,,0.0,,9260687.0,24.552,13.839,,20.833,1.45,0.061,0.356,38.443,,,0.0,0.0,0.0,0.0,0.0,,,0.0,0.0,0.0,0.0,0.0
IRQ,Iraq,1969,,,24.133,2.096,0.921,7.953,17.325,4.254,,,,,,,,,,,0.0,0.0,0.0,,0.0,,,,,,,,0.141,0.0,,,0.0,0.141,0.0,0.0,,,0.551,3005.066,17.428,98.636,4.217,28.413,2964.086,,,52311482415.0,,57.113,25.131,2.632,7.239,,755.197,10.779,1124.472,,10.345,1.364,0.037,0.393,14.753,40.982,,0.141,14.753,10.345,1.364,0.037,0.393,40.982,,,,,0.0,0.0,0.0,0.0,0.0,,8.093,73.505,1.585,21.173,,2208.889,871.332,90900.226,,0.0,,0.0,0.0,0.0,,,0.0,,9585585.0,28.805,14.753,,10.345,1.364,0.037,0.393,40.982,,,0.0,0.0,0.0,0.0,0.0,,,0.0,0.0,0.0,0.0,0.0
IRQ,Iraq,1970,,,-31.253,-3.369,1.841,16.04,26.785,7.715,,,,,,,,,,,0.0,0.0,0.0,,0.0,,,,,,,,0.172,0.0,,,0.0,0.172,0.0,0.0,,,0.701,3682.271,26.852,98.689,7.629,36.042,3634.001,,,52114082656.0,,2.362,20.29,0.171,7.41,,747.129,7.41,747.128,,21.875,1.311,0.086,0.479,17.378,48.273,,0.172,17.378,21.875,1.311,0.086,0.479,48.273,,,,,0.0,0.0,0.0,0.0,0.0,,35.225,78.399,7.458,28.632,,2886.873,887.372,89471.074,,0.0,,0.0,0.0,0.0,,,0.0,,9917978.0,36.521,17.378,,21.875,1.311,0.086,0.479,48.273,,,0.0,0.0,0.0,0.0,0.0,,,0.0,0.0,0.0,0.0,0.0
IRQ,Iraq,1971,,,18.59,1.378,9.361,83.066,9.631,3.517,,,,,,,,,,,0.0,0.0,0.0,,0.0,,,,,,,,0.2,0.0,,,0.0,0.2,0.0,0.0,,,0.724,3903.902,9.545,98.612,3.44,39.482,3849.735,,,55337283514.0,,18.59,21.948,1.378,8.788,,856.828,8.788,856.828,,16.038,1.388,0.077,0.556,19.501,54.17,,0.2,19.501,16.038,1.388,0.077,0.556,54.17,,,,,0.0,0.0,0.0,0.0,0.0,,7.205,76.664,2.063,30.695,,2992.907,970.438,94622.842,,0.0,,0.0,0.0,0.0,,,0.0,,10255853.0,40.038,19.501,,16.038,1.388,0.077,0.556,54.17,,,0.0,0.0,0.0,0.0,0.0,,,0.0,0.0,0.0,0.0,0.0
IRQ,Iraq,1972,,,1.081,0.095,-13.222,-128.313,18.521,7.415,,,,,,,,,,,0.0,0.0,0.0,,0.0,,,,,,,,0.2,0.0,,,0.0,0.2,0.0,0.0,,,0.89,4476.859,18.781,98.829,7.415,46.898,4424.45,,,53295797282.0,,1.081,18.718,0.095,8.882,,837.999,8.882,837.998,,0.0,1.171,0.0,0.556,18.869,52.413,,0.2,18.869,0.0,1.171,0.0,0.556,52.413,,,,,0.0,0.0,0.0,0.0,0.0,,23.849,80.111,7.32,38.015,,3586.451,842.125,79448.296,,0.0,,0.0,0.0,0.0,,,0.0,,10599661.0,47.453,18.869,,0.0,1.171,0.0,0.556,52.413,,,0.0,0.0,0.0,0.0,0.0,,,0.0,0.0,0.0,0.0,0.0
IRQ,Iraq,1973,,,-2.674,-0.237,37.277,313.922,-2.4,-1.139,,,,,,,,,,,0.0,0.0,0.0,,0.0,,,,,,,,0.29,0.0,,,0.0,0.29,0.0,0.0,,,0.744,4229.254,-2.962,98.261,-1.389,45.509,4155.697,,,62224500792.0,,-2.674,18.666,-0.238,8.645,,789.434,8.645,789.434,,45.0,1.739,0.25,0.806,26.482,73.561,,0.29,26.482,45.0,1.739,0.25,0.806,73.561,,,,,0.0,0.0,0.0,0.0,0.0,,-3.029,79.595,-1.152,36.864,,3366.262,1156.047,105566.518,,0.0,,0.0,0.0,0.0,,,0.0,,10950888.0,46.314,26.482,,45.0,1.739,0.25,0.806,73.561,,,0.0,0.0,0.0,0.0,0.0,,,0.0,0.0,0.0,0.0,0.0
IRQ,Iraq,1974,,,-8.132,-0.703,-2.138,-24.715,-1.425,-0.66,,,,,,,,,,,0.0,0.0,0.0,,0.0,,,,,,,,0.4,0.0,,,0.0,0.4,0.0,0.0,,,0.696,4035.88,-2.122,97.566,-0.966,44.543,3937.66,,,65566680725.0,,-8.132,17.396,-0.703,7.942,,702.083,7.942,702.082,,37.931,2.434,0.306,1.111,35.36,98.224,,0.4,35.36,37.931,2.434,0.306,1.111,98.224,,,,,0.0,0.0,0.0,0.0,0.0,,-0.712,80.17,-0.263,36.601,,3235.577,1131.332,100011.123,,0.0,,0.0,0.0,0.0,,,0.0,,11312062.0,45.654,35.36,,37.931,2.434,0.306,1.111,98.224,,,0.0,0.0,0.0,0.0,0.0,,,0.0,0.0,0.0,0.0,0.0
IRQ,Iraq,1975,,,54.904,4.36,14.83,167.774,9.953,4.544,,,,,,,,,,,0.0,0.0,0.0,,0.0,,,,,,,,0.461,0.0,,,0.0,0.461,0.0,0.0,,,0.656,4296.105,9.821,97.449,4.375,48.918,4186.515,,,76468255912.0,,54.904,24.508,4.361,12.302,,1052.884,12.302,1052.883,,15.25,2.551,0.169,1.281,39.454,109.594,,0.461,39.454,15.25,2.551,0.169,1.281,109.594,,,,,0.0,0.0,0.0,0.0,0.0,,0.039,72.941,0.014,36.615,,3133.63,1299.107,111181.284,,0.0,,0.0,0.0,0.0,,,0.0,,11684579.0,50.198,39.454,,15.25,2.551,0.169,1.281,109.594,,,0.0,0.0,0.0,0.0,0.0,,,0.0,0.0,0.0,0.0,0.0
IRQ,Iraq,1976,,,39.382,4.845,7.003,90.974,27.736,13.923,,,,,,,,,,,0.0,0.0,0.0,,0.0,,,,,,,,0.459,0.0,,,0.0,0.459,0.0,0.0,,,0.697,5313.034,28.474,98.012,13.929,62.846,5207.393,,,92032417965.0,,39.382,26.742,4.845,17.148,,1420.828,17.148,1420.827,,-0.434,1.988,-0.006,1.275,38.032,105.645,,0.459,38.032,-0.434,1.988,-0.006,1.275,105.645,,,,,0.0,0.0,0.0,0.0,0.0,,24.808,71.269,9.084,45.699,,3786.565,1390.08,115180.864,,0.0,,0.0,0.0,0.0,,,0.0,,12068675.0,64.121,38.032,,-0.434,1.988,-0.006,1.275,105.645,,,0.0,0.0,0.0,0.0,0.0,,,0.0,0.0,0.0,0.0,0.0
IRQ,Iraq,1977,,,-34.737,-5.956,-2.956,-41.091,3.104,1.991,,,,,,,,,,,0.0,0.0,0.0,,0.0,,,,,,,,0.566,0.0,,,0.0,0.566,0.0,0.0,,,0.699,5305.05,2.694,97.622,1.693,64.54,5178.894,,,94552362612.0,,-34.737,16.927,-5.957,11.191,,898.006,11.191,898.006,,23.312,2.378,0.297,1.572,45.418,126.161,,0.566,45.418,23.312,2.378,0.297,1.572,126.161,,,,,0.0,0.0,0.0,0.0,0.0,,16.74,80.695,7.65,53.349,,4280.887,1348.99,108247.724,,0.0,,0.0,0.0,0.0,,,0.0,,12462059.0,66.112,45.418,,23.312,2.378,0.297,1.572,126.161,,,0.0,0.0,0.0,0.0,0.0,,,0.0,0.0,0.0,0.0,0.0
IRQ,Iraq,1978,,,3.65,0.409,9.127,123.117,-3.773,-2.494,,,,,,,,,,,0.0,0.0,0.0,,0.0,,,,,,,,0.708,0.0,,,0.0,0.708,0.0,0.0,,,0.569,4946.662,-4.476,96.909,-2.889,61.651,4793.745,,,111778018275.0,,3.65,18.233,0.409,11.6,,901.936,11.6,901.935,,25.088,3.091,0.394,1.967,55.052,152.921,,0.708,55.052,25.088,3.091,0.394,1.967,152.921,,,,,0.0,0.0,0.0,0.0,0.0,,-6.181,78.675,-3.297,50.051,,3891.809,1472.107,114465.704,,0.0,,0.0,0.0,0.0,,,0.0,,12860678.0,63.617,55.052,,25.088,3.091,0.394,1.967,152.921,,,0.0,0.0,0.0,0.0,0.0,,,0.0,0.0,0.0,0.0,0.0
IRQ,Iraq,1979,,,43.407,5.035,35.607,524.174,25.485,16.213,,,,,,,,,,,0.0,0.0,0.0,,0.0,,,,,,,,1.032,0.0,,,0.0,1.032,0.0,0.0,,,0.581,6020.787,24.838,96.409,15.313,76.964,5804.588,,,137502641144.0,,43.407,20.837,5.035,16.634,,1254.573,16.634,1254.572,,45.763,3.591,0.9,2.867,77.833,216.204,,1.032,77.833,45.763,3.591,0.9,2.867,216.204,,,,,0.0,0.0,0.0,0.0,0.0,,20.535,75.572,10.278,60.329,,4550.016,1996.281,150559.201,,0.0,,0.0,0.0,0.0,,,0.0,,13259107.0,79.83,77.833,,45.763,3.591,0.9,2.867,216.204,,,0.0,0.0,0.0,0.0,0.0,,,0.0,0.0,0.0,0.0,0.0
IRQ,Iraq,1980,,,-26.842,-4.465,-23.639,-471.9,19.048,15.206,,,,,,,,,,,0.0,0.0,0.0,,0.0,0.0,0.0,,,,,,0.69,0.0,,,0.0,0.69,0.0,0.0,,,0.707,6960.635,20.991,97.983,16.156,93.119,6820.26,,,134511808435.0,,-26.842,12.805,-4.465,12.17,,891.321,12.17,891.32,,-33.14,2.017,-0.95,1.917,50.537,140.381,,0.69,50.537,-33.14,2.017,-0.95,1.917,140.381,,,,,0.0,0.0,0.0,0.0,0.0,,34.18,85.178,20.621,80.95,,5928.939,1524.38,111648.832,,0.0,,0.0,0.0,0.0,,,0.0,,13653348.0,95.036,50.537,,-33.14,2.017,-0.95,1.917,140.381,,,0.0,0.0,0.0,0.0,0.0,,,0.0,0.0,0.0,0.0,0.0
IRQ,Iraq,1981,,0.0,-51.6,-6.28,-66.046,-1006.796,-0.641,-0.609,,,,,,,,,,,0.0,0.0,0.0,,0.0,0.0,0.0,,,,,,0.61,0.0,,,0.0,0.61,0.0,0.0,,,0.858,6723.571,-0.416,98.206,-0.387,92.732,6602.925,,,110104432605.0,,-51.6,6.238,-6.28,5.89,,419.393,5.89,419.393,,-11.594,1.794,-0.222,1.694,43.435,120.652,,0.61,43.435,-11.594,1.794,-0.222,1.694,120.652,,,,,0.0,0.0,0.0,0.0,0.0,,7.279,91.968,5.892,86.842,,6183.532,517.584,36854.153,,0.0,,0.0,0.0,0.0,,,0.0,,14044115.0,94.427,43.435,,-11.594,1.794,-0.222,1.694,120.652,,,0.0,0.0,0.0,0.0,0.0,,,0.0,0.0,0.0,0.0,0.0
IRQ,Iraq,1982,,0.0,9.677,0.57,8.988,46.519,4.455,4.206,,,,,,,,,,,0.0,0.0,0.0,,0.0,0.0,0.0,,,,,,0.6,0.0,,,0.0,0.6,0.0,0.0,,,0.903,6834.112,4.566,98.31,4.234,96.966,6718.637,,,109191241872.0,,9.677,6.55,0.57,6.46,,447.602,6.46,447.602,,-1.639,1.69,-0.028,1.667,41.573,115.48,,0.6,41.573,-1.639,1.69,-0.028,1.667,115.48,,,,,0.0,0.0,0.0,0.0,0.0,,4.219,91.761,3.664,90.506,,6271.035,564.103,39085.667,,0.0,,0.0,0.0,0.0,,,0.0,,14432466.0,98.633,41.573,,-1.639,1.69,-0.028,1.667,115.48,,,0.0,0.0,0.0,0.0,0.0,,,0.0,0.0,0.0,0.0,0.0
IRQ,Iraq,1983,,0.0,-30.882,-1.995,12.061,68.038,10.638,10.493,,,,,,,,,,,0.0,0.0,0.0,,0.0,0.0,0.0,,,,,,0.6,0.0,,,0.0,0.6,0.0,0.0,,,1.094,7365.576,10.821,98.473,10.493,107.459,7253.088,,,99708343490.0,,-30.882,4.092,-1.995,4.465,,301.371,4.465,301.37,,0.0,1.527,0.0,1.667,40.498,112.494,,0.6,40.498,0.0,1.527,0.0,1.667,112.494,,,,,0.0,0.0,0.0,0.0,0.0,,13.798,94.381,12.488,102.994,,6951.717,632.14,42667.053,,0.0,,0.0,0.0,0.0,,,0.0,,14815653.0,109.126,40.498,,0.0,1.527,0.0,1.667,112.494,,,0.0,0.0,0.0,0.0,0.0,,,0.0,0.0,0.0,0.0,0.0
IRQ,Iraq,1984,,0.0,25.532,1.14,11.378,71.923,9.717,10.604,,,,,,,,,,,0.0,0.0,0.0,,0.0,0.0,0.0,,,,,,0.61,0.0,,,0.0,0.61,0.0,0.0,,,1.198,7881.933,9.842,98.585,10.576,118.035,7770.392,,,99953479778.0,,25.532,4.681,1.14,5.605,,368.983,5.605,368.983,,1.667,1.415,0.028,1.694,40.157,111.547,,0.61,40.157,1.667,1.415,0.028,1.694,111.547,,,,,0.0,0.0,0.0,0.0,0.0,,9.162,93.903,9.436,112.43,,7401.409,704.063,46349.205,,0.0,,0.0,0.0,0.0,,,0.0,,15190396.0,119.73,40.157,,1.667,1.415,0.028,1.694,111.547,,,0.0,0.0,0.0,0.0,0.0,,,0.0,0.0,0.0,0.0,0.0
IRQ,Iraq,1985,,0.0,44.068,2.47,15.363,108.164,18.201,21.792,,,,,,,,,,,0.0,0.0,0.0,,0.0,0.0,0.0,,,,,,0.61,0.0,,,0.0,0.61,0.0,0.0,20.973,,1.439,9097.692,18.462,98.803,21.792,139.828,8988.773,,,98367610160.0,,44.068,5.706,2.47,8.075,,519.099,8.075,519.099,2.909,0.0,1.197,0.0,1.694,39.214,108.927,2.909,0.61,39.214,0.0,1.197,0.0,1.694,108.927,,,0.0,,0.0,0.0,0.0,0.0,0.0,,17.186,93.097,19.322,131.752,,8469.673,812.226,52213.707,,0.0,,0.0,0.0,0.0,,0.0,0.0,1348.242,15555807.0,141.522,39.214,2.909,0.0,1.197,0.0,1.694,108.927,0.0,,0.0,0.0,0.0,0.0,0.0,0.0,,0.0,0.0,0.0,0.0,0.0
IRQ,Iraq,1986,,0.0,82.353,6.65,33.435,271.571,10.958,15.508,,,,,,,,,,,0.0,0.0,0.0,,0.0,0.0,0.0,,,,,,0.6,0.0,,,0.0,0.6,0.0,0.0,22.287,,1.613,9870.013,11.11,98.939,15.535,155.363,9765.263,,,97354061280.0,,82.353,9.377,6.65,14.725,,925.533,14.725,925.532,2.692,-1.639,1.061,-0.028,1.667,37.713,104.758,2.692,0.6,37.713,-1.639,1.061,-0.028,1.667,104.758,,,0.0,,0.0,0.0,0.0,0.0,0.0,,6.744,89.561,8.885,140.638,,8839.73,1083.798,68121.535,,0.0,,0.0,0.0,0.0,,0.0,0.0,1400.838,15909764.0,157.03,37.713,2.692,-1.639,1.061,-0.028,1.667,104.758,0.0,,0.0,0.0,0.0,0.0,0.0,0.0,,0.0,0.0,0.0,0.0,0.0
IRQ,Iraq,1987,,0.0,141.935,20.9,25.825,279.89,20.078,31.528,,,,,,,,,,,0.0,0.0,0.0,,0.0,0.0,0.0,,,,,,2.6,0.0,,,0.0,2.6,0.0,0.0,22.51,,1.883,11598.498,16.717,96.17,25.972,181.336,11154.255,,,100119379827.0,,141.935,18.893,20.9,35.625,,2191.356,35.625,2191.354,11.55,333.333,3.83,5.556,7.222,159.93,444.251,11.55,2.6,159.93,333.333,3.83,5.556,7.222,444.251,,,0.0,,0.0,0.0,0.0,0.0,0.0,,3.607,77.276,5.072,145.71,,8962.9,1363.688,83882.751,,0.0,,0.0,0.0,0.0,,0.0,0.0,1384.628,16257072.0,188.558,159.93,11.55,333.333,3.83,5.556,7.222,444.251,0.0,,0.0,0.0,0.0,0.0,0.0,0.0,,0.0,0.0,0.0,0.0,0.0
IRQ,Iraq,1988,,0.0,49.333,17.575,16.582,226.124,16.582,31.267,,,,,,,,,,,0.0,0.0,0.0,,0.0,0.0,0.0,,,,,,2.6,0.0,,,0.0,2.6,0.0,0.0,23.45,,2.784,13232.638,17.243,96.715,31.267,212.603,12797.897,,,78971519340.0,,49.333,24.201,17.575,53.2,,3202.445,53.2,3202.443,11.087,0.0,3.285,0.0,7.222,156.51,434.751,11.087,2.6,156.51,0.0,3.285,0.0,7.222,434.751,,,0.0,,0.0,0.0,0.0,0.0,0.0,,9.397,72.513,13.692,159.403,,9595.452,1589.812,95700.807,,0.0,,0.0,0.0,0.0,,0.0,0.0,1411.603,16612318.0,219.825,156.51,11.087,0.0,3.285,0.0,7.222,434.751,0.0,,0.0,0.0,0.0,0.0,0.0,0.0,,0.0,0.0,0.0,0.0,0.0
IRQ,Iraq,1989,,0.0,15.179,8.075,1.659,26.375,12.064,26.519,,,,,,,,,,,0.0,0.0,0.0,,0.0,0.0,0.0,,,,,,2.6,0.0,,,0.0,2.6,0.0,0.0,23.86,,3.422,14495.151,12.474,97.068,26.519,239.122,14070.2,,,71995360572.0,,15.179,24.874,8.075,61.275,,3605.487,61.275,3605.485,10.897,0.0,2.932,0.0,7.222,152.987,424.963,10.897,2.6,152.987,0.0,2.932,0.0,7.222,424.963,,,0.0,,0.0,0.0,0.0,0.0,0.0,,11.571,72.195,18.444,177.847,,10464.712,1616.188,95098.153,,0.0,,0.0,0.0,0.0,,0.0,0.0,1403.947,16994942.0,246.344,152.987,10.897,0.0,2.932,0.0,7.222,424.963,0.0,,0.0,0.0,0.0,0.0,0.0,0.0,,0.0,0.0,0.0,0.0,0.0
IRQ,Iraq,1990,,0.0,-38.295,-23.465,-24.226,-391.538,-7.366,-18.145,,,,,,,,,,,0.0,0.0,0.0,,0.0,0.0,0.0,,,,,,4.65,0.0,,,0.0,4.65,0.0,0.0,28.373,,3.212,13100.519,-9.97,94.339,-23.84,215.282,12358.965,,,71051762436.0,,-38.295,16.569,-23.465,37.81,,2170.606,37.81,2170.604,16.39,78.856,5.661,5.695,12.917,266.963,741.565,16.39,4.65,266.963,78.856,5.661,5.695,12.917,741.565,,,0.0,,0.0,0.0,0.0,0.0,0.0,,-0.211,77.771,-0.375,177.472,,10188.359,1224.65,70304.926,,0.0,,0.0,0.0,0.0,,0.0,0.0,1628.853,17419114.0,228.199,266.963,16.39,78.856,5.661,5.695,12.917,741.565,0.0,,0.0,0.0,0.0,0.0,0.0,0.0,,0.0,0.0,0.0,0.0,0.0
IRQ,Iraq,1991,,0.0,-56.281,-21.28,-86.759,-1062.493,-32.791,-74.828,,,,,,,,,,,0.0,0.0,0.0,,0.0,0.0,0.0,,,,,,2.145,0.0,,,0.0,2.145,0.0,0.0,13.359,,5.422,8573.259,-31.526,96.115,-67.87,147.412,8240.173,,,28285615002.0,,-56.281,10.778,-21.28,16.53,,924.009,16.53,924.008,16.058,-53.87,3.885,-6.959,5.959,119.913,333.093,16.058,2.145,119.913,-53.87,3.885,-6.959,5.959,333.093,,,0.0,,0.0,0.0,0.0,0.0,0.0,,-26.252,85.337,-46.59,130.882,,7316.165,162.156,9064.338,,0.0,,0.0,0.0,0.0,,0.0,0.0,746.772,17889458.0,153.371,119.913,16.058,-53.87,3.885,-6.959,5.959,333.093,0.0,,0.0,0.0,0.0,0.0,0.0,0.0,,0.0,0.0,0.0,0.0,0.0
IRQ,Iraq,1992,,0.0,30.46,5.035,87.526,141.928,57.407,88.046,,,,,,,,,,,0.0,0.0,0.0,,0.0,0.0,0.0,,,,,,5.219,0.0,,,0.0,5.219,0.0,0.0,21.912,,6.158,13118.543,53.936,93.995,79.508,226.92,12330.768,,,39202229072.0,,30.46,8.933,5.035,21.565,,1171.837,21.565,1171.836,23.818,143.292,6.005,8.539,14.497,283.603,787.786,23.818,5.219,283.603,143.292,6.005,8.539,14.497,787.786,,,0.0,,0.0,0.0,0.0,0.0,0.0,,56.901,85.062,74.473,205.355,,11158.931,304.085,16523.875,,0.0,,0.0,0.0,0.0,,0.0,0.0,1190.705,18402740.0,241.417,283.603,23.818,143.292,6.005,8.539,14.497,787.786,0.0,,0.0,0.0,0.0,0.0,0.0,0.0,,0.0,0.0,0.0,0.0,0.0
IRQ,Iraq,1993,,0.0,12.335,2.66,-14.589,-44.364,35.678,86.133,,,,,,,,,,,0.0,0.0,0.0,,0.0,0.0,0.0,,,,,,6.162,0.0,,,0.0,6.162,0.0,0.0,27.09,,7.784,17280.349,36.804,94.775,83.515,310.435,16377.39,,,42079947766.0,,12.335,7.396,2.66,24.225,,1278.022,24.225,1278.021,22.746,18.062,5.225,2.619,17.116,325.07,902.973,22.746,6.162,325.07,18.062,5.225,2.619,17.116,902.973,,,0.0,,0.0,0.0,0.0,0.0,0.0,,39.373,87.379,80.855,286.21,,15099.368,259.721,13701.918,,0.0,,0.0,0.0,0.0,,0.0,0.0,1429.146,18955088.0,327.551,325.07,22.746,18.062,5.225,2.619,17.116,902.973,0.0,,0.0,0.0,0.0,0.0,0.0,0.0,,0.0,0.0,0.0,0.0,0.0
IRQ,Iraq,1994,,0.0,24.314,5.89,11.029,28.643,14.496,47.48,,,,,,,,,,,0.0,0.0,0.0,,0.0,0.0,0.0,,,,,,6.248,0.0,,,0.0,6.248,0.0,0.0,26.663,,8.744,19193.621,15.218,95.372,47.241,357.676,18305.433,,,42891941923.0,,24.314,8.03,5.89,30.115,,1541.25,30.115,1541.249,23.432,1.396,4.628,0.239,17.355,319.753,888.203,23.432,6.248,319.753,1.396,4.628,0.239,17.355,888.203,,,0.0,,0.0,0.0,0.0,0.0,0.0,,14.448,87.342,41.351,327.561,,16764.183,288.364,14758.141,,0.0,,0.0,0.0,0.0,,0.0,0.0,1364.594,19539348.0,375.031,319.753,23.432,1.396,4.628,0.239,17.355,888.203,0.0,,0.0,0.0,0.0,0.0,0.0,0.0,,0.0,0.0,0.0,0.0,0.0
IRQ,Iraq,1995,,0.0,0.0,0.0,4.967,14.322,-1.79,-6.711,,,,,,,,,,,0.0,0.0,0.0,,0.0,0.0,0.0,,,,,,7.12,0.0,,,0.0,7.12,0.0,0.0,26.498,,8.793,18279.483,-2.554,94.63,-9.133,348.543,17297.977,,,41889727194.0,,0.0,8.176,0.0,30.115,,1494.591,30.115,1494.59,26.869,13.956,5.37,2.422,19.777,353.347,981.52,26.869,7.12,353.347,13.956,5.37,2.422,19.777,981.52,,,0.0,,0.0,0.0,0.0,0.0,0.0,,-2.788,86.454,-9.133,318.428,,15803.387,302.686,15022.136,,0.0,,0.0,0.0,0.0,,0.0,0.0,1315.077,20149342.0,368.32,353.347,26.869,13.956,5.37,2.422,19.777,981.52,0.0,,0.0,0.0,0.0,0.0,0.0,0.0,,0.0,0.0,0.0,0.0,0.0
IRQ,Iraq,1996,,0.0,2.208,0.665,9.761,29.546,3.742,13.781,,,,,,,,,,,0.0,0.0,0.0,,0.0,0.0,0.0,,,,,,6.489,0.0,,,0.0,6.489,0.0,0.0,25.981,,7.555,18385.171,4.456,95.282,15.532,364.075,17517.842,,,50576641495.0,,2.208,8.055,0.665,30.78,,1481.014,30.78,1481.013,24.977,-8.853,4.718,-1.751,18.026,312.243,867.343,24.977,6.489,312.243,-8.853,4.718,-1.751,18.026,867.343,,,0.0,,0.0,0.0,0.0,0.0,0.0,,4.669,87.227,14.867,333.294,,16036.828,332.232,15985.702,,0.0,,0.0,0.0,0.0,,0.0,0.0,1250.12,20783072.0,382.1,312.243,24.977,-8.853,4.718,-1.751,18.026,867.343,0.0,,0.0,0.0,0.0,0.0,0.0,0.0,,0.0,0.0,0.0,0.0,0.0
IRQ,Iraq,1997,,0.0,-5.864,-1.805,100.038,332.358,17.146,65.514,,,,,,,,,,,0.0,0.0,0.0,,0.0,0.0,0.0,,,,,,6.608,0.0,,,0.0,6.608,0.0,0.0,26.693,,8.578,20877.925,17.904,95.899,65.184,429.259,20021.781,,,52183759930.0,,-5.864,6.473,-1.805,28.975,,1351.474,28.975,1351.472,24.756,1.829,4.101,0.33,18.356,308.218,856.161,24.756,6.608,308.218,1.829,4.101,0.33,18.356,856.161,,,0.0,,0.0,0.0,0.0,0.0,0.0,,20.099,89.426,66.989,400.283,,18670.307,664.59,30998.262,,0.0,,0.0,0.0,0.0,,0.0,0.0,1245.031,21439578.0,447.614,308.218,24.756,1.829,4.101,0.33,18.356,856.161,0.0,,0.0,0.0,0.0,0.0,0.0,0.0,,0.0,0.0,0.0,0.0,0.0
IRQ,Iraq,1998,,0.0,-3.279,-0.95,82.32,547.089,-29.829,-133.519,,,,,,,,,,,0.0,0.0,0.0,,0.0,0.0,0.0,,,,,,6.198,0.0,,,0.0,6.198,0.0,0.0,26.744,,4.882,14203.25,-30.839,94.519,-132.378,296.88,13424.786,,,64343797943.0,,-3.279,8.922,-0.95,28.025,,1267.279,28.025,1267.278,23.174,-6.212,5.481,-1.14,17.215,280.251,778.475,23.174,6.198,280.251,-6.212,5.481,-1.14,17.215,778.475,,,0.0,,0.0,0.0,0.0,0.0,0.0,,-32.834,85.597,-131.428,268.855,,12157.507,1211.678,54791.547,,0.0,,0.0,0.0,0.0,,0.0,0.0,1209.332,22114330.0,314.095,280.251,23.174,-6.212,5.481,-1.14,17.215,778.475,0.0,,0.0,0.0,0.0,0.0,0.0,0.0,,0.0,0.0,0.0,0.0,0.0
IRQ,Iraq,1999,,0.0,7.797,2.185,23.119,280.132,-24.946,-78.353,,,,,,,,,,,0.0,0.0,0.0,,0.0,0.0,0.0,,,,,,3.559,0.0,,,0.0,3.559,0.0,0.0,24.721,,3.145,10338.626,-23.924,95.806,-71.024,225.856,9905.066,,,74946025245.0,,7.797,12.815,2.185,30.21,,1324.881,30.21,1324.88,14.397,-42.573,4.194,-7.329,9.886,156.085,433.569,14.397,3.559,156.085,-42.573,4.194,-7.329,9.886,433.569,,,0.0,,0.0,0.0,0.0,0.0,0.0,,-27.23,82.991,-73.209,195.646,,8580.185,1491.811,65424.382,,0.0,,0.0,0.0,0.0,,0.0,0.0,1084.151,22802060.0,235.742,156.085,14.397,-42.573,4.194,-7.329,9.886,433.569,0.0,,0.0,0.0,0.0,0.0,0.0,0.0,,0.0,0.0,0.0,0.0,0.0
IRQ,Iraq,2000,,0.0,-0.943,-0.285,0.408,6.081,27.069,63.812,0.0,0.0,,,,,,598.268,0.0,,0.0,0.0,0.0,0.0,0.0,0.0,0.0,30.02,0.0,0.0,29.41,12.55,0.61,0.0,16.86,0.0,0.0,0.61,0.0,0.0,30.02,17.96,3.355,12748.281,28.699,97.036,64.819,290.675,12370.406,1251.618,97.968,89277113296.0,41.805,-0.943,9.99,-0.285,29.925,534.097,1273.536,29.925,1273.535,2.032,-10.185,2.964,-1.007,8.879,25.96,377.885,2.032,0.61,25.96,-10.185,2.964,-1.007,8.879,377.885,0.0,0.0,0.0,,0.0,0.0,0.0,0.0,0.0,56.163,33.276,87.046,65.104,260.75,717.52,11096.87,1497.892,63746.63,0.0,0.0,,0.0,0.0,0.0,0.0,0.0,0.0,1277.578,23497590.0,299.554,25.96,2.032,-10.185,2.964,-1.007,8.879,377.885,0.0,,0.0,0.0,0.0,0.0,0.0,0.0,,0.0,0.0,0.0,0.0,0.0
IRQ,Iraq,2001,,0.0,-12.381,-3.705,-3.823,-57.258,12.528,37.527,0.0,0.0,,,,,,598.55,0.0,,0.0,0.0,0.0,0.0,0.0,0.0,0.0,30.34,0.0,0.0,29.73,12.69,0.61,0.0,17.04,0.0,0.0,0.61,0.0,0.0,30.34,18.16,3.225,13924.249,12.451,96.97,36.192,326.867,13502.344,1228.097,97.989,104531810158.0,41.826,-12.381,7.779,-3.705,26.22,524.203,1083.106,26.22,1083.105,2.011,15.028,3.03,1.334,10.214,25.198,421.916,2.011,0.61,25.198,15.028,3.03,1.334,10.214,421.916,0.0,0.0,0.0,,0.0,0.0,0.0,0.0,0.0,56.163,15.301,89.191,39.897,300.647,703.894,12419.238,1440.634,59510.219,0.0,0.0,,0.0,0.0,0.0,0.0,0.0,0.0,1253.295,24208178.0,337.081,25.198,2.011,15.028,3.03,1.334,10.214,421.916,0.0,,0.0,0.0,0.0,0.0,0.0,0.0,,0.0,0.0,0.0,0.0,0.0
IRQ,Iraq,2002,,0.0,-14.493,-3.8,-16.145,-232.584,-5.512,-18.58,0.0,0.0,,,,,,594.349,0.0,,0.0,0.0,0.0,0.0,0.0,0.0,0.0,31.85,0.0,0.0,31.34,14.38,0.51,0.0,16.96,0.0,0.0,0.51,0.0,0.0,31.85,18.93,2.649,12774.808,-6.385,96.074,-20.87,305.997,12273.319,1257.023,98.399,120219816923.0,45.149,-14.493,7.039,-3.8,22.42,576.771,899.249,22.42,899.249,1.601,22.416,3.926,2.29,12.503,20.456,501.499,1.601,0.51,20.456,22.416,3.926,2.29,12.503,501.499,0.0,0.0,0.0,,0.0,0.0,0.0,0.0,0.0,53.25,-5.678,89.035,-17.07,283.577,680.252,11374.069,1208.05,48453.933,0.0,0.0,,0.0,0.0,0.0,0.0,0.0,0.0,1277.479,24931922.0,318.501,20.456,1.601,22.416,3.926,2.29,12.503,501.499,0.0,,0.0,0.0,0.0,0.0,0.0,0.0,,0.0,0.0,0.0,0.0,0.0
IRQ,Iraq,2003,,0.0,-33.898,-7.6,-36.438,-440.185,-7.468,-23.785,0.0,0.0,,,,,,594.301,0.0,,0.0,0.0,0.0,0.0,0.0,0.0,0.0,26.67,0.0,0.0,26.24,12.04,0.43,0.0,14.2,0.0,0.0,0.43,0.0,0.0,26.67,15.85,2.918,11492.353,-7.921,95.604,-24.238,281.759,10987.116,1023.221,98.388,100983890957.0,45.144,-33.898,5.029,-7.6,14.82,469.496,577.902,14.82,577.902,1.612,3.627,4.396,0.453,12.957,16.768,505.246,1.612,0.43,16.768,3.627,4.396,0.453,12.957,505.246,0.0,0.0,0.0,,0.0,0.0,0.0,0.0,0.0,53.243,-5.867,90.575,-16.638,266.939,553.725,10409.214,767.865,29942.674,0.0,0.0,,0.0,0.0,0.0,0.0,0.0,0.0,1039.989,25644504.0,294.716,16.768,1.612,3.627,4.396,0.453,12.957,505.246,0.0,,0.0,0.0,0.0,0.0,0.0,0.0,,0.0,0.0,0.0,0.0,0.0
IRQ,Iraq,2004,,0.0,-35.897,-5.32,51.377,394.508,6.75,19.892,0.0,0.0,,,,,,594.274,0.0,,0.0,0.0,0.0,0.0,0.0,0.0,0.0,31.71,0.0,0.0,29.9,13.72,0.49,0.0,16.18,0.0,0.0,0.49,0.0,0.0,30.39,18.06,1.895,11955.984,6.134,95.053,17.284,299.043,11364.476,1136.284,98.388,166055247801.0,45.146,-35.897,3.02,-5.32,9.5,521.399,361.027,9.5,361.027,1.612,20.131,4.947,2.608,15.565,18.621,591.517,1.612,0.49,18.621,20.131,4.947,2.608,15.565,591.517,4.163,1.32,0.0,,0.0,0.0,0.0,0.0,0.0,53.241,8.468,92.033,22.604,289.543,614.886,11003.449,1162.373,44173.441,0.0,0.0,,0.0,0.0,0.0,0.0,0.0,0.0,1154.906,26313838.0,314.608,18.621,1.612,20.131,4.947,2.608,15.565,591.517,0.0,,0.0,0.0,0.0,0.0,0.0,0.0,,0.0,0.0,0.0,0.0,0.0
IRQ,Iraq,2005,,0.0,45.0,4.275,-10.018,-116.445,-4.113,-12.94,0.0,0.0,,,,,,484.24,0.0,,0.0,0.0,0.0,0.0,0.0,0.0,0.0,30.11,0.0,0.0,22.93,10.52,5.94,0.0,12.41,0.0,0.0,5.94,0.0,0.0,28.87,13.98,1.671,11205.147,-3.524,95.636,-10.538,288.505,10716.201,851.711,79.425,180541582462.0,36.439,45.0,4.566,4.275,13.775,390.754,511.658,13.775,511.658,20.575,-15.428,4.364,-2.401,13.164,220.635,488.954,20.575,5.94,220.635,-15.428,4.364,-2.401,13.164,488.954,4.118,1.24,0.0,,0.0,0.0,0.0,0.0,0.0,42.986,-5.116,91.07,-14.813,274.729,460.957,10204.543,1045.928,38849.908,0.0,0.0,,0.0,0.0,0.0,0.0,0.0,0.0,1072.346,26922280.0,301.668,220.635,20.575,-15.428,4.364,-2.401,13.164,488.954,0.0,,0.0,0.0,0.0,0.0,0.0,0.0,,0.0,0.0,0.0,0.0,0.0
IRQ,Iraq,2006,,0.0,0.0,0.0,8.993,94.061,2.131,6.429,0.0,0.0,,,,,,491.9,0.0,,0.0,0.0,0.0,0.0,0.0,0.0,0.0,34.79,0.0,0.0,26.06,12.35,6.04,0.0,13.71,0.0,0.0,6.04,0.0,0.0,32.1,15.79,1.515,11224.705,2.167,95.67,6.253,294.757,10738.703,949.427,81.184,203390870585.0,38.474,0.0,4.471,0.0,13.775,449.94,501.856,13.775,501.856,18.816,1.339,4.33,0.176,13.34,220.051,486.011,18.816,6.04,220.051,1.339,4.33,0.176,13.34,486.011,7.732,2.69,0.0,,0.0,0.0,0.0,0.0,0.0,42.71,2.276,91.199,6.253,280.982,499.488,10236.846,1139.99,41532.512,0.0,0.0,,0.0,0.0,0.0,0.0,0.0,0.0,1169.479,27448124.0,308.097,220.051,18.816,1.339,4.33,0.176,13.34,486.011,0.0,,0.0,0.0,0.0,0.0,0.0,0.0,,0.0,0.0,0.0,0.0,0.0
IRQ,Iraq,2007,,0.0,229.797,31.655,7.211,82.2,5.973,18.403,0.0,0.0,,,,,,496.67,0.0,,0.0,0.0,0.0,0.0,0.0,0.0,0.0,33.73,0.0,0.0,25.85,12.25,5.68,0.0,13.6,0.0,0.0,5.68,0.0,0.0,31.53,15.66,1.481,11697.81,6.654,96.285,19.614,314.371,11263.254,926.15,81.985,220479592056.0,38.852,229.797,13.914,31.655,45.43,438.891,1627.645,45.43,1627.644,18.015,-9.077,3.715,-1.211,12.129,203.502,434.566,18.015,5.68,203.502,-9.077,3.715,-1.211,12.129,434.566,6.522,2.2,0.0,,0.0,0.0,0.0,0.0,0.0,43.134,-4.285,82.371,-12.04,268.942,487.259,9635.608,1222.19,43788.448,0.0,0.0,,0.0,0.0,0.0,0.0,0.0,0.0,1129.652,27911242.0,326.5,203.502,18.015,-9.077,3.715,-1.211,12.129,434.566,0.0,,0.0,0.0,0.0,0.0,0.0,0.0,,0.0,0.0,0.0,0.0,0.0
IRQ,Iraq,2008,,0.0,42.146,19.147,13.54,165.489,3.643,11.895,0.0,0.0,,,,,,543.391,0.0,,0.0,0.0,0.0,0.0,0.0,0.0,0.0,37.77,0.0,0.0,31.35,14.85,3.45,0.0,16.5,0.0,0.0,3.45,0.0,0.0,34.8,18.91,1.333,11921.324,5.18,97.713,16.285,330.656,11648.666,1104.428,90.086,253769573266.0,42.672,42.146,19.083,19.147,64.576,523.15,2274.956,64.576,2274.954,9.914,-36.189,2.287,-4.389,7.74,121.54,272.667,9.914,3.45,121.54,-36.189,2.287,-4.389,7.74,272.667,7.863,2.97,0.0,,0.0,0.0,0.0,0.0,0.0,47.414,-1.064,78.63,-2.862,266.079,581.278,9373.71,1387.679,48886.485,0.0,0.0,,0.0,0.0,0.0,0.0,0.0,0.0,1225.968,28385738.0,338.396,121.54,9.914,-36.189,2.287,-4.389,7.74,272.667,0.0,,0.0,0.0,0.0,0.0,0.0,0.0,,0.0,0.0,0.0,0.0,0.0
IRQ,Iraq,2009,,0.0,6.118,3.951,0.351,4.868,11.718,39.654,0.0,0.0,,,,,,550.081,0.0,,0.0,0.0,0.0,0.0,0.0,0.0,0.0,48.62,0.0,0.0,39.84,20.48,3.19,0.0,19.36,0.0,0.0,3.19,0.0,0.0,43.03,23.67,1.352,13048.266,12.088,98.036,39.969,370.625,12792.006,1375.066,92.587,279575775575.0,47.595,6.118,18.127,3.951,68.527,706.861,2365.202,68.527,2365.2,7.413,-4.069,1.964,-0.315,7.425,110.102,256.27,7.413,3.19,110.102,-4.069,1.964,-0.315,7.425,256.27,11.497,5.59,0.0,,0.0,0.0,0.0,0.0,0.0,44.992,13.536,79.909,36.018,302.097,668.205,10426.805,1392.547,48063.336,0.0,0.0,,0.0,0.0,0.0,0.0,0.0,0.0,1485.168,28973156.0,378.049,110.102,7.413,-4.069,1.964,-0.315,7.425,256.27,0.0,,0.0,0.0,0.0,0.0,0.0,0.0,,0.0,0.0,0.0,0.0,0.0
IRQ,Iraq,2010,,0.0,4.123,2.825,0.899,12.516,6.541,24.726,0.0,0.0,,,,,,515.256,0.0,,0.0,0.0,0.0,0.0,0.0,0.0,0.0,51.65,0.0,0.0,41.49,25.43,4.72,0.0,16.06,0.0,0.0,4.72,0.0,0.0,46.21,23.81,1.266,13542.337,6.132,97.66,22.726,393.35,13225.428,1394.998,89.786,318132273507.0,55.031,4.123,17.715,2.825,71.353,855.021,2399.056,71.353,2399.054,10.214,26.948,2.34,2.001,9.426,158.698,316.919,10.214,4.72,158.698,26.948,2.34,2.001,9.426,316.919,10.532,5.44,0.0,,0.0,0.0,0.0,0.0,0.0,34.754,6.587,79.945,19.9,321.997,539.978,10826.373,1405.062,47241.724,0.0,0.0,,0.0,0.0,0.0,0.0,0.0,0.0,1553.696,29741976.0,402.776,158.698,10.214,26.948,2.34,2.001,9.426,316.919,0.0,,0.0,0.0,0.0,0.0,0.0,0.0,,0.0,0.0,0.0,0.0,0.0
IRQ,Iraq,2011,,0.0,-11.679,-8.333,12.405,174.305,5.943,23.935,0.0,0.0,,,,,,529.111,0.0,,0.0,0.0,0.0,0.0,0.0,0.0,0.0,58.07,0.0,0.0,47.48,30.57,3.36,0.0,16.91,0.0,0.0,3.36,0.0,0.0,50.84,26.9,1.162,13887.939,6.242,97.935,24.551,417.902,13601.225,1545.306,93.391,367344636040.0,60.13,-11.679,14.769,-8.333,63.019,994.945,2051.054,63.019,2051.052,6.609,-6.536,2.065,-0.616,8.81,109.356,286.725,6.609,3.36,109.356,-6.536,2.065,-0.616,8.81,286.725,12.45,7.23,0.0,,0.0,0.0,0.0,0.0,0.0,33.261,10.213,83.167,32.885,354.882,550.361,11550.171,1579.367,51402.806,0.0,0.0,,0.0,0.0,0.0,0.0,0.0,0.0,1654.662,30725304.0,426.711,109.356,6.609,-6.536,2.065,-0.616,8.81,286.725,0.0,,0.0,0.0,0.0,0.0,0.0,0.0,,0.0,0.0,0.0,0.0,0.0
IRQ,Iraq,2012,,0.0,0.626,0.394,11.424,180.428,6.261,26.718,0.0,0.0,,,,,,508.28,0.0,,0.0,0.0,0.0,0.0,0.0,0.0,0.0,53.65,0.0,0.0,39.13,25.69,4.35,0.0,13.44,0.0,0.0,4.35,0.0,0.0,43.48,22.1,1.079,14218.519,5.791,97.502,24.202,442.104,13863.391,1227.03,89.995,420047340296.0,59.085,0.626,13.985,0.394,63.413,805.581,1988.507,63.413,1988.505,10.005,28.556,2.498,2.516,11.325,136.406,355.139,10.005,4.35,136.406,28.556,2.498,2.516,11.325,355.139,18.956,10.17,0.0,,0.0,0.0,0.0,0.0,0.0,30.911,6.709,83.517,23.808,378.69,421.449,11874.885,1759.795,55183.272,0.0,0.0,,0.0,0.0,0.0,0.0,0.0,0.0,1363.436,31890012.0,453.429,136.406,10.005,28.556,2.498,2.516,11.325,355.139,0.0,,0.0,0.0,0.0,0.0,0.0,0.0,,0.0,0.0,0.0,0.0,0.0
IRQ,Iraq,2013,,0.0,11.532,7.313,0.41,7.211,7.766,35.212,0.0,0.0,,,,,,500.272,0.0,,0.0,0.0,0.0,0.0,0.0,0.0,0.0,67.41,0.0,0.0,50.45,37.17,4.71,0.0,13.28,0.0,0.0,4.76,0.05,0.0,55.21,27.62,1.076,14737.163,7.831,97.561,34.62,476.723,14377.735,1521.546,91.378,454203161885.0,67.325,11.532,14.474,7.313,70.727,1121.028,2133.078,70.727,2133.077,8.531,4.186,2.415,0.474,11.799,142.051,355.865,8.622,4.76,143.559,5.233,2.439,0.593,11.918,359.44,18.098,12.2,0.0,,0.0,0.0,0.0,0.0,0.0,24.054,7.211,83.087,27.307,405.997,400.518,12244.656,1767.006,53291.987,0.0,0.0,,0.0,0.0,0.0,0.0,0.0,0.0,1665.105,33157062.0,488.641,143.559,8.622,5.233,2.439,0.593,11.918,359.44,0.091,,0.024,0.119,0.119,1.508,3.575,0.0,,0.0,0.0,0.0,0.0,0.0
IRQ,Iraq,2014,,0.0,6.478,4.582,4.525,79.953,-4.152,-20.287,0.0,0.0,,,,,,519.637,0.0,,0.0,0.0,0.0,0.0,0.0,0.0,0.0,76.16,0.0,0.0,60.95,45.4,2.9,0.0,15.55,0.0,0.0,2.96,0.06,0.0,63.91,33.21,1.02,13610.225,-3.3,98.428,-15.73,460.994,13396.323,1771.187,95.368,459176937318.0,71.037,6.478,16.079,4.582,75.308,1319.309,2188.438,75.308,2188.436,4.538,-38.85,1.541,-4.584,7.215,84.273,209.675,4.632,2.96,86.017,-38.235,1.572,-4.557,7.361,213.913,16.085,12.25,0.0,,0.0,0.0,0.0,0.0,0.0,24.331,-5.003,82.349,-20.312,385.685,451.878,11207.885,1846.959,53672.025,0.0,0.0,,0.0,0.0,0.0,0.0,0.0,0.0,1857.204,34411948.0,468.354,86.017,4.632,-38.235,1.572,-4.557,7.361,213.913,0.094,23.017,0.031,0.027,0.146,1.744,4.238,0.0,,0.0,0.0,0.0,0.0,0.0
IRQ,Iraq,2015,,0.0,-3.051,-2.297,23.176,428.054,-0.106,-0.497,0.0,0.0,,,,,,518.147,0.0,,0.0,0.0,0.0,0.0,0.0,0.0,0.0,77.85,0.0,0.0,62.17,47.76,2.52,0.0,14.41,0.0,0.0,2.58,0.06,0.0,64.75,33.55,0.971,13152.31,0.06,98.592,0.278,461.272,12967.174,1747.71,96.015,481955187891.0,73.761,-3.051,15.605,-2.297,73.011,1342.619,2052.47,73.011,2052.469,3.892,-10.73,1.377,-0.774,6.441,70.842,181.072,3.985,2.58,72.528,-10.529,1.408,-0.775,6.586,185.147,16.827,13.1,0.0,,0.0,0.0,0.0,0.0,0.0,22.255,0.668,82.987,2.576,388.26,405.091,10914.703,2275.013,63954.669,0.0,0.0,,0.0,0.0,0.0,0.0,0.0,0.0,1820.238,35572268.0,467.857,72.528,3.985,-10.529,1.408,-0.775,6.586,185.147,0.093,-0.587,0.031,-0.001,0.145,1.687,4.075,0.0,,0.0,0.0,0.0,0.0,0.0
IRQ,Iraq,2016,,0.0,35.536,25.945,11.24,255.702,14.748,68.998,0.0,0.0,,,,,,512.192,0.0,,0.0,0.0,0.0,0.0,0.0,0.0,0.0,87.43,0.0,0.0,72.06,56.55,3.34,0.0,15.51,0.0,0.0,3.4,0.06,0.0,75.46,38.65,1.013,14663.923,14.517,98.394,66.962,528.234,14428.428,1968.281,95.494,529717011552.0,74.94,35.536,18.432,25.945,98.956,1544.633,2702.927,98.956,2702.925,4.426,31.622,1.579,2.037,8.478,91.23,231.571,4.506,3.4,92.869,30.913,1.606,2.036,8.622,235.507,13.691,11.97,0.0,,0.0,0.0,0.0,0.0,0.0,20.554,10.564,79.961,41.017,429.278,423.647,11725.501,2530.714,69125.125,0.0,0.0,,0.0,0.0,0.0,0.0,0.0,0.0,2061.15,36610632.0,536.855,92.869,4.506,30.913,1.606,2.036,8.622,235.507,0.08,-0.592,0.027,-0.001,0.144,1.639,3.936,0.0,,0.0,0.0,0.0,0.0,0.0
IRQ,Iraq,2017,,,2.246,2.222,2.196,55.586,-1.312,-7.041,0.0,0.0,,,,,,521.449,0.0,,0.0,0.0,0.0,0.0,0.0,,,94.08,0.0,0.0,80.08,62.84,2.15,0.0,17.24,0.0,0.0,2.21,0.06,0.0,82.29,42.91,1.026,14108.519,-0.758,98.946,-4.003,524.231,13959.847,2132.465,97.314,516500571797.0,76.364,15.474,21.568,15.313,114.269,1673.378,3042.881,101.178,2694.287,2.613,-35.831,1.027,-3.038,5.44,57.253,144.868,2.686,2.21,58.85,-35.242,1.054,-3.039,5.583,148.683,12.532,11.79,0.0,,0.0,0.0,0.0,0.0,0.0,20.95,-4.5,77.378,-19.315,409.962,459.087,10916.967,2586.301,68871.077,0.0,0.0,,0.0,0.0,0.0,0.0,0.0,0.0,2191.315,37552788.0,529.814,58.85,2.686,-35.242,1.054,-3.039,5.583,148.683,0.073,-0.588,0.027,-0.001,0.143,1.598,3.815,0.0,,0.0,0.0,0.0,0.0,0.0
IRQ,Iraq,2018,,,4.506,4.559,2.082,53.854,4.813,25.498,0.0,0.0,,,,,,517.45,0.0,,0.0,0.0,0.0,0.0,0.0,,,99.44,0.0,0.0,75.79,61.51,1.8,0.0,14.28,0.0,0.0,1.86,0.06,0.0,77.65,40.18,1.081,14448.615,4.889,99.018,25.628,549.859,14306.732,1971.972,97.605,513592674532.0,79.214,27.773,26.292,31.736,146.004,1600.422,3798.878,105.737,2751.169,2.318,-16.958,0.814,-0.923,4.518,46.834,117.545,2.395,1.86,48.395,-2.327,0.982,-0.13,5.454,141.895,21.913,21.79,0.0,,0.0,0.0,0.0,0.0,0.0,18.39,-1.49,72.726,-6.108,403.854,371.55,10507.853,2640.155,68693.917,0.0,0.0,,0.0,0.0,0.0,0.0,0.0,0.0,2020.367,38433604.0,555.312,48.395,2.395,-2.327,0.982,-0.13,5.454,141.895,0.077,553.247,0.169,0.793,0.936,1.561,24.35,0.0,,0.0,0.0,0.0,0.0,0.0
IRQ,Iraq,2019,,,3.718,3.931,3.175,83.825,9.827,54.573,0.0,0.0,,,,,,514.261,0.0,,0.0,0.0,0.0,0.0,0.0,,,104.99,0.0,0.0,88.3,72.23,2.45,0.0,16.07,0.0,0.0,2.51,0.06,0.0,90.81,46.7,,15514.844,9.631,98.841,52.958,602.818,15335.055,2246.26,97.236,,79.54,33.505,31.961,48.919,194.923,1837.456,4958.653,109.669,2789.853,2.698,35.812,1.006,1.618,6.136,62.325,156.082,2.764,2.51,63.852,29.603,1.159,1.614,7.068,179.801,13.506,14.18,0.0,,0.0,0.0,0.0,0.0,0.0,17.696,1.0,66.88,4.039,407.894,408.804,10376.402,2723.98,69295.205,0.0,0.0,,0.0,0.0,0.0,0.0,0.0,0.0,2310.112,39309788.0,609.885,63.852,2.764,29.603,1.159,1.614,7.068,179.801,0.066,-0.369,0.153,-0.003,0.932,1.526,23.719,0.0,,0.0,0.0,0.0,0.0,0.0
IRQ,Iraq,2020,,,-4.326,-4.744,-13.74,-374.28,-6.048,-36.888,0.0,0.0,,,,,,517.746,0.0,,0.0,0.0,0.0,0.0,0.0,,,104.34,0.0,0.0,88.3,72.23,1.8,0.0,16.07,0.0,0.0,1.86,0.06,0.0,90.16,46.68,,14245.68,-6.108,98.778,-36.82,565.998,14071.664,2195.288,97.937,,80.113,6.693,36.295,13.046,207.97,1795.761,5170.489,104.925,2608.61,1.996,-1.054,1.059,-0.065,6.071,44.751,150.932,2.063,1.86,46.243,-0.964,1.222,-0.068,7.0,174.028,13.59,14.18,0.0,,0.0,0.0,0.0,0.0,0.0,17.824,-12.225,62.483,-49.867,358.027,399.528,8901.174,2349.7,58417.549,0.0,0.0,,0.0,0.0,0.0,0.0,0.0,0.0,2241.531,40222504.0,572.997,46.243,2.063,-0.964,1.222,-0.068,7.0,174.028,0.067,-0.367,0.162,-0.003,0.929,1.492,23.096,0.0,,0.0,0.0,0.0,0.0,0.0
