iso_code,country,year,coal_prod_change_pct,coal_prod_change_twh,gas_prod_change_pct,gas_prod_change_twh,oil_prod_change_pct,oil_prod_change_twh,energy_cons_change_pct,energy_cons_change_twh,biofuel_share_elec,biofuel_elec_per_capita,biofuel_cons_change_pct,biofuel_share_energy,biofuel_cons_change_twh,biofuel_consumption,biofuel_cons_per_capita,carbon_intensity_elec,coal_share_elec,coal_cons_change_pct,coal_share_energy,coal_cons_change_twh,coal_consumption,coal_elec_per_capita,coal_cons_per_capita,coal_production,coal_prod_per_capita,electricity_demand,biofuel_electricity,coal_electricity,fossil_electricity,gas_electricity,hydro_electricity,nuclear_electricity,oil_electricity,other_renewable_exc_biofuel_electricity,other_renewable_electricity,renewables_electricity,solar_electricity,wind_electricity,electricity_generation,greenhouse_gas_emissions,energy_per_gdp,energy_per_capita,fossil_cons_change_pct,fossil_share_energy,fossil_cons_change_twh,fossil_fuel_consumption,fossil_energy_per_capita,fossil_cons_per_capita,fossil_share_elec,gdp,gas_share_elec,gas_cons_change_pct,gas_share_energy,gas_cons_change_twh,gas_consumption,gas_elec_per_capita,gas_energy_per_capita,gas_production,gas_prod_per_capita,hydro_share_elec,hydro_cons_change_pct,hydro_share_energy,hydro_cons_change_twh,hydro_consumption,hydro_elec_per_capita,hydro_energy_per_capita,low_carbon_share_elec,low_carbon_electricity,low_carbon_elec_per_capita,low_carbon_cons_change_pct,low_carbon_share_energy,low_carbon_cons_change_twh,low_carbon_consumption,low_carbon_energy_per_capita,net_elec_imports_share_demand,net_elec_imports,nuclear_share_elec,nuclear_cons_change_pct,nuclear_share_energy,nuclear_cons_change_twh,nuclear_consumption,nuclear_elec_per_capita,nuclear_energy_per_capita,oil_share_elec,oil_cons_change_pct,oil_share_energy,oil_cons_change_twh,oil_consumption,oil_elec_per_capita,oil_energy_per_capita,oil_production,oil_prod_per_capita,other_renewables_elec_per_capita_exc_biofuel,other_renewables_elec_per_capita,other_renewables_cons_change_pct,other_renewables_share_energy,other_renewables_cons_change_twh,other_renewable_consumption,other_renewables_share_elec_exc_biofuel,other_renewables_share_elec,other_renewables_energy_per_capita,per_capita_electricity,population,primary_energy_consumption,renewables_elec_per_capita,renewables_share_elec,renewables_cons_change_pct,renewables_share_energy,renewables_cons_change_twh,renewables_consumption,renewables_energy_per_capita,solar_share_elec,solar_cons_change_pct,solar_share_energy,solar_cons_change_twh,solar_consumption,solar_elec_per_capita,solar_energy_per_capita,wind_share_elec,wind_cons_change_pct,wind_share_energy,wind_cons_change_twh,wind_consumption,wind_elec_per_capita,wind_energy_per_capita
IRL,Ireland,1900,,,,,,,,,,,,,,,,,,,,,,,,0.0,0.0,,,,,,,,,,,,,,,,,,,,,,,,,,,,,,,,,0.0,0.0,,,,,,,,,,,,,,,,,,,,,,,,,,,,,,,,,,,,,,,,,,,,4430989.0,,,,,,,,,,,,,,,,,,,,,,
IRL,Ireland,1901,,0.0,,0.0,,,,,,,,,,,,,,,,,,,,0.0,0.0,,,,,,,,,,,,,,,,,,,,,,,,,,,,,,,,,0.0,0.0,,,,,,,,,,,,,,,,,,,,,,,,,,,,,,,,,,,,,,,,,,,,4415380.0,,,,,,,,,,,,,,,,,,,,,,
IRL,Ireland,1902,,0.0,,0.0,,,,,,,,,,,,,,,,,,,,0.0,0.0,,,,,,,,,,,,,,,,,,,,,,,,,,,,,,,,,0.0,0.0,,,,,,,,,,,,,,,,,,,,,,,,,,,,,,,,,,,,,,,,,,,,4402943.0,,,,,,,,,,,,,,,,,,,,,,
IRL,Ireland,1903,,0.0,,0.0,,,,,,,,,,,,,,,,,,,,0.0,0.0,,,,,,,,,,,,,,,,,,,,,,,,,,,,,,,,,0.0,0.0,,,,,,,,,,,,,,,,,,,,,,,,,,,,,,,,,,,,,,,,,,,,4393653.0,,,,,,,,,,,,,,,,,,,,,,
IRL,Ireland,1904,,0.0,,0.0,,,,,,,,,,,,,,,,,,,,0.0,0.0,,,,,,,,,,,,,,,,,,,,,,,,,,,,,,,,,0.0,0.0,,,,,,,,,,,,,,,,,,,,,,,,,,,,,,,,,,,,,,,,,,,,4384382.0,,,,,,,,,,,,,,,,,,,,,,
IRL,Ireland,1905,,0.0,,0.0,,,,,,,,,,,,,,,,,,,,0.0,0.0,,,,,,,,,,,,,,,,,,,,,,,,,,,,,,,,,0.0,0.0,,,,,,,,,,,,,,,,,,,,,,,,,,,,,,,,,,,,,,,,,,,,4375131.0,,,,,,,,,,,,,,,,,,,,,,
IRL,Ireland,1906,,0.0,,0.0,,,,,,,,,,,,,,,,,,,,0.0,0.0,,,,,,,,,,,,,,,,,,,,,,,,,,,,,,,,,0.0,0.0,,,,,,,,,,,,,,,,,,,,,,,,,,,,,,,,,,,,,,,,,,,,4365899.0,,,,,,,,,,,,,,,,,,,,,,
IRL,Ireland,1907,,0.0,,0.0,,,,,,,,,,,,,,,,,,,,0.0,0.0,,,,,,,,,,,,,,,,,,,,,,,,,,,,,,,,,0.0,0.0,,,,,,,,,,,,,,,,,,,,,,,,,,,,,,,,,,,,,,,,,,,,4356686.0,,,,,,,,,,,,,,,,,,,,,,
IRL,Ireland,1908,,0.0,,0.0,,,,,,,,,,,,,,,,,,,,0.0,0.0,,,,,,,,,,,,,,,,,,,,,,,,,,,,,,,,,0.0,0.0,,,,,,,,,,,,,,,,,,,,,,,,,,,,,,,,,,,,,,,,,,,,4347493.0,,,,,,,,,,,,,,,,,,,,,,
IRL,Ireland,1909,,0.0,,0.0,,,,,,,,,,,,,,,,,,,,0.0,0.0,,,,,,,,,,,,,,,,,,,,,,,,,,,,,,,,,0.0,0.0,,,,,,,,,,,,,,,,,,,,,,,,,,,,,,,,,,,,,,,,,,,,4339485.0,,,,,,,,,,,,,,,,,,,,,,
IRL,Ireland,1910,,0.659,,0.0,,,,,,,,,,,,,,,,,,,,0.659,152.198,,,,,,,,,,,,,,,,,,,,,,,,,,,,,,,,,0.0,0.0,,,,,,,,,,,,,,,,,,,,,,,,,,,,,,,,,,,,,,,,,,,,4332660.0,,,,,,,,,,,,,,,,,,,,,,
IRL,Ireland,1911,-100.0,-0.659,,0.0,,,,,,,,,,,,,,,,,,,,0.0,0.0,,,,,,,,,,,,,,,,,,,,,,,,,,,,,,,,,0.0,0.0,,,,,,,,,,,,,,,,,,,,,,,,,,,,,,,,,,,,,,,,,,,,4327013.0,,,,,,,,,,,,,,,,,,,,,,
IRL,Ireland,1912,,0.0,,0.0,,,,,,,,,,,,,,,,,,,,0.0,0.0,,,,,,,,,,,,,,,,,,,,,,,,,,,,,,,,,0.0,0.0,,,,,,,,,,,,,,,,,,,,,,,,,,,,,,,,,,,,,,,,,,,,4322541.0,,,,,,,,,,,,,,,,,,,,,,
IRL,Ireland,1913,,0.684,,0.0,,,,,,,,,,,,,,,,,,,,0.684,158.325,,,,,,,,,,,,,,,,,,,,,,,,,18952906000.0,,,,,,,,0.0,0.0,,,,,,,,,,,,,,,,,,,,,,,,,,,,,,,,,,,,,,,,,,,,4319240.0,,,,,,,,,,,,,,,,,,,,,,
IRL,Ireland,1914,11.905,0.081,,0.0,,,,,,,,,,,,,,,,,,,,0.765,177.309,,,,,,,,,,,,,,,,,,,,,,,,,,,,,,,,,0.0,0.0,,,,,,,,,,,,,,,,,,,,,,,,,,,,,,,,,,,,,,,,,,,,4315941.0,,,,,,,,,,,,,,,,,,,,,,
IRL,Ireland,1915,-8.511,-0.065,,0.0,,,,,,,,,,,,,,,,,,,,0.7,162.343,,,,,,,,,,,,,,,,,,,,,,,,,,,,,,,,,0.0,0.0,,,,,,,,,,,,,,,,,,,,,,,,,,,,,,,,,,,,,,,,,,,,4312645.0,,,,,,,,,,,,,,,,,,,,,,
IRL,Ireland,1916,5.814,0.041,,0.0,,,,,,,,,,,,,,,,,,,,0.741,171.913,,,,,,,,,,,,,,,,,,,,,,,,,,,,,,,,,0.0,0.0,,,,,,,,,,,,,,,,,,,,,,,,,,,,,,,,,,,,,,,,,,,,4309351.0,,,,,,,,,,,,,,,,,,,,,,
IRL,Ireland,1917,6.593,0.049,,0.0,,,,,,,,,,,,,,,,,,,,0.79,183.388,,,,,,,,,,,,,,,,,,,,,,,,,,,,,,,,,0.0,0.0,,,,,,,,,,,,,,,,,,,,,,,,,,,,,,,,,,,,,,,,,,,,4306059.0,,,,,,,,,,,,,,,,,,,,,,
IRL,Ireland,1918,-4.124,-0.033,,0.0,,,,,,,,,,,,,,,,,,,,0.757,175.922,,,,,,,,,,,,,,,,,,,,,,,,,,,,,,,,,0.0,0.0,,,,,,,,,,,,,,,,,,,,,,,,,,,,,,,,,,,,,,,,,,,,4303696.0,,,,,,,,,,,,,,,,,,,,,,
IRL,Ireland,1919,1.075,0.008,,0.0,,,,,,,,,,,,,,,,,,,,0.765,179.292,,,,,,,,,,,,,,,,,,,,,,,,,,,,,,,,,0.0,0.0,,,,,,,,,,,,,,,,,,,,,,,,,,,,,,,,,,,,,,,,,,,,4268199.0,,,,,,,,,,,,,,,,,,,,,,
IRL,Ireland,1920,17.021,0.13,,0.0,,,,,,,,,,,,,,,,,,,,0.896,213.172,,,,,,,,,,,,,,,,,,,,,,,,,,,,,,,,,0.0,0.0,,,,,,,,,,,,,,,,,,,,,,,,,,,,,,,,,,,,,,,,,,,,4200881.0,,,,,,,,,,,,,,,,,,,,,,
IRL,Ireland,1921,-18.182,-0.163,,0.0,,,,,,,,,,,,,,,,,,,,0.733,178.574,,,,,,,,,,,,,,,,,,,,,,,,,12501648000.0,,,,,,,,0.0,0.0,,,,,,,,,,,,,,,,,,,,,,,,,,,,,,,,,,,,,,,,,,,,4103003.0,,,,,,,,,,,,,,,,,,,,,,
IRL,Ireland,1922,-100.0,-0.733,,0.0,,,,,,,,,,,,,,,,,,,,0.0,0.0,,,,,,,,,,,,,,,,,,,,,,,,,12431282000.0,,,,,,,,0.0,0.0,,,,,,,,,,,,,,,,,,,,,,,,,,,,,,,,,,,,,,,,,,,,3975780.0,,,,,,,,,,,,,,,,,,,,,,
IRL,Ireland,1923,,0.0,,0.0,,,,,,,,,,,,,,,,,,,,0.0,0.0,,,,,,,,,,,,,,,,,,,,,,,,,12372470000.0,,,,,,,,0.0,0.0,,,,,,,,,,,,,,,,,,,,,,,,,,,,,,,,,,,,,,,,,,,,3820375.0,,,,,,,,,,,,,,,,,,,,,,
IRL,Ireland,1924,,0.0,,0.0,,,,,,,,,,,,,,,,,,,,0.0,0.0,,,,,,,,,,,,,,,,,,,,,,,,,12305475000.0,,,,,,,,0.0,0.0,,,,,,,,,,,,,,,,,,,,,,,,,,,,,,,,,,,,,,,,,,,,3671044.0,,,,,,,,,,,,,,,,,,,,,,
IRL,Ireland,1925,,0.0,,0.0,,,,,,,,,,,,,,,,,,,,0.0,0.0,,,,,,,,,,,,,,,,,,,,,,,,,12241485000.0,,,,,,,,0.0,0.0,,,,,,,,,,,,,,,,,,,,,,,,,,,,,,,,,,,,,,,,,,,,3527551.0,,,,,,,,,,,,,,,,,,,,,,
IRL,Ireland,1926,,0.651,,0.0,,,,,,,,,,,,,,,,,,,,0.651,192.137,,,,,,,,,,,,,,,,,,,,,,,,,12181100000.0,,,,,,,,0.0,0.0,,,,,,,,,,,,,,,,,,,,,,,,,,,,,,,,,,,,,,,,,,,,3389666.0,,,,,,,,,,,,,,,,,,,,,,
IRL,Ireland,1927,-100.0,-0.651,,0.0,,,,,,,,,,,,,,,,,,,,0.0,0.0,,,,,,,,,,,,,,,,,,,,,,,,,12505153000.0,,,,,,,,0.0,0.0,,,,,,,,,,,,,,,,,,,,,,,,,,,,,,,,,,,,,,,,,,,,3257171.0,,,,,,,,,,,,,,,,,,,,,,
IRL,Ireland,1928,,0.0,,0.0,,,,,,,,,,,,,,,,,,,,0.0,0.0,,,,,,,,,,,,,,,,,,,,,,,,,12844672000.0,,,,,,,,0.0,0.0,,,,,,,,,,,,,,,,,,,,,,,,,,,,,,,,,,,,,,,,,,,,3129856.0,,,,,,,,,,,,,,,,,,,,,,
IRL,Ireland,1929,,0.708,,0.0,,,,,,,,,,,,,,,,,,,,0.708,233.699,,,,,,,,,,,,,,,,,,,,,,,,,13219437000.0,,,,,,,,0.0,0.0,,,,,,,,,,,,,,,,,,,,,,,,,,,,,,,,,,,,,,,,,,,,3030681.0,,,,,,,,,,,,,,,,,,,,,,
IRL,Ireland,1930,-100.0,-0.708,,0.0,,,,,,,,,,,,,,,,,,,,0.0,0.0,,,,,,,,,,,,,,,,,,,,,,,,,13516886000.0,,,,,,,,0.0,0.0,,,,,,,,,,,,,,,,,,,,,,,,,,,,,,,,,,,,,,,,,,,,2958572.0,,,,,,,,,,,,,,,,,,,,,,
IRL,Ireland,1931,,0.757,,0.0,,,,,,,,,,,,,,,,,,,,0.757,259.954,,,,,,,,,,,,,,,,,,,,,,,,,13893621000.0,,,,,,,,0.0,0.0,,,,,,,,,,,,,,,,,,,,,,,,,,,,,,,,,,,,,,,,,,,,2912496.0,,,,,,,,,,,,,,,,,,,,,,
IRL,Ireland,1932,-11.828,-0.09,,0.0,,,,,,,,,,,,,,,,,,,,0.668,230.874,,,,,,,,,,,,,,,,,,,,,,,,,13562451000.0,,,,,,,,0.0,0.0,,,,,,,,,,,,,,,,,,,,,,,,,,,,,,,,,,,,,,,,,,,,2891459.0,,,,,,,,,,,,,,,,,,,,,,
IRL,Ireland,1933,30.488,0.204,,0.0,,,,,,,,,,,,,,,,,,,,0.871,300.945,,,,,,,,,,,,,,,,,,,,,,,,,13219406000.0,,,,,,,,0.0,0.0,,,,,,,,,,,,,,,,,,,,,,,,,,,,,,,,,,,,,,,,,,,,2894506.0,,,,,,,,,,,,,,,,,,,,,,
IRL,Ireland,1934,5.607,0.049,,0.0,,,,,,,,,,,,,,,,,,,,0.92,317.486,,,,,,,,,,,,,,,,,,,,,,,,,13648774000.0,,,,,,,,0.0,0.0,,,,,,,,,,,,,,,,,,,,,,,,,,,,,,,,,,,,,,,,,,,,2897558.0,,,,,,,,,,,,,,,,,,,,,,
IRL,Ireland,1935,1.77,0.016,,0.0,,,,,,,,,,,,,,,,,,,,0.936,322.765,,,,,,,,,,,,,,,,,,,,,,,,,14046888000.0,,,,,,,,0.0,0.0,,,,,,,,,,,,,,,,,,,,,,,,,,,,,,,,,,,,,,,,,,,,2900612.0,,,,,,,,,,,,,,,,,,,,,,
IRL,Ireland,1936,10.435,0.098,,0.0,,,,,,,,,,,,,,,,,,,,1.034,356.069,,,,,,,,,,,,,,,,,,,,,,,,,14434455000.0,,,,,,,,0.0,0.0,,,,,,,,,,,,,,,,,,,,,,,,,,,,,,,,,,,,,,,,,,,,2903669.0,,,,,,,,,,,,,,,,,,,,,,
IRL,Ireland,1937,0.787,0.008,,0.0,,,,,,,,,,,,,,,,,,,,1.042,358.495,,,,,,,,,,,,,,,,,,,,,,,,,13893924000.0,,,,,,,,0.0,0.0,,,,,,,,,,,,,,,,,,,,,,,,,,,,,,,,,,,,,,,,,,,,2906730.0,,,,,,,,,,,,,,,,,,,,,,
IRL,Ireland,1938,-6.25,-0.065,,0.0,,,,,,,,,,,,,,,,,,,,0.977,335.735,,,,,,,,,,,,,,,,,,,,,,,,,14288505000.0,,,,,,,,0.0,0.0,,,,,,,,,,,,,,,,,,,,,,,,,,,,,,,,,,,,,,,,,,,,2909794.0,,,,,,,,,,,,,,,,,,,,,,
IRL,Ireland,1939,0.0,0.0,,0.0,,,,,,,,,,,,,,,,,,,,0.977,335.441,,,,,,,,,,,,,,,,,,,,,,,,,14273910000.0,,,,,,,,0.0,0.0,,,,,,,,,,,,,,,,,,,,,,,,,,,,,,,,,,,,,,,,,,,,2912345.0,,,,,,,,,,,,,,,,,,,,,,
IRL,Ireland,1940,-1.667,-0.016,,0.0,,,,,,,,,,,,,,,,,,,,0.961,329.62,,,,,,,,,,,,,,,,,,,,,,,,,14390670000.0,,,,,,,,0.0,0.0,,,,,,,,,,,,,,,,,,,,,,,,,,,,,,,,,,,,,,,,,,,,2914383.0,,,,,,,,,,,,,,,,,,,,,,
IRL,Ireland,1941,31.356,0.301,,0.0,,,,,,,,,,,,,,,,,,,,1.262,432.749,,,,,,,,,,,,,,,,,,,,,,,,,14560945000.0,,,,,,,,0.0,0.0,,,,,,,,,,,,,,,,,,,,,,,,,,,,,,,,,,,,,,,,,,,,2915908.0,,,,,,,,,,,,,,,,,,,,,,
IRL,Ireland,1942,7.742,0.098,,0.0,,,,,,,,,,,,,,,,,,,,1.36,466.091,,,,,,,,,,,,,,,,,,,,,,,,,14414995000.0,,,,,,,,0.0,0.0,,,,,,,,,,,,,,,,,,,,,,,,,,,,,,,,,,,,,,,,,,,,2916917.0,,,,,,,,,,,,,,,,,,,,,,
IRL,Ireland,1943,11.377,0.155,,0.0,,,,,,,,,,,,,,,,,,,,1.514,519.031,,,,,,,,,,,,,,,,,,,,,,,,,14332290000.0,,,,,,,,0.0,0.0,,,,,,,,,,,,,,,,,,,,,,,,,,,,,,,,,,,,,,,,,,,,2917412.0,,,,,,,,,,,,,,,,,,,,,,
IRL,Ireland,1944,10.753,0.163,,0.0,,,,,,,,,,,,,,,,,,,,1.677,574.743,,,,,,,,,,,,,,,,,,,,,,,,,14322560000.0,,,,,,,,0.0,0.0,,,,,,,,,,,,,,,,,,,,,,,,,,,,,,,,,,,,,,,,,,,,2917906.0,,,,,,,,,,,,,,,,,,,,,,
IRL,Ireland,1945,4.854,0.081,,0.0,,,,,,,,,,,,,,,,,,,,1.758,602.541,,,,,,,,,,,,,,,,,,,,,,,,,14205024000.0,,,,,,,,0.0,0.0,,,,,,,,,,,,,,,,,,,,,,,,,,,,,,,,,,,,,,,,,,,,2918401.0,,,,,,,,,,,,,,,,,,,,,,
IRL,Ireland,1946,-0.463,-0.008,,0.0,,,,,,,,,,,,,,,,,,,,1.75,599.65,,,,,,,,,,,,,,,,,,,,,,,,,14385805000.0,,,,,,,,0.0,0.0,,,,,,,,,,,,,,,,,,,,,,,,,,,,,,,,,,,,,,,,,,,,2918895.0,,,,,,,,,,,,,,,,,,,,,,
IRL,Ireland,1947,2.791,0.049,,0.0,,,,,,,,,,,,,,,,,,,,1.799,616.28,,,,,,,,,,,,,,,,,,,,,,,,,14658846000.0,,,,,,,,0.0,0.0,,,,,,,,,,,,,,,,,,,,,,,,,,,,,,,,,,,,,,,,,,,,2919390.0,,,,,,,,,,,,,,,,,,,,,,
IRL,Ireland,1948,-22.172,-0.399,,0.0,,,,,,,,,,,,,,,,,,,,1.4,479.558,,,,,,,,,,,,,,,,,,,,,,,,,15369765000.0,,,,,,,,0.0,0.0,,,,,,,,,,,,,,,,,,,,,,,,,,,,,,,,,,,,,,,,,,,,2919885.0,,,,,,,,,,,,,,,,,,,,,,
IRL,Ireland,1949,-25.0,-0.35,,0.0,,,,,,,,,,,,,,,,,,,,1.05,359.944,,,,,,,,,,,,,,,,,,,,,,,,,16174906000.0,,,,,,,,0.0,0.0,,,,,,,,,,,,,,,,,,,,,,,,,,,,,,,,,,,,,,,,,,,,2917645.0,,,,,,,,,,,,,,,,,,,,,,
IRL,Ireland,1950,33.333,0.35,,0.0,,,,,,,,,,,,,,,,,,,,1.4,480.744,,,,,,,,,,,,,,,,,,,,,,,,,16308451072.0,,,,,,,,0.0,0.0,,,,,,,,,,,,,,,,,,,,,,,,,,,,,,,,,,,,,,,,,,,,2912682.0,,,,,,,,,,,,,,,,,,,,,,
IRL,Ireland,1951,4.07,0.057,,0.0,,,,,,,,,,,,,,,,,,,,1.457,500.322,,,,,,,,,,,,,,,,,,,,,,,,,16717147839.0,,,,,,,,0.0,0.0,,,,,,,,,,,,,,,,,,,,,,,,,,,,,,,,,,,,,,,,,,,,2912605.0,,,,,,,,,,,,,,,,,,,,,,
IRL,Ireland,1952,-7.263,-0.106,,0.0,,,,,,,,,,,,,,,,,,,,1.351,464.553,,,,,,,,,,,,,,,,,,,,,,,,,17137265580.0,,,,,,,,0.0,0.0,,,,,,,,,,,,,,,,,,,,,,,,,,,,,,,,,,,,,,,,,,,,2909049.0,,,,,,,,,,,,,,,,,,,,,,
IRL,Ireland,1953,0.602,0.008,,0.0,,,,,,,,,,,,,,,,,,,,1.36,468.598,,,,,,,,,,,,,,,,,,,,,,,,,17604288603.0,,,,,,,,0.0,0.0,,,,,,,,,,,,,,,,,,,,,,,,,,,,,,,,,,,,,,,,,,,,2901312.0,,,,,,,,,,,,,,,,,,,,,,
IRL,Ireland,1954,22.754,0.309,,0.0,,,,,,,,,,,,,,,,,,,,1.669,577.619,,,,,,,,,,,,,,,,,,,,,,,,,17761578912.0,,,,,,,,0.0,0.0,,,,,,,,,,,,,,,,,,,,,,,,,,,,,,,,,,,,,,,,,,,,2889284.0,,,,,,,,,,,,,,,,,,,,,,
IRL,Ireland,1955,-1.951,-0.033,,0.0,,,,,,,,,,,,,,,,,,,,1.636,569.478,,,,,,,,,,,,,,,,,,,,,,,,,18219998984.0,,,,,,,,0.0,0.0,,,,,,,,,,,,,,,,,,,,,,,,,,,,,,,,,,,,,,,,,,,,2873410.0,,,,,,,,,,,,,,,,,,,,,,
IRL,Ireland,1956,19.403,0.317,,0.0,,,,,,,,,,,,,,,,,,,,1.954,684.41,,,,,,,,,,,,,,,,,,,,,,,,,17985311636.0,,,,,,,,0.0,0.0,,,,,,,,,,,,,,,,,,,,,,,,,,,,,,,,,,,,,,,,,,,,2854784.0,,,,,,,,,,,,,,,,,,,,,,
IRL,Ireland,1957,0.417,0.008,,0.0,,,,,,,,,,,,,,,,,,,,1.962,692.043,,,,,,,,,,,,,,,,,,,,,,,,,17957214580.0,,,,,,,,0.0,0.0,,,,,,,,,,,,,,,,,,,,,,,,,,,,,,,,,,,,,,,,,,,,2835058.0,,,,,,,,,,,,,,,,,,,,,,
IRL,Ireland,1958,-0.415,-0.008,,0.0,,,,,,,,,,,,,,,,,,,,1.954,693.749,,,,,,,,,,,,,,,,,,,,,,,,,17591039218.0,,,,,,,,0.0,0.0,,,,,,,,,,,,,,,,,,,,,,,,,,,,,,,,,,,,,,,,,,,,2816353.0,,,,,,,,,,,,,,,,,,,,,,
IRL,Ireland,1959,-2.917,-0.057,,0.0,,,,,,,,,,,,,,,,,,,,1.897,677.185,,,,,,,,,,,,,,,,,,,,,,,,,18300654917.0,,,,,,,,0.0,0.0,,,,,,,,,,,,,,,,,,,,,,,,,,,,,,,,,,,,,,,,,,,,2801088.0,,,,,,,,,,,,,,,,,,,,,,
IRL,Ireland,1960,-10.73,-0.204,,0.0,,,,,,,,,,,,,,,,,,,,1.693,606.626,,,,,,,,,,,,,,,,,,,,,,,,,19328400000.0,,,,,,,,0.0,0.0,,,,,,,,,,,,,,,,,,,,,,,,,,,,,,,,,,,,,,,,,,,,2791390.0,,,,,,,,,,,,,,,,,,,,,,
IRL,Ireland,1961,-3.365,-0.057,,0.0,,,,,,,,,,,,,,,,,,,,1.636,586.813,,,,,,,,,,,,,,,,,,,,,,,,,20252303800.0,,,,,,,,0.0,0.0,,,,,,,,,,,,,,,,,,,,,,,,,,,,,,,,,,,,,,,,,,,,2788526.0,,,,,,,,,,,,,,,,,,,,,,
IRL,Ireland,1962,3.483,0.057,,0.0,,,,,,,,,,,,,,,,,,,,1.693,606.411,,,,,,,,,,,,,,,,,,,,,,,,,20913700000.0,,,,,,,,0.0,0.0,,,,,,,,,,,,,,,,,,,,,,,,,,,,,,,,,,,,,,,,,,,,2792380.0,,,,,,,,,,,,,,,,,,,,,,
IRL,Ireland,1963,12.019,0.204,,0.0,,,,,,,,,,,,,,,,,,,,1.897,677.162,,,,,,,,,,,,,,,,,,,,,,,,,21902250000.0,,,,,,,,0.0,0.0,,,,,,,,,,,,,,,,,,,,,,,,,,,,,,,,,,,,,,,,,,,,2801184.0,,,,,,,,,,,,,,,,,,,,,,
IRL,Ireland,1964,-0.858,-0.016,,0.0,,,,,,,,,,,,,,,,,,,,1.881,668.713,,,,,,,,,,,,,,,,,,,,,,,,,22763072000.0,,,,,,,,0.0,0.0,,,,,,,,,,,,,,,,,,,,,,,,,,,,,,,,,,,,,,,,,,,,2812226.0,,,,,,,,,,,,,,,,,,,,,,
IRL,Ireland,1965,-22.944,-0.431,,0.0,,,,,,,,,,,,,,,53.864,,36.355,,12875.352,1.449,513.202,,,,,,0.942,0.0,,,0.0,0.942,0.0,0.0,,,2.915,23903.259,,96.123,,64.878,22976.549,,,23154676000.0,,,0.0,,0.0,,0.0,0.0,0.0,,,3.877,,2.617,333.622,926.729,,0.942,333.622,,3.877,,2.617,926.729,,,,,0.0,,0.0,0.0,0.0,,,42.259,,28.522,,10101.198,,,,0.0,,0.0,,0.0,,,0.0,,2823644.0,67.494,333.622,,,3.877,,2.617,926.729,,,0.0,,0.0,0.0,0.0,,,0.0,,0.0,0.0,0.0
IRL,Ireland,1966,14.607,0.212,,0.0,,,12.09,8.16,,,,,,,,,,13.916,54.742,5.059,41.414,,14609.93,1.661,585.874,,,,,,0.849,0.0,,,0.0,0.849,0.0,0.0,,,3.24,26688.837,12.976,96.883,8.418,73.296,25856.91,,,23351748000.0,,,0.0,0.0,0.0,,0.0,0.0,0.0,,-9.877,3.117,-0.258,2.358,299.501,831.949,,0.849,299.501,-9.877,3.117,-0.258,2.358,831.949,,,,,0.0,0.0,0.0,0.0,0.0,,11.778,42.141,3.359,31.882,,11246.979,,,,0.0,,0.0,0.0,0.0,,,0.0,,2834679.0,75.654,299.501,,-9.877,3.117,-0.258,2.358,831.949,,,0.0,0.0,0.0,0.0,0.0,,,0.0,0.0,0.0,0.0,0.0
IRL,Ireland,1967,-12.255,-0.204,,0.0,,,8.422,6.371,,,,,,,,,,6.487,53.765,2.687,44.101,,15493.871,1.457,511.968,,,,,,0.802,0.0,,,0.0,0.802,0.0,0.0,,,3.315,28817.856,8.869,97.282,6.501,79.797,28034.742,,,24740753100.0,,,0.0,0.0,0.0,,0.0,0.0,0.0,,-5.479,2.718,-0.129,2.229,281.929,783.138,,0.802,281.929,-5.479,2.718,-0.129,2.229,783.138,,,,,0.0,0.0,0.0,0.0,0.0,,11.963,43.518,3.814,35.696,,12540.871,,,,0.0,,0.0,0.0,0.0,,,0.0,,2846351.0,82.026,281.929,,-5.479,2.718,-0.129,2.229,783.138,,,0.0,0.0,0.0,0.0,0.0,,,0.0,0.0,0.0,0.0,0.0
IRL,Ireland,1968,-7.263,-0.106,,0.0,,,16.664,13.669,,,,,,,,,,22.126,56.282,9.758,53.859,,18826.87,1.351,472.4,,,,,,0.768,0.0,,,0.0,0.768,0.0,0.0,,,3.573,33451.164,17.251,97.772,13.766,93.563,32705.867,,,26786262500.0,,,0.0,0.0,0.0,,0.0,0.0,0.0,,-4.348,2.228,-0.097,2.132,268.316,745.323,,0.768,268.316,-4.348,2.228,-0.097,2.132,745.323,,,,,0.0,0.0,0.0,0.0,0.0,,11.229,41.49,4.008,39.704,,13878.997,,,,0.0,,0.0,0.0,0.0,,,0.0,,2860729.0,95.695,268.316,,-4.348,2.228,-0.097,2.132,745.323,,,0.0,0.0,0.0,0.0,0.0,,,0.0,0.0,0.0,0.0,0.0
IRL,Ireland,1969,-7.229,-0.098,,0.0,,,0.366,0.351,,,,,,,,,,-4.794,53.388,-2.582,51.277,,17799.735,1.254,435.203,,,,,,0.582,0.0,,,0.0,0.582,0.0,0.0,,,3.382,33340.328,0.927,98.318,0.868,94.43,32779.641,,,28395873600.0,,,0.0,0.0,0.0,,0.0,0.0,0.0,,-24.242,1.682,-0.517,1.615,201.857,560.713,,0.582,201.857,-24.242,1.682,-0.517,1.615,560.713,,,,,0.0,0.0,0.0,0.0,0.0,,8.688,44.93,3.449,43.153,,14979.906,,,,0.0,,0.0,0.0,0.0,,,0.0,,2880757.0,96.045,201.857,,-24.242,1.682,-0.517,1.615,560.713,,,0.0,0.0,0.0,0.0,0.0,,,0.0,0.0,0.0,0.0,0.0
IRL,Ireland,1970,1.299,0.016,,0.0,,,-21.225,-20.385,,,,,,,,,,-51.236,33.049,-26.272,25.004,,8597.257,1.27,436.661,,,,,,0.802,0.0,,,0.0,0.802,0.0,0.0,,,2.596,26014.022,-22.238,97.054,-20.999,73.431,25247.621,,,29149938100.0,,,0.0,0.0,0.0,,0.0,0.0,0.0,,38.0,2.946,0.614,2.229,275.912,766.422,,0.802,275.912,38.0,2.946,0.614,2.229,766.422,,,,,0.0,0.0,0.0,0.0,0.0,,12.219,64.005,5.273,48.426,,16650.364,,,,0.0,,0.0,0.0,0.0,,,0.0,,2908430.0,75.66,275.912,,38.0,2.946,0.614,2.229,766.422,,,0.0,0.0,0.0,0.0,0.0,,,0.0,0.0,0.0,0.0,0.0
IRL,Ireland,1971,-42.308,-0.537,,0.0,,,3.952,2.99,,,,,,,,,,-4.558,30.343,-1.14,23.865,,8105.99,0.733,248.868,,,,,,0.465,0.0,,,0.0,0.465,0.0,0.0,,,2.607,26714.575,5.348,98.357,3.927,77.358,26275.676,,,30164222400.0,,,0.0,0.0,0.0,,0.0,0.0,0.0,,-42.029,1.643,-0.937,1.292,158.011,438.921,,0.465,158.011,-42.029,1.643,-0.937,1.292,438.921,,,,,0.0,0.0,0.0,0.0,0.0,,10.463,68.014,5.067,53.493,,18169.686,,,,0.0,,0.0,0.0,0.0,,,0.0,,2944092.0,78.65,158.011,,-42.029,1.643,-0.937,1.292,438.921,,,0.0,0.0,0.0,0.0,0.0,,,0.0,0.0,0.0,0.0,0.0
IRL,Ireland,1972,-8.889,-0.065,,0.0,,,5.535,4.354,,,,,,,,,,-6.92,26.762,-1.651,22.213,,7437.745,0.668,223.522,,,,,,0.686,0.0,,,0.0,0.686,0.0,0.0,,,2.584,27792.388,4.834,97.704,3.74,81.098,27154.21,,,32122152400.0,,,0.0,0.0,0.0,,0.0,0.0,0.0,,47.5,2.296,0.614,1.906,229.752,638.201,,0.686,229.752,47.5,2.296,0.614,1.906,638.201,,,,,0.0,0.0,0.0,0.0,0.0,,10.078,70.942,5.391,58.884,,19716.464,,,,0.0,,0.0,0.0,0.0,,,0.0,,2986566.0,83.004,229.752,,47.5,2.296,0.614,1.906,638.201,,,0.0,0.0,0.0,0.0,0.0,,,0.0,0.0,0.0,0.0,0.0
IRL,Ireland,1973,-21.951,-0.147,,0.0,,,5.121,4.251,,,,,,,,,,-2.461,24.832,-0.547,21.667,,7140.531,0.521,171.71,,,,,,0.64,0.0,,,0.0,0.64,0.0,0.0,,,2.594,28755.903,5.401,97.964,4.38,85.478,28170.357,,,33639247200.0,,,0.0,0.0,0.0,,0.0,0.0,0.0,,-6.78,2.036,-0.129,1.777,210.805,585.569,,0.64,210.805,-6.78,2.036,-0.129,1.777,585.569,,,,,0.0,0.0,0.0,0.0,0.0,,8.367,73.132,4.927,63.811,,21029.825,,,,0.0,,0.0,0.0,0.0,,,0.0,,3034327.0,87.255,210.805,,-6.78,2.036,-0.129,1.777,585.569,,,0.0,0.0,0.0,0.0,0.0,,,0.0,0.0,0.0,0.0,0.0
IRL,Ireland,1974,6.25,0.033,,0.0,,,1.724,1.504,,,,,,,,,,7.837,26.324,1.698,23.365,,7573.253,0.554,179.436,,,,,,0.791,0.0,,,0.0,0.791,0.0,0.0,,,2.531,28769.591,1.268,97.525,1.084,86.562,28057.567,,,35069145000.0,,,0.0,0.0,0.0,,0.0,0.0,0.0,,23.636,2.475,0.42,2.197,256.337,712.047,,0.791,256.337,23.636,2.475,0.42,2.197,712.047,,,,,0.0,0.0,0.0,0.0,0.0,,-0.962,71.201,-0.614,63.197,,20484.314,,,,0.0,,0.0,0.0,0.0,,,0.0,,3085159.0,88.759,256.337,,23.636,2.475,0.42,2.197,712.047,,,0.0,0.0,0.0,0.0,0.0,,,0.0,0.0,0.0,0.0,0.0
IRL,Ireland,1975,-16.176,-0.09,,0.0,,,-6.43,-5.707,,,,,,,,,,-15.331,23.82,-3.582,19.783,,6305.867,0.464,147.915,,,,,,0.523,0.0,,,0.0,0.523,0.0,0.0,,,2.241,26473.298,-5.735,98.25,-4.964,81.598,26009.925,,,37053672600.0,,,0.0,0.0,0.0,,0.0,0.0,0.0,,-33.824,1.75,-0.743,1.454,166.822,463.394,,0.523,166.822,-33.824,1.75,-0.743,1.454,463.394,,,,,0.0,0.0,0.0,0.0,0.0,,-2.187,74.43,-1.382,61.815,,19704.058,,,,0.0,,0.0,0.0,0.0,,,0.0,,3137181.0,83.052,166.822,,-33.824,1.75,-0.743,1.454,463.394,,,0.0,0.0,0.0,0.0,0.0,,,0.0,0.0,0.0,0.0,0.0
IRL,Ireland,1976,1.754,0.008,,0.0,,,2.07,1.719,,,,,,,,,,2.822,23.995,0.558,20.341,,6376.719,0.472,148.024,,,,,,0.593,0.0,,,0.0,0.593,0.0,0.0,,,2.256,26575.07,1.87,98.056,1.526,83.123,26058.585,,,37568364200.0,,,0.0,0.0,0.0,,0.0,0.0,0.0,,13.333,1.944,0.194,1.648,185.942,516.506,,0.593,185.942,13.333,1.944,0.194,1.648,516.506,,,,,0.0,0.0,0.0,0.0,0.0,,1.565,74.061,0.967,62.782,,19681.866,,,,0.0,,0.0,0.0,0.0,,,0.0,,3189867.0,84.771,185.942,,13.333,1.944,0.194,1.648,516.506,,,0.0,0.0,0.0,0.0,0.0,,,0.0,0.0,0.0,0.0,0.0
IRL,Ireland,1977,-6.897,-0.033,,0.0,,,6.558,5.559,,,,,,,,,,4.746,23.587,0.965,21.306,,6570.369,0.44,135.568,,,,,,0.744,0.0,,,0.0,0.744,0.0,0.0,,,2.222,27855.836,6.182,97.711,5.139,88.263,27218.268,,,40653357500.0,,,0.0,0.0,0.0,,0.0,0.0,0.0,,25.49,2.289,0.42,2.068,229.532,637.59,,0.744,229.532,25.49,2.289,0.42,2.068,637.59,,,,,0.0,0.0,0.0,0.0,0.0,,6.648,74.124,4.174,66.956,,20647.898,,,,0.0,,0.0,0.0,0.0,,,0.0,,3242767.0,90.33,229.532,,25.49,2.289,0.42,2.068,637.59,,,0.0,0.0,0.0,0.0,0.0,,,0.0,0.0,0.0,0.0,0.0
IRL,Ireland,1978,-61.111,-0.269,,0.0,,,4.048,3.657,,,,,,,,,,-5.404,21.444,-1.151,20.155,,6118.348,0.171,51.898,,,,,,0.698,0.0,,,0.0,0.698,0.0,0.0,,,2.157,28531.32,4.289,97.938,3.786,92.048,27942.927,,,43579100000.0,,,0.0,0.0,0.0,,0.0,0.0,0.0,,-6.25,2.062,-0.129,1.938,211.83,588.416,,0.698,211.83,-6.25,2.062,-0.129,1.938,588.416,,,,,0.0,0.0,0.0,0.0,0.0,,7.374,76.493,4.937,71.894,,21824.579,,,,0.0,,0.0,0.0,0.0,,,0.0,,3294158.0,93.987,211.83,,-6.25,2.062,-0.129,1.938,588.416,,,0.0,0.0,0.0,0.0,0.0,,,0.0,0.0,0.0,0.0,0.0
IRL,Ireland,1979,200.0,0.342,,0.0,,,10.269,9.652,,,,,,,,,,14.714,22.309,2.966,23.12,,6918.14,0.513,153.466,,,,,,0.826,0.0,,,0.0,0.826,0.0,0.0,,,2.307,31010.834,10.099,97.787,9.296,101.345,30324.536,,,44914947000.0,,,2.665,2.762,2.762,,826.563,0.0,0.0,,18.333,2.213,0.355,2.294,247.076,686.323,,0.826,247.076,18.333,2.213,0.355,2.294,686.323,,,,,0.0,0.0,0.0,0.0,0.0,,4.963,72.813,3.568,75.462,,22579.833,,,,0.0,,0.0,0.0,0.0,,,0.0,,3342005.0,103.638,247.076,,18.333,2.213,0.355,2.294,686.323,,,0.0,0.0,0.0,0.0,0.0,,,0.0,0.0,0.0,0.0,0.0
IRL,Ireland,1980,-6.312,-0.032,,9.48,,,-3.246,-3.364,,,,,,,,,,-5.231,21.851,-1.21,21.911,,6473.409,0.481,141.963,,,,,,0.837,0.0,,,0.0,0.837,0.0,0.0,,,2.166,29625.249,-3.351,97.68,-3.396,97.948,28938.075,,,46301214000.0,,191.986,8.044,5.303,8.066,,2382.963,9.48,2800.927,,1.408,2.32,0.032,2.326,247.391,687.198,,0.837,247.391,1.408,2.32,0.032,2.326,687.198,,,,,0.0,0.0,0.0,0.0,0.0,,-9.926,67.786,-7.49,67.972,,20081.703,0.0,0.0,,0.0,,0.0,0.0,0.0,,,0.0,,3384760.0,100.274,247.391,,1.408,2.32,0.032,2.326,687.198,,,0.0,0.0,0.0,0.0,0.0,,,0.0,0.0,0.0,0.0,0.0
IRL,Ireland,1981,15.0,0.072,53.125,5.036,,0.0,-2.431,-2.438,,,,,,,,,,4.671,23.441,1.023,22.934,,6701.988,0.553,161.48,,,,,,0.861,0.0,,,0.0,0.861,0.0,0.0,,,2.045,28590.303,-2.555,97.557,-2.502,95.446,27891.73,,,47839156200.0,,50.358,12.396,4.062,12.128,,3543.956,14.517,4242.212,,2.778,2.443,0.065,2.391,251.494,698.596,,0.861,251.494,2.778,2.443,0.065,2.391,698.596,,,,,0.0,0.0,0.0,0.0,0.0,,-11.163,61.719,-7.587,60.384,,17645.786,0.0,0.0,,0.0,,0.0,0.0,0.0,,,0.0,,3422026.0,97.837,251.494,,2.778,2.443,0.065,2.391,698.596,,,0.0,0.0,0.0,0.0,0.0,,,0.0,0.0,0.0,0.0,0.0
IRL,Ireland,1982,-10.145,-0.056,46.939,6.814,,0.0,-0.708,-0.693,,,,,,,,,,5.781,24.973,1.326,24.26,,7024.236,0.497,143.764,,,,,,0.802,0.0,,,0.0,0.802,0.0,0.0,,,1.985,28126.766,-0.557,97.705,-0.531,94.915,27481.385,,,48932280000.0,,46.746,18.32,5.669,17.797,,5152.793,21.331,6176.136,,-6.757,2.295,-0.162,2.229,232.345,645.404,,0.802,232.345,-6.757,2.295,-0.162,2.229,645.404,,,,,0.0,0.0,0.0,0.0,0.0,,-12.464,54.412,-7.526,52.858,,15304.357,0.0,0.0,,0.0,,0.0,0.0,0.0,,,0.0,,3453785.0,97.144,232.345,,-6.757,2.295,-0.162,2.229,645.404,,,0.0,0.0,0.0,0.0,0.0,,,0.0,0.0,0.0,0.0,0.0
IRL,Ireland,1983,20.968,0.104,7.904,1.686,,0.0,-1.447,-1.406,,,,,,,,,,8.485,27.49,2.059,26.319,,7564.013,0.601,172.624,,,,,,0.779,0.0,,,0.0,0.779,0.0,0.0,,,1.961,27515.074,-1.413,97.739,-1.341,93.573,26893.025,,,48814224000.0,,8.167,20.107,1.453,19.25,,5532.466,23.017,6615.132,,-2.899,2.261,-0.065,2.164,223.945,622.071,,0.779,223.945,-2.899,2.261,-0.065,2.164,622.071,,,,,0.0,0.0,0.0,0.0,0.0,,-9.182,50.142,-4.853,48.005,,13796.546,0.0,0.0,,0.0,,0.0,0.0,0.0,,,0.0,,3479464.0,95.738,223.945,,-2.899,2.261,-0.065,2.164,622.071,,,0.0,0.0,0.0,0.0,0.0,,,0.0,0.0,0.0,0.0,0.0
IRL,Ireland,1984,-6.667,-0.04,5.128,1.18,,0.0,-1.048,-1.004,,,,,,,,,,-4.154,26.628,-1.093,25.225,,7210.291,0.561,160.238,,,,,,0.686,0.0,,,0.0,0.686,0.0,0.0,,,1.86,27078.176,-0.796,97.988,-0.745,92.828,26533.39,,,50941115000.0,,5.95,21.529,1.145,20.395,,5829.686,24.197,6916.45,,-11.94,2.012,-0.258,1.906,196.13,544.807,,0.686,196.13,-11.94,2.012,-0.258,1.906,544.807,,,,,0.0,0.0,0.0,0.0,0.0,,-1.661,49.831,-0.797,47.207,,13493.413,0.0,0.0,,0.0,,0.0,0.0,0.0,,,0.0,,3498540.0,94.734,196.13,,-11.94,2.012,-0.258,1.906,544.807,,,0.0,0.0,0.0,0.0,0.0,,,0.0,0.0,0.0,0.0,0.0
IRL,Ireland,1985,-18.571,-0.104,6.098,1.475,,0.0,4.912,4.654,,,,,,,,,,14.892,29.16,3.756,28.982,,8254.675,0.456,130.017,,,,,,0.837,0.0,,,0.0,0.837,0.0,0.0,12.088,,1.893,28307.721,4.561,97.66,4.234,97.062,27645.249,,,52512360000.0,,2.973,21.131,0.606,21.002,,5981.743,25.673,7312.189,6.927,22.034,2.34,0.42,2.326,238.498,662.494,6.927,0.837,238.498,22.034,2.34,0.42,2.326,662.494,,,0.0,,0.0,0.0,0.0,0.0,0.0,,-0.274,47.368,-0.129,47.078,,13408.832,0.0,0.0,,0.0,,0.0,0.0,0.0,,0.0,0.0,3442.915,3510978.0,99.388,238.498,6.927,22.034,2.34,0.42,2.326,662.494,0.0,,0.0,0.0,0.0,0.0,0.0,0.0,,0.0,0.0,0.0,0.0,0.0
IRL,Ireland,1986,-5.263,-0.024,-32.049,-8.228,,0.0,7.999,7.95,,,,,,,,,,9.912,29.677,2.873,31.855,,9058.806,0.432,122.983,,,,,,0.919,0.0,,,0.0,0.919,0.0,0.0,12.652,,2.053,30524.799,7.958,97.622,7.724,104.786,29799.045,,,52286104000.0,,-29.468,13.8,-6.189,14.813,,4212.487,17.445,4961.005,7.262,9.722,2.378,0.226,2.552,261.28,725.778,7.262,0.919,261.28,9.722,2.378,0.226,2.552,725.778,,,0.0,,0.0,0.0,0.0,0.0,0.0,,23.451,54.145,11.04,58.119,,16527.752,0.0,0.0,,0.0,,0.0,0.0,0.0,,0.0,0.0,3597.974,3516423.0,107.338,261.28,7.262,9.722,2.378,0.226,2.552,725.778,0.0,,0.0,0.0,0.0,0.0,0.0,0.0,,0.0,0.0,0.0,0.0,0.0
IRL,Ireland,1987,-16.667,-0.072,0.0,0.0,,0.0,1.172,1.258,,,,,,,,,,28.478,37.686,9.071,40.926,,11640.505,0.36,102.503,,,,,,0.686,0.0,,,0.0,0.686,0.0,0.0,13.064,,1.985,30887.822,1.817,98.245,1.904,106.69,30345.719,,,54719774200.0,,-0.39,13.587,-0.058,14.755,,4196.776,17.445,4961.846,5.252,-25.316,1.755,-0.646,1.906,195.166,542.128,5.252,0.686,195.166,-25.316,1.755,-0.646,1.906,542.128,,,0.0,,0.0,0.0,0.0,0.0,0.0,,-12.233,46.971,-7.109,51.009,,14508.438,0.0,0.0,,0.0,,0.0,0.0,0.0,,0.0,0.0,3715.769,3515827.0,108.596,195.166,5.252,-25.316,1.755,-0.646,1.906,542.128,0.0,,0.0,0.0,0.0,0.0,0.0,0.0,,0.0,0.0,0.0,0.0,0.0
IRL,Ireland,1988,0.0,0.0,20.339,3.548,,0.0,-0.51,-0.554,,,,,,,,,,1.819,38.568,0.744,41.67,,11864.522,0.36,102.61,,,,,,0.872,0.0,,,0.0,0.872,0.0,0.0,13.228,,1.876,30762.281,-1.003,97.757,-1.07,105.62,30072.443,,,57578364800.0,,19.961,16.383,2.945,17.7,,5039.717,20.993,5977.238,6.594,27.119,2.243,0.517,2.423,248.35,689.862,6.594,0.872,248.35,27.119,2.243,0.517,2.423,689.862,,,0.0,,0.0,0.0,0.0,0.0,0.0,,-9.332,42.806,-4.76,46.249,,13168.205,0.0,0.0,,0.0,,0.0,0.0,0.0,,0.0,0.0,3766.323,3512179.0,108.043,248.35,6.594,27.119,2.243,0.517,2.423,689.862,0.0,,0.0,0.0,0.0,0.0,0.0,0.0,,0.0,0.0,0.0,0.0,0.0
IRL,Ireland,1989,-4.444,-0.016,12.9,2.708,,0.0,3.059,3.305,,,,,,,,,,0.195,37.497,0.081,41.752,,11896.748,0.344,98.124,,,,,,0.698,0.0,,,0.0,0.698,0.0,0.0,13.833,,1.827,31727.361,3.588,98.259,3.789,109.409,31175.077,,,60929427600.0,,13.404,18.027,2.373,20.073,,5719.592,23.701,6753.414,5.044,-20.0,1.741,-0.485,1.938,198.831,552.31,5.044,0.698,198.831,-20.0,1.741,-0.485,1.938,552.31,,,0.0,,0.0,0.0,0.0,0.0,0.0,,2.887,42.735,1.335,47.584,,13558.737,0.0,0.0,,0.0,,0.0,0.0,0.0,,0.0,0.0,3941.578,3509508.0,111.347,198.831,5.044,-20.0,1.741,-0.485,1.938,552.31,0.0,,0.0,0.0,0.0,0.0,0.0,0.0,,0.0,0.0,0.0,0.0,0.0
IRL,Ireland,1990,-41.861,-0.144,2.399,0.568,,0.0,4.995,5.562,0.0,0.0,,,,,,,41.602,-3.569,34.438,-1.49,40.262,1686.186,11467.652,0.2,57.026,14.23,0.0,5.92,13.53,3.94,0.7,0.0,3.67,0.0,0.0,0.7,0.0,0.0,14.23,,1.769,33299.031,5.085,98.344,5.564,114.973,32747.597,3853.734,95.081,66087471600.0,27.688,8.751,18.672,1.757,21.83,1122.225,6217.678,24.27,6912.691,4.919,-0.115,1.656,-0.002,1.936,199.38,551.461,4.919,0.7,199.38,-0.115,1.656,-0.002,1.936,551.461,0.0,0.0,0.0,,0.0,0.0,0.0,0.0,0.0,25.791,11.132,45.233,5.297,52.882,1045.322,15062.267,0.0,0.0,0.0,0.0,,0.0,0.0,0.0,0.0,0.0,0.0,4053.114,3510881.0,116.909,199.38,4.919,-0.115,1.656,-0.002,1.936,551.461,0.0,,0.0,0.0,0.0,0.0,0.0,0.0,,0.0,0.0,0.0,0.0,0.0
IRL,Ireland,1991,-96.0,-0.192,2.541,0.617,,0.0,3.59,4.198,0.0,0.0,,,,,,,39.183,-4.072,31.891,-1.64,38.622,1663.017,10979.327,0.008,2.276,14.93,0.0,5.85,14.18,3.75,0.75,0.0,4.58,0.0,0.0,0.75,0.0,0.0,14.93,,1.783,34427.708,3.533,98.289,4.061,119.034,33838.651,4031.038,94.977,67936147791.0,25.117,2.451,18.467,0.535,22.364,1066.036,6357.7,24.886,7074.563,5.023,7.03,1.711,0.136,2.072,213.207,589.084,5.023,0.75,213.207,7.03,1.711,0.136,2.072,589.084,0.0,0.0,0.0,,0.0,0.0,0.0,0.0,0.0,30.676,9.769,47.931,5.166,58.048,1301.986,16501.624,0.0,0.0,0.0,0.0,,0.0,0.0,0.0,0.0,0.0,0.0,4244.246,3517704.0,121.106,213.207,5.023,7.03,1.711,0.136,2.072,589.084,0.0,,0.0,0.0,0.0,0.0,0.0,0.0,,0.0,0.0,0.0,0.0,0.0
IRL,Ireland,1992,-5.495,-0.0,-1.287,-0.32,,0.0,0.687,0.832,0.0,0.0,,,,,,,42.205,-4.752,30.168,-1.835,36.787,1886.767,10421.654,0.008,2.144,15.78,0.0,6.66,14.96,3.65,0.82,0.0,4.65,0.0,0.0,0.82,0.0,0.0,15.78,,1.713,34544.839,0.521,98.127,0.62,119.655,33898.001,4238.144,94.804,71167895056.0,23.131,-1.092,18.141,-0.244,22.12,1034.039,6266.639,24.566,6959.496,5.196,9.517,1.861,0.197,2.269,232.305,642.93,5.196,0.82,232.305,10.188,1.873,0.211,2.283,646.866,0.0,0.0,0.0,,0.0,0.0,0.0,0.0,0.0,29.468,4.651,49.818,2.7,60.748,1317.338,17209.708,0.0,0.0,0.0,0.0,,0.0,0.0,0.0,0.0,0.0,0.0,4470.449,3529847.0,121.938,232.305,5.196,10.188,1.873,0.211,2.283,646.866,0.0,,0.0,0.0,0.0,0.0,0.0,0.0,,0.011,0.014,0.014,0.0,3.935
IRL,Ireland,1993,0.775,0.0,13.516,3.32,,0.0,2.182,2.661,0.0,0.0,,,,,,,41.016,-2.829,28.689,-1.041,35.746,1866.403,10078.088,0.008,2.15,16.14,0.0,6.62,15.37,4.53,0.76,0.0,4.22,0.0,0.0,0.77,0.0,0.01,16.14,,1.692,35128.629,2.321,98.261,2.777,122.432,34517.798,4333.326,95.229,73646605055.0,28.067,13.617,20.171,3.012,25.132,1277.161,7085.693,27.886,7862.127,4.709,-6.365,1.705,-0.144,2.125,214.27,599.11,4.771,0.77,217.089,-5.109,1.739,-0.117,2.167,610.86,0.0,0.0,0.0,,0.0,0.0,0.0,0.0,0.0,26.146,1.327,49.401,0.806,61.553,1189.762,17354.016,0.0,0.0,0.0,0.0,,0.0,0.0,0.0,0.0,0.0,0.0,4550.415,3546929.0,124.599,217.089,4.771,-5.109,1.739,-0.117,2.167,610.86,0.0,,0.0,0.0,0.0,0.0,0.0,0.062,200.0,0.033,0.028,0.042,2.819,11.749
IRL,Ireland,1994,-4.615,-0.0,1.73,0.482,,0.0,3.948,4.92,0.0,0.0,,,,,,,39.691,-4.315,26.408,-1.543,34.204,1872.24,9586.442,0.007,2.039,16.83,0.0,6.68,15.89,4.46,0.92,0.0,4.75,0.0,0.0,0.94,0.0,0.02,16.83,,1.642,36300.812,3.657,97.986,4.478,126.91,35569.786,4453.578,94.415,78875957347.0,26.5,1.712,19.737,0.43,25.563,1250.029,7164.615,28.369,7951.09,5.466,20.261,1.973,0.431,2.556,257.853,716.26,5.585,0.94,263.459,20.385,2.014,0.442,2.608,731.055,0.0,0.0,0.0,,0.0,0.0,0.0,0.0,0.0,28.223,9.082,51.841,5.59,67.144,1331.309,18818.729,0.0,0.0,0.0,0.0,,0.0,0.0,0.0,0.0,0.0,0.0,4717.037,3567918.0,129.518,263.459,5.585,20.385,2.014,0.442,2.608,731.055,0.0,,0.0,0.0,0.0,0.0,0.0,0.119,26.667,0.041,0.011,0.053,5.606,14.795
IRL,Ireland,1995,0.0,0.0,2.561,0.726,,0.0,1.975,2.558,0.0,0.0,,,,,,,39.864,0.685,26.074,0.234,34.438,1954.245,9586.892,0.007,2.025,17.59,0.0,7.02,16.88,5.16,0.71,0.0,4.7,0.0,0.0,0.73,0.0,0.02,17.61,,1.511,36767.843,2.476,98.467,3.142,130.052,36204.146,4699.096,95.855,87428765996.0,29.302,6.415,20.596,1.64,27.203,1436.454,7572.725,29.095,8099.619,4.032,-22.5,1.5,-0.575,1.981,197.652,551.352,4.145,0.73,203.219,-22.364,1.533,-0.583,2.025,563.727,-0.114,-0.02,0.0,,0.0,0.0,0.0,0.0,0.0,26.689,1.888,51.797,1.268,68.411,1308.398,19044.529,0.0,0.0,0.0,0.0,,0.0,0.0,0.0,0.0,0.0,0.0,4902.316,3592180.0,132.077,203.219,4.145,-22.364,1.533,-0.583,2.025,563.727,0.0,,0.0,0.0,0.0,0.0,0.0,0.114,-15.789,0.034,-0.008,0.044,5.568,12.375
IRL,Ireland,1996,-100.0,-0.007,-3.605,-1.049,,0.0,5.751,7.596,0.159,8.288,,,,,,,36.965,0.545,24.79,0.188,34.625,1931.135,9565.994,0.0,0.0,18.78,0.03,6.99,18.15,6.29,0.72,0.0,4.87,0.0,0.03,0.76,0.0,0.01,18.91,,1.448,38587.471,5.768,98.483,7.501,137.553,38001.954,5014.321,95.981,96464094634.0,33.263,13.596,22.124,3.698,30.901,1737.745,8537.035,28.047,7748.447,3.808,1.262,1.436,0.025,2.006,198.915,554.077,4.019,0.76,209.966,4.665,1.517,0.094,2.119,585.547,-0.692,-0.13,0.0,,0.0,0.0,0.0,0.0,0.0,25.754,5.285,51.568,3.615,72.027,1345.44,19898.925,0.0,0.0,0.0,8.288,,0.054,0.075,0.075,0.0,0.159,20.724,5224.287,3619633.0,139.672,209.966,4.019,4.665,1.517,0.094,2.119,585.547,0.0,,0.0,0.0,0.0,0.0,0.0,0.053,-12.5,0.028,-0.006,0.039,2.763,10.746
IRL,Ireland,1997,,0.0,-12.136,-3.404,,0.0,4.367,6.1,0.406,21.911,,,,,,,34.485,-4.727,22.63,-1.637,32.989,1859.716,9035.284,0.0,0.0,19.68,0.08,6.79,18.88,6.57,0.68,0.0,5.52,0.0,0.08,0.81,0.0,0.05,19.69,,1.349,39925.681,4.342,98.458,5.972,143.525,39310.202,5171.05,95.886,108048256685.0,33.367,4.516,22.155,1.396,32.297,1799.46,8845.71,24.643,6749.424,3.454,-6.094,1.292,-0.122,1.883,186.245,515.827,4.114,0.81,221.851,6.031,1.542,0.128,2.247,615.511,-0.051,-0.01,0.0,,0.0,0.0,0.0,0.0,0.0,28.035,8.626,53.673,6.213,78.24,1511.875,21429.208,0.0,0.0,0.0,21.911,200.0,0.154,0.15,0.225,0.0,0.406,61.636,5392.901,3651096.0,145.772,221.851,4.114,6.031,1.542,0.128,2.247,615.511,0.0,,0.0,0.0,0.0,0.0,0.0,0.254,257.143,0.095,0.1,0.139,13.695,38.047
IRL,Ireland,1998,,0.0,-26.186,-6.453,,0.0,7.555,11.013,0.431,24.405,,,,,,,32.264,0.665,21.181,0.219,33.208,1827.638,9004.762,0.0,0.0,20.97,0.09,6.74,19.71,6.43,0.92,0.0,6.54,0.0,0.09,1.18,0.0,0.17,20.89,,1.326,42514.321,6.974,97.927,10.01,153.535,41633.041,5344.619,94.351,118272466575.0,30.78,1.116,20.829,0.361,32.657,1743.577,8855.383,18.19,4932.378,4.404,35.103,1.623,0.661,2.544,249.47,689.959,5.649,1.18,319.972,44.624,2.073,1.003,3.25,881.314,0.381,0.08,0.0,,0.0,0.0,0.0,0.0,0.0,31.307,12.053,55.917,9.43,87.67,1773.405,23772.896,0.0,0.0,0.0,24.405,4.938,0.151,0.011,0.236,0.0,0.431,64.036,5664.592,3687821.0,156.785,319.972,5.649,44.624,2.073,1.003,3.25,881.314,0.0,,0.0,0.0,0.0,0.0,0.0,0.814,238.0,0.299,0.331,0.47,46.098,127.319
IRL,Ireland,1999,,0.0,-21.584,-3.926,,0.0,5.79,9.079,0.413,24.119,,,,,,,26.78,-13.969,17.224,-4.639,28.569,1562.386,7656.284,0.0,0.0,22.01,0.09,5.83,20.64,6.96,0.85,0.0,7.85,0.0,0.09,1.13,0.0,0.19,21.77,,1.251,44449.974,5.996,98.118,9.206,162.742,43613.245,5531.329,94.809,132615408391.0,31.971,6.944,21.056,2.268,34.925,1865.216,9359.555,14.264,3822.509,3.904,-7.642,1.417,-0.194,2.35,227.792,629.779,5.191,1.13,302.83,-3.931,1.882,-0.128,3.122,836.765,1.09,0.24,0.0,,0.0,0.0,0.0,0.0,0.0,36.059,13.205,59.837,11.577,99.247,2103.727,26597.405,0.0,0.0,0.0,24.119,7.059,0.152,0.017,0.253,0.0,0.413,67.754,5834.159,3731472.0,165.864,302.83,5.191,-3.931,1.882,-0.128,3.122,836.765,0.0,,0.0,0.0,0.0,0.0,0.0,0.873,10.651,0.313,0.05,0.52,50.918,139.232
IRL,Ireland,2000,,0.0,-10.507,-1.499,,0.0,4.004,6.641,0.38,23.79,,,,,,619.349,28.813,6.476,17.634,1.85,30.419,1802.757,8040.844,0.0,0.0,23.77,0.09,6.82,22.49,9.26,0.85,0.0,6.41,0.0,0.09,1.18,0.0,0.24,23.67,14.66,1.17,45598.822,3.976,98.092,6.471,169.213,44728.714,5944.868,95.015,147422874007.0,39.121,14.652,23.212,5.117,40.042,2447.731,10584.488,12.765,3374.198,3.591,0.0,1.362,0.0,2.35,224.684,621.185,4.985,1.18,311.914,5.428,1.908,0.169,3.292,870.144,0.421,0.1,0.0,,0.0,0.0,0.0,0.0,0.0,27.081,-0.5,57.246,-0.496,98.751,1694.38,26103.382,0.0,0.0,0.0,23.79,4.396,0.153,0.011,0.264,0.0,0.38,69.767,6256.782,3783095.0,172.505,311.914,4.985,5.428,1.908,0.169,3.292,870.144,0.0,,0.0,0.0,0.0,0.0,0.0,1.014,30.481,0.393,0.158,0.678,63.44,179.192
IRL,Ireland,2001,,0.0,-31.282,-3.993,,0.0,6.007,10.363,0.406,26.026,,,,,,628.247,28.653,4.74,17.423,1.442,31.861,1837.464,8292.335,0.0,0.0,24.39,0.1,7.06,23.61,9.15,0.6,0.0,7.4,0.0,0.1,1.03,0.0,0.33,24.64,15.48,1.156,47593.876,6.395,98.45,10.82,180.033,46856.204,6144.832,95.82,158125548014.0,37.135,4.299,22.838,1.721,41.763,2381.415,10869.499,8.772,2282.994,2.435,-30.008,0.899,-0.705,1.645,156.158,428.084,4.18,1.03,268.072,-13.894,1.55,-0.457,2.834,737.71,-1.025,-0.25,0.0,,0.0,0.0,0.0,0.0,0.0,30.032,7.754,58.189,7.657,106.409,1925.953,27694.371,0.0,0.0,0.0,26.026,1.442,0.146,0.004,0.268,0.0,0.406,69.684,6412.904,3842253.0,182.868,268.072,4.18,-13.894,1.55,-0.457,2.834,737.71,0.0,,0.0,0.0,0.0,0.0,0.0,1.339,35.996,0.504,0.244,0.922,85.887,239.943
IRL,Ireland,2002,,0.0,-1.136,-0.1,,0.0,-0.683,-1.249,0.322,20.471,,,,,,604.267,27.456,-3.864,16.865,-1.231,30.63,1745.14,7837.791,0.0,0.0,25.34,0.08,6.82,23.46,10.83,0.91,0.0,5.81,0.0,0.08,1.38,0.0,0.39,24.84,15.01,1.076,46473.592,-1.223,97.915,-2.202,177.832,45504.629,6003.078,94.444,168846212931.0,43.599,2.646,23.603,1.105,42.868,2771.242,10969.363,8.672,2219.08,3.663,52.033,1.377,0.856,2.501,232.856,639.88,5.556,1.38,353.122,33.6,2.085,0.952,3.787,969.0,1.973,0.5,0.0,,0.0,0.0,0.0,0.0,0.0,23.39,-1.95,57.447,-2.075,104.334,1486.696,26697.475,0.0,0.0,0.0,20.471,-17.034,0.122,-0.046,0.222,0.0,0.322,56.842,6356.201,3907995.0,181.619,353.122,5.556,33.6,2.085,0.952,3.787,969.0,0.0,,0.0,0.0,0.0,0.0,0.0,1.57,15.418,0.586,0.142,1.064,99.795,272.279
IRL,Ireland,2003,,0.0,-16.474,-1.429,,0.0,-2.585,-4.694,0.362,22.613,,,,,,588.898,24.94,-3.197,16.759,-0.979,29.651,1557.759,7449.783,0.0,0.0,26.03,0.09,6.2,23.72,13.04,0.6,0.0,4.48,0.0,0.09,1.14,0.0,0.45,24.86,14.64,0.999,44452.536,-2.254,98.248,-4.008,173.824,43673.545,5959.684,95.414,177045286574.0,52.454,-0.733,24.052,-0.314,42.554,3276.319,10691.804,7.243,1819.938,2.414,-34.85,0.921,-0.871,1.629,150.751,409.331,4.586,1.14,286.427,-18.122,1.752,-0.686,3.101,779.027,4.495,1.17,0.0,,0.0,0.0,0.0,0.0,0.0,18.021,-2.602,57.436,-2.714,101.619,1125.606,25531.958,0.0,0.0,0.0,22.613,5.492,0.132,0.012,0.234,0.0,0.362,58.878,6246.11,3980077.0,176.925,286.427,4.586,-18.122,1.752,-0.686,3.101,779.027,0.0,,0.0,0.0,0.0,0.0,0.0,1.81,16.26,0.699,0.173,1.237,113.063,310.819
IRL,Ireland,2004,,0.0,23.008,1.667,,0.0,1.315,2.326,0.436,27.106,,,,,,586.043,24.703,-6.571,15.455,-1.948,27.702,1535.189,6826.416,0.0,0.0,26.79,0.11,6.23,23.83,12.9,0.63,0.0,4.7,0.0,0.11,1.39,0.0,0.65,25.22,14.78,0.938,44170.643,0.951,97.895,1.652,175.476,43240.708,5872.161,94.489,191105272408.0,51.15,-0.164,23.701,-0.07,42.484,3178.803,10468.963,8.91,2195.612,2.498,4.68,0.951,0.076,1.705,155.244,420.246,5.511,1.39,342.522,21.717,2.105,0.673,3.774,929.971,5.86,1.57,0.0,,0.0,0.0,0.0,0.0,0.0,18.636,3.612,58.739,3.67,105.289,1158.169,25945.328,0.0,0.0,0.0,27.106,25.937,0.165,0.061,0.295,0.0,0.436,72.722,6214.684,4058131.0,179.25,342.522,5.511,21.717,2.105,0.673,3.774,929.971,0.0,,0.0,0.0,0.0,0.0,0.0,2.577,43.354,0.989,0.536,1.773,160.172,437.002
IRL,Ireland,2005,,0.0,-32.9,-2.931,,0.0,4.378,7.848,0.507,31.392,,,,,,586.261,24.941,11.126,16.454,3.082,30.785,1543.025,7433.717,0.0,0.0,27.66,0.13,6.39,23.75,11.57,0.63,0.0,5.79,0.0,0.13,1.87,0.0,1.11,25.62,15.02,0.915,45179.63,3.746,97.302,6.574,182.05,43960.497,5735.029,92.701,204428609096.0,45.16,-4.818,21.613,-2.047,40.438,2793.865,9764.652,5.979,1443.699,2.459,-0.434,0.908,-0.007,1.698,152.129,410.027,7.299,1.87,451.558,33.545,2.694,1.266,5.04,1217.009,7.375,2.04,0.0,,0.0,0.0,0.0,0.0,0.0,22.6,5.26,59.235,5.538,110.828,1398.14,26762.128,0.0,0.0,0.0,31.392,18.75,0.187,0.055,0.35,0.0,0.507,84.625,6186.587,4141217.0,187.099,451.558,7.299,33.545,2.694,1.266,5.04,1217.009,0.0,,0.0,0.0,0.0,0.0,0.0,4.333,68.683,1.599,1.218,2.991,268.037,722.357
IRL,Ireland,2006,,0.0,-11.189,-0.669,,0.0,2.077,3.887,0.48,30.728,,,,,,558.097,21.689,-9.785,14.542,-3.012,27.772,1389.868,6564.633,0.0,0.0,28.89,0.13,5.88,24.64,13.79,0.72,0.0,4.97,0.0,0.13,2.47,0.0,1.62,27.11,15.13,0.873,45143.62,1.266,96.528,2.304,184.354,43576.15,5824.207,90.889,218886737073.0,50.867,13.517,24.035,5.466,45.904,3259.57,10850.338,5.31,1255.071,2.656,14.013,1.014,0.238,1.936,170.188,457.605,9.111,2.47,583.839,31.267,3.464,1.576,6.616,1563.775,6.161,1.78,0.0,,0.0,0.0,0.0,0.0,0.0,18.333,-0.135,57.951,-0.15,110.678,1174.769,26161.178,0.0,0.0,0.0,30.728,-2.024,0.18,-0.007,0.343,0.0,0.48,81.16,6408.046,4230619.0,190.985,583.839,9.111,31.267,3.464,1.576,6.616,1563.775,0.0,,0.0,0.0,0.0,0.0,0.0,5.976,44.961,2.271,1.345,4.336,382.923,1025.01
IRL,Ireland,2007,,0.0,-10.039,-0.533,,0.0,3.089,5.899,0.634,41.622,,,,,,537.54,19.175,-2.345,13.775,-0.651,27.121,1257.906,6271.302,0.0,0.0,29.7,0.18,5.44,25.56,16.06,0.67,0.0,4.06,0.0,0.18,2.81,0.0,1.96,28.37,15.25,0.857,45526.182,2.644,96.111,4.874,189.228,43755.674,5910.306,90.095,229784275031.0,56.609,8.563,25.312,3.931,49.835,3713.596,11523.384,4.777,1104.521,2.362,-8.541,0.899,-0.165,1.771,154.926,409.419,9.905,2.81,649.764,12.234,3.771,0.809,7.425,1716.93,4.478,1.33,0.0,,0.0,0.0,0.0,0.0,0.0,14.311,1.44,57.024,1.594,112.272,938.805,25960.987,0.0,0.0,0.0,41.622,31.543,0.229,0.108,0.452,0.0,0.634,104.439,6560.07,4324649.0,196.885,649.764,9.905,12.234,3.771,0.809,7.425,1716.93,0.0,,0.0,0.0,0.0,0.0,0.0,6.909,19.98,2.643,0.866,5.203,453.216,1203.072
IRL,Ireland,2008,,0.0,-4.158,-0.199,,0.0,-0.461,-0.908,0.735,49.82,,,,,,522.059,17.179,-2.144,13.542,-0.582,26.54,1163.983,6010.067,0.0,0.0,30.37,0.22,5.14,26.32,16.72,0.97,0.0,4.46,0.0,0.22,3.6,0.0,2.41,29.92,15.62,0.882,44380.156,-1.765,94.852,-3.34,185.888,42095.363,5960.319,87.968,222239926884.0,55.882,4.761,26.639,2.373,52.207,3786.342,11822.608,4.578,1036.732,3.242,44.366,1.304,0.786,2.556,219.662,578.852,12.032,3.6,815.241,27.548,4.833,2.046,9.471,2144.678,1.482,0.45,0.0,,0.0,0.0,0.0,0.0,0.0,14.906,-4.57,54.67,-5.131,107.141,1009.993,24262.688,0.0,0.0,0.0,49.82,22.104,0.281,0.1,0.552,0.0,0.735,124.891,6775.56,4415871.0,195.977,815.241,12.032,27.548,4.833,2.046,9.471,2144.678,0.0,,0.0,0.0,0.0,0.0,0.0,8.055,22.298,3.247,1.16,6.363,545.759,1440.936
IRL,Ireland,2009,,0.0,-10.642,-0.487,,0.0,-8.736,-17.12,0.93,57.848,,,,,,495.888,14.301,-12.577,12.972,-3.338,23.202,889.962,5162.198,0.0,0.0,28.73,0.26,4.0,23.85,16.3,0.9,0.0,3.55,0.0,0.26,4.12,0.0,2.96,27.97,13.87,0.834,39793.982,-10.057,93.478,-18.695,167.193,37198.837,5306.401,85.27,214513693281.0,58.277,-5.079,27.707,-2.652,49.555,3626.597,11025.626,4.091,910.18,3.218,-7.452,1.323,-0.19,2.366,200.242,526.338,14.73,4.12,916.661,13.831,6.027,1.31,10.78,2398.556,2.645,0.76,0.0,,0.0,0.0,0.0,0.0,0.0,12.692,-11.859,52.799,-12.705,94.435,789.842,21011.013,0.0,0.0,0.0,57.848,19.568,0.369,0.108,0.659,0.0,0.93,146.714,6223.062,4494572.0,178.857,916.661,14.73,13.831,6.027,1.31,10.78,2398.556,0.0,,0.001,0.001,0.001,0.0,0.248,10.583,21.866,4.335,1.391,7.754,658.572,1725.256
IRL,Ireland,2010,,0.0,-29.153,-1.193,,0.0,-0.263,-0.47,1.101,68.067,,,,,,491.477,12.607,-0.451,12.948,-0.105,23.097,779.478,5071.481,0.0,0.0,28.63,0.31,3.55,24.44,18.11,0.6,0.0,2.78,0.0,0.31,3.72,0.0,2.81,28.16,13.84,0.806,39168.589,0.251,93.96,0.42,167.613,36802.895,5366.322,86.79,221367779804.0,64.311,10.326,30.648,5.117,54.673,3976.436,12004.548,2.898,636.373,2.131,-33.954,0.876,-0.803,1.562,131.743,343.061,13.21,3.72,816.805,-9.788,5.452,-1.055,9.725,2135.393,1.642,0.47,0.0,,0.0,0.0,0.0,0.0,0.0,9.872,-4.863,50.364,-4.593,89.843,610.408,19726.866,0.0,0.0,0.0,68.067,24.574,0.46,0.162,0.821,0.0,1.101,180.37,6183.127,4554330.0,178.387,816.805,13.21,-9.788,5.452,-1.055,9.725,2135.393,0.0,11.471,0.001,0.0,0.001,0.0,0.273,9.979,-5.341,4.115,-0.414,7.34,616.995,1611.689
IRL,Ireland,2011,,0.0,-16.911,-0.49,,0.0,-5.331,-9.51,1.252,74.056,,,,,,463.549,14.507,-1.863,13.422,-0.43,22.667,858.179,4937.121,0.0,0.0,27.65,0.34,3.94,21.73,15.43,0.71,0.0,2.36,0.0,0.34,5.43,0.0,4.38,27.16,12.59,0.754,36783.471,-8.028,91.283,-13.456,154.156,33577.058,4733.055,80.007,223963933354.0,56.811,-12.04,28.476,-6.583,48.09,3360.839,10474.599,2.408,524.519,2.614,17.213,1.084,0.269,1.831,154.647,398.891,19.993,5.43,1182.719,44.543,8.324,4.332,14.057,3061.832,1.772,0.49,0.0,,0.0,0.0,0.0,0.0,0.0,8.689,-7.172,49.384,-6.444,83.399,514.036,18165.338,0.0,0.0,0.0,74.056,6.028,0.516,0.05,0.871,0.0,1.252,189.711,5915.774,4591115.0,168.877,1182.719,19.993,44.543,8.324,4.332,14.057,3061.832,0.0,13.199,0.001,0.0,0.001,0.0,0.306,16.127,54.676,6.723,4.013,11.353,954.017,2472.924
IRL,Ireland,2012,,0.0,-8.842,-0.213,,0.0,-1.424,-2.405,1.622,95.482,,,,,,483.229,18.504,16.008,15.796,3.629,26.295,1089.363,5706.232,0.0,0.0,27.54,0.44,5.02,21.88,14.14,0.8,0.0,2.72,0.0,0.44,5.25,0.0,4.01,27.13,13.11,0.75,36125.149,-1.238,91.455,-1.909,152.247,33038.389,4748.059,80.649,221943971803.0,52.119,-2.468,28.175,-1.187,46.903,3068.444,10178.253,2.195,476.367,2.949,12.849,1.241,0.235,2.067,173.604,448.474,19.351,5.25,1139.274,-3.738,8.129,-0.525,13.532,2936.464,1.489,0.41,0.0,,0.0,0.0,0.0,0.0,0.0,10.026,-5.217,47.485,-4.351,79.049,590.252,17153.904,0.0,0.0,0.0,95.482,29.922,0.68,0.261,1.132,0.0,1.622,245.562,5887.333,4608199.0,166.472,1139.274,19.351,-3.738,8.129,-0.525,13.532,2936.464,0.0,18.379,0.001,0.0,0.002,0.0,0.361,14.781,-8.998,6.206,-1.022,10.332,870.188,2242.066
IRL,Ireland,2013,,0.0,-14.501,-0.318,,0.0,-2.088,-3.475,1.916,106.166,,,,,,464.607,16.738,-9.509,14.598,-2.5,23.795,927.325,5155.537,0.0,0.0,27.81,0.49,4.28,19.94,13.13,0.6,0.0,2.53,0.0,0.49,5.63,0.0,4.54,25.57,11.88,0.724,35315.636,-2.946,90.654,-4.485,147.762,32014.891,4320.295,77.982,225008339125.0,51.349,-4.757,27.407,-2.231,44.672,2844.808,9678.887,1.877,406.649,2.346,-25.732,0.942,-0.532,1.535,129.999,332.55,22.018,5.63,1219.822,6.397,8.833,0.866,14.397,3119.425,8.055,2.24,0.0,,0.0,0.0,0.0,0.0,0.0,9.894,0.312,48.648,0.247,79.295,548.162,17180.467,0.0,0.0,0.0,106.166,8.815,0.755,0.1,1.231,0.0,1.916,266.791,5540.117,4615426.0,162.997,1219.822,22.018,6.397,8.833,0.866,14.397,3119.425,0.0,7.679,0.001,0.0,0.002,0.0,0.388,17.755,12.559,7.135,1.298,11.629,983.658,2519.697
IRL,Ireland,2014,,0.0,-15.406,-0.289,,0.0,-0.374,-0.61,2.092,116.71,,,,,,449.826,15.343,-1.711,14.403,-0.407,23.388,855.873,5054.83,0.0,0.0,27.96,0.54,3.96,19.42,12.64,0.71,0.0,2.82,0.0,0.54,6.39,0.0,5.14,25.81,11.61,0.663,35096.657,-1.795,89.361,-2.652,145.11,31362.658,4197.238,75.242,244831719001.0,48.973,-3.11,26.654,-1.389,43.283,2731.879,9354.682,1.588,343.152,2.751,17.5,1.111,0.269,1.803,153.452,389.782,24.758,6.39,1381.069,12.894,10.009,1.856,16.254,3512.958,7.69,2.15,0.0,,0.0,0.0,0.0,0.0,0.0,10.926,-1.079,48.304,-0.855,78.44,609.486,16953.147,0.0,0.0,0.0,116.71,10.83,0.84,0.133,1.365,0.0,2.092,294.954,5578.307,4626852.0,162.387,1381.069,24.758,12.894,10.009,1.856,16.254,3512.958,0.0,34.419,0.001,0.001,0.002,0.0,0.521,19.915,12.502,8.057,1.454,13.083,1110.907,2827.702
IRL,Ireland,2015,,0.0,-12.642,-0.201,,0.0,6.255,10.157,1.708,103.172,,,,,,439.502,17.331,9.054,14.782,2.117,25.505,1046.767,5482.183,0.0,0.0,28.77,0.48,4.87,20.24,12.37,0.81,0.0,3.0,0.0,0.48,7.86,0.0,6.57,28.1,12.35,0.677,37086.977,4.515,87.898,6.552,151.662,32598.609,4350.424,72.028,254793477274.0,44.021,1.111,25.364,0.481,43.764,2658.831,9406.658,1.387,298.122,2.883,13.128,1.182,0.237,2.04,174.103,438.531,27.972,7.86,1689.443,22.31,11.522,3.626,19.88,4273.092,2.329,0.67,0.0,,0.0,0.0,0.0,0.0,0.0,10.676,5.04,47.752,3.954,82.393,644.826,17709.768,0.0,0.0,0.0,103.172,-11.719,0.698,-0.16,1.205,0.0,1.708,258.957,6039.867,4652420.0,172.544,1689.443,27.972,22.31,11.522,3.626,19.88,4273.092,0.0,69.55,0.002,0.002,0.004,0.0,0.878,23.381,27.117,9.639,3.548,16.631,1412.168,3574.726
IRL,Ireland,2016,,0.0,2224.981,30.86,,0.0,4.326,7.464,2.249,144.811,,,,,,446.245,15.547,-3.925,13.613,-1.001,24.504,1000.897,5218.383,0.0,0.0,29.52,0.68,4.7,22.71,15.33,0.68,0.0,2.68,0.0,0.68,7.52,0.01,6.15,30.23,13.49,0.67,38333.926,5.405,88.807,8.198,159.86,34043.255,4836.247,75.124,268695470317.0,50.711,12.437,27.336,5.443,49.207,3264.626,10478.869,32.247,6867.263,2.249,-16.057,0.951,-0.328,1.713,144.811,364.718,24.876,7.52,1601.434,-4.92,10.501,-0.978,18.902,4025.336,-2.405,-0.71,0.0,,0.0,0.0,0.0,0.0,0.0,8.865,4.558,47.858,3.756,86.149,570.724,18346.003,0.0,0.0,0.0,144.811,42.148,0.951,0.508,1.713,0.0,2.249,364.704,6437.681,4695790.0,180.008,1601.434,24.876,-4.92,10.501,-0.978,18.902,4025.336,0.033,229.252,0.007,0.009,0.013,2.13,2.863,20.344,-7.021,8.59,-1.168,15.463,1309.684,3293.051
IRL,Ireland,2017,,,,,,,0.334,0.602,2.414,155.682,,,,,,412.59,11.872,-14.854,11.552,-3.64,20.864,765.787,4389.494,,,29.98,0.74,3.64,21.78,15.68,0.69,0.0,2.46,0.0,0.74,8.88,0.01,7.44,30.66,12.65,0.622,37996.832,-2.023,86.721,-3.234,156.626,32951.133,4582.098,71.037,290581587223.0,51.142,1.996,27.789,0.982,50.189,3298.774,10558.78,,,2.25,0.956,0.957,0.016,1.729,145.163,363.751,28.963,8.88,1868.183,17.407,12.288,3.29,22.192,4668.873,-2.268,-0.68,0.0,,0.0,0.0,0.0,0.0,0.0,8.023,-0.669,47.38,-0.576,85.573,517.537,18002.859,,,0.0,155.682,6.54,1.01,0.112,1.825,0.0,2.414,383.858,6450.281,4753281.0,180.61,1868.183,28.963,17.407,12.288,3.29,22.192,4668.873,0.033,100.845,0.015,0.014,0.027,2.104,5.681,24.266,20.36,10.305,3.148,18.612,1565.235,3915.584
IRL,Ireland,2018,,,,,,,2.211,3.994,2.751,176.396,,,,,,378.641,6.958,-21.373,8.887,-4.459,16.405,446.179,3404.462,,,30.87,0.85,2.15,20.7,16.02,0.69,0.0,2.53,0.0,0.85,10.2,0.02,8.64,30.9,11.7,0.587,38309.863,0.538,85.301,0.842,157.468,32678.604,4295.77,66.99,314321653958.0,51.845,3.819,28.226,1.917,52.105,3324.552,10813.186,,,2.233,-0.227,0.934,-0.004,1.725,143.192,357.997,33.01,10.2,2116.756,14.219,13.731,3.156,25.348,5260.357,-0.097,-0.03,0.0,,0.0,0.0,0.0,0.0,0.0,8.188,3.956,48.188,3.385,88.958,525.039,18460.955,,,0.0,176.396,15.558,1.142,0.284,2.108,0.0,2.751,437.557,6412.526,4818694.0,184.604,2116.756,33.01,14.219,13.731,3.156,25.348,5260.357,0.065,53.306,0.022,0.014,0.041,4.151,8.591,27.961,15.373,11.632,2.861,21.473,1793.017,4456.212
IRL,Ireland,2019,,,,,,,-0.209,-0.386,2.767,174.091,,,,,,335.286,1.66,-28.432,6.373,-4.664,11.741,104.455,2404.67,,,31.36,0.85,0.51,18.92,15.91,0.89,0.0,2.5,0.0,0.85,11.8,0.04,10.02,30.72,10.3,,37730.27,-2.919,82.984,-4.597,152.871,31310.07,3875.066,61.589,,51.79,2.022,28.856,1.053,53.159,3258.578,10887.642,,,2.897,27.262,1.192,0.47,2.195,182.284,449.641,38.411,11.8,2416.796,15.072,15.834,3.821,29.169,5974.121,2.041,0.64,0.0,,0.0,0.0,0.0,0.0,0.0,8.138,-1.108,47.754,-0.986,87.972,512.033,18017.757,,,0.0,174.091,0.071,1.145,0.002,2.11,0.0,2.767,432.147,6291.861,4882498.0,184.218,2416.796,38.411,15.072,15.834,3.821,29.169,5974.121,0.13,27.71,0.029,0.011,0.053,8.193,10.828,32.617,15.542,13.468,3.337,24.81,2052.228,5081.504
IRL,Ireland,2020,,,,,,,-7.258,-13.37,2.938,190.368,,,,,,312.812,2.094,-26.006,5.085,-3.053,8.687,135.688,1759.386,,,31.85,0.94,0.67,18.52,16.24,0.93,0.0,1.61,0.0,0.94,13.48,0.06,11.55,32.0,10.01,,34600.01,-11.251,79.411,-17.199,135.672,27476.222,3750.661,57.875,,50.75,-0.196,31.054,-0.104,53.055,3288.917,10744.609,,,2.906,4.894,1.348,0.107,2.303,188.343,466.365,42.125,13.48,2729.963,13.695,19.411,3.995,33.163,6716.197,-0.471,-0.15,0.0,,0.0,0.0,0.0,0.0,0.0,5.031,-15.962,43.272,-14.042,73.93,326.056,14972.227,,,0.0,190.368,9.086,1.347,0.192,2.302,0.0,2.938,466.135,6480.624,4937796.0,170.848,2729.963,42.125,13.695,19.411,3.995,33.163,6716.197,0.188,-0.367,0.031,-0.0,0.053,12.151,10.667,36.094,14.895,16.685,3.696,28.506,2339.1,5773.031
IRL,Ireland,2021,,,,,,,,,3.054,188.645,,,,,,361.274,10.266,,,,,634.168,,,,32.01,0.94,3.16,18.97,13.75,0.75,0.0,2.06,0.0,0.94,11.81,0.06,10.06,30.78,11.12,,,,,,,,3807.017,61.631,,44.672,,,,,2759.435,,,,2.437,,,,,150.515,,38.369,11.81,2370.104,,,,,,3.843,1.23,0.0,,,,,0.0,,6.693,,,,,413.414,,,,0.0,188.645,,,,,0.0,3.054,,6177.121,4982904.0,,2370.104,38.369,,,,,,0.195,,,,,12.041,,32.684,,,,,2018.903,
