iso_code,country,year,coal_prod_change_pct,coal_prod_change_twh,gas_prod_change_pct,gas_prod_change_twh,oil_prod_change_pct,oil_prod_change_twh,energy_cons_change_pct,energy_cons_change_twh,biofuel_share_elec,biofuel_elec_per_capita,biofuel_cons_change_pct,biofuel_share_energy,biofuel_cons_change_twh,biofuel_consumption,biofuel_cons_per_capita,carbon_intensity_elec,coal_share_elec,coal_cons_change_pct,coal_share_energy,coal_cons_change_twh,coal_consumption,coal_elec_per_capita,coal_cons_per_capita,coal_production,coal_prod_per_capita,electricity_demand,biofuel_electricity,coal_electricity,fossil_electricity,gas_electricity,hydro_electricity,nuclear_electricity,oil_electricity,other_renewable_exc_biofuel_electricity,other_renewable_electricity,renewables_electricity,solar_electricity,wind_electricity,electricity_generation,greenhouse_gas_emissions,energy_per_gdp,energy_per_capita,fossil_cons_change_pct,fossil_share_energy,fossil_cons_change_twh,fossil_fuel_consumption,fossil_energy_per_capita,fossil_cons_per_capita,fossil_share_elec,gdp,gas_share_elec,gas_cons_change_pct,gas_share_energy,gas_cons_change_twh,gas_consumption,gas_elec_per_capita,gas_energy_per_capita,gas_production,gas_prod_per_capita,hydro_share_elec,hydro_cons_change_pct,hydro_share_energy,hydro_cons_change_twh,hydro_consumption,hydro_elec_per_capita,hydro_energy_per_capita,low_carbon_share_elec,low_carbon_electricity,low_carbon_elec_per_capita,low_carbon_cons_change_pct,low_carbon_share_energy,low_carbon_cons_change_twh,low_carbon_consumption,low_carbon_energy_per_capita,net_elec_imports_share_demand,net_elec_imports,nuclear_share_elec,nuclear_cons_change_pct,nuclear_share_energy,nuclear_cons_change_twh,nuclear_consumption,nuclear_elec_per_capita,nuclear_energy_per_capita,oil_share_elec,oil_cons_change_pct,oil_share_energy,oil_cons_change_twh,oil_consumption,oil_elec_per_capita,oil_energy_per_capita,oil_production,oil_prod_per_capita,other_renewables_elec_per_capita_exc_biofuel,other_renewables_elec_per_capita,other_renewables_cons_change_pct,other_renewables_share_energy,other_renewables_cons_change_twh,other_renewable_consumption,other_renewables_share_elec_exc_biofuel,other_renewables_share_elec,other_renewables_energy_per_capita,per_capita_electricity,population,primary_energy_consumption,renewables_elec_per_capita,renewables_share_elec,renewables_cons_change_pct,renewables_share_energy,renewables_cons_change_twh,renewables_consumption,renewables_energy_per_capita,solar_share_elec,solar_cons_change_pct,solar_share_energy,solar_cons_change_twh,solar_consumption,solar_elec_per_capita,solar_energy_per_capita,wind_share_elec,wind_cons_change_pct,wind_share_energy,wind_cons_change_twh,wind_consumption,wind_elec_per_capita,wind_energy_per_capita
ITA,Italy,1900,,,,,,,,,,,,,,,,,,,,,,,,1.17,34.996,,,,,,,,,,,,,,,,,,,,,,,,,109905408000.0,,,,,,,,0.0,0.0,,,,,,,,,,,,,,,,,,,,,,,,,,,,,,,,0.023,0.696,,,,,,,,,,,33442744.0,,,,,,,,,,,,,,,,,,,,,,
ITA,Italy,1901,-11.25,-0.132,,0.0,0.0,0.0,,,,,,,,,,,,,,,,,,1.039,30.835,,,,,,,,,,,,,,,,,,,,,,,,,112370009000.0,,,,,,,,0.0,0.0,,,,,,,,,,,,,,,,,,,,,,,,,,,,,,,,0.023,0.691,,,,,,,,,,,33684844.0,,,,,,,,,,,,,,,,,,,,,,
ITA,Italy,1902,-1.719,-0.018,,0.0,50.0,0.012,,,,,,,,,,,,,,,,,,1.021,30.074,,,,,,,,,,,,,,,,,,,,,,,,,115173586000.0,,,,,,,,0.0,0.0,,,,,,,,,,,,,,,,,,,,,,,,,,,,,,,,0.035,1.028,,,,,,,,,,,33943753.0,,,,,,,,,,,,,,,,,,,,,,
ITA,Italy,1903,-15.444,-0.158,,0.0,-33.333,-0.012,,,,,,,,,,,,,,,,,,0.863,25.224,,,,,,,,,,,,,,,,,,,,,,,,,117151272000.0,,,,,,,,0.0,0.0,,,,,,,,,,,,,,,,,,,,,,,,,,,,,,,,0.023,0.68,,,,,,,,,,,34219691.0,,,,,,,,,,,,,,,,,,,,,,
ITA,Italy,1904,-23.067,-0.199,,0.0,100.0,0.023,,,,,,,,,,,,,,,,,,0.664,19.249,,,,,,,,,,,,,,,,,,,,,,,,,120148615000.0,,,,,,,,0.0,0.0,,,,,,,,,,,,,,,,,,,,,,,,,,,,,,,,0.047,1.348,,,,,,,,,,,34497872.0,,,,,,,,,,,,,,,,,,,,,,
ITA,Italy,1905,53.358,0.354,,0.0,50.0,0.023,,,,,,,,,,,,,,,,,,1.018,29.282,,,,,,,,,,,,,,,,,,,,,,,,,123658852000.0,,,,,,,,0.0,0.0,,,,,,,,,,,,,,,,,,,,,,,,,,,,,,,,0.07,2.006,,,,,,,,,,,34778313.0,,,,,,,,,,,,,,,,,,,,,,
ITA,Italy,1906,15.485,0.158,,0.0,16.667,0.012,,,,,,,,,,,,,,,,,,1.176,33.544,,,,,,,,,,,,,,,,,,,,,,,,,128904644000.0,,,,,,,,0.0,0.0,,,,,,,,,,,,,,,,,,,,,,,,,,,,,,,,0.081,2.322,,,,,,,,,,,35061033.0,,,,,,,,,,,,,,,,,,,,,,
ITA,Italy,1907,-3.661,-0.043,,0.0,14.286,0.012,,,,,,,,,,,,,,,,,,1.133,32.055,,,,,,,,,,,,,,,,,,,,,,,,,132267304000.0,,,,,,,,0.0,0.0,,,,,,,,,,,,,,,,,,,,,,,,,,,,,,,,0.093,2.632,,,,,,,,,,,35346051.0,,,,,,,,,,,,,,,,,,,,,,
ITA,Italy,1908,4.085,0.046,,0.0,-12.5,-0.012,,,,,,,,,,,,,,,,,,1.179,33.096,,,,,,,,,,,,,,,,,,,,,,,,,136236705000.0,,,,,,,,0.0,0.0,,,,,,,,,,,,,,,,,,,,,,,,,,,,,,,,0.081,2.285,,,,,,,,,,,35633384.0,,,,,,,,,,,,,,,,,,,,,,
ITA,Italy,1909,15.713,0.185,,0.0,-14.286,-0.012,,,,,,,,,,,,,,,,,,1.365,38.034,,,,,,,,,,,,,,,,,,,,,,,,,138550938000.0,,,,,,,,0.0,0.0,,,,,,,,,,,,,,,,,,,,,,,,,,,,,,,,0.07,1.945,,,,,,,,,,,35879156.0,,,,,,,,,,,,,,,,,,,,,,
ITA,Italy,1910,1.669,0.023,,0.0,16.667,0.012,,,,,,,,,,,,,,,,,,1.387,38.45,,,,,,,,,,,,,,,,,,,,,,,,,140034188000.0,,,,,,,,0.0,0.0,,,,,,,,,,,,,,,,,,,,,,,,,,,,,,,,0.081,2.256,,,,,,,,,,,36082944.0,,,,,,,,,,,,,,,,,,,,,,
ITA,Italy,1911,-0.703,-0.01,,0.0,42.857,0.035,,,,,,,,,,,,,,,,,,1.378,38.01,,,,,,,,,,,,,,,,,,,,,,,,,142868790000.0,,,,,,,,0.0,0.0,,,,,,,,,,,,,,,,,,,,,,,,,,,,,,,,0.116,3.209,,,,,,,,,,,36244325.0,,,,,,,,,,,,,,,,,,,,,,
ITA,Italy,1912,18.347,0.253,,0.0,-30.0,-0.035,,,,,,,,,,,,,,,,,,1.63,44.837,,,,,,,,,,,,,,,,,,,,,,,,,143956250000.0,,,,,,,,0.0,0.0,,,,,,,,,,,,,,,,,,,,,,,,,,,,,,,,0.081,2.239,,,,,,,,,,,36362869.0,,,,,,,,,,,,,,,,,,,,,,
ITA,Italy,1913,4.735,0.077,,0.0,0.0,0.0,,,,,,,,,,,,,,,,,,1.708,46.863,,,,,,,,,,,,,,,,,,,,,,,,,151115136000.0,,,,,,,,0.0,0.0,,,,,,,,,,,,,,,,,,,,,,,,,,,,,,,,0.081,2.234,,,,,,,,,,,36438143.0,,,,,,,,,,,,,,,,,,,,,,
ITA,Italy,1914,11.566,0.197,,0.0,-14.286,-0.012,,,,,,,,,,,,,,,,,,1.905,52.175,,,,,,,,,,,,,,,,,,,,,,,,,143912210000.0,,,,,,,,0.0,0.0,,,,,,,,,,,,,,,,,,,,,,,,,,,,,,,,0.07,1.911,,,,,,,,,,,36513572.0,,,,,,,,,,,,,,,,,,,,,,
ITA,Italy,1915,24.024,0.458,,0.0,0.0,0.0,,,,,,,,,,,,,,,,,,2.363,64.576,,,,,,,,,,,,,,,,,,,,,,,,,138330444000.0,,,,,,,,0.0,0.0,,,,,,,,,,,,,,,,,,,,,,,,,,,,,,,,0.07,1.907,,,,,,,,,,,36589157.0,,,,,,,,,,,,,,,,,,,,,,
ITA,Italy,1916,38.944,0.92,,0.0,16.667,0.012,,,,,,,,,,,,,,,,,,3.283,89.539,,,,,,,,,,,,,,,,,,,,,,,,,150355764000.0,,,,,,,,0.0,0.0,,,,,,,,,,,,,,,,,,,,,,,,,,,,,,,,0.081,2.22,,,,,,,,,,,36664897.0,,,,,,,,,,,,,,,,,,,,,,
ITA,Italy,1917,34.224,1.124,,0.0,-14.286,-0.012,,,,,,,,,,,,,,,,,,4.406,119.935,,,,,,,,,,,,,,,,,,,,,,,,,150214855000.0,,,,,,,,0.0,0.0,,,,,,,,,,,,,,,,,,,,,,,,,,,,,,,,0.07,1.899,,,,,,,,,,,36740792.0,,,,,,,,,,,,,,,,,,,,,,
ITA,Italy,1918,23.051,1.016,,0.0,-16.667,-0.012,,,,,,,,,,,,,,,,,,5.422,147.252,,,,,,,,,,,,,,,,,,,,,,,,,144677120000.0,,,,,,,,0.0,0.0,,,,,,,,,,,,,,,,,,,,,,,,,,,,,,,,0.058,1.579,,,,,,,,,,,36822942.0,,,,,,,,,,,,,,,,,,,,,,
ITA,Italy,1919,-45.898,-2.489,,0.0,0.0,0.0,,,,,,,,,,,,,,,,,,2.934,79.385,,,,,,,,,,,,,,,,,,,,,,,,,137862250000.0,,,,,,,,0.0,0.0,,,,,,,,,,,,,,,,,,,,,,,,,,,,,,,,0.058,1.574,,,,,,,,,,,36953258.0,,,,,,,,,,,,,,,,,,,,,,
ITA,Italy,1920,72.841,2.137,,0.0,0.0,0.0,,,,,,,,,,,,,,,,,,5.07,136.548,,,,,,,,,,,,,,,,,,,,,,,,,141701022000.0,,,,,,,,0.0,0.0,,,,,,,,,,,,,,,,,,,,,,,,,,,,,,,,0.058,1.566,,,,,,,,,,,37132267.0,,,,,,,,,,,,,,,,,,,,,,
ITA,Italy,1921,-32.213,-1.633,,0.0,-20.0,-0.012,,,,,,,,,,,,,,,,,,3.437,91.996,,,,,,,,,,,,,,,,,,,,,,,,,137949060000.0,,,,,,,,0.0,0.0,,,,,,,,,,,,,,,,,,,,,,,,,,,,,,,,0.047,1.245,,,,,,,,,,,37360499.0,,,,,,,,,,,,,,,,,,,,,,
ITA,Italy,1922,-0.536,-0.018,,0.0,0.0,0.0,,,,,,,,,,,,,,,,,,3.419,90.827,,,,,,,,,,,,,,,,,,,,,,,,,149601808000.0,,,,,,,,0.0,0.0,,,,,,,,,,,,,,,,,,,,,,,,,,,,,,,,0.047,1.236,,,,,,,,,,,37638491.0,,,,,,,,,,,,,,,,,,,,,,
ITA,Italy,1923,9.834,0.336,,0.0,25.0,0.012,,,,,,,,,,,,,,,,,,3.755,98.897,,,,,,,,,,,,,,,,,,,,,,,,,163378080000.0,,,,,,,,0.0,0.0,,,,,,,,,,,,,,,,,,,,,,,,,,,,,,,,0.058,1.532,,,,,,,,,,,37966783.0,,,,,,,,,,,,,,,,,,,,,,
ITA,Italy,1924,-12.723,-0.478,,0.0,0.0,0.0,,,,,,,,,,,,,,,,,,3.277,85.568,,,,,,,,,,,,,,,,,,,,,,,,,167814440000.0,,,,,,,,0.0,0.0,,,,,,,,,,,,,,,,,,,,,,,,,,,,,,,,0.058,1.518,,,,,,,,,,,38297938.0,,,,,,,,,,,,,,,,,,,,,,
ITA,Italy,1925,29.39,0.963,,0.0,60.0,0.035,,,,,,,,,,,,,,,,,,4.24,109.759,,,,,,,,,,,,,,,,,,,,,,,,,179375700000.0,,,,,,,,0.0,0.0,,,,,,,,,,,,,,,,,,,,,,,,,,,,,,,,0.093,2.408,,,,,,,,,,,38631982.0,,,,,,,,,,,,,,,,,,,,,,
ITA,Italy,1926,8.67,0.368,,0.0,-37.5,-0.035,,,,,,,,,,,,,,,,,,4.608,118.244,,,,,,,,,,,,,,,,,,,,,,,,,180761152000.0,,,,,,,,0.0,0.0,,,,,,,,,,,,,,,,,,,,,,,,,,,,,,,,0.058,1.492,,,,,,,,,,,38968940.0,,,,,,,,,,,,,,,,,,,,,,
ITA,Italy,1927,-68.819,-3.171,,0.0,20.0,0.012,,,,,,,,,,,,,,,,,,1.437,36.551,,,,,,,,,,,,,,,,,,,,,,,,,177482992000.0,,,,,,,,0.0,0.0,,,,,,,,,,,,,,,,,,,,,,,,,,,,,,,,0.07,1.775,,,,,,,,,,,39308836.0,,,,,,,,,,,,,,,,,,,,,,
ITA,Italy,1928,91.995,1.322,,0.0,0.0,0.0,,,,,,,,,,,,,,,,,,2.759,69.57,,,,,,,,,,,,,,,,,,,,,,,,,188592898000.0,,,,,,,,0.0,0.0,,,,,,,,,,,,,,,,,,,,,,,,,,,,,,,,0.07,1.76,,,,,,,,,,,39651697.0,,,,,,,,,,,,,,,,,,,,,,
ITA,Italy,1929,35.019,0.966,,0.0,0.0,0.0,,,,,,,,,,,,,,,,,,3.725,93.127,,,,,,,,,,,,,,,,,,,,,,,,,197852941000.0,,,,,,,,0.0,0.0,,,,,,,,,,,,,,,,,,,,,,,,,,,,,,,,0.07,1.745,,,,,,,,,,,39994786.0,,,,,,,,,,,,,,,,,,,,,,
ITA,Italy,1930,-11.671,-0.435,,0.0,33.333,0.023,,,,,,,,,,,,,,,,,,3.29,81.557,,,,,,,,,,,,,,,,,,,,,,,,,188903121000.0,,,,,,,,0.0,0.0,,,,,,,,,,,,,,,,,,,,,,,,,,,,,,,,0.093,2.307,,,,,,,,,,,40338080.0,,,,,,,,,,,,,,,,,,,,,,
ITA,Italy,1931,-14.549,-0.479,,0.0,100.0,0.093,,,,,,,,,,,,,,,,,,2.811,69.103,,,,,,,,,,,,,,,,,,,,,,,,,186657016000.0,,,,,,,,0.0,0.0,,,,,,,,,,,,,,,,,,,,,,,,,,,,,,,,0.186,4.574,,,,,,,,,,,40681558.0,,,,,,,,,,,,,,,,,,,,,,
ITA,Italy,1932,6.543,0.184,,0.0,68.75,0.128,,,,,,,,,,,,,,,,,,2.995,73.008,,,,,,,,,,,,,,,,,,,,,,,,,190665462000.0,,,,,,,,0.0,0.0,,,,,,,,,,,,,,,,,,,,,,,,,,,,,,,,0.314,7.654,,,,,,,,,,,41025199.0,,,,,,,,,,,,,,,,,,,,,,
ITA,Italy,1933,22.042,0.66,,0.0,0.0,0.0,,,,,,,,,,,,,,,,,,3.655,88.36,,,,,,,,,,,,,,,,,,,,,,,,,188473042000.0,,,,,,,,0.0,0.0,,,,,,,,,,,,,,,,,,,,,,,,,,,,,,,,0.314,7.59,,,,,,,,,,,41368979.0,,,,,,,,,,,,,,,,,,,,,,
ITA,Italy,1934,22.38,0.818,,0.0,-25.926,-0.081,,,,,,,,,,,,,,,,,,4.473,107.237,,,,,,,,,,,,,,,,,,,,,,,,,187987338000.0,,,,,,,,0.0,0.0,,,,,,,,,,,,,,,,,,,,,,,,,,,,,,,,0.233,5.576,,,,,,,,,,,41715641.0,,,,,,,,,,,,,,,,,,,,,,
ITA,Italy,1935,24.446,1.094,,0.0,-20.0,-0.047,,,,,,,,,,,,,,,,,,5.567,132.343,,,,,,,,,,,,,,,,,,,,,,,,,198143430000.0,,,,,,,,0.0,0.0,,,,,,,,,,,,,,,,,,,,,,,,,,,,,,,,0.186,4.424,,,,,,,,,,,42065207.0,,,,,,,,,,,,,,,,,,,,,,
ITA,Italy,1936,74.653,4.156,,0.0,0.0,0.0,,,,,,,,,,,,,,,,,,9.723,229.22,,,,,,,,,,,,,,,,,,,,,,,,,191135250000.0,,,,,,,,0.0,0.0,,,,,,,,,,,,,,,,,,,,,,,,,,,,,,,,0.186,4.387,,,,,,,,,,,42417703.0,,,,,,,,,,,,,,,,,,,,,,
ITA,Italy,1937,33.086,3.217,,0.0,-12.5,-0.023,,,,,,,,,,,,,,,,,,12.94,302.524,,,,,,,,,,,,,,,,,,,,,,,,,210128772000.0,,,,,,,,0.0,0.0,,,,,,,,,,,,,,,,,,,,,,,,,,,,,,,,0.163,3.807,,,,,,,,,,,42773152.0,,,,,,,,,,,,,,,,,,,,,,
ITA,Italy,1938,18.343,2.374,,0.0,-7.143,-0.012,,,,,,,,,,,,,,,,,,15.313,355.041,,,,,,,,,,,,,,,,,,,,,,,,,216270039000.0,,,,,,,,0.0,0.0,,,,,,,,,,,,,,,,,,,,,,,,,,,,,,,,0.151,3.505,,,,,,,,,,,43131580.0,,,,,,,,,,,,,,,,,,,,,,
ITA,Italy,1939,39.62,6.067,,0.0,-7.692,-0.012,,,,,,,,,,,,,,,,,,21.381,491.818,,,,,,,,,,,,,,,,,,,,,,,,,230115790000.0,,,,,,,,0.0,0.0,,,,,,,,,,,,,,,,,,,,,,,,,,,,,,,,0.14,3.21,,,,,,,,,,,43472712.0,,,,,,,,,,,,,,,,,,,,,,
ITA,Italy,1940,25.789,5.514,,0.0,-91.667,-0.128,,,,,,,,,,,,,,,,,,26.895,614.084,,,,,,,,,,,,,,,,,,,,,,,,,226094759000.0,,,,,,,,0.0,0.0,,,,,,,,,,,,,,,,,,,,,,,,,,,,,,,,0.012,0.266,,,,,,,,,,,43796279.0,,,,,,,,,,,,,,,,,,,,,,
ITA,Italy,1941,1.882,0.506,,0.0,1100.0,0.128,,,,,,,,,,,,,,,,,,27.401,621.305,,,,,,,,,,,,,,,,,,,,,,,,,222193778000.0,,,,,,,,0.0,0.0,,,,,,,,,,,,,,,,,,,,,,,,,,,,,,,,0.14,3.164,,,,,,,,,,,44102010.0,,,,,,,,,,,,,,,,,,,,,,
ITA,Italy,1942,6.422,1.76,,0.0,8.333,0.012,,,,,,,,,,,,,,,,,,29.161,656.922,,,,,,,,,,,,,,,,,,,,,,,,,209763644000.0,,,,,,,,0.0,0.0,,,,,,,,,,,,,,,,,,,,,,,,,,,,,,,,0.151,3.406,,,,,,,,,,,44389632.0,,,,,,,,,,,,,,,,,,,,,,
ITA,Italy,1943,-42.714,-12.456,,0.0,-15.385,-0.023,,,,,,,,,,,,,,,,,,16.705,374.055,,,,,,,,,,,,,,,,,,,,,,,,,177590787000.0,,,,,,,,0.0,0.0,,,,,,,,,,,,,,,,,,,,,,,,,,,,,,,,0.128,2.865,,,,,,,,,,,44658866.0,,,,,,,,,,,,,,,,,,,,,,
ITA,Italy,1944,-56.289,-9.403,,0.0,-36.364,-0.047,,,,,,,,,,,,,,,,,,7.302,162.518,,,,,,,,,,,,,,,,,,,,,,,,,143206980000.0,,,,,,,,0.0,0.0,,,,,,,,,,,,,,,,,,,,,,,,,,,,,,,,0.081,1.812,,,,,,,,,,,44929734.0,,,,,,,,,,,,,,,,,,,,,,
ITA,Italy,1945,33.797,2.468,,0.0,0.0,0.0,,,,,,,,,,,,,,,,,,9.77,216.133,,,,,,,,,,,,,,,,,,,,,,,,,128646302000.0,,,,,,,,0.0,0.0,,,,,,,,,,,,,,,,,,,,,,,,,,,,,,,,0.081,1.801,,,,,,,,,,,45202244.0,,,,,,,,,,,,,,,,,,,,,,
ITA,Italy,1946,37.501,3.664,,0.682,57.143,0.047,,,,,,,,,,,,,,,,,,13.433,295.393,,,,,,,,,,,,,,,,,,,,,,,,,173983625000.0,,,,,,,,0.682,15.001,,,,,,,,,,,,,,,,,,,,,,,,,,,,,,,,0.128,2.813,,,,,,,,,,,45476408.0,,,,,,,,,,,,,,,,,,,,,,
ITA,Italy,1947,15.743,2.115,46.875,0.32,-9.091,-0.012,,,,,,,,,,,,,,,,,,15.548,339.837,,,,,,,,,,,,,,,,,,,,,,,,,207087920000.0,,,,,,,,1.002,21.9,,,,,,,,,,,,,,,,,,,,,,,,,,,,,,,,0.116,2.542,,,,,,,,,,,45752234.0,,,,,,,,,,,,,,,,,,,,,,
ITA,Italy,1948,-34.925,-5.43,24.468,0.245,-10.0,-0.012,,,,,,,,,,,,,,,,,,10.118,219.815,,,,,,,,,,,,,,,,,,,,,,,,,223278134000.0,,,,,,,,1.247,27.094,,,,,,,,,,,,,,,,,,,,,,,,,,,,,,,,0.105,2.274,,,,,,,,,,,46029733.0,,,,,,,,,,,,,,,,,,,,,,
ITA,Italy,1949,9.625,0.974,112.821,1.407,0.0,0.0,,,,,,,,,,,,,,,,,,11.092,239.504,,,,,,,,,,,,,,,,,,,,,,,,,242450804000.0,,,,,,,,2.654,57.311,,,,,,,,,,,,,,,,,,,,,,,,,,,,,,,,0.105,2.26,,,,,,,,,,,46311839.0,,,,,,,,,,,,,,,,,,,,,,
ITA,Italy,1950,-7.16,-0.794,104.819,2.782,-11.111,-0.012,,,,,,,,,,,,,,,,,,10.298,220.986,,,,,,,,,,,,,,,,,,,,,,,,,262940110000.0,,,,,,,,5.436,116.661,,,,,,,,,,,,,,,,,,,,,,,,,,,,,,,,0.093,1.997,,,,,,,,,,,46598596.0,,,,,,,,,,,,,,,,,,,,,,
ITA,Italy,1951,13.072,1.346,89.412,4.861,125.0,0.116,,,,,,,,,,,,,,,,,,11.644,247.687,,,,,,,,,,,,,,,,,,,,,,,,,282516444000.0,,,,,,,,10.297,219.036,,,,,,,,,,,,,,,,,,,,,,,,,,,,,,,,0.209,4.453,,,,,,,,,,,47009980.0,,,,,,,,,,,,,,,,,,,,,,
ITA,Italy,1952,-5.998,-0.698,48.344,4.978,255.556,0.535,,,,,,,,,,,,,,,,,,10.945,230.961,,,,,,,,,,,,,,,,,,,,,,,,,303680086000.0,,,,,,,,15.275,322.317,,,,,,,,,,,,,,,,,,,,,,,,,,,,,,,,0.744,15.706,,,,,,,,,,,47390572.0,,,,,,,,,,,,,,,,,,,,,,
ITA,Italy,1953,1.008,0.11,59.107,9.028,32.812,0.244,,,,,,,,,,,,,,,,,,11.056,231.593,,,,,,,,,,,,,,,,,,,,,,,,,325628030000.0,,,,,,,,24.303,509.102,,,,,,,,,,,,,,,,,,,,,,,,,,,,,,,,0.989,20.708,,,,,,,,,,,47737392.0,,,,,,,,,,,,,,,,,,,,,,
ITA,Italy,1954,-6.711,-0.742,30.132,7.323,-15.294,-0.151,,,,,,,,,,,,,,,,,,10.314,214.64,,,,,,,,,,,,,,,,,,,,,,,,,342536508000.0,,,,,,,,31.626,658.178,,,,,,,,,,,,,,,,,,,,,,,,,,,,,,,,0.837,17.426,,,,,,,,,,,48051040.0,,,,,,,,,,,,,,,,,,,,,,
ITA,Italy,1955,-0.504,-0.052,22.245,7.035,183.333,1.535,,,,,,,,,,,,,,,,,,10.262,212.3,,,,,,,,,,,,,,,,,,,,,,,,,362461749000.0,,,,,,,,38.661,799.851,,,,,,,,,,,,,,,,,,,,,,,,,,,,,,,,2.373,49.084,,,,,,,,,,,48335580.0,,,,,,,,,,,,,,,,,,,,,,
ITA,Italy,1956,-4.958,-0.509,23.104,8.932,178.922,4.245,,,,,,,,,,,,,,,,,,9.753,200.682,,,,,,,,,,,,,,,,,,,,,,,,,378893145000.0,,,,,,,,47.594,979.317,,,,,,,,,,,,,,,,,,,,,,,,,,,,,,,,6.617,136.165,,,,,,,,,,,48598904.0,,,,,,,,,,,,,,,,,,,,,,
ITA,Italy,1957,-4.674,-0.456,11.691,5.564,121.793,8.06,,,,,,,,,,,,,,,,,,9.297,190.309,,,,,,,,,,,,,,,,,,,,,,,,,401226756000.0,,,,,,,,53.158,1088.132,,,,,,,,,,,,,,,,,,,,,,,,,,,,,,,,14.677,300.437,,,,,,,,,,,48852436.0,,,,,,,,,,,,,,,,,,,,,,
ITA,Italy,1958,-14.809,-1.377,3.77,2.004,22.504,3.303,,,,,,,,,,,,,,,,,,7.92,161.275,,,,,,,,,,,,,,,,,,,,,,,,,422722944000.0,,,,,,,,55.162,1123.222,,,,,,,,,,,,,,,,,,,,,,,,,,,,,,,,17.98,366.114,,,,,,,,,,,49110364.0,,,,,,,,,,,,,,,,,,,,,,
ITA,Italy,1959,13.579,1.075,18.203,10.041,9.638,1.733,,,,,,,,,,,,,,,,,,8.996,182.142,,,,,,,,,,,,,,,,,,,,,,,,,449036152000.0,,,,,,,,65.203,1320.207,,,,,,,,,,,,,,,,,,,,,,,,,,,,,,,,19.713,399.14,,,,,,,,,,,49388396.0,,,,,,,,,,,,,,,,,,,,,,
ITA,Italy,1960,-11.782,-1.06,5.395,3.518,17.876,3.524,,,,,,,,,,,,,,,,,,7.936,159.676,,,,,,,,,,,,,,,,,,,,,,,,,473363368000.0,,,,,,,,68.72,1382.707,,,,,,,,,,,,,,,,,,,,,,,,,,,,,,,,23.237,467.541,,,,,,,,,,,49699944.0,,,,,,,,,,,,,,,,,,,,,,
ITA,Italy,1961,22.972,1.823,6.453,4.434,-1.301,-0.302,,,,,,,,,,,,,,,,,,9.759,194.975,,,,,,,,,,,,,,,,,,,,,,,,,513214665600.0,,,,,,,,73.155,1461.569,,,,,,,,,,,,,,,,,,,,,,,,,,,,,,,,22.934,458.209,,,,,,,,,,,50052176.0,,,,,,,,,,,,,,,,,,,,,,
ITA,Italy,1962,2.184,0.213,4.196,3.07,-8.418,-1.931,,,,,,,,,,,,,,,,,,9.972,197.691,,,,,,,,,,,,,,,,,,,,,,,,,553275702400.0,,,,,,,,76.225,1511.123,,,,,,,,,,,,,,,,,,,,,,,,,,,,,,,,21.004,416.392,,,,,,,,,,,50442352.0,,,,,,,,,,,,,,,,,,,,,,
ITA,Italy,1963,-18.76,-1.871,1.636,1.247,-1.218,-0.256,,,,,,,,,,,,,,,,,,8.101,159.297,,,,,,,,,,,,,,,,,,,,,,,,,592671520800.0,,,,,,,,77.472,1523.343,,,,,,,,,,,,,,,,,,,,,,,,,,,,,,,,20.748,407.971,,,,,,,,,,,50856408.0,,,,,,,,,,,,,,,,,,,,,,
ITA,Italy,1964,-16.462,-1.334,8.2,6.353,49.608,10.293,,,,,,,,,,,,,,,,,,6.768,131.991,,,,,,,,,,,,,,,,,,,,,,,,,615796786800.0,,,,,,,,83.825,1634.862,,,,,,,,,,,,,,,,,,,,,,,,,,,,,,,,31.04,605.394,,,,,,,,,,,51273236.0,,,,,,,,,,,,,,,,,,,,,,
ITA,Italy,1965,-14.007,-0.948,-0.788,-0.661,-14.65,-4.547,,,,,,,,,,,,,10.899,,100.32,,1941.289,5.82,112.615,,,,,,42.634,3.51,,,2.676,45.31,0.0,0.0,,,1.462,17810.871,,85.266,,784.806,15186.689,,,629615768100.0,,,8.012,,73.747,,1427.07,83.164,1609.292,,,12.867,,118.428,825.005,2291.683,,48.82,944.71,,14.734,,135.611,2624.196,,,,,1.059,,9.75,67.922,188.671,,,66.355,,610.738,,11818.33,26.493,512.665,,51.783,,0.808,,7.433,,,143.842,,51677248.0,920.417,876.788,,,13.674,,125.861,2435.525,,,0.0,,0.0,0.0,0.0,,,0.0,,0.0,0.0,0.0
ITA,Italy,1966,3.554,0.207,12.728,10.585,-18.788,-4.978,8.623,79.367,,,,,,,,,,4.011,10.437,4.024,104.344,,2004.205,6.026,115.754,,,,,,43.72,3.863,,,3.351,47.071,0.0,0.0,,,1.509,19203.434,9.365,85.849,73.495,858.301,16485.893,,,662465724400.0,,9.186,8.054,6.774,80.521,,1546.62,93.748,1800.682,,2.547,12.147,3.017,121.445,839.756,2332.657,,50.934,978.319,4.33,14.151,5.872,141.483,2717.556,,,,10.057,1.073,0.981,10.731,74.199,206.108,,10.266,67.358,62.696,673.435,,12935.068,21.516,413.261,,64.365,25.224,0.931,1.875,9.308,,,178.791,,52062752.0,999.784,904.12,,3.887,13.078,4.892,130.753,2511.448,,,0.0,0.0,0.0,0.0,0.0,,,0.0,0.0,0.0,0.0,0.0
ITA,Italy,1967,44.435,2.678,5.742,5.383,-6.865,-1.477,8.392,83.9,,,,,,,,,,9.585,10.552,10.002,114.346,,2180.787,8.704,166.008,,,,,,42.34,3.152,,,3.475,45.815,0.0,0.0,,,1.527,20667.784,10.412,87.448,89.364,947.665,18073.665,,,709741839600.0,,9.23,8.116,7.432,87.953,,1677.427,99.131,1890.613,,-3.156,10.853,-3.833,117.611,807.499,2243.056,,48.967,933.888,-3.862,12.552,-5.464,136.02,2594.136,,,,-18.405,0.808,-1.975,8.756,60.114,166.984,,10.681,68.781,71.93,745.365,,14215.451,20.038,382.17,,66.274,3.7,0.891,0.344,9.653,,,184.096,,52433476.0,1083.684,873.774,,-2.668,11.744,-3.489,127.264,2427.152,,,0.0,0.0,0.0,0.0,0.0,,,0.0,0.0,0.0,0.0,0.0
ITA,Italy,1968,-17.43,-1.517,11.849,11.747,-5.572,-1.116,8.116,87.955,,,,,,,,,,-3.153,9.452,-3.605,110.741,,2097.584,7.187,136.135,,,,,,42.677,2.576,,,3.617,46.294,0.0,0.0,,,1.524,22192.423,9.31,88.414,88.224,1035.89,19621.15,,,768994525800.0,,17.441,8.816,15.34,103.294,,1956.52,110.878,2100.178,,0.796,10.118,0.936,118.547,808.36,2245.447,,48.87,925.664,-0.198,11.586,-0.269,135.75,2571.291,,,,-18.274,0.611,-1.6,7.156,48.793,135.536,,10.262,70.146,76.49,821.854,,15567.046,18.922,358.408,,68.511,4.086,0.858,0.394,10.047,,,190.308,,52794536.0,1171.639,876.871,,1.046,10.976,1.331,128.595,2435.755,,,0.0,0.0,0.0,0.0,0.0,,,0.0,0.0,0.0,0.0,0.0
ITA,Italy,1969,-0.102,-0.007,14.978,16.607,-2.213,-0.419,7.709,90.318,,,,,,,,,,2.647,9.008,2.931,113.672,,2138.512,7.18,135.074,,,,,,41.166,1.679,,,3.812,44.978,0.0,0.0,,,1.552,23741.257,9.312,89.73,96.465,1132.355,21303.05,,,812977616000.0,,9.796,8.987,10.118,113.412,,2133.623,127.485,2398.385,,-3.541,9.061,-4.197,114.35,774.458,2151.275,,46.657,877.761,-4.528,10.27,-6.147,129.603,2438.226,,,,-34.821,0.37,-2.492,4.664,31.587,87.742,,10.15,71.735,83.416,905.27,,17030.914,18.503,348.104,,71.715,5.391,0.839,0.542,10.589,,,199.21,,53154576.0,1261.956,846.174,,-2.843,9.9,-3.656,124.939,2350.484,,,0.0,0.0,0.0,0.0,0.0,,,0.0,0.0,0.0,0.0,0.0
ITA,Italy,1970,-16.461,-1.182,-1.31,-1.67,-5.594,-1.035,10.457,131.957,,,,,,,,,,0.982,8.235,1.116,114.788,,2144.813,5.998,112.072,,,,,,40.373,3.176,,,4.228,44.601,0.0,0.0,,,1.677,26045.22,11.379,90.479,128.846,1261.2,23565.484,,,831317761200.0,,7.883,8.778,8.94,122.352,,2286.145,125.816,2350.858,,-1.926,8.045,-2.203,112.147,754.368,2095.469,,47.777,892.712,2.4,9.521,3.111,132.714,2479.756,,,,89.16,0.633,4.158,8.822,59.343,164.843,,13.122,73.466,118.789,1024.059,,19134.526,17.468,326.394,,79.0,10.913,0.843,1.156,11.744,,,219.445,,53518964.0,1393.913,833.368,,-0.838,8.888,-1.047,123.892,2314.913,,,0.0,0.0,0.0,0.0,0.0,,,0.0,0.0,0.0,0.0,0.0
ITA,Italy,1971,24.422,1.465,1.897,2.386,-9.92,-1.733,5.333,74.339,,,,,,,,,,-3.394,7.553,-3.896,110.892,,2057.793,7.463,138.486,,,,,,39.079,3.365,,,4.209,43.288,0.0,0.0,,,1.734,27245.915,6.142,91.174,77.461,1338.661,24841.141,,,846968256500.0,,3.306,8.609,4.046,126.398,,2345.523,128.202,2379.007,,-3.205,7.393,-3.594,108.553,725.177,2014.383,,46.653,865.726,-2.353,8.826,-3.122,129.592,2404.796,,,,5.951,0.637,0.525,9.347,62.443,173.454,,7.55,75.012,77.312,1101.371,,20437.825,15.735,291.997,,78.105,-0.449,0.796,-0.053,11.692,,,216.959,,53888880.0,1468.252,803.283,,-2.944,8.19,-3.647,120.245,2231.342,,,0.0,0.0,0.0,0.0,0.0,,,0.0,0.0,0.0,0.0,0.0
ITA,Italy,1972,-37.776,-2.819,5.984,7.671,-10.569,-1.663,4.879,71.642,,,,,,,,,,-6.943,6.701,-7.699,103.193,,1901.87,4.644,85.583,,,,,,41.348,3.626,,,3.807,45.155,0.0,0.0,,,1.766,28380.564,4.91,91.201,65.731,1404.392,25883.24,,,871751818740.0,,14.675,9.413,18.549,144.946,,2671.392,135.873,2504.173,,5.806,7.459,6.303,114.856,762.052,2116.814,,48.781,899.044,4.561,8.799,5.911,135.503,2497.347,,,,7.756,0.654,0.725,10.072,66.828,185.633,,4.983,75.086,54.881,1156.252,,21309.978,14.072,259.355,,70.164,-9.551,0.687,-1.117,10.575,,,194.9,,54258740.0,1539.894,832.216,,4.313,8.145,5.186,125.431,2311.713,,,0.0,0.0,0.0,0.0,0.0,,,0.0,0.0,0.0,0.0,0.0
ITA,Italy,1973,13.819,0.642,8.007,10.879,-8.678,-1.221,4.436,68.303,,,,,,,,,,1.465,6.511,1.512,104.705,,1916.998,5.285,96.767,,,,,,37.523,3.142,,,3.845,41.368,0.0,0.0,,,1.731,29443.771,5.708,92.312,80.167,1484.559,27180.142,,,928806488850.0,,12.34,10.125,17.887,162.833,,2981.246,146.752,2686.828,,-9.251,6.481,-10.625,104.231,686.992,1908.314,,44.51,814.914,-8.755,7.688,-11.864,123.639,2263.653,,,,-13.348,0.543,-1.344,8.728,57.526,159.793,,5.256,75.676,60.768,1217.019,,22281.898,12.851,235.286,,70.396,0.998,0.664,0.106,10.681,,,195.546,,54619240.0,1608.196,757.389,,-8.387,7.145,-10.519,114.911,2103.859,,,0.0,0.0,0.0,0.0,0.0,,,0.0,0.0,0.0,0.0,0.0
ITA,Italy,1974,-9.412,-0.497,-0.183,-0.268,-0.09,-0.012,-0.044,-0.713,,,,,,,,,,8.897,7.093,9.316,114.021,,2074.694,4.788,87.12,,,,,,37.795,3.41,,,4.245,42.04,0.0,0.0,,,1.653,29249.422,-0.224,92.146,-3.324,1481.235,26952.226,,,972368742213.0,,12.468,11.393,20.302,183.135,,3332.292,146.484,2665.4,,0.725,6.531,0.756,104.986,687.71,1910.306,,45.45,826.998,2.112,7.854,2.611,126.25,2297.219,,,,8.53,0.589,0.744,9.472,62.048,172.355,,-2.707,73.66,-32.941,1184.078,,21545.241,12.84,233.625,,77.241,10.403,0.734,1.111,11.792,,,214.559,,54957796.0,1607.484,764.951,,1.624,7.265,1.867,116.778,2124.865,,,0.0,0.0,0.0,0.0,0.0,,,0.0,0.0,0.0,0.0,0.0
ITA,Italy,1975,4.736,0.227,-4.687,-6.866,11.866,1.524,-2.145,-34.48,,,,,,,,,,0.265,7.268,0.302,114.323,,2068.622,5.015,90.738,,,,,,41.021,3.8,,,3.986,45.007,0.0,0.0,,,1.653,28462.78,-2.957,91.381,-43.805,1437.43,26009.633,,,951557540962.0,,15.233,13.416,27.897,211.032,,3818.526,139.618,2526.328,,8.536,7.244,8.961,113.947,742.256,2061.825,,48.807,883.14,7.386,8.619,9.325,135.575,2453.17,,,,11.437,0.671,1.083,10.556,68.759,190.998,,-6.081,70.697,-72.004,1112.074,,20122.484,14.363,259.893,,72.125,-6.101,0.704,-0.719,11.072,,,200.347,,55265280.0,1573.003,814.381,,7.058,7.948,8.242,125.02,2262.172,,,0.0,0.0,0.0,0.0,0.0,,,0.0,0.0,0.0,0.0,0.0
ITA,Italy,1976,-1.232,-0.062,7.456,10.41,4.696,0.675,5.593,87.972,,,,,,,,,,-0.844,6.825,-0.965,113.358,,2041.085,4.953,89.18,,,,,,39.176,3.807,,,3.812,42.988,0.0,0.0,,,1.639,29907.033,6.509,92.174,93.561,1530.99,27566.563,,,1013301912792.0,,21.082,15.384,44.489,255.521,,4600.835,150.029,2701.373,,-4.498,6.552,-5.125,108.822,705.392,1959.422,,46.795,842.577,-4.122,7.826,-5.589,129.986,2340.493,,,,0.184,0.637,0.019,10.575,68.548,190.41,,4.499,69.966,50.037,1162.111,,20924.643,15.038,270.762,,68.638,-4.365,0.638,-0.483,10.589,,,190.661,,55537952.0,1660.975,774.029,,-4.486,7.189,-5.608,119.411,2150.083,,,0.0,0.0,0.0,0.0,0.0,,,0.0,0.0,0.0,0.0,0.0
ITA,Italy,1977,-9.058,-0.449,-12.275,-18.417,-3.635,-0.547,0.202,3.357,,,,,,,,,,-1.662,6.698,-1.884,111.474,,1998.528,4.504,80.753,,,,,,51.139,3.385,,,3.73,54.869,0.0,0.0,,,1.596,29838.574,-1.86,90.277,-28.473,1502.517,26937.505,,,1042645897755.0,,2.126,15.679,5.433,260.954,,4678.444,131.612,2359.573,,30.537,8.535,33.231,142.053,916.833,2546.76,,58.254,1044.392,24.488,9.723,31.831,161.817,2901.092,,,,-11.085,0.565,-1.172,9.403,60.687,168.576,,-2.756,67.9,-32.022,1130.089,,20260.533,14.491,259.798,,66.872,-2.151,0.623,-0.228,10.361,,,185.757,,55777884.0,1664.332,983.705,,27.638,9.158,33.003,152.414,2732.517,,,0.0,0.0,0.0,0.0,0.0,,,0.0,0.0,0.0,0.0,0.0
ITA,Italy,1978,1.118,0.05,-0.119,-0.157,19.502,2.826,2.528,42.079,,,,,,,,,,1.721,6.645,1.919,113.392,,2025.266,4.555,81.348,,,,,,45.491,4.428,,,3.811,49.302,0.0,0.0,,,1.578,30477.637,3.637,91.254,54.646,1557.163,27811.956,,,1081497949890.0,,-1.479,15.066,-3.86,257.094,,4591.867,131.455,2347.873,,-11.044,7.405,-15.689,126.364,812.499,2256.944,,53.73,959.653,-7.766,8.746,-12.567,149.25,2665.705,,,,30.812,0.721,2.897,12.3,79.087,219.686,,5.007,69.542,56.587,1186.676,,21194.823,17.317,309.294,,68.067,2.172,0.62,0.225,10.586,,,189.075,,55988984.0,1706.412,880.566,,-10.146,8.026,-15.464,136.95,2446.019,,,0.0,0.0,0.0,0.0,0.0,,,0.0,0.0,0.0,0.0,0.0
ITA,Italy,1979,-24.411,-1.112,-2.432,-3.196,15.312,2.652,3.145,53.663,,,,,,,,,,9.744,7.07,11.049,124.441,,2215.128,3.443,61.284,,,,,,45.947,2.628,,,3.825,49.772,0.0,0.0,,,1.54,31330.414,3.683,91.73,57.358,1614.521,28739.459,,,1142855320250.0,,2.738,15.007,7.04,264.134,,4701.751,128.258,2283.08,,1.002,7.251,1.267,127.631,817.885,2271.904,,52.4,932.752,-2.475,8.27,-3.694,145.556,2590.98,,,,-40.65,0.415,-5.0,7.3,46.78,129.945,,3.309,69.653,39.269,1225.945,,21822.581,19.969,355.455,,68.087,0.367,0.604,0.039,10.625,,,189.132,,56177844.0,1760.075,885.972,,0.953,7.855,1.306,138.256,2461.035,,,0.0,0.0,0.0,0.0,0.0,,,0.0,0.0,0.0,0.0,0.0
ITA,Italy,1980,190.643,6.563,-6.941,-8.902,-0.582,-0.116,-2.569,-45.216,,,,,,,,,,17.327,8.514,21.562,146.003,,2591.035,10.006,177.574,,,,,,45.244,2.208,,,3.96,49.204,0.0,0.0,,,1.449,30432.633,-2.631,91.672,-42.472,1572.049,27898.267,,,1183161685873.0,,-0.746,15.288,-1.97,262.164,,4652.475,119.356,2118.148,,-1.53,7.329,-1.953,125.678,802.92,2230.334,,51.412,912.38,-1.885,8.328,-2.744,142.811,2534.39,,,,-15.982,0.358,-1.167,6.133,39.184,108.845,,-5.062,67.87,-62.063,1163.881,,20654.757,19.852,352.309,,70.276,3.529,0.641,0.375,11.0,,,195.211,,56349352.0,1714.859,873.195,,-1.141,7.97,-1.578,136.678,2425.545,,,0.0,0.0,0.0,0.0,0.0,,,0.0,0.0,0.0,0.0,0.0
ITA,Italy,1981,-5.599,-0.56,12.067,14.402,-12.888,-2.559,-2.076,-35.6,,,,,,,,,,2.485,8.911,3.629,149.632,,2648.092,9.446,167.169,,,,,,43.034,2.707,,,3.469,46.503,0.0,0.0,,,1.412,29718.527,-1.875,91.86,-29.483,1542.566,27299.412,,,1188868871049.0,,-3.038,15.138,-7.965,254.199,,4498.661,133.759,2367.182,,-4.885,7.119,-6.139,119.539,761.59,2115.529,,49.21,870.889,-4.283,8.14,-6.117,136.695,2419.138,,,,22.6,0.448,1.386,7.519,47.907,133.075,,-2.161,67.812,-25.147,1138.735,,20152.66,17.294,306.055,,61.392,-12.399,0.574,-1.364,9.636,,,170.534,,56505476.0,1679.26,822.982,,-5.489,7.692,-7.503,129.175,2286.063,,,0.0,0.0,0.0,0.0,0.0,,,0.0,0.0,0.0,0.0,0.0
ITA,Italy,1982,56.919,5.377,2.678,3.582,18.561,3.21,-1.995,-33.493,,,,,,,,,,11.806,10.165,17.666,167.298,,2953.449,14.823,261.675,,,,,,41.461,6.804,,,3.521,44.982,0.0,0.0,,,1.378,29054.121,-2.635,91.259,-40.648,1501.918,26514.636,,,1194202239228.0,,-0.349,15.392,-0.886,253.313,,4471.949,137.341,2424.593,,-3.655,6.998,-4.369,115.17,731.946,2033.186,,51.786,914.222,5.235,8.741,7.156,143.85,2539.509,,,,151.348,1.148,11.381,18.9,120.117,333.658,,-5.043,65.702,-57.428,1081.306,,19089.238,20.504,361.969,,62.159,1.499,0.594,0.144,9.781,,,172.665,,56644860.0,1645.767,794.106,,-3.271,7.592,-4.225,124.95,2205.851,,,0.0,0.0,0.0,0.0,0.0,,,0.0,0.0,0.0,0.0,0.0
ITA,Italy,1983,-8.136,-1.206,-10.333,-14.191,27.113,5.559,-2.105,-34.643,,,,,,,,,,-6.403,9.719,-10.711,156.586,,2758.491,13.617,239.874,,,,,,41.445,5.783,,,3.393,44.838,0.0,0.0,,,1.333,28382.223,-2.091,91.272,-31.407,1470.511,25905.131,,,1208770103505.0,,2.832,16.168,7.175,260.487,,4588.854,123.15,2169.452,,-0.039,7.146,-0.044,115.125,730.112,2028.091,,50.621,891.76,-2.25,8.728,-3.236,140.614,2477.114,,,,-15.006,0.997,-2.836,16.064,101.876,282.988,,-2.577,65.385,-27.87,1053.436,,18557.785,26.063,459.134,,59.772,-3.635,0.585,-0.356,9.425,,,166.035,,56765248.0,1611.124,789.885,,-0.32,7.731,-0.4,124.55,2194.126,,,0.0,0.0,0.0,0.0,0.0,,,0.0,0.0,0.0,0.0,0.0
ITA,Italy,1984,1.657,0.226,5.838,7.19,1.428,0.372,1.551,24.985,,,,,,,,,,13.414,10.854,21.004,177.59,,3123.117,13.842,243.43,,,,,,42.401,6.887,,,3.472,45.873,0.0,0.0,,,1.32,28772.753,1.295,91.042,19.043,1489.555,26195.436,,,1239849186884.0,,17.808,18.756,46.388,306.875,,5396.739,130.339,2292.157,,2.307,7.199,2.656,117.781,745.668,2071.301,,52.76,927.842,4.226,8.958,5.942,146.556,2577.341,,,,19.09,1.169,3.067,19.131,121.115,336.432,,-4.59,61.432,-48.349,1005.088,,17675.579,26.435,464.888,,61.059,2.328,0.589,0.219,9.644,,,169.608,,56863132.0,1636.109,806.727,,2.308,7.788,2.875,127.425,2240.909,,,0.0,0.0,0.0,0.0,0.0,,,0.0,0.0,0.0,0.0,0.0
ITA,Italy,1985,6.352,0.879,2.956,3.853,4.883,1.291,-0.392,-6.412,,,,,,,,,16.164,-1.27,10.759,-2.256,175.334,527.304,3079.451,14.721,258.557,,,30.023,130.909,24.712,41.092,7.024,76.174,,3.212,44.304,0.0,0.0,185.74,,1.279,28622.917,-0.163,91.251,-2.434,1487.12,26118.796,2299.199,70.48,1274693669835.0,13.305,1.638,19.139,5.026,311.901,434.025,5478.024,134.192,2356.864,22.123,-3.087,7.004,-3.636,114.145,721.713,2004.759,27.634,51.328,901.491,-2.714,8.749,-3.978,142.578,2504.144,,,3.782,1.989,1.197,0.381,19.511,123.365,342.681,41.011,-0.518,61.354,-5.204,999.884,1337.87,17561.322,27.726,486.96,,56.413,-7.488,0.547,-0.722,8.922,,1.729,156.704,3262.215,56936776.0,1629.697,778.126,23.853,-3.42,7.552,-4.358,123.067,2161.464,0.0,,0.0,0.0,0.0,0.0,0.0,0.0,,0.0,0.0,0.0,0.0,0.0
ITA,Italy,1986,-45.19,-6.653,12.06,16.184,7.299,2.024,2.729,44.47,,,,,,,,,16.12,-1.705,10.294,-2.989,172.345,544.083,3024.451,8.069,141.597,,,31.004,135.358,26.871,41.096,8.758,77.483,,3.501,44.597,0.0,0.0,192.33,,1.277,29379.622,2.612,91.147,38.839,1525.959,26778.764,2375.372,70.378,1310891945298.0,13.971,5.731,19.698,17.876,329.776,471.554,5787.189,150.376,2638.924,21.367,0.01,6.819,0.011,114.156,721.186,2003.296,27.741,53.355,936.317,3.949,8.853,5.631,148.208,2600.882,,,4.554,24.687,1.453,4.817,24.328,153.692,426.924,40.286,2.395,61.155,23.952,1023.836,1359.734,17967.123,29.75,522.069,,61.438,8.998,0.581,0.803,9.725,,1.82,170.662,3375.162,56983928.0,1674.166,782.624,23.188,0.661,7.4,0.814,123.881,2173.958,0.0,,0.0,0.0,0.0,0.0,0.0,0.0,,0.0,0.0,0.0,0.0,0.0
ITA,Italy,1987,-6.172,-0.498,2.488,3.742,53.831,16.015,3.033,50.782,,,,,,,,,16.405,-0.736,9.918,-1.268,171.077,579.483,3000.951,7.571,132.803,,,33.035,154.708,31.732,39.505,0.174,89.941,,3.693,43.198,0.0,0.0,201.372,,1.276,30258.148,5.145,93.016,78.513,1604.472,28144.813,2713.807,76.827,1351528444272.0,15.758,10.925,21.207,36.029,365.805,556.626,6416.765,154.118,2703.462,19.618,-3.871,6.362,-4.419,109.736,692.976,1924.935,21.538,43.372,760.809,-18.711,6.984,-27.731,120.478,2113.36,,,0.086,-98.013,0.028,-23.844,0.483,3.052,8.478,44.664,4.273,61.891,43.752,1067.589,1577.698,18727.096,45.764,802.769,,64.781,5.484,0.595,0.533,10.258,,1.834,179.946,3532.362,57007740.0,1724.949,757.757,21.452,-3.137,6.956,-3.886,119.995,2104.882,0.0,,0.0,0.0,0.0,0.0,0.0,0.0,,0.0,0.0,0.0,0.0,0.0
ITA,Italy,1988,6.886,0.521,1.637,2.523,22.922,10.49,2.461,42.454,,,,,,,,,16.652,-6.268,9.073,-10.723,160.354,594.494,2812.34,8.092,141.921,,,33.897,156.019,32.42,40.676,0.0,89.702,,3.787,44.463,0.0,0.0,203.561,,1.259,30997.173,2.457,93.012,39.424,1643.896,28831.074,2736.302,76.645,1403770030061.0,15.926,8.486,22.454,31.044,396.848,568.59,6960.039,156.641,2747.207,19.982,2.964,6.393,3.253,112.989,713.386,1981.63,21.843,44.463,779.804,2.515,6.988,3.031,123.508,2166.123,,,0.0,-100.0,0.0,-0.483,0.0,0.0,0.0,44.066,1.789,61.485,19.103,1086.691,1573.217,19058.695,56.254,986.603,,66.417,2.545,0.595,0.261,10.519,,1.86,184.493,3570.106,57018192.0,1767.403,779.804,21.843,2.928,6.988,3.514,123.508,2166.123,0.0,,0.0,0.0,0.0,0.0,0.0,0.0,,0.0,0.0,0.0,0.0,0.0
ITA,Italy,1989,3.269,0.265,2.217,3.472,-4.817,-2.71,2.874,50.801,,,,,,,,,15.121,4.337,9.202,6.955,167.309,558.789,2933.774,8.357,146.534,,,31.867,168.059,34.407,34.057,0.0,101.785,,3.197,37.258,0.002,0.002,210.75,,1.259,31882.247,4.308,94.308,70.814,1714.71,30067.492,2946.919,79.743,1444197063166.0,16.326,8.172,23.61,32.43,429.278,603.328,7527.417,160.113,2807.582,16.16,-16.272,5.203,-18.386,94.603,597.19,1658.864,17.679,37.258,653.32,-16.204,5.692,-20.014,103.495,1814.78,,,0.0,,0.0,0.0,0.0,0.0,0.0,48.297,2.892,61.496,31.43,1118.121,1784.803,19606.301,53.545,938.905,,56.059,-15.58,0.488,-1.639,8.881,,1.517,155.721,3695.507,57028708.0,1818.203,653.32,17.679,-16.204,5.692,-20.014,103.495,1814.78,0.001,,0.0,0.006,0.006,0.035,0.098,0.001,,0.0,0.006,0.006,0.035,0.097
ITA,Italy,1990,-5.587,-0.467,1.907,3.053,1.39,0.744,1.694,30.8,0.023,0.876,,0.0,,0.0,0.0,,15.036,1.763,9.208,2.95,170.259,561.805,2984.478,7.89,138.301,247.8,0.05,32.05,178.25,39.71,31.63,0.0,106.49,3.22,3.27,34.9,0.0,0.0,213.15,,1.253,32411.231,2.178,94.756,37.342,1752.053,30711.772,3124.549,83.627,1475485264658.0,18.63,5.819,24.568,24.982,454.26,696.078,7962.745,163.166,2860.141,14.839,-7.138,4.751,-6.753,87.85,554.443,1539.926,16.373,34.9,611.763,-6.321,5.244,-6.542,96.953,1699.485,13.983,34.65,0.0,,0.0,0.0,0.0,0.0,0.0,49.96,0.842,60.981,9.411,1127.532,1866.666,19764.549,54.289,951.63,56.443,57.32,2.315,0.491,0.206,9.086,1.511,1.534,159.271,3736.312,57048240.0,1849.004,611.763,16.373,-6.321,5.244,-6.542,96.953,1699.485,0.0,98.02,0.001,0.006,0.011,0.0,0.195,0.0,-4.0,0.0,-0.0,0.005,0.0,0.093
ITA,Italy,1991,-5.227,-0.412,0.579,0.945,-7.198,-3.908,3.046,56.322,0.05,1.927,,0.0,0.0,0.0,0.0,,13.048,-5.013,8.488,-8.535,161.724,499.228,2832.889,7.477,130.98,253.51,0.11,28.5,172.9,36.34,42.24,0.0,108.06,3.18,3.29,45.53,0.0,0.0,218.43,,1.263,33375.165,1.528,93.361,26.778,1778.83,31159.372,3028.651,79.156,1508723237624.0,16.637,6.235,25.328,28.322,482.582,636.56,8453.289,164.111,2874.692,19.338,33.558,6.158,29.481,117.331,739.909,2055.255,20.844,45.53,797.539,30.473,6.639,29.544,126.497,2215.82,13.838,35.08,0.0,,0.0,0.0,0.0,0.0,0.0,49.471,0.62,59.545,6.991,1134.522,1892.863,19873.195,50.381,882.516,55.703,57.63,0.642,0.48,0.058,9.144,1.456,1.506,160.181,3826.19,57088124.0,1905.326,797.539,20.844,30.473,6.639,29.544,126.497,2215.82,0.0,25.0,0.001,0.003,0.014,0.0,0.243,0.0,50.0,0.0,0.003,0.008,0.0,0.14
ITA,Italy,1992,-14.152,-1.058,4.412,7.24,3.901,1.965,-0.41,-7.808,0.045,1.75,,0.0,0.0,0.0,0.0,,9.606,-12.282,7.476,-19.863,141.861,373.784,2482.461,6.419,112.331,257.67,0.1,21.36,176.6,35.48,42.2,0.0,119.76,3.46,3.56,45.77,0.01,0.0,222.37,,1.239,33205.131,-0.475,93.3,-8.442,1770.389,30980.471,3090.367,79.417,1531922542655.0,15.955,-0.922,25.198,-4.448,478.134,620.873,8367.002,171.351,2998.51,18.977,-0.092,6.178,-0.108,117.222,738.468,2051.303,20.583,45.77,800.941,0.501,6.7,0.633,127.13,2224.687,13.7,35.3,0.0,,0.0,0.0,0.0,0.0,0.0,53.856,1.399,60.626,15.869,1150.392,2095.71,20131.008,52.347,916.027,60.547,62.297,8.019,0.521,0.733,9.878,1.556,1.601,172.854,3891.308,57145308.0,1897.517,800.941,20.583,0.501,6.7,0.633,127.13,2224.687,0.004,80.0,0.001,0.011,0.025,0.175,0.437,0.0,-33.333,0.0,-0.003,0.005,0.0,0.093
ITA,Italy,1993,-23.636,-1.517,6.435,11.027,3.088,1.617,-2.116,-40.157,0.055,2.098,,0.0,0.0,0.0,0.0,,7.594,-12.541,6.68,-17.791,124.07,291.271,2169.14,4.902,85.702,258.82,0.12,16.66,174.17,39.96,41.42,0.0,117.55,3.67,3.79,45.22,0.01,0.0,219.39,,1.214,32472.687,-2.183,93.237,-38.646,1731.742,30276.484,3045.057,79.388,1529549689330.0,18.214,2.037,26.267,9.741,487.875,698.631,8529.651,182.378,3188.551,18.88,-1.836,6.195,-2.153,115.07,724.156,2011.789,20.612,45.22,790.593,-1.189,6.763,-1.511,125.619,2196.23,15.235,39.43,0.0,,0.0,0.0,0.0,0.0,0.0,53.58,-2.66,60.29,-30.595,1119.796,2055.156,19577.692,53.963,943.452,64.164,66.262,6.384,0.566,0.631,10.508,1.673,1.728,183.72,3835.65,57197608.0,1857.36,790.593,20.612,-1.189,6.763,-1.511,125.619,2196.23,0.005,22.222,0.002,0.006,0.031,0.175,0.534,0.0,100.0,0.001,0.005,0.011,0.0,0.186
ITA,Italy,1994,-57.619,-2.824,5.51,10.049,5.496,2.966,-0.258,-4.795,0.066,2.622,,0.0,0.0,0.0,0.0,,8.693,5.588,7.071,6.933,131.003,347.121,2289.714,2.077,36.311,266.05,0.15,19.86,180.2,40.8,44.66,0.0,119.54,3.42,3.57,48.25,0.01,0.01,228.45,,1.177,32379.828,-0.761,92.767,-13.176,1718.567,30037.762,3149.604,78.879,1573413546369.0,17.859,-3.368,25.448,-16.432,471.443,713.118,8240.071,192.426,3363.299,19.549,7.804,6.696,8.981,124.05,780.584,2168.195,21.121,48.25,843.332,6.671,7.233,8.38,133.999,2342.091,14.133,37.6,0.0,,0.0,0.0,0.0,0.0,0.0,52.327,-0.328,60.247,-3.677,1116.12,2089.366,19507.978,56.929,995.024,59.776,62.398,-5.789,0.534,-0.608,9.9,1.497,1.563,173.036,3992.936,57213540.0,1852.565,843.332,21.121,6.671,7.233,8.38,133.999,2342.091,0.004,0.0,0.002,0.0,0.031,0.175,0.534,0.004,75.0,0.001,0.008,0.019,0.175,0.326
ITA,Italy,1995,-35.581,-0.739,-1.203,-2.314,6.966,3.966,4.144,76.762,0.093,3.848,,0.0,0.0,0.0,0.0,,10.177,7.561,7.303,9.905,140.907,421.867,2464.516,1.338,23.407,274.43,0.22,24.12,195.54,47.0,37.78,0.0,124.42,3.44,3.66,41.46,0.01,0.01,237.0,,1.183,33744.583,5.563,94.031,95.601,1814.168,31730.419,3420.061,82.506,1630198155276.0,19.831,10.152,26.916,47.863,519.306,822.046,9082.842,190.112,3325.124,15.941,-15.397,5.44,-19.1,104.95,660.785,1835.613,17.494,41.46,725.15,-14.059,5.969,-18.839,115.16,2014.191,13.639,37.43,0.0,,0.0,0.0,0.0,0.0,0.0,52.498,3.39,59.811,37.834,1153.954,2176.148,20183.06,60.895,1065.069,60.167,64.015,2.525,0.526,0.25,10.15,1.451,1.544,177.527,4145.211,57174412.0,1929.327,725.15,17.494,-14.059,5.969,-18.839,115.16,2014.191,0.004,18.182,0.002,0.006,0.036,0.175,0.632,0.004,28.571,0.001,0.005,0.024,0.175,0.42
ITA,Italy,1996,-20.349,-0.272,0.103,0.197,4.125,2.512,-0.075,-1.451,0.159,6.659,,0.0,0.0,0.0,0.0,,9.237,-7.984,6.725,-11.25,129.658,386.926,2272.095,1.066,18.68,276.44,0.38,22.08,192.83,50.19,42.04,0.0,120.56,3.76,4.14,46.22,0.01,0.03,239.05,,1.159,33783.713,-0.809,93.34,-14.685,1799.483,31533.796,3379.115,80.665,1662791466146.0,20.996,3.168,27.79,16.451,535.757,879.52,9388.504,190.309,3334.933,17.586,11.262,6.057,11.819,116.77,736.701,2046.247,19.335,46.22,809.95,11.491,6.66,13.233,128.394,2249.945,13.526,37.39,0.0,,0.0,0.0,0.0,0.0,0.0,50.433,-1.723,58.825,-19.886,1134.068,2112.67,19873.197,63.407,1111.128,65.89,72.549,13.273,0.596,1.347,11.497,1.573,1.732,201.475,4189.066,57065232.0,1927.875,809.95,19.335,11.491,6.66,13.233,128.394,2249.945,0.004,7.692,0.002,0.003,0.039,0.175,0.681,0.013,266.513,0.005,0.064,0.088,0.526,1.541
ITA,Italy,1997,57.664,0.615,-2.864,-5.45,9.098,5.768,1.736,33.462,0.228,9.841,,0.0,0.0,0.0,0.0,,8.344,1.46,6.707,1.894,131.551,360.434,2311.824,1.681,29.535,284.64,0.56,20.51,199.62,61.29,41.6,0.0,117.82,3.9,4.46,46.19,0.01,0.12,245.81,,1.15,34467.701,1.862,93.456,33.505,1832.989,32212.159,3508.036,81.209,1705185945405.0,24.934,3.834,28.363,20.541,556.298,1077.084,9776.146,184.859,3248.63,16.924,-1.032,5.892,-1.206,115.564,731.061,2030.872,18.791,46.19,811.723,-0.034,6.544,-0.044,128.35,2255.57,13.642,38.83,0.0,,0.0,0.0,0.0,0.0,0.0,47.931,0.976,58.386,11.071,1145.139,2070.518,20124.189,69.175,1215.656,68.537,78.378,7.997,0.633,0.919,12.417,1.587,1.814,218.205,4319.759,56903632.0,1961.337,811.723,18.791,-0.034,6.544,-0.044,128.35,2255.57,0.004,7.143,0.002,0.003,0.042,0.176,0.732,0.049,272.631,0.017,0.24,0.328,2.109,5.76
ITA,Italy,1998,-12.5,-0.21,-1.34,-2.477,-5.481,-3.791,2.306,45.231,0.316,14.099,,0.0,0.0,0.0,0.0,,9.216,3.809,6.806,5.011,136.562,410.801,2406.691,1.471,25.917,293.66,0.8,23.31,206.45,70.88,41.22,0.0,112.26,4.21,5.01,46.48,0.02,0.23,252.93,,1.15,35362.553,2.427,93.566,44.478,1877.467,33087.35,3638.35,81.623,1744897749224.0,28.024,7.666,29.849,42.647,598.945,1249.146,10555.453,182.382,3214.184,16.297,-0.921,5.706,-1.064,114.5,726.436,2017.88,18.377,46.48,819.135,0.587,6.434,0.753,129.103,2275.231,13.87,40.73,0.0,,0.0,0.0,0.0,0.0,0.0,44.384,-0.278,56.911,-3.18,1141.959,1978.402,20125.205,65.384,1152.286,74.194,88.293,12.058,0.693,1.497,13.914,1.664,1.981,245.21,4457.486,56742752.0,2006.569,819.135,18.377,0.587,6.434,0.753,129.103,2275.231,0.008,6.667,0.002,0.003,0.044,0.352,0.783,0.091,96.61,0.032,0.317,0.644,4.053,11.357
ITA,Italy,1999,-39.153,-0.576,-8.06,-14.7,-10.797,-7.059,2.785,55.879,0.437,19.945,,0.0,0.0,0.0,0.0,,9.207,-0.134,6.612,-0.183,136.379,420.258,2407.165,0.895,15.794,300.61,1.13,23.81,207.28,86.98,45.37,0.0,96.49,4.4,5.53,51.32,0.02,0.4,258.6,,1.156,36403.224,2.26,93.089,42.44,1919.907,33887.32,3658.595,80.155,1784528426252.0,33.635,8.691,31.564,52.056,651.001,1535.24,11490.498,167.681,2959.659,17.544,10.056,6.11,11.514,126.014,800.803,2224.21,19.845,51.32,905.824,10.409,6.911,13.439,142.542,2515.933,13.975,42.01,0.0,,0.0,0.0,0.0,0.0,0.0,37.312,-0.826,54.912,-9.433,1132.526,1703.096,19989.657,58.324,1029.456,77.662,97.607,10.401,0.745,1.447,15.361,1.701,2.138,271.131,4564.419,56655628.0,2062.448,905.824,19.845,10.409,6.911,13.439,142.542,2515.933,0.008,6.25,0.002,0.003,0.047,0.353,0.833,0.155,73.707,0.054,0.475,1.119,7.06,19.759
ITA,Italy,2000,-87.826,-0.786,-4.827,-8.094,-8.554,-4.989,1.355,27.954,0.516,24.518,,0.0,0.0,0.0,0.0,506.186,9.764,6.746,6.964,9.201,145.58,463.556,2567.907,0.109,1.921,313.5,1.39,26.28,218.28,101.36,44.2,0.0,90.64,4.7,6.09,50.87,0.02,0.56,269.15,136.24,1.122,36872.831,1.519,93.239,29.162,1949.069,34379.863,3850.266,81.1,1863750496092.0,37.659,4.268,32.472,27.784,678.785,1787.901,11973.177,159.587,2814.971,16.422,-2.568,5.873,-3.236,122.778,779.649,2165.693,18.9,50.87,897.302,-0.848,6.761,-1.208,141.333,2492.997,14.147,44.35,0.0,,0.0,0.0,0.0,0.0,0.0,33.676,-0.691,53.803,-7.823,1124.703,1598.81,19838.779,53.335,940.785,82.904,107.422,10.289,0.81,1.581,16.942,1.746,2.263,298.836,4747.568,56692180.0,2090.401,897.302,18.9,-0.848,6.761,-1.208,141.333,2492.997,0.007,5.882,0.002,0.003,0.05,0.353,0.882,0.208,39.702,0.075,0.444,1.564,9.878,27.586
ITA,Italy,2001,892.858,0.973,-8.359,-13.34,-9.987,-5.327,-0.118,-2.472,0.675,32.176,,0.0,0.0,0.0,0.0,499.336,11.705,6.262,7.409,9.116,154.697,557.889,2719.934,1.082,19.016,319.46,1.83,31.73,216.73,104.19,46.81,0.0,80.81,4.51,6.34,54.35,0.02,1.18,271.08,135.36,1.093,36710.748,-0.571,92.817,-11.122,1937.947,34073.708,3810.627,79.951,1910079723919.0,38.435,0.274,32.599,1.861,680.646,1831.907,11967.376,146.247,2571.374,17.268,5.22,6.187,6.408,129.186,823.031,2271.402,20.049,54.35,955.602,6.12,7.183,8.65,149.984,2637.07,15.144,48.38,0.0,,0.0,0.0,0.0,0.0,0.0,29.81,-1.965,52.808,-22.099,1102.603,1420.831,19386.398,48.009,844.106,79.296,111.472,3.244,0.838,0.55,17.491,1.664,2.339,307.538,4766.229,56875148.0,2087.929,955.602,20.049,6.12,7.183,8.65,149.984,2637.07,0.007,4.87,0.003,0.002,0.052,0.352,0.922,0.435,108.054,0.156,1.69,3.254,20.747,57.208
ITA,Italy,2002,17.266,0.187,-4.064,-5.943,33.987,16.317,-0.638,-13.315,0.979,47.392,,0.0,0.0,0.0,0.0,524.136,12.809,3.22,7.697,4.982,159.678,619.945,2792.434,1.268,22.18,327.36,2.71,35.45,228.45,99.41,39.52,0.0,93.59,4.66,7.37,48.31,0.02,1.4,276.76,145.06,1.076,36280.562,0.216,93.614,4.189,1942.136,33963.809,3995.102,82.544,1928259885747.0,35.919,-0.678,32.586,-4.617,676.029,1738.468,11822.305,140.304,2453.623,14.28,-16.122,5.223,-20.828,108.359,691.12,1894.961,17.456,48.31,844.839,-11.671,6.386,-17.504,132.479,2316.782,15.457,50.6,0.0,,0.0,0.0,0.0,0.0,0.0,33.816,0.347,53.332,3.824,1106.428,1636.689,19349.07,64.326,1124.916,81.493,128.886,15.564,0.974,2.722,20.214,1.684,2.663,353.492,4839.941,57182520.0,2074.614,844.839,17.456,-11.671,6.386,-17.504,132.479,2316.782,0.007,9.813,0.003,0.005,0.058,0.35,1.007,0.506,18.316,0.186,0.596,3.85,24.483,67.323
ITA,Italy,2003,53.374,0.677,-5.048,-7.083,0.705,0.454,3.209,66.574,1.181,58.543,,0.0,0.0,0.0,0.0,521.655,13.599,7.904,8.047,12.621,172.299,674.199,2993.145,1.945,33.792,336.35,3.37,38.81,238.52,117.3,36.67,0.0,82.41,5.34,8.71,46.86,0.02,1.46,285.38,148.87,1.101,37196.268,3.675,94.037,71.373,2013.51,34978.269,4143.52,83.58,1944748158633.0,41.103,10.252,34.809,69.303,745.332,2037.711,12947.759,133.222,2314.299,12.85,-7.804,4.666,-8.456,99.902,637.024,1735.482,16.42,46.86,814.042,-3.623,5.963,-4.8,127.68,2218.029,15.154,50.97,0.0,,0.0,0.0,0.0,0.0,0.0,28.877,-0.954,51.181,-10.551,1095.877,1431.609,19037.365,64.779,1125.329,92.765,151.308,17.446,1.109,3.527,23.74,1.871,3.052,412.408,4957.562,57564588.0,2141.188,814.042,16.42,-3.623,5.963,-4.8,127.68,2218.029,0.007,13.553,0.003,0.008,0.065,0.347,1.136,0.512,3.18,0.186,0.122,3.972,25.363,69.003
ITA,Italy,2004,-60.8,-1.183,-6.652,-8.862,-1.813,-1.175,2.16,46.246,1.431,72.823,,0.126,2.754,2.754,47.522,505.647,15.439,12.022,8.824,20.714,193.013,785.526,3330.77,0.763,13.159,340.46,4.22,45.52,240.95,129.84,42.34,0.0,65.59,5.44,9.66,53.88,0.03,1.85,294.83,149.08,1.1,37747.949,1.259,93.207,25.343,2038.853,35183.922,4158.008,81.725,1989364965259.0,44.039,3.768,35.357,28.086,773.418,2240.613,13346.678,124.36,2146.039,14.361,14.721,5.239,14.707,114.609,730.65,1977.782,18.275,53.88,929.792,16.372,6.793,20.903,148.583,2564.057,13.402,45.63,0.0,,0.0,0.0,0.0,0.0,0.0,22.247,-2.14,49.026,-23.457,1072.42,1131.869,18506.474,63.604,1097.605,93.877,166.7,10.116,1.195,2.401,26.142,1.845,3.276,451.118,5087.8,57948420.0,2187.434,929.792,18.275,16.372,6.793,20.903,148.583,2564.057,0.01,20.063,0.004,0.013,0.079,0.518,1.355,0.627,25.874,0.229,1.028,5.0,31.925,86.281
ITA,Italy,2005,-3.061,-0.023,-6.864,-8.536,11.739,7.466,0.16,3.489,1.579,80.129,-29.815,0.088,-0.821,1.933,33.163,504.362,14.747,-0.766,8.742,-1.479,191.534,748.269,3286.371,0.739,12.683,344.87,4.67,43.61,247.29,149.33,36.07,0.0,54.35,5.32,9.99,48.43,0.03,2.34,295.72,149.15,1.083,37592.272,0.973,93.965,19.845,2058.697,35323.515,4243.048,83.623,2022361947688.0,50.497,7.018,37.778,54.277,827.695,2562.232,14201.766,115.823,1987.316,12.197,-15.351,4.428,-17.594,97.016,618.896,1664.614,16.377,48.43,830.971,-11.008,6.035,-16.355,132.228,2268.787,14.252,49.15,0.0,,0.0,0.0,0.0,0.0,0.0,18.379,-3.073,47.444,-32.953,1039.467,932.548,17835.379,71.071,1219.448,91.282,171.41,2.876,1.227,0.752,26.893,1.799,3.378,461.442,5074.019,58281212.0,2190.923,830.971,16.377,-11.008,6.035,-16.355,132.228,2268.787,0.01,6.22,0.004,0.005,0.083,0.515,1.431,0.791,26.051,0.288,1.303,6.302,40.15,108.137
ITA,Italy,2006,-77.895,-0.576,-9.047,-10.479,-5.596,-3.977,-0.489,-10.724,1.666,87.287,12.698,0.1,0.245,2.178,37.207,500.962,14.416,1.241,8.894,2.378,193.911,755.176,3312.312,0.163,2.791,351.66,5.11,44.21,256.03,158.14,36.99,0.0,53.68,5.53,10.64,50.64,0.04,2.97,306.67,153.63,1.049,37241.239,-0.778,93.692,-16.019,2042.678,34892.153,4373.395,83.487,2077408401171.0,51.567,-2.067,37.18,-17.108,810.588,2701.28,13846.125,105.345,1799.451,12.062,1.925,4.536,1.868,98.883,631.847,1689.084,16.513,50.64,865.011,4.005,6.308,5.296,137.523,2349.116,12.794,44.99,0.0,,0.0,0.0,0.0,0.0,0.0,17.504,-0.124,47.618,-1.289,1038.177,916.939,17733.716,67.093,1146.062,94.461,181.748,5.702,1.304,1.534,28.427,1.803,3.47,485.576,5238.406,58542616.0,2180.2,865.011,16.513,4.005,6.308,5.296,137.523,2349.116,0.013,12.193,0.004,0.01,0.094,0.683,1.598,0.968,26.006,0.364,1.639,7.941,50.732,135.651
ITA,Italy,2007,652.381,1.066,-11.598,-12.218,1.588,1.065,-1.897,-41.358,1.712,89.535,-9.222,0.092,-0.201,1.977,33.658,497.77,14.358,-2.095,8.876,-4.063,189.848,750.836,3231.581,1.229,20.926,353.49,5.26,44.11,259.49,172.71,32.82,0.0,42.67,5.57,10.83,47.72,0.04,4.03,307.21,152.92,1.008,36407.142,-1.594,93.982,-32.555,2010.123,34216.106,4417.012,84.467,2122822609592.0,56.219,0.49,38.084,3.974,814.561,2939.852,13865.388,93.127,1585.194,10.683,-11.851,4.075,-11.718,87.165,558.659,1483.712,15.533,47.72,812.285,-6.401,6.018,-8.803,128.72,2191.065,13.092,46.28,0.0,,0.0,0.0,0.0,0.0,0.0,13.89,-3.127,47.021,-32.465,1005.712,726.324,17119.137,68.159,1160.194,94.812,184.347,1.169,1.345,0.332,28.759,1.813,3.525,489.537,5229.297,58747864.0,2138.842,812.285,15.533,-6.401,6.018,-8.803,128.72,2191.065,0.013,10.732,0.005,0.01,0.104,0.681,1.763,1.312,34.931,0.501,2.774,10.715,68.598,182.395
ITA,Italy,2008,-25.949,-0.319,-5.342,-4.975,-10.658,-7.264,-1.8,-38.495,1.91,101.32,303.72,0.38,6.006,7.983,135.481,478.624,13.782,-3.238,8.746,-6.147,183.701,730.965,3117.693,0.91,15.45,352.53,5.97,43.07,254.34,172.77,41.62,0.0,38.5,5.52,11.49,58.16,0.19,4.86,312.5,149.57,0.993,35646.147,-3.547,92.31,-71.294,1938.829,32904.95,4316.546,81.389,2115287108478.0,55.286,-0.742,38.494,-6.046,808.515,2932.176,13721.771,88.152,1496.073,13.318,26.054,5.231,22.71,109.874,706.356,1864.741,18.611,58.16,987.066,25.48,7.69,32.798,161.519,2741.226,11.355,40.03,0.0,,0.0,0.0,0.0,0.0,0.0,12.32,-5.876,45.069,-59.1,946.612,653.405,16065.485,60.895,1033.475,93.683,195.003,5.428,1.444,1.561,30.32,1.766,3.677,514.581,5303.611,58922116.0,2100.346,987.066,18.611,25.48,7.69,32.798,161.519,2741.226,0.061,391.797,0.024,0.406,0.509,3.225,8.647,1.555,19.752,0.611,2.117,12.832,82.482,217.776
ITA,Italy,2009,-38.462,-0.35,-13.418,-11.828,-12.676,-7.719,-6.798,-142.779,2.629,127.907,61.407,0.658,4.902,12.885,217.996,451.596,13.819,-21.708,7.347,-39.877,143.823,672.356,2433.331,0.56,9.478,332.54,7.56,39.74,218.32,147.36,49.14,0.0,31.22,5.34,12.9,69.26,0.68,6.54,287.58,129.87,0.972,33119.818,-9.069,90.06,-175.837,1762.992,29827.824,3693.727,75.916,2013344992641.0,51.241,-8.081,37.964,-65.34,743.176,2493.164,12573.697,76.324,1291.315,17.087,17.326,6.585,19.037,128.912,831.393,2181.037,24.084,69.26,1171.801,20.467,9.94,33.058,194.577,3292.021,13.52,44.96,0.0,,0.0,0.0,0.0,0.0,0.0,10.856,-7.46,44.749,-70.62,875.992,528.207,14820.795,53.176,899.671,90.347,218.253,11.606,1.729,3.519,33.839,1.857,4.486,572.521,4865.527,59105620.0,1957.567,1171.801,24.084,20.467,9.94,33.058,194.577,3292.021,0.236,248.612,0.091,1.267,1.776,11.505,30.049,2.274,33.771,0.877,4.333,17.165,110.649,290.417
ITA,Italy,2010,40.278,0.226,4.902,3.742,11.677,6.209,3.213,62.889,3.169,159.123,23.119,0.785,2.979,15.864,267.401,440.133,13.336,10.571,7.871,15.204,159.028,669.698,2680.607,0.786,13.247,342.07,9.44,39.73,220.93,152.81,51.12,0.0,28.39,5.38,14.82,76.98,1.91,9.13,297.91,131.12,0.98,34057.277,2.321,89.283,40.927,1803.919,30407.284,3724.048,74.16,2061694152230.0,51.294,6.502,39.174,48.323,791.499,2575.801,13341.703,80.066,1349.605,17.16,3.389,6.597,4.369,133.281,861.691,2246.609,25.84,76.98,1297.593,11.287,10.717,21.961,216.538,3650.021,12.91,44.16,0.0,,0.0,0.0,0.0,0.0,0.0,9.53,-2.58,42.238,-22.6,853.391,478.548,14384.973,59.385,1001.008,90.687,249.809,14.16,1.912,4.791,38.631,1.806,4.975,651.168,5021.641,59325232.0,2020.456,1297.593,25.84,11.287,10.717,21.961,216.538,3650.021,0.641,179.765,0.246,3.193,4.969,32.195,83.756,3.065,38.62,1.178,6.629,23.795,153.897,401.086
ITA,Italy,2011,-8.911,-0.07,0.515,0.413,3.932,2.335,-2.004,-40.48,3.613,181.745,-1.207,0.792,-0.192,15.672,263.003,437.646,14.923,12.1,9.004,19.242,178.27,750.641,2991.658,0.716,12.013,345.47,10.83,44.73,216.78,144.6,45.82,0.0,27.45,5.65,16.48,82.96,10.8,9.86,299.74,131.18,0.948,33227.164,-3.027,88.35,-54.606,1749.313,29356.267,3637.915,72.323,2088117176561.0,48.242,-6.234,37.483,-49.338,742.161,2426.619,12454.655,80.478,1350.554,15.287,-10.903,5.997,-14.532,118.749,768.933,1992.794,27.677,82.96,1392.202,6.524,11.65,14.126,230.665,3870.923,13.237,45.73,0.0,,0.0,0.0,0.0,0.0,0.0,9.158,-2.872,41.863,-24.511,828.881,460.655,13909.955,61.72,1035.761,94.816,276.561,10.598,2.158,4.094,42.725,1.885,5.498,716.989,5030.117,59589072.0,1979.976,1392.202,27.677,6.524,11.65,14.126,230.665,3870.923,3.603,463.041,1.413,23.008,27.977,181.241,469.494,3.29,7.346,1.29,1.748,25.543,165.467,428.644
ITA,Italy,2012,-13.044,-0.093,1.839,1.48,1.692,1.045,-2.85,-56.427,4.213,208.586,11.624,0.909,1.822,17.494,292.149,428.022,16.574,2.504,9.5,4.463,182.733,820.649,3051.688,0.622,10.395,339.58,12.49,49.14,204.26,129.14,41.87,0.0,25.98,5.59,18.08,92.22,18.86,13.41,296.48,126.9,0.948,32123.684,-4.619,86.741,-80.799,1668.514,27864.546,3411.186,68.895,2029244727257.0,43.558,-3.853,37.096,-28.595,713.566,2156.666,11916.712,81.958,1368.717,14.122,-9.17,5.607,-10.889,107.86,699.238,1801.284,31.105,92.22,1540.094,10.566,13.259,24.372,255.036,4259.164,12.692,43.1,0.0,,0.0,0.0,0.0,0.0,0.0,8.763,-6.837,40.145,-56.667,772.214,433.872,12896.145,62.765,1048.182,93.354,301.94,8.991,2.421,3.841,46.566,1.885,6.098,777.664,4951.28,59879468.0,1923.549,1540.094,31.105,10.566,13.259,24.372,255.036,4259.164,6.361,73.656,2.526,20.607,48.583,314.966,811.35,4.523,35.2,1.795,8.991,34.533,223.95,576.716
ITA,Italy,2013,-8.75,-0.054,-10.107,-8.283,1.946,1.221,-4.721,-90.804,5.95,283.877,-16.044,0.801,-2.807,14.687,244.107,389.139,15.71,-13.862,8.588,-25.33,157.403,749.582,2616.113,0.568,9.44,329.21,17.08,45.1,175.07,108.91,52.77,0.0,21.06,5.66,22.74,112.0,21.59,14.9,287.07,111.71,0.919,30461.049,-8.224,83.552,-137.225,1531.289,25450.719,2909.743,60.985,1994213308474.0,37.938,-6.469,36.416,-46.162,667.404,1810.134,11092.571,73.675,1224.511,18.382,25.268,7.372,27.254,135.114,877.061,2245.66,39.015,112.0,1861.491,18.202,16.448,46.421,301.457,5010.354,12.8,42.14,0.0,,0.0,0.0,0.0,0.0,0.0,7.336,-8.512,38.548,-65.733,706.48,350.027,11742.034,63.986,1063.473,94.072,377.949,25.077,3.178,11.678,58.244,1.972,7.921,968.037,4771.234,60166828.0,1832.745,1861.491,39.015,18.202,16.448,46.421,301.457,5010.354,7.521,13.768,3.016,6.689,55.272,358.836,918.647,5.19,10.443,2.081,3.606,38.14,247.645,633.903
ITA,Italy,2014,17.808,0.101,-7.573,-5.579,4.787,3.063,-5.382,-98.641,6.747,309.884,-14.578,0.723,-2.141,12.546,207.682,369.269,15.661,-2.513,8.849,-3.956,153.447,719.256,2540.118,0.669,11.077,321.16,18.72,43.45,156.76,93.66,58.55,0.0,19.65,5.92,24.64,120.68,22.31,15.18,277.44,102.45,0.869,28705.76,-7.631,81.566,-116.846,1414.443,23414.209,2594.951,56.502,1996478670942.0,33.759,-11.64,34.007,-77.688,589.716,1550.415,9761.962,68.096,1127.23,21.104,10.271,8.592,13.878,148.992,969.216,2466.36,43.498,120.68,1997.695,6.039,18.434,18.205,319.662,5291.574,13.613,43.72,0.0,,0.0,0.0,0.0,0.0,0.0,7.083,-4.983,38.71,-35.201,671.279,325.279,11112.13,67.049,1109.904,97.998,407.882,7.7,3.617,4.485,62.729,2.134,8.881,1038.391,4592.646,60409620.0,1734.104,1997.695,43.498,6.039,18.434,18.205,319.662,5291.574,8.041,2.706,3.274,1.496,56.768,369.312,939.715,5.471,1.278,2.228,0.488,38.627,251.284,639.425
ITA,Italy,2015,-5.814,-0.039,-5.285,-3.599,-5.116,-3.43,2.898,50.254,6.902,320.081,23.432,0.868,2.94,15.486,255.633,389.322,15.376,-6.551,8.036,-10.052,143.395,713.124,2367.104,0.63,10.404,327.33,19.39,43.2,172.06,110.88,45.54,0.0,17.98,6.18,25.57,108.89,22.94,14.84,280.95,109.38,0.887,29455.315,5.836,83.895,82.551,1496.995,24711.659,2840.282,61.242,2012113907791.0,39.466,9.062,36.044,53.438,643.154,1830.353,10616.883,64.497,1064.683,16.209,-25.113,6.253,-37.416,111.576,751.752,1841.842,38.758,108.89,1797.503,-10.104,16.105,-32.297,287.365,4743.679,14.169,46.38,0.0,,0.0,0.0,0.0,0.0,0.0,6.4,5.834,39.815,39.165,710.444,296.805,11727.673,63.618,1050.183,102.016,422.097,3.163,3.627,1.984,64.713,2.2,9.101,1068.253,4637.785,60578488.0,1784.358,1797.503,38.758,-10.104,16.105,-32.297,287.365,4743.679,8.165,2.238,3.253,1.271,58.038,378.682,958.069,5.282,-2.785,2.104,-1.076,37.552,244.971,619.883
ITA,Italy,2016,-100.0,-0.63,-14.573,-9.399,-31.273,-19.895,0.341,6.087,6.79,321.448,-0.545,0.86,-0.084,15.402,253.886,383.74,12.399,-10.923,7.134,-15.663,127.732,587.013,2105.604,0.0,0.0,324.23,19.5,35.61,179.19,126.17,42.43,0.0,17.41,6.29,25.79,108.01,22.1,17.69,287.2,110.21,0.883,29514.59,0.734,84.224,10.987,1507.982,24858.318,2953.857,62.392,2026955049961.0,43.931,5.023,37.726,32.304,675.458,2079.849,11134.598,55.098,908.257,14.774,-8.477,5.703,-9.458,102.118,699.437,1683.36,37.608,108.01,1780.49,-1.705,15.776,-4.9,282.465,4656.296,11.421,37.03,0.0,,0.0,0.0,0.0,0.0,0.0,6.062,-0.796,39.364,-5.654,704.79,286.995,11618.115,43.723,720.755,103.687,425.135,0.25,3.623,0.162,64.875,2.19,8.98,1069.426,4734.347,60663068.0,1790.446,1780.49,37.608,-1.705,15.776,-4.9,282.465,4656.296,7.695,-4.222,3.105,-2.451,55.588,364.307,916.336,6.159,18.46,2.484,6.932,44.483,291.611,733.287
ITA,Italy,2017,,,-4.296,-2.367,10.339,4.52,1.214,21.731,6.603,319.249,1.357,0.861,0.209,15.61,257.285,388.641,11.124,-12.392,6.175,-15.828,111.904,537.795,1844.358,,,331.09,19.37,32.63,189.44,140.36,36.2,0.0,16.45,6.2,25.57,103.89,24.38,17.74,293.33,114.0,0.879,29867.582,2.215,85.057,33.406,1541.388,25404.551,3122.276,64.583,2060761804850.0,47.851,5.971,39.499,40.33,715.788,2313.358,11797.345,52.731,869.085,12.341,-15.85,4.742,-16.186,85.932,596.634,1416.296,35.417,103.89,1712.274,-4.133,14.943,-11.675,270.79,4463.054,11.405,37.76,0.0,,0.0,0.0,0.0,0.0,0.0,5.608,1.263,39.383,8.905,713.695,271.122,11762.848,48.244,795.131,102.186,421.435,-1.428,3.529,-0.926,63.949,2.114,8.717,1053.975,4834.55,60673696.0,1812.177,1712.274,35.417,-4.133,14.943,-11.675,270.79,4463.054,8.311,9.636,3.363,5.357,60.944,401.822,1004.46,6.048,-0.289,2.448,-0.129,44.355,292.384,731.038
ITA,Italy,2018,,,-1.59,-0.839,12.921,6.234,0.734,13.298,6.66,315.699,2.36,0.875,0.368,15.979,263.559,363.931,9.906,-8.344,5.619,-9.337,102.567,469.591,1691.767,,,331.29,19.14,28.47,172.98,128.56,48.79,0.0,15.95,6.11,25.25,114.41,22.65,17.72,287.39,104.59,0.879,30109.778,-1.061,83.542,-16.351,1525.037,25154.306,2853.171,60.19,2077209143231.0,44.734,-3.304,37.916,-23.647,692.141,2120.497,11416.334,51.892,855.918,16.977,41.214,6.647,35.416,121.348,804.753,2001.546,39.81,114.41,1887.104,10.949,16.458,29.648,300.438,4955.496,13.251,43.9,0.0,,0.0,0.0,0.0,0.0,0.0,5.55,2.331,40.008,16.633,730.328,263.083,12046.205,54.477,898.56,100.78,416.479,-1.834,3.439,-1.173,62.776,2.126,8.786,1035.438,4740.275,60627288.0,1825.474,1887.104,39.81,10.949,16.458,29.648,300.438,4955.496,7.881,-7.615,3.084,-4.641,56.303,373.594,928.68,6.166,-0.728,2.412,-0.323,44.032,292.278,726.274
ITA,Italy,2019,,,-10.945,-5.679,-8.66,-4.717,-1.899,-34.666,6.71,322.873,-41.426,0.523,-6.619,9.359,154.573,352.051,6.466,-24.406,4.33,-25.033,77.534,311.147,1280.501,,,329.49,19.55,18.84,175.52,141.7,46.32,0.0,14.98,6.07,25.62,115.83,23.69,20.2,291.35,102.57,,29575.646,-2.003,83.454,-30.544,1494.494,24681.941,2898.757,60.244,,48.636,2.278,39.53,15.765,707.906,2340.211,11691.257,46.212,763.211,15.898,-5.405,6.41,-6.559,114.789,764.986,1895.766,39.756,115.83,1912.962,-1.372,16.546,-4.123,296.316,4893.729,11.575,38.14,0.0,,0.0,0.0,0.0,0.0,0.0,5.142,-2.913,39.594,-21.276,709.052,247.398,11710.182,49.76,821.795,100.248,423.121,1.128,3.545,0.708,63.484,2.083,8.794,1048.455,4811.719,60550092.0,1790.808,1912.962,39.756,-1.372,16.546,-4.123,296.316,4893.729,8.131,4.184,3.276,2.356,58.659,391.246,968.766,6.933,13.61,2.793,5.993,50.025,333.608,826.168
ITA,Italy,2020,,,-16.133,-7.456,26.724,13.298,-9.058,-162.21,7.056,324.502,41.537,0.813,3.888,13.247,219.097,336.714,4.812,-25.944,3.526,-20.116,57.419,221.297,949.668,,,310.27,19.62,13.38,161.17,133.7,47.55,0.0,14.09,6.03,25.65,116.9,24.94,18.76,278.07,93.63,,26935.966,-11.229,81.461,-167.813,1326.681,21942.456,2665.649,57.96,,48.081,-4.42,41.546,-31.29,676.617,2211.313,11190.816,38.757,641.015,17.1,0.364,7.074,0.418,115.207,786.447,1905.444,42.04,116.9,1933.451,1.891,18.539,5.602,301.918,4993.531,10.378,32.2,0.0,,0.0,0.0,0.0,0.0,0.0,5.067,-16.417,36.39,-116.407,592.645,233.04,9801.973,63.058,1042.935,99.732,424.235,-0.3,3.886,-0.191,63.293,2.169,9.224,1046.832,4599.1,60461828.0,1628.598,1933.451,42.04,1.891,18.539,5.602,301.918,4993.531,8.969,9.156,3.932,5.371,64.03,412.492,1059.009,6.747,-7.762,2.833,-3.883,46.141,310.278,763.15
ITA,Italy,2021,,,,,,,,,7.016,329.151,,,,,,340.937,5.011,,,,,235.06,,,,325.93,19.87,14.19,167.34,140.73,44.66,0.0,12.42,5.9,25.77,115.85,24.47,20.95,283.19,96.55,,,,,,,,2772.023,59.091,,49.695,,,,,2331.222,,,,15.77,,,,,739.802,,40.909,115.85,1919.08,,,,,,13.113,42.74,0.0,,,,,0.0,,4.386,,,,,205.74,,,,97.735,426.886,,,,,2.083,9.1,,4691.103,60367472.0,,1919.08,40.909,,,,,,8.641,,,,,405.351,,7.398,,,,,347.041,
