iso_code,country,year,coal_prod_change_pct,coal_prod_change_twh,gas_prod_change_pct,gas_prod_change_twh,oil_prod_change_pct,oil_prod_change_twh,energy_cons_change_pct,energy_cons_change_twh,biofuel_share_elec,biofuel_elec_per_capita,biofuel_cons_change_pct,biofuel_share_energy,biofuel_cons_change_twh,biofuel_consumption,biofuel_cons_per_capita,carbon_intensity_elec,coal_share_elec,coal_cons_change_pct,coal_share_energy,coal_cons_change_twh,coal_consumption,coal_elec_per_capita,coal_cons_per_capita,coal_production,coal_prod_per_capita,electricity_demand,biofuel_electricity,coal_electricity,fossil_electricity,gas_electricity,hydro_electricity,nuclear_electricity,oil_electricity,other_renewable_exc_biofuel_electricity,other_renewable_electricity,renewables_electricity,solar_electricity,wind_electricity,electricity_generation,greenhouse_gas_emissions,energy_per_gdp,energy_per_capita,fossil_cons_change_pct,fossil_share_energy,fossil_cons_change_twh,fossil_fuel_consumption,fossil_energy_per_capita,fossil_cons_per_capita,fossil_share_elec,gdp,gas_share_elec,gas_cons_change_pct,gas_share_energy,gas_cons_change_twh,gas_consumption,gas_elec_per_capita,gas_energy_per_capita,gas_production,gas_prod_per_capita,hydro_share_elec,hydro_cons_change_pct,hydro_share_energy,hydro_cons_change_twh,hydro_consumption,hydro_elec_per_capita,hydro_energy_per_capita,low_carbon_share_elec,low_carbon_electricity,low_carbon_elec_per_capita,low_carbon_cons_change_pct,low_carbon_share_energy,low_carbon_cons_change_twh,low_carbon_consumption,low_carbon_energy_per_capita,net_elec_imports_share_demand,net_elec_imports,nuclear_share_elec,nuclear_cons_change_pct,nuclear_share_energy,nuclear_cons_change_twh,nuclear_consumption,nuclear_elec_per_capita,nuclear_energy_per_capita,oil_share_elec,oil_cons_change_pct,oil_share_energy,oil_cons_change_twh,oil_consumption,oil_elec_per_capita,oil_energy_per_capita,oil_production,oil_prod_per_capita,other_renewables_elec_per_capita_exc_biofuel,other_renewables_elec_per_capita,other_renewables_cons_change_pct,other_renewables_share_energy,other_renewables_cons_change_twh,other_renewable_consumption,other_renewables_share_elec_exc_biofuel,other_renewables_share_elec,other_renewables_energy_per_capita,per_capita_electricity,population,primary_energy_consumption,renewables_elec_per_capita,renewables_share_elec,renewables_cons_change_pct,renewables_share_energy,renewables_cons_change_twh,renewables_consumption,renewables_energy_per_capita,solar_share_elec,solar_cons_change_pct,solar_share_energy,solar_cons_change_twh,solar_consumption,solar_elec_per_capita,solar_energy_per_capita,wind_share_elec,wind_cons_change_pct,wind_share_energy,wind_cons_change_twh,wind_consumption,wind_elec_per_capita,wind_energy_per_capita
JAM,Jamaica,1980,,,,,,,,,,,,,,,,,,,,,,,,0.0,0.0,,,,,,,,,,,,,,,,3.067,15725.275,,,,,,,,11088294925.0,,,,,,,,0.0,0.0,,,,,,,,,,,,,,,,,,,,,,,,,,,,,,,,0.0,0.0,,,,,,,,,,,2162839.0,34.011,,,,,,,,,,,,,,,,,,,,,
JAM,Jamaica,1981,,0.0,,0.0,,0.0,-13.237,-4.502,,,,,,,,,,,,,,,,0.0,0.0,,,,,,,,,,,,,,,,2.593,13432.049,,,,,,,,11382174720.0,,,,,,,,0.0,0.0,,,,,,,,,,,,,,,,,,,,,,,,,,,,,,,,0.0,0.0,,,,,,,,,,,2196921.0,29.509,,,,,,,,,,,,,,,,,,,,,
JAM,Jamaica,1982,,0.0,,0.0,,0.0,-14.781,-4.362,,,,,,,,,,,,,,,,0.0,0.0,,,,,,,,,,,,,,,,2.18,11256.364,,,,,,,,11535212871.0,,,,,,,,0.0,0.0,,,,,,,,,,,,,,,,,,,,,,,,,,,,,,,,0.0,0.0,,,,,,,,,,,2234062.0,25.147,,,,,,,,,,,,,,,,,,,,,
JAM,Jamaica,1983,,0.0,,0.0,,0.0,5.234,1.316,,,,,,,,,,,,,,,,0.0,0.0,,,,,,,,,,,,,,,,2.242,11649.103,,,,,,,,11802647052.0,,,,,,,,0.0,0.0,,,,,,,,,,,,,,,,,,,,,,,,,,,,,,,,0.0,0.0,,,,,,,,,,,2271735.0,26.464,,,,,,,,,,,,,,,,,,,,,
JAM,Jamaica,1984,,0.0,,0.0,,0.0,-14.885,-3.939,,,,,,,,,,,,,,,,0.0,0.0,,,,,,,,,,,,,,,,1.925,9766.202,,,,,,,,11703298358.0,,,,,,,,0.0,0.0,,,,,,,,,,,,,,,,,,,,,,,,,,,,,,,,0.0,0.0,,,,,,,,,,,2306367.0,22.524,,,,,,,,,,,,,,,,,,,,,
JAM,Jamaica,1985,,0.0,,0.0,,0.0,-11.593,-2.611,,,,,,,,,,,,,,,,0.0,0.0,,,,,,,,,,,,,,,,1.784,8526.284,,,,,,,,11161990728.0,,,,,,,,0.0,0.0,,,,,,,,,,,,,,,,,,,,,,,,,,,,,,,,0.0,0.0,,,,,,,,,,,2335510.0,19.913,,,,,,,,,,,,,,,,,,,,,
JAM,Jamaica,1986,,0.0,,0.0,,0.0,-0.666,-0.133,,,,,,,,,,,,,,,,0.0,0.0,,,,,,,,,,,,,,,,1.743,8388.104,,,,,,,,11346420888.0,,,,,,,,0.0,0.0,,,,,,,,,,,,,,,,,,,,,,,,,,,,,,,,0.0,0.0,,,,,,,,,,,2358165.0,19.781,,,,,,,,,,,,,,,,,,,,,
JAM,Jamaica,1987,,0.0,,0.0,,0.0,9.905,1.959,,,,,,,,,,,,,,,,0.0,0.0,,,,,,,,,,,,,,,,1.778,9152.095,,,,,,,,12223987924.0,,,,,,,,0.0,0.0,,,,,,,,,,,,,,,,,,,,,,,,,,,,,,,,0.0,0.0,,,,,,,,,,,2375400.0,21.74,,,,,,,,,,,,,,,,,,,,,
JAM,Jamaica,1988,,0.0,,0.0,,0.0,12.948,2.815,,,,,,,,,,,,,,,,0.0,0.0,,,,,,,,,,,,,,,,1.952,10276.46,,,,,,,,12576229722.0,,,,,,,,0.0,0.0,,,,,,,,,,,,,,,,,,,,,,,,,,,,,,,,0.0,0.0,,,,,,,,,,,2389415.0,24.555,,,,,,,,,,,,,,,,,,,,,
JAM,Jamaica,1989,,0.0,,0.0,,0.0,16.296,4.001,,,,,,,,,,,,,,,,0.0,0.0,,,,,,,,,,,,,,,,2.125,11881.276,,,,,,,,13436047716.0,,,,,,,,0.0,0.0,,,,,,,,,,,,,,,,,,,,,,,,,,,,,,,,0.0,0.0,,,,,,,,,,,2403464.0,28.556,,,,,,,,,,,,,,,,,,,,,
JAM,Jamaica,1990,,0.0,,0.0,,0.0,4.655,1.329,,,,,,,,,,,,,,,,0.0,0.0,,,,,,,,,,,,,,,,2.109,12349.854,,,,,,,,14169709270.0,,,,,,,,0.0,0.0,,,,,,,,,,,,,,,,,,,,,,,,,,,,,,,,0.0,0.0,,,,,,,,,,,2419901.0,29.885,,,,,,,,,,,,,,,,,,,,,
JAM,Jamaica,1991,,0.0,,0.0,,0.0,4.379,1.309,,,,,,,,,,,,,,,,0.0,0.0,,,,,,,,,,,,,,,,2.142,12787.932,,,,,,,,14561161446.0,,,,,,,,0.0,0.0,,,,,,,,,,,,,,,,,,,,,,,,,,,,,,,,0.0,0.0,,,,,,,,,,,2439329.0,31.194,,,,,,,,,,,,,,,,,,,,,
JAM,Jamaica,1992,,0.0,,0.0,,0.0,8.166,2.547,,,,,,,,,,,,,,,,0.0,0.0,,,,,,,,,,,,,,,,2.222,13710.158,,,,,,,,15185281747.0,,,,,,,,0.0,0.0,,,,,,,,,,,,,,,,,,,,,,,,,,,,,,,,0.0,0.0,,,,,,,,,,,2461047.0,33.741,,,,,,,,,,,,,,,,,,,,,
JAM,Jamaica,1993,,0.0,,0.0,,0.0,1.509,0.509,,,,,,,,,,,,,,,,0.0,0.0,,,,,,,,,,,,,,,,2.183,13785.263,,,,,,,,15692845085.0,,,,,,,,0.0,0.0,,,,,,,,,,,,,,,,,,,,,,,,,,,,,,,,0.0,0.0,,,,,,,,,,,2484583.0,34.251,,,,,,,,,,,,,,,,,,,,,
JAM,Jamaica,1994,,0.0,,0.0,,0.0,3.116,1.067,,,,,,,,,,,,,,,,0.0,0.0,,,,,,,,,,,,,,,,2.185,14076.272,,,,,,,,16160345371.0,,,,,,,,0.0,0.0,,,,,,,,,,,,,,,,,,,,,,,,,,,,,,,,0.0,0.0,,,,,,,,,,,2509042.0,35.318,,,,,,,,,,,,,,,,,,,,,
JAM,Jamaica,1995,,0.0,,0.0,,0.0,11.48,4.054,,,,,,,,,,,,,,,,0.0,0.0,,,,,,,,,,,,,,,,2.354,15539.475,,,,,,,,16727488599.0,,,,,,,,0.0,0.0,,,,,,,,,,,,,,,,,,,,,,,,,,,,,,,,0.0,0.0,,,,,,,,,,,2533705.0,39.372,,,,,,,,,,,,,,,,,,,,,
JAM,Jamaica,1996,,0.0,,0.0,,0.0,3.061,1.205,,,,,,,,,,,,,,,,0.0,0.0,,,,,,,,,,,,,,,,2.397,15859.17,,,,,,,,16930953706.0,,,,,,,,0.0,0.0,,,,,,,,,,,,,,,,,,,,,,,,,,,,,,,,0.0,0.0,,,,,,,,,,,2558631.0,40.578,,,,,,,,,,,,,,,,,,,,,
JAM,Jamaica,1997,,0.0,,0.0,,0.0,4.429,1.797,,,,,,,,,,,,,,,,0.0,0.0,,,,,,,,,,,,,,,,2.518,16399.58,,,,,,,,16826990477.0,,,,,,,,0.0,0.0,,,,,,,,,,,,,,,,,,,,,,,,,,,,,,,,0.0,0.0,,,,,,,,,,,2583914.0,42.375,,,,,,,,,,,,,,,,,,,,,
JAM,Jamaica,1998,,0.0,,0.0,,0.0,2.25,0.953,,,,,,,,,,,,,,,,0.0,0.0,,,,,,,,,,,,,,,,2.579,16608.125,,,,,,,,16799007089.0,,,,,,,,0.0,0.0,,,,,,,,,,,,,,,,,,,,,,,,,,,,,,,,0.0,0.0,,,,,,,,,,,2608874.0,43.329,,,,,,,,,,,,,,,,,,,,,
JAM,Jamaica,1999,,0.0,,0.0,,0.0,2.407,1.043,,,,,,,,,,,,,,,,0.0,0.0,,,,,,,,,,,,,,,,2.589,16854.057,,,,,,,,17139270922.0,,,,,,,,0.0,0.0,,,,,,,,,,,,,,,,,,,,,,,,,,,,,,,,0.0,0.0,,,,,,,,,,,2632677.0,44.371,,,,,,,,,,,,,,,,,,,,,
JAM,Jamaica,2000,,0.0,,0.0,,0.0,-2.614,-1.16,4.662,109.24,,,,,,630.225,0.0,,,,,0.0,,0.0,0.0,6.22,0.29,0.0,5.82,1.07,0.11,0.0,4.75,0.0,0.29,0.4,0.0,0.0,6.22,3.92,2.478,16277.339,,,,,,2192.34,93.569,17441458841.0,17.203,,,,,403.059,,0.0,0.0,1.768,,,,,41.436,,6.431,0.4,150.676,,,,,,0.0,0.0,0.0,,,,,0.0,,76.367,,,,,1789.281,,0.0,0.0,0.0,109.24,,,,,0.0,4.662,,2343.016,2654698.0,43.211,150.676,6.431,,,,,,0.0,,,,,0.0,,0.0,,,,,0.0,
JAM,Jamaica,2001,,0.0,,0.0,,0.0,1.463,0.632,4.625,108.423,,,,,,634.769,0.0,,,,,0.0,,0.0,0.0,6.27,0.29,0.0,5.92,1.09,0.06,0.0,4.83,0.0,0.29,0.35,0.0,0.0,6.27,3.98,2.46,16391.997,,,,,,2213.327,94.418,17823879298.0,17.384,,,,,407.521,,0.0,0.0,0.957,,,,,22.432,,5.582,0.35,130.856,,,,,,0.0,0.0,0.0,,,,,0.0,,77.033,,,,,1805.806,,0.0,0.0,0.0,108.423,,,,,0.0,4.625,,2344.183,2674706.0,43.844,130.856,5.582,,,,,,0.0,,,,,0.0,,0.0,,,,,0.0,
JAM,Jamaica,2002,,0.0,,0.0,,0.0,-0.445,-0.195,4.601,111.406,,,,,,633.436,0.0,,,,,0.0,,0.0,0.0,6.52,0.3,0.0,6.13,1.12,0.09,0.0,5.01,0.0,0.3,0.39,0.0,0.0,6.52,4.13,2.421,16209.196,,,,,,2276.405,94.018,18032735570.0,17.178,,,,,415.917,,0.0,0.0,1.38,,,,,33.422,,5.982,0.39,144.828,,,,,,0.0,0.0,0.0,,,,,0.0,,76.84,,,,,1860.487,,0.0,0.0,0.0,111.406,,,,,0.0,4.601,,2421.233,2692843.0,43.649,144.828,5.982,,,,,,0.0,,,,,0.0,,0.0,,,,,0.0,
JAM,Jamaica,2003,,0.0,,0.0,,0.0,4.217,1.841,4.606,114.415,,,,,,630.015,0.0,,,,,0.0,,0.0,0.0,6.73,0.31,0.0,6.3,1.16,0.12,0.0,5.14,0.0,0.31,0.43,0.0,0.0,6.73,4.24,2.43,16789.278,,,,,,2325.205,93.611,18718085343.0,17.236,,,,,428.133,,0.0,0.0,1.783,,,,,44.29,,6.389,0.43,158.704,,,,,,0.0,0.0,0.0,,,,,0.0,,76.374,,,,,1897.072,,0.0,0.0,0.0,114.415,,,,,0.0,4.606,,2483.91,2709438.0,45.49,158.704,6.389,,,,,,0.0,,,,,0.0,,0.0,,,,,0.0,
JAM,Jamaica,2004,,0.0,,0.0,,0.0,-2.173,-0.988,4.566,113.761,,,,,,625.92,0.0,,,,,0.0,,0.0,0.0,6.79,0.31,0.0,6.32,1.16,0.13,0.0,5.16,0.0,0.31,0.47,0.0,0.03,6.79,4.25,2.344,16330.593,,,,,,2319.252,93.078,18987051501.0,17.084,,,,,425.685,,0.0,0.0,1.915,,,,,47.706,,6.922,0.47,172.476,,,,,,0.0,0.0,0.0,,,,,0.0,,75.994,,,,,1893.566,,0.0,0.0,0.0,113.761,,,,,0.0,4.566,,2491.728,2725017.0,44.501,172.476,6.922,,,,,,0.0,,,,,0.0,,0.442,,,,,11.009,
JAM,Jamaica,2005,,0.0,,0.0,,0.0,3.114,1.386,4.578,116.788,,,,,,622.318,0.0,,,,,0.0,,0.0,0.0,6.99,0.32,0.0,6.47,1.19,0.15,0.0,5.28,0.0,0.32,0.52,0.0,0.05,6.99,4.35,2.393,16746.99,,,,,,2361.314,92.561,19174920628.0,17.024,,,,,434.307,,0.0,0.0,2.146,,,,,54.745,,7.439,0.52,189.781,,,,,,0.0,0.0,0.0,,,,,0.0,,75.536,,,,,1927.007,,0.0,0.0,0.0,116.788,,,,,0.0,4.578,,2551.095,2740000.0,45.887,189.781,7.439,,,,,,0.0,,,,,0.0,,0.715,,,,,18.248,
JAM,Jamaica,2006,,0.0,,0.0,,0.0,14.237,6.533,4.552,116.177,,,,,,621.622,0.0,,,,,0.0,,0.0,0.0,7.03,0.32,0.0,6.5,1.19,0.16,0.0,5.31,0.0,0.32,0.53,0.0,0.05,7.03,4.37,2.655,19031.103,,,,,,2359.849,92.461,19747218783.0,16.927,,,,,432.034,,0.0,0.0,2.276,,,,,58.089,,7.539,0.53,192.418,,,,,,0.0,0.0,0.0,,,,,0.0,,75.533,,,,,1927.815,,0.0,0.0,0.0,116.177,,,,,0.0,4.552,,2552.267,2754414.0,52.42,192.418,7.539,,,,,,0.0,,,,,0.0,,0.711,,,,,18.153,
JAM,Jamaica,2007,,0.0,,0.0,,0.0,1.853,0.971,4.464,90.31,,,,,,617.857,0.0,,,,,0.0,,0.0,0.0,5.6,0.25,0.0,5.14,0.94,0.16,0.0,4.2,0.0,0.25,0.46,0.0,0.05,5.6,3.46,2.663,19286.923,,,,,,1856.783,91.786,20046347040.0,16.786,,,,,339.567,,0.0,0.0,2.857,,,,,57.799,,8.214,0.46,166.171,,,,,,0.0,0.0,0.0,,,,,0.0,,75.0,,,,,1517.216,,0.0,0.0,0.0,90.31,,,,,0.0,4.464,,2022.954,2768229.0,53.391,166.171,8.214,,,,,,0.0,,,,,0.0,,0.893,,,,,18.062,
JAM,Jamaica,2008,,0.0,,0.0,,0.0,-14.956,-7.985,4.5,64.705,,,,,,607.5,0.0,,,,,0.0,,0.0,0.0,4.0,0.18,0.0,3.61,0.66,0.16,0.0,2.95,0.0,0.18,0.39,0.0,0.05,4.0,2.43,2.282,16321.872,,,,,,1297.689,90.25,19893165641.0,16.5,,,,,237.251,,0.0,0.0,4.0,,,,,57.515,,9.75,0.39,140.194,,,,,,0.0,0.0,0.0,,,,,0.0,,73.75,,,,,1060.438,,0.0,0.0,0.0,64.705,,,,,0.0,4.5,,1437.882,2781869.0,45.405,140.194,9.75,,,,,,0.0,,,,,0.0,,1.25,,,,,17.974,
JAM,Jamaica,2009,,0.0,,0.0,,0.0,-21.379,-9.707,4.444,64.381,,,,,,609.877,0.0,,,,,0.0,,0.0,0.0,4.05,0.18,0.0,3.67,0.67,0.14,0.0,3.0,0.0,0.18,0.38,0.0,0.06,4.05,2.47,1.857,12768.29,,,,,,1312.665,90.617,19223476886.0,16.543,,,,,239.642,,0.0,0.0,3.457,,,,,50.074,,9.383,0.38,135.916,,,,,,0.0,0.0,0.0,,,,,0.0,,74.074,,,,,1073.023,,0.0,0.0,0.0,64.381,,,,,0.0,4.444,,1448.581,2795839.0,35.698,135.916,9.383,,,,,,0.0,,,,,0.0,,1.481,,,,,21.46,
JAM,Jamaica,2010,,0.0,,0.0,,0.0,-8.129,-2.902,4.534,64.046,,,,,,607.053,0.0,,,,,0.0,,0.0,0.0,3.97,0.18,0.0,3.59,0.66,0.15,0.0,2.93,0.0,0.18,0.38,0.0,0.05,3.97,2.41,1.731,11669.332,,,,,,1277.369,90.428,18949014386.0,16.625,,,,,234.837,,0.0,0.0,3.778,,,,,53.372,,9.572,0.38,135.209,,,,,,0.0,0.0,0.0,,,,,0.0,,73.804,,,,,1042.532,,0.0,0.0,0.0,64.046,,,,,0.0,4.534,,1412.578,2810464.0,32.796,135.209,9.572,,,,,,0.0,,,,,0.0,,1.259,,,,,17.791,
JAM,Jamaica,2011,,0.0,,0.0,,0.0,5.944,1.949,4.478,63.696,,,,,,601.99,0.0,,,,,0.0,,0.0,0.0,4.02,0.18,0.0,3.6,0.66,0.15,0.0,2.94,0.0,0.18,0.42,0.0,0.09,4.02,2.42,1.808,12295.234,,,,,,1273.916,89.552,19220333256.0,16.418,,,,,233.551,,0.0,0.0,3.731,,,,,53.08,,10.448,0.42,148.624,,,,,,0.0,0.0,0.0,,,,,0.0,,73.134,,,,,1040.365,,0.0,0.0,0.0,63.696,,,,,0.0,4.478,,1422.54,2825932.0,34.745,148.624,10.448,,,,,,0.0,,,,,0.0,,2.239,,,,,31.848,
JAM,Jamaica,2012,,0.0,,0.0,,0.0,-6.318,-2.195,4.326,59.814,,,,,,597.964,0.0,,,,,0.0,,0.0,0.0,3.93,0.17,0.0,3.5,0.64,0.15,0.0,2.86,0.0,0.17,0.43,0.0,0.11,3.93,2.35,1.718,11452.768,,,,,,1231.472,89.059,18945522090.0,16.285,,,,,225.183,,0.0,0.0,3.817,,,,,52.777,,10.941,0.43,151.295,,,,,,0.0,0.0,0.0,,,,,0.0,,72.774,,,,,1006.288,,0.0,0.0,0.0,59.814,,,,,0.0,4.326,,1382.767,2842128.0,32.55,151.295,10.941,,,,,,0.0,,,,,0.0,,2.799,,,,,38.703,
JAM,Jamaica,2013,,0.0,,0.0,,0.0,8.784,2.859,4.071,55.969,,,,,,608.142,0.0,,,,,0.0,,0.0,0.0,3.93,0.16,0.0,3.53,0.59,0.12,0.0,2.94,0.0,0.16,0.4,0.0,0.12,3.93,2.39,1.882,12386.459,,,,,,1234.823,89.822,18817072342.0,15.013,,,,,206.387,,0.0,0.0,3.053,,,,,41.977,,10.178,0.4,139.923,,,,,,0.0,0.0,0.0,,,,,0.0,,74.809,,,,,1028.436,,0.0,0.0,0.0,55.969,,,,,0.0,4.071,,1374.746,2858710.0,35.409,139.923,10.178,,,,,,0.0,,,,,0.0,,3.053,,,,,41.977,
JAM,Jamaica,2014,,0.0,,0.0,,0.0,-1.49,-0.527,4.103,55.65,,,,,,602.564,0.0,,,,,0.0,,0.0,0.0,3.9,0.16,0.0,3.48,0.58,0.14,0.0,2.9,0.0,0.16,0.42,0.0,0.12,3.9,2.35,1.859,12132.233,,,,,,1210.377,89.231,18759621711.0,14.872,,,,,201.73,,0.0,0.0,3.59,,,,,48.693,,10.769,0.42,146.08,,,,,,0.0,0.0,0.0,,,,,0.0,,74.359,,,,,1008.648,,0.0,0.0,0.0,55.65,,,,,0.0,4.103,,1356.457,2875137.0,34.882,146.08,10.769,,,,,,0.0,,,,,0.0,,3.077,,,,,41.737,
JAM,Jamaica,2015,,0.0,,0.0,,0.0,3.113,1.086,4.103,55.344,,,,,,602.564,0.0,,,,,0.0,,0.0,0.0,3.9,0.16,0.0,3.48,0.58,0.13,0.0,2.9,0.0,0.16,0.42,0.0,0.13,3.9,2.35,1.914,12441.18,,,,,,1203.726,89.231,18792005245.0,14.872,,,,,200.621,,0.0,0.0,3.333,,,,,44.967,,10.769,0.42,145.277,,,,,,0.0,0.0,0.0,,,,,0.0,,74.359,,,,,1003.105,,0.0,0.0,0.0,55.344,,,,,0.0,4.103,,1349.003,2891024.0,35.968,145.277,10.769,,,,,,0.0,,,,,0.0,,3.333,,,,,44.967,
JAM,Jamaica,2016,,0.0,,0.0,,0.0,3.485,1.254,3.893,55.054,,,,,,596.107,0.0,,,,,0.0,,0.0,0.0,4.11,0.16,0.0,3.63,0.61,0.12,0.0,3.02,0.0,0.16,0.48,0.01,0.19,4.11,2.45,1.965,12807.383,,,,,,1249.036,88.321,18942029529.0,14.842,,,,,209.893,,0.0,0.0,2.92,,,,,41.29,,11.679,0.48,165.162,,,,,,0.0,0.0,0.0,,,,,0.0,,73.479,,,,,1039.143,,0.0,0.0,0.0,55.054,,,,,0.0,3.893,,1414.197,2906242.0,37.221,165.162,11.679,,,,,,0.243,,,,,3.441,,4.623,,,,,65.377,
JAM,Jamaica,2017,,,,,,,-9.646,-3.59,3.865,54.779,,,,,,570.048,0.0,,,,,0.0,,,,4.14,0.16,0.0,3.5,0.58,0.15,0.0,2.92,0.0,0.16,0.64,0.04,0.29,4.14,2.36,1.763,11514.119,,,,,,1198.282,84.541,19072161364.0,14.01,,,,,198.572,,,,3.623,,,,,51.355,,15.459,0.64,219.114,,,,,,0.0,0.0,0.0,,,,,0.0,,70.531,,,,,999.71,,,,0.0,54.779,,,,,0.0,3.865,,1417.397,2920848.0,33.631,219.114,15.459,,,,,,0.966,,,,,13.695,,7.005,,,,,99.286,
JAM,Jamaica,2018,,,,,,,3.114,1.047,3.837,54.517,,,,,,563.549,0.0,,,,,0.0,,,,4.17,0.16,0.0,3.48,0.58,0.18,0.0,2.9,0.0,0.16,0.69,0.05,0.3,4.17,2.35,1.785,11816.069,,,,,,1185.749,83.453,19431862176.0,13.909,,,,,197.625,,,,4.317,,,,,61.332,,16.547,0.69,235.105,,,,,,0.0,0.0,0.0,,,,,0.0,,69.544,,,,,988.124,,,,0.0,54.517,,,,,0.0,3.837,,1420.855,2934853.0,34.678,235.105,16.547,,,,,,1.199,,,,,17.037,,7.194,,,,,102.22,
JAM,Jamaica,2019,,,,,,,23.809,8.257,3.088,44.094,,,,,,543.943,0.0,,,,,0.0,,,,4.21,0.13,0.0,3.6,1.24,0.16,0.0,2.36,0.0,0.13,0.61,0.05,0.27,4.21,2.29,,14562.764,,,,,,1221.052,85.511,,29.454,,,,,420.585,,,,3.8,,,,,54.269,,14.489,0.61,206.901,,,,,,0.0,0.0,0.0,,,,,0.0,,56.057,,,,,800.468,,,,0.0,44.094,,,,,0.0,3.088,,1427.953,2948277.0,42.935,206.901,14.489,,,,,,1.188,,,,,16.959,,6.413,,,,,91.579,
JAM,Jamaica,2020,,,,,,,,,3.088,43.902,,,,,,543.943,0.0,,,,,0.0,,,,4.21,0.13,0.0,3.6,1.24,0.16,0.0,2.36,0.0,0.13,0.61,0.05,0.27,4.21,2.29,,,,,,,,1215.739,85.511,,29.454,,,,,418.755,,,,3.8,,,,,54.033,,14.489,0.61,206.0,,,,,,0.0,0.0,0.0,,,,,0.0,,56.057,,,,,796.985,,,,0.0,43.902,,,,,0.0,3.088,,1421.74,2961161.0,,206.0,14.489,,,,,,1.188,,,,,16.885,,6.413,,,,,91.18,
