iso_code,country,year,coal_prod_change_pct,coal_prod_change_twh,gas_prod_change_pct,gas_prod_change_twh,oil_prod_change_pct,oil_prod_change_twh,energy_cons_change_pct,energy_cons_change_twh,biofuel_share_elec,biofuel_elec_per_capita,biofuel_cons_change_pct,biofuel_share_energy,biofuel_cons_change_twh,biofuel_consumption,biofuel_cons_per_capita,carbon_intensity_elec,coal_share_elec,coal_cons_change_pct,coal_share_energy,coal_cons_change_twh,coal_consumption,coal_elec_per_capita,coal_cons_per_capita,coal_production,coal_prod_per_capita,electricity_demand,biofuel_electricity,coal_electricity,fossil_electricity,gas_electricity,hydro_electricity,nuclear_electricity,oil_electricity,other_renewable_exc_biofuel_electricity,other_renewable_electricity,renewables_electricity,solar_electricity,wind_electricity,electricity_generation,greenhouse_gas_emissions,energy_per_gdp,energy_per_capita,fossil_cons_change_pct,fossil_share_energy,fossil_cons_change_twh,fossil_fuel_consumption,fossil_energy_per_capita,fossil_cons_per_capita,fossil_share_elec,gdp,gas_share_elec,gas_cons_change_pct,gas_share_energy,gas_cons_change_twh,gas_consumption,gas_elec_per_capita,gas_energy_per_capita,gas_production,gas_prod_per_capita,hydro_share_elec,hydro_cons_change_pct,hydro_share_energy,hydro_cons_change_twh,hydro_consumption,hydro_elec_per_capita,hydro_energy_per_capita,low_carbon_share_elec,low_carbon_electricity,low_carbon_elec_per_capita,low_carbon_cons_change_pct,low_carbon_share_energy,low_carbon_cons_change_twh,low_carbon_consumption,low_carbon_energy_per_capita,net_elec_imports_share_demand,net_elec_imports,nuclear_share_elec,nuclear_cons_change_pct,nuclear_share_energy,nuclear_cons_change_twh,nuclear_consumption,nuclear_elec_per_capita,nuclear_energy_per_capita,oil_share_elec,oil_cons_change_pct,oil_share_energy,oil_cons_change_twh,oil_consumption,oil_elec_per_capita,oil_energy_per_capita,oil_production,oil_prod_per_capita,other_renewables_elec_per_capita_exc_biofuel,other_renewables_elec_per_capita,other_renewables_cons_change_pct,other_renewables_share_energy,other_renewables_cons_change_twh,other_renewable_consumption,other_renewables_share_elec_exc_biofuel,other_renewables_share_elec,other_renewables_energy_per_capita,per_capita_electricity,population,primary_energy_consumption,renewables_elec_per_capita,renewables_share_elec,renewables_cons_change_pct,renewables_share_energy,renewables_cons_change_twh,renewables_consumption,renewables_energy_per_capita,solar_share_elec,solar_cons_change_pct,solar_share_energy,solar_cons_change_twh,solar_consumption,solar_elec_per_capita,solar_energy_per_capita,wind_share_elec,wind_cons_change_pct,wind_share_energy,wind_cons_change_twh,wind_consumption,wind_elec_per_capita,wind_energy_per_capita
JOR,Jordan,1980,,,,,,,,,,,,,,,,,,,,,,,,0.0,0.0,,,,,,,,,,,,,,,,1.477,9591.317,,,,,,,,15444604787.0,,,,,,,,0.0,0.0,,,,,,,,,,,,,,,,,,,,,,,,,,,,,,,,0.0,0.0,,,,,,,,,,,2377997.0,22.808,,,,,,,,,,,,,,,,,,,,,
JOR,Jordan,1981,,0.0,,0.0,,0.0,18.594,4.241,,,,,,,,,,,,,,,,0.0,0.0,,,,,,,,,,,,,,,,1.673,10973.83,,,,,,,,16171682904.0,,,,,,,,0.0,0.0,,,,,,,,,,,,,,,,,,,,,,,,,,,,,,,,0.0,0.0,,,,,,,,,,,2464870.0,27.049,,,,,,,,,,,,,,,,,,,,,
JOR,Jordan,1982,,0.0,,0.0,,0.0,13.636,3.689,,,,,,,,,,,,,,,,0.0,0.0,,,,,,,,,,,,,,,,1.77,11990.355,,,,,,,,17370376431.0,,,,,,,,0.0,0.0,,,,,,,,,,,,,,,,,,,,,,,,,,,,,,,,0.0,0.0,,,,,,,,,,,2563525.0,30.738,,,,,,,,,,,,,,,,,,,,,
JOR,Jordan,1983,,0.0,,0.0,,0.0,6.0,1.844,,,,,,,,,,,,,,,,0.0,0.0,,,,,,,,,,,,,,,,1.839,12196.478,,,,,,,,17715678048.0,,,,,,,,0.0,0.0,,,,,,,,,,,,,,,,,,,,,,,,,,,,,,,,0.0,0.0,,,,,,,,,,,2671413.0,32.582,,,,,,,,,,,,,,,,,,,,,
JOR,Jordan,1984,,0.0,,0.0,,0.0,5.95,1.939,,,,,,,,,,,,,,,,0.0,0.0,,,,,,,,,,,,,,,,1.794,12397.534,,,,,,,,19244551089.0,,,,,,,,0.0,0.0,,,,,,,,,,,,,,,,,,,,,,,,,,,,,,,,0.0,0.0,,,,,,,,,,,2784457.0,34.52,,,,,,,,,,,,,,,,,,,,,
JOR,Jordan,1985,,0.0,,0.0,,0.0,3.225,1.113,,,,,,,,,,,,,,,,0.0,0.0,,,,,,,,,,,,,,,,1.789,12287.211,,,,,,,,19913089500.0,,,,,,,,0.0,0.0,,,,,,,,,,,,,,,,,,,,,,,,,,,,,,,,0.0,0.0,,,,,,,,,,,2900055.0,35.634,,,,,,,,,,,,,,,,,,,,,
JOR,Jordan,1986,,0.0,,0.0,,0.64,6.56,2.338,,,,,,,,,,,,,,,,0.0,0.0,,,,,,,,,,,,,,,,1.748,12592.888,,,,,,,,21720214033.0,,,,,,,,0.0,0.0,,,,,,,,,,,,,,,,,,,,,,,,,,,,,,,,0.64,212.087,,,,,,,,,,,3015294.0,37.971,,,,,,,,,,,,,,,,,,,,,
JOR,Jordan,1987,,0.0,,0.0,-50.0,-0.32,7.675,2.914,,,,,,,,,,,,,,,,0.0,0.0,,,,,,,,,,,,,,,,1.833,13054.969,,,,,,,,22309352262.0,,,,,,,,0.0,0.0,,,,,,,,,,,,,,,,,,,,,,,,,,,,,,,,0.32,102.099,,,,,,,,,,,3131800.0,40.886,,,,,,,,,,,,,,,,,,,,,
JOR,Jordan,1988,,0.0,,0.0,-0.011,-0.0,-6.166,-2.521,,,,,,,,,,,,,,,,0.0,0.0,,,,,,,,,,,,,,,,1.737,11780.714,,,,,,,,22080859355.0,,,,,,,,0.0,0.0,,,,,,,,,,,,,,,,,,,,,,,,,,,,,,,,0.32,98.176,,,,,,,,,,,3256552.0,38.365,,,,,,,,,,,,,,,,,,,,,
JOR,Jordan,1989,,0.0,,0.86,-60.109,-0.192,2.999,1.151,,,,,,,,,,,,,,,,0.0,0.0,,,,,,,,,,,,,,,,2.001,11624.389,,,,,,,,19744194600.0,,,,,,,,0.86,252.97,,,,,,,,,,,,,,,,,,,,,,,,,,,,,,,,0.128,37.518,,,,,,,,,,,3399333.0,39.515,,,,,,,,,,,,,,,,,,,,,
JOR,Jordan,1990,,0.0,63.929,0.55,50.0,0.064,6.683,2.641,,,,,,,,,,,,,,,,0.0,0.0,,,,,,,,,,,,,,,,2.138,11822.012,,,,,,,,19715854376.0,,,,,,,,1.41,395.321,,,,,,,,,,,,,,,,,,,,,,,,,,,,,,,,0.191,53.649,,,,,,,,,,,3565888.0,42.156,,,,,,,,,,,,,,,,,,,,,
JOR,Jordan,1991,,0.0,0.0,0.0,0.0,0.0,-5.195,-2.19,,,,,,,,,,,,,,,,0.0,0.0,,,,,,,,,,,,,,,,1.969,10627.842,,,,,,,,20298214350.0,,,,,,,,1.41,374.863,,,,,,,,,,,,,,,,,,,,,,,,,,,,,,,,0.191,50.872,,,,,,,,,,,3760493.0,39.966,,,,,,,,,,,,,,,,,,,,,
JOR,Jordan,1992,,0.0,15.468,0.218,-100.0,-0.191,17.859,7.138,,,,,,,,,,,,,,,,0.0,0.0,,,,,,,,,,,,,,,,2.005,11841.977,,,,,,,,23492215431.0,,,,,,,,1.628,409.216,,,,,,,,,,,,,,,,,,,,,,,,,,,,,,,,0.0,0.0,,,,,,,,,,,3977667.0,47.103,,,,,,,,,,,,,,,,,,,,,
JOR,Jordan,1993,,0.0,33.264,0.541,,0.0,-1.073,-0.506,,,,,,,,,,,,,,,,0.0,0.0,,,,,,,,,,,,,,,,1.877,11090.603,,,,,,,,24831921788.0,,,,,,,,2.169,516.278,,,,,,,,,,,,,,,,,,,,,,,,,,,,,,,,0.0,0.0,,,,,,,,,,,4201559.0,46.598,,,,,,,,,,,,,,,,,,,,,
JOR,Jordan,1994,,0.0,40.025,0.868,,0.0,14.919,6.952,,,,,,,,,,,,,,,,0.0,0.0,,,,,,,,,,,,,,,,2.03,12141.767,,,,,,,,26378711247.0,,,,,,,,3.037,688.696,,,,,,,,,,,,,,,,,,,,,,,,,,,,,,,,0.0,0.0,,,,,,,,,,,4410357.0,53.55,,,,,,,,,,,,,,,,,,,,,
JOR,Jordan,1995,,0.0,3.539,0.107,,0.0,4.822,2.582,,,,,,,,,,,,,,,,0.0,0.0,,,,,,,,,,,,,,,,1.978,12232.218,,,,,,,,28377887963.0,,,,,,,,3.145,685.333,,,,,,,,,,,,,,,,,,,,,,,,,,,,,,,,0.0,0.0,,,,,,,,,,,4588842.0,56.132,,,,,,,,,,,,,,,,,,,,,
JOR,Jordan,1996,,0.0,-6.884,-0.217,,0.0,7.472,4.194,,,,,,,,,,,,,,,,0.0,0.0,,,,,,,,,,,,,,,,2.054,12746.201,,,,,,,,29368569317.0,,,,,,,,2.928,618.736,,,,,,,,,,,,,,,,,,,,,,,,,,,,,,,,0.0,0.0,,,,,,,,,,,4732848.0,60.326,,,,,,,,,,,,,,,,,,,,,
JOR,Jordan,1997,,0.0,7.407,0.217,,0.0,-3.353,-2.023,,,,,,,,,,,,,,,,0.0,0.0,,,,,,,,,,,,,,,,1.893,12024.856,,,,,,,,30792687896.0,,,,,,,,3.145,648.711,,,,,,,,,,,,,,,,,,,,,,,,,,,,,,,,0.0,0.0,,,,,,,,,,,4848536.0,58.303,,,,,,,,,,,,,,,,,,,,,
JOR,Jordan,1998,,0.0,-3.448,-0.108,,0.0,6.949,4.052,,,,,,,,,,,,,,,,0.0,0.0,,,,,,,,,,,,,,,,1.936,12612.212,,,,,,,,32203982099.0,,,,,,,,3.037,614.251,,,,,,,,,,,,,,,,,,,,,,,,,,,,,,,,0.0,0.0,,,,,,,,,,,4943975.0,62.354,,,,,,,,,,,,,,,,,,,,,
JOR,Jordan,1999,,0.0,0.0,0.0,,0.0,1.032,0.644,,,,,,,,,,,,,,,,0.0,0.0,,,,,,,,,,,,,,,,1.864,12520.124,,,,,,,,33788473011.0,,,,,,,,3.037,603.535,,,,,,,,,,,,,,,,,,,,,,,,,,,,,,,,0.0,0.0,,,,,,,,,,,5031754.0,62.998,,,,,,,,,,,,,,,,,,,,,
JOR,Jordan,2000,,0.0,3.571,0.108,,0.026,5.304,3.342,0.144,1.952,,,,,,555.556,0.0,,,,,0.0,,0.0,0.0,7.35,0.01,0.0,6.88,4.56,0.04,0.0,2.32,0.0,0.01,0.05,0.0,0.0,6.93,3.85,1.857,12950.693,,,,,,1343.096,99.278,35716133661.0,65.801,,,,,890.191,,3.145,614.017,0.577,,,,,7.809,,0.722,0.05,9.761,,,,,,5.714,0.42,0.0,,,,,0.0,,33.478,,,,,452.904,,0.026,4.993,0.0,1.952,,,,,0.0,0.144,,1352.856,5122495.0,66.34,9.761,0.722,,,,,,0.0,,,,,0.0,,0.0,,,,,0.0,
JOR,Jordan,2001,,0.0,0.0,0.0,-0.229,-0.0,-3.952,-2.622,0.141,1.917,,,,,,557.746,0.0,,,,,0.0,,0.0,0.0,7.4,0.01,0.0,7.05,4.67,0.04,0.0,2.38,0.0,0.01,0.05,0.0,0.0,7.1,3.96,1.672,12212.802,,,,,,1351.266,99.296,38099917301.0,65.775,,,,,895.094,,3.145,602.857,0.563,,,,,7.667,,0.704,0.05,9.583,,,,,,4.054,0.3,0.0,,,,,0.0,,33.521,,,,,456.172,,0.026,4.891,0.0,1.917,,,,,0.0,0.141,,1360.85,5217328.0,63.718,9.583,0.704,,,,,,0.0,,,,,0.0,,0.0,,,,,0.0,
JOR,Jordan,2002,,0.0,6.897,0.217,-50.0,-0.013,4.876,3.107,0.131,1.881,,,,,,551.047,0.0,,,,,0.0,,0.0,0.0,7.96,0.01,0.0,7.58,5.23,0.05,0.0,2.35,0.0,0.01,0.06,0.0,0.0,7.64,4.21,1.637,12566.997,,,,,,1425.478,99.215,40832221479.0,68.455,,,,,983.542,,3.362,632.291,0.654,,,,,9.403,,0.785,0.06,11.283,,,,,,4.02,0.32,0.0,,,,,0.0,,30.759,,,,,441.936,,0.013,2.4,0.0,1.881,,,,,0.0,0.131,,1436.762,5317514.0,66.825,11.283,0.785,,,,,,0.0,,,,,0.0,,0.0,,,,,0.0,
JOR,Jordan,2003,,0.0,0.0,0.0,0.0,0.0,9.198,6.146,0.133,1.84,,,,,,550.532,0.0,,,,,0.0,,0.0,0.0,8.49,0.01,0.0,7.47,5.15,0.04,0.0,2.32,0.0,0.01,0.05,0.0,0.0,7.52,4.14,1.693,13428.633,,,,,,1374.669,99.335,43096850021.0,68.484,,,,,947.73,,3.362,618.733,0.532,,,,,7.361,,0.665,0.05,9.201,,,,,,11.425,0.97,0.0,,,,,0.0,,30.851,,,,,426.939,,0.013,2.348,0.0,1.84,,,,,0.0,0.133,,1383.87,5434036.0,72.972,9.201,0.665,,,,,,0.0,,,,,0.0,,0.0,,,,,0.0,
JOR,Jordan,2004,,0.0,0.0,0.0,0.23,0.0,8.64,6.305,0.119,1.792,,,,,,551.601,0.0,,,,,0.0,,0.0,0.0,9.22,0.01,0.0,8.37,5.77,0.05,0.0,2.6,0.0,0.01,0.06,0.0,0.0,8.43,4.65,1.672,14206.692,,,,,,1499.935,99.288,47416274712.0,68.446,,,,,1034.006,,3.362,602.522,0.593,,,,,8.96,,0.712,0.06,10.752,,,,,,8.568,0.79,0.0,,,,,0.0,,30.842,,,,,465.93,,0.013,2.292,0.0,1.792,,,,,0.0,0.119,,1510.687,5580241.0,79.277,10.752,0.712,,,,,,0.0,,,,,0.0,,0.0,,,,,0.0,
JOR,Jordan,2005,,0.0,-9.677,-0.325,-0.229,-0.0,8.571,6.795,0.11,1.734,,,,,,535.242,0.0,,,,,0.0,,0.0,0.0,9.82,0.01,0.0,9.01,6.9,0.06,0.0,2.11,0.0,0.01,0.07,0.0,0.0,9.08,4.86,1.655,14928.327,,,,,,1562.706,99.229,52009521309.0,75.991,,,,,1196.745,,3.037,526.714,0.661,,,,,10.406,,0.771,0.07,12.141,,,,,,7.536,0.74,0.0,,,,,0.0,,23.238,,,,,365.961,,0.013,2.213,0.0,1.734,,,,,0.0,0.11,,1574.847,5765639.0,86.071,12.141,0.771,,,,,,0.0,,,,,0.0,,0.0,,,,,0.0,
JOR,Jordan,2006,,0.0,14.286,0.434,0.0,0.0,3.395,2.923,0.191,3.338,,,,,,535.885,0.0,,,,,0.0,,0.0,0.0,10.91,0.02,0.0,10.38,7.95,0.05,0.0,2.43,0.0,0.02,0.07,0.0,0.0,10.45,5.6,1.561,14853.238,,,,,,1732.441,99.33,57027647580.0,76.077,,,,,1326.869,,3.471,579.262,0.478,,,,,8.345,,0.67,0.07,11.683,,,,,,4.216,0.46,0.0,,,,,0.0,,23.254,,,,,405.571,,0.013,2.13,0.0,3.338,,,,,0.0,0.191,,1744.124,5991547.0,88.994,11.683,0.67,,,,,,0.0,,,,,0.0,,0.0,,,,,0.0,
JOR,Jordan,2007,,0.0,-37.47,-1.3,0.0,0.0,-3.828,-3.407,0.164,3.197,,,,,,528.256,0.0,,,,,0.0,,0.0,0.0,12.24,0.02,0.0,12.13,9.73,0.06,0.0,2.4,0.0,0.02,0.08,0.0,0.0,12.21,6.45,1.367,13682.303,,,,,,1939.159,99.345,62595024703.0,79.689,,,,,1555.483,,2.17,346.94,0.491,,,,,9.592,,0.655,0.08,12.789,,,,,,0.245,0.03,0.0,,,,,0.0,,19.656,,,,,383.675,,0.013,2.04,0.0,3.197,,,,,0.0,0.164,,1951.948,6255290.0,85.587,12.789,0.655,,,,,,0.0,,,,,0.0,,0.0,,,,,0.0,
JOR,Jordan,2008,,0.0,-16.0,-0.347,0.23,0.0,-3.666,-3.138,0.154,3.05,,,,,,528.462,0.0,,,,,0.0,,0.0,0.0,13.22,0.02,0.0,12.92,10.36,0.06,0.0,2.56,0.0,0.02,0.08,0.0,0.0,13.0,6.87,1.208,12575.233,,,,,,1970.572,99.385,68244793597.0,79.692,,,,,1580.118,,1.823,278.042,0.462,,,,,9.151,,0.615,0.08,12.202,,,,,,1.664,0.22,0.0,,,,,0.0,,19.692,,,,,390.454,,0.013,1.951,0.0,3.05,,,,,0.0,0.154,,1982.773,6556473.0,82.449,12.202,0.615,,,,,,0.0,,,,,0.0,,0.0,,,,,0.0,
JOR,Jordan,2009,,0.0,4.762,0.087,-0.229,-0.0,3.996,3.294,0.149,2.901,,,,,,520.864,0.0,,,,,0.0,,0.0,0.0,13.66,0.02,0.0,13.34,11.15,0.06,0.0,2.19,0.0,0.02,0.08,0.0,0.0,13.42,6.99,1.167,12438.755,,,,,,1935.224,99.404,73471748786.0,83.085,,,,,1617.523,,1.91,277.051,0.447,,,,,8.704,,0.596,0.08,11.606,,,,,,1.757,0.24,0.0,,,,,0.0,,16.319,,,,,317.702,,0.013,1.851,0.0,2.901,,,,,0.0,0.149,,1946.83,6893258.0,85.744,11.606,0.596,,,,,,0.0,,,,,0.0,,0.0,,,,,0.0,
JOR,Jordan,2010,,0.0,0.0,0.0,0.0,0.0,4.084,3.502,0.144,2.754,,,,,,521.238,0.0,,,,,0.0,,0.0,0.0,14.5,0.02,0.0,13.81,11.54,0.06,0.0,2.27,0.0,0.02,0.08,0.0,0.0,13.89,7.24,1.158,12290.188,,,,,,1901.8,99.424,77063828478.0,83.081,,,,,1589.194,,1.91,263.0,0.432,,,,,8.263,,0.576,0.08,11.017,,,,,,4.207,0.61,0.0,,,,,0.0,,16.343,,,,,312.606,,0.013,1.757,0.0,2.754,,,,,0.0,0.144,,1912.817,7261541.0,89.246,11.017,0.576,,,,,,0.0,,,,,0.0,,0.0,,,,,0.0,
JOR,Jordan,2011,,0.0,-9.545,-0.182,-10.115,-0.001,4.715,4.208,0.145,2.61,,,,,,516.34,0.0,,,,,0.0,,0.0,0.0,15.42,0.02,0.0,13.7,11.8,0.05,0.0,1.9,0.0,0.02,0.07,0.0,0.0,13.77,7.11,1.148,12195.68,,,,,,1787.845,99.492,81420265808.0,85.694,,,,,1539.895,,1.727,225.436,0.363,,,,,6.525,,0.508,0.07,9.135,,,,,,10.7,1.65,0.0,,,,,0.0,,13.798,,,,,247.949,,0.011,1.497,0.0,2.61,,,,,0.0,0.145,,1796.98,7662858.0,93.454,9.135,0.508,,,,,,0.0,,,,,0.0,,0.0,,,,,0.0,
JOR,Jordan,2012,,0.0,-9.548,-0.165,22.762,0.003,6.116,5.716,0.128,2.472,,,,,,512.821,0.0,,,,,0.0,,0.0,0.0,16.28,0.02,0.0,15.52,13.63,0.06,0.0,1.89,0.0,0.02,0.08,0.0,0.0,15.6,8.0,1.163,12258.368,,,,,,1918.427,99.487,85277654643.0,87.372,,,,,1684.804,,1.563,193.147,0.385,,,,,7.417,,0.513,0.08,9.889,,,,,,4.177,0.68,0.0,,,,,0.0,,12.115,,,,,233.623,,0.014,1.74,0.0,2.472,,,,,0.0,0.128,,1928.315,8089963.0,99.17,9.889,0.513,,,,,,0.0,,,,,0.0,,0.0,,,,,0.0,
JOR,Jordan,2013,,0.0,-7.778,-0.122,-0.417,-0.0,-0.565,-0.561,0.123,2.348,,,,,,512.015,0.0,,,,,0.0,,0.0,0.0,16.55,0.02,0.0,16.16,14.31,0.05,0.0,1.85,0.0,0.02,0.07,0.0,0.0,16.23,8.31,1.101,11575.204,,,,,,1896.938,99.569,89527278456.0,88.17,,,,,1679.776,,1.441,169.154,0.308,,,,,5.869,,0.431,0.07,8.217,,,,,,1.934,0.32,0.0,,,,,0.0,,11.399,,,,,217.162,,0.014,1.646,0.0,2.348,,,,,0.0,0.123,,1905.155,8518992.0,98.609,8.217,0.431,,,,,,0.0,,,,,0.0,,0.0,,,,,0.0,
JOR,Jordan,2014,,0.0,-12.651,-0.182,0.0,0.0,2.792,2.753,0.116,2.242,,,,,,511.939,0.0,,,,,0.0,,0.0,0.0,17.54,0.02,0.0,17.09,15.14,0.06,0.0,1.95,0.0,0.02,0.08,0.0,0.0,17.17,8.79,1.078,11365.0,,,,,,1916.172,99.534,94014871021.0,88.177,,,,,1697.534,,1.259,141.131,0.349,,,,,6.727,,0.466,0.08,8.97,,,,,,2.109,0.37,0.0,,,,,0.0,,11.357,,,,,218.639,,0.014,1.572,0.0,2.242,,,,,0.0,0.116,,1925.142,8918822.0,101.362,8.97,0.466,,,,,,0.0,,,,,0.0,,0.0,,,,,0.0,
JOR,Jordan,2015,,0.0,4.138,0.052,0.0,0.0,7.767,7.873,0.391,7.554,,,,,,507.83,0.0,,,,,0.0,,0.0,0.0,18.43,0.07,0.0,17.64,15.62,0.05,0.0,2.02,0.0,0.07,0.24,0.0,0.12,17.88,9.08,1.119,11788.119,,,,,,1903.616,98.658,97646622806.0,87.36,,,,,1685.629,,1.311,141.455,0.28,,,,,5.396,,1.342,0.24,25.9,,,,,,2.984,0.55,0.0,,,,,0.0,,11.298,,,,,217.988,,0.014,1.513,0.0,7.554,,,,,0.0,0.391,,1929.516,9266573.0,109.235,25.9,1.342,,,,,,0.0,,,,,0.0,,0.671,,,,,12.95,
JOR,Jordan,2016,,0.0,-15.232,-0.2,0.418,0.0,6.773,7.398,0.378,7.327,,,,,,490.556,0.0,,,,,0.0,,0.0,0.0,18.82,0.07,0.0,17.61,15.6,0.04,0.0,2.01,0.0,0.07,0.92,0.42,0.39,18.53,9.09,1.157,12207.449,,,,,,1843.152,95.035,100765782240.0,84.188,,,,,1632.775,,1.111,116.298,0.216,,,,,4.187,,4.965,0.92,96.292,,,,,,1.541,0.29,0.0,,,,,0.0,,10.847,,,,,210.377,,0.014,1.474,0.0,7.327,,,,,0.0,0.378,,1939.444,9554286.0,116.633,96.292,4.965,,,,,,2.267,,,,,43.959,,2.105,,,,,40.819,
JOR,Jordan,2017,,,,,,,3.494,4.075,0.358,7.153,,,,,,478.55,0.0,,,,,0.0,,,,19.57,0.07,0.0,18.11,16.04,0.04,0.0,2.07,0.0,0.07,1.47,0.91,0.45,19.58,9.37,1.173,12335.02,,,,,,1850.633,92.492,102897985854.0,81.92,,,,,1639.103,,,,0.204,,,,,4.088,,7.508,1.47,150.217,,,,,,-0.051,-0.01,0.0,,,,,0.0,,10.572,,,,,211.53,,,,0.0,7.153,,,,,0.0,0.358,,2000.85,9785840.0,120.709,150.217,7.508,,,,,,4.648,,,,,92.992,,2.298,,,,,45.985,
JOR,Jordan,2018,,,,,,,-2.309,-2.787,0.311,6.021,,,,,,456.432,0.0,,,,,0.0,,,,19.37,0.06,0.0,17.04,15.34,0.02,0.0,1.7,0.0,0.06,2.24,1.44,0.72,19.28,8.8,1.124,11833.149,,,,,,1709.93,88.382,104894207135.0,79.564,,,,,1539.338,,,,0.104,,,,,2.007,,11.618,2.24,224.779,,,,,,0.465,0.09,0.0,,,,,0.0,,8.817,,,,,170.592,,,,0.0,6.021,,,,,0.0,0.311,,1934.709,9965322.0,117.921,224.779,11.618,,,,,,7.469,,,,,144.501,,3.734,,,,,72.251,
JOR,Jordan,2019,,,,,,,-1.625,-1.916,0.308,5.94,,,,,,436.634,0.0,,,,,0.0,,,,19.63,0.06,0.0,16.41,14.77,0.05,0.0,1.64,0.0,0.06,3.08,2.09,0.88,19.49,8.51,,11483.718,,,,,,1624.48,84.197,,75.782,,,,,1462.131,,,,0.257,,,,,4.95,,15.803,3.08,304.899,,,,,,0.713,0.14,0.0,,,,,0.0,,8.415,,,,,162.349,,,,0.0,5.94,,,,,0.0,0.308,,1929.379,10101697.0,116.005,304.899,15.803,,,,,,10.723,,,,,206.896,,4.515,,,,,87.114,
JOR,Jordan,2020,,,,,,,,,0.306,5.881,,,,,,435.138,0.0,,,,,0.0,,,,19.72,0.06,0.0,16.41,14.77,0.03,0.0,1.64,0.0,0.06,3.17,2.2,0.88,19.58,8.52,,,,,,,,1608.328,83.81,,75.434,,,,,1447.594,,,,0.153,,,,,2.94,,16.19,3.17,310.689,,,,,,0.71,0.14,0.0,,,,,0.0,,8.376,,,,,160.735,,,,0.0,5.881,,,,,0.0,0.306,,1919.017,10203140.0,,310.689,16.19,,,,,,11.236,,,,,215.62,,4.494,,,,,86.248,
