iso_code,country,year,coal_prod_change_pct,coal_prod_change_twh,gas_prod_change_pct,gas_prod_change_twh,oil_prod_change_pct,oil_prod_change_twh,energy_cons_change_pct,energy_cons_change_twh,biofuel_share_elec,biofuel_elec_per_capita,biofuel_cons_change_pct,biofuel_share_energy,biofuel_cons_change_twh,biofuel_consumption,biofuel_cons_per_capita,carbon_intensity_elec,coal_share_elec,coal_cons_change_pct,coal_share_energy,coal_cons_change_twh,coal_consumption,coal_elec_per_capita,coal_cons_per_capita,coal_production,coal_prod_per_capita,electricity_demand,biofuel_electricity,coal_electricity,fossil_electricity,gas_electricity,hydro_electricity,nuclear_electricity,oil_electricity,other_renewable_exc_biofuel_electricity,other_renewable_electricity,renewables_electricity,solar_electricity,wind_electricity,electricity_generation,greenhouse_gas_emissions,energy_per_gdp,energy_per_capita,fossil_cons_change_pct,fossil_share_energy,fossil_cons_change_twh,fossil_fuel_consumption,fossil_energy_per_capita,fossil_cons_per_capita,fossil_share_elec,gdp,gas_share_elec,gas_cons_change_pct,gas_share_energy,gas_cons_change_twh,gas_consumption,gas_elec_per_capita,gas_energy_per_capita,gas_production,gas_prod_per_capita,hydro_share_elec,hydro_cons_change_pct,hydro_share_energy,hydro_cons_change_twh,hydro_consumption,hydro_elec_per_capita,hydro_energy_per_capita,low_carbon_share_elec,low_carbon_electricity,low_carbon_elec_per_capita,low_carbon_cons_change_pct,low_carbon_share_energy,low_carbon_cons_change_twh,low_carbon_consumption,low_carbon_energy_per_capita,net_elec_imports_share_demand,net_elec_imports,nuclear_share_elec,nuclear_cons_change_pct,nuclear_share_energy,nuclear_cons_change_twh,nuclear_consumption,nuclear_elec_per_capita,nuclear_energy_per_capita,oil_share_elec,oil_cons_change_pct,oil_share_energy,oil_cons_change_twh,oil_consumption,oil_elec_per_capita,oil_energy_per_capita,oil_production,oil_prod_per_capita,other_renewables_elec_per_capita_exc_biofuel,other_renewables_elec_per_capita,other_renewables_cons_change_pct,other_renewables_share_energy,other_renewables_cons_change_twh,other_renewable_consumption,other_renewables_share_elec_exc_biofuel,other_renewables_share_elec,other_renewables_energy_per_capita,per_capita_electricity,population,primary_energy_consumption,renewables_elec_per_capita,renewables_share_elec,renewables_cons_change_pct,renewables_share_energy,renewables_cons_change_twh,renewables_consumption,renewables_energy_per_capita,solar_share_elec,solar_cons_change_pct,solar_share_energy,solar_cons_change_twh,solar_consumption,solar_elec_per_capita,solar_energy_per_capita,wind_share_elec,wind_cons_change_pct,wind_share_energy,wind_cons_change_twh,wind_consumption,wind_elec_per_capita,wind_energy_per_capita
KAZ,Kazakhstan,1985,,,,,,,,,,,,,,,,,72.687,,55.779,,443.498,3770.556,28310.371,666.059,42517.326,,,59.068,76.053,8.686,5.21,0.0,8.299,,0.0,5.21,0.0,0.0,81.263,,4.362,50754.13,,98.18,,780.621,49830.264,4854.749,93.588,182290343205.0,10.688,,11.349,,90.234,554.444,5760.0,38.679,2469.027,6.412,,1.82,,14.474,332.606,923.907,6.412,5.21,332.606,,1.82,,14.474,923.907,,,0.0,,0.0,,0.0,0.0,0.0,10.212,,31.051,,246.888,529.749,15759.893,263.536,16822.586,,0.0,,0.0,,0.0,,0.0,0.0,5187.355,15665594.0,795.094,332.606,6.412,,1.82,,14.474,923.907,0.0,,0.0,,0.0,0.0,0.0,0.0,,0.0,,0.0,0.0,0.0
KAZ,Kazakhstan,1986,5.046,33.613,6.745,2.609,2.78,7.327,2.302,18.3,,,,,,,,,73.303,5.066,57.287,22.469,465.968,3934.792,29393.928,699.672,44136.299,,,62.376,80.312,9.172,4.782,0.0,8.764,,0.0,4.782,0.0,0.0,85.094,,4.406,51310.039,2.497,98.367,19.491,800.112,50472.184,5066.21,94.381,184592273544.0,10.779,21.081,13.432,19.022,109.256,578.594,6892.031,41.288,2604.482,5.619,-8.227,1.633,-1.191,13.283,301.642,837.896,5.619,4.782,301.642,-8.227,1.633,-1.191,13.283,837.896,,,0.0,,0.0,0.0,0.0,0.0,0.0,10.299,-8.911,27.648,-22.001,224.887,552.824,14186.225,270.863,17086.408,,0.0,,0.0,0.0,0.0,,0.0,0.0,5367.852,15852524.0,813.394,301.642,5.619,-8.227,1.633,-1.191,13.283,837.896,0.0,,0.0,0.0,0.0,0.0,0.0,0.0,,0.0,0.0,0.0,0.0,0.0
KAZ,Kazakhstan,1987,3.3,23.088,8.362,3.452,3.306,8.955,2.234,18.174,,,,,,,,,72.636,3.904,58.222,18.189,484.157,4007.419,30185.775,722.76,45061.925,,,64.276,82.758,9.452,5.732,0.0,9.031,,0.0,5.732,0.0,0.0,88.49,,4.532,51845.78,1.942,98.085,15.535,815.646,50853.124,5159.719,93.522,183469478262.0,10.681,4.464,13.725,4.878,114.134,589.273,7115.892,44.74,2789.41,6.478,19.871,1.915,2.639,15.922,357.371,992.698,6.478,5.732,357.371,19.871,1.915,2.639,15.922,992.698,,,0.0,,0.0,0.0,0.0,0.0,0.0,10.205,-3.349,26.138,-7.532,217.355,563.027,13551.457,279.818,17445.812,,0.0,,0.0,0.0,0.0,,0.0,0.0,5517.09,16039253.0,831.568,357.371,6.478,19.871,1.915,2.639,15.922,992.698,0.0,,0.0,0.0,0.0,0.0,0.0,0.0,,0.0,0.0,0.0,0.0,0.0
KAZ,Kazakhstan,1988,0.312,2.257,13.041,5.834,3.741,10.467,3.624,30.137,,,,,,,,,71.526,4.309,58.607,20.864,505.021,3902.324,31162.63,725.016,44737.528,,,63.241,81.426,9.299,6.991,0.0,8.885,,0.0,6.991,0.0,0.0,88.417,,4.338,53171.947,3.266,97.746,26.638,842.284,51973.617,5024.406,92.093,198629915744.0,10.518,4.274,13.811,4.878,119.011,573.819,7343.645,50.574,3120.726,7.907,21.974,2.254,3.499,19.421,431.414,1198.373,7.907,6.991,431.414,21.974,2.254,3.499,19.421,1198.373,,,0.0,,0.0,0.0,0.0,0.0,0.0,10.049,0.412,25.328,0.896,218.252,548.262,13467.342,290.285,17912.183,,0.0,,0.0,0.0,0.0,,0.0,0.0,5455.82,16205998.0,861.704,431.414,7.907,21.974,2.254,3.499,19.421,1198.373,0.0,,0.0,0.0,0.0,0.0,0.0,0.0,,0.0,0.0,0.0,0.0,0.0
KAZ,Kazakhstan,1989,-3.5,-25.372,-5.943,-3.006,1.763,5.117,-1.569,-13.521,,,,,,,,,71.262,-4.555,56.829,-23.004,482.017,3913.296,29522.99,699.644,42852.365,,,63.892,82.263,9.395,7.292,0.102,8.977,,0.0,7.292,0.0,0.0,89.657,,4.291,51950.208,-1.738,97.579,-14.638,827.646,50692.324,5038.532,91.753,197669310639.0,10.479,3.279,14.491,3.902,122.913,575.433,7528.281,47.569,2913.524,8.133,4.298,2.388,0.835,20.256,446.627,1240.631,8.247,7.394,452.853,5.752,2.421,1.117,20.538,1257.925,,,0.113,,0.033,0.282,0.282,6.226,17.294,10.012,2.045,26.258,4.464,222.715,549.803,13641.053,295.402,18093.021,,0.0,,0.0,0.0,0.0,,0.0,0.0,5491.384,16326848.0,848.183,446.627,8.133,4.298,2.388,0.835,20.256,1240.631,0.0,,0.0,0.0,0.0,0.0,0.0,0.0,,0.0,0.0,0.0,0.0,0.0
KAZ,Kazakhstan,1990,-5.129,-35.886,6.013,2.86,1.575,4.652,1.17,9.922,,,,,,,,,71.12,-6.579,52.477,-31.71,450.307,3792.996,27484.796,663.758,40512.872,,,62.144,80.013,9.138,7.366,0.0,8.731,,0.0,7.366,0.0,0.0,87.379,,4.402,52374.975,1.208,97.616,9.999,837.645,51126.16,4883.641,91.57,194940981328.0,10.458,6.587,15.267,8.097,131.01,557.743,7996.259,50.429,3077.974,8.43,1.015,2.384,0.206,20.461,449.588,1248.857,8.43,7.366,449.588,-0.374,2.384,-0.077,20.461,1248.857,,,0.0,-100.0,0.0,-0.282,0.0,0.0,0.0,9.992,15.092,29.871,33.612,256.327,532.902,15645.105,300.054,18313.976,,0.0,,0.0,0.0,0.0,,0.0,0.0,5333.23,16383881.0,858.105,449.588,8.43,1.015,2.384,0.206,20.461,1248.857,0.0,,0.0,0.0,0.0,0.0,0.0,0.0,,0.0,0.0,0.0,0.0,0.0
KAZ,Kazakhstan,1991,-0.942,-6.252,10.847,5.47,3.101,9.304,-0.104,-0.89,,,,,,,,,72.231,-2.383,51.279,-10.733,439.575,3793.457,26847.042,657.506,40157.197,,,62.111,78.252,8.641,7.2,0.539,7.499,,0.0,7.2,0.0,0.0,85.99,,4.914,52354.41,-0.23,97.492,-1.927,835.718,51041.48,4779.219,91.001,174429512652.0,10.049,4.989,16.046,6.536,137.546,527.762,8400.6,55.899,3414.044,8.373,-2.254,2.333,-0.461,20.0,439.74,1221.501,9.0,7.739,472.67,5.066,2.508,1.037,21.498,1312.972,,,0.627,,0.175,1.498,1.498,32.93,91.471,8.721,0.886,30.167,2.27,258.597,458.0,15793.838,309.358,18894.044,,0.0,,0.0,0.0,0.0,,0.0,0.0,5251.84,16373308.0,857.215,439.74,8.373,-2.254,2.333,-0.461,20.0,1221.501,0.0,,0.0,0.0,0.0,0.0,0.0,0.0,,0.0,0.0,0.0,0.0,0.0
KAZ,Kazakhstan,1992,-3.044,-20.014,2.885,1.613,-3.008,-9.304,-1.283,-10.998,,,,,,,,,71.908,0.738,52.329,3.246,442.82,3668.255,27162.22,637.492,39103.225,,,59.803,75.839,8.735,6.866,0.464,7.3,,0.0,6.866,0.0,0.0,83.166,,5.096,51906.223,-1.18,97.594,-9.861,825.857,50657.324,4651.875,91.189,166043897933.0,10.504,2.837,16.715,3.902,141.448,535.823,8676.272,57.512,3527.735,8.256,-4.639,2.254,-0.928,19.072,421.154,1169.874,8.814,7.33,449.618,-5.286,2.406,-1.136,20.361,1248.94,,,0.558,-13.934,0.152,-0.209,1.289,28.464,79.066,8.778,-6.577,28.549,-17.009,241.588,447.797,14818.831,300.054,18405.049,,0.0,,0.0,0.0,0.0,,0.0,0.0,5101.329,16302809.0,846.217,421.154,8.256,-4.639,2.254,-0.928,19.072,1169.874,0.0,,0.0,0.0,0.0,0.0,0.0,0.0,,0.0,0.0,0.0,0.0,0.0
KAZ,Kazakhstan,1993,-11.86,-75.608,-17.592,-10.118,-10.853,-32.564,-11.753,-99.457,,,,,,,,,71.024,-9.19,53.849,-40.694,402.126,3418.779,24851.527,561.884,34724.578,,,55.32,69.815,7.76,7.629,0.446,6.735,,0.0,7.629,0.0,0.0,77.889,,4.927,46149.952,-12.294,96.996,-101.528,724.329,44763.712,4314.57,89.634,151572682288.0,9.963,-4.138,18.158,-5.853,135.594,479.568,8379.782,47.394,2928.978,9.795,11.113,2.838,2.119,21.192,471.474,1309.652,10.368,8.075,499.059,10.168,3.004,2.07,22.432,1386.277,,,0.573,-3.81,0.166,-0.049,1.24,27.585,76.625,8.647,-22.758,24.989,-54.981,186.608,416.223,11532.402,267.49,16530.952,,0.0,,0.0,0.0,0.0,,0.0,0.0,4813.561,16181161.0,746.76,471.474,9.795,11.113,2.838,2.119,21.192,1309.652,0.0,,0.0,0.0,0.0,0.0,0.0,0.0,,0.0,0.0,0.0,0.0,0.0
KAZ,Kazakhstan,1994,-6.626,-37.231,-32.87,-15.579,-11.687,-31.261,-10.982,-82.006,,,,,,,,,70.539,-2.177,59.176,-8.754,393.372,2939.886,24551.694,524.653,32745.344,,,47.104,57.222,5.35,9.179,0.38,4.768,,0.0,9.179,0.0,0.0,66.777,,4.99,41489.464,-11.891,96.006,-86.128,638.201,39832.237,3571.43,85.692,133221814987.0,8.012,-27.338,14.821,-37.069,98.526,333.936,6149.307,31.816,1985.723,13.746,20.317,3.836,4.306,25.497,572.892,1591.367,14.315,9.559,596.613,18.373,3.994,4.121,26.553,1657.26,,,0.569,-14.851,0.159,-0.184,1.056,23.721,65.893,7.141,-21.599,22.009,-40.305,146.303,297.609,9131.236,236.229,14743.806,,0.0,,0.0,0.0,0.0,,0.0,0.0,4167.773,16022224.0,664.753,572.892,13.746,20.317,3.836,4.306,25.497,1591.367,0.0,,0.0,0.0,0.0,0.0,0.0,0.0,,0.0,0.0,0.0,0.0,0.0
KAZ,Kazakhstan,1995,-20.379,-106.92,31.817,10.123,1.58,3.733,-10.159,-67.535,,,,,,,,,71.95,-19.239,53.195,-75.682,317.69,3031.608,20057.043,417.734,26373.144,,,48.019,58.333,5.454,8.331,0.08,4.86,,0.0,8.331,0.0,0.0,66.739,,4.857,37704.701,-10.082,96.088,-64.345,573.856,36229.756,3682.807,87.405,122950922297.0,8.173,14.851,18.948,14.633,113.158,344.352,7144.109,41.938,2647.734,12.483,-9.238,3.875,-2.356,23.142,525.968,1461.024,12.602,8.411,530.991,-12.015,3.912,-3.19,23.363,1474.975,,,0.119,-79.07,0.037,-0.835,0.221,5.022,13.951,7.283,-2.252,23.946,-3.295,143.007,306.848,9028.604,239.962,15149.718,,0.0,,0.0,0.0,0.0,,0.0,0.0,4213.492,15839357.0,597.218,525.968,12.483,-9.238,3.875,-2.356,23.142,1461.024,0.0,,0.0,0.0,0.0,0.0,0.0,0.0,,0.0,0.0,0.0,0.0,0.0
KAZ,Kazakhstan,1996,-7.793,-32.556,10.281,4.312,11.283,27.075,-12.949,-77.335,,,,,,,,,72.04,-10.686,54.578,-33.948,283.743,2707.357,18151.514,385.178,24640.478,,,42.321,51.331,4.764,7.331,0.088,4.246,,0.0,7.331,0.0,0.0,58.747,,4.185,33257.775,-12.997,96.036,-74.582,499.274,31939.382,3283.744,87.377,124225961729.0,8.11,-16.379,18.201,-18.535,94.624,304.769,6053.226,46.25,2958.692,12.479,-12.003,3.917,-2.778,20.364,468.976,1302.712,12.629,7.419,474.63,-11.785,3.964,-2.753,20.609,1318.419,,,0.15,11.111,0.047,0.025,0.246,5.654,15.706,7.227,-15.454,23.257,-22.1,120.907,271.618,7734.643,267.036,17082.759,,0.0,,0.0,0.0,0.0,,0.0,0.0,3758.142,15631926.0,519.883,468.976,12.479,-12.003,3.917,-2.778,20.364,1302.712,0.0,,0.0,0.0,0.0,0.0,0.0,0.0,,0.0,0.0,0.0,0.0,0.0
KAZ,Kazakhstan,1997,-5.021,-19.339,24.373,11.273,12.273,32.773,-11.827,-61.487,,,,,,,,,71.55,-14.153,53.139,-40.157,243.586,2415.034,15811.104,365.84,23746.553,,,37.206,45.199,4.226,6.499,0.301,3.767,,0.0,6.499,0.0,0.0,52.0,,3.609,29754.349,-11.971,95.88,-59.766,439.508,28528.385,2933.826,86.92,127005613187.0,8.126,-21.505,16.203,-20.349,74.275,274.291,4821.148,57.523,3733.78,12.498,-11.349,3.938,-2.311,18.053,421.848,1171.802,13.076,6.8,441.355,-8.355,4.12,-1.722,18.888,1225.987,,,0.578,240.0,0.182,0.589,0.835,19.507,54.185,7.244,0.612,26.538,0.741,121.648,244.502,7896.133,299.81,19460.579,,0.0,,0.0,0.0,0.0,,0.0,0.0,3375.307,15406005.0,458.396,421.848,12.498,-11.349,3.938,-2.311,18.053,1171.802,0.0,,0.0,0.0,0.0,0.0,0.0,0.0,,0.0,0.0,0.0,0.0,0.0
KAZ,Kazakhstan,1998,-3.636,-13.301,-2.05,-1.179,0.644,1.931,-5.781,-26.499,,,,,,,,,72.019,-1.532,55.535,-3.731,239.855,2361.093,15790.129,352.538,23208.308,,,35.865,43.573,4.073,6.141,0.088,3.634,,0.0,6.141,0.0,0.0,49.8,,3.448,28432.676,-5.669,95.994,-24.915,414.594,27293.55,2868.505,87.496,125251800020.0,8.179,-0.867,17.048,-0.644,73.631,268.147,4847.267,56.344,3709.221,12.331,-5.509,3.95,-0.994,17.058,404.275,1122.986,12.509,6.229,410.093,-8.385,4.006,-1.584,17.304,1139.149,,,0.177,-70.588,0.057,-0.589,0.246,5.819,16.163,7.298,-16.885,23.41,-20.54,101.108,239.264,6656.154,301.74,19864.188,,0.0,,0.0,0.0,0.0,,0.0,0.0,3278.436,15190168.0,431.897,404.275,12.331,-5.509,3.95,-0.994,17.058,1122.986,0.0,,0.0,0.0,0.0,0.0,0.0,0.0,,0.0,0.0,0.0,0.0,0.0
KAZ,Kazakhstan,1999,-16.495,-58.152,25.14,14.165,16.134,48.683,-6.028,-26.035,,,,,,,,,71.999,-7.409,54.719,-17.771,222.084,2267.253,14785.313,294.386,19598.871,,,34.055,41.166,4.098,6.132,0.0,3.012,,0.0,6.132,0.0,0.0,47.3,,3.138,27020.402,-6.214,95.803,-25.765,388.829,25886.422,2740.633,87.031,129322685664.0,8.664,13.222,20.541,9.735,83.366,272.831,5550.141,70.509,4694.139,12.964,-0.147,4.197,-0.025,17.033,408.24,1134.001,12.964,6.132,408.24,-1.563,4.197,-0.271,17.033,1134.001,,,0.0,-100.0,0.0,-0.246,0.0,0.0,0.0,6.369,-17.535,20.544,-17.729,83.379,200.549,5550.969,350.424,23329.571,,0.0,,0.0,0.0,0.0,,0.0,0.0,3149.014,15020573.0,405.862,408.24,12.964,-0.147,4.197,-0.025,17.033,1134.001,0.0,,0.0,0.0,0.0,0.0,0.0,0.0,,0.0,0.0,0.0,0.0,0.0
KAZ,Kazakhstan,2000,28.142,82.846,16.047,11.314,17.212,60.313,-9.231,-37.464,0.0,0.0,,,,,,662.277,69.52,-6.583,56.315,-14.62,207.464,2405.727,13902.57,377.232,25279.027,54.66,0.0,35.9,44.11,5.52,7.53,0.0,2.69,,0.0,7.531,0.0,0.0,51.64,34.2,2.581,24687.031,-10.635,94.321,-41.35,347.478,23285.188,2955.895,85.418,142758054868.0,10.689,-42.663,12.975,-35.567,47.8,369.906,3203.138,81.823,5483.118,14.582,22.816,5.679,3.886,20.92,504.6,1401.862,14.584,7.531,504.67,22.816,5.679,3.886,20.92,1401.862,5.525,3.02,0.0,,0.0,0.0,0.0,0.0,0.0,5.209,10.597,25.031,8.836,92.215,180.262,6179.48,410.737,27524.245,,0.0,,0.0,0.0,0.0,,0.0,0.0,3460.494,14922724.0,368.398,504.67,14.584,22.816,5.679,3.886,20.92,1401.862,0.0,,0.0,0.0,0.0,0.0,0.0,0.0,,0.0,0.0,0.0,0.0,0.0
KAZ,Kazakhstan,2001,5.569,21.007,0.588,0.481,13.518,55.522,12.583,46.355,0.0,0.0,,,,,,663.778,70.567,25.009,62.531,51.884,259.348,2621.023,17393.994,398.239,26709.146,57.18,0.0,39.08,47.3,5.89,8.08,0.0,2.33,,0.0,8.081,0.0,0.0,55.38,36.76,2.546,27816.706,12.943,94.623,44.973,392.451,26320.983,3172.323,85.41,162896068021.0,10.636,-14.367,9.869,-6.868,40.932,395.031,2745.234,82.304,5520.004,14.59,6.607,5.377,1.382,22.302,541.911,1495.745,14.592,8.081,541.987,6.607,5.377,1.382,22.302,1495.745,3.148,1.8,0.0,,0.0,0.0,0.0,0.0,0.0,4.207,-0.047,22.223,-0.043,92.171,156.269,6181.756,466.258,31271.084,,0.0,,0.0,0.0,0.0,,0.0,0.0,3714.234,14910207.0,414.753,541.987,14.592,6.607,5.377,1.382,22.302,1495.745,0.0,,0.0,0.0,0.0,0.0,0.0,0.0,,0.0,0.0,0.0,0.0,0.0
KAZ,Kazakhstan,2002,-6.982,-27.807,21.528,17.718,17.909,83.503,1.837,7.618,0.0,0.0,,,,,,656.952,68.815,1.312,62.209,3.403,262.751,2680.256,17544.588,370.432,24734.756,58.72,0.0,40.14,49.44,6.23,8.89,0.0,3.07,,0.0,8.89,0.0,0.0,58.33,38.32,2.349,28202.851,1.413,94.229,5.546,397.997,26575.318,3301.241,84.759,179806997155.0,10.681,0.357,9.726,0.146,41.078,415.994,2742.911,100.022,6678.77,15.241,9.294,5.771,2.073,24.375,593.609,1627.556,15.24,8.89,593.579,9.294,5.771,2.073,24.375,1627.556,0.664,0.39,0.0,,0.0,0.0,0.0,0.0,0.0,5.263,2.166,22.295,1.996,94.167,204.992,6287.818,549.762,36709.066,,0.0,,0.0,0.0,0.0,,0.0,0.0,3894.851,14976184.0,422.371,593.579,15.24,9.294,5.771,2.073,24.375,1627.556,0.0,,0.0,0.0,0.0,0.0,0.0,0.0,,0.0,0.0,0.0,0.0,0.0
KAZ,Kazakhstan,2003,14.748,54.632,17.633,17.637,8.837,48.582,9.661,40.804,0.0,0.0,,,,,,672.408,71.766,10.414,62.636,27.362,290.113,3035.09,19212.718,425.064,28149.872,62.39,0.0,45.83,55.24,6.82,8.62,0.0,2.59,,0.0,8.625,0.0,0.0,63.86,42.94,2.344,30673.74,10.473,94.927,41.682,439.679,29117.719,3658.267,86.502,197584062114.0,10.68,14.011,10.111,5.755,46.834,451.654,3101.566,117.659,7791.967,13.498,-3.603,5.073,-0.878,23.496,570.859,1556.046,13.505,8.625,571.16,-3.603,5.073,-0.878,23.496,1556.046,-2.356,-1.47,0.0,,0.0,0.0,0.0,0.0,0.0,4.056,9.095,22.18,8.565,102.732,171.523,6803.435,598.344,39625.294,,0.0,,0.0,0.0,0.0,,0.0,0.0,4229.126,15100045.0,463.175,571.16,13.505,-3.603,5.073,-0.878,23.496,1556.046,0.0,,0.0,0.0,0.0,0.0,0.0,0.0,,0.0,0.0,0.0,0.0,0.0
KAZ,Kazakhstan,2004,2.51,10.67,33.17,39.028,15.653,93.658,5.803,26.88,0.0,0.0,,,,,,686.781,75.519,6.597,63.106,19.14,309.252,3315.406,20278.826,435.734,28572.681,64.78,0.0,50.56,58.89,7.15,8.06,0.0,1.18,,0.0,8.057,0.0,0.0,66.95,45.98,2.251,32134.721,6.497,95.55,28.567,468.246,30704.62,3861.635,87.961,217713230203.0,10.68,6.79,10.206,3.18,50.014,468.852,3279.598,156.687,10274.521,12.039,-7.179,4.45,-1.687,21.809,528.524,1430.127,12.034,8.057,528.305,-7.179,4.45,-1.687,21.809,1430.127,-3.35,-2.17,0.0,,0.0,0.0,0.0,0.0,0.0,1.763,6.081,22.238,6.247,108.98,77.377,7146.196,692.001,45377.084,,0.0,,0.0,0.0,0.0,,0.0,0.0,4390.159,15250016.0,490.055,528.305,12.034,-7.179,4.45,-1.687,21.809,1430.127,0.0,,0.0,0.0,0.0,0.0,0.0,0.0,,0.0,0.0,0.0,0.0,0.0
KAZ,Kazakhstan,2005,-0.563,-2.453,22.705,35.576,3.347,23.165,3.99,19.551,0.0,0.0,,,,,,688.015,73.866,1.106,61.356,3.419,312.671,3257.199,20299.658,433.281,28129.985,67.79,0.0,50.17,60.06,7.26,7.86,0.0,2.63,,0.0,7.856,0.0,0.0,67.92,46.73,2.123,33085.268,4.32,95.853,20.229,488.475,31713.363,3899.29,88.428,240091850177.0,10.689,28.063,12.568,14.036,64.05,471.343,4158.306,192.263,12482.318,11.572,-3.108,4.147,-0.678,21.132,510.297,1371.931,11.567,7.856,510.035,-3.108,4.147,-0.678,21.132,1371.931,-0.192,-0.13,0.0,,0.0,0.0,0.0,0.0,0.0,3.872,2.545,21.929,2.774,111.753,170.748,7255.399,715.166,46430.893,,0.0,,0.0,0.0,0.0,,0.0,0.0,4409.587,15402803.0,509.606,510.035,11.567,-3.108,4.147,-0.678,21.132,1371.931,0.0,,0.0,0.0,0.0,0.0,0.0,0.0,,0.0,0.0,0.0,0.0,0.0
KAZ,Kazakhstan,2006,11.196,48.51,4.648,8.936,5.809,41.547,7.674,39.108,0.0,0.0,,,,,,685.878,68.825,5.403,60.061,16.893,329.564,3171.447,21192.12,481.791,30980.813,71.88,0.0,49.32,63.89,8.0,7.77,0.0,6.57,,0.0,7.768,0.0,0.0,71.66,49.15,2.054,35284.201,8.081,96.216,39.476,527.951,33949.05,4108.348,89.157,267206120003.0,11.164,9.937,12.833,6.364,70.414,514.428,4527.861,201.199,12937.788,10.843,-1.741,3.784,-0.368,20.764,499.638,1335.179,10.84,7.768,499.514,-1.741,3.784,-0.368,20.764,1335.179,0.306,0.22,0.0,,0.0,0.0,0.0,0.0,0.0,9.168,14.513,23.322,16.219,127.972,422.474,8229.069,756.713,48659.276,,0.0,,0.0,0.0,0.0,,0.0,0.0,4607.986,15551263.0,548.714,499.514,10.84,-1.741,3.784,-0.368,20.764,1335.179,0.0,,0.0,0.0,0.0,0.0,0.0,0.0,,0.0,0.0,0.0,0.0,0.0
KAZ,Kazakhstan,2007,1.871,9.014,13.894,27.954,3.251,24.598,10.75,58.985,0.0,0.0,,,,,,702.297,73.414,9.886,59.593,32.58,362.144,3582.321,23063.428,490.805,31257.269,76.7,0.0,56.25,68.45,5.05,8.17,0.0,7.15,,0.0,8.171,0.0,0.0,76.62,53.81,2.077,38701.712,10.994,96.428,58.043,585.994,37319.425,4359.286,89.337,292533537806.0,6.591,20.88,14.006,14.702,85.116,321.613,5420.685,229.153,14593.794,10.663,4.535,3.572,0.942,21.705,520.312,1382.318,10.665,8.171,520.402,4.535,3.572,0.942,21.705,1382.318,0.104,0.08,0.0,,0.0,0.0,0.0,0.0,0.0,9.332,8.409,22.829,10.761,138.733,455.353,8835.312,781.312,49758.376,,0.0,,0.0,0.0,0.0,,0.0,0.0,4879.598,15702112.0,607.699,520.402,10.665,4.535,3.572,0.942,21.705,1382.318,0.0,,0.0,0.0,0.0,0.0,0.0,0.0,,0.0,0.0,0.0,0.0,0.0
KAZ,Kazakhstan,2008,13.604,66.77,11.322,25.944,5.279,41.247,5.642,34.289,0.0,0.0,,,,,,707.778,76.665,8.507,61.208,30.806,392.951,3883.464,24772.903,557.575,35151.352,80.64,0.0,61.6,72.89,8.21,7.46,0.0,3.08,,0.0,7.46,0.0,0.0,80.35,56.87,2.113,40472.969,6.195,96.933,36.302,622.296,39231.546,4595.223,90.716,303795877348.0,10.218,6.524,14.123,5.553,90.669,517.585,5716.062,255.098,16082.192,9.284,-9.275,3.067,-2.013,19.692,470.303,1241.455,9.284,7.46,470.292,-9.275,3.067,-2.013,19.692,1241.455,0.36,0.29,0.0,,0.0,0.0,0.0,0.0,0.0,3.833,-0.041,21.601,-0.057,138.676,194.173,8742.581,822.559,51856.798,,0.0,,0.0,0.0,0.0,,0.0,0.0,5065.525,15862126.0,641.987,470.292,9.284,-9.275,3.067,-2.013,19.692,1241.455,0.0,,0.0,0.0,0.0,0.0,0.0,0.0,,0.0,0.0,0.0,0.0,0.0
KAZ,Kazakhstan,2009,-9.437,-52.618,3.825,9.758,8.154,67.073,-9.947,-63.86,0.0,0.0,,,,,,695.288,73.809,-8.438,62.234,-33.158,359.793,3622.137,22426.795,504.957,31475.186,78.06,0.0,58.11,71.85,12.86,6.88,0.0,0.88,,0.0,6.879,0.0,0.0,78.73,54.74,1.87,36036.107,-9.998,96.878,-62.215,560.081,34911.22,4478.585,91.261,309091465023.0,16.334,-3.427,15.146,-3.107,87.562,801.595,5457.956,264.856,16509.123,8.739,-8.354,3.122,-1.645,18.047,428.847,1124.916,8.738,6.879,428.791,-8.354,3.122,-1.645,18.047,1124.916,-0.858,-0.67,0.0,,0.0,0.0,0.0,0.0,0.0,1.118,-18.713,19.498,-25.95,112.726,54.853,7026.469,889.633,55452.95,,0.0,,0.0,0.0,0.0,,0.0,0.0,4907.432,16043015.0,578.128,428.791,8.738,-8.354,3.122,-1.645,18.047,1124.916,0.0,,0.0,0.0,0.0,0.0,0.0,0.0,,0.0,0.0,0.0,0.0,0.0
KAZ,Kazakhstan,2010,9.396,47.444,4.845,12.832,4.175,37.145,7.408,42.825,0.0,0.0,,,,,,712.402,80.653,7.911,62.526,28.463,388.256,4101.58,23889.335,552.401,33989.136,83.81,0.0,66.66,74.63,7.35,8.02,0.0,0.62,,0.0,8.022,0.0,0.0,82.65,58.88,1.862,38207.164,7.134,96.632,39.956,600.037,36920.216,4591.973,90.296,333426869781.0,8.893,9.046,15.377,7.921,95.483,452.244,5875.06,277.688,17086.093,9.704,15.899,3.368,2.869,20.916,493.469,1286.979,9.706,8.022,493.594,15.899,3.368,2.869,20.916,1286.979,1.384,1.16,0.0,,0.0,0.0,0.0,0.0,0.0,0.75,3.169,18.729,3.573,116.298,38.149,7155.821,926.777,57024.458,,0.0,,0.0,0.0,0.0,,0.0,0.0,5085.443,16252273.0,620.953,493.594,9.706,15.899,3.368,2.869,20.916,1286.979,0.0,,0.0,0.0,0.0,0.0,0.0,0.0,,0.0,0.0,0.0,0.0,0.0
KAZ,Kazakhstan,2011,4.744,26.206,5.608,15.572,0.471,4.368,13.283,82.481,0.0,0.0,,,,,,716.563,81.104,8.856,60.082,34.384,422.64,4258.165,25629.059,578.607,35086.919,87.37,0.0,70.22,78.7,7.94,7.88,0.0,0.54,,0.0,7.883,0.0,0.0,86.58,62.04,1.952,42656.508,13.827,97.096,82.968,683.005,41417.676,4772.396,90.899,360338724742.0,9.171,11.269,15.103,10.76,106.243,481.484,6442.613,293.259,17783.35,9.101,-2.328,2.904,-0.487,20.429,477.846,1238.843,9.105,7.883,478.056,-2.326,2.904,-0.487,20.43,1238.867,0.904,0.79,0.0,,0.0,0.0,0.0,0.0,0.0,0.624,32.523,21.91,37.824,154.122,32.746,9346.004,931.145,56464.954,,0.0,,0.0,0.0,0.0,,0.0,0.0,5250.242,16490670.0,703.434,478.056,9.105,-2.326,2.904,-0.487,20.43,1238.867,0.0,,0.0,0.0,0.0,0.0,0.0,0.0,,0.0,0.0,0.0,0.0,0.023
KAZ,Kazakhstan,2012,3.782,21.882,1.202,3.524,-0.98,-9.126,5.011,35.249,0.0,0.0,,,,,,698.632,74.63,4.17,59.601,17.625,440.265,4037.245,26282.126,600.489,35846.812,91.94,0.0,67.63,82.98,14.63,7.64,0.0,0.72,,0.0,7.64,0.0,0.0,90.62,63.31,1.952,44096.481,5.271,97.336,36.0,719.005,42921.777,4953.579,91.569,378347748962.0,16.144,7.413,15.449,7.876,114.119,873.353,6812.448,296.783,17716.772,8.431,-3.708,2.663,-0.758,19.672,456.078,1174.327,8.431,7.64,456.075,-3.676,2.664,-0.751,19.679,1174.74,1.436,1.32,0.0,,0.0,0.0,0.0,0.0,0.0,0.795,6.812,22.286,10.499,164.62,42.981,9827.203,922.019,55040.925,,0.0,,0.0,0.0,0.0,,0.0,0.0,5409.657,16751523.0,738.683,456.075,8.431,-3.676,2.664,-0.751,19.679,1174.74,0.0,,0.0,0.0,0.0,0.0,0.003,0.0,1702.92,0.001,0.006,0.007,0.0,0.41
KAZ,Kazakhstan,2013,-0.497,-2.983,4.884,14.494,3.821,35.227,0.568,4.194,0.0,0.0,,,,,,698.305,74.506,-0.996,58.675,-4.385,435.881,4052.597,25600.734,597.506,35093.498,91.76,0.0,69.0,84.88,15.34,7.73,0.0,0.54,,0.0,7.736,0.0,0.0,92.61,64.67,1.852,43631.628,0.566,97.334,4.066,723.072,42468.374,4985.282,91.653,401054324534.0,16.564,4.731,16.088,5.399,119.518,900.969,7019.666,311.277,18282.331,8.347,0.614,2.664,0.121,19.793,454.008,1162.486,8.353,7.736,454.367,0.648,2.666,0.128,19.806,1163.288,-0.926,-0.85,0.0,,0.0,0.0,0.0,0.0,0.0,0.583,1.854,22.571,3.052,167.673,31.716,9847.974,957.246,56222.205,,0.0,,0.0,0.0,0.0,,0.0,0.0,5439.29,17026118.0,742.877,454.367,8.353,0.648,2.666,0.128,19.806,1163.288,0.0,3623.077,0.0,0.002,0.002,0.0,0.118,0.0,69.636,0.002,0.005,0.012,0.0,0.684
KAZ,Kazakhstan,2014,-4.827,-28.842,1.873,5.83,-1.457,-13.947,1.948,14.471,0.0,0.0,,,,,,685.651,70.964,-1.185,56.872,-5.164,430.717,3881.493,24893.189,568.664,32865.788,93.47,0.0,67.16,86.37,18.19,8.26,0.0,1.02,,0.0,8.277,0.0,0.01,94.64,64.89,1.811,43770.742,1.827,97.219,13.212,736.284,42553.326,4991.73,91.262,418303452066.0,19.22,12.305,17.723,14.706,134.224,1051.286,7757.447,317.108,18327.14,8.728,6.242,2.777,1.236,21.028,477.384,1215.318,8.746,8.277,478.386,6.356,2.781,1.259,21.065,1217.452,-1.252,-1.17,0.0,,0.0,0.0,0.0,0.0,0.0,1.078,2.189,22.624,3.67,171.342,58.951,9902.689,943.299,54517.697,,0.0,,0.0,0.0,0.0,,0.0,0.0,5469.692,17302620.0,757.349,478.386,8.746,6.356,2.781,1.259,21.065,1217.452,0.0,57.025,0.0,0.001,0.003,0.0,0.183,0.011,190.05,0.004,0.022,0.034,0.578,1.951
KAZ,Kazakhstan,2015,-5.548,-31.549,0.575,1.823,-1.153,-10.875,0.624,4.724,0.0,0.0,,,,,,672.632,69.086,-7.55,52.252,-32.518,398.2,3602.889,22661.032,537.115,30566.532,91.64,0.0,63.31,82.19,17.64,9.27,0.0,1.24,,0.0,9.448,0.05,0.13,91.64,61.64,1.8,43368.553,0.257,96.864,1.889,738.173,42008.464,4677.325,89.688,423317839014.0,19.249,1.343,17.85,1.803,136.027,1003.869,7741.113,318.93,18149.895,10.116,11.512,3.077,2.421,23.449,527.544,1334.444,10.309,9.448,537.648,13.458,3.136,2.835,23.9,1360.123,0.0,0.0,0.0,,0.0,0.0,0.0,0.0,0.0,1.353,19.028,26.762,32.604,203.946,70.567,11606.318,932.424,53063.011,,0.027,,0.0,0.001,0.001,,0.001,0.069,5215.112,17572010.0,762.073,537.648,10.309,13.458,3.136,2.835,23.9,1360.123,0.055,3588.474,0.015,0.114,0.117,2.845,6.647,0.142,887.085,0.044,0.299,0.333,7.398,18.963
KAZ,Kazakhstan,2016,-4.101,-22.028,0.635,2.026,-1.976,-18.424,-0.621,-4.73,0.0,0.0,,,,,,648.632,64.694,-1.011,52.047,-4.026,394.174,3433.365,22106.229,515.087,28887.325,93.38,0.0,61.22,82.65,19.51,11.62,0.0,1.92,,0.002,11.986,0.09,0.27,94.63,61.38,1.77,42473.618,-1.486,96.02,-10.972,727.201,40783.195,4635.211,87.34,427912414154.0,20.617,4.042,18.687,5.498,141.525,1094.168,7937.063,320.956,18000.001,12.279,24.628,3.859,5.775,29.224,651.678,1638.943,12.666,11.986,672.204,26.118,3.98,6.242,30.142,1690.455,-1.339,-1.25,0.0,,0.0,0.0,0.0,0.0,0.0,2.029,-6.102,25.286,-12.444,191.502,107.678,10739.903,914.0,51259.327,,0.104,287.097,0.001,0.003,0.005,,0.002,0.262,5307.079,17830902.0,757.343,672.204,12.666,26.118,3.98,6.242,30.142,1690.455,0.095,90.336,0.029,0.106,0.222,5.047,12.468,0.285,107.524,0.091,0.358,0.692,15.142,38.782
KAZ,Kazakhstan,2017,9.003,46.375,7.359,23.62,10.676,97.579,7.831,59.309,0.0,0.0,,,,,,659.523,66.854,7.292,51.787,28.742,422.916,3813.048,23391.336,561.462,31054.268,98.76,0.0,68.94,91.48,21.76,11.21,0.0,0.78,,0.002,11.645,0.09,0.34,103.12,68.01,1.833,45168.726,8.297,96.435,60.339,787.54,43558.595,5059.728,88.712,445456822744.0,21.102,6.588,18.472,9.324,150.849,1203.538,8343.425,344.577,19058.411,10.871,-4.101,3.432,-1.198,28.025,620.021,1550.08,11.292,11.645,644.067,-3.419,3.565,-1.03,29.112,1610.168,-4.415,-4.36,0.0,,0.0,0.0,0.0,0.0,0.0,0.756,11.631,26.177,22.273,213.775,43.142,11823.833,1011.579,55950.085,,0.119,14.881,0.001,0.001,0.005,,0.002,0.297,5703.532,18080024.0,816.652,644.067,11.292,-3.419,3.565,-1.03,29.112,1610.168,0.087,4.182,0.028,0.009,0.232,4.978,12.81,0.33,22.831,0.104,0.158,0.849,18.805,46.981
KAZ,Kazakhstan,2018,5.471,30.717,-0.955,-3.29,4.025,40.714,10.192,83.23,0.0,0.0,,,,,,672.882,69.759,11.973,52.624,50.636,473.551,4084.693,25849.428,592.179,32324.843,103.79,0.0,74.83,96.36,21.47,10.38,0.0,0.06,,0.002,10.905,0.14,0.39,107.27,72.18,1.941,49121.193,10.823,96.988,85.238,872.778,47641.728,5259.936,89.829,463720551976.0,20.015,15.155,19.304,22.862,173.711,1171.968,9482.232,341.286,18629.564,9.677,-7.98,2.866,-2.236,25.789,566.606,1407.735,10.166,10.905,595.282,-6.897,3.012,-2.008,27.104,1479.504,-3.353,-3.48,0.0,,0.0,0.0,0.0,0.0,0.0,0.056,5.492,25.061,11.741,225.516,3.275,12310.068,1052.293,57440.752,,0.133,12.435,0.001,0.001,0.006,,0.002,0.329,5855.472,18319616.0,899.881,595.282,10.166,-6.897,3.012,-2.008,27.104,1479.504,0.131,51.586,0.039,0.119,0.351,7.642,19.165,0.364,12.744,0.106,0.108,0.958,21.289,52.275
KAZ,Kazakhstan,2019,-2.807,-16.625,-0.254,-0.867,0.622,6.548,-2.776,-24.983,0.009,0.539,,,,,,671.206,69.609,-2.521,52.762,-11.939,461.612,3995.38,24882.859,575.554,31024.787,103.42,0.01,74.12,95.38,21.26,9.99,0.0,0.0,,0.005,11.097,0.39,0.71,106.48,71.47,,47160.73,-2.905,96.859,-25.357,847.421,45679.538,5141.383,89.576,,19.966,0.207,19.896,0.36,174.071,1146.003,9383.143,340.42,18350.068,9.382,-4.043,2.828,-1.043,24.746,538.503,1333.939,10.422,11.097,598.182,1.383,3.141,0.375,27.479,1481.229,-2.959,-3.06,0.0,,0.0,0.0,0.0,0.0,0.0,0.0,-6.11,24.201,-13.778,211.737,0.0,11413.536,1058.84,57075.951,,0.276,110.138,0.001,0.007,0.013,,0.005,0.683,5739.72,18551428.0,874.899,598.182,10.422,1.383,3.141,0.375,27.479,1481.229,0.366,175.923,0.111,0.618,0.969,21.023,52.22,0.667,82.844,0.2,0.793,1.751,38.272,94.387
KAZ,Kazakhstan,2020,-1.424,-8.195,-6.904,-23.501,-5.416,-57.351,-1.383,-12.103,0.009,0.533,,,,,,655.38,67.681,-1.569,52.662,-7.243,454.369,3885.665,24198.574,567.359,30216.118,107.06,0.01,72.96,94.28,21.32,9.8,0.0,0.0,,0.005,13.509,2.57,1.14,107.8,70.65,,45950.324,-2.118,96.137,-17.952,829.469,44175.397,5021.114,87.458,,19.777,-4.541,19.259,-7.905,166.165,1135.449,8849.555,316.919,16878.279,9.091,-2.338,2.801,-0.579,24.168,521.923,1287.116,12.531,13.509,719.447,21.286,3.863,5.849,33.328,1774.963,-0.691,-0.74,0.0,,0.0,0.0,0.0,0.0,0.0,0.0,-1.324,24.216,-2.804,208.933,0.0,11127.268,1001.49,53336.808,,0.289,5.482,0.002,0.001,0.013,,0.005,0.712,5741.155,18776708.0,862.796,719.447,12.531,21.286,3.863,5.849,33.328,1774.963,2.384,555.025,0.735,5.377,6.346,136.872,337.948,1.058,59.978,0.325,1.05,2.801,60.714,149.187
KAZ,Kazakhstan,2021,,,,,,,,,0.0,0.0,,,,,,656.097,67.756,,,,,4072.133,,,,113.6,0.0,77.35,99.96,22.61,9.44,0.0,0.0,,,,2.96,1.8,114.16,74.9,,,,,,,,5262.449,87.561,,19.806,,,,,1190.316,,,,8.269,,,,,496.974,,,,,,,,,,-0.493,-0.56,0.0,,,,,0.0,,0.0,,,,,0.0,,,,,,,,,,,,,6010.016,18994958.0,,,,,,,,,2.593,,,,,155.831,,1.577,,,,,94.762,
