iso_code,country,year,coal_prod_change_pct,coal_prod_change_twh,gas_prod_change_pct,gas_prod_change_twh,oil_prod_change_pct,oil_prod_change_twh,energy_cons_change_pct,energy_cons_change_twh,biofuel_share_elec,biofuel_elec_per_capita,biofuel_cons_change_pct,biofuel_share_energy,biofuel_cons_change_twh,biofuel_consumption,biofuel_cons_per_capita,carbon_intensity_elec,coal_share_elec,coal_cons_change_pct,coal_share_energy,coal_cons_change_twh,coal_consumption,coal_elec_per_capita,coal_cons_per_capita,coal_production,coal_prod_per_capita,electricity_demand,biofuel_electricity,coal_electricity,fossil_electricity,gas_electricity,hydro_electricity,nuclear_electricity,oil_electricity,other_renewable_exc_biofuel_electricity,other_renewable_electricity,renewables_electricity,solar_electricity,wind_electricity,electricity_generation,greenhouse_gas_emissions,energy_per_gdp,energy_per_capita,fossil_cons_change_pct,fossil_share_energy,fossil_cons_change_twh,fossil_fuel_consumption,fossil_energy_per_capita,fossil_cons_per_capita,fossil_share_elec,gdp,gas_share_elec,gas_cons_change_pct,gas_share_energy,gas_cons_change_twh,gas_consumption,gas_elec_per_capita,gas_energy_per_capita,gas_production,gas_prod_per_capita,hydro_share_elec,hydro_cons_change_pct,hydro_share_energy,hydro_cons_change_twh,hydro_consumption,hydro_elec_per_capita,hydro_energy_per_capita,low_carbon_share_elec,low_carbon_electricity,low_carbon_elec_per_capita,low_carbon_cons_change_pct,low_carbon_share_energy,low_carbon_cons_change_twh,low_carbon_consumption,low_carbon_energy_per_capita,net_elec_imports_share_demand,net_elec_imports,nuclear_share_elec,nuclear_cons_change_pct,nuclear_share_energy,nuclear_cons_change_twh,nuclear_consumption,nuclear_elec_per_capita,nuclear_energy_per_capita,oil_share_elec,oil_cons_change_pct,oil_share_energy,oil_cons_change_twh,oil_consumption,oil_elec_per_capita,oil_energy_per_capita,oil_production,oil_prod_per_capita,other_renewables_elec_per_capita_exc_biofuel,other_renewables_elec_per_capita,other_renewables_cons_change_pct,other_renewables_share_energy,other_renewables_cons_change_twh,other_renewable_consumption,other_renewables_share_elec_exc_biofuel,other_renewables_share_elec,other_renewables_energy_per_capita,per_capita_electricity,population,primary_energy_consumption,renewables_elec_per_capita,renewables_share_elec,renewables_cons_change_pct,renewables_share_energy,renewables_cons_change_twh,renewables_consumption,renewables_energy_per_capita,solar_share_elec,solar_cons_change_pct,solar_share_energy,solar_cons_change_twh,solar_consumption,solar_elec_per_capita,solar_energy_per_capita,wind_share_elec,wind_cons_change_pct,wind_share_energy,wind_cons_change_twh,wind_consumption,wind_elec_per_capita,wind_energy_per_capita
KEN,Kenya,1980,,,,,,,,,,,,,,,,,,,,,,,,0.0,0.0,,,,,,,,,,,,,,,,1.074,1790.038,,,,,,,,27353659525.0,,,,,,,,0.0,0.0,,,,,,,,,,,,,,,,,,,,,,,,,,,,,,,,0.0,0.0,,,,,,,,,,,16417203.0,29.387,,,,,,,,,,,,,,,,,,,,,
KEN,Kenya,1981,,0.0,,0.0,,0.0,0.48,0.141,,,,,,,,,,,,,,,,0.0,0.0,,,,,,,,,,,,,,,,1.055,1730.467,,,,,,,,27977959575.0,,,,,,,,0.0,0.0,,,,,,,,,,,,,,,,,,,,,,,,,,,,,,,,0.0,0.0,,,,,,,,,,,17063870.0,29.528,,,,,,,,,,,,,,,,,,,,,
KEN,Kenya,1982,,0.0,,0.0,,0.0,-0.043,-0.013,,,,,,,,,,,,,,,,0.0,0.0,,,,,,,,,,,,,,,,0.995,1664.137,,,,,,,,29668751280.0,,,,,,,,0.0,0.0,,,,,,,,,,,,,,,,,,,,,,,,,,,,,,,,0.0,0.0,,,,,,,,,,,17736326.0,29.516,,,,,,,,,,,,,,,,,,,,,
KEN,Kenya,1983,,0.0,,0.0,,0.0,-1.933,-0.571,,,,,,,,,,,,,,,,0.0,0.0,,,,,,,,,,,,,,,,0.97,1570.394,,,,,,,,29852176476.0,,,,,,,,0.0,0.0,,,,,,,,,,,,,,,,,,,,,,,,,,,,,,,,0.0,0.0,,,,,,,,,,,18431760.0,28.945,,,,,,,,,,,,,,,,,,,,,
KEN,Kenya,1984,,0.0,,0.0,,0.0,-1.004,-0.291,,,,,,,,,,,,,,,,0.0,0.0,,,,,,,,,,,,,,,,0.944,1496.605,,,,,,,,30366041116.0,,,,,,,,0.0,0.0,,,,,,,,,,,,,,,,,,,,,,,,,,,,,,,,0.0,0.0,,,,,,,,,,,19146402.0,28.655,,,,,,,,,,,,,,,,,,,,,
KEN,Kenya,1985,,0.0,,0.0,,0.0,5.208,1.492,,,,,,,,,,,,,,,,0.0,0.0,,,,,,,,,,,,,,,,0.951,1516.671,,,,,,,,31697426752.0,,,,,,,,0.0,0.0,,,,,,,,,,,,,,,,,,,,,,,,,,,,,,,,0.0,0.0,,,,,,,,,,,19877078.0,30.147,,,,,,,,,,,,,,,,,,,,,
KEN,Kenya,1986,,0.0,,0.0,,0.0,4.989,1.504,,,,,,,,,,,,,,,,0.0,0.0,,,,,,,,,,,,,,,,0.932,1534.776,,,,,,,,33951056670.0,,,,,,,,0.0,0.0,,,,,,,,,,,,,,,,,,,,,,,,,,,,,,,,0.0,0.0,,,,,,,,,,,20622560.0,31.651,,,,,,,,,,,,,,,,,,,,,
KEN,Kenya,1987,,0.0,,0.0,,0.0,-8.257,-2.613,,,,,,,,,,,,,,,,0.0,0.0,,,,,,,,,,,,,,,,0.807,1358.033,,,,,,,,35990434440.0,,,,,,,,0.0,0.0,,,,,,,,,,,,,,,,,,,,,,,,,,,,,,,,0.0,0.0,,,,,,,,,,,21382112.0,29.038,,,,,,,,,,,,,,,,,,,,,
KEN,Kenya,1988,,0.0,,0.0,,0.0,13.724,3.985,,,,,,,,,,,,,,,,0.0,0.0,,,,,,,,,,,,,,,,0.865,1490.618,,,,,,,,38155533152.0,,,,,,,,0.0,0.0,,,,,,,,,,,,,,,,,,,,,,,,,,,,,,,,0.0,0.0,,,,,,,,,,,22153686.0,33.023,,,,,,,,,,,,,,,,,,,,,
KEN,Kenya,1989,,0.0,,0.0,,0.0,7.896,2.607,,,,,,,,,,,,,,,,0.0,0.0,,,,,,,,,,,,,,,,0.894,1553.516,,,,,,,,39859833492.0,,,,,,,,0.0,0.0,,,,,,,,,,,,,,,,,,,,,,,,,,,,,,,,0.0,0.0,,,,,,,,,,,22935088.0,35.63,,,,,,,,,,,,,,,,,,,,,
KEN,Kenya,1990,,0.0,,0.0,,0.0,0.854,0.304,,,,,,,,,,,,,,,,0.0,0.0,,,,,,,,,,,,,,,,0.864,1514.639,,,,,,,,41570970840.0,,,,,,,,0.0,0.0,,,,,,,,,,,,,,,,,,,,,,,,,,,,,,,,0.0,0.0,,,,,,,,,,,23724574.0,35.934,,,,,,,,,,,,,,,,,,,,,
KEN,Kenya,1991,,0.0,,0.0,,0.0,-7.265,-2.611,,,,,,,,,,,,,,,,0.0,0.0,,,,,,,,,,,,,,,,0.778,1358.943,,,,,,,,42852792061.0,,,,,,,,0.0,0.0,,,,,,,,,,,,,,,,,,,,,,,,,,,,,,,,0.0,0.0,,,,,,,,,,,24521714.0,33.324,,,,,,,,,,,,,,,,,,,,,
KEN,Kenya,1992,,0.0,,0.0,,0.0,8.287,2.761,,,,,,,,,,,,,,,,0.0,0.0,,,,,,,,,,,,,,,,0.837,1424.817,,,,,,,,43098114999.0,,,,,,,,0.0,0.0,,,,,,,,,,,,,,,,,,,,,,,,,,,,,,,,0.0,0.0,,,,,,,,,,,25326080.0,36.085,,,,,,,,,,,,,,,,,,,,,
KEN,Kenya,1993,,0.0,,0.0,,0.0,3.16,1.14,,,,,,,,,,,,,,,,0.0,0.0,,,,,,,,,,,,,,,,0.851,1424.277,,,,,,,,43754837703.0,,,,,,,,0.0,0.0,,,,,,,,,,,,,,,,,,,,,,,,,,,,,,,,0.0,0.0,,,,,,,,,,,26136216.0,37.225,,,,,,,,,,,,,,,,,,,,,
KEN,Kenya,1994,,0.0,,0.0,,0.0,2.197,0.818,,,,,,,,,,,,,,,,0.0,0.0,,,,,,,,,,,,,,,,0.833,1411.587,,,,,,,,45663588824.0,,,,,,,,0.0,0.0,,,,,,,,,,,,,,,,,,,,,,,,,,,,,,,,0.0,0.0,,,,,,,,,,,26950508.0,38.043,,,,,,,,,,,,,,,,,,,,,
KEN,Kenya,1995,,0.0,,0.0,,0.0,6.244,2.376,,,,,,,,,,,,,,,,0.0,0.0,,,,,,,,,,,,,,,,0.834,1455.562,,,,,,,,48490932610.0,,,,,,,,0.0,0.0,,,,,,,,,,,,,,,,,,,,,,,,,,,,,,,,0.0,0.0,,,,,,,,,,,27768296.0,40.418,,,,,,,,,,,,,,,,,,,,,
KEN,Kenya,1996,,0.0,,0.0,,0.0,4.629,1.871,,,,,,,,,,,,,,,,0.0,0.0,,,,,,,,,,,,,,,,0.821,1479.203,,,,,,,,51489487770.0,,,,,,,,0.0,0.0,,,,,,,,,,,,,,,,,,,,,,,,,,,,,,,,0.0,0.0,,,,,,,,,,,28589456.0,42.29,,,,,,,,,,,,,,,,,,,,,
KEN,Kenya,1997,,0.0,,0.0,,0.0,-7.037,-2.976,,,,,,,,,,,,,,,,0.0,0.0,,,,,,,,,,,,,,,,0.745,1336.486,,,,,,,,52761223354.0,,,,,,,,0.0,0.0,,,,,,,,,,,,,,,,,,,,,,,,,,,,,,,,0.0,0.0,,,,,,,,,,,29415660.0,39.314,,,,,,,,,,,,,,,,,,,,,
KEN,Kenya,1998,,0.0,,0.0,,0.0,10.191,4.006,,,,,,,,,,,,,,,,0.0,0.0,,,,,,,,,,,,,,,,0.78,1432.046,,,,,,,,55518260053.0,,,,,,,,0.0,0.0,,,,,,,,,,,,,,,,,,,,,,,,,,,,,,,,0.0,0.0,,,,,,,,,,,30250488.0,43.32,,,,,,,,,,,,,,,,,,,,,
KEN,Kenya,1999,,0.0,,0.0,,0.0,-5.105,-2.211,,,,,,,,,,,,,,,,0.0,0.0,,,,,,,,,,,,,,,,0.709,1321.875,,,,,,,,57993137652.0,,,,,,,,0.0,0.0,,,,,,,,,,,,,,,,,,,,,,,,,,,,,,,,0.0,0.0,,,,,,,,,,,31098764.0,41.109,,,,,,,,,,,,,,,,,,,,,
KEN,Kenya,2000,,0.0,,0.0,,0.0,11.026,4.533,6.667,8.447,,,,,,380.247,0.0,,,,,0.0,,0.0,0.0,4.26,0.27,0.0,2.04,0.0,1.31,0.0,2.04,0.43,0.7,2.01,0.0,0.0,4.05,1.54,0.768,1427.869,,,,,,63.821,50.37,59408909599.0,0.0,,,,,0.0,,0.0,0.0,32.346,,,,,40.983,,49.63,2.01,62.882,,,,,,4.93,0.21,0.0,,,,,0.0,,50.37,,,,,63.821,,0.0,0.0,13.452,21.899,,,,,10.617,17.284,,126.703,31964556.0,45.641,62.882,49.63,,,,,,0.0,,,,,0.0,,0.0,,,,,0.0,
KEN,Kenya,2001,,0.0,,0.0,,0.0,1.813,0.827,4.357,6.089,,,,,,261.438,0.0,,,,,0.0,,0.0,0.0,4.79,0.2,0.0,1.53,0.0,2.38,0.0,1.53,0.48,0.68,3.06,0.0,0.0,4.59,1.2,0.738,1414.628,,,,,,46.577,33.333,62956466670.0,0.0,,,,,0.0,,0.0,0.0,51.852,,,,,72.454,,66.667,3.06,93.155,,,,,,4.175,0.2,0.0,,,,,0.0,,33.333,,,,,46.577,,0.0,0.0,14.613,20.701,,,,,10.458,14.815,,139.732,32848570.0,46.469,93.155,66.667,,,,,,0.0,,,,,0.0,,0.0,,,,,0.0,
KEN,Kenya,2002,,0.0,,0.0,,0.0,0.896,0.416,3.151,4.444,,,,,,189.076,0.0,,,,,0.0,,0.0,0.0,5.0,0.15,0.0,1.13,0.0,3.09,0.0,1.13,0.39,0.54,3.63,0.0,0.0,4.76,0.9,0.727,1389.113,,,,,,33.48,23.739,64478131106.0,0.0,,,,,0.0,,0.0,0.0,64.916,,,,,91.551,,76.261,3.63,107.55,,,,,,4.8,0.24,0.0,,,,,0.0,,23.739,,,,,33.48,,0.0,0.0,11.555,15.999,,,,,8.193,11.345,,141.03,33751748.0,46.885,107.55,76.261,,,,,,0.0,,,,,0.0,,0.0,,,,,0.0,
KEN,Kenya,2003,,0.0,,0.0,,0.0,-4.865,-2.281,1.566,2.307,,,,,,164.384,0.0,,,,,0.0,,0.0,0.0,5.28,0.08,0.0,1.01,0.0,3.23,0.0,1.01,0.79,0.87,4.1,0.0,0.0,5.11,0.84,0.66,1286.205,,,,,,29.124,19.765,67617074215.0,0.0,,,,,0.0,,0.0,0.0,63.209,,,,,93.141,,80.235,4.1,118.228,,,,,,3.22,0.17,0.0,,,,,0.0,,19.765,,,,,29.124,,0.0,0.0,22.781,25.087,,,,,15.46,17.025,,147.352,34678780.0,44.604,118.228,80.235,,,,,,0.0,,,,,0.0,,0.0,,,,,0.0,
KEN,Kenya,2004,,0.0,,0.0,,0.0,7.509,3.349,2.018,3.087,,,,,,214.679,0.0,,,,,0.0,,0.0,0.0,5.53,0.11,0.0,1.47,0.0,2.84,0.0,1.47,1.03,1.14,3.98,0.0,0.0,5.45,1.17,0.665,1345.675,,,,,,41.251,26.972,72070029614.0,0.0,,,,,0.0,,0.0,0.0,52.11,,,,,79.696,,73.028,3.98,111.687,,,,,,1.447,0.08,0.0,,,,,0.0,,26.972,,,,,41.251,,0.0,0.0,28.904,31.991,,,,,18.899,20.917,,152.938,35635264.0,47.953,111.687,73.028,,,,,,0.0,,,,,0.0,,0.0,,,,,0.0,
KEN,Kenya,2005,,0.0,,0.0,,0.0,8.692,4.168,2.56,4.096,,,,,,228.669,0.0,,,,,0.0,,0.0,0.0,5.85,0.15,0.0,1.71,0.0,3.0,0.0,1.71,1.0,1.15,4.15,0.0,0.0,5.86,1.34,0.672,1423.117,,,,,,46.69,29.181,77598872681.0,0.0,,,,,0.0,,0.0,0.0,51.195,,,,,81.911,,70.819,4.15,113.311,,,,,,-0.171,-0.01,0.0,,,,,0.0,,29.181,,,,,46.69,,0.0,0.0,27.304,31.399,,,,,17.065,19.625,,160.0,36624900.0,52.122,113.311,70.819,,,,,,0.0,,,,,0.0,,0.0,,,,,0.0,
KEN,Kenya,2006,,0.0,,0.0,,0.0,9.702,5.057,3.323,5.578,,,,,,232.595,0.0,,,,,0.0,,0.0,0.0,6.26,0.21,0.0,1.86,0.0,3.24,0.0,1.86,1.01,1.22,4.46,0.0,0.0,6.32,1.47,0.684,1518.72,,,,,,49.404,29.43,83653544498.0,0.0,,,,,0.0,,0.0,0.0,51.266,,,,,86.058,,70.57,4.46,118.463,,,,,,-0.958,-0.06,0.0,,,,,0.0,,29.43,,,,,49.404,,0.0,0.0,26.827,32.405,,,,,15.981,19.304,,167.866,37649040.0,57.178,118.463,70.57,,,,,,0.0,,,,,0.0,,0.0,,,,,0.0,
KEN,Kenya,2007,,0.0,,0.0,,0.0,0.732,0.419,2.45,4.134,,,,,,226.646,0.0,,,,,0.0,,0.0,0.0,6.51,0.16,0.0,1.89,0.0,3.45,0.0,1.89,1.02,1.18,4.64,0.01,0.0,6.53,1.48,0.633,1488.063,,,,,,48.83,28.943,91061404075.0,0.0,,,,,0.0,,0.0,0.0,52.833,,,,,89.134,,71.057,4.64,119.878,,,,,,-0.307,-0.02,0.0,,,,,0.0,,28.943,,,,,48.83,,0.0,0.0,26.353,30.486,,,,,15.62,18.07,,168.708,38705932.0,57.597,119.878,71.057,,,,,,0.153,,,,,0.258,,0.0,,,,,0.0,
KEN,Kenya,2008,,0.0,,0.0,,0.0,-1.294,-0.745,2.648,4.272,,,,,,267.913,0.0,,,,,0.0,,0.0,0.0,6.42,0.17,0.0,2.24,0.0,2.82,0.0,2.24,1.18,1.35,4.18,0.01,0.0,6.42,1.72,0.611,1428.714,,,,,,56.293,34.891,92973741341.0,0.0,,,,,0.0,,0.0,0.0,43.925,,,,,70.869,,65.109,4.18,105.046,,,,,,0.0,0.0,0.0,,,,,0.0,,34.891,,,,,56.293,,0.0,0.0,29.654,33.926,,,,,18.38,21.028,,161.339,39791984.0,56.851,105.046,65.109,,,,,,0.156,,,,,0.251,,0.0,,,,,0.0,
KEN,Kenya,2009,,0.0,,0.0,,0.0,9.231,5.248,3.187,5.134,,,,,,326.252,0.0,,,,,0.0,,0.0,0.0,6.6,0.21,0.0,2.86,0.0,2.15,0.0,2.86,1.34,1.55,3.73,0.01,0.02,6.59,2.15,0.635,1518.251,,,,,,69.924,43.399,97797561319.0,0.0,,,,,0.0,,0.0,0.0,32.625,,,,,52.565,,56.601,3.73,91.194,,,,,,0.152,0.01,0.0,,,,,0.0,,43.399,,,,,69.924,,0.0,0.0,32.761,37.896,,,,,20.334,23.52,,161.118,40901796.0,62.099,91.194,56.601,,,,,,0.152,,,,,0.244,,0.303,,,,,0.489,
KEN,Kenya,2010,,0.0,,0.0,,0.0,8.568,5.32,4.006,6.9,,,,,,229.282,0.0,,,,,0.0,,0.0,0.0,7.24,0.29,0.0,2.07,0.0,3.39,0.0,2.07,1.45,1.74,5.17,0.02,0.02,7.24,1.66,0.624,1604.058,,,,,,49.25,28.591,108091064556.0,0.0,,,,,0.0,,0.0,0.0,46.823,,,,,80.655,,71.409,5.17,123.005,,,,,,0.0,0.0,0.0,,,,,0.0,,28.591,,,,,49.25,,0.0,0.0,34.499,41.398,,,,,20.028,24.033,,172.255,42030684.0,67.42,123.005,71.409,,,,,,0.276,,,,,0.476,,0.276,,,,,0.476,
KEN,Kenya,2011,,0.0,,0.0,,0.0,3.357,2.263,3.689,6.485,,,,,,243.742,0.0,,,,,0.0,,0.0,0.0,7.59,0.28,0.0,2.36,0.0,3.42,0.0,2.36,1.5,1.78,5.23,0.02,0.01,7.59,1.85,0.595,1613.838,,,,,,54.657,31.094,117165823883.0,0.0,,,,,0.0,,0.0,0.0,45.059,,,,,79.207,,68.906,5.23,121.126,,,,,,0.0,0.0,0.0,,,,,0.0,,31.094,,,,,54.657,,0.0,0.0,34.74,41.224,,,,,19.763,23.452,,175.783,43178268.0,69.683,121.126,68.906,,,,,,0.264,,,,,0.463,,0.132,,,,,0.232,
KEN,Kenya,2012,,0.0,,0.0,,0.0,-1.387,-0.967,2.864,5.187,,,,,,191.781,0.0,,,,,0.0,,0.0,0.0,8.04,0.23,0.0,1.9,0.0,4.26,0.0,1.9,1.6,1.83,6.13,0.03,0.01,8.03,1.54,0.559,1549.631,,,,,,42.847,23.661,122978803496.0,0.0,,,,,0.0,,0.0,0.0,53.051,,,,,96.068,,76.339,6.13,138.239,,,,,,0.124,0.01,0.0,,,,,0.0,,23.661,,,,,42.847,,0.0,0.0,36.082,41.269,,,,,19.925,22.79,,181.086,44343468.0,68.716,138.239,76.339,,,,,,0.374,,,,,0.677,,0.125,,,,,0.226,
KEN,Kenya,2013,,0.0,,0.0,,0.0,5.797,3.983,3.33,6.371,,,,,,225.029,0.0,,,,,0.0,,0.0,0.0,8.76,0.29,0.0,2.45,0.0,3.91,0.0,2.45,2.01,2.3,6.26,0.03,0.02,8.71,1.96,0.558,1597.086,,,,,,53.823,28.129,130279313971.0,0.0,,,,,0.0,,0.0,0.0,44.891,,,,,85.896,,71.871,6.26,137.522,,,,,,0.571,0.05,0.0,,,,,0.0,,28.129,,,,,53.823,,0.0,0.0,44.156,50.527,,,,,23.077,26.406,,191.345,45519984.0,72.699,137.522,71.871,,,,,,0.344,,,,,0.659,,0.23,,,,,0.439,
KEN,Kenya,2014,,0.0,,0.0,,0.0,7.268,5.284,1.747,3.426,,,,,,150.655,0.0,,,,,0.0,,0.0,0.0,9.2,0.16,0.0,1.59,0.0,3.28,0.0,1.59,4.06,4.22,7.57,0.03,0.04,9.16,1.38,0.566,1669.875,,,,,,34.047,17.358,137740226055.0,0.0,,,,,0.0,,0.0,0.0,35.808,,,,,70.235,,82.642,7.57,162.098,,,,,,0.435,0.04,0.0,,,,,0.0,,17.358,,,,,34.047,,0.0,0.0,86.938,90.364,,,,,44.323,46.07,,196.145,46700064.0,77.983,162.098,82.642,,,,,,0.328,,,,,0.642,,0.437,,,,,0.857,
KEN,Kenya,2015,,0.0,,0.0,,0.0,14.535,11.335,1.431,2.924,,,,,,123.722,0.0,,,,,0.0,,0.0,0.0,9.8,0.14,0.0,1.31,0.0,3.75,0.0,1.31,4.48,4.62,8.47,0.04,0.06,9.78,1.21,0.611,1865.517,,,,,,27.361,13.395,146192510145.0,0.0,,,,,0.0,,0.0,0.0,38.344,,,,,78.324,,86.605,8.47,176.907,,,,,,0.204,0.02,0.0,,,,,0.0,,13.395,,,,,27.361,,0.0,0.0,93.57,96.495,,,,,45.808,47.239,,204.268,47878340.0,89.318,176.907,86.605,,,,,,0.409,,,,,0.835,,0.613,,,,,1.253,
KEN,Kenya,2016,,0.0,,0.0,,0.0,3.859,3.447,1.645,3.058,,,,,,133.772,0.0,,,,,0.0,,0.0,0.0,9.28,0.15,0.0,1.36,0.0,3.31,0.0,1.36,4.2,4.35,7.76,0.04,0.06,9.12,1.22,0.596,1891.165,,,,,,27.726,14.912,155624149936.0,0.0,,,,,0.0,,0.0,0.0,36.294,,,,,67.48,,85.088,7.76,158.201,,,,,,1.724,0.16,0.0,,,,,0.0,,14.912,,,,,27.726,,0.0,0.0,85.624,88.682,,,,,46.053,47.697,,185.927,49051532.0,92.765,158.201,85.088,,,,,,0.439,,,,,0.815,,0.658,,,,,1.223,
KEN,Kenya,2017,,,,,,,1.937,1.797,2.453,5.177,,,,,,179.245,0.0,,,,,0.0,,,,10.75,0.26,0.0,2.25,0.0,3.17,0.0,2.25,4.81,5.07,8.35,0.06,0.05,10.6,1.9,0.579,1882.895,,,,,,44.802,21.226,163192151445.0,0.0,,,,,0.0,,,,29.906,,,,,63.121,,78.774,8.35,166.265,,,,,,1.395,0.15,0.0,,,,,0.0,,21.226,,,,,44.802,,,,95.776,100.953,,,,,45.377,47.83,,211.066,50221144.0,94.561,166.265,78.774,,,,,,0.566,,,,,1.195,,0.472,,,,,0.996,
KEN,Kenya,2018,,,,,,,9.152,8.654,1.383,3.113,,,,,,113.224,0.0,,,,,0.0,,,,11.71,0.16,0.0,1.42,0.0,3.95,0.0,1.42,4.78,4.94,10.15,0.07,1.19,11.57,1.31,0.595,2008.375,,,,,,27.63,12.273,173505898105.0,0.0,,,,,0.0,,,,34.14,,,,,76.859,,87.727,10.15,197.499,,,,,,1.196,0.14,0.0,,,,,0.0,,12.273,,,,,27.63,,,,93.01,96.123,,,,,41.314,42.697,,225.13,51392572.0,103.216,197.499,87.727,,,,,,0.605,,,,,1.362,,10.285,,,,,23.155,
KEN,Kenya,2019,,,,,,,-5.811,-5.997,1.307,2.663,,,,,,111.111,0.0,,,,,0.0,,,,10.97,0.14,0.0,1.26,0.0,3.17,0.0,1.26,4.89,5.03,9.45,0.09,1.16,10.71,1.19,,1849.17,,,,,,23.966,11.765,,0.0,,,,,0.0,,,,29.599,,,,,60.296,,88.235,9.45,179.747,,,,,,2.37,0.26,0.0,,,,,0.0,,11.765,,,,,23.966,,,,93.012,95.675,,,,,45.658,46.965,,203.713,52573968.0,97.218,179.747,88.235,,,,,,0.84,,,,,1.712,,10.831,,,,,22.064,
KEN,Kenya,2020,,,,,,,,,1.127,2.232,,,,,,79.812,0.0,,,,,0.0,,,,10.83,0.12,0.0,0.75,0.0,3.52,0.0,0.75,4.99,5.11,9.9,0.11,1.16,10.65,0.85,,,,,,,,13.948,7.042,,0.0,,,,,0.0,,,,33.052,,,,,65.462,,92.958,9.9,184.113,,,,,,1.662,0.18,0.0,,,,,0.0,,7.042,,,,,13.948,,,,92.8,95.032,,,,,46.854,47.981,,198.061,53771300.0,,184.113,92.958,,,,,,1.033,,,,,2.046,,10.892,,,,,21.573,
KEN,Kenya,2021,,,,,,,,,1.244,2.546,,,,,,104.0,0.0,,,,,0.0,,,,11.6,0.14,0.0,1.22,0.0,2.95,0.0,1.22,4.97,5.11,10.03,0.17,1.8,11.25,1.17,,,,,,,,22.188,10.844,,0.0,,,,,0.0,,,,26.222,,,,,53.65,,89.156,10.03,182.411,,,,,,3.017,0.35,0.0,,,,,0.0,,10.844,,,,,22.188,,,,90.387,92.933,,,,,44.178,45.422,,204.599,54985704.0,,182.411,89.156,,,,,,1.511,,,,,3.092,,16.0,,,,,32.736,
