iso_code,country,year,coal_prod_change_pct,coal_prod_change_twh,gas_prod_change_pct,gas_prod_change_twh,oil_prod_change_pct,oil_prod_change_twh,energy_cons_change_pct,energy_cons_change_twh,biofuel_share_elec,biofuel_elec_per_capita,biofuel_cons_change_pct,biofuel_share_energy,biofuel_cons_change_twh,biofuel_consumption,biofuel_cons_per_capita,carbon_intensity_elec,coal_share_elec,coal_cons_change_pct,coal_share_energy,coal_cons_change_twh,coal_consumption,coal_elec_per_capita,coal_cons_per_capita,coal_production,coal_prod_per_capita,electricity_demand,biofuel_electricity,coal_electricity,fossil_electricity,gas_electricity,hydro_electricity,nuclear_electricity,oil_electricity,other_renewable_exc_biofuel_electricity,other_renewable_electricity,renewables_electricity,solar_electricity,wind_electricity,electricity_generation,greenhouse_gas_emissions,energy_per_gdp,energy_per_capita,fossil_cons_change_pct,fossil_share_energy,fossil_cons_change_twh,fossil_fuel_consumption,fossil_energy_per_capita,fossil_cons_per_capita,fossil_share_elec,gdp,gas_share_elec,gas_cons_change_pct,gas_share_energy,gas_cons_change_twh,gas_consumption,gas_elec_per_capita,gas_energy_per_capita,gas_production,gas_prod_per_capita,hydro_share_elec,hydro_cons_change_pct,hydro_share_energy,hydro_cons_change_twh,hydro_consumption,hydro_elec_per_capita,hydro_energy_per_capita,low_carbon_share_elec,low_carbon_electricity,low_carbon_elec_per_capita,low_carbon_cons_change_pct,low_carbon_share_energy,low_carbon_cons_change_twh,low_carbon_consumption,low_carbon_energy_per_capita,net_elec_imports_share_demand,net_elec_imports,nuclear_share_elec,nuclear_cons_change_pct,nuclear_share_energy,nuclear_cons_change_twh,nuclear_consumption,nuclear_elec_per_capita,nuclear_energy_per_capita,oil_share_elec,oil_cons_change_pct,oil_share_energy,oil_cons_change_twh,oil_consumption,oil_elec_per_capita,oil_energy_per_capita,oil_production,oil_prod_per_capita,other_renewables_elec_per_capita_exc_biofuel,other_renewables_elec_per_capita,other_renewables_cons_change_pct,other_renewables_share_energy,other_renewables_cons_change_twh,other_renewable_consumption,other_renewables_share_elec_exc_biofuel,other_renewables_share_elec,other_renewables_energy_per_capita,per_capita_electricity,population,primary_energy_consumption,renewables_elec_per_capita,renewables_share_elec,renewables_cons_change_pct,renewables_share_energy,renewables_cons_change_twh,renewables_consumption,renewables_energy_per_capita,solar_share_elec,solar_cons_change_pct,solar_share_energy,solar_cons_change_twh,solar_consumption,solar_elec_per_capita,solar_energy_per_capita,wind_share_elec,wind_cons_change_pct,wind_share_energy,wind_cons_change_twh,wind_consumption,wind_elec_per_capita,wind_energy_per_capita
LVA,Latvia,1985,,,,,,,,,,,,,,,,,,,7.984,,8.443,,3271.663,,,,,,,,2.979,0.0,,,0.0,2.979,0.0,0.0,4.961,,2.843,40978.126,,92.176,,97.481,37772.09,,,37201218565.0,,,19.957,,21.105,,8177.807,,,60.042,,7.824,,8.274,1154.184,3206.069,60.042,2.979,1154.184,,7.824,,8.274,3206.069,,,0.0,,0.0,,0.0,0.0,0.0,,,64.236,,67.932,,26322.619,,,,0.0,,0.0,,0.0,,0.0,0.0,1922.3,2580763.0,105.755,1154.184,60.042,,7.824,,8.274,3206.069,0.0,,0.0,,0.0,0.0,0.0,0.0,,0.0,,0.0,0.0,0.0
LVA,Latvia,1986,,,,,,,-7.115,-7.524,,,,,,,,,,26.19,10.847,2.211,10.655,,4094.579,,,,,,,,3.001,0.0,,,0.0,3.001,0.0,0.0,5.184,,2.572,37749.832,-7.781,91.514,-7.585,89.895,34546.558,,,38189518605.0,,4.574,22.468,0.965,22.07,,8481.565,,,57.885,0.742,8.486,0.061,8.335,1153.189,3203.305,57.885,3.001,1153.189,0.742,8.486,0.061,8.335,3203.305,,,0.0,,0.0,0.0,0.0,0.0,0.0,,-15.842,58.2,-10.762,57.17,,21970.413,,,,0.0,,0.0,0.0,0.0,,0.0,0.0,1992.197,2602152.0,98.231,1153.189,57.885,0.742,8.486,0.061,8.335,3203.305,0.0,,0.0,0.0,0.0,0.0,0.0,0.0,,0.0,0.0,0.0,0.0,0.0
LVA,Latvia,1987,,,,,,,-8.929,-8.771,,,,,,,,,,-8.435,10.905,-0.899,9.756,,3713.856,,,,,,,,3.699,0.0,,,0.0,3.699,0.0,0.0,5.937,,2.352,34055.256,-11.914,88.514,-10.71,79.185,30143.794,,,38039137400.0,,4.009,25.66,0.885,22.955,,8738.5,,,62.305,23.27,11.486,1.94,10.275,1408.135,3911.489,62.305,3.699,1408.135,23.27,11.486,1.94,10.275,3911.489,,,0.0,,0.0,0.0,0.0,0.0,0.0,,-18.71,51.949,-10.697,46.474,,17691.439,,,,0.0,,0.0,0.0,0.0,,0.0,0.0,2260.073,2626906.0,89.46,1408.135,62.305,23.27,11.486,1.94,10.275,3911.489,0.0,,0.0,0.0,0.0,0.0,0.0,0.0,,0.0,0.0,0.0,0.0,0.0
LVA,Latvia,1988,,,,,,,-5.523,-4.941,,,,,,,,,,0.372,11.586,0.036,9.792,,3695.413,,,,,,,,3.001,0.0,,,0.0,3.001,0.0,0.0,5.11,,2.133,31895.966,-3.79,90.138,-3.001,76.184,28750.329,,,39628011500.0,,7.689,29.248,1.765,24.72,,9328.987,,,58.724,-18.877,9.862,-1.94,8.335,1132.438,3145.662,58.724,3.001,1132.438,-18.877,9.862,-1.94,8.335,3145.662,,,0.0,,0.0,0.0,0.0,0.0,0.0,,-10.334,49.304,-4.803,41.671,,15725.929,,,,0.0,,0.0,0.0,0.0,,0.0,0.0,1928.422,2649835.0,84.519,1132.438,58.724,-18.877,9.862,-1.94,8.335,3145.662,0.0,,0.0,0.0,0.0,0.0,0.0,0.0,,0.0,0.0,0.0,0.0,0.0
LVA,Latvia,1989,,,,,,,-0.152,-0.128,,,,,,,,,,-18.335,9.476,-1.795,7.997,,3001.864,,,,,,,,3.606,0.0,,,0.0,3.606,0.0,0.0,5.801,,2.02,31678.832,-2.376,88.13,-1.81,74.373,27918.524,,,41772726249.0,,0.0,29.293,0.0,24.72,,9279.581,,,62.166,20.177,11.87,1.682,10.017,1353.719,3760.334,62.166,3.606,1353.719,20.177,11.87,1.682,10.017,3760.334,,,0.0,,0.0,0.0,0.0,0.0,0.0,,-0.036,49.361,-0.015,41.656,,15637.079,,,,0.0,,0.0,0.0,0.0,,0.0,0.0,2177.599,2663943.0,84.391,1353.719,62.166,20.177,11.87,1.682,10.017,3760.334,0.0,,0.0,0.0,0.0,0.0,0.0,0.0,,0.0,0.0,0.0,0.0,0.0
LVA,Latvia,1990,,,,,,,1.505,1.27,0.0,0.0,,,,,,,0.0,3.04,9.619,0.243,8.24,0.0,3092.522,,,10.23,0.0,0.0,2.15,1.73,4.5,0.0,0.42,0.0,0.0,4.5,0.0,0.0,6.65,,2.035,32149.458,-1.616,85.42,-1.202,73.172,27462.245,806.922,32.331,42100703540.0,26.015,3.905,29.985,0.965,25.686,649.29,9640.13,,,67.669,24.673,14.58,2.472,12.489,1688.906,4687.239,67.669,4.5,1688.906,24.673,14.58,2.472,12.489,4687.239,34.995,3.58,0.0,,0.0,0.0,0.0,0.0,0.0,6.316,-5.786,45.816,-2.41,39.246,157.631,14729.592,,,0.0,0.0,,0.0,0.0,0.0,0.0,0.0,0.0,2495.827,2664447.0,85.661,1688.906,67.669,24.673,14.58,2.472,12.489,4687.239,0.0,,0.0,0.0,0.0,0.0,0.0,0.0,,0.0,0.0,0.0,0.0,0.0
LVA,Latvia,1991,,,,,,,-7.667,-6.568,0.0,0.0,,,,,,,0.0,-12.35,9.131,-1.018,7.222,0.0,2726.235,,,9.88,0.0,0.0,2.37,1.81,3.28,0.0,0.56,0.0,0.0,3.28,0.0,0.0,5.65,,2.166,29855.727,-4.341,88.498,-3.176,69.995,26421.747,894.623,41.947,36517596963.0,32.035,-3.758,31.255,-0.965,24.72,683.235,9331.36,,,58.053,-27.157,11.502,-3.392,9.097,1238.128,3434.004,58.053,3.28,1238.128,-27.157,11.502,-3.392,9.097,3434.004,42.814,4.23,0.0,,0.0,0.0,0.0,0.0,0.0,9.912,-3.04,48.112,-1.193,38.053,211.388,14364.152,,,0.0,0.0,,0.0,0.0,0.0,0.0,0.0,0.0,2132.751,2649161.0,79.093,1238.128,58.053,-27.157,11.502,-3.392,9.097,3434.004,0.0,,0.0,0.0,0.0,0.0,0.0,0.0,,0.0,0.0,0.0,0.0,0.0
LVA,Latvia,1992,,,,,,,-28.46,-22.51,0.0,0.0,,,,,,,0.0,-12.029,11.229,-0.869,6.353,0.0,2424.755,0.0,0.0,7.92,0.0,0.0,1.32,1.15,2.52,0.0,0.17,0.0,0.0,2.52,0.0,0.0,3.84,,2.299,21594.43,-29.167,87.624,-20.415,49.58,18921.888,503.768,34.375,24608100411.0,29.948,-42.879,24.955,-10.6,14.12,438.889,5388.967,0.0,0.0,65.625,-23.023,12.376,-2.094,7.003,961.739,2672.559,65.625,2.52,961.739,-23.023,12.376,-2.094,7.003,2672.559,51.515,4.08,0.0,,0.0,0.0,0.0,0.0,0.0,4.427,-23.511,51.44,-8.947,29.106,64.879,11108.165,0.0,0.0,0.0,0.0,,0.0,0.0,0.0,0.0,0.0,0.0,1465.507,2620254.0,56.583,961.739,65.625,-23.023,12.376,-2.094,7.003,2672.559,0.0,,0.0,0.0,0.0,0.0,0.0,0.0,,0.0,0.0,0.0,0.0,0.0
LVA,Latvia,1993,,0.0,,0.0,,0.0,-14.037,-7.943,0.0,0.0,,,,,,,0.0,-8.603,11.938,-0.547,5.807,0.0,2248.406,0.0,0.0,6.43,0.0,0.0,1.05,0.56,2.88,0.0,0.49,0.0,0.0,2.88,0.0,0.0,3.93,,2.248,18833.367,-18.009,83.576,-8.929,40.651,15740.097,406.558,26.718,21636016750.0,14.249,-37.466,18.154,-5.29,8.83,216.831,3418.967,0.0,0.0,73.282,14.082,16.424,0.986,7.989,1115.13,3093.284,73.282,2.88,1115.13,14.082,16.424,0.986,7.989,3093.284,38.88,2.5,0.0,,0.0,0.0,0.0,0.0,0.0,12.468,-10.623,53.483,-3.092,26.014,189.727,10072.725,0.0,0.0,0.0,0.0,,0.0,0.0,0.0,0.0,0.0,0.0,1521.688,2582658.0,48.64,1115.13,73.282,14.082,16.424,0.986,7.989,3093.284,0.0,,0.0,0.0,0.0,0.0,0.0,0.0,,0.0,0.0,0.0,0.0,0.0
LVA,Latvia,1994,,0.0,,0.0,,0.0,-3.309,-1.609,0.0,0.0,,,,,,,0.0,-24.775,9.288,-1.439,4.368,0.0,1717.321,0.0,0.0,6.26,0.0,0.0,1.13,0.31,3.31,0.0,0.82,0.0,0.0,3.31,0.0,0.0,4.44,,2.143,18489.614,-6.89,80.48,-2.801,37.85,14880.394,444.247,25.45,21944830346.0,6.982,0.0,18.775,0.0,8.83,121.873,3471.423,0.0,0.0,74.55,14.917,19.52,1.192,9.181,1301.289,3609.234,74.55,3.31,1301.289,14.917,19.52,1.192,9.181,3609.234,29.073,1.82,0.0,,0.0,0.0,0.0,0.0,0.0,18.468,-5.237,52.417,-1.362,24.652,322.374,9691.651,0.0,0.0,0.0,0.0,,0.0,0.0,0.0,0.0,0.0,0.0,1745.536,2543632.0,47.031,1301.289,74.55,14.917,19.52,1.192,9.181,3609.234,0.0,,0.0,0.0,0.0,0.0,0.0,0.0,,0.0,0.0,0.0,0.0,0.0
LVA,Latvia,1995,,0.0,,0.0,,0.0,-6.355,-2.989,0.0,0.0,,,,,,,0.0,-28.86,7.056,-1.261,3.108,0.0,1238.815,0.0,0.0,6.25,0.0,0.0,1.05,0.53,2.94,0.0,0.52,0.0,0.0,2.94,0.0,0.0,3.99,,2.035,17557.222,-5.196,81.476,-1.967,35.884,14304.927,418.581,26.316,21646094219.0,13.283,19.936,24.046,1.76,10.59,211.284,4221.825,0.0,0.0,73.684,-11.135,18.524,-1.022,8.158,1172.026,3252.309,73.684,2.94,1172.026,-11.135,18.524,-1.022,8.158,3252.309,36.16,2.26,0.0,,0.0,0.0,0.0,0.0,0.0,13.033,-10.005,50.374,-2.466,22.186,207.297,8844.286,0.0,0.0,0.0,0.0,,0.0,0.0,0.0,0.0,0.0,0.0,1590.607,2508476.0,44.042,1172.026,73.684,-11.135,18.524,-1.022,8.158,3252.309,0.0,,0.0,0.0,0.0,0.0,0.0,0.0,,0.0,0.0,0.0,0.0,0.0
LVA,Latvia,1996,,0.0,,0.0,,0.0,-6.608,-2.91,0.0,0.0,,,,,,,0.0,-6.25,7.083,-0.194,2.913,0.0,1175.278,0.0,0.0,6.35,0.0,0.0,1.26,0.52,1.86,0.0,0.74,0.0,0.0,1.86,0.0,0.0,3.12,,1.871,16593.177,0.219,87.432,0.079,35.962,14507.753,508.304,40.385,21989047801.0,16.667,-8.356,23.596,-0.885,9.705,209.776,3915.333,0.0,0.0,59.615,-36.67,12.561,-2.992,5.167,750.353,2084.317,59.615,1.86,750.353,-36.636,12.568,-2.989,5.169,2085.437,50.866,3.23,0.0,,0.0,0.0,0.0,0.0,0.0,23.718,5.219,56.753,1.158,23.343,298.528,9417.142,0.0,0.0,0.0,0.0,,0.0,0.0,0.0,0.0,0.0,0.0,1258.657,2478832.0,41.132,750.353,59.615,-36.636,12.568,-2.989,5.169,2085.437,0.0,,0.0,0.0,0.0,0.0,0.0,0.0,,0.007,0.003,0.003,0.0,1.121
LVA,Latvia,1997,,0.0,,0.0,,0.0,0.27,0.111,0.0,0.0,,,,,,,0.0,-10.659,6.311,-0.311,2.603,0.0,1060.932,0.0,0.0,6.33,0.0,0.0,1.56,1.25,2.95,0.0,0.31,0.0,0.0,2.95,0.0,0.0,4.51,,1.734,16811.052,-8.141,80.097,-2.928,33.034,13465.243,635.876,34.59,23781387146.0,27.716,0.0,23.533,0.0,9.705,509.516,3956.065,0.0,0.0,65.41,58.763,19.889,3.036,8.203,1202.457,3343.558,65.41,2.95,1202.457,58.786,19.903,3.039,8.208,3345.823,28.752,1.82,0.0,,0.0,0.0,0.0,0.0,0.0,6.874,-11.212,50.254,-2.617,20.726,126.36,8448.246,0.0,0.0,0.0,0.0,,0.0,0.0,0.0,0.0,0.0,0.0,1838.333,2453310.0,41.243,1202.457,65.41,58.786,19.903,3.039,8.208,3345.823,0.0,,0.0,0.0,0.0,0.0,0.0,0.0,100.0,0.013,0.003,0.006,0.0,2.265
LVA,Latvia,1998,,0.0,,0.0,,0.0,8.354,3.445,0.0,0.0,,,,,,,0.0,-26.229,4.297,-0.683,1.92,0.0,789.993,0.0,0.0,6.33,0.0,0.0,1.48,1.08,4.32,0.0,0.4,0.0,0.0,4.32,0.0,0.0,5.8,,1.778,18386.066,-1.031,73.16,-0.341,32.694,13451.2,608.917,25.517,25140078646.0,18.621,13.116,24.567,1.273,10.978,444.345,4516.836,0.0,0.0,74.483,46.156,26.828,3.786,11.989,1777.378,4932.595,74.483,4.32,1777.378,46.125,26.84,3.786,11.994,4934.88,8.373,0.53,0.0,,0.0,0.0,0.0,0.0,0.0,6.897,-4.491,44.296,-0.931,19.795,164.572,8144.372,0.0,0.0,0.0,0.0,,0.0,0.0,0.0,0.0,0.0,0.0,2386.295,2430546.0,44.688,1777.378,74.483,46.125,26.84,3.786,11.994,4934.88,0.0,,0.0,0.0,0.0,0.0,0.0,0.0,0.0,0.012,0.0,0.006,0.0,2.286
LVA,Latvia,1999,,0.0,,0.0,,0.0,-14.743,-6.588,0.0,0.0,,,,,,,0.0,-22.714,3.895,-0.436,1.484,0.0,616.252,0.0,0.0,6.06,0.0,0.0,1.35,0.95,2.76,0.0,0.4,0.0,0.0,2.76,0.0,0.0,4.11,,1.488,15821.612,-6.906,79.885,-2.258,30.436,12639.06,560.611,32.847,25600796583.0,23.114,-4.224,27.598,-0.464,10.515,394.504,4366.383,0.0,0.0,67.153,-36.121,20.101,-4.331,7.658,1146.138,3180.257,67.153,2.76,1146.138,-36.105,20.115,-4.331,7.664,3182.564,32.178,1.95,0.0,,0.0,0.0,0.0,0.0,0.0,9.732,-6.86,48.392,-1.358,18.437,166.107,7656.425,0.0,0.0,0.0,0.0,,0.0,0.0,0.0,0.0,0.0,0.0,1706.748,2408088.0,38.1,1146.138,67.153,-36.105,20.115,-4.331,7.664,3182.564,0.0,,0.0,0.0,0.0,0.0,0.0,0.0,0.0,0.015,0.0,0.006,0.0,2.307
LVA,Latvia,2000,,0.0,,0.0,,0.0,-2.236,-0.852,0.0,0.0,,,,,,181.159,0.0,3.135,4.109,0.047,1.531,0.0,641.952,0.0,0.0,5.93,0.0,0.0,1.32,1.13,2.82,0.0,0.19,0.0,0.0,2.82,0.0,0.0,4.14,0.75,1.391,15623.215,-3.392,78.94,-1.032,29.404,12332.977,553.656,31.884,26780789136.0,27.295,21.107,34.187,2.219,12.734,473.963,5341.095,0.0,0.0,68.116,2.249,21.023,0.172,7.831,1182.811,3284.425,68.116,2.82,1182.811,2.356,21.06,0.181,7.844,3290.25,30.185,1.79,0.0,,0.0,0.0,0.0,0.0,0.0,4.589,-17.888,40.644,-3.298,15.139,79.693,6349.931,0.0,0.0,0.0,0.0,,0.0,0.0,0.0,0.0,0.0,0.0,1736.468,2384150.0,37.248,1182.811,68.116,2.356,21.06,0.181,7.844,3290.25,0.0,,0.0,0.0,0.0,0.0,0.0,0.0,150.0,0.037,0.008,0.014,0.0,5.826
LVA,Latvia,2001,,0.0,,0.0,,0.0,7.828,2.916,0.0,0.0,,,,,,189.696,0.0,-6.687,3.556,-0.102,1.428,0.0,605.491,0.0,0.0,6.15,0.0,0.0,1.44,1.3,2.83,0.0,0.14,0.0,0.0,2.83,0.0,0.0,4.27,0.81,1.42,17027.995,9.948,80.493,2.925,32.329,13706.287,610.509,33.724,28293372637.0,30.445,3.976,32.966,0.506,13.24,551.154,5613.415,0.0,0.0,66.276,-0.156,19.466,-0.012,7.818,1199.819,3314.702,66.276,2.83,1199.819,-0.122,19.507,-0.01,7.835,3321.721,30.569,1.88,0.0,,0.0,0.0,0.0,0.0,0.0,3.279,16.654,43.971,2.521,17.66,59.355,7487.38,0.0,0.0,0.0,0.0,,0.021,0.008,0.008,0.0,0.0,3.509,1810.328,2358689.0,40.164,1199.819,66.276,-0.122,19.507,-0.01,7.835,3321.721,0.0,,0.0,0.0,0.0,0.0,0.0,0.0,-40.4,0.021,-0.006,0.008,0.0,3.509
LVA,Latvia,2002,,0.0,,0.0,,0.0,1.054,0.423,0.252,4.287,,,,,,209.068,0.0,-19.381,2.837,-0.277,1.151,0.0,493.615,0.0,0.0,6.32,0.01,0.0,1.49,1.31,2.46,0.0,0.18,0.0,0.01,2.48,0.0,0.01,3.97,0.83,1.35,17400.495,4.468,83.212,1.445,33.773,14479.338,638.792,37.531,30072959895.0,32.997,13.939,37.169,1.846,15.086,561.622,6467.577,0.0,0.0,61.965,-13.586,16.646,-1.062,6.756,1054.65,2896.486,62.469,2.48,1063.224,-13.034,16.788,-1.021,6.814,2921.171,37.184,2.35,0.0,,0.0,0.0,0.0,0.0,0.0,4.534,-0.703,43.206,-0.124,17.536,77.169,7518.146,0.0,0.0,0.0,4.287,231.208,0.068,0.019,0.027,0.0,0.252,11.754,1702.016,2332528.0,40.587,1063.224,62.469,-13.034,16.788,-1.021,6.814,2921.171,0.0,,0.0,0.0,0.0,0.0,0.0,0.252,264.366,0.074,0.022,0.03,4.287,12.931
LVA,Latvia,2003,,0.0,,0.0,,0.0,-1.182,-0.48,0.504,8.674,,,,,,219.144,0.0,-10.303,2.575,-0.119,1.033,0.0,447.881,0.0,0.0,6.6,0.02,0.0,1.63,1.53,2.27,0.0,0.1,0.0,0.02,2.34,0.0,0.05,3.97,0.87,1.239,17393.868,-0.105,84.119,-0.035,33.738,14631.529,706.899,41.058,32361884257.0,38.539,-0.533,37.413,-0.08,15.005,663.531,6507.531,0.0,0.0,57.179,-8.625,15.392,-0.583,6.173,984.455,2677.284,58.942,2.34,1014.812,-6.519,15.881,-0.444,6.37,2762.352,39.848,2.63,0.0,,0.0,0.0,0.0,0.0,0.0,2.519,0.933,44.131,0.164,17.7,43.368,7676.117,0.0,0.0,0.0,8.674,138.485,0.163,0.038,0.065,0.0,0.504,28.356,1721.712,2305845.0,40.108,1014.812,58.942,-6.519,15.881,-0.444,6.37,2762.352,0.0,,0.0,0.0,0.0,0.0,0.0,1.259,333.565,0.326,0.101,0.131,21.684,56.712
LVA,Latvia,2004,,0.0,,0.0,,0.0,12.181,4.886,0.853,17.552,,,,,,174.84,0.0,-24.324,1.737,-0.251,0.782,0.0,342.941,0.0,0.0,6.79,0.04,0.0,1.49,1.43,3.11,0.0,0.06,0.0,0.04,3.2,0.0,0.05,4.69,0.82,1.293,19743.151,7.717,80.771,2.604,36.342,15946.811,653.818,31.77,34792599440.0,30.49,10.375,36.811,1.557,16.562,627.49,7267.562,0.0,0.0,66.311,36.328,18.705,2.243,8.416,1364.68,3693.013,68.23,3.2,1404.173,35.827,19.229,2.282,8.652,3796.356,30.928,2.1,0.0,,0.0,0.0,0.0,0.0,0.0,1.279,7.333,42.224,1.298,18.998,26.328,8336.308,0.0,0.0,0.0,17.552,57.324,0.229,0.037,0.103,0.0,0.853,45.138,2057.991,2278922.0,44.993,1404.173,68.23,35.827,19.229,2.282,8.652,3796.356,0.0,,0.0,0.0,0.0,0.0,0.0,1.066,1.433,0.295,0.002,0.133,21.94,58.204
LVA,Latvia,2005,,0.0,,0.0,,0.0,3.041,1.368,0.813,17.762,,,,,,168.699,0.0,20.387,2.029,0.159,0.941,0.0,417.793,0.0,0.0,7.07,0.04,0.0,1.5,1.49,3.33,0.0,0.01,0.0,0.04,3.42,0.0,0.05,4.92,0.83,1.213,20586.718,2.209,80.12,0.803,37.144,16494.028,666.076,30.488,38221838178.0,30.285,-2.857,34.704,-0.473,16.089,661.635,7144.329,0.0,0.0,67.683,6.303,19.297,0.53,8.947,1478.688,3972.71,69.512,3.42,1518.653,6.176,19.814,0.534,9.186,4079.015,30.41,2.15,0.0,,0.0,0.0,0.0,0.0,0.0,0.203,5.879,43.387,1.117,20.115,4.441,8931.907,0.0,0.0,0.0,17.762,9.827,0.244,0.01,0.113,0.0,0.813,50.167,2184.729,2251996.0,46.361,1518.653,69.512,6.176,19.814,0.534,9.186,4079.015,0.0,,0.0,0.0,0.0,0.0,0.0,1.016,-4.689,0.273,-0.006,0.126,22.203,56.139
LVA,Latvia,2006,,0.0,,0.0,,0.0,-4.973,-2.306,0.818,17.977,,,,,,224.949,0.0,7.169,2.289,0.067,1.008,0.0,453.166,0.0,0.0,7.4,0.04,0.0,2.1,2.1,2.7,0.0,0.0,0.0,0.04,2.79,0.0,0.05,4.89,1.1,1.038,19799.706,-1.545,83.01,-0.574,36.571,16435.783,943.794,42.945,42441264524.0,42.945,3.353,37.744,0.539,16.628,943.794,7473.251,0.0,0.0,55.215,-19.392,16.369,-1.735,7.212,1213.449,3241.095,57.055,2.79,1253.897,-18.903,16.909,-1.736,7.45,3348.011,33.919,2.51,0.0,,0.0,0.0,0.0,0.0,0.0,0.0,-5.87,42.977,-1.181,18.934,0.0,8509.366,0.0,0.0,0.0,17.977,1.737,0.261,0.002,0.115,0.0,0.818,51.656,2197.691,2225063.0,44.056,1253.897,57.055,-18.903,16.909,-1.736,7.45,3348.011,0.0,,0.0,0.0,0.0,0.0,0.0,1.022,-2.743,0.279,-0.003,0.123,22.471,55.26
LVA,Latvia,2007,,0.0,,0.0,,0.0,3.127,1.378,0.84,18.198,,,,,,216.387,0.0,23.645,2.744,0.238,1.247,0.0,567.191,0.0,0.0,7.76,0.04,0.0,1.94,1.92,2.73,0.0,0.02,0.0,0.04,2.82,0.0,0.05,4.76,1.03,0.981,20669.4,3.637,83.421,1.33,37.901,17242.605,882.585,40.756,46307685973.0,40.336,-3.244,35.412,-0.539,16.089,873.486,7319.54,0.0,0.0,57.353,0.664,15.978,0.048,7.26,1241.988,3302.658,59.244,2.82,1282.933,0.837,16.534,0.062,7.512,3417.46,38.66,3.0,0.0,,0.0,0.0,0.0,0.0,0.0,0.42,8.615,45.264,1.631,20.565,9.099,9355.874,0.0,0.0,0.0,18.198,-2.936,0.246,-0.003,0.112,0.0,0.84,50.754,2165.517,2198089.0,45.433,1282.933,59.244,0.837,16.534,0.062,7.512,3417.46,0.0,,0.0,0.0,0.0,0.0,0.0,1.05,14.497,0.31,0.018,0.141,22.747,64.047
LVA,Latvia,2008,,0.0,,0.0,,0.0,0.545,0.247,0.759,18.423,,,,,,206.831,0.0,-0.933,2.704,-0.012,1.235,0.0,568.847,0.0,0.0,7.79,0.04,0.0,2.06,2.06,3.11,0.0,0.0,0.0,0.04,3.21,0.0,0.06,5.27,1.09,1.031,21038.903,-1.898,81.394,-0.72,37.181,17124.376,948.763,39.089,44298825327.0,39.089,-2.059,34.495,-0.331,15.758,948.763,7257.465,0.0,0.0,59.013,13.051,17.966,0.947,8.207,1432.356,3779.851,60.911,3.21,1478.412,12.873,18.561,0.967,8.479,3905.076,32.349,2.52,0.0,,0.0,0.0,0.0,0.0,0.0,0.0,-1.831,44.195,-0.377,20.188,0.0,9298.065,0.0,0.0,0.0,18.423,6.477,0.26,0.007,0.119,0.0,0.759,54.71,2427.176,2171248.0,45.681,1478.412,60.911,12.873,18.561,0.967,8.479,3905.076,0.0,,0.0,0.0,0.0,0.0,0.0,1.139,8.754,0.335,0.012,0.153,27.634,70.515
LVA,Latvia,2009,,0.0,,0.0,,0.0,-5.397,-2.465,0.898,23.312,,,,,,192.101,0.0,-19.303,2.306,-0.238,0.997,0.0,464.705,0.0,0.0,7.22,0.05,0.0,2.01,2.01,3.46,0.0,0.0,0.0,0.05,3.56,0.0,0.05,5.57,1.07,1.147,20148.985,-8.976,78.314,-3.337,33.844,15779.574,937.157,36.086,37661277803.0,36.086,-8.288,33.441,-1.306,14.452,937.157,6738.071,0.0,0.0,62.118,10.507,20.986,0.862,9.069,1613.216,4228.536,63.914,3.56,1659.841,9.934,21.569,0.842,9.321,4345.962,22.853,1.65,0.0,,0.0,0.0,0.0,0.0,0.0,0.0,-8.881,42.567,-1.793,18.395,0.0,8576.798,0.0,0.0,0.0,23.312,6.008,0.291,0.007,0.126,0.0,0.898,58.713,2596.998,2144784.0,43.215,1659.841,63.914,9.934,21.569,0.842,9.321,4345.962,0.0,,0.0,0.0,0.0,0.0,0.0,0.898,-17.752,0.291,-0.027,0.126,23.312,58.713
LVA,Latvia,2010,,0.0,,0.0,,0.0,13.47,5.821,1.056,33.037,,,,,,236.802,0.0,27.655,2.595,0.276,1.272,0.0,600.477,0.0,0.0,7.5,0.07,0.0,2.99,2.99,3.52,0.0,0.0,0.0,0.07,3.64,0.0,0.05,6.63,1.57,1.364,23142.855,15.962,80.034,5.402,39.246,18522.277,1411.14,45.098,35958492486.0,45.098,19.253,35.146,2.782,17.234,1411.14,8133.713,0.0,0.0,53.092,1.198,18.717,0.109,9.178,1661.275,4331.548,54.902,3.64,1717.909,1.68,19.328,0.157,9.478,4473.061,11.6,0.87,0.0,,0.0,0.0,0.0,0.0,0.0,0.0,12.743,42.294,2.344,20.74,0.0,9788.087,0.0,0.0,0.0,33.037,36.656,0.351,0.046,0.172,0.0,1.056,81.216,3129.048,2118855.0,49.036,1717.909,54.902,1.68,19.328,0.157,9.478,4473.061,0.0,,0.0,0.0,0.0,0.0,0.0,0.754,1.457,0.261,0.002,0.128,23.598,60.297
LVA,Latvia,2011,,0.0,,0.0,,0.0,-10.737,-5.265,1.97,57.317,,,,,,257.8,0.0,1.463,2.949,0.019,1.291,0.0,616.606,0.0,0.0,7.33,0.12,0.0,3.01,3.01,2.89,0.0,0.0,0.0,0.12,3.08,0.0,0.07,6.09,1.57,1.153,20907.033,-9.521,81.125,-3.737,35.509,16960.912,1437.711,49.425,37962581387.0,49.425,-11.917,34.681,-2.054,15.18,1437.711,7250.86,0.0,0.0,47.455,-18.483,17.092,-1.696,7.482,1380.393,3573.529,50.575,3.08,1471.146,-15.834,18.224,-1.501,7.977,3810.197,16.917,1.24,0.0,,0.0,0.0,0.0,0.0,0.0,0.0,-8.204,43.495,-1.701,19.038,0.0,9093.445,0.0,0.0,0.0,57.317,80.71,0.71,0.139,0.311,0.0,1.97,148.536,2908.857,2093606.0,43.771,1471.146,50.575,-15.834,18.224,-1.501,7.977,3810.197,0.0,,0.001,0.001,0.001,0.0,0.248,1.149,44.014,0.42,0.056,0.184,33.435,87.884
LVA,Latvia,2012,,0.0,,0.0,,0.0,3.068,1.343,4.7,140.163,,,,,,189.627,0.0,-20.09,2.287,-0.259,1.032,0.0,498.585,0.0,0.0,7.86,0.29,0.0,2.06,2.06,3.71,0.0,0.0,0.0,0.29,4.11,0.0,0.11,6.17,1.17,1.143,21804.456,-3.367,76.061,-1.196,34.314,16584.609,995.641,33.387,39482474919.0,33.387,-5.985,31.635,-0.909,14.272,995.641,6897.905,0.0,0.0,60.13,27.384,21.125,2.049,9.53,1793.121,4606.2,66.613,4.11,1986.45,32.265,23.387,2.574,10.551,5099.436,21.501,1.69,0.0,,0.0,0.0,0.0,0.0,0.0,0.0,-0.146,42.139,-0.028,19.01,0.0,9188.119,0.0,0.0,0.0,140.163,138.545,1.644,0.431,0.742,0.0,4.7,358.537,2982.091,2069018.0,45.114,1986.45,66.613,32.265,23.387,2.574,10.551,5099.436,0.0,-1.07,0.001,-0.0,0.001,0.0,0.248,1.783,51.191,0.617,0.094,0.278,53.165,134.451
LVA,Latvia,2013,,0.0,,0.0,,0.0,-3.704,-1.671,8.065,244.505,,,,,,241.935,0.0,-15.558,2.005,-0.16,0.871,0.0,425.97,0.0,0.0,7.56,0.5,0.0,2.67,2.67,2.91,0.0,0.0,0.0,0.5,3.53,0.0,0.12,6.2,1.5,1.072,21243.923,-0.484,78.604,-0.166,34.148,16698.588,1305.655,43.065,40519247185.0,43.065,-1.47,32.369,-0.21,14.062,1305.655,6876.518,0.0,0.0,46.935,-21.771,17.161,-2.075,7.455,1423.018,3645.775,56.935,3.53,1726.204,-14.264,20.822,-1.505,9.046,4423.506,17.989,1.36,0.0,,0.0,0.0,0.0,0.0,0.0,0.0,1.074,44.23,0.204,19.215,0.0,9396.1,0.0,0.0,0.0,244.505,73.256,2.958,0.543,1.285,0.0,8.065,628.495,3031.859,2044950.0,43.443,1726.204,56.935,-14.264,20.822,-1.505,9.046,4423.506,0.0,-0.541,0.001,-0.0,0.001,0.0,0.25,1.935,9.521,0.701,0.026,0.305,58.681,148.986
LVA,Latvia,2014,,0.0,,0.0,,0.0,-7.998,-3.475,13.035,331.483,,,,,,262.646,0.0,-20.267,1.738,-0.177,0.695,0.0,343.626,0.0,0.0,7.46,0.67,0.0,2.34,2.34,1.99,0.0,0.0,0.0,0.67,2.8,0.0,0.14,5.14,1.35,0.966,19774.196,-4.376,81.699,-1.494,32.653,16155.285,1157.717,45.525,41379798066.0,45.525,-10.13,31.619,-1.425,12.638,1157.717,6252.479,0.0,0.0,38.716,-31.935,12.697,-2.381,5.075,984.554,2510.64,54.475,2.8,1385.302,-22.233,17.601,-2.011,7.035,3480.396,31.099,2.32,0.0,,0.0,0.0,0.0,0.0,0.0,0.0,0.555,48.342,0.107,19.321,0.0,9559.18,0.0,0.0,0.0,331.483,32.469,4.26,0.417,1.703,0.0,13.035,842.336,2543.019,2021220.0,39.968,1385.302,54.475,-22.233,17.601,-2.011,7.035,3480.396,0.0,-0.543,0.001,-0.0,0.001,0.0,0.251,2.724,-15.634,0.643,-0.048,0.257,69.265,127.169
LVA,Latvia,2015,,0.0,,0.0,,0.0,2.308,0.922,13.899,385.448,,,,,,283.394,0.0,-22.572,1.315,-0.157,0.538,0.0,269.199,0.0,0.0,7.36,0.77,0.0,2.76,2.76,1.86,0.0,0.0,0.0,0.77,2.78,0.0,0.15,5.54,1.57,0.962,20469.019,2.784,82.079,0.909,33.563,16800.783,1381.606,49.819,42500102062.0,49.819,0.838,31.165,0.106,12.744,1381.606,6379.171,0.0,0.0,33.574,-6.877,11.557,-0.349,4.726,931.082,2365.549,50.181,2.78,1391.618,0.124,17.225,0.009,7.043,3525.783,24.728,1.82,0.0,,0.0,0.0,0.0,0.0,0.0,0.0,4.969,49.599,0.96,20.281,0.0,10152.413,0.0,0.0,0.0,385.448,14.263,4.758,0.243,1.945,0.0,13.899,973.826,2773.224,1997675.0,40.89,1391.618,50.181,0.124,17.225,0.009,7.043,3525.783,0.0,-0.546,0.001,-0.0,0.001,0.0,0.253,2.708,44.678,0.909,0.115,0.372,75.087,186.154
LVA,Latvia,2016,,0.0,,0.0,,0.0,6.373,2.606,12.773,415.344,,,,,,263.24,0.0,-11.332,1.096,-0.061,0.477,0.0,241.523,0.0,0.0,7.45,0.82,0.0,2.94,2.94,2.53,0.0,0.0,0.0,0.82,3.48,0.0,0.13,6.42,1.69,1.005,22031.727,3.064,79.526,1.028,34.591,17520.882,1489.162,45.794,43297224535.0,45.794,3.55,30.338,0.452,13.196,1489.162,6683.948,0.0,0.0,39.408,34.584,14.622,1.634,6.36,1281.49,3221.41,54.206,3.48,1762.681,24.336,20.134,1.714,8.757,4435.816,13.826,1.03,0.0,,0.0,0.0,0.0,0.0,0.0,0.0,3.14,48.092,0.637,20.918,0.0,10595.41,0.0,0.0,0.0,415.344,6.389,4.758,0.124,2.07,0.0,12.773,1048.327,3251.843,1974265.0,43.496,1762.681,54.206,24.336,20.134,1.714,8.757,4435.816,0.0,90.11,0.002,0.0,0.001,0.0,0.487,2.025,-12.088,0.752,-0.045,0.327,65.847,165.592
LVA,Latvia,2017,,,,,,,9.379,4.079,12.351,476.655,,,,,,176.627,0.0,-2.439,0.978,-0.012,0.465,0.0,238.43,,,7.47,0.93,0.0,2.07,2.07,4.38,0.0,0.0,0.0,0.93,5.46,0.0,0.15,7.53,1.33,1.059,24384.142,-2.298,71.036,-0.795,33.796,17321.495,1060.942,27.49,44937033427.0,27.49,-9.336,25.147,-1.232,11.964,1060.942,6131.876,,,58.167,72.197,23.019,4.592,10.952,2244.891,5613.026,72.51,5.46,2798.426,55.915,28.7,4.897,13.654,6998.248,-0.803,-0.06,0.0,,0.0,0.0,0.0,0.0,0.0,0.0,2.145,44.911,0.449,21.367,0.0,10951.189,,,0.0,476.655,12.414,4.89,0.257,2.327,0.0,12.351,1192.458,3859.367,1951097.0,47.576,2798.426,72.51,55.915,28.7,4.897,13.654,6998.248,0.0,14.451,0.002,0.0,0.001,0.0,0.564,1.992,14.706,0.788,0.048,0.375,76.88,192.2
LVA,Latvia,2018,,,,,,,-8.979,-4.272,13.988,487.435,,,,,,278.274,0.0,20.0,1.289,0.093,0.558,0.0,289.475,,,7.63,0.94,0.0,3.23,3.22,2.43,0.0,0.01,0.0,0.94,3.49,0.0,0.12,6.72,1.87,0.924,22455.119,1.1,78.903,0.372,34.168,17717.672,1674.911,48.065,46862480822.0,47.917,14.642,31.673,1.752,13.716,1669.725,7112.218,,,36.161,-44.817,13.956,-4.908,6.043,1260.072,3133.783,51.935,3.49,1809.733,-36.318,20.08,-4.959,8.695,4508.956,11.927,0.91,0.0,,0.0,0.0,0.0,0.0,0.0,0.149,-6.893,45.94,-1.473,19.894,5.185,10315.979,,,0.0,487.435,0.812,5.416,0.019,2.345,0.0,13.988,1216.251,3484.644,1928461.0,43.304,1809.733,51.935,-36.318,20.08,-4.959,8.695,4508.956,0.0,187.626,0.007,0.002,0.003,0.0,1.641,1.786,-19.117,0.7,-0.072,0.303,62.226,157.281
LVA,Latvia,2019,,,,,,,1.499,0.649,14.441,487.743,,,,,,287.267,0.0,-16.667,1.058,-0.093,0.465,0.0,243.977,,,7.56,0.93,0.0,3.25,3.25,2.11,0.0,0.0,0.0,0.93,3.19,0.0,0.15,6.44,1.85,,23051.381,4.201,81.003,1.435,35.603,18672.23,1704.48,50.466,,50.466,-4.351,29.848,-0.597,13.119,1704.48,6880.27,,,32.764,-13.645,11.874,-0.825,5.219,1106.601,2737.009,49.534,3.19,1673.013,-9.097,17.984,-0.791,7.904,4145.49,14.815,1.12,0.0,,0.0,0.0,0.0,0.0,0.0,0.0,10.682,50.097,2.125,22.019,0.0,11547.984,,,0.0,487.743,-2.089,5.225,-0.049,2.296,0.0,14.441,1204.409,3377.492,1906740.0,43.953,1673.013,49.534,-9.097,17.984,-0.791,7.904,4145.49,0.0,145.83,0.018,0.005,0.008,0.0,4.079,2.329,25.724,0.868,0.078,0.381,78.668,199.993
LVA,Latvia,2020,,,,,,,-8.295,-3.646,15.035,455.943,,,,,,223.776,0.0,-43.904,0.647,-0.204,0.261,0.0,138.351,,,7.35,0.86,0.0,2.08,2.08,2.6,0.0,0.0,0.0,0.86,3.64,0.0,0.18,5.72,1.28,,21369.546,-13.438,76.459,-4.784,30.819,16338.985,1102.745,36.364,,36.364,-18.195,26.625,-2.387,10.732,1102.745,5689.679,,,45.455,23.102,15.939,1.206,6.424,1378.431,3405.99,63.636,3.64,1929.804,14.68,22.489,1.16,9.065,4805.796,22.177,1.63,0.0,,0.0,0.0,0.0,0.0,0.0,0.0,-9.961,49.187,-2.193,19.826,0.0,10510.955,,,0.0,455.943,-4.488,5.442,-0.103,2.193,0.0,15.035,1162.876,3032.549,1886202.0,40.307,1929.804,63.636,14.68,22.489,1.16,9.065,4805.796,0.0,-0.357,0.019,-0.0,0.008,0.0,4.109,3.147,15.161,1.089,0.058,0.439,95.43,232.821
LVA,Latvia,2021,,,,,,,,,14.358,455.292,,,,,,226.351,0.0,,,,,0.0,,,,7.72,0.85,0.0,2.19,2.19,2.71,0.0,0.0,0.0,0.85,3.73,0.0,0.17,5.92,1.34,,,,,,,,1173.046,36.993,,36.993,,,,,1173.046,,,,45.777,,,,,1451.578,,63.007,3.73,1997.928,,,,,,23.316,1.8,0.0,,,,,0.0,,0.0,,,,,0.0,,,,0.0,455.292,,,,,0.0,14.358,,3170.974,1866934.0,,1997.928,63.007,,,,,,0.0,,,,,0.0,,2.872,,,,,91.058,
