iso_code,country,year,coal_prod_change_pct,coal_prod_change_twh,gas_prod_change_pct,gas_prod_change_twh,oil_prod_change_pct,oil_prod_change_twh,energy_cons_change_pct,energy_cons_change_twh,biofuel_share_elec,biofuel_elec_per_capita,biofuel_cons_change_pct,biofuel_share_energy,biofuel_cons_change_twh,biofuel_consumption,biofuel_cons_per_capita,carbon_intensity_elec,coal_share_elec,coal_cons_change_pct,coal_share_energy,coal_cons_change_twh,coal_consumption,coal_elec_per_capita,coal_cons_per_capita,coal_production,coal_prod_per_capita,electricity_demand,biofuel_electricity,coal_electricity,fossil_electricity,gas_electricity,hydro_electricity,nuclear_electricity,oil_electricity,other_renewable_exc_biofuel_electricity,other_renewable_electricity,renewables_electricity,solar_electricity,wind_electricity,electricity_generation,greenhouse_gas_emissions,energy_per_gdp,energy_per_capita,fossil_cons_change_pct,fossil_share_energy,fossil_cons_change_twh,fossil_fuel_consumption,fossil_energy_per_capita,fossil_cons_per_capita,fossil_share_elec,gdp,gas_share_elec,gas_cons_change_pct,gas_share_energy,gas_cons_change_twh,gas_consumption,gas_elec_per_capita,gas_energy_per_capita,gas_production,gas_prod_per_capita,hydro_share_elec,hydro_cons_change_pct,hydro_share_energy,hydro_cons_change_twh,hydro_consumption,hydro_elec_per_capita,hydro_energy_per_capita,low_carbon_share_elec,low_carbon_electricity,low_carbon_elec_per_capita,low_carbon_cons_change_pct,low_carbon_share_energy,low_carbon_cons_change_twh,low_carbon_consumption,low_carbon_energy_per_capita,net_elec_imports_share_demand,net_elec_imports,nuclear_share_elec,nuclear_cons_change_pct,nuclear_share_energy,nuclear_cons_change_twh,nuclear_consumption,nuclear_elec_per_capita,nuclear_energy_per_capita,oil_share_elec,oil_cons_change_pct,oil_share_energy,oil_cons_change_twh,oil_consumption,oil_elec_per_capita,oil_energy_per_capita,oil_production,oil_prod_per_capita,other_renewables_elec_per_capita_exc_biofuel,other_renewables_elec_per_capita,other_renewables_cons_change_pct,other_renewables_share_energy,other_renewables_cons_change_twh,other_renewable_consumption,other_renewables_share_elec_exc_biofuel,other_renewables_share_elec,other_renewables_energy_per_capita,per_capita_electricity,population,primary_energy_consumption,renewables_elec_per_capita,renewables_share_elec,renewables_cons_change_pct,renewables_share_energy,renewables_cons_change_twh,renewables_consumption,renewables_energy_per_capita,solar_share_elec,solar_cons_change_pct,solar_share_energy,solar_cons_change_twh,solar_consumption,solar_elec_per_capita,solar_energy_per_capita,wind_share_elec,wind_cons_change_pct,wind_share_energy,wind_cons_change_twh,wind_consumption,wind_elec_per_capita,wind_energy_per_capita
LBN,Lebanon,1980,,,,,,,,,,,,,,,,,,,,,,,,0.0,0.0,,,,,,,,,,,,,,,,2.128,11691.679,,,,,,,,14227047936.0,,,,,,,,0.0,0.0,,,,,,,,,,,,,,,,,,,,,,,,,,,,,,,,0.0,0.0,,,,,,,,,,,2588928.0,30.269,,,,,,,,,,,,,,,,,,,,,
LBN,Lebanon,1981,,0.0,,0.0,,0.0,-6.237,-1.888,,,,,,,,,,,,,,,,0.0,0.0,,,,,,,,,,,,,,,,2.024,10939.735,,,,,,,,14025617819.0,,,,,,,,0.0,0.0,,,,,,,,,,,,,,,,,,,,,,,,,,,,,,,,0.0,0.0,,,,,,,,,,,2594299.0,28.381,,,,,,,,,,,,,,,,,,,,,
LBN,Lebanon,1982,,0.0,,0.0,,0.0,-4.003,-1.136,,,,,,,,,,,,,,,,0.0,0.0,,,,,,,,,,,,,,,,3.125,10454.079,,,,,,,,8719515843.0,,,,,,,,0.0,0.0,,,,,,,,,,,,,,,,,,,,,,,,,,,,,,,,0.0,0.0,,,,,,,,,,,2606148.0,27.245,,,,,,,,,,,,,,,,,,,,,
LBN,Lebanon,1983,,0.0,,0.0,,0.0,3.298,0.899,,,,,,,,,,,,,,,,0.0,0.0,,,,,,,,,,,,,,,,2.676,10733.302,,,,,,,,10518242364.0,,,,,,,,0.0,0.0,,,,,,,,,,,,,,,,,,,,,,,,,,,,,,,,0.0,0.0,,,,,,,,,,,2622072.0,28.143,,,,,,,,,,,,,,,,,,,,,
LBN,Lebanon,1984,,0.0,,0.0,,0.0,-4.179,-1.176,,,,,,,,,,,,,,,,0.0,0.0,,,,,,,,,,,,,,,,1.806,10222.403,,,,,,,,14929918908.0,,,,,,,,0.0,0.0,,,,,,,,,,,,,,,,,,,,,,,,,,,,,,,,0.0,0.0,,,,,,,,,,,2638056.0,26.967,,,,,,,,,,,,,,,,,,,,,
LBN,Lebanon,1985,,0.0,,0.0,,0.0,16.012,4.318,,,,,,,,,,,,,,,,0.0,0.0,,,,,,,,,,,,,,,,1.717,11796.88,,,,,,,,18218143800.0,,,,,,,,0.0,0.0,,,,,,,,,,,,,,,,,,,,,,,,,,,,,,,,0.0,0.0,,,,,,,,,,,2651992.0,31.285,,,,,,,,,,,,,,,,,,,,,
LBN,Lebanon,1986,,0.0,,0.0,,0.0,-4.377,-1.369,,,,,,,,,,,,,,,,0.0,0.0,,,,,,,,,,,,,,,,1.793,11242.889,,,,,,,,16681318200.0,,,,,,,,0.0,0.0,,,,,,,,,,,,,,,,,,,,,,,,,,,,,,,,0.0,0.0,,,,,,,,,,,2660873.0,29.916,,,,,,,,,,,,,,,,,,,,,
LBN,Lebanon,1987,,0.0,,0.0,,0.0,4.984,1.491,,,,,,,,,,,,,,,,0.0,0.0,,,,,,,,,,,,,,,,1.638,11771.839,,,,,,,,19174717198.0,,,,,,,,0.0,0.0,,,,,,,,,,,,,,,,,,,,,,,,,,,,,,,,0.0,0.0,,,,,,,,,,,2667957.0,31.407,,,,,,,,,,,,,,,,,,,,,
LBN,Lebanon,1988,,0.0,,0.0,,0.0,-9.736,-3.058,,,,,,,,,,,,,,,,0.0,0.0,,,,,,,,,,,,,,,,2.087,10559.537,,,,,,,,13586212130.0,,,,,,,,0.0,0.0,,,,,,,,,,,,,,,,,,,,,,,,,,,,,,,,0.0,0.0,,,,,,,,,,,2684682.0,28.349,,,,,,,,,,,,,,,,,,,,,
LBN,Lebanon,1989,,0.0,,0.0,,0.0,-20.416,-5.788,,,,,,,,,,,,,,,,0.0,0.0,,,,,,,,,,,,,,,,2.916,8274.946,,,,,,,,7735714480.0,,,,,,,,0.0,0.0,,,,,,,,,,,,,,,,,,,,,,,,,,,,,,,,0.0,0.0,,,,,,,,,,,2726438.0,22.561,,,,,,,,,,,,,,,,,,,,,
LBN,Lebanon,1990,,0.0,,0.0,,0.0,-7.447,-1.68,,,,,,,,,,,,,,,,0.0,0.0,,,,,,,,,,,,,,,,2.148,7449.42,,,,,,,,9719893964.0,,,,,,,,0.0,0.0,,,,,,,,,,,,,,,,,,,,,,,,,,,,,,,,0.0,0.0,,,,,,,,,,,2803032.0,20.881,,,,,,,,,,,,,,,,,,,,,
LBN,Lebanon,1991,,0.0,,0.0,,0.0,64.669,13.503,,,,,,,,,,,,,,,,0.0,0.0,,,,,,,,,,,,,,,,2.421,11768.623,,,,,,,,14203284102.0,,,,,,,,0.0,0.0,,,,,,,,,,,,,,,,,,,,,,,,,,,,,,,,0.0,0.0,,,,,,,,,,,2921700.0,34.384,,,,,,,,,,,,,,,,,,,,,
LBN,Lebanon,1992,,0.0,,0.0,,0.0,2.329,0.801,,,,,,,,,,,,,,,,0.0,0.0,,,,,,,,,,,,,,,,2.204,11438.098,,,,,,,,15962286239.0,,,,,,,,0.0,0.0,,,,,,,,,,,,,,,,,,,,,,,,,,,,,,,,0.0,0.0,,,,,,,,,,,3076133.0,35.185,,,,,,,,,,,,,,,,,,,,,
LBN,Lebanon,1993,,0.0,,0.0,,0.0,25.46,8.958,,,,,,,,,,,,,,,,0.0,0.0,,,,,,,,,,,,,,,,2.395,13598.716,,,,,,,,18432084483.0,,,,,,,,0.0,0.0,,,,,,,,,,,,,,,,,,,,,,,,,,,,,,,,0.0,0.0,,,,,,,,,,,3246129.0,44.143,,,,,,,,,,,,,,,,,,,,,
LBN,Lebanon,1994,,0.0,,0.0,,0.0,12.607,5.565,,,,,,,,,,,,,,,,0.0,0.0,,,,,,,,,,,,,,,,2.327,14605.719,,,,,,,,21360835653.0,,,,,,,,0.0,0.0,,,,,,,,,,,,,,,,,,,,,,,,,,,,,,,,0.0,0.0,,,,,,,,,,,3403359.0,49.709,,,,,,,,,,,,,,,,,,,,,
LBN,Lebanon,1995,,0.0,,0.0,,0.0,7.375,3.666,,,,,,,,,,,,,,,,0.0,0.0,,,,,,,,,,,,,,,,2.209,15127.2,,,,,,,,24166460063.0,,,,,,,,0.0,0.0,,,,,,,,,,,,,,,,,,,,,,,,,,,,,,,,0.0,0.0,,,,,,,,,,,3528379.0,53.374,,,,,,,,,,,,,,,,,,,,,
LBN,Lebanon,1996,,0.0,,0.0,,0.0,6.051,3.23,,,,,,,,,,,,,,,,0.0,0.0,,,,,,,,,,,,,,,,2.124,15676.928,,,,,,,,26645041121.0,,,,,,,,0.0,0.0,,,,,,,,,,,,,,,,,,,,,,,,,,,,,,,,0.0,0.0,,,,,,,,,,,3610663.0,56.604,,,,,,,,,,,,,,,,,,,,,
LBN,Lebanon,1997,,0.0,,0.0,,0.0,14.501,8.208,,,,,,,,,,,,,,,,0.0,0.0,,,,,,,,,,,,,,,,2.396,17715.904,,,,,,,,27053603631.0,,,,,,,,0.0,0.0,,,,,,,,,,,,,,,,,,,,,,,,,,,,,,,,0.0,0.0,,,,,,,,,,,3658425.0,64.812,,,,,,,,,,,,,,,,,,,,,
LBN,Lebanon,1998,,0.0,,0.0,,0.0,0.908,0.588,,,,,,,,,,,,,,,,0.0,0.0,,,,,,,,,,,,,,,,2.253,17706.892,,,,,,,,29027625806.0,,,,,,,,0.0,0.0,,,,,,,,,,,,,,,,,,,,,,,,,,,,,,,,0.0,0.0,,,,,,,,,,,3693514.0,65.401,,,,,,,,,,,,,,,,,,,,,
LBN,Lebanon,1999,,0.0,,0.0,,0.0,2.506,1.639,,,,,,,,,,,,,,,,0.0,0.0,,,,,,,,,,,,,,,,2.227,17887.94,,,,,,,,30099941470.0,,,,,,,,0.0,0.0,,,,,,,,,,,,,,,,,,,,,,,,,,,,,,,,0.0,0.0,,,,,,,,,,,3747762.0,67.04,,,,,,,,,,,,,,,,,,,,,
LBN,Lebanon,2000,,0.0,,0.0,,0.0,-9.597,-6.434,0.0,0.0,,,,,,577.802,0.0,,,,,0.0,,0.0,0.0,10.59,0.0,0.0,8.75,3.95,0.44,0.0,4.8,0.0,0.0,0.44,0.0,0.0,9.19,5.31,1.895,15771.434,,,,,,2277.001,95.212,31977721194.0,42.982,,,,,1027.903,,0.0,0.0,4.788,,,,,114.501,,4.788,0.44,114.501,,,,,,13.22,1.4,0.0,,,,,0.0,,52.231,,,,,1249.098,,0.0,0.0,0.0,0.0,,,,,0.0,0.0,,2391.502,3842774.0,60.606,114.501,4.788,,,,,,0.0,,,,,0.0,,0.0,,,,,0.0,
LBN,Lebanon,2001,,0.0,,0.0,,0.0,6.414,3.887,0.0,0.0,,,,,,585.162,0.0,,,,,0.0,,0.0,0.0,10.67,0.0,0.0,9.24,4.17,0.33,0.0,5.07,0.0,0.0,0.33,0.0,0.0,9.57,5.6,1.835,16159.706,,,,,,2315.21,96.552,35144532008.0,43.574,,,,,1044.851,,0.0,0.0,3.448,,,,,82.686,,3.448,0.33,82.686,,,,,,10.309,1.1,0.0,,,,,0.0,,52.978,,,,,1270.359,,0.0,0.0,0.0,0.0,,,,,0.0,0.0,,2397.896,3990999.0,64.493,82.686,3.448,,,,,,0.0,,,,,0.0,,0.0,,,,,0.0,
LBN,Lebanon,2002,,0.0,,0.0,,0.0,0.787,0.508,0.0,0.0,,,,,,570.136,0.0,,,,,0.0,,0.0,0.0,11.95,0.0,0.0,10.38,4.69,0.67,0.0,5.69,0.0,0.0,0.67,0.0,0.0,11.05,6.3,1.677,15542.257,,,,,,2481.944,93.937,38760996659.0,42.443,,,,,1121.418,,0.0,0.0,6.063,,,,,160.203,,6.063,0.67,160.203,,,,,,7.531,0.9,0.0,,,,,0.0,,51.493,,,,,1360.526,,0.0,0.0,0.0,0.0,,,,,0.0,0.0,,2642.147,4182205.0,65.001,160.203,6.063,,,,,,0.0,,,,,0.0,,0.0,,,,,0.0,
LBN,Lebanon,2003,,0.0,,0.0,,0.0,1.177,0.765,0.0,0.0,,,,,,539.232,0.0,,,,,0.0,,0.0,0.0,12.51,0.0,0.0,10.63,4.8,1.35,0.0,5.83,0.0,0.0,1.35,0.0,0.0,11.98,6.46,1.538,14986.431,,,,,,2422.307,88.731,42758062222.0,40.067,,,,,1093.798,,0.0,0.0,11.269,,,,,307.631,,11.269,1.35,307.631,,,,,,4.237,0.53,0.0,,,,,0.0,,48.664,,,,,1328.509,,0.0,0.0,0.0,0.0,,,,,0.0,0.0,,2729.938,4388378.0,65.766,307.631,11.269,,,,,,0.0,,,,,0.0,,0.0,,,,,0.0,
LBN,Lebanon,2004,,0.0,,0.0,,0.0,-0.479,-0.315,0.0,0.0,,,,,,550.466,0.0,,,,,0.0,,0.0,0.0,12.01,0.0,0.0,10.68,4.82,1.11,0.0,5.86,0.0,0.0,1.11,0.0,0.0,11.79,6.49,1.343,14323.813,,,,,,2337.299,90.585,48734071263.0,40.882,,,,,1054.848,,0.0,0.0,9.415,,,,,242.922,,9.415,1.11,242.922,,,,,,1.832,0.22,0.0,,,,,0.0,,49.703,,,,,1282.451,,0.0,0.0,0.0,0.0,,,,,0.0,0.0,,2580.22,4569377.0,65.451,242.922,9.415,,,,,,0.0,,,,,0.0,,0.0,,,,,0.0,
LBN,Lebanon,2005,,0.0,,0.0,,0.0,-4.394,-2.876,0.0,0.0,,,,,,553.663,0.0,,,,,0.0,,0.0,0.0,12.2,0.0,0.0,10.7,4.83,1.04,0.0,5.87,0.0,0.0,1.04,0.0,0.0,11.74,6.5,1.193,13317.401,,,,,,2277.196,91.141,52444898234.0,41.141,,,,,1027.931,,0.0,0.0,8.859,,,,,221.335,,8.859,1.04,221.335,,,,,,3.77,0.46,0.0,,,,,0.0,,50.0,,,,,1249.265,,0.0,0.0,0.0,0.0,,,,,0.0,0.0,,2498.531,4698761.0,62.575,221.335,8.859,,,,,,0.0,,,,,0.0,,0.0,,,,,0.0,
LBN,Lebanon,2006,,0.0,,0.0,,0.0,-7.298,-4.567,0.0,0.0,,,,,,568.95,0.0,,,,,0.0,,0.0,0.0,11.88,0.0,0.0,10.26,4.63,0.69,0.0,5.63,0.0,0.0,0.69,0.0,0.0,10.95,6.23,1.06,12187.255,,,,,,2155.571,93.699,54750390698.0,42.283,,,,,972.738,,0.0,0.0,6.301,,,,,144.965,,6.301,0.69,144.965,,,,,,7.828,0.93,0.0,,,,,0.0,,51.416,,,,,1182.833,,0.0,0.0,0.0,0.0,,,,,0.0,0.0,,2300.536,4759760.0,58.008,144.965,6.301,,,,,,0.0,,,,,0.0,,0.0,,,,,0.0,
LBN,Lebanon,2007,,0.0,,0.0,,0.0,-11.49,-6.665,0.0,0.0,,,,,,575.198,0.0,,,,,0.0,,0.0,0.0,12.34,0.0,0.0,10.79,4.87,0.58,0.0,5.92,0.0,0.0,0.58,0.0,0.0,11.37,6.54,0.85,10769.823,,,,,,2263.313,94.899,60406929837.0,42.832,,,,,1021.533,,0.0,0.0,5.101,,,,,121.661,,5.101,0.58,121.661,,,,,,7.861,0.97,0.0,,,,,0.0,,52.067,,,,,1241.781,,0.0,0.0,0.0,0.0,,,,,0.0,0.0,,2384.974,4767347.0,51.343,121.661,5.101,,,,,,0.0,,,,,0.0,,0.0,,,,,0.0,
LBN,Lebanon,2008,,0.0,,0.0,,0.0,29.105,14.943,0.0,0.0,,,,,,588.235,0.0,,,,,0.0,,0.0,0.0,13.14,0.0,0.0,12.21,5.51,0.37,0.0,6.7,0.0,0.0,0.37,0.0,0.0,12.58,7.4,0.992,13911.954,,,,,,2562.572,97.059,66812622933.0,43.8,,,,,1156.41,,0.0,0.0,2.941,,,,,77.654,,2.941,0.37,77.654,,,,,,4.262,0.56,0.0,,,,,0.0,,53.259,,,,,1406.161,,0.0,0.0,0.0,0.0,,,,,0.0,0.0,,2640.225,4764745.0,66.287,77.654,2.941,,,,,,0.0,,,,,0.0,,0.0,,,,,0.0,
LBN,Lebanon,2009,,0.0,,0.0,,0.0,23.662,15.685,0.0,0.0,,,,,,577.042,0.0,,,,,0.0,,0.0,0.0,14.13,0.0,0.0,12.36,5.58,0.62,0.0,6.78,0.0,0.0,0.62,0.0,0.0,12.98,7.49,1.08,17031.223,,,,,,2568.031,95.223,75927793934.0,42.989,,,,,1159.354,,0.0,0.0,4.777,,,,,128.817,,4.777,0.62,128.817,,,,,,8.139,1.15,0.0,,,,,0.0,,52.234,,,,,1408.677,,0.0,0.0,0.0,0.0,,,,,0.0,0.0,,2696.848,4813026.0,81.972,128.817,4.777,,,,,,0.0,,,,,0.0,,0.0,,,,,0.0,
LBN,Lebanon,2010,,0.0,,0.0,,0.0,-3.39,-2.779,0.0,0.0,,,,,,572.586,0.0,,,,,0.0,,0.0,0.0,16.06,0.0,0.0,13.98,6.31,0.83,0.0,7.67,0.0,0.0,0.83,0.0,0.0,14.81,8.48,0.911,15988.594,,,,,,2822.495,94.396,86947321123.0,42.606,,,,,1273.959,,0.0,0.0,5.604,,,,,167.573,,5.604,0.83,167.573,,,,,,7.783,1.25,0.0,,,,,0.0,,51.789,,,,,1548.536,,0.0,0.0,0.0,0.0,,,,,0.0,0.0,,2990.068,4953064.0,79.193,167.573,5.604,,,,,,0.0,,,,,0.0,,0.0,,,,,0.0,
LBN,Lebanon,2011,,0.0,,0.0,,0.0,0.993,0.786,0.0,0.0,,,,,,574.496,0.0,,,,,0.0,,0.0,0.0,16.21,0.0,0.0,14.57,6.58,0.8,0.0,7.99,0.0,0.0,0.8,0.0,0.0,15.37,8.83,0.843,15374.547,,,,,,2800.834,94.795,94869525568.0,42.811,,,,,1264.893,,0.0,0.0,5.205,,,,,153.786,,5.205,0.8,153.786,,,,,,5.182,0.84,0.0,,,,,0.0,,51.984,,,,,1535.941,,0.0,0.0,0.0,0.0,,,,,0.0,0.0,,2954.62,5202022.0,79.979,153.786,5.205,,,,,,0.0,,,,,0.0,,0.0,,,,,0.0,
LBN,Lebanon,2012,,0.0,,0.0,,0.0,11.921,9.535,0.064,1.806,,,,,,566.924,0.0,,,,,0.0,,0.0,0.0,15.86,0.01,0.0,14.53,6.56,1.0,0.0,7.97,0.0,0.01,1.01,0.0,0.0,15.54,8.81,0.882,16164.583,,,,,,2623.871,93.501,101518523250.0,42.214,,,,,1184.624,,0.0,0.0,6.435,,,,,180.583,,6.499,1.01,182.389,,,,,,2.018,0.32,0.0,,,,,0.0,,51.287,,,,,1439.246,,0.0,0.0,0.0,1.806,,,,,0.0,0.064,,2806.26,5537620.0,89.513,182.389,6.499,,,,,,0.0,,,,,0.0,,0.0,,,,,0.0,
LBN,Lebanon,2013,,0.0,,0.0,,0.0,-0.299,-0.268,0.056,1.691,,,,,,545.915,0.0,,,,,0.0,,0.0,0.0,18.27,0.01,0.0,16.48,8.92,1.26,0.0,7.56,0.0,0.01,1.27,0.0,0.0,17.75,9.69,0.892,15093.048,,,,,,2787.072,92.845,100029004128.0,50.254,,,,,1508.536,,0.0,0.0,7.099,,,,,213.089,,7.155,1.27,214.78,,,,,,2.846,0.52,0.0,,,,,0.0,,42.592,,,,,1278.535,,0.0,0.0,0.0,1.691,,,,,0.0,0.056,,3001.852,5913016.0,89.245,214.78,7.155,,,,,,0.0,,,,,0.0,,0.0,,,,,0.0,
LBN,Lebanon,2014,,0.0,,0.0,,0.0,3.054,2.726,0.059,1.597,,,,,,578.698,0.0,,,,,0.0,,0.0,0.0,17.04,0.01,0.0,16.68,9.03,0.19,0.0,7.65,0.0,0.01,0.22,0.01,0.01,16.9,9.78,0.974,14689.435,,,,,,2664.092,98.698,94385546738.0,53.432,,,,,1442.251,,0.0,0.0,1.124,,,,,30.346,,1.302,0.22,35.138,,,,,,0.822,0.14,0.0,,,,,0.0,,45.266,,,,,1221.841,,0.0,0.0,0.0,1.597,,,,,0.0,0.059,,2699.229,6261046.0,91.971,35.138,1.302,,,,,,0.059,,,,,1.597,,0.059,,,,,1.597,
LBN,Lebanon,2015,,0.0,,0.0,,0.0,10.35,9.519,0.057,1.531,,,,,,569.801,0.0,,,,,0.0,,0.0,0.0,17.82,0.01,0.0,17.04,9.22,0.47,0.0,7.82,0.0,0.01,0.51,0.02,0.01,17.55,10.0,1.067,15535.813,,,,,,2608.424,97.094,95081780999.0,52.536,,,,,1411.365,,0.0,0.0,2.678,,,,,71.946,,2.906,0.51,78.069,,,,,,1.515,0.27,0.0,,,,,0.0,,44.558,,,,,1197.058,,0.0,0.0,0.0,1.531,,,,,0.0,0.057,,2686.493,6532681.0,101.491,78.069,2.906,,,,,,0.114,,,,,3.062,,0.057,,,,,1.531,
LBN,Lebanon,2016,,0.0,,0.0,,0.0,2.864,2.907,0.329,8.936,,,,,,571.742,0.0,,,,,0.0,,0.0,0.0,18.33,0.06,0.0,17.77,9.62,0.38,0.0,8.15,0.0,0.06,0.49,0.04,0.01,18.26,10.44,1.067,15548.528,,,,,,2646.598,97.317,97868322270.0,52.683,,,,,1432.767,,0.0,0.0,2.081,,,,,56.596,,2.683,0.49,72.979,,,,,,0.382,0.07,0.0,,,,,0.0,,44.633,,,,,1213.831,,0.0,0.0,0.0,8.936,,,,,0.0,0.329,,2719.576,6714281.0,104.397,72.979,2.683,,,,,,0.219,,,,,5.957,,0.055,,,,,1.489,
LBN,Lebanon,2017,,,,,,,6.756,7.053,0.3,8.798,,,,,,562.281,0.0,,,,,0.0,,,,20.52,0.06,0.0,19.45,11.41,0.41,0.0,8.04,0.0,0.06,0.54,0.06,0.01,19.99,11.24,1.129,16343.154,,,,,,2852.168,97.299,98701181808.0,57.079,,,,,1673.174,,,,2.051,,,,,60.123,,2.701,0.54,79.186,,,,,,2.583,0.53,0.0,,,,,0.0,,40.22,,,,,1178.994,,,,0.0,8.798,,,,,0.0,0.3,,2931.355,6819373.0,111.45,79.186,2.701,,,,,,0.3,,,,,8.798,,0.05,,,,,1.466,
LBN,Lebanon,2018,,,,,,,-5.663,-6.312,0.3,8.747,,,,,,563.5,0.0,,,,,0.0,,,,20.01,0.06,0.0,19.5,11.44,0.34,0.0,8.06,0.0,0.06,0.5,0.09,0.01,20.0,11.27,1.086,15327.619,,,,,,2842.811,97.5,96800197158.0,57.2,,,,,1667.782,,,,1.7,,,,,49.567,,2.5,0.5,72.893,,,,,,0.05,0.01,0.0,,,,,0.0,,40.3,,,,,1175.029,,,,0.0,8.747,,,,,0.0,0.3,,2915.704,6859408.0,105.138,72.893,2.5,,,,,,0.45,,,,,13.121,,0.05,,,,,1.458,
LBN,Lebanon,2019,,,,,,,1.812,1.905,0.3,8.752,,,,,,554.668,0.0,,,,,0.0,,,,20.93,0.06,0.0,19.21,11.27,0.66,0.0,7.94,0.0,0.06,0.82,0.09,0.01,20.03,11.11,,15613.75,,,,,,2802.044,95.906,,56.266,,,,,1643.885,,,,3.295,,,,,96.27,,4.094,0.82,119.608,,,,,,4.3,0.9,0.0,,,,,0.0,,39.641,,,,,1158.159,,,,0.0,8.752,,,,,0.0,0.3,,2921.653,6855709.0,107.043,119.608,4.094,,,,,,0.449,,,,,13.128,,0.05,,,,,1.459,
LBN,Lebanon,2020,,,,,,,,,0.295,8.791,,,,,,546.214,0.0,,,,,0.0,,,,21.24,0.06,0.0,19.21,11.27,0.97,0.0,7.94,0.0,0.06,1.13,0.09,0.01,20.34,11.11,,,,,,,,2814.47,94.444,,55.408,,,,,1651.175,,,,4.769,,,,,142.115,,5.556,1.13,165.557,,,,,,4.237,0.9,0.0,,,,,0.0,,39.036,,,,,1163.295,,,,0.0,8.791,,,,,0.0,0.295,,2980.027,6825442.0,,165.557,5.556,,,,,,0.442,,,,,13.186,,0.049,,,,,1.465,
