iso_code,country,year,coal_prod_change_pct,coal_prod_change_twh,gas_prod_change_pct,gas_prod_change_twh,oil_prod_change_pct,oil_prod_change_twh,energy_cons_change_pct,energy_cons_change_twh,biofuel_share_elec,biofuel_elec_per_capita,biofuel_cons_change_pct,biofuel_share_energy,biofuel_cons_change_twh,biofuel_consumption,biofuel_cons_per_capita,carbon_intensity_elec,coal_share_elec,coal_cons_change_pct,coal_share_energy,coal_cons_change_twh,coal_consumption,coal_elec_per_capita,coal_cons_per_capita,coal_production,coal_prod_per_capita,electricity_demand,biofuel_electricity,coal_electricity,fossil_electricity,gas_electricity,hydro_electricity,nuclear_electricity,oil_electricity,other_renewable_exc_biofuel_electricity,other_renewable_electricity,renewables_electricity,solar_electricity,wind_electricity,electricity_generation,greenhouse_gas_emissions,energy_per_gdp,energy_per_capita,fossil_cons_change_pct,fossil_share_energy,fossil_cons_change_twh,fossil_fuel_consumption,fossil_energy_per_capita,fossil_cons_per_capita,fossil_share_elec,gdp,gas_share_elec,gas_cons_change_pct,gas_share_energy,gas_cons_change_twh,gas_consumption,gas_elec_per_capita,gas_energy_per_capita,gas_production,gas_prod_per_capita,hydro_share_elec,hydro_cons_change_pct,hydro_share_energy,hydro_cons_change_twh,hydro_consumption,hydro_elec_per_capita,hydro_energy_per_capita,low_carbon_share_elec,low_carbon_electricity,low_carbon_elec_per_capita,low_carbon_cons_change_pct,low_carbon_share_energy,low_carbon_cons_change_twh,low_carbon_consumption,low_carbon_energy_per_capita,net_elec_imports_share_demand,net_elec_imports,nuclear_share_elec,nuclear_cons_change_pct,nuclear_share_energy,nuclear_cons_change_twh,nuclear_consumption,nuclear_elec_per_capita,nuclear_energy_per_capita,oil_share_elec,oil_cons_change_pct,oil_share_energy,oil_cons_change_twh,oil_consumption,oil_elec_per_capita,oil_energy_per_capita,oil_production,oil_prod_per_capita,other_renewables_elec_per_capita_exc_biofuel,other_renewables_elec_per_capita,other_renewables_cons_change_pct,other_renewables_share_energy,other_renewables_cons_change_twh,other_renewable_consumption,other_renewables_share_elec_exc_biofuel,other_renewables_share_elec,other_renewables_energy_per_capita,per_capita_electricity,population,primary_energy_consumption,renewables_elec_per_capita,renewables_share_elec,renewables_cons_change_pct,renewables_share_energy,renewables_cons_change_twh,renewables_consumption,renewables_energy_per_capita,solar_share_elec,solar_cons_change_pct,solar_share_energy,solar_cons_change_twh,solar_consumption,solar_elec_per_capita,solar_energy_per_capita,wind_share_elec,wind_cons_change_pct,wind_share_energy,wind_cons_change_twh,wind_consumption,wind_elec_per_capita,wind_energy_per_capita
LSO,Lesotho,1980,,,,,,,,,,,,,,,,,,,,,,,,0.0,0.0,,,,,,,,,,,,,,,,0.277,446.121,,,,,,,,2159451000.0,,,,,,,,,,,,,,,,,,,,,,,,,,,,,,,,,,,,,,,,,,,,,,,,,,,,,1340258.0,0.598,,,,,,,,,,,,,,,,,,,,,
LSO,Lesotho,1981,,0.0,,,,,-0.273,-0.002,,,,,,,,,,,,,,,,0.0,0.0,,,,,,,,,,,,,,,,0.273,432.777,,,,,,,,2181780000.0,,,,,,,,,,,,,,,,,,,,,,,,,,,,,,,,,,,,,,,,,,,,,,,,,,,,,1377808.0,0.596,,,,,,,,,,,,,,,,,,,,,
LSO,Lesotho,1982,,0.0,,,,,0.0,0.0,,,,,,,,,,,,,,,,0.0,0.0,,,,,,,,,,,,,,,,0.264,421.294,,,,,,,,2258408000.0,,,,,,,,,,,,,,,,,,,,,,,,,,,,,,,,,,,,,,,,,,,,,,,,,,,,,1415362.0,0.596,,,,,,,,,,,,,,,,,,,,,
LSO,Lesotho,1983,,0.0,,,,,0.0,0.0,,,,,,,,,,,,,,,,0.0,0.0,,,,,,,,,,,,,,,,0.26,410.458,,,,,,,,2296231000.0,,,,,,,,,,,,,,,,,,,,,,,,,,,,,,,,,,,,,,,,,,,,,,,,,,,,,1452727.0,0.596,,,,,,,,,,,,,,,,,,,,,
LSO,Lesotho,1984,,0.0,,,,,0.274,0.002,,,,,,,,,,,,,,,,0.0,0.0,,,,,,,,,,,,,,,,0.249,401.372,,,,,,,,2400979000.0,,,,,,,,,,,,,,,,,,,,,,,,,,,,,,,,,,,,,,,,,,,,,,,,,,,,,1489685.0,0.598,,,,,,,,,,,,,,,,,,,,,
LSO,Lesotho,1985,,0.0,,,,,9.699,0.058,,,,,,,,,,,,,,,,0.0,0.0,,,,,,,,,,,,,,,,0.264,429.787,,,,,,,,2483200000.0,,,,,,,,,,,,,,,,,,,,,,,,,,,,,,,,,,,,,,,,,,,,,,,,,,,,,1526132.0,0.656,,,,,,,,,,,,,,,,,,,,,
LSO,Lesotho,1986,,0.0,,,,,4.89,0.032,,,,,,,,,,,,,,,,0.0,0.0,,,,,,,,,,,,,,,,0.264,440.54,,,,,,,,2610615000.0,,,,,,,,,,,,,,,,,,,,,,,,,,,,,,,,,,,,,,,,,,,,,,,,,,,,,1561687.0,0.688,,,,,,,,,,,,,,,,,,,,,
LSO,Lesotho,1987,,0.0,,,,,0.0,0.0,,,,,,,,,,,,,,,,0.0,0.0,,,,,,,,,,,,,,,,0.263,430.962,,,,,,,,2619536000.0,,,,,,,,,,,,,,,,,,,,,,,,,,,,,,,,,,,,,,,,,,,,,,,,,,,,,1596395.0,0.688,,,,,,,,,,,,,,,,,,,,,
LSO,Lesotho,1988,,0.0,,,,,-32.703,-0.225,,,,,,,,,,,,,,,,0.0,0.0,,,,,,,,,,,,,,,,0.162,283.872,,,,,,,,2855720000.0,,,,,,,,,,,,,,,,,,,,,,,,,,,,,,,,,,,,,,,,,,,,,,,,,,,,,1630993.0,0.463,,,,,,,,,,,,,,,,,,,,,
LSO,Lesotho,1989,,0.0,,,,,48.595,0.225,,,,,,,,,,,,,,,,0.0,0.0,,,,,,,,,,,,,,,,0.228,412.817,,,,,,,,3019896000.0,,,,,,,,,,,,,,,,,,,,,,,,,,,,,,,,,,,,,,,,,,,,,,,,,,,,,1666564.0,0.688,,,,,,,,,,,,,,,,,,,,,
LSO,Lesotho,1990,,0.0,,,,,27.906,0.192,,,,,,,,,,,,,,,,0.0,0.0,,,,,,,,,,,,,,,,0.275,516.493,,,,,,,,3205046000.0,,,,,,,,,,,,,,,,,,,,,,,,,,,,,,,,,,,,,,,,,,,,,,,,,,,,,1703757.0,0.88,,,,,,,,,,,,,,,,,,,,,
LSO,Lesotho,1991,,0.0,,,,,1.591,0.014,,,,,,,,,,,,,,,,0.0,0.0,,,,,,,,,,,,,,,,0.278,513.033,,,,,,,,3210336476.0,,,,,,,,,,,,,,,,,,,,,,,,,,,,,,,,,,,,,,,,,,,,,,,,,,,,,1742534.0,0.894,,,,,,,,,,,,,,,,,,,,,
LSO,Lesotho,1992,,0.0,,,,,4.118,0.037,,,,,,,,,,,,,,,,0.0,0.0,,,,,,,,,,,,,,,,0.276,522.248,,,,,,,,3373567135.0,,,,,,,,,,,,,,,,,,,,,,,,,,,,,,,,,,,,,,,,,,,,,,,,,,,,,1782284.0,0.931,,,,,,,,,,,,,,,,,,,,,
LSO,Lesotho,1993,,0.0,,,,,3.328,0.031,,,,,,,,,,,,,,,,0.0,0.0,,,,,,,,,,,,,,,,0.282,527.798,,,,,,,,3409484074.0,,,,,,,,,,,,,,,,,,,,,,,,,,,,,,,,,,,,,,,,,,,,,,,,,,,,,1822237.0,0.962,,,,,,,,,,,,,,,,,,,,,
LSO,Lesotho,1994,,0.0,,,,,11.167,0.107,,,,,,,,,,,,,,,,0.0,0.0,,,,,,,,,,,,,,,,0.305,574.414,,,,,,,,3499928259.0,,,,,,,,,,,,,,,,,,,,,,,,,,,,,,,,,,,,,,,,,,,,,,,,,,,,,1861323.0,1.069,,,,,,,,,,,,,,,,,,,,,
LSO,Lesotho,1995,,0.0,,,,,1.309,0.014,,,,,,,,,,,,,,,,0.0,0.0,,,,,,,,,,,,,,,,0.31,570.51,,,,,,,,3490315752.0,,,,,,,,,,,,,,,,,,,,,,,,,,,,,,,,,,,,,,,,,,,,,,,,,,,,,1898598.0,1.083,,,,,,,,,,,,,,,,,,,,,
LSO,Lesotho,1996,,0.0,,,,,1.208,0.013,,,,,,,,,,,,,,,,0.0,0.0,,,,,,,,,,,,,,,,0.304,566.744,,,,,,,,3610274035.0,,,,,,,,,,,,,,,,,,,,,,,,,,,,,,,,,,,,,,,,,,,,,,,,,,,,,1934294.0,1.096,,,,,,,,,,,,,,,,,,,,,
LSO,Lesotho,1997,,0.0,,,,,-1.74,-0.019,,,,,,,,,,,,,,,,0.0,0.0,,,,,,,,,,,,,,,,0.295,547.328,,,,,,,,3655545170.0,,,,,,,,,,,,,,,,,,,,,,,,,,,,,,,,,,,,,,,,,,,,,,,,,,,,,1968054.0,1.077,,,,,,,,,,,,,,,,,,,,,
LSO,Lesotho,1998,,0.0,,,,,-12.999,-0.14,,,,,,,,,,,,,,,,0.0,0.0,,,,,,,,,,,,,,,,0.257,469.157,,,,,,,,3647322821.0,,,,,,,,,,,,,,,,,,,,,,,,,,,,,,,,,,,,,,,,,,,,,,,,,,,,,1997524.0,0.937,,,,,,,,,,,,,,,,,,,,,
LSO,Lesotho,1999,,0.0,,,,,45.927,0.43,,,,,,,,,,,,,,,,0.0,0.0,,,,,,,,,,,,,,,,0.373,677.102,,,,,,,,3670807305.0,,,,,,,,,,,,,,,,,,,,,,,,,,,,,,,,,,,,,,,,,,,,,,,,,,,,,2019732.0,1.368,,,,,,,,,,,,,,,,,,,,,
LSO,Lesotho,2000,,0.0,,,,,81.486,1.114,0.0,0.0,,,,,,34.483,0.0,,,,,0.0,,0.0,0.0,0.3,0.0,0.0,0.0,0.0,0.29,0.0,0.0,0.0,0.0,0.29,0.0,0.0,0.29,0.01,0.658,1220.945,,,,,,0.0,0.0,3769602202.0,0.0,,,,,0.0,,,,100.0,,,,,142.66,,100.0,0.29,142.66,,,,,,3.333,0.01,0.0,,,,,0.0,,0.0,,,,,0.0,,,,0.0,0.0,,,,,0.0,0.0,,142.66,2032805.0,2.482,142.66,100.0,,,,,,0.0,,,,,0.0,,0.0,,,,,0.0,
LSO,Lesotho,2001,,0.0,,,,,1.728,0.043,0.0,0.0,,,,,,35.714,0.0,,,,,0.0,,0.0,0.0,0.32,0.0,0.0,0.0,0.0,0.28,0.0,0.0,0.0,0.0,0.28,0.0,0.0,0.28,0.01,0.658,1240.259,,,,,,0.0,0.0,3838921307.0,0.0,,,,,0.0,,,,100.0,,,,,137.542,,100.0,0.28,137.542,,,,,,12.5,0.04,0.0,,,,,0.0,,0.0,,,,,0.0,,,,0.0,0.0,,,,,0.0,0.0,,137.542,2035738.0,2.525,137.542,100.0,,,,,,0.0,,,,,0.0,,0.0,,,,,0.0,
LSO,Lesotho,2002,,0.0,,,,,3.247,0.082,0.0,0.0,,,,,,32.258,0.0,,,,,0.0,,0.0,0.0,0.33,0.0,0.0,0.0,0.0,0.31,0.0,0.0,0.0,0.0,0.31,0.0,0.0,0.31,0.01,0.691,1284.258,,,,,,0.0,0.0,3773087735.0,0.0,,,,,0.0,,,,100.0,,,,,152.722,,100.0,0.31,152.722,,,,,,6.061,0.02,0.0,,,,,0.0,,0.0,,,,,0.0,,,,0.0,0.0,,,,,0.0,0.0,,152.722,2029832.0,2.607,152.722,100.0,,,,,,0.0,,,,,0.0,,0.0,,,,,0.0,
LSO,Lesotho,2003,,0.0,,,,,1.891,0.049,0.0,0.0,,,,,,31.25,0.0,,,,,0.0,,0.0,0.0,0.36,0.0,0.0,0.0,0.0,0.32,0.0,0.0,0.0,0.0,0.32,0.0,0.0,0.32,0.01,0.688,1315.988,,,,,,0.0,0.0,3857951147.0,0.0,,,,,0.0,,,,100.0,,,,,158.545,,100.0,0.32,158.545,,,,,,11.111,0.04,0.0,,,,,0.0,,0.0,,,,,0.0,,,,0.0,0.0,,,,,0.0,0.0,,158.545,2018355.0,2.656,158.545,100.0,,,,,,0.0,,,,,0.0,,0.0,,,,,0.0,
LSO,Lesotho,2004,,0.0,,,,,-0.928,-0.025,0.0,0.0,,,,,,33.333,0.0,,,,,0.0,,0.0,0.0,0.33,0.0,0.0,0.0,0.0,0.3,0.0,0.0,0.0,0.0,0.3,0.0,0.0,0.3,0.01,0.682,1311.839,,,,,,0.0,0.0,3857815885.0,0.0,,,,,0.0,,,,100.0,,,,,149.555,,100.0,0.3,149.555,,,,,,9.091,0.03,0.0,,,,,0.0,,0.0,,,,,0.0,,,,0.0,0.0,,,,,0.0,0.0,,149.555,2005953.0,2.631,149.555,100.0,,,,,,0.0,,,,,0.0,,0.0,,,,,0.0,
LSO,Lesotho,2005,,0.0,,,,,18.386,0.484,0.0,0.0,,,,,,21.739,0.0,,,,,0.0,,0.0,0.0,0.47,0.0,0.0,0.0,0.0,0.46,0.0,0.0,0.0,0.0,0.46,0.0,0.0,0.46,0.01,0.805,1560.684,,,,,,0.0,0.0,3870538591.0,0.0,,,,,0.0,,,,100.0,,,,,230.448,,100.0,0.46,230.448,,,,,,2.128,0.01,0.0,,,,,0.0,,0.0,,,,,0.0,,,,0.0,0.0,,,,,0.0,0.0,,230.448,1996115.0,3.115,230.448,100.0,,,,,,0.0,,,,,0.0,,0.0,,,,,0.0,
LSO,Lesotho,2006,,0.0,,,,,5.865,0.183,0.0,0.0,,,,,,19.231,0.0,,,,,0.0,,0.0,0.0,0.56,0.0,0.0,0.0,0.0,0.52,0.0,0.0,0.0,0.0,0.52,0.0,0.0,0.52,0.01,0.836,1657.359,,,,,,0.0,0.0,3946096694.0,0.0,,,,,0.0,,,,100.0,,,,,261.315,,100.0,0.52,261.315,,,,,,7.143,0.04,0.0,,,,,0.0,,0.0,,,,,0.0,,,,0.0,0.0,,,,,0.0,0.0,,261.315,1989933.0,3.298,261.315,100.0,,,,,,0.0,,,,,0.0,,0.0,,,,,0.0,
LSO,Lesotho,2007,,0.0,,,,,20.68,0.682,0.0,0.0,,,,,,18.182,0.0,,,,,0.0,,0.0,0.0,0.6,0.0,0.0,0.0,0.0,0.55,0.0,0.0,0.0,0.0,0.55,0.0,0.0,0.55,0.01,0.985,2003.135,,,,,,0.0,0.0,4038812471.0,0.0,,,,,0.0,,,,100.0,,,,,276.81,,100.0,0.55,276.81,,,,,,8.333,0.05,0.0,,,,,0.0,,0.0,,,,,0.0,,,,0.0,0.0,,,,,0.0,0.0,,276.81,1986926.0,3.98,276.81,100.0,,,,,,0.0,,,,,0.0,,0.0,,,,,0.0,
LSO,Lesotho,2008,,0.0,,,,,-9.411,-0.375,0.0,0.0,,,,,,17.241,0.0,,,,,0.0,,0.0,0.0,0.63,0.0,0.0,0.0,0.0,0.58,0.0,0.0,0.0,0.0,0.58,0.0,0.0,0.58,0.01,0.865,1814.438,,,,,,0.0,0.0,4170596920.0,0.0,,,,,0.0,,,,100.0,,,,,291.878,,100.0,0.58,291.878,,,,,,7.937,0.05,0.0,,,,,0.0,,0.0,,,,,0.0,,,,0.0,0.0,,,,,0.0,0.0,,291.878,1987130.0,3.606,291.878,100.0,,,,,,0.0,,,,,0.0,,0.0,,,,,0.0,
LSO,Lesotho,2009,,0.0,,,,,14.217,0.513,0.0,0.0,,,,,,30.769,0.0,,,,,0.0,,0.0,0.0,0.77,0.0,0.0,0.0,0.0,0.65,0.0,0.0,0.0,0.0,0.65,0.0,0.0,0.65,0.02,0.977,2069.264,,,,,,0.0,0.0,4214040628.0,0.0,,,,,0.0,,,,100.0,,,,,326.611,,100.0,0.65,326.611,,,,,,15.584,0.12,0.0,,,,,0.0,,0.0,,,,,0.0,,,,0.0,0.0,,,,,0.0,0.0,,326.611,1990135.0,4.118,326.611,100.0,,,,,,0.0,,,,,0.0,,0.0,,,,,0.0,
LSO,Lesotho,2010,,0.0,,,,,6.969,0.287,0.0,0.0,,,,,,28.986,0.0,,,,,0.0,,0.0,0.0,0.89,0.0,0.0,0.0,0.0,0.69,0.0,0.0,0.0,0.0,0.69,0.0,0.0,0.69,0.02,0.992,2207.439,,,,,,0.0,0.0,4442653632.0,0.0,,,,,0.0,,,,100.0,,,,,345.765,,100.0,0.69,345.765,,,,,,22.472,0.2,0.0,,,,,0.0,,0.0,,,,,0.0,,,,0.0,0.0,,,,,0.0,0.0,,345.765,1995575.0,4.405,345.765,100.0,,,,,,0.0,,,,,0.0,,0.0,,,,,0.0,
LSO,Lesotho,2011,,0.0,,,,,-9.712,-0.428,0.0,0.0,,,,,,20.408,0.0,,,,,0.0,,0.0,0.0,0.75,0.0,0.0,0.0,0.0,0.49,0.0,0.0,0.0,0.0,0.49,0.0,0.0,0.49,0.01,0.881,1984.886,,,,,,0.0,0.0,4516050000.0,0.0,,,,,0.0,,,,100.0,,,,,244.536,,100.0,0.49,244.536,,,,,,34.667,0.26,0.0,,,,,0.0,,0.0,,,,,0.0,,,,0.0,0.0,,,,,0.0,0.0,,244.536,2003793.0,3.977,244.536,100.0,,,,,,0.0,,,,,0.0,,0.0,,,,,0.0,
LSO,Lesotho,2012,,0.0,,,,,4.937,0.196,0.0,0.0,,,,,,20.408,0.0,,,,,0.0,,0.0,0.0,0.8,0.0,0.0,0.0,0.0,0.49,0.0,0.0,0.0,0.0,0.49,0.0,0.0,0.49,0.01,0.881,2071.311,,,,,,0.0,0.0,4740080000.0,0.0,,,,,0.0,,,,100.0,,,,,243.178,,100.0,0.49,243.178,,,,,,38.75,0.31,0.0,,,,,0.0,,0.0,,,,,0.0,,,,0.0,0.0,,,,,0.0,0.0,,243.178,2014988.0,4.174,243.178,100.0,,,,,,0.0,,,,,0.0,,0.0,,,,,0.0,
LSO,Lesotho,2013,,0.0,,,,,1.578,0.066,0.0,0.0,,,,,,19.608,0.0,,,,,0.0,,0.0,0.0,0.79,0.0,0.0,0.0,0.0,0.51,0.0,0.0,0.0,0.0,0.51,0.0,0.0,0.51,0.01,0.856,2089.958,,,,,,0.0,0.0,4954224000.0,0.0,,,,,0.0,,,,100.0,,,,,251.414,,100.0,0.51,251.414,,,,,,35.443,0.28,0.0,,,,,0.0,,0.0,,,,,0.0,,,,0.0,0.0,,,,,0.0,0.0,,251.414,2028528.0,4.24,251.414,100.0,,,,,,0.0,,,,,0.0,,0.0,,,,,0.0,
LSO,Lesotho,2014,,0.0,,,,,2.573,0.109,0.0,0.0,,,,,,19.231,0.0,,,,,0.0,,0.0,0.0,0.79,0.0,0.0,0.0,0.0,0.52,0.0,0.0,0.0,0.0,0.52,0.0,0.0,0.52,0.01,0.847,2128.071,,,,,,0.0,0.0,5134648000.0,0.0,,,,,0.0,,,,100.0,,,,,254.472,,100.0,0.52,254.472,,,,,,34.177,0.27,0.0,,,,,0.0,,0.0,,,,,0.0,,,,0.0,0.0,,,,,0.0,0.0,,254.472,2043448.0,4.349,254.472,100.0,,,,,,0.0,,,,,0.0,,0.0,,,,,0.0,
LSO,Lesotho,2015,,0.0,,,,,-2.325,-0.101,0.0,0.0,,,,,,18.868,0.0,,,,,0.0,,0.0,0.0,0.79,0.0,0.0,0.0,0.0,0.53,0.0,0.0,0.0,0.0,0.53,0.0,0.0,0.53,0.01,0.805,2062.874,,,,,,0.0,0.0,5279080000.0,0.0,,,,,0.0,,,,100.0,,,,,257.405,,100.0,0.53,257.405,,,,,,32.911,0.26,0.0,,,,,0.0,,0.0,,,,,0.0,,,,0.0,0.0,,,,,0.0,0.0,,257.405,2059011.0,4.247,257.405,100.0,,,,,,0.0,,,,,0.0,,0.0,,,,,0.0,
LSO,Lesotho,2016,,0.0,,,,,8.2,0.348,0.0,0.0,,,,,,19.231,0.0,,,,,0.0,,0.0,0.0,0.89,0.0,0.0,0.0,0.0,0.52,0.0,0.0,0.0,0.0,0.52,0.0,0.0,0.52,0.01,0.85,2214.783,,,,,,0.0,0.0,5403951000.0,0.0,,,,,0.0,,,,100.0,,,,,250.597,,100.0,0.52,250.597,,,,,,41.573,0.37,0.0,,,,,0.0,,0.0,,,,,0.0,,,,0.0,0.0,,,,,0.0,0.0,,250.597,2075041.0,4.596,250.597,100.0,,,,,,0.0,,,,,0.0,,0.0,,,,,0.0,
LSO,Lesotho,2017,,,,,,,6.458,0.297,0.0,0.0,,,,,,18.519,0.0,,,,,0.0,,,,0.93,0.0,0.0,0.0,0.0,0.54,0.0,0.0,0.0,0.0,0.54,0.0,0.0,0.54,0.01,0.918,2339.218,,,,,,0.0,0.0,5327153820.0,0.0,,,,,0.0,,,,100.0,,,,,258.184,,100.0,0.54,258.184,,,,,,41.935,0.39,0.0,,,,,0.0,,0.0,,,,,0.0,,,,0.0,0.0,,,,,0.0,0.0,,258.184,2091532.0,4.893,258.184,100.0,,,,,,0.0,,,,,0.0,,0.0,,,,,0.0,
LSO,Lesotho,2018,,,,,,,-1.911,-0.094,0.0,0.0,,,,,,18.519,0.0,,,,,0.0,,,,0.94,0.0,0.0,0.0,0.0,0.54,0.0,0.0,0.0,0.0,0.54,0.0,0.0,0.54,0.01,0.895,2276.232,,,,,,0.0,0.0,5360395694.0,0.0,,,,,0.0,,,,100.0,,,,,256.127,,100.0,0.54,256.127,,,,,,42.553,0.4,0.0,,,,,0.0,,0.0,,,,,0.0,,,,0.0,0.0,,,,,0.0,0.0,,256.127,2108327.0,4.799,256.127,100.0,,,,,,0.0,,,,,0.0,,0.0,,,,,0.0,
LSO,Lesotho,2019,,,,,,,1.532,0.074,0.0,0.0,,,,,,20.0,0.0,,,,,0.0,,,,1.04,0.0,0.0,0.0,0.0,0.5,0.0,0.0,0.0,0.0,0.5,0.0,0.0,0.5,0.01,,2292.676,,,,,,0.0,0.0,,0.0,,,,,0.0,,,,100.0,,,,,235.265,,100.0,0.5,235.265,,,,,,51.923,0.54,0.0,,,,,0.0,,0.0,,,,,0.0,,,,0.0,0.0,,,,,0.0,0.0,,235.265,2125267.0,4.873,235.265,100.0,,,,,,0.0,,,,,0.0,,0.0,,,,,0.0,
LSO,Lesotho,2020,,,,,,,,,0.0,0.0,,,,,,20.0,0.0,,,,,0.0,,,,1.04,0.0,0.0,0.0,0.0,0.5,0.0,0.0,0.0,0.0,0.5,0.0,0.0,0.5,0.01,,,,,,,,0.0,0.0,,0.0,,,,,0.0,,,,100.0,,,,,233.399,,100.0,0.5,233.399,,,,,,51.923,0.54,0.0,,,,,0.0,,0.0,,,,,0.0,,,,0.0,0.0,,,,,0.0,0.0,,233.399,2142252.0,,233.399,100.0,,,,,,0.0,,,,,0.0,,0.0,,,,,0.0,
