iso_code,country,year,coal_prod_change_pct,coal_prod_change_twh,gas_prod_change_pct,gas_prod_change_twh,oil_prod_change_pct,oil_prod_change_twh,energy_cons_change_pct,energy_cons_change_twh,biofuel_share_elec,biofuel_elec_per_capita,biofuel_cons_change_pct,biofuel_share_energy,biofuel_cons_change_twh,biofuel_consumption,biofuel_cons_per_capita,carbon_intensity_elec,coal_share_elec,coal_cons_change_pct,coal_share_energy,coal_cons_change_twh,coal_consumption,coal_elec_per_capita,coal_cons_per_capita,coal_production,coal_prod_per_capita,electricity_demand,biofuel_electricity,coal_electricity,fossil_electricity,gas_electricity,hydro_electricity,nuclear_electricity,oil_electricity,other_renewable_exc_biofuel_electricity,other_renewable_electricity,renewables_electricity,solar_electricity,wind_electricity,electricity_generation,greenhouse_gas_emissions,energy_per_gdp,energy_per_capita,fossil_cons_change_pct,fossil_share_energy,fossil_cons_change_twh,fossil_fuel_consumption,fossil_energy_per_capita,fossil_cons_per_capita,fossil_share_elec,gdp,gas_share_elec,gas_cons_change_pct,gas_share_energy,gas_cons_change_twh,gas_consumption,gas_elec_per_capita,gas_energy_per_capita,gas_production,gas_prod_per_capita,hydro_share_elec,hydro_cons_change_pct,hydro_share_energy,hydro_cons_change_twh,hydro_consumption,hydro_elec_per_capita,hydro_energy_per_capita,low_carbon_share_elec,low_carbon_electricity,low_carbon_elec_per_capita,low_carbon_cons_change_pct,low_carbon_share_energy,low_carbon_cons_change_twh,low_carbon_consumption,low_carbon_energy_per_capita,net_elec_imports_share_demand,net_elec_imports,nuclear_share_elec,nuclear_cons_change_pct,nuclear_share_energy,nuclear_cons_change_twh,nuclear_consumption,nuclear_elec_per_capita,nuclear_energy_per_capita,oil_share_elec,oil_cons_change_pct,oil_share_energy,oil_cons_change_twh,oil_consumption,oil_elec_per_capita,oil_energy_per_capita,oil_production,oil_prod_per_capita,other_renewables_elec_per_capita_exc_biofuel,other_renewables_elec_per_capita,other_renewables_cons_change_pct,other_renewables_share_energy,other_renewables_cons_change_twh,other_renewable_consumption,other_renewables_share_elec_exc_biofuel,other_renewables_share_elec,other_renewables_energy_per_capita,per_capita_electricity,population,primary_energy_consumption,renewables_elec_per_capita,renewables_share_elec,renewables_cons_change_pct,renewables_share_energy,renewables_cons_change_twh,renewables_consumption,renewables_energy_per_capita,solar_share_elec,solar_cons_change_pct,solar_share_energy,solar_cons_change_twh,solar_consumption,solar_elec_per_capita,solar_energy_per_capita,wind_share_elec,wind_cons_change_pct,wind_share_energy,wind_cons_change_twh,wind_consumption,wind_elec_per_capita,wind_energy_per_capita
LTU,Lithuania,1985,,,,,,,,,,,,,,,,,,,5.253,,9.458,,2654.871,,,,,,,,0.393,9.48,,,0.0,0.393,0.0,0.0,20.962,,3.778,50543.57,,84.769,,152.632,42845.187,,,47660894184.0,,,22.655,,40.792,,11450.691,,,1.876,,0.607,,1.093,110.411,306.696,47.099,9.873,2771.43,,15.231,,27.425,7698.423,,,45.223,,14.624,,26.332,2661.019,7391.727,,,56.861,,102.382,,28739.625,,,,0.0,,0.0,,0.0,,0.0,0.0,5884.237,3562399.0,180.056,110.411,1.876,,0.607,,1.093,306.696,0.0,,0.0,,0.0,0.0,0.0,0.0,,0.0,,0.0,0.0,0.0
LTU,Lithuania,1986,,,,,,,-7.768,-13.987,,,,,,,,,,16.384,6.628,1.55,11.007,,3062.618,,,,,,,,0.384,9.882,,,0.0,0.384,0.0,0.0,22.416,,3.357,46206.687,-9.879,82.828,-15.079,137.552,38272.133,,,49468977531.0,,0.212,24.615,0.087,40.878,,11373.891,,,1.715,-2.247,0.643,-0.025,1.068,106.979,297.163,45.799,10.266,2856.451,3.984,17.172,1.093,28.517,7934.591,,,44.084,4.242,16.529,1.117,27.449,2749.472,7637.428,,-16.326,51.585,-16.715,85.667,,23835.624,,,,0.0,,0.0,0.0,0.0,,0.0,0.0,6236.951,3594064.0,166.07,106.979,1.715,-2.247,0.643,-0.025,1.068,297.163,0.0,,0.0,0.0,0.0,0.0,0.0,0.0,,0.0,0.0,0.0,0.0,0.0
LTU,Lithuania,1987,,,,,,,4.808,7.985,,,,,,,,,,-1.562,6.225,-0.172,10.835,,2987.134,,,,,,,,0.362,9.184,,,0.0,0.362,0.0,0.0,22.755,,3.445,47984.246,7.26,84.765,9.986,147.538,40674.1,,,50529331709.0,,4.447,24.53,1.818,42.696,,11770.73,,,1.593,-5.747,0.578,-0.061,1.007,99.906,277.516,41.951,9.546,2631.664,-7.017,15.235,-2.001,26.516,7310.184,,,40.358,-7.066,14.656,-1.94,25.51,2531.758,7032.668,,9.735,54.01,8.34,94.007,,25916.236,,,,0.0,,0.0,0.0,0.0,,0.0,0.0,6273.216,3627326.0,174.055,99.906,1.593,-5.747,0.578,-0.061,1.007,277.516,0.0,,0.0,0.0,0.0,0.0,0.0,0.0,,0.0,0.0,0.0,0.0,0.0
LTU,Lithuania,1988,,,,,,,4.844,8.431,,,,,,,,,,0.81,5.986,0.088,10.923,,2985.68,,,,,,,,0.384,12.812,,,0.0,0.384,0.0,0.0,26.0,,3.345,49879.886,-1.158,79.913,-1.709,145.829,39860.373,,,54561831450.0,,4.257,24.393,1.818,44.514,,12167.311,,,1.479,6.098,0.585,0.061,1.068,105.094,291.929,50.755,13.196,3607.036,38.241,20.087,10.14,36.656,10019.554,,,49.276,39.509,19.502,10.079,35.588,3501.942,9727.624,,-3.845,49.534,-3.615,90.392,,24707.382,,,,0.0,,0.0,0.0,0.0,,0.0,0.0,7106.746,3658496.0,182.485,105.094,1.479,6.098,0.585,0.061,1.068,291.929,0.0,,0.0,0.0,0.0,0.0,0.0,0.0,,0.0,0.0,0.0,0.0,0.0
LTU,Lithuania,1989,,,,,,,8.233,15.023,,,,,,,,,,-6.568,5.167,-0.717,10.206,,2771.364,,,,,,,,0.384,16.652,,,0.0,0.384,0.0,0.0,29.158,,3.652,53633.615,2.987,76.039,4.356,150.185,40782.683,,,54088606250.0,,6.125,23.918,2.727,47.241,,12828.242,,,1.319,0.0,0.541,0.0,1.068,104.408,290.022,58.429,17.037,4626.347,29.102,23.961,10.668,47.324,12850.975,,,57.111,29.976,23.42,10.668,46.256,4521.939,12560.953,,2.596,46.954,2.346,92.738,,25183.077,,,,0.0,,0.0,0.0,0.0,,0.0,0.0,7917.868,3682557.0,197.509,104.408,1.319,0.0,0.541,0.0,1.068,290.022,0.0,,0.0,0.0,0.0,0.0,0.0,0.0,,0.0,0.0,0.0,0.0,0.0
LTU,Lithuania,1990,,,,,,,1.664,3.287,0.0,0.0,,,,,,,0.0,-9.154,4.617,-0.934,9.271,0.0,2508.484,,,16.38,0.0,0.0,10.92,6.77,0.41,17.03,4.15,0.0,0.0,0.41,0.0,0.0,28.36,,3.935,54327.381,1.43,75.864,2.148,152.332,41215.014,2954.517,38.505,51021990324.0,23.872,15.186,27.099,7.174,54.414,1831.693,14722.395,,,1.446,7.676,0.573,0.082,1.15,110.93,311.144,61.495,17.44,4718.57,2.408,24.136,1.139,48.464,13112.41,-73.138,-11.98,60.049,2.286,23.563,1.058,47.314,4607.64,12801.266,14.633,-4.412,44.147,-4.092,88.646,1122.825,23984.135,,,0.0,0.0,,0.0,0.0,0.0,0.0,0.0,0.0,7673.088,3696035.0,200.796,110.93,1.446,7.676,0.573,0.082,1.15,311.144,0.0,,0.0,0.0,0.0,0.0,0.0,0.0,,0.0,0.0,0.0,0.0,0.0
LTU,Lithuania,1991,,,,,,,5.755,11.557,0.0,0.0,,,,,,,0.0,11.691,4.876,1.084,10.355,0.0,2800.675,,,16.58,0.0,0.0,11.99,6.29,0.34,17.0,5.7,0.0,0.0,0.34,0.0,0.0,29.33,,4.414,57432.177,7.785,77.32,11.86,164.192,44406.723,3242.775,40.88,48112085208.0,21.446,3.518,26.526,1.914,56.329,1701.172,15234.492,,,1.159,-18.357,0.442,-0.211,0.939,91.955,253.929,59.12,17.34,4689.717,-0.625,22.68,-0.303,48.161,13025.5,-76.9,-12.75,57.961,-0.194,22.238,-0.092,47.222,4597.762,12771.572,19.434,9.996,45.918,8.861,97.507,1541.603,26371.555,,,0.0,0.0,,0.0,0.0,0.0,0.0,0.0,0.0,7932.492,3697451.0,212.353,91.955,1.159,-18.357,0.442,-0.211,0.939,253.929,0.0,,0.0,0.0,0.0,0.0,0.0,0.0,,0.0,0.0,0.0,0.0,0.0
LTU,Lithuania,1992,,,,,,,-38.874,-82.55,0.0,0.0,,,,,,,0.0,-53.133,3.739,-5.502,4.853,0.0,1315.908,0.0,0.0,13.23,0.0,0.0,3.58,1.26,0.31,14.64,2.32,0.0,0.0,0.31,0.0,0.0,18.53,,3.428,35194.993,-46.235,68.009,-75.914,88.278,23935.836,970.689,19.32,37861880282.0,6.8,-42.871,24.792,-24.149,32.18,341.639,8725.417,0.0,0.0,1.673,-7.988,0.666,-0.075,0.864,84.054,234.237,80.68,14.95,4053.574,-13.779,31.991,-6.636,41.525,11259.185,-40.06,-5.3,79.007,-13.894,31.325,-6.561,40.661,3969.52,11024.948,12.52,-47.446,39.479,-46.263,51.244,629.05,13894.512,0.0,0.0,0.0,0.0,,0.0,0.0,0.0,0.0,0.0,0.0,5024.263,3688103.0,129.803,84.054,1.673,-7.988,0.666,-0.075,0.864,234.237,0.0,,0.0,0.0,0.0,0.0,0.0,0.0,,0.0,0.0,0.0,0.0,0.0
LTU,Lithuania,1993,,0.0,,0.0,,1.007,-21.856,-28.37,0.0,0.0,,,,,,,0.0,-11.335,4.242,-0.55,4.303,0.0,1172.299,0.0,0.0,11.18,0.0,0.0,1.26,0.26,0.39,12.26,1.0,0.0,0.0,0.39,0.0,0.0,13.91,,3.198,27633.486,-24.912,65.349,-21.992,66.286,18058.304,343.263,9.058,31722383759.0,1.869,-45.916,17.158,-14.776,17.404,70.832,4741.475,0.0,0.0,2.804,26.367,1.076,0.228,1.092,106.248,297.404,90.942,12.65,3446.253,-15.359,34.651,-6.378,35.147,9575.204,-24.419,-2.73,88.138,-16.245,33.574,-6.606,34.056,3340.005,9277.8,7.189,-13.008,43.949,-6.666,44.578,272.431,12144.53,1.007,274.413,0.0,0.0,,0.0,0.0,0.0,0.0,0.0,0.0,3789.516,3670653.0,101.433,106.248,2.804,26.367,1.076,0.228,1.092,297.404,0.0,,0.0,0.0,0.0,0.0,0.0,0.0,,0.0,0.0,0.0,0.0,0.0
LTU,Lithuania,1994,,0.0,,0.0,81.25,0.818,-13.538,-13.732,0.0,0.0,,,,,,,0.0,-16.973,4.074,-0.73,3.573,0.0,979.063,0.0,0.0,10.83,0.0,0.0,1.57,0.33,0.45,7.71,1.24,0.0,0.0,0.45,0.0,0.0,9.73,,3.065,24033.244,-1.88,74.161,-1.246,65.04,17823.275,430.238,16.136,28612205261.0,3.392,15.69,22.959,2.731,20.135,90.432,5517.745,0.0,0.0,4.625,15.013,1.432,0.164,1.256,123.317,344.069,83.864,8.16,2236.142,-35.525,25.839,-12.486,22.661,6209.988,10.157,1.1,79.239,-37.145,24.408,-12.65,21.406,2112.825,5865.919,12.744,-7.283,47.128,-3.246,41.332,339.806,11326.467,1.826,500.306,0.0,0.0,,0.0,0.0,0.0,0.0,0.0,0.0,2666.38,3649142.0,87.701,123.317,4.625,15.013,1.432,0.164,1.256,344.069,0.0,,0.0,0.0,0.0,0.0,0.0,0.0,,0.0,0.0,0.0,0.0,0.0
LTU,Lithuania,1995,,0.0,,0.0,10.345,0.189,11.538,10.119,0.0,0.0,,,,,,,0.0,-20.117,2.918,-0.719,2.854,0.0,786.962,0.0,0.0,10.81,0.0,0.0,1.3,0.23,0.37,11.82,1.07,0.0,0.0,0.37,0.0,0.0,13.49,,3.25,26972.835,-1.683,65.37,-1.095,63.945,17632.168,358.462,9.637,30095166781.0,1.705,17.189,24.122,3.461,23.596,63.42,6506.388,0.0,0.0,2.743,-17.478,1.059,-0.219,1.036,102.024,285.697,90.363,12.19,3361.267,49.485,34.63,11.214,33.875,9340.689,-24.792,-2.68,87.62,53.413,33.571,11.433,32.839,3259.243,9054.992,7.932,-9.283,38.33,-3.837,37.495,295.041,10338.817,2.015,555.492,0.0,0.0,,0.0,0.0,0.0,0.0,0.0,0.0,3719.728,3626609.0,97.82,102.024,2.743,-17.478,1.059,-0.219,1.036,285.697,0.0,,0.0,0.0,0.0,0.0,0.0,0.0,,0.0,0.0,0.0,0.0,0.0
LTU,Lithuania,1996,,0.0,,0.0,-5.745,-0.116,8.767,8.576,0.0,0.0,,,,,,,0.0,-8.109,2.465,-0.231,2.623,0.0,727.732,0.0,0.0,11.04,0.0,0.0,1.93,0.65,0.33,13.94,1.28,0.0,0.0,0.33,0.0,0.0,16.2,,3.362,29523.65,4.407,62.749,2.818,66.763,18525.88,535.552,11.914,31645790979.0,4.012,6.91,23.71,1.631,25.227,180.367,7000.1,0.0,0.0,2.037,-12.601,0.851,-0.131,0.906,91.571,251.281,88.086,14.27,3959.758,16.999,37.251,5.758,39.633,10997.794,-46.739,-5.16,86.049,17.933,36.4,5.889,38.728,3868.186,10746.512,7.901,3.784,36.574,1.419,38.913,355.185,10798.048,1.899,526.9,0.0,0.0,,0.0,0.0,0.0,0.0,0.0,0.0,4495.31,3603756.0,106.396,91.571,2.037,-12.601,0.851,-0.131,0.906,251.281,0.0,,0.0,0.0,0.0,0.0,0.0,0.0,,0.0,0.0,0.0,0.0,0.0
LTU,Lithuania,1997,,0.0,,0.0,27.123,0.515,-7.729,-8.223,0.0,0.0,,,,,,,0.0,-19.157,2.16,-0.502,2.12,0.0,592.236,0.0,0.0,10.83,0.0,0.0,2.03,0.49,0.3,12.02,1.54,0.0,0.0,0.3,0.0,0.0,14.35,,2.865,27423.349,-4.207,65.144,-2.809,63.954,17864.621,567.053,14.146,34267159556.0,3.415,-7.685,23.721,-1.939,23.288,136.875,6505.17,0.0,0.0,2.091,-9.509,0.835,-0.086,0.819,83.801,228.901,85.854,12.32,3441.426,-13.66,34.856,-5.414,34.219,9558.749,-32.502,-3.52,83.763,-13.757,34.022,-5.328,33.4,3357.625,9329.848,10.732,-0.945,39.263,-0.368,38.546,430.178,10767.216,2.414,674.274,0.0,0.0,,0.0,0.0,0.0,0.0,0.0,0.0,4008.48,3579911.0,98.173,83.801,2.091,-9.509,0.835,-0.086,0.819,228.901,0.0,,0.0,0.0,0.0,0.0,0.0,0.0,,0.0,0.0,0.0,0.0,0.0
LTU,Lithuania,1998,,0.0,,0.0,42.787,1.033,7.232,7.1,0.0,0.0,,,,,,,0.0,-12.781,1.757,-0.271,1.849,0.0,520.14,0.0,0.0,11.02,0.0,0.0,3.13,0.28,0.42,13.55,2.85,0.0,0.0,0.42,0.0,0.0,17.1,,2.859,29611.519,3.926,63.136,2.511,66.465,18695.415,880.415,18.304,36819655705.0,1.637,-12.41,19.376,-2.89,20.398,78.759,5737.572,0.0,0.0,2.456,41.356,1.1,0.339,1.158,118.139,325.82,81.696,13.97,3929.522,13.41,36.864,4.589,38.808,10916.128,-55.172,-6.08,79.24,12.725,35.764,4.25,37.65,3811.383,10590.309,16.667,14.715,42.003,5.672,44.218,801.656,12437.702,3.447,969.482,0.0,0.0,,0.0,0.0,0.0,0.0,0.0,0.0,4809.937,3555140.0,105.273,118.139,2.456,41.356,1.1,0.339,1.158,325.82,0.0,,0.0,0.0,0.0,0.0,0.0,0.0,,0.0,0.0,0.0,0.0,0.0
LTU,Lithuania,1999,,0.0,,0.0,-15.043,-0.518,-16.776,-17.661,0.0,0.0,,,,,,,0.0,-14.654,1.801,-0.271,1.578,0.0,447.183,0.0,0.0,10.34,0.0,0.0,2.75,1.0,0.41,9.86,1.75,0.0,0.0,0.41,0.0,0.0,13.02,,2.407,24825.082,-11.129,67.42,-7.397,59.068,16736.992,779.216,21.121,36398338459.0,7.68,3.364,24.065,0.686,21.084,283.351,5974.189,0.0,0.0,3.149,-0.719,1.313,-0.008,1.15,116.174,325.854,78.879,10.27,2910.017,-26.448,32.58,-10.264,28.544,8088.11,-25.919,-2.68,75.73,-27.239,31.268,-10.256,27.394,2793.843,7762.255,13.441,-17.667,41.553,-7.812,36.406,495.865,10315.62,2.928,829.701,0.0,0.0,,0.0,0.0,0.0,0.0,0.0,0.0,3689.233,3529189.0,87.612,116.174,3.149,-0.719,1.313,-0.008,1.15,325.854,0.0,,0.0,0.0,0.0,0.0,0.0,0.0,,0.0,0.0,0.0,0.0,0.0
LTU,Lithuania,2000,,0.0,,0.0,29.007,0.849,-11.576,-10.142,0.0,0.0,,,,,,123.3,0.0,-31.982,1.386,-0.505,1.073,0.0,306.539,0.0,0.0,9.69,0.0,0.0,2.27,1.62,0.34,8.42,0.65,0.0,0.0,0.34,0.0,0.0,11.03,1.36,2.05,22122.826,-10.032,68.596,-5.926,53.142,15175.462,648.23,20.58,37788341791.0,14.687,13.867,30.99,2.924,24.008,462.614,6855.771,0.0,0.0,3.083,-18.043,1.217,-0.208,0.943,97.092,269.144,79.42,8.76,2501.541,-14.769,31.404,-4.216,24.329,6947.381,-13.829,-1.34,76.337,-14.632,30.187,-4.008,23.386,2404.449,6678.237,5.893,-22.922,36.221,-8.345,28.061,185.617,8013.152,3.778,1078.728,0.0,0.0,,0.0,0.0,0.0,0.0,0.0,0.0,3149.771,3501842.0,77.471,97.092,3.083,-18.043,1.217,-0.208,0.943,269.144,0.0,,0.0,0.0,0.0,0.0,0.0,0.0,,0.0,0.0,0.0,0.0,0.0
LTU,Lithuania,2001,,0.0,,0.0,59.24,2.238,16.832,13.04,0.0,0.0,,,,,,109.867,0.0,-9.209,1.077,-0.099,0.975,0.0,280.57,0.0,0.0,10.33,0.0,0.0,2.6,1.88,0.33,11.36,0.72,0.0,0.0,0.33,0.0,0.0,14.29,1.57,2.249,26056.547,9.613,64.358,5.109,58.251,16769.432,748.498,18.195,40252133515.0,13.156,3.992,27.584,0.958,24.966,541.222,7187.349,0.0,0.0,2.309,-4.69,0.992,-0.044,0.898,95.002,258.605,81.805,11.69,3365.362,32.601,35.642,7.931,32.26,9287.139,-38.335,-3.96,79.496,34.08,34.644,7.97,31.356,3270.361,9026.942,5.038,15.143,35.697,4.249,32.31,207.276,9301.513,6.015,1731.715,0.0,0.0,,0.006,0.006,0.006,0.0,0.0,1.591,4113.86,3473623.0,90.511,95.002,2.309,-4.104,0.999,-0.039,0.904,260.196,0.0,,0.0,0.0,0.0,0.0,0.0,0.0,,0.0,0.0,0.0,0.0,0.0
LTU,Lithuania,2002,,0.0,,0.0,-7.483,-0.45,6.596,5.97,0.0,0.0,,,,,,93.294,0.0,61.217,1.629,0.597,1.571,0.0,456.115,0.0,0.0,10.66,0.0,0.0,2.66,2.11,0.35,14.14,0.55,0.0,0.0,0.35,0.0,0.0,17.15,1.6,2.245,28007.898,-2.619,58.794,-1.526,56.725,16466.998,772.184,15.51,42971132253.0,12.303,1.104,26.162,0.276,25.242,612.522,7327.549,0.0,0.0,2.041,7.81,1.004,0.07,0.968,101.603,281.136,84.49,14.49,4206.368,23.236,41.206,7.496,39.756,11540.923,-60.882,-6.49,82.449,23.665,40.191,7.42,38.776,4104.765,11256.602,3.207,-7.421,31.003,-2.398,29.912,159.662,8683.334,5.565,1615.547,0.0,0.0,98.492,0.011,0.005,0.011,0.0,0.0,3.185,4978.552,3444777.0,96.481,101.603,2.041,8.365,1.015,0.076,0.979,284.322,0.0,,0.0,0.0,0.0,0.0,0.0,0.0,,0.0,0.0,0.0,0.0,0.0
LTU,Lithuania,2003,,0.0,,0.0,-12.24,-0.681,4.834,4.664,0.054,2.929,,,,,,88.96,0.0,29.164,2.006,0.458,2.029,0.0,594.382,0.0,0.0,11.13,0.01,0.0,2.85,2.52,0.32,15.48,0.33,0.0,0.01,0.33,0.0,0.0,18.66,1.66,2.13,29623.207,2.346,57.399,1.331,58.056,17003.39,834.708,15.273,47492666127.0,13.505,8.473,27.071,2.139,27.381,738.058,8019.211,0.0,0.0,1.715,-8.546,0.876,-0.083,0.886,93.722,259.401,84.727,15.81,4630.434,8.383,42.601,3.333,43.089,12619.845,-67.655,-7.53,82.958,8.788,41.707,3.408,42.184,4533.783,12354.855,1.768,-4.233,28.322,-1.266,28.646,96.65,8389.797,4.884,1430.435,0.0,2.929,73.924,0.019,0.008,0.019,0.0,0.054,5.589,5465.142,3414367.0,101.144,96.65,1.768,-7.622,0.895,-0.075,0.905,264.99,0.0,,0.0,0.0,0.0,0.0,0.0,0.0,,0.0,0.0,0.0,0.0,0.0
LTU,Lithuania,2004,,0.0,,0.0,-21.053,-1.028,0.866,0.876,0.054,2.958,,,,,,94.726,0.0,-3.324,1.923,-0.067,1.962,0.0,580.274,0.0,0.0,11.39,0.01,0.0,3.05,2.69,0.42,15.1,0.36,0.0,0.01,0.43,0.0,0.0,18.58,1.76,2.016,30173.324,3.301,58.785,1.916,59.972,17737.274,902.064,16.416,50600710008.0,14.478,-0.251,26.771,-0.069,27.312,795.591,8077.738,0.0,0.0,2.26,28.521,1.116,0.253,1.138,124.219,336.661,83.584,15.53,4593.134,-2.439,41.206,-1.051,42.038,12433.094,-63.126,-7.19,81.27,-3.091,40.071,-1.304,40.88,4465.957,12090.665,1.938,7.165,30.09,2.052,30.698,106.473,9079.262,3.856,1140.39,0.0,2.958,-14.847,0.016,-0.003,0.016,0.0,0.054,4.806,5495.198,3381134.0,102.02,127.176,2.314,27.965,1.135,0.253,1.158,342.429,0.0,,0.0,0.0,0.0,0.0,0.0,0.0,,0.003,0.003,0.003,0.0,0.961
LTU,Lithuania,2005,,0.0,,0.0,-28.389,-1.095,-9.037,-9.22,0.07,2.99,,,,,,132.911,0.0,9.544,2.316,0.187,2.149,0.0,642.661,0.0,0.0,11.25,0.01,0.0,3.42,3.02,0.45,10.34,0.4,0.0,0.01,0.46,0.0,0.0,14.22,1.89,1.703,27749.14,6.25,68.664,3.748,63.72,19053.633,1022.648,24.051,54504800706.0,21.238,5.472,31.041,1.494,28.806,903.04,8613.678,0.0,0.0,3.165,6.504,1.306,0.074,1.212,134.559,362.51,75.949,10.8,3229.415,-30.913,31.296,-12.995,29.043,8684.391,-26.4,-2.97,72.714,-31.98,29.964,-13.073,27.807,3091.866,8314.804,2.813,6.732,35.307,2.066,32.765,119.608,9797.294,2.761,825.652,0.0,2.99,15.897,0.02,0.003,0.019,0.0,0.07,5.632,4252.063,3344259.0,92.8,137.549,3.235,6.754,1.332,0.078,1.236,369.587,0.0,,0.0,0.0,0.0,0.0,0.0,0.0,48.718,0.005,0.002,0.005,0.0,1.445
LTU,Lithuania,2006,,0.0,,0.0,-16.256,-0.449,-4.158,-3.859,0.168,6.054,,,,,,130.581,0.0,35.823,3.282,0.77,2.919,0.0,883.694,0.0,0.0,11.44,0.02,0.0,2.79,2.46,0.4,8.65,0.33,0.0,0.02,0.43,0.0,0.01,11.87,1.55,1.519,26924.818,1.111,72.439,0.708,64.428,19504.09,844.603,23.505,58536323323.0,20.725,-0.904,32.095,-0.261,28.546,744.703,8641.542,0.0,0.0,3.37,-12.447,1.193,-0.151,1.061,121.09,321.322,76.495,9.08,2748.742,-16.368,27.309,-4.754,24.289,7352.937,-3.759,-0.43,72.873,-16.84,25.999,-4.683,23.124,2618.571,7000.3,2.78,0.607,37.062,0.199,32.963,99.899,9978.854,2.312,699.999,0.0,6.054,254.817,0.075,0.048,0.067,0.0,0.168,20.229,3593.345,3303329.0,88.942,130.172,3.623,-5.754,1.31,-0.071,1.165,352.637,0.0,,0.0,0.0,0.0,0.0,0.0,0.084,657.644,0.041,0.032,0.037,3.027,11.086
LTU,Lithuania,2007,,0.0,,0.0,-15.954,-0.369,9.375,8.338,0.378,15.342,,,,,,121.693,0.0,-0.598,2.983,-0.017,2.902,0.0,890.366,0.0,0.0,11.86,0.05,0.0,2.82,2.4,0.42,9.83,0.42,0.0,0.05,0.58,0.0,0.11,13.23,1.61,1.496,29849.685,7.093,70.928,4.57,68.999,21171.83,865.3,21.315,65020496827.0,18.141,17.828,34.576,5.089,33.635,736.426,10320.747,0.0,0.0,3.175,5.256,1.148,0.056,1.117,128.875,342.812,78.685,10.41,3194.247,13.883,28.435,3.372,27.661,8487.66,-11.551,-1.37,74.301,12.949,26.849,2.994,26.119,3016.277,8014.357,3.175,-1.522,33.37,-0.502,32.462,128.875,9960.717,1.943,596.325,0.0,15.342,114.65,0.147,0.077,0.143,0.0,0.378,44.013,4059.547,3258984.0,97.28,177.97,4.384,32.416,1.586,0.378,1.542,473.303,0.0,,0.0,0.0,0.0,0.0,0.0,0.831,669.613,0.29,0.245,0.282,33.753,86.477
LTU,Lithuania,2008,,0.0,,0.0,-2.552,-0.05,-0.892,-0.867,0.535,21.787,,,,,,117.647,0.0,-15.15,2.554,-0.44,2.462,0.0,766.317,0.0,0.0,12.13,0.07,0.0,2.6,2.03,0.4,9.89,0.57,0.0,0.07,0.6,0.0,0.13,13.09,1.54,1.445,30008.142,-1.457,70.523,-1.005,67.993,21162.785,809.246,19.862,66724208744.0,15.508,-10.238,31.315,-3.444,30.191,631.834,9397.06,0.0,0.0,3.056,-5.04,1.1,-0.056,1.061,124.499,330.209,80.138,10.49,3264.997,0.162,28.737,0.045,27.706,8623.47,-7.914,-0.96,75.554,-0.007,27.089,-0.002,26.117,3078.248,8128.855,4.354,8.865,36.655,2.878,35.34,177.412,10999.408,1.894,589.448,0.0,21.787,26.984,0.189,0.039,0.182,0.0,0.535,56.692,4074.243,3212867.0,96.412,186.749,4.584,3.024,1.648,0.047,1.589,494.615,0.0,,0.0,0.0,0.0,0.0,0.0,0.993,22.795,0.359,0.064,0.346,40.462,107.714
LTU,Lithuania,2009,,0.0,,0.0,-33.515,-0.635,-8.249,-7.953,0.696,31.573,,,,,,118.998,0.0,-20.501,2.213,-0.505,1.957,0.0,617.987,0.0,0.0,11.44,0.1,0.0,2.84,2.1,0.42,10.85,0.74,0.0,0.1,0.68,0.0,0.16,14.37,1.71,1.556,27929.122,-15.249,65.143,-10.368,57.625,18193.923,896.671,19.763,56833645775.0,14.614,-15.963,28.682,-4.819,25.372,663.032,8010.693,0.0,0.0,2.923,4.922,1.258,0.052,1.113,132.606,351.449,80.237,11.53,3640.359,9.239,34.214,2.56,30.266,9555.799,-25.612,-2.93,75.505,9.015,32.186,2.354,28.471,3425.663,8989.24,5.15,-14.273,34.248,-5.044,30.296,233.64,9565.243,1.259,397.533,0.0,31.573,46.914,0.303,0.085,0.268,0.0,0.696,84.487,4537.03,3167270.0,88.459,214.696,4.732,12.92,2.029,0.205,1.794,566.559,0.0,,0.0,0.0,0.0,0.0,0.0,1.113,19.547,0.468,0.068,0.414,50.517,130.623
LTU,Lithuania,2010,,0.0,,0.0,-0.0,-0.0,-25.942,-22.948,3.158,48.018,,,,,,433.684,0.0,22.995,3.675,0.45,2.407,0.0,770.662,0.0,0.0,10.74,0.15,0.0,3.84,3.19,0.54,0.0,0.65,0.0,0.15,0.91,0.0,0.22,4.75,2.06,1.134,20971.393,8.654,95.575,4.987,62.612,20043.445,1229.262,80.842,57760001538.0,67.158,14.228,44.24,3.61,28.982,1021.184,9277.723,0.0,0.0,11.368,26.488,2.149,0.295,1.408,172.865,450.722,19.158,0.91,291.31,-92.152,3.626,-27.89,2.375,760.385,55.773,5.99,0.0,-100.0,0.0,-28.471,0.0,0.0,0.0,13.684,3.06,47.66,0.927,31.223,208.078,9995.06,1.259,403.062,0.0,48.018,43.234,0.585,0.116,0.383,0.0,3.158,122.697,1520.572,3123825.0,65.511,291.31,19.158,32.37,3.626,0.581,2.375,760.385,0.0,,0.0,0.0,0.0,0.0,0.0,4.632,41.17,0.892,0.17,0.584,70.426,186.966
LTU,Lithuania,2011,,0.0,,0.0,0.0,0.0,3.785,2.48,4.01,51.891,,,,,,380.952,0.0,15.797,4.1,0.38,2.788,0.0,904.103,0.0,0.0,10.73,0.16,0.0,2.88,2.67,0.48,0.0,0.21,0.0,0.16,1.11,0.0,0.47,3.99,1.52,1.11,22050.59,3.157,94.996,1.976,64.589,20947.199,934.033,72.18,61248358436.0,66.917,9.101,46.506,2.638,31.62,865.927,10254.799,0.0,0.0,12.03,-11.672,1.829,-0.164,1.244,155.672,403.335,27.82,1.11,359.992,21.319,4.238,0.506,2.882,934.588,62.815,6.74,0.0,,0.0,0.0,0.0,0.0,0.0,5.263,-3.336,44.39,-1.042,30.181,68.107,9788.296,1.259,408.346,0.0,51.891,6.151,0.598,0.024,0.407,0.0,4.01,131.952,1294.025,3083402.0,67.991,359.992,27.82,21.319,4.238,0.506,2.882,934.588,0.0,,0.0,0.0,0.0,0.0,0.084,11.779,110.761,1.81,0.647,1.231,152.429,399.217
LTU,Lithuania,2012,,0.0,,0.0,0.274,0.003,0.394,0.268,5.116,72.236,,,,,,383.721,0.0,-2.503,3.982,-0.07,2.718,0.0,892.425,0.0,0.0,10.92,0.22,0.0,3.12,2.88,0.42,0.0,0.24,0.0,0.22,1.18,0.0,0.54,4.3,1.65,1.073,22412.426,-0.123,94.507,-0.079,64.509,21181.43,1024.442,72.558,63596856706.0,66.977,-2.358,45.231,-0.745,30.874,945.639,10137.438,0.0,0.0,9.767,-12.536,1.594,-0.156,1.088,137.906,357.157,27.442,1.18,387.449,5.713,4.463,0.165,3.046,1000.257,60.623,6.62,0.0,,0.0,0.0,0.0,0.0,0.0,5.581,2.438,45.294,0.736,30.917,78.803,10151.567,1.263,414.552,0.0,72.236,38.012,0.823,0.155,0.562,0.0,5.116,184.372,1411.891,3045561.0,68.258,387.449,27.442,5.713,4.463,0.165,3.046,1000.257,0.0,2182.958,0.009,0.006,0.006,0.0,1.943,12.558,13.016,2.038,0.16,1.391,177.307,456.785
LTU,Lithuania,2013,,0.0,,0.0,-0.273,-0.003,-7.803,-5.326,9.045,119.644,,,,,,339.196,0.0,15.062,4.969,0.409,3.127,0.0,1039.34,0.0,0.0,10.93,0.36,0.0,2.45,2.22,0.52,0.0,0.23,0.0,0.36,1.53,0.05,0.6,3.98,1.35,0.956,20915.09,-9.557,92.71,-6.165,58.344,19390.344,814.241,61.558,65826070923.0,55.779,-18.469,39.999,-5.702,25.172,737.802,8365.74,0.0,0.0,13.065,22.676,2.12,0.247,1.334,172.818,443.478,38.442,1.53,508.485,28.225,6.207,0.86,3.906,1298.187,63.586,6.95,0.0,,0.0,0.0,0.0,0.0,0.0,5.779,-2.821,47.742,-0.872,30.045,76.439,9985.264,1.259,418.451,0.0,119.644,62.775,1.452,0.352,0.914,0.0,9.045,303.764,1322.726,3008938.0,62.932,508.485,38.442,28.225,6.207,0.86,3.906,1298.187,1.256,1838.573,0.182,0.109,0.115,16.617,38.119,15.075,10.918,2.452,0.152,1.543,199.406,512.825
LTU,Lithuania,2014,,0.0,,0.0,0.0,0.0,-3.556,-2.238,11.561,134.612,,,,,,320.809,0.0,-15.396,4.359,-0.481,2.646,0.0,890.402,0.0,0.0,11.08,0.4,0.0,1.95,1.75,0.4,0.0,0.2,0.0,0.4,1.51,0.07,0.64,3.46,1.11,0.891,20425.53,-3.841,92.435,-2.241,56.103,18880.417,656.235,56.358,68128044447.0,50.578,-4.588,39.571,-1.155,24.017,588.929,8082.5,0.0,0.0,11.561,-24.057,1.67,-0.321,1.013,134.612,341.035,43.642,1.51,508.161,-1.615,6.332,-0.063,3.843,1293.311,68.773,7.62,0.0,,0.0,0.0,0.0,0.0,0.0,5.78,-2.013,48.506,-0.605,29.44,67.306,9907.515,1.259,423.724,0.0,134.612,11.318,1.676,0.103,1.017,0.0,11.561,342.405,1164.396,2971498.0,60.694,508.161,43.642,-1.615,6.332,-0.063,3.843,1293.311,2.023,61.97,0.306,0.071,0.186,23.557,62.52,18.497,5.405,2.68,0.083,1.626,215.38,547.351
LTU,Lithuania,2015,,0.0,,0.0,0.0,0.0,4.422,2.684,11.25,153.486,,,,,,332.5,0.0,-19.824,3.347,-0.525,2.121,0.0,723.536,0.0,0.0,11.21,0.45,0.0,2.32,1.98,0.35,0.0,0.34,0.0,0.45,1.68,0.07,0.81,4.0,1.33,0.914,21617.107,3.995,92.057,2.241,58.345,19900.096,791.303,58.0,69339058015.0,49.5,0.086,37.927,0.021,24.038,675.336,8198.744,0.0,0.0,8.75,-12.728,1.395,-0.129,0.884,119.378,301.652,42.0,1.68,573.013,10.569,6.705,0.406,4.249,1449.328,64.318,7.21,0.0,,0.0,0.0,0.0,0.0,0.0,8.5,9.325,50.783,2.745,32.186,115.967,10977.816,1.259,429.45,0.0,153.486,11.016,1.782,0.112,1.13,0.0,11.25,385.262,1364.316,2931872.0,63.379,573.013,42.0,10.569,6.705,0.406,4.249,1449.328,1.75,-0.187,0.293,-0.0,0.185,23.876,63.247,20.25,26.033,3.234,0.423,2.05,276.274,699.167
LTU,Lithuania,2016,,0.0,,0.0,0.274,0.003,1.727,1.095,12.903,152.273,,,,,,243.402,0.0,1.316,3.334,0.028,2.149,0.0,743.791,0.0,0.0,11.68,0.44,0.0,1.31,0.99,0.45,0.0,0.32,0.0,0.44,2.1,0.07,1.14,3.41,0.83,0.909,22312.538,0.377,90.835,0.22,58.565,20267.656,453.357,38.416,70911025458.0,29.032,-10.895,33.221,-2.619,21.419,342.613,7412.445,0.0,0.0,13.196,29.066,1.77,0.257,1.141,155.733,395.032,61.584,2.1,726.756,23.608,8.147,1.003,5.252,1817.72,70.805,8.27,0.0,,0.0,0.0,0.0,0.0,0.0,9.384,8.734,54.281,2.811,34.997,110.744,12111.42,1.263,436.933,0.0,152.273,-3.753,1.686,-0.042,1.087,0.0,12.903,376.233,1180.113,2889555.0,64.473,726.756,61.584,23.608,8.147,1.003,5.252,1817.72,2.053,-9.814,0.259,-0.018,0.167,24.225,57.875,33.431,39.353,4.431,0.807,2.857,394.524,988.58
LTU,Lithuania,2017,,,,,,,5.535,3.568,14.925,175.721,,,,,,173.134,0.0,7.197,3.386,0.155,2.304,0.0,809.689,,,12.03,0.5,0.0,0.82,0.6,0.6,0.0,0.22,0.0,0.5,2.53,0.07,1.36,3.35,0.58,0.92,23912.728,4.146,89.639,2.428,60.992,21435.262,288.183,24.478,73923044603.0,17.91,4.063,32.758,0.87,22.289,210.865,7833.25,,,17.91,31.936,2.213,0.365,1.506,210.865,529.272,75.522,2.53,889.148,20.721,9.319,1.088,6.341,2228.408,72.153,8.68,0.0,,0.0,0.0,0.0,0.0,0.0,6.567,4.009,53.496,1.403,36.399,77.317,12792.323,,,0.0,175.721,15.808,1.85,0.172,1.259,0.0,14.925,442.466,1177.331,2845419.0,68.042,889.148,75.522,20.721,9.319,1.088,6.341,2228.408,2.09,-0.588,0.244,-0.001,0.166,24.601,58.427,40.597,19.357,5.011,0.553,3.41,477.961,1198.243
LTU,Lithuania,2018,,,,,,,2.378,1.618,19.636,192.77,,,,,,163.636,0.0,6.714,3.529,0.155,2.459,0.0,877.668,,,12.38,0.54,0.0,0.55,0.33,0.43,0.0,0.22,0.0,0.54,2.2,0.09,1.14,2.75,0.45,0.909,24867.195,3.693,90.791,2.252,63.244,22577.071,196.34,20.0,76617521916.0,12.0,0.44,32.137,0.098,22.387,117.804,7991.692,,,15.636,-25.736,1.606,-0.388,1.118,153.502,399.255,80.0,2.2,785.358,-15.923,7.653,-1.01,5.331,1903.117,77.787,9.63,0.0,,0.0,0.0,0.0,0.0,0.0,8.0,5.493,55.124,1.999,38.399,78.536,13707.711,,,0.0,192.77,-7.218,1.677,-0.091,1.168,0.0,19.636,417.0,981.698,2801270.0,69.66,785.358,80.0,-15.923,7.653,-1.01,5.331,1903.117,3.273,19.597,0.285,0.033,0.199,32.128,70.979,41.455,-16.534,4.085,-0.564,2.846,406.958,1015.883
LTU,Lithuania,2019,,,,,,,-0.259,-0.181,16.879,192.055,,,,,,162.42,0.0,-6.102,3.323,-0.15,2.309,0.0,836.545,,,12.48,0.53,0.0,0.67,0.52,0.35,0.0,0.15,0.0,0.53,2.47,0.09,1.5,3.14,0.51,,25176.903,-1.612,89.559,-1.02,62.225,22548.239,242.786,21.338,,16.561,-3.642,31.048,-0.815,21.572,188.431,7816.834,,,11.146,-23.527,1.231,-0.263,0.855,126.829,309.928,78.662,2.47,895.047,14.685,8.8,0.783,6.114,2215.525,74.84,9.34,0.0,,0.0,0.0,0.0,0.0,0.0,4.777,-0.141,55.189,-0.054,38.345,54.355,13894.859,,,0.0,192.055,13.029,1.9,0.152,1.32,0.0,16.879,478.441,1137.833,2759631.0,69.479,895.047,78.662,14.685,8.8,0.783,6.114,2215.525,2.866,13.455,0.325,0.027,0.226,32.613,81.744,47.771,30.469,5.344,0.867,3.713,543.551,1345.412
LTU,Lithuania,2020,,,,,,,-0.616,-0.428,13.024,216.729,,,,,,262.693,0.0,-21.68,2.618,-0.501,1.808,0.0,664.165,,,12.44,0.59,0.0,1.96,1.7,0.3,0.0,0.26,0.0,0.59,2.57,0.13,1.55,4.53,1.19,,25365.039,-1.411,88.843,-0.878,61.347,22534.995,719.982,43.267,,37.528,9.426,34.185,2.033,23.605,624.474,8670.954,,,6.623,-13.433,1.072,-0.115,0.74,110.201,271.976,56.733,2.57,944.058,3.441,9.159,0.21,6.324,2323.188,63.585,7.91,0.0,,0.0,0.0,0.0,0.0,0.0,5.74,-6.287,52.04,-2.411,35.934,95.508,13199.876,,,0.0,216.729,14.263,2.185,0.188,1.509,0.0,13.024,554.179,1664.04,2722291.0,69.051,944.058,56.733,3.441,9.159,0.21,6.324,2323.188,2.87,-1.817,0.321,-0.004,0.221,47.754,81.36,34.216,3.799,5.581,0.141,3.854,569.373,1415.673
LTU,Lithuania,2021,,,,,,,,,14.646,215.624,,,,,,247.475,0.0,,,,,0.0,,,,12.94,0.58,0.0,1.55,1.3,0.37,0.0,0.25,0.0,0.58,2.41,0.17,1.29,3.96,0.98,,,,,,,,576.238,39.141,,32.828,,,,,483.296,,,,9.343,,,,,137.554,,60.859,2.41,895.957,,,,,,69.397,8.98,0.0,,,,,0.0,,6.313,,,,,92.942,,,,0.0,215.624,,,,,0.0,14.646,,1472.194,2689862.0,,895.957,60.859,,,,,,4.293,,,,,63.2,,32.576,,,,,479.579,
