iso_code,country,year,coal_prod_change_pct,coal_prod_change_twh,gas_prod_change_pct,gas_prod_change_twh,oil_prod_change_pct,oil_prod_change_twh,energy_cons_change_pct,energy_cons_change_twh,biofuel_share_elec,biofuel_elec_per_capita,biofuel_cons_change_pct,biofuel_share_energy,biofuel_cons_change_twh,biofuel_consumption,biofuel_cons_per_capita,carbon_intensity_elec,coal_share_elec,coal_cons_change_pct,coal_share_energy,coal_cons_change_twh,coal_consumption,coal_elec_per_capita,coal_cons_per_capita,coal_production,coal_prod_per_capita,electricity_demand,biofuel_electricity,coal_electricity,fossil_electricity,gas_electricity,hydro_electricity,nuclear_electricity,oil_electricity,other_renewable_exc_biofuel_electricity,other_renewable_electricity,renewables_electricity,solar_electricity,wind_electricity,electricity_generation,greenhouse_gas_emissions,energy_per_gdp,energy_per_capita,fossil_cons_change_pct,fossil_share_energy,fossil_cons_change_twh,fossil_fuel_consumption,fossil_energy_per_capita,fossil_cons_per_capita,fossil_share_elec,gdp,gas_share_elec,gas_cons_change_pct,gas_share_energy,gas_cons_change_twh,gas_consumption,gas_elec_per_capita,gas_energy_per_capita,gas_production,gas_prod_per_capita,hydro_share_elec,hydro_cons_change_pct,hydro_share_energy,hydro_cons_change_twh,hydro_consumption,hydro_elec_per_capita,hydro_energy_per_capita,low_carbon_share_elec,low_carbon_electricity,low_carbon_elec_per_capita,low_carbon_cons_change_pct,low_carbon_share_energy,low_carbon_cons_change_twh,low_carbon_consumption,low_carbon_energy_per_capita,net_elec_imports_share_demand,net_elec_imports,nuclear_share_elec,nuclear_cons_change_pct,nuclear_share_energy,nuclear_cons_change_twh,nuclear_consumption,nuclear_elec_per_capita,nuclear_energy_per_capita,oil_share_elec,oil_cons_change_pct,oil_share_energy,oil_cons_change_twh,oil_consumption,oil_elec_per_capita,oil_energy_per_capita,oil_production,oil_prod_per_capita,other_renewables_elec_per_capita_exc_biofuel,other_renewables_elec_per_capita,other_renewables_cons_change_pct,other_renewables_share_energy,other_renewables_cons_change_twh,other_renewable_consumption,other_renewables_share_elec_exc_biofuel,other_renewables_share_elec,other_renewables_energy_per_capita,per_capita_electricity,population,primary_energy_consumption,renewables_elec_per_capita,renewables_share_elec,renewables_cons_change_pct,renewables_share_energy,renewables_cons_change_twh,renewables_consumption,renewables_energy_per_capita,solar_share_elec,solar_cons_change_pct,solar_share_energy,solar_cons_change_twh,solar_consumption,solar_elec_per_capita,solar_energy_per_capita,wind_share_elec,wind_cons_change_pct,wind_share_energy,wind_cons_change_twh,wind_consumption,wind_elec_per_capita,wind_energy_per_capita
,Middle East,1900,,,,,,,,,,,,,,,,,,,,,,,,0.0,,,,,,,,,,,,,,,,,,,,,,,,,,72800000000.0,,,,,,,,0.0,,,,,,,,,,,,,,,,,,,,,,,,,,,,,,,,,0.0,,,,,,,,,,,,,,,,,,,,,,,,,,,,,,,,,,
,Middle East,1901,,0.0,,0.0,,0.0,,,,,,,,,,,,,,,,,,0.0,,,,,,,,,,,,,,,,,,,,,,,,,,,,,,,,,,0.0,,,,,,,,,,,,,,,,,,,,,,,,,,,,,,,,,0.0,,,,,,,,,,,,,,,,,,,,,,,,,,,,,,,,,,
,Middle East,1902,,0.0,,0.0,,0.0,,,,,,,,,,,,,,,,,,0.0,,,,,,,,,,,,,,,,,,,,,,,,,,,,,,,,,,0.0,,,,,,,,,,,,,,,,,,,,,,,,,,,,,,,,,0.0,,,,,,,,,,,,,,,,,,,,,,,,,,,,,,,,,,
,Middle East,1903,,0.0,,0.0,,0.0,,,,,,,,,,,,,,,,,,0.0,,,,,,,,,,,,,,,,,,,,,,,,,,,,,,,,,,0.0,,,,,,,,,,,,,,,,,,,,,,,,,,,,,,,,,0.0,,,,,,,,,,,,,,,,,,,,,,,,,,,,,,,,,,
,Middle East,1904,,0.0,,0.0,,0.0,,,,,,,,,,,,,,,,,,0.0,,,,,,,,,,,,,,,,,,,,,,,,,,,,,,,,,,0.0,,,,,,,,,,,,,,,,,,,,,,,,,,,,,,,,,0.0,,,,,,,,,,,,,,,,,,,,,,,,,,,,,,,,,,
,Middle East,1905,,0.0,,0.0,,0.0,,,,,,,,,,,,,,,,,,0.0,,,,,,,,,,,,,,,,,,,,,,,,,,,,,,,,,,0.0,,,,,,,,,,,,,,,,,,,,,,,,,,,,,,,,,0.0,,,,,,,,,,,,,,,,,,,,,,,,,,,,,,,,,,
,Middle East,1906,,0.0,,0.0,,0.012,,,,,,,,,,,,,,,,,,0.0,,,,,,,,,,,,,,,,,,,,,,,,,,,,,,,,,,0.0,,,,,,,,,,,,,,,,,,,,,,,,,,,,,,,,,0.012,,,,,,,,,,,,,,,,,,,,,,,,,,,,,,,,,,
,Middle East,1907,,0.0,,0.0,-100.0,-0.012,,,,,,,,,,,,,,,,,,0.0,,,,,,,,,,,,,,,,,,,,,,,,,,,,,,,,,,0.0,,,,,,,,,,,,,,,,,,,,,,,,,,,,,,,,,0.0,,,,,,,,,,,,,,,,,,,,,,,,,,,,,,,,,,
,Middle East,1908,,0.0,,0.0,,0.0,,,,,,,,,,,,,,,,,,0.0,,,,,,,,,,,,,,,,,,,,,,,,,,,,,,,,,,0.0,,,,,,,,,,,,,,,,,,,,,,,,,,,,,,,,,0.0,,,,,,,,,,,,,,,,,,,,,,,,,,,,,,,,,,
,Middle East,1909,,0.0,,0.0,,0.0,,,,,,,,,,,,,,,,,,0.0,,,,,,,,,,,,,,,,,,,,,,,,,,,,,,,,,,0.0,,,,,,,,,,,,,,,,,,,,,,,,,,,,,,,,,0.0,,,,,,,,,,,,,,,,,,,,,,,,,,,,,,,,,,
,Middle East,1910,,0.0,,0.0,,0.0,,,,,,,,,,,,,,,,,,0.0,,,,,,,,,,,,,,,,,,,,,,,,,,,,,,,,,,0.0,,,,,,,,,,,,,,,,,,,,,,,,,,,,,,,,,0.0,,,,,,,,,,,,,,,,,,,,,,,,,,,,,,,,,,
,Middle East,1911,,0.0,,0.0,,0.512,,,,,,,,,,,,,,,,,,0.0,,,,,,,,,,,,,,,,,,,,,,,,,,,,,,,,,,0.0,,,,,,,,,,,,,,,,,,,,,,,,,,,,,,,,,0.512,,,,,,,,,,,,,,,,,,,,,,,,,,,,,,,,,,
,Middle East,1912,,0.0,,0.0,86.364,0.442,,,,,,,,,,,,,,,,,,0.0,,,,,,,,,,,,,,,,,,,,,,,,,,,,,,,,,,0.0,,,,,,,,,,,,,,,,,,,,,,,,,,,,,,,,,0.954,,,,,,,,,,,,,,,,,,,,,,,,,,,,,,,,,,
,Middle East,1913,,0.0,,0.0,239.024,2.279,,,,,,,,,,,,,,,,,,0.0,,,,,,,,,,,,,,,,,,,,,,,,,,,,,,,,,,0.0,,,,,,,,,,,,,,,,,,,,,,,,,,,,,,,,,3.233,,,,,,,,,,,,,,,,,,,,,,,,,,,,,,,,,,
,Middle East,1914,,0.0,,0.0,37.41,1.21,,,,,,,,,,,,,,,,,,0.0,,,,,,,,,,,,,,,,,,,,,,,,,,,,,,,,,,0.0,,,,,,,,,,,,,,,,,,,,,,,,,,,,,,,,,4.443,,,,,,,,,,,,,,,,,,,,,,,,,,,,,,,,,,
,Middle East,1915,,0.0,,0.0,19.634,0.872,,,,,,,,,,,,,,,,,,0.0,,,,,,,,,,,,,,,,,,,,,,,,,,,,,,,,,,0.0,,,,,,,,,,,,,,,,,,,,,,,,,,,,,,,,,5.315,,,,,,,,,,,,,,,,,,,,,,,,,,,,,,,,,,
,Middle East,1916,,0.0,,0.0,43.107,2.291,,,,,,,,,,,,,,,,,,0.0,,,,,,,,,,,,,,,,,,,,,,,,,,,,,,,,,,0.0,,,,,,,,,,,,,,,,,,,,,,,,,,,,,,,,,7.606,,,,,,,,,,,,,,,,,,,,,,,,,,,,,,,,,,
,Middle East,1917,,0.0,,0.0,39.45,3.001,,,,,,,,,,,,,,,,,,0.0,,,,,,,,,,,,,,,,,,,,,,,,,,,,,,,,,,0.0,,,,,,,,,,,,,,,,,,,,,,,,,,,,,,,,,10.607,,,,,,,,,,,,,,,,,,,,,,,,,,,,,,,,,,
,Middle East,1918,,0.0,,0.0,23.246,2.466,,,,,,,,,,,,,,,,,,0.0,,,,,,,,,,,,,,,,,,,,,,,,,,,,,,,,,,0.0,,,,,,,,,,,,,,,,,,,,,,,,,,,,,,,,,13.072,,,,,,,,,,,,,,,,,,,,,,,,,,,,,,,,,,
,Middle East,1919,,0.0,,0.0,25.267,3.303,,,,,,,,,,,,,,,,,,0.0,,,,,,,,,,,,,,,,,,,,,,,,,,,,,,,,,,0.0,,,,,,,,,,,,,,,,,,,,,,,,,,,,,,,,,16.375,,,,,,,,,,,,,,,,,,,,,,,,,,,,,,,,,,
,Middle East,1920,,0.0,,0.0,25.852,4.233,,,,,,,,,,,,,,,,,,0.0,,,,,,,,,,,,,,,,,,,,,,,,,,63900000000.0,,,,,,,,0.0,,,,,,,,,,,,,,,,,,,,,,,,,,,,,,,,,20.608,,,,,,,,,,,,,,,,,,,,,,,,,,,,,,,,,,
,Middle East,1921,,0.0,,0.0,33.465,6.897,,,,,,,,,,,,,,,,,,0.0,,,,,,,,,,,,,,,,,,,,,,,,,,,,,,,,,,0.0,,,,,,,,,,,,,,,,,,,,,,,,,,,,,,,,,27.505,,,,,,,,,,,,,,,,,,,,,,,,,,,,,,,,,,
,Middle East,1922,,0.0,,0.0,27.146,7.466,,,,,,,,,,,,,,,,,,0.0,,,,,,,,,,,,,,,,,,,,,,,,,,,,,,,,,,0.0,,,,,,,,,,,,,,,,,,,,,,,,,,,,,,,,,34.971,,,,,,,,,,,,,,,,,,,,,,,,,,,,,,,,,,
,Middle East,1923,,0.0,,0.0,25.507,8.92,,,,,,,,,,,,,,,,,,0.0,,,,,,,,,,,,,,,,,,,,,,,,,,,,,,,,,,0.0,,,,,,,,,,,,,,,,,,,,,,,,,,,,,,,,,43.892,,,,,,,,,,,,,,,,,,,,,,,,,,,,,,,,,,
,Middle East,1924,,0.0,,0.0,16.667,7.315,,,,,,,,,,,,,,,,,,0.0,,,,,,,,,,,,,,,,,,,,,,,,,,,,,,,,,,0.0,,,,,,,,,,,,,,,,,,,,,,,,,,,,,,,,,51.207,,,,,,,,,,,,,,,,,,,,,,,,,,,,,,,,,,
,Middle East,1925,,0.0,,0.0,5.133,2.628,,,,,,,,,,,,,,,,,,0.0,,,,,,,,,,,,,,,,,,,,,,,,,,,,,,,,,,0.0,,,,,,,,,,,,,,,,,,,,,,,,,,,,,,,,,53.835,,,,,,,,,,,,,,,,,,,,,,,,,,,,,,,,,,
,Middle East,1926,,0.0,,0.0,6.049,3.256,,,,,,,,,,,,,,,,,,0.0,,,,,,,,,,,,,,,,,,,,,,,,,,,,,,,,,,0.0,,,,,,,,,,,,,,,,,,,,,,,,,,,,,,,,,57.092,,,,,,,,,,,,,,,,,,,,,,,,,,,,,,,,,,
,Middle East,1927,,0.0,,0.0,11.815,6.745,,,,,,,,,,,,,,,,,,0.0,,,,,,,,,,,,,,,,,,,,,,,,,,,,,,,,,,0.0,,,,,,,,,,,,,,,,,,,,,,,,,,,,,,,,,63.837,,,,,,,,,,,,,,,,,,,,,,,,,,,,,,,,,,
,Middle East,1928,,0.0,,0.0,6.704,4.28,,,,,,,,,,,,,,,,,,0.0,,,,,,,,,,,,,,,,,,,,,,,,,,,,,,,,,,0.0,,,,,,,,,,,,,,,,,,,,,,,,,,,,,,,,,68.117,,,,,,,,,,,,,,,,,,,,,,,,,,,,,,,,,,
,Middle East,1929,,0.0,,0.0,-3.193,-2.175,,,,,,,,,,,,,,,,,,0.0,,,,,,,,,,,,,,,,,,,,,,,,,,,,,,,,,,0.0,,,,,,,,,,,,,,,,,,,,,,,,,,,,,,,,,65.942,,,,,,,,,,,,,,,,,,,,,,,,,,,,,,,,,,
,Middle East,1930,,0.0,,0.0,8.571,5.652,,,,,,,,,,,,,,,,,,0.0,,,,,,,,,,,,,,,,,,,,,,,,,,,,,,,,,,0.0,,,,,,,,,,,,,,,,,,,,,,,,,,,,,,,,,71.594,,,,,,,,,,,,,,,,,,,,,,,,,,,,,,,,,,
,Middle East,1931,,0.0,,0.0,-3.135,-2.245,,,,,,,,,,,,,,,,,,0.0,,,,,,,,,,,,,,,,,,,,,,,,,,,,,,,,,,0.0,,,,,,,,,,,,,,,,,,,,,,,,,,,,,,,,,69.35,,,,,,,,,,,,,,,,,,,,,,,,,,,,,,,,,,
,Middle East,1932,,0.0,,0.0,11.873,8.234,,,,,,,,,,,,,,,,,,0.0,,,,,,,,,,,,,,,,,,,,,,,,,,,,,,,,,,0.0,,,,,,,,,,,,,,,,,,,,,,,,,,,,,,,,,77.584,,,,,,,,,,,,,,,,,,,,,,,,,,,,,,,,,,
,Middle East,1933,,0.0,,0.0,9.714,7.536,,,,,,,,,,,,,,,,,,0.0,,,,,,,,,,,,,,,,,,,,,,,,,,,,,,,,,,0.0,,,,,,,,,,,,,,,,,,,,,,,,,,,,,,,,,85.12,,,,,,,,,,,,,,,,,,,,,,,,,,,,,,,,,,
,Middle East,1934,,0.0,,0.0,17.926,15.259,,,,,,,,,,,,,,,,,,0.0,,,,,,,,,,,,,,,,,,,,,,,,,,,,,,,,,,0.0,,,,,,,,,,,,,,,,,,,,,,,,,,,,,,,,,100.379,,,,,,,,,,,,,,,,,,,,,,,,,,,,,,,,,,
,Middle East,1935,,0.0,,0.0,31.375,31.494,,,,,,,,,,,,,,,,,,0.0,,,,,,,,,,,,,,,,,,,,,,,,,,,,,,,,,,0.0,,,,,,,,,,,,,,,,,,,,,,,,,,,,,,,,,131.873,,,,,,,,,,,,,,,,,,,,,,,,,,,,,,,,,,
,Middle East,1936,,0.0,,0.0,13.423,17.701,,,,,,,,,,,,,,,,,,0.0,,,,,,,,,,,,,,,,,,,,,,,,,,,,,,,,,,0.0,,,,,,,,,,,,,,,,,,,,,,,,,,,,,,,,,149.574,,,,,,,,,,,,,,,,,,,,,,,,,,,,,,,,,,
,Middle East,1937,,0.0,,0.0,20.613,30.831,,,,,,,,,,,,,,,,,,0.0,,,,,,,,,,,,,,,,,,,,,,,,,,,,,,,,,,0.0,,,,,,,,,,,,,,,,,,,,,,,,,,,,,,,,,180.405,,,,,,,,,,,,,,,,,,,,,,,,,,,,,,,,,,
,Middle East,1938,,0.0,,0.0,1.193,2.152,,,,,,,,,,,,,,,,,,0.0,,,,,,,,,,,,,,,,,,,,,,,,,,,,,,,,,,0.0,,,,,,,,,,,,,,,,,,,,,,,,,,,,,,,,,182.556,,,,,,,,,,,,,,,,,,,,,,,,,,,,,,,,,,
,Middle East,1939,,0.611,,0.0,-2.708,-4.943,,,,,,,,,,,,,,,,,,0.611,,,,,,,,,,,,,,,,,,,,,,,,,,,,,,,,,,0.0,,,,,,,,,,,,,,,,,,,,,,,,,,,,,,,,,177.614,,,,,,,,,,,,,,,,,,,,,,,,,,,,,,,,,,
,Middle East,1940,22.667,0.138,,0.0,-15.355,-27.272,,,,,,,,,,,,,,,,,,0.749,,,,,,,,,,,,,,,,,,,,,,,,,,193140000000.0,,,,,,,,0.0,,,,,,,,,,,,,,,,,,,,,,,,,,,,,,,,,150.341,,,,,,,,,,,,,,,,,,,,,,,,,,,,,,,,,,
,Middle East,1941,-2.174,-0.016,,0.0,-24.29,-36.518,,,,,,,,,,,,,,,,,,0.733,,,,,,,,,,,,,,,,,,,,,,,,,,,,,,,,,,0.0,,,,,,,,,,,,,,,,,,,,,,,,,,,,,,,,,113.823,,,,,,,,,,,,,,,,,,,,,,,,,,,,,,,,,,
,Middle East,1942,-8.889,-0.065,,0.0,39.113,44.52,,,,,,,,,,,,,,,,,,0.668,,,,,,,,,,,,,,,,,,,,,,,,,,,,,,,,,,0.0,,,,,,,,,,,,,,,,,,,,,,,,,,,,,,,,,158.343,,,,,,,,,,,,,,,,,,,,,,,,,,,,,,,,,,
,Middle East,1943,-15.854,-0.106,,0.0,10.048,15.91,,,,,,,,,,,,,,,,,,0.562,,,,,,,,,,,,,,,,,,,,,,,,,,,,,,,,,,0.0,,,,,,,,,,,,,,,,,,,,,,,,,,,,,,,,,174.252,,,,,,,,,,,,,,,,,,,,,,,,,,,,,,,,,,
,Middle East,1944,44.928,0.252,,0.0,31.028,54.068,,,,,,,,,,,,,,,,,,0.814,,,,,,,,,,,,,,,,,,,,,,,,,,,,,,,,,,0.0,,,,,,,,,,,,,,,,,,,,,,,,,,,,,,,,,228.32,,,,,,,,,,,,,,,,,,,,,,,,,,,,,,,,,,
,Middle East,1945,50.0,0.407,,0.0,30.338,69.268,,,,,,,,,,,,,,,,,,1.221,,,,,,,,,,,,,,,,,,,,,,,,,,,,,,,,,,0.0,,,,,,,,,,,,,,,,,,,,,,,,,,,,,,,,,297.589,,,,,,,,,,,,,,,,,,,,,,,,,,,,,,,,,,
,Middle East,1946,0.0,0.0,,0.0,33.942,101.007,,,,,,,,,,,,,,,,,,1.221,,,,,,,,,,,,,,,,,,,,,,,,,,,,,,,,,,0.0,,,,,,,,,,,,,,,,,,,,,,,,,,,,,,,,,398.595,,,,,,,,,,,,,,,,,,,,,,,,,,,,,,,,,,
,Middle East,1947,25.333,0.309,,0.0,19.651,78.328,,,,,,,,,,,,,,,,,,1.531,,,,,,,,,,,,,,,,,,,,,,,,,,,,,,,,,,0.0,,,,,,,,,,,,,,,,,,,,,,,,,,,,,,,,,476.923,,,,,,,,,,,,,,,,,,,,,,,,,,,,,,,,,,
,Middle East,1948,-20.213,-0.309,,0.0,35.744,170.473,,,,,,,,,,,,,,,,,,1.221,,,,,,,,,,,,,,,,,,,,,,,,,,,,,,,,,,0.0,,,,,,,,,,,,,,,,,,,,,,,,,,,,,,,,,647.396,,,,,,,,,,,,,,,,,,,,,,,,,,,,,,,,,,
,Middle East,1949,13.333,0.163,,0.0,23.097,149.527,,,,,,,,,,,,,,,,,,1.384,,,,,,,,,,,,,,,,,,,,,,,,,,,,,,,,,,0.0,,,,,,,,,,,,,,,,,,,,,,,,,,,,,,,,,796.923,,,,,,,,,,,,,,,,,,,,,,,,,,,,,,,,,,
,Middle East,1950,17.647,0.244,,0.0,25.25,201.222,,,,,,,,,,,,,,,,,,1.628,,,,,,,,,,,,,,,,,,,,,,,,,,245867075000.0,,,,,,,,0.0,,,,,,,,,,,,,,,,,,,,,,,,,,,,,,,,,998.146,,,,,,,,,,,,,,,,,,,,,,,,,,,,,,,,,,
,Middle East,1951,0.0,0.0,,0.0,10.096,100.774,,,,,,,,,,,,,,,,,,1.628,,,,,,,,,,,,,,,,,,,,,,,,,,,,,,,,,,0.0,,,,,,,,,,,,,,,,,,,,,,,,,,,,,,,,,1098.92,,,,,,,,,,,,,,,,,,,,,,,,,,,,,,,,,,
,Middle East,1952,-15.0,-0.244,,0.0,8.352,91.784,,,,,,,,,,,,,,,,,,1.384,,,,,,,,,,,,,,,,,,,,,,,,,,,,,,,,,,0.0,,,,,,,,,,,,,,,,,,,,,,,,,,,,,,,,,1190.704,,,,,,,,,,,,,,,,,,,,,,,,,,,,,,,,,,
,Middle East,1953,-8.824,-0.122,,0.0,16.502,196.489,,,,,,,,,,,,,,,,,,1.262,,,,,,,,,,,,,,,,,,,,,,,,,,,,,,,,,,0.0,,,,,,,,,,,,,,,,,,,,,,,,,,,,,,,,,1387.193,,,,,,,,,,,,,,,,,,,,,,,,,,,,,,,,,,
,Middle East,1954,-85.806,-1.083,,0.0,13.353,185.231,,,,,,,,,,,,,,,,,,0.179,,,,,,,,,,,,,,,,,,,,,,,,,,,,,,,,,,0.0,,,,,,,,,,,,,,,,,,,,,,,,,,,,,,,,,1572.424,,,,,,,,,,,,,,,,,,,,,,,,,,,,,,,,,,
,Middle East,1955,1013.637,1.815,,7.631,17.883,281.202,,,,,,,,,,,,,,,,,,1.995,,,,,,,,,,,,,,,,,,,,,,,,,,,,,,,,,,7.631,,,,,,,,,,,,,,,,,,,,,,,,,,,,,,,,,1853.626,,,,,,,,,,,,,,,,,,,,,,,,,,,,,,,,,,
,Middle East,1956,-22.449,-0.448,26.705,2.038,6.509,120.65,,,,,,,,,,,,,,,,,,1.547,,,,,,,,,,,,,,,,,,,,,,,,,,,,,,,,,,9.668,,,,,,,,,,,,,,,,,,,,,,,,,,,,,,,,,1974.275,,,,,,,,,,,,,,,,,,,,,,,,,,,,,,,,,,
,Middle East,1957,-7.368,-0.114,24.472,2.366,3.003,59.278,,,,,,,,,,,,,,,,,,1.433,,,,,,,,,,,,,,,,,,,,,,,,,,,,,,,,,,12.034,,,,,,,,,,,,,,,,,,,,,,,,,,,,,,,,,2033.554,,,,,,,,,,,,,,,,,,,,,,,,,,,,,,,,,,
,Middle East,1958,4.545,0.065,-3.385,-0.407,20.542,417.727,,,,,,,,,,,,,,,,,,1.498,,,,,,,,,,,,,,,,,,,,,,,,,,,,,,,,,,11.627,,,,,,,,,,,,,,,,,,,,,,,,,,,,,,,,,2451.28,,,,,,,,,,,,,,,,,,,,,,,,,,,,,,,,,,
,Middle East,1959,28.804,0.431,29.46,3.425,7.783,190.79,,,,,,,,,,,,,,,,,,1.929,,,,,,,,,,,,,,,,,,,,,,,,,,,,,,,,,,15.052,,,,,,,,,,,,,,,,,,,,,,,,,,,,,,,,,2642.071,,,,,,,,,,,,,,,,,,,,,,,,,,,,,,,,,,
,Middle East,1960,-2.954,-0.057,100.202,15.083,14.844,392.187,,,,,,,,,,,,,,,,,,1.872,,,,,,,,,,,,,,,,,,,,,,,,,,414690498000.0,,,,,,,,30.135,,,,,,,,,,,,,,,,,,,,,,,,,,,,,,,,,3034.258,,,,,,,,,,,,,,,,,,,,,,,,,,,,,,,,,,
,Middle East,1961,-13.913,-0.261,7.804,2.352,7.087,215.039,,,,,,,,,,,,,,,,,,1.612,,,,,,,,,,,,,,,,,,,,,,,,,,,,,,,,,,32.486,,,,,,,,,,,,,,,,,,,,,,,,,,,,,,,,,3249.297,,,,,,,,,,,,,,,,,,,,,,,,,,,,,,,,,,
,Middle East,1962,3.535,0.057,19.445,6.317,9.755,316.953,,,,,,,,,,,,,,,,,,1.669,,,,,,,,,,,,,,,,,,,,,,,,,,,,,,,,,,38.803,,,,,,,,,,,,,,,,,,,,,,,,,,,,,,,,,3566.249,,,,,,,,,,,,,,,,,,,,,,,,,,,,,,,,,,
,Middle East,1963,11.22,0.187,18.18,7.054,10.25,365.554,,,,,,,,,,,,,,,,,,1.856,,,,,,,,,,,,,,,,,,,,,,,,,,,,,,,,,,45.858,,,,,,,,,,,,,,,,,,,,,,,,,,,,,,,,,3931.804,,,,,,,,,,,,,,,,,,,,,,,,,,,,,,,,,,
,Middle East,1964,20.175,0.374,25.483,11.686,11.952,469.911,,,,,,,,,,,,,,,,,,2.231,,,,,,,,,,,,,,,,,,,,,,,,,,,,,,,,,,57.544,,,,,,,,,,,,,,,,,,,,,,,,,,,,,,,,,4401.714,,,,,,,,,,,,,,,,,,,,,,,,,,,,,,,,,,
,Middle East,1965,4.015,0.09,5.693,3.276,10.625,467.661,,,,,,,,,,,,,0.455,,2.53,,,2.32,,,,,,,2.346,0.0,,,0.0,2.346,0.0,0.0,,,,,,98.827,,549.233,,,,,,,6.815,,37.872,,,60.819,,,,1.173,,6.516,,,,2.346,,,1.173,,6.516,,,,,,0.0,,0.0,,,,,91.558,,508.83,,,4869.375,,,,,0.0,,0.0,,,,,,555.748,,,,1.173,,6.516,,,,0.0,,0.0,,,,,0.0,,0.0,,
,Middle East,1966,0.0,0.0,10.776,6.554,11.585,564.122,4.203,23.361,,,,,,,,,,9.531,0.478,0.241,2.771,,,2.32,,,,,,,2.546,0.0,,,0.0,2.546,0.0,0.0,,,,,4.152,98.779,22.805,572.037,,,,,,21.927,7.974,8.304,46.177,,,67.373,,,8.537,1.221,0.556,7.073,,,,2.546,,8.537,1.221,0.556,7.073,,,,,,0.0,0.0,0.0,,,,2.802,90.327,14.259,523.089,,,5433.497,,,,,0.0,0.0,0.0,,,,,,579.109,,,8.537,1.221,0.556,7.073,,,,0.0,0.0,0.0,,,,,0.0,0.0,0.0,,
,Middle East,1967,1.754,0.041,19.995,13.471,6.975,378.979,4.56,26.409,,,,,,,,,,10.186,0.504,0.282,3.053,,,2.361,,,,,,,2.829,0.0,,,0.0,2.829,0.0,0.0,,,,,4.479,98.702,25.624,597.661,,,,,,18.803,9.06,8.683,54.859,,,80.845,,,11.102,1.298,0.785,7.858,,,,2.829,,11.102,1.298,0.785,7.858,,,,,,0.0,0.0,0.0,,,,3.185,89.138,16.659,539.748,,,5812.476,,,,,0.0,0.0,0.0,,,,,,605.518,,,11.102,1.298,0.785,7.858,,,,0.0,0.0,0.0,,,,,0.0,0.0,0.0,,
,Middle East,1968,33.103,0.782,32.231,26.057,12.526,728.044,5.814,35.206,,,,,,,,,,9.958,0.524,0.304,3.357,,,3.142,,,,,,,3.081,0.0,,,0.0,3.081,0.0,0.0,,,,,5.773,98.664,34.505,632.166,,,,,,29.67,11.102,16.277,71.136,,,106.902,,,8.921,1.336,0.701,8.559,,,,3.081,,8.921,1.336,0.701,8.559,,,,,,0.0,0.0,0.0,,,,3.321,87.038,17.924,557.672,,,6540.521,,,,,0.0,0.0,0.0,,,,,,640.724,,,8.921,1.336,0.701,8.559,,,,0.0,0.0,0.0,,,,,0.0,0.0,0.0,,
,Middle East,1969,26.943,0.847,48.957,52.336,10.014,654.981,5.165,33.093,,,,,,,,,,10.28,0.549,0.345,3.702,,,3.989,,,,,,,3.396,0.0,,,0.0,3.396,0.0,0.0,,,,,5.097,98.6,32.219,664.385,,,,,,19.498,12.616,13.87,85.006,,,159.238,,,10.216,1.4,0.874,9.433,,,,3.396,,10.216,1.4,0.874,9.433,,,,,,0.0,0.0,0.0,,,,3.228,85.435,18.003,575.676,,,7195.502,,,,,0.0,0.0,0.0,,,,,,673.817,,,10.216,1.4,0.874,9.433,,,,0.0,0.0,0.0,,,,,0.0,0.0,0.0,,
,Middle East,1970,8.163,0.326,-35.069,-55.844,12.055,867.406,5.379,36.242,,,,,,,,,,10.001,0.574,0.37,4.072,,,4.315,,,,,,,3.58,0.0,,,0.0,3.58,0.0,0.0,,,0.855,,5.378,98.6,35.732,700.117,,,,830044397000.0,,10.614,13.242,9.023,94.029,,,103.394,,,5.41,1.4,0.51,9.943,,,,3.58,,5.41,1.4,0.51,9.943,,,,,,0.0,0.0,0.0,,,,4.575,84.784,26.339,602.015,,,8062.908,,,,,0.0,0.0,0.0,,,,,,710.06,,,5.41,1.4,0.51,9.943,,,,0.0,0.0,0.0,,,,,0.0,0.0,0.0,,
,Middle East,1971,13.208,0.57,56.263,58.173,17.1,1378.768,5.897,41.872,,,,,,,,,,-28.825,0.385,-1.174,2.899,,,4.885,,,,,,,3.755,0.0,,,0.0,3.755,0.0,0.0,,,,,5.911,98.613,41.386,741.502,,,,,,11.868,13.989,11.159,105.188,,,161.567,,,4.896,1.387,0.487,10.43,,,,3.755,,4.896,1.387,0.487,10.43,,,,,,0.0,0.0,0.0,,,,5.216,84.238,31.4,633.415,,,9441.676,,,,,0.0,0.0,0.0,,,,,,751.932,,,4.896,1.387,0.487,10.43,,,,0.0,0.0,0.0,,,,,0.0,0.0,0.0,,
,Middle East,1972,66.667,3.256,23.809,38.468,11.3,1066.882,8.734,65.674,,,,,,,,,,54.021,0.546,1.566,4.464,,,8.141,,,,,,,4.569,0.0,,,0.0,4.569,0.0,0.0,,,,,8.552,98.448,63.413,804.915,,,,,,12.887,14.523,13.555,118.744,,,200.035,,,21.685,1.552,2.262,12.692,,,,4.569,,21.685,1.552,2.262,12.692,,,,,,0.0,0.0,0.0,,,,7.624,83.378,48.292,681.706,,,10508.558,,,,,0.0,0.0,0.0,,,,,,817.607,,,21.685,1.552,2.262,12.692,,,,0.0,0.0,0.0,,,,,0.0,0.0,0.0,,
,Middle East,1973,-90.0,-7.327,14.358,28.722,17.165,1803.801,9.573,78.269,,,,,,,,,,68.937,0.842,3.078,7.542,,,0.814,,,,,,,3.75,0.0,,,0.0,3.75,0.0,0.0,,,,,10.007,98.837,80.544,885.459,,,,,,21.099,16.051,25.054,143.798,,,228.757,,,-17.919,1.163,-2.274,10.418,,,,3.75,,-17.919,1.163,-2.274,10.418,,,,,,0.0,0.0,0.0,,,,7.688,81.944,52.412,734.119,,,12312.359,,,,,0.0,0.0,0.0,,,,,,895.876,,,-17.919,1.163,-2.274,10.418,,,,0.0,0.0,0.0,,,,,0.0,0.0,0.0,,
,Middle East,1974,1100.0,8.955,4.845,11.083,3.077,378.866,6.584,58.981,,,,,,,,,,8.649,0.858,0.652,8.194,,,9.769,,,,,,,4.816,0.0,,,0.0,4.816,0.0,0.0,,,,,6.327,98.599,56.022,941.48,,,,,,5.348,15.865,7.69,151.488,,,239.84,,,28.411,1.401,2.96,13.378,,,,4.816,,28.411,1.401,2.96,13.378,,,,,,0.0,0.0,0.0,,,,6.495,81.876,47.679,781.798,,,12691.225,,,,,0.0,0.0,0.0,,,,,,954.857,,,28.411,1.401,2.96,13.378,,,,0.0,0.0,0.0,,,,,0.0,0.0,0.0,,
,Middle East,1975,-16.667,-1.628,10.072,24.156,-10.311,-1308.648,-0.234,-2.233,,,,,,,,,,84.219,1.585,6.901,15.095,,,8.141,,,,,,,5.44,0.0,,,0.0,5.44,0.0,0.0,,,,,-0.421,98.414,-3.968,937.513,,,,,,12.5,17.89,18.937,170.424,,,263.995,,,12.968,1.586,1.735,15.112,,,,5.44,,12.968,1.586,1.735,15.112,,,,,,0.0,0.0,0.0,,,,-3.812,78.939,-29.805,751.992,,,11382.577,,,,,0.0,0.0,0.0,,,,,,952.624,,,12.968,1.586,1.735,15.112,,,,0.0,0.0,0.0,,,,,0.0,0.0,0.0,,
,Middle East,1976,-10.0,-0.814,3.904,10.307,13.742,1564.142,13.272,126.431,,,,,,,,,,-1.412,1.379,-0.213,14.882,,,7.327,,,,,,,6.325,0.0,,,0.0,6.325,0.0,0.0,,,,,13.224,98.372,123.974,1061.487,,,,,,7.707,17.011,13.135,183.559,,,274.302,,,16.259,1.628,2.457,17.57,,,,6.325,,16.259,1.628,2.457,17.57,,,,,,0.0,0.0,0.0,,,,14.768,79.982,111.053,863.045,,,12946.719,,,,,0.0,0.0,0.0,,,,,,1079.056,,,16.259,1.628,2.457,17.57,,,,0.0,0.0,0.0,,,,,0.0,0.0,0.0,,
,Middle East,1977,0.0,0.0,13.353,36.627,0.441,57.077,13.732,148.175,,,,,,,,,,1.158,1.227,0.172,15.055,,,7.327,,,,,,,7.098,0.0,,,0.0,7.098,0.0,0.0,,,,,13.757,98.393,146.028,1207.515,,,,,,16.614,17.442,30.496,214.054,,,310.929,,,12.224,1.607,2.148,19.717,,,,7.098,,12.224,1.607,2.148,19.717,,,,,,0.0,0.0,0.0,,,,13.367,79.725,115.359,978.405,,,13003.796,,,,,0.0,0.0,0.0,,,,,,1227.231,,,12.224,1.607,2.148,19.717,,,,0.0,0.0,0.0,,,,,0.0,0.0,0.0,,
,Middle East,1978,0.0,0.0,-3.289,-10.227,-4.787,-622.464,4.877,59.849,,,,,,,,,,-38.542,0.719,-5.802,9.252,,,7.327,,,,,,,9.812,0.0,,,0.0,9.812,0.0,0.0,,,,,4.332,97.882,52.31,1259.824,,,,,,9.262,18.171,19.826,233.88,,,300.702,,,38.236,2.118,7.539,27.256,,,,9.812,,38.236,2.118,7.539,27.256,,,,,,0.0,0.0,0.0,,,,3.913,78.992,38.286,1016.691,,,12381.331,,,,,0.0,0.0,0.0,,,,,,1287.08,,,38.236,2.118,7.539,27.256,,,,0.0,0.0,0.0,,,,,0.0,0.0,0.0,,
,Middle East,1979,0.0,0.0,22.353,67.216,2.302,285.055,17.521,225.505,,,,,,,,,,43.607,0.878,4.035,13.287,,,7.327,,,,,,,9.616,0.0,,,0.0,9.616,0.0,0.0,,,,,17.943,98.234,226.051,1485.876,,,,,,35.441,20.942,82.889,316.769,,,367.918,,,-2.002,1.766,-0.546,26.711,,,,9.616,,-2.002,1.766,-0.546,26.711,,,,,,0.0,0.0,0.0,,,,13.684,76.413,139.127,1155.818,,,12666.386,,,,,0.0,0.0,0.0,,,,,,1512.585,,,-2.002,1.766,-0.546,26.711,,,,0.0,0.0,0.0,,,,,0.0,0.0,0.0,,
,Middle East,1980,-1.727,-0.127,-6.944,-25.548,-14.241,-1803.863,-3.553,-53.748,,,,,,,,,,5.368,0.96,0.713,14.0,,,7.2,,,,,,,9.683,0.0,,,0.0,9.683,0.0,0.0,,,0.945,,-3.63,98.156,-53.934,1431.942,,,,1543644084000.0,,0.079,21.731,0.251,317.02,,,342.37,,,0.695,1.844,0.186,26.896,,,,9.683,,0.695,1.844,0.186,26.896,,,,,,0.0,0.0,0.0,,,,-4.75,75.466,-54.898,1100.92,,,10862.523,,,,,0.0,0.0,0.0,,,,,,1458.837,,,0.695,1.844,0.186,26.896,,,,0.0,0.0,0.0,,,,,0.0,0.0,0.0,,
,Middle East,1981,-10.301,-0.742,7.864,26.923,-14.619,-1587.978,9.114,132.965,,,,,,,,,,-16.133,0.738,-2.259,11.742,,,6.459,,,,,,,10.214,0.0,,,0.0,10.214,0.0,0.0,,,,,9.183,98.218,131.488,1563.43,,,,,,8.339,21.577,26.435,343.455,,,369.293,,,5.491,1.782,1.477,28.373,,,,10.214,,5.491,1.782,1.477,28.373,,,,,,0.0,0.0,0.0,,,,9.747,75.903,107.312,1208.232,,,9274.545,,,,,0.0,0.0,0.0,,,,,,1591.802,,,5.491,1.782,1.477,28.373,,,,0.0,0.0,0.0,,,,,0.0,0.0,0.0,,
,Middle East,1982,12.403,0.801,11.846,43.745,-17.281,-1602.735,10.456,166.433,,,,,,,,,,89.254,1.264,10.48,22.222,,,7.26,,,,,,,10.606,0.0,,,0.0,10.606,0.0,0.0,,,,,10.576,98.324,165.346,1728.776,,,,,,11.8,21.839,40.527,383.982,,,413.038,,,3.833,1.676,1.088,29.461,,,,10.606,,3.833,1.676,1.088,29.461,,,,,,0.0,0.0,0.0,,,,9.463,75.222,114.339,1322.571,,,7671.809,,,,,0.0,0.0,0.0,,,,,,1758.235,,,3.833,1.676,1.088,29.461,,,,0.0,0.0,0.0,,,,,0.0,0.0,0.0,,
,Middle East,1983,0.0,0.0,0.799,3.301,-12.343,-946.893,9.396,165.202,,,,,,,,,,21.545,1.404,4.788,27.009,,,7.26,,,,,,,10.221,0.0,,,0.0,10.221,0.0,0.0,,,,,9.618,98.524,166.272,1895.048,,,,,,2.307,20.424,8.858,392.84,,,416.339,,,-3.63,1.476,-1.069,28.391,,,,10.221,,-3.63,1.476,-1.069,28.391,,,,,,0.0,0.0,0.0,,,,11.54,76.696,152.626,1475.197,,,6724.916,,,,,0.0,0.0,0.0,,,,,,1923.437,,,-3.63,1.476,-1.069,28.391,,,,0.0,0.0,0.0,,,,,0.0,0.0,0.0,,
,Middle East,1984,2.266,0.165,27.773,115.63,-5.0,-336.236,13.048,250.971,,,,,,,,,,15.357,1.433,4.148,31.157,,,7.424,,,,,,,10.373,0.0,,,0.0,10.373,0.0,0.0,,,,,13.221,98.675,250.548,2145.596,,,,,,28.417,23.2,111.632,504.473,,,531.969,,,1.491,1.325,0.423,28.815,,,,10.373,,1.491,1.325,0.423,28.815,,,,,,0.0,0.0,0.0,,,,9.136,74.041,134.768,1609.964,,,6388.68,,,,,0.0,0.0,0.0,,,,,,2174.409,,,1.491,1.325,0.423,28.815,,,,0.0,0.0,0.0,,,,,0.0,0.0,0.0,,
,Middle East,1985,6.551,0.486,8.036,42.747,-6.409,-409.423,6.016,130.823,,,,,,,,,4.725,5.084,1.42,1.584,32.741,,,7.911,,,,8.484,169.07,70.919,10.438,0.0,89.667,,0.0,10.438,0.0,0.0,179.561,,,,6.089,98.742,130.643,2276.239,,,94.157,,39.496,7.913,23.616,39.92,544.392,,,574.716,,5.813,0.624,1.258,0.18,28.994,,,5.813,10.438,,0.624,1.258,0.18,28.994,,,,0.0,,0.0,0.0,0.0,,,49.936,5.537,73.706,89.139,1699.104,,,5979.258,,,,,0.0,0.0,0.0,,0.0,,,,2305.231,,5.813,0.624,1.258,0.18,28.994,,0.0,,0.0,0.0,0.0,,,0.0,,0.0,0.0,0.0,,
,Middle East,1986,-4.069,-0.322,19.645,112.9,22.633,1353.259,4.465,102.934,,,,,,,,,4.646,6.704,1.451,2.195,34.936,,,7.589,,,,8.986,182.193,77.679,11.079,0.0,95.528,,0.0,11.079,0.0,0.0,193.408,,,,4.444,98.722,101.154,2377.392,,,94.201,,40.163,21.061,27.367,114.656,659.048,,,687.616,,5.728,6.141,1.278,1.781,30.775,,,5.728,11.079,,6.141,1.278,1.781,30.775,,,,0.0,,0.0,0.0,0.0,,,49.392,-0.924,69.904,-15.697,1683.407,,,7332.517,,,,,0.0,0.0,0.0,,0.0,,,,2408.165,,5.728,6.141,1.278,1.781,30.775,,0.0,,0.0,0.0,0.0,,,0.0,,0.0,0.0,0.0,,
,Middle East,1987,2.074,0.157,9.168,63.041,-0.497,-36.479,6.948,167.329,,,,,,,,,4.343,3.91,1.41,1.366,36.302,,,7.746,,,,9.162,196.904,79.558,13.915,0.0,108.184,,0.0,13.915,0.0,0.0,210.967,,,,6.707,98.499,159.452,2536.844,,,93.334,,37.711,9.654,28.06,63.626,722.674,,,750.658,,6.596,25.598,1.501,7.878,38.653,,,6.596,13.915,,25.598,1.501,7.878,38.653,,,,0.0,,0.0,0.0,0.0,,,51.28,5.611,69.03,94.46,1777.866,,,7296.038,,,,,0.0,0.0,0.0,,0.0,,,,2575.495,,6.596,25.598,1.501,7.878,38.653,,0.0,,0.0,0.0,0.0,,,0.0,,0.0,0.0,0.0,,
,Middle East,1988,6.279,0.486,11.242,84.39,17.172,1252.876,5.72,147.331,,,,,,,,,4.055,-1.957,1.307,-0.711,35.591,,,8.232,,,,9.127,210.703,92.958,14.299,0.0,108.618,,0.0,14.299,0.0,0.0,225.059,,,,5.766,98.541,146.264,2683.108,,,93.621,,41.304,11.259,29.53,81.368,804.042,,,835.048,,6.353,2.76,1.459,1.067,39.719,,,6.353,14.299,,2.76,1.459,1.067,39.719,,,,0.0,,0.0,0.0,0.0,,,48.262,3.69,67.704,65.607,1843.473,,,8548.914,,,,,0.0,0.0,0.0,,0.0,,,,2722.826,,6.353,2.76,1.459,1.067,39.719,,0.0,,0.0,0.0,0.0,,,0.0,,0.0,0.0,0.0,,
,Middle East,1989,-25.456,-2.096,12.239,102.205,7.083,605.551,5.248,142.893,,,,,,,,,4.102,-2.913,1.206,-1.037,34.555,,,6.137,,,,9.807,226.245,108.017,12.624,0.0,108.42,,0.0,12.624,0.0,0.0,239.058,,,,5.499,98.776,147.546,2830.655,,,94.64,,45.185,12.796,31.647,102.885,906.927,,,937.253,,5.281,-11.714,1.224,-4.653,35.067,,,5.281,12.624,,-11.714,1.224,-4.653,35.067,,,,0.0,,0.0,0.0,0.0,,,45.353,2.479,65.923,45.698,1889.171,,,9154.465,,,,,0.0,0.0,0.0,,0.0,,,,2865.719,,5.281,-11.714,1.224,-4.653,35.067,,0.0,,0.0,0.0,0.0,,,0.0,,0.0,0.0,0.0,,
,Middle East,1990,2.763,0.17,7.464,69.96,6.385,584.513,4.076,116.794,,,,0.0,,0.0,,,4.152,3.681,1.201,1.272,35.826,,,6.306,,,,10.533,238.385,114.943,15.273,0.0,112.909,,0.0,15.274,0.0,0.001,253.661,,1.5,,3.866,98.577,109.432,2940.087,,,93.978,1988275413000.0,45.314,5.501,32.081,49.886,956.813,,,1007.213,,6.021,20.986,1.422,7.359,42.426,,,6.022,15.274,,20.994,1.423,7.362,42.429,,,,0.0,,0.0,0.0,0.0,,,44.512,3.085,65.295,58.275,1947.446,,,9738.978,,,,,0.0,0.0,0.0,,0.0,,,,2982.513,,6.022,20.994,1.423,7.362,42.429,,0.0,,0.0,0.0,0.0,,,0.0,,0.0,0.003,0.003,,
,Middle East,1991,3.186,0.201,5.372,54.107,-1.622,-157.961,4.056,120.973,,,,0.0,0.0,0.0,,,4.684,16.272,1.342,5.83,41.656,,,6.507,,,,11.439,233.216,115.614,11.009,0.0,106.163,,0.0,11.01,0.0,0.001,244.232,,,,4.517,99.015,132.817,3072.904,,,95.489,,47.338,4.618,32.254,44.19,1001.003,,,1061.32,,4.508,-27.919,0.985,-11.845,30.581,,,4.508,11.01,,-27.917,0.985,-11.845,30.584,,,,0.0,,0.0,0.0,0.0,,,43.468,4.252,65.418,82.797,2030.243,,,9581.016,,,,,0.0,0.0,0.0,,0.0,,,,3103.486,,4.508,-27.917,0.985,-11.845,30.584,,0.0,,0.0,0.0,0.0,,,0.0,0.0,0.0,0.0,0.003,,
,Middle East,1992,-19.573,-1.274,6.742,71.557,10.83,1037.598,9.302,288.693,,,,0.0,0.0,0.0,,,5.041,13.161,1.39,5.482,47.139,,,5.234,,,,14.115,262.16,128.317,17.827,0.0,119.729,,0.0,17.828,0.0,0.001,279.987,,,,8.779,98.54,269.755,3342.659,,,93.633,,45.83,14.288,33.725,143.023,1144.026,,,1132.877,,6.367,61.929,1.46,18.939,49.52,,,6.367,17.828,,61.923,1.46,18.939,49.522,,,,0.0,,0.0,0.0,0.0,,,42.762,5.972,63.425,121.25,2151.493,,,10618.614,,,,,0.0,0.0,0.0,,0.0,,,,3392.179,,6.367,61.923,1.46,18.939,49.522,,0.0,,0.0,0.0,0.0,,,0.0,0.0,0.0,0.0,0.003,,
,Middle East,1993,63.382,3.317,-7.28,-82.469,3.825,406.159,2.879,97.648,,,,0.0,0.0,0.0,,,5.151,16.97,1.58,7.999,55.138,,,8.551,,,,16.085,292.235,146.244,20.047,0.0,129.906,,0.0,20.048,0.0,0.001,312.283,,,,2.737,98.404,91.483,3434.142,,,93.58,,46.831,-6.318,30.711,-72.278,1071.747,,,1050.408,,6.419,12.451,1.596,6.166,55.685,,,6.42,20.048,,12.45,1.596,6.166,55.688,,,,0.0,,0.0,0.0,0.0,,,41.599,7.24,66.114,155.762,2307.254,,,11024.774,,,,,0.0,0.0,0.0,,0.0,,,,3489.827,,6.42,12.45,1.596,6.166,55.688,,0.0,,0.0,0.0,0.0,,,0.0,0.0,0.0,0.0,0.003,,
,Middle East,1994,-2.072,-0.177,16.253,170.725,2.242,247.166,11.399,397.801,,,,0.0,0.0,0.0,,,5.125,4.627,1.484,2.551,57.689,,,8.374,,,,17.059,316.281,160.401,16.55,0.0,138.82,,0.0,16.551,0.0,0.001,332.831,,,,11.867,98.817,407.515,3841.657,,,95.027,,48.193,15.686,31.893,168.116,1239.863,,,1221.133,,4.972,-17.444,1.183,-9.714,45.972,,,4.973,16.551,,-17.443,1.183,-9.714,45.974,,,,0.0,,0.0,0.0,0.0,,,41.709,10.265,65.441,236.848,2544.102,,,11271.94,,,,,0.0,0.0,0.0,,0.0,,,,3887.629,,4.973,-17.443,1.183,-9.714,45.974,,0.0,,0.0,0.0,0.0,,,0.0,0.0,0.0,0.0,0.003,,
,Middle East,1995,-1.22,-0.102,13.446,164.195,0.634,71.511,3.159,122.802,,,,0.0,0.0,0.0,,,5.413,6.503,1.532,3.751,61.44,,,8.271,,,,18.801,328.684,161.992,18.653,0.0,147.891,,0.0,18.654,0.0,0.001,347.342,,,,3.045,98.708,116.96,3958.618,,,94.628,,46.638,9.968,33.998,123.59,1363.453,,,1385.328,,5.37,12.707,1.292,5.842,51.813,,,5.37,18.654,,12.706,1.292,5.842,51.816,,,,0.0,,0.0,0.0,0.0,,,42.578,-0.408,63.178,-10.381,2533.721,,,11343.451,,,,,0.0,0.0,0.0,,0.0,,,,4010.43,,5.37,12.706,1.292,5.842,51.816,,0.0,,0.0,0.0,0.0,,,0.0,0.0,0.0,0.0,0.003,,
,Middle East,1996,-6.187,-0.512,7.658,106.091,1.972,223.714,3.353,134.486,,,,0.0,0.0,0.0,,,6.158,17.75,1.745,10.906,72.346,,,7.76,,,,22.465,346.102,171.147,18.698,0.0,152.49,,0.0,18.699,0.0,0.001,364.802,,,,3.394,98.747,134.359,4092.977,,,94.874,,46.915,4.274,34.3,58.271,1421.724,,,1491.419,,5.126,0.245,1.253,0.127,51.94,,,5.126,18.699,,0.245,1.253,0.127,51.943,,,,0.0,,0.0,0.0,0.0,,,41.801,2.573,62.701,65.182,2598.903,,,11567.165,,,,,0.0,0.0,0.0,,0.0,,,,4144.916,,5.126,0.245,1.253,0.127,51.943,,0.0,,0.0,0.0,0.0,,,0.0,0.0,0.0,0.0,0.003,,
,Middle East,1997,-3.331,-0.258,7.657,114.192,3.102,358.801,4.745,196.672,,,,0.0,0.0,0.0,,,6.387,7.461,1.791,5.397,77.744,,,7.501,,,,24.879,373.608,187.102,15.927,0.0,161.627,,0.0,15.93,0.0,0.003,389.534,,,,4.993,98.981,204.365,4297.342,,,95.911,,48.032,5.707,34.616,81.139,1502.863,,,1605.61,,4.089,-14.821,1.019,-7.698,44.242,,,4.09,15.93,,-14.81,1.019,-7.693,44.25,,,,0.0,,0.0,0.0,0.0,,,41.492,4.534,62.575,117.828,2716.731,,,11925.966,,,,,0.0,0.0,0.0,,0.0,,,,4341.588,,4.09,-14.81,1.019,-7.693,44.25,,0.0,,0.0,0.0,0.0,,,0.001,200.0,0.0,0.006,0.008,,
,Middle East,1998,24.204,1.816,7.412,119.005,7.168,854.81,1.826,79.288,,,,0.0,0.0,0.0,,,6.322,8.723,1.912,6.781,84.525,,,9.317,,,,26.543,402.573,205.211,17.211,0.0,170.819,,0.0,17.214,0.0,0.003,419.827,,,,1.762,98.918,75.723,4373.064,,,95.89,,48.88,7.927,36.689,119.131,1621.995,,,1724.615,,4.099,8.059,1.081,3.565,47.807,,,4.1,17.214,,8.057,1.082,3.565,47.815,,,,0.0,,0.0,0.0,0.0,,,40.688,-1.847,60.317,-50.19,2666.541,,,12780.776,,,,,0.0,0.0,0.0,,0.0,,,,4420.876,,4.1,8.057,1.082,3.565,47.815,,0.0,,0.0,0.0,0.0,,,0.001,0.0,0.0,0.0,0.008,,
,Middle East,1999,-14.302,-1.333,8.357,144.12,-3.67,-469.069,2.119,93.661,,,,0.0,0.0,0.0,,,6.047,-2.303,1.829,-1.947,82.578,,,7.984,,,,26.62,428.287,215.747,11.801,0.0,185.92,,0.0,11.839,0.0,0.038,440.239,,,,2.483,99.272,108.59,4481.654,,,97.285,,49.007,6.676,38.327,108.277,1730.272,,,1868.736,,2.681,-31.431,0.726,-15.026,32.781,,,2.689,11.839,,-31.223,0.728,-14.929,32.886,,,,0.0,,0.0,0.0,0.0,,,42.232,0.085,59.116,2.26,2668.801,,,12311.707,,,,,0.0,0.0,0.0,,0.0,,,,4514.537,,2.689,-31.223,0.728,-14.929,32.886,,0.0,,0.0,0.0,0.0,,,0.009,1166.667,0.002,0.097,0.106,,
,Middle East,2000,8.225,0.657,9.2,171.927,6.64,817.478,5.164,233.151,0.006,,,0.0,0.0,0.0,,563.824,5.118,8.363,1.885,6.906,89.484,,,8.641,,464.4,0.03,23.77,456.38,288.93,7.95,0.0,143.68,0.0,0.03,8.02,0.0,0.04,464.4,261.84,1.3,,5.269,99.37,236.136,4717.79,,,98.273,3653297898131.0,62.216,5.938,38.609,102.747,1833.019,,,2040.663,,1.712,-9.142,0.627,-2.997,29.784,,,1.727,8.02,,-9.075,0.63,-2.984,29.902,,,,0.0,,0.0,0.0,0.0,,,30.939,4.739,58.877,126.483,2795.284,,,13129.185,,,,,0.0,0.008,0.008,0.0,0.006,,,,4747.688,,1.727,-9.075,0.63,-2.984,29.902,,0.0,,0.0,0.0,0.0,,,0.009,3.947,0.002,0.004,0.11,,
,Middle East,2001,-2.495,-0.216,8.931,182.243,-1.961,-257.415,5.213,247.487,0.006,,,0.0,0.0,0.0,,557.905,5.227,12.552,2.016,11.232,100.716,,,8.425,,490.89,0.03,25.66,481.42,316.36,9.4,0.0,139.4,0.0,0.03,9.47,0.0,0.04,490.89,273.87,,,5.197,99.355,245.184,4962.974,,,98.071,,64.446,6.297,39.006,115.423,1948.442,,,2222.906,,1.915,7.649,0.642,2.278,32.062,,,1.929,9.47,,7.702,0.645,2.303,32.205,,,,0.0,,0.0,0.0,0.0,,,28.397,4.24,58.333,118.529,2913.812,,,12871.77,,,,65.667,0.0,0.005,0.014,0.0,0.006,,,,4995.175,,1.929,7.702,0.645,2.303,32.205,,0.0,,0.0,0.0,0.0,,,0.008,17.46,0.003,0.019,0.129,,
,Middle East,2002,-6.398,-0.539,9.994,222.159,-7.954,-1023.883,5.671,283.301,0.006,,,0.003,0.16,0.16,,551.827,5.075,4.908,2.002,4.943,105.658,,,7.886,,523.95,0.03,26.59,512.2,347.07,11.68,0.0,138.54,0.0,0.03,11.75,0.0,0.04,523.95,289.13,,,5.422,99.12,269.081,5232.055,,,97.757,,66.241,10.146,40.658,197.691,2146.132,,,2445.065,,2.229,43.877,0.874,14.068,46.13,,,2.243,11.75,,44.155,0.88,14.22,46.425,,,,0.0,,0.0,0.0,0.0,,,26.441,2.28,56.461,66.448,2980.26,,,11847.887,,,,-0.604,0.0,-0.0,0.014,0.0,0.006,,,,5278.476,,2.243,44.155,0.88,14.22,46.425,,0.0,,0.0,0.0,0.0,,,0.008,-5.751,0.002,-0.007,0.121,,
,Middle East,2003,9.774,0.771,5.273,128.916,8.906,1055.154,4.398,232.129,0.005,,3.704,0.003,0.006,0.166,,547.457,4.947,4.38,2.001,4.628,110.286,,,8.657,,554.29,0.03,27.42,538.65,367.98,15.57,0.0,143.25,0.0,0.03,15.64,0.0,0.04,554.29,303.45,,,4.356,99.081,227.897,5459.953,,,97.178,,66.388,5.001,40.893,107.336,2253.469,,,2573.981,,2.809,9.167,0.914,4.229,50.359,,,2.822,15.64,,9.115,0.919,4.232,50.657,,,,0.0,,0.0,0.0,0.0,,,25.844,3.89,56.186,115.933,3096.193,,,12903.041,,,,19.028,0.0,0.003,0.016,0.0,0.005,,,,5510.605,,2.822,9.115,0.919,4.232,50.657,,0.0,,0.0,0.0,0.0,,,0.007,-4.454,0.002,-0.005,0.116,,
,Middle East,2004,6.718,0.582,10.978,282.568,7.278,939.025,8.151,449.19,0.005,,3.571,0.003,0.006,0.171,,545.647,4.489,1.617,1.88,1.783,112.07,,,9.239,,587.23,0.03,26.36,570.81,393.87,16.33,0.0,150.58,0.0,0.03,16.42,0.0,0.06,587.23,320.42,,,8.004,98.946,437.008,5896.961,,,97.204,,67.073,10.225,41.677,230.414,2483.882,,,2856.549,,2.781,24.078,1.048,12.125,62.484,,,2.796,16.42,,24.047,1.054,12.181,62.838,,,,0.0,,0.0,0.0,0.0,,,25.642,6.615,55.388,204.811,3301.005,,,13842.066,,,,-0.51,0.0,-0.0,0.016,0.0,0.005,,,,5959.794,,2.796,24.047,1.054,12.181,62.838,,0.0,,0.0,0.0,0.0,,,0.01,43.213,0.003,0.05,0.166,,
,Middle East,2005,25.584,2.364,8.488,242.477,2.712,375.456,5.419,322.968,0.006,,6.897,0.003,0.012,0.183,,534.155,3.765,1.766,1.815,1.98,114.049,,,11.602,,634.46,0.04,23.89,607.05,426.51,27.29,0.0,156.65,0.0,0.04,27.41,0.0,0.08,634.46,338.9,,,5.444,98.969,321.042,6218.003,,,95.68,,67.224,7.209,42.385,179.076,2662.957,,,3099.026,,4.301,2.965,1.024,1.853,64.337,,,4.32,27.41,,3.066,1.031,1.927,64.765,,,,0.0,,0.0,0.0,0.0,,,24.69,4.241,54.769,139.986,3440.991,,,14217.522,,,,-17.265,0.0,-0.003,0.013,0.0,0.006,,,,6282.762,,4.32,3.066,1.031,1.927,64.765,,0.0,,0.0,0.0,0.0,,,0.013,39.179,0.004,0.065,0.231,,
,Middle East,2006,6.075,0.705,7.014,217.363,1.21,172.065,5.194,326.334,0.007,,-45.161,0.002,-0.083,0.101,,536.984,3.412,-0.124,1.724,-0.141,113.908,,,12.307,,676.65,0.05,23.09,647.68,445.24,28.78,0.0,179.35,0.0,0.05,28.97,0.0,0.14,676.65,363.35,,,5.067,98.85,315.087,6533.09,,,95.719,,65.801,5.851,42.65,155.807,2818.764,,,3316.39,,4.253,17.386,1.143,11.186,75.522,,,4.281,28.97,,17.366,1.15,11.247,76.012,,,,0.0,,0.0,0.0,0.0,,,26.506,4.633,54.477,159.422,3600.412,,,14389.587,,,,19.215,0.0,0.003,0.016,0.0,0.007,,,,6609.096,,4.281,17.366,1.15,11.247,76.012,,0.0,,0.0,0.0,0.0,,,0.021,61.074,0.006,0.141,0.373,,
,Middle East,2007,0.608,0.075,9.359,310.384,-1.541,-221.749,5.458,360.736,0.008,,-11.765,0.001,-0.012,0.089,,537.457,3.166,1.307,1.656,1.489,115.397,,,12.382,,717.23,0.06,22.71,689.44,478.71,27.58,0.0,188.02,0.0,0.06,27.79,0.0,0.15,717.23,385.48,,,5.591,98.975,365.284,6898.373,,,96.125,,66.744,8.546,43.898,240.878,3059.641,,,3626.774,,3.845,-6.071,1.018,-4.585,70.937,,,3.875,27.79,,-5.982,1.025,-4.547,71.465,,,,0.0,,0.0,0.0,0.0,,,26.215,3.414,53.421,122.917,3723.329,,,14167.838,,,,65.728,0.0,0.011,0.027,0.0,0.008,,,,6969.832,,3.875,-5.982,1.025,-4.547,71.465,,0.0,-0.624,0.0,-0.0,0.0,,,0.021,10.496,0.006,0.039,0.412,,
,Middle East,2008,-4.35,-0.539,8.179,296.642,4.389,621.859,7.167,499.514,0.008,,6.667,0.001,0.006,0.095,,553.704,3.158,-2.747,1.503,-3.17,112.227,,,11.843,,747.53,0.06,23.61,735.57,495.79,11.69,0.0,216.17,0.0,0.06,11.96,0.0,0.21,747.53,413.91,,,7.743,99.507,534.139,7432.512,,,98.4,,66.324,10.179,45.132,311.454,3371.095,,,3923.416,,1.564,-49.055,0.484,-34.798,36.139,,,1.6,11.96,,-48.45,0.493,-34.625,36.84,,,,0.0,,0.0,0.0,0.0,,,28.918,6.066,52.872,225.855,3949.184,,,14789.698,,,,59.007,0.001,0.016,0.042,0.0,0.008,,,,7469.346,,1.6,-48.45,0.493,-34.625,36.84,,0.0,3383.264,0.0,0.009,0.009,,,0.028,34.706,0.007,0.143,0.555,,
,Middle East,2009,-26.294,-3.114,5.463,214.345,-7.091,-1048.707,2.449,182.958,0.009,,6.25,0.001,0.006,0.101,,554.169,2.854,-0.676,1.457,-0.759,111.468,,,8.729,,787.9,0.07,22.49,774.67,517.47,12.9,0.0,234.71,0.0,0.07,13.23,0.03,0.23,787.9,436.63,,,2.517,99.572,187.057,7619.569,,,98.321,,65.677,2.893,45.328,97.535,3468.63,,,4137.761,,1.637,-12.044,0.415,-4.353,31.787,,,1.679,13.23,,-11.127,0.428,-4.099,32.741,,,,0.0,,0.0,0.0,0.0,,,29.789,2.286,52.788,90.281,4039.465,,,13740.991,,,,214.918,0.002,0.091,0.133,0.0,0.009,,,,7652.304,,1.679,-11.127,0.428,-4.099,32.741,,0.004,871.757,0.001,0.081,0.09,,,0.029,13.763,0.008,0.076,0.631,,
,Middle East,2010,-5.314,-0.464,14.71,608.664,2.423,332.982,6.475,495.517,0.011,,12.274,0.001,0.012,0.113,,546.456,2.713,4.79,1.434,5.339,116.807,,,8.265,,850.48,0.09,23.07,832.49,577.2,17.64,0.0,232.22,0.0,0.09,17.99,0.09,0.17,850.48,464.75,1.057,,6.323,99.429,481.759,8101.328,,,97.885,7707249722582.0,67.868,9.697,46.699,336.355,3804.985,,,4746.425,,2.074,42.648,0.557,13.556,45.343,,,2.115,17.99,,42.021,0.571,13.758,46.499,,,,0.0,,0.0,0.0,0.0,,,27.305,3.467,51.296,140.065,4179.529,,,14073.973,,,,57.215,0.003,0.076,0.209,0.0,0.011,,,,8147.821,,2.115,42.021,0.571,13.758,46.499,,0.011,183.547,0.003,0.165,0.255,,,0.02,-8.176,0.007,-0.052,0.579,,
,Middle East,2011,6.277,0.519,9.55,453.291,9.11,1282.128,4.437,361.515,0.014,,18.182,0.002,0.021,0.133,,550.612,2.521,2.168,1.402,2.532,119.339,,,8.784,,877.66,0.12,22.13,857.55,572.4,19.43,0.1,263.02,0.0,0.12,20.01,0.23,0.23,877.66,483.25,,,4.426,99.419,358.557,8459.885,,,97.709,,65.219,4.657,46.798,177.193,3982.178,,,5199.716,,2.214,4.336,0.556,1.966,47.309,,,2.291,20.11,,6.361,0.581,2.958,49.457,,,,0.011,,0.003,0.277,0.277,,,29.968,4.279,51.219,178.832,4358.361,,,15356.101,,,,169.97,0.007,0.355,0.565,0.0,0.014,,,,8509.336,,2.28,5.765,0.578,2.681,49.18,,0.026,130.465,0.007,0.333,0.587,,,0.026,1.001,0.007,0.006,0.585,,
,Middle East,2012,-9.927,-0.872,4.902,254.882,1.769,271.573,3.936,334.961,0.014,,-5.013,0.001,-0.007,0.127,,546.496,2.509,16.203,1.568,19.337,138.676,,,7.912,,921.91,0.13,23.13,898.83,612.9,20.96,1.33,262.8,0.0,0.13,21.75,0.44,0.22,921.91,503.82,,,3.82,99.308,323.179,8783.064,,,97.497,,66.482,3.217,46.474,128.101,4110.279,,,5454.598,,2.274,16.553,0.623,7.831,55.14,,,2.503,23.08,,23.823,0.692,11.782,61.239,,,,0.144,1247.479,0.042,3.462,3.739,,,28.506,4.032,51.266,175.741,4534.103,,,15627.673,,,,0.124,0.006,0.001,0.565,0.0,0.014,,,,8844.297,,2.359,16.918,0.65,8.32,57.5,,0.048,88.955,0.013,0.523,1.11,,,0.024,-4.656,0.006,-0.027,0.558,,
,Middle East,2013,5.756,0.455,3.141,171.325,-1.286,-200.988,2.649,234.306,0.015,,-25.215,0.001,-0.032,0.095,,545.209,2.277,-6.2,1.433,-8.598,130.078,,,8.367,,952.68,0.14,21.69,924.11,622.63,23.46,3.89,279.79,0.0,0.14,24.68,0.68,0.4,952.68,519.41,,,2.522,99.185,221.542,9004.607,,,97.001,,65.356,2.999,46.632,123.25,4233.529,,,5625.923,,2.463,9.159,0.663,5.05,60.191,,,2.999,28.57,,20.843,0.815,12.764,74.003,,,,0.408,191.364,0.12,7.156,10.895,,,29.369,2.357,51.12,106.891,4640.993,,,15426.686,,,,-16.999,0.005,-0.096,0.469,0.0,0.015,,,,9078.603,,2.591,9.754,0.695,5.609,63.109,,0.071,59.479,0.019,0.66,1.77,,,0.042,4.67,0.006,0.026,0.584,,
,Middle East,2014,-2.898,-0.243,3.555,199.978,0.937,144.621,3.516,319.168,0.018,,6.395,0.001,0.006,0.101,,540.0,1.99,0.352,1.389,0.458,130.536,,,8.125,,1013.24,0.18,20.16,988.46,703.83,19.2,3.72,264.47,0.0,0.18,21.06,1.29,0.39,1013.24,547.15,,,3.636,99.3,327.398,9332.004,,,97.554,,69.463,5.687,47.61,240.752,4474.281,,,5825.901,,1.895,-15.677,0.54,-9.436,50.754,,,2.446,24.78,,-11.12,0.7,-8.229,65.774,,,,0.367,-4.941,0.11,-0.538,10.357,,,26.101,1.857,50.301,86.187,4727.18,,,15571.307,,,,45.618,0.007,0.214,0.683,0.0,0.018,,,,9397.771,,2.078,-12.187,0.59,-7.691,55.417,,0.127,87.905,0.035,1.556,3.326,,,0.038,-5.31,0.006,-0.031,0.553,,
,Middle East,2015,11.865,0.964,3.127,182.192,5.442,847.403,2.934,275.688,0.023,,9.204,0.001,0.009,0.11,,539.339,1.839,-6.358,1.264,-8.299,122.236,,,9.089,,1067.9,0.25,19.64,1044.99,754.69,17.42,3.2,270.66,0.0,0.25,19.71,1.67,0.37,1067.9,575.96,,,3.043,99.405,283.94,9615.944,,,97.855,,70.67,7.109,49.541,318.07,4792.35,,,6008.093,,1.631,-16.426,0.438,-8.337,42.418,,,2.145,22.91,,-12.545,0.595,-8.251,57.523,,,,0.3,-14.62,0.091,-1.514,8.842,,,25.345,-0.546,48.601,-25.83,4701.35,,,16418.71,,,,-21.702,0.006,-0.148,0.535,0.0,0.023,,,,9673.459,,1.846,-12.157,0.503,-6.737,48.68,,0.156,39.86,0.048,1.326,4.652,,,0.035,74.669,0.01,0.413,0.966,,
,Middle East,2016,10.187,0.926,3.869,232.434,6.234,1023.514,2.863,276.924,0.027,,-10.409,0.001,-0.011,0.099,,530.946,1.833,-7.812,1.132,-9.55,112.687,,,10.015,,1101.77,0.3,20.2,1071.3,800.62,20.94,5.92,250.48,0.0,0.3,24.55,2.6,0.71,1101.77,584.98,1.072,,2.682,99.23,257.867,9873.811,,,97.234,9278265102000.0,72.667,4.531,50.344,217.12,5009.47,,,6240.527,,1.901,19.439,0.509,8.245,50.663,,,2.766,30.47,,33.13,0.77,19.057,76.58,,,,0.537,84.13,0.164,7.439,16.281,,,22.734,1.07,47.753,50.297,4751.646,,,17442.223,,,,49.243,0.008,0.263,0.798,0.0,0.027,,,,9950.383,,2.228,23.866,0.606,11.618,60.298,,0.236,51.194,0.071,2.381,7.033,,,0.064,76.534,0.017,0.739,1.705,,
,Middle East,2017,13.589,1.361,2.474,154.391,-1.638,-285.763,1.344,133.74,0.026,,-6.736,0.001,-0.007,0.092,,525.024,1.785,-1.441,1.101,-1.624,111.063,,,11.376,,1145.3,0.3,20.44,1115.76,871.15,18.25,6.37,224.17,0.0,0.3,23.17,3.64,0.98,1145.3,601.31,1.043,,1.304,99.191,128.73,10002.541,,,97.421,9664019548852.0,76.063,3.141,51.237,157.371,5166.842,,,6394.918,,1.593,1.725,0.511,0.874,51.537,,,2.579,29.54,,6.542,0.809,5.01,81.589,,,,0.556,6.833,0.172,1.113,17.394,,,19.573,-0.569,46.852,-27.017,4724.629,,,17156.46,,,,1.053,0.008,0.008,0.807,0.0,0.026,,,,10084.123,,2.023,6.463,0.637,3.897,64.195,,0.318,38.93,0.097,2.738,9.771,,,0.086,16.615,0.02,0.283,1.988,,
,Middle East,2018,7.508,0.854,3.726,238.283,0.907,155.545,0.449,45.282,0.025,,-31.744,0.001,-0.029,0.063,,529.451,1.776,-4.283,1.049,-4.756,106.306,,,12.23,,1143.77,0.29,20.31,1111.68,837.68,18.52,6.3,253.69,0.0,0.29,25.79,5.51,1.47,1143.77,605.57,1.029,,0.549,99.289,54.896,10057.438,,,97.194,9842624201121.0,73.239,2.628,52.349,135.793,5302.635,,,6633.201,,1.619,-30.876,0.352,-15.913,35.624,,,2.806,32.09,,-11.784,0.711,-9.614,71.975,,,,0.551,-1.617,0.169,-0.281,17.113,,,22.18,-1.612,45.891,-76.141,4648.489,,,17312.006,,,,3.913,0.008,0.032,0.838,0.0,0.025,,,,10129.405,,2.255,-14.539,0.542,-9.333,54.862,,0.482,53.635,0.148,5.241,15.012,,,0.129,67.205,0.033,1.336,3.325,,
,Middle East,2019,3.68,0.45,2.245,148.916,-5.042,-872.947,2.863,289.963,0.024,,1.727,0.001,0.001,0.064,,519.404,1.743,4.275,1.064,4.544,110.85,,,12.68,,1195.37,0.29,20.83,1141.96,869.09,34.48,5.87,252.04,0.0,0.29,47.54,11.1,1.67,1195.37,620.88,,,2.284,98.731,229.759,10287.197,,,95.532,,72.705,2.677,52.255,141.978,5444.612,,,6782.118,,2.884,130.62,0.788,46.532,82.157,,,4.468,53.41,,83.646,1.269,60.205,132.18,,,,0.491,-7.238,0.152,-1.239,15.874,,,21.085,1.791,45.413,83.237,4731.726,,,16439.059,,,,-1.55,0.008,-0.013,0.825,0.0,0.024,,,,10419.368,,3.977,111.995,1.116,61.443,116.305,,0.929,95.947,0.282,14.404,29.416,,,0.14,15.603,0.037,0.519,3.843,,
,Middle East,2020,0.0,0.0,1.234,83.692,-8.222,-1351.616,-2.841,-295.962,0.025,,-26.24,0.0,-0.017,0.047,,517.627,1.73,-3.656,1.055,-4.053,106.797,,,12.68,,1180.6,0.29,20.43,1127.75,868.01,31.27,7.35,239.31,0.0,0.29,45.5,12.22,1.72,1180.6,611.11,,,-2.839,98.733,-292.095,9995.102,,,95.523,,73.523,1.442,54.558,78.521,5523.133,,,6865.809,,2.649,-23.623,0.62,-19.408,62.749,,,4.477,52.85,,-2.926,1.267,-3.868,128.312,,,,0.623,23.583,0.194,3.744,19.618,,,20.27,-7.747,43.12,-366.562,4365.164,,,15087.443,,,,-0.367,0.008,-0.003,0.822,0.0,0.025,,,,10123.406,,3.854,-6.545,1.074,-7.612,108.694,,1.035,37.263,0.399,10.961,40.377,,,0.146,22.235,0.046,0.855,4.698,,
,Middle East,2021,,,,,,,,,,,,,,,,526.872,,,,,,,,,,1177.8,,,,910.82,,,247.6,,,,19.39,,1177.8,620.55,,,,,,,,,,,77.332,,,,,,,,,,,,,,,,,,,,,,,,,,,,,,,,,21.022,,,,,,,,,,,,,,,,,,,,,,,,,,,,1.646,,,,,,,,,,,,,
