iso_code,country,year,coal_prod_change_pct,coal_prod_change_twh,gas_prod_change_pct,gas_prod_change_twh,oil_prod_change_pct,oil_prod_change_twh,energy_cons_change_pct,energy_cons_change_twh,biofuel_share_elec,biofuel_elec_per_capita,biofuel_cons_change_pct,biofuel_share_energy,biofuel_cons_change_twh,biofuel_consumption,biofuel_cons_per_capita,carbon_intensity_elec,coal_share_elec,coal_cons_change_pct,coal_share_energy,coal_cons_change_twh,coal_consumption,coal_elec_per_capita,coal_cons_per_capita,coal_production,coal_prod_per_capita,electricity_demand,biofuel_electricity,coal_electricity,fossil_electricity,gas_electricity,hydro_electricity,nuclear_electricity,oil_electricity,other_renewable_exc_biofuel_electricity,other_renewable_electricity,renewables_electricity,solar_electricity,wind_electricity,electricity_generation,greenhouse_gas_emissions,energy_per_gdp,energy_per_capita,fossil_cons_change_pct,fossil_share_energy,fossil_cons_change_twh,fossil_fuel_consumption,fossil_energy_per_capita,fossil_cons_per_capita,fossil_share_elec,gdp,gas_share_elec,gas_cons_change_pct,gas_share_energy,gas_cons_change_twh,gas_consumption,gas_elec_per_capita,gas_energy_per_capita,gas_production,gas_prod_per_capita,hydro_share_elec,hydro_cons_change_pct,hydro_share_energy,hydro_cons_change_twh,hydro_consumption,hydro_elec_per_capita,hydro_energy_per_capita,low_carbon_share_elec,low_carbon_electricity,low_carbon_elec_per_capita,low_carbon_cons_change_pct,low_carbon_share_energy,low_carbon_cons_change_twh,low_carbon_consumption,low_carbon_energy_per_capita,net_elec_imports_share_demand,net_elec_imports,nuclear_share_elec,nuclear_cons_change_pct,nuclear_share_energy,nuclear_cons_change_twh,nuclear_consumption,nuclear_elec_per_capita,nuclear_energy_per_capita,oil_share_elec,oil_cons_change_pct,oil_share_energy,oil_cons_change_twh,oil_consumption,oil_elec_per_capita,oil_energy_per_capita,oil_production,oil_prod_per_capita,other_renewables_elec_per_capita_exc_biofuel,other_renewables_elec_per_capita,other_renewables_cons_change_pct,other_renewables_share_energy,other_renewables_cons_change_twh,other_renewable_consumption,other_renewables_share_elec_exc_biofuel,other_renewables_share_elec,other_renewables_energy_per_capita,per_capita_electricity,population,primary_energy_consumption,renewables_elec_per_capita,renewables_share_elec,renewables_cons_change_pct,renewables_share_energy,renewables_cons_change_twh,renewables_consumption,renewables_energy_per_capita,solar_share_elec,solar_cons_change_pct,solar_share_energy,solar_cons_change_twh,solar_consumption,solar_elec_per_capita,solar_energy_per_capita,wind_share_elec,wind_cons_change_pct,wind_share_energy,wind_cons_change_twh,wind_consumption,wind_elec_per_capita,wind_energy_per_capita
MDA,Moldova,1992,,,,,,,,,,,,,,,,,,,,,,,,1.416,323.46,,,,,,,,,,,,,,,,2.55,14227.113,,,,,,,,24417023869.0,,,,,,,,,,,,,,,,,,,,,,,,,,,,,,,,,,,,,,,,,,,,,,,,,,,,,4376804.0,62.269,,,,,,,,,,,,,,,,,,,,,
MDA,Moldova,1993,-31.154,-0.441,,,,,-25.496,-15.876,,,,,,,,,,,,,,,,0.975,222.978,,,,,,,,,,,,,,,,1.958,10613.414,,,,,,,,23693266675.0,,,,,,,,,,,,,,,,,,,,,,,,,,,,,,,,,,,,,,,,,,,,,,,,,,,,,4371155.0,46.393,,,,,,,,,,,,,,,,,,,,,
MDA,Moldova,1994,-37.989,-0.37,,,,,-30.062,-13.947,,,,,,,,,,,,,,,,0.604,138.663,,,,,,,,,,,,,,,,2.017,7443.889,,,,,,,,16084185218.0,,,,,,,,,,,,,,,,,,,,,,,,,,,,,,,,,,,,,,,,,,,,,,,,,,,,,4358790.0,32.446,,,,,,,,,,,,,,,,,,,,,
MDA,Moldova,1995,-71.171,-0.43,,,,,2.298,0.746,,,,,,,,,,,,,,,,0.174,40.143,,,,,,,,,,,,,,,,2.132,7646.861,,,,,,,,15569822188.0,,,,,,,,,,,,,,,,,,,,,,,,,,,,,,,,,,,,,,,,,,,,,,,,,,,,,4340602.0,33.192,,,,,,,,,,,,,,,,,,,,,
MDA,Moldova,1996,-7.221,-0.013,,,,,14.342,4.76,,,,,,,,,,,,,,,,0.162,37.454,,,,,,,,,,,,,,,,2.637,8792.929,,,,,,,,14391438404.0,,,,,,,,,,,,,,,,,,,,,,,,,,,,,,,,,,,,,,,,,,,,,,,,,,,,,4316225.0,37.952,,,,,,,,,,,,,,,,,,,,,
MDA,Moldova,1997,27.006,0.044,,,,,9.984,3.789,,,,,,,,,,,,,,,,0.205,47.899,,,,,,,,,,,,,,,,2.905,9737.948,,,,,,,,14366543996.0,,,,,,,,,,,,,,,,,,,,,,,,,,,,,,,,,,,,,,,,,,,,,,,,,,,,,4286477.0,41.741,,,,,,,,,,,,,,,,,,,,,
MDA,Moldova,1998,-83.333,-0.171,,,,,-6.98,-2.913,,,,,,,,,,,,,,,,0.034,8.043,,,,,,,,,,,,,,,,2.943,9125.64,,,,,,,,13191435189.0,,,,,,,,,,,,,,,,,,,,,,,,,,,,,,,,,,,,,,,,,,,,,,,,,,,,,4254835.0,38.828,,,,,,,,,,,,,,,,,,,,,
MDA,Moldova,1999,-100.0,-0.034,,,,,-18.329,-7.117,,,,,,,,,,,,,,,,0.0,0.0,,,,,,,,,,,,,,,,2.533,7504.127,,,,,,,,12519937764.0,,,,,,,,,,,,,,,,,,,,,,,,,,,,,,,,,,,,,,,,,,,,,,,,,,,,,4225835.0,31.711,,,,,,,,,,,,,,,,,,,,,
MDA,Moldova,2000,,0.0,,,,,3.907,1.239,0.0,0.0,,,,,,634.652,53.861,,,,,680.522,,0.0,0.0,7.11,0.0,2.86,4.92,2.06,0.39,0.0,0.0,0.0,0.0,0.39,0.0,0.0,5.31,3.37,2.625,7840.326,,,,,,1170.687,92.655,12554039951.0,38.795,,,,,490.166,,,,7.345,,,,,92.798,,7.345,0.39,92.798,,,,,,25.316,1.8,0.0,,,,,0.0,,0.0,,,,,0.0,,,,0.0,0.0,,,,,0.0,0.0,,1263.486,4202659.0,32.95,92.798,7.345,,,,,,0.0,,,,,0.0,,0.0,,,,,0.0,
MDA,Moldova,2001,,0.0,,,,,-2.174,-0.716,0.0,0.0,,,,,,640.071,54.433,,,,,733.205,,0.0,0.0,7.14,0.0,3.07,5.28,2.21,0.36,0.0,0.0,0.0,0.0,0.36,0.0,0.0,5.64,3.61,2.463,7698.415,,,,,,1261.017,93.617,13087727904.0,39.184,,,,,527.812,,,,6.383,,,,,85.978,,6.383,0.36,85.978,,,,,,21.008,1.5,0.0,,,,,0.0,,0.0,,,,,0.0,,,,0.0,0.0,,,,,0.0,0.0,,1346.995,4187097.0,32.234,85.978,6.383,,,,,,0.0,,,,,0.0,,0.0,,,,,0.0,
MDA,Moldova,2002,,0.0,,,,,10.127,3.264,0.0,0.0,,,,,,639.706,54.412,,,,,708.434,,0.0,0.0,7.68,0.0,2.96,5.09,2.13,0.35,0.0,0.0,0.0,0.0,0.35,0.0,0.0,5.44,3.48,2.562,8496.032,,,,,,1218.22,93.566,13857801831.0,39.154,,,,,509.785,,,,6.434,,,,,83.768,,6.434,0.35,83.768,,,,,,29.167,2.24,0.0,,,,,0.0,,0.0,,,,,0.0,,,,0.0,0.0,,,,,0.0,0.0,,1301.987,4178228.0,35.498,83.768,6.434,,,,,,0.0,,,,,0.0,,0.0,,,,,0.0,
MDA,Moldova,2003,,0.0,,,,,11.058,3.925,0.0,0.0,,,,,,640.569,54.448,,,,,733.237,,0.0,0.0,9.07,0.0,3.06,5.26,2.2,0.36,0.0,0.0,0.0,0.0,0.36,0.0,0.0,5.62,3.6,2.716,9446.707,,,,,,1260.401,93.594,14513543534.0,39.146,,,,,527.164,,,,6.406,,,,,86.263,,6.406,0.36,86.263,,,,,,38.037,3.45,0.0,,,,,0.0,,0.0,,,,,0.0,,,,0.0,0.0,,,,,0.0,0.0,,1346.664,4173276.0,39.424,86.263,6.406,,,,,,0.0,,,,,0.0,,0.0,,,,,0.0,
MDA,Moldova,2004,,0.0,,,,,-6.64,-2.618,0.0,0.0,,,,,,639.854,54.479,,,,,714.978,,0.0,0.0,8.41,0.0,2.98,5.12,2.14,0.35,0.0,0.0,0.0,0.0,0.35,0.0,0.0,5.47,3.5,2.405,8830.667,,,,,,1228.418,93.601,15302827107.0,39.122,,,,,513.44,,,,6.399,,,,,83.974,,6.399,0.35,83.974,,,,,,34.958,2.94,0.0,,,,,0.0,,0.0,,,,,0.0,,,,0.0,0.0,,,,,0.0,0.0,,1312.392,4167962.0,36.806,83.974,6.399,,,,,,0.0,,,,,0.0,,0.0,,,,,0.0,
MDA,Moldova,2005,,0.0,,,,,9.469,3.485,0.0,0.0,,,,,,640.071,54.433,,,,,738.106,,0.0,0.0,8.78,0.0,3.07,5.28,2.21,0.36,0.0,0.0,0.0,0.0,0.36,0.0,0.0,5.64,3.61,2.494,9686.942,,,,,,1269.446,93.617,16157469934.0,39.184,,,,,531.34,,,,6.383,,,,,86.553,,6.383,0.36,86.553,,,,,,35.763,3.14,0.0,,,,,0.0,,0.0,,,,,0.0,,,,0.0,0.0,,,,,0.0,0.0,,1355.999,4159296.0,40.291,86.553,6.383,,,,,,0.0,,,,,0.0,,0.0,,,,,0.0,
MDA,Moldova,2006,,0.0,,,,,5.828,2.348,0.0,0.0,,,,,,639.373,54.355,,,,,752.485,,0.0,0.0,9.25,0.0,3.12,5.37,2.25,0.37,0.0,0.0,0.0,0.0,0.37,0.0,0.0,5.74,3.67,2.564,10283.72,,,,,,1295.142,93.554,16628243209.0,39.199,,,,,542.657,,,,6.446,,,,,89.237,,6.446,0.37,89.237,,,,,,37.946,3.51,0.0,,,,,0.0,,0.0,,,,,0.0,,,,0.0,0.0,,,,,0.0,0.0,,1384.379,4146264.0,42.639,89.237,6.446,,,,,,0.0,,,,,0.0,,0.0,,,,,0.0,
MDA,Moldova,2007,,0.0,,,,,-12.982,-5.535,0.0,0.0,,,,,,641.441,54.414,,,,,731.212,,0.0,0.0,8.48,0.0,3.02,5.2,2.18,0.35,0.0,0.0,0.0,0.0,0.35,0.0,0.0,5.55,3.56,2.206,8983.639,,,,,,1259.041,93.694,16819761639.0,39.279,,,,,527.829,,,,6.306,,,,,84.743,,6.306,0.35,84.743,,,,,,34.552,2.93,0.0,,,,,0.0,,0.0,,,,,0.0,,,,0.0,0.0,,,,,0.0,0.0,,1343.784,4130129.0,37.104,84.743,6.306,,,,,,0.0,,,,,0.0,,0.0,,,,,0.0,
MDA,Moldova,2008,,0.0,,,,,3.29,1.221,0.0,0.0,,,,,,639.085,54.225,,,,,748.866,,0.0,0.0,8.64,0.0,3.08,5.3,2.22,0.38,0.0,0.0,0.0,0.0,0.38,0.0,0.0,5.68,3.63,2.151,9318.099,,,,,,1288.633,93.31,17815153138.0,39.085,,,,,539.767,,,,6.69,,,,,92.393,,6.69,0.38,92.393,,,,,,34.259,2.96,0.0,,,,,0.0,,0.0,,,,,0.0,,,,0.0,0.0,,,,,0.0,0.0,,1381.025,4112886.0,38.324,92.393,6.69,,,,,,0.0,,,,,0.0,,0.0,,,,,0.0,
MDA,Moldova,2009,,0.0,,,,,-9.883,-3.788,0.0,0.0,,,,,,643.836,54.623,,,,,778.521,,0.0,0.0,7.3,0.0,3.19,5.49,2.3,0.35,0.0,0.0,0.0,0.0,0.35,0.0,0.0,5.84,3.76,2.1,8428.653,,,,,,1339.836,94.007,16449232601.0,39.384,,,,,561.316,,,,5.993,,,,,85.418,,5.993,0.35,85.418,,,,,,20.0,1.46,0.0,,,,,0.0,,0.0,,,,,0.0,,,,0.0,0.0,,,,,0.0,0.0,,1425.254,4097515.0,34.537,85.418,5.993,,,,,,0.0,,,,,0.0,,0.0,,,,,0.0,
MDA,Moldova,2010,,0.0,,,,,-1.085,-0.375,0.0,0.0,,,,,,636.049,54.073,,,,,763.566,,0.0,0.0,7.23,0.0,3.12,5.37,2.25,0.4,0.0,0.0,0.0,0.0,0.4,0.0,0.0,5.77,3.67,1.974,8360.544,,,,,,1314.215,93.068,17302215313.0,38.995,,,,,550.649,,,,6.932,,,,,97.893,,6.932,0.4,97.893,,,,,,20.194,1.46,0.0,,,,,0.0,,0.0,,,,,0.0,,,,0.0,0.0,,,,,0.0,0.0,,1412.108,4086090.0,34.162,97.893,6.932,,,,,,0.0,,,,,0.0,,0.0,,,,,0.0,
MDA,Moldova,2011,,0.0,,,,,-3.106,-1.061,0.0,0.0,,,,,,641.026,54.396,,,,,728.09,,0.0,0.0,6.13,0.0,2.97,5.11,2.14,0.35,0.0,0.0,0.0,0.0,0.35,0.0,0.0,5.46,3.5,1.823,8114.628,,,,,,1252.707,93.59,18154272029.0,39.194,,,,,524.617,,,,6.41,,,,,85.802,,6.41,0.35,85.802,,,,,,10.93,0.67,0.0,,,,,0.0,,0.0,,,,,0.0,,,,0.0,0.0,,,,,0.0,0.0,,1338.509,4079167.0,33.101,85.802,6.41,,,,,,0.0,,,,,0.0,,0.0,,,,,0.0,
MDA,Moldova,2012,,0.0,,,,,36.758,12.167,0.0,0.0,,,,,,650.823,55.21,,,,,740.958,,0.0,0.0,6.32,0.0,3.02,5.2,2.18,0.27,0.0,0.0,0.0,0.0,0.27,0.0,0.0,5.47,3.56,2.512,11106.569,,,,,,1275.822,95.064,18018830527.0,39.854,,,,,534.864,,,,4.936,,,,,66.245,,4.936,0.27,66.245,,,,,,13.449,0.85,0.0,,,,,0.0,,0.0,,,,,0.0,,,,0.0,0.0,,,,,0.0,0.0,,1342.066,4075804.0,45.268,66.245,4.936,,,,,,0.0,,,,,0.0,,0.0,,,,,0.0,
MDA,Moldova,2013,,0.0,,,,,-1.618,-0.733,0.0,0.0,,,,,,635.294,53.882,,,,,562.02,,0.0,0.0,5.71,0.0,2.29,3.94,1.65,0.31,0.0,0.0,0.0,0.0,0.31,0.0,0.0,4.25,2.7,2.259,10930.117,,,,,,966.97,92.706,19713341882.0,38.824,,,,,404.949,,,,7.294,,,,,76.081,,7.294,0.31,76.081,,,,,,25.569,1.46,0.0,,,,,0.0,,0.0,,,,,0.0,,,,0.0,0.0,,,,,0.0,0.0,,1043.051,4074585.0,44.536,76.081,7.294,,,,,,0.0,,,,,0.0,,0.0,,,,,0.0,
MDA,Moldova,2014,,0.0,,,,,-4.351,-1.938,0.0,0.0,,,,,,641.026,54.438,,,,,677.565,,0.0,0.0,5.8,0.0,2.76,4.75,1.99,0.32,0.0,0.0,0.0,0.0,0.32,0.0,0.0,5.07,3.25,2.062,10457.56,,,,,,1166.1,93.688,20658520420.0,39.25,,,,,488.535,,,,6.312,,,,,78.558,,6.312,0.32,78.558,,,,,,12.586,0.73,0.0,,,,,0.0,,0.0,,,,,0.0,,,,0.0,0.0,,,,,0.0,0.0,,1244.658,4073407.0,42.598,78.558,6.312,,,,,,0.0,,,,,0.0,,0.0,,,,,0.0,
MDA,Moldova,2015,,0.0,,,,,-10.618,-4.523,0.175,2.457,,,,,,650.877,55.439,,,,,776.278,,0.0,0.0,5.72,0.01,3.16,5.43,2.27,0.26,0.0,0.0,0.0,0.01,0.27,0.0,0.0,5.7,3.71,1.85,9353.334,,,,,,1333.921,95.263,20576699595.0,39.825,,,,,557.643,,,,4.561,,,,,63.871,,4.737,0.27,66.328,,,,,,0.35,0.02,0.0,,,,,0.0,,0.0,,,,,0.0,,,,0.0,2.457,,,,,0.0,0.175,,1400.249,4070705.0,38.075,66.328,4.737,,,,,,0.0,,,,,0.0,,0.0,,,,,0.0,
MDA,Moldova,2016,,0.0,,,,,-0.063,-0.024,0.181,2.459,,,,,,653.986,55.616,,,,,755.039,,0.0,0.0,5.52,0.01,3.07,5.28,2.21,0.23,0.0,0.0,0.0,0.01,0.24,0.0,0.0,5.52,3.61,1.778,9358.226,,,,,,1298.569,95.652,21399024088.0,40.036,,,,,543.53,,,,4.167,,,,,56.566,,4.348,0.24,59.026,,,,,,0.0,0.0,0.0,,,,,0.0,,0.0,,,,,0.0,,,,0.0,2.459,,,,,0.0,0.181,,1357.595,4066013.0,38.051,59.026,4.348,,,,,,0.0,,,,,0.0,,0.0,,,,,0.0,
MDA,Moldova,2017,,,,,,,1.677,0.638,0.213,2.463,,,,,,639.659,54.371,,,,,628.127,,,,5.82,0.01,2.55,4.39,1.84,0.28,0.0,0.0,0.0,0.01,0.3,0.0,0.01,4.69,3.0,1.727,9529.95,,,,,,1081.364,93.603,22402852475.0,39.232,,,,,453.237,,,,5.97,,,,,68.971,,6.397,0.3,73.897,,,,,,19.416,1.13,0.0,,,,,0.0,,0.0,,,,,0.0,,,,0.0,2.463,,,,,0.0,0.213,,1155.261,4059687.0,38.689,73.897,6.397,,,,,,0.0,,,,,0.0,,0.213,,,,,2.463,
MDA,Moldova,2018,,,,,,,6.623,2.562,0.197,2.468,,,,,,643.701,54.724,,,,,686.089,,,,6.04,0.01,2.78,4.78,2.0,0.27,0.0,0.0,0.0,0.01,0.3,0.0,0.02,5.08,3.27,1.77,10180.479,,,,,,1179.679,94.094,23299414541.0,39.37,,,,,493.59,,,,5.315,,,,,66.635,,5.906,0.3,74.038,,,,,,15.894,0.96,0.0,,,,,0.0,,0.0,,,,,0.0,,,,0.0,2.468,,,,,0.0,0.197,,1253.717,4051950.0,41.251,74.038,5.906,,,,,,0.0,,,,,0.0,,0.394,,,,,4.936,
MDA,Moldova,2019,,,,,,,1.679,0.693,0.186,2.473,,,,,,638.734,54.376,,,,,722.19,,,,6.01,0.01,2.92,5.02,2.1,0.3,0.0,0.0,0.0,0.01,0.35,0.0,0.04,5.37,3.43,,10373.687,,,,,,1241.573,93.482,,39.106,,,,,519.383,,,,5.587,,,,,74.198,,6.518,0.35,86.564,,,,,,10.649,0.64,0.0,,,,,0.0,,0.0,,,,,0.0,,,,0.0,2.473,,,,,0.0,0.186,,1328.137,4043258.0,41.943,86.564,6.518,,,,,,0.0,,,,,0.0,,0.745,,,,,9.893,
MDA,Moldova,2020,,,,,,,,,0.174,2.479,,,,,,656.794,57.143,,,,,813.096,,,,6.37,0.01,3.28,5.48,2.2,0.2,0.0,0.0,0.0,0.01,0.26,0.0,0.05,5.74,3.77,,,,,,,,1358.466,95.47,,38.328,,,,,545.369,,,,3.484,,,,,49.579,,4.53,0.26,64.453,,,,,,9.89,0.63,0.0,,,,,0.0,,0.0,,,,,0.0,,,,0.0,2.479,,,,,0.0,0.174,,1422.918,4033963.0,,64.453,4.53,,,,,,0.0,,,,,0.0,,0.871,,,,,12.395,
MDA,Moldova,2021,,,,,,,,,0.161,2.485,,,,,,642.512,52.818,,,,,815.104,,,,6.83,0.01,3.28,5.92,2.64,0.23,0.0,0.0,0.0,0.01,0.29,0.0,0.05,6.21,3.99,,,,,,,,1471.164,95.33,,42.512,,,,,656.06,,,,3.704,,,,,57.157,,4.67,0.29,72.067,,,,,,9.078,0.62,0.0,,,,,0.0,,0.0,,,,,0.0,,,,0.0,2.485,,,,,0.0,0.161,,1543.231,4024025.0,,72.067,4.67,,,,,,0.0,,,,,0.0,,0.805,,,,,12.425,
