iso_code,country,year,coal_prod_change_pct,coal_prod_change_twh,gas_prod_change_pct,gas_prod_change_twh,oil_prod_change_pct,oil_prod_change_twh,energy_cons_change_pct,energy_cons_change_twh,biofuel_share_elec,biofuel_elec_per_capita,biofuel_cons_change_pct,biofuel_share_energy,biofuel_cons_change_twh,biofuel_consumption,biofuel_cons_per_capita,carbon_intensity_elec,coal_share_elec,coal_cons_change_pct,coal_share_energy,coal_cons_change_twh,coal_consumption,coal_elec_per_capita,coal_cons_per_capita,coal_production,coal_prod_per_capita,electricity_demand,biofuel_electricity,coal_electricity,fossil_electricity,gas_electricity,hydro_electricity,nuclear_electricity,oil_electricity,other_renewable_exc_biofuel_electricity,other_renewable_electricity,renewables_electricity,solar_electricity,wind_electricity,electricity_generation,greenhouse_gas_emissions,energy_per_gdp,energy_per_capita,fossil_cons_change_pct,fossil_share_energy,fossil_cons_change_twh,fossil_fuel_consumption,fossil_energy_per_capita,fossil_cons_per_capita,fossil_share_elec,gdp,gas_share_elec,gas_cons_change_pct,gas_share_energy,gas_cons_change_twh,gas_consumption,gas_elec_per_capita,gas_energy_per_capita,gas_production,gas_prod_per_capita,hydro_share_elec,hydro_cons_change_pct,hydro_share_energy,hydro_cons_change_twh,hydro_consumption,hydro_elec_per_capita,hydro_energy_per_capita,low_carbon_share_elec,low_carbon_electricity,low_carbon_elec_per_capita,low_carbon_cons_change_pct,low_carbon_share_energy,low_carbon_cons_change_twh,low_carbon_consumption,low_carbon_energy_per_capita,net_elec_imports_share_demand,net_elec_imports,nuclear_share_elec,nuclear_cons_change_pct,nuclear_share_energy,nuclear_cons_change_twh,nuclear_consumption,nuclear_elec_per_capita,nuclear_energy_per_capita,oil_share_elec,oil_cons_change_pct,oil_share_energy,oil_cons_change_twh,oil_consumption,oil_elec_per_capita,oil_energy_per_capita,oil_production,oil_prod_per_capita,other_renewables_elec_per_capita_exc_biofuel,other_renewables_elec_per_capita,other_renewables_cons_change_pct,other_renewables_share_energy,other_renewables_cons_change_twh,other_renewable_consumption,other_renewables_share_elec_exc_biofuel,other_renewables_share_elec,other_renewables_energy_per_capita,per_capita_electricity,population,primary_energy_consumption,renewables_elec_per_capita,renewables_share_elec,renewables_cons_change_pct,renewables_share_energy,renewables_cons_change_twh,renewables_consumption,renewables_energy_per_capita,solar_share_elec,solar_cons_change_pct,solar_share_energy,solar_cons_change_twh,solar_consumption,solar_elec_per_capita,solar_energy_per_capita,wind_share_elec,wind_cons_change_pct,wind_share_energy,wind_cons_change_twh,wind_consumption,wind_elec_per_capita,wind_energy_per_capita
MAR,Morocco,1900,,,,,,,,,,,,,,,,,,,,,,,,0.0,0.0,,,,,,,,,,,,,,,,,,,,,,,,,,,,,,,,,0.0,0.0,,,,,,,,,,,,,,,,,,,,,,,,,,,,,,,,0.0,0.0,,,,,,,,,,,4696531.0,,,,,,,,,,,,,,,,,,,,,,
MAR,Morocco,1901,,0.0,,0.0,,0.0,,,,,,,,,,,,,,,,,,0.0,0.0,,,,,,,,,,,,,,,,,,,,,,,,,,,,,,,,,0.0,0.0,,,,,,,,,,,,,,,,,,,,,,,,,,,,,,,,0.0,0.0,,,,,,,,,,,4760725.0,,,,,,,,,,,,,,,,,,,,,,
MAR,Morocco,1902,,0.0,,0.0,,0.0,,,,,,,,,,,,,,,,,,0.0,0.0,,,,,,,,,,,,,,,,,,,,,,,,,,,,,,,,,0.0,0.0,,,,,,,,,,,,,,,,,,,,,,,,,,,,,,,,0.0,0.0,,,,,,,,,,,4831961.0,,,,,,,,,,,,,,,,,,,,,,
MAR,Morocco,1903,,0.0,,0.0,,0.0,,,,,,,,,,,,,,,,,,0.0,0.0,,,,,,,,,,,,,,,,,,,,,,,,,,,,,,,,,0.0,0.0,,,,,,,,,,,,,,,,,,,,,,,,,,,,,,,,0.0,0.0,,,,,,,,,,,4910411.0,,,,,,,,,,,,,,,,,,,,,,
MAR,Morocco,1904,,0.0,,0.0,,0.0,,,,,,,,,,,,,,,,,,0.0,0.0,,,,,,,,,,,,,,,,,,,,,,,,,,,,,,,,,0.0,0.0,,,,,,,,,,,,,,,,,,,,,,,,,,,,,,,,0.0,0.0,,,,,,,,,,,4990135.0,,,,,,,,,,,,,,,,,,,,,,
MAR,Morocco,1905,,0.0,,0.0,,0.0,,,,,,,,,,,,,,,,,,0.0,0.0,,,,,,,,,,,,,,,,,,,,,,,,,,,,,,,,,0.0,0.0,,,,,,,,,,,,,,,,,,,,,,,,,,,,,,,,0.0,0.0,,,,,,,,,,,5071153.0,,,,,,,,,,,,,,,,,,,,,,
MAR,Morocco,1906,,0.0,,0.0,,0.0,,,,,,,,,,,,,,,,,,0.0,0.0,,,,,,,,,,,,,,,,,,,,,,,,,,,,,,,,,0.0,0.0,,,,,,,,,,,,,,,,,,,,,,,,,,,,,,,,0.0,0.0,,,,,,,,,,,5153487.0,,,,,,,,,,,,,,,,,,,,,,
MAR,Morocco,1907,,0.0,,0.0,,0.0,,,,,,,,,,,,,,,,,,0.0,0.0,,,,,,,,,,,,,,,,,,,,,,,,,,,,,,,,,0.0,0.0,,,,,,,,,,,,,,,,,,,,,,,,,,,,,,,,0.0,0.0,,,,,,,,,,,5237157.0,,,,,,,,,,,,,,,,,,,,,,
MAR,Morocco,1908,,0.0,,0.0,,0.0,,,,,,,,,,,,,,,,,,0.0,0.0,,,,,,,,,,,,,,,,,,,,,,,,,,,,,,,,,0.0,0.0,,,,,,,,,,,,,,,,,,,,,,,,,,,,,,,,0.0,0.0,,,,,,,,,,,5322186.0,,,,,,,,,,,,,,,,,,,,,,
MAR,Morocco,1909,,0.0,,0.0,,0.0,,,,,,,,,,,,,,,,,,0.0,0.0,,,,,,,,,,,,,,,,,,,,,,,,,,,,,,,,,0.0,0.0,,,,,,,,,,,,,,,,,,,,,,,,,,,,,,,,0.0,0.0,,,,,,,,,,,5396250.0,,,,,,,,,,,,,,,,,,,,,,
MAR,Morocco,1910,,0.0,,0.0,,0.0,,,,,,,,,,,,,,,,,,0.0,0.0,,,,,,,,,,,,,,,,,,,,,,,,,,,,,,,,,0.0,0.0,,,,,,,,,,,,,,,,,,,,,,,,,,,,,,,,0.0,0.0,,,,,,,,,,,5459112.0,,,,,,,,,,,,,,,,,,,,,,
MAR,Morocco,1911,,0.0,,0.0,,0.0,,,,,,,,,,,,,,,,,,0.0,0.0,,,,,,,,,,,,,,,,,,,,,,,,,,,,,,,,,0.0,0.0,,,,,,,,,,,,,,,,,,,,,,,,,,,,,,,,0.0,0.0,,,,,,,,,,,5510526.0,,,,,,,,,,,,,,,,,,,,,,
MAR,Morocco,1912,,0.0,,0.0,,0.0,,,,,,,,,,,,,,,,,,0.0,0.0,,,,,,,,,,,,,,,,,,,,,,,,,,,,,,,,,0.0,0.0,,,,,,,,,,,,,,,,,,,,,,,,,,,,,,,,0.0,0.0,,,,,,,,,,,5550247.0,,,,,,,,,,,,,,,,,,,,,,
MAR,Morocco,1913,,0.0,,0.0,,0.0,,,,,,,,,,,,,,,,,,0.0,0.0,,,,,,,,,,,,,,,,,,,,,,,,,5785652000.0,,,,,,,,0.0,0.0,,,,,,,,,,,,,,,,,,,,,,,,,,,,,,,,0.0,0.0,,,,,,,,,,,5578021.0,,,,,,,,,,,,,,,,,,,,,,
MAR,Morocco,1914,,0.0,,0.0,,0.0,,,,,,,,,,,,,,,,,,0.0,0.0,,,,,,,,,,,,,,,,,,,,,,,,,,,,,,,,,0.0,0.0,,,,,,,,,,,,,,,,,,,,,,,,,,,,,,,,0.0,0.0,,,,,,,,,,,5605935.0,,,,,,,,,,,,,,,,,,,,,,
MAR,Morocco,1915,,0.0,,0.0,,0.0,,,,,,,,,,,,,,,,,,0.0,0.0,,,,,,,,,,,,,,,,,,,,,,,,,,,,,,,,,0.0,0.0,,,,,,,,,,,,,,,,,,,,,,,,,,,,,,,,0.0,0.0,,,,,,,,,,,5633988.0,,,,,,,,,,,,,,,,,,,,,,
MAR,Morocco,1916,,0.0,,0.0,,0.0,,,,,,,,,,,,,,,,,,0.0,0.0,,,,,,,,,,,,,,,,,,,,,,,,,,,,,,,,,0.0,0.0,,,,,,,,,,,,,,,,,,,,,,,,,,,,,,,,0.0,0.0,,,,,,,,,,,5662181.0,,,,,,,,,,,,,,,,,,,,,,
MAR,Morocco,1917,,0.0,,0.0,,0.0,,,,,,,,,,,,,,,,,,0.0,0.0,,,,,,,,,,,,,,,,,,,,,,,,,,,,,,,,,0.0,0.0,,,,,,,,,,,,,,,,,,,,,,,,,,,,,,,,0.0,0.0,,,,,,,,,,,5690516.0,,,,,,,,,,,,,,,,,,,,,,
MAR,Morocco,1918,,0.0,,0.0,,0.0,,,,,,,,,,,,,,,,,,0.0,0.0,,,,,,,,,,,,,,,,,,,,,,,,,,,,,,,,,0.0,0.0,,,,,,,,,,,,,,,,,,,,,,,,,,,,,,,,0.0,0.0,,,,,,,,,,,5719290.0,,,,,,,,,,,,,,,,,,,,,,
MAR,Morocco,1919,,0.0,,0.0,,0.0,,,,,,,,,,,,,,,,,,0.0,0.0,,,,,,,,,,,,,,,,,,,,,,,,,,,,,,,,,0.0,0.0,,,,,,,,,,,,,,,,,,,,,,,,,,,,,,,,0.0,0.0,,,,,,,,,,,5755167.0,,,,,,,,,,,,,,,,,,,,,,
MAR,Morocco,1920,,0.0,,0.0,,0.0,,,,,,,,,,,,,,,,,,0.0,0.0,,,,,,,,,,,,,,,,,,,,,,,,,,,,,,,,,0.0,0.0,,,,,,,,,,,,,,,,,,,,,,,,,,,,,,,,0.0,0.0,,,,,,,,,,,5798260.0,,,,,,,,,,,,,,,,,,,,,,
MAR,Morocco,1921,,0.0,,0.0,,0.0,,,,,,,,,,,,,,,,,,0.0,0.0,,,,,,,,,,,,,,,,,,,,,,,,,,,,,,,,,0.0,0.0,,,,,,,,,,,,,,,,,,,,,,,,,,,,,,,,0.0,0.0,,,,,,,,,,,5848683.0,,,,,,,,,,,,,,,,,,,,,,
MAR,Morocco,1922,,0.0,,0.0,,0.0,,,,,,,,,,,,,,,,,,0.0,0.0,,,,,,,,,,,,,,,,,,,,,,,,,,,,,,,,,0.0,0.0,,,,,,,,,,,,,,,,,,,,,,,,,,,,,,,,0.0,0.0,,,,,,,,,,,5906553.0,,,,,,,,,,,,,,,,,,,,,,
MAR,Morocco,1923,,0.0,,0.0,,0.0,,,,,,,,,,,,,,,,,,0.0,0.0,,,,,,,,,,,,,,,,,,,,,,,,,,,,,,,,,0.0,0.0,,,,,,,,,,,,,,,,,,,,,,,,,,,,,,,,0.0,0.0,,,,,,,,,,,5971986.0,,,,,,,,,,,,,,,,,,,,,,
MAR,Morocco,1924,,0.0,,0.0,,0.0,,,,,,,,,,,,,,,,,,0.0,0.0,,,,,,,,,,,,,,,,,,,,,,,,,,,,,,,,,0.0,0.0,,,,,,,,,,,,,,,,,,,,,,,,,,,,,,,,0.0,0.0,,,,,,,,,,,6038145.0,,,,,,,,,,,,,,,,,,,,,,
MAR,Morocco,1925,,0.0,,0.0,,0.0,,,,,,,,,,,,,,,,,,0.0,0.0,,,,,,,,,,,,,,,,,,,,,,,,,,,,,,,,,0.0,0.0,,,,,,,,,,,,,,,,,,,,,,,,,,,,,,,,0.0,0.0,,,,,,,,,,,6105036.0,,,,,,,,,,,,,,,,,,,,,,
MAR,Morocco,1926,,0.0,,0.0,,0.0,,,,,,,,,,,,,,,,,,0.0,0.0,,,,,,,,,,,,,,,,,,,,,,,,,,,,,,,,,0.0,0.0,,,,,,,,,,,,,,,,,,,,,,,,,,,,,,,,0.0,0.0,,,,,,,,,,,6172668.0,,,,,,,,,,,,,,,,,,,,,,
MAR,Morocco,1927,,0.0,,0.0,,0.0,,,,,,,,,,,,,,,,,,0.0,0.0,,,,,,,,,,,,,,,,,,,,,,,,,,,,,,,,,0.0,0.0,,,,,,,,,,,,,,,,,,,,,,,,,,,,,,,,0.0,0.0,,,,,,,,,,,6241050.0,,,,,,,,,,,,,,,,,,,,,,
MAR,Morocco,1928,,0.0,,0.0,,0.0,,,,,,,,,,,,,,,,,,0.0,0.0,,,,,,,,,,,,,,,,,,,,,,,,,,,,,,,,,0.0,0.0,,,,,,,,,,,,,,,,,,,,,,,,,,,,,,,,0.0,0.0,,,,,,,,,,,6310189.0,,,,,,,,,,,,,,,,,,,,,,
MAR,Morocco,1929,,0.0,,0.0,,0.0,,,,,,,,,,,,,,,,,,0.0,0.0,,,,,,,,,,,,,,,,,,,,,,,,,,,,,,,,,0.0,0.0,,,,,,,,,,,,,,,,,,,,,,,,,,,,,,,,0.0,0.0,,,,,,,,,,,6388618.0,,,,,,,,,,,,,,,,,,,,,,
MAR,Morocco,1930,,0.008,,0.0,,0.0,,,,,,,,,,,,,,,,,,0.008,1.257,,,,,,,,,,,,,,,,,,,,,,,,,,,,,,,,,0.0,0.0,,,,,,,,,,,,,,,,,,,,,,,,,,,,,,,,0.0,0.0,,,,,,,,,,,6476592.0,,,,,,,,,,,,,,,,,,,,,,
MAR,Morocco,1931,500.001,0.041,,0.0,,0.0,,,,,,,,,,,,,,,,,,0.049,7.43,,,,,,,,,,,,,,,,,,,,,,,,,,,,,,,,,0.0,0.0,,,,,,,,,,,,,,,,,,,,,,,,,,,,,,,,0.0,0.0,,,,,,,,,,,6574369.0,,,,,,,,,,,,,,,,,,,,,,
MAR,Morocco,1932,149.999,0.073,,0.0,,0.0,,,,,,,,,,,,,,,,,,0.122,18.275,,,,,,,,,,,,,,,,,,,,,,,,,,,,,,,,,0.0,0.0,,,,,,,,,,,,,,,,,,,,,,,,,,,,,,,,0.0,0.0,,,,,,,,,,,6682215.0,,,,,,,,,,,,,,,,,,,,,,
MAR,Morocco,1933,86.667,0.106,,0.0,,0.012,,,,,,,,,,,,,,,,,,0.228,33.52,,,,,,,,,,,,,,,,,,,,,,,,,,,,,,,,,0.0,0.0,,,,,,,,,,,,,,,,,,,,,,,,,,,,,,,,0.012,1.71,,,,,,,,,,,6800399.0,,,,,,,,,,,,,,,,,,,,,,
MAR,Morocco,1934,28.571,0.065,,0.0,0.0,0.0,,,,,,,,,,,,,,,,,,0.293,42.348,,,,,,,,,,,,,,,,,,,,,,,,,,,,,,,,,0.0,0.0,,,,,,,,,,,,,,,,,,,,,,,,,,,,,,,,0.012,1.68,,,,,,,,,,,6920674.0,,,,,,,,,,,,,,,,,,,,,,
MAR,Morocco,1935,47.222,0.138,,0.0,-100.0,-0.012,,,,,,,,,,,,,,,,,,0.431,61.262,,,,,,,,,,,,,,,,,,,,,,,,,,,,,,,,,0.0,0.0,,,,,,,,,,,,,,,,,,,,,,,,,,,,,,,,0.0,0.0,,,,,,,,,,,7043076.0,,,,,,,,,,,,,,,,,,,,,,
MAR,Morocco,1936,-5.66,-0.024,,0.0,,0.0,,,,,,,,,,,,,,,,,,0.407,56.79,,,,,,,,,,,,,,,,,,,,,,,,,,,,,,,,,0.0,0.0,,,,,,,,,,,,,,,,,,,,,,,,,,,,,,,,0.0,0.0,,,,,,,,,,,7167643.0,,,,,,,,,,,,,,,,,,,,,,
MAR,Morocco,1937,114.0,0.464,,0.0,,0.035,,,,,,,,,,,,,,,,,,0.871,119.418,,,,,,,,,,,,,,,,,,,,,,,,,,,,,,,,,0.0,0.0,,,,,,,,,,,,,,,,,,,,,,,,,,,,,,,,0.035,4.783,,,,,,,,,,,7294412.0,,,,,,,,,,,,,,,,,,,,,,
MAR,Morocco,1938,31.776,0.277,,0.0,0.0,0.0,,,,,,,,,,,,,,,,,,1.148,154.63,,,,,,,,,,,,,,,,,,,,,,,,,,,,,,,,,0.0,0.0,,,,,,,,,,,,,,,,,,,,,,,,,,,,,,,,0.035,4.7,,,,,,,,,,,7423424.0,,,,,,,,,,,,,,,,,,,,,,
MAR,Morocco,1939,-18.44,-0.212,,0.0,66.667,0.023,,,,,,,,,,,,,,,,,,0.936,123.992,,,,,,,,,,,,,,,,,,,,,,,,,,,,,,,,,0.0,0.0,,,,,,,,,,,,,,,,,,,,,,,,,,,,,,,,0.058,7.701,,,,,,,,,,,7550623.0,,,,,,,,,,,,,,,,,,,,,,
MAR,Morocco,1940,24.348,0.228,,0.0,0.0,0.0,,,,,,,,,,,,,,,,,,1.164,151.665,,,,,,,,,,,,,,,,,,,,,,,,,,,,,,,,,0.0,0.0,,,,,,,,,,,,,,,,,,,,,,,,,,,,,,,,0.058,7.576,,,,,,,,,,,7675916.0,,,,,,,,,,,,,,,,,,,,,,
MAR,Morocco,1941,-2.098,-0.024,,0.0,20.0,0.012,,,,,,,,,,,,,,,,,,1.14,146.136,,,,,,,,,,,,,,,,,,,,,,,,,,,,,,,,,0.0,0.0,,,,,,,,,,,,,,,,,,,,,,,,,,,,,,,,0.07,8.947,,,,,,,,,,,7799206.0,,,,,,,,,,,,,,,,,,,,,,
MAR,Morocco,1942,-15.714,-0.179,,0.0,-16.667,-0.012,,,,,,,,,,,,,,,,,,0.961,121.287,,,,,,,,,,,,,,,,,,,,,,,,,,,,,,,,,0.0,0.0,,,,,,,,,,,,,,,,,,,,,,,,,,,,,,,,0.058,7.342,,,,,,,,,,,7920394.0,,,,,,,,,,,,,,,,,,,,,,
MAR,Morocco,1943,-11.017,-0.106,,0.0,0.0,0.0,,,,,,,,,,,,,,,,,,0.855,106.327,,,,,,,,,,,,,,,,,,,,,,,,,,,,,,,,,0.0,0.0,,,,,,,,,,,,,,,,,,,,,,,,,,,,,,,,0.058,7.233,,,,,,,,,,,8039380.0,,,,,,,,,,,,,,,,,,,,,,
MAR,Morocco,1944,27.619,0.236,,0.0,-20.0,-0.012,,,,,,,,,,,,,,,,,,1.091,133.686,,,,,,,,,,,,,,,,,,,,,,,,,,,,,,,,,0.0,0.0,,,,,,,,,,,,,,,,,,,,,,,,,,,,,,,,0.047,5.701,,,,,,,,,,,8160153.0,,,,,,,,,,,,,,,,,,,,,,
MAR,Morocco,1945,33.582,0.366,,0.0,-25.0,-0.012,,,,,,,,,,,,,,,,,,1.457,175.937,,,,,,,,,,,,,,,,,,,,,,,,,,,,,,,,,0.0,0.0,,,,,,,,,,,,,,,,,,,,,,,,,,,,,,,,0.035,4.212,,,,,,,,,,,8282740.0,,,,,,,,,,,,,,,,,,,,,,
MAR,Morocco,1946,24.022,0.35,,0.0,0.0,0.0,,,,,,,,,,,,,,,,,,1.807,214.972,,,,,,,,,,,,,,,,,,,,,,,,,,,,,,,,,0.0,0.0,,,,,,,,,,,,,,,,,,,,,,,,,,,,,,,,0.035,4.15,,,,,,,,,,,8407169.0,,,,,,,,,,,,,,,,,,,,,,
MAR,Morocco,1947,21.171,0.383,,0.0,0.0,0.0,,,,,,,,,,,,,,,,,,2.19,256.628,,,,,,,,,,,,,,,,,,,,,,,,,,,,,,,,,0.0,0.0,,,,,,,,,,,,,,,,,,,,,,,,,,,,,,,,0.035,4.089,,,,,,,,,,,8533467.0,,,,,,,,,,,,,,,,,,,,,,
MAR,Morocco,1948,7.807,0.171,,0.0,333.333,0.116,,,,,,,,,,,,,,,,,,2.361,272.568,,,,,,,,,,,,,,,,,,,,,,,,,,,,,,,,,0.0,0.0,,,,,,,,,,,,,,,,,,,,,,,,,,,,,,,,0.151,17.455,,,,,,,,,,,8661663.0,,,,,,,,,,,,,,,,,,,,,,
MAR,Morocco,1949,17.586,0.415,,0.0,30.769,0.047,,,,,,,,,,,,,,,,,,2.776,315.027,,,,,,,,,,,,,,,,,,,,,,,,,,,,,,,,,0.0,0.0,,,,,,,,,,,,,,,,,,,,,,,,,,,,,,,,0.198,22.436,,,,,,,,,,,8812210.0,,,,,,,,,,,,,,,,,,,,,,
MAR,Morocco,1950,7.918,0.22,,0.0,129.412,0.256,,,,,,,,,,,,,,,,,,2.996,333.396,,,,,,,,,,,,,,,,,,,,,,,,,21667307496.0,,,,,,,,0.0,0.0,,,,,,,,,,,,,,,,,,,,,,,,,,,,,,,,0.454,50.475,,,,,,,,,,,8985986.0,,,,,,,,,,,,,,,,,,,,,,
MAR,Morocco,1951,7.065,0.212,,0.0,94.872,0.43,,,,,,,,,,,,,,,,,,3.208,347.01,,,,,,,,,,,,,,,,,,,,,,,,,22388535204.0,,,,,,,,0.0,0.0,,,,,,,,,,,,,,,,,,,,,,,,,,,,,,,,0.884,95.623,,,,,,,,,,,9243410.0,,,,,,,,,,,,,,,,,,,,,,
MAR,Morocco,1952,16.751,0.537,,0.0,32.895,0.291,,,,,,,,,,,,,,,,,,3.745,392.997,,,,,,,,,,,,,,,,,,,,,,,,,23128557959.0,,,,,,,,0.0,0.0,,,,,,,,,,,,,,,,,,,,,,,,,,,,,,,,1.175,123.269,,,,,,,,,,,9528979.0,,,,,,,,,,,,,,,,,,,,,,
MAR,Morocco,1953,22.826,0.855,,0.048,1.98,0.023,,,,,,,,,,,,,,,,,,4.6,467.585,,,,,,,,,,,,,,,,,,,,,,,,,23881492440.0,,,,,,,,0.048,4.897,,,,,,,,,,,,,,,,,,,,,,,,,,,,,,,,1.198,121.773,,,,,,,,,,,9837075.0,,,,,,,,,,,,,,,,,,,,,,
MAR,Morocco,1954,-13.982,-0.643,100.0,0.048,14.563,0.174,,,,,,,,,,,,,,,,,,3.957,389.309,,,,,,,,,,,,,,,,,,,,,,,,,24674734500.0,,,,,,,,0.096,9.48,,,,,,,,,,,,,,,,,,,,,,,,,,,,,,,,1.372,135.034,,,,,,,,,,,10162948.0,,,,,,,,,,,,,,,,,,,,,,
MAR,Morocco,1955,-3.909,-0.155,-12.5,-0.012,-13.559,-0.186,,,,,,,,,,,,,,,,,,3.802,361.989,,,,,,,,,,,,,,,,,,,,,,,,,25487884428.0,,,,,,,,0.084,8.027,,,,,,,,,,,,,,,,,,,,,,,,,,,,,,,,1.186,112.949,,,,,,,,,,,10502658.0,,,,,,,,,,,,,,,,,,,,,,
MAR,Morocco,1956,3.212,0.122,0.0,0.0,-4.902,-0.058,,,,,,,,,,,,,,,,,,3.924,361.55,,,,,,,,,,,,,,,,,,,,,,,,,25647723630.0,,,,,,,,0.084,7.768,,,,,,,,,,,,,,,,,,,,,,,,,,,,,,,,1.128,103.943,,,,,,,,,,,10853173.0,,,,,,,,,,,,,,,,,,,,,,
MAR,Morocco,1957,8.091,0.317,-57.143,-0.048,-22.68,-0.256,,,,,,,,,,,,,,,,,,4.241,378.289,,,,,,,,,,,,,,,,,,,,,,,,,25812570050.0,,,,,,,,0.036,3.222,,,,,,,,,,,,,,,,,,,,,,,,,,,,,,,,0.872,77.795,,,,,,,,,,,11212230.0,,,,,,,,,,,,,,,,,,,,,,
MAR,Morocco,1958,-2.111,-0.09,-66.667,-0.024,-1.333,-0.012,,,,,,,,,,,,,,,,,,4.152,358.592,,,,,,,,,,,,,,,,,,,,,,,,,25980993324.0,,,,,,,,0.012,1.04,,,,,,,,,,,,,,,,,,,,,,,,,,,,,,,,0.861,74.33,,,,,,,,,,,11578378.0,,,,,,,,,,,,,,,,,,,,,,
MAR,Morocco,1959,-8.824,-0.366,799.999,0.096,28.378,0.244,,,,,,,,,,,,,,,,,,3.786,316.764,,,,,,,,,,,,,,,,,,,,,,,,,26141021875.0,,,,,,,,0.108,9.07,,,,,,,,,,,,,,,,,,,,,,,,,,,,,,,,1.105,92.45,,,,,,,,,,,11950747.0,,,,,,,,,,,,,,,,,,,,,,
MAR,Morocco,1960,-11.183,-0.423,-11.111,-0.012,-3.158,-0.035,,,,,,,,,,,,,,,,,,3.362,272.72,,,,,,,,,,,,,,,,,,,,,,,,,26312833212.0,,,,,,,,0.096,7.815,,,,,,,,,,,,,,,,,,,,,,,,,,,,,,,,1.07,86.787,,,,,,,,,,,12328532.0,,,,,,,,,,,,,,,,,,,,,,
MAR,Morocco,1961,-0.726,-0.024,0.0,0.0,-13.043,-0.14,,,,,,,,,,,,,,,,,,3.338,262.601,,,,,,,,,,,,,,,,,,,,,,,,,27230299196.0,,,,,,,,0.096,7.58,,,,,,,,,,,,,,,,,,,,,,,,,,,,,,,,0.93,73.199,,,,,,,,,,,12710587.0,,,,,,,,,,,,,,,,,,,,,,
MAR,Morocco,1962,-9.756,-0.326,12.5,0.012,58.75,0.547,,,,,,,,,,,,,,,,,,3.012,230.027,,,,,,,,,,,,,,,,,,,,,,,,,28176151432.0,,,,,,,,0.108,8.277,,,,,,,,,,,,,,,,,,,,,,,,,,,,,,,,1.477,112.793,,,,,,,,,,,13094890.0,,,,,,,,,,,,,,,,,,,,,,
MAR,Morocco,1963,9.189,0.277,22.222,0.024,18.11,0.267,,,,,,,,,,,,,,,,,,3.289,244.017,,,,,,,,,,,,,,,,,,,,,,,,,29166699440.0,,,,,,,,0.132,9.829,,,,,,,,,,,,,,,,,,,,,,,,,,,,,,,,1.745,129.429,,,,,,,,,,,13478425.0,,,,,,,,,,,,,,,,,,,,,,
MAR,Morocco,1964,-0.99,-0.033,0.0,0.0,-20.0,-0.349,,,,,,,,,,,,,,,,,,3.256,234.989,,,,,,,,,,,,,,,,,,,,,,,,,30203185083.0,,,,,,,,0.132,9.56,,,,,,,,,,,,,,,,,,,,,,,,,,,,,,,,1.396,100.71,,,,,,,,,,,13857656.0,,,,,,,,,,,,,,,,,,,,,,
MAR,Morocco,1965,4.75,0.155,18.182,0.024,-14.167,-0.198,,,,,,,,,,,,,12.067,,2.114,,148.534,3.411,239.708,,,,,,1.213,0.0,,,0.0,1.213,0.0,0.0,,,0.56,1230.864,,80.763,,14.146,994.083,,,31254994188.0,,,2.777,,0.486,,34.176,0.157,11.002,,,19.237,,3.369,85.241,236.782,,1.213,85.241,,19.237,,3.369,236.782,,,,,0.0,,0.0,0.0,0.0,,,65.919,,11.546,,811.373,1.198,84.18,,0.0,,0.0,,0.0,,,0.0,,14230163.0,17.515,85.241,,,19.237,,3.369,236.782,,,0.0,,0.0,0.0,0.0,,,0.0,,0.0,0.0,0.0
MAR,Morocco,1966,7.637,0.261,-23.077,-0.036,0.0,0.0,32.273,5.653,,,,,,,,,,53.328,13.988,1.127,3.241,,222.046,3.672,251.559,,,,,,1.054,0.0,,,0.0,1.054,0.0,0.0,,,0.702,1587.362,43.082,87.363,6.094,20.24,1386.766,,,32995101804.0,,0.0,2.099,0.0,0.486,,33.321,0.12,8.251,,-13.108,12.637,-0.442,2.928,72.215,200.597,,1.054,72.215,-13.108,12.637,-0.442,2.928,200.597,,,,,0.0,0.0,0.0,0.0,0.0,,43.021,71.275,4.967,16.513,,1131.4,1.198,82.073,,0.0,,0.0,0.0,0.0,,,0.0,,14595351.0,23.168,72.215,,-13.108,12.637,-0.442,2.928,200.597,,,0.0,0.0,0.0,0.0,0.0,,,0.0,0.0,0.0,0.0,0.0
MAR,Morocco,1967,6.874,0.252,-90.0,-0.108,-3.883,-0.047,5.51,1.276,,,,,,,,,,-0.422,13.202,-0.014,3.227,,215.806,3.924,262.402,,,,,,0.932,0.0,,,0.0,0.932,0.0,0.0,,,0.702,1634.645,7.981,89.409,1.615,21.856,1461.523,,,34843128264.0,,0.0,1.99,0.0,0.486,,32.521,0.012,0.805,,-11.575,10.591,-0.339,2.589,62.324,173.123,,0.932,62.324,-11.575,10.591,-0.339,2.589,173.123,,,,,0.0,0.0,0.0,0.0,0.0,,9.865,74.218,1.629,18.142,,1213.196,1.151,76.994,,0.0,,0.0,0.0,0.0,,,0.0,,14954037.0,24.445,62.324,,-11.575,10.591,-0.339,2.589,173.123,,,0.0,0.0,0.0,0.0,0.0,,,0.0,0.0,0.0,0.0,0.0
MAR,Morocco,1968,-6.432,-0.252,4100.001,0.494,-10.101,-0.116,7.323,1.79,,,,,,,,,,-10.133,11.055,-0.327,2.9,,189.464,3.672,239.86,,,,,,1.058,0.0,,,0.0,1.058,0.0,0.0,,,0.714,1713.861,6.589,88.798,1.44,23.296,1521.869,,,36768419114.0,,0.0,1.854,0.0,0.486,,31.771,0.506,33.044,,13.519,11.202,0.35,2.939,69.117,191.993,,1.058,69.117,13.519,11.202,0.35,2.939,191.993,,,,,0.0,0.0,0.0,0.0,0.0,,9.74,75.889,1.767,19.909,,1300.635,1.035,67.62,,0.0,,0.0,0.0,0.0,,,0.0,,15307267.0,26.235,69.117,,13.519,11.202,0.35,2.939,191.993,,,0.0,0.0,0.0,0.0,0.0,,,0.0,0.0,0.0,0.0,0.0
MAR,Morocco,1969,-11.973,-0.44,4.762,0.024,-33.708,-0.349,9.534,2.501,,,,,,,,,,-0.069,10.086,-0.002,2.898,,185.106,3.232,206.426,,,,,,1.368,0.0,,,0.0,1.368,0.0,0.0,,,0.74,1835.343,7.04,86.776,1.64,24.936,1592.639,,,38839438965.0,,0.0,1.692,0.0,0.486,,31.062,0.53,33.845,,29.301,13.224,0.861,3.8,87.374,242.706,,1.368,87.374,29.301,13.224,0.861,3.8,242.706,,,,,0.0,0.0,0.0,0.0,0.0,,8.248,74.998,1.642,21.551,,1376.472,0.686,43.826,,0.0,,0.0,0.0,0.0,,,0.0,,15656846.0,28.736,87.374,,29.301,13.224,0.861,3.8,242.706,,,0.0,0.0,0.0,0.0,0.0,,,0.0,0.0,0.0,0.0,0.0
MAR,Morocco,1970,9.068,0.293,9.091,0.048,-25.424,-0.174,4.768,1.37,,,,,,,,,,14.659,11.038,0.425,3.323,,207.626,3.525,220.251,,,,,,1.346,0.0,,,0.0,1.346,0.0,0.0,,,0.735,1881.05,5.739,87.581,1.431,26.367,1647.439,,,40982292400.0,,0.0,1.615,0.0,0.486,,30.386,0.578,36.119,,-1.608,12.419,-0.061,3.739,84.1,233.612,,1.346,84.1,-1.608,12.419,-0.061,3.739,233.612,,,,,0.0,0.0,0.0,0.0,0.0,,4.669,74.928,1.006,22.557,,1409.427,0.512,31.973,,0.0,,0.0,0.0,0.0,,,0.0,,16004732.0,30.106,84.1,,-1.608,12.419,-0.061,3.739,233.612,,,0.0,0.0,0.0,0.0,0.0,,,0.0,0.0,0.0,0.0,0.0
MAR,Morocco,1971,9.7,0.342,8.333,0.048,-47.727,-0.244,6.317,1.902,,,,,,,,,,4.624,10.862,0.154,3.477,,212.629,3.867,236.5,,,,,,1.52,0.0,,,0.0,1.52,0.0,0.0,,,0.739,1957.544,5.38,86.809,1.419,27.785,1699.319,,,43295739714.0,,3.244,1.569,0.016,0.502,,30.708,0.626,38.301,,12.927,13.191,0.483,4.222,92.961,258.226,,1.52,92.961,12.927,13.191,0.483,4.222,258.226,,,,,0.0,0.0,0.0,0.0,0.0,,5.537,74.378,1.249,23.807,,1455.982,0.267,16.359,,0.0,,0.0,0.0,0.0,,,0.0,,16350883.0,32.008,92.961,,12.927,13.191,0.483,4.222,258.226,,,0.0,0.0,0.0,0.0,0.0,,,0.0,0.0,0.0,0.0,0.0
MAR,Morocco,1972,15.158,0.586,25.0,0.157,21.739,0.058,8.112,2.596,,,,,,,,,,23.591,12.417,0.82,4.297,,257.344,4.453,266.704,,,,,,1.596,0.0,,,0.0,1.596,0.0,0.0,,,0.781,2072.481,8.585,87.188,2.385,30.171,1806.964,,,44317382199.0,,8.313,1.572,0.042,0.544,,32.571,0.783,46.884,,5.0,12.812,0.211,4.433,95.587,265.519,,1.596,95.587,5.0,12.812,0.211,4.433,265.519,,,,,0.0,0.0,0.0,0.0,0.0,,6.399,73.2,1.523,25.33,,1517.049,0.326,19.503,,0.0,,0.0,0.0,0.0,,,0.0,,16696891.0,34.604,95.587,,5.0,12.812,0.211,4.433,265.519,,,0.0,0.0,0.0,0.0,0.0,,,0.0,0.0,0.0,0.0,0.0
MAR,Morocco,1973,-89.762,-3.997,-9.231,-0.072,50.0,0.163,11.382,3.939,,,,,,,,,,-0.923,11.045,-0.04,4.257,,249.709,0.456,26.741,,,,,,1.192,0.0,,,0.0,1.192,0.0,0.0,,,0.84,2260.757,16.774,91.409,5.061,35.231,2066.542,,,45895620600.0,,25.046,1.764,0.136,0.68,,39.889,0.711,41.678,,-25.313,8.591,-1.122,3.311,69.918,194.217,,1.192,69.918,-25.313,8.591,-1.122,3.311,194.217,,,,,0.0,0.0,0.0,0.0,0.0,,19.598,78.599,4.964,30.294,,1776.944,0.488,28.651,,0.0,,0.0,0.0,0.0,,,0.0,,17048526.0,38.543,69.918,,-25.313,8.591,-1.122,3.311,194.217,,,0.0,0.0,0.0,0.0,0.0,,,0.0,0.0,0.0,0.0,0.0
MAR,Morocco,1974,925.0,4.217,20.339,0.145,-42.857,-0.209,6.872,2.648,,,,,,,,,,-0.963,10.236,-0.041,4.216,,242.126,4.673,268.357,,,,,,1.337,0.0,,,0.0,1.337,0.0,0.0,,,0.851,2365.514,6.374,90.984,2.246,37.477,2152.235,,,48382643676.0,,14.738,1.894,0.1,0.78,,44.81,0.855,49.105,,12.164,9.016,0.403,3.714,76.781,213.281,,1.337,76.781,12.164,9.016,0.403,3.714,213.281,,,,,0.0,0.0,0.0,0.0,0.0,,7.217,78.854,2.186,32.481,,1865.299,0.279,16.029,,0.0,,0.0,0.0,0.0,,,0.0,,17413148.0,41.191,76.781,,12.164,9.016,0.403,3.714,213.281,,,0.0,0.0,0.0,0.0,0.0,,,0.0,0.0,0.0,0.0,0.0
MAR,Morocco,1975,13.589,0.635,-35.211,-0.301,-16.667,-0.047,1.789,0.737,,,,,,,,,,13.662,11.43,0.576,4.792,,269.281,5.308,298.263,,,,,,1.016,0.0,,,0.0,1.016,0.0,0.0,,,0.812,2356.015,4.346,93.269,1.629,39.106,2197.431,,,51629450544.0,,-11.532,1.646,-0.09,0.69,,38.789,0.554,31.13,,-24.009,6.731,-0.892,2.822,57.091,158.586,,1.016,57.091,-24.009,6.731,-0.892,2.822,158.586,,,,,0.0,0.0,0.0,0.0,0.0,,3.518,80.193,1.143,33.623,,1889.361,0.233,13.07,,0.0,,0.0,0.0,0.0,,,0.0,,17796172.0,41.928,57.091,,-24.009,6.731,-0.892,2.822,158.586,,,0.0,0.0,0.0,0.0,0.0,,,0.0,0.0,0.0,0.0,0.0
MAR,Morocco,1976,7.669,0.407,86.956,0.482,-55.0,-0.128,8.425,3.532,,,,,,,,,,8.5,11.437,0.407,5.2,,285.705,5.715,314.03,,,,,,0.998,0.0,,,0.0,0.998,0.0,0.0,,,0.794,2497.985,9.161,93.902,3.582,42.688,2345.657,,,57286407525.0,,11.841,1.698,0.082,0.772,,42.422,1.036,56.911,,-1.772,6.098,-0.05,2.772,54.839,152.33,,0.998,54.839,-1.772,6.098,-0.05,2.772,152.33,,,,,0.0,0.0,0.0,0.0,0.0,,9.2,80.766,3.093,36.717,,2017.529,0.105,5.751,,0.0,,0.0,0.0,0.0,,,0.0,,18198836.0,45.46,54.839,,-1.772,6.098,-0.05,2.772,152.33,,,0.0,0.0,0.0,0.0,0.0,,,0.0,0.0,0.0,0.0,0.0
MAR,Morocco,1977,0.712,0.041,0.0,0.0,144.444,0.151,12.066,5.485,,,,,,,,,,-5.565,9.638,-0.289,4.91,,263.703,5.756,309.112,,,,,,1.365,0.0,,,0.0,1.365,0.0,0.0,,,0.847,2736.072,10.462,92.557,4.466,47.154,2532.441,,,60121203188.0,,8.935,1.651,0.069,0.841,,45.167,1.036,55.624,,36.774,7.443,1.019,3.792,73.308,203.633,,1.365,73.308,36.774,7.443,1.019,3.792,203.633,,,,,0.0,0.0,0.0,0.0,0.0,,12.764,81.269,4.686,41.403,,2223.571,0.256,13.741,,0.0,,0.0,0.0,0.0,,,0.0,,18620088.0,50.946,73.308,,36.774,7.443,1.019,3.792,203.633,,,0.0,0.0,0.0,0.0,0.0,,,0.0,0.0,0.0,0.0,0.0
MAR,Morocco,1978,1.839,0.106,-5.814,-0.06,9.091,0.023,6.159,3.138,,,,,,,,,,0.808,9.152,0.04,4.95,,259.701,5.862,307.534,,,,,,1.416,0.0,,,0.0,1.416,0.0,0.0,,,0.874,2837.572,6.353,92.727,2.996,50.15,2631.206,,,61864817334.0,,-5.587,1.468,-0.047,0.794,,41.66,0.976,51.181,,3.736,7.273,0.142,3.933,74.293,206.368,,1.416,74.293,3.736,7.273,0.142,3.933,206.368,,,,,0.0,0.0,0.0,0.0,0.0,,7.254,82.107,3.003,44.406,,2329.845,0.279,14.644,,0.0,,0.0,0.0,0.0,,,0.0,,19059774.0,54.083,74.293,,3.736,7.273,0.142,3.933,206.368,,,0.0,0.0,0.0,0.0,0.0,,,0.0,0.0,0.0,0.0,0.0
MAR,Morocco,1979,-1.389,-0.081,-17.284,-0.169,-20.833,-0.058,11.53,6.236,,,,,,,,,,-2.458,8.004,-0.122,4.828,,247.384,5.78,296.159,,,,,,1.582,0.0,,,0.0,1.582,0.0,0.0,,,0.933,3090.612,11.515,92.715,5.775,55.925,2865.454,,,64683993338.0,,-7.397,1.219,-0.059,0.735,,37.675,0.807,41.344,,11.723,7.285,0.461,4.394,81.058,225.161,,1.582,81.058,11.723,7.285,0.461,4.394,225.161,,,,,0.0,0.0,0.0,0.0,0.0,,13.411,83.491,5.955,50.361,,2580.396,0.221,11.322,,0.0,,0.0,0.0,0.0,,,0.0,,19516942.0,60.319,81.058,,11.723,7.285,0.461,4.394,225.161,,,0.0,0.0,0.0,0.0,0.0,,,0.0,0.0,0.0,0.0,0.0
MAR,Morocco,1980,-2.487,-0.144,-4.846,-0.039,178.783,0.395,0.306,0.185,,,,,,,,,,-4.146,7.649,-0.2,4.628,,231.516,5.636,281.959,,,,,,1.515,0.0,,,0.0,1.515,0.0,0.0,,,0.857,3026.713,0.663,93.045,0.371,56.296,2816.193,,,70582899184.0,,-12.237,1.067,-0.09,0.645,,32.282,0.768,38.409,,-4.235,6.955,-0.186,4.208,75.788,210.522,,1.515,75.788,-4.235,6.955,-0.186,4.208,210.522,,,,,0.0,0.0,0.0,0.0,0.0,,1.312,84.329,0.661,51.022,,2552.395,0.616,30.817,,0.0,,0.0,0.0,0.0,,,0.0,,19990006.0,60.504,75.788,,-4.235,6.955,-0.186,4.208,210.522,,,0.0,0.0,0.0,0.0,0.0,,,0.0,0.0,0.0,0.0,0.0
MAR,Morocco,1981,3.395,0.191,28.0,0.215,-0.482,-0.003,-2.871,-1.737,,,,,,,,,,6.241,8.367,0.289,4.917,,240.083,5.828,284.561,,,,,,1.024,0.0,,,0.0,1.024,0.0,0.0,,,0.857,2869.511,-0.663,95.16,-0.373,55.922,2730.622,,,68608385997.0,,28.389,1.41,0.183,0.829,,40.455,0.983,47.988,,-32.409,4.84,-1.364,2.844,50.001,138.891,,1.024,50.001,-32.409,4.84,-1.364,2.844,138.891,,,,,0.0,0.0,0.0,0.0,0.0,,-1.657,85.383,-0.845,50.177,,2450.084,0.613,29.935,,0.0,,0.0,0.0,0.0,,,0.0,,20479708.0,58.767,50.001,,-32.409,4.84,-1.364,2.844,138.891,,,0.0,0.0,0.0,0.0,0.0,,,0.0,0.0,0.0,0.0,0.0
MAR,Morocco,1982,4.539,0.265,-6.25,-0.061,0.0,0.0,3.199,1.88,,,,,,,,,,11.406,9.032,0.561,5.478,,261.04,6.092,290.327,,,,,,0.572,0.0,,,0.0,0.572,0.0,0.0,,,0.806,2890.15,5.607,97.38,3.136,59.058,2814.433,,,75240269250.0,,-7.21,1.268,-0.06,0.769,,36.636,0.921,43.907,,-44.141,2.62,-1.256,1.589,27.259,75.719,,0.572,27.259,-44.141,2.62,-1.256,1.589,75.719,,,,,0.0,0.0,0.0,0.0,0.0,,5.251,87.08,2.635,52.812,,2516.757,0.613,29.216,,0.0,,0.0,0.0,0.0,,,0.0,,20984024.0,60.647,27.259,,-44.141,2.62,-1.256,1.589,75.719,,,0.0,0.0,0.0,0.0,0.0,,,0.0,0.0,0.0,0.0,0.0
MAR,Morocco,1983,2.177,0.133,6.667,0.061,0.0,0.0,2.701,1.638,,,,,,,,,,23.873,10.894,1.308,6.785,,315.669,6.225,289.594,,,,,,0.481,0.0,,,0.0,0.481,0.0,0.0,,,0.832,2897.636,3.202,97.855,1.891,60.949,2835.479,,,74825390682.0,,5.593,1.303,0.043,0.812,,37.766,0.983,45.721,,-15.909,2.145,-0.253,1.336,22.377,62.159,,0.481,22.377,-15.909,2.145,-0.253,1.336,62.159,,,,,0.0,0.0,0.0,0.0,0.0,,1.023,85.657,0.54,53.352,,2482.045,0.613,28.521,,0.0,,0.0,0.0,0.0,,,0.0,,21495088.0,62.285,22.377,,-15.909,2.145,-0.253,1.336,62.159,,,0.0,0.0,0.0,0.0,0.0,,,0.0,0.0,0.0,0.0,0.0
MAR,Morocco,1984,11.585,0.721,-37.5,-0.369,0.484,0.003,1.37,0.853,,,,,,,,,,-14.116,9.23,-0.958,5.828,,264.855,6.946,315.688,,,,,,0.366,0.0,,,0.0,0.366,0.0,0.0,,,0.81,2869.58,1.924,98.39,1.173,62.122,2823.376,,,77950834698.0,,-0.123,1.284,-0.001,0.811,,36.849,0.614,27.916,,-23.909,1.61,-0.319,1.017,16.634,46.207,,0.366,16.634,-23.909,1.61,-0.319,1.017,46.207,,,,,0.0,0.0,0.0,0.0,0.0,,3.996,87.876,2.132,55.483,,2521.672,0.616,27.998,,0.0,,0.0,0.0,0.0,,,0.0,,22002640.0,63.138,16.634,,-23.909,1.61,-0.319,1.017,46.207,,,0.0,0.0,0.0,0.0,0.0,,,0.0,0.0,0.0,0.0,0.0
MAR,Morocco,1985,-7.518,-0.522,50.0,0.307,-0.482,-0.003,3.29,2.077,,,,,,,,,,32.116,11.806,1.872,7.699,,342.194,6.424,285.513,,,,,,0.486,0.0,,,0.0,0.486,0.0,0.0,7.345,,0.787,2898.589,2.807,97.93,1.744,63.866,2838.589,,,82816249384.0,,13.007,1.405,0.105,0.916,,40.723,0.921,40.951,6.617,32.787,2.07,0.333,1.35,21.601,60.002,6.617,0.486,21.601,32.787,2.07,0.333,1.35,60.002,,,0.0,,0.0,0.0,0.0,0.0,0.0,,-0.42,84.719,-0.233,55.25,,2455.671,0.613,27.248,,0.0,,0.0,0.0,0.0,,0.0,0.0,326.457,22499112.0,65.216,21.601,6.617,32.787,2.07,0.333,1.35,60.002,0.0,,0.0,0.0,0.0,0.0,0.0,0.0,,0.0,0.0,0.0,0.0,0.0
MAR,Morocco,1986,0.0,0.0,0.0,0.0,-50.052,-0.307,3.38,2.204,,,,,,,,,,35.801,15.508,2.756,10.455,,454.971,6.424,279.534,,,,,,0.643,0.0,,,0.0,0.643,0.0,0.0,7.764,,0.755,2933.809,2.769,97.351,1.768,65.634,2856.088,,,89314714347.0,,-3.191,1.316,-0.029,0.887,,38.598,0.921,40.093,8.282,32.305,2.649,0.436,1.786,27.98,77.724,8.282,0.643,27.98,32.305,2.649,0.436,1.786,77.724,,,0.0,,0.0,0.0,0.0,0.0,0.0,,-1.736,80.527,-0.959,54.291,,2362.519,0.306,13.325,,0.0,,0.0,0.0,0.0,,0.0,0.0,337.854,22980334.0,67.42,27.98,8.282,32.305,2.649,0.436,1.786,77.724,0.0,,0.0,0.0,0.0,0.0,0.0,0.0,,0.0,0.0,0.0,0.0,0.0
MAR,Morocco,1987,-18.194,-1.169,-30.0,-0.276,-19.539,-0.06,2.962,1.997,,,,,,,,,,16.018,17.474,1.675,12.13,,517.336,5.255,224.123,,,,,,0.825,0.0,,,0.0,0.825,0.0,0.0,8.001,,0.795,2960.569,2.273,96.699,1.492,67.126,2862.834,,,87281653400.0,,-18.738,1.038,-0.166,0.721,,30.741,0.645,27.506,10.311,28.305,3.301,0.506,2.292,35.185,97.737,10.311,0.825,35.185,28.305,3.301,0.506,2.292,97.737,,,0.0,,0.0,0.0,0.0,0.0,0.0,,-0.031,78.186,-0.017,54.275,,2314.757,0.246,10.508,,0.0,,0.0,0.0,0.0,,0.0,0.0,341.234,23447256.0,69.417,35.185,10.311,28.305,3.301,0.506,2.292,97.737,0.0,,0.0,0.0,0.0,0.0,0.0,0.0,,0.0,0.0,0.0,0.0,0.0
MAR,Morocco,1988,0.329,0.017,0.0,0.0,0.013,0.0,5.621,3.902,,,,,,,,,,-1.342,16.322,-0.163,11.967,,500.648,5.272,220.568,,,,,,0.936,0.0,,,0.0,0.936,0.0,0.0,8.984,,0.762,3067.284,5.353,96.454,3.594,70.719,2958.516,,,96219230346.0,,2.185,1.005,0.016,0.737,,30.813,0.645,26.981,10.419,13.455,3.546,0.308,2.6,39.157,108.77,10.419,0.936,39.157,13.455,3.546,0.308,2.6,108.77,,,0.0,,0.0,0.0,0.0,0.0,0.0,,6.892,79.127,3.741,58.015,,2427.055,0.246,10.309,,0.0,,0.0,0.0,0.0,,0.0,0.0,375.843,23903592.0,73.319,39.157,10.419,13.455,3.546,0.308,2.6,108.77,0.0,,0.0,0.0,0.0,0.0,0.0,0.0,,0.0,0.0,0.0,0.0,0.0
MAR,Morocco,1989,-20.766,-1.095,0.0,0.0,-25.205,-0.062,9.985,7.321,,,,,,,,,,10.398,16.384,1.244,13.212,,542.449,4.178,171.522,,,,,,1.157,0.0,,,0.0,1.157,0.0,0.0,9.024,,0.819,3310.928,9.484,96.015,6.707,77.426,3178.974,,,98443648349.0,,-26.128,0.675,-0.192,0.544,,22.34,0.645,26.48,12.821,23.611,3.985,0.614,3.214,47.504,131.957,12.821,1.157,47.504,23.611,3.985,0.614,3.214,131.957,,,0.0,,0.0,0.0,0.0,0.0,0.0,,9.747,78.956,5.655,63.67,,2614.185,0.184,7.567,,0.0,,0.0,0.0,0.0,,0.0,0.0,370.51,24355624.0,80.64,47.504,12.821,23.611,3.985,0.614,3.214,131.957,0.0,,0.0,0.0,0.0,0.0,0.0,0.0,,0.0,0.0,0.0,0.0,0.0
MAR,Morocco,1990,4.365,0.182,-4.762,-0.031,0.0,0.0,2.353,1.897,,,,,,,,,,-3.521,15.443,-0.465,12.746,,513.817,4.36,175.749,,,,,,1.22,0.0,,,0.0,1.22,0.0,0.0,9.628,,0.808,3327.109,2.225,95.894,1.722,79.148,3190.504,,,102154761170.0,,-7.488,0.61,-0.041,0.503,,20.291,0.614,24.76,12.671,5.445,4.106,0.175,3.389,49.179,136.608,12.671,1.22,49.179,5.445,4.106,0.175,3.389,136.608,,,0.0,,0.0,0.0,0.0,0.0,0.0,,3.5,79.841,2.228,65.898,,2656.396,0.184,7.429,,0.0,,0.0,0.0,0.0,,0.0,0.0,388.109,24807460.0,82.537,49.179,12.671,5.445,4.106,0.175,3.389,136.608,0.0,,0.0,0.0,0.0,0.0,0.0,0.0,,0.0,0.0,0.0,0.0,0.0
MAR,Morocco,1991,4.753,0.207,-31.291,-0.192,0.0,0.0,1.268,1.047,,,,,,,,,,8.942,16.613,1.14,13.886,,549.723,4.567,180.801,,,,,,1.226,0.0,,,0.0,1.226,0.0,0.0,9.205,,0.762,3308.898,1.302,95.926,1.03,80.179,3174.082,,,109721315288.0,,-35.997,0.385,-0.181,0.322,,12.754,0.422,16.707,13.319,0.492,4.074,0.017,3.406,48.534,134.818,13.319,1.226,48.534,0.492,4.074,0.017,3.406,134.818,,,0.0,,0.0,0.0,0.0,0.0,0.0,,0.109,78.927,0.072,65.97,,2611.605,0.184,7.296,,0.0,,0.0,0.0,0.0,,0.0,0.0,364.404,25260406.0,83.584,48.534,13.319,0.492,4.074,0.017,3.406,134.818,0.0,,0.0,0.0,0.0,0.0,0.0,0.0,,0.0,0.0,0.0,0.0,0.0
MAR,Morocco,1992,4.537,0.207,-38.34,-0.162,-33.151,-0.061,11.991,10.022,,,,,,,,,,-7.286,13.754,-1.012,12.874,,500.728,4.774,185.689,,,,,,0.964,0.0,,,0.0,0.964,0.0,0.0,9.719,,0.87,3640.662,13.408,97.139,10.75,90.929,3536.517,,,107626443116.0,,-34.291,0.226,-0.11,0.212,,8.233,0.26,10.121,9.919,-21.37,2.861,-0.728,2.678,37.493,104.148,9.919,0.964,37.493,-21.37,2.861,-0.728,2.678,104.148,,,0.0,,0.0,0.0,0.0,0.0,0.0,,17.997,83.159,11.873,77.843,,3027.556,0.123,4.792,,0.0,,0.0,0.0,0.0,,0.0,0.0,378.003,25711410.0,93.607,37.493,9.919,-21.37,2.861,-0.728,2.678,104.148,0.0,,0.0,0.0,0.0,0.0,0.0,0.0,,0.0,0.0,0.0,0.0,0.0
MAR,Morocco,1993,4.861,0.232,24.983,0.065,-0.273,-0.0,1.154,1.08,,,,,,,,,,9.214,14.85,1.186,14.061,,537.586,5.006,191.412,,,,,,0.443,0.0,,,0.0,0.443,0.0,0.0,9.91,,0.885,3620.178,2.779,98.7,2.527,93.456,3573.133,,,107015761218.0,,-2.241,0.219,-0.005,0.207,,7.912,0.325,12.435,4.47,-54.046,1.3,-1.447,1.231,16.937,47.048,4.47,0.443,16.937,-54.046,1.3,-1.447,1.231,47.048,,,0.0,,0.0,0.0,0.0,0.0,0.0,,1.729,83.632,1.346,79.188,,3027.634,0.123,4.698,,0.0,,0.0,0.0,0.0,,0.0,0.0,378.892,26155204.0,94.687,16.937,4.47,-54.046,1.3,-1.447,1.231,47.048,0.0,,0.0,0.0,0.0,0.0,0.0,0.0,,0.0,0.0,0.0,0.0,0.0
MAR,Morocco,1994,7.616,0.381,0.094,0.0,0.0,0.0,10.157,9.617,,,,,,,,,,11.497,15.03,1.617,15.677,,589.715,5.388,202.663,,,,,,0.84,0.0,,,0.0,0.84,0.0,0.0,11.47,,0.88,3923.489,9.111,97.763,8.515,101.971,3835.722,,,118566421789.0,,-2.299,0.194,-0.005,0.202,,7.605,0.326,12.246,7.323,89.616,2.237,1.103,2.333,31.597,87.771,7.323,0.84,31.597,89.616,2.237,1.103,2.333,87.771,,,0.0,,0.0,0.0,0.0,0.0,0.0,,8.717,82.539,6.903,86.091,,3238.402,0.123,4.622,,0.0,,0.0,0.0,0.0,,0.0,0.0,431.455,26584472.0,104.304,31.597,7.323,89.616,2.237,1.103,2.333,87.771,0.0,,0.0,0.0,0.0,0.0,0.0,0.0,,0.0,0.0,0.0,0.0,0.0
MAR,Morocco,1995,0.0,0.0,-33.019,-0.107,50.0,0.061,-1.881,-1.962,,,,,,,,,,21.142,18.557,3.315,18.992,,703.55,5.388,199.587,,,,,,0.611,0.0,,,0.0,0.611,0.0,0.0,12.092,,0.912,3791.263,-1.3,98.342,-1.325,100.645,3728.393,,,112179726116.0,,-36.71,0.125,-0.074,0.128,,4.74,0.218,8.078,5.053,-27.262,1.658,-0.636,1.697,22.634,62.874,5.053,0.611,22.634,-27.262,1.658,-0.636,1.697,62.874,,,0.0,,0.0,0.0,0.0,0.0,0.0,,-5.303,79.659,-4.566,81.525,,3020.103,0.184,6.827,,0.0,,0.0,0.0,0.0,,0.0,0.0,447.947,26994256.0,102.342,22.634,5.053,-27.262,1.658,-0.636,1.697,62.874,0.0,,0.0,0.0,0.0,0.0,0.0,0.0,,0.0,0.0,0.0,0.0,0.0
MAR,Morocco,1996,-22.154,-1.194,0.0,0.0,0.274,0.001,4.319,4.421,,,,,,,,,,27.985,22.767,5.315,24.307,,887.642,4.194,153.162,,,,,,1.957,0.0,,,0.0,1.957,0.0,0.0,12.538,,0.848,3898.806,0.677,94.908,0.682,101.327,3700.291,,,125860002919.0,,27.147,0.152,0.035,0.163,,5.942,0.218,7.963,15.609,220.295,5.092,3.739,5.436,71.466,198.518,15.609,1.957,71.466,220.295,5.092,3.739,5.436,198.518,,,0.0,,0.0,0.0,0.0,0.0,0.0,,-5.726,71.989,-4.668,76.857,,2806.707,0.185,6.749,,0.0,,0.0,0.0,0.0,,0.0,0.0,457.867,27383472.0,106.763,71.466,15.609,220.295,5.092,3.739,5.436,198.518,0.0,,0.0,0.0,0.0,0.0,0.0,0.0,,0.0,0.0,0.0,0.0,0.0
MAR,Morocco,1997,-25.692,-1.078,148.697,0.324,-100.0,-0.185,3.95,4.218,,,,,,,,,,-4.737,20.864,-1.151,23.155,,834.29,3.117,112.29,,,,,,2.083,0.0,,,0.0,2.083,0.0,0.0,13.593,,0.897,3998.638,3.817,94.786,3.868,105.194,3790.167,,,123716864655.0,,84.332,0.27,0.137,0.3,,10.806,0.542,19.539,15.324,6.438,5.214,0.35,5.786,75.051,208.474,15.324,2.083,75.051,6.438,5.214,0.35,5.786,208.474,,,0.0,,0.0,0.0,0.0,0.0,0.0,,6.352,73.652,4.882,81.739,,2945.072,0.0,0.0,,0.0,,0.0,0.0,0.0,,0.0,0.0,489.757,27754572.0,110.98,75.051,15.324,6.438,5.214,0.35,5.786,208.474,0.0,,0.0,0.0,0.0,0.0,0.0,0.0,,0.0,0.0,0.0,0.0,0.0
MAR,Morocco,1998,-57.993,-1.807,0.0,0.0,,0.061,2.625,2.913,,,,,,,,,,19.287,24.252,4.466,27.621,,982.598,1.309,46.572,,,,,,1.777,0.0,,,0.0,1.777,0.0,0.0,12.968,,0.86,4051.634,3.577,95.666,3.763,108.957,3876.04,,,132482453726.0,,9.749,0.289,0.029,0.329,,11.709,0.542,19.292,13.703,-14.69,4.334,-0.85,4.936,63.215,175.597,13.703,1.777,63.215,-14.69,4.334,-0.85,4.936,175.597,,,0.0,,0.0,0.0,0.0,0.0,0.0,,-0.896,71.125,-0.732,81.007,,2881.732,0.061,2.185,,0.0,,0.0,0.0,0.0,,0.0,0.0,461.323,28110448.0,113.893,63.215,13.703,-14.69,4.334,-0.85,4.936,175.597,0.0,,0.0,0.0,0.0,0.0,0.0,0.0,,0.0,0.0,0.0,0.0,0.0
MAR,Morocco,1999,-18.326,-0.24,-20.0,-0.108,100.0,0.061,3.908,4.451,,,,,,,,,,-4.379,22.318,-1.21,26.412,,928.177,1.069,37.576,,,,,,0.825,0.0,,,0.0,0.825,0.0,0.0,12.895,,0.885,4158.92,6.512,98.064,7.095,116.053,4078.388,,,133796591475.0,,16.554,0.324,0.054,0.384,,13.482,0.434,15.246,6.398,-53.573,1.936,-2.644,2.292,28.993,80.535,6.398,0.825,28.993,-53.573,1.936,-2.644,2.292,80.535,,,0.0,,0.0,0.0,0.0,0.0,0.0,,10.185,75.422,8.25,89.257,,3136.729,0.123,4.318,,0.0,,0.0,0.0,0.0,,0.0,0.0,453.164,28455504.0,118.344,28.993,6.398,-53.573,1.936,-2.644,2.292,80.535,0.0,,0.0,0.0,0.0,0.0,0.0,0.0,,0.0,0.0,0.0,0.0,0.0
MAR,Morocco,2000,-75.969,-0.812,25.0,0.108,50.411,0.062,-0.863,-1.021,0.0,0.0,,,,,,735.367,65.375,18.23,26.616,4.815,31.227,275.408,1084.494,0.257,8.924,14.13,0.0,7.93,11.36,0.0,0.71,0.0,3.43,0.0,0.0,0.77,0.0,0.06,12.13,8.92,0.861,4074.618,-0.777,98.149,-0.901,115.151,3999.181,394.531,93.652,136310686682.0,0.0,15.179,0.377,0.058,0.442,0.0,15.346,0.542,18.834,5.853,-12.97,1.7,-0.297,1.994,24.658,69.267,6.348,0.77,26.742,-5.212,1.851,-0.119,2.172,75.441,14.154,2.0,0.0,,0.0,0.0,0.0,0.0,0.0,28.277,-6.47,71.156,-5.775,83.483,119.123,2899.34,0.185,6.418,0.0,0.0,,0.0,0.0,0.0,0.0,0.0,0.0,421.273,28793672.0,117.323,26.742,6.348,-5.212,1.851,-0.119,2.172,75.441,0.0,,0.0,0.0,0.0,0.0,0.0,0.495,,0.152,0.178,0.178,2.084,6.174
MAR,Morocco,2001,-93.55,-0.24,0.0,0.0,32.969,0.061,8.005,9.392,0.0,0.0,,,,,,730.986,68.521,27.114,31.325,8.467,39.693,334.062,1362.796,0.017,0.569,15.65,0.0,9.73,13.13,0.0,0.86,0.0,3.4,0.0,0.0,1.07,0.0,0.21,14.2,10.38,0.866,4350.542,7.483,97.674,8.617,123.768,4249.342,450.795,92.465,146279418360.0,0.0,-1.074,0.345,-0.005,0.437,0.0,15.008,0.542,18.619,6.056,19.318,1.878,0.385,2.38,29.527,81.704,7.535,1.07,36.737,35.699,2.326,0.775,2.948,101.203,9.265,1.45,0.0,,0.0,0.0,0.0,0.0,0.0,23.944,0.185,66.004,0.155,83.637,116.733,2871.538,0.246,8.437,0.0,0.0,,0.0,0.0,0.0,0.0,0.0,0.0,487.532,29126322.0,126.715,36.737,7.535,35.699,2.326,0.775,2.948,101.203,0.0,,0.0,0.0,0.0,0.0,0.0,1.479,219.474,0.448,0.39,0.568,7.21,19.5
MAR,Morocco,2002,-100.0,-0.017,0.0,0.0,-35.0,-0.086,2.496,3.163,0.0,0.0,,,,,,735.488,68.404,-0.557,30.392,-0.221,39.472,352.065,1340.097,0.0,0.0,16.51,0.0,10.37,14.13,0.0,0.84,0.0,3.76,0.0,0.0,1.03,0.0,0.19,15.16,11.15,0.861,4409.408,2.642,97.813,3.27,127.038,4312.97,479.719,93.206,150893948891.0,0.0,20.973,0.407,0.092,0.529,0.0,17.953,0.542,18.411,5.541,-2.984,1.778,-0.071,2.309,28.518,78.382,6.794,1.03,34.969,-3.631,2.187,-0.107,2.841,96.441,8.177,1.35,0.0,,0.0,0.0,0.0,0.0,0.0,24.802,4.064,67.014,3.399,87.036,127.653,2954.92,0.16,5.423,0.0,0.0,,0.0,0.0,0.0,0.0,0.0,0.0,514.688,29454766.0,129.878,34.969,6.794,-3.631,2.187,-0.107,2.841,96.441,0.0,,0.0,0.0,0.0,0.0,0.009,1.253,-6.39,0.409,-0.036,0.532,6.451,18.05
MAR,Morocco,2003,,0.0,0.0,0.0,-23.077,-0.037,0.195,0.254,0.0,0.0,,,,,,711.772,66.08,-3.577,29.248,-1.412,38.06,365.646,1277.928,0.0,0.0,17.9,0.0,10.89,14.84,0.0,1.44,0.0,3.95,0.0,0.0,1.64,0.0,0.2,16.48,11.73,0.814,4369.347,-1.091,96.557,-1.386,125.651,4218.911,498.273,90.049,159964564028.0,0.0,-4.167,0.389,-0.022,0.507,0.0,17.016,0.542,18.208,8.738,70.127,3.018,1.619,3.928,48.35,131.879,9.951,1.64,55.065,57.729,3.443,1.64,4.481,150.439,7.933,1.42,0.0,,0.0,0.0,0.0,0.0,0.0,23.968,0.055,66.92,0.048,87.084,132.627,2923.968,0.123,4.125,0.0,0.0,,0.0,0.0,0.0,0.0,0.0,0.0,553.338,29782884.0,130.132,55.065,9.951,57.729,3.443,1.64,4.481,150.439,0.0,-0.602,0.0,-0.0,0.0,0.0,0.009,1.214,3.92,0.425,0.021,0.553,6.715,18.551
MAR,Morocco,2004,,0.164,-20.0,-0.108,0.274,0.0,13.894,18.081,0.0,0.0,,,,,,709.714,65.886,10.615,28.406,4.04,42.101,382.863,1397.986,0.164,5.454,19.01,0.0,11.53,15.71,0.0,1.59,0.0,4.18,0.0,0.0,1.79,0.0,0.2,17.5,12.42,0.883,4921.525,14.099,96.73,17.715,143.366,4760.602,521.664,89.771,167760840681.0,0.0,28.261,0.439,0.143,0.65,0.0,21.583,0.434,14.406,9.086,9.673,2.906,0.38,4.308,52.797,143.04,10.229,1.79,59.438,8.165,3.27,0.366,4.846,160.927,7.943,1.51,0.0,,0.0,0.0,0.0,0.0,0.0,23.886,15.539,67.886,13.532,100.616,138.8,3341.032,0.123,4.091,0.0,0.0,,0.0,0.0,0.0,0.0,0.0,0.0,581.102,30115196.0,148.213,59.438,10.229,8.165,3.27,0.366,4.846,160.927,0.0,-0.706,0.0,-0.0,0.0,0.0,0.009,1.143,-2.548,0.363,-0.014,0.538,6.641,17.879
MAR,Morocco,2005,-50.0,-0.082,14.198,0.062,-30.191,-0.037,8.55,12.672,0.0,0.0,,,,,,701.119,59.243,4.862,27.441,2.047,44.147,365.122,1449.572,0.082,2.697,19.57,0.0,11.12,17.59,2.44,0.97,0.0,4.03,0.0,0.0,1.18,0.0,0.21,18.77,13.16,0.927,5282.592,10.022,98.042,14.368,157.734,5179.163,577.563,93.713,173624636868.0,12.999,554.237,2.643,3.602,4.252,80.117,139.629,0.495,16.267,5.168,-39.76,1.613,-1.713,2.595,31.85,85.204,6.287,1.18,38.745,-35.0,1.958,-1.696,3.15,103.433,4.088,0.8,0.0,,0.0,0.0,0.0,0.0,0.0,21.47,8.665,67.958,8.719,109.334,132.324,3589.963,0.086,2.824,0.0,0.0,,0.0,0.0,0.0,0.0,0.0,0.0,616.308,30455562.0,160.884,38.745,6.287,-35.0,1.958,-1.696,3.15,103.433,0.0,-0.61,0.0,-0.0,0.0,0.0,0.009,1.119,3.064,0.345,0.016,0.555,6.895,18.221
MAR,Morocco,2006,-66.676,-0.055,45.904,0.227,42.857,0.037,2.035,3.274,0.0,0.0,,,,,,702.647,59.367,1.686,27.347,0.744,44.892,371.372,1457.305,0.027,0.888,21.27,0.0,11.44,18.1,2.51,0.99,0.0,4.15,0.0,0.0,1.17,0.0,0.18,19.27,13.54,0.876,5328.993,2.097,98.102,3.308,161.042,5227.84,587.573,93.928,187290247297.0,13.025,24.093,3.215,1.025,5.277,81.481,171.306,0.723,23.466,5.138,1.205,1.6,0.031,2.626,32.138,85.253,6.072,1.17,37.981,-1.079,1.898,-0.034,3.116,101.158,9.403,2.0,0.0,,0.0,0.0,0.0,0.0,0.0,21.536,1.407,67.54,1.539,110.873,134.72,3599.228,0.123,3.989,0.0,0.0,,0.0,0.0,0.0,0.0,0.0,0.0,625.554,30804690.0,164.158,37.981,6.072,-1.079,1.898,-0.034,3.116,101.158,0.0,-0.613,0.0,-0.0,0.0,0.0,0.009,0.934,-11.756,0.298,-0.065,0.49,5.843,15.896
MAR,Morocco,2007,-100.0,-0.027,-4.077,-0.029,10.0,0.012,-0.947,-1.555,0.0,0.0,,,,,,701.655,59.307,-16.252,23.121,-7.296,37.596,368.057,1206.408,0.0,0.0,22.79,0.0,11.47,18.15,2.52,0.91,0.0,4.16,0.0,0.0,1.19,0.0,0.28,19.34,13.57,0.836,5217.708,-0.979,98.071,-1.576,159.466,5117.049,582.409,93.847,194460175483.0,13.03,12.806,3.661,0.676,5.953,80.863,191.017,0.693,22.25,4.705,-8.767,1.473,-0.23,2.396,29.201,76.882,6.153,1.19,38.185,0.671,1.929,0.021,3.137,100.663,15.138,3.45,0.0,,0.0,0.0,0.0,0.0,0.0,21.51,4.549,71.288,5.044,115.917,133.489,3719.624,0.135,4.337,0.0,0.0,,0.0,0.0,0.0,0.0,0.0,0.0,620.594,31163670.0,162.603,38.185,6.153,0.671,1.929,0.021,3.137,100.663,0.0,-0.617,0.0,-0.0,0.0,0.0,0.009,1.448,51.286,0.456,0.251,0.741,8.985,23.772
MAR,Morocco,2008,,0.0,-4.534,-0.031,-17.958,-0.024,10.381,16.88,0.0,0.0,,,,,,700.611,59.267,13.352,23.744,5.02,42.616,369.093,1351.312,0.0,0.0,23.9,0.0,11.64,18.42,2.56,0.92,0.0,4.22,0.0,0.0,1.22,0.0,0.3,19.64,13.76,0.869,5691.223,10.543,98.214,16.812,176.278,5589.602,584.079,93.788,206522778811.0,13.035,-1.247,3.275,-0.074,5.879,81.175,186.403,0.662,20.989,4.684,0.899,1.347,0.022,2.417,29.172,76.656,6.212,1.22,38.685,2.164,1.786,0.068,3.205,101.625,17.824,4.26,0.0,,0.0,0.0,0.0,0.0,0.0,21.487,10.237,71.195,11.866,127.783,133.812,4051.887,0.111,3.516,0.0,0.0,,0.0,0.0,0.0,0.0,0.0,0.0,622.764,31536806.0,179.483,38.685,6.212,2.164,1.786,0.068,3.205,101.625,0.0,-0.621,0.0,-0.0,0.0,0.0,0.008,1.527,6.256,0.439,0.046,0.787,9.513,24.961
MAR,Morocco,2009,,0.0,0.0,0.0,-11.354,-0.013,-2.601,-4.669,0.0,0.0,,,,,,638.861,51.848,-26.155,18.002,-11.146,31.47,325.095,985.622,0.0,0.0,24.64,0.0,10.38,17.09,2.28,2.54,0.0,4.43,0.0,0.0,2.93,0.0,0.39,20.02,12.79,0.81,5475.075,-5.235,95.559,-9.228,167.05,5231.912,535.249,85.365,215877485505.0,11.389,9.854,3.694,0.579,6.458,71.408,202.255,0.662,20.732,12.687,178.712,3.854,4.32,6.738,79.551,211.025,14.635,2.93,91.766,142.256,4.441,4.559,7.764,243.168,18.75,4.62,0.0,,0.0,0.0,0.0,0.0,0.0,22.128,1.048,73.863,1.339,129.122,138.745,4044.036,0.098,3.079,0.0,0.0,,0.0,0.0,0.0,0.0,0.0,0.0,627.014,31929088.0,174.814,91.766,14.635,142.256,4.441,4.559,7.764,243.168,0.0,-0.625,0.0,-0.0,0.0,0.0,0.008,1.948,30.344,0.587,0.239,1.026,12.215,32.135
MAR,Morocco,2010,,0.0,13.38,0.089,24.993,0.025,10.843,18.955,0.045,0.309,,,,,,584.335,42.902,3.004,16.729,0.945,32.415,298.052,1002.227,0.0,0.0,26.41,0.01,9.64,18.37,4.61,3.43,0.0,4.12,0.0,0.01,4.1,0.0,0.66,22.47,13.13,0.862,5990.987,9.553,94.447,15.959,183.009,5658.318,567.968,81.753,224738368229.0,20.516,8.011,3.6,0.517,6.975,142.533,215.659,0.751,23.204,15.265,34.195,4.666,2.304,9.042,106.05,279.557,18.247,4.1,126.765,38.584,5.553,2.996,10.76,332.674,14.919,3.94,0.0,,0.0,0.0,0.0,0.0,0.0,18.336,11.227,74.118,14.496,143.618,127.383,4440.431,0.123,3.799,0.0,0.309,,0.0,0.0,0.0,0.0,0.045,0.0,694.732,32343384.0,193.769,126.765,18.247,38.584,5.553,2.996,10.76,332.674,0.0,-0.629,0.0,-0.0,0.0,0.0,0.008,2.937,67.415,0.886,0.692,1.718,20.406,53.109
MAR,Morocco,2011,,0.0,-14.286,-0.107,0.0,0.0,5.117,9.916,0.042,0.305,,,,,,632.291,46.534,6.819,17.0,2.211,34.626,335.856,1056.253,0.0,0.0,28.27,0.01,11.01,20.97,5.26,1.99,0.0,4.7,0.0,0.01,2.69,0.0,0.69,23.66,14.96,0.859,6213.328,7.477,96.568,13.684,196.694,6000.075,639.683,88.631,237165942135.0,22.232,26.574,4.335,1.854,8.829,160.455,269.317,0.643,19.623,8.411,-42.523,2.551,-3.845,5.197,60.704,158.531,11.369,2.69,82.058,-35.027,3.432,-3.769,6.991,213.258,16.307,4.61,0.0,,0.0,0.0,0.0,0.0,0.0,19.865,6.699,75.233,9.62,153.239,143.372,4674.505,0.123,3.748,0.0,0.305,,0.0,0.0,0.0,0.0,0.042,0.0,721.741,32781860.0,203.684,82.058,11.369,-35.027,3.432,-3.769,6.991,213.258,0.0,-0.633,0.0,-0.0,0.0,0.0,0.008,2.916,4.429,0.881,0.076,1.794,21.048,54.72
MAR,Morocco,2012,,0.0,31.667,0.204,-29.808,-0.037,1.748,3.561,0.039,0.301,,,,,,647.446,47.717,1.573,16.97,0.545,35.171,370.917,1058.019,0.0,0.0,30.68,0.01,12.33,23.48,5.89,1.62,0.0,5.26,0.0,0.01,2.36,0.0,0.73,25.84,16.73,0.847,6234.459,2.275,97.068,4.475,201.169,6051.668,706.338,90.867,244646076981.0,22.794,33.741,5.697,2.979,11.808,177.186,355.203,0.847,25.48,6.269,-19.163,2.027,-0.996,4.201,48.734,126.379,9.133,2.36,70.995,-13.081,2.932,-0.915,6.076,182.796,15.776,4.84,0.0,,0.0,0.0,0.0,0.0,0.0,20.356,0.621,74.4,0.952,154.191,158.234,4638.447,0.086,2.594,0.0,0.301,,0.0,0.0,0.0,0.0,0.039,0.0,777.332,33241898.0,207.245,70.995,9.133,-13.081,2.932,-0.915,6.076,182.796,0.0,-0.318,0.0,-0.0,0.0,0.0,0.008,2.825,4.534,0.905,0.081,1.875,21.96,56.409
MAR,Morocco,2013,,0.0,22.785,0.193,13.973,0.012,2.562,5.309,0.039,0.297,,,,,,597.556,43.95,-0.764,16.42,-0.269,34.902,330.706,1035.182,0.0,0.0,30.77,0.01,11.15,21.24,5.33,2.76,0.0,4.76,0.0,0.01,4.13,0.0,1.36,25.37,15.16,0.83,6304.323,0.569,95.182,1.145,202.314,6000.583,629.973,83.721,256075633955.0,21.009,-3.035,5.386,-0.358,11.449,158.087,339.581,1.04,30.846,10.879,69.726,3.355,2.929,7.13,81.861,211.482,16.279,4.13,122.495,68.535,4.818,4.164,10.241,303.745,17.55,5.4,0.0,,0.0,0.0,0.0,0.0,0.0,18.762,1.149,73.375,1.772,155.963,141.181,4625.82,0.098,2.915,0.0,0.297,,0.0,0.0,0.0,0.0,0.039,0.0,752.468,33715704.0,212.555,122.495,16.279,68.535,4.818,4.164,10.241,303.745,0.0,-0.852,0.0,-0.0,0.0,0.0,0.008,5.361,65.877,1.463,1.235,3.11,40.337,92.255
MAR,Morocco,2014,,0.0,0.0,0.0,0.0,0.0,1.478,3.142,0.038,0.292,,,,,,632.482,52.307,34.528,21.768,12.051,46.953,401.259,1373.199,0.0,0.0,32.24,0.01,13.72,22.68,4.73,1.62,0.0,4.23,0.0,0.01,3.55,0.0,1.92,26.23,16.59,0.82,6308.34,2.135,95.798,4.32,206.634,6043.28,663.306,86.466,262911203185.0,18.033,-3.084,5.144,-0.353,11.096,138.335,324.522,1.04,30.416,6.176,-41.559,1.932,-2.963,4.167,47.379,121.87,13.534,3.55,103.824,-11.501,4.202,-1.178,9.063,265.065,18.641,6.01,0.0,,0.0,0.0,0.0,0.0,0.0,16.127,-4.731,68.886,-7.378,148.585,123.712,4345.56,0.098,2.875,0.0,0.292,,0.0,0.0,0.0,0.0,0.038,0.0,767.13,34192360.0,215.697,103.824,13.534,-11.501,4.202,-1.178,9.063,265.065,0.0,-0.644,0.0,-0.0,0.0,0.0,0.008,7.32,57.402,2.27,1.785,4.896,56.153,143.187
MAR,Morocco,2015,,0.0,-3.093,-0.032,0.0,0.0,1.706,3.679,0.107,0.865,,,,,,616.429,50.929,10.103,23.565,4.744,51.697,411.382,1491.378,0.0,0.0,32.97,0.03,14.26,23.58,4.92,1.87,0.0,4.4,0.0,0.03,4.42,0.0,2.52,28.0,17.26,0.797,6328.721,0.768,94.914,1.586,208.22,6006.876,680.252,84.214,275091631276.0,17.571,1.822,5.15,0.202,11.298,141.936,325.944,1.008,29.074,6.679,14.436,2.174,0.602,4.769,53.947,137.568,15.786,4.42,127.511,23.097,5.086,2.093,11.157,321.851,15.074,4.97,0.0,,0.0,0.0,0.0,0.0,0.0,15.714,-2.261,66.199,-3.36,145.225,126.934,4189.554,0.098,2.836,0.0,0.865,,0.0,0.0,0.0,0.0,0.107,0.0,807.764,34663608.0,219.376,127.511,15.786,23.097,5.086,2.093,11.157,321.851,0.0,5510.811,0.007,0.014,0.014,0.0,0.416,9.0,30.18,2.905,1.478,6.373,72.699,183.867
MAR,Morocco,2016,,0.0,-8.511,-0.086,0.274,0.0,1.072,2.352,0.14,1.139,,,,,,621.489,51.404,-3.638,22.467,-1.881,49.816,416.782,1418.197,0.0,0.0,33.63,0.04,14.64,24.2,5.05,1.24,0.0,4.51,0.0,0.04,4.28,0.0,3.0,28.48,17.7,0.793,6312.329,0.863,94.718,1.797,210.017,5978.904,688.943,84.972,279436949874.0,17.732,1.625,5.178,0.184,11.482,143.767,326.877,0.922,26.25,4.354,-33.779,1.424,-1.611,3.158,35.301,89.899,15.028,4.28,121.846,4.98,5.282,0.556,11.712,333.43,15.314,5.15,0.0,,0.0,0.0,0.0,0.0,0.0,15.836,2.406,67.072,3.494,148.719,128.394,4233.83,0.099,2.806,0.0,1.139,,0.0,0.0,0.0,0.0,0.14,0.0,810.789,35126272.0,221.729,121.846,15.028,4.98,5.282,0.556,11.712,333.43,0.0,6903.626,0.455,0.995,1.01,0.0,28.745,10.534,18.375,3.403,1.171,7.545,85.406,214.786
MAR,Morocco,2017,,,,,,,4.733,10.495,0.136,1.124,,,,,,631.954,54.376,3.945,22.298,1.965,51.781,450.518,1455.294,,,35.38,0.04,16.03,25.23,4.86,1.17,0.0,4.34,0.0,0.04,4.25,0.0,3.04,29.48,18.63,0.797,6526.56,5.057,95.01,10.62,220.636,6200.908,709.081,85.583,291271105680.0,16.486,-0.776,4.906,-0.089,11.393,136.589,320.193,,,3.969,-6.208,1.275,-0.196,2.962,32.882,83.24,14.417,4.25,119.445,-1.066,4.99,-0.125,11.587,325.657,16.676,5.9,0.0,,0.0,0.0,0.0,0.0,0.0,14.722,5.879,67.806,8.743,157.462,121.974,4425.422,,,0.0,1.124,,0.0,0.0,0.0,0.0,0.136,0.0,828.526,35581256.0,232.223,119.445,14.417,-1.066,4.99,-0.125,11.587,325.657,0.0,2.829,0.447,0.029,1.038,0.0,29.18,10.312,0.565,3.267,0.043,7.587,85.438,213.237
MAR,Morocco,2018,,,,,,,3.354,7.788,0.094,0.833,,,,,,622.915,59.144,15.664,24.954,8.111,59.892,521.523,1662.336,,,35.14,0.03,18.79,26.06,3.84,1.68,0.0,3.43,0.0,0.03,5.71,0.16,3.84,31.77,19.79,0.8,6661.594,1.477,93.285,3.259,223.895,6214.292,723.304,82.027,299980109157.0,12.087,-9.624,4.29,-1.096,10.296,106.581,285.78,,,5.288,42.105,1.754,1.247,4.209,46.629,116.818,17.973,5.71,158.483,39.084,6.715,4.529,16.116,447.307,9.59,3.37,0.0,,0.0,0.0,0.0,0.0,0.0,10.796,-2.385,64.041,-3.756,153.706,95.201,4266.176,,,0.0,0.833,,0.0,0.0,0.0,0.0,0.094,0.0,881.788,36029088.0,240.011,158.483,17.973,39.084,6.715,4.529,16.116,447.307,0.504,127.45,0.984,1.323,2.361,4.441,65.544,12.087,25.812,3.977,1.958,9.546,106.581,264.945
MAR,Morocco,2019,,,,,,,9.131,21.916,0.107,1.097,,,,,,621.273,58.958,29.378,29.584,17.595,77.487,601.835,2124.59,,,36.3,0.04,21.95,30.45,4.49,1.64,0.0,4.01,0.0,0.04,6.78,0.4,4.7,37.23,23.13,,7181.644,8.644,92.869,19.353,243.248,6669.495,834.892,81.789,,12.06,-5.24,3.725,-0.54,9.757,123.109,267.518,,,4.405,-25.706,1.194,-1.082,3.127,44.966,85.735,18.211,6.78,185.897,15.904,7.131,2.563,18.679,512.155,-2.562,-0.93,0.0,,0.0,0.0,0.0,0.0,0.0,10.771,1.495,59.56,2.297,156.004,109.948,4277.388,,,0.0,1.097,,0.0,0.0,0.0,0.0,0.107,0.0,1020.79,36471764.0,261.927,185.897,18.211,15.904,7.131,2.563,18.679,512.155,1.074,65.829,1.495,1.555,3.916,10.967,107.372,12.624,21.9,4.443,2.091,11.636,128.867,319.047
MAR,Morocco,2020,,,,,,,-6.889,-18.045,0.108,1.084,,,,,,624.966,59.308,0.402,31.9,0.312,77.799,594.681,2107.78,,,37.24,0.04,21.95,30.45,4.49,1.55,0.0,4.01,0.0,0.04,6.56,0.38,4.59,37.01,23.13,,6607.388,-7.973,91.788,-19.394,223.854,6064.766,824.967,82.275,,12.132,-22.817,3.088,-2.226,7.531,121.645,204.023,,,4.188,-9.496,1.16,-0.297,2.83,41.993,76.672,17.725,6.56,177.727,7.225,8.212,1.349,20.029,542.627,0.618,0.23,0.0,,0.0,0.0,0.0,0.0,0.0,10.835,-11.205,56.799,-17.48,138.524,108.641,3752.963,,,0.0,1.084,,0.0,0.0,0.0,0.0,0.108,0.0,1002.694,36910560.0,243.882,177.727,17.725,7.225,8.212,1.349,20.029,542.627,1.027,-0.367,1.6,-0.014,3.902,10.295,105.706,12.402,14.273,5.452,1.661,13.297,124.355,360.249
