iso_code,country,year,coal_prod_change_pct,coal_prod_change_twh,gas_prod_change_pct,gas_prod_change_twh,oil_prod_change_pct,oil_prod_change_twh,energy_cons_change_pct,energy_cons_change_twh,biofuel_share_elec,biofuel_elec_per_capita,biofuel_cons_change_pct,biofuel_share_energy,biofuel_cons_change_twh,biofuel_consumption,biofuel_cons_per_capita,carbon_intensity_elec,coal_share_elec,coal_cons_change_pct,coal_share_energy,coal_cons_change_twh,coal_consumption,coal_elec_per_capita,coal_cons_per_capita,coal_production,coal_prod_per_capita,electricity_demand,biofuel_electricity,coal_electricity,fossil_electricity,gas_electricity,hydro_electricity,nuclear_electricity,oil_electricity,other_renewable_exc_biofuel_electricity,other_renewable_electricity,renewables_electricity,solar_electricity,wind_electricity,electricity_generation,greenhouse_gas_emissions,energy_per_gdp,energy_per_capita,fossil_cons_change_pct,fossil_share_energy,fossil_cons_change_twh,fossil_fuel_consumption,fossil_energy_per_capita,fossil_cons_per_capita,fossil_share_elec,gdp,gas_share_elec,gas_cons_change_pct,gas_share_energy,gas_cons_change_twh,gas_consumption,gas_elec_per_capita,gas_energy_per_capita,gas_production,gas_prod_per_capita,hydro_share_elec,hydro_cons_change_pct,hydro_share_energy,hydro_cons_change_twh,hydro_consumption,hydro_elec_per_capita,hydro_energy_per_capita,low_carbon_share_elec,low_carbon_electricity,low_carbon_elec_per_capita,low_carbon_cons_change_pct,low_carbon_share_energy,low_carbon_cons_change_twh,low_carbon_consumption,low_carbon_energy_per_capita,net_elec_imports_share_demand,net_elec_imports,nuclear_share_elec,nuclear_cons_change_pct,nuclear_share_energy,nuclear_cons_change_twh,nuclear_consumption,nuclear_elec_per_capita,nuclear_energy_per_capita,oil_share_elec,oil_cons_change_pct,oil_share_energy,oil_cons_change_twh,oil_consumption,oil_elec_per_capita,oil_energy_per_capita,oil_production,oil_prod_per_capita,other_renewables_elec_per_capita_exc_biofuel,other_renewables_elec_per_capita,other_renewables_cons_change_pct,other_renewables_share_energy,other_renewables_cons_change_twh,other_renewable_consumption,other_renewables_share_elec_exc_biofuel,other_renewables_share_elec,other_renewables_energy_per_capita,per_capita_electricity,population,primary_energy_consumption,renewables_elec_per_capita,renewables_share_elec,renewables_cons_change_pct,renewables_share_energy,renewables_cons_change_twh,renewables_consumption,renewables_energy_per_capita,solar_share_elec,solar_cons_change_pct,solar_share_energy,solar_cons_change_twh,solar_consumption,solar_elec_per_capita,solar_energy_per_capita,wind_share_elec,wind_cons_change_pct,wind_share_energy,wind_cons_change_twh,wind_consumption,wind_elec_per_capita,wind_energy_per_capita
MMR,Myanmar,1900,,,,,,,,,,,,,,,,,,,,,,,,0.0,0.0,,,,,,,,,,,,,,,,,,,,,,,,,,,,,,,,,0.0,0.0,,,,,,,,,,,,,,,,,,,,,,,,,,,,,,,,0.0,0.0,,,,,,,,,,,9429855.0,,,,,,,,,,,,,,,,,,,,,,
MMR,Myanmar,1901,,0.0,,0.0,,0.0,,,,,,,,,,,,,,,,,,0.0,0.0,,,,,,,,,,,,,,,,,,,,,,,,,11685860000.0,,,,,,,,0.0,0.0,,,,,,,,,,,,,,,,,,,,,,,,,,,,,,,,0.0,0.0,,,,,,,,,,,9623009.0,,,,,,,,,,,,,,,,,,,,,,
MMR,Myanmar,1902,,0.0,,0.0,,0.0,,,,,,,,,,,,,,,,,,0.0,0.0,,,,,,,,,,,,,,,,,,,,,,,,,,,,,,,,,0.0,0.0,,,,,,,,,,,,,,,,,,,,,,,,,,,,,,,,0.0,0.0,,,,,,,,,,,9792226.0,,,,,,,,,,,,,,,,,,,,,,
MMR,Myanmar,1903,,0.0,,0.0,,0.0,,,,,,,,,,,,,,,,,,0.0,0.0,,,,,,,,,,,,,,,,,,,,,,,,,,,,,,,,,0.0,0.0,,,,,,,,,,,,,,,,,,,,,,,,,,,,,,,,0.0,0.0,,,,,,,,,,,9936399.0,,,,,,,,,,,,,,,,,,,,,,
MMR,Myanmar,1904,,0.0,,0.0,,0.0,,,,,,,,,,,,,,,,,,0.0,0.0,,,,,,,,,,,,,,,,,,,,,,,,,,,,,,,,,0.0,0.0,,,,,,,,,,,,,,,,,,,,,,,,,,,,,,,,0.0,0.0,,,,,,,,,,,10082675.0,,,,,,,,,,,,,,,,,,,,,,
MMR,Myanmar,1905,,0.0,,0.0,,0.0,,,,,,,,,,,,,,,,,,0.0,0.0,,,,,,,,,,,,,,,,,,,,,,,,,,,,,,,,,0.0,0.0,,,,,,,,,,,,,,,,,,,,,,,,,,,,,,,,0.0,0.0,,,,,,,,,,,10231085.0,,,,,,,,,,,,,,,,,,,,,,
MMR,Myanmar,1906,,0.0,,0.0,,0.0,,,,,,,,,,,,,,,,,,0.0,0.0,,,,,,,,,,,,,,,,,,,,,,,,,10168246000.0,,,,,,,,0.0,0.0,,,,,,,,,,,,,,,,,,,,,,,,,,,,,,,,0.0,0.0,,,,,,,,,,,10381658.0,,,,,,,,,,,,,,,,,,,,,,
MMR,Myanmar,1907,,0.0,,0.0,,0.0,,,,,,,,,,,,,,,,,,0.0,0.0,,,,,,,,,,,,,,,,,,,,,,,,,,,,,,,,,0.0,0.0,,,,,,,,,,,,,,,,,,,,,,,,,,,,,,,,0.0,0.0,,,,,,,,,,,10534425.0,,,,,,,,,,,,,,,,,,,,,,
MMR,Myanmar,1908,,0.0,,0.0,,0.0,,,,,,,,,,,,,,,,,,0.0,0.0,,,,,,,,,,,,,,,,,,,,,,,,,,,,,,,,,0.0,0.0,,,,,,,,,,,,,,,,,,,,,,,,,,,,,,,,0.0,0.0,,,,,,,,,,,10689420.0,,,,,,,,,,,,,,,,,,,,,,
MMR,Myanmar,1909,,0.0,,0.0,,0.0,,,,,,,,,,,,,,,,,,0.0,0.0,,,,,,,,,,,,,,,,,,,,,,,,,,,,,,,,,0.0,0.0,,,,,,,,,,,,,,,,,,,,,,,,,,,,,,,,0.0,0.0,,,,,,,,,,,10831501.0,,,,,,,,,,,,,,,,,,,,,,
MMR,Myanmar,1910,,0.0,,0.0,,0.0,,,,,,,,,,,,,,,,,,0.0,0.0,,,,,,,,,,,,,,,,,,,,,,,,,,,,,,,,,0.0,0.0,,,,,,,,,,,,,,,,,,,,,,,,,,,,,,,,0.0,0.0,,,,,,,,,,,10960381.0,,,,,,,,,,,,,,,,,,,,,,
MMR,Myanmar,1911,,0.0,,0.0,,0.0,,,,,,,,,,,,,,,,,,0.0,0.0,,,,,,,,,,,,,,,,,,,,,,,,,11727320000.0,,,,,,,,0.0,0.0,,,,,,,,,,,,,,,,,,,,,,,,,,,,,,,,0.0,0.0,,,,,,,,,,,11075767.0,,,,,,,,,,,,,,,,,,,,,,
MMR,Myanmar,1912,,0.0,,0.0,,0.0,,,,,,,,,,,,,,,,,,0.0,0.0,,,,,,,,,,,,,,,,,,,,,,,,,,,,,,,,,0.0,0.0,,,,,,,,,,,,,,,,,,,,,,,,,,,,,,,,0.0,0.0,,,,,,,,,,,11177360.0,,,,,,,,,,,,,,,,,,,,,,
MMR,Myanmar,1913,,0.0,,0.0,,0.0,,,,,,,,,,,,,,,,,,0.0,0.0,,,,,,,,,,,,,,,,,,,,,,,,,13459992000.0,,,,,,,,0.0,0.0,,,,,,,,,,,,,,,,,,,,,,,,,,,,,,,,0.0,0.0,,,,,,,,,,,11264859.0,,,,,,,,,,,,,,,,,,,,,,
MMR,Myanmar,1914,,0.0,,0.0,,0.0,,,,,,,,,,,,,,,,,,0.0,0.0,,,,,,,,,,,,,,,,,,,,,,,,,,,,,,,,,0.0,0.0,,,,,,,,,,,,,,,,,,,,,,,,,,,,,,,,0.0,0.0,,,,,,,,,,,11353020.0,,,,,,,,,,,,,,,,,,,,,,
MMR,Myanmar,1915,,0.0,,0.0,,0.0,,,,,,,,,,,,,,,,,,0.0,0.0,,,,,,,,,,,,,,,,,,,,,,,,,,,,,,,,,0.0,0.0,,,,,,,,,,,,,,,,,,,,,,,,,,,,,,,,0.0,0.0,,,,,,,,,,,11441848.0,,,,,,,,,,,,,,,,,,,,,,
MMR,Myanmar,1916,,0.0,,0.0,,0.0,,,,,,,,,,,,,,,,,,0.0,0.0,,,,,,,,,,,,,,,,,,,,,,,,,16596800000.0,,,,,,,,0.0,0.0,,,,,,,,,,,,,,,,,,,,,,,,,,,,,,,,0.0,0.0,,,,,,,,,,,11531347.0,,,,,,,,,,,,,,,,,,,,,,
MMR,Myanmar,1917,,0.0,,0.0,,0.0,,,,,,,,,,,,,,,,,,0.0,0.0,,,,,,,,,,,,,,,,,,,,,,,,,,,,,,,,,0.0,0.0,,,,,,,,,,,,,,,,,,,,,,,,,,,,,,,,0.0,0.0,,,,,,,,,,,11621521.0,,,,,,,,,,,,,,,,,,,,,,
MMR,Myanmar,1918,,0.0,,0.0,,0.0,,,,,,,,,,,,,,,,,,0.0,0.0,,,,,,,,,,,,,,,,,,,,,,,,,,,,,,,,,0.0,0.0,,,,,,,,,,,,,,,,,,,,,,,,,,,,,,,,0.0,0.0,,,,,,,,,,,11729220.0,,,,,,,,,,,,,,,,,,,,,,
MMR,Myanmar,1919,,0.0,,0.0,,0.0,,,,,,,,,,,,,,,,,,0.0,0.0,,,,,,,,,,,,,,,,,,,,,,,,,,,,,,,,,0.0,0.0,,,,,,,,,,,,,,,,,,,,,,,,,,,,,,,,0.0,0.0,,,,,,,,,,,11840482.0,,,,,,,,,,,,,,,,,,,,,,
MMR,Myanmar,1920,,0.0,,0.0,,0.0,,,,,,,,,,,,,,,,,,0.0,0.0,,,,,,,,,,,,,,,,,,,,,,,,,,,,,,,,,0.0,0.0,,,,,,,,,,,,,,,,,,,,,,,,,,,,,,,,0.0,0.0,,,,,,,,,,,11955367.0,,,,,,,,,,,,,,,,,,,,,,
MMR,Myanmar,1921,,0.0,,0.0,,0.0,,,,,,,,,,,,,,,,,,0.0,0.0,,,,,,,,,,,,,,,,,,,,,,,,,14969196000.0,,,,,,,,0.0,0.0,,,,,,,,,,,,,,,,,,,,,,,,,,,,,,,,0.0,0.0,,,,,,,,,,,12073934.0,,,,,,,,,,,,,,,,,,,,,,
MMR,Myanmar,1922,,0.0,,0.0,,0.0,,,,,,,,,,,,,,,,,,0.0,0.0,,,,,,,,,,,,,,,,,,,,,,,,,,,,,,,,,0.0,0.0,,,,,,,,,,,,,,,,,,,,,,,,,,,,,,,,0.0,0.0,,,,,,,,,,,12196245.0,,,,,,,,,,,,,,,,,,,,,,
MMR,Myanmar,1923,,0.0,,0.0,,0.0,,,,,,,,,,,,,,,,,,0.0,0.0,,,,,,,,,,,,,,,,,,,,,,,,,,,,,,,,,0.0,0.0,,,,,,,,,,,,,,,,,,,,,,,,,,,,,,,,0.0,0.0,,,,,,,,,,,12322363.0,,,,,,,,,,,,,,,,,,,,,,
MMR,Myanmar,1924,,0.0,,0.0,,0.0,,,,,,,,,,,,,,,,,,0.0,0.0,,,,,,,,,,,,,,,,,,,,,,,,,,,,,,,,,0.0,0.0,,,,,,,,,,,,,,,,,,,,,,,,,,,,,,,,0.0,0.0,,,,,,,,,,,12449784.0,,,,,,,,,,,,,,,,,,,,,,
MMR,Myanmar,1925,,0.0,,0.0,,0.0,,,,,,,,,,,,,,,,,,0.0,0.0,,,,,,,,,,,,,,,,,,,,,,,,,,,,,,,,,0.0,0.0,,,,,,,,,,,,,,,,,,,,,,,,,,,,,,,,0.0,0.0,,,,,,,,,,,12578523.0,,,,,,,,,,,,,,,,,,,,,,
MMR,Myanmar,1926,,0.0,,0.0,,0.0,,,,,,,,,,,,,,,,,,0.0,0.0,,,,,,,,,,,,,,,,,,,,,,,,,18069458000.0,,,,,,,,0.0,0.0,,,,,,,,,,,,,,,,,,,,,,,,,,,,,,,,0.0,0.0,,,,,,,,,,,12708594.0,,,,,,,,,,,,,,,,,,,,,,
MMR,Myanmar,1927,,0.0,,0.0,,0.0,,,,,,,,,,,,,,,,,,0.0,0.0,,,,,,,,,,,,,,,,,,,,,,,,,,,,,,,,,0.0,0.0,,,,,,,,,,,,,,,,,,,,,,,,,,,,,,,,0.0,0.0,,,,,,,,,,,12840009.0,,,,,,,,,,,,,,,,,,,,,,
MMR,Myanmar,1928,,0.0,,0.0,,11.967,,,,,,,,,,,,,,,,,,0.0,0.0,,,,,,,,,,,,,,,,,,,,,,,,,,,,,,,,,0.0,0.0,,,,,,,,,,,,,,,,,,,,,,,,,,,,,,,,11.967,922.491,,,,,,,,,,,12972784.0,,,,,,,,,,,,,,,,,,,,,,
MMR,Myanmar,1929,,0.0,,0.0,-3.401,-0.407,,,,,,,,,,,,,,,,,,0.0,0.0,,,,,,,,,,,,,,,,,,,,,,,,,,,,,,,,,0.0,0.0,,,,,,,,,,,,,,,,,,,,,,,,,,,,,,,,11.56,881.435,,,,,,,,,,,13115234.0,,,,,,,,,,,,,,,,,,,,,,
MMR,Myanmar,1930,,0.0,,0.0,1.207,0.14,,,,,,,,,,,,,,,,,,0.0,0.0,,,,,,,,,,,,,,,,,,,,,,,,,,,,,,,,,0.0,0.0,,,,,,,,,,,,,,,,,,,,,,,,,,,,,,,,11.7,881.834,,,,,,,,,,,13267571.0,,,,,,,,,,,,,,,,,,,,,,
MMR,Myanmar,1931,,0.0,,0.0,-4.871,-0.57,,,,,,,,,,,,,,,,,,0.0,0.0,,,,,,,,,,,,,,,,,,,,,,,,,21091146000.0,,,,,,,,0.0,0.0,,,,,,,,,,,,,,,,,,,,,,,,,,,,,,,,11.13,828.735,,,,,,,,,,,13430012.0,,,,,,,,,,,,,,,,,,,,,,
MMR,Myanmar,1932,,0.0,,0.0,1.463,0.163,,,,,,,,,,,,,,,,,,0.0,0.0,,,,,,,,,,,,,,,,,,,,,,,,,,,,,,,,,0.0,0.0,,,,,,,,,,,,,,,,,,,,,,,,,,,,,,,,11.293,830.179,,,,,,,,,,,13602775.0,,,,,,,,,,,,,,,,,,,,,,
MMR,Myanmar,1933,,0.0,,0.0,0.618,0.07,,,,,,,,,,,,,,,,,,0.0,0.0,,,,,,,,,,,,,,,,,,,,,,,,,,,,,,,,,0.0,0.0,,,,,,,,,,,,,,,,,,,,,,,,,,,,,,,,11.363,824.202,,,,,,,,,,,13786084.0,,,,,,,,,,,,,,,,,,,,,,
MMR,Myanmar,1934,,0.0,,0.0,2.252,0.256,,,,,,,,,,,,,,,,,,0.0,0.0,,,,,,,,,,,,,,,,,,,,,,,,,,,,,,,,,0.0,0.0,,,,,,,,,,,,,,,,,,,,,,,,,,,,,,,,11.618,831.555,,,,,,,,,,,13971863.0,,,,,,,,,,,,,,,,,,,,,,
MMR,Myanmar,1935,,0.0,,0.0,-1.301,-0.151,,,,,,,,,,,,,,,,,,0.0,0.0,,,,,,,,,,,,,,,,,,,,,,,,,,,,,,,,,0.0,0.0,,,,,,,,,,,,,,,,,,,,,,,,,,,,,,,,11.467,809.821,,,,,,,,,,,14160146.0,,,,,,,,,,,,,,,,,,,,,,
MMR,Myanmar,1936,,0.0,,0.0,2.84,0.326,,,,,,,,,,,,,,,,,,0.0,0.0,,,,,,,,,,,,,,,,,,,,,,,,,20985888000.0,,,,,,,,0.0,0.0,,,,,,,,,,,,,,,,,,,,,,,,,,,,,,,,11.793,821.745,,,,,,,,,,,14350966.0,,,,,,,,,,,,,,,,,,,,,,
MMR,Myanmar,1937,,0.0,,0.0,3.452,0.407,,,,,,,,,,,,,,,,,,0.0,0.0,,,,,,,,,,,,,,,,,,,,,,,,,,,,,,,,,0.0,0.0,,,,,,,,,,,,,,,,,,,,,,,,,,,,,,,,12.2,838.805,,,,,,,,,,,14544357.0,,,,,,,,,,,,,,,,,,,,,,
MMR,Myanmar,1938,,0.0,,0.0,-4.004,-0.488,,,,,,,,,,,,,,,,,,0.0,0.0,,,,,,,,,,,,,,,,,,,,,,,,,19051100000.0,,,,,,,,0.0,0.0,,,,,,,,,,,,,,,,,,,,,,,,,,,,,,,,11.711,794.514,,,,,,,,,,,14740355.0,,,,,,,,,,,,,,,,,,,,,,
MMR,Myanmar,1939,,0.0,,0.0,4.568,0.535,,,,,,,,,,,,,,,,,,0.0,0.0,,,,,,,,,,,,,,,,,,,,,,,,,,,,,,,,,0.0,0.0,,,,,,,,,,,,,,,,,,,,,,,,,,,,,,,,12.246,819.308,,,,,,,,,,,14947253.0,,,,,,,,,,,,,,,,,,,,,,
MMR,Myanmar,1940,,0.0,,0.0,-1.804,-0.221,,,,,,,,,,,,,,,,,,0.0,0.0,,,,,,,,,,,,,,,,,,,,,,,,,,,,,,,,,0.0,0.0,,,,,,,,,,,,,,,,,,,,,,,,,,,,,,,,12.025,792.955,,,,,,,,,,,15165332.0,,,,,,,,,,,,,,,,,,,,,,
MMR,Myanmar,1941,,0.0,,0.0,0.387,0.047,,,,,,,,,,,,,,,,,,0.0,0.0,,,,,,,,,,,,,,,,,,,,,,,,,,,,,,,,,0.0,0.0,,,,,,,,,,,,,,,,,,,,,,,,,,,,,,,,12.072,784.154,,,,,,,,,,,15394879.0,,,,,,,,,,,,,,,,,,,,,,
MMR,Myanmar,1942,,0.0,,0.0,-67.823,-8.188,,,,,,,,,,,,,,,,,,0.0,0.0,,,,,,,,,,,,,,,,,,,,,,,,,,,,,,,,,0.0,0.0,,,,,,,,,,,,,,,,,,,,,,,,,,,,,,,,3.884,248.425,,,,,,,,,,,15636187.0,,,,,,,,,,,,,,,,,,,,,,
MMR,Myanmar,1943,,0.0,,0.0,-59.88,-2.326,,,,,,,,,,,,,,,,,,0.0,0.0,,,,,,,,,,,,,,,,,,,,,,,,,,,,,,,,,0.0,0.0,,,,,,,,,,,,,,,,,,,,,,,,,,,,,,,,1.558,98.078,,,,,,,,,,,15889555.0,,,,,,,,,,,,,,,,,,,,,,
MMR,Myanmar,1944,,0.0,,0.0,-25.373,-0.395,,,,,,,,,,,,,,,,,,0.0,0.0,,,,,,,,,,,,,,,,,,,,,,,,,,,,,,,,,0.0,0.0,,,,,,,,,,,,,,,,,,,,,,,,,,,,,,,,1.163,72.026,,,,,,,,,,,16147027.0,,,,,,,,,,,,,,,,,,,,,,
MMR,Myanmar,1945,,0.0,,0.0,-3.0,-0.035,,,,,,,,,,,,,,,,,,0.0,0.0,,,,,,,,,,,,,,,,,,,,,,,,,,,,,,,,,0.0,0.0,,,,,,,,,,,,,,,,,,,,,,,,,,,,,,,,1.128,68.751,,,,,,,,,,,16408672.0,,,,,,,,,,,,,,,,,,,,,,
MMR,Myanmar,1946,,0.0,,0.0,-97.938,-1.105,,,,,,,,,,,,,,,,,,0.0,0.0,,,,,,,,,,,,,,,,,,,,,,,,,,,,,,,,,0.0,0.0,,,,,,,,,,,,,,,,,,,,,,,,,,,,,,,,0.023,1.395,,,,,,,,,,,16674557.0,,,,,,,,,,,,,,,,,,,,,,
MMR,Myanmar,1947,,0.0,,0.0,300.0,0.07,,,,,,,,,,,,,,,,,,0.0,0.0,,,,,,,,,,,,,,,,,,,,,,,,,,,,,,,,,0.0,0.0,,,,,,,,,,,,,,,,,,,,,,,,,,,,,,,,0.093,5.491,,,,,,,,,,,16944750.0,,,,,,,,,,,,,,,,,,,,,,
MMR,Myanmar,1948,,0.0,,0.0,525.0,0.488,,,,,,,,,,,,,,,,,,0.0,0.0,,,,,,,,,,,,,,,,,,,,,,,,,,,,,,,,,0.0,0.0,,,,,,,,,,,,,,,,,,,,,,,,,,,,,,,,0.582,33.77,,,,,,,,,,,17219321.0,,,,,,,,,,,,,,,,,,,,,,
MMR,Myanmar,1949,,0.0,,0.0,-32.0,-0.186,,,,,,,,,,,,,,,,,,0.0,0.0,,,,,,,,,,,,,,,,,,,,,,,,,,,,,,,,,0.0,0.0,,,,,,,,,,,,,,,,,,,,,,,,,,,,,,,,0.395,22.599,,,,,,,,,,,17497600.0,,,,,,,,,,,,,,,,,,,,,,
MMR,Myanmar,1950,,0.0,,0.024,105.882,0.419,,,,,,,,,,,,,,,,,,0.0,0.0,,,,,,,,,,,,,,,,,,,,,,,,,12296711567.0,,,,,,,,0.024,1.355,,,,,,,,,,,,,,,,,,,,,,,,,,,,,,,,0.814,45.788,,,,,,,,,,,17779634.0,,,,,,,,,,,,,,,,,,,,,,
MMR,Myanmar,1951,,0.0,0.0,0.0,62.857,0.512,,,,,,,,,,,,,,,,,,0.0,0.0,,,,,,,,,,,,,,,,,,,,,,,,,14069450016.0,,,,,,,,0.024,1.33,,,,,,,,,,,,,,,,,,,,,,,,,,,,,,,,1.326,73.234,,,,,,,,,,,18103970.0,,,,,,,,,,,,,,,,,,,,,,
MMR,Myanmar,1952,,0.0,50.0,0.012,10.526,0.14,,,,,,,,,,,,,,,,,,0.0,0.0,,,,,,,,,,,,,,,,,,,,,,,,,14386939556.0,,,,,,,,0.036,1.959,,,,,,,,,,,,,,,,,,,,,,,,,,,,,,,,1.465,79.465,,,,,,,,,,,18440676.0,,,,,,,,,,,,,,,,,,,,,,
MMR,Myanmar,1953,,0.0,66.667,0.024,12.698,0.186,,,,,,,,,,,,,,,,,,0.0,0.0,,,,,,,,,,,,,,,,,,,,,,,,,14772086940.0,,,,,,,,0.06,3.204,,,,,,,,,,,,,,,,,,,,,,,,,,,,,,,,1.651,87.878,,,,,,,,,,,18792740.0,,,,,,,,,,,,,,,,,,,,,,
MMR,Myanmar,1954,,0.016,0.0,0.0,26.761,0.442,,,,,,,,,,,,,,,,,,0.016,0.85,,,,,,,,,,,,,,,,,,,,,,,,,13842402880.0,,,,,,,,0.06,3.142,,,,,,,,,,,,,,,,,,,,,,,,,,,,,,,,2.093,109.246,,,,,,,,,,,19162186.0,,,,,,,,,,,,,,,,,,,,,,
MMR,Myanmar,1955,250.0,0.041,20.0,0.012,17.222,0.361,,,,,,,,,,,,,,,,,,0.057,2.915,,,,,,,,,,,,,,,,,,,,,,,,,15661145688.0,,,,,,,,0.072,3.696,,,,,,,,,,,,,,,,,,,,,,,,,,,,,,,,2.454,125.52,,,,,,,,,,,19550066.0,,,,,,,,,,,,,,,,,,,,,,
MMR,Myanmar,1956,-85.714,-0.049,16.667,0.012,9.479,0.233,,,,,,,,,,,,,,,,,,0.008,0.408,,,,,,,,,,,,,,,,,,,,,,,,,16703266525.0,,,,,,,,0.084,4.224,,,,,,,,,,,,,,,,,,,,,,,,,,,,,,,,2.687,134.62,,,,,,,,,,,19956404.0,,,,,,,,,,,,,,,,,,,,,,
MMR,Myanmar,1957,0.0,0.0,-14.286,-0.012,70.996,1.907,,,,,,,,,,,,,,,,,,0.008,0.399,,,,,,,,,,,,,,,,,,,,,,,,,17669511921.0,,,,,,,,0.072,3.546,,,,,,,,,,,,,,,,,,,,,,,,,,,,,,,,4.594,225.407,,,,,,,,,,,20380220.0,,,,,,,,,,,,,,,,,,,,,,
MMR,Myanmar,1958,-100.0,-0.008,50.0,0.036,16.962,0.779,,,,,,,,,,,,,,,,,,0.0,0.0,,,,,,,,,,,,,,,,,,,,,,,,,17186248732.0,,,,,,,,0.108,5.206,,,,,,,,,,,,,,,,,,,,,,,,,,,,,,,,5.373,258.075,,,,,,,,,,,20819752.0,,,,,,,,,,,,,,,,,,,,,,
MMR,Myanmar,1959,,0.008,-44.444,-0.048,14.502,0.779,,,,,,,,,,,,,,,,,,0.008,0.383,,,,,,,,,,,,,,,,,,,,,,,,,19875871620.0,,,,,,,,0.06,2.831,,,,,,,,,,,,,,,,,,,,,,,,,,,,,,,,6.152,289.21,,,,,,,,,,,21272678.0,,,,,,,,,,,,,,,,,,,,,,
MMR,Myanmar,1960,0.0,0.0,319.999,0.193,3.025,0.186,,,,,,,,,,,,,,,,,,0.008,0.375,,,,,,,,,,,,,,,,,,,,,,,,,20532300556.0,,,,,,,,0.253,11.635,,,,,,,,,,,,,,,,,,,,,,,,,,,,,,,,6.338,291.594,,,,,,,,,,,21736948.0,,,,,,,,,,,,,,,,,,,,,,
MMR,Myanmar,1961,100.0,0.008,-57.143,-0.145,3.486,0.221,,,,,,,,,,,,,,,,,,0.016,0.733,,,,,,,,,,,,,,,,,,,,,,,,,21001740656.0,,,,,,,,0.108,4.88,,,,,,,,,,,,,,,,,,,,,,,,,,,,,,,,6.559,295.31,,,,,,,,,,,22211626.0,,,,,,,,,,,,,,,,,,,,,,
MMR,Myanmar,1962,50.0,0.008,100.0,0.108,3.546,0.233,,,,,,,,,,,,,,,,,,0.024,1.076,,,,,,,,,,,,,,,,,,,,,,,,,22834238448.0,,,,,,,,0.217,9.551,,,,,,,,,,,,,,,,,,,,,,,,,,,,,,,,6.792,299.235,,,,,,,,,,,22697664.0,,,,,,,,,,,,,,,,,,,,,,
MMR,Myanmar,1963,0.0,0.0,-11.111,-0.024,8.904,0.605,,,,,,,,,,,,,,,,,,0.024,1.053,,,,,,,,,,,,,,,,,,,,,,,,,23503928365.0,,,,,,,,0.193,8.306,,,,,,,,,,,,,,,,,,,,,,,,,,,,,,,,7.397,318.847,,,,,,,,,,,23198238.0,,,,,,,,,,,,,,,,,,,,,,
MMR,Myanmar,1964,233.333,0.057,-37.5,-0.072,-12.579,-0.93,,,,,,,,,,,,,,,,,,0.081,3.432,,,,,,,,,,,,,,,,,,,,,,,,,23902438128.0,,,,,,,,0.12,5.078,,,,,,,,,,,,,,,,,,,,,,,,,,,,,,,,6.466,272.634,,,,,,,,,,,23717786.0,,,,,,,,,,,,,,,,,,,,,,
MMR,Myanmar,1965,60.0,0.049,0.0,0.0,-1.978,-0.128,,,,,,,,,,,,,,,,,,0.13,5.369,,,,,,,,,,,,,,,,,,,,,,,,,24513334444.0,,,,,,,,0.12,4.964,,,,,,,,,,,,,,,,,,,,,,,,,,,,,,,,6.338,261.275,,,,,,,,,,,24259356.0,,,,,,,,,,,,,,,,,,,,,,
MMR,Myanmar,1966,-6.25,-0.008,10.0,0.012,4.22,0.267,,,,,,,,,,,,,,,,,,0.122,4.919,,,,,,,,,,,,,,,,,,,,,,,,,23494007475.0,,,,,,,,0.132,5.337,,,,,,,,,,,,,,,,,,,,,,,,,,,,,,,,6.606,266.108,,,,,,,,,,,24823938.0,,,,,,,,,,,,,,,,,,,,,,
MMR,Myanmar,1967,6.667,0.008,-36.364,-0.048,3.345,0.221,,,,,,,,,,,,,,,,,,0.13,5.126,,,,,,,,,,,,,,,,,,,,,,,,,24167891658.0,,,,,,,,0.084,3.318,,,,,,,,,,,,,,,,,,,,,,,,,,,,,,,,6.827,268.666,,,,,,,,,,,25410054.0,,,,,,,,,,,,,,,,,,,,,,
MMR,Myanmar,1968,-43.75,-0.057,71.429,0.06,24.191,1.651,,,,,,,,,,,,,,,,,,0.073,2.816,,,,,,,,,,,,,,,,,,,,,,,,,25735239248.0,,,,,,,,0.145,5.555,,,,,,,,,,,,,,,,,,,,,,,,,,,,,,,,8.478,325.897,,,,,,,,,,,26015238.0,,,,,,,,,,,,,,,,,,,,,,
MMR,Myanmar,1969,-11.111,-0.008,41.667,0.06,8.916,0.756,,,,,,,,,,,,,,,,,,0.065,2.445,,,,,,,,,,,,,,,,,,,,,,,,,26819961582.0,,,,,,,,0.205,7.686,,,,,,,,,,,,,,,,,,,,,,,,,,,,,,,,9.234,346.684,,,,,,,,,,,26635852.0,,,,,,,,,,,,,,,,,,,,,,
MMR,Myanmar,1970,37.5,0.024,-64.008,-0.131,0.504,0.047,,,,,,,,,,,,,,,,,,0.09,3.284,,,,,,,,,,,,,,,,,,,,,,,,,28023011379.0,,,,,,,,0.074,2.702,,,,,,,,,,,,,,,,,,,,,,,,,,,,,,,,9.281,340.34,,,,,,,,,,,27269062.0,,,,,,,,,,,,,,,,,,,,,,
MMR,Myanmar,1971,36.363,0.033,93.333,0.069,9.273,0.861,,,,,,,,,,,,,,,,,,0.122,4.375,,,,,,,,,,,,,,,,,,,,,,,,,28931648872.0,,,,,,,,0.142,5.104,,,,,,,,,,,,,,,,,,,,,,,,,,,,,,,,10.141,363.311,,,,,,,,,,,27913748.0,,,,,,,,,,,,,,,,,,,,,,
MMR,Myanmar,1972,6.667,0.008,6.897,0.01,11.009,1.116,,,,,,,,,,,,,,,,,,0.13,4.559,,,,,,,,,,,,,,,,,,,,,,,,,29129006346.0,,,,,,,,0.152,5.33,,,,,,,,,,,,,,,,,,,,,,,,,,,,,,,,11.258,394.043,,,,,,,,,,,28570094.0,,,,,,,,,,,,,,,,,,,,,,
MMR,Myanmar,1973,-6.25,-0.008,20.968,0.032,1.343,0.151,,,,,,,,,,,,,,,,,,0.122,4.177,,,,,,,,,,,,,,,,,,,,,,,,,29264169935.0,,,,,,,,0.184,6.301,,,,,,,,,,,,,,,,,,,,,,,,,,,,,,,,11.409,390.21,,,,,,,,,,,29238168.0,,,,,,,,,,,,,,,,,,,,,,
MMR,Myanmar,1974,-13.333,-0.016,794.666,1.464,-8.869,-1.012,,,,,,,,,,,,,,,,,,0.106,3.537,,,,,,,,,,,,,,,,,,,,,,,,,30781977559.0,,,,,,,,1.648,55.088,,,,,,,,,,,,,,,,,,,,,,,,,,,,,,,,10.397,347.519,,,,,,,,,,,29918468.0,,,,,,,,,,,,,,,,,,,,,,
MMR,Myanmar,1975,15.385,0.016,7.303,0.12,6.823,0.709,,,,,,,,,,,,,,,,,,0.122,3.989,,,,,,,,,,,,,,,,,,,,,,,,,32064125653.0,,,,,,,,1.768,57.773,,,,,,,,,,,,,,,,,,,,,,,,,,,,,,,,11.107,362.831,,,,,,,,,,,30611094.0,,,,,,,,,,,,,,,,,,,,,,
MMR,Myanmar,1976,-13.333,-0.016,38.889,0.688,21.361,2.373,,,,,,,,,,,,,,,,,,0.106,3.38,,,,,,,,,,,,,,,,,,,,,,,,,34051362667.0,,,,,,,,2.456,78.438,,,,,,,,,,,,,,,,,,,,,,,,,,,,,,,,13.479,430.447,,,,,,,,,,,31314348.0,,,,,,,,,,,,,,,,,,,,,,
MMR,Myanmar,1977,38.462,0.041,-8.0,-0.196,15.876,2.14,,,,,,,,,,,,,,,,,,0.147,4.575,,,,,,,,,,,,,,,,,,,,,,,,,36056282976.0,,,,,,,,2.26,70.558,,,,,,,,,,,,,,,,,,,,,,,,,,,,,,,,15.619,487.689,,,,,,,,,,,32026748.0,,,,,,,,,,,,,,,,,,,,,,
MMR,Myanmar,1978,23.083,0.034,17.391,0.393,5.212,0.814,,,,,,,,,,,,,,,,,,0.18,5.508,,,,,,,,,,,,,,,,,,,,,,,,,38395412665.0,,,,,,,,2.653,81.003,,,,,,,,,,,,,,,,,,,,,,,,,,,,,,,,16.433,501.796,,,,,,,,,,,32748782.0,,,,,,,,,,,,,,,,,,,,,,
MMR,Myanmar,1979,-24.983,-0.045,0.0,0.0,7.148,1.175,,,,,,,,,,,,,,,,,,0.135,4.041,,,,,,,,,,,,,,,,,,,,,,,,,40182622840.0,,,,,,,,2.653,79.231,,,,,,,,,,,,,,,,,,,,,,,,,,,,,,,,17.608,525.899,,,,,,,,,,,33481398.0,,,,,,,,,,,,,,,,,,,,,,
MMR,Myanmar,1980,66.865,0.09,29.63,0.786,10.116,1.781,,,,,,,,,,,,,,,,,,0.226,6.597,,,,,,,,,,,,,,,,0.464,591.714,,,,,,,,43641084960.0,,,,,,,,3.439,100.477,,,,,,,,,,,,,,,,,,,,,,,,,,,,,,,,19.389,566.529,,,,,,,,,,,34224316.0,20.251,,,,,,,,,,,,,,,,,,,,,
MMR,Myanmar,1981,47.368,0.107,20.0,0.688,-10.246,-1.987,3.093,0.626,,,,,,,,,,,,,,,,0.333,9.513,,,,,,,,,,,,,,,,0.453,596.897,,,,,,,,46093434611.0,,,,,,,,4.126,117.979,,,,,,,,,,,,,,,,,,,,,,,,,,,,,,,,17.402,497.549,,,,,,,,,,,34976464.0,20.877,,,,,,,,,,,,,,,,,,,,,
MMR,Myanmar,1982,19.643,0.065,7.143,0.295,11.111,1.934,10.008,2.089,,,,,,,,,,,,,,,,0.398,11.14,,,,,,,,,,,,,,,,0.472,642.709,,,,,,,,48612245318.0,,,,,,,,4.421,123.726,,,,,,,,,,,,,,,,,,,,,,,,,,,,,,,,19.336,541.108,,,,,,,,,,,35734272.0,22.967,,,,,,,,,,,,,,,,,,,,,
MMR,Myanmar,1983,5.97,0.024,33.333,1.474,0.0,0.0,2.298,0.528,,,,,,,,,,,,,,,,0.422,11.56,,,,,,,,,,,,,,,,0.463,643.828,,,,,,,,50756361613.0,,,,,,,,5.895,161.543,,,,,,,,,,,,,,,,,,,,,,,,,,,,,,,,19.336,529.875,,,,,,,,,,,36491804.0,23.494,,,,,,,,,,,,,,,,,,,,,
MMR,Myanmar,1984,22.535,0.095,6.667,0.393,6.959,1.346,8.676,2.038,,,,,,,,,,,,,,,,0.517,13.88,,,,,,,,,,,,,,,,0.48,685.601,,,,,,,,53220602340.0,,,,,,,,6.288,168.844,,,,,,,,,,,,,,,,,,,,,,,,,,,,,,,,20.682,555.339,,,,,,,,,,,37241532.0,25.533,,,,,,,,,,,,,,,,,,,,,
MMR,Myanmar,1985,-1.149,-0.006,43.75,2.751,-6.506,-1.346,0.986,0.252,,,,,,,,,,,,,,,,0.511,13.455,,,,,,,,,,,,,,,,0.471,678.951,,,,,,,,54736506732.0,,,,,,,,9.039,238.012,,,,,,,,,,,,,,,,,,,,,,,,,,,,,,,,19.336,509.152,,,,,,,,,,,37977084.0,25.785,,,,,,,,,,,,,,,,,,,,,
MMR,Myanmar,1986,13.954,0.071,16.304,1.474,-19.987,-3.865,1.813,0.467,,,,,,,,,,,,,,,,0.582,15.046,,,,,,,,,,,,,,,,0.484,678.374,,,,,,,,54201445910.0,,,,,,,,10.513,271.658,,,,,,,,,,,,,,,,,,,,,,,,,,,,,,,,15.471,399.795,,,,,,,,,,,38698484.0,26.252,,,,,,,,,,,,,,,,,,,,,
MMR,Myanmar,1987,-24.49,-0.143,11.215,1.179,-29.19,-4.516,-1.124,-0.295,,,,,,,,,,,,,,,,0.44,11.158,,,,,,,,,,,,,,,,0.499,658.736,,,,,,,,51998273778.0,,,,,,,,11.692,296.712,,,,,,,,,,,,,,,,,,,,,,,,,,,,,,,,10.955,278.023,,,,,,,,,,,39404352.0,25.957,,,,,,,,,,,,,,,,,,,,,
MMR,Myanmar,1988,-12.162,-0.053,-12.605,-1.474,-20.325,-2.227,-3.817,-0.991,,,,,,,,,,,,,,,,0.386,9.634,,,,,,,,,,,,,,,,0.542,622.825,,,,,,,,46103010141.0,,,,,,,,10.218,254.904,,,,,,,,,,,,,,,,,,,,,,,,,,,,,,,,8.729,217.751,,,,,,,,,,,40085652.0,24.966,,,,,,,,,,,,,,,,,,,,,
MMR,Myanmar,1989,0.0,0.0,4.808,0.491,16.095,1.405,3.748,0.936,,,,,,,,,,,,,,,,0.386,9.481,,,,,,,,,,,,,,,,0.542,635.922,,,,,,,,47782107646.0,,,,,,,,10.709,262.923,,,,,,,,,,,,,,,,,,,,,,,,,,,,,,,,10.134,248.79,,,,,,,,,,,40731436.0,25.902,,,,,,,,,,,,,,,,,,,,,
MMR,Myanmar,1990,6.154,0.024,-22.018,-2.358,-12.721,-1.289,-3.006,-0.779,,,,,,,,,,,,,,,,0.41,9.918,,,,,,,,,,,,,,,,0.511,607.794,,,,,,,,49171473988.0,,,,,,,,8.351,202.037,,,,,,,,,,,,,,,,,,,,,,,,,,,,,,,,8.844,213.97,,,,,,,,,,,41335188.0,25.123,,,,,,,,,,,,,,,,,,,,,
MMR,Myanmar,1991,8.696,0.036,1.176,0.098,14.575,1.289,-0.983,-0.247,,,,,,,,,,,,,,,,0.446,10.638,,,,,,,,,,,,,,,,0.518,593.844,,,,,,,,48063922631.0,,,,,,,,8.45,201.706,,,,,,,,,,,,,,,,,,,,,,,,,,,,,,,,10.134,241.908,,,,,,,,,,,41890192.0,24.876,,,,,,,,,,,,,,,,,,,,,
MMR,Myanmar,1992,-2.667,-0.012,1.163,0.098,-8.407,-0.852,4.576,1.138,,,,,,,,,,,,,,,,0.434,10.229,,,,,,,,,,,,,,,,0.501,613.529,,,,,,,,51891174127.0,,,,,,,,8.548,201.59,,,,,,,,,,,,,,,,,,,,,,,,,,,,,,,,9.282,218.898,,,,,,,,,,,42401688.0,26.015,,,,,,,,,,,,,,,,,,,,,
MMR,Myanmar,1993,-20.548,-0.089,26.437,2.26,-0.775,-0.072,6.858,1.784,,,,,,,,,,,,,,,,0.345,8.035,,,,,,,,,,,,,,,,0.513,648.139,,,,,,,,54198382959.0,,,,,,,,10.808,251.982,,,,,,,,,,,,,,,,,,,,,,,,,,,,,,,,9.21,214.729,,,,,,,,,,,42889992.0,27.799,,,,,,,,,,,,,,,,,,,,,
MMR,Myanmar,1994,-8.621,-0.03,30.0,3.242,-2.308,-0.213,16.995,4.724,,,,,,,,,,,,,,,,0.315,7.258,,,,,,,,,,,,,,,,0.567,749.666,,,,,,,,57338248884.0,,,,,,,,14.05,323.851,,,,,,,,,,,,,,,,,,,,,,,,,,,,,,,,8.997,207.388,,,,,,,,,,,43383420.0,32.523,,,,,,,,,,,,,,,,,,,,,
MMR,Myanmar,1995,9.434,0.03,14.685,2.063,-29.676,-2.67,6.066,1.973,,,,,,,,,,,,,,,,0.345,7.849,,,,,,,,,,,,,,,,0.571,785.754,,,,,,,,60452843266.0,,,,,,,,16.113,367.025,,,,,,,,,,,,,,,,,,,,,,,,,,,,,,,,6.327,144.123,,,,,,,,,,,43901596.0,34.496,,,,,,,,,,,,,,,,,,,,,
MMR,Myanmar,1996,-8.621,-0.03,-2.439,-0.393,-16.807,-1.063,1.02,0.352,,,,,,,,,,,,,,,,0.315,7.084,,,,,,,,,,,,,,,,0.55,783.937,,,,,,,,63378621244.0,,,,,,,,15.72,353.638,,,,,,,,,,,,,,,,,,,,,,,,,,,,,,,,5.264,118.414,,,,,,,,,,,44452204.0,34.848,,,,,,,,,,,,,,,,,,,,,
MMR,Myanmar,1997,-7.547,-0.024,-5.625,-0.884,11.972,0.63,6.525,2.274,,,,,,,,,,,,,,,,0.291,6.466,,,,,,,,,,,,,,,,0.563,824.428,,,,,,,,65935165093.0,,,,,,,,14.836,329.484,,,,,,,,,,,,,,,,,,,,,,,,,,,,,,,,5.894,130.897,,,,,,,,,,,45027224.0,37.122,,,,,,,,,,,,,,,,,,,,,
MMR,Myanmar,1998,6.123,0.018,16.556,2.456,21.871,1.289,10.8,4.009,,,,,,,,,,,,,,,,0.309,6.774,,,,,,,,,,,,,,,,0.599,901.772,,,,,,,,68698888069.0,,,,,,,,17.292,379.117,,,,,,,,,,,,,,,,,,,,,,,,,,,,,,,,7.183,157.483,,,,,,,,,,,45611220.0,41.131,,,,,,,,,,,,,,,,,,,,,
MMR,Myanmar,1999,261.539,0.808,-2.273,-0.393,-13.46,-0.967,1.377,0.566,,,,,,,,,,,,,,,,1.117,24.187,,,,,,,,,,,,,,,,0.555,902.907,,,,,,,,75075472936.0,,,,,,,,16.899,365.929,,,,,,,,,,,,,,,,,,,,,,,,,,,,,,,,6.216,134.605,,,,,,,,,,,46181076.0,41.697,,,,,,,,,,,,,,,,,,,,,
MMR,Myanmar,2000,208.511,2.329,97.674,16.506,26.687,1.659,15.233,6.352,2.863,2.997,,,,,,316.973,0.0,,,,,0.0,,3.446,73.76,4.89,0.14,0.0,2.88,2.55,1.87,0.0,0.33,0.0,0.14,2.01,0.0,0.0,4.89,1.55,0.571,1028.454,,,,,,61.644,58.896,84093543261.0,52.147,,,,,54.581,,33.405,715.009,38.241,,,,,40.026,,41.104,2.01,43.023,,,,,,0.0,0.0,0.0,,,,,0.0,,6.748,,,,,7.063,,7.875,168.561,0.0,2.997,,,,,0.0,2.863,,104.667,46719700.0,48.049,43.023,41.104,,,,,,0.0,,,,,0.0,,0.0,,,,,0.0,
MMR,Myanmar,2001,10.69,0.368,105.882,35.37,-17.145,-1.35,-7.696,-3.698,3.341,3.176,,,,,,305.122,0.0,,,,,0.0,,3.814,80.771,4.49,0.15,0.0,2.54,2.25,1.8,0.0,0.29,0.0,0.15,1.95,0.0,0.0,4.49,1.37,0.481,939.139,,,,,,53.785,56.57,92175081533.0,50.111,,,,,47.644,,68.775,1456.323,40.089,,,,,38.115,,43.43,1.95,41.292,,,,,,0.0,0.0,0.0,,,,,0.0,,6.459,,,,,6.141,,6.525,138.167,0.0,3.176,,,,,0.0,3.341,,95.077,47225116.0,44.351,41.292,43.43,,,,,,0.0,,,,,0.0,,0.0,,,,,0.0,
MMR,Myanmar,2002,-24.143,-0.921,20.0,13.755,49.597,3.236,16.054,7.12,2.811,2.935,,,,,,287.149,0.0,,,,,0.0,,2.893,60.657,4.98,0.14,0.0,2.63,2.33,2.21,0.0,0.3,0.0,0.14,2.35,0.0,0.0,4.98,1.43,0.507,1079.014,,,,,,55.134,52.811,101591488769.0,46.787,,,,,48.845,,82.53,1730.11,44.378,,,,,46.329,,47.189,2.35,49.264,,,,,,0.0,0.0,0.0,,,,,0.0,,6.024,,,,,6.289,,9.761,204.627,0.0,2.935,,,,,0.0,2.811,,104.398,47702164.0,51.471,49.264,47.189,,,,,,0.0,,,,,0.0,,0.0,,,,,0.0,
MMR,Myanmar,2003,75.77,2.192,14.286,11.79,-0.143,-0.014,12.726,6.55,3.166,3.531,,,,,,301.676,0.0,,,,,0.0,,5.086,105.628,5.37,0.17,0.0,2.97,2.63,2.23,0.0,0.34,0.0,0.17,2.4,0.0,0.0,5.37,1.62,0.51,1205.039,,,,,,61.684,55.307,113781437614.0,48.976,,,,,54.622,,94.32,1958.923,41.527,,,,,46.315,,44.693,2.4,49.845,,,,,,0.0,0.0,0.0,,,,,0.0,,6.331,,,,,7.061,,9.747,202.438,0.0,3.531,,,,,0.0,3.166,,111.529,48148908.0,58.021,49.845,44.693,,,,,,0.0,,,,,0.0,,0.0,,,,,0.0,
MMR,Myanmar,2004,-45.444,-2.311,6.25,5.895,33.331,3.249,4.87,2.826,2.968,3.295,,,,,,307.978,5.38,,,,,5.971,,2.775,57.133,5.39,0.16,0.29,2.85,2.26,2.38,0.0,0.3,0.0,0.16,2.54,0.0,0.0,5.39,1.66,0.479,1252.91,,,,,,58.685,52.876,127115613307.0,41.929,,,,,46.536,,100.215,2063.545,44.156,,,,,49.007,,47.124,2.54,52.302,,,,,,0.0,0.0,0.0,,,,,0.0,,5.566,,,,,6.177,,12.996,267.604,0.0,3.295,,,,,0.0,2.968,,110.986,48564488.0,60.847,52.302,47.124,,,,,,0.0,,,,,0.0,,0.0,,,,,0.0,
MMR,Myanmar,2005,22.912,0.636,19.608,19.65,-0.141,-0.018,28.85,17.555,2.41,2.86,,,,,,283.993,8.606,,,,,10.215,,3.41,69.671,5.81,0.14,0.5,2.7,1.95,2.97,0.0,0.25,0.0,0.14,3.11,0.0,0.0,5.81,1.65,0.552,1601.668,,,,,,55.158,46.472,142039116420.0,33.563,,,,,39.837,,119.865,2448.727,51.119,,,,,60.674,,53.528,3.11,63.534,,,,,,0.0,0.0,0.0,,,,,0.0,,4.303,,,,,5.107,,12.978,265.124,0.0,2.86,,,,,0.0,2.41,,118.693,48949928.0,78.402,63.534,53.528,,,,,,0.0,,,,,0.0,,0.0,,,,,0.0,
MMR,Myanmar,2006,27.7,0.945,3.279,3.93,14.946,1.94,-5.605,-4.395,2.513,3.043,,,,,,261.307,7.873,,,,,9.533,,4.355,88.336,5.97,0.15,0.47,2.53,1.82,3.29,0.0,0.24,0.0,0.15,3.44,0.0,0.0,5.97,1.56,0.468,1501.123,,,,,,51.317,42.379,158028605445.0,30.486,,,,,36.916,,123.795,2511.001,55.109,,,,,66.733,,57.621,3.44,69.775,,,,,,0.0,0.0,0.0,,,,,0.0,,4.02,,,,,4.868,,14.917,302.579,0.0,3.043,,,,,0.0,2.513,,121.093,49301052.0,74.007,69.775,57.621,,,,,,0.0,,,,,0.0,,0.0,,,,,0.0,
MMR,Myanmar,2007,5.73,0.25,7.302,9.039,-7.943,-1.185,7.931,5.87,2.746,3.426,,,,,,245.557,7.27,,,,,9.069,,4.605,92.795,6.19,0.17,0.45,2.44,1.76,3.58,0.0,0.23,0.0,0.17,3.75,0.0,0.0,6.19,1.52,0.459,1609.722,,,,,,49.172,39.418,174123358597.0,28.433,,,,,35.469,,132.834,2676.946,57.835,,,,,72.146,,60.582,3.75,75.572,,,,,,0.0,0.0,0.0,,,,,0.0,,3.716,,,,,4.635,,13.733,276.746,0.0,3.426,,,,,0.0,2.746,,124.744,49621480.0,79.877,75.572,60.582,,,,,,0.0,,,,,0.0,,0.0,,,,,0.0,
MMR,Myanmar,2008,-13.677,-0.63,-8.284,-11.004,1.174,0.161,-8.196,-6.547,2.488,3.205,,,,,,220.84,6.376,,,,,8.212,,3.975,79.608,6.43,0.16,0.41,2.24,1.62,4.03,0.0,0.21,0.0,0.16,4.19,0.0,0.0,6.43,1.42,0.413,1468.665,,,,,,44.863,34.837,177512900783.0,25.194,,,,,32.446,,121.83,2440.034,62.675,,,,,80.714,,65.163,4.19,83.918,,,,,,0.0,0.0,0.0,,,,,0.0,,3.266,,,,,4.206,,13.894,278.268,0.0,3.205,,,,,0.0,2.488,,128.781,49929640.0,73.33,83.918,65.163,,,,,,0.0,,,,,0.0,,0.0,,,,,0.0,
MMR,Myanmar,2009,-7.324,-0.291,-6.818,-8.306,-15.434,-2.144,-7.897,-5.791,1.471,1.99,,,,,,147.059,4.118,,,,,5.572,,3.684,73.307,6.8,0.1,0.28,1.5,1.08,5.2,0.0,0.14,0.0,0.1,5.3,0.0,0.0,6.8,1.0,0.368,1344.049,,,,,,29.851,22.059,183291531482.0,15.882,,,,,21.492,,113.524,2259.162,76.471,,,,,103.482,,77.941,5.3,105.472,,,,,,0.0,0.0,0.0,,,,,0.0,,2.059,,,,,2.786,,11.75,233.819,0.0,1.99,,,,,0.0,1.471,,135.322,50250368.0,67.539,105.472,77.941,,,,,,0.0,,,,,0.0,,0.0,,,,,0.0,
MMR,Myanmar,2010,10.645,0.392,7.536,8.555,12.31,1.446,1.422,0.961,1.907,2.767,,,,,,188.011,5.45,,,,,7.905,,4.076,80.549,7.34,0.14,0.4,2.15,1.55,5.05,0.0,0.2,0.0,0.14,5.19,0.0,0.0,7.34,1.38,0.361,1353.723,,,,,,42.489,29.292,189724118084.0,21.117,,,,,30.632,,122.079,2412.585,68.801,,,,,99.801,,70.708,5.19,102.567,,,,,,0.0,0.0,0.0,,,,,0.0,,2.725,,,,,3.953,,13.196,260.783,0.0,2.767,,,,,0.0,1.907,,145.057,50600828.0,68.499,102.567,70.708,,,,,,0.0,,,,,0.0,,0.0,,,,,0.0,
MMR,Myanmar,2011,1.02,0.042,2.803,3.421,-1.606,-0.212,9.418,6.451,1.452,2.746,,,,,,143.154,3.942,,,,,7.452,,4.117,80.748,9.64,0.14,0.38,2.06,1.49,7.44,0.0,0.19,0.0,0.14,7.58,0.0,0.0,9.64,1.38,0.38,1469.888,,,,,,40.4,21.369,197359075713.0,15.456,,,,,29.221,,125.5,2461.242,77.178,,,,,145.909,,78.631,7.58,148.655,,,,,,0.0,0.0,0.0,,,,,0.0,,1.971,,,,,3.726,,12.984,254.633,0.0,2.746,,,,,0.0,1.452,,189.054,50990612.0,74.951,148.655,78.631,,,,,,0.0,,,,,0.0,,0.0,,,,,0.0,
MMR,Myanmar,2012,21.789,0.897,-0.31,-0.389,0.274,0.036,18.524,13.884,1.716,3.501,,,,,,163.966,4.576,,,,,9.336,,5.015,97.534,10.49,0.18,0.48,2.62,1.86,7.69,0.0,0.28,0.0,0.18,7.87,0.0,0.0,10.49,1.72,0.419,1727.84,,,,,,50.959,24.976,211845245861.0,17.731,,,,,36.177,,125.111,2433.418,73.308,,,,,149.571,,75.024,7.87,153.072,,,,,,0.0,0.0,0.0,,,,,0.0,,2.669,,,,,5.446,,13.019,253.23,0.0,3.501,,,,,0.0,1.716,,204.031,51413704.0,88.835,153.072,75.024,,,,,,0.0,,,,,0.0,,0.0,,,,,0.0,
MMR,Myanmar,2013,-28.057,-1.407,2.796,3.498,-0.273,-0.036,15.813,14.048,1.589,3.664,,,,,,163.88,3.846,,,,,8.871,,3.608,69.575,11.96,0.19,0.46,3.04,2.26,8.73,0.0,0.32,0.0,0.19,8.92,0.0,0.0,11.96,1.96,0.448,1984.139,,,,,,58.628,25.418,229512144371.0,18.896,,,,,43.585,,128.609,2480.295,72.993,,,,,168.362,,74.582,8.92,172.027,,,,,,0.0,0.0,0.0,,,,,0.0,,2.676,,,,,6.171,,12.984,250.401,0.0,3.664,,,,,0.0,1.589,,230.654,51852464.0,102.882,172.027,74.582,,,,,,0.0,,,,,0.0,,0.0,,,,,0.0,
MMR,Myanmar,2014,-4.762,-0.172,28.631,36.822,-2.108,-0.274,16.955,17.444,1.453,3.825,,,,,,206.395,3.343,,,,,8.799,,3.436,65.719,13.76,0.2,0.46,4.82,4.04,8.74,0.0,0.32,0.0,0.2,8.94,0.0,0.0,13.76,2.84,0.486,2301.543,,,,,,92.194,35.029,247629416678.0,29.36,,,,,77.275,,165.432,3164.295,63.517,,,,,167.174,,64.971,8.94,171.0,,,,,,0.0,0.0,0.0,,,,,0.0,,2.326,,,,,6.121,,12.71,243.114,0.0,3.825,,,,,0.0,1.453,,263.194,52280816.0,120.327,171.0,64.971,,,,,,0.0,,,,,0.0,,0.0,,,,,0.0,
MMR,Myanmar,2015,-19.682,-0.676,16.161,26.735,-23.202,-2.949,-6.704,-8.067,1.419,4.176,,,,,,224.516,3.548,,,,,10.44,,2.76,52.383,15.5,0.22,0.55,5.96,4.9,9.31,0.0,0.51,0.0,0.22,9.54,0.01,0.0,15.5,3.48,0.423,2130.948,,,,,,113.134,38.452,265615304923.0,31.613,,,,,93.013,,192.167,3647.764,60.065,,,,,176.725,,61.548,9.54,181.091,,,,,,0.0,0.0,0.0,,,,,0.0,,3.29,,,,,9.681,,9.761,185.29,0.0,4.176,,,,,0.0,1.419,,294.225,52680724.0,112.26,181.091,61.548,,,,,,0.065,,,,,0.19,,0.0,,,,,0.0,
MMR,Myanmar,2016,-0.246,-0.007,-4.874,-9.366,0.274,0.027,15.046,16.891,1.618,5.279,,,,,,246.101,3.986,,,,,13.008,,2.753,51.895,14.93,0.28,0.69,7.37,6.05,9.65,0.0,0.63,0.0,0.28,9.94,0.01,0.0,17.31,4.26,0.458,2434.732,,,,,,138.938,42.577,282251803757.0,34.951,,,,,114.054,,182.801,3446.132,55.748,,,,,181.92,,57.423,9.94,187.387,,,,,,-15.941,-2.38,0.0,,,,,0.0,,3.64,,,,,11.877,,9.788,184.521,0.0,5.279,,,,,0.0,1.618,,326.325,53045200.0,129.151,187.387,57.423,,,,,,0.058,,,,,0.189,,0.0,,,,,0.0,
MMR,Myanmar,2017,0.0,,-2.632,-4.812,0.0,,32.325,41.748,1.198,4.871,,,,,,259.788,3.639,,,,,14.799,,,,20.32,0.26,0.79,8.98,5.26,12.46,0.0,2.93,0.0,0.26,12.73,0.01,0.0,21.71,5.64,0.573,3201.405,,,,,,168.22,41.363,298481280910.0,24.228,,,,,98.534,,177.989,3334.217,57.393,,,,,233.41,,58.637,12.73,238.468,,,,,,-6.841,-1.39,0.0,,,,,0.0,,13.496,,,,,54.887,,,,0.0,4.871,,,,,0.0,1.198,,406.687,53382520.0,170.899,238.468,58.637,,,,,,0.046,,,,,0.187,,0.0,,,,,0.0,
MMR,Myanmar,2018,0.0,,-4.647,-8.272,0.0,,7.023,12.002,1.051,4.655,,,,,,246.426,2.986,,,,,13.22,,,,22.93,0.25,0.71,9.54,6.2,13.98,0.0,2.63,0.0,0.25,14.24,0.01,0.0,23.78,5.86,0.576,3405.461,,,,,,177.626,40.118,317599010611.0,26.072,,,,,115.438,,169.717,3159.978,58.789,,,,,260.295,,59.882,14.24,265.136,,,,,,-3.707,-0.85,0.0,,,,,0.0,,11.06,,,,,48.968,,,,0.0,4.655,,,,,0.0,1.051,,442.762,53708316.0,182.902,265.136,59.882,,,,,,0.042,,,,,0.186,,0.0,,,,,0.0,
MMR,Myanmar,2019,0.0,,8.898,15.102,0.0,,-7.518,-13.751,1.286,5.921,,,,,,301.447,3.577,,,,,16.468,,,,23.88,0.32,0.89,12.55,8.38,11.99,0.0,3.28,0.0,0.32,12.33,0.02,0.0,24.88,7.5,,3129.777,,,,,,232.212,50.442,,33.682,,,,,155.055,,184.819,3419.699,48.191,,,,,221.85,,49.558,12.33,228.141,,,,,,-4.188,-1.0,0.0,,,,,0.0,,13.183,,,,,60.69,,,,0.0,5.921,,,,,0.0,1.286,,460.354,54045420.0,169.15,228.141,49.558,,,,,,0.08,,,,,0.37,,0.0,,,,,0.0,
MMR,Myanmar,2020,0.0,,-4.343,-8.026,0.0,,,,1.339,5.881,,,,,,312.683,3.725,,,,,16.357,,,,22.89,0.32,0.89,12.55,8.38,11.0,0.0,3.28,0.0,0.32,11.34,0.02,0.0,23.89,7.47,,,,,,,,230.657,52.532,,35.077,,,,,154.016,,176.793,3249.284,46.044,,,,,202.169,,47.468,11.34,208.418,,,,,,-4.369,-1.0,0.0,,,,,0.0,,13.73,,,,,60.283,,,,0.0,5.881,,,,,0.0,1.339,,439.075,54409792.0,,208.418,47.468,,,,,,0.084,,,,,0.368,,0.0,,,,,0.0,
