iso_code,country,year,coal_prod_change_pct,coal_prod_change_twh,gas_prod_change_pct,gas_prod_change_twh,oil_prod_change_pct,oil_prod_change_twh,energy_cons_change_pct,energy_cons_change_twh,biofuel_share_elec,biofuel_elec_per_capita,biofuel_cons_change_pct,biofuel_share_energy,biofuel_cons_change_twh,biofuel_consumption,biofuel_cons_per_capita,carbon_intensity_elec,coal_share_elec,coal_cons_change_pct,coal_share_energy,coal_cons_change_twh,coal_consumption,coal_elec_per_capita,coal_cons_per_capita,coal_production,coal_prod_per_capita,electricity_demand,biofuel_electricity,coal_electricity,fossil_electricity,gas_electricity,hydro_electricity,nuclear_electricity,oil_electricity,other_renewable_exc_biofuel_electricity,other_renewable_electricity,renewables_electricity,solar_electricity,wind_electricity,electricity_generation,greenhouse_gas_emissions,energy_per_gdp,energy_per_capita,fossil_cons_change_pct,fossil_share_energy,fossil_cons_change_twh,fossil_fuel_consumption,fossil_energy_per_capita,fossil_cons_per_capita,fossil_share_elec,gdp,gas_share_elec,gas_cons_change_pct,gas_share_energy,gas_cons_change_twh,gas_consumption,gas_elec_per_capita,gas_energy_per_capita,gas_production,gas_prod_per_capita,hydro_share_elec,hydro_cons_change_pct,hydro_share_energy,hydro_cons_change_twh,hydro_consumption,hydro_elec_per_capita,hydro_energy_per_capita,low_carbon_share_elec,low_carbon_electricity,low_carbon_elec_per_capita,low_carbon_cons_change_pct,low_carbon_share_energy,low_carbon_cons_change_twh,low_carbon_consumption,low_carbon_energy_per_capita,net_elec_imports_share_demand,net_elec_imports,nuclear_share_elec,nuclear_cons_change_pct,nuclear_share_energy,nuclear_cons_change_twh,nuclear_consumption,nuclear_elec_per_capita,nuclear_energy_per_capita,oil_share_elec,oil_cons_change_pct,oil_share_energy,oil_cons_change_twh,oil_consumption,oil_elec_per_capita,oil_energy_per_capita,oil_production,oil_prod_per_capita,other_renewables_elec_per_capita_exc_biofuel,other_renewables_elec_per_capita,other_renewables_cons_change_pct,other_renewables_share_energy,other_renewables_cons_change_twh,other_renewable_consumption,other_renewables_share_elec_exc_biofuel,other_renewables_share_elec,other_renewables_energy_per_capita,per_capita_electricity,population,primary_energy_consumption,renewables_elec_per_capita,renewables_share_elec,renewables_cons_change_pct,renewables_share_energy,renewables_cons_change_twh,renewables_consumption,renewables_energy_per_capita,solar_share_elec,solar_cons_change_pct,solar_share_energy,solar_cons_change_twh,solar_consumption,solar_elec_per_capita,solar_energy_per_capita,wind_share_elec,wind_cons_change_pct,wind_share_energy,wind_cons_change_twh,wind_consumption,wind_elec_per_capita,wind_energy_per_capita
NLD,Netherlands,1900,,,,,,,,,,,,,,,,,,,,,,,,2.605,508.751,,,,,,,,,,,,,,,,,,,,,,,,,27283452000.0,,,,,,,,0.0,0.0,,,,,,,,,,,,,,,,,,,,,,,,,,,,,,,,0.0,0.0,,,,,,,,,,,5120625.0,,,,,,,,,,,,,,,,,,,,,,
NLD,Netherlands,1901,-2.187,-0.057,,0.0,,0.0,,,,,,,,,,,,,,,,,,2.548,490.996,,,,,,,,,,,,,,,,,,,,,,,,,28626743000.0,,,,,,,,0.0,0.0,,,,,,,,,,,,,,,,,,,,,,,,,,,,,,,,0.0,0.0,,,,,,,,,,,5189731.0,,,,,,,,,,,,,,,,,,,,,,
NLD,Netherlands,1902,27.476,0.7,,0.0,,0.0,,,,,,,,,,,,,,,,,,3.248,617.377,,,,,,,,,,,,,,,,,,,,,,,,,29867150000.0,,,,,,,,0.0,0.0,,,,,,,,,,,,,,,,,,,,,,,,,,,,,,,,0.0,0.0,,,,,,,,,,,5261391.0,,,,,,,,,,,,,,,,,,,,,,
NLD,Netherlands,1903,22.306,0.725,,0.0,,0.0,,,,,,,,,,,,,,,,,,3.973,744.577,,,,,,,,,,,,,,,,,,,,,,,,,29876616000.0,,,,,,,,0.0,0.0,,,,,,,,,,,,,,,,,,,,,,,,,,,,,,,,0.0,0.0,,,,,,,,,,,5335661.0,,,,,,,,,,,,,,,,,,,,,,
NLD,Netherlands,1904,-4.303,-0.171,,0.0,,0.0,,,,,,,,,,,,,,,,,,3.802,702.618,,,,,,,,,,,,,,,,,,,,,,,,,30309270000.0,,,,,,,,0.0,0.0,,,,,,,,,,,,,,,,,,,,,,,,,,,,,,,,0.0,0.0,,,,,,,,,,,5410979.0,,,,,,,,,,,,,,,,,,,,,,
NLD,Netherlands,1905,5.996,0.228,,0.0,,0.0,,,,,,,,,,,,,,,,,,4.03,734.378,,,,,,,,,,,,,,,,,,,,,,,,,31834985000.0,,,,,,,,0.0,0.0,,,,,,,,,,,,,,,,,,,,,,,,,,,,,,,,0.0,0.0,,,,,,,,,,,5487360.0,,,,,,,,,,,,,,,,,,,,,,
NLD,Netherlands,1906,13.939,0.562,,0.0,,0.0,,,,,,,,,,,,,,,,,,4.592,825.099,,,,,,,,,,,,,,,,,,,,,,,,,32496640000.0,,,,,,,,0.0,0.0,,,,,,,,,,,,,,,,,,,,,,,,,,,,,,,,0.0,0.0,,,,,,,,,,,5564819.0,,,,,,,,,,,,,,,,,,,,,,
NLD,Netherlands,1907,28.191,1.294,,0.0,,0.0,,,,,,,,,,,,,,,,,,5.886,1042.984,,,,,,,,,,,,,,,,,,,,,,,,,31930320000.0,,,,,,,,0.0,0.0,,,,,,,,,,,,,,,,,,,,,,,,,,,,,,,,0.0,0.0,,,,,,,,,,,5643372.0,,,,,,,,,,,,,,,,,,,,,,
NLD,Netherlands,1908,25.588,1.506,,0.0,,0.0,,,,,,,,,,,,,,,,,,7.392,1291.629,,,,,,,,,,,,,,,,,,,,,,,,,32563608000.0,,,,,,,,0.0,0.0,,,,,,,,,,,,,,,,,,,,,,,,,,,,,,,,0.0,0.0,,,,,,,,,,,5723033.0,,,,,,,,,,,,,,,,,,,,,,
NLD,Netherlands,1909,23.458,1.734,,0.0,,0.0,,,,,,,,,,,,,,,,,,9.126,1572.294,,,,,,,,,,,,,,,,,,,,,,,,,34304424000.0,,,,,,,,0.0,0.0,,,,,,,,,,,,,,,,,,,,,,,,,,,,,,,,0.0,0.0,,,,,,,,,,,5804303.0,,,,,,,,,,,,,,,,,,,,,,
NLD,Netherlands,1910,15.254,1.392,,0.0,,0.0,,,,,,,,,,,,,,,,,,10.518,1786.615,,,,,,,,,,,,,,,,,,,,,,,,,35709660000.0,,,,,,,,0.0,0.0,,,,,,,,,,,,,,,,,,,,,,,,,,,,,,,,0.0,0.0,,,,,,,,,,,5887210.0,,,,,,,,,,,,,,,,,,,,,,
NLD,Netherlands,1911,14.319,1.506,,0.0,,0.0,,,,,,,,,,,,,,,,,,12.024,2013.513,,,,,,,,,,,,,,,,,,,,,,,,,36849472000.0,,,,,,,,0.0,0.0,,,,,,,,,,,,,,,,,,,,,,,,,,,,,,,,0.0,0.0,,,,,,,,,,,5971785.0,,,,,,,,,,,,,,,,,,,,,,
NLD,Netherlands,1912,16.791,2.019,,0.0,,0.0,,,,,,,,,,,,,,,,,,14.043,2318.108,,,,,,,,,,,,,,,,,,,,,,,,,37894660000.0,,,,,,,,0.0,0.0,,,,,,,,,,,,,,,,,,,,,,,,,,,,,,,,0.0,0.0,,,,,,,,,,,6058059.0,,,,,,,,,,,,,,,,,,,,,,
NLD,Netherlands,1913,8.58,1.205,,0.0,,0.0,,,,,,,,,,,,,,,,,,15.248,2480.955,,,,,,,,,,,,,,,,,,,,,,,,,39782456000.0,,,,,,,,0.0,0.0,,,,,,,,,,,,,,,,,,,,,,,,,,,,,,,,0.0,0.0,,,,,,,,,,,6146063.0,,,,,,,,,,,,,,,,,,,,,,
NLD,Netherlands,1914,5.873,0.896,,0.0,,0.0,,,,,,,,,,,,,,,,,,16.144,2589.049,,,,,,,,,,,,,,,,,,,,,,,,,38703982000.0,,,,,,,,0.0,0.0,,,,,,,,,,,,,,,,,,,,,,,,,,,,,,,,0.0,0.0,,,,,,,,,,,6235345.0,,,,,,,,,,,,,,,,,,,,,,
NLD,Netherlands,1915,17.65,2.849,,0.0,,0.0,,,,,,,,,,,,,,,,,,18.993,3002.402,,,,,,,,,,,,,,,,,,,,,,,,,40019910000.0,,,,,,,,0.0,0.0,,,,,,,,,,,,,,,,,,,,,,,,,,,,,,,,0.0,0.0,,,,,,,,,,,6325924.0,,,,,,,,,,,,,,,,,,,,,,
NLD,Netherlands,1916,13.845,2.63,,0.0,,0.0,,,,,,,,,,,,,,,,,,21.623,3369.138,,,,,,,,,,,,,,,,,,,,,,,,,41089896000.0,,,,,,,,0.0,0.0,,,,,,,,,,,,,,,,,,,,,,,,,,,,,,,,0.0,0.0,,,,,,,,,,,6417818.0,,,,,,,,,,,,,,,,,,,,,,
NLD,Netherlands,1917,18.267,3.95,,0.0,,0.0,,,,,,,,,,,,,,,,,,25.572,3927.522,,,,,,,,,,,,,,,,,,,,,,,,,38466774000.0,,,,,,,,0.0,0.0,,,,,,,,,,,,,,,,,,,,,,,,,,,,,,,,0.0,0.0,,,,,,,,,,,6511048.0,,,,,,,,,,,,,,,,,,,,,,
NLD,Netherlands,1918,31.14,7.963,,0.0,,0.0,,,,,,,,,,,,,,,,,,33.536,5076.277,,,,,,,,,,,,,,,,,,,,,,,,,36075936000.0,,,,,,,,0.0,0.0,,,,,,,,,,,,,,,,,,,,,,,,,,,,,,,,0.0,0.0,,,,,,,,,,,6606332.0,,,,,,,,,,,,,,,,,,,,,,
NLD,Netherlands,1919,3.526,1.182,,0.0,,0.0,,,,,,,,,,,,,,,,,,34.718,5179.916,,,,,,,,,,,,,,,,,,,,,,,,,44708850000.0,,,,,,,,0.0,0.0,,,,,,,,,,,,,,,,,,,,,,,,,,,,,,,,0.0,0.0,,,,,,,,,,,6702404.0,,,,,,,,,,,,,,,,,,,,,,
NLD,Netherlands,1920,9.119,3.166,,0.0,,0.0,,,,,,,,,,,,,,,,,,37.884,5571.756,,,,,,,,,,,,,,,,,,,,,,,,,46066496000.0,,,,,,,,0.0,0.0,,,,,,,,,,,,,,,,,,,,,,,,,,,,,,,,0.0,0.0,,,,,,,,,,,6799265.0,,,,,,,,,,,,,,,,,,,,,,
NLD,Netherlands,1921,-7.811,-2.959,,0.0,,0.0,,,,,,,,,,,,,,,,,,34.925,5063.808,,,,,,,,,,,,,,,,,,,,,,,,,48883023000.0,,,,,,,,0.0,0.0,,,,,,,,,,,,,,,,,,,,,,,,,,,,,,,,0.0,0.0,,,,,,,,,,,6896919.0,,,,,,,,,,,,,,,,,,,,,,
NLD,Netherlands,1922,13.688,4.78,,0.0,,0.0,,,,,,,,,,,,,,,,,,39.705,5675.903,,,,,,,,,,,,,,,,,,,,,,,,,51551592000.0,,,,,,,,0.0,0.0,,,,,,,,,,,,,,,,,,,,,,,,,,,,,,,,0.0,0.0,,,,,,,,,,,6995368.0,,,,,,,,,,,,,,,,,,,,,,
NLD,Netherlands,1923,15.145,6.013,,0.0,,0.0,,,,,,,,,,,,,,,,,,45.718,6444.067,,,,,,,,,,,,,,,,,,,,,,,,,52824200000.0,,,,,,,,0.0,0.0,,,,,,,,,,,,,,,,,,,,,,,,,,,,,,,,0.0,0.0,,,,,,,,,,,7094616.0,,,,,,,,,,,,,,,,,,,,,,
NLD,Netherlands,1924,11.356,5.192,,0.0,,0.0,,,,,,,,,,,,,,,,,,50.91,7075.49,,,,,,,,,,,,,,,,,,,,,,,,,56680992000.0,,,,,,,,0.0,0.0,,,,,,,,,,,,,,,,,,,,,,,,,,,,,,,,0.0,0.0,,,,,,,,,,,7195271.0,,,,,,,,,,,,,,,,,,,,,,
NLD,Netherlands,1925,15.088,7.681,,0.0,,0.0,,,,,,,,,,,,,,,,,,58.591,8029.14,,,,,,,,,,,,,,,,,,,,,,,,,59067954000.0,,,,,,,,0.0,0.0,,,,,,,,,,,,,,,,,,,,,,,,,,,,,,,,0.0,0.0,,,,,,,,,,,7297354.0,,,,,,,,,,,,,,,,,,,,,,
NLD,Netherlands,1926,23.998,14.061,,0.0,,0.0,,,,,,,,,,,,,,,,,,72.652,9816.697,,,,,,,,,,,,,,,,,,,,,,,,,63809811000.0,,,,,,,,0.0,0.0,,,,,,,,,,,,,,,,,,,,,,,,,,,,,,,,0.0,0.0,,,,,,,,,,,7400886.0,,,,,,,,,,,,,,,,,,,,,,
NLD,Netherlands,1927,7.184,5.22,,0.0,,0.0,,,,,,,,,,,,,,,,,,77.872,10374.771,,,,,,,,,,,,,,,,,,,,,,,,,66464248000.0,,,,,,,,0.0,0.0,,,,,,,,,,,,,,,,,,,,,,,,,,,,,,,,0.0,0.0,,,,,,,,,,,7505887.0,,,,,,,,,,,,,,,,,,,,,,
NLD,Netherlands,1928,14.955,11.645,,0.0,,0.0,,,,,,,,,,,,,,,,,,89.517,11759.434,,,,,,,,,,,,,,,,,,,,,,,,,70017122000.0,,,,,,,,0.0,0.0,,,,,,,,,,,,,,,,,,,,,,,,,,,,,,,,0.0,0.0,,,,,,,,,,,7612377.0,,,,,,,,,,,,,,,,,,,,,,
NLD,Netherlands,1929,5.871,5.256,,0.0,,0.0,,,,,,,,,,,,,,,,,,94.773,12281.261,,,,,,,,,,,,,,,,,,,,,,,,,70567176000.0,,,,,,,,0.0,0.0,,,,,,,,,,,,,,,,,,,,,,,,,,,,,,,,0.0,0.0,,,,,,,,,,,7716885.0,,,,,,,,,,,,,,,,,,,,,,
NLD,Netherlands,1930,5.369,5.088,,0.0,,0.0,,,,,,,,,,,,,,,,,,99.861,12771.048,,,,,,,,,,,,,,,,,,,,,,,,,70412004000.0,,,,,,,,0.0,0.0,,,,,,,,,,,,,,,,,,,,,,,,,,,,,,,,0.0,0.0,,,,,,,,,,,7819340.0,,,,,,,,,,,,,,,,,,,,,,
NLD,Netherlands,1931,5.87,5.862,,0.0,,0.0,,,,,,,,,,,,,,,,,,105.723,13349.41,,,,,,,,,,,,,,,,,,,,,,,,,66111735000.0,,,,,,,,0.0,0.0,,,,,,,,,,,,,,,,,,,,,,,,,,,,,,,,0.0,0.0,,,,,,,,,,,7919671.0,,,,,,,,,,,,,,,,,,,,,,
NLD,Netherlands,1932,-1.407,-1.488,,0.0,,0.0,,,,,,,,,,,,,,,,,,104.235,13000.482,,,,,,,,,,,,,,,,,,,,,,,,,65195198000.0,,,,,,,,0.0,0.0,,,,,,,,,,,,,,,,,,,,,,,,,,,,,,,,0.0,0.0,,,,,,,,,,,8017805.0,,,,,,,,,,,,,,,,,,,,,,
NLD,Netherlands,1933,-1.503,-1.566,,0.0,,0.0,,,,,,,,,,,,,,,,,,102.669,12653.838,,,,,,,,,,,,,,,,,,,,,,,,,65072300000.0,,,,,,,,0.0,0.0,,,,,,,,,,,,,,,,,,,,,,,,,,,,,,,,0.0,0.0,,,,,,,,,,,8113668.0,,,,,,,,,,,,,,,,,,,,,,
NLD,Netherlands,1934,-1.863,-1.913,,0.0,,0.0,,,,,,,,,,,,,,,,,,100.757,12271.4,,,,,,,,,,,,,,,,,,,,,,,,,63883719000.0,,,,,,,,0.0,0.0,,,,,,,,,,,,,,,,,,,,,,,,,,,,,,,,0.0,0.0,,,,,,,,,,,8210678.0,,,,,,,,,,,,,,,,,,,,,,
NLD,Netherlands,1935,-3.76,-3.788,,0.0,,0.0,,,,,,,,,,,,,,,,,,96.968,11670.503,,,,,,,,,,,,,,,,,,,,,,,,,66265938000.0,,,,,,,,0.0,0.0,,,,,,,,,,,,,,,,,,,,,,,,,,,,,,,,0.0,0.0,,,,,,,,,,,8308847.0,,,,,,,,,,,,,,,,,,,,,,
NLD,Netherlands,1936,7.776,7.54,,0.0,,0.0,,,,,,,,,,,,,,,,,,104.508,12429.341,,,,,,,,,,,,,,,,,,,,,,,,,70452868000.0,,,,,,,,0.0,0.0,,,,,,,,,,,,,,,,,,,,,,,,,,,,,,,,0.0,0.0,,,,,,,,,,,8408190.0,,,,,,,,,,,,,,,,,,,,,,
NLD,Netherlands,1937,11.987,12.527,,0.0,,0.0,,,,,,,,,,,,,,,,,,117.036,13754.778,,,,,,,,,,,,,,,,,,,,,,,,,74467340000.0,,,,,,,,0.0,0.0,,,,,,,,,,,,,,,,,,,,,,,,,,,,,,,,0.0,0.0,,,,,,,,,,,8508720.0,,,,,,,,,,,,,,,,,,,,,,
NLD,Netherlands,1938,-5.719,-6.694,,0.0,,0.0,,,,,,,,,,,,,,,,,,110.342,12814.873,,,,,,,,,,,,,,,,,,,,,,,,,72676080000.0,,,,,,,,0.0,0.0,,,,,,,,,,,,,,,,,,,,,,,,,,,,,,,,0.0,0.0,,,,,,,,,,,8610453.0,,,,,,,,,,,,,,,,,,,,,,
NLD,Netherlands,1939,-4.552,-5.023,,0.0,,0.0,,,,,,,,,,,,,,,,,,105.319,12084.2,,,,,,,,,,,,,,,,,,,,,,,,,77606534000.0,,,,,,,,0.0,0.0,,,,,,,,,,,,,,,,,,,,,,,,,,,,,,,,0.0,0.0,,,,,,,,,,,8715425.0,,,,,,,,,,,,,,,,,,,,,,
NLD,Netherlands,1940,-5.529,-5.823,,0.0,,0.0,,,,,,,,,,,,,,,,,,99.496,11276.022,,,,,,,,,,,,,,,,,,,,,,,,,68377179000.0,,,,,,,,0.0,0.0,,,,,,,,,,,,,,,,,,,,,,,,,,,,,,,,0.0,0.0,,,,,,,,,,,8823701.0,,,,,,,,,,,,,,,,,,,,,,
NLD,Netherlands,1941,9.909,9.859,,0.0,,0.0,,,,,,,,,,,,,,,,,,109.355,12238.471,,,,,,,,,,,,,,,,,,,,,,,,,64752452000.0,,,,,,,,0.0,0.0,,,,,,,,,,,,,,,,,,,,,,,,,,,,,,,,0.0,0.0,,,,,,,,,,,8935349.0,,,,,,,,,,,,,,,,,,,,,,
NLD,Netherlands,1942,-7.403,-8.096,,0.0,,0.0,,,,,,,,,,,,,,,,,,101.259,11188.34,,,,,,,,,,,,,,,,,,,,,,,,,59188932000.0,,,,,,,,0.0,0.0,,,,,,,,,,,,,,,,,,,,,,,,,,,,,,,,0.0,0.0,,,,,,,,,,,9050435.0,,,,,,,,,,,,,,,,,,,,,,
NLD,Netherlands,1943,1.658,1.679,,0.0,,0.0,,,,,,,,,,,,,,,,,,102.939,11226.771,,,,,,,,,,,,,,,,,,,,,,,,,57767638000.0,,,,,,,,0.0,0.0,,,,,,,,,,,,,,,,,,,,,,,,,,,,,,,,0.0,0.0,,,,,,,,,,,9169029.0,,,,,,,,,,,,,,,,,,,,,,
NLD,Netherlands,1944,-33.546,-34.532,,0.0,,0.0,,,,,,,,,,,,,,,,,,68.406,7364.106,,,,,,,,,,,,,,,,,,,,,,,,,38736850000.0,,,,,,,,0.0,0.0,,,,,,,,,,,,,,,,,,,,,,,,,,,,,,,,0.0,0.0,,,,,,,,,,,9289176.0,,,,,,,,,,,,,,,,,,,,,,
NLD,Netherlands,1945,-38.745,-26.504,,0.0,,0.0,,,,,,,,,,,,,,,,,,41.902,4452.515,,,,,,,,,,,,,,,,,,,,,,,,,39650622000.0,,,,,,,,0.0,0.0,,,,,,,,,,,,,,,,,,,,,,,,,,,,,,,,0.0,0.0,,,,,,,,,,,9410898.0,,,,,,,,,,,,,,,,,,,,,,
NLD,Netherlands,1946,65.142,27.296,,0.0,,0.733,,,,,,,,,,,,,,,,,,69.198,7257.88,,,,,,,,,,,,,,,,,,,,,,,,,66948096000.0,,,,,,,,0.0,0.0,,,,,,,,,,,,,,,,,,,,,,,,,,,,,,,,0.733,76.849,,,,,,,,,,,9534215.0,,,,,,,,,,,,,,,,,,,,,,
NLD,Netherlands,1947,21.018,14.544,,0.01,238.095,1.745,,,,,,,,,,,,,,,,,,83.742,8669.748,,,,,,,,,,,,,,,,,,,,,,,,,77482980000.0,,,,,,,,0.01,1.011,,,,,,,,,,,,,,,,,,,,,,,,,,,,,,,,2.477,256.461,,,,,,,,,,,9659148.0,,,,,,,,,,,,,,,,,,,,,,
NLD,Netherlands,1948,8.292,6.944,499.999,0.049,132.864,3.291,,,,,,,,,,,,,,,,,,90.686,9267.184,,,,,,,,,,,,,,,,,,,,,,,,,85759800000.0,,,,,,,,0.059,5.989,,,,,,,,,,,,,,,,,,,,,,,,,,,,,,,,5.768,589.48,,,,,,,,,,,9785718.0,,,,,,,,,,,,,,,,,,,,,,
NLD,Netherlands,1949,5.786,5.247,16.667,0.01,25.202,1.454,,,,,,,,,,,,,,,,,,95.933,9677.154,,,,,,,,,,,,,,,,,,,,,,,,,93317588000.0,,,,,,,,0.068,6.898,,,,,,,,,,,,,,,,,,,,,,,,,,,,,,,,7.222,728.536,,,,,,,,,,,9913350.0,,,,,,,,,,,,,,,,,,,,,,
NLD,Netherlands,1950,4.564,4.378,14.286,0.01,13.527,0.977,,,,,,,,,,,,,,,,,,100.311,9989.091,,,,,,,,,,,,,,,,,,,,,,,,,96665091066.0,,,,,,,,0.078,7.782,,,,,,,,,,,,,,,,,,,,,,,,,,,,,,,,8.199,816.482,,,,,,,,,,,10042051.0,,,,,,,,,,,,,,,,,,,,,,
NLD,Netherlands,1951,1.608,1.613,12.5,0.01,1.277,0.105,,,,,,,,,,,,,,,,,,101.924,10024.479,,,,,,,,,,,,,,,,,,,,,,,,,98691350265.0,,,,,,,,0.088,8.647,,,,,,,,,,,,,,,,,,,,,,,,,,,,,,,,8.304,816.7,,,,,,,,,,,10167541.0,,,,,,,,,,,,,,,,,,,,,,
NLD,Netherlands,1952,0.82,0.835,222.222,0.195,0.14,0.012,,,,,,,,,,,,,,,,,,102.76,9978.616,,,,,,,,,,,,,,,,,,,,,,,,,100684519624.0,,,,,,,,0.283,27.508,,,,,,,,,,,,,,,,,,,,,,,,,,,,,,,,8.315,807.484,,,,,,,,,,,10297986.0,,,,,,,,,,,,,,,,,,,,,,
NLD,Netherlands,1953,-1.81,-1.86,200.0,0.567,14.685,1.221,,,,,,,,,,,,,,,,,,100.9,9671.869,,,,,,,,,,,,,,,,,,,,,,,,,109433415936.0,,,,,,,,0.85,81.463,,,,,,,,,,,,,,,,,,,,,,,,,,,,,,,,9.537,914.143,,,,,,,,,,,10432296.0,,,,,,,,,,,,,,,,,,,,,,
NLD,Netherlands,1954,-2.072,-2.091,68.966,0.586,14.512,1.384,,,,,,,,,,,,,,,,,,98.809,9348.355,,,,,,,,,,,,,,,,,,,,,,,,,116875333800.0,,,,,,,,1.436,135.855,,,,,,,,,,,,,,,,,,,,,,,,,,,,,,,,10.921,1033.198,,,,,,,,,,,10569687.0,,,,,,,,,,,,,,,,,,,,,,
NLD,Netherlands,1955,-1.187,-1.173,-8.163,-0.117,9.052,0.989,,,,,,,,,,,,,,,,,,97.637,9116.711,,,,,,,,,,,,,,,,,,,,,,,,,125548332876.0,,,,,,,,1.319,123.134,,,,,,,,,,,,,,,,,,,,,,,,,,,,,,,,11.909,1112.003,,,,,,,,,,,10709621.0,,,,,,,,,,,,,,,,,,,,,,
NLD,Netherlands,1956,-0.444,-0.433,11.852,0.156,7.129,0.849,,,,,,,,,,,,,,,,,,97.203,8957.232,,,,,,,,,,,,,,,,,,,,,,,,,130160412503.0,,,,,,,,1.475,135.922,,,,,,,,,,,,,,,,,,,,,,,,,,,,,,,,12.758,1175.655,,,,,,,,,,,10851925.0,,,,,,,,,,,,,,,,,,,,,,
NLD,Netherlands,1957,-3.795,-3.688,-4.636,-0.068,38.833,4.954,,,,,,,,,,,,,,,,,,93.515,8503.951,,,,,,,,,,,,,,,,,,,,,,,,,133827210471.0,,,,,,,,1.407,127.915,,,,,,,,,,,,,,,,,,,,,,,,,,,,,,,,17.713,1610.722,,,,,,,,,,,10996626.0,,,,,,,,,,,,,,,,,,,,,,
NLD,Netherlands,1958,4.277,4.0,65.278,0.918,6.435,1.14,,,,,,,,,,,,,,,,,,97.514,8750.337,,,,,,,,,,,,,,,,,,,,,,,,,133414671250.0,,,,,,,,2.325,208.618,,,,,,,,,,,,,,,,,,,,,,,,,,,,,,,,18.852,1691.683,,,,,,,,,,,11144074.0,,,,,,,,,,,,,,,,,,,,,,
NLD,Netherlands,1959,0.638,0.622,-5.042,-0.117,9.377,1.768,,,,,,,,,,,,,,,,,,98.137,8688.751,,,,,,,,,,,,,,,,,,,,,,,,,139950431787.0,,,,,,,,2.208,195.458,,,,,,,,,,,,,,,,,,,,,,,,,,,,,,,,20.62,1825.638,,,,,,,,,,,11294684.0,,,,,,,,,,,,,,,,,,,,,,
NLD,Netherlands,1960,3.678,3.61,46.018,1.016,8.178,1.686,,,,,,,,,,,,,,,,,,101.746,8887.059,,,,,,,,,,,,,,,,,,,,,,,,,151718574000.0,,,,,,,,3.224,281.561,,,,,,,,,,,,,,,,,,,,,,,,,,,,,,,,22.306,1948.355,,,,,,,,,,,11448815.0,,,,,,,,,,,,,,,,,,,,,,
NLD,Netherlands,1961,0.984,1.001,36.061,1.162,6.674,1.489,,,,,,,,,,,,,,,,,,102.748,8852.673,,,,,,,,,,,,,,,,,,,,,,,,,152164533762.0,,,,,,,,4.386,377.892,,,,,,,,,,,,,,,,,,,,,,,,,,,,,,,,23.795,2050.162,,,,,,,,,,,11606398.0,,,,,,,,,,,,,,,,,,,,,,
NLD,Netherlands,1962,-8.304,-8.532,11.136,0.488,5.425,1.291,,,,,,,,,,,,,,,,,,94.216,8006.971,,,,,,,,,,,,,,,,,,,,,,,,,162564337530.0,,,,,,,,4.874,414.251,,,,,,,,,,,,,,,,,,,,,,,,,,,,,,,,25.086,2131.937,,,,,,,,,,,11766730.0,,,,,,,,,,,,,,,,,,,,,,
NLD,Netherlands,1963,-0.553,-0.521,14.429,0.703,2.689,0.675,,,,,,,,,,,,,,,,,,93.695,7854.797,,,,,,,,,,,,,,,,,,,,,,,,,168456869348.0,,,,,,,,5.578,467.6,,,,,,,,,,,,,,,,,,,,,,,,,,,,,,,,25.76,2159.599,,,,,,,,,,,11928359.0,,,,,,,,,,,,,,,,,,,,,,
NLD,Netherlands,1964,-0.252,-0.236,46.235,2.579,2.483,0.64,,,,,,,,,,,,,,,,,,93.459,7730.645,,,,,,,,,,,,,,,,,,,,,,,,,182416139040.0,,,,,,,,8.157,674.685,,,,,,,,,,,,,,,,,,,,,,,,,,,,,,,,26.4,2183.744,,,,,,,,,,,12089386.0,,,,,,,,,,,,,,,,,,,,,,
NLD,Netherlands,1965,-0.296,-0.277,108.743,8.87,5.507,1.454,,,,,,,,,,,,,24.895,,103.056,,8413.85,93.182,7607.726,,,,,,0.0,0.0,,,0.0,0.0,0.0,0.0,,,2.156,33797.26,,100.0,,413.96,33797.287,,,191976456000.0,,,3.624,,15.0,,1224.657,17.026,1390.079,,,0.0,,0.0,0.0,0.0,,0.0,0.0,,0.0,,0.0,0.0,,,,,0.0,,0.0,0.0,0.0,,,71.481,,295.905,,24158.779,27.854,2274.095,,0.0,,0.0,,0.0,,,0.0,,12248333.0,413.96,0.0,,,0.0,,0.0,0.0,,,0.0,,0.0,0.0,0.0,,,0.0,,0.0,0.0,0.0
NLD,Netherlands,1966,-12.179,-11.349,100.402,17.095,-1.211,-0.337,7.106,29.417,,,,,,,,,,-8.895,21.176,-9.167,93.889,,7569.134,81.833,6597.239,,,,,,0.0,0.0,,,0.0,0.0,0.0,0.0,,,2.248,35744.169,7.106,100.0,29.417,443.378,35744.198,,,197259122400.0,,90.741,6.453,13.611,28.611,,2306.57,34.121,2750.739,,,0.0,0.0,0.0,0.0,0.0,,0.0,0.0,,0.0,0.0,0.0,0.0,,,,,0.0,0.0,0.0,0.0,0.0,,8.44,72.371,24.973,320.877,,25868.494,27.517,2218.331,,0.0,,0.0,0.0,0.0,,,0.0,,12404189.0,443.377,0.0,,,0.0,0.0,0.0,0.0,,,0.0,0.0,0.0,0.0,0.0,,,0.0,0.0,0.0,0.0,0.0
NLD,Netherlands,1967,-19.767,-16.176,100.143,34.17,-4.269,-1.175,5.734,25.423,,,,,,,,,,-3.846,19.257,-3.611,90.278,,7189.535,65.657,5228.801,,,,,,0.0,0.0,,,0.0,0.0,0.0,0.0,,,2.258,37334.233,5.734,100.0,25.423,468.8,37334.263,,,207633417026.0,,76.699,10.784,21.944,50.556,,4026.14,68.29,5438.486,,,0.0,0.0,0.0,0.0,0.0,,0.0,0.0,,0.0,0.0,0.0,0.0,,,,,0.0,0.0,0.0,0.0,0.0,,2.209,69.959,7.089,327.967,,26118.588,26.342,2097.818,,0.0,,0.0,0.0,0.0,,,0.0,,12556841.0,468.8,0.0,,,0.0,0.0,0.0,0.0,,,0.0,0.0,0.0,0.0,0.0,,,0.0,0.0,0.0,0.0,0.0
NLD,Netherlands,1968,-17.384,-11.414,101.888,69.58,-5.21,-1.372,11.858,55.591,,,,,,,,,,-5.231,16.315,-4.722,85.556,,6733.065,54.244,4268.862,,,,,,0.0,0.028,,,0.0,0.0,0.0,0.0,,,2.373,41268.611,11.842,99.985,55.514,524.314,41262.523,,,220964068200.0,,68.132,16.209,34.444,85.0,,6689.344,137.87,10850.094,,,0.0,0.0,0.0,0.0,0.0,,0.028,2.204,,0.015,0.078,0.078,6.121,,,,,0.015,0.078,0.078,2.204,6.121,,7.864,67.461,25.791,353.758,,27840.114,24.97,1965.062,,0.0,,0.0,0.0,0.0,,,0.0,,12706787.0,524.391,0.0,,,0.0,0.0,0.0,0.0,,,0.0,0.0,0.0,0.0,0.0,,,0.0,0.0,0.0,0.0,0.0
NLD,Netherlands,1969,-91.535,-49.652,55.123,75.997,-5.915,-1.477,11.514,60.376,,,,,,,,,,-14.935,12.446,-12.778,72.778,,5661.439,4.592,357.178,,,,,,0.0,0.315,,,0.0,0.0,0.0,0.0,,,2.486,45489.511,11.363,99.85,59.579,583.893,45421.48,,,235189710000.0,,47.386,21.424,40.278,125.278,,9745.455,213.867,16636.883,,,0.0,0.0,0.0,0.0,0.0,,0.315,24.504,1025.0,0.15,0.797,0.875,68.067,,,,1025.0,0.15,0.797,0.875,24.504,68.067,,9.068,65.981,32.079,385.837,,30014.586,23.493,1827.507,,0.0,,0.0,0.0,0.0,,,0.0,,12855006.0,584.768,0.0,,,0.0,0.0,0.0,0.0,,,0.0,0.0,0.0,0.0,0.0,,,0.0,0.0,0.0,0.0,0.0
NLD,Netherlands,1970,668.44,30.692,30.533,65.299,-5.0,-1.175,12.827,75.008,,,,,,,,,,-26.718,8.084,-19.444,53.333,,4101.955,35.283,2713.681,,,,,,0.0,0.368,,,0.0,0.0,0.0,0.0,,,2.654,50744.406,12.821,99.845,74.861,658.754,50665.825,,,248591790125.0,,40.798,26.735,51.111,176.389,,13566.361,279.167,21471.153,,,0.0,0.0,0.0,0.0,0.0,,0.368,28.303,16.825,0.155,0.147,1.022,78.621,,,,16.825,0.155,0.147,1.022,28.303,78.621,,11.195,65.027,43.194,429.031,,32997.509,22.318,1716.512,,0.0,,0.0,0.0,0.0,,,0.0,,13001941.0,659.776,0.0,,,0.0,0.0,0.0,0.0,,,0.0,0.0,0.0,0.0,0.0,,,0.0,0.0,0.0,0.0,0.0
NLD,Netherlands,1971,-16.728,-5.902,38.209,106.667,-10.683,-2.384,5.452,35.972,,,,,,,,,,-24.479,5.789,-13.056,40.278,,3063.432,29.381,2234.639,,,,,,0.0,0.405,,,0.0,0.0,0.0,0.0,,,2.686,52916.869,5.445,99.838,35.869,694.623,52831.347,,,259072985536.0,,30.709,33.138,54.167,230.556,,17535.51,385.833,29345.546,,,0.0,0.0,0.0,0.0,0.0,,0.405,30.803,10.054,0.162,0.103,1.125,85.565,,,,10.054,0.162,0.103,1.125,30.803,85.565,,-1.222,60.911,-5.242,423.789,,32232.405,19.934,1516.119,,0.0,,0.0,0.0,0.0,,,0.0,,13147935.0,695.748,0.0,,,0.0,0.0,0.0,0.0,,,0.0,0.0,0.0,0.0,0.0,,,0.0,0.0,0.0,0.0,0.0
NLD,Netherlands,1972,-22.084,-6.488,33.333,128.611,-6.826,-1.361,16.151,112.371,,,,,,,,,,-14.483,4.262,-5.833,34.444,,2591.393,22.893,1722.293,,,,,,0.0,0.326,,,0.0,0.0,0.0,0.0,,,3.019,60797.941,16.209,99.888,112.591,807.214,60729.862,,,267650540046.0,,30.12,37.123,69.444,300.0,,22570.196,514.444,38703.675,,,0.0,0.0,0.0,0.0,0.0,,0.326,24.526,-19.506,0.112,-0.219,0.906,68.129,,,,-19.506,0.112,-0.219,0.906,24.526,68.129,,11.558,58.502,48.98,472.769,,35568.273,18.573,1397.329,,0.0,,0.0,0.0,0.0,,,0.0,,13291876.0,808.119,0.0,,,0.0,0.0,0.0,0.0,,,0.0,0.0,0.0,0.0,0.0,,,0.0,0.0,0.0,0.0,0.0
NLD,Netherlands,1973,-38.762,-8.874,21.598,111.111,-6.575,-1.221,6.372,51.497,,,,,,,,,,1.613,4.072,0.556,35.0,,2605.877,14.019,1043.751,,,,,,0.0,1.108,,,0.0,0.0,0.0,0.0,,,3.068,64001.458,6.11,99.642,49.325,856.538,63772.357,,,280204161804.0,,11.204,38.809,33.611,333.611,,24838.563,625.556,46574.853,,,0.0,0.0,0.0,0.0,0.0,,1.108,82.495,239.877,0.358,2.172,3.078,229.152,,,,239.877,0.358,2.172,3.078,82.495,229.152,,3.206,56.761,15.158,487.927,,36327.917,17.352,1291.917,,0.0,,0.0,0.0,0.0,,,0.0,,13431187.0,859.616,0.0,,,0.0,0.0,0.0,0.0,,,0.0,0.0,0.0,0.0,0.0,,,0.0,0.0,0.0,0.0,0.0
NLD,Netherlands,1974,-55.981,-7.848,18.561,116.111,-2.078,-0.361,-5.102,-43.854,,,,,,,,,,-4.762,4.086,-1.667,33.333,,2457.772,6.171,454.998,,,,,,0.0,3.277,,,0.0,0.0,0.0,0.0,,,2.8,60148.624,-5.823,98.884,-49.879,806.659,59477.495,,,291312124176.0,,6.411,43.518,21.389,355.0,,26175.269,741.667,54685.378,,,0.0,0.0,0.0,0.0,0.0,,3.277,241.623,195.758,1.116,6.025,9.103,671.177,,,,195.758,1.116,6.025,9.103,241.623,671.177,,-14.265,51.28,-69.601,418.325,,30844.454,16.991,1252.832,,0.0,,0.0,0.0,0.0,,,0.0,,13562431.0,815.762,0.0,,,0.0,0.0,0.0,0.0,,,0.0,0.0,0.0,0.0,0.0,,,0.0,0.0,0.0,0.0,0.0
NLD,Netherlands,1975,-100.0,-6.171,8.315,61.667,-2.875,-0.488,0.803,6.552,,,,,,,,,,-15.833,3.412,-5.278,28.056,,2050.354,0.0,0.0,,,,,,0.0,3.335,,,0.803,0.803,0.0,0.0,,,2.825,60096.194,0.516,98.602,4.16,810.82,59256.206,,,291063991284.0,,4.304,45.029,15.278,370.278,,27060.609,803.333,58709.09,,,0.0,0.0,0.0,0.0,0.0,,4.138,302.413,26.274,1.398,2.392,11.494,840.036,,,,1.77,1.127,0.161,9.264,243.728,677.023,,-1.396,50.162,-5.84,412.486,,30145.244,16.503,1206.069,,58.685,,0.271,2.231,2.231,,,163.013,,13683287.0,822.313,58.685,,,0.271,2.231,2.231,163.013,,,0.0,0.0,0.0,0.0,0.0,,,0.0,0.0,0.0,0.0,0.0
NLD,Netherlands,1976,,0.0,6.846,55.0,-3.383,-0.558,9.062,74.517,,,,,,,,,,24.752,3.903,6.944,35.0,,2537.501,0.0,0.0,,,,,,0.0,3.872,,,0.872,0.872,0.0,0.0,,,2.943,65020.192,8.983,98.531,72.834,883.654,64064.855,,,304755714516.0,,3.826,42.867,14.167,384.444,,27872.231,858.333,62229.137,,,0.0,0.0,0.0,0.0,0.0,,4.744,343.94,14.645,1.469,1.683,13.178,955.389,,,,16.102,1.199,1.492,10.756,280.72,779.778,,12.539,51.761,51.723,464.208,,33655.122,15.945,1155.993,,63.22,8.593,0.27,0.192,2.422,,,175.611,,13793110.0,896.831,63.22,,8.593,0.27,0.192,2.422,175.611,,,0.0,0.0,0.0,0.0,0.0,,,0.0,0.0,0.0,0.0,0.0
NLD,Netherlands,1977,,0.0,0.324,2.778,0.802,0.128,-1.795,-16.097,,,,,,,,,,4.762,4.163,1.667,36.667,,2639.236,0.0,0.0,,,,,,0.0,3.71,,,0.867,0.867,0.0,0.0,,,2.813,63394.4,-1.769,98.556,-15.633,868.02,62479.315,,,313049845422.0,,0.361,43.808,1.389,385.833,,27771.962,861.111,61982.01,,,0.0,0.0,0.0,0.0,0.0,,4.577,329.448,-3.52,1.444,-0.464,12.714,915.135,,,,-4.184,1.17,-0.45,10.306,267.042,741.785,,-4.026,50.585,-18.689,445.519,,32068.117,16.073,1156.897,,62.406,-0.573,0.273,-0.014,2.408,,,173.35,,13892920.0,880.733,62.406,,-0.573,0.273,-0.014,2.408,173.35,,,0.0,0.0,0.0,0.0,0.0,,,0.0,0.0,0.0,0.0,0.0
NLD,Netherlands,1978,,0.0,-8.452,-72.778,0.579,0.093,2.01,17.703,,,,,,,,,,14.394,4.669,5.278,41.944,,2999.451,0.0,0.0,,,,,,0.0,4.06,,,1.211,1.211,0.0,0.0,,,2.804,64247.211,1.817,98.37,15.775,883.795,63200.236,,,320433847968.0,,0.216,43.038,0.833,386.667,,27650.572,788.333,56373.75,,,0.0,0.0,0.0,0.0,0.0,,5.271,376.929,15.163,1.63,1.928,14.642,1047.027,,,,9.434,1.255,0.972,11.278,290.331,806.475,,2.169,50.664,9.664,455.183,,32550.213,16.166,1156.011,,86.599,39.677,0.374,0.956,3.364,,,240.552,,13984050.0,898.436,86.599,,39.677,0.374,0.956,3.364,240.552,,,0.0,0.0,0.0,0.0,0.0,,,0.0,0.0,0.0,0.0,0.0
NLD,Netherlands,1979,,0.0,4.863,38.333,-22.014,-3.559,3.313,29.769,,,,,,,,,,-4.636,4.309,-1.944,40.0,,2843.214,0.0,0.0,,,,,,0.0,3.489,,,1.106,1.106,0.0,0.0,,,2.834,65977.133,3.581,98.625,31.647,915.443,65069.924,,,327558456694.0,,-0.431,41.478,-1.667,385.0,,27365.935,826.667,58759.709,,,0.0,0.0,0.0,0.0,0.0,,4.595,326.614,-12.825,1.375,-1.878,12.764,907.262,,,,-14.064,1.044,-1.586,9.692,247.999,688.887,,7.746,52.838,35.258,490.442,,34860.776,12.607,896.104,,78.615,-8.671,0.331,-0.292,3.072,,,218.375,,14068597.0,928.206,78.615,,-8.671,0.331,-0.292,3.072,218.375,,,0.0,0.0,0.0,0.0,0.0,,,0.0,0.0,0.0,0.0,0.0
NLD,Netherlands,1980,,0.0,-3.293,-27.222,53.318,6.722,-6.107,-56.686,,,,,,,,,,15.972,5.323,6.389,46.389,,3278.738,0.0,0.0,,,,,,0.0,4.2,,,1.024,1.024,0.0,0.0,,,2.629,61598.435,-6.383,98.335,-58.433,857.009,60572.848,,,331504751638.0,,-8.586,40.383,-33.056,351.944,,24875.214,799.444,56504.19,,,0.0,0.0,0.0,0.0,0.0,,5.224,369.229,13.689,1.665,1.747,14.511,1025.636,,,,20.378,1.339,1.975,11.667,296.853,824.593,,-6.477,52.629,-31.766,458.675,,32418.896,19.329,1366.142,,72.376,-7.414,0.326,-0.228,2.844,,,201.044,,14148410.0,871.52,72.376,,-7.414,0.326,-0.228,2.844,201.044,,,0.0,0.0,0.0,0.0,0.0,,,0.0,0.0,0.0,0.0,0.0
NLD,Netherlands,1981,,0.0,-7.158,-57.222,6.546,1.265,-5.173,-45.088,,,,,,,,,,10.778,6.218,5.0,51.389,,3612.894,0.0,0.0,,,,,,0.0,3.658,,,1.085,1.085,0.0,0.0,,,2.506,58102.218,-5.105,98.406,-43.752,813.257,57175.997,,,329838772497.0,,-4.815,40.536,-16.944,335.0,,23552.165,742.222,52181.869,,,0.0,0.0,0.0,0.0,0.0,,4.743,333.456,-9.208,1.594,-1.336,13.175,926.268,,,,-12.905,1.23,-1.506,10.161,257.175,714.377,,-6.935,51.652,-31.808,426.868,,30010.938,20.594,1447.853,,76.281,5.957,0.365,0.169,3.014,,,211.891,,14223757.0,826.432,76.281,,5.957,0.365,0.169,3.014,211.891,,,0.0,0.0,0.0,0.0,0.0,,,0.0,0.0,0.0,0.0,0.0
NLD,Netherlands,1982,,0.0,-14.484,-107.5,37.48,7.719,-7.546,-62.359,,,,,,,,,,15.676,7.78,8.056,59.444,,4158.351,0.0,0.0,,,,,,0.0,3.897,,,0.265,0.265,0.0,0.0,,,2.344,53449.604,-7.469,98.487,-60.745,752.513,52640.906,,,325990934780.0,,-4.478,41.881,-15.0,320.0,,22385.14,634.722,44401.045,,,0.0,0.0,0.0,0.0,0.0,,4.162,291.146,-12.25,1.513,-1.614,11.561,808.741,,,,6.534,1.417,0.664,10.825,272.609,757.247,,-12.603,48.826,-53.8,373.068,,26097.415,28.313,1980.559,,18.538,-75.576,0.096,-2.278,0.736,,,51.494,,14295209.0,764.073,18.538,,-75.576,0.096,-2.278,0.736,51.494,,,0.0,0.0,0.0,0.0,0.0,,,0.0,0.0,0.0,0.0,0.0
NLD,Netherlands,1983,,0.0,6.477,41.111,38.215,10.82,0.482,3.683,,,,,,,,,,3.271,7.996,1.944,61.389,,4273.392,0.0,0.0,,,,,,0.0,3.589,,,0.231,0.231,0.0,0.0,,,2.316,53444.9,0.616,98.618,4.633,757.146,52706.284,,,331569927766.0,,6.944,44.574,22.222,342.222,,23822.712,675.833,47045.951,,,0.0,0.0,0.0,0.0,0.0,,3.82,265.917,-8.217,1.382,-0.95,10.611,738.659,,,,-7.904,1.299,-0.856,9.969,249.837,693.991,,-5.236,46.048,-19.533,353.534,,24610.18,39.132,2724.066,,16.08,-12.83,0.084,-0.094,0.642,,,44.668,,14365388.0,767.757,16.08,,-12.83,0.084,-0.094,0.642,44.668,,,0.0,0.0,0.0,0.0,0.0,,,0.0,0.0,0.0,0.0,0.0
NLD,Netherlands,1984,,0.0,1.233,8.333,13.79,5.396,3.827,29.383,,,,,,,,,,20.814,9.304,12.778,74.167,,5137.086,0.0,0.0,,,,,,0.0,3.711,,,0.017,0.017,0.0,0.0,,,2.328,55213.137,3.915,98.701,29.639,786.785,54495.913,,,342475522500.0,,6.25,45.614,21.389,363.611,,25185.188,684.167,47388.135,,,0.0,0.0,0.0,0.0,0.0,,3.728,258.216,-2.408,1.299,-0.256,10.356,717.268,,,,3.399,1.293,0.339,10.308,257.039,713.997,,-1.281,43.782,-4.528,349.007,,24173.639,44.528,3084.217,,1.177,-92.641,0.006,-0.594,0.047,,,3.271,,14437510.0,797.14,1.177,,-92.641,0.006,-0.594,0.047,3.271,,,0.0,0.0,0.0,0.0,0.0,,,0.0,0.0,0.0,0.0,0.0
NLD,Netherlands,1985,,0.0,4.71,32.222,24.032,10.701,3.173,25.292,,,,,,,,,23.554,-0.375,8.984,-0.278,73.889,1021.983,5090.893,0.0,0.0,,,14.833,56.304,38.213,0.003,3.899,3.258,,0.441,0.444,0.0,0.0,62.975,,2.33,56664.943,2.997,98.533,23.583,810.369,55833.795,3879.303,89.407,353024508180.0,60.68,5.424,46.61,19.722,383.333,2632.847,26411.399,716.389,49358.654,0.005,,0.001,0.008,0.008,0.207,0.574,6.896,4.343,299.229,16.497,1.467,1.708,12.064,831.194,,,6.191,5.066,1.317,0.522,10.831,268.638,746.218,5.173,1.186,42.939,4.139,353.146,224.474,24331.504,55.23,3805.279,,30.385,2494.118,0.149,1.178,1.225,,0.7,84.402,4338.93,14513947.0,822.432,30.591,0.705,2511.765,0.15,1.186,1.233,84.976,0.0,,0.0,0.0,0.0,0.0,0.0,0.0,,0.0,0.0,0.0,0.0,0.0
NLD,Netherlands,1986,,0.0,-8.569,-61.389,20.294,11.208,4.952,40.726,,,,,,,,,22.537,3.008,8.818,2.222,76.111,1037.151,5214.612,0.0,0.0,,,15.138,60.096,41.502,0.003,4.216,3.456,,0.553,0.557,0.0,0.001,67.17,,2.38,59137.662,4.878,98.464,39.532,849.901,58229.339,4117.363,89.469,362737684375.0,61.787,-0.29,44.282,-1.111,382.222,2843.431,26187.25,655.0,44876.08,0.004,0.0,0.001,0.0,0.008,0.206,0.571,7.106,4.773,327.013,9.901,1.536,1.194,13.258,908.37,,,6.277,8.13,1.357,0.881,11.711,288.851,802.365,5.145,10.88,45.364,38.421,391.567,236.781,26827.477,66.438,4551.868,,37.888,25.397,0.178,0.311,1.536,,0.823,105.244,4602.025,14595749.0,863.158,38.162,0.829,25.45,0.179,0.314,1.547,106.005,0.0,,0.0,0.0,0.0,0.0,0.0,0.001,,0.0,0.003,0.003,0.069,0.19
NLD,Netherlands,1987,,0.0,0.17,1.111,-5.954,-3.956,2.059,17.772,,,,,,,,,24.76,5.474,9.113,4.167,80.278,1154.287,5467.526,0.0,0.0,,,16.948,61.899,41.292,0.001,3.556,3.659,,0.702,0.705,0.0,0.002,68.448,,2.395,59998.003,2.258,98.656,19.194,869.095,59191.922,4215.789,90.432,367878498630.0,60.326,3.198,44.776,12.222,394.444,2812.297,26864.663,656.111,44686.114,0.001,-66.667,0.0,-0.006,0.003,0.068,0.189,6.225,4.261,290.206,-10.727,1.344,-1.422,11.836,806.129,,,5.195,-15.655,1.121,-1.833,9.878,242.19,672.752,5.346,0.716,44.768,2.805,394.372,249.205,26859.733,62.482,4255.499,,47.811,26.944,0.221,0.414,1.95,,1.026,132.81,4661.825,14682662.0,880.93,48.016,1.03,26.571,0.222,0.411,1.958,133.377,0.0,,0.0,0.0,0.0,0.0,0.0,0.003,100.0,0.001,0.003,0.006,0.136,0.378
NLD,Netherlands,1988,,0.0,-11.727,-76.944,-10.311,-6.442,0.326,2.871,,,,,,,,,31.951,19.723,10.875,15.833,96.111,1506.359,6505.414,0.0,0.0,,,22.255,62.479,36.428,0.002,3.675,3.796,,0.835,0.853,0.0,0.016,69.654,,2.341,59821.286,0.245,98.577,2.129,871.224,58969.989,4228.974,89.699,377506483586.0,52.299,-9.577,40.356,-37.778,356.667,2465.678,24141.479,579.167,39201.669,0.003,100.0,0.001,0.003,0.006,0.135,0.376,6.501,4.528,306.484,6.266,1.423,0.742,12.578,851.344,,,5.276,3.346,1.155,0.331,10.208,248.747,690.965,5.45,6.104,47.346,24.074,418.446,256.937,28323.097,56.04,3793.121,,56.518,18.946,0.262,0.369,2.319,,1.199,156.995,4714.624,14774031.0,883.802,57.736,1.225,20.993,0.268,0.411,2.369,160.379,0.0,,0.0,0.0,0.0,0.0,0.0,0.023,700.0,0.005,0.039,0.044,1.083,3.008
NLD,Netherlands,1989,,0.0,9.305,53.889,-13.907,-7.793,0.456,4.033,,,,,,,,,30.317,-0.867,10.731,-0.833,95.278,1490.114,6407.966,0.0,0.0,,,22.156,65.393,39.93,0.037,4.019,3.307,,0.9,0.96,0.0,0.023,73.081,,2.247,59711.776,0.319,98.442,2.78,874.004,58781.641,4398.043,89.48,395159113084.0,54.638,2.57,41.205,9.167,365.833,2685.515,24604.346,633.056,42576.506,0.051,1750.0,0.012,0.097,0.103,2.488,6.912,6.813,4.979,334.865,9.96,1.558,1.253,13.831,930.183,,,5.499,9.361,1.257,0.956,11.164,270.3,750.834,4.525,-1.327,46.506,-5.554,412.892,222.414,27769.33,48.246,3244.836,,60.53,7.784,0.282,0.181,2.5,,1.232,168.139,4915.104,14868659.0,887.834,64.565,1.314,12.544,0.3,0.297,2.667,179.348,0.0,,0.0,0.0,0.0,0.0,0.0,0.031,43.75,0.007,0.019,0.064,1.547,4.297
NLD,Netherlands,1990,,0.0,0.176,1.111,9.164,4.421,2.522,22.389,0.933,44.77,,0.0,,0.0,0.0,,34.833,6.706,11.169,6.389,101.667,1671.184,6793.434,0.0,0.0,81.01,0.67,25.01,67.48,36.53,0.09,3.5,5.94,0.0,0.67,0.82,0.0,0.06,71.8,,2.213,60821.631,2.773,98.684,24.239,898.243,60021.131,4509.055,93.983,411390797650.0,50.877,0.607,40.436,2.222,368.056,2440.957,24593.717,634.167,42375.405,0.125,129.73,0.026,0.133,0.236,6.014,15.777,6.017,4.32,288.665,-13.376,1.316,-1.85,11.981,800.549,11.369,9.21,4.875,-12.864,1.069,-1.436,9.728,233.872,650.017,8.273,3.785,47.079,15.627,428.52,396.914,28633.979,52.668,3519.284,0.0,44.77,-25.556,0.204,-0.639,1.861,0.0,0.933,124.361,4797.72,14965442.0,910.223,54.793,1.142,-15.521,0.247,-0.414,2.253,150.532,0.0,,0.0,0.0,0.0,0.0,0.0,0.084,143.478,0.017,0.092,0.156,4.009,10.394
NLD,Netherlands,1991,,0.0,13.062,82.833,1.473,0.776,1.9,17.297,0.997,49.122,,0.0,0.0,0.0,0.0,,30.519,-7.923,10.093,-8.056,93.611,1504.196,6214.016,0.0,0.0,83.41,0.74,22.66,69.99,41.01,0.1,3.33,6.32,0.0,0.74,0.93,0.0,0.09,74.25,,2.188,61569.773,1.939,98.721,17.413,915.656,60782.283,4646.015,94.263,423864912581.0,55.232,11.585,44.279,42.639,410.694,2722.29,27262.383,717.0,47595.271,0.135,22.353,0.031,0.053,0.289,6.638,19.177,5.737,4.26,282.784,-0.974,1.279,-0.117,11.864,787.539,10.982,9.16,4.485,-4.94,0.997,-0.481,9.247,221.049,613.842,8.512,-4.007,44.349,-17.17,411.35,419.529,27305.884,53.443,3547.622,0.0,49.122,11.94,0.225,0.222,2.083,0.0,0.997,138.294,4928.799,15064522.0,927.519,61.734,1.253,16.153,0.282,0.364,2.617,173.697,0.0,,0.0,0.0,0.0,0.0,0.0,0.121,57.143,0.026,0.089,0.244,5.974,16.227
NLD,Netherlands,1992,,0.0,0.426,3.056,-23.084,-12.337,1.187,11.012,0.947,48.134,,0.0,0.0,0.0,0.0,,29.371,-0.297,9.945,-0.278,93.333,1492.168,6154.18,0.0,0.0,85.73,0.73,22.63,72.25,43.46,0.12,3.8,6.16,0.0,0.73,1.0,0.0,0.15,77.05,,2.165,61884.455,1.036,98.573,9.487,925.143,61001.673,4763.991,93.77,433594986466.0,56.405,-2.624,42.611,-10.778,399.917,2865.648,26369.562,720.056,47478.728,0.156,15.385,0.036,0.044,0.333,7.913,21.979,6.23,4.8,316.5,12.854,1.427,1.525,13.389,882.832,10.125,8.68,4.932,14.148,1.125,1.308,10.556,250.563,696.008,7.995,4.994,46.018,20.542,431.892,406.176,28477.93,41.106,2710.446,0.0,48.134,0.267,0.223,0.006,2.089,0.0,0.947,137.736,5080.491,15165856.0,938.531,65.938,1.298,8.28,0.302,0.217,2.833,186.823,0.0,,0.0,0.003,0.003,0.0,0.183,0.195,67.045,0.044,0.164,0.408,9.891,26.925
NLD,Netherlands,1993,,0.0,1.937,13.944,-1.688,-0.694,0.83,7.794,1.092,55.017,,0.0,0.0,0.0,0.0,,27.827,0.893,9.951,0.833,94.167,1402.279,6167.587,0.0,0.0,87.24,0.84,21.41,71.89,44.12,0.09,3.95,6.36,0.0,0.84,1.1,0.0,0.17,76.94,,2.143,61980.909,0.765,98.509,7.077,932.22,61057.094,4708.539,93.436,441585760851.0,57.343,2.848,43.463,11.389,411.306,2889.703,26939.072,734.0,48074.388,0.117,-23.333,0.027,-0.078,0.256,5.895,16.738,6.564,5.05,330.757,5.353,1.491,0.717,14.106,923.864,11.807,10.3,5.134,3.895,1.159,0.411,10.967,258.711,718.278,8.266,-1.191,45.095,-5.145,426.747,416.557,27950.435,40.412,2646.858,0.0,55.017,14.761,0.253,0.308,2.397,0.0,1.092,157.01,5039.296,15268005.0,946.325,72.046,1.43,10.784,0.332,0.306,3.139,205.586,0.0,0.0,0.0,0.0,0.003,0.0,0.182,0.221,18.367,0.051,0.075,0.483,11.134,31.657
NLD,Netherlands,1994,,0.0,-5.139,-37.722,56.417,22.799,-1.078,-10.203,1.155,59.86,,0.0,0.0,0.0,0.0,,30.266,6.49,10.712,6.111,100.278,1568.73,6524.632,0.0,0.0,90.22,0.92,24.11,74.43,43.54,0.1,3.97,6.78,0.0,0.92,1.26,0.0,0.24,79.66,,2.047,60909.282,-1.144,98.444,-10.664,921.556,59961.54,4842.827,93.435,457294178381.0,54.657,-3.424,42.433,-14.083,397.222,2832.953,25845.495,696.278,45303.682,0.126,8.696,0.03,0.022,0.278,6.507,18.074,6.565,5.23,340.293,3.269,1.556,0.461,14.567,947.79,11.705,10.56,4.984,0.481,1.177,0.053,11.019,258.31,716.987,8.511,-0.631,45.299,-2.692,424.055,441.144,27591.413,63.212,4112.898,0.0,59.86,8.806,0.279,0.211,2.608,0.0,1.155,169.713,5183.12,15369121.0,936.122,81.983,1.582,13.01,0.379,0.408,3.547,230.804,0.0,-99.0,0.0,-0.003,0.0,0.0,0.002,0.301,36.782,0.071,0.178,0.661,15.616,43.016
NLD,Netherlands,1995,,0.0,1.66,11.556,-15.727,-9.941,4.071,38.105,1.236,64.65,,0.0,0.0,0.0,0.0,,33.877,3.324,10.635,3.333,103.611,1771.416,6698.486,0.0,0.0,92.27,1.0,27.4,75.45,42.01,0.09,4.02,6.04,0.0,1.0,1.41,0.0,0.32,80.88,,2.054,62984.026,4.076,98.449,37.558,959.114,62006.959,4877.859,93.286,474287665876.0,51.941,2.72,41.882,10.806,408.028,2715.956,26379.106,707.833,45761.579,0.111,-12.0,0.025,-0.033,0.244,5.819,15.803,6.714,5.43,351.051,3.756,1.551,0.547,15.114,977.117,12.344,11.39,4.97,1.286,1.146,0.142,11.161,259.894,721.569,7.468,5.523,45.931,23.419,447.475,390.487,28929.367,53.27,3443.933,0.0,64.65,8.307,0.29,0.217,2.825,0.0,1.236,182.637,5228.91,15467852.0,974.228,91.157,1.743,11.432,0.406,0.406,3.953,255.548,0.0,9900.0,0.0,0.003,0.003,0.0,0.18,0.396,33.193,0.09,0.219,0.881,20.688,56.928
NLD,Netherlands,1996,,0.0,13.174,93.25,-8.303,-4.423,4.311,41.996,1.526,83.53,,0.0,0.0,0.0,0.0,,30.305,-3.485,9.84,-3.611,100.0,1659.036,6425.397,0.0,0.0,95.79,1.3,25.82,79.22,47.08,0.08,4.16,6.32,0.0,1.3,1.82,0.0,0.44,85.2,,2.057,65296.363,4.218,98.361,40.457,999.572,64226.408,5090.196,92.981,494052168564.0,55.258,10.824,44.498,44.167,452.194,3025.075,29055.29,801.083,51472.747,0.094,-9.091,0.022,-0.022,0.222,5.14,14.279,7.019,5.98,384.238,10.182,1.639,1.539,16.653,1070.007,11.055,10.59,4.883,3.534,1.137,0.394,11.556,267.296,742.49,7.418,-0.022,44.023,-0.098,447.377,406.085,28745.721,48.847,3138.613,0.0,83.53,29.4,0.36,0.831,3.656,0.0,1.526,234.884,5474.434,15563252.0,1016.224,116.942,2.136,28.953,0.502,1.144,5.097,327.517,0.0,100.0,0.001,0.003,0.006,0.0,0.357,0.516,37.855,0.119,0.333,1.214,28.272,77.997
NLD,Netherlands,1997,,0.0,-11.432,-91.583,-5.944,-2.903,-1.793,-18.225,1.681,92.619,,0.0,0.0,0.0,0.0,,28.326,-2.778,9.742,-2.778,97.222,1561.115,6210.112,0.0,0.0,98.91,1.45,24.44,81.86,50.66,0.09,2.41,6.76,0.0,1.45,2.01,0.0,0.47,86.28,,1.926,63747.537,-1.391,98.764,-13.906,985.666,62959.791,5228.839,94.877,518267843750.0,58.716,-6.303,42.454,-28.5,423.694,3235.927,27063.669,709.5,45319.588,0.104,15.0,0.026,0.033,0.256,5.749,16.324,5.123,4.42,282.329,-25.938,1.236,-4.319,12.333,787.797,12.769,12.63,2.793,-42.115,0.67,-4.867,6.689,153.94,427.256,7.835,3.883,46.568,17.372,464.748,431.798,29686.009,45.944,2934.672,0.0,92.619,11.17,0.407,0.408,4.064,0.0,1.681,259.583,5511.169,15655482.0,997.998,128.39,2.33,10.736,0.566,0.547,5.644,360.541,0.0,0.0,0.001,0.0,0.006,0.0,0.355,0.545,8.696,0.132,0.106,1.319,30.021,84.28
NLD,Netherlands,1998,,0.0,-4.612,-32.722,2.08,0.955,0.694,6.922,1.728,99.71,,0.0,0.0,0.0,0.0,,29.082,2.0,9.868,1.944,99.167,1678.559,6298.041,0.0,0.0,102.69,1.57,26.43,84.75,51.06,0.11,3.81,7.26,0.0,1.57,2.32,0.0,0.64,90.88,,1.844,63822.077,0.219,98.299,2.157,987.823,62736.257,5382.439,93.255,544860337212.0,56.184,-1.252,41.634,-5.306,418.389,3242.8,26571.734,676.778,42981.889,0.121,22.076,0.031,0.056,0.312,6.986,19.813,6.745,6.13,389.314,38.63,1.701,4.764,17.098,1085.871,11.501,11.81,4.192,58.185,1.053,3.892,10.581,241.972,671.983,7.989,1.187,46.796,5.518,470.267,461.08,29866.483,46.899,2978.549,0.0,99.71,8.7,0.44,0.354,4.417,0.0,1.728,280.551,5771.753,15745650.0,1004.92,147.342,2.553,15.457,0.649,0.872,6.517,413.887,0.0,75.0,0.001,0.004,0.01,0.0,0.617,0.704,34.737,0.177,0.458,1.778,40.646,112.906
NLD,Netherlands,1999,,0.0,-7.01,-47.444,-28.101,-13.179,-1.219,-12.246,2.046,111.774,,0.0,0.0,0.0,0.0,,25.332,-12.325,8.759,-12.222,86.944,1384.229,5490.472,0.0,0.0,104.97,1.77,21.92,80.19,51.15,0.09,3.83,7.12,0.0,1.77,2.51,0.01,0.64,86.53,,1.724,62686.542,-1.296,98.221,-12.807,975.017,61571.47,5063.931,92.673,575703524290.0,59.112,-2.297,41.179,-9.611,408.778,3230.079,25813.991,629.333,39741.867,0.104,-19.643,0.025,-0.061,0.251,5.683,15.831,7.327,6.34,400.366,3.28,1.779,0.561,17.659,1115.122,17.567,18.44,4.426,0.502,1.071,0.053,10.634,241.861,671.524,8.228,1.919,48.283,9.027,479.294,449.622,30267.006,33.72,2129.402,0.0,111.774,12.454,0.5,0.55,4.968,0.0,2.046,313.7,5464.296,15835525.0,992.674,158.504,2.901,7.79,0.708,0.508,7.025,443.598,0.012,50.571,0.001,0.005,0.015,0.631,0.924,0.74,0.781,0.18,0.014,1.792,40.415,113.142
NLD,Netherlands,2000,,0.0,-2.498,-15.722,-7.866,-2.653,1.3,12.901,2.226,124.951,,0.0,0.0,0.0,0.0,563.262,27.162,3.834,8.978,3.333,90.278,1524.533,5668.516,0.0,0.0,108.3,1.99,24.28,82.49,51.52,0.14,3.93,6.69,0.0,1.99,2.97,0.01,0.83,89.39,50.35,1.666,63139.751,1.165,98.091,11.361,986.378,61934.325,5179.519,92.281,603576153931.0,57.635,0.279,40.764,1.139,409.917,3234.924,25738.551,613.611,38528.436,0.157,57.778,0.039,0.145,0.396,8.791,24.836,7.719,6.9,433.249,8.722,1.909,1.54,19.199,1205.476,17.461,18.91,4.396,2.377,1.083,0.253,10.887,246.763,683.572,7.484,1.437,48.349,6.889,486.182,420.063,30527.259,31.068,1950.724,0.0,124.951,12.573,0.556,0.625,5.592,0.0,2.226,351.133,5612.768,15926188.0,1005.576,186.485,3.323,18.326,0.827,1.287,8.312,521.904,0.011,46.3,0.002,0.007,0.021,0.628,1.345,0.929,28.527,0.229,0.511,2.303,52.115,144.591
NLD,Netherlands,2001,,0.0,5.355,32.861,-14.431,-4.484,3.834,38.556,2.515,146.709,,0.0,0.0,0.0,0.0,563.631,27.272,6.462,9.205,5.833,96.111,1590.699,6000.157,0.0,0.0,110.71,2.35,25.48,86.14,53.77,0.12,3.98,6.89,0.0,2.35,3.31,0.01,0.83,93.43,52.66,1.684,65184.436,3.817,98.074,37.647,1024.025,63929.194,5377.662,92.197,619963779153.0,57.551,2.019,40.052,8.278,418.194,3356.825,26107.62,646.472,40358.828,0.128,-18.14,0.031,-0.072,0.324,7.492,20.214,7.803,7.29,455.11,4.734,1.926,0.909,20.107,1255.295,15.608,17.28,4.26,0.703,1.05,0.077,10.963,248.469,684.43,7.375,4.841,48.817,23.536,509.719,430.138,31821.417,26.584,1659.627,0.0,146.709,16.368,0.623,0.915,6.508,0.0,2.515,406.263,5832.772,16018112.0,1044.132,206.641,3.543,10.013,0.876,0.832,9.144,570.865,0.011,68.291,0.003,0.015,0.036,0.624,2.25,0.888,-1.129,0.218,-0.026,2.277,51.816,142.138
NLD,Netherlands,2002,,0.0,-1.745,-11.278,47.847,12.72,0.019,0.2,3.029,180.008,,0.0,0.0,0.0,0.0,561.253,27.144,0.578,9.256,0.556,96.667,1613.248,6000.286,0.0,0.0,112.13,2.9,25.99,87.86,55.28,0.11,3.91,6.59,0.0,2.9,3.98,0.02,0.95,95.75,53.74,1.673,64823.635,-0.13,97.928,-1.334,1022.691,63480.325,5453.635,91.76,624206551805.0,57.734,-1.01,39.64,-4.222,413.972,3431.333,25696.054,635.194,39427.712,0.115,-7.156,0.029,-0.023,0.301,6.828,18.66,8.24,7.89,489.747,7.632,2.072,1.535,21.642,1343.361,14.608,16.38,4.084,-2.122,1.028,-0.233,10.731,242.701,666.074,6.883,0.458,49.031,2.332,512.051,409.054,31783.985,39.304,2439.663,0.0,180.008,22.475,0.763,1.463,7.97,0.0,3.029,494.721,5943.382,16110355.0,1044.332,247.046,4.157,19.326,1.045,1.767,10.911,677.288,0.021,29.633,0.004,0.011,0.047,1.241,2.9,0.992,13.927,0.248,0.317,2.594,58.968,161.007
NLD,Netherlands,2003,,0.0,-4.412,-28.028,0.069,0.027,0.677,7.067,2.629,156.781,,0.0,0.0,0.0,0.0,562.215,27.505,3.448,9.511,3.333,100.0,1640.027,6172.483,0.0,0.0,113.59,2.54,26.57,88.62,55.02,0.07,4.02,7.03,0.0,2.54,3.96,0.03,1.32,96.6,54.31,1.67,64897.39,0.68,97.931,6.952,1029.643,63554.463,5470.05,91.739,629605968034.0,56.957,0.691,39.646,2.861,416.833,3396.098,25728.968,607.167,37477.231,0.072,-34.728,0.019,-0.104,0.196,4.321,12.111,8.261,7.98,492.564,0.534,2.069,0.116,21.758,1342.979,14.957,16.99,4.161,2.011,1.041,0.216,10.946,248.134,675.667,7.277,0.148,48.774,0.758,512.808,433.925,31653.012,39.331,2427.686,0.0,156.781,-12.92,0.66,-1.03,6.94,0.0,2.629,428.395,5962.614,16200948.0,1051.399,244.43,4.099,-0.919,1.028,-0.1,10.811,667.311,0.031,79.243,0.008,0.037,0.084,1.852,5.169,1.366,38.43,0.342,0.997,3.591,81.477,221.636
NLD,Netherlands,2004,,0.0,17.952,109.0,-6.495,-2.555,3.344,35.161,3.277,203.227,,0.0,0.0,0.0,0.0,550.045,24.701,-1.389,9.076,-1.389,98.611,1531.879,6054.527,0.0,0.0,117.23,3.31,24.95,91.89,59.99,0.09,3.82,6.95,0.0,3.31,5.3,0.03,1.87,101.01,55.56,1.682,66712.577,3.124,97.722,32.169,1061.811,65193.054,5641.86,90.971,646099699283.0,59.39,2.386,39.278,9.944,426.778,3683.264,26203.311,716.167,43971.181,0.089,32.072,0.024,0.063,0.259,5.526,15.911,9.029,9.12,559.95,13.752,2.278,2.992,24.75,1519.577,13.836,16.22,3.782,-5.483,0.952,-0.6,10.346,234.54,635.238,6.881,4.605,49.369,23.613,536.421,426.716,32935.216,36.776,2257.986,0.0,203.227,29.683,0.828,2.06,9.001,0.0,3.277,552.615,6201.809,16287183.0,1086.56,325.409,5.247,33.228,1.326,3.592,14.403,884.339,0.03,7.121,0.008,0.006,0.09,1.842,5.508,1.851,40.752,0.465,1.463,5.054,114.814,310.304
NLD,Netherlands,2005,,0.0,-8.774,-62.833,-20.314,-7.471,2.063,22.42,5.277,321.375,,0.0,0.0,0.0,0.0,539.226,23.575,-4.507,8.491,-4.444,94.167,1435.803,5753.398,0.0,0.0,117.97,5.26,23.5,88.22,57.6,0.09,4.0,7.12,0.0,5.26,7.46,0.04,2.07,99.68,53.75,1.67,67756.448,1.538,97.22,16.335,1078.146,65872.543,5390.064,88.503,663883921321.0,57.785,-2.864,37.382,-12.222,414.556,3519.244,25328.528,653.333,39917.347,0.09,-8.659,0.021,-0.022,0.237,5.499,14.462,11.497,11.46,700.183,24.588,2.78,6.085,30.835,1883.959,15.504,18.29,4.013,3.928,0.97,0.406,10.753,244.392,656.966,7.143,6.152,51.347,33.001,569.423,435.018,34790.618,29.306,1790.517,0.0,321.375,57.698,1.28,5.193,14.194,0.0,5.277,867.207,6090.247,16367153.0,1108.98,455.791,7.484,39.428,1.811,5.679,20.082,1226.994,0.04,2.542,0.008,0.002,0.092,2.444,5.62,2.077,10.012,0.501,0.506,5.56,126.473,339.703
NLD,Netherlands,2006,,0.0,-1.271,-8.306,-16.956,-4.969,-2.056,-22.796,5.239,314.475,,0.043,0.465,0.465,28.308,538.352,24.055,-4.72,8.26,-4.444,89.722,1444.031,5457.53,0.0,0.0,120.15,5.17,23.74,87.17,57.14,0.11,3.47,6.29,0.0,5.17,8.05,0.04,2.73,98.69,53.13,1.571,66069.199,-2.158,97.118,-23.267,1054.879,64165.029,5302.282,88.327,691219588289.0,57.898,-3.973,36.65,-16.472,398.083,3475.65,24214.199,645.028,39235.047,0.111,18.792,0.026,0.044,0.281,6.691,17.104,11.673,11.52,700.726,1.526,2.882,0.471,31.306,1904.224,17.861,21.46,3.516,-13.755,0.854,-1.479,9.274,211.069,564.088,6.373,-0.413,52.208,-2.35,567.073,382.601,34493.3,24.336,1480.313,0.0,314.475,-2.187,1.278,-0.31,13.883,0.0,5.239,844.481,6003.008,16440092.0,1086.184,489.657,8.157,9.708,2.028,1.95,22.032,1340.135,0.041,2.346,0.009,0.002,0.094,2.433,5.727,2.766,31.437,0.673,1.748,7.308,166.057,444.515
NLD,Netherlands,2007,,0.0,-3.876,-25.0,35.64,8.673,1.687,18.329,3.81,242.327,716.253,0.344,3.333,3.799,230.136,537.429,23.733,8.978,8.853,8.056,97.778,1509.694,5923.543,0.0,0.0,122.61,4.0,24.92,93.21,61.01,0.11,4.2,7.28,0.0,4.0,7.59,0.04,3.44,105.0,56.43,1.532,66913.191,1.372,96.817,14.475,1069.354,64783.236,5646.814,88.771,720937993889.0,58.105,-2.519,35.134,-10.028,388.056,3696.086,23509.06,620.028,37562.298,0.105,1.076,0.026,0.003,0.284,6.664,17.218,11.229,11.79,714.258,12.31,3.183,3.854,35.159,2130.008,14.363,17.61,4.0,20.309,1.01,1.883,11.157,254.443,675.915,6.933,2.9,52.831,16.448,583.52,441.034,35350.634,33.01,1999.797,0.0,242.327,-22.967,0.968,-3.189,10.695,0.0,3.81,647.91,6361.072,16506652.0,1104.513,459.815,7.229,8.943,2.173,1.97,24.002,1454.093,0.038,0.755,0.009,0.001,0.095,2.423,5.747,3.276,24.928,0.827,1.822,9.13,208.401,553.082
NLD,Netherlands,2008,,0.0,14.363,89.056,-18.776,-6.198,-1.26,-13.918,4.777,309.631,-13.134,0.303,-0.499,3.3,199.168,524.953,21.862,-5.398,8.482,-5.278,92.5,1417.181,5583.021,0.0,0.0,123.25,5.13,23.48,93.7,63.36,0.1,4.17,6.86,0.0,5.13,9.53,0.04,4.26,107.4,56.38,1.479,65824.981,-1.691,96.394,-18.088,1051.266,63451.205,5655.445,87.244,737432114177.0,58.994,4.08,37.034,15.833,403.889,3824.215,24377.514,709.083,42798.095,0.093,-7.123,0.024,-0.02,0.264,6.036,15.933,12.756,13.7,826.89,11.862,3.606,4.171,39.33,2373.828,12.86,15.85,3.883,-1.365,1.009,-0.152,11.005,251.688,664.218,6.387,-4.909,50.878,-28.644,554.876,414.049,33490.67,26.812,1618.298,0.0,309.631,25.459,1.23,2.723,13.418,0.0,4.777,809.844,6482.335,16568105.0,1090.595,575.202,8.873,18.01,2.597,4.323,28.325,1709.61,0.037,8.22,0.009,0.008,0.103,2.414,6.196,3.966,23.127,1.031,2.111,11.241,257.121,678.469
NLD,Netherlands,2009,,0.0,-7.627,-54.083,-21.876,-5.866,-1.451,-15.819,5.38,367.488,30.902,0.402,1.02,4.32,259.802,518.669,21.381,-5.706,8.115,-5.278,87.222,1460.33,5246.019,0.0,0.0,118.45,6.11,24.28,98.48,68.87,0.1,4.25,5.33,0.0,6.11,10.83,0.04,4.58,113.56,58.9,1.506,64642.82,-1.939,95.916,-20.382,1030.884,62002.929,5923.118,86.721,713757496065.0,60.646,2.4,38.481,9.694,413.583,4142.213,24875.15,655.0,39395.229,0.088,-3.378,0.024,-0.009,0.255,6.015,15.341,13.279,15.08,906.992,11.601,4.084,4.563,43.893,2639.943,4.128,4.89,3.743,1.277,1.037,0.14,11.145,255.618,670.34,4.694,-4.469,49.32,-24.799,530.078,320.575,31881.761,20.947,1259.843,0.0,367.488,19.485,1.492,2.614,16.032,0.0,5.38,964.248,6830.11,16626379.0,1074.776,651.375,9.537,15.613,3.047,4.422,32.747,1969.603,0.035,13.579,0.011,0.014,0.117,2.406,7.013,4.033,6.968,1.119,0.783,12.024,275.466,723.199
NLD,Netherlands,2010,,0.0,14.911,97.667,-16.365,-3.428,5.839,62.753,5.911,421.988,-38.694,0.233,-1.671,2.648,158.735,515.154,18.966,0.637,7.717,0.556,87.778,1354.079,5261.537,0.0,0.0,121.89,7.04,22.59,103.95,75.33,0.1,3.97,6.03,0.0,7.04,11.19,0.06,3.99,119.11,61.36,1.563,68185.192,6.248,96.287,64.407,1095.291,65653.431,6230.921,87.272,727959468558.0,63.244,13.057,41.105,54.0,467.583,4515.394,28027.676,752.667,45115.981,0.084,6.486,0.024,0.017,0.272,5.994,16.28,12.728,15.16,908.713,-3.77,3.713,-1.655,42.238,2531.816,2.281,2.78,3.333,-7.144,0.91,-0.796,10.349,237.968,620.339,5.063,1.859,47.465,9.852,539.929,361.447,32364.217,17.519,1050.097,0.0,421.988,14.789,1.618,2.371,18.403,0.0,5.911,1103.099,7139.634,16682928.0,1137.529,670.746,9.395,-2.621,2.803,-0.858,31.889,1911.477,0.05,32.93,0.014,0.038,0.155,3.596,9.29,3.35,-13.413,0.915,-1.613,10.411,239.167,624.072
NLD,Netherlands,2011,,0.0,-7.665,-57.694,7.889,1.382,-4.209,-47.88,6.203,421.79,74.396,0.424,1.97,4.618,275.914,508.303,18.794,-1.361,7.946,-1.194,86.583,1277.916,5172.805,0.0,0.0,122.9,7.06,21.39,97.35,69.47,0.06,4.14,6.49,0.0,7.06,12.32,0.1,5.1,113.81,57.85,1.464,65099.537,-4.836,95.656,-52.973,1042.319,62271.897,5816.041,85.537,744360865409.0,61.04,-12.47,37.561,-58.306,409.278,4150.389,24451.753,694.972,41520.151,0.053,-45.614,0.014,-0.124,0.148,3.585,8.825,14.463,16.46,983.38,12.056,4.344,5.092,47.33,2827.692,7.396,9.09,3.638,3.687,0.985,0.382,10.731,247.339,641.089,5.702,1.209,50.15,6.527,546.457,387.736,32647.339,18.901,1129.197,0.0,421.79,-0.251,1.685,-0.046,18.357,0.0,6.203,1096.701,6799.421,16738191.0,1089.648,736.041,10.825,14.772,3.359,4.711,36.6,2186.603,0.088,67.775,0.024,0.105,0.26,5.974,15.536,4.481,26.947,1.213,2.806,13.217,304.692,789.626
NLD,Netherlands,2012,,0.0,-1.575,-10.944,-6.972,-1.318,-3.31,-36.07,6.986,428.779,-5.971,0.412,-0.276,4.343,258.609,518.774,23.489,9.881,9.03,8.556,95.139,1441.771,5665.782,0.0,0.0,120.18,7.2,24.21,86.69,56.56,0.1,3.91,5.92,0.0,7.2,12.47,0.19,4.98,103.07,53.47,1.431,62743.469,-3.403,95.564,-35.474,1006.845,59960.317,5162.624,84.108,736497867271.0,54.875,-4.018,37.286,-16.444,392.833,3368.301,23394.304,684.028,40735.701,0.097,82.027,0.026,0.121,0.269,5.955,16.012,15.892,16.38,975.473,-1.258,4.436,-0.595,46.735,2783.202,14.237,17.11,3.794,-6.032,0.957,-0.647,10.083,232.851,600.491,5.744,-5.048,49.248,-27.585,518.872,352.552,30900.23,17.583,1047.112,0.0,428.779,1.078,1.761,0.198,18.555,0.0,6.986,1104.986,6138.097,16791850.0,1053.579,742.622,12.099,0.142,3.479,0.052,36.652,2182.712,0.184,151.35,0.062,0.394,0.654,11.315,38.924,4.832,-2.912,1.218,-0.385,12.832,296.572,764.18
NLD,Netherlands,2013,,0.0,5.852,40.028,5.088,0.895,-2.953,-31.113,5.862,353.252,3.155,0.438,0.137,4.48,265.952,524.236,24.246,0.058,9.31,0.056,95.194,1461.097,5651.703,0.0,0.0,119.74,5.95,24.61,86.51,56.07,0.11,2.89,5.83,0.0,5.95,12.1,0.41,5.63,101.5,53.21,1.391,60703.815,-2.734,95.78,-27.523,979.321,58142.349,5136.102,85.232,735093097904.0,55.241,-0.438,38.252,-1.722,391.111,3328.878,23220.301,724.056,42987.208,0.108,8.847,0.029,0.024,0.293,6.531,17.376,14.768,14.99,889.957,-7.682,4.22,-3.59,43.145,2561.515,15.233,18.24,2.847,-26.599,0.724,-2.682,7.401,171.579,439.416,5.744,-4.983,48.218,-25.857,493.015,346.127,29270.345,18.478,1097.016,0.0,353.252,-17.845,1.491,-3.311,15.244,0.0,5.862,905.018,6026.059,16843512.0,1022.465,718.377,11.921,-2.478,3.496,-0.908,35.744,2122.099,0.404,102.083,0.129,0.667,1.321,24.342,78.418,5.547,12.273,1.409,1.575,14.407,334.253,855.336
NLD,Netherlands,2014,,0.0,-16.6,-120.194,26.117,4.826,-5.614,-57.402,4.854,296.581,-0.921,0.46,-0.041,4.438,262.737,535.264,28.57,10.622,10.912,10.111,105.306,1745.743,6233.863,0.0,0.0,117.95,5.01,29.49,87.48,51.52,0.11,4.09,6.47,0.0,5.01,11.65,0.73,5.8,103.22,55.25,1.294,57129.666,-6.014,95.374,-58.901,920.421,54486.878,5178.624,84.751,745517681292.0,49.913,-11.861,35.72,-46.389,344.722,3049.871,20406.815,603.861,35747.253,0.107,-2.674,0.03,-0.008,0.285,6.512,16.862,15.249,15.74,931.773,3.475,4.626,1.499,44.644,2642.834,12.488,14.73,3.962,40.678,1.079,3.011,10.412,242.119,616.368,6.268,-4.589,48.742,-22.623,470.392,383.01,27846.2,23.303,1379.513,0.0,296.581,-16.306,1.322,-2.486,12.758,0.0,4.854,755.252,6110.398,16892518.0,965.064,689.654,11.287,-4.229,3.547,-1.512,34.232,2026.465,0.707,51.204,0.207,0.676,1.997,43.214,118.227,5.619,2.407,1.529,0.347,14.754,343.347,873.387
NLD,Netherlands,2015,,0.0,-24.035,-145.139,-4.777,-1.113,1.401,13.521,4.523,290.463,11.688,0.507,0.519,4.957,292.649,552.767,36.211,22.184,13.148,23.361,128.667,2325.473,7596.117,0.0,0.0,117.53,4.92,39.39,91.03,45.85,0.09,4.08,5.79,0.0,4.92,13.67,1.11,7.55,108.78,60.13,1.287,57772.868,0.896,94.899,8.248,928.669,54825.954,5374.15,83.683,760077430662.0,42.149,-1.136,34.826,-3.917,340.806,2706.853,20120.199,458.722,27081.645,0.083,-17.403,0.024,-0.05,0.235,5.313,13.89,16.317,17.75,1047.909,11.811,5.101,5.273,49.917,2946.96,7.445,8.75,3.751,-0.918,1.054,-0.096,10.316,240.872,609.055,5.323,-2.38,46.924,-11.196,459.196,341.825,27109.638,22.19,1310.044,0.0,290.463,-2.245,1.274,-0.286,12.472,0.0,4.523,736.296,6422.059,16938492.0,978.585,807.038,12.567,15.683,4.047,5.368,39.601,2337.905,1.02,42.06,0.29,0.84,2.837,65.531,167.497,6.941,29.455,1.952,4.346,19.099,445.73,1127.574
NLD,Netherlands,2016,,0.0,-3.458,-15.861,-33.494,-7.432,1.836,17.965,4.313,289.142,-1.781,0.489,-0.088,4.869,286.714,538.259,32.267,-7.297,11.969,-9.389,119.278,2162.969,7024.078,0.0,0.0,118.74,4.91,36.73,95.09,52.65,0.1,3.96,5.71,0.0,4.91,14.78,1.6,8.17,113.83,61.27,1.283,58685.191,1.723,94.794,15.999,944.668,55629.969,5599.694,83.537,776582321592.0,46.253,3.146,35.274,10.722,351.528,3100.472,20700.909,442.861,26079.362,0.088,6.975,0.025,0.016,0.252,5.889,14.821,16.463,18.74,1103.568,3.937,5.206,1.965,51.882,3055.269,4.135,4.91,3.479,-3.462,0.999,-0.357,9.959,233.198,586.486,5.016,3.194,47.55,14.666,473.862,336.253,27904.982,14.758,869.059,0.0,289.142,-1.104,1.238,-0.138,12.334,0.0,4.313,726.33,6703.261,16981286.0,996.55,870.37,12.984,5.865,4.207,2.323,41.923,2468.783,1.406,38.224,0.394,1.084,3.922,94.221,230.938,7.177,7.579,2.062,1.448,20.547,481.118,1209.981
NLD,Netherlands,2017,,,-14.351,-63.556,0.0,,-1.549,-15.436,3.978,270.249,9.382,0.543,0.457,5.326,312.875,512.668,27.047,-10.317,10.903,-12.306,106.972,1837.693,6284.598,,,119.16,4.6,31.28,94.81,57.91,0.06,3.4,5.62,0.0,4.6,17.44,2.21,10.57,115.65,59.29,1.228,57640.248,-2.22,94.148,-20.968,923.7,54267.18,5570.065,81.98,799187902646.0,50.073,2.647,36.778,9.306,360.833,3402.199,21198.891,379.306,22284.113,0.052,-39.648,0.015,-0.1,0.152,3.525,8.924,18.02,20.84,1224.345,10.664,5.852,5.533,57.415,3373.114,2.946,3.51,2.94,-14.59,0.867,-1.453,8.506,199.749,499.737,4.859,-3.792,46.467,-17.968,455.894,330.174,26783.69,,,0.0,270.249,-6.775,1.172,-0.836,11.498,0.0,3.978,675.527,6794.411,17021344.0,981.114,1024.596,15.08,16.663,4.985,6.986,48.909,2873.376,1.911,40.525,0.562,1.589,5.511,129.837,323.762,9.14,28.593,2.693,5.875,26.422,620.985,1552.288
NLD,Netherlands,2018,,,-14.778,-56.056,0.0,,-0.097,-0.951,4.03,268.471,23.733,0.672,1.264,6.589,386.261,496.657,24.169,-10.153,9.806,-10.861,96.111,1610.241,5633.861,,,121.63,4.58,27.47,91.24,57.65,0.07,3.51,6.12,0.0,4.58,18.91,3.71,10.55,113.66,56.45,1.198,57455.397,-0.632,93.644,-5.838,917.862,53803.388,5348.321,80.275,818056008436.0,50.721,-1.771,36.162,-6.389,354.444,3379.337,20776.897,323.25,18948.32,0.062,18.381,0.018,0.028,0.18,4.103,10.54,19.725,22.42,1314.219,8.513,6.356,4.888,62.302,3652.055,6.553,7.97,3.088,2.696,0.891,0.229,8.736,205.75,512.062,5.384,2.503,47.676,11.412,467.306,358.743,27392.63,,,0.0,268.471,-1.192,1.159,-0.137,11.361,0.0,4.03,665.983,6662.54,17059560.0,980.164,1108.469,16.637,9.524,5.465,4.658,53.567,3139.993,3.264,67.291,0.941,3.708,9.219,217.473,540.412,9.282,-0.776,2.675,-0.205,26.217,618.422,1536.797
NLD,Netherlands,2019,,,-13.861,-44.806,0.0,,-0.454,-4.447,4.81,339.823,31.268,0.887,2.06,8.65,505.925,454.553,14.661,-22.312,7.652,-21.444,74.667,1035.847,4367.21,,,121.66,5.81,17.71,94.1,70.76,0.07,3.91,5.63,0.0,5.81,22.79,5.4,11.51,120.8,54.91,,57069.043,-1.827,92.352,-16.766,901.096,52704.523,5503.85,77.897,,58.576,4.444,37.941,15.75,370.194,4138.708,21652.457,278.444,16286.04,0.058,2.157,0.019,0.004,0.184,4.094,10.744,22.103,26.7,1561.666,19.773,7.648,12.319,74.622,4364.566,0.707,0.86,3.237,10.828,0.992,0.946,9.681,228.693,566.258,4.661,-2.369,46.759,-11.072,456.234,329.295,26684.856,,,0.0,339.823,26.721,1.476,3.036,14.397,0.0,4.81,842.083,7065.516,17097124.0,975.717,1332.973,18.866,21.232,6.656,11.373,64.94,3798.308,4.47,43.323,1.354,3.994,13.213,315.843,772.834,9.528,8.693,2.921,2.279,28.496,673.213,1666.721
NLD,Netherlands,2020,,,-28.272,-78.722,0.0,,-3.986,-38.895,7.192,516.491,31.617,1.215,2.735,11.385,664.419,394.117,6.184,-33.185,5.325,-24.778,49.889,444.123,2911.543,,,120.4,8.85,7.61,85.96,72.66,0.05,4.09,5.69,0.0,8.85,33.01,8.77,15.34,123.06,48.5,,54673.362,-7.193,89.268,-64.813,836.283,48805.888,5016.67,69.852,,59.044,-1.246,39.024,-4.611,365.583,4240.475,21335.647,199.722,11655.891,0.041,-37.724,0.012,-0.069,0.114,2.918,6.676,30.148,37.1,2165.175,34.732,10.732,25.918,100.539,5867.517,-2.209,-2.66,3.324,4.076,1.076,0.395,10.076,238.694,588.039,4.624,-7.764,44.919,-35.424,420.81,332.071,24558.698,,,0.0,516.491,48.776,2.286,7.022,21.42,0.0,7.192,1250.059,7181.844,17134874.0,936.821,1926.48,26.824,39.302,9.656,25.523,90.463,5279.478,7.127,50.42,2.122,6.662,19.875,511.822,1159.935,12.465,32.19,4.021,9.173,37.669,895.25,2198.389
NLD,Netherlands,2021,,,,,,,,,9.257,651.018,,,,,,386.189,12.28,,,,,863.56,,,,121.13,11.18,14.83,75.89,55.42,0.09,3.84,5.64,0.04,11.22,41.04,11.53,18.2,120.77,46.64,,,,,,,,4419.122,62.838,,45.889,,,,,3227.141,,,,0.075,,,,,5.241,,37.162,44.88,2613.39,,,,,,0.297,0.36,3.18,,,,,223.606,,4.67,,,,,328.421,,,,2.329,653.348,,,,,0.033,9.29,,7032.513,17173094.0,,2389.785,33.982,,,,,,9.547,,,,,671.399,,15.07,,,,,1059.797,
