iso_code,country,year,coal_prod_change_pct,coal_prod_change_twh,gas_prod_change_pct,gas_prod_change_twh,oil_prod_change_pct,oil_prod_change_twh,energy_cons_change_pct,energy_cons_change_twh,biofuel_share_elec,biofuel_elec_per_capita,biofuel_cons_change_pct,biofuel_share_energy,biofuel_cons_change_twh,biofuel_consumption,biofuel_cons_per_capita,carbon_intensity_elec,coal_share_elec,coal_cons_change_pct,coal_share_energy,coal_cons_change_twh,coal_consumption,coal_elec_per_capita,coal_cons_per_capita,coal_production,coal_prod_per_capita,electricity_demand,biofuel_electricity,coal_electricity,fossil_electricity,gas_electricity,hydro_electricity,nuclear_electricity,oil_electricity,other_renewable_exc_biofuel_electricity,other_renewable_electricity,renewables_electricity,solar_electricity,wind_electricity,electricity_generation,greenhouse_gas_emissions,energy_per_gdp,energy_per_capita,fossil_cons_change_pct,fossil_share_energy,fossil_cons_change_twh,fossil_fuel_consumption,fossil_energy_per_capita,fossil_cons_per_capita,fossil_share_elec,gdp,gas_share_elec,gas_cons_change_pct,gas_share_energy,gas_cons_change_twh,gas_consumption,gas_elec_per_capita,gas_energy_per_capita,gas_production,gas_prod_per_capita,hydro_share_elec,hydro_cons_change_pct,hydro_share_energy,hydro_cons_change_twh,hydro_consumption,hydro_elec_per_capita,hydro_energy_per_capita,low_carbon_share_elec,low_carbon_electricity,low_carbon_elec_per_capita,low_carbon_cons_change_pct,low_carbon_share_energy,low_carbon_cons_change_twh,low_carbon_consumption,low_carbon_energy_per_capita,net_elec_imports_share_demand,net_elec_imports,nuclear_share_elec,nuclear_cons_change_pct,nuclear_share_energy,nuclear_cons_change_twh,nuclear_consumption,nuclear_elec_per_capita,nuclear_energy_per_capita,oil_share_elec,oil_cons_change_pct,oil_share_energy,oil_cons_change_twh,oil_consumption,oil_elec_per_capita,oil_energy_per_capita,oil_production,oil_prod_per_capita,other_renewables_elec_per_capita_exc_biofuel,other_renewables_elec_per_capita,other_renewables_cons_change_pct,other_renewables_share_energy,other_renewables_cons_change_twh,other_renewable_consumption,other_renewables_share_elec_exc_biofuel,other_renewables_share_elec,other_renewables_energy_per_capita,per_capita_electricity,population,primary_energy_consumption,renewables_elec_per_capita,renewables_share_elec,renewables_cons_change_pct,renewables_share_energy,renewables_cons_change_twh,renewables_consumption,renewables_energy_per_capita,solar_share_elec,solar_cons_change_pct,solar_share_energy,solar_cons_change_twh,solar_consumption,solar_elec_per_capita,solar_energy_per_capita,wind_share_elec,wind_cons_change_pct,wind_share_energy,wind_cons_change_twh,wind_consumption,wind_elec_per_capita,wind_energy_per_capita
NZL,New Zealand,1900,,,,,,,,,,,,,,,,,,,,,,,,7.419,9182.235,,,,,,,,,,,,,,,,,,,,,,,,,5528757000.0,,,,,,,,,,,,,,,,,,,,,,,,,,,,,,,,,,,,,,,,,,,,,,,,,,,,,807964.0,,,,,,,,,,,,,,,,,,,,,,
NZL,New Zealand,1901,12.249,0.909,,,,,,,,,,,,,,,,,,,,,,8.328,10069.821,,,,,,,,,,,,,,,,,,,,,,,,,5546344000.0,,,,,,,,,,,,,,,,,,,,,,,,,,,,,,,,,,,,,,,,,,,,,,,,,,,,,826989.0,,,,,,,,,,,,,,,,,,,,,,
NZL,New Zealand,1902,10.993,0.915,,,,,,,,,,,,,,,,,,,,,,9.243,10905.844,,,,,,,,,,,,,,,,,,,,,,,,,5970456000.0,,,,,,,,,,,,,,,,,,,,,,,,,,,,,,,,,,,,,,,,,,,,,,,,,,,,,847539.0,,,,,,,,,,,,,,,,,,,,,,
NZL,New Zealand,1903,4.182,0.387,,,,,,,,,,,,,,,,,,,,,,9.63,11072.749,,,,,,,,,,,,,,,,,,,,,,,,,6532845000.0,,,,,,,,,,,,,,,,,,,,,,,,,,,,,,,,,,,,,,,,,,,,,,,,,,,,,869673.0,,,,,,,,,,,,,,,,,,,,,,
NZL,New Zealand,1904,8.31,0.8,,,,,,,,,,,,,,,,,,,,,,10.43,11687.649,,,,,,,,,,,,,,,,,,,,,,,,,6505505000.0,,,,,,,,,,,,,,,,,,,,,,,,,,,,,,,,,,,,,,,,,,,,,,,,,,,,,892385.0,,,,,,,,,,,,,,,,,,,,,,
NZL,New Zealand,1905,3.121,0.326,,,,,,,,,,,,,,,,,,,,,,10.755,11745.671,,,,,,,,,,,,,,,,,,,,,,,,,7104789000.0,,,,,,,,,,,,,,,,,,,,,,,,,,,,,,,,,,,,,,,,,,,,,,,,,,,,,915690.0,,,,,,,,,,,,,,,,,,,,,,
NZL,New Zealand,1906,9.079,0.977,,,,,,,,,,,,,,,,,,,,,,11.732,12486.029,,,,,,,,,,,,,,,,,,,,,,,,,7778012000.0,,,,,,,,,,,,,,,,,,,,,,,,,,,,,,,,,,,,,,,,,,,,,,,,,,,,,939604.0,,,,,,,,,,,,,,,,,,,,,,
NZL,New Zealand,1907,5.838,0.685,,,,,,,,,,,,,,,,,,,,,,12.417,12878.653,,,,,,,,,,,,,,,,,,,,,,,,,8248128000.0,,,,,,,,,,,,,,,,,,,,,,,,,,,,,,,,,,,,,,,,,,,,,,,,,,,,,964142.0,,,,,,,,,,,,,,,,,,,,,,
NZL,New Zealand,1908,1.638,0.203,,,,,,,,,,,,,,,,,,,,,,12.62,12756.521,,,,,,,,,,,,,,,,,,,,,,,,,7676172000.0,,,,,,,,,,,,,,,,,,,,,,,,,,,,,,,,,,,,,,,,,,,,,,,,,,,,,989321.0,,,,,,,,,,,,,,,,,,,,,,
NZL,New Zealand,1909,2.687,0.339,,,,,,,,,,,,,,,,,,,,,,12.959,12789.055,,,,,,,,,,,,,,,,,,,,,,,,,7785472000.0,,,,,,,,,,,,,,,,,,,,,,,,,,,,,,,,,,,,,,,,,,,,,,,,,,,,,1013317.0,,,,,,,,,,,,,,,,,,,,,,
NZL,New Zealand,1910,14.966,1.939,,,,,,,,,,,,,,,,,,,,,,14.899,14380.227,,,,,,,,,,,,,,,,,,,,,,,,,8855330000.0,,,,,,,,,,,,,,,,,,,,,,,,,,,,,,,,,,,,,,,,,,,,,,,,,,,,,1036066.0,,,,,,,,,,,,,,,,,,,,,,
NZL,New Zealand,1911,-5.963,-0.888,,,,,,,,,,,,,,,,,,,,,,14.01,13248.643,,,,,,,,,,,,,,,,,,,,,,,,,9343719000.0,,,,,,,,,,,,,,,,,,,,,,,,,,,,,,,,,,,,,,,,,,,,,,,,,,,,,1057504.0,,,,,,,,,,,,,,,,,,,,,,
NZL,New Zealand,1912,5.421,0.76,,,,,,,,,,,,,,,,,,,,,,14.77,13706.858,,,,,,,,,,,,,,,,,,,,,,,,,9066876000.0,,,,,,,,,,,,,,,,,,,,,,,,,,,,,,,,,,,,,,,,,,,,,,,,,,,,,1077564.0,,,,,,,,,,,,,,,,,,,,,,
NZL,New Zealand,1913,-13.315,-1.967,,,,,,,,,,,,,,,,,,,,,,12.803,11680.042,,,,,,,,,,,,,,,,,,,,,,,,,9213864000.0,,,,,,,,,,,,,,,,,,,,,,,,,,,,,,,,,,,,,,,,,,,,,,,,,,,,,1096177.0,,,,,,,,,,,,,,,,,,,,,,
NZL,New Zealand,1914,20.551,2.631,,,,,,,,,,,,,,,,,,,,,,15.435,13841.3,,,,,,,,,,,,,,,,,,,,,,,,,9453753000.0,,,,,,,,,,,,,,,,,,,,,,,,,,,,,,,,,,,,,,,,,,,,,,,,,,,,,1115112.0,,,,,,,,,,,,,,,,,,,,,,
NZL,New Zealand,1915,-2.944,-0.454,,,,,,,,,,,,,,,,,,,,,,14.98,13205.746,,,,,,,,,,,,,,,,,,,,,,,,,9500544000.0,,,,,,,,,,,,,,,,,,,,,,,,,,,,,,,,,,,,,,,,,,,,,,,,,,,,,1134373.0,,,,,,,,,,,,,,,,,,,,,,
NZL,New Zealand,1916,2.173,0.326,,,,,,,,,,,,,,,,,,,,,,15.306,13263.596,,,,,,,,,,,,,,,,,,,,,,,,,9425955000.0,,,,,,,,,,,,,,,,,,,,,,,,,,,,,,,,,,,,,,,,,,,,,,,,,,,,,1153967.0,,,,,,,,,,,,,,,,,,,,,,
NZL,New Zealand,1917,-8.374,-1.282,,,,,,,,,,,,,,,,,,,,,,14.024,11946.551,,,,,,,,,,,,,,,,,,,,,,,,,9196416000.0,,,,,,,,,,,,,,,,,,,,,,,,,,,,,,,,,,,,,,,,,,,,,,,,,,,,,1173900.0,,,,,,,,,,,,,,,,,,,,,,
NZL,New Zealand,1918,-1.644,-0.231,,,,,,,,,,,,,,,,,,,,,,13.793,11549.886,,,,,,,,,,,,,,,,,,,,,,,,,9049168000.0,,,,,,,,,,,,,,,,,,,,,,,,,,,,,,,,,,,,,,,,,,,,,,,,,,,,,1194253.0,,,,,,,,,,,,,,,,,,,,,,
NZL,New Zealand,1919,-9.145,-1.261,,,,,,,,,,,,,,,,,,,,,,12.532,10312.087,,,,,,,,,,,,,,,,,,,,,,,,,10063095000.0,,,,,,,,,,,,,,,,,,,,,,,,,,,,,,,,,,,,,,,,,,,,,,,,,,,,,1215286.0,,,,,,,,,,,,,,,,,,,,,,
NZL,New Zealand,1920,-14.056,-1.762,,,,,,,,,,,,,,,,,,,,,,10.771,8706.911,,,,,,,,,,,,,,,,,,,,,,,,,11159072000.0,,,,,,,,,,,,,,,,,,,,,,,,,,,,,,,,,,,,,,,,,,,,,,,,,,,,,1237017.0,,,,,,,,,,,,,,,,,,,,,,
NZL,New Zealand,1921,-1.673,-0.18,,,,,,,,,,,,,,,,,,,,,,10.59,8408.701,,,,,,,,,,,,,,,,,,,,,,,,,10421850000.0,,,,,,,,,,,,,,,,,,,,,,,,,,,,,,,,,,,,,,,,,,,,,,,,,,,,,1259462.0,,,,,,,,,,,,,,,,,,,,,,
NZL,New Zealand,1922,1.721,0.182,,,,,,,,,,,,,,,,,,,,,,10.773,8398.811,,,,,,,,,,,,,,,,,,,,,,,,,10061664000.0,,,,,,,,,,,,,,,,,,,,,,,,,,,,,,,,,,,,,,,,,,,,,,,,,,,,,1282642.0,,,,,,,,,,,,,,,,,,,,,,
NZL,New Zealand,1923,7.809,0.841,,,,,,,,,,,,,,,,,,,,,,11.614,8888.787,,,,,,,,,,,,,,,,,,,,,,,,,10871874000.0,,,,,,,,,,,,,,,,,,,,,,,,,,,,,,,,,,,,,,,,,,,,,,,,,,,,,1306574.0,,,,,,,,,,,,,,,,,,,,,,
NZL,New Zealand,1924,3.973,0.461,,,,,,,,,,,,,,,,,,,,,,12.075,9072.679,,,,,,,,,,,,,,,,,,,,,,,,,11067300000.0,,,,,,,,,,,,,,,,,,,,,,,,,,,,,,,,,,,,,,,,,,,,,,,,,,,,,1330954.0,,,,,,,,,,,,,,,,,,,,,,
NZL,New Zealand,1925,2.498,0.302,,,,,,,,,,,,,,,,,,,,,,12.377,9128.963,,,,,,,,,,,,,,,,,,,,,,,,,11657170000.0,,,,,,,,,,,,,,,,,,,,,,,,,,,,,,,,,,,,,,,,,,,,,,,,,,,,,1355788.0,,,,,,,,,,,,,,,,,,,,,,
NZL,New Zealand,1926,4.391,0.543,,,,,,,,,,,,,,,,,,,,,,12.92,9355.23,,,,,,,,,,,,,,,,,,,,,,,,,11039016000.0,,,,,,,,,,,,,,,,,,,,,,,,,,,,,,,,,,,,,,,,,,,,,,,,,,,,,1381085.0,,,,,,,,,,,,,,,,,,,,,,
NZL,New Zealand,1927,5.274,0.681,,,,,,,,,,,,,,,,,,,,,,13.602,9668.213,,,,,,,,,,,,,,,,,,,,,,,,,10727205000.0,,,,,,,,,,,,,,,,,,,,,,,,,,,,,,,,,,,,,,,,,,,,,,,,,,,,,1406855.0,,,,,,,,,,,,,,,,,,,,,,
NZL,New Zealand,1928,2.61,0.355,,,,,,,,,,,,,,,,,,,,,,13.957,9738.839,,,,,,,,,,,,,,,,,,,,,,,,,11915530000.0,,,,,,,,,,,,,,,,,,,,,,,,,,,,,,,,,,,,,,,,,,,,,,,,,,,,,1433105.0,,,,,,,,,,,,,,,,,,,,,,
NZL,New Zealand,1929,4.627,0.646,,,,,,,,,,,,,,,,,,,,,,14.602,10022.096,,,,,,,,,,,,,,,,,,,,,,,,,12338748000.0,,,,,,,,,,,,,,,,,,,,,,,,,,,,,,,,,,,,,,,,,,,,,,,,,,,,,1457030.0,,,,,,,,,,,,,,,,,,,,,,
NZL,New Zealand,1930,0.099,0.014,,,,,,,,,,,,,,,,,,,,,,14.617,9885.94,,,,,,,,,,,,,,,,,,,,,,,,,11803658000.0,,,,,,,,,,,,,,,,,,,,,,,,,,,,,,,,,,,,,,,,,,,,,,,,,,,,,1478559.0,,,,,,,,,,,,,,,,,,,,,,
NZL,New Zealand,1931,-12.352,-1.805,,,,,,,,,,,,,,,,,,,,,,12.812,8554.577,,,,,,,,,,,,,,,,,,,,,,,,,10799362000.0,,,,,,,,,,,,,,,,,,,,,,,,,,,,,,,,,,,,,,,,,,,,,,,,,,,,,1497623.0,,,,,,,,,,,,,,,,,,,,,,
NZL,New Zealand,1932,-16.154,-2.07,,,,,,,,,,,,,,,,,,,,,,10.742,7094.417,,,,,,,,,,,,,,,,,,,,,,,,,10531719000.0,,,,,,,,,,,,,,,,,,,,,,,,,,,,,,,,,,,,,,,,,,,,,,,,,,,,,1514148.0,,,,,,,,,,,,,,,,,,,,,,
NZL,New Zealand,1933,0.326,0.035,,,,,,,,,,,,,,,,,,,,,,10.777,7052.774,,,,,,,,,,,,,,,,,,,,,,,,,11232760000.0,,,,,,,,,,,,,,,,,,,,,,,,,,,,,,,,,,,,,,,,,,,,,,,,,,,,,1528061.0,,,,,,,,,,,,,,,,,,,,,,
NZL,New Zealand,1934,15.521,1.673,,,,,,,,,,,,,,,,,,,,,,12.45,8073.219,,,,,,,,,,,,,,,,,,,,,,,,,11795200000.0,,,,,,,,,,,,,,,,,,,,,,,,,,,,,,,,,,,,,,,,,,,,,,,,,,,,,1542102.0,,,,,,,,,,,,,,,,,,,,,,
NZL,New Zealand,1935,3.166,0.394,,,,,,,,,,,,,,,,,,,,,,12.844,8253.015,,,,,,,,,,,,,,,,,,,,,,,,,12347610000.0,,,,,,,,,,,,,,,,,,,,,,,,,,,,,,,,,,,,,,,,,,,,,,,,,,,,,1556272.0,,,,,,,,,,,,,,,,,,,,,,
NZL,New Zealand,1936,0.81,0.104,,,,,,,,,,,,,,,,,,,,,,12.948,8244.145,,,,,,,,,,,,,,,,,,,,,,,,,14643057000.0,,,,,,,,,,,,,,,,,,,,,,,,,,,,,,,,,,,,,,,,,,,,,,,,,,,,,1570572.0,,,,,,,,,,,,,,,,,,,,,,
NZL,New Zealand,1937,5.531,0.716,,,,,,,,,,,,,,,,,,,,,,13.664,8620.945,,,,,,,,,,,,,,,,,,,,,,,,,15435162000.0,,,,,,,,,,,,,,,,,,,,,,,,,,,,,,,,,,,,,,,,,,,,,,,,,,,,,1585003.0,,,,,,,,,,,,,,,,,,,,,,
NZL,New Zealand,1938,-2.95,-0.403,,,,,,,,,,,,,,,,,,,,,,13.261,8290.475,,,,,,,,,,,,,,,,,,,,,,,,,16521200000.0,,,,,,,,,,,,,,,,,,,,,,,,,,,,,,,,,,,,,,,,,,,,,,,,,,,,,1599567.0,,,,,,,,,,,,,,,,,,,,,,
NZL,New Zealand,1939,5.196,0.689,,,,,,,,,,,,,,,,,,,,,,13.95,8630.832,,,,,,,,,,,,,,,,,,,,,,,,,16753219000.0,,,,,,,,,,,,,,,,,,,,,,,,,,,,,,,,,,,,,,,,,,,,,,,,,,,,,1616326.0,,,,,,,,,,,,,,,,,,,,,,
NZL,New Zealand,1940,7.095,0.99,,,,,,,,,,,,,,,,,,,,,,14.94,9135.792,,,,,,,,,,,,,,,,,,,,,,,,,16428712000.0,,,,,,,,,,,,,,,,,,,,,,,,,,,,,,,,,,,,,,,,,,,,,,,,,,,,,1635332.0,,,,,,,,,,,,,,,,,,,,,,
NZL,New Zealand,1941,5.145,0.769,,,,,,,,,,,,,,,,,,,,,,15.709,9482.285,,,,,,,,,,,,,,,,,,,,,,,,,15915330000.0,,,,,,,,,,,,,,,,,,,,,,,,,,,,,,,,,,,,,,,,,,,,,,,,,,,,,1656639.0,,,,,,,,,,,,,,,,,,,,,,
NZL,New Zealand,1942,1.866,0.293,,,,,,,,,,,,,,,,,,,,,,16.002,9523.18,,,,,,,,,,,,,,,,,,,,,,,,,17666781000.0,,,,,,,,,,,,,,,,,,,,,,,,,,,,,,,,,,,,,,,,,,,,,,,,,,,,,1680300.0,,,,,,,,,,,,,,,,,,,,,,
NZL,New Zealand,1943,5.139,0.822,,,,,,,,,,,,,,,,,,,,,,16.824,9859.59,,,,,,,,,,,,,,,,,,,,,,,,,18033219000.0,,,,,,,,,,,,,,,,,,,,,,,,,,,,,,,,,,,,,,,,,,,,,,,,,,,,,1706371.0,,,,,,,,,,,,,,,,,,,,,,
NZL,New Zealand,1944,1.609,0.271,,,,,,,,,,,,,,,,,,,,,,17.095,9865.144,,,,,,,,,,,,,,,,,,,,,,,,,18106338000.0,,,,,,,,,,,,,,,,,,,,,,,,,,,,,,,,,,,,,,,,,,,,,,,,,,,,,1732846.0,,,,,,,,,,,,,,,,,,,,,,
NZL,New Zealand,1945,2.378,0.407,,,,,,,,,,,,,,,,,,,,,,17.501,9945.462,,,,,,,,,,,,,,,,,,,,,,,,,18640584000.0,,,,,,,,,,,,,,,,,,,,,,,,,,,,,,,,,,,,,,,,,,,,,,,,,,,,,1759732.0,,,,,,,,,,,,,,,,,,,,,,
NZL,New Zealand,1946,-1.479,-0.259,,,,,,,,,,,,,,,,,,,,,,17.242,9648.649,,,,,,,,,,,,,,,,,,,,,,,,,20078985000.0,,,,,,,,,,,,,,,,,,,,,,,,,,,,,,,,,,,,,,,,,,,,,,,,,,,,,1787035.0,,,,,,,,,,,,,,,,,,,,,,
NZL,New Zealand,1947,-1.416,-0.244,,,,,,,,,,,,,,,,,,,,,,16.998,9366.703,,,,,,,,,,,,,,,,,,,,,,,,,22473282000.0,,,,,,,,,,,,,,,,,,,,,,,,,,,,,,,,,,,,,,,,,,,,,,,,,,,,,1814762.0,,,,,,,,,,,,,,,,,,,,,,
NZL,New Zealand,1948,0.751,0.128,,,,,,,,,,,,,,,,,,,,,,17.126,9292.87,,,,,,,,,,,,,,,,,,,,,,,,,20245485000.0,,,,,,,,,,,,,,,,,,,,,,,,,,,,,,,,,,,,,,,,,,,,,,,,,,,,,1842919.0,,,,,,,,,,,,,,,,,,,,,,
NZL,New Zealand,1949,1.761,0.302,,,,,,,,,,,,,,,,,,,,,,17.428,9299.851,,,,,,,,,,,,,,,,,,,,,,,,,22429548000.0,,,,,,,,,,,,,,,,,,,,,,,,,,,,,,,,,,,,,,,,,,,,,,,,,,,,,1873969.0,,,,,,,,,,,,,,,,,,,,,,
NZL,New Zealand,1950,-5.608,-0.977,,,,,,,,,,,,,,,,,,,,,,16.45,8621.656,,,,,,,,,,,,,,,,,,,,,,,,,25722110490.0,,,,,,,,,,,,,,,,,,,,,,,,,,,,,,,,,,,,,,,,,,,,,,,,,,,,,1908011.0,,,,,,,,,,,,,,,,,,,,,,
NZL,New Zealand,1951,-6.643,-1.093,,,,,,,,,,,,,,,,,,,,,,15.357,7884.0,,,,,,,,,,,,,,,,,,,,,,,,,23756198411.0,,,,,,,,,,,,,,,,,,,,,,,,,,,,,,,,,,,,,,,,,,,,,,,,,,,,,1947929.0,,,,,,,,,,,,,,,,,,,,,,
NZL,New Zealand,1952,11.604,1.782,,,,,,,,,,,,,,,,,,,,,,17.14,8600.701,,,,,,,,,,,,,,,,,,,,,,,,,24789305038.0,,,,,,,,,,,,,,,,,,,,,,,,,,,,,,,,,,,,,,,,,,,,,,,,,,,,,1992809.0,,,,,,,,,,,,,,,,,,,,,,
NZL,New Zealand,1953,-8.254,-1.415,,,,,,,,,,,,,,,,,,,,,,15.725,7707.373,,,,,,,,,,,,,,,,,,,,,,,,,25637430102.0,,,,,,,,,,,,,,,,,,,,,,,,,,,,,,,,,,,,,,,,,,,,,,,,,,,,,2040237.0,,,,,,,,,,,,,,,,,,,,,,
NZL,New Zealand,1954,2.826,0.444,,,,,,,,,,,,,,,,,,,,,,16.169,7742.064,,,,,,,,,,,,,,,,,,,,,,,,,29164968144.0,,,,,,,,,,,,,,,,,,,,,,,,,,,,,,,,,,,,,,,,,,,,,,,,,,,,,2088488.0,,,,,,,,,,,,,,,,,,,,,,
NZL,New Zealand,1955,-1.24,-0.201,,,,,,,,,,,,,,,,,,,,,,15.969,7474.628,,,,,,,,,,,,,,,,,,,,,,,,,29709824544.0,,,,,,,,,,,,,,,,,,,,,,,,,,,,,,,,,,,,,,,,,,,,,,,,,,,,,2136388.0,,,,,,,,,,,,,,,,,,,,,,
NZL,New Zealand,1956,2.91,0.465,,,,,,,,,,,,,,,,,,,,,,16.433,7526.306,,,,,,,,,,,,,,,,,,,,,,,,,31249733994.0,,,,,,,,,,,,,,,,,,,,,,,,,,,,,,,,,,,,,,,,,,,,,,,,,,,,,2183460.0,,,,,,,,,,,,,,,,,,,,,,
NZL,New Zealand,1957,-1.091,-0.179,,,,,,,,,,,,,,,,,,,,,,16.254,7289.408,,,,,,,,,,,,,,,,,,,,,,,,,32143590126.0,,,,,,,,,,,,,,,,,,,,,,,,,,,,,,,,,,,,,,,,,,,,,,,,,,,,,2229828.0,,,,,,,,,,,,,,,,,,,,,,
NZL,New Zealand,1958,4.484,0.729,,,,,,,,,,,,,,,,,,,,,,16.983,7461.333,,,,,,,,,,,,,,,,,,,,,,,,,33403924653.0,,,,,,,,,,,,,,,,,,,,,,,,,,,,,,,,,,,,,,,,,,,,,,,,,,,,,2276133.0,,,,,,,,,,,,,,,,,,,,,,
NZL,New Zealand,1959,3.625,0.616,,,,,,,,,,,,,,,,,,,,,,17.599,7574.501,,,,,,,,,,,,,,,,,,,,,,,,,35782722700.0,,,,,,,,,,,,,,,,,,,,,,,,,,,,,,,,,,,,,,,,,,,,,,,,,,,,,2323404.0,,,,,,,,,,,,,,,,,,,,,,
NZL,New Zealand,1960,8.342,1.468,,,,,,,,,,,,,,,,,,,,,,19.067,8036.19,,,,,,,,,,,,,,,,,,,,,,,,,35782531902.0,,,,,,,,,,,,,,,,,,,,,,,,,,,,,,,,,,,,,,,,,,,,,,,,,,,,,2372599.0,,,,,,,,,,,,,,,,,,,,,,
NZL,New Zealand,1961,-2.618,-0.499,,,,,,,,,,,,,,,,,,,,,,18.567,7659.647,,,,,,,,,,,,,,,,,,,,,,,,,37783245850.0,,,,,,,,,,,,,,,,,,,,,,,,,,,,,,,,,,,,,,,,,,,,,,,,,,,,,2424064.0,,,,,,,,,,,,,,,,,,,,,,
NZL,New Zealand,1962,-13.282,-2.466,,,,,,,,,,,,,,,,,,,,,,16.101,6499.848,,,,,,,,,,,,,,,,,,,,,,,,,38599899050.0,,,,,,,,,,,,,,,,,,,,,,,,,,,,,,,,,,,,,,,,,,,,,,,,,,,,,2477192.0,,,,,,,,,,,,,,,,,,,,,,
NZL,New Zealand,1963,8.726,1.405,,,,,,,,,,,,,,,,,,,,,,17.506,6918.98,,,,,,,,,,,,,,,,,,,,,,,,,41042802500.0,,,,,,,,,,,,,,,,,,,,,,,,,,,,,,,,,,,,,,,,,,,,,,,,,,,,,2530186.0,,,,,,,,,,,,,,,,,,,,,,
NZL,New Zealand,1964,5.059,0.886,,,,,,,,,,,,,,,,,,,,,,18.392,7127.212,,,,,,,,,,,,,,,,,,,,,,,,,43041921700.0,,,,,,,,,,,,,,,,,,,,,,,,,,,,,,,,,,,,,,,,,,,,,,,,,,,,,2580536.0,,,,,,,,,,,,,,,,,,,,,,
NZL,New Zealand,1965,-7.935,-1.459,,,,,,,,,,,,,,,,,22.955,,19.131,,7283.564,16.933,6446.44,,,,,,10.019,0.0,,,1.348,11.367,0.0,0.0,,,1.82,31729.369,,62.115,,51.768,19708.598,,,45787176400.0,,,0.0,,0.0,,0.0,,,,,33.392,,27.83,3814.282,10595.236,,11.367,4327.483,,37.885,,31.574,12020.797,,,,,0.0,,0.0,0.0,0.0,,,39.159,,32.636,,12425.034,,,,513.201,,4.493,,3.744,,,1425.561,,2626649.0,83.342,4327.483,,,37.885,,31.574,12020.797,,,0.0,,0.0,0.0,0.0,,,0.0,,0.0,0.0,0.0
NZL,New Zealand,1966,-2.293,-0.388,,,,,6.227,5.19,,,,,,,,,,-2.736,21.018,-0.523,18.608,,6976.911,16.544,6203.109,,,,,,10.805,0.0,,,1.359,12.164,0.0,0.0,,,1.819,33194.132,5.745,61.833,2.974,54.742,20524.852,,,48674218050.0,,,0.0,0.0,0.0,,0.0,,,,7.852,33.903,2.185,30.015,4051.402,11253.903,,12.164,4560.947,7.017,38.167,2.216,33.79,12669.307,,,,,0.0,0.0,0.0,0.0,0.0,,10.716,40.814,3.497,36.133,,13547.941,,,,509.545,0.816,4.264,0.031,3.775,,,1415.404,,2667085.0,88.532,4560.947,,7.017,38.167,2.216,33.79,12669.307,,,0.0,0.0,0.0,0.0,0.0,,,0.0,0.0,0.0,0.0,0.0
NZL,New Zealand,1967,-8.747,-1.447,,,,,0.825,0.731,,,,,,,,,,-8.688,19.035,-1.617,16.991,,6286.896,15.097,5585.984,,,,,,11.221,0.0,,,1.134,12.355,0.0,0.0,,,1.922,33027.372,0.369,61.553,0.202,54.943,20329.215,,,46452210050.0,,,0.0,0.0,0.0,,0.0,,,,3.845,34.918,1.154,31.169,4151.758,11532.67,,12.355,4571.342,1.565,38.447,0.529,34.319,12698.183,,,,,0.0,0.0,0.0,0.0,0.0,,5.032,42.517,1.818,37.952,,14042.319,,,,419.584,-16.556,3.529,-0.625,3.15,,,1165.512,,2702676.0,89.262,4571.342,,1.565,38.447,0.529,34.319,12698.183,,,0.0,0.0,0.0,0.0,0.0,,,0.0,0.0,0.0,0.0,0.0
NZL,New Zealand,1968,-6.336,-0.956,,,,,2.269,2.026,,,,,,,,,,-5.886,17.517,-1.0,15.991,,5843.006,14.141,5166.806,,,,,,11.773,0.0,,,1.295,13.068,0.0,0.0,,,1.968,33355.49,0.08,60.235,0.044,54.987,20091.656,,,46376031000.0,,,0.0,0.0,0.0,,0.0,,,,4.923,35.825,1.535,32.704,4301.809,11949.479,,13.068,4774.986,5.774,39.765,1.982,36.301,13263.86,,,,,0.0,0.0,0.0,0.0,0.0,,2.751,42.718,1.044,38.996,,14248.65,,,,473.177,14.198,3.941,0.447,3.597,,,1314.381,,2736821.0,91.288,4774.986,,5.774,39.765,1.982,36.301,13263.86,,,0.0,0.0,0.0,0.0,0.0,,,0.0,0.0,0.0,0.0,0.0
NZL,New Zealand,1969,6.249,0.884,,,,,1.78,1.625,,,,,,,,,,2.545,17.649,0.407,16.398,,5910.669,15.024,5415.401,,,,,,11.636,0.0,,,1.327,12.963,0.0,0.0,,,1.816,33489.737,3.485,61.244,1.916,56.903,20510.494,,,51163398000.0,,,0.0,0.0,0.0,,0.0,,,,-1.164,34.789,-0.381,32.323,4194.224,11650.633,,12.963,4672.533,-0.803,38.756,-0.292,36.009,12979.27,,,,,0.0,0.0,0.0,0.0,0.0,,3.87,43.595,1.509,40.505,,14599.825,,,,478.309,2.471,3.967,0.089,3.686,,,1328.637,,2774358.0,92.913,4672.533,,-0.803,38.756,-0.292,36.009,12979.27,,,0.0,0.0,0.0,0.0,0.0,,,0.0,0.0,0.0,0.0,0.0
NZL,New Zealand,1970,1.515,0.228,,,,,11.354,10.549,,,,,,,,,,0.071,15.861,0.012,16.41,,5822.451,15.252,5411.554,,,,,,12.67,0.0,,,1.273,13.943,0.0,0.0,,,2.051,36709.568,13.755,62.564,7.827,64.73,22967.092,,,50438271750.0,,,0.687,0.71,0.71,,252.059,,,,8.887,34.018,2.873,35.196,4495.622,12487.848,,13.943,4947.298,7.561,37.436,2.723,38.732,13742.505,,,,,0.0,0.0,0.0,0.0,0.0,,17.54,46.017,7.105,47.61,,16892.583,,,,451.676,-4.069,3.418,-0.15,3.536,,,1254.657,,2818391.0,103.462,4947.298,,7.561,37.436,2.723,38.732,13742.505,,,0.0,0.0,0.0,0.0,0.0,,,0.0,0.0,0.0,0.0,0.0
NZL,New Zealand,1971,-10.824,-1.651,,,,,4.528,4.685,,,,,,,,,,-11.056,13.496,-1.814,14.596,,5084.149,13.601,4737.683,,,,,,14.394,0.0,,,1.256,15.65,0.0,0.0,,,2.038,37671.061,-0.086,59.803,-0.056,64.675,22528.288,,,53055035600.0,,27.027,0.834,0.192,0.902,,314.336,,,,13.603,36.971,4.788,39.983,5013.899,13927.508,,15.65,5451.405,12.239,40.197,4.74,43.472,15142.803,,,,,0.0,0.0,0.0,0.0,0.0,,3.291,45.472,1.567,49.176,,17129.803,,,,437.506,-1.335,3.226,-0.047,3.489,,,1215.296,,2870817.0,108.147,5451.405,,12.239,40.197,4.74,43.472,15142.803,,,0.0,0.0,0.0,0.0,0.0,,,0.0,0.0,0.0,0.0,0.0
NZL,New Zealand,1972,2.918,0.397,,,,,6.733,7.281,,,,,,,,,,2.47,12.957,0.361,14.956,,5105.048,13.998,4777.945,,,,,,15.265,0.0,,,1.257,16.522,0.0,0.0,,,2.086,39399.392,7.515,60.241,4.86,69.535,23734.477,,,55327769900.0,,81.206,1.417,0.733,1.635,,558.149,,,,6.049,36.734,2.418,42.402,5210.32,14473.123,,16.522,5639.376,5.569,39.759,2.421,45.893,15664.947,,,,,0.0,0.0,0.0,0.0,0.0,,7.659,45.867,3.767,52.943,,18071.28,,,,429.056,0.08,3.025,0.003,3.492,,,1191.823,,2929687.0,115.428,5639.376,,5.569,39.759,2.421,45.893,15664.947,,,0.0,0.0,0.0,0.0,0.0,,,0.0,0.0,0.0,0.0,0.0
NZL,New Zealand,1973,13.378,1.873,,,,,4.131,4.769,,,,,,,,,,13.297,14.098,1.989,16.945,,5668.313,15.87,5308.889,,,,,,15.097,0.0,,,1.243,16.34,0.0,0.0,,,2.028,40207.386,7.585,62.239,5.274,74.809,25024.496,,,59259509200.0,,16.243,1.581,0.266,1.901,,635.845,,,,-1.1,34.889,-0.466,41.935,5050.047,14027.919,,16.34,5465.848,-1.101,37.761,-0.505,45.388,15182.922,,,,,0.0,0.0,0.0,0.0,0.0,,5.703,46.559,3.02,55.963,,18720.338,,,,415.801,-1.114,2.873,-0.039,3.453,,,1155.003,,2989412.0,120.196,5465.848,,-1.101,37.761,-0.505,45.388,15182.922,,,0.0,0.0,0.0,0.0,0.0,,,0.0,0.0,0.0,0.0,0.0
NZL,New Zealand,1974,5.009,0.795,,,,,0.554,0.666,,,,,,,,,,2.949,14.433,0.5,17.445,,5734.244,16.665,5478.103,,,,,,15.189,0.0,,,1.76,16.949,0.0,0.0,,,1.925,39728.975,-1.371,61.047,-1.025,73.783,24253.398,,,62785893600.0,,47.009,2.312,0.894,2.794,,918.535,,,,0.611,34.909,0.256,42.191,4992.773,13868.825,,16.949,5571.215,3.727,38.953,1.692,47.08,15475.61,,,,,0.0,0.0,0.0,0.0,0.0,,-4.322,44.302,-2.419,53.544,,17600.618,,,,578.442,41.571,4.044,1.435,4.888,,,1606.785,,3042175.0,120.862,5571.215,,3.727,38.953,1.692,47.08,15475.61,,,0.0,0.0,0.0,0.0,0.0,,,0.0,0.0,0.0,0.0,0.0
NZL,New Zealand,1975,2.027,0.338,,,,,1.417,1.713,,,,,,,,,,-5.893,13.393,-1.028,16.417,,5325.542,17.003,5515.825,,,,,,16.664,0.0,,,1.787,18.45,0.0,0.0,,,1.975,39763.257,-3.333,58.188,-2.459,71.324,23137.4,,,62066044600.0,,10.02,2.508,0.28,3.074,,997.308,,,,9.709,37.763,4.097,46.288,5405.67,15015.761,,18.45,5985.315,8.861,41.812,4.172,51.251,16625.888,,,,,0.0,0.0,0.0,0.0,0.0,,-3.196,42.287,-1.711,51.833,,16814.55,,,,579.645,1.54,4.049,0.075,4.963,,,1610.127,,3082622.0,122.575,5985.315,,8.861,41.812,4.172,51.251,16625.888,,,0.0,0.0,0.0,0.0,0.0,,,0.0,0.0,0.0,0.0,0.0
NZL,New Zealand,1976,3.935,0.669,,,,,3.363,4.122,,,,,,,,,,3.046,13.352,0.5,16.917,,5441.951,17.672,5684.991,,,,,,15.499,0.0,,,1.736,17.235,0.0,0.0,,,1.993,40757.303,10.515,62.214,7.5,78.824,25356.816,,,63578721550.0,,183.0,6.867,5.626,8.7,,2798.819,,,,-6.989,33.981,-3.235,43.053,4985.884,13849.689,,17.235,5544.182,-6.59,37.786,-3.378,47.874,15400.519,,,,,0.0,0.0,0.0,0.0,0.0,,2.65,41.995,1.374,53.206,,17116.046,,,,558.298,-2.872,3.805,-0.143,4.821,,,1550.83,,3108574.0,126.697,5544.182,,-6.59,37.786,-3.378,47.874,15400.519,,,0.0,0.0,0.0,0.0,0.0,,,0.0,0.0,0.0,0.0,0.0
NZL,New Zealand,1977,-4.662,-0.824,,,,,1.761,2.231,,,,,,,,,,-4.762,12.496,-0.806,16.111,,5159.862,16.848,5395.972,,,,,,14.72,0.0,,,1.659,16.379,0.0,0.0,,,2.132,41291.182,5.845,64.711,4.607,83.431,26720.111,,,60481239000.0,,66.122,11.21,5.753,14.453,,4628.849,,,,-5.025,31.715,-2.163,40.889,4714.378,13095.505,,16.379,5245.593,-4.965,35.289,-2.377,45.497,14571.104,,,,,0.0,0.0,0.0,0.0,0.0,,-0.639,41.005,-0.34,52.867,,16931.4,,,,531.215,-4.428,3.574,-0.213,4.607,,,1475.599,,3122406.0,128.928,5245.593,,-4.965,35.289,-2.377,45.497,14571.104,,,0.0,0.0,0.0,0.0,0.0,,,0.0,0.0,0.0,0.0,0.0
NZL,New Zealand,1978,-7.947,-1.339,,,,,-1.337,-1.723,,,,,,,,,,-7.759,11.683,-1.25,14.861,,4749.546,15.51,4956.767,,,,,,15.66,0.0,,,1.682,17.341,0.0,0.0,,,2.095,40653.983,-5.27,62.131,-4.397,79.034,25258.903,,,60726375600.0,,-5.478,10.74,-0.792,13.661,,4366.128,,,,6.382,34.196,2.609,43.499,5004.732,13902.044,,17.341,5542.236,5.877,37.869,2.674,48.171,15395.112,,,,,0.0,0.0,0.0,0.0,0.0,,-4.455,39.709,-2.355,50.511,,16143.23,,,,537.504,1.396,3.673,0.064,4.672,,,1493.068,,3128958.0,127.205,5542.236,,5.877,37.869,2.674,48.171,15395.112,,,0.0,0.0,0.0,0.0,0.0,,,0.0,0.0,0.0,0.0,0.0
NZL,New Zealand,1979,-7.549,-1.171,,,,,1.109,1.411,,,,,,,,,,-10.841,10.302,-1.611,13.25,,4226.071,14.339,4573.307,,,,,,18.443,0.0,,,1.558,20.002,0.0,0.0,,,2.076,41021.654,-7.565,56.801,-5.979,73.055,23300.813,,,61961889000.0,,-35.425,6.859,-4.84,8.822,,2813.723,,,,17.777,39.833,7.733,51.232,5882.508,16340.314,,20.002,6379.51,15.34,43.199,7.39,55.56,17720.874,,,,,0.0,0.0,0.0,0.0,0.0,,0.934,39.64,0.472,50.983,,16261.019,,,,497.001,-7.348,3.365,-0.343,4.328,,,1380.56,,3135301.0,128.615,6379.51,,15.34,43.199,7.39,55.56,17720.874,,,0.0,0.0,0.0,0.0,0.0,,,0.0,0.0,0.0,0.0,0.0
NZL,New Zealand,1980,9.141,1.311,,,,,0.482,0.62,,,,,,,,,,2.855,10.545,0.378,13.628,,4331.085,15.649,4973.424,,,,,,19.365,0.0,,,1.652,21.017,0.0,0.0,,,2.071,41071.224,-3.011,54.827,-2.2,70.855,22517.951,,,62391722150.0,,-8.907,6.218,-0.786,8.036,,2553.882,,,,4.995,41.622,2.559,53.791,6154.13,17094.819,,21.017,6679.185,5.075,45.173,2.82,58.38,18553.306,,,,,0.0,0.0,0.0,0.0,0.0,,-3.515,38.063,-1.792,49.191,,15632.983,,,,525.055,6.026,3.551,0.261,4.589,,,1458.487,,3146610.0,129.235,6679.185,,5.075,45.173,2.82,58.38,18553.306,,,0.0,0.0,0.0,0.0,0.0,,,0.0,0.0,0.0,0.0,0.0
NZL,New Zealand,1981,-7.519,-1.177,,,,,0.3,0.388,,,,,,,,,,-0.369,10.475,-0.05,13.578,,4290.274,14.473,4572.994,,,,,,19.68,0.0,,,1.619,21.299,0.0,0.0,,,1.981,40957.419,-0.559,54.357,-0.396,70.459,22263.179,,,65419586650.0,,26.341,7.833,2.117,10.153,,3208.033,,,,1.627,42.173,0.875,54.666,6218.293,17273.051,,21.299,6729.933,1.343,45.643,0.784,59.164,18694.273,,,,,0.0,0.0,0.0,0.0,0.0,,-5.006,36.049,-2.463,46.728,,14764.872,,,,511.639,-1.991,3.47,-0.091,4.498,,,1421.222,,3164823.0,129.623,6729.933,,1.343,45.643,0.784,59.164,18694.273,,,0.0,0.0,0.0,0.0,0.0,,,0.0,0.0,0.0,0.0,0.0
NZL,New Zealand,1982,1.104,0.16,,,,,3.342,4.332,,,,,,,,,,-1.969,9.937,-0.267,13.311,,4174.501,14.633,4589.098,,,,,,18.304,0.0,,,1.649,19.953,0.0,0.0,,,2.01,42011.339,11.454,58.624,8.071,78.53,24628.756,,,66640155000.0,,83.968,13.943,8.525,18.678,,5857.847,,,,-6.991,37.957,-3.822,50.845,5740.576,15946.058,,19.953,6257.737,-6.32,41.376,-3.739,55.425,17382.616,,,,,0.0,0.0,0.0,0.0,0.0,,-0.4,34.744,-0.187,46.541,,14596.407,,,,517.16,1.836,3.419,0.083,4.581,,,1436.558,,3188537.0,133.955,6257.737,,-6.32,41.376,-3.739,55.425,17382.616,,,0.0,0.0,0.0,0.0,0.0,,,0.0,0.0,0.0,0.0,0.0
NZL,New Zealand,1983,10.894,1.594,,,,,3.855,5.164,,,,,,,,,,10.805,10.602,1.438,14.749,,4586.44,16.227,5045.994,,,,,,19.752,0.0,,,1.667,21.419,0.0,0.0,,,2.032,43261.82,1.392,57.234,1.093,79.622,24760.295,,,68466870000.0,,8.516,14.569,1.591,20.269,,6302.934,,,,7.908,39.438,4.021,54.865,6142.152,17061.547,,21.419,6660.556,7.345,42.766,4.071,59.496,18501.56,,,,,0.0,0.0,0.0,0.0,0.0,,-4.16,32.063,-1.936,44.605,,13870.921,,,,518.404,1.095,3.329,0.05,4.631,,,1440.012,,3215732.0,139.118,6660.556,,7.345,42.766,4.071,59.496,18501.56,,,0.0,0.0,0.0,0.0,0.0,,,0.0,0.0,0.0,0.0,0.0
NZL,New Zealand,1984,3.231,0.524,,,,,5.432,7.557,,,,,,,,,,-6.994,9.352,-1.032,13.717,,4229.735,16.751,5165.163,,,,,,20.377,0.0,,,1.819,22.196,0.0,0.0,,,2.042,45227.906,6.78,57.965,5.398,85.021,26216.355,,,71840334000.0,,29.077,17.837,5.894,26.162,,8067.166,,,,3.166,38.59,1.737,56.602,6283.242,17453.464,,22.196,6844.166,3.629,42.035,2.159,61.655,19011.588,,,,,0.0,0.0,0.0,0.0,0.0,,1.202,30.776,0.536,45.141,,13919.453,,,,560.924,9.121,3.445,0.422,5.053,,,1558.124,,3243034.0,146.676,6844.166,,3.629,42.035,2.159,61.655,19011.588,,,0.0,0.0,0.0,0.0,0.0,,,0.0,0.0,0.0,0.0,0.0
NZL,New Zealand,1985,-4.395,-0.736,,,,,1.33,1.951,,,,,,,,,,-7.663,8.522,-1.051,12.666,,3875.5,16.015,4900.091,,,,,,19.708,0.0,,,1.691,21.399,0.0,0.0,28.465,,2.053,45476.224,4.899,60.007,4.166,89.186,27288.772,,,72396720000.0,,28.948,22.698,7.573,33.736,,10322.269,,,69.235,-3.283,36.833,-1.858,54.744,6030.125,16750.36,75.176,21.399,6547.491,-3.591,39.993,-2.214,59.441,18187.488,,,0.0,,0.0,0.0,0.0,0.0,0.0,,-5.221,28.786,-2.357,42.784,,13091.003,,,,517.366,-7.049,3.16,-0.356,4.697,,5.94,1437.128,8709.59,3268234.0,148.627,6547.491,75.176,-3.591,39.993,-2.214,59.441,18187.488,0.0,,0.0,0.0,0.0,0.0,0.0,0.0,,0.0,0.0,0.0,0.0,0.0
NZL,New Zealand,1986,4.27,0.684,,,,,7.978,11.858,,,,,,,,,,14.928,9.071,1.891,14.557,,4424.171,16.698,5075.056,,,,,,22.098,0.0,,,1.764,23.861,0.0,0.0,29.345,,2.171,48775.046,5.625,58.699,5.017,94.203,28630.531,,,73916284000.0,,21.627,25.567,7.296,41.032,,12470.468,,,75.303,12.126,38.248,6.638,61.383,6716.005,18655.583,81.313,23.861,7252.034,11.508,41.301,6.841,66.282,20144.555,,,0.0,,0.0,0.0,0.0,0.0,0.0,,-9.746,24.061,-4.17,38.615,,11735.891,,,,536.029,4.307,3.053,0.202,4.899,,6.01,1488.971,8918.651,3290304.0,160.485,7252.034,81.313,11.508,41.301,6.841,66.282,20144.555,0.0,,0.0,0.0,0.0,0.0,0.0,0.0,,0.0,0.0,0.0,0.0,0.0
NZL,New Zealand,1987,-13.018,-2.174,,,,,0.896,1.437,,,,,,,,,,-16.535,7.504,-2.407,12.15,,3669.825,14.525,4387.142,,,,,,21.929,0.0,,,1.759,23.687,0.0,0.0,29.753,,2.182,48908.0,2.04,59.365,1.922,96.125,29034.117,,,74219984000.0,,-3.6,24.428,-1.477,39.555,,11947.299,,,73.703,-0.765,37.618,-0.47,60.913,6623.438,18398.455,79.614,23.687,7154.606,-0.73,40.635,-0.484,65.798,19873.923,,,0.0,,0.0,0.0,0.0,0.0,0.0,,15.035,27.433,5.806,44.42,,13416.993,,,,531.168,-0.291,3.017,-0.014,4.885,,5.911,1475.468,8986.661,3310751.0,161.922,7154.606,79.614,-0.73,40.635,-0.484,65.798,19873.923,0.0,,0.0,0.0,0.0,0.0,0.0,0.0,,0.0,0.0,0.0,0.0,0.0
NZL,New Zealand,1988,12.526,1.819,,,,,4.817,7.8,,,,,,,,,,8.363,7.757,1.016,13.166,,3950.439,16.344,4904.056,,,,,,22.963,0.0,,,1.768,24.731,0.0,0.0,31.086,,2.293,50924.966,5.099,59.524,4.901,101.026,30312.775,,,74015942000.0,,9.963,25.627,3.941,43.495,,13050.78,,,73.868,4.716,37.582,2.873,63.785,6889.926,19138.699,79.555,24.731,7420.397,4.405,40.476,2.899,68.696,20612.231,,,0.0,,0.0,0.0,0.0,0.0,0.0,,-0.125,26.14,-0.056,44.365,,13311.556,,,,530.471,0.534,2.894,0.026,4.911,,5.687,1473.532,9327.387,3332787.0,169.722,7420.397,79.555,4.405,40.476,2.899,68.696,20612.231,0.0,,0.0,0.0,0.0,0.0,0.0,0.0,,0.0,0.0,0.0,0.0,0.0
NZL,New Zealand,1989,13.412,2.192,,,,,-10.283,-17.452,,,,,,,,,,8.874,9.414,1.168,14.334,,4264.943,18.536,5515.183,,,,,,22.559,0.0,,,2.261,24.82,0.0,0.0,31.358,,2.039,45305.555,-17.52,54.723,-17.7,83.326,24792.418,,,74677446000.0,,-44.787,15.772,-19.48,24.015,,7145.38,,,71.94,-1.758,41.153,-1.122,62.664,6712.036,18644.56,79.15,24.82,7384.736,0.361,45.277,0.248,68.944,20513.173,,,0.0,,0.0,0.0,0.0,0.0,0.0,,1.38,29.537,0.612,44.977,,13382.095,,,,672.7,27.884,4.124,1.369,6.28,,7.21,1868.613,9330.083,3360956.0,152.27,7384.736,79.15,0.361,45.277,0.248,68.944,20513.173,0.0,,0.0,0.0,0.0,0.0,0.0,0.0,,0.0,0.0,0.0,0.0,0.0
NZL,New Zealand,1990,-6.002,-1.113,,,,,18.683,28.449,,,,,,,,,,-2.832,7.707,-0.406,13.928,,4098.756,17.424,5127.38,,,,,,23.185,0.0,,,2.609,25.794,0.0,0.0,32.264,,2.426,53181.107,30.894,60.353,25.743,109.069,32096.416,,,74483238000.0,,85.085,24.595,20.433,44.449,,13080.147,,,71.861,2.777,35.637,1.74,64.404,6822.869,18952.429,79.946,25.794,7590.498,3.925,39.647,2.706,71.65,21084.733,,,0.0,,0.0,0.0,0.0,0.0,0.0,,12.708,28.05,5.716,50.692,,14917.513,,,,767.629,15.375,4.01,0.966,7.246,,8.085,2132.304,9494.586,3398175.0,180.719,7590.498,79.946,3.925,39.647,2.706,71.65,21084.733,0.0,,0.0,0.0,0.0,0.0,0.0,0.0,,0.0,0.0,0.0,0.0,0.0
NZL,New Zealand,1991,4.909,0.855,,,,,2.045,3.695,,,,,,,,,,-4.651,7.201,-0.648,13.281,,3853.713,18.279,5304.188,,,,,,22.894,0.0,,,2.785,25.68,0.0,0.0,33.297,,2.527,53512.74,3.679,61.319,4.013,113.082,32813.76,,,72989965152.0,,8.768,26.216,3.897,48.346,,14028.828,,,68.758,-1.254,34.485,-0.808,63.596,6643.45,18454.042,77.123,25.68,7451.642,-0.443,38.681,-0.317,71.332,20699.022,,,0.0,,0.0,0.0,0.0,0.0,0.0,,1.506,27.902,0.763,51.455,,14931.219,,,,808.192,6.771,4.195,0.491,7.737,,8.365,2244.98,9662.01,3446171.0,184.414,7451.642,77.123,-0.443,38.681,-0.317,71.332,20699.022,0.0,,0.0,0.0,0.0,0.0,0.0,0.0,,0.0,0.0,0.0,0.0,0.0
NZL,New Zealand,1992,13.872,2.536,,,,,0.397,0.733,,,,,,,,,,10.114,7.898,1.343,14.624,,4174.413,20.815,5941.656,,,,,,21.093,0.0,,,2.761,23.854,0.0,0.001,32.898,,2.512,52850.848,5.131,64.211,5.803,118.884,33936.023,,,73699156182.0,,5.823,27.633,2.815,51.161,,14604.139,,,64.116,-7.87,31.646,-5.005,58.591,6020.982,16724.962,72.511,23.854,6809.347,-7.107,35.789,-5.07,66.262,18914.867,,,0.0,,0.0,0.0,0.0,0.0,0.0,,3.195,28.68,1.644,53.1,,15157.472,,,,788.168,-0.864,4.143,-0.067,7.67,,8.393,2189.357,9390.765,3503194.0,185.147,6809.347,72.511,-7.107,35.789,-5.07,66.262,18914.867,0.0,,0.0,0.0,0.0,0.0,0.0,0.002,,0.001,0.002,0.002,0.197,0.548
NZL,New Zealand,1993,12.847,2.674,,,,,2.721,5.038,,,,,,,,,,-1.487,7.575,-0.217,14.406,,4041.637,23.489,6589.687,,,,,,23.493,0.0,,,2.883,26.377,0.0,0.001,34.275,,2.456,53355.711,-1.656,61.475,-1.969,116.915,32800.186,,,77452078597.0,,-2.464,26.238,-1.261,49.901,,13999.42,,,68.542,11.379,34.313,6.667,65.258,6590.848,18307.925,76.957,26.377,7399.999,10.575,38.525,7.007,73.27,20555.568,,,0.0,,0.0,0.0,0.0,0.0,0.0,,-0.925,27.662,-0.491,52.608,,14759.129,,,,808.874,4.422,4.211,0.339,8.009,,8.412,2246.875,9615.792,3564473.0,190.185,7399.999,76.957,10.575,38.525,7.007,73.27,20555.568,0.0,,0.0,0.0,0.0,0.0,0.0,0.003,42.692,0.001,0.001,0.003,0.277,0.768
NZL,New Zealand,1994,-8.177,-1.921,,,,,5.708,10.856,,,,,,,,,,-5.474,6.774,-0.789,13.618,,3758.403,21.568,5952.627,,,,,,25.837,0.0,,,2.737,28.575,0.0,0.001,34.852,,2.429,55485.909,4.064,60.518,4.751,121.666,33579.154,,,82753612788.0,,-6.271,23.265,-3.129,46.771,,12908.534,,,74.134,9.978,35.699,6.512,71.77,7130.87,19807.987,81.989,28.575,7886.441,8.332,39.482,6.105,79.374,21906.799,,,0.0,,0.0,0.0,0.0,0.0,0.0,,16.478,30.48,8.669,61.278,,16912.217,,,,755.293,-5.084,3.781,-0.407,7.602,,7.852,2098.037,9618.908,3623272.0,201.041,7886.441,81.989,8.332,39.482,6.105,79.374,21906.799,0.0,,0.0,0.0,0.0,0.0,0.0,0.003,2.434,0.001,0.0,0.003,0.279,0.774
NZL,New Zealand,1995,22.625,4.88,,,,,3.526,7.088,,,,,,,,,,0.277,6.561,0.038,13.655,,3715.821,26.448,7196.775,,,,,,27.535,0.0,,,2.682,30.217,0.0,0.001,36.061,,2.406,56634.662,2.076,59.671,2.525,124.192,33794.258,,,86504431818.0,,-4.577,21.444,-2.141,44.63,,12144.56,,,76.356,6.571,36.749,4.716,76.485,7492.573,20812.72,83.795,30.217,8222.555,5.749,40.329,4.563,83.937,22840.45,,,0.0,,0.0,0.0,0.0,0.0,0.0,,7.553,31.666,4.628,65.906,,17933.876,,,,729.707,-2.01,3.579,-0.153,7.449,,7.436,2026.966,9812.721,3674940.0,208.129,8222.555,83.795,5.749,40.329,4.563,83.937,22840.45,0.0,,0.0,0.0,0.0,0.0,0.0,0.003,0.0,0.001,0.0,0.003,0.275,0.763
NZL,New Zealand,1996,2.102,0.556,,,,,1.717,3.574,,,,,,,,,,-1.447,6.357,-0.198,13.458,,3620.258,27.004,7264.192,,,,,,26.183,0.0,,,2.625,28.817,0.0,0.008,36.473,,2.354,56949.866,6.01,62.189,7.464,131.656,35416.681,,,89915653856.0,,13.991,24.031,6.244,50.875,,13685.786,,,71.787,-4.91,34.355,-3.755,72.73,7043.436,19565.114,79.008,28.817,7751.957,-4.635,37.811,-3.891,80.047,21533.234,,,0.0,,0.0,0.0,0.0,0.0,0.0,,2.151,31.801,1.418,67.324,,18110.637,,,,706.282,-2.093,3.445,-0.156,7.293,,7.198,1961.895,9811.575,3717352.0,211.703,7751.957,79.008,-4.635,37.811,-3.891,80.047,21533.234,0.0,,0.0,0.0,0.0,0.0,0.0,0.023,724.752,0.011,0.02,0.023,2.24,6.225
NZL,New Zealand,1997,-5.909,-1.596,,,,,0.513,1.087,,,,,,,,,,7.955,6.828,1.071,14.528,,3871.798,25.408,6771.16,,,,,,23.258,0.0,,,2.717,25.989,0.0,0.014,37.109,,2.295,56708.314,6.792,66.074,8.942,140.598,37469.212,,,92710360818.0,,7.725,25.756,3.93,54.805,,14605.543,,,62.675,-11.171,30.361,-8.124,64.606,6198.284,17217.469,70.035,25.989,6926.088,-9.812,33.926,-7.854,72.192,19239.148,,,0.0,,0.0,0.0,0.0,0.0,0.0,,5.853,33.49,3.941,71.264,,18991.871,,,,724.181,3.5,3.547,0.255,7.548,,7.323,2011.616,9889.515,3752355.0,212.79,6926.088,70.035,-9.812,33.926,-7.854,72.192,19239.148,0.0,,0.0,0.0,0.0,0.0,0.0,0.037,63.188,0.018,0.015,0.038,3.623,10.063
NZL,New Zealand,1998,-13.15,-3.341,,,,,-0.067,-0.142,,,,,,,,,,-8.819,6.23,-1.281,13.247,,3500.85,22.067,5831.625,,,,,,25.319,0.0,,,3.085,28.427,0.0,0.022,37.611,,2.272,56196.939,-4.917,62.867,-6.913,133.684,35329.102,,,93578368694.0,,-11.849,22.719,-6.494,48.311,,12767.395,,,67.319,8.862,33.074,5.725,70.332,6691.198,18586.676,75.582,28.427,7512.431,9.38,37.133,6.771,78.964,20867.882,,,0.0,,0.0,0.0,0.0,0.0,0.0,,1.209,33.918,0.862,72.126,,19060.856,,,,815.401,13.545,4.03,1.022,8.571,,8.204,2265.004,9939.47,3783976.0,212.648,7512.431,75.582,9.38,37.133,6.771,78.964,20867.882,0.0,,0.0,0.0,0.0,0.0,0.0,0.059,62.354,0.029,0.024,0.061,5.832,16.201
NZL,New Zealand,1999,15.44,3.407,,,,,0.759,1.615,,,,,,,,,,2.447,6.334,0.324,13.571,,3554.451,25.474,6671.827,,,,,,22.92,0.0,,,3.309,26.268,0.0,0.039,37.818,,2.189,56117.226,5.695,65.946,7.613,141.297,37006.965,,,97884484755.0,,14.328,25.778,6.922,55.234,,14466.186,,,60.605,-9.478,29.714,-6.666,63.665,6002.82,16674.514,69.458,26.268,6879.705,-7.596,34.054,-5.998,72.966,19110.306,,,0.0,,0.0,0.0,0.0,0.0,0.0,,0.508,33.833,0.366,72.492,,18986.328,,,,866.672,7.247,4.29,0.621,9.192,,8.75,2407.425,9904.89,3818128.0,214.263,6879.705,69.458,-7.596,34.054,-5.998,72.966,19110.306,0.0,,0.0,0.0,0.0,0.0,0.0,0.103,76.681,0.051,0.047,0.108,10.213,28.368
NZL,New Zealand,2000,-0.388,-0.099,,,,,4.531,9.708,1.591,158.072,,,,,,216.801,18.784,-5.242,5.742,-0.711,12.86,1865.772,3332.461,25.375,6575.58,38.33,0.61,7.2,10.42,3.22,24.19,0.0,0.0,2.99,3.6,27.91,0.0,0.12,38.33,8.31,2.196,58038.625,3.397,65.23,4.8,146.097,37858.837,2700.187,27.185,101981112535.0,8.401,6.371,26.232,3.519,58.753,834.415,15224.887,,,63.11,6.612,30.305,4.21,67.875,6268.476,17588.782,72.815,27.91,7232.459,6.727,34.77,4.908,77.874,20179.834,0.0,0.0,0.0,,0.0,0.0,0.0,0.0,0.0,0.0,2.748,33.256,1.992,74.484,0.0,19301.488,,,774.814,932.886,5.147,4.315,0.473,9.665,7.801,9.392,2504.524,9932.646,3858992.0,223.971,7232.459,72.815,6.727,34.77,4.908,77.874,20179.834,0.0,,0.0,0.0,0.0,0.0,0.0,0.313,208.282,0.149,0.226,0.334,31.096,86.528
NZL,New Zealand,2001,13.616,3.455,,,,,-0.844,-1.889,2.026,199.594,,,,,,267.532,23.74,23.847,7.172,3.067,15.927,2338.828,4075.443,28.83,7377.349,38.5,0.78,9.14,13.23,4.09,21.46,0.0,0.0,2.89,3.67,25.27,0.0,0.14,38.5,10.3,2.126,56828.218,4.549,68.778,6.646,152.743,39085.205,3385.414,34.364,104436924233.0,10.623,5.515,27.915,3.24,61.993,1046.587,15863.389,,,55.74,-11.846,26.943,-8.041,59.834,5491.383,15310.984,65.636,25.27,6466.321,-10.96,31.222,-8.535,69.339,17743.059,0.0,0.0,0.0,,0.0,0.0,0.0,0.0,0.0,0.0,0.455,33.692,0.339,74.823,0.0,19146.372,,,739.52,939.113,-5.63,4.107,-0.544,9.121,7.506,9.532,2333.923,9851.735,3907941.0,222.081,6466.321,65.636,-10.96,31.222,-8.535,69.339,17743.059,0.0,,0.0,0.0,0.0,0.0,0.0,0.364,14.872,0.173,0.05,0.384,35.824,98.152
NZL,New Zealand,2002,14.966,4.315,,,,,3.603,8.003,1.839,184.194,,,,,,224.937,19.547,-0.05,6.919,-0.008,15.919,1958.013,4016.609,33.145,8363.2,39.7,0.73,7.76,11.23,3.47,24.67,0.0,0.0,2.91,3.64,28.47,0.0,0.16,39.7,8.93,2.093,58055.051,0.004,66.389,0.007,152.749,38541.923,2833.567,28.287,109929892640.0,8.741,-4.535,25.722,-2.811,59.182,875.555,14932.873,,,62.141,13.982,29.641,8.366,68.2,6224.765,17208.38,71.713,28.47,7183.585,11.532,33.611,7.996,77.335,19513.175,0.0,0.0,0.0,,0.0,0.0,0.0,0.0,0.0,0.0,3.777,33.748,2.826,77.649,0.0,19592.441,,,734.255,918.449,-4.526,3.785,-0.413,8.708,7.33,9.169,2197.224,10017.153,3963202.0,230.084,7183.585,71.713,11.532,33.611,7.996,77.335,19513.175,0.0,,0.0,0.0,0.0,0.0,0.0,0.403,11.146,0.185,0.043,0.426,40.371,107.571
NZL,New Zealand,2003,13.546,4.49,,,,,-3.174,-7.303,2.216,218.793,,,,,,247.293,21.682,44.324,10.313,7.056,22.974,2140.687,5712.09,37.635,9357.121,39.71,0.88,8.61,12.46,3.85,23.38,0.0,0.0,2.84,3.72,27.25,0.0,0.15,39.71,9.82,1.935,55389.519,-2.092,67.131,-3.195,149.554,37183.388,3097.904,31.377,115145212128.0,9.695,-24.599,20.03,-14.558,44.624,957.218,11094.792,,,58.877,-5.635,28.888,-3.843,64.357,5812.921,16000.956,68.623,27.25,6775.112,-5.312,32.869,-4.108,73.227,18206.176,0.0,0.0,0.0,,0.0,0.0,0.0,0.0,0.0,0.0,5.547,36.788,4.307,81.956,0.0,20376.506,,,706.103,924.896,-2.73,3.802,-0.238,8.47,7.152,9.368,2105.96,9873.016,4022074.0,222.781,6775.112,68.623,-5.312,32.869,-4.108,73.227,18206.176,0.0,,0.0,0.0,0.0,0.0,0.0,0.378,-6.355,0.179,-0.027,0.399,37.294,99.26
NZL,New Zealand,2004,1.104,0.415,,,,,3.339,7.438,1.782,181.354,,,,,,208.283,17.505,3.326,10.311,0.764,23.739,1781.679,5817.706,38.05,9325.111,41.53,0.74,7.27,10.89,3.62,26.66,0.0,0.0,2.88,3.62,30.64,0.0,0.36,41.53,8.65,1.912,56420.364,-1.841,63.766,-2.754,146.801,35976.873,2668.842,26.222,120376944005.0,8.717,-8.753,17.687,-3.906,40.718,887.163,9978.921,,,64.195,14.578,32.03,9.382,73.739,6533.64,18071.456,73.778,30.64,7509.029,13.918,36.234,10.192,83.418,20443.536,0.0,0.0,0.0,,0.0,0.0,0.0,0.0,0.0,0.0,0.474,35.768,0.388,82.344,0.0,20180.246,,,705.81,887.163,2.716,3.779,0.23,8.7,6.935,8.717,2132.232,10177.871,4080421.0,230.219,7509.029,73.778,13.918,36.234,10.192,83.418,20443.536,0.0,,0.0,0.0,0.0,0.0,0.0,0.867,145.142,0.425,0.579,0.979,88.226,239.848
NZL,New Zealand,2005,1.788,0.68,,,,,-2.904,-6.685,2.535,256.326,,,,,,256.637,22.052,11.327,11.823,2.689,26.427,2229.556,6390.626,38.731,9365.797,41.81,1.06,9.22,13.81,4.59,23.09,0.0,0.0,3.24,4.3,28.0,0.0,0.61,41.81,10.73,1.808,54054.319,1.752,66.823,2.571,149.372,36120.782,3339.497,33.03,123645495811.0,10.978,-7.716,16.81,-3.142,37.576,1109.942,9086.595,,,55.226,-14.905,28.071,-10.991,62.748,5583.562,15173.607,66.97,28.0,6770.885,-11.097,33.177,-9.257,74.162,17933.58,0.0,0.0,0.0,,0.0,0.0,0.0,0.0,0.0,0.0,3.673,38.19,3.025,85.368,0.0,20643.561,,,783.488,1039.814,12.188,4.367,1.06,9.761,7.749,10.285,2360.341,10110.382,4135353.0,223.534,6770.885,66.97,-11.097,33.177,-9.257,74.162,17933.58,0.0,,0.0,0.0,0.0,0.0,0.0,1.459,68.862,0.739,0.674,1.653,147.509,399.633
NZL,New Zealand,2006,7.605,2.945,,,,,0.852,1.905,2.568,260.399,,,,,,255.655,21.937,-1.536,11.543,-0.406,26.022,2224.143,6216.504,41.676,9956.406,42.44,1.09,9.31,13.95,4.64,23.34,0.0,0.0,3.44,4.53,28.49,0.0,0.62,42.44,10.85,1.772,53857.035,0.669,66.701,0.999,150.371,35923.39,3332.632,32.87,127255029290.0,10.933,1.539,16.924,0.578,38.154,1108.488,9115.035,,,54.995,0.418,27.95,0.262,63.01,5575.887,15053.039,67.13,28.49,6806.214,1.222,33.299,0.907,75.068,17933.688,0.0,0.0,0.0,,0.0,0.0,0.0,0.0,0.0,0.0,0.968,38.234,0.827,86.195,0.0,20591.851,,,821.81,1082.209,6.496,4.611,0.634,10.395,8.106,10.674,2483.323,10138.845,4185881.0,225.439,6806.214,67.13,1.222,33.299,0.907,75.068,17933.688,0.0,,0.0,0.0,0.0,0.0,0.0,1.461,0.638,0.738,0.011,1.663,148.117,397.326
NZL,New Zealand,2007,-16.805,-7.004,,,,,-0.374,-0.844,2.019,203.163,,,,,,236.15,17.042,-24.213,8.781,-6.301,19.721,1715.077,4658.822,34.673,8190.951,42.6,0.86,7.26,13.8,6.54,23.4,0.0,0.0,3.61,4.47,28.8,0.0,0.93,42.6,10.06,1.695,53057.584,-1.268,66.103,-1.907,148.464,35072.609,3260.064,32.394,132482703037.0,15.352,10.478,18.768,3.998,42.152,1544.987,9957.923,,,54.93,-0.341,27.959,-0.215,62.795,5527.934,14834.501,67.606,28.8,6803.611,1.399,33.891,1.05,76.118,17981.963,0.0,0.0,0.0,,0.0,0.0,0.0,0.0,0.0,0.0,0.459,38.554,0.396,86.591,0.0,20455.864,,,852.814,1055.977,4.323,4.828,0.449,10.844,8.474,10.493,2561.82,10063.675,4233046.0,224.595,6803.611,67.606,1.399,33.891,1.05,76.118,17981.963,0.0,,0.004,0.009,0.009,0.0,2.139,2.183,48.512,1.1,0.807,2.47,219.7,583.503
NZL,New Zealand,2008,0.182,0.063,,,,,0.439,0.985,2.133,212.708,,,,,,244.2,17.67,24.093,10.849,4.751,24.472,1762.442,5720.313,34.736,8119.302,42.67,0.91,7.54,14.33,6.79,22.11,0.0,0.0,4.26,5.17,28.34,0.0,1.06,42.67,10.42,1.707,52728.405,1.89,67.058,2.806,151.269,35358.572,3349.574,33.583,132115848296.0,15.913,-7.371,17.309,-3.107,39.045,1587.132,9126.648,,,51.816,-6.057,26.151,-3.804,58.991,5168.114,13788.994,66.417,28.34,6624.349,-2.415,32.928,-1.839,74.28,17362.594,0.0,0.0,0.0,,0.0,0.0,0.0,0.0,0.0,0.0,1.341,38.9,1.161,87.752,0.0,20511.611,,,995.756,1208.465,15.132,5.535,1.641,12.485,9.984,12.116,2918.37,9973.923,4278156.0,225.58,6624.349,66.417,-2.415,32.928,-1.839,74.28,17362.594,0.0,0.613,0.004,0.0,0.009,0.0,2.13,2.484,13.12,1.239,0.324,2.794,247.77,653.101
NZL,New Zealand,2009,-6.971,-2.421,,,,,-0.534,-1.206,1.671,164.225,,,,,,200.33,14.101,-23.101,8.387,-5.653,18.819,1385.504,4352.879,32.314,7474.354,42.48,0.71,5.99,11.39,5.4,23.98,0.0,0.0,4.92,5.63,31.09,0.0,1.48,42.48,8.51,1.689,51898.469,-5.658,63.604,-8.559,142.711,33009.37,2634.538,26.813,132821328172.0,12.712,2.801,17.889,1.094,40.139,1249.035,9284.255,,,56.45,7.699,28.316,4.542,63.533,5546.64,14695.465,73.187,31.09,7191.203,9.898,36.382,7.352,81.632,18881.763,0.0,0.0,0.0,,0.0,0.0,0.0,0.0,0.0,0.0,-4.557,37.327,-3.999,83.753,0.0,19372.236,,,1138.01,1302.235,13.862,6.336,1.731,14.216,11.582,13.253,3288.185,9825.741,4323338.0,224.375,7191.203,73.187,9.898,36.382,7.352,81.632,18881.763,0.0,3.354,0.004,0.0,0.009,0.0,2.178,3.484,38.631,1.726,1.079,3.873,342.328,895.936
NZL,New Zealand,2010,19.385,6.264,,,,,2.184,4.901,1.584,157.893,,,,,,192.378,13.453,-14.597,7.01,-2.747,16.072,1340.943,3677.752,38.578,8827.834,43.56,0.69,5.86,11.14,5.28,24.48,0.0,0.0,5.61,6.3,32.42,0.0,1.64,43.56,8.38,1.691,52465.059,0.678,62.666,0.967,143.678,32877.767,2549.164,25.574,135624844463.0,12.121,9.021,19.086,3.621,43.76,1208.221,10013.598,,,56.198,1.476,28.119,0.938,64.471,5601.754,14752.887,74.426,32.42,7418.662,4.798,37.313,3.917,85.549,19576.189,0.0,0.0,0.0,,0.0,0.0,0.0,0.0,0.0,0.0,0.111,36.57,0.093,83.846,0.0,19186.417,,,1283.735,1441.628,18.173,7.327,2.584,16.799,12.879,14.463,3844.211,9967.827,4370060.0,229.275,7418.662,74.426,4.798,37.313,3.917,85.549,19576.189,0.0,5.9,0.004,0.001,0.01,0.0,2.282,3.765,10.205,1.862,0.395,4.269,375.281,976.809
NZL,New Zealand,2011,-7.705,-2.972,,,,,0.615,1.411,1.227,119.945,,,,,,172.957,10.234,1.23,7.053,0.198,16.27,1000.3,3682.025,35.606,8058.044,43.19,0.53,4.42,10.01,4.91,24.86,0.0,0.68,5.83,6.36,33.18,0.0,1.96,43.19,7.47,1.666,52207.198,-0.56,61.934,-0.804,142.874,32334.075,2265.385,23.177,138433581440.0,11.368,-8.1,17.433,-3.544,40.216,1111.193,9101.268,,,57.56,0.934,28.209,0.602,65.073,5626.122,14726.913,76.823,33.18,7509.04,2.577,38.04,2.205,87.754,19859.72,0.0,0.0,0.0,,0.0,0.0,0.0,0.0,0.0,1.574,3.033,37.448,2.543,86.388,153.892,19550.782,,,1319.4,1439.346,4.75,7.628,0.798,17.597,13.498,14.726,3982.516,9774.426,4418674.0,230.687,7509.04,76.823,2.577,38.04,2.205,87.754,19859.72,0.0,7.242,0.005,0.001,0.011,0.0,2.42,4.538,18.82,2.199,0.803,5.072,443.572,1147.87
NZL,New Zealand,2012,-0.777,-0.276,,,,,0.647,1.493,1.607,154.416,,,,,,191.94,10.063,24.6,8.731,4.002,20.272,966.776,4536.694,35.329,7906.386,42.93,0.69,4.32,11.61,6.4,22.67,0.0,0.89,5.88,6.57,31.32,0.0,2.08,42.93,8.24,1.635,51959.725,5.019,64.624,7.171,150.045,33578.643,2598.209,27.044,141964033436.0,14.908,11.019,19.229,4.431,44.647,1432.26,9991.514,,,52.807,-9.37,25.401,-6.097,58.976,5073.334,13198.34,72.956,31.32,7009.123,-6.485,35.344,-5.691,82.063,18364.827,0.0,0.0,0.0,,0.0,0.0,0.0,0.0,0.0,2.073,-1.461,36.664,-1.262,85.126,199.174,19050.434,,,1315.889,1470.305,0.687,7.631,0.121,17.718,13.697,15.304,3965.195,9607.332,4468462.0,232.18,7009.123,72.956,-6.485,35.344,-5.691,82.063,18364.827,0.0,16.104,0.005,0.002,0.012,0.0,2.779,4.845,5.588,2.307,0.283,5.356,465.485,1198.513
NZL,New Zealand,2013,-5.1,-1.802,,,,,0.657,1.525,1.595,148.279,,,,,,169.762,6.619,-11.812,7.65,-2.395,17.878,615.246,3956.5,33.528,7420.064,42.0,0.67,2.78,10.38,6.74,22.8,0.0,0.86,6.12,6.79,31.62,0.01,2.02,42.0,7.13,1.612,51721.527,0.668,64.632,1.003,151.048,33428.596,2297.213,24.714,144951877270.0,16.048,4.883,20.037,2.18,46.827,1491.639,10363.299,,,54.286,-0.028,25.228,-0.016,58.96,5045.901,13048.528,75.286,31.62,6997.868,0.693,35.357,0.569,82.631,18287.225,0.0,0.0,0.0,,0.0,0.0,0.0,0.0,0.0,2.048,1.43,36.946,1.217,86.343,190.328,19108.797,,,1354.426,1502.705,4.286,7.906,0.759,18.478,14.571,16.167,4089.326,9295.081,4518519.0,233.705,6997.868,75.286,0.693,35.357,0.569,82.631,18287.225,0.024,36.689,0.007,0.005,0.017,2.213,3.756,4.81,-3.343,2.215,-0.179,5.176,447.049,1145.614
NZL,New Zealand,2014,-14.408,-4.831,,,,,4.578,10.7,1.346,124.794,,,,,,143.802,5.407,-7.65,6.755,-1.368,16.51,501.366,3614.629,28.697,6282.836,42.35,0.57,2.29,8.55,5.55,24.08,0.0,0.71,6.92,7.49,33.8,0.02,2.21,42.35,6.09,1.639,53509.237,3.598,64.026,5.435,156.482,34259.778,1871.912,20.189,149075256719.0,13.105,11.401,21.344,5.339,52.166,1215.101,11421.009,,,56.86,4.965,25.322,2.927,61.887,5272.005,13549.432,79.811,33.8,7400.074,6.366,35.961,5.26,87.892,19242.739,0.0,0.0,0.0,,0.0,0.0,0.0,0.0,0.0,1.677,1.695,35.927,1.463,87.807,155.445,19224.14,,,1515.045,1639.839,10.022,8.318,1.852,20.33,16.34,17.686,4450.897,9271.986,4567522.0,244.405,7400.074,79.811,6.366,35.961,5.26,87.892,19242.739,0.047,179.067,0.019,0.03,0.047,4.379,10.37,5.218,8.71,2.302,0.451,5.627,483.851,1232.04
NZL,New Zealand,2015,-17.391,-4.991,,,,,0.859,2.101,1.302,121.356,,,,,,138.805,5.185,0.991,6.764,0.164,16.673,483.256,3613.261,23.706,5137.299,43.01,0.56,2.23,8.31,5.39,24.28,0.0,0.69,7.46,8.02,34.7,0.04,2.36,43.01,5.97,1.604,53419.384,0.107,63.548,0.168,156.65,33947.146,1800.835,19.321,153714783422.0,12.532,-6.725,19.739,-3.508,48.658,1168.05,10544.433,,,56.452,0.271,25.174,0.168,62.055,5261.644,13447.741,80.679,34.7,7519.731,2.199,36.439,1.933,89.825,19465.612,0.0,0.0,0.0,,0.0,0.0,0.0,0.0,0.0,1.604,4.0,37.045,3.512,91.319,149.528,19789.452,,,1616.634,1737.99,6.721,8.801,1.366,21.696,17.345,18.647,4701.639,9320.565,4614527.0,246.505,7519.731,80.679,2.199,36.439,1.933,89.825,19465.612,0.093,96.548,0.038,0.046,0.093,8.668,20.174,5.487,6.279,2.426,0.353,5.981,511.428,1296.057
NZL,New Zealand,2016,-16.135,-3.825,,,,,0.668,1.646,1.01,92.289,,,,,,116.956,4.157,-17.257,5.56,-2.877,13.796,379.888,2961.013,19.881,4267.008,42.58,0.43,1.77,6.62,4.3,25.66,0.0,0.55,7.48,7.91,35.96,0.06,2.33,42.58,4.98,1.553,53259.734,-0.806,62.618,-1.263,155.387,33350.079,1420.825,15.547,159813938479.0,10.099,-1.406,19.332,-0.684,47.974,922.892,10296.403,,,60.263,5.052,26.27,3.135,65.19,5507.306,13991.434,84.453,35.96,7717.956,3.235,37.368,2.906,92.73,19902.337,0.0,0.0,0.0,,0.0,0.0,0.0,0.0,0.0,1.292,2.517,37.726,2.298,93.617,118.044,20092.663,,,1605.403,1697.693,-0.738,8.678,-0.16,21.536,17.567,18.577,4622.127,9138.78,4659265.0,248.151,7717.956,84.453,3.235,37.368,2.906,92.73,19902.337,0.141,54.188,0.058,0.05,0.144,12.878,30.807,5.472,-1.998,2.362,-0.119,5.861,500.079,1257.969
NZL,New Zealand,2017,1.232,0.245,,,,,1.71,4.243,1.232,112.717,,,,,,132.992,4.906,5.366,5.759,0.74,14.536,448.742,3091.512,20.126,4280.283,43.01,0.53,2.11,7.87,5.11,24.93,0.0,0.65,7.51,8.04,35.14,0.08,2.09,43.01,5.72,1.522,53677.68,4.999,64.642,7.767,163.154,34698.619,1673.746,18.298,165842094001.0,11.881,3.986,19.765,1.912,49.886,1086.765,10609.452,,,57.963,-4.317,24.714,-2.814,62.376,5301.966,13265.715,81.702,35.14,7473.369,-3.792,35.347,-3.516,89.214,18973.589,0.0,0.0,0.0,,0.0,0.0,0.0,0.0,0.0,1.511,5.463,39.118,5.115,98.732,138.238,20997.655,,,1597.183,1709.9,-0.495,8.49,-0.107,21.429,17.461,18.693,4557.421,9147.115,4702029.0,252.394,7473.369,81.702,-3.792,35.347,-3.516,89.214,18973.589,0.186,34.777,0.077,0.05,0.193,17.014,41.143,4.859,-11.008,2.067,-0.645,5.216,444.489,1109.309
NZL,New Zealand,2018,15.636,3.147,,,,,-0.256,-0.646,1.087,99.091,,,,,,120.722,4.348,7.818,6.226,1.136,15.673,396.363,3304.321,23.273,4906.664,43.24,0.47,1.88,7.01,4.55,26.03,0.0,0.58,7.56,8.03,36.23,0.1,2.07,43.24,5.22,1.472,53076.24,-2.037,63.488,-3.324,159.83,33697.162,1477.927,16.212,171013579064.0,10.523,-9.734,17.887,-4.856,45.03,959.282,9493.753,,,60.199,4.764,25.957,2.972,65.347,5487.936,13777.255,83.788,36.23,7638.414,2.992,36.498,2.67,91.884,19372.007,0.0,0.0,0.0,,0.0,0.0,0.0,0.0,0.0,1.341,0.401,39.376,0.396,99.127,122.282,20899.089,,,1593.884,1692.975,-1.314,8.4,-0.282,21.148,17.484,18.571,4458.578,9116.341,4743131.0,251.748,7638.414,83.788,2.992,36.498,2.67,91.884,19372.007,0.231,29.665,0.1,0.057,0.251,21.083,52.886,4.787,-1.492,2.041,-0.078,5.138,436.421,1083.288
NZL,New Zealand,2019,-4.525,-1.053,,,,,2.612,6.576,1.197,108.717,,,,,,129.864,4.766,13.813,6.905,2.165,17.838,432.777,3729.363,22.22,4645.523,43.43,0.52,2.07,7.71,5.0,25.33,0.0,0.64,7.49,8.01,35.72,0.13,2.25,43.43,5.64,,54007.927,4.967,64.945,7.939,167.769,35075.66,1611.938,17.753,,11.513,8.863,18.977,3.991,49.021,1045.355,10248.883,,,58.324,-3.08,24.518,-2.013,63.335,5295.771,13241.464,82.247,35.72,7468.019,-1.499,35.036,-1.377,90.507,18922.407,0.0,0.0,0.0,,0.0,0.0,0.0,0.0,0.0,1.474,1.799,39.064,1.783,100.91,133.805,21097.414,,,1565.942,1674.659,0.582,8.234,0.123,21.271,17.246,18.443,4447.102,9079.958,4783062.0,258.323,7468.019,82.247,-1.499,35.036,-1.377,90.507,18922.407,0.299,26.962,0.123,0.068,0.318,27.179,66.585,5.181,8.658,2.161,0.445,5.583,470.41,1167.256
NZL,New Zealand,2020,-8.355,-1.856,,,,,-9.624,-24.861,1.363,126.497,,,,,,149.274,5.408,-4.547,7.293,-0.811,17.027,501.842,3530.882,20.363,4222.816,44.75,0.61,2.42,9.5,6.33,23.98,0.0,0.75,8.2,8.81,35.25,0.16,2.3,44.75,6.68,,48413.68,-12.79,62.67,-21.457,146.312,30341.079,1970.042,21.229,,14.145,-6.966,19.535,-3.415,45.606,1312.67,9457.467,,,53.587,-5.615,25.605,-3.557,59.778,4972.8,12396.374,78.771,35.25,7309.891,-3.754,37.312,-3.398,87.109,18064.134,0.0,0.0,0.0,,0.0,0.0,0.0,0.0,0.0,1.676,-17.076,35.843,-17.231,83.679,155.53,17352.731,,,1700.457,1826.954,-0.068,9.105,-0.014,21.256,18.324,19.687,4407.977,9279.933,4822233.0,233.462,7309.891,78.771,-3.754,37.312,-3.398,87.109,18064.134,0.358,24.055,0.169,0.077,0.395,33.18,81.931,5.14,1.734,2.433,0.097,5.68,476.957,1177.852
