iso_code,country,year,coal_prod_change_pct,coal_prod_change_twh,gas_prod_change_pct,gas_prod_change_twh,oil_prod_change_pct,oil_prod_change_twh,energy_cons_change_pct,energy_cons_change_twh,biofuel_share_elec,biofuel_elec_per_capita,biofuel_cons_change_pct,biofuel_share_energy,biofuel_cons_change_twh,biofuel_consumption,biofuel_cons_per_capita,carbon_intensity_elec,coal_share_elec,coal_cons_change_pct,coal_share_energy,coal_cons_change_twh,coal_consumption,coal_elec_per_capita,coal_cons_per_capita,coal_production,coal_prod_per_capita,electricity_demand,biofuel_electricity,coal_electricity,fossil_electricity,gas_electricity,hydro_electricity,nuclear_electricity,oil_electricity,other_renewable_exc_biofuel_electricity,other_renewable_electricity,renewables_electricity,solar_electricity,wind_electricity,electricity_generation,greenhouse_gas_emissions,energy_per_gdp,energy_per_capita,fossil_cons_change_pct,fossil_share_energy,fossil_cons_change_twh,fossil_fuel_consumption,fossil_energy_per_capita,fossil_cons_per_capita,fossil_share_elec,gdp,gas_share_elec,gas_cons_change_pct,gas_share_energy,gas_cons_change_twh,gas_consumption,gas_elec_per_capita,gas_energy_per_capita,gas_production,gas_prod_per_capita,hydro_share_elec,hydro_cons_change_pct,hydro_share_energy,hydro_cons_change_twh,hydro_consumption,hydro_elec_per_capita,hydro_energy_per_capita,low_carbon_share_elec,low_carbon_electricity,low_carbon_elec_per_capita,low_carbon_cons_change_pct,low_carbon_share_energy,low_carbon_cons_change_twh,low_carbon_consumption,low_carbon_energy_per_capita,net_elec_imports_share_demand,net_elec_imports,nuclear_share_elec,nuclear_cons_change_pct,nuclear_share_energy,nuclear_cons_change_twh,nuclear_consumption,nuclear_elec_per_capita,nuclear_energy_per_capita,oil_share_elec,oil_cons_change_pct,oil_share_energy,oil_cons_change_twh,oil_consumption,oil_elec_per_capita,oil_energy_per_capita,oil_production,oil_prod_per_capita,other_renewables_elec_per_capita_exc_biofuel,other_renewables_elec_per_capita,other_renewables_cons_change_pct,other_renewables_share_energy,other_renewables_cons_change_twh,other_renewable_consumption,other_renewables_share_elec_exc_biofuel,other_renewables_share_elec,other_renewables_energy_per_capita,per_capita_electricity,population,primary_energy_consumption,renewables_elec_per_capita,renewables_share_elec,renewables_cons_change_pct,renewables_share_energy,renewables_cons_change_twh,renewables_consumption,renewables_energy_per_capita,solar_share_elec,solar_cons_change_pct,solar_share_energy,solar_cons_change_twh,solar_consumption,solar_elec_per_capita,solar_energy_per_capita,wind_share_elec,wind_cons_change_pct,wind_share_energy,wind_cons_change_twh,wind_consumption,wind_elec_per_capita,wind_energy_per_capita
NIC,Nicaragua,1980,,,,,,,,,,,,,,,,,,,,,,,,0.0,0.0,,,,,,,,,,,,,,,,1.01,2959.631,,,,,,,,9569442000.0,,,,,,,,0.0,0.0,,,,,,,,,,,,,,,,,,,,,,,,,,,,,,,,0.0,0.0,,,,,,,,,,,3265520.0,9.665,,,,,,,,,,,,,,,,,,,,,
NIC,Nicaragua,1981,,0.0,,0.0,,0.0,-0.525,-0.051,,,,,,,,,,,,,,,,0.0,0.0,,,,,,,,,,,,,,,,0.953,2861.19,,,,,,,,10088520000.0,,,,,,,,0.0,0.0,,,,,,,,,,,,,,,,,,,,,,,,,,,,,,,,0.0,0.0,,,,,,,,,,,3360142.0,9.614,,,,,,,,,,,,,,,,,,,,,
NIC,Nicaragua,1982,,0.0,,0.0,,0.0,-1.157,-0.111,,,,,,,,,,,,,,,,0.0,0.0,,,,,,,,,,,,,,,,0.95,2750.351,,,,,,,,9999360000.0,,,,,,,,0.0,0.0,,,,,,,,,,,,,,,,,,,,,,,,,,,,,,,,0.0,0.0,,,,,,,,,,,3455129.0,9.503,,,,,,,,,,,,,,,,,,,,,
NIC,Nicaragua,1983,,0.0,,0.0,,0.0,-0.937,-0.089,,,,,,,,,,,,,,,,0.0,0.0,,,,,,,,,,,,,,,,0.9,2651.991,,,,,,,,10462228000.0,,,,,,,,0.0,0.0,,,,,,,,,,,,,,,,,,,,,,,,,,,,,,,,0.0,0.0,,,,,,,,,,,3549711.0,9.414,,,,,,,,,,,,,,,,,,,,,
NIC,Nicaragua,1984,,0.0,,0.0,,0.0,-1.125,-0.106,,,,,,,,,,,,,,,,0.0,0.0,,,,,,,,,,,,,,,,0.904,2555.015,,,,,,,,10301112000.0,,,,,,,,0.0,0.0,,,,,,,,,,,,,,,,,,,,,,,,,,,,,,,,0.0,0.0,,,,,,,,,,,3642978.0,9.308,,,,,,,,,,,,,,,,,,,,,
NIC,Nicaragua,1985,,0.0,,0.0,,0.0,13.113,1.221,,,,,,,,,,,,,,,,0.0,0.0,,,,,,,,,,,,,,,,1.066,2819.346,,,,,,,,9880260000.0,,,,,,,,0.0,0.0,,,,,,,,,,,,,,,,,,,,,,,,,,,,,,,,0.0,0.0,,,,,,,,,,,3734343.0,10.528,,,,,,,,,,,,,,,,,,,,,
NIC,Nicaragua,1986,,0.0,,0.0,,0.0,-3.935,-0.414,,,,,,,,,,,,,,,,0.0,0.0,,,,,,,,,,,,,,,,1.034,2645.513,,,,,,,,9779728000.0,,,,,,,,0.0,0.0,,,,,,,,,,,,,,,,,,,,,,,,,,,,,,,,0.0,0.0,,,,,,,,,,,3823133.0,10.114,,,,,,,,,,,,,,,,,,,,,
NIC,Nicaragua,1987,,0.0,,0.0,,0.0,4.627,0.468,,,,,,,,,,,,,,,,0.0,0.0,,,,,,,,,,,,,,,,1.09,2706.667,,,,,,,,9706884000.0,,,,,,,,0.0,0.0,,,,,,,,,,,,,,,,,,,,,,,,,,,,,,,,0.0,0.0,,,,,,,,,,,3909672.0,10.582,,,,,,,,,,,,,,,,,,,,,
NIC,Nicaragua,1988,,0.0,,0.0,,0.0,1.453,0.154,,,,,,,,,,,,,,,,0.0,0.0,,,,,,,,,,,,,,,,1.263,2686.979,,,,,,,,8503192000.0,,,,,,,,0.0,0.0,,,,,,,,,,,,,,,,,,,,,,,,,,,,,,,,0.0,0.0,,,,,,,,,,,3995529.0,10.736,,,,,,,,,,,,,,,,,,,,,
NIC,Nicaragua,1989,,0.0,,0.0,,0.0,8.365,0.898,,,,,,,,,,,,,,,,0.0,0.0,,,,,,,,,,,,,,,,1.392,2849.391,,,,,,,,8356356000.0,,,,,,,,0.0,0.0,,,,,,,,,,,,,,,,,,,,,,,,,,,,,,,,0.0,0.0,,,,,,,,,,,4082958.0,11.634,,,,,,,,,,,,,,,,,,,,,
NIC,Nicaragua,1990,,0.0,,0.0,,0.0,-7.214,-0.839,,,,,,,,,,,,,,,,0.0,0.0,,,,,,,,,,,,,,,,1.293,2586.51,,,,,,,,8348404000.0,,,,,,,,0.0,0.0,,,,,,,,,,,,,,,,,,,,,,,,,,,,,,,,0.0,0.0,,,,,,,,,,,4173435.0,10.795,,,,,,,,,,,,,,,,,,,,,
NIC,Nicaragua,1991,,0.0,,0.0,,0.0,-4.336,-0.468,,,,,,,,,,,,,,,,0.0,0.0,,,,,,,,,,,,,,,,1.217,2419.791,,,,,,,,8483399933.0,,,,,,,,0.0,0.0,,,,,,,,,,,,,,,,,,,,,,,,,,,,,,,,0.0,0.0,,,,,,,,,,,4267570.0,10.327,,,,,,,,,,,,,,,,,,,,,
NIC,Nicaragua,1992,,0.0,,0.0,,0.0,12.784,1.32,,,,,,,,,,,,,,,,0.0,0.0,,,,,,,,,,,,,,,,1.344,2668.52,,,,,,,,8668810316.0,,,,,,,,0.0,0.0,,,,,,,,,,,,,,,,,,,,,,,,,,,,,,,,0.0,0.0,,,,,,,,,,,4364514.0,11.647,,,,,,,,,,,,,,,,,,,,,
NIC,Nicaragua,1993,,0.0,,0.0,,0.0,2.909,0.339,,,,,,,,,,,,,,,,0.0,0.0,,,,,,,,,,,,,,,,1.364,2685.843,,,,,,,,8788659536.0,,,,,,,,0.0,0.0,,,,,,,,,,,,,,,,,,,,,,,,,,,,,,,,0.0,0.0,,,,,,,,,,,4462496.0,11.986,,,,,,,,,,,,,,,,,,,,,
NIC,Nicaragua,1994,,0.0,,0.0,,0.0,1.962,0.235,,,,,,,,,,,,,,,,0.0,0.0,,,,,,,,,,,,,,,,1.323,2680.566,,,,,,,,9239788411.0,,,,,,,,0.0,0.0,,,,,,,,,,,,,,,,,,,,,,,,,,,,,,,,0.0,0.0,,,,,,,,,,,4559010.0,12.221,,,,,,,,,,,,,,,,,,,,,
NIC,Nicaragua,1995,,0.0,,0.0,,0.0,6.989,0.854,,,,,,,,,,,,,,,,0.0,0.0,,,,,,,,,,,,,,,,1.312,2810.472,,,,,,,,9966535185.0,,,,,,,,0.0,0.0,,,,,,,,,,,,,,,,,,,,,,,,,,,,,,,,0.0,0.0,,,,,,,,,,,4652185.0,13.075,,,,,,,,,,,,,,,,,,,,,
NIC,Nicaragua,1996,,0.0,,0.0,,0.0,5.409,0.707,,,,,,,,,,,,,,,,0.0,0.0,,,,,,,,,,,,,,,,1.278,2906.654,,,,,,,,10785595506.0,,,,,,,,0.0,0.0,,,,,,,,,,,,,,,,,,,,,,,,,,,,,,,,0.0,0.0,,,,,,,,,,,4741571.0,13.782,,,,,,,,,,,,,,,,,,,,,
NIC,Nicaragua,1997,,0.0,,0.0,,0.0,2.844,0.392,,,,,,,,,,,,,,,,0.0,0.0,,,,,,,,,,,,,,,,1.242,2936.003,,,,,,,,11415412298.0,,,,,,,,0.0,0.0,,,,,,,,,,,,,,,,,,,,,,,,,,,,,,,,0.0,0.0,,,,,,,,,,,4827658.0,14.174,,,,,,,,,,,,,,,,,,,,,
NIC,Nicaragua,1998,,0.0,,0.0,,0.0,8.197,1.162,,,,,,,,,,,,,,,,0.0,0.0,,,,,,,,,,,,,,,,1.273,3122.999,,,,,,,,12049924898.0,,,,,,,,0.0,0.0,,,,,,,,,,,,,,,,,,,,,,,,,,,,,,,,0.0,0.0,,,,,,,,,,,4910642.0,15.336,,,,,,,,,,,,,,,,,,,,,
NIC,Nicaragua,1999,,0.0,,0.0,,0.0,7.22,1.107,,,,,,,,,,,,,,,,0.0,0.0,,,,,,,,,,,,,,,,1.252,3294.532,,,,,,,,13130550806.0,,,,,,,,0.0,0.0,,,,,,,,,,,,,,,,,,,,,,,,,,,,,,,,0.0,0.0,,,,,,,,,,,4991041.0,16.443,,,,,,,,,,,,,,,,,,,,,
NIC,Nicaragua,2000,,0.0,,0.0,,0.0,-0.893,-0.147,4.695,19.727,,,,,,568.075,0.0,,,,,0.0,,0.0,0.0,2.24,0.1,0.0,1.69,0.0,0.21,0.0,1.69,0.13,0.23,0.44,0.0,0.0,2.13,1.21,1.172,3214.708,,,,,,333.379,79.343,13909591895.0,0.0,,,,,0.0,,0.0,0.0,9.859,,,,,41.426,,20.657,0.44,86.797,,,,,,4.911,0.11,0.0,,,,,0.0,,79.343,,,,,333.379,,0.0,0.0,25.645,45.371,,,,,6.103,10.798,,420.176,5069310.0,16.296,86.797,20.657,,,,,,0.0,,,,,0.0,,0.0,,,,,0.0,
NIC,Nicaragua,2001,,0.0,,0.0,,0.0,6.15,1.002,2.575,11.661,,,,,,570.815,0.0,,,,,0.0,,0.0,0.0,2.35,0.06,0.0,1.87,0.0,0.19,0.0,1.87,0.21,0.27,0.46,0.0,0.0,2.33,1.33,1.186,3361.963,,,,,,363.434,80.258,14579898763.0,0.0,,,,,0.0,,0.0,0.0,8.155,,,,,36.926,,19.742,0.46,89.401,,,,,,0.851,0.02,0.0,,,,,0.0,,80.258,,,,,363.434,,0.0,0.0,40.813,52.474,,,,,9.013,11.588,,452.835,5145367.0,17.299,89.401,19.742,,,,,,0.0,,,,,0.0,,0.0,,,,,0.0,
NIC,Nicaragua,2002,,0.0,,0.0,,0.0,1.924,0.333,6.667,34.487,,,,,,544.444,0.0,,,,,0.0,,0.0,0.0,2.71,0.18,0.0,2.01,0.0,0.3,0.0,2.01,0.21,0.39,0.69,0.0,0.0,2.7,1.47,1.179,3378.092,,,,,,385.107,74.444,14954188473.0,0.0,,,,,0.0,,0.0,0.0,11.111,,,,,57.479,,25.556,0.69,132.201,,,,,,0.369,0.01,0.0,,,,,0.0,,74.444,,,,,385.107,,0.0,0.0,40.235,74.722,,,,,7.778,14.444,,517.308,5219324.0,17.631,132.201,25.556,,,,,,0.0,,,,,0.0,,0.0,,,,,0.0,
NIC,Nicaragua,2003,,0.0,,0.0,,0.0,6.102,1.076,10.0,49.13,,,,,,511.538,0.0,,,,,0.0,,0.0,0.0,2.59,0.26,0.0,1.78,0.0,0.29,0.0,1.78,0.27,0.53,0.82,0.0,0.0,2.6,1.33,1.199,3534.938,,,,,,336.349,68.462,15599451400.0,0.0,,,,,0.0,,0.0,0.0,11.154,,,,,54.799,,31.538,0.82,154.948,,,,,,-0.386,-0.01,0.0,,,,,0.0,,68.462,,,,,336.349,,0.0,0.0,51.019,100.149,,,,,10.385,20.385,,491.297,5292115.0,18.707,154.948,31.538,,,,,,0.0,,,,,0.0,,0.0,,,,,0.0,
NIC,Nicaragua,2004,,0.0,,0.0,,0.0,4.07,0.761,16.729,83.878,,,,,,479.554,0.0,,,,,0.0,,0.0,0.0,2.69,0.45,0.0,1.67,0.0,0.32,0.0,1.67,0.25,0.7,1.02,0.0,0.0,2.69,1.29,1.164,3628.895,,,,,,311.281,62.082,16722815373.0,0.0,,,,,0.0,,0.0,0.0,11.896,,,,,59.647,,37.918,1.02,190.124,,,,,,0.0,0.0,0.0,,,,,0.0,,62.082,,,,,311.281,,0.0,0.0,46.599,130.477,,,,,9.294,26.022,,501.404,5364930.0,19.469,190.124,37.918,,,,,,0.0,,,,,0.0,,0.0,,,,,0.0,
NIC,Nicaragua,2005,,0.0,,0.0,,0.0,1.635,0.318,16.279,90.095,,,,,,465.116,0.0,,,,,0.0,,0.0,0.0,3.03,0.49,0.0,1.82,0.0,0.43,0.0,1.82,0.27,0.76,1.19,0.0,0.0,3.01,1.4,1.115,3638.204,,,,,,334.639,60.465,17753885092.0,0.0,,,,,0.0,,0.0,0.0,14.286,,,,,79.063,,39.535,1.19,218.803,,,,,,0.66,0.02,0.0,,,,,0.0,,60.465,,,,,334.639,,0.0,0.0,49.644,139.739,,,,,8.97,25.249,,553.442,5438692.0,19.787,218.803,39.535,,,,,,0.0,,,,,0.0,,0.0,,,,,0.0,
NIC,Nicaragua,2006,,0.0,,0.0,,0.0,0.485,0.096,17.097,96.123,,,,,,487.097,0.0,,,,,0.0,,0.0,0.0,3.14,0.53,0.0,1.95,0.0,0.31,0.0,1.95,0.31,0.84,1.15,0.0,0.0,3.1,1.51,1.057,3606.094,,,,,,353.661,62.903,18819405650.0,0.0,,,,,0.0,,0.0,0.0,10.0,,,,,56.223,,37.097,1.15,208.569,,,,,,1.274,0.04,0.0,,,,,0.0,,62.903,,,,,353.661,,0.0,0.0,56.223,152.346,,,,,10.0,27.097,,562.23,5513757.0,19.883,208.569,37.097,,,,,,0.0,,,,,0.0,,0.0,,,,,0.0,
NIC,Nicaragua,2007,,0.0,,0.0,,0.0,4.163,0.828,15.411,80.5,,,,,,503.425,0.0,,,,,0.0,,0.0,0.0,2.98,0.45,0.0,1.93,0.0,0.3,0.0,1.93,0.24,0.69,0.99,0.0,0.0,2.92,1.47,1.027,3704.928,,,,,,345.255,66.096,20171036371.0,0.0,,,,,0.0,,0.0,0.0,10.274,,,,,53.667,,33.904,0.99,177.1,,,,,,2.013,0.06,0.0,,,,,0.0,,66.096,,,,,345.255,,0.0,0.0,42.933,123.433,,,,,8.219,23.63,,522.355,5590066.0,20.711,177.1,33.904,,,,,,0.0,,,,,0.0,,0.0,,,,,0.0,
NIC,Nicaragua,2008,,0.0,,0.0,,0.0,1.208,0.25,12.733,72.343,,,,,,459.627,0.0,,,,,0.0,,0.0,0.0,3.25,0.41,0.0,1.96,0.0,0.53,0.0,1.96,0.32,0.73,1.26,0.0,0.0,3.22,1.48,0.993,3698.491,,,,,,345.835,60.87,21118480394.0,0.0,,,,,0.0,,0.0,0.0,16.46,,,,,93.517,,39.13,1.26,222.323,,,,,,0.923,0.03,0.0,,,,,0.0,,60.87,,,,,345.835,,0.0,0.0,56.463,128.806,,,,,9.938,22.671,,568.158,5667436.0,20.961,222.323,39.13,,,,,,0.0,,,,,0.0,,0.0,,,,,0.0,
NIC,Nicaragua,2009,,0.0,,0.0,,0.0,0.038,0.008,12.958,80.062,,,,,,507.042,0.0,,,,,0.0,,0.0,0.0,3.55,0.46,0.0,2.39,0.0,0.29,0.0,2.39,0.3,0.76,1.16,0.0,0.11,3.55,1.8,1.003,3649.606,,,,,,415.975,67.324,20900358327.0,0.0,,,,,0.0,,0.0,0.0,8.169,,,,,50.474,,32.676,1.16,201.896,,,,,,0.0,0.0,0.0,,,,,0.0,,67.324,,,,,415.975,,0.0,0.0,52.214,132.277,,,,,8.451,21.408,,617.871,5745538.0,20.969,201.896,32.676,,,,,,0.0,,,,,0.0,,3.099,,,,,19.145,
NIC,Nicaragua,2010,,0.0,,0.0,,0.0,3.387,0.71,10.826,65.247,,,,,,464.387,0.0,,,,,0.0,,0.0,0.0,3.48,0.38,0.0,2.17,0.0,0.5,0.0,2.17,0.3,0.68,1.34,0.0,0.16,3.51,1.63,0.988,3722.352,,,,,,372.592,61.823,21950676903.0,0.0,,,,,0.0,,0.0,0.0,14.245,,,,,85.851,,38.177,1.34,230.08,,,,,,-0.862,-0.03,0.0,,,,,0.0,,61.823,,,,,372.592,,0.0,0.0,51.51,116.757,,,,,8.547,19.373,,602.673,5824058.0,21.679,230.08,38.177,,,,,,0.0,,,,,0.0,,4.558,,,,,27.472,
NIC,Nicaragua,2011,,0.0,,0.0,,0.0,5.192,1.126,10.627,66.068,,,,,,479.564,0.0,,,,,0.0,,0.0,0.0,3.64,0.39,0.0,2.35,0.0,0.44,0.0,2.35,0.27,0.66,1.32,0.01,0.21,3.67,1.76,0.961,3863.217,,,,,,398.1,64.033,23734874000.0,0.0,,,,,0.0,,0.0,0.0,11.989,,,,,74.538,,35.967,1.32,223.614,,,,,,-0.824,-0.03,0.0,,,,,0.0,,64.033,,,,,398.1,,0.0,0.0,45.739,111.807,,,,,7.357,17.984,,621.714,5903035.0,22.805,223.614,35.967,,,,,,0.272,,,,,1.694,,5.722,,,,,35.575,
NIC,Nicaragua,2012,,0.0,,0.0,,0.0,0.937,0.214,10.283,66.861,,,,,,429.306,0.0,,,,,0.0,,0.0,0.0,3.91,0.4,0.0,2.22,0.0,0.41,0.0,2.22,0.52,0.92,1.67,0.01,0.33,3.89,1.67,0.918,3847.603,,,,,,371.08,57.069,25065728000.0,0.0,,,,,0.0,,0.0,0.0,10.54,,,,,68.533,,42.931,1.67,279.146,,,,,,0.512,0.02,0.0,,,,,0.0,,57.069,,,,,371.08,,0.0,0.0,86.92,153.781,,,,,13.368,23.65,,650.227,5982530.0,23.018,279.146,42.931,,,,,,0.257,,,,,1.672,,8.483,,,,,55.161,
NIC,Nicaragua,2013,,0.0,,0.0,,0.0,6.129,1.411,8.911,59.382,,,,,,376.238,0.0,,,,,0.0,,0.0,0.0,4.08,0.36,0.0,1.99,0.0,0.45,0.0,1.99,0.68,1.04,2.05,0.0,0.56,4.04,1.52,0.932,4029.57,,,,,,328.249,49.257,26206803000.0,0.0,,,,,0.0,,0.0,0.0,11.139,,,,,74.227,,50.743,2.05,338.146,,,,,,0.98,0.04,0.0,,,,,0.0,,49.257,,,,,328.249,,0.0,0.0,112.166,171.547,,,,,16.832,25.743,,666.396,6062462.0,24.429,338.146,50.743,,,,,,0.0,,,,,0.0,,13.861,,,,,92.372,
NIC,Nicaragua,2014,,0.0,,0.0,,0.0,5.792,1.415,8.565,60.234,,,,,,363.426,0.0,,,,,0.0,,0.0,0.0,4.29,0.37,0.0,2.05,0.0,0.39,0.0,2.05,0.66,1.03,2.27,0.0,0.85,4.32,1.57,0.943,4207.264,,,,,,333.728,47.454,27402565000.0,0.0,,,,,0.0,,0.0,0.0,9.028,,,,,63.49,,52.546,2.27,369.542,,,,,,-0.699,-0.03,0.0,,,,,0.0,,47.454,,,,,333.728,,0.0,0.0,107.444,167.678,,,,,15.278,23.843,,703.27,6142734.0,25.844,369.542,52.546,,,,,,0.0,,,,,0.0,,19.676,,,,,138.375,
NIC,Nicaragua,2015,,0.0,,0.0,,0.0,9.729,2.514,9.009,64.275,,,,,,378.378,0.0,,,,,0.0,,0.0,0.0,4.45,0.4,0.0,2.2,0.0,0.29,0.0,2.2,0.68,1.08,2.24,0.0,0.87,4.44,1.68,0.986,4556.857,,,,,,353.514,49.55,28748328000.0,0.0,,,,,0.0,,0.0,0.0,6.532,,,,,46.6,,50.45,2.24,359.941,,,,,,0.225,0.01,0.0,,,,,0.0,,49.55,,,,,353.514,,0.0,0.0,109.268,173.543,,,,,15.315,24.324,,713.455,6223234.0,28.358,359.941,50.45,,,,,,0.0,,,,,0.0,,19.595,,,,,139.799,
NIC,Nicaragua,2016,,0.0,,0.0,,0.0,0.078,0.022,11.236,79.315,,,,,,366.292,0.0,,,,,0.0,,0.0,0.0,4.64,0.5,0.0,2.09,0.0,0.42,0.0,2.09,0.71,1.21,2.36,0.0,0.73,4.45,1.63,0.943,4501.994,,,,,,331.537,46.966,30103515000.0,0.0,,,,,0.0,,0.0,0.0,9.438,,,,,66.625,,53.034,2.36,374.367,,,,,,4.095,0.19,0.0,,,,,0.0,,46.966,,,,,331.537,,0.0,0.0,112.627,191.943,,,,,15.955,27.191,,705.904,6303970.0,28.38,374.367,53.034,,,,,,0.0,,,,,0.0,,16.404,,,,,115.8,
NIC,Nicaragua,2017,,,,,,,-0.053,-0.015,10.478,72.046,,,,,,369.021,0.0,,,,,0.0,,,,4.72,0.46,0.0,2.08,0.0,0.46,0.0,2.08,0.75,1.21,2.31,0.01,0.63,4.39,1.62,0.903,4442.61,,,,,,325.772,47.38,31419241625.0,0.0,,,,,0.0,,,,10.478,,,,,72.046,,52.62,2.31,361.794,,,,,,6.992,0.33,0.0,,,,,0.0,,47.38,,,,,325.772,,,,117.466,189.511,,,,,17.084,27.563,,687.566,6384843.0,28.365,361.794,52.62,,,,,,0.228,,,,,1.566,,14.351,,,,,98.671,
NIC,Nicaragua,2018,,,,,,,-0.814,-0.231,9.713,68.053,,,,,,350.993,0.0,,,,,0.0,,,,4.73,0.44,0.0,2.06,0.0,0.41,0.0,2.06,0.8,1.24,2.47,0.02,0.8,4.53,1.59,0.934,4351.474,,,,,,318.614,45.475,30136878639.0,0.0,,,,,0.0,,,,9.051,,,,,63.413,,54.525,2.47,382.028,,,,,,4.228,0.2,0.0,,,,,0.0,,45.475,,,,,318.614,,,,123.734,191.787,,,,,17.66,27.373,,700.642,6465502.0,28.134,382.028,54.525,,,,,,0.442,,,,,3.093,,17.66,,,,,123.734,
NIC,Nicaragua,2019,,,,,,,1.705,0.48,11.447,80.972,,,,,,362.851,0.0,,,,,0.0,,,,5.06,0.53,0.0,2.16,0.0,0.41,0.0,2.16,0.78,1.31,2.47,0.02,0.73,4.63,1.68,,4371.559,,,,,,329.998,46.652,,0.0,,,,,0.0,,,,8.855,,,,,62.638,,53.348,2.47,377.358,,,,,,8.498,0.43,0.0,,,,,0.0,,46.652,,,,,329.998,,,,119.166,200.137,,,,,16.847,28.294,,707.356,6545503.0,28.614,377.358,53.348,,,,,,0.432,,,,,3.056,,15.767,,,,,111.527,
NIC,Nicaragua,2020,,,,,,,,,11.065,80.005,,,,,,350.731,0.0,,,,,0.0,,,,5.22,0.53,0.0,2.16,0.0,0.57,0.0,2.16,0.78,1.31,2.63,0.02,0.73,4.79,1.68,,,,,,,,326.06,45.094,,0.0,,,,,0.0,,,,11.9,,,,,86.044,,54.906,2.63,397.008,,,,,,8.238,0.43,0.0,,,,,0.0,,45.094,,,,,326.06,,,,117.744,197.749,,,,,16.284,27.349,,723.068,6624554.0,,397.008,54.906,,,,,,0.418,,,,,3.019,,15.24,,,,,110.196,
