iso_code,country,year,coal_prod_change_pct,coal_prod_change_twh,gas_prod_change_pct,gas_prod_change_twh,oil_prod_change_pct,oil_prod_change_twh,energy_cons_change_pct,energy_cons_change_twh,biofuel_share_elec,biofuel_elec_per_capita,biofuel_cons_change_pct,biofuel_share_energy,biofuel_cons_change_twh,biofuel_consumption,biofuel_cons_per_capita,carbon_intensity_elec,coal_share_elec,coal_cons_change_pct,coal_share_energy,coal_cons_change_twh,coal_consumption,coal_elec_per_capita,coal_cons_per_capita,coal_production,coal_prod_per_capita,electricity_demand,biofuel_electricity,coal_electricity,fossil_electricity,gas_electricity,hydro_electricity,nuclear_electricity,oil_electricity,other_renewable_exc_biofuel_electricity,other_renewable_electricity,renewables_electricity,solar_electricity,wind_electricity,electricity_generation,greenhouse_gas_emissions,energy_per_gdp,energy_per_capita,fossil_cons_change_pct,fossil_share_energy,fossil_cons_change_twh,fossil_fuel_consumption,fossil_energy_per_capita,fossil_cons_per_capita,fossil_share_elec,gdp,gas_share_elec,gas_cons_change_pct,gas_share_energy,gas_cons_change_twh,gas_consumption,gas_elec_per_capita,gas_energy_per_capita,gas_production,gas_prod_per_capita,hydro_share_elec,hydro_cons_change_pct,hydro_share_energy,hydro_cons_change_twh,hydro_consumption,hydro_elec_per_capita,hydro_energy_per_capita,low_carbon_share_elec,low_carbon_electricity,low_carbon_elec_per_capita,low_carbon_cons_change_pct,low_carbon_share_energy,low_carbon_cons_change_twh,low_carbon_consumption,low_carbon_energy_per_capita,net_elec_imports_share_demand,net_elec_imports,nuclear_share_elec,nuclear_cons_change_pct,nuclear_share_energy,nuclear_cons_change_twh,nuclear_consumption,nuclear_elec_per_capita,nuclear_energy_per_capita,oil_share_elec,oil_cons_change_pct,oil_share_energy,oil_cons_change_twh,oil_consumption,oil_elec_per_capita,oil_energy_per_capita,oil_production,oil_prod_per_capita,other_renewables_elec_per_capita_exc_biofuel,other_renewables_elec_per_capita,other_renewables_cons_change_pct,other_renewables_share_energy,other_renewables_cons_change_twh,other_renewable_consumption,other_renewables_share_elec_exc_biofuel,other_renewables_share_elec,other_renewables_energy_per_capita,per_capita_electricity,population,primary_energy_consumption,renewables_elec_per_capita,renewables_share_elec,renewables_cons_change_pct,renewables_share_energy,renewables_cons_change_twh,renewables_consumption,renewables_energy_per_capita,solar_share_elec,solar_cons_change_pct,solar_share_energy,solar_cons_change_twh,solar_consumption,solar_elec_per_capita,solar_energy_per_capita,wind_share_elec,wind_cons_change_pct,wind_share_energy,wind_cons_change_twh,wind_consumption,wind_elec_per_capita,wind_energy_per_capita
MKD,North Macedonia,1990,,,,,,,,,0.0,0.0,,,,,,,89.739,,52.303,,15.467,2584.888,7748.038,,,5.83,0.0,5.16,5.26,0.0,0.49,0.0,0.1,0.0,0.0,0.49,0.0,0.0,5.75,,1.732,14813.801,,95.388,,28.208,14130.576,2634.983,91.478,17074264453.0,0.0,,0.0,,0.0,0.0,0.0,,,8.522,,4.612,,1.364,245.464,683.237,8.522,0.49,245.464,,4.612,,1.364,683.237,1.372,0.08,0.0,,0.0,,0.0,0.0,0.0,1.739,,43.085,,12.741,50.095,6382.538,,,0.0,0.0,,0.0,,0.0,0.0,0.0,0.0,2880.447,1996218.0,29.572,245.464,8.522,,4.612,,1.364,683.237,0.0,,0.0,,0.0,0.0,0.0,0.0,,0.0,,0.0,0.0,0.0
MKD,North Macedonia,1991,,,,,,,-0.934,-0.276,0.0,0.0,,,,,,,84.229,0.432,53.024,0.067,15.534,2438.163,7792.896,,,5.84,0.0,4.86,4.92,0.0,0.85,0.0,0.06,0.0,0.0,0.85,0.0,0.0,5.77,,1.821,14696.932,-4.494,91.959,-1.268,26.94,13515.209,2468.264,85.269,16091739428.0,0.0,,0.0,0.0,0.0,0.0,0.0,,,14.731,72.709,8.041,0.992,2.356,426.428,1181.735,14.731,0.85,426.428,72.709,8.041,0.992,2.356,1181.735,1.199,0.07,0.0,,0.0,0.0,0.0,0.0,0.0,1.04,-10.475,38.935,-1.335,11.406,30.101,5722.313,,,0.0,0.0,,0.0,0.0,0.0,0.0,0.0,0.0,2894.691,1993304.0,29.295,426.428,14.731,72.709,8.041,0.992,2.356,1181.735,0.0,,0.0,0.0,0.0,0.0,0.0,0.0,,0.0,0.0,0.0,0.0,0.0
MKD,North Macedonia,1992,,,,,,,2.695,0.79,0.0,0.0,,,,,,,85.008,-0.587,51.33,-0.091,15.442,2594.713,7765.283,12.529,6300.044,6.34,0.0,5.16,5.22,0.0,0.85,0.0,0.06,0.0,0.0,0.85,0.0,0.0,6.07,,1.993,15128.273,2.931,92.17,0.79,27.729,13943.789,2624.884,85.997,15098989425.0,0.0,,0.0,0.0,0.0,0.0,0.0,,,14.003,0.0,7.83,0.0,2.356,427.424,1184.495,14.003,0.85,427.424,0.0,7.83,0.0,2.356,1184.495,4.259,0.27,0.0,,0.0,0.0,0.0,0.0,0.0,0.988,7.721,40.841,0.881,12.287,30.171,6178.506,,,0.0,0.0,,0.0,0.0,0.0,0.0,0.0,0.0,3052.308,1988659.0,30.085,427.424,14.003,0.0,7.83,0.0,2.356,1184.495,0.0,,0.0,0.0,0.0,0.0,0.0,0.0,,0.0,0.0,0.0,0.0,0.0
MKD,North Macedonia,1993,-0.874,-0.11,,,,,0.336,0.101,0.0,0.0,,,,,,,88.224,0.497,51.412,0.077,15.519,2303.4,7822.083,12.419,6259.561,5.79,0.0,4.57,4.66,0.0,0.52,0.0,0.09,0.0,0.0,0.52,0.0,0.0,5.18,,2.151,15214.495,3.63,95.196,1.007,28.736,14483.668,2348.762,89.961,14032409060.0,0.0,,0.0,0.0,0.0,0.0,0.0,,,10.039,-38.443,4.804,-0.906,1.45,262.094,730.839,10.039,0.52,262.094,-38.443,4.804,-0.906,1.45,730.839,10.535,0.61,0.0,,0.0,0.0,0.0,0.0,0.0,1.737,7.567,43.784,0.93,13.217,45.362,6661.585,,,0.0,0.0,,0.0,0.0,0.0,0.0,0.0,0.0,2610.856,1984024.0,30.186,262.094,10.039,-38.443,4.804,-0.906,1.45,730.839,0.0,,0.0,0.0,0.0,0.0,0.0,0.0,,0.0,0.0,0.0,0.0,0.0
MKD,North Macedonia,1994,-0.824,-0.102,,,,,-6.191,-1.869,0.0,0.0,,,,,,,87.71,3.876,56.929,0.602,16.121,2629.039,8134.75,12.317,6215.218,6.01,0.0,5.21,5.25,0.0,0.69,0.0,0.04,0.0,0.0,0.69,0.0,0.0,5.94,,2.046,14289.285,-8.175,93.182,-2.349,26.387,13315.11,2649.223,88.384,13843363076.0,0.0,,0.0,0.0,0.0,0.0,0.0,,,11.616,33.142,6.818,0.481,1.931,348.184,974.186,11.616,0.69,348.184,33.142,6.818,0.481,1.931,974.186,1.165,0.07,0.0,,0.0,0.0,0.0,0.0,0.0,0.673,-22.326,36.253,-2.951,10.266,20.185,5180.36,,,0.0,0.0,,0.0,0.0,0.0,0.0,0.0,0.0,2997.407,1981713.0,28.317,348.184,11.616,33.142,6.818,0.481,1.931,974.186,0.0,,0.0,0.0,0.0,0.0,0.0,0.0,,0.0,0.0,0.0,0.0,0.0
MKD,North Macedonia,1995,5.671,0.698,,,,,0.672,0.19,0.0,0.0,,,,,,,86.297,3.142,58.326,0.507,16.627,2667.327,8383.819,13.015,6562.535,6.25,0.0,5.29,5.33,0.0,0.8,0.0,0.04,0.0,0.0,0.8,0.0,0.0,6.13,,2.073,14374.112,-0.395,92.195,-0.104,26.283,13252.232,2687.496,86.949,13754777966.0,0.0,,0.0,0.0,0.0,0.0,0.0,,,13.051,15.252,7.805,0.294,2.225,403.376,1121.892,13.051,0.8,403.376,15.252,7.805,0.294,2.225,1121.892,1.92,0.12,0.0,,0.0,0.0,0.0,0.0,0.0,0.653,-5.948,33.869,-0.611,9.655,20.169,4868.413,,,0.0,0.0,,0.0,0.0,0.0,0.0,0.0,0.0,3090.872,1983259.0,28.508,403.376,13.051,15.252,7.805,0.294,2.225,1121.892,0.0,,0.0,0.0,0.0,0.0,0.0,0.0,,0.0,0.0,0.0,0.0,0.0
MKD,North Macedonia,1996,-1.435,-0.187,,,,,16.208,4.62,0.0,0.0,,,,,,,86.145,-3.246,48.562,-0.54,16.088,2875.18,8086.507,12.828,6448.284,6.61,0.0,5.72,5.79,0.0,0.85,0.0,0.07,0.0,0.0,0.85,0.0,0.0,6.64,,2.369,16651.908,17.062,92.873,4.484,30.767,15465.099,2910.365,87.199,13985296878.0,0.0,,0.0,0.0,0.0,0.0,0.0,,,12.801,6.117,7.127,0.136,2.361,427.256,1186.822,12.801,0.85,427.256,6.117,7.127,0.136,2.361,1186.822,-0.454,-0.03,0.0,,0.0,0.0,0.0,0.0,0.0,1.054,52.033,44.311,5.024,14.679,35.186,7378.592,,,0.0,0.0,,0.0,0.0,0.0,0.0,0.0,0.0,3337.621,1989441.0,33.128,427.256,12.801,6.117,7.127,0.136,2.361,1186.822,0.0,,0.0,0.0,0.0,0.0,0.0,0.0,,0.0,0.0,0.0,0.0,0.0
MKD,North Macedonia,1997,-6.228,-0.799,,,,,-9.888,-3.276,0.0,0.0,,,,,,,85.587,-6.469,50.404,-1.041,15.047,2880.593,7524.974,12.03,6015.992,6.8,0.0,5.76,5.83,0.0,0.9,0.0,0.07,0.0,0.0,0.9,0.0,0.0,6.73,,2.095,14929.241,-11.098,91.625,-3.415,27.352,13678.994,2915.601,86.627,14249369122.0,0.0,,0.0,0.0,0.0,0.0,0.0,,,13.373,5.882,8.375,0.139,2.5,450.093,1250.259,13.373,0.9,450.093,5.882,8.375,0.139,2.5,1250.259,1.029,0.07,0.0,,0.0,0.0,0.0,0.0,0.0,1.04,-16.171,41.221,-2.374,12.305,35.007,6154.02,,,0.0,0.0,,0.0,0.0,0.0,0.0,0.0,0.0,3365.693,1999588.0,29.852,450.093,13.373,5.882,8.375,0.139,2.5,1250.259,0.0,,0.0,0.0,0.0,0.0,0.0,0.0,,0.0,0.0,0.0,0.0,0.0
MKD,North Macedonia,1998,22.03,2.65,,,,,12.989,3.878,0.0,0.0,,,,,,,83.83,29.298,57.68,4.408,19.455,2937.3,9669.369,14.68,7295.829,7.05,0.0,5.91,5.97,0.0,1.08,0.0,0.06,0.0,0.0,1.08,0.0,0.0,7.05,,2.281,16763.932,12.318,91.081,3.369,30.722,15268.787,2967.12,84.681,14789551333.0,0.0,,0.568,0.192,0.191,0.0,95.177,,,15.319,20.333,8.919,0.508,3.008,536.765,1495.158,15.319,1.08,536.765,20.333,8.919,0.508,3.008,1495.158,0.0,0.0,0.0,,0.0,0.0,0.0,0.0,0.0,0.851,-10.001,32.834,-1.231,11.075,29.82,5504.242,,,0.0,0.0,,0.0,0.0,0.0,0.0,0.0,0.0,3503.886,2012052.0,33.73,536.765,15.319,20.333,8.919,0.508,3.008,1495.158,0.0,,0.0,0.0,0.0,0.0,0.0,0.0,,0.0,0.0,0.0,0.0,0.0
MKD,North Macedonia,1999,-9.797,-1.438,,,,,-4.373,-1.475,0.0,0.0,,,,,,,79.3,-12.79,52.602,-2.488,16.967,2687.225,8381.231,13.241,6540.94,6.76,0.0,5.44,5.47,0.0,1.39,0.0,0.03,0.0,0.0,1.39,0.0,0.0,6.86,,2.08,15933.19,-7.568,88.038,-2.325,28.397,14027.281,2702.045,79.738,15508166868.0,0.0,85.0,1.098,0.163,0.354,0.0,175.003,,,20.262,28.255,11.962,0.85,3.858,686.626,1905.923,20.262,1.39,686.626,28.255,11.962,0.85,3.858,1905.923,-1.479,-0.1,0.0,,0.0,0.0,0.0,0.0,0.0,0.437,0.007,34.337,0.001,11.076,14.819,5471.047,,,0.0,0.0,,0.0,0.0,0.0,0.0,0.0,0.0,3388.67,2024393.0,32.255,686.626,20.262,28.255,11.962,0.85,3.858,1905.923,0.0,,0.0,0.0,0.0,0.0,0.0,0.0,,0.0,0.0,0.0,0.0,0.0
MKD,North Macedonia,2000,1.912,0.253,,,,,-5.013,-1.617,0.0,0.0,,,,,,675.477,76.505,-8.38,50.738,-1.422,15.545,2560.419,7639.489,13.495,6631.826,6.92,0.0,5.21,5.64,0.0,1.17,0.0,0.43,0.0,0.0,1.17,0.0,0.0,6.81,4.6,1.879,15056.857,-3.552,89.392,-1.009,27.388,13459.677,2771.74,82.819,16307994827.0,0.0,62.162,1.875,0.22,0.574,0.0,282.334,,,17.181,-15.767,10.608,-0.608,3.25,574.989,1597.192,17.181,1.17,574.989,-15.767,10.608,-0.608,3.25,1597.192,1.59,0.11,0.0,,0.0,0.0,0.0,0.0,0.0,6.314,1.743,36.78,0.193,11.269,211.321,5537.854,,,0.0,0.0,,0.0,0.0,0.0,0.0,0.0,0.0,3346.728,2034823.0,30.638,574.989,17.181,-15.767,10.608,-0.608,3.25,1597.192,0.0,,0.0,0.0,0.0,0.0,0.0,0.0,,0.0,0.0,0.0,0.0,0.0
MKD,North Macedonia,2001,7.85,1.059,,,,,-5.63,-1.725,0.0,0.0,,,,,,739.403,87.441,10.569,59.447,1.643,17.188,2726.591,8413.762,14.554,7124.335,6.8,0.0,5.57,5.74,0.0,0.63,0.0,0.17,0.0,0.0,0.63,0.0,0.0,6.37,4.71,1.818,14153.361,-0.739,94.025,-0.203,27.186,13307.689,2809.808,90.11,15900560291.0,0.0,33.333,2.649,0.192,0.766,0.0,374.968,,,9.89,-46.843,5.975,-1.522,1.728,308.394,845.683,9.89,0.63,308.394,-46.843,5.975,-1.522,1.728,845.683,6.324,0.43,0.0,,0.0,0.0,0.0,0.0,0.0,2.669,-18.077,31.929,-2.037,9.232,83.217,4518.96,,,0.0,0.0,,0.0,0.0,0.0,0.0,0.0,0.0,3118.202,2042844.0,28.913,308.394,9.89,-46.843,5.975,-1.522,1.728,845.683,0.0,,0.0,0.0,0.0,0.0,0.0,0.0,,0.0,0.0,0.0,0.0,0.0
MKD,North Macedonia,2002,-6.489,-0.944,,,,,-2.371,-0.686,0.0,0.0,,,,,,717.57,84.072,-13.064,52.936,-2.245,14.943,2498.866,7292.881,13.61,6642.251,6.88,0.0,5.12,5.33,0.0,0.76,0.0,0.21,0.0,0.0,0.76,0.0,0.0,6.09,4.37,1.739,13776.75,-3.802,92.647,-1.034,26.152,12763.721,2601.359,87.521,16235361937.0,0.0,2.5,2.781,0.019,0.785,0.0,383.201,,,12.479,20.146,7.353,0.348,2.076,370.925,1013.04,12.479,0.76,370.925,20.146,7.353,0.348,2.076,1013.04,11.483,0.79,0.0,,0.0,0.0,0.0,0.0,0.0,3.448,12.92,36.929,1.193,10.424,102.493,5087.639,,,0.0,0.0,,0.0,0.0,0.0,0.0,0.0,0.0,2972.285,2048929.0,28.228,370.925,12.479,20.146,7.353,0.348,2.076,1013.04,0.0,,0.0,0.0,0.0,0.0,0.0,0.0,,0.0,0.0,0.0,0.0,0.0
MKD,North Macedonia,2003,-2.612,-0.355,,,,,12.422,3.507,0.0,0.0,,,,,,656.761,79.346,15.144,54.218,2.263,17.205,2600.532,8378.91,13.254,6454.58,7.68,0.0,5.34,5.36,0.0,1.37,0.0,0.02,0.0,0.0,1.37,0.0,0.0,6.73,4.42,1.901,15454.223,7.032,88.204,1.839,27.991,13631.296,2610.272,79.643,16692703771.0,0.0,-10.976,2.203,-0.086,0.699,0.0,340.395,,,20.357,80.342,11.796,1.668,3.743,667.178,1822.94,20.357,1.37,667.178,80.342,11.796,1.668,3.743,1822.94,12.37,0.95,0.0,,0.0,0.0,0.0,0.0,0.0,0.297,-3.241,31.784,-0.338,10.086,9.74,4911.992,,,0.0,0.0,,0.0,0.0,0.0,0.0,0.0,0.0,3277.449,2053426.0,31.734,667.178,20.357,80.342,11.796,1.668,3.743,1822.94,0.0,,0.0,0.0,0.0,0.0,0.0,0.0,,0.0,0.0,0.0,0.0,0.0
MKD,North Macedonia,2004,-1.856,-0.246,,,,,-1.31,-0.416,0.0,0.0,,,,,,642.643,77.477,-4.971,52.206,-0.855,16.35,2508.454,7948.379,13.008,6323.65,7.84,0.0,5.16,5.18,0.0,1.48,0.0,0.02,0.0,0.0,1.48,0.0,0.0,6.66,4.28,1.783,15224.881,-2.445,87.19,-0.684,27.306,13274.625,2518.177,77.778,17567377178.0,0.0,-2.715,2.171,-0.019,0.68,0.0,330.572,,,22.222,7.173,12.81,0.269,4.012,719.479,1950.268,22.222,1.48,719.479,7.173,12.81,0.269,4.012,1950.268,15.051,1.18,0.0,,0.0,0.0,0.0,0.0,0.0,0.3,1.883,32.813,0.19,10.276,9.723,4995.675,,,0.0,0.0,,0.0,0.0,0.0,0.0,0.0,0.0,3237.656,2057044.0,31.318,719.479,22.222,7.173,12.81,0.269,4.012,1950.268,0.0,,0.0,0.0,0.0,0.0,0.0,0.0,,0.0,0.0,0.0,0.0,0.0
MKD,North Macedonia,2005,-5.024,-0.654,,,,,3.096,0.97,0.0,0.0,,,,,,649.856,78.386,3.767,52.546,0.616,16.966,2640.418,8234.83,12.354,5996.506,8.54,0.0,5.44,5.45,0.0,1.49,0.0,0.01,0.0,0.0,1.49,0.0,0.0,6.94,4.51,1.747,15671.618,3.546,87.57,0.968,28.275,13723.694,2645.272,78.53,18483239983.0,0.0,6.914,2.252,0.047,0.727,0.0,352.872,,,21.47,0.038,12.43,0.002,4.013,723.203,1947.936,21.47,1.49,723.203,0.038,12.43,0.002,4.013,1947.936,18.735,1.6,0.0,,0.0,0.0,0.0,0.0,0.0,0.144,2.971,32.773,0.305,10.582,4.854,5135.992,,,0.0,0.0,,0.0,0.0,0.0,0.0,0.0,0.0,3368.474,2060280.0,32.288,723.203,21.47,0.038,12.43,0.002,4.013,1947.936,0.0,,0.0,0.0,0.0,0.0,0.0,0.0,,0.0,0.0,0.0,0.0,0.0
MKD,North Macedonia,2006,-3.517,-0.434,,,,,1.601,0.517,0.0,0.0,,,,,,629.101,72.896,-2.824,50.258,-0.479,16.487,2476.817,7991.194,11.92,5777.615,8.8,0.0,5.11,5.36,0.0,1.65,0.0,0.25,0.0,0.0,1.65,0.0,0.0,7.01,4.41,1.681,15900.48,0.424,86.556,0.12,28.394,13762.781,2597.992,76.462,19516265375.0,0.0,7.093,2.373,0.052,0.779,0.0,377.379,,,23.538,9.894,13.444,0.397,4.41,799.755,2137.711,23.538,1.65,799.755,9.894,13.444,0.397,4.41,2137.711,20.341,1.79,0.0,,0.0,0.0,0.0,0.0,0.0,3.566,5.173,33.925,0.547,11.129,121.175,5394.209,,,0.0,0.0,,0.0,0.0,0.0,0.0,0.0,0.0,3397.747,2063132.0,32.805,799.755,23.538,9.894,13.444,0.397,4.41,2137.711,0.0,,0.0,0.0,0.0,0.0,0.0,0.0,,0.0,0.0,0.0,0.0,0.0
MKD,North Macedonia,2007,-1.958,-0.233,,,,,-0.418,-0.137,0.0,0.0,,,,,,687.692,77.077,2.613,51.787,0.431,16.918,2425.671,8190.977,11.687,5658.24,8.99,0.0,5.01,5.49,0.0,1.01,0.0,0.48,0.0,0.0,1.01,0.0,0.0,6.5,4.47,1.566,15816.506,5.601,91.788,1.59,29.985,14517.591,2658.07,84.462,20864536611.0,0.0,27.595,3.041,0.215,0.993,0.0,480.988,,,15.538,-39.17,8.212,-1.728,2.683,489.007,1298.927,15.538,1.01,489.007,-39.17,8.212,-1.728,2.683,1298.927,27.697,2.49,0.0,,0.0,0.0,0.0,0.0,0.0,7.385,8.488,36.959,0.945,12.074,232.4,5845.627,,,0.0,0.0,,0.0,0.0,0.0,0.0,0.0,0.0,3147.078,2065408.0,32.668,489.007,15.538,-39.17,8.212,-1.728,2.683,1298.927,0.0,,0.0,0.0,0.0,0.0,0.0,0.0,,0.0,0.0,0.0,0.0,0.0
MKD,North Macedonia,2008,17.222,2.013,,,,,-3.304,-1.079,0.0,0.0,,,,,,711.569,83.835,2.484,54.887,0.42,17.338,2558.882,8386.695,13.699,6626.621,9.04,0.0,5.29,5.47,0.0,0.84,0.0,0.18,0.0,0.0,0.84,0.0,0.0,6.31,4.49,1.43,15279.793,-2.097,92.934,-0.629,29.356,14200.096,2645.952,86.688,22095099025.0,0.0,13.702,3.576,0.136,1.13,0.0,546.388,,,13.312,-17.348,7.02,-0.465,2.217,406.325,1072.599,13.312,0.84,406.325,-17.348,7.02,-0.465,2.217,1072.599,30.199,2.73,0.0,,0.0,0.0,0.0,0.0,0.0,2.853,-9.815,34.47,-1.185,10.889,87.07,5267.013,,,0.0,0.0,,0.0,0.0,0.0,0.0,0.0,0.0,3052.277,2067309.0,31.588,406.325,13.312,-17.348,7.02,-0.465,2.217,1072.599,0.0,,0.0,0.0,0.0,0.0,0.0,0.0,,0.0,0.0,0.0,0.0,0.0
MKD,North Macedonia,2009,-2.674,-0.366,,,,,-1.719,-0.543,0.0,0.0,,,,,,668.622,77.713,-10.312,50.088,-1.788,15.55,2561.587,7515.62,13.333,6444.083,8.26,0.0,5.3,5.55,0.0,1.27,0.0,0.25,0.0,0.0,1.27,0.0,0.0,6.82,4.56,1.404,15004.705,-5.67,89.197,-1.665,27.691,13383.783,2682.416,81.378,22109682440.0,0.0,-33.743,2.411,-0.381,0.748,0.0,361.717,,,18.622,50.257,10.732,1.114,3.332,613.814,1610.316,18.622,1.27,613.814,50.257,10.732,1.114,3.332,1610.316,17.433,1.44,0.0,,0.0,0.0,0.0,0.0,0.0,3.666,4.633,36.698,0.504,11.393,120.83,5506.446,,,0.0,0.0,,0.0,0.0,0.0,0.0,0.0,0.0,3296.231,2069030.0,31.045,613.814,18.622,50.257,10.732,1.114,3.332,1610.316,0.0,,0.0,0.0,0.0,0.0,0.0,0.0,,0.0,0.0,0.0,0.0,0.0
MKD,North Macedonia,2010,-9.453,-1.26,,,,,7.848,2.437,0.0,0.0,,,,,,550.964,65.289,-3.169,44.972,-0.493,15.057,2289.04,7271.459,12.073,5830.096,8.68,0.0,4.74,4.83,0.03,2.43,0.0,0.06,0.0,0.0,2.43,0.0,0.0,7.26,4.0,1.458,16169.004,-1.998,81.053,-0.553,27.138,13105.542,2332.503,66.529,22959145644.0,0.413,48.12,3.311,0.36,1.109,14.488,535.335,,,33.471,90.243,18.931,3.007,6.339,1173.495,3060.988,33.471,2.43,1173.495,90.245,18.931,3.007,6.339,3061.021,16.359,1.42,0.0,,0.0,0.0,0.0,0.0,0.0,0.826,-3.693,32.771,-0.421,10.972,28.975,5298.748,,,0.0,0.0,,0.0,0.0,0.0,0.0,0.0,0.0,3505.998,2070737.0,33.482,1173.495,33.471,90.245,18.931,3.007,6.339,3061.021,0.0,,0.0,0.0,0.0,0.0,0.033,0.0,,0.0,0.0,0.0,0.0,0.0
MKD,North Macedonia,2011,22.085,2.666,,,,,0.257,0.086,0.0,0.0,,,,,,644.97,76.479,14.208,51.229,2.139,17.197,2494.592,8297.576,14.739,7111.681,9.44,0.0,5.17,5.33,0.09,1.43,0.0,0.07,0.0,0.0,1.43,0.0,0.0,6.76,4.36,1.422,16196.904,9.985,88.918,2.71,29.848,14401.988,2571.794,78.846,23603469888.0,1.331,15.695,3.821,0.174,1.283,43.426,618.834,,,21.154,-41.412,11.063,-2.625,3.714,689.994,1791.846,21.154,1.43,689.994,-41.365,11.072,-2.622,3.717,1793.307,28.39,2.68,0.0,,0.0,0.0,0.0,0.0,0.0,1.036,3.613,33.868,0.396,11.369,33.776,5485.578,,,0.0,0.0,,0.0,0.0,0.0,0.0,0.0,0.0,3261.788,2072483.0,33.568,689.994,21.154,-41.365,11.072,-2.622,3.717,1793.307,0.0,4367.213,0.009,0.003,0.003,0.0,1.461,0.0,,0.0,0.0,0.0,0.0,0.0
MKD,North Macedonia,2012,-10.951,-1.614,,,,,-7.063,-2.371,0.0,0.0,,,,,,669.329,77.157,-5.871,51.886,-1.01,16.187,2328.526,7803.675,13.125,6327.384,8.93,0.0,4.83,5.22,0.3,1.04,0.0,0.09,0.0,0.0,1.04,0.0,0.0,6.26,4.19,1.328,15039.9,-4.497,91.373,-1.342,28.506,13742.447,2516.543,83.387,23487101176.0,4.792,3.768,4.266,0.048,1.331,144.629,641.596,,,16.613,-27.795,8.595,-1.032,2.681,501.38,1292.677,16.613,1.04,501.38,-27.658,8.618,-1.028,2.689,1296.199,29.899,2.67,0.0,,0.0,0.0,0.0,0.0,0.0,1.438,-3.351,35.221,-0.381,10.988,43.389,5297.176,,,0.0,0.0,,0.0,0.0,0.0,0.0,0.0,0.0,3017.923,2074274.0,31.197,501.38,16.613,-27.658,8.618,-1.028,2.689,1296.199,0.0,141.284,0.023,0.004,0.007,0.0,3.522,0.0,,0.0,0.0,0.0,0.0,0.0
MKD,North Macedonia,2013,-8.536,-1.12,,,,,-4.285,-1.337,0.0,0.0,,,,,,591.133,66.174,-16.35,45.346,-2.647,13.54,1941.172,6522.136,12.004,5782.27,8.52,0.0,4.03,4.5,0.36,1.58,0.0,0.11,0.0,0.0,1.59,0.01,0.0,6.09,3.6,1.235,14382.979,-9.593,86.306,-2.735,25.771,12413.398,2167.562,73.892,24174659808.0,5.911,13.206,5.046,0.176,1.507,173.405,725.699,,,25.944,51.242,13.581,1.374,4.055,761.055,1953.378,26.108,1.59,765.872,51.692,13.659,1.39,4.079,1964.537,28.521,2.43,0.0,,0.0,0.0,0.0,0.0,0.0,1.806,-2.4,35.914,-0.264,10.724,52.985,5165.563,,,0.0,0.0,,0.0,0.0,0.0,0.0,0.0,0.0,2933.434,2076065.0,29.86,765.872,26.108,51.692,13.659,1.39,4.079,1964.537,0.164,217.11,0.078,0.016,0.023,4.817,11.159,0.0,,0.0,0.0,0.0,0.0,0.0
MKD,North Macedonia,2014,0.663,0.08,,,,,-7.059,-2.108,0.0,0.0,,,,,,615.242,69.517,-7.471,45.145,-1.012,12.529,1799.998,6029.897,12.084,5815.775,8.34,0.0,3.74,4.09,0.2,1.21,0.0,0.15,0.0,0.0,1.29,0.01,0.07,5.38,3.31,1.107,13356.696,-5.081,88.142,-1.31,24.462,11772.904,1968.447,76.022,25062698397.0,3.717,-14.211,4.657,-0.214,1.292,96.257,622.059,,,22.491,-24.277,11.065,-0.985,3.071,582.352,1477.934,23.978,1.29,620.855,-19.402,11.845,-0.791,3.287,1582.062,35.492,2.96,0.0,,0.0,0.0,0.0,0.0,0.0,2.788,-0.782,38.34,-0.084,10.64,72.192,5120.948,,,0.0,0.0,,0.0,0.0,0.0,0.0,0.0,0.0,2589.302,2077780.0,27.752,620.855,23.978,-19.402,11.845,-0.791,3.287,1582.062,0.186,57.989,0.132,0.013,0.037,4.813,17.615,1.301,,0.648,0.18,0.18,33.69,86.513
MKD,North Macedonia,2015,-11.155,-1.348,,,,,5.007,1.39,0.354,9.618,,,,,,520.354,58.407,-9.835,38.764,-1.232,11.297,1587.046,5432.761,10.736,5163.172,8.16,0.02,3.3,3.62,0.18,1.87,0.0,0.14,0.0,0.02,2.03,0.02,0.12,5.65,2.94,1.119,14015.029,-1.862,82.376,-0.456,24.006,11545.011,1740.941,64.071,26042278697.0,3.186,0.732,4.468,0.009,1.302,86.566,626.141,,,33.097,53.656,16.191,1.648,4.718,899.326,2269.234,35.929,2.03,976.274,56.132,17.611,1.845,5.132,2468.256,30.76,2.51,0.0,,0.0,0.0,0.0,0.0,0.0,2.478,7.211,39.144,0.767,11.407,67.329,5486.109,,,0.0,9.618,,0.176,0.051,0.051,0.0,0.354,24.599,2717.215,2079335.0,29.142,976.274,35.929,56.132,17.611,1.845,5.132,2468.256,0.354,56.205,0.196,0.021,0.057,9.618,27.496,2.124,69.96,1.048,0.126,0.306,57.711,146.928
MKD,North Macedonia,2016,-14.935,-1.603,,,,,3.755,1.094,0.71,19.224,,,,,,493.783,51.332,-9.811,33.696,-1.108,10.188,1388.925,4896.457,9.133,4389.076,7.66,0.04,2.89,3.56,0.57,1.9,0.0,0.1,0.0,0.04,2.07,0.02,0.11,5.63,2.78,1.133,14531.437,4.301,82.809,1.032,25.038,12033.395,1710.925,63.233,26681432020.0,10.124,57.251,6.771,0.745,2.047,273.94,983.943,,,33.748,1.122,15.781,0.053,4.771,913.134,2293.136,36.767,2.07,994.836,1.26,17.188,0.065,5.197,2497.651,26.501,2.03,0.0,,0.0,0.0,0.0,0.0,0.0,1.776,12.232,42.343,1.395,12.803,48.06,6152.995,,,0.0,19.224,77.159,0.3,0.039,0.091,0.0,0.71,43.55,2705.76,2080746.0,30.236,994.836,36.767,1.26,17.188,0.065,5.197,2497.651,0.355,4.247,0.197,0.002,0.06,9.612,28.644,1.954,-9.88,0.911,-0.03,0.275,52.866,132.321
MKD,North Macedonia,2017,,,,,,,-3.443,-1.041,0.893,24.015,,,,,,587.5,60.536,9.301,38.143,0.948,11.136,1628.245,5348.665,,,7.58,0.05,3.39,4.31,0.83,1.11,0.0,0.09,0.0,0.05,1.29,0.02,0.11,5.6,3.29,1.083,14022.761,3.656,88.897,0.915,25.954,12465.8,2070.129,76.964,26969988530.0,14.821,28.597,9.018,0.585,2.633,398.656,1264.556,,,19.821,-41.827,9.507,-1.996,2.776,533.142,1333.192,23.036,1.29,619.598,-37.653,11.098,-1.957,3.24,1556.273,26.121,1.98,0.0,,0.0,0.0,0.0,0.0,0.0,1.607,-4.825,41.736,-0.618,12.185,43.228,5852.578,,,0.0,24.015,42.224,0.441,0.038,0.129,0.0,0.893,61.901,2689.727,2081996.0,29.195,619.598,23.036,-37.653,11.098,-1.957,3.24,1556.273,0.357,-0.374,0.203,-0.0,0.059,9.606,28.52,1.964,0.317,0.946,0.001,0.276,52.834,132.661
MKD,North Macedonia,2018,,,,,,,-0.477,-0.139,0.891,24.004,,,,,,499.109,50.802,-9.76,34.585,-1.087,10.049,1368.247,4824.431,,,7.53,0.05,2.85,3.65,0.75,1.79,0.0,0.05,0.0,0.05,1.96,0.02,0.1,5.61,2.8,1.049,13949.5,-6.872,83.184,-1.784,24.17,11603.738,1752.317,65.062,27703577041.0,13.369,-7.766,8.357,-0.204,2.428,360.065,1165.811,,,31.907,60.4,15.323,1.677,4.452,859.355,2137.458,34.938,1.96,940.97,50.768,16.813,1.645,4.885,2345.285,25.498,1.92,0.0,,0.0,0.0,0.0,0.0,0.0,0.891,-4.041,40.242,-0.492,11.693,24.004,5613.496,,,0.0,24.004,4.234,0.462,0.005,0.134,0.0,0.891,64.492,2693.287,2082957.0,29.056,940.97,34.938,50.768,16.813,1.645,4.885,2345.285,0.357,-4.615,0.195,-0.003,0.057,9.602,27.191,1.783,-12.411,0.833,-0.034,0.242,48.009,116.144
MKD,North Macedonia,2019,,,,,,,5.981,1.738,1.022,28.798,,,,,,584.327,59.796,18.513,38.674,1.86,11.909,1684.699,5716.216,,,7.7,0.06,3.51,4.53,0.96,1.16,0.0,0.06,0.0,0.06,1.34,0.02,0.1,5.87,3.43,,14780.323,13.635,89.191,3.295,27.466,13182.69,2174.27,77.172,,16.354,16.922,9.22,0.411,2.839,460.772,1362.762,,,19.761,-35.279,9.357,-1.571,2.882,556.767,1383.042,22.828,1.34,643.162,-31.884,10.806,-1.558,3.328,1597.137,23.766,1.83,0.0,,0.0,0.0,0.0,0.0,0.0,1.022,8.759,41.296,1.024,12.717,28.798,6103.713,,,0.0,28.798,1.572,0.443,0.002,0.136,0.0,1.022,65.491,2817.431,2083458.0,30.794,643.162,22.828,-31.884,10.806,-1.558,3.328,1597.137,0.341,1.55,0.187,0.001,0.058,9.599,27.606,1.704,4.205,0.819,0.01,0.252,47.997,120.998
MKD,North Macedonia,2020,,,,,,,-8.109,-2.497,1.124,28.799,,,,,,528.09,49.251,-16.228,35.257,-1.933,9.977,1262.372,4788.747,,,7.67,0.06,2.63,3.86,1.14,1.28,0.0,0.09,0.0,0.06,1.48,0.02,0.12,5.34,2.82,,13582.355,-10.224,87.138,-2.808,24.657,11835.335,1852.759,72.285,,21.348,14.243,11.463,0.404,3.244,547.188,1556.919,,,23.97,9.348,11.135,0.269,3.151,614.387,1512.383,27.715,1.48,710.384,9.349,12.859,0.311,3.639,1746.522,30.378,2.33,0.0,,0.0,0.0,0.0,0.0,0.0,1.685,-10.064,40.418,-1.28,11.437,43.199,5489.669,,,0.0,28.799,3.602,0.5,0.005,0.141,0.0,1.124,67.852,2563.144,2083379.0,28.297,710.384,27.715,9.349,12.859,0.311,3.639,1746.522,0.375,0.963,0.205,0.001,0.058,9.6,27.872,2.247,14.39,1.019,0.036,0.288,57.599,138.414
MKD,North Macedonia,2021,,,,,,,,,1.367,28.809,,,,,,444.191,35.535,,,,,749.041,,,,6.94,0.06,1.56,2.79,1.14,1.46,0.0,0.09,0.0,0.06,1.6,0.02,0.06,4.39,1.95,,,,,,,,1339.632,63.554,,25.968,,,,,547.376,,,,33.257,,,,,701.026,,36.446,1.6,768.248,,,,,,36.744,2.55,0.0,,,,,0.0,,2.05,,,,,43.214,,,,0.0,28.809,,,,,0.0,1.367,,2107.879,2082662.0,,768.248,36.446,,,,,,0.456,,,,,9.603,,1.367,,,,,28.809,
