iso_code,country,year,coal_prod_change_pct,coal_prod_change_twh,gas_prod_change_pct,gas_prod_change_twh,oil_prod_change_pct,oil_prod_change_twh,energy_cons_change_pct,energy_cons_change_twh,biofuel_share_elec,biofuel_elec_per_capita,biofuel_cons_change_pct,biofuel_share_energy,biofuel_cons_change_twh,biofuel_consumption,biofuel_cons_per_capita,carbon_intensity_elec,coal_share_elec,coal_cons_change_pct,coal_share_energy,coal_cons_change_twh,coal_consumption,coal_elec_per_capita,coal_cons_per_capita,coal_production,coal_prod_per_capita,electricity_demand,biofuel_electricity,coal_electricity,fossil_electricity,gas_electricity,hydro_electricity,nuclear_electricity,oil_electricity,other_renewable_exc_biofuel_electricity,other_renewable_electricity,renewables_electricity,solar_electricity,wind_electricity,electricity_generation,greenhouse_gas_emissions,energy_per_gdp,energy_per_capita,fossil_cons_change_pct,fossil_share_energy,fossil_cons_change_twh,fossil_fuel_consumption,fossil_energy_per_capita,fossil_cons_per_capita,fossil_share_elec,gdp,gas_share_elec,gas_cons_change_pct,gas_share_energy,gas_cons_change_twh,gas_consumption,gas_elec_per_capita,gas_energy_per_capita,gas_production,gas_prod_per_capita,hydro_share_elec,hydro_cons_change_pct,hydro_share_energy,hydro_cons_change_twh,hydro_consumption,hydro_elec_per_capita,hydro_energy_per_capita,low_carbon_share_elec,low_carbon_electricity,low_carbon_elec_per_capita,low_carbon_cons_change_pct,low_carbon_share_energy,low_carbon_cons_change_twh,low_carbon_consumption,low_carbon_energy_per_capita,net_elec_imports_share_demand,net_elec_imports,nuclear_share_elec,nuclear_cons_change_pct,nuclear_share_energy,nuclear_cons_change_twh,nuclear_consumption,nuclear_elec_per_capita,nuclear_energy_per_capita,oil_share_elec,oil_cons_change_pct,oil_share_energy,oil_cons_change_twh,oil_consumption,oil_elec_per_capita,oil_energy_per_capita,oil_production,oil_prod_per_capita,other_renewables_elec_per_capita_exc_biofuel,other_renewables_elec_per_capita,other_renewables_cons_change_pct,other_renewables_share_energy,other_renewables_cons_change_twh,other_renewable_consumption,other_renewables_share_elec_exc_biofuel,other_renewables_share_elec,other_renewables_energy_per_capita,per_capita_electricity,population,primary_energy_consumption,renewables_elec_per_capita,renewables_share_elec,renewables_cons_change_pct,renewables_share_energy,renewables_cons_change_twh,renewables_consumption,renewables_energy_per_capita,solar_share_elec,solar_cons_change_pct,solar_share_energy,solar_cons_change_twh,solar_consumption,solar_elec_per_capita,solar_energy_per_capita,wind_share_elec,wind_cons_change_pct,wind_share_energy,wind_cons_change_twh,wind_consumption,wind_elec_per_capita,wind_energy_per_capita
NOR,Norway,1900,,,,,,,,,,,,,,,,,,,,,,,,0.0,0.0,,,,,,,,,,,,,,,,,,,,,,,,,7245270000.0,,,,,,,,0.0,0.0,,,,,,,,,,,,,,,,,,,,,,,,,,,,,,,,0.0,0.0,,,,,,,,,,,2224417.0,,,,,,,,,,,,,,,,,,,,,,
NOR,Norway,1901,,0.0,,0.0,,0.0,,,,,,,,,,,,,,,,,,0.0,0.0,,,,,,,,,,,,,,,,,,,,,,,,,7376105000.0,,,,,,,,0.0,0.0,,,,,,,,,,,,,,,,,,,,,,,,,,,,,,,,0.0,0.0,,,,,,,,,,,2243179.0,,,,,,,,,,,,,,,,,,,,,,
NOR,Norway,1902,,0.0,,0.0,,0.0,,,,,,,,,,,,,,,,,,0.0,0.0,,,,,,,,,,,,,,,,,,,,,,,,,7434700000.0,,,,,,,,0.0,0.0,,,,,,,,,,,,,,,,,,,,,,,,,,,,,,,,0.0,0.0,,,,,,,,,,,2260150.0,,,,,,,,,,,,,,,,,,,,,,
NOR,Norway,1903,,0.0,,0.0,,0.0,,,,,,,,,,,,,,,,,,0.0,0.0,,,,,,,,,,,,,,,,,,,,,,,,,7527520000.0,,,,,,,,0.0,0.0,,,,,,,,,,,,,,,,,,,,,,,,,,,,,,,,0.0,0.0,,,,,,,,,,,2275294.0,,,,,,,,,,,,,,,,,,,,,,
NOR,Norway,1904,,0.0,,0.0,,0.0,,,,,,,,,,,,,,,,,,0.0,0.0,,,,,,,,,,,,,,,,,,,,,,,,,7552536000.0,,,,,,,,0.0,0.0,,,,,,,,,,,,,,,,,,,,,,,,,,,,,,,,0.0,0.0,,,,,,,,,,,2290541.0,,,,,,,,,,,,,,,,,,,,,,
NOR,Norway,1905,,0.0,,0.0,,0.0,,,,,,,,,,,,,,,,,,0.0,0.0,,,,,,,,,,,,,,,,,,,,,,,,,7670498000.0,,,,,,,,0.0,0.0,,,,,,,,,,,,,,,,,,,,,,,,,,,,,,,,0.0,0.0,,,,,,,,,,,2305889.0,,,,,,,,,,,,,,,,,,,,,,
NOR,Norway,1906,,0.0,,0.0,,0.0,,,,,,,,,,,,,,,,,,0.0,0.0,,,,,,,,,,,,,,,,,,,,,,,,,8107224000.0,,,,,,,,0.0,0.0,,,,,,,,,,,,,,,,,,,,,,,,,,,,,,,,0.0,0.0,,,,,,,,,,,2321340.0,,,,,,,,,,,,,,,,,,,,,,
NOR,Norway,1907,,0.017,,0.0,,0.0,,,,,,,,,,,,,,,,,,0.017,7.068,,,,,,,,,,,,,,,,,,,,,,,,,8237673000.0,,,,,,,,0.0,0.0,,,,,,,,,,,,,,,,,,,,,,,,,,,,,,,,0.0,0.0,,,,,,,,,,,2336895.0,,,,,,,,,,,,,,,,,,,,,,
NOR,Norway,1908,199.999,0.033,,0.0,,0.0,,,,,,,,,,,,,,,,,,0.05,21.064,,,,,,,,,,,,,,,,,,,,,,,,,8473752000.0,,,,,,,,0.0,0.0,,,,,,,,,,,,,,,,,,,,,,,,,,,,,,,,0.0,0.0,,,,,,,,,,,2352554.0,,,,,,,,,,,,,,,,,,,,,,
NOR,Norway,1909,-33.333,-0.017,,0.0,,0.0,,,,,,,,,,,,,,,,,,0.033,13.94,,,,,,,,,,,,,,,,,,,,,,,,,8620614000.0,,,,,,,,0.0,0.0,,,,,,,,,,,,,,,,,,,,,,,,,,,,,,,,0.0,0.0,,,,,,,,,,,2369920.0,,,,,,,,,,,,,,,,,,,,,,
NOR,Norway,1910,25.0,0.008,,0.0,,0.0,,,,,,,,,,,,,,,,,,0.041,17.285,,,,,,,,,,,,,,,,,,,,,,,,,9121184000.0,,,,,,,,0.0,0.0,,,,,,,,,,,,,,,,,,,,,,,,,,,,,,,,0.0,0.0,,,,,,,,,,,2389021.0,,,,,,,,,,,,,,,,,,,,,,
NOR,Norway,1911,339.999,0.14,,0.0,,0.0,,,,,,,,,,,,,,,,,,0.182,75.397,,,,,,,,,,,,,,,,,,,,,,,,,9476747000.0,,,,,,,,0.0,0.0,,,,,,,,,,,,,,,,,,,,,,,,,,,,,,,,0.0,0.0,,,,,,,,,,,2409884.0,,,,,,,,,,,,,,,,,,,,,,
NOR,Norway,1912,9.091,0.017,,0.0,,0.0,,,,,,,,,,,,,,,,,,0.198,81.486,,,,,,,,,,,,,,,,,,,,,,,,,9813150000.0,,,,,,,,0.0,0.0,,,,,,,,,,,,,,,,,,,,,,,,,,,,,,,,0.0,0.0,,,,,,,,,,,2432539.0,,,,,,,,,,,,,,,,,,,,,,
NOR,Norway,1913,37.5,0.074,,0.0,,0.0,,,,,,,,,,,,,,,,,,0.273,110.927,,,,,,,,,,,,,,,,,,,,,,,,,10803505000.0,,,,,,,,0.0,0.0,,,,,,,,,,,,,,,,,,,,,,,,,,,,,,,,0.0,0.0,,,,,,,,,,,2457013.0,,,,,,,,,,,,,,,,,,,,,,
NOR,Norway,1914,15.152,0.041,,0.0,,0.0,,,,,,,,,,,,,,,,,,0.314,126.462,,,,,,,,,,,,,,,,,,,,,,,,,10718592000.0,,,,,,,,0.0,0.0,,,,,,,,,,,,,,,,,,,,,,,,,,,,,,,,0.0,0.0,,,,,,,,,,,2481734.0,,,,,,,,,,,,,,,,,,,,,,
NOR,Norway,1915,-52.632,-0.165,,0.0,,0.0,,,,,,,,,,,,,,,,,,0.149,59.306,,,,,,,,,,,,,,,,,,,,,,,,,11008686000.0,,,,,,,,0.0,0.0,,,,,,,,,,,,,,,,,,,,,,,,,,,,,,,,0.0,0.0,,,,,,,,,,,2506703.0,,,,,,,,,,,,,,,,,,,,,,
NOR,Norway,1916,5.556,0.008,,0.0,,0.0,,,,,,,,,,,,,,,,,,0.157,61.977,,,,,,,,,,,,,,,,,,,,,,,,,12113166000.0,,,,,,,,0.0,0.0,,,,,,,,,,,,,,,,,,,,,,,,,,,,,,,,0.0,0.0,,,,,,,,,,,2531923.0,,,,,,,,,,,,,,,,,,,,,,
NOR,Norway,1917,31.579,0.05,,0.0,,0.0,,,,,,,,,,,,,,,,,,0.206,80.737,,,,,,,,,,,,,,,,,,,,,,,,,10933586000.0,,,,,,,,0.0,0.0,,,,,,,,,,,,,,,,,,,,,,,,,,,,,,,,0.0,0.0,,,,,,,,,,,2557397.0,,,,,,,,,,,,,,,,,,,,,,
NOR,Norway,1918,120.0,0.248,,0.0,,0.0,,,,,,,,,,,,,,,,,,0.454,175.852,,,,,,,,,,,,,,,,,,,,,,,,,10371294000.0,,,,,,,,0.0,0.0,,,,,,,,,,,,,,,,,,,,,,,,,,,,,,,,0.0,0.0,,,,,,,,,,,2583126.0,,,,,,,,,,,,,,,,,,,,,,
NOR,Norway,1919,23.636,0.107,,0.0,,0.0,,,,,,,,,,,,,,,,,,0.562,215.413,,,,,,,,,,,,,,,,,,,,,,,,,11986815000.0,,,,,,,,0.0,0.0,,,,,,,,,,,,,,,,,,,,,,,,,,,,,,,,0.0,0.0,,,,,,,,,,,2607155.0,,,,,,,,,,,,,,,,,,,,,,
NOR,Norway,1920,13.235,0.074,,0.0,,0.0,,,,,,,,,,,,,,,,,,0.636,241.855,,,,,,,,,,,,,,,,,,,,,,,,,12487265000.0,,,,,,,,0.0,0.0,,,,,,,,,,,,,,,,,,,,,,,,,,,,,,,,0.0,0.0,,,,,,,,,,,2629454.0,,,,,,,,,,,,,,,,,,,,,,
NOR,Norway,1921,41.558,0.264,,0.0,,0.0,,,,,,,,,,,,,,,,,,0.9,339.713,,,,,,,,,,,,,,,,,,,,,,,,,11264296000.0,,,,,,,,0.0,0.0,,,,,,,,,,,,,,,,,,,,,,,,,,,,,,,,0.0,0.0,,,,,,,,,,,2649993.0,,,,,,,,,,,,,,,,,,,,,,
NOR,Norway,1922,90.826,0.818,,0.0,,0.0,,,,,,,,,,,,,,,,,,1.718,643.705,,,,,,,,,,,,,,,,,,,,,,,,,12316150000.0,,,,,,,,0.0,0.0,,,,,,,,,,,,,,,,,,,,,,,,,,,,,,,,0.0,0.0,,,,,,,,,,,2668743.0,,,,,,,,,,,,,,,,,,,,,,
NOR,Norway,1923,10.577,0.182,,0.0,,0.0,,,,,,,,,,,,,,,,,,1.9,707.302,,,,,,,,,,,,,,,,,,,,,,,,,13212310000.0,,,,,,,,0.0,0.0,,,,,,,,,,,,,,,,,,,,,,,,,,,,,,,,0.0,0.0,,,,,,,,,,,2685672.0,,,,,,,,,,,,,,,,,,,,,,
NOR,Norway,1924,15.652,0.297,,0.0,,0.0,,,,,,,,,,,,,,,,,,2.197,812.854,,,,,,,,,,,,,,,,,,,,,,,,,13063723000.0,,,,,,,,0.0,0.0,,,,,,,,,,,,,,,,,,,,,,,,,,,,,,,,0.0,0.0,,,,,,,,,,,2702708.0,,,,,,,,,,,,,,,,,,,,,,
NOR,Norway,1925,7.519,0.165,,0.0,,0.0,,,,,,,,,,,,,,,,,,2.362,868.462,,,,,,,,,,,,,,,,,,,,,,,,,13001551000.0,,,,,,,,0.0,0.0,,,,,,,,,,,,,,,,,,,,,,,,,,,,,,,,0.0,0.0,,,,,,,,,,,2719852.0,,,,,,,,,,,,,,,,,,,,,,
NOR,Norway,1926,-20.28,-0.479,,0.0,,0.0,,,,,,,,,,,,,,,,,,1.883,687.976,,,,,,,,,,,,,,,,,,,,,,,,,13124250000.0,,,,,,,,0.0,0.0,,,,,,,,,,,,,,,,,,,,,,,,,,,,,,,,0.0,0.0,,,,,,,,,,,2737105.0,,,,,,,,,,,,,,,,,,,,,,
NOR,Norway,1927,39.912,0.752,,0.0,,0.0,,,,,,,,,,,,,,,,,,2.635,956.496,,,,,,,,,,,,,,,,,,,,,,,,,13852800000.0,,,,,,,,0.0,0.0,,,,,,,,,,,,,,,,,,,,,,,,,,,,,,,,0.0,0.0,,,,,,,,,,,2754467.0,,,,,,,,,,,,,,,,,,,,,,
NOR,Norway,1928,-13.793,-0.363,,0.0,,0.0,,,,,,,,,,,,,,,,,,2.271,819.368,,,,,,,,,,,,,,,,,,,,,,,,,14596185000.0,,,,,,,,0.0,0.0,,,,,,,,,,,,,,,,,,,,,,,,,,,,,,,,0.0,0.0,,,,,,,,,,,2771940.0,,,,,,,,,,,,,,,,,,,,,,
NOR,Norway,1929,-8.727,-0.198,,0.0,,0.0,,,,,,,,,,,,,,,,,,2.073,743.233,,,,,,,,,,,,,,,,,,,,,,,,,15598895000.0,,,,,,,,0.0,0.0,,,,,,,,,,,,,,,,,,,,,,,,,,,,,,,,0.0,0.0,,,,,,,,,,,2789197.0,,,,,,,,,,,,,,,,,,,,,,
NOR,Norway,1930,-25.1,-0.52,,0.0,,0.0,,,,,,,,,,,,,,,,,,1.553,553.304,,,,,,,,,,,,,,,,,,,,,,,,,16227267000.0,,,,,,,,0.0,0.0,,,,,,,,,,,,,,,,,,,,,,,,,,,,,,,,0.0,0.0,,,,,,,,,,,2806235.0,,,,,,,,,,,,,,,,,,,,,,
NOR,Norway,1931,29.255,0.454,,0.0,,0.0,,,,,,,,,,,,,,,,,,2.007,710.915,,,,,,,,,,,,,,,,,,,,,,,,,14958728000.0,,,,,,,,0.0,0.0,,,,,,,,,,,,,,,,,,,,,,,,,,,,,,,,0.0,0.0,,,,,,,,,,,2823051.0,,,,,,,,,,,,,,,,,,,,,,
NOR,Norway,1932,5.35,0.107,,0.0,,0.0,,,,,,,,,,,,,,,,,,2.114,744.572,,,,,,,,,,,,,,,,,,,,,,,,,15704892000.0,,,,,,,,0.0,0.0,,,,,,,,,,,,,,,,,,,,,,,,,,,,,,,,0.0,0.0,,,,,,,,,,,2839642.0,,,,,,,,,,,,,,,,,,,,,,
NOR,Norway,1933,15.234,0.322,,0.0,,0.0,,,,,,,,,,,,,,,,,,2.436,853.087,,,,,,,,,,,,,,,,,,,,,,,,,16099114000.0,,,,,,,,0.0,0.0,,,,,,,,,,,,,,,,,,,,,,,,,,,,,,,,0.0,0.0,,,,,,,,,,,2856004.0,,,,,,,,,,,,,,,,,,,,,,
NOR,Norway,1934,6.441,0.157,,0.0,,0.0,,,,,,,,,,,,,,,,,,2.593,902.829,,,,,,,,,,,,,,,,,,,,,,,,,16666326000.0,,,,,,,,0.0,0.0,,,,,,,,,,,,,,,,,,,,,,,,,,,,,,,,0.0,0.0,,,,,,,,,,,2872461.0,,,,,,,,,,,,,,,,,,,,,,
NOR,Norway,1935,-1.592,-0.041,,0.0,,0.0,,,,,,,,,,,,,,,,,,2.552,883.363,,,,,,,,,,,,,,,,,,,,,,,,,17498673000.0,,,,,,,,0.0,0.0,,,,,,,,,,,,,,,,,,,,,,,,,,,,,,,,0.0,0.0,,,,,,,,,,,2889012.0,,,,,,,,,,,,,,,,,,,,,,
NOR,Norway,1936,0.0,0.0,,0.0,,0.0,,,,,,,,,,,,,,,,,,2.552,878.302,,,,,,,,,,,,,,,,,,,,,,,,,18678528000.0,,,,,,,,0.0,0.0,,,,,,,,,,,,,,,,,,,,,,,,,,,,,,,,0.0,0.0,,,,,,,,,,,2905659.0,,,,,,,,,,,,,,,,,,,,,,
NOR,Norway,1937,-3.883,-0.099,,0.0,,0.0,,,,,,,,,,,,,,,,,,2.453,839.357,,,,,,,,,,,,,,,,,,,,,,,,,19510596000.0,,,,,,,,0.0,0.0,,,,,,,,,,,,,,,,,,,,,,,,,,,,,,,,0.0,0.0,,,,,,,,,,,2922401.0,,,,,,,,,,,,,,,,,,,,,,
NOR,Norway,1938,0.673,0.017,,0.0,,0.0,,,,,,,,,,,,,,,,,,2.469,840.168,,,,,,,,,,,,,,,,,,,,,,,,,19947184000.0,,,,,,,,0.0,0.0,,,,,,,,,,,,,,,,,,,,,,,,,,,,,,,,0.0,0.0,,,,,,,,,,,2939240.0,,,,,,,,,,,,,,,,,,,,,,
NOR,Norway,1939,4.348,0.107,,0.0,,0.0,,,,,,,,,,,,,,,,,,2.577,871.034,,,,,,,,,,,,,,,,,,,,,,,,,20911366000.0,,,,,,,,0.0,0.0,,,,,,,,,,,,,,,,,,,,,,,,,,,,,,,,0.0,0.0,,,,,,,,,,,2958350.0,,,,,,,,,,,,,,,,,,,,,,
NOR,Norway,1940,-13.782,-0.355,,0.0,,0.0,,,,,,,,,,,,,,,,,,2.222,745.591,,,,,,,,,,,,,,,,,,,,,,,,,19137201000.0,,,,,,,,0.0,0.0,,,,,,,,,,,,,,,,,,,,,,,,,,,,,,,,0.0,0.0,,,,,,,,,,,2979763.0,,,,,,,,,,,,,,,,,,,,,,
NOR,Norway,1941,-45.725,-1.016,,0.0,,0.0,,,,,,,,,,,,,,,,,,1.206,401.47,,,,,,,,,,,,,,,,,,,,,,,,,19596460000.0,,,,,,,,0.0,0.0,,,,,,,,,,,,,,,,,,,,,,,,,,,,,,,,0.0,0.0,,,,,,,,,,,3003513.0,,,,,,,,,,,,,,,,,,,,,,
NOR,Norway,1942,-100.0,-1.206,,0.0,,0.0,,,,,,,,,,,,,,,,,,0.0,0.0,,,,,,,,,,,,,,,,,,,,,,,,,18839349000.0,,,,,,,,0.0,0.0,,,,,,,,,,,,,,,,,,,,,,,,,,,,,,,,0.0,0.0,,,,,,,,,,,3029636.0,,,,,,,,,,,,,,,,,,,,,,
NOR,Norway,1943,,0.0,,0.0,,0.0,,,,,,,,,,,,,,,,,,0.0,0.0,,,,,,,,,,,,,,,,,,,,,,,,,18461848000.0,,,,,,,,0.0,0.0,,,,,,,,,,,,,,,,,,,,,,,,,,,,,,,,0.0,0.0,,,,,,,,,,,3058165.0,,,,,,,,,,,,,,,,,,,,,,
NOR,Norway,1944,,0.0,,0.0,,0.0,,,,,,,,,,,,,,,,,,0.0,0.0,,,,,,,,,,,,,,,,,,,,,,,,,17500140000.0,,,,,,,,0.0,0.0,,,,,,,,,,,,,,,,,,,,,,,,,,,,,,,,0.0,0.0,,,,,,,,,,,3086963.0,,,,,,,,,,,,,,,,,,,,,,
NOR,Norway,1945,,0.05,,0.0,,0.0,,,,,,,,,,,,,,,,,,0.05,15.903,,,,,,,,,,,,,,,,,,,,,,,,,19609304000.0,,,,,,,,0.0,0.0,,,,,,,,,,,,,,,,,,,,,,,,,,,,,,,,0.0,0.0,,,,,,,,,,,3116032.0,,,,,,,,,,,,,,,,,,,,,,
NOR,Norway,1946,1500.003,0.743,,0.0,,0.0,,,,,,,,,,,,,,,,,,0.793,252.075,,,,,,,,,,,,,,,,,,,,,,,,,21607570000.0,,,,,,,,0.0,0.0,,,,,,,,,,,,,,,,,,,,,,,,,,,,,,,,0.0,0.0,,,,,,,,,,,3145375.0,,,,,,,,,,,,,,,,,,,,,,
NOR,Norway,1947,250.0,1.982,,0.0,,0.0,,,,,,,,,,,,,,,,,,2.775,874.03,,,,,,,,,,,,,,,,,,,,,,,,,24538245000.0,,,,,,,,0.0,0.0,,,,,,,,,,,,,,,,,,,,,,,,,,,,,,,,0.0,0.0,,,,,,,,,,,3174994.0,,,,,,,,,,,,,,,,,,,,,,
NOR,Norway,1948,29.762,0.826,,0.0,,0.0,,,,,,,,,,,,,,,,,,3.601,1123.578,,,,,,,,,,,,,,,,,,,,,,,,,26244999000.0,,,,,,,,0.0,0.0,,,,,,,,,,,,,,,,,,,,,,,,,,,,,,,,0.0,0.0,,,,,,,,,,,3204892.0,,,,,,,,,,,,,,,,,,,,,,
NOR,Norway,1949,4.817,0.173,,0.0,,0.0,,,,,,,,,,,,,,,,,,3.774,1166.74,,,,,,,,,,,,,,,,,,,,,,,,,26945688000.0,,,,,,,,0.0,0.0,,,,,,,,,,,,,,,,,,,,,,,,,,,,,,,,0.0,0.0,,,,,,,,,,,3234985.0,,,,,,,,,,,,,,,,,,,,,,
NOR,Norway,1950,-20.35,-0.768,,0.0,,0.0,,,,,,,,,,,,,,,,,,3.006,920.687,,,,,,,,,,,,,,,,,,,,,,,,,28259665530.0,,,,,,,,0.0,0.0,,,,,,,,,,,,,,,,,,,,,,,,,,,,,,,,0.0,0.0,,,,,,,,,,,3265274.0,,,,,,,,,,,,,,,,,,,,,,
NOR,Norway,1951,29.121,0.875,,0.0,,0.0,,,,,,,,,,,,,,,,,,3.882,1176.021,,,,,,,,,,,,,,,,,,,,,,,,,29788082098.0,,,,,,,,0.0,0.0,,,,,,,,,,,,,,,,,,,,,,,,,,,,,,,,0.0,0.0,,,,,,,,,,,3300751.0,,,,,,,,,,,,,,,,,,,,,,
NOR,Norway,1952,-90.851,-3.527,,0.0,,0.0,,,,,,,,,,,,,,,,,,0.355,106.505,,,,,,,,,,,,,,,,,,,,,,,,,30838055376.0,,,,,,,,0.0,0.0,,,,,,,,,,,,,,,,,,,,,,,,,,,,,,,,0.0,0.0,,,,,,,,,,,3334477.0,,,,,,,,,,,,,,,,,,,,,,
NOR,Norway,1953,893.023,3.171,,0.0,,0.0,,,,,,,,,,,,,,,,,,3.527,1047.389,,,,,,,,,,,,,,,,,,,,,,,,,32062871520.0,,,,,,,,0.0,0.0,,,,,,,,,,,,,,,,,,,,,,,,,,,,,,,,0.0,0.0,,,,,,,,,,,3367054.0,,,,,,,,,,,,,,,,,,,,,,
NOR,Norway,1954,-20.141,-0.71,,0.0,,0.0,,,,,,,,,,,,,,,,,,2.816,828.599,,,,,,,,,,,,,,,,,,,,,,,,,33681103058.0,,,,,,,,0.0,0.0,,,,,,,,,,,,,,,,,,,,,,,,,,,,,,,,0.0,0.0,,,,,,,,,,,3398913.0,,,,,,,,,,,,,,,,,,,,,,
NOR,Norway,1955,-5.572,-0.157,,0.0,,0.0,,,,,,,,,,,,,,,,,,2.659,775.264,,,,,,,,,,,,,,,,,,,,,,,,,34424895996.0,,,,,,,,0.0,0.0,,,,,,,,,,,,,,,,,,,,,,,,,,,,,,,,0.0,0.0,,,,,,,,,,,3430335.0,,,,,,,,,,,,,,,,,,,,,,
NOR,Norway,1956,21.118,0.562,,0.0,,0.0,,,,,,,,,,,,,,,,,,3.221,930.525,,,,,,,,,,,,,,,,,,,,,,,,,36260716160.0,,,,,,,,0.0,0.0,,,,,,,,,,,,,,,,,,,,,,,,,,,,,,,,0.0,0.0,,,,,,,,,,,3461518.0,,,,,,,,,,,,,,,,,,,,,,
NOR,Norway,1957,-1.538,-0.05,,0.0,,0.0,,,,,,,,,,,,,,,,,,3.171,908.096,,,,,,,,,,,,,,,,,,,,,,,,,37353260786.0,,,,,,,,0.0,0.0,,,,,,,,,,,,,,,,,,,,,,,,,,,,,,,,0.0,0.0,,,,,,,,,,,3492445.0,,,,,,,,,,,,,,,,,,,,,,
NOR,Norway,1958,-25.0,-0.793,,0.0,,0.0,,,,,,,,,,,,,,,,,,2.379,675.156,,,,,,,,,,,,,,,,,,,,,,,,,37354294779.0,,,,,,,,0.0,0.0,,,,,,,,,,,,,,,,,,,,,,,,,,,,,,,,0.0,0.0,,,,,,,,,,,3523049.0,,,,,,,,,,,,,,,,,,,,,,
NOR,Norway,1959,-12.5,-0.297,,0.0,,0.0,,,,,,,,,,,,,,,,,,2.081,585.76,,,,,,,,,,,,,,,,,,,,,,,,,38928588407.0,,,,,,,,0.0,0.0,,,,,,,,,,,,,,,,,,,,,,,,,,,,,,,,0.0,0.0,,,,,,,,,,,3553129.0,,,,,,,,,,,,,,,,,,,,,,
NOR,Norway,1960,60.317,1.255,,0.0,,0.0,,,,,,,,,,,,,,,,,,3.337,931.374,,,,,,,,,,,,,,,,,,,,,,,,,41123367437.0,,,,,,,,0.0,0.0,,,,,,,,,,,,,,,,,,,,,,,,,,,,,,,,0.0,0.0,,,,,,,,,,,3582508.0,,,,,,,,,,,,,,,,,,,,,,
NOR,Norway,1961,-8.663,-0.289,,0.0,,0.0,,,,,,,,,,,,,,,,,,3.048,843.941,,,,,,,,,,,,,,,,,,,,,,,,,43700238800.0,,,,,,,,0.0,0.0,,,,,,,,,,,,,,,,,,,,,,,,,,,,,,,,0.0,0.0,,,,,,,,,,,3611139.0,,,,,,,,,,,,,,,,,,,,,,
NOR,Norway,1962,28.184,0.859,,0.0,,0.0,,,,,,,,,,,,,,,,,,3.907,1073.455,,,,,,,,,,,,,,,,,,,,,,,,,44929732893.0,,,,,,,,0.0,0.0,,,,,,,,,,,,,,,,,,,,,,,,,,,,,,,,0.0,0.0,,,,,,,,,,,3639213.0,,,,,,,,,,,,,,,,,,,,,,
NOR,Norway,1963,-19.239,-0.752,,0.0,,0.0,,,,,,,,,,,,,,,,,,3.155,860.338,,,,,,,,,,,,,,,,,,,,,,,,,46649388420.0,,,,,,,,0.0,0.0,,,,,,,,,,,,,,,,,,,,,,,,,,,,,,,,0.0,0.0,,,,,,,,,,,3667113.0,,,,,,,,,,,,,,,,,,,,,,
NOR,Norway,1964,15.707,0.496,,0.0,,0.0,,,,,,,,,,,,,,,,,,3.651,987.845,,,,,,,,,,,,,,,,,,,,,,,,,48972157784.0,,,,,,,,0.0,0.0,,,,,,,,,,,,,,,,,,,,,,,,,,,,,,,,0.0,0.0,,,,,,,,,,,3695417.0,,,,,,,,,,,,,,,,,,,,,,
NOR,Norway,1965,-3.62,-0.132,,0.0,,0.0,,,,,,,,,,,,,4.298,,8.877,,2383.55,3.518,944.663,,,,,,49.452,0.0,,,0.0,49.452,0.0,0.0,,,4.005,55460.597,,33.498,,69.194,18578.278,,,51573115356.0,,,0.0,,0.0,,0.0,0.0,0.0,,,66.502,,137.367,13277.64,36882.363,,49.452,13277.64,,66.502,,137.367,36882.363,,,,,0.0,,0.0,0.0,0.0,,,29.2,,60.317,,16194.728,0.0,0.0,,0.0,,0.0,,0.0,,,0.0,,3724457.0,206.561,13277.64,,,66.502,,137.367,36882.363,,,0.0,,0.0,0.0,0.0,,,0.0,,0.0,0.0,0.0
NOR,Norway,1966,1.878,0.066,,0.0,,0.0,2.468,5.098,,,,,,,,,,-7.927,3.862,-0.704,8.174,,2177.122,3.584,954.739,,,,,,48.744,0.0,,,0.0,48.744,0.0,0.0,,,3.955,56376.728,10.209,36.029,7.064,76.258,20311.951,,,53519228024.0,,,0.0,0.0,0.0,,0.0,0.0,0.0,,-1.432,63.971,-1.967,135.4,12983.325,36064.822,,48.744,12983.325,-1.432,63.971,-1.967,135.4,36064.822,,,,,0.0,0.0,0.0,0.0,0.0,,12.879,32.167,7.768,68.085,,18134.829,0.0,0.0,,0.0,,0.0,0.0,0.0,,,0.0,,3754354.0,211.658,12983.325,,-1.432,63.971,-1.967,135.4,36064.822,,,0.0,0.0,0.0,0.0,0.0,,,0.0,0.0,0.0,0.0,0.0
NOR,Norway,1967,-1.613,-0.058,,0.0,,0.0,7.31,15.472,,,,,,,,,,4.986,3.778,0.408,8.581,,2267.243,3.527,931.767,,,,,,53.301,0.0,,,0.0,53.301,0.0,0.0,,,3.994,60010.011,3.689,34.813,2.813,79.072,20891.524,,,56866005380.0,,,0.0,0.0,0.0,,0.0,0.0,0.0,,9.349,65.187,12.658,148.058,14082.661,39118.535,,53.301,14082.661,9.349,65.187,12.658,148.058,39118.535,,,,,0.0,0.0,0.0,0.0,0.0,,3.534,31.035,2.406,70.49,,18624.281,0.0,0.0,,0.0,,0.0,0.0,0.0,,,0.0,,3784867.0,227.13,14082.661,,9.349,65.187,12.658,148.058,39118.535,,,0.0,0.0,0.0,0.0,0.0,,,0.0,0.0,0.0,0.0,0.0
NOR,Norway,1968,-18.97,-0.669,,0.0,,0.0,11.996,27.247,,,,,,,,,,1.789,3.434,0.154,8.735,,2289.191,2.858,748.926,,,,,,60.205,0.0,,,0.0,60.205,0.0,0.0,,,4.375,66666.951,10.205,34.257,8.069,87.141,22837.869,,,58140197192.0,,,0.0,0.0,0.0,,0.0,0.0,0.0,,12.953,65.743,19.178,167.236,15778.476,43829.135,,60.205,15778.476,12.953,65.743,19.178,167.236,43829.135,,,,,0.0,0.0,0.0,0.0,0.0,,11.23,30.823,7.916,78.406,,20548.678,0.0,0.0,,0.0,,0.0,0.0,0.0,,,0.0,,3815641.0,254.377,15778.476,,12.953,65.743,19.178,167.236,43829.135,,,0.0,0.0,0.0,0.0,0.0,,,0.0,0.0,0.0,0.0,0.0
NOR,Norway,1969,11.272,0.322,,0.0,,0.0,0.357,0.908,,,,,,,,,,11.411,3.812,0.997,9.731,,2530.158,3.18,826.726,,,,,,57.371,0.0,,,0.0,57.371,0.0,0.0,,,4.201,66373.69,10.076,37.574,8.78,95.921,24939.348,,,60764566083.0,,,0.0,0.0,0.0,,0.0,0.0,0.0,,-4.707,62.426,-7.872,159.364,14916.37,41434.395,,57.371,14916.37,-4.707,62.426,-7.872,159.364,41434.395,,,,,0.0,0.0,0.0,0.0,0.0,,9.927,33.762,7.783,86.19,,22409.191,0.0,0.0,,0.0,,0.0,0.0,0.0,,,0.0,,3846177.0,255.285,14916.37,,-4.707,62.426,-7.872,159.364,41434.395,,,0.0,0.0,0.0,0.0,0.0,,,0.0,0.0,0.0,0.0,0.0
NOR,Norway,1970,25.714,0.818,,0.0,,0.0,4.801,12.257,,,,,,,,,,2.148,3.715,0.209,9.94,,2564.583,3.997,1031.303,,,,,,57.808,0.0,,,0.0,57.808,0.0,0.0,,,4.317,69024.361,11.513,39.98,11.043,106.964,27596.172,,,61972260438.0,,,0.0,0.0,0.0,,0.0,0.0,0.0,,0.762,60.02,1.214,160.578,14914.156,41428.245,,57.808,14914.156,0.762,60.02,1.214,160.578,41428.245,,,,,0.0,0.0,0.0,0.0,0.0,,12.57,36.265,10.834,97.024,,25031.589,0.0,0.0,,0.0,,0.0,0.0,0.0,,,0.0,,3876049.0,267.542,14914.156,,0.762,60.02,1.214,160.578,41428.245,,,0.0,0.0,0.0,0.0,0.0,,,0.0,0.0,0.0,0.0,0.0
NOR,Norway,1971,-99.174,-3.964,,0.0,,3.405,5.041,13.488,,,,,,,,,,-5.96,3.326,-0.592,9.348,,2393.696,0.033,8.459,,,,,,63.245,0.0,,,0.0,63.245,0.0,0.0,,,4.314,71961.503,-1.51,37.487,-1.615,105.349,26976.063,,,65149526988.0,,,0.0,0.0,0.0,,0.0,0.0,0.0,,9.405,62.513,15.103,175.681,16194.766,44985.498,,63.245,16194.766,9.405,62.513,15.103,175.681,44985.498,,,,,0.0,0.0,0.0,0.0,0.0,,-1.054,34.16,-1.023,96.001,,24582.367,3.405,871.908,,0.0,,0.0,0.0,0.0,,,0.0,,3905274.0,281.029,16194.766,,9.405,62.513,15.103,175.681,44985.498,,,0.0,0.0,0.0,0.0,0.0,,,0.0,0.0,0.0,0.0,0.0
NOR,Norway,1972,11725.024,3.873,,0.0,451.507,15.374,6.029,16.942,,,,,,,,,,8.577,3.406,0.802,10.15,,2580.2,3.907,993.087,,,,,,67.417,0.0,,,0.0,67.417,0.0,0.0,,,4.352,75747.899,5.081,37.152,5.353,110.702,28141.798,,,68469666636.0,,,0.0,0.0,0.0,,0.0,0.0,0.0,,6.597,62.848,11.589,187.27,17138.204,47606.161,,67.417,17138.204,6.597,62.848,11.589,187.27,47606.161,,,,,0.0,0.0,0.0,0.0,0.0,,4.741,33.746,4.551,100.552,,25561.598,18.779,4773.853,,0.0,,0.0,0.0,0.0,,,0.0,,3933726.0,297.971,17138.204,,6.597,62.848,11.589,187.27,47606.161,,,0.0,0.0,0.0,0.0,0.0,,,0.0,0.0,0.0,0.0,0.0
NOR,Norway,1973,-12.896,-0.504,,0.0,-3.295,-0.619,5.878,17.515,,,,,,,,,,7.503,3.459,0.762,10.911,,2754.824,3.403,859.1,,,,,,72.867,0.0,,,0.0,72.867,0.0,0.0,,,4.413,79652.074,2.146,35.842,2.376,113.078,28549.269,,,71489064650.0,,,0.0,0.0,0.0,,0.0,0.0,0.0,,8.084,64.158,15.139,202.408,18397.018,51102.868,,72.867,18397.018,8.084,64.158,15.139,202.408,51102.868,,,,,0.0,0.0,0.0,0.0,0.0,,1.606,32.384,1.614,102.167,,25794.445,18.16,4584.981,,0.0,,0.0,0.0,0.0,,,0.0,,3960805.0,315.486,18397.018,,8.084,64.158,15.139,202.408,51102.868,,,0.0,0.0,0.0,0.0,0.0,,,0.0,0.0,0.0,0.0,0.0
NOR,Norway,1974,11.893,0.405,,0.0,9.375,1.703,0.741,2.338,,,,,,,,,,10.868,3.806,1.186,12.097,,3035.103,3.807,955.262,,,,,,76.597,0.0,,,0.0,76.597,0.0,0.0,,,4.267,79740.492,-7.095,33.054,-8.023,105.055,26357.776,,,74488457278.0,,,0.0,0.0,0.0,,0.0,0.0,0.0,,5.119,66.946,10.361,212.77,19217.785,53382.78,,76.597,19217.785,5.119,66.946,10.361,212.77,53382.78,,,,,0.0,0.0,0.0,0.0,0.0,,-9.013,29.248,-9.209,92.958,,23322.673,19.863,4983.456,,0.0,,0.0,0.0,0.0,,,0.0,,3985735.0,317.824,19217.785,,5.119,66.946,10.361,212.77,53382.78,,,0.0,0.0,0.0,0.0,0.0,,,0.0,0.0,0.0,0.0,0.0
NOR,Norway,1975,-8.46,-0.322,,0.0,440.0,87.396,1.484,4.716,,,,,,,,,,-4.918,3.566,-0.595,11.502,,2869.773,3.485,869.585,,,,,,77.33,0.0,,,0.0,77.33,0.0,0.0,,,4.115,80473.636,2.551,33.402,2.68,107.735,26879.804,,,78383042280.0,,,0.0,0.0,0.0,,0.0,0.0,0.0,,0.957,66.598,2.036,214.806,19293.787,53593.896,,77.33,19293.787,0.957,66.598,2.036,214.806,53593.896,,,,,0.0,0.0,0.0,0.0,0.0,,3.523,29.836,3.275,96.233,,24010.031,107.259,26760.995,,0.0,,0.0,0.0,0.0,,,0.0,,4008026.0,322.54,19293.787,,0.957,66.598,2.036,214.806,53593.896,,,0.0,0.0,0.0,0.0,0.0,,,0.0,0.0,0.0,0.0,0.0
NOR,Norway,1976,24.408,0.851,,0.0,48.023,51.509,7.004,22.59,,,,,,,,,,-3.515,3.216,-0.404,11.098,,2755.537,4.336,1076.606,,,,,,81.933,0.0,,,0.0,81.933,0.0,0.0,,,4.159,85694.0,9.1,34.056,9.804,117.539,29184.258,,,82978992720.0,,,0.0,0.0,0.0,,0.0,0.0,0.0,,5.952,65.944,12.786,227.592,20343.515,56509.81,,81.933,20343.515,5.952,65.944,12.786,227.592,56509.81,,,,,0.0,0.0,0.0,0.0,0.0,,10.608,30.841,10.208,106.441,,26428.721,158.768,39421.265,,0.0,,0.0,0.0,0.0,,,0.0,,4027475.0,345.13,20343.515,,5.952,65.944,12.786,227.592,56509.81,,,0.0,0.0,0.0,0.0,0.0,,,0.0,0.0,0.0,0.0,0.0
NOR,Norway,1977,-16.762,-0.727,,26.35,2.586,4.106,-7.726,-26.665,,,,,,,,,,-13.898,3.0,-1.542,9.555,,2362.686,3.609,892.41,,,,,,72.022,0.0,,,0.0,72.022,0.0,0.0,,,3.681,78743.49,0.736,37.18,0.865,118.404,29276.516,,,86520543795.0,,,1.253,3.989,3.989,,986.341,26.35,6515.257,,-12.096,62.82,-27.531,200.061,17808.119,49467.038,,72.022,17808.119,-12.096,62.82,-27.531,200.061,49467.038,,,,,0.0,0.0,0.0,0.0,0.0,,-1.486,32.926,-1.582,104.859,,25927.488,162.874,40272.237,,0.0,,0.0,0.0,0.0,,,0.0,,4044335.0,318.465,17808.119,,-12.096,62.82,-27.531,200.061,49467.038,,,0.0,0.0,0.0,0.0,0.0,,,0.0,0.0,0.0,0.0,0.0
NOR,Norway,1978,-8.009,-0.289,434.888,114.593,24.042,39.158,12.222,38.921,,,,,,,,,,3.06,2.756,0.292,9.848,,2426.077,3.32,817.932,,,,,,80.706,0.0,,,0.0,80.706,0.0,0.0,,,3.991,88043.867,12.499,37.271,14.799,133.203,32815.251,,,89538340931.0,,67.93,1.874,2.71,6.699,,1650.303,140.942,34721.837,,12.057,62.729,24.122,224.184,19882.311,55228.687,,80.706,19882.311,12.057,62.729,24.122,224.184,55228.687,,,,,0.0,0.0,0.0,0.0,0.0,,11.25,32.642,11.797,116.656,,28738.871,202.032,49771.649,,0.0,,0.0,0.0,0.0,,,0.0,,4059186.0,357.386,19882.311,,12.057,62.729,24.122,224.184,55228.687,,,0.0,0.0,0.0,0.0,0.0,,,0.0,0.0,0.0,0.0,0.0
NOR,Norway,1979,-29.851,-0.991,45.554,64.205,12.249,24.747,6.975,24.927,,,,,,,,,,24.531,3.208,2.416,12.264,,3011.063,2.329,571.845,,,,,,88.698,0.0,,,0.0,88.698,0.0,0.0,,,4.087,93868.193,2.047,35.555,2.727,135.93,33374.507,,,93549788007.0,,14.236,2.002,0.954,7.653,,1878.905,205.147,50369.093,,9.903,64.445,22.2,246.384,21777.737,60493.762,,88.698,21777.737,9.903,64.445,22.2,246.384,60493.762,,,,,0.0,0.0,0.0,0.0,0.0,,-0.551,30.345,-0.642,116.014,,28484.539,226.779,55680.426,,0.0,,0.0,0.0,0.0,,,0.0,,4072875.0,382.313,21777.737,,9.903,64.445,22.2,246.384,60493.762,,,0.0,0.0,0.0,0.0,0.0,,,0.0,0.0,0.0,0.0,0.0
NOR,Norway,1980,1.69,0.039,21.377,43.855,28.463,64.548,-4.812,-18.396,,,,,,,,,,-7.433,3.119,-0.912,11.352,,2778.249,2.368,579.631,,,,,,83.613,0.0,,,0.0,83.613,0.0,0.0,,,3.707,89062.927,-3.142,36.178,-4.271,131.659,32221.456,,,98181534220.0,,7.447,2.259,0.57,8.222,,2012.304,249.002,60939.129,,-5.733,63.822,-14.125,232.259,20462.939,56841.542,,83.613,20462.939,-5.733,63.822,-14.125,232.259,56841.542,,,,,0.0,0.0,0.0,0.0,0.0,,-3.387,30.799,-3.929,112.084,,27430.902,291.327,71297.653,,0.0,,0.0,0.0,0.0,,,0.0,,4086070.0,363.917,20462.939,,-5.733,63.822,-14.125,232.259,56841.542,,,0.0,0.0,0.0,0.0,0.0,,,0.0,0.0,0.0,0.0,0.0
NOR,Norway,1981,42.361,1.003,-0.547,-1.362,-3.023,-8.807,5.391,19.617,,,,,,,,,,0.178,2.965,0.02,11.372,,2774.446,3.372,822.572,,,,,,92.834,0.0,,,0.0,92.834,0.0,0.0,,,3.869,93568.433,-4.555,32.764,-5.997,125.662,30657.05,,,99126694658.0,,22.914,2.635,1.884,10.106,,2465.612,247.64,60415.091,,11.028,67.236,25.614,257.872,22648.107,62911.457,,92.834,22648.107,11.028,67.236,25.614,257.872,62911.457,,,,,0.0,0.0,0.0,0.0,0.0,,-7.049,27.164,-7.901,104.184,,25416.992,282.52,68924.546,,0.0,,0.0,0.0,0.0,,,0.0,,4098974.0,383.535,22648.107,,11.028,67.236,25.614,257.872,62911.457,,,0.0,0.0,0.0,0.0,0.0,,,0.0,0.0,0.0,0.0,0.0
NOR,Norway,1982,7.317,0.247,-3.972,-9.837,3.866,10.923,-1.208,-4.634,,,,,,,,,,-3.823,2.887,-0.435,10.938,,2660.161,3.618,880.038,,,,,,92.499,0.0,,,0.0,92.499,0.0,0.0,,,3.814,92152.912,-2.947,32.188,-3.704,121.959,29661.802,,,99335072967.0,,7.94,2.879,0.802,10.909,,2653.18,237.803,57836.481,,-0.361,67.812,-0.931,256.942,22496.808,62491.183,,92.499,22496.808,-0.361,67.812,-0.931,256.942,62491.183,,,,,0.0,0.0,0.0,0.0,0.0,,-3.908,26.422,-4.071,100.112,,24348.461,293.443,71368.559,,0.0,,0.0,0.0,0.0,,,0.0,,4111650.0,378.901,22496.808,,-0.361,67.812,-0.931,256.942,62491.183,,,0.0,0.0,0.0,0.0,0.0,,,0.0,0.0,0.0,0.0,0.0
NOR,Norway,1983,14.091,0.51,-1.45,-3.449,24.438,71.712,9.745,36.923,,,,,,,,,,6.533,2.802,0.715,11.652,,2825.058,4.128,1000.894,,,,,,105.688,0.0,,,0.0,105.688,0.0,0.0,,,4.041,100815.77,0.235,29.398,0.287,122.246,29638.314,,,102897039168.0,,12.58,2.953,1.372,12.281,,2977.58,234.355,56818.954,,14.259,70.602,36.636,293.578,25623.893,71177.536,,105.688,25623.893,14.259,70.602,36.636,293.578,71177.536,,,,,0.0,0.0,0.0,0.0,0.0,,-1.798,23.643,-1.8,98.312,,23835.676,365.155,88531.163,,0.0,,0.0,0.0,0.0,,,0.0,,4124588.0,415.824,25623.893,,14.259,70.602,36.636,293.578,71177.536,,,0.0,0.0,0.0,0.0,0.0,,,0.0,0.0,0.0,0.0,0.0
NOR,Norway,1984,-10.159,-0.419,9.952,23.324,14.514,52.999,1.302,5.414,,,,,,,,,,12.137,3.102,1.414,13.066,,3157.461,3.709,896.238,,,,,,105.903,0.0,,,0.0,105.903,0.0,0.0,,,3.866,101790.897,3.94,30.164,4.817,127.063,30704.368,,,108971440495.0,,-3.788,2.805,-0.465,11.816,,2855.325,257.679,62267.34,,0.203,69.836,0.597,294.175,25591.16,71086.611,,105.903,25591.16,0.203,69.836,0.597,294.175,71086.611,,,,,0.0,0.0,0.0,0.0,0.0,,3.934,24.257,3.868,102.18,,24691.583,418.154,101045.713,,0.0,,0.0,0.0,0.0,,,0.0,,4138265.0,421.238,25591.16,,0.203,69.836,0.597,294.175,71086.611,,,0.0,0.0,0.0,0.0,0.0,,,0.0,0.0,0.0,0.0,0.0
NOR,Norway,1985,12.417,0.461,0.859,2.214,9.056,37.868,-0.984,-4.143,,,,,,,,,,-0.408,3.12,-0.053,13.013,,3133.349,4.169,1003.921,,,,,,102.383,0.0,,,0.005,102.388,0.0,0.0,103.292,,3.638,100429.503,4.424,31.811,5.621,132.684,31948.05,,,114639983752.0,,5.413,2.986,0.64,12.456,,2999.136,259.893,62577.831,99.12,-3.324,68.185,-9.778,284.397,24652.128,68478.189,99.125,102.388,24653.332,-3.319,68.189,-9.764,284.411,68481.533,,,0.0,,0.0,0.0,0.0,0.0,0.0,,4.927,25.705,5.035,107.215,,25815.566,456.022,109802.497,,1.204,,0.003,0.014,0.014,,0.005,3.344,24871.0,4153110.0,417.095,24653.332,99.125,-3.319,68.189,-9.764,284.411,68481.533,0.0,,0.0,0.0,0.0,0.0,0.0,0.0,,0.0,0.0,0.0,0.0,0.0
NOR,Norway,1986,-13.807,-0.576,-0.366,-0.952,9.75,44.464,-2.278,-9.503,,,,,,,,,,-10.88,2.845,-1.416,11.597,,2781.587,3.594,861.949,,,,,,96.201,0.0,,,0.026,96.227,0.0,0.0,97.284,,3.432,97759.847,5.736,34.42,7.611,140.295,33649.32,,,118764652383.0,,10.177,3.367,1.268,13.723,,3291.525,258.94,62106.168,98.887,-6.038,65.562,-17.172,267.225,23073.563,64093.283,98.913,96.227,23079.799,-6.017,65.58,-17.114,267.297,64110.605,,,0.0,,0.0,0.0,0.0,0.0,0.0,,7.237,28.208,7.759,114.974,,27576.208,500.486,120040.284,,6.236,420.0,0.018,0.058,0.072,,0.027,17.322,23333.318,4169317.0,407.592,23079.799,98.913,-6.017,65.58,-17.114,267.297,64110.605,0.0,,0.0,0.0,0.0,0.0,0.0,0.0,,0.0,0.0,0.0,0.0,0.0
NOR,Norway,1987,-8.696,-0.312,7.9,20.457,16.455,82.355,4.966,20.242,,,,,,,,,,-3.39,2.619,-0.393,11.204,,2675.967,3.281,783.678,,,,,,103.273,0.0,,,0.021,103.294,0.0,0.0,104.283,,3.53,102182.247,0.436,32.935,0.612,140.907,33653.567,,,121201514091.0,,10.085,3.531,1.384,15.107,,3608.188,279.398,66730.215,99.031,7.351,67.052,19.644,286.87,24665.319,68514.83,99.052,103.294,24670.335,7.344,67.065,19.631,286.928,68528.762,,,0.0,,0.0,0.0,0.0,0.0,0.0,,-0.33,26.785,-0.379,114.595,,27369.412,582.841,139203.385,,5.016,-19.231,0.014,-0.014,0.058,,0.02,13.932,24906.543,4186972.0,427.834,24670.335,99.052,7.344,67.065,19.631,286.928,68528.762,0.0,,0.0,0.0,0.0,0.0,0.0,0.0,,0.0,0.0,0.0,0.0,0.0
NOR,Norway,1988,-33.835,-1.11,0.635,1.773,13.697,79.831,2.979,12.743,,,,,,,,,,2.658,2.611,0.298,11.502,,2734.685,2.171,516.183,,,,,,108.857,0.0,,,0.027,108.884,0.0,0.0,110.02,,3.637,104750.758,-1.976,31.35,-2.785,138.122,32839.585,,,121152472994.0,,25.943,4.319,3.919,19.027,,4523.747,281.171,66850.624,98.943,5.407,68.633,15.511,302.381,25881.612,71893.425,98.967,108.884,25888.032,5.412,68.65,15.528,302.456,71911.257,,,0.0,,0.0,0.0,0.0,0.0,0.0,,-6.11,24.421,-7.002,107.593,,25581.153,662.672,157555.524,,6.419,28.571,0.017,0.017,0.075,,0.025,17.832,26158.125,4205959.0,440.577,25888.032,98.967,5.412,68.65,15.528,302.456,71911.257,0.0,,0.0,0.0,0.0,0.0,0.0,0.0,,0.0,0.0,0.0,0.0,0.0
NOR,Norway,1989,28.409,0.617,1.441,4.051,31.467,208.521,6.441,28.38,,,,,,,,,,-12.386,2.149,-1.425,10.077,,2384.538,2.788,659.665,,,,,,118.4,0.0,,,0.029,118.429,0.0,0.0,119.197,,3.834,110966.456,1.351,29.851,1.866,139.988,33124.454,,,122313001764.0,,10.758,4.494,2.047,21.074,,4986.512,285.222,67490.334,99.331,8.767,70.132,26.508,328.889,28016.268,77823.03,99.356,118.429,28023.13,8.766,70.149,26.514,328.97,77842.091,,,0.0,,0.0,0.0,0.0,0.0,0.0,,1.156,23.208,1.244,108.837,,25753.404,871.193,206145.008,,6.862,7.407,0.017,0.006,0.081,,0.024,19.061,28204.858,4226116.0,468.957,28023.13,99.356,8.766,70.149,26.514,328.97,77842.091,0.0,,0.0,0.0,0.0,0.0,0.0,0.0,,0.0,0.0,0.0,0.0,0.0
NOR,Norway,1990,-10.619,-0.296,-11.338,-32.338,9.657,84.131,0.99,4.642,0.173,49.443,,,,,,,0.033,-6.349,1.993,-0.64,9.438,9.418,2222.014,2.492,586.673,105.55,0.21,0.04,0.11,0.0,121.14,0.0,0.07,0.0,0.21,121.35,0.0,0.0,121.46,,3.793,111506.229,-2.496,28.82,-3.494,136.493,32136.616,25.899,0.091,124859204604.0,0.0,5.905,4.712,1.244,22.318,0.0,5254.647,252.884,59540.034,99.737,2.318,71.055,7.625,336.514,28521.743,79230.398,99.909,121.35,28571.186,2.473,71.18,8.136,337.106,79369.702,-15.073,-15.91,0.0,,0.0,0.0,0.0,0.0,0.0,0.058,-3.766,22.115,-4.099,104.738,16.481,24659.955,955.324,224925.679,0.0,49.443,634.483,0.125,0.511,0.592,0.0,0.173,139.305,28597.085,4247286.0,473.599,28571.186,99.909,2.473,71.18,8.136,337.106,79369.702,0.0,,0.0,0.0,0.0,0.0,0.0,0.0,,0.0,0.0,0.0,0.0,0.0
NOR,Norway,1991,8.911,0.222,-1.776,-4.49,14.242,136.062,-7.735,-36.631,0.19,49.186,,,,,,,0.045,-11.001,1.922,-1.038,8.399,11.711,1967.301,2.714,635.632,107.69,0.21,0.05,0.12,0.0,110.13,0.0,0.07,0.0,0.21,110.34,0.0,0.0,110.46,,3.294,102347.21,-4.421,29.856,-6.034,130.46,30556.429,28.107,0.109,132674479361.0,0.0,12.663,5.754,2.826,25.144,0.0,5889.281,248.393,58178.974,99.701,-9.089,70.012,-30.586,305.928,25794.801,71654.885,99.891,110.34,25843.987,-9.076,70.144,-30.597,306.509,71790.863,-2.572,-2.77,0.0,,0.0,0.0,0.0,0.0,0.0,0.063,-7.468,22.179,-7.822,96.916,16.395,22699.846,1091.385,255625.777,0.0,49.186,-1.878,0.133,-0.011,0.581,0.0,0.19,135.979,25872.094,4269465.0,436.968,25843.987,99.891,-9.076,70.144,-30.597,306.509,71790.863,0.0,,0.0,0.0,0.0,0.0,0.0,0.0,,0.0,0.0,0.0,0.0,0.0
NOR,Norway,1992,8.788,0.238,3.223,8.006,13.915,151.87,5.285,23.094,0.197,53.58,,,,,,,0.043,0.465,1.834,0.039,8.438,11.648,1965.752,2.952,687.75,108.28,0.23,0.05,0.11,0.0,116.67,0.0,0.06,0.0,0.23,116.9,0.0,0.0,117.01,,3.248,107173.349,3.745,29.419,4.885,135.345,31529.187,25.625,0.094,141645636860.0,0.0,7.632,5.882,1.919,27.063,0.0,6304.453,256.399,59729.299,99.709,5.935,70.444,18.158,324.086,27178.794,75497.357,99.906,116.9,27232.373,5.941,70.581,18.208,324.717,75644.247,-8.062,-8.73,0.0,,0.0,0.0,0.0,0.0,0.0,0.051,3.02,21.702,2.927,99.843,13.977,23258.982,1243.255,289621.803,0.0,53.58,8.612,0.137,0.05,0.631,0.0,0.197,146.891,27257.998,4292685.0,460.061,27232.373,99.906,5.941,70.581,18.208,324.717,75644.247,0.0,,0.0,0.0,0.0,0.0,0.0,0.0,,0.0,0.0,0.0,0.0,0.0
NOR,Norway,1993,-25.348,-0.748,-3.986,-10.221,6.761,84.057,3.239,14.901,0.201,55.597,,,,,,,0.042,8.141,1.921,0.687,9.125,11.583,2113.906,2.204,510.551,111.83,0.24,0.05,0.13,0.01,119.23,0.0,0.07,0.0,0.24,119.48,0.0,0.01,119.61,,3.163,110026.72,5.719,30.125,7.74,143.085,33146.06,30.115,0.109,150160310438.0,0.008,5.2,5.994,1.407,28.47,2.317,6595.239,246.178,57028.067,99.682,2.196,69.732,7.117,331.203,27620.06,76724.381,99.891,119.48,27677.974,2.205,69.875,7.161,331.878,76880.748,-6.957,-7.78,0.0,,0.0,0.0,0.0,0.0,0.0,0.059,5.654,22.21,5.646,105.489,16.216,24436.915,1327.313,307476.765,0.0,55.597,7.048,0.142,0.044,0.675,0.0,0.201,156.366,27708.089,4316790.0,474.962,27677.974,99.891,2.205,69.875,7.161,331.878,76880.748,0.0,,0.0,0.0,0.0,0.0,0.0,0.008,,0.0,0.0,0.0,2.317,0.0
NOR,Norway,1994,12.313,0.271,8.215,20.225,12.665,168.107,-3.286,-15.606,0.241,62.189,,,,,,,0.053,12.746,2.24,1.163,10.288,13.82,2369.714,2.475,570.138,112.07,0.27,0.06,0.28,0.15,111.64,0.0,0.07,0.0,0.27,111.92,0.0,0.01,112.2,,2.825,105802.953,3.775,32.325,5.402,148.486,34200.737,64.492,0.25,162612340577.0,0.134,7.353,6.654,2.093,30.564,34.549,7039.698,266.403,61360.323,99.501,-6.366,67.512,-21.083,310.12,25713.928,71429.554,99.75,111.92,25778.42,-6.33,67.675,-21.008,310.87,71602.3,-0.116,-0.13,0.0,,0.0,0.0,0.0,0.0,0.0,0.062,2.034,23.432,2.145,107.634,16.123,24791.325,1495.42,344438.531,0.0,62.189,11.111,0.163,0.075,0.75,0.0,0.241,172.747,25842.912,4341616.0,459.356,25778.42,99.75,-6.33,67.675,-21.008,310.87,71602.3,0.0,,0.0,0.0,0.0,0.0,0.0,0.009,,0.0,0.0,0.0,2.303,0.0
NOR,Norway,1995,-2.99,-0.074,3.621,9.647,7.635,114.169,5.994,27.536,0.237,66.407,,,,,,,0.049,9.181,2.307,0.945,11.233,13.739,2572.231,2.401,549.876,115.47,0.29,0.06,0.3,0.19,121.53,0.0,0.05,0.0,0.29,121.83,0.0,0.01,122.13,,2.789,111493.416,0.013,30.501,0.019,148.505,34006.285,68.697,0.246,174580200499.0,0.156,0.951,6.337,0.291,30.854,43.508,7065.364,276.05,63212.785,99.509,8.856,69.334,27.464,337.584,27829.199,77303.392,99.754,121.83,27897.896,8.852,69.499,27.517,338.386,77487.22,-5.768,-6.66,0.0,,0.0,0.0,0.0,0.0,0.0,0.041,-1.13,21.857,-1.216,106.418,11.45,24368.69,1609.588,368580.224,0.0,66.407,7.037,0.165,0.053,0.803,0.0,0.237,183.829,27966.593,4366996.0,486.891,27897.896,99.754,8.852,69.499,27.517,338.386,77487.22,0.0,,0.0,0.0,0.0,0.0,0.0,0.008,,0.0,0.0,0.0,2.29,0.0
NOR,Norway,1996,-21.233,-0.51,34.459,95.125,11.752,189.157,-7.993,-38.92,0.287,68.287,,,,,,,0.048,-0.556,2.494,-0.062,11.17,11.381,2542.664,1.891,430.537,113.55,0.3,0.05,0.4,0.28,103.86,0.0,0.07,0.0,0.3,104.17,0.0,0.01,104.57,,2.37,101968.942,6.814,35.409,10.119,158.625,36106.706,91.049,0.383,189004520916.0,0.268,8.556,7.477,2.64,33.494,63.735,7624.123,371.175,84488.106,99.321,-14.538,64.403,-49.078,288.506,23640.99,65670.734,99.617,104.17,23711.554,-14.492,64.591,-49.039,289.347,65862.318,7.908,8.98,0.0,,0.0,0.0,0.0,0.0,0.0,0.067,7.087,25.439,7.542,113.96,15.934,25939.919,1798.745,409436.966,0.0,68.287,4.844,0.188,0.039,0.842,0.0,0.287,191.583,23802.603,4393217.0,447.972,23711.554,99.617,-14.492,64.591,-49.039,289.347,65862.318,0.0,,0.0,0.0,0.0,0.0,0.0,0.01,,0.0,0.0,0.0,2.276,0.0
NOR,Norway,1997,67.826,1.283,14.832,55.052,1.011,18.185,5.113,22.907,0.217,54.295,,,,,,,0.036,-0.769,2.354,-0.086,11.085,9.049,2507.679,3.174,718.131,114.2,0.24,0.04,0.35,0.24,109.78,0.0,0.07,0.0,0.24,110.03,0.0,0.01,110.38,,2.296,106527.202,4.195,35.1,6.654,165.279,37391.121,79.181,0.317,205114349188.0,0.217,15.486,8.215,5.187,38.681,54.295,8750.924,426.226,96425.504,99.456,5.693,64.758,16.425,304.931,24835.609,68984.717,99.683,110.03,24892.167,5.617,64.9,16.253,305.6,69136.166,3.345,3.82,0.0,,0.0,0.0,0.0,0.0,0.0,0.063,1.363,24.531,1.553,115.513,15.836,26132.518,1816.931,411045.586,0.0,54.295,-20.462,0.142,-0.172,0.669,0.0,0.217,151.449,24971.348,4420266.0,470.879,24892.167,99.683,5.617,64.9,16.253,305.6,69136.166,0.0,,0.0,0.0,0.0,0.0,0.0,0.009,,0.0,0.0,0.0,2.262,0.0
NOR,Norway,1998,-15.026,-0.477,2.91,12.405,-4.242,-77.08,3.937,18.54,0.232,60.708,,,,,,,0.034,8.521,2.458,0.945,12.029,8.994,2704.707,2.697,606.491,119.94,0.27,0.04,0.33,0.22,115.7,0.0,0.07,0.0,0.27,115.98,0.0,0.01,116.31,,2.256,110043.91,1.206,34.178,1.993,167.272,37610.369,74.199,0.284,216977246229.0,0.189,2.135,8.072,0.826,39.507,49.466,8883.03,438.631,98624.514,99.476,5.4,65.669,16.467,321.397,26014.703,72264.995,99.716,115.98,26077.66,5.415,65.822,16.547,322.147,72433.629,3.027,3.63,0.0,,0.0,0.0,0.0,0.0,0.0,0.06,0.193,23.647,0.223,115.735,15.739,26022.632,1739.85,391198.723,0.0,60.708,12.033,0.153,0.081,0.75,0.0,0.232,168.635,26151.859,4447485.0,489.419,26077.66,99.716,5.415,65.822,16.547,322.147,72433.629,0.0,,0.0,0.0,0.0,0.0,0.0,0.009,,0.0,0.0,0.0,2.248,0.0
NOR,Norway,1999,23.171,0.625,9.676,42.442,0.049,0.855,2.554,12.498,0.221,60.349,,,,,,,0.033,-6.295,2.246,-0.757,11.272,8.941,2519.431,3.322,742.591,120.23,0.27,0.04,0.4,0.28,121.45,0.0,0.08,0.0,0.27,121.75,0.0,0.03,122.15,,2.2,112185.047,-2.104,32.625,-3.519,163.752,36600.8,89.405,0.327,228162634044.0,0.229,-4.475,7.519,-1.768,37.739,62.584,8435.251,481.073,107526.095,99.427,4.969,67.216,15.969,337.367,27145.682,75405.975,99.673,121.75,27212.736,4.972,67.375,16.017,338.165,75584.336,-1.597,-1.92,0.0,,0.0,0.0,0.0,0.0,0.0,0.065,-0.859,22.861,-0.994,114.741,17.881,25646.118,1740.705,389070.638,0.0,60.349,1.111,0.151,0.008,0.758,0.0,0.221,169.498,27302.142,4474008.0,501.917,27212.736,99.673,4.972,67.375,16.017,338.165,75584.336,0.0,,0.0,0.0,0.0,0.0,0.0,0.025,,0.008,0.04,0.04,6.705,8.864
NOR,Norway,2000,56.436,1.875,2.734,13.152,6.948,120.952,10.572,53.065,0.183,57.786,,,,,,25.556,0.028,2.424,2.08,0.273,11.545,8.89,2565.949,5.197,1155.127,123.38,0.26,0.04,0.32,0.21,141.82,0.0,0.07,0.0,0.26,142.11,0.0,0.03,142.43,3.64,2.286,123346.34,-2.149,28.872,-3.519,160.233,35612.27,71.121,0.225,242722150724.0,0.147,12.265,7.634,4.629,42.368,46.673,9416.446,494.225,109842.984,99.572,16.769,70.982,56.572,393.939,31519.933,87554.206,99.775,142.11,31584.387,16.733,71.128,56.584,394.749,87734.168,-15.44,-19.05,0.0,,0.0,0.0,0.0,0.0,0.0,0.049,-7.339,19.157,-8.421,106.32,15.558,23629.875,1861.657,413758.979,0.0,57.786,-6.227,0.128,-0.047,0.711,0.0,0.183,158.047,31655.508,4499375.0,554.981,31584.387,99.775,16.733,71.128,56.584,394.749,87734.168,0.0,,0.003,0.015,0.015,0.0,3.272,0.021,111.537,0.015,0.044,0.084,6.668,18.644
NOR,Norway,2001,182.911,9.507,8.516,42.087,1.054,19.624,-9.288,-51.545,0.206,55.271,,,,,,26.411,0.033,-10.886,2.044,-1.257,10.288,8.843,2274.613,14.704,3250.818,124.73,0.25,0.04,0.42,0.24,120.46,0.0,0.14,0.0,0.25,120.74,0.0,0.03,121.16,3.2,1.971,111302.536,6.216,33.806,9.96,170.193,37627.113,92.856,0.347,255412798374.0,0.198,-7.329,7.799,-3.105,39.263,53.06,8680.457,536.312,118570.788,99.422,-15.61,66.035,-61.492,332.447,26631.947,73499.147,99.653,120.74,26693.851,-15.581,66.194,-61.504,333.245,73675.515,2.862,3.57,0.0,,0.0,0.0,0.0,0.0,0.0,0.116,13.47,23.964,14.322,120.641,30.952,26672.043,1881.281,415923.69,0.0,55.271,-1.037,0.14,-0.007,0.704,0.0,0.206,155.585,26786.707,4523139.0,503.437,26693.851,99.653,-15.581,66.194,-61.504,333.245,73675.515,0.0,-0.566,0.003,-0.0,0.015,0.0,3.236,0.025,-5.39,0.016,-0.005,0.079,6.633,17.546
NOR,Norway,2002,19.239,2.829,21.388,114.707,-2.721,-51.191,3.916,19.717,0.192,54.993,,,,,,26.283,0.031,-13.278,1.705,-1.366,8.922,8.799,1962.67,17.533,3856.747,120.41,0.25,0.04,0.42,0.2,129.37,0.0,0.18,0.0,0.25,129.7,0.0,0.08,130.12,3.42,1.959,115079.595,-1.513,32.04,-2.575,167.618,36871.302,92.389,0.323,267060710953.0,0.154,6.724,8.01,2.64,41.903,43.995,9217.503,651.019,143206.547,99.424,6.703,67.806,22.283,354.73,28457.879,78030.936,99.677,129.7,28530.47,6.689,67.96,22.292,355.537,78208.384,-8.064,-9.71,0.0,,0.0,0.0,0.0,0.0,0.0,0.138,-3.19,22.325,-3.849,116.792,39.595,25691.13,1830.09,402570.017,0.0,54.993,-2.593,0.131,-0.018,0.685,0.0,0.192,150.788,28622.858,4546017.0,523.154,28530.47,99.677,6.689,67.96,22.292,355.537,78208.384,0.0,-0.759,0.003,-0.0,0.015,0.0,3.196,0.061,34.404,0.02,0.027,0.107,17.598,23.464
NOR,Norway,2003,38.086,6.678,11.23,73.108,-2.521,-46.128,-11.441,-59.855,0.31,72.209,,,,,,27.582,0.038,-2.362,1.88,-0.211,8.712,8.753,1906.211,24.21,5297.58,114.46,0.33,0.04,0.56,0.3,105.48,0.0,0.22,0.0,0.33,106.03,0.0,0.22,106.59,2.94,1.668,101376.101,4.057,37.647,6.801,174.419,38165.18,122.536,0.525,277816617721.0,0.281,7.744,9.745,3.245,45.148,65.644,9878.938,724.127,158449.058,98.959,-18.99,62.026,-67.364,287.366,23080.478,62879.558,99.475,106.03,23200.826,-18.748,62.353,-66.656,288.88,63211.002,6.876,7.87,0.0,,0.0,0.0,0.0,0.0,0.0,0.206,3.225,26.022,3.767,120.559,48.139,26380.031,1783.962,390355.486,0.0,72.209,31.154,0.194,0.214,0.899,0.0,0.31,196.722,23323.361,4570096.0,463.299,23200.826,99.475,-18.748,62.353,-66.656,288.88,63211.002,0.0,16.252,0.004,0.002,0.017,0.0,3.696,0.206,461.364,0.129,0.492,0.599,48.139,131.027
NOR,Norway,2004,-1.359,-0.329,8.524,61.723,-2.067,-36.873,1.82,8.433,0.327,78.291,,,,,,27.55,0.036,12.903,2.085,1.124,9.836,8.699,2139.015,23.882,5193.652,121.43,0.36,0.04,0.59,0.37,108.78,0.0,0.18,0.0,0.36,109.39,0.0,0.25,109.98,3.03,1.585,102590.358,0.66,37.218,1.152,175.57,38182.287,128.311,0.536,297704042841.0,0.336,5.744,10.12,2.593,47.741,80.466,10382.559,785.85,170903.524,98.909,2.473,62.423,7.105,294.471,23657.032,64040.376,99.464,109.39,23789.692,2.521,62.782,7.282,296.162,64408.152,9.429,11.45,0.0,,0.0,0.0,0.0,0.0,0.0,0.164,-2.128,25.013,-2.566,117.993,39.146,25660.713,1747.089,379949.843,0.0,78.291,8.095,0.206,0.073,0.972,0.0,0.327,211.347,23918.003,4598210.0,471.732,23789.692,99.464,2.521,62.782,7.282,296.162,64408.152,0.0,-0.658,0.004,-0.0,0.017,0.0,3.649,0.227,17.321,0.149,0.104,0.703,54.369,152.781
NOR,Norway,2005,-49.346,-11.785,8.416,66.137,-7.847,-137.1,13.83,65.241,0.241,71.238,,,,,,26.842,0.029,-14.603,1.564,-1.436,8.399,8.635,1813.185,12.097,2611.413,125.06,0.33,0.04,0.58,0.38,135.69,0.0,0.16,0.0,0.33,136.52,0.0,0.5,137.1,3.68,1.705,115917.852,-3.336,31.606,-5.857,169.713,36636.506,125.206,0.423,314925241442.0,0.277,-8.466,8.138,-4.042,43.699,82.032,9433.476,851.988,183920.932,98.972,23.946,67.971,70.513,364.984,29291.771,78790.058,99.577,136.52,29470.946,24.006,68.394,71.098,367.26,79281.437,-9.627,-12.04,0.0,,0.0,0.0,0.0,0.0,0.0,0.117,-0.321,21.903,-0.378,117.615,34.54,25389.845,1609.989,347552.795,0.0,71.238,-7.829,0.167,-0.076,0.896,0.0,0.241,193.363,29596.152,4632359.0,536.973,29470.946,99.577,24.006,68.394,71.098,367.26,79281.437,0.0,-0.662,0.003,-0.0,0.017,0.0,3.598,0.365,94.136,0.254,0.661,1.364,107.936,294.417
NOR,Norway,2006,62.814,7.599,3.292,28.045,-6.922,-111.441,-8.253,-44.316,0.322,83.458,,,,,,27.665,0.033,-14.219,1.462,-1.194,7.205,8.56,1541.84,19.696,4214.791,121.94,0.39,0.04,0.69,0.47,119.37,0.0,0.18,0.0,0.39,120.4,0.0,0.64,121.09,3.35,1.482,105426.519,0.647,34.672,1.099,170.812,36553.078,147.657,0.57,332397071792.0,0.388,-0.876,8.792,-0.383,43.316,100.578,9269.543,880.033,188323.448,98.58,-12.58,64.765,-45.915,319.068,25544.695,68279.327,99.43,120.4,25765.11,-12.372,65.324,-45.436,321.824,68869.117,0.697,0.85,0.0,,0.0,0.0,0.0,0.0,0.0,0.149,2.275,24.417,2.676,120.29,38.519,25741.695,1498.548,320683.248,0.0,83.458,15.784,0.211,0.141,1.037,0.0,0.322,221.937,25912.768,4672986.0,492.657,25765.11,99.43,-12.372,65.324,-45.436,321.824,68869.117,0.0,13.833,0.004,0.002,0.019,0.0,4.06,0.529,24.647,0.345,0.336,1.7,136.957,363.793
NOR,Norway,2007,70.063,13.799,1.851,16.291,-8.085,-121.161,7.175,35.349,0.287,82.638,,,,,,28.321,0.029,9.967,1.501,0.718,7.923,8.476,1678.847,33.495,7097.287,125.91,0.39,0.04,1.0,0.76,133.66,0.0,0.2,0.0,0.39,134.94,0.0,0.89,135.94,3.85,1.497,111879.741,-0.915,32.054,-1.563,169.249,35862.299,211.891,0.736,352664749492.0,0.559,-3.591,7.909,-1.555,41.761,161.037,8848.82,896.324,189923.179,98.323,11.269,67.239,35.956,355.024,28321.379,75226.471,99.264,134.94,28592.6,11.377,67.885,36.613,358.438,75949.773,-7.966,-10.03,0.0,,0.0,0.0,0.0,0.0,0.0,0.147,-0.604,22.645,-0.726,119.564,42.378,25334.633,1377.388,291856.319,0.0,82.638,-1.137,0.194,-0.012,1.025,0.0,0.287,217.255,28804.491,4719403.0,528.006,28592.6,99.264,11.377,67.885,36.613,358.438,75949.773,0.0,-0.586,0.004,-0.0,0.019,0.0,3.997,0.655,39.375,0.449,0.669,2.369,188.583,502.05
NOR,Norway,2008,-15.787,-5.288,10.818,96.964,-3.361,-46.289,2.36,12.461,0.284,83.84,,,,,,27.088,0.028,3.054,1.511,0.242,8.165,8.384,1711.406,28.207,5912.191,127.16,0.4,0.04,0.67,0.44,139.04,0.0,0.19,0.0,0.4,140.35,0.0,0.91,141.02,3.82,1.481,113281.228,-0.126,31.276,-0.214,169.035,35429.517,140.431,0.475,364919234115.0,0.312,2.955,7.955,1.234,42.995,92.224,9011.717,993.288,208192.261,98.596,3.385,67.912,12.018,367.042,29142.652,76931.635,99.525,140.35,29417.227,3.371,68.555,12.082,370.52,77660.538,-10.9,-13.86,0.0,,0.0,0.0,0.0,0.0,0.0,0.135,-1.413,21.81,-1.69,117.874,39.824,24706.395,1331.099,278997.003,0.0,83.84,2.211,0.194,0.023,1.048,0.0,0.284,219.656,29557.658,4771014.0,540.466,29417.227,99.525,3.371,68.555,12.082,370.52,77660.538,0.0,3.535,0.004,0.001,0.02,0.0,4.093,0.645,1.719,0.446,0.041,2.41,190.735,505.154
NOR,Norway,2009,-23.003,-6.488,4.163,41.354,-5.311,-70.695,-7.533,-40.713,0.176,47.65,,,,,,40.26,0.031,-20.393,1.301,-1.665,6.5,8.287,1346.636,21.719,4499.558,121.92,0.23,0.04,4.41,4.23,125.28,0.0,0.14,0.0,0.23,126.49,0.0,0.98,130.9,5.27,1.35,103536.149,-1.314,33.379,-2.22,166.814,34559.684,913.64,3.369,370050648494.0,3.231,-3.958,8.263,-1.702,41.293,876.348,8554.893,1034.642,214351.575,95.707,-10.453,65.767,-38.367,328.675,25954.831,68093.064,96.631,126.49,26205.513,-10.436,66.403,-38.666,331.854,68751.638,-7.365,-8.98,0.0,,0.0,0.0,0.0,0.0,0.0,0.107,0.973,23.816,1.147,119.021,29.004,24658.155,1260.404,261123.634,0.0,47.65,-43.174,0.119,-0.452,0.596,0.0,0.176,123.378,27119.153,4826847.0,499.753,26205.513,96.631,-10.436,66.403,-38.666,331.854,68751.638,0.0,3.414,0.004,0.001,0.02,0.0,4.184,0.749,6.349,0.513,0.153,2.563,203.031,531.013
NOR,Norway,2010,-26.732,-5.806,2.64,27.312,-9.028,-113.795,-3.872,-19.349,0.284,71.635,,,,,,44.435,0.032,36.325,1.845,2.361,8.861,8.187,1813.618,15.913,3256.892,130.65,0.35,0.04,5.13,4.8,116.74,0.0,0.29,0.0,0.35,117.97,0.0,0.88,123.1,5.47,1.252,98325.141,2.772,35.686,4.624,171.438,35088.521,1049.965,4.167,383737866260.0,3.899,-0.777,8.529,-0.321,40.972,982.423,8385.829,1061.954,217351.69,94.833,-7.383,63.365,-24.265,304.41,23893.351,62304.002,95.833,117.97,24145.097,-7.303,64.033,-24.234,307.62,62960.981,5.779,7.55,0.0,,0.0,0.0,0.0,0.0,0.0,0.236,2.171,25.313,2.584,121.605,59.355,24889.074,1146.609,234678.151,0.0,71.635,50.612,0.187,0.301,0.897,0.0,0.284,183.577,25195.062,4885878.0,480.405,24145.097,95.833,-7.303,64.033,-24.234,307.62,62960.981,0.0,4.539,0.004,0.001,0.021,0.0,4.321,0.715,-10.583,0.477,-0.271,2.292,180.111,469.081
NOR,Norway,2011,-28.372,-4.515,-5.357,-56.885,-5.3,-60.765,1.371,6.586,0.269,68.71,,,,,,41.36,0.032,10.972,2.019,0.972,9.833,8.084,1987.202,11.398,2303.399,123.13,0.34,0.04,4.31,3.71,120.28,0.0,0.56,0.0,0.34,121.9,0.0,1.28,126.21,5.22,1.219,98415.001,-1.025,34.843,-1.757,169.681,34290.52,871.0,3.415,399382955202.0,2.94,-1.582,8.28,-0.648,40.324,749.747,8149.013,1005.069,203112.542,95.301,2.405,64.011,7.32,311.73,24307.166,62996.942,96.585,121.9,24634.549,2.71,64.879,8.336,315.955,63850.843,-2.501,-3.08,0.0,,0.0,0.0,0.0,0.0,0.0,0.444,-1.712,24.543,-2.081,119.523,113.169,24154.305,1085.844,219436.212,0.0,68.71,-2.054,0.18,-0.018,0.879,0.0,0.269,177.536,25505.549,4948335.0,486.99,24634.549,96.585,2.71,64.879,8.336,315.955,63850.843,0.0,4.342,0.005,0.001,0.022,0.0,4.452,1.014,45.071,0.683,1.033,3.325,258.673,671.913
NOR,Norway,2012,-11.328,-1.291,13.288,133.556,-6.77,-73.51,10.472,50.997,0.225,65.819,,,,,,34.8,0.027,-3.107,1.771,-0.306,9.528,7.978,1900.344,10.107,2015.845,128.73,0.33,0.04,2.95,2.24,141.72,0.0,0.67,0.0,0.33,143.6,0.0,1.55,146.55,5.1,1.311,107303.202,-1.944,30.927,-3.298,166.383,33185.579,588.386,2.013,410365030586.0,1.528,-0.6,7.45,-0.242,40.082,446.774,7994.502,1138.625,227102.061,96.704,17.115,67.861,53.353,365.083,28266.459,72816.853,97.987,143.6,28641.431,17.084,68.762,53.978,369.933,73784.177,-13.843,-17.82,0.0,,0.0,0.0,0.0,0.0,0.0,0.457,-2.301,21.706,-2.75,116.773,133.633,23290.733,1012.334,201912.828,0.0,65.819,-4.418,0.156,-0.039,0.84,0.0,0.225,167.48,29229.817,5013716.0,537.988,28641.431,97.987,17.084,68.762,53.978,369.933,73784.177,0.0,4.035,0.004,0.001,0.023,0.0,4.571,1.058,19.923,0.741,0.662,3.987,309.152,795.274
NOR,Norway,2013,50.936,5.148,-5.21,-59.321,-4.727,-47.857,-6.104,-32.841,0.3,78.749,,,,,,35.642,0.03,-5.248,1.787,-0.5,9.028,7.875,1777.312,15.255,3003.249,128.26,0.4,0.04,2.85,2.07,128.14,0.0,0.74,0.0,0.4,130.42,0.0,1.88,133.27,4.75,1.219,99448.975,1.98,33.59,3.294,169.677,33404.524,561.083,2.139,414462918885.0,1.553,-0.851,7.867,-0.341,39.741,407.524,7823.86,1079.304,212484.002,96.151,-10.129,64.952,-36.978,328.105,25227.091,64594.54,97.861,130.42,25675.958,-9.724,66.111,-35.973,333.96,65747.174,-3.906,-5.01,0.0,,0.0,0.0,0.0,0.0,0.0,0.555,3.541,23.935,4.135,120.908,145.685,23803.351,964.477,189877.805,0.0,78.749,20.741,0.201,0.174,1.014,0.0,0.3,199.599,26237.041,5079460.0,505.147,25675.958,97.861,-9.724,66.111,-35.973,333.96,65747.174,0.0,9.455,0.005,0.002,0.025,0.0,4.938,1.411,20.78,0.953,0.829,4.816,370.118,948.096
NOR,Norway,2014,-9.703,-1.48,-0.407,-4.393,2.455,23.682,2.905,14.672,0.177,48.617,,,,,,35.263,0.028,9.538,1.902,0.861,9.889,7.779,1923.061,13.775,2678.706,125.36,0.25,0.04,3.0,2.22,135.47,0.0,0.74,0.0,0.25,137.94,0.0,2.22,140.94,4.97,1.231,101087.517,-1.363,32.197,-2.313,167.364,32546.724,583.4,2.129,422415700693.0,1.575,7.163,8.193,2.847,42.587,431.716,8281.852,1074.911,209034.454,96.119,5.052,66.308,16.575,344.68,26344.402,67028.848,97.871,137.94,26824.734,5.105,67.525,17.048,351.009,68259.468,-12.428,-15.58,0.0,,0.0,0.0,0.0,0.0,0.0,0.525,-4.979,22.101,-6.021,114.888,143.905,22341.81,988.159,192163.986,0.0,48.617,-35.239,0.126,-0.357,0.657,0.0,0.177,127.684,27408.134,5142269.0,519.819,26824.734,97.871,5.105,67.525,17.048,351.009,68259.468,0.0,17.691,0.006,0.004,0.03,0.0,5.741,1.575,17.157,1.085,0.826,5.642,431.716,1097.195
NOR,Norway,2015,-33.97,-4.679,8.038,86.397,3.143,31.054,1.247,6.482,0.175,48.079,,,,,,35.16,0.028,-10.377,1.684,-1.026,8.863,7.693,1704.43,9.095,1749.167,128.41,0.25,0.04,2.99,2.2,137.3,0.0,0.75,0.0,0.25,140.07,0.0,2.52,143.06,5.03,1.226,101215.209,1.731,32.35,2.896,170.26,32743.487,575.019,2.09,429219181403.0,1.538,6.284,8.6,2.676,45.264,423.091,8704.872,1161.309,223336.041,95.974,0.772,65.997,2.661,347.342,26404.725,66798.693,97.91,140.07,26937.435,0.962,67.335,3.377,354.386,68153.329,-11.409,-14.65,0.0,,0.0,0.0,0.0,0.0,0.0,0.524,1.085,22.066,1.246,116.134,144.236,22334.186,1019.213,196008.974,0.0,48.079,-1.366,0.123,-0.009,0.648,0.0,0.175,124.546,27512.454,5199827.0,526.302,26937.435,97.91,0.962,67.335,3.377,354.386,68153.329,0.0,14.83,0.006,0.004,0.034,0.0,6.519,1.761,12.766,1.209,0.72,6.362,484.632,1223.571
NOR,Norway,2016,-26.04,-2.368,-0.207,-2.399,3.047,31.054,1.02,5.371,0.155,43.802,,,,,,34.497,0.027,2.68,1.712,0.237,9.1,7.618,1733.065,6.727,1281.092,131.72,0.23,0.04,2.97,2.21,142.81,0.0,0.72,0.0,0.23,145.16,0.0,2.12,148.13,5.11,1.226,101252.593,-3.902,30.774,-6.643,163.618,31159.617,565.612,2.005,433545930687.0,1.492,-3.487,8.217,-1.579,43.685,420.876,8319.503,1158.909,220704.693,96.409,3.112,67.363,10.81,358.152,27196.983,68207.098,97.995,145.16,27644.521,2.746,68.485,9.733,364.119,69343.36,-12.458,-16.41,0.0,,0.0,0.0,0.0,0.0,0.0,0.486,-4.565,20.846,-5.302,110.832,137.118,21107.049,1050.267,200014.682,0.0,43.802,-9.523,0.11,-0.062,0.586,0.0,0.155,111.589,28210.133,5250950.0,531.672,27644.521,97.995,2.746,68.485,9.733,364.119,69343.36,0.0,76.56,0.011,0.026,0.06,0.0,11.398,1.431,-16.373,1.001,-1.042,5.321,403.736,1013.275
NOR,Norway,2017,0.0,,6.764,78.383,-1.606,-16.862,0.405,2.155,0.175,49.091,,,,,,34.566,0.027,4.54,1.782,0.413,9.513,7.552,1796.221,,,133.25,0.26,0.04,2.93,2.06,142.37,0.0,0.83,0.0,0.26,145.48,0.0,2.85,148.41,5.13,1.203,100792.057,0.93,30.935,1.522,165.14,31180.046,553.214,1.974,443618322904.0,1.388,4.959,8.589,2.166,45.852,388.949,8657.26,1237.292,233613.394,95.93,-0.911,66.48,-3.264,354.888,26880.908,67006.434,98.026,145.48,27468.108,-0.404,67.933,-1.471,362.648,68471.584,-11.377,-15.16,0.0,,0.0,0.0,0.0,0.0,0.0,0.559,-0.954,20.564,-1.057,109.775,156.712,20726.565,1033.405,195117.391,0.0,49.091,-10.401,0.098,-0.061,0.525,0.0,0.175,99.125,28021.322,5296324.0,533.827,27468.108,98.026,-0.404,67.933,-1.471,362.648,68471.584,0.0,66.916,0.019,0.04,0.1,0.0,18.863,1.92,34.1,1.337,1.814,7.135,538.109,1347.162
NOR,Norway,2018,0.0,,-1.974,-24.424,-6.233,-64.412,-1.05,-5.607,0.137,37.467,,,,,,34.558,0.027,-2.342,1.759,-0.223,9.291,7.493,1740.466,,,135.69,0.2,0.04,2.96,2.18,138.8,0.0,0.74,0.0,0.2,142.88,0.0,3.88,145.84,5.04,1.176,98955.407,1.712,31.799,2.828,167.968,31466.629,554.519,2.03,449338995067.0,1.495,-3.402,8.385,-1.56,44.292,408.396,8297.501,1212.869,227215.765,95.173,-2.66,65.398,-9.441,345.446,26002.443,64715.062,97.97,142.88,26766.78,-1.905,67.347,-6.907,355.741,66643.619,-7.48,-10.15,0.0,,0.0,0.0,0.0,0.0,0.0,0.507,4.2,21.655,4.611,114.385,138.63,21428.661,968.993,181528.649,0.0,37.467,-3.346,0.096,-0.018,0.507,0.0,0.137,95.062,27321.299,5337960.0,528.22,26766.78,97.97,-1.905,67.347,-6.907,355.741,66643.619,0.0,51.448,0.029,0.051,0.151,0.0,28.344,2.66,35.05,1.824,2.501,9.636,726.869,1805.151
NOR,Norway,2019,0.0,,-5.794,-70.271,-5.729,-55.511,-6.497,-34.316,0.186,46.478,,,,,,34.532,0.03,-2.325,1.837,-0.216,9.075,7.437,1687.077,,,134.12,0.25,0.04,2.76,2.06,125.52,0.0,0.66,0.0,0.25,131.32,0.01,5.54,134.08,4.63,,91823.227,-2.545,33.143,-4.275,163.693,30432.63,513.12,2.058,,1.536,3.072,9.243,1.361,45.652,382.981,8487.393,1142.598,212423.837,93.616,-10.293,62.743,-35.558,309.889,23335.804,57612.374,97.942,131.32,24414.1,-8.793,65.693,-31.28,324.461,60321.51,0.03,0.04,0.0,,0.0,0.0,0.0,0.0,0.0,0.492,-4.738,22.062,-5.42,108.966,122.703,20258.161,913.482,169828.175,0.0,46.478,23.463,0.127,0.119,0.626,0.0,0.186,116.474,24927.22,5378859.0,493.904,24414.1,97.942,-8.793,65.693,-31.28,324.461,60321.51,0.007,74.792,0.054,0.113,0.264,1.859,49.167,4.132,41.982,2.77,4.045,13.681,1029.958,2543.496
NOR,Norway,2020,0.0,,-2.455,-28.055,17.094,156.147,8.533,42.145,0.157,44.27,,,,,,30.985,0.026,-0.045,1.692,-0.004,9.07,7.378,1673.142,,,132.83,0.24,0.04,2.19,1.6,140.93,0.0,0.55,0.0,0.24,151.11,0.03,9.91,153.3,4.75,,98879.418,-3.919,29.34,-6.415,157.278,29011.386,403.966,1.429,,1.044,-2.92,8.268,-1.333,44.32,295.135,8175.174,1114.543,205588.052,91.931,12.232,64.881,37.907,347.796,25995.888,64154.278,98.571,151.11,27873.687,15.013,69.615,48.71,373.171,68834.914,-15.411,-20.47,0.0,,0.0,0.0,0.0,0.0,0.0,0.359,-4.66,19.38,-5.078,103.888,101.453,19163.07,1069.629,197303.349,0.0,44.27,2.285,0.12,0.014,0.641,0.0,0.157,118.204,28277.653,5421242.0,536.049,27873.687,98.571,15.013,69.615,48.71,373.171,68834.914,0.02,25.952,0.062,0.069,0.333,5.534,61.442,6.464,78.355,4.552,10.72,24.401,1827.994,4500.989
NOR,Norway,2021,,,,,,,,,0.159,43.911,,,,,,26.131,0.026,,,,,7.318,,,,133.83,0.24,0.04,0.7,0.29,138.65,0.0,0.37,0.22,0.46,150.46,0.03,11.32,151.16,3.95,,,,,,,,128.073,0.463,,0.192,,,,,53.059,,,,91.724,,,,,25367.62,,99.537,150.46,27528.396,,,,,,-12.949,-17.33,0.0,,,,,0.0,,0.245,,,,,67.696,,,,40.252,84.162,,,,,0.146,0.304,,27656.469,5465629.0,,27528.396,99.537,,,,,,0.02,,,,,5.489,,7.489,,,,,2071.125,
