iso_code,country,year,coal_prod_change_pct,coal_prod_change_twh,gas_prod_change_pct,gas_prod_change_twh,oil_prod_change_pct,oil_prod_change_twh,energy_cons_change_pct,energy_cons_change_twh,biofuel_share_elec,biofuel_elec_per_capita,biofuel_cons_change_pct,biofuel_share_energy,biofuel_cons_change_twh,biofuel_consumption,biofuel_cons_per_capita,carbon_intensity_elec,coal_share_elec,coal_cons_change_pct,coal_share_energy,coal_cons_change_twh,coal_consumption,coal_elec_per_capita,coal_cons_per_capita,coal_production,coal_prod_per_capita,electricity_demand,biofuel_electricity,coal_electricity,fossil_electricity,gas_electricity,hydro_electricity,nuclear_electricity,oil_electricity,other_renewable_exc_biofuel_electricity,other_renewable_electricity,renewables_electricity,solar_electricity,wind_electricity,electricity_generation,greenhouse_gas_emissions,energy_per_gdp,energy_per_capita,fossil_cons_change_pct,fossil_share_energy,fossil_cons_change_twh,fossil_fuel_consumption,fossil_energy_per_capita,fossil_cons_per_capita,fossil_share_elec,gdp,gas_share_elec,gas_cons_change_pct,gas_share_energy,gas_cons_change_twh,gas_consumption,gas_elec_per_capita,gas_energy_per_capita,gas_production,gas_prod_per_capita,hydro_share_elec,hydro_cons_change_pct,hydro_share_energy,hydro_cons_change_twh,hydro_consumption,hydro_elec_per_capita,hydro_energy_per_capita,low_carbon_share_elec,low_carbon_electricity,low_carbon_elec_per_capita,low_carbon_cons_change_pct,low_carbon_share_energy,low_carbon_cons_change_twh,low_carbon_consumption,low_carbon_energy_per_capita,net_elec_imports_share_demand,net_elec_imports,nuclear_share_elec,nuclear_cons_change_pct,nuclear_share_energy,nuclear_cons_change_twh,nuclear_consumption,nuclear_elec_per_capita,nuclear_energy_per_capita,oil_share_elec,oil_cons_change_pct,oil_share_energy,oil_cons_change_twh,oil_consumption,oil_elec_per_capita,oil_energy_per_capita,oil_production,oil_prod_per_capita,other_renewables_elec_per_capita_exc_biofuel,other_renewables_elec_per_capita,other_renewables_cons_change_pct,other_renewables_share_energy,other_renewables_cons_change_twh,other_renewable_consumption,other_renewables_share_elec_exc_biofuel,other_renewables_share_elec,other_renewables_energy_per_capita,per_capita_electricity,population,primary_energy_consumption,renewables_elec_per_capita,renewables_share_elec,renewables_cons_change_pct,renewables_share_energy,renewables_cons_change_twh,renewables_consumption,renewables_energy_per_capita,solar_share_elec,solar_cons_change_pct,solar_share_energy,solar_cons_change_twh,solar_consumption,solar_elec_per_capita,solar_energy_per_capita,wind_share_elec,wind_cons_change_pct,wind_share_energy,wind_cons_change_twh,wind_consumption,wind_elec_per_capita,wind_energy_per_capita
PAK,Pakistan,1900,,,,,,,,,,,,,,,,,,,,,,,,0.0,0.0,,,,,,,,,,,,,,,,,,,,,,,,,,,,,,,,,0.0,0.0,,,,,,,,,,,,,,,,,,,,,,,,,,,,,,,,0.0,0.0,,,,,,,,,,,18208202.0,,,,,,,,,,,,,,,,,,,,,,
PAK,Pakistan,1901,,0.0,,0.0,,0.0,,,,,,,,,,,,,,,,,,0.0,0.0,,,,,,,,,,,,,,,,,,,,,,,,,,,,,,,,,0.0,0.0,,,,,,,,,,,,,,,,,,,,,,,,,,,,,,,,0.0,0.0,,,,,,,,,,,18292808.0,,,,,,,,,,,,,,,,,,,,,,
PAK,Pakistan,1902,,0.0,,0.0,,0.0,,,,,,,,,,,,,,,,,,0.0,0.0,,,,,,,,,,,,,,,,,,,,,,,,,,,,,,,,,0.0,0.0,,,,,,,,,,,,,,,,,,,,,,,,,,,,,,,,0.0,0.0,,,,,,,,,,,18377795.0,,,,,,,,,,,,,,,,,,,,,,
PAK,Pakistan,1903,,0.0,,0.0,,0.0,,,,,,,,,,,,,,,,,,0.0,0.0,,,,,,,,,,,,,,,,,,,,,,,,,,,,,,,,,0.0,0.0,,,,,,,,,,,,,,,,,,,,,,,,,,,,,,,,0.0,0.0,,,,,,,,,,,18463165.0,,,,,,,,,,,,,,,,,,,,,,
PAK,Pakistan,1904,,0.0,,0.0,,0.0,,,,,,,,,,,,,,,,,,0.0,0.0,,,,,,,,,,,,,,,,,,,,,,,,,,,,,,,,,0.0,0.0,,,,,,,,,,,,,,,,,,,,,,,,,,,,,,,,0.0,0.0,,,,,,,,,,,18548919.0,,,,,,,,,,,,,,,,,,,,,,
PAK,Pakistan,1905,,0.0,,0.0,,0.0,,,,,,,,,,,,,,,,,,0.0,0.0,,,,,,,,,,,,,,,,,,,,,,,,,,,,,,,,,0.0,0.0,,,,,,,,,,,,,,,,,,,,,,,,,,,,,,,,0.0,0.0,,,,,,,,,,,18635060.0,,,,,,,,,,,,,,,,,,,,,,
PAK,Pakistan,1906,,0.0,,0.0,,0.0,,,,,,,,,,,,,,,,,,0.0,0.0,,,,,,,,,,,,,,,,,,,,,,,,,,,,,,,,,0.0,0.0,,,,,,,,,,,,,,,,,,,,,,,,,,,,,,,,0.0,0.0,,,,,,,,,,,18721587.0,,,,,,,,,,,,,,,,,,,,,,
PAK,Pakistan,1907,,0.0,,0.0,,0.0,,,,,,,,,,,,,,,,,,0.0,0.0,,,,,,,,,,,,,,,,,,,,,,,,,,,,,,,,,0.0,0.0,,,,,,,,,,,,,,,,,,,,,,,,,,,,,,,,0.0,0.0,,,,,,,,,,,18808504.0,,,,,,,,,,,,,,,,,,,,,,
PAK,Pakistan,1908,,0.0,,0.0,,0.0,,,,,,,,,,,,,,,,,,0.0,0.0,,,,,,,,,,,,,,,,,,,,,,,,,,,,,,,,,0.0,0.0,,,,,,,,,,,,,,,,,,,,,,,,,,,,,,,,0.0,0.0,,,,,,,,,,,18895812.0,,,,,,,,,,,,,,,,,,,,,,
PAK,Pakistan,1909,,0.0,,0.0,,0.0,,,,,,,,,,,,,,,,,,0.0,0.0,,,,,,,,,,,,,,,,,,,,,,,,,,,,,,,,,0.0,0.0,,,,,,,,,,,,,,,,,,,,,,,,,,,,,,,,0.0,0.0,,,,,,,,,,,19013053.0,,,,,,,,,,,,,,,,,,,,,,
PAK,Pakistan,1910,,0.0,,0.0,,0.0,,,,,,,,,,,,,,,,,,0.0,0.0,,,,,,,,,,,,,,,,,,,,,,,,,,,,,,,,,0.0,0.0,,,,,,,,,,,,,,,,,,,,,,,,,,,,,,,,0.0,0.0,,,,,,,,,,,19160708.0,,,,,,,,,,,,,,,,,,,,,,
PAK,Pakistan,1911,,0.0,,0.0,,0.0,,,,,,,,,,,,,,,,,,0.0,0.0,,,,,,,,,,,,,,,,,,,,,,,,,,,,,,,,,0.0,0.0,,,,,,,,,,,,,,,,,,,,,,,,,,,,,,,,0.0,0.0,,,,,,,,,,,19339263.0,,,,,,,,,,,,,,,,,,,,,,
PAK,Pakistan,1912,,0.0,,0.0,,0.0,,,,,,,,,,,,,,,,,,0.0,0.0,,,,,,,,,,,,,,,,,,,,,,,,,,,,,,,,,0.0,0.0,,,,,,,,,,,,,,,,,,,,,,,,,,,,,,,,0.0,0.0,,,,,,,,,,,19549211.0,,,,,,,,,,,,,,,,,,,,,,
PAK,Pakistan,1913,,0.0,,0.0,,0.0,,,,,,,,,,,,,,,,,,0.0,0.0,,,,,,,,,,,,,,,,,,,,,,,,,,,,,,,,,0.0,0.0,,,,,,,,,,,,,,,,,,,,,,,,,,,,,,,,0.0,0.0,,,,,,,,,,,19791051.0,,,,,,,,,,,,,,,,,,,,,,
PAK,Pakistan,1914,,0.0,,0.0,,0.0,,,,,,,,,,,,,,,,,,0.0,0.0,,,,,,,,,,,,,,,,,,,,,,,,,,,,,,,,,0.0,0.0,,,,,,,,,,,,,,,,,,,,,,,,,,,,,,,,0.0,0.0,,,,,,,,,,,20035869.0,,,,,,,,,,,,,,,,,,,,,,
PAK,Pakistan,1915,,0.0,,0.0,,0.0,,,,,,,,,,,,,,,,,,0.0,0.0,,,,,,,,,,,,,,,,,,,,,,,,,,,,,,,,,0.0,0.0,,,,,,,,,,,,,,,,,,,,,,,,,,,,,,,,0.0,0.0,,,,,,,,,,,20283702.0,,,,,,,,,,,,,,,,,,,,,,
PAK,Pakistan,1916,,0.0,,0.0,,0.0,,,,,,,,,,,,,,,,,,0.0,0.0,,,,,,,,,,,,,,,,,,,,,,,,,,,,,,,,,0.0,0.0,,,,,,,,,,,,,,,,,,,,,,,,,,,,,,,,0.0,0.0,,,,,,,,,,,20534587.0,,,,,,,,,,,,,,,,,,,,,,
PAK,Pakistan,1917,,0.0,,0.0,,0.0,,,,,,,,,,,,,,,,,,0.0,0.0,,,,,,,,,,,,,,,,,,,,,,,,,,,,,,,,,0.0,0.0,,,,,,,,,,,,,,,,,,,,,,,,,,,,,,,,0.0,0.0,,,,,,,,,,,20788561.0,,,,,,,,,,,,,,,,,,,,,,
PAK,Pakistan,1918,,0.0,,0.0,,0.0,,,,,,,,,,,,,,,,,,0.0,0.0,,,,,,,,,,,,,,,,,,,,,,,,,,,,,,,,,0.0,0.0,,,,,,,,,,,,,,,,,,,,,,,,,,,,,,,,0.0,0.0,,,,,,,,,,,21063008.0,,,,,,,,,,,,,,,,,,,,,,
PAK,Pakistan,1919,,0.0,,0.0,,0.0,,,,,,,,,,,,,,,,,,0.0,0.0,,,,,,,,,,,,,,,,,,,,,,,,,,,,,,,,,0.0,0.0,,,,,,,,,,,,,,,,,,,,,,,,,,,,,,,,0.0,0.0,,,,,,,,,,,21363660.0,,,,,,,,,,,,,,,,,,,,,,
PAK,Pakistan,1920,,0.0,,0.0,,0.0,,,,,,,,,,,,,,,,,,0.0,0.0,,,,,,,,,,,,,,,,,,,,,,,,,,,,,,,,,0.0,0.0,,,,,,,,,,,,,,,,,,,,,,,,,,,,,,,,0.0,0.0,,,,,,,,,,,21691279.0,,,,,,,,,,,,,,,,,,,,,,
PAK,Pakistan,1921,,0.0,,0.0,,0.0,,,,,,,,,,,,,,,,,,0.0,0.0,,,,,,,,,,,,,,,,,,,,,,,,,,,,,,,,,0.0,0.0,,,,,,,,,,,,,,,,,,,,,,,,,,,,,,,,0.0,0.0,,,,,,,,,,,22046644.0,,,,,,,,,,,,,,,,,,,,,,
PAK,Pakistan,1922,,0.0,,0.0,,0.0,,,,,,,,,,,,,,,,,,0.0,0.0,,,,,,,,,,,,,,,,,,,,,,,,,,,,,,,,,0.0,0.0,,,,,,,,,,,,,,,,,,,,,,,,,,,,,,,,0.0,0.0,,,,,,,,,,,22430553.0,,,,,,,,,,,,,,,,,,,,,,
PAK,Pakistan,1923,,0.0,,0.0,,0.0,,,,,,,,,,,,,,,,,,0.0,0.0,,,,,,,,,,,,,,,,,,,,,,,,,,,,,,,,,0.0,0.0,,,,,,,,,,,,,,,,,,,,,,,,,,,,,,,,0.0,0.0,,,,,,,,,,,22843823.0,,,,,,,,,,,,,,,,,,,,,,
PAK,Pakistan,1924,,0.0,,0.0,,0.0,,,,,,,,,,,,,,,,,,0.0,0.0,,,,,,,,,,,,,,,,,,,,,,,,,,,,,,,,,0.0,0.0,,,,,,,,,,,,,,,,,,,,,,,,,,,,,,,,0.0,0.0,,,,,,,,,,,23264707.0,,,,,,,,,,,,,,,,,,,,,,
PAK,Pakistan,1925,,0.0,,0.0,,0.0,,,,,,,,,,,,,,,,,,0.0,0.0,,,,,,,,,,,,,,,,,,,,,,,,,,,,,,,,,0.0,0.0,,,,,,,,,,,,,,,,,,,,,,,,,,,,,,,,0.0,0.0,,,,,,,,,,,23693346.0,,,,,,,,,,,,,,,,,,,,,,
PAK,Pakistan,1926,,0.0,,0.0,,0.0,,,,,,,,,,,,,,,,,,0.0,0.0,,,,,,,,,,,,,,,,,,,,,,,,,,,,,,,,,0.0,0.0,,,,,,,,,,,,,,,,,,,,,,,,,,,,,,,,0.0,0.0,,,,,,,,,,,24129882.0,,,,,,,,,,,,,,,,,,,,,,
PAK,Pakistan,1927,,0.0,,0.0,,0.0,,,,,,,,,,,,,,,,,,0.0,0.0,,,,,,,,,,,,,,,,,,,,,,,,,,,,,,,,,0.0,0.0,,,,,,,,,,,,,,,,,,,,,,,,,,,,,,,,0.0,0.0,,,,,,,,,,,24574462.0,,,,,,,,,,,,,,,,,,,,,,
PAK,Pakistan,1928,,0.0,,0.0,,0.0,,,,,,,,,,,,,,,,,,0.0,0.0,,,,,,,,,,,,,,,,,,,,,,,,,,,,,,,,,0.0,0.0,,,,,,,,,,,,,,,,,,,,,,,,,,,,,,,,0.0,0.0,,,,,,,,,,,25027232.0,,,,,,,,,,,,,,,,,,,,,,
PAK,Pakistan,1929,,0.0,,0.0,,0.0,,,,,,,,,,,,,,,,,,0.0,0.0,,,,,,,,,,,,,,,,,,,,,,,,,,,,,,,,,0.0,0.0,,,,,,,,,,,,,,,,,,,,,,,,,,,,,,,,0.0,0.0,,,,,,,,,,,25488344.0,,,,,,,,,,,,,,,,,,,,,,
PAK,Pakistan,1930,,0.0,,0.0,,0.0,,,,,,,,,,,,,,,,,,0.0,0.0,,,,,,,,,,,,,,,,,,,,,,,,,,,,,,,,,0.0,0.0,,,,,,,,,,,,,,,,,,,,,,,,,,,,,,,,0.0,0.0,,,,,,,,,,,25957952.0,,,,,,,,,,,,,,,,,,,,,,
PAK,Pakistan,1931,,0.0,,0.0,,0.0,,,,,,,,,,,,,,,,,,0.0,0.0,,,,,,,,,,,,,,,,,,,,,,,,,,,,,,,,,0.0,0.0,,,,,,,,,,,,,,,,,,,,,,,,,,,,,,,,0.0,0.0,,,,,,,,,,,26436212.0,,,,,,,,,,,,,,,,,,,,,,
PAK,Pakistan,1932,,0.0,,0.0,,0.0,,,,,,,,,,,,,,,,,,0.0,0.0,,,,,,,,,,,,,,,,,,,,,,,,,,,,,,,,,0.0,0.0,,,,,,,,,,,,,,,,,,,,,,,,,,,,,,,,0.0,0.0,,,,,,,,,,,26923284.0,,,,,,,,,,,,,,,,,,,,,,
PAK,Pakistan,1933,,0.0,,0.0,,0.0,,,,,,,,,,,,,,,,,,0.0,0.0,,,,,,,,,,,,,,,,,,,,,,,,,,,,,,,,,0.0,0.0,,,,,,,,,,,,,,,,,,,,,,,,,,,,,,,,0.0,0.0,,,,,,,,,,,27419330.0,,,,,,,,,,,,,,,,,,,,,,
PAK,Pakistan,1934,,0.0,,0.0,,0.0,,,,,,,,,,,,,,,,,,0.0,0.0,,,,,,,,,,,,,,,,,,,,,,,,,,,,,,,,,0.0,0.0,,,,,,,,,,,,,,,,,,,,,,,,,,,,,,,,0.0,0.0,,,,,,,,,,,27924516.0,,,,,,,,,,,,,,,,,,,,,,
PAK,Pakistan,1935,,0.0,,0.0,,0.0,,,,,,,,,,,,,,,,,,0.0,0.0,,,,,,,,,,,,,,,,,,,,,,,,,,,,,,,,,0.0,0.0,,,,,,,,,,,,,,,,,,,,,,,,,,,,,,,,0.0,0.0,,,,,,,,,,,28439009.0,,,,,,,,,,,,,,,,,,,,,,
PAK,Pakistan,1936,,0.0,,0.0,,0.0,,,,,,,,,,,,,,,,,,0.0,0.0,,,,,,,,,,,,,,,,,,,,,,,,,,,,,,,,,0.0,0.0,,,,,,,,,,,,,,,,,,,,,,,,,,,,,,,,0.0,0.0,,,,,,,,,,,28962981.0,,,,,,,,,,,,,,,,,,,,,,
PAK,Pakistan,1937,,0.0,,0.0,,0.0,,,,,,,,,,,,,,,,,,0.0,0.0,,,,,,,,,,,,,,,,,,,,,,,,,,,,,,,,,0.0,0.0,,,,,,,,,,,,,,,,,,,,,,,,,,,,,,,,0.0,0.0,,,,,,,,,,,29496607.0,,,,,,,,,,,,,,,,,,,,,,
PAK,Pakistan,1938,,0.0,,0.0,,0.0,,,,,,,,,,,,,,,,,,0.0,0.0,,,,,,,,,,,,,,,,,,,,,,,,,,,,,,,,,0.0,0.0,,,,,,,,,,,,,,,,,,,,,,,,,,,,,,,,0.0,0.0,,,,,,,,,,,30040065.0,,,,,,,,,,,,,,,,,,,,,,
PAK,Pakistan,1939,,0.0,,0.0,,0.0,,,,,,,,,,,,,,,,,,0.0,0.0,,,,,,,,,,,,,,,,,,,,,,,,,,,,,,,,,0.0,0.0,,,,,,,,,,,,,,,,,,,,,,,,,,,,,,,,0.0,0.0,,,,,,,,,,,30593536.0,,,,,,,,,,,,,,,,,,,,,,
PAK,Pakistan,1940,,0.0,,0.0,,0.0,,,,,,,,,,,,,,,,,,0.0,0.0,,,,,,,,,,,,,,,,,,,,,,,,,,,,,,,,,0.0,0.0,,,,,,,,,,,,,,,,,,,,,,,,,,,,,,,,0.0,0.0,,,,,,,,,,,31157204.0,,,,,,,,,,,,,,,,,,,,,,
PAK,Pakistan,1941,,0.0,,0.0,,0.0,,,,,,,,,,,,,,,,,,0.0,0.0,,,,,,,,,,,,,,,,,,,,,,,,,,,,,,,,,0.0,0.0,,,,,,,,,,,,,,,,,,,,,,,,,,,,,,,,0.0,0.0,,,,,,,,,,,31731258.0,,,,,,,,,,,,,,,,,,,,,,
PAK,Pakistan,1942,,0.0,,0.0,,0.0,,,,,,,,,,,,,,,,,,0.0,0.0,,,,,,,,,,,,,,,,,,,,,,,,,,,,,,,,,0.0,0.0,,,,,,,,,,,,,,,,,,,,,,,,,,,,,,,,0.0,0.0,,,,,,,,,,,32315888.0,,,,,,,,,,,,,,,,,,,,,,
PAK,Pakistan,1943,,0.0,,0.0,,0.0,,,,,,,,,,,,,,,,,,0.0,0.0,,,,,,,,,,,,,,,,,,,,,,,,,,,,,,,,,0.0,0.0,,,,,,,,,,,,,,,,,,,,,,,,,,,,,,,,0.0,0.0,,,,,,,,,,,32911289.0,,,,,,,,,,,,,,,,,,,,,,
PAK,Pakistan,1944,,0.0,,0.0,,0.0,,,,,,,,,,,,,,,,,,0.0,0.0,,,,,,,,,,,,,,,,,,,,,,,,,,,,,,,,,0.0,0.0,,,,,,,,,,,,,,,,,,,,,,,,,,,,,,,,0.0,0.0,,,,,,,,,,,33517661.0,,,,,,,,,,,,,,,,,,,,,,
PAK,Pakistan,1945,,0.0,,0.0,,0.0,,,,,,,,,,,,,,,,,,0.0,0.0,,,,,,,,,,,,,,,,,,,,,,,,,,,,,,,,,0.0,0.0,,,,,,,,,,,,,,,,,,,,,,,,,,,,,,,,0.0,0.0,,,,,,,,,,,34135204.0,,,,,,,,,,,,,,,,,,,,,,
PAK,Pakistan,1946,,2.308,,0.0,,0.0,,,,,,,,,,,,,,,,,,2.308,66.39,,,,,,,,,,,,,,,,,,,,,,,,,,,,,,,,,0.0,0.0,,,,,,,,,,,,,,,,,,,,,,,,,,,,,,,,0.0,0.0,,,,,,,,,,,34764126.0,,,,,,,,,,,,,,,,,,,,,,
PAK,Pakistan,1947,-17.284,-0.399,,0.0,,0.582,,,,,,,,,,,,,,,,,,1.909,53.921,,,,,,,,,,,,,,,,,,,,,,,,,,,,,,,,,0.0,0.0,,,,,,,,,,,,,,,,,,,,,,,,,,,,,,,,0.582,16.424,,,,,,,,,,,35404635.0,,,,,,,,,,,,,,,,,,,,,,
PAK,Pakistan,1948,-20.597,-0.393,,0.0,30.0,0.174,,,,,,,,,,,,,,,,,,1.516,42.041,,,,,,,,,,,,,,,,,,,,,,,,,,,,,,,,,0.0,0.0,,,,,,,,,,,,,,,,,,,,,,,,,,,,,,,,0.756,20.965,,,,,,,,,,,36056945.0,,,,,,,,,,,,,,,,,,,,,,
PAK,Pakistan,1949,24.812,0.376,,0.0,93.846,0.709,,,,,,,,,,,,,,,,,,1.892,51.456,,,,,,,,,,,,,,,,,,,,,,,,,,,,,,,,,0.0,0.0,,,,,,,,,,,,,,,,,,,,,,,,,,,,,,,,1.465,39.854,,,,,,,,,,,36768765.0,,,,,,,,,,,,,,,,,,,,,,
PAK,Pakistan,1950,31.627,0.598,,0.0,38.889,0.57,,,,,,,,,,,,,,,,,,2.49,66.334,,,,,,,,,,,,,,,,,,,,,,,,,40434437800.0,,,,,,,,0.0,0.0,,,,,,,,,,,,,,,,,,,,,,,,,,,,,,,,2.035,54.212,,,,,,,,,,,37542372.0,,,,,,,,,,,,,,,,,,,,,,
PAK,Pakistan,1951,15.561,0.388,,0.0,5.714,0.116,,,,,,,,,,,,,,,,,,2.878,75.747,,,,,,,,,,,,,,,,,,,,,,,,,39130357614.0,,,,,,,,0.0,0.0,,,,,,,,,,,,,,,,,,,,,,,,,,,,,,,,2.152,56.63,,,,,,,,,,,37992884.0,,,,,,,,,,,,,,,,,,,,,,
PAK,Pakistan,1952,18.812,0.541,,0.0,17.297,0.372,,,,,,,,,,,,,,,,,,3.419,88.773,,,,,,,,,,,,,,,,,,,,,,,,,39279232000.0,,,,,,,,0.0,0.0,,,,,,,,,,,,,,,,,,,,,,,,,,,,,,,,2.524,65.523,,,,,,,,,,,38516516.0,,,,,,,,,,,,,,,,,,,,,,
PAK,Pakistan,1953,-2.667,-0.091,,0.0,11.521,0.291,,,,,,,,,,,,,,,,,,3.328,85.096,,,,,,,,,,,,,,,,,,,,,,,,,42977548180.0,,,,,,,,0.0,0.0,,,,,,,,,,,,,,,,,,,,,,,,,,,,,,,,2.814,71.964,,,,,,,,,,,39109088.0,,,,,,,,,,,,,,,,,,,,,,
PAK,Pakistan,1954,-5.137,-0.171,,0.0,9.917,0.279,,,,,,,,,,,,,,,,,,3.157,79.389,,,,,,,,,,,,,,,,,,,,,,,,,43979271882.0,,,,,,,,0.0,0.0,,,,,,,,,,,,,,,,,,,,,,,,,,,,,,,,3.094,77.792,,,,,,,,,,,39767168.0,,,,,,,,,,,,,,,,,,,,,,
PAK,Pakistan,1955,-4.513,-0.142,,0.437,6.391,0.198,,,,,,,,,,,,,,,,,,3.015,74.457,,,,,,,,,,,,,,,,,,,,,,,,,44967658340.0,,,,,,,,0.437,10.798,,,,,,,,,,,,,,,,,,,,,,,,,,,,,,,,3.291,81.291,,,,,,,,,,,40488032.0,,,,,,,,,,,,,,,,,,,,,,
PAK,Pakistan,1956,22.117,0.667,397.436,1.738,2.473,0.081,,,,,,,,,,,,,,,,,,3.681,89.203,,,,,,,,,,,,,,,,,,,,,,,,,46309818087.0,,,,,,,,2.175,52.697,,,,,,,,,,,,,,,,,,,,,,,,,,,,,,,,3.373,81.723,,,,,,,,,,,41269724.0,,,,,,,,,,,,,,,,,,,,,,
PAK,Pakistan,1957,-20.124,-0.741,49.485,1.076,3.793,0.128,,,,,,,,,,,,,,,,,,2.941,69.828,,,,,,,,,,,,,,,,,,,,,,,,,48360421984.0,,,,,,,,3.251,77.199,,,,,,,,,,,,,,,,,,,,,,,,,,,,,,,,3.501,83.129,,,,,,,,,,,42111012.0,,,,,,,,,,,,,,,,,,,,,,
PAK,Pakistan,1958,15.698,0.462,23.448,0.762,3.322,0.116,,,,,,,,,,,,,,,,,,3.402,79.098,,,,,,,,,,,,,,,,,,,,,,,,,49065655300.0,,,,,,,,4.013,93.307,,,,,,,,,,,,,,,,,,,,,,,,,,,,,,,,3.617,84.093,,,,,,,,,,,43011324.0,,,,,,,,,,,,,,,,,,,,,,
PAK,Pakistan,1959,21.106,0.718,21.508,0.863,2.572,0.093,,,,,,,,,,,,,,,,,,4.12,93.703,,,,,,,,,,,,,,,,,,,,,,,,,49546049008.0,,,,,,,,4.876,110.902,,,,,,,,,,,,,,,,,,,,,,,,,,,,,,,,3.71,84.374,,,,,,,,,,,43970560.0,,,,,,,,,,,,,,,,,,,,,,
PAK,Pakistan,1960,13.14,0.541,45.517,2.22,13.166,0.488,,,,,,,,,,,,,,,,,,4.662,103.616,,,,,,,,,,,,,,,,,,,,,,,,,51948891838.0,,,,,,,,7.096,157.729,,,,,,,,,,,,,,,,,,,,,,,,,,,,,,,,4.198,93.322,,,,,,,,,,,44988692.0,,,,,,,,,,,,,,,,,,,,,,
PAK,Pakistan,1961,10.758,0.501,21.643,1.536,7.202,0.302,,,,,,,,,,,,,,,,,,5.163,112.081,,,,,,,,,,,,,,,,,,,,,,,,,55132007346.0,,,,,,,,8.632,187.383,,,,,,,,,,,,,,,,,,,,,,,,,,,,,,,,4.501,97.705,,,,,,,,,,,46065232.0,,,,,,,,,,,,,,,,,,,,,,
PAK,Pakistan,1962,8.057,0.416,23.247,2.007,18.088,0.814,,,,,,,,,,,,,,,,,,5.579,118.203,,,,,,,,,,,,,,,,,,,,,,,,,59154147494.0,,,,,,,,10.638,225.396,,,,,,,,,,,,,,,,,,,,,,,,,,,,,,,,5.315,112.607,,,,,,,,,,,47198888.0,,,,,,,,,,,,,,,,,,,,,,
PAK,Pakistan,1963,24.923,1.39,25.29,2.69,4.376,0.233,,,,,,,,,,,,,,,,,,6.97,144.036,,,,,,,,,,,,,,,,,,,,,,,,,62812190592.0,,,,,,,,13.329,275.463,,,,,,,,,,,,,,,,,,,,,,,,,,,,,,,,5.548,114.648,,,,,,,,,,,48387292.0,,,,,,,,,,,,,,,,,,,,,,
PAK,Pakistan,1964,-2.289,-0.16,25.736,3.43,14.675,0.814,,,,,,,,,,,,,,,,,,6.81,137.221,,,,,,,,,,,,,,,,,,,,,,,,,67633969080.0,,,,,,,,16.759,337.699,,,,,,,,,,,,,,,,,,,,,,,,,,,,,,,,6.362,128.187,,,,,,,,,,,49627620.0,,,,,,,,,,,,,,,,,,,,,,
PAK,Pakistan,1965,3.515,0.239,18.328,3.072,-2.194,-0.14,,,,,,,,,,,,,19.599,,16.038,,314.973,7.049,138.444,,,,,,2.196,0.0,,,0.0,2.196,0.0,0.0,,,1.158,1607.111,,92.544,,75.73,1487.287,,,70661281260.0,,,18.051,,14.771,,290.097,19.831,389.465,,,7.456,,6.101,43.137,119.825,,2.196,43.137,,7.456,,6.101,119.825,,,,,0.0,,0.0,0.0,0.0,,,54.895,,44.921,,882.217,6.222,122.198,,0.0,,0.0,,0.0,,,0.0,,50917976.0,81.831,43.137,,,7.456,,6.101,119.825,,,0.0,,0.0,0.0,0.0,,,0.0,,0.0,0.0,0.0
PAK,Pakistan,1966,-4.123,-0.291,13.002,2.578,-3.364,-0.209,0.753,0.616,,,,,,,,,,-15.591,16.419,-2.5,13.537,,259.037,6.759,129.327,,,,,,2.196,0.0,,,0.0,2.196,0.0,0.0,,,1.079,1577.627,0.814,92.6,0.616,76.346,1460.881,,,76405786682.0,,13.002,20.245,1.921,16.692,,319.395,22.409,428.799,,0.0,7.4,0.0,6.101,42.029,116.747,,2.196,42.029,0.0,7.4,0.0,6.101,116.747,,,,,0.0,0.0,0.0,0.0,0.0,,2.663,55.935,1.196,46.117,,882.449,6.013,115.053,,0.0,,0.0,0.0,0.0,,,0.0,,52260184.0,82.447,42.029,,0.0,7.4,0.0,6.101,116.747,,,0.0,0.0,0.0,0.0,0.0,,,0.0,0.0,0.0,0.0,0.0
PAK,Pakistan,1967,11.551,0.781,16.658,3.733,-2.901,-0.174,10.681,8.806,,,,,,,,,,-3.952,14.249,-0.535,13.002,,242.329,7.539,140.514,,,,,,2.603,0.0,,,0.0,2.603,0.0,0.0,,,1.151,1700.713,10.055,92.076,7.677,84.023,1565.954,,,79258961993.0,,16.658,21.339,2.781,19.472,,362.91,26.142,487.219,,18.511,7.924,1.129,7.231,48.513,134.76,,2.603,48.513,18.511,7.924,1.129,7.231,134.76,,,,,0.0,0.0,0.0,0.0,0.0,,11.777,56.489,5.431,51.548,,960.716,5.838,108.81,,0.0,,0.0,0.0,0.0,,,0.0,,53655780.0,91.253,48.513,,18.511,7.924,1.129,7.231,134.76,,,0.0,0.0,0.0,0.0,0.0,,,0.0,0.0,0.0,0.0,0.0
PAK,Pakistan,1968,-9.297,-0.701,12.221,3.195,3.187,0.186,13.498,12.317,,,,,,,,,,10.107,13.823,1.314,14.317,,259.816,6.838,124.104,,,,,,3.129,0.0,,,0.0,3.129,0.0,0.0,,,1.222,1879.587,12.921,91.608,10.856,94.879,1721.856,,,84766477056.0,,12.221,21.099,2.38,21.852,,396.568,29.337,532.406,,20.204,8.392,1.461,8.691,56.784,157.733,,3.129,56.784,20.204,8.392,1.461,8.691,157.733,,,,,0.0,0.0,0.0,0.0,0.0,,13.895,56.686,7.162,58.71,,1065.472,6.024,109.329,,0.0,,0.0,0.0,0.0,,,0.0,,55102692.0,103.57,56.784,,20.204,8.392,1.461,8.691,157.733,,,0.0,0.0,0.0,0.0,0.0,,,0.0,0.0,0.0,0.0,0.0
PAK,Pakistan,1969,14.417,0.986,23.194,6.805,2.896,0.174,0.454,0.47,,,,,,,,,,-9.992,12.386,-1.43,12.886,,227.676,7.824,138.243,,,,,,3.301,0.0,,,0.0,3.301,0.0,0.0,,,1.153,1838.225,-0.009,91.186,-0.009,94.87,1676.203,,,90261651657.0,,23.194,25.875,5.068,26.92,,475.641,36.142,638.565,,5.508,8.814,0.479,9.17,58.329,162.024,,3.301,58.329,5.508,8.814,0.479,9.17,162.024,,,,,0.0,0.0,0.0,0.0,0.0,,-6.212,52.925,-3.647,55.063,,972.885,6.199,109.523,,0.0,,0.0,0.0,0.0,,,0.0,,56598148.0,104.04,58.329,,5.508,8.814,0.479,9.17,162.024,,,0.0,0.0,0.0,0.0,0.0,,,0.0,0.0,0.0,0.0,0.0
PAK,Pakistan,1970,-9.031,-0.707,-19.472,-7.038,-15.009,-0.93,-1.55,-1.612,,,,,,,,,,-16.697,10.48,-2.152,10.734,,184.625,7.118,122.419,,,,,,2.921,0.0,,,0.0,2.921,0.0,0.0,,,1.028,1761.685,-0.586,92.078,-0.556,94.314,1622.123,,,99675947388.0,,8.111,28.414,2.184,29.104,,500.566,29.104,500.566,,-11.513,7.922,-1.056,8.115,50.243,139.564,,2.921,50.243,-11.513,7.922,-1.056,8.115,139.564,,,,,0.0,0.0,0.0,0.0,0.0,,-1.069,53.184,-0.588,54.475,,936.932,5.268,90.612,,0.0,,0.0,0.0,0.0,,,0.0,,58142064.0,102.428,50.243,,-11.513,7.922,-1.056,8.115,139.564,,,0.0,0.0,0.0,0.0,0.0,,,0.0,0.0,0.0,0.0,0.0
PAK,Pakistan,1971,6.005,0.427,-0.287,-0.084,-11.479,-0.605,-2.88,-2.95,,,,,,,,,,-20.802,8.546,-2.233,8.502,,142.322,7.545,126.31,,,,,,3.814,0.049,,,0.0,3.814,0.0,0.0,,,0.993,1665.334,-5.9,89.214,-5.565,88.749,1485.719,,,100157191596.0,,-0.287,29.173,-0.084,29.02,,485.824,29.02,485.824,,30.56,10.65,2.48,10.594,63.848,177.356,,3.863,64.662,32.224,10.786,2.615,10.729,179.617,,,,,0.136,0.135,0.135,0.814,2.261,,-5.963,51.495,-3.248,51.227,,857.572,4.664,78.073,,0.0,,0.0,0.0,0.0,,,0.0,,59734480.0,99.478,63.848,,30.56,10.65,2.48,10.594,177.356,,,0.0,0.0,0.0,0.0,0.0,,,0.0,0.0,0.0,0.0,0.0
PAK,Pakistan,1972,-5.211,-0.393,-7.323,-2.125,-3.491,-0.163,-11.838,-11.776,,,,,,,,,,-19.836,7.771,-1.686,6.815,,111.029,7.152,116.514,,,,,,4.013,0.203,,,0.0,4.013,0.0,0.0,,,0.869,1428.793,-14.375,86.646,-12.758,75.991,1237.998,,,100869215055.0,,-7.323,30.667,-2.125,26.895,,438.164,26.895,438.164,,5.214,12.71,0.552,11.147,65.374,181.596,,4.216,68.686,9.153,13.354,0.982,11.711,190.796,,,,318.182,0.644,0.43,0.565,3.312,9.2,,-17.464,48.209,-8.946,42.28,,688.805,4.501,73.325,,0.0,,0.0,0.0,0.0,,,0.0,,61381980.0,87.702,65.374,,5.214,12.71,0.552,11.147,181.596,,,0.0,0.0,0.0,0.0,0.0,,,0.0,0.0,0.0,0.0,0.0
PAK,Pakistan,1973,-4.064,-0.291,13.909,3.741,-3.618,-0.163,6.674,5.853,,,,,,,,,,-0.683,7.235,-0.047,6.769,,107.27,6.861,108.737,,,,,,4.234,0.38,,,0.0,4.234,0.0,0.0,,,0.865,1482.666,6.249,86.301,4.748,80.739,1279.555,,,108175170285.0,,13.909,32.747,3.741,30.636,,485.522,30.636,485.522,,5.507,12.571,0.614,11.761,67.097,186.381,,4.614,73.12,9.434,13.699,1.105,12.816,203.112,,,,86.957,1.128,0.491,1.056,6.023,16.731,,2.493,46.319,1.054,43.334,,686.763,4.338,68.749,,0.0,,0.0,0.0,0.0,,,0.0,,63099404.0,93.555,67.097,,5.507,12.571,0.614,11.761,186.381,,,0.0,0.0,0.0,0.0,0.0,,,0.0,0.0,0.0,0.0,0.0
PAK,Pakistan,1974,-6.229,-0.427,10.63,3.257,-13.405,-0.582,6.969,6.52,,,,,,,,,,-8.419,6.194,-0.57,6.199,,95.504,6.434,99.125,,,,,,4.256,0.53,,,0.0,4.256,0.0,0.0,,,0.895,1541.844,7.482,86.715,6.041,86.78,1337.01,,,111773758740.0,,10.63,33.867,3.257,33.893,,522.181,33.893,522.181,,0.522,11.813,0.061,11.822,65.57,182.139,,4.786,73.741,3.736,13.285,0.479,13.295,204.835,,,,39.535,1.472,0.417,1.473,8.171,22.696,,7.74,46.654,3.354,46.688,,719.325,3.756,57.876,,0.0,,0.0,0.0,0.0,,,0.0,,64905996.0,100.075,65.57,,0.522,11.813,0.061,11.822,182.139,,,0.0,0.0,0.0,0.0,0.0,,,0.0,0.0,0.0,0.0,0.0
PAK,Pakistan,1975,16.386,1.054,12.343,4.183,-19.195,-0.721,7.785,7.791,,,,,,,,,,-3.002,5.574,-0.186,6.013,,89.988,7.488,112.069,,,,,,4.897,0.61,,,0.0,4.897,0.0,0.0,,,0.926,1614.345,6.671,85.819,5.79,92.57,1385.421,,,116475292419.0,,12.343,35.3,4.183,38.076,,569.856,38.076,569.856,,15.057,12.61,1.78,13.602,73.285,203.57,,5.507,82.413,15.051,14.181,2.001,15.296,228.925,,,,15.0,1.571,0.221,1.694,9.128,25.354,,3.839,44.946,1.792,48.481,,725.577,3.035,45.429,,0.0,,0.0,0.0,0.0,,,0.0,,66816876.0,107.865,73.285,,15.057,12.61,1.78,13.602,203.57,,,0.0,0.0,0.0,0.0,0.0,,,0.0,0.0,0.0,0.0,0.0
PAK,Pakistan,1976,-13.394,-1.003,1.974,0.752,3.831,0.116,1.499,1.617,,,,,,,,,,-0.967,5.439,-0.058,5.955,,86.506,6.485,94.214,,,,,,5.317,0.517,,,0.0,5.317,0.0,0.0,,,0.893,1590.515,0.765,85.199,0.708,93.278,1355.104,,,122635618084.0,,1.974,35.465,0.752,38.827,,564.072,38.827,564.072,,8.574,13.489,1.166,14.768,77.237,214.547,,5.834,84.749,5.939,14.801,0.908,16.204,235.413,,,,-15.217,1.312,-0.258,1.436,7.512,20.866,,0.03,44.295,0.015,48.496,,704.526,3.152,45.787,,0.0,,0.0,0.0,0.0,,,0.0,,68834320.0,109.482,77.237,,8.574,13.489,1.166,14.768,214.547,,,0.0,0.0,0.0,0.0,0.0,,,0.0,0.0,0.0,0.0,0.0
PAK,Pakistan,1977,0.791,0.051,9.247,3.591,76.015,2.396,8.145,8.918,,,,,,,,,,8.789,5.471,0.523,6.478,,91.292,6.536,92.116,,,,,,6.315,0.327,,,0.0,6.315,0.0,0.0,,,0.929,1668.587,7.152,84.416,6.671,99.949,1408.561,,,127467030866.0,,9.247,35.826,3.591,42.418,,597.789,42.418,597.789,,18.786,14.816,2.774,17.543,89.001,247.224,,6.642,93.609,13.864,15.584,2.247,18.451,260.027,,,,-36.752,0.767,-0.528,0.908,4.609,12.802,,5.274,43.119,2.557,51.053,,719.48,5.548,78.18,,0.0,,0.0,0.0,0.0,,,0.0,,70958168.0,118.4,89.001,,18.786,14.816,2.774,17.543,247.224,,,0.0,0.0,0.0,0.0,0.0,,,0.0,0.0,0.0,0.0,0.0
PAK,Pakistan,1978,11.508,0.752,2.756,1.169,-1.258,-0.07,6.92,8.194,,,,,,,,,,6.463,5.448,0.419,6.897,,94.219,7.289,99.575,,,,,,7.84,0.168,,,0.0,7.84,0.0,0.0,,,0.919,1729.484,4.403,82.429,4.4,104.349,1425.589,,,137688236000.0,,2.756,34.431,1.169,43.587,,595.474,43.587,595.473,,24.143,17.203,4.235,21.778,107.108,297.523,,8.008,109.402,20.559,17.571,3.793,22.244,303.896,,,,-48.649,0.368,-0.442,0.466,2.294,6.373,,5.509,42.55,2.813,53.866,,735.896,5.478,74.835,,0.0,,0.0,0.0,0.0,,,0.0,,73197256.0,126.593,107.108,,24.143,17.203,4.235,21.778,297.523,,,0.0,0.0,0.0,0.0,0.0,,,0.0,0.0,0.0,0.0,0.0
PAK,Pakistan,1979,-1.407,-0.103,12.644,5.511,5.308,0.291,9.028,11.429,,,,,,,,,,11.467,5.57,0.791,7.687,,101.738,7.186,95.103,,,,,,8.476,0.053,,,0.0,8.476,0.0,0.0,,,0.967,1826.626,9.564,82.834,9.98,114.329,1513.068,,,142754665366.0,,12.644,35.573,5.511,49.098,,649.779,49.098,649.779,,8.117,17.059,1.768,23.546,112.179,311.61,,8.529,112.881,6.512,17.166,1.449,23.693,313.56,,,,-68.421,0.107,-0.319,0.147,0.702,1.95,,6.828,41.692,3.678,57.544,,761.551,5.768,76.342,,0.0,,0.0,0.0,0.0,,,0.0,,75561128.0,138.022,112.179,,8.117,17.059,1.768,23.546,311.61,,,0.0,0.0,0.0,0.0,0.0,,,0.0,0.0,0.0,0.0,0.0
PAK,Pakistan,1980,17.168,1.234,22.109,10.855,9.131,0.527,10.961,15.129,,,,,,,,,,6.505,5.346,0.5,8.188,,104.895,8.42,107.871,,,,,,8.887,0.08,,,0.0,8.887,0.0,0.0,,,0.971,1962.11,12.17,83.736,13.914,128.243,1642.997,,,157740585567.0,,22.109,39.146,10.855,59.953,,768.094,59.953,768.093,,4.849,16.12,1.142,24.687,113.862,316.283,,8.967,114.881,5.13,16.264,1.215,24.908,319.114,,,,50.0,0.144,0.074,0.221,1.019,2.831,,4.447,39.244,2.559,60.102,,770.008,6.295,80.652,,0.0,,0.0,0.0,0.0,,,0.0,,78054344.0,153.151,113.862,,4.849,16.12,1.142,24.687,316.283,,,0.0,0.0,0.0,0.0,0.0,,,0.0,0.0,0.0,0.0,0.0
PAK,Pakistan,1981,-3.186,-0.268,9.053,5.427,-0.239,-0.015,7.545,11.555,,,,,,,,,,13.494,5.642,1.105,9.292,,115.175,8.152,101.035,,,,,,9.281,0.168,,,0.0,9.281,0.0,0.0,,,0.968,2041.459,7.967,84.065,10.217,138.46,1716.149,,,170114459996.0,,9.053,39.695,5.428,65.38,,810.364,65.38,810.363,,4.426,15.652,1.093,25.78,115.031,319.53,,9.449,117.112,5.372,15.935,1.338,26.246,325.312,,,,111.111,0.283,0.246,0.466,2.082,5.782,,6.13,38.728,3.684,63.787,,790.61,6.28,77.84,,0.0,,0.0,0.0,0.0,,,0.0,,80680464.0,164.706,115.031,,4.426,15.652,1.093,25.78,319.53,,,0.0,0.0,0.0,0.0,0.0,,,0.0,0.0,0.0,0.0,0.0
PAK,Pakistan,1982,13.462,1.097,9.068,5.928,19.66,1.235,10.262,16.901,,,,,,,,,,13.392,5.802,1.244,10.537,,126.293,9.249,110.856,,,,,,10.443,0.203,,,0.0,10.443,0.0,0.0,,,0.992,2176.72,9.804,83.716,13.575,152.034,1822.262,,,183113348418.0,,9.068,39.266,5.929,71.309,,854.701,71.309,854.7,,12.524,15.973,3.229,29.008,125.169,347.692,,10.646,127.606,12.675,16.284,3.327,29.573,354.46,,,,21.053,0.311,0.098,0.565,2.437,6.768,,10.036,38.648,6.402,70.188,,841.268,7.515,90.072,,0.0,,0.0,0.0,0.0,,,0.0,,83431592.0,181.607,125.169,,12.524,15.973,3.229,29.008,347.692,,,0.0,0.0,0.0,0.0,0.0,,,0.0,0.0,0.0,0.0,0.0
PAK,Pakistan,1983,2.825,0.261,-1.405,-1.002,8.248,0.62,6.807,12.361,,,,,,,,,,13.466,6.164,1.419,11.956,,138.558,9.51,110.217,,,,,,12.096,0.274,,,0.0,12.096,0.0,0.0,,,0.992,2247.975,4.982,82.285,7.574,159.608,1849.756,,,195559359671.0,,-1.405,36.247,-1.002,70.307,,814.815,70.307,814.814,,15.827,17.322,4.591,33.6,140.184,389.4,,12.37,143.359,16.189,17.715,4.788,34.361,398.221,,,,34.783,0.392,0.196,0.761,3.176,8.821,,10.197,39.875,7.157,77.345,,896.382,8.135,94.275,,0.0,,0.0,0.0,0.0,,,0.0,,86285936.0,193.969,140.184,,15.827,17.322,4.591,33.6,389.4,,,0.0,0.0,0.0,0.0,0.0,,,0.0,0.0,0.0,0.0,0.0
PAK,Pakistan,1984,26.923,2.56,2.613,1.837,30.746,2.501,5.854,11.355,,,,,,,,,,13.424,6.605,1.605,13.561,,152.001,12.071,135.3,,,,,,12.538,0.331,,,0.0,12.538,0.0,0.0,,,1.01,2301.477,6.245,82.589,9.967,169.575,1900.777,,,203232803436.0,,2.613,35.137,1.837,72.144,,808.666,72.144,808.665,,3.654,16.962,1.228,34.827,140.537,390.381,,12.869,144.252,4.037,17.411,1.387,35.748,400.701,,,,20.968,0.448,0.16,0.921,3.715,10.32,,8.437,40.848,6.526,83.871,,940.11,10.636,119.216,,0.0,,0.0,0.0,0.0,,,0.0,,89213712.0,205.323,140.537,,3.654,16.962,1.228,34.827,390.381,,,0.0,0.0,0.0,0.0,0.0,,,0.0,0.0,0.0,0.0,0.0
PAK,Pakistan,1985,-5.195,-0.627,2.083,1.503,104.425,11.106,5.106,10.483,,,,,,,,,,13.465,7.13,1.826,15.386,,166.897,11.444,124.128,,,,,,13.024,0.389,,,0.0,13.024,0.0,0.0,28.825,,0.977,2340.85,5.292,82.735,8.973,178.549,1936.715,,,220940073180.0,,2.083,34.126,1.503,73.647,,798.849,73.647,798.848,45.183,3.877,16.764,1.35,36.178,141.271,392.419,46.532,13.413,145.489,4.224,17.265,1.51,37.258,404.137,,,1.349,17.333,0.501,0.16,1.08,4.218,11.718,,6.73,41.479,5.644,89.515,,970.969,21.742,235.836,,0.0,,0.0,0.0,0.0,,0.0,0.0,312.664,92191504.0,215.807,141.271,45.183,3.877,16.764,1.35,36.178,392.419,0.0,,0.0,0.0,0.0,0.0,0.0,0.0,,0.0,0.0,0.0,0.0,0.0
PAK,Pakistan,1986,-6.393,-0.732,7.256,5.344,19.914,4.33,6.103,13.17,,,,,,,,,,13.454,7.624,2.07,17.457,,183.338,10.712,112.503,,,,,,12.454,0.526,,,0.0,12.454,0.0,0.0,32.348,,0.975,2404.827,8.05,84.254,14.373,192.922,2026.161,,,234955264420.0,,7.256,34.497,5.344,78.991,,829.604,78.991,829.603,38.5,-4.377,15.108,-1.584,34.594,130.797,363.325,40.125,12.98,136.32,-3.229,15.746,-1.203,36.055,378.667,,,1.626,35.227,0.638,0.381,1.461,5.523,15.343,,7.774,42.133,6.959,96.474,,1013.219,26.072,273.818,,0.0,,0.0,0.0,0.0,,0.0,0.0,339.735,95215376.0,228.977,130.797,38.5,-4.377,15.108,-1.584,34.594,363.325,0.0,,0.0,0.0,0.0,0.0,0.0,0.0,,0.0,0.0,0.0,0.0,0.0
PAK,Pakistan,1987,17.561,1.881,7.082,5.594,0.0,0.0,11.991,27.457,,,,,,,,,,13.524,7.728,2.361,19.818,,201.632,12.593,128.128,,,,,,16.374,0.305,,,0.0,16.374,0.0,0.0,36.347,,1.031,2609.065,8.906,81.933,17.182,210.104,2137.685,,,248712730884.0,,7.082,32.985,5.595,84.586,,860.609,84.586,860.608,45.049,31.476,17.737,10.889,45.483,166.595,462.763,45.888,16.679,169.697,28.498,18.067,10.275,46.33,471.381,,,0.839,-42.017,0.33,-0.614,0.847,3.103,8.618,,9.564,41.22,9.227,105.701,,1075.445,26.072,265.264,,0.0,,0.0,0.0,0.0,,0.0,0.0,369.809,98285768.0,256.434,166.595,45.049,31.476,17.737,10.889,45.483,462.763,0.0,,0.0,0.0,0.0,0.0,0.0,0.0,,0.0,0.0,0.0,0.0,0.0
PAK,Pakistan,1988,12.033,1.515,6.022,5.093,7.41,1.932,6.255,16.039,,,,,,,,,,4.577,7.606,0.907,20.725,,204.406,14.108,139.151,,,,,,17.165,0.194,,,0.0,17.165,0.0,0.0,40.671,,1.029,2687.388,6.734,82.303,14.149,224.253,2211.793,,,264731813412.0,,6.022,32.913,5.094,89.679,,884.5,89.679,884.499,42.204,4.831,17.499,2.197,47.68,169.297,470.27,42.683,17.359,171.215,4.081,17.697,1.891,48.221,475.597,,,0.478,-36.232,0.198,-0.307,0.54,1.918,5.327,,7.709,41.784,8.148,113.849,,1122.887,28.004,276.197,,0.0,,0.0,0.0,0.0,,0.0,0.0,401.136,101389600.0,272.473,169.297,42.204,4.831,17.499,2.197,47.68,470.27,0.0,,0.0,0.0,0.0,0.0,0.0,0.0,,0.0,0.0,0.0,0.0,0.0
PAK,Pakistan,1989,0.741,0.105,6.611,5.929,6.353,1.779,6.106,16.639,,,,,,,,,,9.54,7.852,1.977,22.702,,217.215,14.213,135.993,,,,,,17.443,0.119,,,0.0,17.443,0.0,0.0,42.806,,1.042,2766.278,7.168,83.126,16.074,240.327,2299.493,,,277371083547.0,,6.611,33.069,5.929,95.608,,914.792,95.608,914.792,40.75,1.622,16.76,0.773,48.454,166.902,463.616,41.029,17.563,168.043,1.171,16.874,0.565,48.785,466.788,,,0.279,-38.636,0.115,-0.209,0.331,1.142,3.171,,7.175,42.204,8.168,122.017,,1167.485,29.783,284.965,,0.0,,0.0,0.0,0.0,,0.0,0.0,409.576,104512872.0,289.112,166.902,40.75,1.622,16.76,0.773,48.454,463.616,0.0,,0.0,0.0,0.0,0.0,0.0,0.0,,0.0,0.0,0.0,0.0,0.0
PAK,Pakistan,1990,3.676,0.523,6.812,6.513,29.075,8.659,4.6,13.299,,,,,,,,,,5.994,7.957,1.361,24.062,,223.53,14.736,136.886,,,,,,17.085,0.42,,,0.0,17.085,0.0,0.0,45.985,,1.043,2809.26,5.6,83.921,13.459,253.785,2357.551,,,290069532390.0,,6.812,33.769,6.513,102.12,,948.654,102.12,948.653,37.154,-2.052,15.694,-0.994,47.459,158.716,440.877,38.067,17.505,162.616,-0.327,16.079,-0.16,48.626,451.711,,,0.913,251.852,0.386,0.835,1.166,3.9,10.834,,4.577,42.195,5.585,127.602,,1185.368,38.442,357.107,,0.0,,0.0,0.0,0.0,,0.0,0.0,427.18,107647920.0,302.411,158.716,37.154,-2.052,15.694,-0.994,47.459,440.877,0.0,,0.0,0.0,0.0,0.0,0.0,0.0,,0.0,0.0,0.0,0.0,0.0
PAK,Pakistan,1991,0.355,0.052,8.013,8.183,2.192,0.843,5.948,17.988,,,,,,,,,,-1.015,7.434,-0.244,23.818,,215.008,14.788,133.489,,,,,,18.283,0.42,,,0.0,18.283,0.0,0.0,50.22,,1.029,2892.245,5.777,83.785,14.661,268.447,2423.272,,,311483368008.0,,8.013,34.427,8.183,110.304,,995.712,110.304,995.711,36.406,7.01,15.851,3.327,50.786,165.041,458.449,37.242,18.703,168.831,6.842,16.215,3.327,51.953,468.976,,,0.836,0.0,0.364,0.0,1.166,3.79,10.528,,5.268,41.924,6.723,134.325,,1212.552,39.284,354.621,,0.0,,0.0,0.0,0.0,,0.0,0.0,453.336,110778656.0,320.399,165.041,36.406,7.01,15.851,3.327,50.786,458.449,0.0,,0.0,0.0,0.0,0.0,0.0,0.0,,0.0,0.0,0.0,0.0,0.0
PAK,Pakistan,1992,5.3,0.784,-1.893,-2.088,-0.11,-0.043,5.001,16.022,,,,,,,,,,2.686,7.27,0.64,24.458,,214.71,15.572,136.699,,,,,,19.945,0.552,,,0.0,19.945,0.0,0.0,53.575,,1.026,2953.366,4.112,83.076,11.038,279.485,2453.534,,,327814345959.0,,-1.893,32.167,-2.088,108.216,,950.005,108.216,950.004,37.228,9.089,16.468,4.616,55.402,175.09,486.363,38.259,20.497,179.94,9.594,16.924,4.984,56.937,499.834,,,1.031,31.579,0.456,0.368,1.535,4.85,13.471,,9.295,43.639,12.486,146.811,,1288.82,39.241,344.49,,0.0,,0.0,0.0,0.0,,0.0,0.0,470.323,113911128.0,336.421,175.09,37.228,9.089,16.468,4.616,55.402,486.363,0.0,,0.0,0.0,0.0,0.0,0.0,0.0,,0.0,0.0,0.0,0.0,0.0
PAK,Pakistan,1993,5.705,0.888,15.123,16.366,-2.565,-1.007,10.682,35.937,,,,,,,,,,4.993,6.896,1.221,25.679,,219.317,16.46,140.579,,,,,,21.933,0.407,,,0.0,21.933,0.0,0.0,57.012,,1.098,3180.196,11.027,83.334,30.818,310.303,2650.2,,,338978425621.0,,15.123,33.458,16.366,124.582,,1064.016,124.582,1064.015,38.472,9.971,16.362,5.524,60.926,187.327,520.353,39.185,22.34,190.799,8.991,16.666,5.119,62.056,529.999,,,0.713,-26.4,0.303,-0.405,1.129,3.473,9.646,,9.012,42.981,13.231,160.042,,1366.867,38.235,326.55,,0.0,,0.0,0.0,0.0,,0.0,0.0,486.921,117086680.0,372.359,187.327,38.472,9.971,16.362,5.524,60.926,520.353,0.0,,0.0,0.0,0.0,0.0,0.0,0.0,,0.0,0.0,0.0,0.0,0.0
PAK,Pakistan,1994,-4.127,-0.679,1.944,2.422,-7.775,-2.973,3.526,13.13,,,,,,,,,,-0.725,6.613,-0.186,25.493,,211.801,15.781,131.109,,,,,,21.527,0.588,,,0.0,21.527,0.0,0.0,57.923,,1.081,3202.726,4.433,84.064,13.756,324.06,2692.357,,,356454502418.0,,1.944,32.946,2.422,127.004,,1055.173,127.004,1055.173,37.165,-1.854,15.512,-1.129,59.797,178.85,496.806,38.179,22.115,183.734,-1.009,15.936,-0.626,61.43,510.371,,,1.015,44.565,0.424,0.503,1.633,4.883,13.565,,7.199,44.505,11.521,171.563,,1425.382,35.262,292.963,,0.0,,0.0,0.0,0.0,,0.0,0.0,481.237,120362768.0,385.489,178.85,37.165,-1.854,15.512,-1.129,59.797,496.806,0.0,,0.0,0.0,0.0,0.0,0.0,0.0,,0.0,0.0,0.0,0.0,0.0
PAK,Pakistan,1995,4.967,0.784,2.564,3.256,6.62,2.334,5.469,21.083,,,,,,,,,,0.821,6.322,0.209,25.702,,207.65,16.564,133.825,,,,,,22.747,0.521,,,0.0,22.747,0.0,0.0,63.75,,1.079,3284.717,5.517,84.103,17.879,341.938,2762.54,,,376967612886.0,,2.564,32.039,3.257,130.26,,1052.379,130.26,1052.378,35.681,5.666,15.541,3.388,63.185,183.771,510.477,36.499,23.268,187.985,5.216,15.897,3.204,64.634,522.18,,,0.818,-11.278,0.356,-0.184,1.449,4.213,11.703,,8.401,45.742,14.413,185.976,,1502.511,37.596,303.741,,0.0,,0.0,0.0,0.0,,0.0,0.0,515.04,123776832.0,406.572,183.771,35.681,5.666,15.541,3.388,63.185,510.477,0.0,,0.0,0.0,0.0,0.0,0.0,0.0,,0.0,0.0,0.0,0.0,0.0
PAK,Pakistan,1996,9.148,1.515,8.654,11.273,-5.522,-2.076,6.491,26.391,,,,,,,,,,1.357,6.017,0.349,26.051,,204.565,18.08,141.97,,,,,,24.797,0.327,,,0.0,24.797,0.0,0.0,67.565,,1.106,3399.807,6.21,83.881,21.235,363.174,2851.791,,,391435210814.0,,8.654,32.689,11.273,141.532,,1111.373,141.532,1111.372,36.701,9.015,15.909,5.696,68.881,194.718,540.885,37.185,25.124,197.286,7.977,16.119,5.156,69.79,548.018,,,0.484,-37.288,0.21,-0.54,0.908,2.568,7.133,,5.169,45.175,9.614,195.59,,1535.853,35.52,278.917,,0.0,,0.0,0.0,0.0,,0.0,0.0,530.549,127349296.0,432.963,194.718,36.701,9.015,15.909,5.696,68.881,540.885,0.0,,0.0,0.0,0.0,0.0,0.0,0.0,,0.0,0.0,0.0,0.0,0.0
PAK,Pakistan,1997,-9.249,-1.672,-0.295,-0.418,3.209,1.14,-3.098,-13.411,,,,,,,,,,-6.518,5.805,-1.698,24.353,,185.821,16.408,125.194,,,,,,18.447,0.451,,,0.0,18.447,0.0,0.0,62.481,,1.043,3201.282,1.07,87.488,3.886,367.059,2800.752,,,402359555077.0,,-0.295,33.635,-0.418,141.115,,1076.743,141.115,1076.742,29.523,-25.61,12.213,-17.641,51.241,140.752,390.978,30.245,18.897,144.191,-24.785,12.512,-17.297,52.493,400.532,,,0.721,37.838,0.298,0.344,1.252,3.44,9.554,,3.068,48.049,6.001,201.591,,1538.189,36.66,279.724,,0.0,,0.0,0.0,0.0,,0.0,0.0,476.745,131057432.0,419.552,140.752,29.523,-25.61,12.213,-17.641,51.241,390.978,0.0,,0.0,0.0,0.0,0.0,0.0,0.0,,0.0,0.0,0.0,0.0,0.0
PAK,Pakistan,1998,5.732,0.941,5.325,7.515,-3.012,-1.104,7.139,29.953,,,,,,,,,,0.096,5.423,0.023,24.376,,180.777,17.348,128.655,,,,,,24.108,0.393,,,0.0,24.108,0.0,0.0,66.396,,1.073,3333.538,3.92,84.859,14.387,381.447,2828.815,,,419024851493.0,,5.325,33.065,7.515,148.63,,1102.244,148.63,1102.243,36.309,30.69,14.898,15.726,66.966,178.784,496.623,36.902,24.501,181.701,29.654,15.141,15.566,68.059,504.725,,,0.592,-12.745,0.243,-0.16,1.093,2.917,8.103,,3.397,46.371,6.849,208.44,,1545.794,35.556,263.683,,0.0,,0.0,0.0,0.0,,0.0,0.0,492.394,134843232.0,449.505,178.784,36.309,30.69,14.898,15.726,66.966,496.623,0.0,,0.0,0.0,0.0,0.0,0.0,0.0,,0.0,0.0,0.0,0.0,0.0
PAK,Pakistan,1999,-0.301,-0.052,14.045,20.875,-1.995,-0.709,4.529,20.358,,,,,,,,,,0.048,5.19,0.012,24.388,,175.929,17.296,124.768,,,,,,21.505,0.08,,,0.0,21.505,0.0,0.0,65.302,,1.067,3389.466,7.461,87.24,28.461,409.907,2956.958,,,440333200620.0,,14.045,36.075,20.875,169.505,,1222.764,169.505,1222.763,32.931,-10.797,12.713,-7.231,59.736,155.13,430.916,33.053,21.584,155.704,-11.905,12.76,-8.102,59.957,432.51,,,0.122,-79.775,0.047,-0.872,0.221,0.574,1.594,,3.634,45.974,7.574,216.014,,1558.265,34.846,251.373,,0.0,,0.0,0.0,0.0,,0.0,0.0,471.071,138624624.0,469.863,155.13,32.931,-10.797,12.713,-7.231,59.736,430.916,0.0,,0.0,0.0,0.0,0.0,0.0,0.0,,0.0,0.0,0.0,0.0,0.0
PAK,Pakistan,2000,-2.417,-0.418,5.911,10.02,1.71,0.596,2.193,10.304,1.215,5.409,,,,,,411.356,0.836,-3.29,4.912,-0.802,23.586,3.723,165.695,16.878,118.572,63.4,0.77,0.53,45.23,29.66,17.02,0.38,15.04,0.0,0.77,17.79,0.0,0.0,63.4,26.08,1.044,3373.297,3.973,88.759,16.286,426.193,2994.116,317.752,71.341,459798549047.0,46.782,5.911,37.388,10.02,179.525,208.369,1261.21,179.525,1261.209,26.845,-18.352,10.158,-10.963,48.773,119.57,342.643,28.659,18.17,127.649,-9.978,11.241,-5.982,53.974,379.183,0.0,0.0,0.599,1088.889,0.547,2.406,2.627,2.67,18.456,23.722,3.272,46.459,7.068,223.082,105.66,1567.211,35.442,248.991,0.0,5.409,,0.536,2.574,2.574,0.0,1.215,18.084,445.401,142343584.0,480.167,124.979,28.06,-14.043,10.694,-8.388,51.347,360.727,0.0,,0.0,0.0,0.0,0.0,0.0,0.0,,0.0,0.0,0.0,0.0,0.0
PAK,Pakistan,2001,0.929,0.157,5.581,10.02,10.736,3.805,2.338,11.225,1.147,5.412,,,,,,396.166,0.799,3.797,4.982,0.896,24.481,3.768,167.704,17.035,116.693,68.86,0.79,0.55,47.34,31.34,18.75,1.98,15.45,0.0,0.79,19.54,0.0,0.0,68.86,27.28,1.028,3366.199,1.538,88.066,6.555,432.748,2964.468,324.295,68.748,477964487445.0,45.513,5.581,38.573,10.02,189.545,214.689,1298.447,189.545,1298.446,27.229,3.502,10.273,1.708,50.481,128.444,345.811,31.252,21.52,147.419,8.652,11.934,4.67,58.644,401.733,0.0,0.0,2.875,119.129,1.172,3.13,5.757,13.564,39.435,22.437,-1.955,44.511,-4.36,218.722,105.838,1498.318,39.247,268.856,0.0,5.412,-6.503,0.49,-0.167,2.407,0.0,1.147,16.487,471.714,145978400.0,491.392,133.855,28.376,3.0,10.763,1.54,52.888,362.298,0.0,,0.0,0.0,0.0,0.0,0.0,0.0,,0.0,0.0,0.0,0.0,0.0
PAK,Pakistan,2002,7.055,1.202,8.414,15.949,6.969,2.735,3.777,18.561,1.132,5.483,,,,,,380.4,0.759,12.114,5.382,2.966,27.447,3.678,183.53,18.237,121.943,72.45,0.82,0.55,47.7,31.58,22.13,1.8,15.57,0.0,0.82,22.95,0.0,0.0,72.45,27.56,1.01,3409.924,3.094,87.486,13.388,446.137,2983.2,318.958,65.839,504824797024.0,43.589,8.414,40.297,15.949,205.494,211.167,1374.083,205.494,1374.082,30.545,10.901,10.978,5.503,55.984,147.978,374.35,34.161,24.75,165.497,8.82,12.514,5.172,63.817,426.727,0.0,0.0,2.484,-9.697,1.019,-0.558,5.199,12.036,34.761,21.491,-2.526,41.807,-5.526,213.196,104.113,1425.588,41.982,280.726,0.0,5.483,9.46,0.517,0.228,2.634,0.0,1.132,17.616,484.454,149549680.0,509.953,153.461,31.677,10.835,11.495,5.731,58.618,391.966,0.0,,0.0,0.0,0.0,0.0,0.0,0.0,,0.0,0.0,0.0,0.0,0.0
PAK,Pakistan,2003,-4.327,-0.789,24.337,50.01,-6.111,-2.565,8.738,44.558,1.058,5.356,,,,,,360.738,0.723,26.536,6.263,7.283,34.73,3.658,226.856,17.447,113.966,77.55,0.82,0.56,48.18,31.89,26.67,1.81,15.73,0.0,0.82,27.49,0.0,0.0,77.48,27.95,1.019,3622.044,7.472,86.468,33.337,479.473,3131.902,314.71,62.184,543920411660.0,41.159,24.337,46.077,50.01,255.504,208.304,1668.942,255.504,1668.941,34.422,19.7,12.085,11.029,67.012,174.207,437.723,37.816,29.3,191.386,17.584,13.532,11.221,75.038,490.146,0.09,0.07,2.336,-0.178,0.936,-0.009,5.189,11.823,33.896,20.302,-11.237,34.127,-23.957,189.239,102.748,1236.103,39.417,257.47,0.0,5.356,7.663,0.512,0.202,2.836,0.0,1.058,18.527,506.096,153093376.0,554.511,179.564,35.48,19.159,12.596,11.23,69.849,456.25,0.0,,0.0,0.0,0.0,0.0,0.0,0.0,,0.0,0.0,0.0,0.0,0.0
PAK,Pakistan,2004,1.647,0.287,20.063,51.262,3.509,1.383,11.336,62.859,1.134,5.872,,,,,,376.803,0.752,11.801,6.289,4.099,38.829,3.894,247.846,17.735,113.203,81.24,0.92,0.61,52.87,35.0,25.41,1.93,17.26,0.0,0.92,26.33,0.0,0.0,81.13,30.57,1.043,3940.706,11.988,86.974,57.479,536.952,3427.396,337.472,65.167,592025903883.0,43.141,20.063,49.689,51.262,306.766,223.407,1958.107,306.766,1958.105,31.32,5.901,11.495,3.954,70.967,162.194,452.986,34.833,28.26,180.385,7.17,13.026,5.38,80.418,513.314,0.135,0.11,2.379,25.98,1.059,1.348,6.537,12.319,41.729,21.274,1.119,30.996,2.118,191.357,110.172,1221.443,40.8,260.43,0.0,5.872,2.732,0.472,0.077,2.914,0.0,1.134,18.599,517.858,156664704.0,617.37,168.066,32.454,5.772,11.967,4.032,73.881,471.585,0.0,,0.0,0.0,0.0,0.0,0.0,0.0,,0.0,0.0,0.0,0.0,0.0
PAK,Pakistan,2005,2.74,0.486,6.303,19.336,2.929,1.195,3.745,23.12,1.082,6.051,,,,,,360.411,0.714,10.97,6.727,4.26,43.088,3.992,268.791,18.221,113.664,89.77,0.97,0.64,55.69,36.87,30.55,2.41,18.18,0.0,0.97,31.52,0.0,0.0,89.62,32.3,0.999,3995.468,2.632,86.041,14.133,551.085,3437.751,347.402,62.14,641139075388.0,41.14,6.303,50.914,19.336,326.102,230.0,2034.273,326.102,2034.272,34.088,16.362,12.893,11.611,82.578,190.575,515.135,37.86,33.93,211.66,11.175,13.959,8.987,89.405,557.72,0.167,0.15,2.689,4.423,1.066,0.289,6.827,15.034,42.585,20.286,-4.945,28.399,-9.462,181.895,113.41,1134.687,41.995,261.972,0.0,6.051,-100.0,0.0,-2.914,0.0,0.0,1.082,0.0,559.063,160304000.0,640.489,196.626,35.171,11.772,12.893,8.697,82.578,515.135,0.0,,0.0,0.0,0.0,0.0,0.0,0.0,,0.0,0.0,0.0,0.0,0.0
PAK,Pakistan,2006,14.87,2.709,2.175,7.093,0.058,0.025,5.524,35.38,1.092,6.28,,,,,,363.27,0.721,7.007,6.822,3.019,46.107,4.146,281.103,20.93,127.605,94.48,1.03,0.68,59.1,39.13,31.63,2.55,19.29,0.0,1.03,32.66,0.0,0.0,94.31,34.26,0.985,4120.587,6.742,87.035,37.155,588.24,3586.335,360.316,62.666,685965004515.0,41.491,2.175,49.299,7.093,333.195,238.565,2031.397,333.195,2031.395,33.538,-2.081,11.964,-1.719,80.859,192.839,492.977,37.334,35.21,214.666,-1.985,12.965,-1.775,87.63,534.255,0.18,0.17,2.704,-0.82,1.002,-0.056,6.771,15.547,41.278,20.454,14.867,30.914,27.043,208.938,117.606,1273.835,42.02,256.182,0.0,6.28,,0.0,0.0,0.0,0.0,1.092,0.0,574.982,164022624.0,675.87,199.119,34.63,-2.081,11.964,-1.719,80.859,492.977,0.0,,0.0,0.0,0.0,0.0,0.0,0.0,,0.0,0.0,0.0,0.0,0.0
PAK,Pakistan,2007,-7.789,-1.63,1.443,4.808,7.729,3.248,6.347,42.897,1.212,6.555,,,,,,375.785,0.749,36.951,8.785,17.037,63.144,4.052,376.289,19.3,115.012,90.97,1.1,0.68,58.94,39.02,28.42,2.31,19.24,0.0,1.1,29.52,0.0,0.0,90.77,34.11,0.999,4283.265,6.838,87.436,40.223,628.463,3745.129,351.235,64.933,719251907035.0,42.988,1.443,47.025,4.808,338.003,232.527,2014.222,338.003,2014.221,31.31,4.066,11.707,3.287,84.147,169.36,501.446,35.067,31.83,189.681,3.052,12.564,2.674,90.304,538.14,0.22,0.2,2.545,-9.062,0.857,-0.614,6.157,13.766,36.691,21.196,8.796,31.626,18.378,227.316,114.655,1354.618,45.267,269.756,0.0,6.555,,0.0,0.0,0.0,0.0,1.212,0.0,540.915,167808112.0,718.767,175.915,32.522,4.066,11.707,3.288,84.147,501.449,0.0,,0.0,0.001,0.001,0.0,0.003,0.0,,0.0,0.0,0.0,0.0,0.0
PAK,Pakistan,2008,7.689,1.484,2.389,8.074,-8.654,-3.917,0.62,4.453,1.322,6.758,,,,,,378.32,0.752,10.303,9.631,6.506,69.65,3.845,405.77,20.784,121.084,87.96,1.16,0.66,57.32,37.95,27.51,1.74,18.71,0.0,1.16,28.67,0.0,0.0,87.73,33.19,0.968,4213.363,2.86,89.383,17.973,646.436,3766.036,333.937,65.337,746909314977.0,43.258,2.389,47.852,8.074,346.076,221.091,2016.187,346.076,2016.185,31.358,-14.235,9.979,-11.978,72.168,160.269,420.442,34.663,30.41,177.164,-14.972,10.617,-13.52,76.784,447.331,0.261,0.23,1.983,-25.104,0.638,-1.546,4.611,10.137,26.865,21.327,1.493,31.9,3.394,230.71,109.002,1344.079,41.35,240.899,0.0,6.758,,0.0,0.0,0.0,0.0,1.322,0.0,511.101,171648992.0,723.22,167.027,32.68,-14.231,9.979,-11.975,72.173,420.466,0.0,682.383,0.001,0.004,0.004,0.0,0.024,0.0,,0.0,0.0,0.0,0.0,0.0
PAK,Pakistan,2009,-11.766,-2.445,0.272,0.941,-2.14,-0.885,1.292,9.345,1.297,6.723,,,,,,376.539,0.737,-17.766,7.819,-12.374,57.276,3.817,326.311,18.338,104.477,91.21,1.18,0.67,59.32,39.65,27.81,2.64,19.0,0.0,1.18,29.0,0.0,0.01,90.96,34.25,0.945,4173.548,0.623,88.793,4.028,650.464,3705.808,337.956,65.215,774875300674.0,43.591,0.272,47.37,0.941,347.017,225.893,1977.016,347.017,1977.015,30.574,4.496,10.294,3.245,75.413,158.438,429.643,34.785,31.64,180.259,6.925,11.207,5.317,82.101,467.743,0.274,0.25,2.902,44.723,0.911,2.062,6.674,15.041,38.021,20.888,6.702,33.604,15.462,246.171,108.246,1402.481,40.465,230.537,0.0,6.723,,0.0,0.0,0.0,0.0,1.297,0.0,518.215,175525616.0,732.565,165.218,31.882,4.51,10.296,3.255,75.427,429.722,0.0,233.245,0.002,0.01,0.014,0.0,0.08,0.011,,0.0,0.0,0.0,0.057,0.0
PAK,Pakistan,2010,-4.06,-0.745,1.864,6.467,3.969,1.606,0.411,3.01,1.104,5.518,,,,,,352.738,0.625,-6.03,7.317,-3.454,53.822,3.121,299.97,17.594,98.057,89.94,0.99,0.56,54.61,36.61,31.49,2.56,17.44,0.0,0.99,32.5,0.01,0.01,89.67,31.63,0.913,4099.628,0.111,88.528,0.722,651.186,3629.303,304.362,60.901,805483296365.0,40.827,1.864,48.056,6.467,353.484,204.041,1970.099,353.484,1970.097,35.118,3.066,10.567,2.312,77.725,175.505,433.193,39.099,35.06,195.402,2.786,11.472,2.287,84.388,470.328,0.3,0.27,2.855,-0.686,0.901,-0.046,6.628,14.268,36.94,19.449,-0.931,33.155,-2.291,243.88,97.2,1359.235,42.071,234.479,0.0,5.518,,0.0,0.0,0.0,0.0,1.104,0.0,499.764,179424640.0,735.574,181.135,36.244,3.093,10.571,2.333,77.76,433.388,0.011,150.481,0.005,0.021,0.035,0.056,0.195,0.011,,0.0,0.0,0.0,0.056,0.0
PAK,Pakistan,2011,-4.158,-0.732,-0.025,-0.087,1.486,0.625,-0.094,-0.695,1.092,5.345,,,,,,364.68,0.624,-13.82,6.312,-7.438,46.384,3.054,252.994,16.862,91.972,90.02,0.98,0.56,56.65,37.91,28.23,3.84,18.18,0.0,0.98,29.26,0.03,0.02,89.75,32.73,0.87,4008.285,-0.902,87.812,-5.874,645.313,3519.756,308.988,63.12,845085921753.0,42.24,-0.025,48.089,-0.087,353.396,206.774,1927.547,353.396,1927.545,31.454,2.006,10.789,1.559,79.284,153.976,432.444,36.88,33.1,180.539,6.137,12.188,5.179,89.568,488.532,0.3,0.27,4.279,54.101,1.39,3.586,10.214,20.945,55.709,20.256,0.677,33.411,1.652,245.532,99.16,1339.215,42.696,232.88,0.0,5.345,,0.0,0.0,0.0,0.0,1.092,0.0,489.527,183340176.0,734.88,159.594,32.602,2.049,10.798,1.593,79.354,432.823,0.033,98.588,0.009,0.035,0.07,0.164,0.379,0.022,,0.0,0.0,0.0,0.109,0.0
PAK,Pakistan,2012,-5.795,-0.977,3.559,12.576,7.537,3.218,-6.677,-49.068,1.033,5.126,,,,,,353.422,0.592,1.361,6.855,0.631,47.015,2.937,251.041,15.885,84.82,93.3,0.96,0.55,57.06,38.82,29.56,5.27,17.69,0.0,0.96,30.59,0.07,0.0,92.92,32.84,0.775,3661.957,0.869,94.912,5.607,650.92,3475.647,304.677,61.408,884405426224.0,41.778,3.559,53.363,12.576,365.972,207.283,1954.145,365.972,1954.144,31.812,-65.087,4.036,-51.604,27.681,157.838,147.803,38.592,35.86,191.478,-61.043,5.088,-54.675,34.893,186.313,0.407,0.38,5.672,-31.526,1.02,-3.22,6.994,28.14,37.343,19.038,-3.095,34.693,-7.6,237.932,94.457,1270.461,45.915,245.165,0.0,5.126,,0.0,0.0,0.0,0.0,1.033,0.0,496.155,187280128.0,685.812,163.338,32.921,-64.842,4.068,-51.455,27.899,148.969,0.075,143.818,0.025,0.1,0.17,0.374,0.905,0.0,,0.007,0.049,0.049,0.0,0.261
PAK,Pakistan,2013,-1.76,-0.28,-2.764,-10.115,13.198,6.06,8.807,60.401,1.068,5.542,,,,,,357.625,0.595,-20.747,4.993,-9.754,37.261,3.085,194.817,15.606,81.593,99.63,1.06,0.59,61.66,41.95,31.55,4.4,19.12,0.0,1.06,33.15,0.14,0.4,99.21,35.48,0.801,3901.547,0.463,87.633,3.011,653.93,3419.051,322.387,62.151,931154840940.0,42.284,-2.764,47.688,-10.115,355.857,219.334,1860.588,355.857,1860.587,31.801,191.221,10.803,52.931,80.612,164.958,421.474,37.849,37.55,196.329,164.478,12.367,57.391,92.283,482.5,0.422,0.42,4.435,56.051,1.463,3.92,10.914,23.005,57.062,19.272,9.616,34.951,22.88,260.812,99.968,1363.646,51.974,271.747,0.0,5.542,,0.0,0.0,0.0,0.0,1.068,0.0,518.716,191260800.0,746.213,173.324,33.414,191.658,10.904,53.471,81.37,425.438,0.141,118.587,0.05,0.201,0.371,0.732,1.937,0.403,691.892,0.052,0.339,0.388,2.091,2.026
PAK,Pakistan,2014,13.26,2.069,-1.683,-5.99,15.471,8.041,3.224,24.054,1.152,5.991,,,,,,351.083,0.531,47.586,7.139,17.731,54.992,2.765,281.569,17.675,90.498,102.04,1.17,0.54,62.66,44.61,32.15,4.58,17.51,0.0,1.17,34.36,0.24,0.8,101.6,35.67,0.785,3943.921,3.159,87.578,20.655,674.586,3454.01,320.832,61.673,981580415325.0,43.907,-1.683,45.421,-5.99,349.867,228.412,1791.389,349.867,1791.387,31.644,2.212,10.697,1.783,82.395,164.614,421.878,38.327,38.94,199.38,3.684,12.422,3.399,95.683,489.914,0.431,0.44,4.508,8.897,1.543,0.971,11.885,23.45,60.852,17.234,3.418,35.017,8.915,269.726,89.655,1381.053,60.016,307.292,0.0,5.991,,0.0,0.0,0.0,0.0,1.152,0.0,520.212,195305008.0,770.268,175.93,33.819,2.984,10.879,2.428,83.798,429.062,0.236,63.421,0.079,0.235,0.606,1.229,3.101,0.787,105.779,0.104,0.41,0.797,4.096,4.083
PAK,Pakistan,2015,-1.7,-0.3,0.174,0.609,-3.902,-2.342,5.14,39.592,1.182,6.318,,,,,,350.403,0.535,-1.629,6.68,-0.896,54.096,2.858,271.258,17.374,87.121,107.08,1.26,0.57,65.58,46.69,34.29,4.33,18.32,0.0,1.26,36.71,0.37,0.79,106.62,37.36,0.779,4060.933,5.754,88.089,38.813,713.399,3577.244,328.842,61.508,1039812877763.0,43.791,4.423,45.112,15.475,365.342,234.121,1831.959,350.476,1757.414,32.161,0.643,10.239,0.529,82.924,171.943,415.813,38.492,41.04,205.79,0.814,11.911,0.779,96.461,483.692,0.43,0.46,4.061,-8.362,1.345,-0.994,10.891,21.712,54.611,17.183,8.985,36.298,24.234,293.961,91.863,1474.027,57.674,289.197,0.0,6.318,,0.025,0.202,0.202,0.0,1.182,1.011,534.632,199426960.0,809.859,184.077,34.431,2.115,10.566,1.772,85.57,429.081,0.347,53.594,0.115,0.325,0.93,1.855,4.664,0.741,89.883,0.187,0.717,1.514,3.961,7.593
PAK,Pakistan,2016,23.278,4.044,-1.053,-3.689,-4.792,-2.764,9.096,73.667,1.394,8.005,,,,,,368.66,0.71,14.827,7.031,8.021,62.117,4.076,305.047,21.419,105.184,117.41,1.63,0.83,75.8,53.84,31.86,5.44,21.13,0.0,1.63,35.67,0.85,1.33,116.91,43.1,0.802,4338.851,8.982,87.997,64.074,777.473,3818.042,372.241,64.836,1101753910650.0,46.053,5.793,43.746,21.165,386.507,264.399,1898.072,346.787,1703.013,27.252,4.861,9.842,4.031,86.956,156.459,427.025,35.164,41.11,201.884,9.944,12.003,9.593,106.054,520.812,0.426,0.5,4.653,22.155,1.506,2.413,13.304,26.715,65.333,18.074,11.868,37.22,34.888,328.849,103.766,1614.922,54.91,269.652,0.0,8.005,564.072,0.151,1.137,1.339,0.0,1.394,6.573,574.126,203631360.0,883.526,175.169,30.511,8.39,10.498,7.18,92.75,455.48,0.727,130.82,0.243,1.217,2.147,4.174,10.543,1.138,52.472,0.261,0.795,2.309,6.531,11.339
PAK,Pakistan,2017,1.757,0.376,-0.078,-0.272,0.0,,5.961,52.664,1.231,6.734,,,,,,387.145,8.054,33.807,8.878,21.0,83.117,44.058,399.783,21.795,104.831,114.29,1.4,9.16,73.58,46.26,27.65,8.11,18.16,0.0,1.4,32.04,0.89,2.1,113.73,44.03,0.806,4502.945,6.757,88.658,52.534,830.007,3992.219,353.91,64.697,1160950829514.0,40.675,5.405,43.516,20.889,407.396,222.504,1959.519,346.515,1666.689,24.312,-13.162,8.066,-11.445,75.51,132.993,363.194,35.303,40.15,193.116,0.123,11.342,0.13,106.184,510.73,0.49,0.56,7.131,52.532,2.168,6.989,20.292,39.008,97.604,15.968,3.237,36.263,10.645,339.493,87.347,1632.917,,,0.0,6.734,100.841,0.287,1.35,2.688,0.0,1.231,12.93,547.026,207906208.0,936.19,154.108,28.172,-7.394,9.175,-6.858,85.892,413.127,0.783,53.05,0.351,1.139,3.286,4.281,15.804,1.846,90.883,0.471,2.098,4.407,10.101,21.198
PAK,Pakistan,2018,5.478,1.194,-1.303,-4.514,0.0,,3.221,30.154,1.009,5.607,,,,,,334.549,7.257,65.693,14.252,54.602,137.719,40.334,648.922,22.989,108.321,118.44,1.19,8.56,66.28,44.35,37.01,9.29,13.37,0.0,1.19,42.38,1.02,3.16,117.95,39.46,0.797,4553.322,3.21,88.649,26.643,856.65,4036.456,312.305,56.193,1212090501040.0,37.601,6.991,45.106,28.48,435.876,208.973,2053.809,342.001,1611.477,31.378,-2.969,7.582,-2.242,73.269,174.388,345.235,43.807,51.67,243.464,3.306,11.351,3.51,109.694,516.87,0.414,0.49,7.876,13.273,2.379,2.693,22.986,43.774,108.307,11.335,-16.625,29.291,-56.439,283.054,62.998,1333.725,,,0.0,5.607,-4.739,0.265,-0.127,2.561,0.0,1.009,12.067,555.769,212228288.0,966.344,199.691,35.93,0.951,8.973,0.817,86.708,408.562,0.865,16.895,0.397,0.555,3.841,4.806,18.098,2.679,59.693,0.728,2.631,7.038,14.89,33.163
PAK,Pakistan,2019,53.955,12.404,-4.427,-15.139,0.0,,1.035,9.999,0.972,5.403,,,,,,358.223,11.429,12.602,15.883,17.355,155.075,63.537,716.064,35.393,163.427,120.89,1.17,13.76,70.43,43.54,35.28,9.07,13.13,0.0,1.17,40.9,1.16,3.29,120.4,43.13,,4508.308,-0.734,87.097,-6.286,850.364,3926.594,325.214,58.497,,36.163,2.006,45.539,8.742,444.618,201.048,2053.045,326.862,1509.301,29.302,22.694,9.207,16.628,89.896,162.907,415.099,41.503,49.97,230.739,14.846,12.903,16.286,125.98,581.718,0.405,0.49,7.533,-1.078,2.329,-0.248,22.738,41.881,104.994,10.905,-11.441,25.674,-32.383,250.671,60.628,1157.484,,,0.0,5.403,-40.238,0.157,-1.03,1.53,0.0,0.972,7.067,555.952,216565312.0,976.343,188.858,33.97,19.068,10.574,16.533,103.242,476.724,0.963,4.649,0.412,0.179,4.02,5.356,18.56,2.733,10.765,0.798,0.758,7.796,15.192,35.997
PAK,Pakistan,2020,14.283,5.055,-6.349,-20.753,0.0,,-1.156,-11.289,0.997,5.342,,,,,,355.967,15.413,11.331,17.89,17.571,172.645,82.619,781.582,40.448,183.11,118.9,1.18,18.25,65.71,35.37,37.38,9.64,12.09,0.0,1.18,43.06,1.2,3.3,118.41,42.15,,4368.891,-2.376,86.022,-20.202,830.162,3758.222,297.475,55.494,,29.871,-7.262,42.726,-32.29,412.328,160.123,1866.649,306.109,1385.785,31.568,10.566,10.299,9.498,99.394,169.223,449.966,44.506,52.7,238.578,7.075,13.978,8.913,134.893,610.673,0.412,0.49,8.141,1.39,2.389,0.316,23.054,43.641,104.369,10.21,-2.187,25.407,-5.483,245.188,54.733,1109.99,,,0.0,5.342,2.248,0.162,0.034,1.565,0.0,0.997,7.084,536.053,220892336.0,965.055,194.937,36.365,8.327,11.589,8.597,111.839,506.304,1.013,2.978,0.429,0.12,4.139,5.433,18.739,2.787,-13.536,0.698,-1.055,6.741,14.939,30.515
PAK,Pakistan,2021,,,,,,,,,0.951,5.506,,,,,,363.065,15.147,,,,,87.7,,,,130.88,1.24,19.75,73.05,36.11,35.08,15.79,17.19,0.0,1.24,41.55,1.23,4.0,130.39,47.34,,,,,,,,324.378,56.024,,27.694,,,,,160.346,,,,26.904,,,,,155.773,,43.976,57.34,254.618,,,,,,0.374,0.49,12.11,,,,,70.115,,13.184,,,,,76.332,,,,0.0,5.506,,,,,0.0,0.951,,578.997,225199920.0,,184.503,31.866,,,,,,0.943,,,,,5.462,,3.068,,,,,17.762,
