iso_code,country,year,coal_prod_change_pct,coal_prod_change_twh,gas_prod_change_pct,gas_prod_change_twh,oil_prod_change_pct,oil_prod_change_twh,energy_cons_change_pct,energy_cons_change_twh,biofuel_share_elec,biofuel_elec_per_capita,biofuel_cons_change_pct,biofuel_share_energy,biofuel_cons_change_twh,biofuel_consumption,biofuel_cons_per_capita,carbon_intensity_elec,coal_share_elec,coal_cons_change_pct,coal_share_energy,coal_cons_change_twh,coal_consumption,coal_elec_per_capita,coal_cons_per_capita,coal_production,coal_prod_per_capita,electricity_demand,biofuel_electricity,coal_electricity,fossil_electricity,gas_electricity,hydro_electricity,nuclear_electricity,oil_electricity,other_renewable_exc_biofuel_electricity,other_renewable_electricity,renewables_electricity,solar_electricity,wind_electricity,electricity_generation,greenhouse_gas_emissions,energy_per_gdp,energy_per_capita,fossil_cons_change_pct,fossil_share_energy,fossil_cons_change_twh,fossil_fuel_consumption,fossil_energy_per_capita,fossil_cons_per_capita,fossil_share_elec,gdp,gas_share_elec,gas_cons_change_pct,gas_share_energy,gas_cons_change_twh,gas_consumption,gas_elec_per_capita,gas_energy_per_capita,gas_production,gas_prod_per_capita,hydro_share_elec,hydro_cons_change_pct,hydro_share_energy,hydro_cons_change_twh,hydro_consumption,hydro_elec_per_capita,hydro_energy_per_capita,low_carbon_share_elec,low_carbon_electricity,low_carbon_elec_per_capita,low_carbon_cons_change_pct,low_carbon_share_energy,low_carbon_cons_change_twh,low_carbon_consumption,low_carbon_energy_per_capita,net_elec_imports_share_demand,net_elec_imports,nuclear_share_elec,nuclear_cons_change_pct,nuclear_share_energy,nuclear_cons_change_twh,nuclear_consumption,nuclear_elec_per_capita,nuclear_energy_per_capita,oil_share_elec,oil_cons_change_pct,oil_share_energy,oil_cons_change_twh,oil_consumption,oil_elec_per_capita,oil_energy_per_capita,oil_production,oil_prod_per_capita,other_renewables_elec_per_capita_exc_biofuel,other_renewables_elec_per_capita,other_renewables_cons_change_pct,other_renewables_share_energy,other_renewables_cons_change_twh,other_renewable_consumption,other_renewables_share_elec_exc_biofuel,other_renewables_share_elec,other_renewables_energy_per_capita,per_capita_electricity,population,primary_energy_consumption,renewables_elec_per_capita,renewables_share_elec,renewables_cons_change_pct,renewables_share_energy,renewables_cons_change_twh,renewables_consumption,renewables_energy_per_capita,solar_share_elec,solar_cons_change_pct,solar_share_energy,solar_cons_change_twh,solar_consumption,solar_elec_per_capita,solar_energy_per_capita,wind_share_elec,wind_cons_change_pct,wind_share_energy,wind_cons_change_twh,wind_consumption,wind_elec_per_capita,wind_energy_per_capita
PSE,Palestine,1997,,,,,,,,,,,,,,,,,,,,,,,,0.0,0.0,,,,,,,,,,,,,,,,0.172,947.686,,,,,,,,15853595188.0,,,,,,,,,,,,,,,,,,,,,,,,,,,,,,,,,,,,,,,,,,,,,,,,,,,,,2872006.0,2.722,,,,,,,,,,,,,,,,,,,,,
PSE,Palestine,1998,,0.0,,,,,58.482,1.592,,,,,,,,,,,,,,,,0.0,0.0,,,,,,,,,,,,,,,,0.245,1437.536,,,,,,,,17641238653.0,,,,,,,,,,,,,,,,,,,,,,,,,,,,,,,,,,,,,,,,,,,,,,,,,,,,,3000624.0,4.314,,,,,,,,,,,,,,,,,,,,,
PSE,Palestine,1999,,0.0,,,,,1.794,0.077,,,,,,,,,,,,,,,,0.0,0.0,,,,,,,,,,,,,,,,0.236,1407.393,,,,,,,,18589121213.0,,,,,,,,,,,,,,,,,,,,,,,,,,,,,,,,,,,,,,,,,,,,,,,,,,,,,3119868.0,4.391,,,,,,,,,,,,,,,,,,,,,
PSE,Palestine,2000,,0.0,,,,,31.279,1.373,,0.0,,,,,,,,,,,,0.0,,0.0,0.0,2.26,0.0,0.0,0.0,0.0,0.0,0.0,0.0,0.0,0.0,0.0,0.0,0.0,0.0,0.0,0.349,1787.936,,,,,,0.0,,16535485012.0,,,,,,0.0,,,,,,,,,0.0,,,0.0,0.0,,,,,,100.0,2.26,,,,,,0.0,,,,,,,0.0,,,,0.0,0.0,,,,,,,,0.0,3224009.0,5.764,0.0,,,,,,,,,,,,0.0,,,,,,,0.0,
PSE,Palestine,2001,,0.0,,,,,35.681,2.057,0.0,0.0,,,,,,333.333,0.0,,,,,0.0,,0.0,0.0,2.11,0.0,0.0,0.03,0.03,0.0,0.0,0.0,0.0,0.0,0.0,0.0,0.0,0.03,0.01,0.536,2362.937,,,,,,9.064,100.0,14595986280.0,100.0,,,,,9.064,,,,0.0,,,,,0.0,,0.0,0.0,0.0,,,,,,98.578,2.08,0.0,,,,,0.0,,0.0,,,,,0.0,,,,0.0,0.0,,,,,0.0,0.0,,9.064,3309908.0,7.821,0.0,0.0,,,,,,0.0,,,,,0.0,,0.0,,,,,0.0,
PSE,Palestine,2002,,0.0,,,,,-7.406,-0.579,0.0,0.0,,,,,,571.429,0.0,,,,,0.0,,0.0,0.0,2.45,0.0,0.0,0.14,0.05,0.0,0.0,0.09,0.0,0.0,0.0,0.0,0.0,0.14,0.08,0.583,2142.472,,,,,,41.418,100.0,12429343604.0,35.714,,,,,14.792,,,,0.0,,,,,0.0,,0.0,0.0,0.0,,,,,,94.286,2.31,0.0,,,,,0.0,,64.286,,,,,26.626,,,,0.0,0.0,,,,,0.0,0.0,,41.418,3380161.0,7.242,0.0,0.0,,,,,,0.0,,,,,0.0,,0.0,,,,,0.0,
PSE,Palestine,2003,,0.0,,,,,7.269,0.526,0.0,0.0,,,,,,625.0,0.0,,,,,0.0,,0.0,0.0,2.64,0.0,0.0,0.32,0.12,0.0,0.0,0.2,0.0,0.0,0.0,0.0,0.0,0.32,0.2,0.564,2257.015,,,,,,92.973,100.0,13784762179.0,37.5,,,,,34.865,,,,0.0,,,,,0.0,,0.0,0.0,0.0,,,,,,87.879,2.32,0.0,,,,,0.0,,62.5,,,,,58.108,,,,0.0,0.0,,,,,0.0,0.0,,92.973,3441868.0,7.768,0.0,0.0,,,,,,0.0,,,,,0.0,,0.0,,,,,0.0,
PSE,Palestine,2004,,0.0,,,,,52.093,4.047,0.0,0.0,,,,,,621.622,0.0,,,,,0.0,,0.0,0.0,2.97,0.0,0.0,0.37,0.13,0.0,0.0,0.24,0.0,0.0,0.0,0.0,0.0,0.37,0.23,0.798,3370.621,,,,,,105.554,100.0,14801525769.0,35.135,,,,,37.086,,,,0.0,,,,,0.0,,0.0,0.0,0.0,,,,,,87.542,2.6,0.0,,,,,0.0,,64.865,,,,,68.467,,,,0.0,0.0,,,,,0.0,0.0,,105.554,3505320.0,11.815,0.0,0.0,,,,,,0.0,,,,,0.0,,0.0,,,,,0.0,
PSE,Palestine,2005,,0.0,,,,,22.554,2.665,0.0,0.0,,,,,,617.021,0.0,,,,,0.0,,0.0,0.0,3.33,0.0,0.0,0.47,0.17,0.0,0.0,0.3,0.0,0.0,0.0,0.0,0.0,0.47,0.29,0.907,4046.958,,,,,,131.36,100.0,15962718532.0,36.17,,,,,47.513,,,,0.0,,,,,0.0,,0.0,0.0,0.0,,,,,,85.886,2.86,0.0,,,,,0.0,,63.83,,,,,83.847,,,,0.0,0.0,,,,,0.0,0.0,,131.36,3577956.0,14.48,0.0,0.0,,,,,,0.0,,,,,0.0,,0.0,,,,,0.0,
PSE,Palestine,2006,,0.0,,,,,-11.704,-1.695,0.0,0.0,,,,,,636.364,0.0,,,,,0.0,,0.0,0.0,3.43,0.0,0.0,0.33,0.12,0.0,0.0,0.21,0.0,0.0,0.0,0.0,0.0,0.33,0.21,0.857,3490.907,,,,,,90.104,100.0,14923434018.0,36.364,,,,,32.765,,,,0.0,,,,,0.0,,0.0,0.0,0.0,,,,,,90.379,3.1,0.0,,,,,0.0,,63.636,,,,,57.339,,,,0.0,0.0,,,,,0.0,0.0,,90.104,3662421.0,12.785,0.0,0.0,,,,,,0.0,,,,,0.0,,0.0,,,,,0.0,
PSE,Palestine,2007,,0.0,,,,,2.991,0.382,0.0,0.0,,,,,,641.026,0.0,,,,,0.0,,0.0,0.0,3.58,0.0,0.0,0.39,0.14,0.0,0.0,0.25,0.0,0.0,0.0,0.0,0.0,0.39,0.25,0.851,3505.323,,,,,,103.821,100.0,15482100845.0,35.897,,,,,37.269,,,,0.0,,,,,0.0,,0.0,0.0,0.0,,,,,,89.106,3.19,0.0,,,,,0.0,,64.103,,,,,66.552,,,,0.0,0.0,,,,,0.0,0.0,,103.821,3756459.0,13.168,0.0,0.0,,,,,,0.0,,,,,0.0,,0.0,,,,,0.0,
PSE,Palestine,2008,,0.0,,,,,-4.086,-0.538,0.0,0.0,,,,,,625.0,0.0,,,,,0.0,,0.0,0.0,4.26,0.0,0.0,0.4,0.15,0.0,0.0,0.25,0.0,0.0,0.0,0.0,0.0,0.4,0.25,0.79,3274.711,,,,,,103.716,100.0,15978428688.0,37.5,,,,,38.893,,,,0.0,,,,,0.0,,0.0,0.0,0.0,,,,,,90.61,3.86,0.0,,,,,0.0,,62.5,,,,,64.822,,,,0.0,0.0,,,,,0.0,0.0,,103.716,3856692.0,12.63,0.0,0.0,,,,,,0.0,,,,,0.0,,0.0,,,,,0.0,
PSE,Palestine,2009,,0.0,,,,,2.567,0.324,0.0,0.0,,,,,,617.021,0.0,,,,,0.0,,0.0,0.0,4.45,0.0,0.0,0.47,0.17,0.0,0.0,0.3,0.0,0.0,0.0,0.0,0.0,0.47,0.29,0.767,3273.065,,,,,,118.756,100.0,16895251225.0,36.17,,,,,42.954,,,,0.0,,,,,0.0,,0.0,0.0,0.0,,,,,,89.438,3.98,0.0,,,,,0.0,,63.83,,,,,75.802,,,,0.0,0.0,,,,,0.0,0.0,,118.756,3957684.0,12.954,0.0,0.0,,,,,,0.0,,,,,0.0,,0.0,,,,,0.0,
PSE,Palestine,2010,,0.0,,,,,-0.049,-0.006,0.0,0.0,,,,,,636.364,0.0,,,,,0.0,,0.0,0.0,4.6,0.0,0.0,0.44,0.16,0.0,0.0,0.28,0.0,0.0,0.0,0.0,0.0,0.44,0.28,0.729,3192.458,,,,,,108.491,100.0,17771111007.0,36.364,,,,,39.451,,,,0.0,,,,,0.0,,0.0,0.0,0.0,,,,,,90.435,4.16,0.0,,,,,0.0,,63.636,,,,,69.04,,,,0.0,0.0,,,,,0.0,0.0,,108.491,4055632.0,12.947,0.0,0.0,,,,,,0.0,,,,,0.0,,0.0,,,,,0.0,
PSE,Palestine,2011,,0.0,,,,,11.192,1.449,0.0,0.0,,,,,,622.642,0.0,,,,,0.0,,0.0,0.0,5.15,0.0,0.0,0.53,0.19,0.0,0.0,0.34,0.0,0.0,0.0,0.0,0.0,0.53,0.33,0.741,3469.321,,,,,,127.721,100.0,19437411000.0,35.849,,,,,45.787,,,,0.0,,,,,0.0,,0.0,0.0,0.0,,,,,,89.709,4.62,0.0,,,,,0.0,,64.151,,,,,81.935,,,,0.0,0.0,,,,,0.0,0.0,,127.721,4149654.0,14.396,0.0,0.0,,,,,,0.0,,,,,0.0,,0.0,,,,,0.0,
PSE,Palestine,2012,,0.0,,,,,0.035,0.005,0.0,0.0,,,,,,636.364,0.0,,,,,0.0,,0.0,0.0,5.35,0.0,0.0,0.44,0.16,0.0,0.0,0.28,0.0,0.0,0.0,0.0,0.0,0.44,0.28,0.697,3395.331,,,,,,103.735,100.0,20660752000.0,36.364,,,,,37.722,,,,0.0,,,,,0.0,,0.0,0.0,0.0,,,,,,91.776,4.91,0.0,,,,,0.0,,63.636,,,,,66.013,,,,0.0,0.0,,,,,0.0,0.0,,103.735,4241572.0,14.402,0.0,0.0,,,,,,0.0,,,,,0.0,,0.0,,,,,0.0,
PSE,Palestine,2013,,0.0,,,,,6.195,0.892,0.0,0.0,,,,,,620.0,0.0,,,,,0.0,,0.0,0.0,5.23,0.0,0.0,0.5,0.18,0.0,0.0,0.32,0.0,0.0,0.0,0.0,0.0,0.5,0.31,0.724,3529.156,,,,,,115.38,100.0,21115612000.0,36.0,,,,,41.537,,,,0.0,,,,,0.0,,0.0,0.0,0.0,,,,,,90.44,4.73,0.0,,,,,0.0,,64.0,,,,,73.843,,,,0.0,0.0,,,,,0.0,0.0,,115.38,4333521.0,15.294,0.0,0.0,,,,,,0.0,,,,,0.0,,0.0,,,,,0.0,
PSE,Palestine,2014,,0.0,,,,,7.861,1.202,0.0,0.0,,,,,,625.0,0.0,,,,,0.0,,0.0,0.0,5.25,0.0,0.0,0.32,0.12,0.0,0.0,0.2,0.0,0.0,0.0,0.0,0.0,0.32,0.2,0.782,3724.822,,,,,,72.257,100.0,21084591000.0,37.5,,,,,27.096,,,,0.0,,,,,0.0,,0.0,0.0,0.0,,,,,,93.905,4.93,0.0,,,,,0.0,,62.5,,,,,45.161,,,,0.0,0.0,,,,,0.0,0.0,,72.257,4428634.0,16.496,0.0,0.0,,,,,,0.0,,,,,0.0,,0.0,,,,,0.0,
PSE,Palestine,2015,,0.0,,,,,10.925,1.802,0.0,0.0,,,,,,625.0,0.0,,,,,0.0,,0.0,0.0,5.89,0.0,0.0,0.48,0.16,0.0,0.0,0.32,0.0,0.0,0.0,0.0,0.0,0.48,0.3,0.839,4040.037,,,,,,105.98,100.0,21808077000.0,33.333,,,,,35.327,,,,0.0,,,,,0.0,,0.0,0.0,0.0,,,,,,91.851,5.41,0.0,,,,,0.0,,66.667,,,,,70.653,,,,0.0,0.0,,,,,0.0,0.0,,105.98,4529160.0,18.298,0.0,0.0,,,,,,0.0,,,,,0.0,,0.0,,,,,0.0,
PSE,Palestine,2016,,0.0,,,,,4.508,0.825,0.0,0.0,,,,,,638.298,0.0,,,,,0.0,,0.0,0.0,5.94,0.0,0.0,0.47,0.16,0.0,0.0,0.31,0.0,0.0,0.0,0.0,0.0,0.47,0.3,0.807,4125.179,,,,,,101.388,100.0,23685473952.0,34.043,,,,,34.515,,,,0.0,,,,,0.0,,0.0,0.0,0.0,,,,,,92.088,5.47,0.0,,,,,0.0,,65.957,,,,,66.873,,,,0.0,0.0,,,,,0.0,0.0,,101.388,4635644.0,19.123,0.0,0.0,,,,,,0.0,,,,,0.0,,0.0,,,,,0.0,
PSE,Palestine,2017,,,,,,,0.356,0.068,0.0,0.0,,,,,,638.298,0.0,,,,,0.0,,,,6.05,0.0,0.0,0.47,0.16,0.0,0.0,0.31,0.0,0.0,0.0,0.0,0.0,0.47,0.3,0.803,4042.573,,,,,,99.005,100.0,23888597589.0,34.043,,,,,33.704,,,,0.0,,,,,0.0,,0.0,0.0,0.0,,,,,,92.231,5.58,0.0,,,,,0.0,,65.957,,,,,65.301,,,,0.0,0.0,,,,,0.0,0.0,,99.005,4747233.0,19.191,0.0,0.0,,,,,,0.0,,,,,0.0,,0.0,,,,,0.0,
PSE,Palestine,2018,,,,,,,1.761,0.338,0.0,0.0,,,,,,617.647,0.0,,,,,0.0,,,,6.26,0.0,0.0,0.34,0.11,0.0,0.0,0.23,0.0,0.0,0.0,0.0,0.0,0.34,0.21,0.813,4015.864,,,,,,69.916,100.0,24034213505.0,32.353,,,,,22.62,,,,0.0,,,,,0.0,,0.0,0.0,0.0,,,,,,94.569,5.92,0.0,,,,,0.0,,67.647,,,,,47.296,,,,0.0,0.0,,,,,0.0,0.0,,69.916,4862978.0,19.529,0.0,0.0,,,,,,0.0,,,,,0.0,,0.0,,,,,0.0,
PSE,Palestine,2019,,,,,,,1.808,0.353,0.0,0.0,,,,,,630.769,0.0,,,,,0.0,,,,6.55,0.0,0.0,0.65,0.22,0.0,0.0,0.43,0.0,0.0,0.0,0.0,0.0,0.65,0.41,,3991.268,,,,,,130.485,100.0,,33.846,,,,,44.164,,,,0.0,,,,,0.0,,0.0,0.0,0.0,,,,,,90.076,5.9,0.0,,,,,0.0,,66.154,,,,,86.321,,,,0.0,0.0,,,,,0.0,0.0,,130.485,4981422.0,19.882,0.0,0.0,,,,,,0.0,,,,,0.0,,0.0,,,,,0.0,
PSE,Palestine,2020,,,,,,,,,0.0,0.0,,,,,,630.769,0.0,,,,,0.0,,,,6.55,0.0,0.0,0.65,0.22,0.0,0.0,0.43,0.0,0.0,0.0,0.0,0.0,0.65,0.41,,,,,,,,127.416,100.0,,33.846,,,,,43.125,,,,0.0,,,,,0.0,,0.0,0.0,0.0,,,,,,90.076,5.9,0.0,,,,,0.0,,66.154,,,,,84.29,,,,0.0,0.0,,,,,0.0,0.0,,127.416,5101416.0,,0.0,0.0,,,,,,0.0,,,,,0.0,,0.0,,,,,0.0,
