iso_code,country,year,coal_prod_change_pct,coal_prod_change_twh,gas_prod_change_pct,gas_prod_change_twh,oil_prod_change_pct,oil_prod_change_twh,energy_cons_change_pct,energy_cons_change_twh,biofuel_share_elec,biofuel_elec_per_capita,biofuel_cons_change_pct,biofuel_share_energy,biofuel_cons_change_twh,biofuel_consumption,biofuel_cons_per_capita,carbon_intensity_elec,coal_share_elec,coal_cons_change_pct,coal_share_energy,coal_cons_change_twh,coal_consumption,coal_elec_per_capita,coal_cons_per_capita,coal_production,coal_prod_per_capita,electricity_demand,biofuel_electricity,coal_electricity,fossil_electricity,gas_electricity,hydro_electricity,nuclear_electricity,oil_electricity,other_renewable_exc_biofuel_electricity,other_renewable_electricity,renewables_electricity,solar_electricity,wind_electricity,electricity_generation,greenhouse_gas_emissions,energy_per_gdp,energy_per_capita,fossil_cons_change_pct,fossil_share_energy,fossil_cons_change_twh,fossil_fuel_consumption,fossil_energy_per_capita,fossil_cons_per_capita,fossil_share_elec,gdp,gas_share_elec,gas_cons_change_pct,gas_share_energy,gas_cons_change_twh,gas_consumption,gas_elec_per_capita,gas_energy_per_capita,gas_production,gas_prod_per_capita,hydro_share_elec,hydro_cons_change_pct,hydro_share_energy,hydro_cons_change_twh,hydro_consumption,hydro_elec_per_capita,hydro_energy_per_capita,low_carbon_share_elec,low_carbon_electricity,low_carbon_elec_per_capita,low_carbon_cons_change_pct,low_carbon_share_energy,low_carbon_cons_change_twh,low_carbon_consumption,low_carbon_energy_per_capita,net_elec_imports_share_demand,net_elec_imports,nuclear_share_elec,nuclear_cons_change_pct,nuclear_share_energy,nuclear_cons_change_twh,nuclear_consumption,nuclear_elec_per_capita,nuclear_energy_per_capita,oil_share_elec,oil_cons_change_pct,oil_share_energy,oil_cons_change_twh,oil_consumption,oil_elec_per_capita,oil_energy_per_capita,oil_production,oil_prod_per_capita,other_renewables_elec_per_capita_exc_biofuel,other_renewables_elec_per_capita,other_renewables_cons_change_pct,other_renewables_share_energy,other_renewables_cons_change_twh,other_renewable_consumption,other_renewables_share_elec_exc_biofuel,other_renewables_share_elec,other_renewables_energy_per_capita,per_capita_electricity,population,primary_energy_consumption,renewables_elec_per_capita,renewables_share_elec,renewables_cons_change_pct,renewables_share_energy,renewables_cons_change_twh,renewables_consumption,renewables_energy_per_capita,solar_share_elec,solar_cons_change_pct,solar_share_energy,solar_cons_change_twh,solar_consumption,solar_elec_per_capita,solar_energy_per_capita,wind_share_elec,wind_cons_change_pct,wind_share_energy,wind_cons_change_twh,wind_consumption,wind_elec_per_capita,wind_energy_per_capita
PAN,Panama,1980,,,,,,,,,,,,,,,,,,,,,,,,0.0,0.0,,,,,,,,,,,,,,,,4.014,27232.652,,,,,,,,13424040000.0,,,,,,,,0.0,0.0,,,,,,,,,,,,,,,,,,,,,,,,,,,,,,,,0.0,0.0,,,,,,,,,,,1978489.0,53.88,,,,,,,,,,,,,,,,,,,,,
PAN,Panama,1981,,0.0,,0.0,,0.0,1.237,0.667,,,,,,,,,,,,,,,,0.0,0.0,,,,,,,,,,,,,,,,3.731,26923.538,,,,,,,,14618687000.0,,,,,,,,0.0,0.0,,,,,,,,,,,,,,,,,,,,,,,,,,,,,,,,0.0,0.0,,,,,,,,,,,2025965.0,54.546,,,,,,,,,,,,,,,,,,,,,
PAN,Panama,1982,,0.0,,0.0,,0.0,-4.923,-2.685,,,,,,,,,,,,,,,,0.0,0.0,,,,,,,,,,,,,,,,3.415,25008.262,,,,,,,,15185760000.0,,,,,,,,0.0,0.0,,,,,,,,,,,,,,,,,,,,,,,,,,,,,,,,0.0,0.0,,,,,,,,,,,2073748.0,51.861,,,,,,,,,,,,,,,,,,,,,
PAN,Panama,1983,,0.0,,0.0,,0.0,1.209,0.627,,,,,,,,,,,,,,,,0.0,0.0,,,,,,,,,,,,,,,,3.51,24736.763,,,,,,,,14954066000.0,,,,,,,,0.0,0.0,,,,,,,,,,,,,,,,,,,,,,,,,,,,,,,,0.0,0.0,,,,,,,,,,,2121863.0,52.488,,,,,,,,,,,,,,,,,,,,,
PAN,Panama,1984,,0.0,,0.0,,0.0,2.597,1.363,,,,,,,,,,,,,,,,0.0,0.0,,,,,,,,,,,,,,,,3.527,24812.436,,,,,,,,15268616000.0,,,,,,,,0.0,0.0,,,,,,,,,,,,,,,,,,,,,,,,,,,,,,,,0.0,0.0,,,,,,,,,,,2170330.0,53.851,,,,,,,,,,,,,,,,,,,,,
PAN,Panama,1985,,0.0,,0.0,,0.0,-10.079,-5.428,,,,,,,,,,,,,,,,0.0,0.0,,,,,,,,,,,,,,,,3.017,21820.146,,,,,,,,16051872000.0,,,,,,,,0.0,0.0,,,,,,,,,,,,,,,,,,,,,,,,,,,,,,,,0.0,0.0,,,,,,,,,,,2219200.0,48.423,,,,,,,,,,,,,,,,,,,,,
PAN,Panama,1986,,0.0,,0.0,,0.0,3.109,1.505,,,,,,,,,,,,,,,,0.0,0.0,,,,,,,,,,,,,,,,2.979,22009.489,,,,,,,,16762536000.0,,,,,,,,0.0,0.0,,,,,,,,,,,,,,,,,,,,,,,,,,,,,,,,0.0,0.0,,,,,,,,,,,2268500.0,49.929,,,,,,,,,,,,,,,,,,,,,
PAN,Panama,1987,,0.0,,0.0,,0.0,3.748,1.871,,,,,,,,,,,,,,,,0.0,0.0,,,,,,,,,,,,,,,,2.999,22344.305,,,,,,,,17272821000.0,,,,,,,,0.0,0.0,,,,,,,,,,,,,,,,,,,,,,,,,,,,,,,,0.0,0.0,,,,,,,,,,,2318259.0,51.8,,,,,,,,,,,,,,,,,,,,,
PAN,Panama,1988,,0.0,,0.0,,0.0,-1.028,-0.533,,,,,,,,,,,,,,,,0.0,0.0,,,,,,,,,,,,,,,,3.303,21644.888,,,,,,,,15522386000.0,,,,,,,,0.0,0.0,,,,,,,,,,,,,,,,,,,,,,,,,,,,,,,,0.0,0.0,,,,,,,,,,,2368556.0,51.267,,,,,,,,,,,,,,,,,,,,,
PAN,Panama,1989,,0.0,,0.0,,0.0,-2.609,-1.337,,,,,,,,,,,,,,,,0.0,0.0,,,,,,,,,,,,,,,,3.168,20637.006,,,,,,,,15760105000.0,,,,,,,,0.0,0.0,,,,,,,,,,,,,,,,,,,,,,,,,,,,,,,,0.0,0.0,,,,,,,,,,,2419424.0,49.93,,,,,,,,,,,,,,,,,,,,,
PAN,Panama,1990,,0.0,,0.0,,0.0,5.69,2.841,,,,,,,,,,,,,,,,0.0,0.0,,,,,,,,,,,,,,,,3.098,21356.531,,,,,,,,17035767000.0,,,,,,,,0.0,0.0,,,,,,,,,,,,,,,,,,,,,,,,,,,,,,,,0.0,0.0,,,,,,,,,,,2470946.0,52.771,,,,,,,,,,,,,,,,,,,,,
PAN,Panama,1991,,0.0,,0.0,,0.0,-1.136,-0.6,,,,,,,,,,,,,,,,0.0,0.0,,,,,,,,,,,,,,,,2.79,20677.294,,,,,,,,18696766514.0,,,,,,,,0.0,0.0,,,,,,,,,,,,,,,,,,,,,,,,,,,,,,,,0.0,0.0,,,,,,,,,,,2523115.0,52.171,,,,,,,,,,,,,,,,,,,,,
PAN,Panama,1992,,0.0,,0.0,,0.0,1.762,0.919,,,,,,,,,,,,,,,,0.0,0.0,,,,,,,,,,,,,,,,2.618,20610.067,,,,,,,,20281944052.0,,,,,,,,0.0,0.0,,,,,,,,,,,,,,,,,,,,,,,,,,,,,,,,0.0,0.0,,,,,,,,,,,2575949.0,53.09,,,,,,,,,,,,,,,,,,,,,
PAN,Panama,1993,,0.0,,0.0,,0.0,0.407,0.216,,,,,,,,,,,,,,,,0.0,0.0,,,,,,,,,,,,,,,,2.485,20271.775,,,,,,,,21447804774.0,,,,,,,,0.0,0.0,,,,,,,,,,,,,,,,,,,,,,,,,,,,,,,,0.0,0.0,,,,,,,,,,,2629584.0,53.306,,,,,,,,,,,,,,,,,,,,,
PAN,Panama,1994,,0.0,,0.0,,0.0,11.393,6.073,,,,,,,,,,,,,,,,0.0,0.0,,,,,,,,,,,,,,,,2.684,22122.645,,,,,,,,22126487988.0,,,,,,,,0.0,0.0,,,,,,,,,,,,,,,,,,,,,,,,,,,,,,,,0.0,0.0,,,,,,,,,,,2684117.0,59.38,,,,,,,,,,,,,,,,,,,,,
PAN,Panama,1995,,0.0,,0.0,,0.0,5.288,3.14,,,,,,,,,,,,,,,,0.0,0.0,,,,,,,,,,,,,,,,2.77,22820.297,,,,,,,,22570156609.0,,,,,,,,0.0,0.0,,,,,,,,,,,,,,,,,,,,,,,,,,,,,,,,0.0,0.0,,,,,,,,,,,2739667.0,62.52,,,,,,,,,,,,,,,,,,,,,
PAN,Panama,1996,,0.0,,0.0,,0.0,-10.011,-6.259,,,,,,,,,,,,,,,,0.0,0.0,,,,,,,,,,,,,,,,2.417,20119.841,,,,,,,,23274083902.0,,,,,,,,0.0,0.0,,,,,,,,,,,,,,,,,,,,,,,,,,,,,,,,0.0,0.0,,,,,,,,,,,2796291.0,56.261,,,,,,,,,,,,,,,,,,,,,
PAN,Panama,1997,,0.0,,0.0,,0.0,2.801,1.576,,,,,,,,,,,,,,,,0.0,0.0,,,,,,,,,,,,,,,,2.328,20265.743,,,,,,,,24846157168.0,,,,,,,,0.0,0.0,,,,,,,,,,,,,,,,,,,,,,,,,,,,,,,,0.0,0.0,,,,,,,,,,,2853907.0,57.837,,,,,,,,,,,,,,,,,,,,,
PAN,Panama,1998,,0.0,,0.0,,0.0,5.343,3.09,,,,,,,,,,,,,,,,0.0,0.0,,,,,,,,,,,,,,,,2.278,20920.363,,,,,,,,26740258113.0,,,,,,,,0.0,0.0,,,,,,,,,,,,,,,,,,,,,,,,,,,,,,,,0.0,0.0,,,,,,,,,,,2912318.0,60.927,,,,,,,,,,,,,,,,,,,,,
PAN,Panama,1999,,0.0,,0.0,,0.0,-30.318,-18.472,,,,,,,,,,,,,,,,0.0,0.0,,,,,,,,,,,,,,,,1.523,14288.877,,,,,,,,27866808796.0,,,,,,,,0.0,0.0,,,,,,,,,,,,,,,,,,,,,,,,,,,,,,,,0.0,0.0,,,,,,,,,,,2971197.0,42.455,,,,,,,,,,,,,,,,,,,,,
PAN,Panama,2000,,0.0,,0.0,,0.0,57.974,24.613,0.42,6.6,,,,,,216.387,0.0,,,,,0.0,,0.0,0.0,4.94,0.02,0.0,1.36,0.0,3.38,0.0,1.36,0.0,0.02,3.4,0.0,0.0,4.76,1.03,2.336,22132.155,,,,,,448.796,28.571,28706484620.0,0.0,,,,,0.0,,0.0,0.0,71.008,,,,,1115.389,,71.429,3.4,1121.989,,,,,,3.644,0.18,0.0,,,,,0.0,,28.571,,,,,448.796,,0.0,0.0,0.0,6.6,,,,,0.0,0.42,,1570.784,3030333.0,67.068,1121.989,71.429,,,,,,0.0,,,,,0.0,,0.0,,,,,0.0,
PAN,Panama,2001,,0.0,,0.0,,0.0,1.636,1.097,0.81,12.946,,,,,,358.3,0.0,,,,,0.0,,0.0,0.0,4.87,0.04,0.0,2.43,0.0,2.47,0.0,2.43,0.0,0.04,2.51,0.0,0.0,4.94,1.77,2.355,22062.396,,,,,,786.499,49.19,28943057577.0,0.0,,,,,0.0,,0.0,0.0,50.0,,,,,799.446,,50.81,2.51,812.392,,,,,,-1.437,-0.07,0.0,,,,,0.0,,49.19,,,,,786.499,,0.0,0.0,0.0,12.946,,,,,0.0,0.81,,1598.891,3089641.0,68.165,812.392,50.81,,,,,,0.0,,,,,0.0,,0.0,,,,,0.0,
PAN,Panama,2002,,0.0,,0.0,,0.0,-1.205,-0.821,0.583,9.526,,,,,,256.311,0.0,,,,,0.0,,0.0,0.0,5.14,0.03,0.0,1.75,0.0,3.37,0.0,1.75,0.0,0.03,3.4,0.0,0.0,5.15,1.32,2.27,21384.44,,,,,,555.698,33.981,29668001563.0,0.0,,,,,0.0,,0.0,0.0,65.437,,,,,1070.115,,66.019,3.4,1079.641,,,,,,-0.195,-0.01,0.0,,,,,0.0,,33.981,,,,,555.698,,0.0,0.0,0.0,9.526,,,,,0.0,0.583,,1635.339,3149195.0,67.344,1079.641,66.019,,,,,,0.0,,,,,0.0,,0.0,,,,,0.0,
PAN,Panama,2003,,0.0,,0.0,,0.0,0.846,0.57,0.742,12.465,,,,,,345.083,0.0,,,,,0.0,,0.0,0.0,5.21,0.04,0.0,2.55,0.0,2.8,0.0,2.55,0.0,0.04,2.84,0.0,0.0,5.39,1.86,2.19,21163.164,,,,,,794.626,47.31,31009619688.0,0.0,,,,,0.0,,0.0,0.0,51.948,,,,,872.531,,52.69,2.84,884.995,,,,,,-3.455,-0.18,0.0,,,,,0.0,,47.31,,,,,794.626,,0.0,0.0,0.0,12.465,,,,,0.0,0.742,,1679.622,3209056.0,67.914,884.995,52.69,,,,,,0.0,,,,,0.0,,0.0,,,,,0.0,
PAN,Panama,2004,,0.0,,0.0,,0.0,1.973,1.34,0.536,9.176,,,,,,246.429,0.0,,,,,0.0,,0.0,0.0,5.55,0.03,0.0,1.83,0.0,3.74,0.0,1.83,0.0,0.03,3.77,0.0,0.0,5.6,1.38,2.072,21182.744,,,,,,559.743,32.679,33428600012.0,0.0,,,,,0.0,,0.0,0.0,66.786,,,,,1143.956,,67.321,3.77,1153.132,,,,,,-0.901,-0.05,0.0,,,,,0.0,,32.679,,,,,559.743,,0.0,0.0,0.0,9.176,,,,,0.0,0.536,,1712.876,3269356.0,69.254,1153.132,67.321,,,,,,0.0,,,,,0.0,,0.0,,,,,0.0,
PAN,Panama,2005,,0.0,,0.0,,0.0,-0.095,-0.066,0.53,9.008,,,,,,257.951,0.0,,,,,0.0,,0.0,0.0,5.66,0.03,0.0,1.94,0.0,3.69,0.0,1.94,0.0,0.03,3.72,0.0,0.0,5.66,1.46,1.925,20775.79,,,,,,582.544,34.276,35933064820.0,0.0,,,,,0.0,,0.0,0.0,65.194,,,,,1108.034,,65.724,3.72,1117.043,,,,,,0.0,0.0,0.0,,,,,0.0,,34.276,,,,,582.544,,0.0,0.0,0.0,9.008,,,,,0.0,0.53,,1699.586,3330222.0,69.188,1117.043,65.724,,,,,,0.0,,,,,0.0,,0.0,,,,,0.0,
PAN,Panama,2006,,0.0,,0.0,,0.0,8.585,5.94,0.683,11.794,,,,,,288.396,0.0,,,,,0.0,,0.0,0.0,5.85,0.04,0.0,2.28,0.0,3.54,0.0,2.28,0.0,0.04,3.58,0.0,0.0,5.86,1.69,1.921,22150.649,,,,,,672.235,38.908,39099564240.0,0.0,,,,,0.0,,0.0,0.0,60.41,,,,,1043.733,,61.092,3.58,1055.526,,,,,,-0.171,-0.01,0.0,,,,,0.0,,38.908,,,,,672.235,,0.0,0.0,0.0,11.794,,,,,0.0,0.683,,1727.761,3391673.0,75.128,1055.526,61.092,,,,,,0.0,,,,,0.0,,0.0,,,,,0.0,
PAN,Panama,2007,,0.0,,0.0,,0.0,-5.626,-4.227,0.79,14.477,,,,,,309.637,0.0,,,,,0.0,,0.0,0.0,6.21,0.05,0.0,2.65,0.0,3.63,0.0,2.65,0.0,0.05,3.68,0.0,0.0,6.33,1.96,1.613,20529.196,,,,,,767.299,41.864,43958183814.0,0.0,,,,,0.0,,0.0,0.0,57.346,,,,,1051.056,,58.136,3.68,1065.533,,,,,,-1.932,-0.12,0.0,,,,,0.0,,41.864,,,,,767.299,,0.0,0.0,0.0,14.477,,,,,0.0,0.79,,1832.832,3453671.0,70.901,1065.533,58.136,,,,,,0.0,,,,,0.0,,0.0,,,,,0.0,
PAN,Panama,2008,,0.0,,0.0,,0.0,17.144,12.155,0.962,17.064,,,,,,269.231,0.0,,,,,0.0,,0.0,0.0,6.31,0.06,0.0,2.25,0.0,3.93,0.0,2.25,0.0,0.06,3.99,0.0,0.0,6.24,1.68,1.734,23621.05,,,,,,639.895,36.058,47885661763.0,0.0,,,,,0.0,,0.0,0.0,62.981,,,,,1117.683,,63.942,3.99,1134.746,,,,,,1.109,0.07,0.0,,,,,0.0,,36.058,,,,,639.895,,0.0,0.0,0.0,17.064,,,,,0.0,0.962,,1774.641,3516204.0,83.056,1134.746,63.942,,,,,,0.0,,,,,0.0,,0.0,,,,,0.0,
PAN,Panama,2009,,0.0,,0.0,,0.0,-3.114,-2.586,0.89,16.763,,,,,,307.122,0.0,,,,,0.0,,0.0,0.0,6.71,0.06,0.0,2.82,0.0,3.86,0.0,2.82,0.0,0.06,3.92,0.0,0.0,6.74,2.07,1.65,22482.658,,,,,,787.882,41.84,48772973760.0,0.0,,,,,0.0,,0.0,0.0,57.27,,,,,1078.449,,58.16,3.92,1095.212,,,,,,-0.447,-0.03,0.0,,,,,0.0,,41.84,,,,,787.882,,0.0,0.0,0.0,16.763,,,,,0.0,0.89,,1883.094,3579215.0,80.47,1095.212,58.16,,,,,,0.0,,,,,0.0,,0.0,,,,,0.0,
PAN,Panama,2010,,0.0,,0.0,,0.0,13.44,10.815,0.7,13.726,,,,,,303.922,0.0,,,,,0.0,,0.0,0.0,7.17,0.05,0.0,2.94,0.0,4.15,0.0,2.94,0.0,0.05,4.2,0.0,0.0,7.14,2.17,1.764,25059.796,,,,,,807.096,41.176,51741884351.0,0.0,,,,,0.0,,0.0,0.0,58.123,,,,,1139.268,,58.824,4.2,1152.994,,,,,,0.418,0.03,0.0,,,,,0.0,,41.176,,,,,807.096,,0.0,0.0,0.0,13.726,,,,,0.0,0.7,,1960.089,3642691.0,91.285,1152.994,58.824,,,,,,0.0,,,,,0.0,,0.0,,,,,0.0,
PAN,Panama,2011,,0.0,,0.0,,0.0,0.869,0.793,1.189,24.282,,,,,,338.177,5.02,,,,,102.523,,0.0,0.0,7.63,0.09,0.38,3.42,0.0,4.06,0.0,3.04,0.0,0.09,4.15,0.0,0.0,7.57,2.56,1.588,24842.512,,,,,,922.709,45.178,57996520000.0,0.0,,,,,0.0,,0.0,0.0,53.633,,,,,1095.379,,54.822,4.15,1119.661,,,,,,0.786,0.06,0.0,,,,,0.0,,40.159,,,,,820.185,,0.0,0.0,0.0,24.282,,,,,0.0,1.189,,2042.37,3706479.0,92.078,1119.661,54.822,,,,,,0.0,,,,,0.0,,0.0,,,,,0.0,
PAN,Panama,2012,,0.0,,0.0,,0.0,11.008,10.136,1.078,23.869,,,,,,268.263,4.551,,,,,100.779,,0.0,0.0,8.31,0.09,0.38,2.93,0.0,5.33,0.0,2.55,0.0,0.09,5.42,0.0,0.0,8.35,2.24,1.613,27107.97,,,,,,777.057,35.09,63359010000.0,0.0,,,,,0.0,,0.0,0.0,63.832,,,,,1413.555,,64.91,5.42,1437.424,,,,,,-0.481,-0.04,0.0,,,,,0.0,,30.539,,,,,676.279,,0.0,0.0,0.0,23.869,,,,,0.0,1.078,,2214.481,3770635.0,102.214,1437.424,64.91,,,,,,0.0,,,,,0.0,,0.0,,,,,0.0,
PAN,Panama,2013,,0.0,,0.0,,0.0,-1.588,-1.623,1.153,26.073,,,,,,302.191,4.729,,,,,106.898,,0.0,0.0,8.67,0.1,0.41,3.47,0.0,5.1,0.0,3.06,0.0,0.1,5.2,0.0,0.0,8.67,2.62,1.489,26226.814,,,,,,904.719,40.023,67546261000.0,0.0,,,,,0.0,,0.0,0.0,58.824,,,,,1329.702,,59.977,5.2,1355.774,,,,,,0.0,0.0,0.0,,,,,0.0,,35.294,,,,,797.821,,0.0,0.0,0.0,26.073,,,,,0.0,1.153,,2260.493,3835447.0,100.592,1355.774,59.977,,,,,,0.0,,,,,0.0,,0.0,,,,,0.0,
PAN,Panama,2014,,0.0,,0.0,,0.0,2.262,2.276,1.078,23.069,,,,,,286.228,4.072,,,,,87.15,,0.0,0.0,8.44,0.09,0.34,3.16,0.0,4.98,0.0,2.82,0.0,0.09,5.19,0.0,0.12,8.35,2.39,1.436,26367.363,,,,,,809.984,37.844,71636840000.0,0.0,,,,,0.0,,0.0,0.0,59.641,,,,,1276.494,,62.156,5.19,1330.322,,,,,,1.066,0.09,0.0,,,,,0.0,,33.772,,,,,722.834,,0.0,0.0,0.0,23.069,,,,,0.0,1.078,,2140.306,3901311.0,102.867,1330.322,62.156,,,,,,0.0,,,,,0.0,,1.437,,,,,30.759,
PAN,Panama,2015,,0.0,,0.0,,0.0,9.239,9.504,0.642,15.119,,,,,,219.251,2.888,,,,,68.036,,0.0,0.0,9.23,0.06,0.27,2.66,0.0,6.19,0.0,2.39,0.0,0.06,6.69,0.02,0.42,9.35,2.05,1.483,28315.758,,,,,,670.28,28.449,75784011000.0,0.0,,,,,0.0,,0.0,0.0,66.203,,,,,1559.787,,71.551,6.69,1685.78,,,,,,-1.3,-0.12,0.0,,,,,0.0,,25.561,,,,,602.244,,0.0,0.0,0.0,15.119,,,,,0.0,0.642,,2356.06,3968490.0,112.371,1685.78,71.551,,,,,,0.214,,,,,5.04,,4.492,,,,,105.834,
PAN,Panama,2016,,0.0,,0.0,,0.0,5.672,6.374,0.701,17.339,,,,,,215.431,2.705,,,,,66.88,,0.0,0.0,9.61,0.07,0.27,2.75,0.0,6.46,0.0,2.48,0.0,0.07,7.23,0.07,0.63,9.98,2.15,1.494,29413.474,,,,,,681.187,27.555,79468545000.0,0.0,,,,,0.0,,0.0,0.0,64.729,,,,,1600.169,,72.445,7.23,1790.901,,,,,,-3.85,-0.37,0.0,,,,,0.0,,24.85,,,,,614.306,,0.0,0.0,0.0,17.339,,,,,0.0,0.701,,2472.088,4037073.0,118.744,1790.901,72.445,,,,,,0.701,,,,,17.339,,6.313,,,,,156.054,
PAN,Panama,2017,,,,,,,7.526,8.937,0.659,17.045,,,,,,202.448,2.542,,,,,65.745,,,,10.31,0.07,0.27,2.72,0.0,7.18,0.0,2.45,0.0,0.07,7.9,0.16,0.49,10.62,2.15,1.532,31090.452,,,,,,662.322,25.612,83345990991.0,0.0,,,,,0.0,,,,67.608,,,,,1748.335,,74.388,7.9,1923.656,,,,,,-3.007,-0.31,0.0,,,,,0.0,,23.07,,,,,596.577,,,,0.0,17.045,,,,,0.0,0.659,,2585.978,4106764.0,127.681,1923.656,74.388,,,,,,1.507,,,,,38.96,,4.614,,,,,119.315,
PAN,Panama,2018,,,,,,,1.707,2.179,0.285,7.182,,,,,,144.487,4.087,,,,,102.948,,,,10.21,0.03,0.43,1.89,0.38,7.78,0.0,1.08,0.0,0.03,8.63,0.23,0.59,10.52,1.52,1.509,31090.318,,,,,,452.492,17.966,86035741483.0,3.612,,,,,90.977,,,,73.954,,,,,1862.64,,82.034,8.63,2066.141,,,,,,-3.036,-0.31,0.0,,,,,0.0,,10.266,,,,,258.567,,,,0.0,7.182,,,,,0.0,0.285,,2518.634,4176868.0,129.86,2066.141,82.034,,,,,,2.186,,,,,55.065,,5.608,,,,,141.254,
PAN,Panama,2019,,,,,,,-5.175,-6.72,0.642,18.839,,,,,,242.181,7.859,,,,,230.782,,,,12.12,0.08,0.98,4.12,0.88,7.25,0.0,2.26,0.0,0.08,8.35,0.29,0.73,12.47,3.02,,28998.336,,,,,,970.224,33.039,,7.057,,,,,207.232,,,,58.14,,,,,1707.312,,66.961,8.35,1966.353,,,,,,-2.888,-0.35,0.0,,,,,0.0,,18.123,,,,,532.211,,,,0.0,18.839,,,,,0.0,0.642,,2936.577,4246440.0,123.14,1966.353,66.961,,,,,,2.326,,,,,68.292,,5.854,,,,,171.909,
PAN,Panama,2020,,,,,,,,,0.643,18.541,,,,,,242.57,7.871,,,,,227.127,,,,12.1,0.08,0.98,4.12,0.88,7.25,0.0,2.26,0.0,0.08,8.33,0.3,0.7,12.45,3.02,,,,,,,,954.86,33.092,,7.068,,,,,203.951,,,,58.233,,,,,1680.276,,66.908,8.33,1930.579,,,,,,-2.893,-0.35,0.0,,,,,0.0,,18.153,,,,,523.783,,,,0.0,18.541,,,,,0.0,0.643,,2885.439,4314768.0,,1930.579,66.908,,,,,,2.41,,,,,69.529,,5.622,,,,,162.234,
