iso_code,country,year,coal_prod_change_pct,coal_prod_change_twh,gas_prod_change_pct,gas_prod_change_twh,oil_prod_change_pct,oil_prod_change_twh,energy_cons_change_pct,energy_cons_change_twh,biofuel_share_elec,biofuel_elec_per_capita,biofuel_cons_change_pct,biofuel_share_energy,biofuel_cons_change_twh,biofuel_consumption,biofuel_cons_per_capita,carbon_intensity_elec,coal_share_elec,coal_cons_change_pct,coal_share_energy,coal_cons_change_twh,coal_consumption,coal_elec_per_capita,coal_cons_per_capita,coal_production,coal_prod_per_capita,electricity_demand,biofuel_electricity,coal_electricity,fossil_electricity,gas_electricity,hydro_electricity,nuclear_electricity,oil_electricity,other_renewable_exc_biofuel_electricity,other_renewable_electricity,renewables_electricity,solar_electricity,wind_electricity,electricity_generation,greenhouse_gas_emissions,energy_per_gdp,energy_per_capita,fossil_cons_change_pct,fossil_share_energy,fossil_cons_change_twh,fossil_fuel_consumption,fossil_energy_per_capita,fossil_cons_per_capita,fossil_share_elec,gdp,gas_share_elec,gas_cons_change_pct,gas_share_energy,gas_cons_change_twh,gas_consumption,gas_elec_per_capita,gas_energy_per_capita,gas_production,gas_prod_per_capita,hydro_share_elec,hydro_cons_change_pct,hydro_share_energy,hydro_cons_change_twh,hydro_consumption,hydro_elec_per_capita,hydro_energy_per_capita,low_carbon_share_elec,low_carbon_electricity,low_carbon_elec_per_capita,low_carbon_cons_change_pct,low_carbon_share_energy,low_carbon_cons_change_twh,low_carbon_consumption,low_carbon_energy_per_capita,net_elec_imports_share_demand,net_elec_imports,nuclear_share_elec,nuclear_cons_change_pct,nuclear_share_energy,nuclear_cons_change_twh,nuclear_consumption,nuclear_elec_per_capita,nuclear_energy_per_capita,oil_share_elec,oil_cons_change_pct,oil_share_energy,oil_cons_change_twh,oil_consumption,oil_elec_per_capita,oil_energy_per_capita,oil_production,oil_prod_per_capita,other_renewables_elec_per_capita_exc_biofuel,other_renewables_elec_per_capita,other_renewables_cons_change_pct,other_renewables_share_energy,other_renewables_cons_change_twh,other_renewable_consumption,other_renewables_share_elec_exc_biofuel,other_renewables_share_elec,other_renewables_energy_per_capita,per_capita_electricity,population,primary_energy_consumption,renewables_elec_per_capita,renewables_share_elec,renewables_cons_change_pct,renewables_share_energy,renewables_cons_change_twh,renewables_consumption,renewables_energy_per_capita,solar_share_elec,solar_cons_change_pct,solar_share_energy,solar_cons_change_twh,solar_consumption,solar_elec_per_capita,solar_energy_per_capita,wind_share_elec,wind_cons_change_pct,wind_share_energy,wind_cons_change_twh,wind_consumption,wind_elec_per_capita,wind_energy_per_capita
PNG,Papua New Guinea,1980,,,,,,,,,,,,,,,,,,,,,,,,0.0,0.0,,,,,,,,,,,,,,,,,2381.887,,,,,,,,,,,,,,,,,,,,,,,,,,,,,,,,,,,,,,,,,,,,,,,,,,,,,,,,,,,,,3571209.0,8.506,,,,,,,,,,,,,,,,,,,,,
PNG,Papua New Guinea,1981,,0.0,,,,,-0.353,-0.03,,,,,,,,,,,,,,,,0.0,0.0,,,,,,,,,,,,,,,,,2310.785,,,,,,,,,,,,,,,,,,,,,,,,,,,,,,,,,,,,,,,,,,,,,,,,,,,,,,,,,,,,,3668102.0,8.476,,,,,,,,,,,,,,,,,,,,,
PNG,Papua New Guinea,1982,,0.0,,,,,-0.216,-0.018,,,,,,,,,,,,,,,,0.0,0.0,,,,,,,,,,,,,,,,,2244.375,,,,,,,,,,,,,,,,,,,,,,,,,,,,,,,,,,,,,,,,,,,,,,,,,,,,,,,,,,,,,3768489.0,8.458,,,,,,,,,,,,,,,,,,,,,
PNG,Papua New Guinea,1983,,0.0,,,,,2.985,0.252,,,,,,,,,,,,,,,,0.0,0.0,,,,,,,,,,,,,,,,,2249.877,,,,,,,,,,,,,,,,,,,,,,,,,,,,,,,,,,,,,,,,,,,,,,,,,,,,,,,,,,,,,3871490.0,8.71,,,,,,,,,,,,,,,,,,,,,
PNG,Papua New Guinea,1984,,0.0,,,,,15.471,1.348,,,,,,,,,,,,,,,,0.0,0.0,,,,,,,,,,,,,,,,,2529.703,,,,,,,,,,,,,,,,,,,,,,,,,,,,,,,,,,,,,,,,,,,,,,,,,,,,,,,,,,,,,3975950.0,10.058,,,,,,,,,,,,,,,,,,,,,
PNG,Papua New Guinea,1985,,0.0,,,,,0.073,0.007,,,,,,,,,,,,,,,,0.0,0.0,,,,,,,,,,,,,,,,,2466.376,,,,,,,,,,,,,,,,,,,,,,,,,,,,,,,,,,,,,,,,,,,,,,,,,,,,,,,,,,,,,4081022.0,10.065,,,,,,,,,,,,,,,,,,,,,
PNG,Papua New Guinea,1986,,0.0,,,,,3.589,0.361,,,,,,,,,,,,,,,,0.0,0.0,,,,,,,,,,,,,,,,,2490.533,,,,,,,,,,,,,,,,,,,,,,,,,,,,,,,,,,,,,,,,,,,,,,,,,,,,,,,,,,,,,4186499.0,10.427,,,,,,,,,,,,,,,,,,,,,
PNG,Papua New Guinea,1987,,0.0,,,,,9.65,1.006,,,,,,,,,,,,,,,,0.0,0.0,,,,,,,,,,,,,,,,,2663.395,,,,,,,,,,,,,,,,,,,,,,,,,,,,,,,,,,,,,,,,,,,,,,,,,,,,,,,,,,,,,4292575.0,11.433,,,,,,,,,,,,,,,,,,,,,
PNG,Papua New Guinea,1988,,0.0,,,,,-5.816,-0.665,,,,,,,,,,,,,,,,0.0,0.0,,,,,,,,,,,,,,,,,2447.618,,,,,,,,,,,,,,,,,,,,,,,,,,,,,,,,,,,,,,,,,,,,,,,,,,,,,,,,,,,,,4399320.0,10.768,,,,,,,,,,,,,,,,,,,,,
PNG,Papua New Guinea,1989,,0.0,,,,,2.551,0.275,,,,,,,,,,,,,,,,0.0,0.0,,,,,,,,,,,,,,,,,2450.079,,,,,,,,,,,,,,,,,,,,,,,,,,,,,,,,,,,,,,,,,,,,,,,,,,,,,,,,,,,,,4506996.0,11.042,,,,,,,,,,,,,,,,,,,,,
PNG,Papua New Guinea,1990,,0.0,,,,,1.276,0.141,,,,,,,,,,,,,,,,0.0,0.0,,,,,,,,,,,,,,,,,2422.817,,,,,,,,,,,,,,,,,,,,,,,,,,,,,,,,,,,,,,,,,,,,,,,,,,,,,,,,,,,,,4615843.0,11.183,,,,,,,,,,,,,,,,,,,,,
PNG,Papua New Guinea,1991,,0.0,,,,,-1.074,-0.12,,,,,,,,,,,,,,,,0.0,0.0,,,,,,,,,,,,,,,,,2341.161,,,,,,,,,,,,,,,,,,,,,,,,,,,,,,,,,,,,,,,,,,,,,,,,,,,,,,,,,,,,,4725543.0,11.063,,,,,,,,,,,,,,,,,,,,,
PNG,Papua New Guinea,1992,,0.0,,,,,5.396,0.597,,,,,,,,,,,,,,,,0.0,0.0,,,,,,,,,,,,,,,,,2411.013,,,,,,,,,,,,,,,,,,,,,,,,,,,,,,,,,,,,,,,,,,,,,,,,,,,,,,,,,,,,,4836216.0,11.66,,,,,,,,,,,,,,,,,,,,,
PNG,Papua New Guinea,1993,,0.0,,,,,1.593,0.186,,,,,,,,,,,,,,,,0.0,0.0,,,,,,,,,,,,,,,,,2393.583,,,,,,,,,,,,,,,,,,,,,,,,,,,,,,,,,,,,,,,,,,,,,,,,,,,,,,,,,,,,,4949053.0,11.846,,,,,,,,,,,,,,,,,,,,,
PNG,Papua New Guinea,1994,,0.0,,,,,-4.204,-0.498,,,,,,,,,,,,,,,,0.0,0.0,,,,,,,,,,,,,,,,,2240.184,,,,,,,,,,,,,,,,,,,,,,,,,,,,,,,,,,,,,,,,,,,,,,,,,,,,,,,,,,,,,5065664.0,11.348,,,,,,,,,,,,,,,,,,,,,
PNG,Papua New Guinea,1995,,0.0,,,,,16.04,1.82,,,,,,,,,,,,,,,,0.0,0.0,,,,,,,,,,,,,,,,,2538.66,,,,,,,,,,,,,,,,,,,,,,,,,,,,,,,,,,,,,,,,,,,,,,,,,,,,,,,,,,,,,5187063.0,13.168,,,,,,,,,,,,,,,,,,,,,
PNG,Papua New Guinea,1996,,0.0,,,,,4.379,0.577,,,,,,,,,,,,,,,,0.0,0.0,,,,,,,,,,,,,,,,,2586.411,,,,,,,,,,,,,,,,,,,,,,,,,,,,,,,,,,,,,,,,,,,,,,,,,,,,,,,,,,,,,5314258.0,13.745,,,,,,,,,,,,,,,,,,,,,
PNG,Papua New Guinea,1997,,0.0,,,,,-5.223,-0.718,,,,,,,,,,,,,,,,0.0,0.0,,,,,,,,,,,,,,,,,2391.751,,,,,,,,,,,,,,,,,,,,,,,,,,,,,,,,,,,,,,,,,,,,,,,,,,,,,,,,,,,,,5446633.0,13.027,,,,,,,,,,,,,,,,,,,,,
PNG,Papua New Guinea,1998,,0.0,,,,,0.718,0.093,,,,,,,,,,,,,,,,0.0,0.0,,,,,,,,,,,,,,,,,2350.594,,,,,,,,,,,,,,,,,,,,,,,,,,,,,,,,,,,,,,,,,,,,,,,,,,,,,,,,,,,,,5581767.0,13.12,,,,,,,,,,,,,,,,,,,,,
PNG,Papua New Guinea,1999,,0.0,,,,,1.221,0.16,,,,,,,,,,,,,,,,0.0,0.0,,,,,,,,,,,,,,,,,2323.343,,,,,,,,,,,,,,,,,,,,,,,,,,,,,,,,,,,,,,,,,,,,,,,,,,,,,,,,,,,,,5716166.0,13.281,,,,,,,,,,,,,,,,,,,,,
PNG,Papua New Guinea,2000,,0.0,,,,,13.949,1.853,2.37,8.551,,,,,,393.365,0.0,,,,,0.0,,0.0,0.0,2.11,0.05,0.0,1.14,0.0,0.92,0.0,1.14,0.0,0.05,0.97,0.0,0.0,2.11,0.83,,2587.936,,,,,,194.952,54.028,,0.0,,,,,0.0,,,,43.602,,,,,157.33,,45.972,0.97,165.88,,,,,,0.0,0.0,0.0,,,,,0.0,,54.028,,,,,194.952,,,,0.0,8.551,,,,,0.0,2.37,,360.832,5847590.0,15.133,165.88,45.972,,,,,,0.0,,,,,0.0,,0.0,,,,,0.0,
PNG,Papua New Guinea,2001,,0.0,,,,,14.368,2.174,3.089,13.39,,,,,,444.015,0.0,,,,,0.0,,0.0,0.0,2.59,0.08,0.0,1.59,0.0,0.92,0.0,1.59,0.0,0.08,1.0,0.0,0.0,2.59,1.15,,2896.842,,,,,,266.125,61.39,,0.0,,,,,0.0,,,,35.521,,,,,153.985,,38.61,1.0,167.374,,,,,,0.0,0.0,0.0,,,,,0.0,,61.39,,,,,266.125,,,,0.0,13.39,,,,,0.0,3.089,,433.5,5974627.0,17.308,167.374,38.61,,,,,,0.0,,,,,0.0,,0.0,,,,,0.0,
PNG,Papua New Guinea,2002,,0.0,,,,,4.648,0.804,2.899,13.118,,,,,,460.145,0.0,,,,,0.0,,0.0,0.0,2.76,0.08,0.0,1.76,0.0,0.92,0.0,1.76,0.0,0.08,1.0,0.0,0.0,2.76,1.27,,2969.839,,,,,,288.59,63.768,,0.0,,,,,0.0,,,,33.333,,,,,150.854,,36.232,1.0,163.971,,,,,,0.0,0.0,0.0,,,,,0.0,,63.768,,,,,288.59,,,,0.0,13.118,,,,,0.0,2.899,,452.561,6098621.0,18.112,163.971,36.232,,,,,,0.0,,,,,0.0,,0.0,,,,,0.0,
PNG,Papua New Guinea,2003,,0.0,,,,,13.536,2.452,3.226,16.068,,,,,,470.968,0.0,,,,,0.0,,0.0,0.0,3.1,0.1,0.0,2.03,0.0,0.92,0.0,2.03,0.05,0.15,1.07,0.0,0.0,3.1,1.46,,3304.242,,,,,,326.189,65.484,,0.0,,,,,0.0,,,,29.677,,,,,147.83,,34.516,1.07,171.932,,,,,,0.0,0.0,0.0,,,,,0.0,,65.484,,,,,326.189,,,,8.034,24.103,,,,,1.613,4.839,,498.122,6223378.0,20.564,171.932,34.516,,,,,,0.0,,,,,0.0,,0.0,,,,,0.0,
PNG,Papua New Guinea,2004,,0.0,,,,,11.757,2.418,3.145,15.738,,,,,,484.277,0.0,,,,,0.0,,0.0,0.0,3.18,0.1,0.0,2.14,0.0,0.89,0.0,2.14,0.05,0.15,1.04,0.0,0.0,3.18,1.54,,3616.668,,,,,,336.783,67.296,,0.0,,,,,0.0,,,,27.987,,,,,140.064,,32.704,1.04,163.67,,,,,,0.0,0.0,0.0,,,,,0.0,,67.296,,,,,336.783,,,,7.869,23.606,,,,,1.572,4.717,,500.453,6354247.0,22.981,163.67,32.704,,,,,,0.0,,,,,0.0,,0.0,,,,,0.0,
PNG,Papua New Guinea,2005,,0.0,,,,,-3.369,-0.774,3.003,15.397,,,,,,444.444,0.0,,,,,0.0,,0.0,0.0,3.33,0.1,0.0,2.05,0.0,0.88,0.0,2.05,0.3,0.4,1.28,0.0,0.0,3.33,1.48,,3419.14,,,,,,315.632,61.562,,0.0,,,,,0.0,,,,26.426,,,,,135.491,,38.438,1.28,197.078,,,,,,0.0,0.0,0.0,,,,,0.0,,61.562,,,,,315.632,,,,46.19,61.587,,,,,9.009,12.012,,512.71,6494902.0,22.207,197.078,38.438,,,,,,0.0,,,,,0.0,,0.0,,,,,0.0,
PNG,Papua New Guinea,2006,,0.0,,,,,2.501,0.555,3.077,15.045,,,,,,446.154,0.0,,,,,0.0,,0.0,0.0,3.25,0.1,0.0,2.0,0.0,0.85,0.0,2.0,0.3,0.4,1.25,0.0,0.0,3.25,1.45,,3424.51,,,,,,300.893,61.538,,0.0,,,,,0.0,,,,26.154,,,,,127.879,,38.462,1.25,188.058,,,,,,0.0,0.0,0.0,,,,,0.0,,61.538,,,,,300.893,,,,45.134,60.179,,,,,9.231,12.308,,488.95,6646891.0,22.762,188.058,38.462,,,,,,0.0,,,,,0.0,,0.0,,,,,0.0,
PNG,Papua New Guinea,2007,,0.0,,,,,7.771,1.769,2.695,13.219,,,,,,437.126,0.0,,,,,0.0,,0.0,0.0,3.34,0.09,0.0,2.0,0.0,0.85,0.0,2.0,0.4,0.49,1.34,0.0,0.0,3.34,1.46,,3603.033,,,,,,293.75,59.88,,0.0,,,,,0.0,,,,25.449,,,,,124.844,,40.12,1.34,196.813,,,,,,0.0,0.0,0.0,,,,,0.0,,59.88,,,,,293.75,,,,58.75,71.969,,,,,11.976,14.671,,490.563,6808503.0,24.531,196.813,40.12,,,,,,0.0,,,,,0.0,,0.0,,,,,0.0,
PNG,Papua New Guinea,2008,,0.0,,,,,-11.05,-2.711,2.744,12.901,,,,,,432.927,0.0,,,,,0.0,,0.0,0.0,3.28,0.09,0.0,1.94,0.0,0.85,0.0,1.94,0.4,0.49,1.34,0.0,0.0,3.28,1.42,,3127.853,,,,,,278.088,59.146,,0.0,,,,,0.0,,,,25.915,,,,,121.843,,40.854,1.34,192.082,,,,,,0.0,0.0,0.0,,,,,0.0,,59.146,,,,,278.088,,,,57.338,70.239,,,,,12.195,14.939,,470.17,6976200.0,21.821,192.082,40.854,,,,,,0.0,,,,,0.0,,0.0,,,,,0.0,
PNG,Papua New Guinea,2009,,0.0,,,,,9.91,2.162,2.09,9.797,,,,,,441.791,0.0,,,,,0.0,,0.0,0.0,3.35,0.07,0.0,2.03,0.0,0.85,0.0,2.03,0.4,0.47,1.32,0.0,0.0,3.35,1.48,,3356.72,,,,,,284.124,60.597,,0.0,,,,,0.0,,,,25.373,,,,,118.968,,39.403,1.32,184.75,,,,,,0.0,0.0,0.0,,,,,0.0,,60.597,,,,,284.124,,,,55.985,65.782,,,,,11.94,14.03,,468.874,7144774.0,23.983,184.75,39.403,,,,,,0.0,,,,,0.0,,0.0,,,,,0.0,
PNG,Papua New Guinea,2010,,0.0,,,,,-9.329,-2.237,2.065,9.575,,,,,,445.428,0.0,,,,,0.0,,0.0,0.0,3.39,0.07,0.0,2.07,0.0,0.85,0.0,2.07,0.4,0.47,1.32,0.0,0.0,3.39,1.51,,2974.574,,,,,,283.154,61.062,,0.0,,,,,0.0,,,,25.074,,,,,116.271,,38.938,1.32,180.562,,,,,,0.0,0.0,0.0,,,,,0.0,,61.062,,,,,283.154,,,,54.716,64.291,,,,,11.799,13.864,,463.716,7310512.0,21.746,180.562,38.938,,,,,,0.0,,,,,0.0,,0.0,,,,,0.0,
PNG,Papua New Guinea,2011,,0.0,,,,,4.735,1.03,1.7,8.03,,,,,,433.428,0.0,,,,,0.0,,0.0,0.0,3.53,0.06,0.0,2.11,0.0,0.96,0.0,2.11,0.4,0.46,1.42,0.0,0.0,3.53,1.53,,3048.01,,,,,,282.38,59.773,,0.0,,,,,0.0,,,,27.195,,,,,128.476,,40.227,1.42,190.038,,,,,,0.0,0.0,0.0,,,,,0.0,,59.773,,,,,282.38,,,,53.532,61.562,,,,,11.331,13.031,,472.418,7472196.0,22.775,190.038,40.227,,,,,,0.0,,,,,0.0,,0.0,,,,,0.0,
PNG,Papua New Guinea,2012,,0.0,,,,,-8.258,-1.881,1.869,7.863,,,,,,485.981,0.0,,,,,0.0,,0.0,0.0,3.21,0.06,0.0,2.18,0.0,0.97,0.0,2.18,0.0,0.06,1.03,0.0,0.0,3.21,1.56,,2738.107,,,,,,285.677,67.913,,0.0,,,,,0.0,,,,30.218,,,,,127.113,,32.087,1.03,134.976,,,,,,0.0,0.0,0.0,,,,,0.0,,67.913,,,,,285.677,,,,0.0,7.863,,,,,0.0,1.869,,420.652,7631003.0,20.895,134.976,32.087,,,,,,0.0,,,,,0.0,,0.0,,,,,0.0,
PNG,Papua New Guinea,2013,,0.0,,,,,2.418,0.505,2.339,10.272,,,,,,494.152,0.0,,,,,0.0,,0.0,0.0,3.42,0.08,0.0,2.35,0.0,0.99,0.0,2.35,0.0,0.08,1.07,0.0,0.0,3.42,1.69,,2747.656,,,,,,301.731,68.713,,0.0,,,,,0.0,,,,28.947,,,,,127.112,,31.287,1.07,137.384,,,,,,0.0,0.0,0.0,,,,,0.0,,68.713,,,,,301.731,,,,0.0,10.272,,,,,0.0,2.339,,439.115,7788388.0,21.4,137.384,31.287,,,,,,0.0,,,,,0.0,,0.0,,,,,0.0,
PNG,Papua New Guinea,2014,,0.0,,,,,6.186,1.324,2.21,10.067,,,,,,500.0,0.0,,,,,0.0,,0.0,0.0,3.62,0.08,0.0,2.53,0.0,1.01,0.0,2.53,0.0,0.08,1.09,0.0,0.0,3.62,1.81,,2859.493,,,,,,318.37,69.89,,0.0,,,,,0.0,,,,27.901,,,,,127.096,,30.11,1.09,137.163,,,,,,0.0,0.0,0.0,,,,,0.0,,69.89,,,,,318.37,,,,0.0,10.067,,,,,0.0,2.21,,455.533,7946733.0,22.724,137.163,30.11,,,,,,0.0,,,,,0.0,,0.0,,,,,0.0,
PNG,Papua New Guinea,2015,,0.0,,,,,16.331,3.711,2.133,9.867,,,,,,509.333,0.0,,,,,0.0,,0.0,0.0,3.75,0.08,0.0,2.67,0.0,1.0,0.0,2.67,0.0,0.08,1.08,0.0,0.0,3.75,1.91,,3260.396,,,,,,329.314,71.2,,0.0,,,,,0.0,,,,26.667,,,,,123.338,,28.8,1.08,133.206,,,,,,0.0,0.0,0.0,,,,,0.0,,71.2,,,,,329.314,,,,0.0,9.867,,,,,0.0,2.133,,462.519,8107772.0,26.435,133.206,28.8,,,,,,0.0,,,,,0.0,,0.0,,,,,0.0,
PNG,Papua New Guinea,2016,,0.0,,,,,6.432,1.7,2.067,9.671,,,,,,514.212,0.0,,,,,0.0,,0.0,0.0,3.87,0.08,0.0,2.79,0.0,1.0,0.0,2.79,0.0,0.08,1.08,0.0,0.0,3.87,1.99,,3401.299,,,,,,337.292,72.093,,0.0,,,,,0.0,,,,25.84,,,,,120.893,,27.907,1.08,130.565,,,,,,0.0,0.0,0.0,,,,,0.0,,72.093,,,,,337.292,,,,0.0,9.671,,,,,0.0,2.067,,467.857,8271765.0,28.135,130.565,27.907,,,,,,0.0,,,,,0.0,,0.0,,,,,0.0,
PNG,Papua New Guinea,2017,,,,,,,-3.478,-0.979,2.073,9.481,,,,,,551.813,0.0,,,,,0.0,,,,3.86,0.08,0.0,2.99,0.0,0.79,0.0,2.99,0.0,0.08,0.87,0.0,0.0,3.86,2.13,,3218.307,,,,,,354.348,77.461,,0.0,,,,,0.0,,,,20.466,,,,,93.624,,22.539,0.87,103.105,,,,,,0.0,0.0,0.0,,,,,0.0,,77.461,,,,,354.348,,,,0.0,9.481,,,,,0.0,2.073,,457.452,8438038.0,27.156,103.105,22.539,,,,,,0.0,,,,,0.0,,0.0,,,,,0.0,
PNG,Papua New Guinea,2018,,,,,,,4.274,1.161,2.25,10.457,,,,,,557.5,0.0,,,,,0.0,,,,4.0,0.09,0.0,3.13,0.0,0.78,0.0,3.13,0.0,0.09,0.87,0.0,0.0,4.0,2.23,,3290.223,,,,,,363.686,78.25,,0.0,,,,,0.0,,,,19.5,,,,,90.631,,21.75,0.87,101.088,,,,,,0.0,0.0,0.0,,,,,0.0,,78.25,,,,,363.686,,,,0.0,10.457,,,,,0.0,2.25,,464.775,8606324.0,28.317,101.088,21.75,,,,,,0.0,,,,,0.0,,0.0,,,,,0.0,
PNG,Papua New Guinea,2019,,,,,,,2.783,0.788,1.98,9.116,,,,,,556.931,0.0,,,,,0.0,,,,4.04,0.08,0.0,3.16,0.0,0.8,0.0,3.16,0.0,0.08,0.88,0.0,0.0,4.04,2.25,,3316.351,,,,,,360.068,78.218,,0.0,,,,,0.0,,,,19.802,,,,,91.156,,21.782,0.88,100.272,,,,,,0.0,0.0,0.0,,,,,0.0,,78.218,,,,,360.068,,,,0.0,9.116,,,,,0.0,1.98,,460.34,8776119.0,29.105,100.272,21.782,,,,,,0.0,,,,,0.0,,0.0,,,,,0.0,
PNG,Papua New Guinea,2020,,,,,,,,,1.98,8.942,,,,,,556.931,0.0,,,,,0.0,,,,4.04,0.08,0.0,3.16,0.0,0.8,0.0,3.16,0.0,0.08,0.88,0.0,0.0,4.04,2.25,,,,,,,,353.19,78.218,,0.0,,,,,0.0,,,,19.802,,,,,89.415,,21.782,0.88,98.357,,,,,,0.0,0.0,0.0,,,,,0.0,,78.218,,,,,353.19,,,,0.0,8.942,,,,,0.0,1.98,,451.547,8947027.0,,98.357,21.782,,,,,,0.0,,,,,0.0,,0.0,,,,,0.0,
