iso_code,country,year,coal_prod_change_pct,coal_prod_change_twh,gas_prod_change_pct,gas_prod_change_twh,oil_prod_change_pct,oil_prod_change_twh,energy_cons_change_pct,energy_cons_change_twh,biofuel_share_elec,biofuel_elec_per_capita,biofuel_cons_change_pct,biofuel_share_energy,biofuel_cons_change_twh,biofuel_consumption,biofuel_cons_per_capita,carbon_intensity_elec,coal_share_elec,coal_cons_change_pct,coal_share_energy,coal_cons_change_twh,coal_consumption,coal_elec_per_capita,coal_cons_per_capita,coal_production,coal_prod_per_capita,electricity_demand,biofuel_electricity,coal_electricity,fossil_electricity,gas_electricity,hydro_electricity,nuclear_electricity,oil_electricity,other_renewable_exc_biofuel_electricity,other_renewable_electricity,renewables_electricity,solar_electricity,wind_electricity,electricity_generation,greenhouse_gas_emissions,energy_per_gdp,energy_per_capita,fossil_cons_change_pct,fossil_share_energy,fossil_cons_change_twh,fossil_fuel_consumption,fossil_energy_per_capita,fossil_cons_per_capita,fossil_share_elec,gdp,gas_share_elec,gas_cons_change_pct,gas_share_energy,gas_cons_change_twh,gas_consumption,gas_elec_per_capita,gas_energy_per_capita,gas_production,gas_prod_per_capita,hydro_share_elec,hydro_cons_change_pct,hydro_share_energy,hydro_cons_change_twh,hydro_consumption,hydro_elec_per_capita,hydro_energy_per_capita,low_carbon_share_elec,low_carbon_electricity,low_carbon_elec_per_capita,low_carbon_cons_change_pct,low_carbon_share_energy,low_carbon_cons_change_twh,low_carbon_consumption,low_carbon_energy_per_capita,net_elec_imports_share_demand,net_elec_imports,nuclear_share_elec,nuclear_cons_change_pct,nuclear_share_energy,nuclear_cons_change_twh,nuclear_consumption,nuclear_elec_per_capita,nuclear_energy_per_capita,oil_share_elec,oil_cons_change_pct,oil_share_energy,oil_cons_change_twh,oil_consumption,oil_elec_per_capita,oil_energy_per_capita,oil_production,oil_prod_per_capita,other_renewables_elec_per_capita_exc_biofuel,other_renewables_elec_per_capita,other_renewables_cons_change_pct,other_renewables_share_energy,other_renewables_cons_change_twh,other_renewable_consumption,other_renewables_share_elec_exc_biofuel,other_renewables_share_elec,other_renewables_energy_per_capita,per_capita_electricity,population,primary_energy_consumption,renewables_elec_per_capita,renewables_share_elec,renewables_cons_change_pct,renewables_share_energy,renewables_cons_change_twh,renewables_consumption,renewables_energy_per_capita,solar_share_elec,solar_cons_change_pct,solar_share_energy,solar_cons_change_twh,solar_consumption,solar_elec_per_capita,solar_energy_per_capita,wind_share_elec,wind_cons_change_pct,wind_share_energy,wind_cons_change_twh,wind_consumption,wind_elec_per_capita,wind_energy_per_capita
PRY,Paraguay,1980,,,,,,,,,,,,,,,,,,,,,,,,0.0,0.0,,,,,,,,,,,,,,,,0.496,2549.325,,,,,,,,16341148000.0,,,,,,,,0.0,0.0,,,,,,,,,,,,,,,,,,,,,,,,,,,,,,,,0.0,0.0,,,,,,,,,,,3181627.0,8.111,,,,,,,,,,,,,,,,,,,,,
PRY,Paraguay,1981,,0.0,,0.0,,0.0,-3.289,-0.267,,,,,,,,,,,,,,,,0.0,0.0,,,,,,,,,,,,,,,,0.441,2396.709,,,,,,,,17785296000.0,,,,,,,,0.0,0.0,,,,,,,,,,,,,,,,,,,,,,,,,,,,,,,,0.0,0.0,,,,,,,,,,,3272922.0,7.844,,,,,,,,,,,,,,,,,,,,,
PRY,Paraguay,1982,,0.0,,0.0,,0.0,-1.83,-0.144,,,,,,,,,,,,,,,,0.0,0.0,,,,,,,,,,,,,,,,0.437,2285.92,,,,,,,,17625100000.0,,,,,,,,0.0,0.0,,,,,,,,,,,,,,,,,,,,,,,,,,,,,,,,0.0,0.0,,,,,,,,,,,3368763.0,7.701,,,,,,,,,,,,,,,,,,,,,
PRY,Paraguay,1983,,0.0,,0.0,,0.0,7.937,0.611,,,,,,,,,,,,,,,,0.0,0.0,,,,,,,,,,,,,,,,0.486,2396.375,,,,,,,,17109645000.0,,,,,,,,0.0,0.0,,,,,,,,,,,,,,,,,,,,,,,,,,,,,,,,0.0,0.0,,,,,,,,,,,3468533.0,8.312,,,,,,,,,,,,,,,,,,,,,
PRY,Paraguay,1984,,0.0,,0.0,,0.0,7.615,0.633,,,,,,,,,,,,,,,,0.0,0.0,,,,,,,,,,,,,,,,0.507,2504.673,,,,,,,,17643760000.0,,,,,,,,0.0,0.0,,,,,,,,,,,,,,,,,,,,,,,,,,,,,,,,0.0,0.0,,,,,,,,,,,3571275.0,8.945,,,,,,,,,,,,,,,,,,,,,
PRY,Paraguay,1985,,0.0,,0.0,,0.0,84.067,7.52,,,,,,,,,,,,,,,,0.0,0.0,,,,,,,,,,,,,,,,0.898,4478.691,,,,,,,,18342962000.0,,,,,,,,0.0,0.0,,,,,,,,,,,,,,,,,,,,,,,,,,,,,,,,0.0,0.0,,,,,,,,,,,3676206.0,16.465,,,,,,,,,,,,,,,,,,,,,
PRY,Paraguay,1986,,0.0,,0.0,,0.0,100.52,16.55,,,,,,,,,,,,,,,,0.0,0.0,,,,,,,,,,,,,,,,1.799,8726.959,,,,,,,,18352974000.0,,,,,,,,0.0,0.0,,,,,,,,,,,,,,,,,,,,,,,,,,,,,,,,0.0,0.0,,,,,,,,,,,3783074.0,33.015,,,,,,,,,,,,,,,,,,,,,
PRY,Paraguay,1987,,0.0,,0.0,,0.0,48.688,16.074,,,,,,,,,,,,,,,,0.0,0.0,,,,,,,,,,,,,,,,2.563,12613.692,,,,,,,,19149667000.0,,,,,,,,0.0,0.0,,,,,,,,,,,,,,,,,,,,,,,,,,,,,,,,0.0,0.0,,,,,,,,,,,3891725.0,49.089,,,,,,,,,,,,,,,,,,,,,
PRY,Paraguay,1988,,0.0,,0.0,,0.0,4.054,1.99,,,,,,,,,,,,,,,,0.0,0.0,,,,,,,,,,,,,,,,2.508,12764.431,,,,,,,,20363574000.0,,,,,,,,0.0,0.0,,,,,,,,,,,,,,,,,,,,,,,,,,,,,,,,0.0,0.0,,,,,,,,,,,4001678.0,51.079,,,,,,,,,,,,,,,,,,,,,
PRY,Paraguay,1989,,0.0,,0.0,,0.0,24.368,12.447,,,,,,,,,,,,,,,,0.0,0.0,,,,,,,,,,,,,,,,2.95,15447.421,,,,,,,,21535528000.0,,,,,,,,0.0,0.0,,,,,,,,,,,,,,,,,,,,,,,,,,,,,,,,0.0,0.0,,,,,,,,,,,4112396.0,63.526,,,,,,,,,,,,,,,,,,,,,
PRY,Paraguay,1990,,0.0,,0.0,,0.0,6.525,4.145,,,,,,,,,,,,,,,,0.0,0.0,,,,,,,,,,,,,,,,3.049,16022.871,,,,,,,,22196120000.0,,,,,,,,0.0,0.0,,,,,,,,,,,,,,,,,,,,,,,,,,,,,,,,0.0,0.0,,,,,,,,,,,4223413.0,67.671,,,,,,,,,,,,,,,,,,,,,
PRY,Paraguay,1991,,0.0,,0.0,,0.0,6.005,4.063,,,,,,,,,,,,,,,,0.0,0.0,,,,,,,,,,,,,,,,3.144,16550.275,,,,,,,,22815096882.0,,,,,,,,0.0,0.0,,,,,,,,,,,,,,,,,,,,,,,,,,,,,,,,0.0,0.0,,,,,,,,,,,4334348.0,71.735,,,,,,,,,,,,,,,,,,,,,
PRY,Paraguay,1992,,0.0,,0.0,,0.0,-5.691,-4.082,,,,,,,,,,,,,,,,0.0,0.0,,,,,,,,,,,,,,,,2.904,15219.796,,,,,,,,23297733521.0,,,,,,,,0.0,0.0,,,,,,,,,,,,,,,,,,,,,,,,,,,,,,,,0.0,0.0,,,,,,,,,,,4445019.0,67.652,,,,,,,,,,,,,,,,,,,,,
PRY,Paraguay,1993,,0.0,,0.0,,0.0,12.924,8.744,,,,,,,,,,,,,,,,0.0,0.0,,,,,,,,,,,,,,,,3.138,16769.959,,,,,,,,24342777723.0,,,,,,,,0.0,0.0,,,,,,,,,,,,,,,,,,,,,,,,,,,,,,,,0.0,0.0,,,,,,,,,,,4555518.0,76.396,,,,,,,,,,,,,,,,,,,,,
PRY,Paraguay,1994,,0.0,,0.0,,0.0,15.51,11.849,,,,,,,,,,,,,,,,0.0,0.0,,,,,,,,,,,,,,,,3.504,18911.985,,,,,,,,25181162588.0,,,,,,,,0.0,0.0,,,,,,,,,,,,,,,,,,,,,,,,,,,,,,,,0.0,0.0,,,,,,,,,,,4666096.0,88.245,,,,,,,,,,,,,,,,,,,,,
PRY,Paraguay,1995,,0.0,,0.0,,0.0,15.32,13.519,,,,,,,,,,,,,,,,0.0,0.0,,,,,,,,,,,,,,,,3.82,21303.716,,,,,,,,26638152773.0,,,,,,,,0.0,0.0,,,,,,,,,,,,,,,,,,,,,,,,,,,,,,,,0.0,0.0,,,,,,,,,,,4776838.0,101.764,,,,,,,,,,,,,,,,,,,,,
PRY,Paraguay,1996,,0.0,,0.0,,0.0,4.647,4.729,,,,,,,,,,,,,,,,0.0,0.0,,,,,,,,,,,,,,,,3.968,21788.356,,,,,,,,26836725555.0,,,,,,,,0.0,0.0,,,,,,,,,,,,,,,,,,,,,,,,,,,,,,,,0.0,0.0,,,,,,,,,,,4887638.0,106.494,,,,,,,,,,,,,,,,,,,,,
PRY,Paraguay,1997,,0.0,,0.0,,0.0,10.111,10.768,,,,,,,,,,,,,,,,0.0,0.0,,,,,,,,,,,,,,,,4.23,23461.224,,,,,,,,27719501947.0,,,,,,,,0.0,0.0,,,,,,,,,,,,,,,,,,,,,,,,,,,,,,,,0.0,0.0,,,,,,,,,,,4998096.0,117.261,,,,,,,,,,,,,,,,,,,,,
PRY,Paraguay,1998,,0.0,,0.0,,0.0,1.854,2.174,,,,,,,,,,,,,,,,0.0,0.0,,,,,,,,,,,,,,,,4.271,23382.789,,,,,,,,27961618895.0,,,,,,,,0.0,0.0,,,,,,,,,,,,,,,,,,,,,,,,,,,,,,,,0.0,0.0,,,,,,,,,,,5107840.0,119.436,,,,,,,,,,,,,,,,,,,,,
PRY,Paraguay,1999,,0.0,,0.0,,0.0,4.636,5.537,,,,,,,,,,,,,,,,0.0,0.0,,,,,,,,,,,,,,,,4.521,23957.934,,,,,,,,27639983295.0,,,,,,,,0.0,0.0,,,,,,,,,,,,,,,,,,,,,,,,,,,,,,,,0.0,0.0,,,,,,,,,,,5216346.0,124.973,,,,,,,,,,,,,,,,,,,,,
PRY,Paraguay,2000,,0.0,,0.0,,0.0,-0.224,-0.28,0.0,0.0,,,,,,24.165,0.0,,,,,0.0,,0.0,0.0,5.61,0.0,0.0,0.01,0.0,52.96,0.0,0.01,0.0,0.0,52.96,0.0,0.0,52.97,1.28,4.652,23424.471,,,,,,1.879,0.019,26804835160.0,0.0,,,,,0.0,,0.0,0.0,99.981,,,,,9948.899,,99.981,52.96,9948.899,,,,,,-844.207,-47.36,0.0,,,,,0.0,,0.019,,,,,1.879,,0.0,0.0,0.0,0.0,,,,,0.0,0.0,,9950.778,5323202.0,124.693,9948.899,99.981,,,,,,0.0,,,,,0.0,,0.0,,,,,0.0,
PRY,Paraguay,2001,,0.0,,0.0,,0.0,-11.073,-13.807,0.0,0.0,,,,,,24.292,0.0,,,,,0.0,,0.0,0.0,5.73,0.0,0.0,0.01,0.0,44.86,0.0,0.01,0.0,0.0,44.86,0.0,0.0,44.87,1.09,4.04,20426.905,,,,,,1.842,0.022,27445709905.0,0.0,,,,,0.0,,0.0,0.0,99.978,,,,,8263.881,,99.978,44.86,8263.881,,,,,,-683.072,-39.14,0.0,,,,,0.0,,0.022,,,,,1.842,,0.0,0.0,0.0,0.0,,,,,0.0,0.0,,8265.723,5428442.0,110.886,8263.881,99.978,,,,,,0.0,,,,,0.0,,0.0,,,,,0.0,
PRY,Paraguay,2002,,0.0,,0.0,,0.0,4.199,4.656,0.0,0.0,,,,,,24.298,0.0,,,,,0.0,,0.0,0.0,5.96,0.0,0.0,0.01,0.0,47.73,0.0,0.01,0.0,0.0,47.73,0.0,0.0,47.74,1.16,3.648,20886.399,,,,,,1.808,0.021,31674544616.0,0.0,,,,,0.0,,0.0,0.0,99.979,,,,,8628.048,,99.979,47.73,8628.048,,,,,,-701.007,-41.78,0.0,,,,,0.0,,0.021,,,,,1.808,,0.0,0.0,0.0,0.0,,,,,0.0,0.0,,8629.856,5531958.0,115.543,8628.048,99.979,,,,,,0.0,,,,,0.0,,0.0,,,,,0.0,
PRY,Paraguay,2003,,0.0,,0.0,,0.0,6.015,6.95,0.0,0.0,,,,,,24.186,0.0,,,,,0.0,,0.0,0.0,6.09,0.0,0.0,0.02,0.0,51.25,0.0,0.02,0.0,0.0,51.25,0.0,0.0,51.27,1.24,3.695,21745.597,,,,,,3.551,0.039,33147163748.0,0.0,,,,,0.0,,0.0,0.0,99.961,,,,,9098.199,,99.961,51.25,9098.199,,,,,,-741.872,-45.18,0.0,,,,,0.0,,0.039,,,,,3.551,,0.0,0.0,0.0,0.0,,,,,0.0,0.0,,9101.749,5632983.0,122.493,9098.199,99.961,,,,,,0.0,,,,,0.0,,0.0,,,,,0.0,
PRY,Paraguay,2004,,0.0,,0.0,,0.0,-0.734,-0.899,0.0,0.0,,,,,,23.925,0.0,,,,,0.0,,0.0,0.0,6.4,0.0,0.0,0.0,0.0,51.41,0.0,0.0,0.0,0.0,51.41,0.0,0.0,51.41,1.23,3.514,21218.504,,,,,,0.0,0.0,34604899573.0,0.0,,,,,0.0,,0.0,0.0,100.0,,,,,8971.206,,100.0,51.41,8971.206,,,,,,-703.281,-45.01,0.0,,,,,0.0,,0.0,,,,,0.0,,0.0,0.0,0.0,0.0,,,,,0.0,0.0,,8971.206,5730556.0,121.594,8971.206,100.0,,,,,,0.0,,,,,0.0,,0.0,,,,,0.0,
PRY,Paraguay,2005,,0.0,,0.0,,0.0,-2.023,-2.46,0.0,0.0,,,,,,24.087,0.0,,,,,0.0,,0.0,0.0,6.86,0.0,0.0,0.0,0.0,50.65,0.0,0.0,0.0,0.0,50.65,0.0,0.0,50.65,1.22,3.36,20455.319,,,,,,0.0,0.0,35459264017.0,0.0,,,,,0.0,,0.0,0.0,100.0,,,,,8696.63,,100.0,50.65,8696.63,,,,,,-638.338,-43.79,0.0,,,,,0.0,,0.0,,,,,0.0,,0.0,0.0,0.0,0.0,,,,,0.0,0.0,,8696.63,5824095.0,119.134,8696.63,100.0,,,,,,0.0,,,,,0.0,,0.0,,,,,0.0,
PRY,Paraguay,2006,,0.0,,0.0,,0.0,4.704,5.604,0.0,0.0,,,,,,24.038,0.0,,,,,0.0,,0.0,0.0,7.54,0.0,0.0,0.0,0.0,53.25,0.0,0.0,0.0,0.0,53.25,0.0,0.0,53.25,1.28,3.346,21094.671,,,,,,0.0,0.0,37279474209.0,0.0,,,,,0.0,,0.0,0.0,100.0,,,,,9005.258,,100.0,53.25,9005.258,,,,,,-606.233,-45.71,0.0,,,,,0.0,,0.0,,,,,0.0,,0.0,0.0,0.0,0.0,,,,,0.0,0.0,,9005.258,5913212.0,124.737,9005.258,100.0,,,,,,0.0,,,,,0.0,,0.0,,,,,0.0,
PRY,Paraguay,2007,,0.0,,0.0,,0.0,0.427,0.533,0.0,0.0,,,,,,24.065,0.0,,,,,0.0,,0.0,0.0,8.08,0.0,0.0,0.0,0.0,53.19,0.0,0.0,0.0,0.0,53.19,0.0,0.0,53.19,1.28,3.177,20883.793,,,,,,0.0,0.0,39426408109.0,0.0,,,,,0.0,,0.0,0.0,100.0,,,,,8867.32,,100.0,53.19,8867.32,,,,,,-558.292,-45.11,0.0,,,,,0.0,,0.0,,,,,0.0,,0.0,0.0,0.0,0.0,,,,,0.0,0.0,,8867.32,5998430.0,125.27,8867.32,100.0,,,,,,0.0,,,,,0.0,,0.0,,,,,0.0,
PRY,Paraguay,2008,,0.0,,0.0,,0.0,3.139,3.932,0.0,0.0,,,,,,24.039,0.0,,,,,0.0,,0.0,0.0,8.62,0.0,0.0,0.0,0.0,54.91,0.0,0.0,0.0,0.0,54.91,0.0,0.0,54.91,1.32,3.071,21245.854,,,,,,0.0,0.0,42073582328.0,0.0,,,,,0.0,,0.0,0.0,100.0,,,,,9029.325,,100.0,54.91,9029.325,,,,,,-537.007,-46.29,0.0,,,,,0.0,,0.0,,,,,0.0,,0.0,0.0,0.0,0.0,,,,,0.0,0.0,,9029.325,6081296.0,129.202,9029.325,100.0,,,,,,0.0,,,,,0.0,,0.0,,,,,0.0,
PRY,Paraguay,2009,,0.0,,0.0,,0.0,-0.895,-1.157,0.0,0.0,,,,,,24.076,0.0,,,,,0.0,,0.0,0.0,9.37,0.0,0.0,0.0,0.0,54.41,0.0,0.0,0.0,0.0,54.41,0.0,0.0,54.41,1.31,3.159,20773.237,,,,,,0.0,0.0,40532091329.0,0.0,,,,,0.0,,0.0,0.0,100.0,,,,,8827.103,,100.0,54.41,8827.103,,,,,,-480.683,-45.04,0.0,,,,,0.0,,0.0,,,,,0.0,,0.0,0.0,0.0,0.0,,,,,0.0,0.0,,8827.103,6163970.0,128.046,8827.103,100.0,,,,,,0.0,,,,,0.0,,0.0,,,,,0.0,
PRY,Paraguay,2010,,0.0,,0.0,,0.0,1.127,1.443,0.0,0.0,,,,,,23.916,0.0,,,,,0.0,,0.0,0.0,10.14,0.0,0.0,0.0,0.0,53.52,0.0,0.0,0.0,0.0,53.52,0.0,0.0,53.52,1.28,2.816,20724.812,,,,,,0.0,0.0,45988692024.0,0.0,,,,,0.0,,0.0,0.0,100.0,,,,,8565.918,,100.0,53.52,8565.918,,,,,,-427.811,-43.38,0.0,,,,,0.0,,0.0,,,,,0.0,,0.0,0.0,0.0,0.0,,,,,0.0,0.0,,8565.918,6248017.0,129.489,8565.918,100.0,,,,,,0.0,,,,,0.0,,0.0,,,,,0.0,
PRY,Paraguay,2011,,0.0,,0.0,,0.0,5.361,6.942,0.0,0.0,,,,,,24.014,0.0,,,,,0.0,,0.0,0.0,10.93,0.0,0.0,0.0,0.0,57.05,0.0,0.0,0.0,0.0,57.05,0.0,0.0,57.05,1.37,2.834,21539.497,,,,,,0.0,0.0,48142017292.0,0.0,,,,,0.0,,0.0,0.0,100.0,,,,,9006.974,,100.0,57.05,9006.974,,,,,,-421.958,-46.12,0.0,,,,,0.0,,0.0,,,,,0.0,,0.0,0.0,0.0,0.0,,,,,0.0,0.0,,9006.974,6333981.0,136.431,9006.974,100.0,,,,,,0.0,,,,,0.0,,0.0,,,,,0.0,
PRY,Paraguay,2012,,0.0,,0.0,,0.0,2.631,3.589,0.0,0.0,,,,,,23.981,0.0,,,,,0.0,,0.0,0.0,11.97,0.0,0.0,0.0,0.0,59.63,0.0,0.0,0.0,0.0,59.63,0.0,0.0,59.63,1.43,2.945,21804.825,,,,,,0.0,0.0,47541049435.0,0.0,,,,,0.0,,0.0,0.0,100.0,,,,,9285.978,,100.0,59.63,9285.978,,,,,,-398.162,-47.66,0.0,,,,,0.0,,0.0,,,,,0.0,,0.0,0.0,0.0,0.0,,,,,0.0,0.0,,9285.978,6421510.0,140.02,9285.978,100.0,,,,,,0.0,,,,,0.0,,0.0,,,,,0.0,
PRY,Paraguay,2013,,0.0,,0.0,,0.0,0.6,0.841,0.0,0.0,,,,,,23.925,0.0,,,,,0.0,,0.0,0.0,12.41,0.0,0.0,0.0,0.0,59.77,0.0,0.0,0.0,0.0,59.77,0.0,0.0,59.77,1.43,2.598,21636.666,,,,,,0.0,0.0,54217418446.0,0.0,,,,,0.0,,0.0,0.0,100.0,,,,,9180.875,,100.0,59.77,9180.875,,,,,,-381.628,-47.36,0.0,,,,,0.0,,0.0,,,,,0.0,,0.0,0.0,0.0,0.0,,,,,0.0,0.0,,9180.875,6510273.0,140.861,9180.875,100.0,,,,,,0.0,,,,,0.0,,0.0,,,,,0.0,
PRY,Paraguay,2014,,0.0,,0.0,,0.0,-5.389,-7.59,0.0,0.0,,,,,,23.94,0.0,,,,,0.0,,0.0,0.0,13.32,0.0,0.0,0.0,0.0,54.72,0.0,0.0,0.0,0.0,54.72,0.0,0.0,54.72,1.31,2.347,20193.918,,,,,,0.0,0.0,56773792913.0,0.0,,,,,0.0,,0.0,0.0,100.0,,,,,8291.507,,100.0,54.72,8291.507,,,,,,-310.811,-41.4,0.0,,,,,0.0,,0.0,,,,,0.0,,0.0,0.0,0.0,0.0,,,,,0.0,0.0,,8291.507,6599524.0,133.27,8291.507,100.0,,,,,,0.0,,,,,0.0,,0.0,,,,,0.0,
PRY,Paraguay,2015,,0.0,,0.0,,0.0,2.573,3.429,0.0,0.0,,,,,,23.917,0.0,,,,,0.0,,0.0,0.0,14.06,0.0,0.0,0.0,0.0,55.19,0.0,0.0,0.0,0.0,55.19,0.0,0.0,55.19,1.32,2.336,20437.197,,,,,,0.0,0.0,58522323743.0,0.0,,,,,0.0,,0.0,0.0,100.0,,,,,8251.173,,100.0,55.19,8251.173,,,,,,-292.532,-41.13,0.0,,,,,0.0,,0.0,,,,,0.0,,0.0,0.0,0.0,0.0,,,,,0.0,0.0,,8251.173,6688746.0,136.699,8251.173,100.0,,,,,,0.0,,,,,0.0,,0.0,,,,,0.0,
PRY,Paraguay,2016,,0.0,,0.0,,0.0,12.981,17.745,0.0,0.0,,,,,,24.077,0.0,,,,,0.0,,0.0,0.0,14.71,0.0,0.0,0.0,0.0,63.13,0.0,0.0,0.0,0.0,63.13,0.0,0.0,63.13,1.52,2.535,22786.498,,,,,,0.0,0.0,60921223610.0,0.0,,,,,0.0,,0.0,0.0,100.0,,,,,9314.125,,100.0,63.13,9314.125,,,,,,-329.164,-48.42,0.0,,,,,0.0,,0.0,,,,,0.0,,0.0,0.0,0.0,0.0,,,,,0.0,0.0,,9314.125,6777878.0,154.444,9314.125,100.0,,,,,,0.0,,,,,0.0,,0.0,,,,,0.0,
PRY,Paraguay,2017,,,,,,,-3.808,-5.882,0.0,0.0,,,,,,24.031,0.0,,,,,0.0,,,,15.46,0.0,0.0,0.0,0.0,59.09,0.0,0.0,0.0,0.0,59.09,0.0,0.0,59.09,1.42,2.323,21634.059,,,,,,0.0,0.0,63939261042.0,0.0,,,,,0.0,,,,100.0,,,,,8604.849,,100.0,59.09,8604.849,,,,,,-282.212,-43.63,0.0,,,,,0.0,,0.0,,,,,0.0,,,,0.0,0.0,,,,,0.0,0.0,,8604.849,6867058.0,148.562,8604.849,100.0,,,,,,0.0,,,,,0.0,,0.0,,,,,0.0,
PRY,Paraguay,2018,,,,,,,0.12,0.178,0.0,0.0,,,,,,24.053,0.0,,,,,0.0,,,,16.41,0.0,0.0,0.0,0.0,58.62,0.0,0.0,0.0,0.0,58.62,0.0,0.0,58.62,1.41,2.244,21382.832,,,,,,0.0,0.0,66292864959.0,0.0,,,,,0.0,,,,100.0,,,,,8427.173,,100.0,58.62,8427.173,,,,,,-257.221,-42.21,0.0,,,,,0.0,,0.0,,,,,0.0,,,,0.0,0.0,,,,,0.0,0.0,,8427.173,6956069.0,148.74,8427.173,100.0,,,,,,0.0,,,,,0.0,,0.0,,,,,0.0,
PRY,Paraguay,2019,,,,,,,-12.866,-19.137,0.0,0.0,,,,,,23.912,0.0,,,,,0.0,,,,17.18,0.0,0.0,0.0,0.0,48.93,0.0,0.0,0.0,0.0,48.93,0.0,0.0,48.93,1.17,,18397.521,,,,,,0.0,0.0,,0.0,,,,,0.0,,,,100.0,,,,,6945.707,,100.0,48.93,6945.707,,,,,,-184.808,-31.75,0.0,,,,,0.0,,0.0,,,,,0.0,,,,0.0,0.0,,,,,0.0,0.0,,6945.707,7044639.0,129.604,6945.707,100.0,,,,,,0.0,,,,,0.0,,0.0,,,,,0.0,
PRY,Paraguay,2020,,,,,,,,,0.0,0.0,,,,,,23.916,0.0,,,,,0.0,,,,17.59,0.0,0.0,0.0,0.0,49.34,0.0,0.0,0.0,0.0,49.34,0.0,0.0,49.34,1.18,,,,,,,,0.0,0.0,,0.0,,,,,0.0,,,,100.0,,,,,6917.601,,100.0,49.34,6917.601,,,,,,-180.5,-31.75,0.0,,,,,0.0,,0.0,,,,,0.0,,,,0.0,0.0,,,,,0.0,0.0,,6917.601,7132530.0,,6917.601,100.0,,,,,,0.0,,,,,0.0,,0.0,,,,,0.0,
