iso_code,country,year,coal_prod_change_pct,coal_prod_change_twh,gas_prod_change_pct,gas_prod_change_twh,oil_prod_change_pct,oil_prod_change_twh,energy_cons_change_pct,energy_cons_change_twh,biofuel_share_elec,biofuel_elec_per_capita,biofuel_cons_change_pct,biofuel_share_energy,biofuel_cons_change_twh,biofuel_consumption,biofuel_cons_per_capita,carbon_intensity_elec,coal_share_elec,coal_cons_change_pct,coal_share_energy,coal_cons_change_twh,coal_consumption,coal_elec_per_capita,coal_cons_per_capita,coal_production,coal_prod_per_capita,electricity_demand,biofuel_electricity,coal_electricity,fossil_electricity,gas_electricity,hydro_electricity,nuclear_electricity,oil_electricity,other_renewable_exc_biofuel_electricity,other_renewable_electricity,renewables_electricity,solar_electricity,wind_electricity,electricity_generation,greenhouse_gas_emissions,energy_per_gdp,energy_per_capita,fossil_cons_change_pct,fossil_share_energy,fossil_cons_change_twh,fossil_fuel_consumption,fossil_energy_per_capita,fossil_cons_per_capita,fossil_share_elec,gdp,gas_share_elec,gas_cons_change_pct,gas_share_energy,gas_cons_change_twh,gas_consumption,gas_elec_per_capita,gas_energy_per_capita,gas_production,gas_prod_per_capita,hydro_share_elec,hydro_cons_change_pct,hydro_share_energy,hydro_cons_change_twh,hydro_consumption,hydro_elec_per_capita,hydro_energy_per_capita,low_carbon_share_elec,low_carbon_electricity,low_carbon_elec_per_capita,low_carbon_cons_change_pct,low_carbon_share_energy,low_carbon_cons_change_twh,low_carbon_consumption,low_carbon_energy_per_capita,net_elec_imports_share_demand,net_elec_imports,nuclear_share_elec,nuclear_cons_change_pct,nuclear_share_energy,nuclear_cons_change_twh,nuclear_consumption,nuclear_elec_per_capita,nuclear_energy_per_capita,oil_share_elec,oil_cons_change_pct,oil_share_energy,oil_cons_change_twh,oil_consumption,oil_elec_per_capita,oil_energy_per_capita,oil_production,oil_prod_per_capita,other_renewables_elec_per_capita_exc_biofuel,other_renewables_elec_per_capita,other_renewables_cons_change_pct,other_renewables_share_energy,other_renewables_cons_change_twh,other_renewable_consumption,other_renewables_share_elec_exc_biofuel,other_renewables_share_elec,other_renewables_energy_per_capita,per_capita_electricity,population,primary_energy_consumption,renewables_elec_per_capita,renewables_share_elec,renewables_cons_change_pct,renewables_share_energy,renewables_cons_change_twh,renewables_consumption,renewables_energy_per_capita,solar_share_elec,solar_cons_change_pct,solar_share_energy,solar_cons_change_twh,solar_consumption,solar_elec_per_capita,solar_energy_per_capita,wind_share_elec,wind_cons_change_pct,wind_share_energy,wind_cons_change_twh,wind_consumption,wind_elec_per_capita,wind_energy_per_capita
PER,Peru,1900,,,,,,,,,,,,,,,,,,,,,,,,0.391,105.841,,,,,,,,,,,,,,,,,,,,,,,,,3954432000.0,,,,,,,,0.0,0.0,,,,,,,,,,,,,,,,,,,,,,,,,,,,,,,,0.442,119.701,,,,,,,,,,,3692024.0,,,,,,,,,,,,,,,,,,,,,,
PER,Peru,1901,-6.25,-0.024,,0.0,2.632,0.012,,,,,,,,,,,,,,,,,,0.366,98.119,,,,,,,,,,,,,,,,,,,,,,,,,4244406000.0,,,,,,,,0.0,0.0,,,,,,,,,,,,,,,,,,,,,,,,,,,,,,,,0.454,121.481,,,,,,,,,,,3733680.0,,,,,,,,,,,,,,,,,,,,,,
PER,Peru,1902,-100.0,-0.366,,0.0,-17.949,-0.081,,,,,,,,,,,,,,,,,,0.0,0.0,,,,,,,,,,,,,,,,,,,,,,,,,4515387000.0,,,,,,,,0.0,0.0,,,,,,,,,,,,,,,,,,,,,,,,,,,,,,,,0.372,98.488,,,,,,,,,,,3778753.0,,,,,,,,,,,,,,,,,,,,,,
PER,Peru,1903,,0.301,,0.0,15.625,0.058,,,,,,,,,,,,,,,,,,0.301,78.702,,,,,,,,,,,,,,,,,,,,,,,,,4818336000.0,,,,,,,,0.0,0.0,,,,,,,,,,,,,,,,,,,,,,,,,,,,,,,,0.43,112.432,,,,,,,,,,,3827311.0,,,,,,,,,,,,,,,,,,,,,,
PER,Peru,1904,62.162,0.187,,0.0,5.405,0.023,,,,,,,,,,,,,,,,,,0.488,126.006,,,,,,,,,,,,,,,,,,,,,,,,,4982964000.0,,,,,,,,0.0,0.0,,,,,,,,,,,,,,,,,,,,,,,,,,,,,,,,0.454,117.005,,,,,,,,,,,3876494.0,,,,,,,,,,,,,,,,,,,,,,
PER,Peru,1905,25.0,0.122,,0.0,28.205,0.128,,,,,,,,,,,,,,,,,,0.611,155.509,,,,,,,,,,,,,,,,,,,,,,,,,5349645000.0,,,,,,,,0.0,0.0,,,,,,,,,,,,,,,,,,,,,,,,,,,,,,,,0.582,148.104,,,,,,,,,,,3926308.0,,,,,,,,,,,,,,,,,,,,,,
PER,Peru,1906,6.667,0.041,,0.0,42.0,0.244,,,,,,,,,,,,,,,,,,0.651,163.772,,,,,,,,,,,,,,,,,,,,,,,,,5775112000.0,,,,,,,,0.0,0.0,,,,,,,,,,,,,,,,,,,,,,,,,,,,,,,,0.826,207.639,,,,,,,,,,,3976762.0,,,,,,,,,,,,,,,,,,,,,,
PER,Peru,1907,132.5,0.863,,0.0,40.845,0.337,,,,,,,,,,,,,,,,,,1.514,375.938,,,,,,,,,,,,,,,,,,,,,,,,,6135360000.0,,,,,,,,0.0,0.0,,,,,,,,,,,,,,,,,,,,,,,,,,,,,,,,1.163,288.739,,,,,,,,,,,4027865.0,,,,,,,,,,,,,,,,,,,,,,
PER,Peru,1908,67.204,1.018,,0.0,26.0,0.302,,,,,,,,,,,,,,,,,,2.532,620.609,,,,,,,,,,,,,,,,,,,,,,,,,6248666000.0,,,,,,,,0.0,0.0,,,,,,,,,,,,,,,,,,,,,,,,,,,,,,,,1.465,359.195,,,,,,,,,,,4079624.0,,,,,,,,,,,,,,,,,,,,,,
PER,Peru,1909,13.183,0.334,,0.0,49.206,0.721,,,,,,,,,,,,,,,,,,2.866,693.519,,,,,,,,,,,,,,,,,,,,,,,,,6356260000.0,,,,,,,,0.0,0.0,,,,,,,,,,,,,,,,,,,,,,,,,,,,,,,,2.186,529.146,,,,,,,,,,,4132020.0,,,,,,,,,,,,,,,,,,,,,,
PER,Peru,1910,-12.784,-0.366,,0.0,-10.638,-0.233,,,,,,,,,,,,,,,,,,2.499,597.193,,,,,,,,,,,,,,,,,,,,,,,,,6470268000.0,,,,,,,,0.0,0.0,,,,,,,,,,,,,,,,,,,,,,,,,,,,,,,,1.954,466.861,,,,,,,,,,,4185061.0,,,,,,,,,,,,,,,,,,,,,,
PER,Peru,1911,11.401,0.285,,0.0,16.071,0.314,,,,,,,,,,,,,,,,,,2.784,656.85,,,,,,,,,,,,,,,,,,,,,,,,,6601864000.0,,,,,,,,0.0,0.0,,,,,,,,,,,,,,,,,,,,,,,,,,,,,,,,2.268,535.028,,,,,,,,,,,4238755.0,,,,,,,,,,,,,,,,,,,,,,
PER,Peru,1912,-18.421,-0.513,,0.0,20.0,0.454,,,,,,,,,,,,,,,,,,2.271,529.067,,,,,,,,,,,,,,,,,,,,,,,,,6842346000.0,,,,,,,,0.0,0.0,,,,,,,,,,,,,,,,,,,,,,,,,,,,,,,,2.721,633.905,,,,,,,,,,,4293109.0,,,,,,,,,,,,,,,,,,,,,,
PER,Peru,1913,-1.792,-0.041,,0.0,17.949,0.488,,,,,,,,,,,,,,,,,,2.231,513.01,,,,,,,,,,,,,,,,,,,,,,,,,7065275000.0,,,,,,,,0.0,0.0,,,,,,,,,,,,,,,,,,,,,,,,,,,,,,,,3.21,738.221,,,,,,,,,,,4348132.0,,,,,,,,,,,,,,,,,,,,,,
PER,Peru,1914,3.65,0.081,,0.0,-6.884,-0.221,,,,,,,,,,,,,,,,,,2.312,525.004,,,,,,,,,,,,,,,,,,,,,,,,,7025250000.0,,,,,,,,0.0,0.0,,,,,,,,,,,,,,,,,,,,,,,,,,,,,,,,2.989,678.703,,,,,,,,,,,4403861.0,,,,,,,,,,,,,,,,,,,,,,
PER,Peru,1915,2.465,0.057,,0.0,41.245,1.233,,,,,,,,,,,,,,,,,,2.369,531.137,,,,,,,,,,,,,,,,,,,,,,,,,7633865000.0,,,,,,,,0.0,0.0,,,,,,,,,,,,,,,,,,,,,,,,,,,,,,,,4.222,946.504,,,,,,,,,,,4460303.0,,,,,,,,,,,,,,,,,,,,,,
PER,Peru,1916,9.622,0.228,,0.0,0.275,0.012,,,,,,,,,,,,,,,,,,2.597,574.875,,,,,,,,,,,,,,,,,,,,,,,,,8424940000.0,,,,,,,,0.0,0.0,,,,,,,,,,,,,,,,,,,,,,,,,,,,,,,,4.233,937.101,,,,,,,,,,,4517469.0,,,,,,,,,,,,,,,,,,,,,,
PER,Peru,1917,10.972,0.285,,0.0,-4.67,-0.198,,,,,,,,,,,,,,,,,,2.882,629.877,,,,,,,,,,,,,,,,,,,,,,,,,8735878000.0,,,,,,,,0.0,0.0,,,,,,,,,,,,,,,,,,,,,,,,,,,,,,,,4.036,882.03,,,,,,,,,,,4575367.0,,,,,,,,,,,,,,,,,,,,,,
PER,Peru,1918,-2.26,-0.065,,0.0,-3.458,-0.14,,,,,,,,,,,,,,,,,,2.817,607.966,,,,,,,,,,,,,,,,,,,,,,,,,8786654000.0,,,,,,,,0.0,0.0,,,,,,,,,,,,,,,,,,,,,,,,,,,,,,,,3.896,840.911,,,,,,,,,,,4633132.0,,,,,,,,,,,,,,,,,,,,,,
PER,Peru,1919,-0.578,-0.016,,0.0,4.179,0.163,,,,,,,,,,,,,,,,,,2.801,596.546,,,,,,,,,,,,,,,,,,,,,,,,,9081391000.0,,,,,,,,0.0,0.0,,,,,,,,,,,,,,,,,,,,,,,,,,,,,,,,4.059,864.595,,,,,,,,,,,4694537.0,,,,,,,,,,,,,,,,,,,,,,
PER,Peru,1920,9.884,0.277,,0.0,6.877,0.279,,,,,,,,,,,,,,,,,,3.077,646.536,,,,,,,,,,,,,,,,,,,,,,,,,9164260000.0,,,,,,,,0.0,0.0,,,,,,,,,,,,,,,,,,,,,,,,,,,,,,,,4.338,911.406,,,,,,,,,,,4759673.0,,,,,,,,,,,,,,,,,,,,,,
PER,Peru,1921,-5.556,-0.171,,0.0,31.099,1.349,,,,,,,,,,,,,,,,,,2.906,601.897,,,,,,,,,,,,,,,,,,,,,,,,,9547056000.0,,,,,,,,0.0,0.0,,,,,,,,,,,,,,,,,,,,,,,,,,,,,,,,5.687,1177.781,,,,,,,,,,,4828635.0,,,,,,,,,,,,,,,,,,,,,,
PER,Peru,1922,-15.126,-0.44,,0.0,43.354,2.466,,,,,,,,,,,,,,,,,,2.467,503.257,,,,,,,,,,,,,,,,,,,,,,,,,10372672000.0,,,,,,,,0.0,0.0,,,,,,,,,,,,,,,,,,,,,,,,,,,,,,,,8.153,1663.288,,,,,,,,,,,4901517.0,,,,,,,,,,,,,,,,,,,,,,
PER,Peru,1923,-16.502,-0.407,,0.0,7.275,0.593,,,,,,,,,,,,,,,,,,2.06,413.721,,,,,,,,,,,,,,,,,,,,,,,,,11081070000.0,,,,,,,,0.0,0.0,,,,,,,,,,,,,,,,,,,,,,,,,,,,,,,,8.746,1756.736,,,,,,,,,,,4978418.0,,,,,,,,,,,,,,,,,,,,,,
PER,Peru,1924,-39.13,-0.806,,0.0,39.096,3.419,,,,,,,,,,,,,,,,,,1.254,247.94,,,,,,,,,,,,,,,,,,,,,,,,,12125568000.0,,,,,,,,0.0,0.0,,,,,,,,,,,,,,,,,,,,,,,,,,,,,,,,12.165,2405.801,,,,,,,,,,,5056524.0,,,,,,,,,,,,,,,,,,,,,,
PER,Peru,1925,-33.766,-0.423,,0.0,16.635,2.024,,,,,,,,,,,,,,,,,,0.83,161.683,,,,,,,,,,,,,,,,,,,,,,,,,12446850000.0,,,,,,,,0.0,0.0,,,,,,,,,,,,,,,,,,,,,,,,,,,,,,,,14.189,2762.658,,,,,,,,,,,5135856.0,,,,,,,,,,,,,,,,,,,,,,
PER,Peru,1926,67.647,0.562,,0.0,14.344,2.035,,,,,,,,,,,,,,,,,,1.392,266.871,,,,,,,,,,,,,,,,,,,,,,,,,13709300000.0,,,,,,,,0.0,0.0,,,,,,,,,,,,,,,,,,,,,,,,,,,,,,,,16.224,3110.145,,,,,,,,,,,5216433.0,,,,,,,,,,,,,,,,,,,,,,
PER,Peru,1927,-5.263,-0.073,,0.0,-0.645,-0.105,,,,,,,,,,,,,,,,,,1.319,248.919,,,,,,,,,,,,,,,,,,,,,,,,,13953640000.0,,,,,,,,0.0,0.0,,,,,,,,,,,,,,,,,,,,,,,,,,,,,,,,16.119,3042.348,,,,,,,,,,,5298274.0,,,,,,,,,,,,,,,,,,,,,,
PER,Peru,1928,22.222,0.293,,0.0,14.863,2.396,,,,,,,,,,,,,,,,,,1.612,299.535,,,,,,,,,,,,,,,,,,,,,,,,,14852352000.0,,,,,,,,0.0,0.0,,,,,,,,,,,,,,,,,,,,,,,,,,,,,,,,18.515,3440.55,,,,,,,,,,,5381399.0,,,,,,,,,,,,,,,,,,,,,,
PER,Peru,1929,11.616,0.187,,0.0,11.621,2.152,,,,,,,,,,,,,,,,,,1.799,329.127,,,,,,,,,,,,,,,,,,,,,,,,,16409236000.0,,,,,,,,0.0,0.0,,,,,,,,,,,,,,,,,,,,,,,,,,,,,,,,20.667,3780.593,,,,,,,,,,,5466477.0,,,,,,,,,,,,,,,,,,,,,,
PER,Peru,1930,-9.05,-0.163,,0.0,-6.809,-1.407,,,,,,,,,,,,,,,,,,1.636,294.648,,,,,,,,,,,,,,,,,,,,,,,,,14527480000.0,,,,,,,,0.0,0.0,,,,,,,,,,,,,,,,,,,,,,,,,,,,,,,,19.259,3467.926,,,,,,,,,,,5553548.0,,,,,,,,,,,,,,,,,,,,,,
PER,Peru,1931,-29.851,-0.488,,0.0,-19.082,-3.675,,,,,,,,,,,,,,,,,,1.148,203.429,,,,,,,,,,,,,,,,,,,,,,,,,13348893000.0,,,,,,,,0.0,0.0,,,,,,,,,,,,,,,,,,,,,,,,,,,,,,,,15.584,2761.858,,,,,,,,,,,5642656.0,,,,,,,,,,,,,,,,,,,,,,
PER,Peru,1932,-81.56,-0.936,,0.0,-2.015,-0.314,,,,,,,,,,,,,,,,,,0.212,36.915,,,,,,,,,,,,,,,,,,,,,,,,,12836880000.0,,,,,,,,0.0,0.0,,,,,,,,,,,,,,,,,,,,,,,,,,,,,,,,15.27,2663.171,,,,,,,,,,,5733842.0,,,,,,,,,,,,,,,,,,,,,,
PER,Peru,1933,15.385,0.033,,0.0,34.196,5.222,,,,,,,,,,,,,,,,,,0.244,41.912,,,,,,,,,,,,,,,,,,,,,,,,,14282216000.0,,,,,,,,0.0,0.0,,,,,,,,,,,,,,,,,,,,,,,,,,,,,,,,20.492,3516.654,,,,,,,,,,,5827151.0,,,,,,,,,,,,,,,,,,,,,,
PER,Peru,1934,16.667,0.041,,0.0,22.701,4.652,,,,,,,,,,,,,,,,,,0.285,48.115,,,,,,,,,,,,,,,,,,,,,,,,,16216804000.0,,,,,,,,0.0,0.0,,,,,,,,,,,,,,,,,,,,,,,,,,,,,,,,25.144,4245.892,,,,,,,,,,,5921978.0,,,,,,,,,,,,,,,,,,,,,,
PER,Peru,1935,142.857,0.407,,0.0,4.209,1.058,,,,,,,,,,,,,,,,,,0.692,114.979,,,,,,,,,,,,,,,,,,,,,,,,,17739826000.0,,,,,,,,0.0,0.0,,,,,,,,,,,,,,,,,,,,,,,,,,,,,,,,26.202,4353.755,,,,,,,,,,,6018348.0,,,,,,,,,,,,,,,,,,,,,,
PER,Peru,1936,5.882,0.041,,0.0,3.151,0.826,,,,,,,,,,,,,,,,,,0.733,119.793,,,,,,,,,,,,,,,,,,,,,,,,,18584964000.0,,,,,,,,0.0,0.0,,,,,,,,,,,,,,,,,,,,,,,,,,,,,,,,27.028,4419.044,,,,,,,,,,,6116287.0,,,,,,,,,,,,,,,,,,,,,,
PER,Peru,1937,10.0,0.073,,0.0,-1.033,-0.279,,,,,,,,,,,,,,,,,,0.806,129.663,,,,,,,,,,,,,,,,,,,,,,,,,18840590000.0,,,,,,,,0.0,0.0,,,,,,,,,,,,,,,,,,,,,,,,,,,,,,,,26.749,4303.378,,,,,,,,,,,6215819.0,,,,,,,,,,,,,,,,,,,,,,
PER,Peru,1938,-24.242,-0.195,,0.0,-8.826,-2.361,,,,,,,,,,,,,,,,,,0.611,96.656,,,,,,,,,,,,,,,,,,,,,,,,,19135116000.0,,,,,,,,0.0,0.0,,,,,,,,,,,,,,,,,,,,,,,,,,,,,,,,24.388,3860.732,,,,,,,,,,,6316971.0,,,,,,,,,,,,,,,,,,,,,,
PER,Peru,1939,44.0,0.269,,0.0,-14.449,-3.524,,,,,,,,,,,,,,,,,,0.879,136.932,,,,,,,,,,,,,,,,,,,,,,,,,19248506000.0,,,,,,,,0.0,0.0,,,,,,,,,,,,,,,,,,,,,,,,,,,,,,,,20.864,3249.43,,,,,,,,,,,6420892.0,,,,,,,,,,,,,,,,,,,,,,
PER,Peru,1940,4.63,0.041,,0.0,-10.312,-2.152,,,,,,,,,,,,,,,,,,0.92,140.929,,,,,,,,,,,,,,,,,,,,,,,,,19616240000.0,,,,,,,,0.0,0.0,,,,,,,,,,,,,,,,,,,,,,,,,,,,,,,,18.713,2866.682,,,,,,,,,,,6527645.0,,,,,,,,,,,,,,,,,,,,,,
PER,Peru,1941,3.54,0.033,,0.0,-1.616,-0.302,,,,,,,,,,,,,,,,,,0.952,143.507,,,,,,,,,,,,,,,,,,,,,,,,,19630350000.0,,,,,,,,0.0,0.0,,,,,,,,,,,,,,,,,,,,,,,,,,,,,,,,18.41,2773.765,,,,,,,,,,,6637298.0,,,,,,,,,,,,,,,,,,,,,,
PER,Peru,1942,27.35,0.261,,0.0,14.34,2.64,,,,,,,,,,,,,,,,,,1.213,179.707,,,,,,,,,,,,,,,,,,,,,,,,,19186560000.0,,,,,,,,0.0,0.0,,,,,,,,,,,,,,,,,,,,,,,,,,,,,,,,21.05,3118.605,,,,,,,,,,,6749915.0,,,,,,,,,,,,,,,,,,,,,,
PER,Peru,1943,25.503,0.309,,0.0,7.624,1.605,,,,,,,,,,,,,,,,,,1.522,221.74,,,,,,,,,,,,,,,,,,,,,,,,,19487776000.0,,,,,,,,0.0,0.0,,,,,,,,,,,,,,,,,,,,,,,,,,,,,,,,22.655,3299.838,,,,,,,,,,,6865567.0,,,,,,,,,,,,,,,,,,,,,,
PER,Peru,1944,-7.487,-0.114,,0.0,-1.745,-0.395,,,,,,,,,,,,,,,,,,1.408,201.683,,,,,,,,,,,,,,,,,,,,,,,,,21158440000.0,,,,,,,,0.0,0.0,,,,,,,,,,,,,,,,,,,,,,,,,,,,,,,,22.26,3187.627,,,,,,,,,,,6983200.0,,,,,,,,,,,,,,,,,,,,,,
PER,Peru,1945,16.185,0.228,,0.0,-4.545,-1.012,,,,,,,,,,,,,,,,,,1.636,230.378,,,,,,,,,,,,,,,,,,,,,,,,,21948310000.0,,,,,,,,0.0,0.0,,,,,,,,,,,,,,,,,,,,,,,,,,,,,,,,21.248,2991.479,,,,,,,,,,,7102849.0,,,,,,,,,,,,,,,,,,,,,,
PER,Peru,1946,14.428,0.236,,0.0,-10.29,-2.186,,,,,,,,,,,,,,,,,,1.872,259.176,,,,,,,,,,,,,,,,,,,,,,,,,22787480000.0,,,,,,,,0.0,0.0,,,,,,,,,,,,,,,,,,,,,,,,,,,,,,,,19.062,2638.447,,,,,,,,,,,7224548.0,,,,,,,,,,,,,,,,,,,,,,
PER,Peru,1947,-6.522,-0.122,,0.0,3.661,0.698,,,,,,,,,,,,,,,,,,1.75,238.192,,,,,,,,,,,,,,,,,,,,,,,,,23431212000.0,,,,,,,,0.0,0.0,,,,,,,,,,,,,,,,,,,,,,,,,,,,,,,,19.759,2688.962,,,,,,,,,,,7348332.0,,,,,,,,,,,,,,,,,,,,,,
PER,Peru,1948,-12.093,-0.212,,0.0,10.182,2.012,,,,,,,,,,,,,,,,,,1.539,205.86,,,,,,,,,,,,,,,,,,,,,,,,,24208032000.0,,,,,,,,0.0,0.0,,,,,,,,,,,,,,,,,,,,,,,,,,,,,,,,21.771,2912.856,,,,,,,,,,,7474237.0,,,,,,,,,,,,,,,,,,,,,,
PER,Peru,1949,-10.053,-0.155,,0.0,5.128,1.116,,,,,,,,,,,,,,,,,,1.384,181.694,,,,,,,,,,,,,,,,,,,,,,,,,26031940000.0,,,,,,,,0.0,0.0,,,,,,,,,,,,,,,,,,,,,,,,,,,,,,,,22.888,3004.819,,,,,,,,,,,7617050.0,,,,,,,,,,,,,,,,,,,,,,
PER,Peru,1950,15.294,0.212,,4.524,4.217,0.965,,,,,,,,,,,,,,,,,,1.596,205.162,,,,,,,,,,,,,,,,,,,,,,,,,28079967500.0,,,,,,,,4.524,581.728,,,,,,,,,,,,,,,,,,,,,,,,,,,,,,,,23.853,3066.962,,,,,,,,,,,7777452.0,,,,,,,,,,,,,,,,,,,,,,
PER,Peru,1951,-5.102,-0.081,1.235,0.056,4.291,1.023,,,,,,,,,,,,,,,,,,1.514,189.837,,,,,,,,,,,,,,,,,,,,,,,,,30263915400.0,,,,,,,,4.58,574.216,,,,,,,,,,,,,,,,,,,,,,,,,,,,,,,,24.877,3118.744,,,,,,,,,,,7976478.0,,,,,,,,,,,,,,,,,,,,,,
PER,Peru,1952,20.968,0.317,0.0,0.0,5.143,1.279,,,,,,,,,,,,,,,,,,1.832,223.798,,,,,,,,,,,,,,,,,,,,,,,,,31813874800.0,,,,,,,,4.58,559.606,,,,,,,,,,,,,,,,,,,,,,,,,,,,,,,,26.156,3195.696,,,,,,,,,,,8184725.0,,,,,,,,,,,,,,,,,,,,,,
PER,Peru,1953,-6.667,-0.122,0.0,0.0,-4.98,-1.303,,,,,,,,,,,,,,,,,,1.71,203.492,,,,,,,,,,,,,,,,,,,,,,,,,33842163100.0,,,,,,,,4.58,545.175,,,,,,,,,,,,,,,,,,,,,,,,,,,,,,,,24.853,2958.246,,,,,,,,,,,8401373.0,,,,,,,,,,,,,,,,,,,,,,
PER,Peru,1954,-1.905,-0.033,0.0,0.0,7.253,1.803,,,,,,,,,,,,,,,,,,1.677,194.418,,,,,,,,,,,,,,,,,,,,,,,,,34776299000.0,,,,,,,,4.58,530.98,,,,,,,,,,,,,,,,,,,,,,,,,,,,,,,,26.656,3090.197,,,,,,,,,,,8625982.0,,,,,,,,,,,,,,,,,,,,,,
PER,Peru,1955,-33.981,-0.57,0.0,0.0,0.48,0.128,,,,,,,,,,,,,,,,,,1.107,124.986,,,,,,,,,,,,,,,,,,,,,,,,,37365493500.0,,,,,,,,4.58,517.049,,,,,,,,,,,,,,,,,,,,,,,,,,,,,,,,26.784,3023.564,,,,,,,,,,,8858392.0,,,,,,,,,,,,,,,,,,,,,,
PER,Peru,1956,7.353,0.081,1.22,0.056,6.6,1.768,,,,,,,,,,,,,,,,,,1.189,130.631,,,,,,,,,,,,,,,,,,,,,,,,,39047986500.0,,,,,,,,4.636,509.525,,,,,,,,,,,,,,,,,,,,,,,,,,,,,,,,28.552,3137.95,,,,,,,,,,,9098830.0,,,,,,,,,,,,,,,,,,,,,,
PER,Peru,1957,-3.425,-0.041,20.482,0.95,4.562,1.303,,,,,,,,,,,,,,,,,,1.148,122.797,,,,,,,,,,,,,,,,,,,,,,,,,40965381900.0,,,,,,,,5.586,597.533,,,,,,,,,,,,,,,,,,,,,,,,,,,,,,,,29.854,3193.706,,,,,,,,,,,9347833.0,,,,,,,,,,,,,,,,,,,,,,
PER,Peru,1958,58.156,0.668,-15.0,-0.838,-2.532,-0.756,,,,,,,,,,,,,,,,,,1.815,188.986,,,,,,,,,,,,,,,,,,,,,,,,,41082372400.0,,,,,,,,4.748,494.24,,,,,,,,,,,,,,,,,,,,,,,,,,,,,,,,29.098,3029.102,,,,,,,,,,,9606241.0,,,,,,,,,,,,,,,,,,,,,,
PER,Peru,1959,-22.422,-0.407,-1.176,-0.056,-5.675,-1.651,,,,,,,,,,,,,,,,,,1.408,142.622,,,,,,,,,,,,,,,,,,,,,,,,,41287095000.0,,,,,,,,4.692,475.132,,,,,,,,,,,,,,,,,,,,,,,,,,,,,,,,27.447,2779.421,,,,,,,,,,,9875016.0,,,,,,,,,,,,,,,,,,,,,,
PER,Peru,1960,-6.358,-0.09,-1.19,-0.056,8.983,2.466,,,,,,,,,,,,,,,,,,1.319,129.871,,,,,,,,,,,,,,,,,,,,,,,,,47003423000.0,,,,,,,,4.636,456.531,,,,,,,,,,,,,,,,,,,,,,,,,,,,,,,,29.912,2945.579,,,,,,,,,,,10155011.0,,,,,,,,,,,,,,,,,,,,,,
PER,Peru,1961,3.086,0.041,1.205,0.056,0.583,0.174,,,,,,,,,,,,,,,,,,1.36,130.142,,,,,,,,,,,,,,,,,,,,,,,,,51169240000.0,,,,,,,,4.692,449.134,,,,,,,,,,,,,,,,,,,,,,,,,,,,,,,,30.087,2880.055,,,,,,,,,,,10446618.0,,,,,,,,,,,,,,,,,,,,,,
PER,Peru,1962,-2.395,-0.033,2.381,0.112,9.084,2.733,,,,,,,,,,,,,,,,,,1.327,123.447,,,,,,,,,,,,,,,,,,,,,,,,,55001295000.0,,,,,,,,4.804,446.873,,,,,,,,,,,,,,,,,,,,,,,,,,,,,,,,32.82,3053.165,,,,,,,,,,,10749463.0,,,,,,,,,,,,,,,,,,,,,,
PER,Peru,1963,-19.632,-0.261,2.326,0.112,1.595,0.523,,,,,,,,,,,,,,,,,,1.066,96.406,,,,,,,,,,,,,,,,,,,,,,,,,57528301200.0,,,,,,,,4.915,444.334,,,,,,,,,,,,,,,,,,,,,,,,,,,,,,,,33.343,3014.134,,,,,,,,,,,11062295.0,,,,,,,,,,,,,,,,,,,,,,
PER,Peru,1964,12.214,0.13,1.818,0.089,10.952,3.652,,,,,,,,,,,,,,,,,,1.197,105.13,,,,,,,,,,,,,,,,,,,,,,,,,61545550500.0,,,,,,,,5.005,439.653,,,,,,,,,,,,,,,,,,,,,,,,,,,,,,,,36.995,3249.923,,,,,,,,,,,11383364.0,,,,,,,,,,,,,,,,,,,,,,
PER,Peru,1965,-12.245,-0.147,-2.455,-0.123,6.701,2.479,,,,,,,,,,,,,0.749,,0.42,,35.837,1.05,89.672,,,,,,2.625,0.0,,,0.0,2.625,0.0,0.0,,,0.853,4783.452,,86.984,,48.729,4160.843,,,65696161700.0,,,6.529,,3.658,,312.303,4.882,416.845,,,13.016,,7.292,224.141,622.613,,2.625,224.141,,13.016,,7.292,622.613,,,,,0.0,,0.0,0.0,0.0,,,79.706,,44.652,,3812.702,39.474,3370.573,,0.0,,0.0,,0.0,,,0.0,,11711402.0,56.021,224.141,,,13.016,,7.292,622.613,,,0.0,,0.0,0.0,0.0,,,0.0,,0.0,0.0,0.0
PER,Peru,1966,16.279,0.171,4.577,0.223,0.0,0.0,21.678,12.144,,,,,,,,,,26.136,0.777,0.11,0.529,,43.949,1.221,101.376,,,,,,2.827,0.0,,,0.0,2.827,0.0,0.0,,,0.957,5658.859,23.771,88.48,11.583,60.313,5006.952,,,71226663200.0,,4.474,5.606,0.164,3.821,,317.217,5.105,423.822,,7.695,11.52,0.561,7.853,234.688,651.911,,2.827,234.688,7.695,11.52,0.561,7.853,651.911,,,,,0.0,0.0,0.0,0.0,0.0,,25.329,82.098,11.31,55.962,,4645.785,39.474,3277.009,,0.0,,0.0,0.0,0.0,,,0.0,,12045783.0,68.165,234.688,,7.695,11.52,0.561,7.853,651.911,,,0.0,0.0,0.0,0.0,0.0,,,0.0,0.0,0.0,0.0,0.0
PER,Peru,1967,11.333,0.138,-6.346,-0.324,12.308,4.858,1.769,1.206,,,,,,,,,,12.613,0.859,0.067,0.596,,48.13,1.36,109.757,,,,,,3.168,0.0,,,0.0,3.168,0.0,0.0,,,0.936,5600.393,0.429,87.315,0.259,60.571,4889.968,,,74091345400.0,,-6.549,5.147,-0.25,3.571,,288.279,4.781,385.998,,12.062,12.685,0.947,8.8,255.755,710.43,,3.168,255.755,12.062,12.685,0.947,8.8,710.43,,,,,0.0,0.0,0.0,0.0,0.0,,0.79,81.308,0.442,56.404,,4553.559,44.332,3578.988,,0.0,,0.0,0.0,0.0,,,0.0,,12386868.0,69.371,255.755,,12.062,12.685,0.947,8.8,710.43,,,0.0,0.0,0.0,0.0,0.0,,,0.0,0.0,0.0,0.0,0.0
PER,Peru,1968,-3.593,-0.049,11.215,0.536,4.395,1.948,1.825,1.266,,,,,,,,,,-0.8,0.837,-0.005,0.591,,46.438,1.311,102.917,,,,,,3.4,0.0,,,0.0,3.4,0.0,0.0,,,0.964,5546.482,1.026,86.63,0.621,61.193,4804.901,,,73284024000.0,,11.321,5.628,0.404,3.975,,312.13,5.318,417.536,,7.323,13.37,0.644,9.444,266.97,741.585,,3.4,266.97,7.323,13.37,0.644,9.444,741.585,,,,,0.0,0.0,0.0,0.0,0.0,,0.393,80.165,0.222,56.626,,4446.333,46.281,3634.0,,0.0,,0.0,0.0,0.0,,,0.0,,12735491.0,70.637,266.97,,7.323,13.37,0.644,9.444,741.585,,,0.0,0.0,0.0,0.0,0.0,,,0.0,0.0,0.0,0.0,0.0
PER,Peru,1969,0.621,0.008,1.891,0.101,-2.898,-1.341,0.709,0.5,,,,,,,,,,68.548,1.401,0.405,0.997,,76.133,1.319,100.73,,,,,,3.701,0.0,,,0.0,3.701,0.0,0.0,,,0.946,5433.323,-0.548,85.548,-0.336,60.857,4648.122,,,75165696900.0,,1.937,5.696,0.077,4.052,,309.492,5.418,413.819,,8.853,14.452,0.836,10.281,282.673,785.205,,3.701,282.673,8.853,14.452,0.836,10.281,785.205,,,,,0.0,0.0,0.0,0.0,0.0,,-1.445,78.451,-0.818,55.808,,4262.497,44.94,3432.389,,0.0,,0.0,0.0,0.0,,,0.0,,13092846.0,71.138,282.673,,8.853,14.452,0.836,10.281,785.205,,,0.0,0.0,0.0,0.0,0.0,,,0.0,0.0,0.0,0.0,0.0
PER,Peru,1970,-3.704,-0.049,-26.632,-1.443,-0.037,-0.017,3.198,2.275,,,,,,,,,,1.435,1.377,0.014,1.011,,75.121,1.27,94.355,,,,,,3.536,0.0,,,0.0,3.536,0.0,0.0,,,0.906,5454.206,4.491,86.62,2.733,63.59,4724.464,,,81043370400.0,,-1.9,5.415,-0.077,3.975,,295.334,3.975,295.333,,-4.458,13.38,-0.458,9.822,262.708,729.746,,3.536,262.708,-4.458,13.38,-0.458,9.822,729.746,,,,,0.0,0.0,0.0,0.0,0.0,,5.01,79.828,2.796,58.604,,4354.01,44.923,3337.579,,0.0,,0.0,0.0,0.0,,,0.0,,13459789.0,73.412,262.708,,-4.458,13.38,-0.458,9.822,729.746,,,0.0,0.0,0.0,0.0,0.0,,,0.0,0.0,0.0,0.0,0.0
PER,Peru,1971,-33.974,-0.431,19.37,0.77,-14.586,-6.552,4.49,3.296,,,,,,,,,,40.247,1.849,0.407,1.418,,102.488,0.839,60.603,,,,,,4.286,0.0,,,0.227,4.513,0.0,0.0,,,0.906,5543.965,0.915,83.657,0.582,64.172,4637.943,,,84693328600.0,,19.37,6.186,0.77,4.745,,342.946,4.745,342.946,,21.21,15.521,2.083,11.906,309.763,860.455,,4.513,326.169,27.63,16.343,2.714,12.536,906.027,,,,,0.0,0.0,0.0,0.0,0.0,,-1.015,75.623,-0.595,58.009,,4192.509,38.371,2773.186,,16.406,,0.822,0.631,0.631,,,45.572,,13836365.0,76.708,326.169,,27.63,16.343,2.714,12.536,906.027,,,0.0,0.0,0.0,0.0,0.0,,,0.0,0.0,0.0,0.0,0.0
PER,Peru,1972,0.971,0.008,-3.854,-0.183,4.589,1.761,-10.442,-8.01,,,,,,,,,,8.188,2.233,0.116,1.534,,107.873,0.847,59.532,,,,,,4.435,0.0,,,0.227,4.662,0.0,0.0,,,0.786,4830.464,-13.127,81.15,-8.424,55.749,3919.903,,,87412240800.0,,-3.854,6.641,-0.183,4.562,,320.79,4.562,320.789,,3.476,17.933,0.414,12.319,311.842,866.228,,4.662,327.803,3.302,18.85,0.414,12.95,910.565,,,,,0.0,0.0,0.0,0.0,0.0,,-14.406,72.275,-8.357,49.652,,3491.241,40.132,2821.808,,15.961,0.0,0.918,0.0,0.631,,,44.337,,14221954.0,68.699,327.803,,3.302,18.85,0.414,12.95,910.565,,,0.0,0.0,0.0,0.0,0.0,,,0.0,0.0,0.0,0.0,0.0
PER,Peru,1973,-90.385,-0.765,-2.11,-0.096,8.792,3.528,14.864,10.211,,,,,,,,,,14.376,2.224,0.221,1.755,,120.056,0.081,5.57,,,,,,4.769,0.0,,,0.23,4.999,0.0,0.0,,,0.857,5398.944,16.638,82.403,9.275,65.024,4448.875,,,92028473900.0,,-2.11,5.66,-0.096,4.466,,305.559,4.466,305.559,,7.531,16.788,0.928,13.247,326.29,906.361,,4.999,342.026,7.229,17.597,0.936,13.886,950.073,,,,,0.0,0.0,0.0,0.0,0.0,,18.43,74.519,9.151,58.803,,4023.26,43.66,2987.172,,15.736,1.322,0.81,0.008,0.639,,,43.712,,14615847.0,78.91,342.026,,7.229,17.597,0.936,13.886,950.073,,,0.0,0.0,0.0,0.0,0.0,,,0.0,0.0,0.0,0.0,0.0
PER,Peru,1974,-100.0,-0.081,3.017,0.135,9.051,3.952,15.892,12.541,,,,,,,,,,6.633,2.046,0.116,1.871,,124.599,0.0,0.0,,,,,,5.216,0.0,,,0.266,5.482,0.0,0.0,,,0.944,6089.798,17.223,83.349,11.199,76.223,5075.77,,,96868854600.0,,3.017,5.031,0.135,4.601,,306.368,4.601,306.368,,9.373,15.843,1.242,14.489,347.338,964.829,,5.482,365.051,9.662,16.651,1.342,15.228,1014.033,,,,,0.0,0.0,0.0,0.0,0.0,,18.618,76.272,10.948,69.751,,4644.802,47.612,3170.5,,17.713,15.652,0.808,0.1,0.739,,,49.203,,15017060.0,91.451,365.051,,9.662,16.651,1.342,15.228,1014.033,,,0.0,0.0,0.0,0.0,0.0,,,0.0,0.0,0.0,0.0,0.0
PER,Peru,1975,,0.187,23.431,1.078,-7.227,-3.441,2.977,2.723,,,,,,,,,,4.35,2.073,0.081,1.952,,126.582,0.187,12.139,,,,,,5.467,0.0,,,0.266,5.733,0.0,0.0,,,0.901,6105.351,2.657,83.09,2.025,78.249,5072.923,,,104551628304.0,,23.431,6.03,1.078,5.679,,368.159,5.679,368.158,,4.812,16.126,0.697,15.186,354.43,984.53,,5.733,371.676,4.579,16.91,0.697,15.925,1032.433,,,,,0.0,0.0,0.0,0.0,0.0,,1.242,74.986,0.866,70.617,,4578.182,44.171,2863.641,,17.245,0.0,0.785,0.0,0.739,,,47.903,,15424745.0,94.173,371.676,,4.579,16.91,0.697,15.925,1032.433,,,0.0,0.0,0.0,0.0,0.0,,,0.0,0.0,0.0,0.0,0.0
PER,Peru,1976,-4.348,-0.008,8.475,0.481,6.301,2.783,1.592,1.499,,,,,,,,,,-22.621,1.579,-0.442,1.511,,95.39,0.179,11.308,,,,,,5.793,0.0,,,0.245,6.038,0.0,0.0,,,0.902,6040.491,0.833,82.469,0.652,78.901,4981.547,,,106022338792.0,,8.475,6.439,0.481,6.16,,388.924,6.16,388.924,,5.963,16.819,0.906,16.092,365.753,1015.981,,6.038,381.221,5.32,17.531,0.847,16.772,1058.949,,,,,0.0,0.0,0.0,0.0,0.0,,0.867,74.451,0.612,71.23,,4497.233,46.954,2964.534,,15.469,-7.895,0.711,-0.058,0.681,,,42.968,,15838568.0,95.673,381.221,,5.32,17.531,0.847,16.772,1058.949,,,0.0,0.0,0.0,0.0,0.0,,,0.0,0.0,0.0,0.0,0.0
PER,Peru,1977,4.546,0.008,-0.703,-0.043,18.799,8.827,0.603,0.577,,,,,,,,,,14.617,1.799,0.221,1.732,,106.51,0.187,11.517,,,,,,6.025,0.0,,,0.242,6.267,0.0,0.0,,,0.908,5920.036,-0.075,81.913,-0.059,78.842,4849.307,,,105950395974.0,,-0.703,6.355,-0.043,6.117,,376.219,6.117,376.219,,4.005,17.388,0.644,16.736,370.579,1029.388,,6.267,385.464,3.793,18.087,0.636,17.408,1070.734,,,,,0.0,0.0,0.0,0.0,0.0,,-0.332,73.759,-0.237,70.993,,4366.578,55.781,3430.918,,14.885,-1.224,0.698,-0.008,0.672,,,41.346,,16258323.0,96.25,385.464,,3.793,18.087,0.636,17.408,1070.734,,,0.0,0.0,0.0,0.0,0.0,,,0.0,0.0,0.0,0.0,0.0
PER,Peru,1978,21.739,0.041,4.485,0.274,65.024,36.271,-0.511,-0.492,,,,,,,,,,-14.758,1.542,-0.256,1.476,,88.478,0.228,13.663,,,,,,6.192,0.0,,,0.215,6.407,0.0,0.0,,,0.904,5739.7,-1.117,81.414,-0.881,77.961,4672.944,,,105938531146.0,,4.485,6.674,0.274,6.391,,383.075,6.391,383.074,,2.772,17.962,0.464,17.2,371.146,1030.963,,6.407,384.033,2.234,18.586,0.389,17.797,1066.76,,,,,0.0,0.0,0.0,0.0,0.0,,-1.267,73.199,-0.9,70.094,,4201.392,92.052,5517.559,,12.887,-11.157,0.624,-0.075,0.597,,,35.797,,16683451.0,95.758,384.033,,2.234,18.586,0.389,17.797,1066.76,,,0.0,0.0,0.0,0.0,0.0,,,0.0,0.0,0.0,0.0,0.0
PER,Peru,1979,7.143,0.016,-7.53,-0.481,26.897,24.76,4.057,3.885,,,,,,,,,,6.285,1.575,0.093,1.569,,91.676,0.244,14.271,,,,,,6.703,0.0,,,0.163,6.866,0.0,0.0,,,0.887,5822.488,3.347,80.859,2.61,80.57,4708.029,,,112279730136.0,,-7.53,5.931,-0.481,5.91,,345.329,5.91,345.329,,8.253,18.686,1.419,18.619,391.682,1088.005,,6.866,401.206,7.164,19.141,1.275,19.072,1114.463,,,,,0.0,0.0,0.0,0.0,0.0,,4.277,73.354,2.998,73.092,,4271.024,116.811,6825.736,,9.525,-24.186,0.454,-0.144,0.453,,,26.458,,17113392.0,99.643,401.206,,7.164,19.141,1.275,19.072,1114.463,,,0.0,0.0,0.0,0.0,0.0,,,0.0,0.0,0.0,0.0,0.0
PER,Peru,1980,57.086,0.139,7.492,0.443,2.0,2.336,6.846,6.821,,,,,,,,,,5.205,1.55,0.082,1.651,,94.062,0.384,21.863,,,,,,7.01,0.0,,,0.085,7.095,0.0,0.0,,,0.906,6067.126,7.676,81.488,6.185,86.755,4943.995,,,117521549910.0,,7.492,5.967,0.443,6.352,,362.015,6.352,362.015,,4.58,18.29,0.853,19.472,399.485,1109.68,,7.095,404.329,3.335,18.512,0.636,19.708,1123.136,,,,,0.0,0.0,0.0,0.0,0.0,,7.744,73.971,5.661,78.752,,4487.918,119.148,6789.961,,4.844,-47.853,0.222,-0.217,0.236,,,13.455,,17547612.0,106.464,404.329,,3.335,18.512,0.636,19.708,1123.136,,,0.0,0.0,0.0,0.0,0.0,,,0.0,0.0,0.0,0.0,0.0
PER,Peru,1981,116.632,0.447,14.848,0.943,-1.292,-1.539,4.992,5.315,,,,,,,,,,1.397,1.497,0.023,1.674,,93.054,0.831,46.21,,,,,,7.996,0.0,,,0.076,8.072,0.0,0.0,,,0.91,6214.948,2.998,79.94,2.601,89.356,4968.261,,,122880956958.0,,14.848,6.527,0.943,7.296,,405.649,7.296,405.649,,14.066,19.871,2.739,22.211,444.583,1234.953,,8.072,448.809,13.77,20.06,2.714,22.422,1246.691,,,,,0.0,0.0,0.0,0.0,0.0,,2.076,71.916,1.635,80.387,,4469.558,117.608,6539.099,,4.226,-10.588,0.189,-0.025,0.211,,,11.738,,17985398.0,111.778,448.809,,13.77,20.06,2.714,22.422,1246.691,,,0.0,0.0,0.0,0.0,0.0,,,0.0,0.0,0.0,0.0,0.0
PER,Peru,1982,-21.726,-0.181,4.947,0.361,1.083,1.274,-0.09,-0.101,,,,,,,,,,13.195,1.696,0.221,1.894,,102.811,0.651,35.305,,,,,,8.396,0.0,,,0.151,8.547,0.0,0.0,,,0.908,6060.712,-1.59,78.741,-1.421,87.936,4772.258,,,123031210000.0,,4.947,6.856,0.361,7.657,,415.528,7.657,415.528,,5.003,20.884,1.111,23.322,455.65,1265.696,,8.547,463.845,5.885,21.259,1.319,23.742,1288.459,,,,,0.0,0.0,0.0,0.0,0.0,,-2.491,70.188,-2.002,78.384,,4253.918,118.882,6451.726,,8.195,98.684,0.376,0.208,0.419,,,22.763,,18426420.0,111.677,463.845,,5.885,21.259,1.319,23.742,1288.459,,,0.0,0.0,0.0,0.0,0.0,,,0.0,0.0,0.0,0.0,0.0
PER,Peru,1983,27.665,0.18,-34.129,-2.613,-12.593,-14.97,-11.61,-12.966,,,,,,,,,,-15.337,1.625,-0.291,1.604,,84.992,0.831,44.01,,,,,,8.107,0.0,,,0.145,8.252,0.0,0.0,,,0.927,5230.863,-13.813,76.779,-12.146,75.789,4016.186,,,106507839000.0,,-34.129,5.109,-2.613,5.044,,267.262,5.044,267.262,,-3.442,22.813,-0.803,22.519,429.601,1193.338,,8.252,437.285,-3.452,23.221,-0.819,22.922,1214.682,,,,,0.0,0.0,0.0,0.0,0.0,,-11.791,70.044,-9.242,69.142,,3663.931,103.912,5506.433,,7.684,-3.974,0.408,-0.017,0.403,,,21.344,,18870988.0,98.712,437.285,,-3.452,23.221,-0.819,22.922,1214.682,,,0.0,0.0,0.0,0.0,0.0,,,0.0,0.0,0.0,0.0,0.0
PER,Peru,1984,14.201,0.118,35.115,1.771,8.287,8.611,5.418,5.349,,,,,,,,,,-20.281,1.229,-0.325,1.279,,66.182,0.948,49.093,,,,,,8.703,0.0,,,0.142,8.845,0.0,0.0,,,0.934,5386.204,4.884,76.389,3.701,79.491,4114.48,,,111385449000.0,,35.115,6.549,1.771,6.814,,352.722,6.814,352.722,,7.352,23.232,1.656,24.175,450.472,1251.311,,8.845,457.822,7.186,23.611,1.647,24.569,1271.728,,,,,0.0,0.0,0.0,0.0,0.0,,3.262,68.612,2.256,71.398,,3695.576,112.523,5824.234,,7.35,-2.069,0.379,-0.008,0.394,,,20.417,,19319746.0,104.06,457.822,,7.186,23.611,1.647,24.569,1271.728,,,0.0,0.0,0.0,0.0,0.0,,,0.0,0.0,0.0,0.0,0.0
PER,Peru,1985,23.912,0.227,-22.034,-1.502,2.09,2.351,-0.845,-0.879,,,,,,,,,,9.081,1.352,0.116,1.395,,70.537,1.175,59.437,,,,,,9.382,0.0,,,0.169,9.551,0.0,0.0,12.111,,0.909,5218.319,-3.573,74.287,-2.84,76.651,3876.556,,,113560608000.0,,-22.034,5.149,-1.502,5.313,,268.702,5.313,268.701,77.467,7.802,25.258,1.886,26.061,474.488,1318.025,78.862,9.551,483.036,7.982,25.713,1.961,26.531,1341.766,,,0.0,,0.0,0.0,0.0,0.0,0.0,,-2.037,67.786,-1.455,69.943,,3537.318,114.874,5809.673,,8.547,19.014,0.455,0.075,0.469,,1.395,23.742,612.506,19772872.0,103.181,483.036,78.862,7.982,25.713,1.961,26.531,1341.766,0.0,,0.0,0.0,0.0,0.0,0.0,0.0,,0.0,0.0,0.0,0.0,0.0
PER,Peru,1986,16.658,0.196,6.069,0.322,-5.775,-6.634,7.022,7.245,,,,,,,,,,35.83,1.716,0.5,1.894,,93.644,1.371,67.771,,,,,,10.06,0.0,,,0.154,10.214,0.0,0.0,12.948,,0.884,5458.438,7.049,74.307,5.403,82.054,4055.985,,,124887950000.0,,6.069,5.103,0.322,5.635,,278.563,5.635,278.563,77.695,7.227,25.306,1.883,27.944,497.272,1381.312,78.885,10.214,504.884,6.942,25.693,1.842,28.372,1402.457,,,0.0,,0.0,0.0,0.0,0.0,0.0,,6.55,67.488,4.581,74.524,,3683.778,108.24,5350.349,,7.612,-8.876,0.387,-0.042,0.428,,1.189,21.145,640.027,20230384.0,110.426,504.884,78.885,6.942,25.693,1.842,28.372,1402.457,0.0,,0.0,0.0,0.0,0.0,0.0,0.0,,0.0,0.0,0.0,0.0,0.0
PER,Peru,1987,-26.83,-0.368,-0.598,-0.034,-7.794,-8.436,7.459,8.236,,,,,,,,,,12.889,1.802,0.244,2.139,,103.358,1.003,48.483,,,,,,10.878,0.0,,,0.136,11.014,0.0,0.0,14.006,,0.876,5734.908,7.329,74.217,6.014,88.068,4256.296,,,135510960000.0,,-0.598,4.721,-0.034,5.602,,270.73,5.602,270.73,77.667,8.131,25.464,2.272,30.217,525.729,1460.358,78.638,11.014,532.301,7.832,25.783,2.222,30.594,1478.616,,,0.0,,0.0,0.0,0.0,0.0,0.0,,7.788,67.694,5.804,80.328,,3882.208,99.804,4823.472,,6.573,-11.688,0.318,-0.05,0.378,,0.971,18.258,676.903,20691286.0,118.663,532.301,78.638,7.832,25.783,2.222,30.594,1478.616,0.0,,0.0,0.0,0.0,0.0,0.0,0.0,,0.0,0.0,0.0,0.0,0.0
PER,Peru,1988,10.91,0.109,-5.67,-0.318,-13.358,-13.332,-2.4,-2.848,,,,,,,,,,-1.637,1.816,-0.035,2.104,,99.445,1.113,52.598,,,,,,10.423,0.0,,,0.136,10.559,0.0,0.0,13.552,,0.932,5474.981,-1.799,74.675,-1.584,86.484,4088.423,,,124322130000.0,,-5.67,4.563,-0.318,5.284,,249.8,5.284,249.8,76.911,-4.183,24.999,-1.264,28.953,492.733,1368.703,77.915,10.559,499.162,-4.131,25.325,-1.264,29.331,1386.562,,,0.0,,0.0,0.0,0.0,0.0,0.0,,-1.533,68.296,-1.231,79.097,,3739.178,86.472,4087.858,,6.429,0.0,0.326,0.0,0.378,,1.004,17.859,640.652,21153462.0,115.815,499.162,77.915,-4.131,25.325,-1.264,29.331,1386.562,0.0,,0.0,0.0,0.0,0.0,0.0,0.0,,0.0,0.0,0.0,0.0,0.0
PER,Peru,1989,-14.577,-0.162,-15.209,-0.804,-7.929,-6.857,-8.175,-9.468,,,,,,,,,,11.052,2.197,0.233,2.336,,108.082,0.95,43.973,,,,,,10.507,0.0,,,0.145,10.652,0.0,0.0,13.727,,0.974,4920.224,-11.246,72.177,-9.726,76.758,3551.271,,,109139160000.0,,-15.209,4.213,-0.804,4.48,,207.292,4.48,207.291,76.543,0.806,27.444,0.233,29.186,486.116,1350.323,77.599,10.652,492.824,0.881,27.823,0.258,29.589,1368.957,,,0.0,,0.0,0.0,0.0,0.0,0.0,,-11.575,65.767,-9.155,69.941,,3235.897,79.616,3683.497,,6.709,6.618,0.379,0.025,0.403,,1.056,18.635,635.092,21614194.0,106.347,492.824,77.599,0.881,27.823,0.258,29.589,1368.957,0.0,,0.0,0.0,0.0,0.0,0.0,0.0,,0.0,0.0,0.0,0.0,0.0
PER,Peru,1990,-19.184,-0.182,-4.296,-0.192,-1.143,-0.91,-1.082,-1.151,,,,,,,,,,-27.872,1.602,-0.651,1.685,,76.343,0.768,34.801,,,,,,10.469,0.0,,,0.136,10.605,0.0,0.0,13.808,,1.016,4766.165,-1.329,71.997,-1.02,75.738,3431.486,,,103572000000.0,,-4.296,4.076,-0.193,4.288,,194.276,4.288,194.275,75.818,-0.362,27.644,-0.106,29.081,474.324,1317.566,76.803,10.605,480.485,-0.441,28.003,-0.131,29.458,1334.683,,,0.0,,0.0,0.0,0.0,0.0,0.0,,-0.252,66.319,-0.176,69.765,,3160.868,78.706,3565.969,,6.162,-6.207,0.359,-0.025,0.378,,0.985,17.116,625.605,22071434.0,105.196,480.485,76.803,-0.441,28.003,-0.131,29.458,1334.683,0.0,,0.0,0.0,0.0,0.0,0.0,0.0,,0.0,0.0,0.0,0.0,0.0
PER,Peru,1991,-31.071,-0.239,-6.173,-0.265,-10.89,-8.571,-0.892,-0.938,,,,,,,,,,93.818,3.132,1.581,3.266,,145.004,0.529,23.507,,,,,,11.492,0.0,,,0.133,11.625,0.0,0.0,14.482,,0.982,4629.083,-4.98,69.027,-3.771,71.966,3195.327,,,106163723205.0,,-6.173,3.859,-0.265,4.023,,178.634,4.023,178.633,79.354,9.772,30.618,2.842,31.922,510.248,1417.357,80.272,11.625,516.153,9.618,30.973,2.833,32.292,1433.76,,,0.0,,0.0,0.0,0.0,0.0,0.0,,-7.292,62.036,-5.088,64.677,,2871.689,70.135,3114.019,,5.905,-2.206,0.354,-0.008,0.369,,0.918,16.403,643.005,22522382.0,104.258,516.153,80.272,9.618,30.973,2.833,32.292,1433.76,0.0,,0.0,0.0,0.0,0.0,0.0,0.0,,0.0,0.0,0.0,0.0,0.0
PER,Peru,1992,34.328,0.182,-9.809,-0.395,0.949,0.666,-2.36,-2.46,,,,,,,,,,-2.135,3.14,-0.07,3.196,,139.162,0.711,30.966,,,,,,9.689,0.0,,,0.133,9.822,0.0,0.0,13.122,,0.962,4432.385,3.541,73.199,2.548,74.515,3244.442,,,105849401018.0,,-9.809,3.565,-0.395,3.629,,157.994,3.629,157.994,73.838,-15.689,26.439,-5.008,26.914,421.869,1171.86,74.851,9.822,427.66,-15.51,26.801,-5.008,27.283,1187.946,,,0.0,,0.0,0.0,0.0,0.0,0.0,,4.658,66.494,3.012,67.69,,2947.285,70.801,3082.743,,5.791,0.0,0.363,0.0,0.369,,1.014,16.086,571.346,22966822.0,101.798,427.66,74.851,-15.51,26.801,-5.008,27.283,1187.946,0.0,,0.0,0.0,0.0,0.0,0.0,0.0,,0.0,0.0,0.0,0.0,0.0
PER,Peru,1993,-7.672,-0.055,5.305,0.192,8.915,6.312,8.838,8.996,,,,,,,,,,5.093,3.032,0.163,3.359,,143.492,0.657,28.051,,,,,,11.799,0.0,,,0.109,11.908,0.0,0.0,14.808,,0.992,4733.151,4.297,70.145,3.202,77.717,3320.065,,,111713009256.0,,5.305,3.449,0.193,3.821,,163.239,3.821,163.239,79.68,21.777,29.582,5.861,32.775,504.056,1400.155,80.416,11.908,508.712,21.238,29.855,5.794,33.078,1413.09,,,0.0,,0.0,0.0,0.0,0.0,0.0,,4.206,63.664,2.847,70.536,,3013.333,77.112,3294.259,,4.657,-18.045,0.273,-0.067,0.303,,0.736,12.935,632.601,23408134.0,110.794,508.712,80.416,21.238,29.855,5.794,33.078,1413.09,0.0,,0.0,0.0,0.0,0.0,0.0,0.0,,0.0,0.0,0.0,0.0,0.0
PER,Peru,1994,-10.945,-0.072,4.282,0.164,0.811,0.625,8.82,9.773,,,,,,,,,,23.181,3.432,0.779,4.138,,173.47,0.585,24.517,,,,,,12.747,0.0,,,0.119,12.866,0.0,0.0,15.866,,0.958,5054.915,9.151,70.358,7.111,84.828,3556.52,,,125787852282.0,,4.282,3.305,0.164,3.985,,167.066,3.985,167.066,80.342,8.035,29.368,2.633,35.408,534.434,1484.54,81.092,12.866,539.423,8.045,29.642,2.661,35.739,1498.399,,,0.0,,0.0,0.0,0.0,0.0,0.0,,8.746,63.621,6.169,76.706,,3215.984,77.738,3259.244,,4.989,9.174,0.274,0.028,0.331,,0.75,13.859,665.202,23851404.0,120.567,539.423,81.092,8.045,29.642,2.661,35.739,1498.399,0.0,,0.0,0.0,0.0,0.0,0.0,0.0,,0.0,0.0,0.0,0.0,0.0
PER,Peru,1995,-30.519,-0.178,-3.14,-0.125,-4.333,-3.368,9.07,10.936,,,,,,,,,,5.055,3.305,0.209,4.347,,178.881,0.406,16.721,,,,,,12.938,0.0,,,0.142,13.08,0.0,0.0,16.88,,0.971,5411.821,12.192,72.372,10.343,95.171,3916.619,,,135477495647.0,,-3.14,2.935,-0.125,3.86,,158.838,3.86,158.838,76.644,1.495,27.329,0.529,35.938,532.43,1478.973,77.485,13.08,538.274,1.66,27.628,0.593,36.332,1495.206,,,0.0,,0.0,0.0,0.0,0.0,0.0,,13.374,66.131,10.259,86.964,,3578.9,74.369,3060.564,,5.844,19.328,0.3,0.064,0.394,,0.841,16.233,694.678,24299168.0,131.503,538.274,77.485,1.66,27.628,0.593,36.332,1495.206,0.0,,0.0,0.0,0.0,0.0,0.0,0.0,,0.0,0.0,0.0,0.0,0.0
PER,Peru,1996,12.805,0.052,1.496,0.058,-1.193,-0.887,3.41,4.484,,,,,,,,,,4.812,3.35,0.209,4.556,,184.046,0.458,18.515,,,,,,13.324,0.0,,,0.137,13.461,0.0,0.0,17.28,,0.974,5493.562,3.598,72.503,3.424,98.595,3983.024,,,139625198077.0,,1.496,2.881,0.058,3.917,,158.253,3.917,158.253,77.105,2.984,27.216,1.072,37.01,538.244,1495.124,77.9,13.461,543.795,2.916,27.497,1.059,37.392,1510.542,,,0.0,,0.0,0.0,0.0,0.0,0.0,,3.631,66.273,3.158,90.122,,3640.725,73.482,2968.512,,5.534,-3.521,0.28,-0.014,0.381,,0.793,15.374,698.066,24753824.0,135.987,543.795,77.9,2.916,27.497,1.059,37.392,1510.542,0.0,,0.0,0.0,0.0,0.0,0.0,0.002,,0.001,0.001,0.001,0.016,0.045
PER,Peru,1997,-62.069,-0.284,-40.786,-1.598,-1.206,-0.887,0.871,1.184,,,,,,,,,,4.085,3.457,0.186,4.742,,188.091,0.174,6.896,,,,,,13.214,0.0,,,0.154,13.369,0.0,0.001,17.953,,0.92,5440.91,1.46,72.927,1.439,100.034,3967.887,,,149081317189.0,,-40.786,1.691,-1.598,2.32,,92.009,2.32,92.009,73.604,-0.819,26.76,-0.303,36.707,524.157,1455.993,74.466,13.369,530.289,-0.683,27.073,-0.255,37.136,1473.027,,,0.0,,0.0,0.0,0.0,0.0,0.0,,3.163,67.779,2.851,92.973,,3687.788,72.595,2879.521,,6.108,12.409,0.312,0.047,0.428,,0.858,16.968,712.127,25210958.0,137.171,530.289,74.466,-0.683,27.073,-0.255,37.136,1473.027,0.0,,0.0,0.0,0.0,0.0,0.0,0.003,50.0,0.001,0.001,0.002,0.024,0.066
PER,Peru,1998,-9.091,-0.016,69.71,1.617,-3.403,-2.47,0.346,0.474,,,,,,,,,,9.63,3.777,0.457,5.199,,202.611,0.158,6.16,,,,,,13.808,0.0,,,0.126,13.935,0.0,0.0,18.582,,0.925,5364.583,-1.097,71.879,-1.097,98.937,3855.985,,,148876760293.0,,69.71,2.86,1.617,3.937,,153.427,3.937,153.426,74.308,4.494,27.866,1.649,38.356,538.166,1494.907,74.989,13.935,543.096,4.231,28.121,1.571,38.708,1508.602,,,0.0,,0.0,0.0,0.0,0.0,0.0,,-3.41,65.242,-3.171,89.802,,3499.947,70.125,2733.061,,4.911,-18.182,0.254,-0.078,0.35,,0.678,13.641,724.236,25658070.0,137.645,543.096,74.989,4.231,28.121,1.571,38.708,1508.602,0.0,,0.0,0.0,0.0,0.0,0.0,0.003,-16.667,0.001,-0.0,0.001,0.019,0.054
PER,Peru,1999,5.0,0.008,0.489,0.019,-8.543,-5.991,2.898,3.988,,,,,,,,,,-9.308,3.329,-0.484,4.715,,180.791,0.166,6.363,,,,,,14.541,0.0,,,0.139,14.68,0.0,0.001,19.05,,0.935,5431.075,1.938,71.208,1.918,100.855,3867.39,,,151520078019.0,,0.489,2.793,0.019,3.956,,151.692,3.956,151.692,76.33,5.303,28.518,2.034,40.391,557.575,1548.82,77.063,14.68,562.928,5.349,28.792,2.071,40.778,1563.69,,,0.0,,0.0,0.0,0.0,0.0,0.0,,2.653,65.087,2.382,92.184,,3534.906,64.134,2459.301,,5.33,10.317,0.273,0.036,0.386,,0.73,14.806,730.477,26078294.0,141.633,562.928,77.063,5.349,28.792,2.071,40.778,1563.69,0.0,,0.0,0.0,0.0,0.0,0.0,0.003,20.0,0.001,0.0,0.002,0.023,0.064
PER,Peru,2000,-23.81,-0.04,-15.937,-0.63,-6.411,-4.112,2.935,4.157,0.154,1.134,,,,,,143.296,0.665,55.341,5.024,2.609,7.324,4.913,276.792,0.126,4.778,19.54,0.03,0.13,3.5,0.3,16.01,0.0,3.07,0.0,0.03,16.04,0.0,0.0,19.54,2.8,0.934,5509.845,-0.436,68.877,-0.439,100.416,3795.002,132.275,17.912,156021172119.0,1.535,-15.937,2.281,-0.63,3.325,11.338,125.678,3.325,125.678,81.934,11.248,30.821,4.543,44.934,605.066,1698.176,82.088,16.04,606.199,11.272,31.123,4.596,45.375,1714.847,0.0,0.0,0.0,,0.0,0.0,0.0,0.0,0.0,15.711,-2.623,61.572,-2.418,89.766,116.024,3392.532,60.023,2268.437,0.0,1.134,13.669,0.301,0.053,0.439,0.0,0.154,16.587,738.475,26459944.0,145.79,606.199,82.088,11.272,31.123,4.596,45.375,1714.847,0.0,,0.0,0.0,0.0,0.0,0.0,0.0,33.333,0.002,0.001,0.002,0.0,0.084
PER,Peru,2001,18.75,0.024,7.091,0.236,-2.393,-1.437,-1.276,-1.861,0.147,1.119,,,,,,120.47,0.539,-9.266,4.617,-0.679,6.645,4.105,247.965,0.15,5.602,20.42,0.03,0.11,2.96,0.25,17.43,0.0,2.6,0.0,0.03,17.46,0.0,0.0,20.42,2.46,0.915,5370.648,-5.528,65.91,-5.551,94.864,3539.803,110.451,14.496,157376027448.0,1.224,7.091,2.474,0.236,3.561,9.329,132.886,3.561,132.886,85.357,8.187,33.775,3.679,48.612,650.39,1813.94,85.504,17.46,651.51,8.134,34.09,3.691,49.065,1830.849,0.0,0.0,0.0,,0.0,0.0,0.0,0.0,0.0,12.733,-5.691,58.819,-5.109,84.658,97.017,3158.952,58.586,2186.106,0.0,1.119,2.495,0.313,0.011,0.45,0.0,0.147,16.785,761.96,26799290.0,143.93,651.51,85.504,8.134,34.09,3.691,49.065,1830.849,0.0,,0.0,0.0,0.0,0.0,0.0,0.0,48.75,0.002,0.001,0.003,0.0,0.123
PER,Peru,2002,15.789,0.024,19.459,0.693,-2.775,-1.626,2.385,3.433,0.185,1.476,,,,,,137.164,0.649,36.939,6.175,2.455,9.1,5.166,335.782,0.174,6.415,21.58,0.04,0.14,3.68,0.31,17.86,0.0,3.23,0.0,0.04,17.9,0.0,0.0,21.58,2.96,0.886,5437.53,2.474,65.968,2.347,97.211,3587.011,135.789,17.053,166416169282.0,1.437,19.459,2.887,0.693,4.254,11.439,156.978,4.254,156.978,82.762,1.754,33.567,0.853,49.465,659.017,1825.206,82.947,17.9,660.493,1.86,33.915,0.913,49.978,1844.145,0.0,0.0,0.0,,0.0,0.0,0.0,0.0,0.0,14.968,-0.946,56.905,-0.8,83.857,119.184,3094.251,56.96,2101.772,0.0,1.476,13.374,0.346,0.06,0.51,0.0,0.185,18.819,796.282,27100964.0,147.362,660.493,82.947,1.86,33.915,0.913,49.978,1844.145,0.0,,0.0,0.0,0.0,0.0,0.0,0.0,-0.84,0.002,-0.0,0.003,0.0,0.121
PER,Peru,2003,-27.273,-0.047,18.326,0.78,-3.389,-1.931,-1.449,-2.136,0.222,1.827,,,,,,144.509,0.667,7.314,6.724,0.666,9.766,5.48,356.769,0.126,4.619,22.49,0.05,0.15,4.09,0.35,18.35,0.0,3.59,0.0,0.05,18.4,0.0,0.0,22.49,3.25,0.836,5305.617,-3.282,64.741,-3.191,94.021,3434.899,149.422,18.186,173800880629.0,1.556,18.326,3.466,0.78,5.034,12.787,183.905,5.034,183.905,81.592,2.078,34.768,1.028,50.492,670.388,1844.662,81.814,18.4,672.214,2.104,35.138,1.052,51.03,1864.29,0.0,0.0,0.0,,0.0,0.0,0.0,0.0,0.0,15.963,-5.528,54.55,-4.636,79.221,131.155,2894.225,55.029,2010.412,0.0,1.827,4.701,0.368,0.024,0.534,0.0,0.222,19.508,821.636,27372216.0,145.227,672.214,81.814,2.104,35.138,1.052,51.03,1864.29,0.0,,0.0,0.0,0.0,0.0,0.0,0.0,0.0,0.002,0.0,0.003,0.0,0.12
PER,Peru,2004,37.5,0.047,64.436,3.244,-0.884,-0.487,6.559,9.526,0.294,2.534,,,,,,197.065,0.881,8.129,6.823,0.794,10.559,7.602,382.253,0.174,6.293,23.85,0.07,0.21,6.43,1.25,17.35,0.0,4.97,0.0,0.07,17.42,0.0,0.0,23.85,4.7,0.846,5602.045,13.568,68.999,12.757,106.778,3865.368,232.767,26.96,182906373159.0,5.241,64.436,5.349,3.244,8.278,45.25,299.647,8.278,299.646,72.746,-6.043,30.656,-3.051,47.441,628.072,1717.374,73.04,17.42,630.606,-6.214,30.926,-3.171,47.859,1732.485,0.0,0.0,0.0,,0.0,0.0,0.0,0.0,0.0,20.839,11.006,56.827,8.719,87.941,179.915,3183.468,54.543,1974.452,0.0,2.534,-22.436,0.268,-0.12,0.414,0.0,0.294,14.993,863.373,27624226.0,154.752,630.606,73.04,-6.214,30.926,-3.171,47.859,1732.485,0.0,,0.0,0.0,0.0,0.0,0.0,0.0,-0.847,0.002,-0.0,0.003,0.0,0.118
PER,Peru,2005,95.455,0.166,76.378,6.322,13.476,7.35,4.581,7.09,0.316,2.871,,,,,,209.073,0.947,1.489,6.622,0.157,10.717,8.613,384.577,0.34,12.194,25.34,0.08,0.24,7.37,1.61,17.9,0.0,5.52,0.0,0.08,17.98,0.0,0.0,25.35,5.3,0.83,5807.832,5.33,69.493,5.691,112.469,4036.035,264.479,29.073,194913492438.0,6.351,76.378,9.021,6.322,14.6,57.776,523.923,14.6,523.923,70.611,1.928,29.878,0.915,48.356,642.357,1735.292,70.927,17.98,645.228,3.002,30.459,1.437,49.295,1769.0,-0.039,-0.01,0.0,,0.0,0.0,0.0,0.0,0.0,21.775,-0.897,53.85,-0.788,87.152,198.09,3127.535,61.893,2221.084,0.0,2.871,126.011,0.578,0.522,0.936,0.0,0.316,33.592,909.706,27866140.0,161.842,645.228,70.927,3.002,30.459,1.437,49.295,1769.0,0.0,,0.0,0.0,0.0,0.0,0.0,0.0,-0.855,0.002,-0.0,0.003,0.0,0.116
PER,Peru,2006,148.837,0.506,17.033,2.487,4.101,2.538,0.76,1.23,0.225,2.135,,,,,,186.751,0.711,-14.917,5.591,-1.599,9.118,6.761,324.463,0.846,30.088,26.72,0.06,0.19,7.15,2.5,19.51,0.0,4.46,0.0,0.06,19.57,0.0,0.0,26.72,4.99,0.776,5802.827,-3.214,66.752,-3.615,108.854,3873.525,254.43,26.759,210148990815.0,9.356,17.033,10.478,2.487,17.086,88.961,608.014,17.086,608.014,73.016,8.311,32.118,4.019,52.375,694.255,1863.734,73.241,19.57,696.39,8.141,32.69,4.013,53.308,1896.948,0.0,0.0,0.0,,0.0,0.0,0.0,0.0,0.0,16.692,-5.167,50.683,-4.503,82.649,158.707,2941.048,64.431,2292.758,0.0,2.135,-0.629,0.57,-0.006,0.93,0.0,0.225,33.1,950.82,28102054.0,163.071,696.39,73.241,8.141,32.69,4.013,53.308,1896.948,0.0,,0.0,0.0,0.0,0.0,0.0,0.0,-0.862,0.002,-0.0,0.003,0.0,0.114
PER,Peru,2007,4.673,0.04,50.716,8.666,-0.99,-0.638,9.651,15.738,0.172,1.765,,,,,,219.705,0.755,32.034,6.733,2.921,12.039,7.765,424.907,0.885,31.237,29.13,0.05,0.22,9.73,4.33,19.35,0.0,5.18,0.0,0.05,19.4,0.0,0.0,29.13,6.4,0.782,6310.994,14.683,69.815,15.983,124.837,4406.043,343.415,33.402,228649463803.0,14.864,50.716,14.402,8.666,25.752,152.825,908.904,25.752,908.903,66.426,-0.856,29.04,-0.448,51.927,682.948,1832.72,66.598,19.4,684.713,-0.508,29.661,-0.271,53.037,1871.926,0.0,0.0,0.0,,0.0,0.0,0.0,0.0,0.0,17.782,5.319,48.681,4.396,87.046,182.825,3072.232,63.793,2251.546,0.0,1.765,19.079,0.619,0.177,1.108,0.0,0.172,39.094,1028.128,28333050.0,178.81,684.713,66.598,-0.508,29.661,-0.271,53.037,1871.926,0.0,,0.0,0.0,0.0,0.0,0.0,0.0,-0.217,0.002,-0.0,0.003,0.0,0.113
PER,Peru,2008,26.786,0.237,35.832,9.227,3.938,2.512,7.872,14.076,0.281,3.151,,,,,,261.793,0.906,-10.833,5.565,-1.304,10.735,10.153,375.835,1.122,39.286,32.01,0.09,0.29,12.96,5.77,18.96,0.0,6.9,0.0,0.09,19.05,0.0,0.0,32.01,8.38,0.771,6753.145,12.357,72.718,15.426,140.263,4910.76,453.745,40.487,250224537163.0,18.026,26.957,16.95,6.942,32.694,202.014,1144.652,34.979,1224.671,59.231,-3.108,26.084,-1.614,50.313,663.812,1761.504,59.513,19.05,666.963,-2.842,26.715,-1.507,51.53,1804.129,0.0,0.0,0.0,,0.0,0.0,0.0,0.0,0.0,21.556,11.245,50.203,9.788,96.834,241.577,3390.272,66.306,2321.433,0.0,3.151,9.627,0.63,0.107,1.214,0.0,0.281,42.514,1120.707,28562320.0,192.886,666.963,59.513,-2.842,26.715,-1.507,51.53,1804.129,0.0,,0.0,0.0,0.0,0.0,0.0,0.0,-0.654,0.002,-0.0,0.003,0.0,0.111
PER,Peru,2009,-14.084,-0.158,2.512,0.879,20.904,13.861,2.52,4.86,0.47,5.21,,,,,,249.295,0.846,-10.162,4.877,-1.091,9.644,9.377,334.943,0.964,33.483,31.87,0.15,0.27,12.36,5.85,19.42,0.0,6.24,0.0,0.15,19.57,0.0,0.0,31.93,7.96,0.78,6867.921,1.572,72.046,2.204,142.467,4948.036,429.276,38.71,253539538323.0,18.321,2.272,16.909,0.743,33.437,203.177,1161.292,35.858,1245.387,60.821,3.785,26.406,1.904,52.217,674.477,1813.545,61.29,19.57,679.687,3.681,27.018,1.897,53.427,1855.568,-0.188,-0.06,0.0,,0.0,0.0,0.0,0.0,0.0,19.543,2.636,50.26,2.553,99.386,216.722,3451.802,80.166,2784.262,0.0,5.21,-0.617,0.61,-0.007,1.207,0.0,0.47,41.913,1108.963,28792662.0,197.746,679.687,61.29,3.681,27.018,1.897,53.427,1855.568,0.0,,0.0,0.0,0.0,0.0,0.0,0.0,-0.877,0.002,-0.0,0.003,0.0,0.109
PER,Peru,2010,56.557,0.545,103.998,37.291,5.576,4.47,14.213,28.106,0.431,5.167,,,,,,271.133,0.92,-1.93,4.188,-0.186,9.458,11.024,325.82,1.509,51.996,34.67,0.15,0.32,14.79,7.0,19.84,0.0,7.47,0.0,0.15,19.99,0.0,0.0,34.78,9.43,0.819,7780.553,19.007,75.07,27.079,169.546,5840.85,509.514,42.524,275677712720.0,20.127,62.212,24.015,20.802,54.238,241.149,1868.5,73.149,2519.99,57.044,0.127,23.149,0.066,52.283,683.486,1801.147,57.476,19.99,688.653,1.15,23.928,0.614,54.041,1861.706,-0.317,-0.11,0.0,,0.0,0.0,0.0,0.0,0.0,21.478,6.504,46.867,6.464,105.85,257.341,3646.53,84.637,2915.724,0.0,5.167,45.407,0.777,0.548,1.755,0.0,0.431,60.451,1198.167,29027680.0,225.851,688.653,57.476,1.15,23.928,0.614,54.041,1861.706,0.0,,0.0,0.0,0.0,0.0,0.0,0.0,0.0,0.001,0.0,0.003,0.0,0.108
PER,Peru,2011,36.126,0.545,56.946,41.656,-4.255,-3.601,10.423,23.54,0.474,6.151,,,,,,275.408,0.922,0.57,3.814,0.054,9.512,11.96,325.026,2.055,70.207,37.98,0.18,0.35,16.43,7.78,21.37,0.0,8.3,0.0,0.18,21.55,0.0,0.0,37.98,10.46,0.848,8522.041,11.683,75.927,19.809,189.355,6470.51,561.435,43.26,294253237257.0,20.484,16.023,25.233,8.691,62.929,265.853,2150.363,114.805,3923.051,56.266,6.851,22.4,3.582,55.865,730.241,1908.98,56.74,21.55,736.392,6.618,23.103,3.576,57.617,1968.86,0.0,0.0,0.0,,0.0,0.0,0.0,0.0,0.0,21.854,10.453,46.88,11.064,116.914,283.622,3995.12,81.036,2769.099,0.0,6.151,-0.314,0.701,-0.006,1.749,0.0,0.474,59.774,1297.826,29264314.0,249.392,736.392,56.74,6.618,23.103,3.576,57.617,1968.86,0.0,,0.0,0.0,0.0,0.0,0.0,0.0,-0.885,0.001,-0.0,0.003,0.0,0.106
PER,Peru,2012,35.0,0.719,4.16,4.775,-1.474,-1.194,3.233,8.063,0.776,10.167,,,,,,281.541,0.931,6.731,3.943,0.64,10.152,12.201,344.055,2.774,94.001,38.68,0.3,0.36,17.18,8.4,21.14,0.0,8.42,0.0,0.3,21.5,0.06,0.0,38.68,10.89,0.826,8725.255,2.998,75.754,5.677,195.032,6609.73,582.239,44.416,311750271164.0,21.717,9.041,26.653,5.689,68.618,284.68,2325.509,119.581,4052.652,54.654,1.582,22.042,0.884,56.749,716.445,1923.248,55.584,21.5,728.646,1.751,22.772,1.009,58.626,1986.876,0.0,0.0,0.0,,0.0,0.0,0.0,0.0,0.0,21.768,-0.558,45.158,-0.653,116.262,285.358,3940.167,79.841,2705.866,0.0,10.167,-1.637,0.668,-0.029,1.721,0.0,0.776,58.312,1310.885,29506790.0,257.454,728.646,55.584,1.751,22.772,1.009,58.626,1986.876,0.155,,0.06,0.154,0.154,2.033,5.211,0.0,-0.893,0.001,-0.0,0.003,0.0,0.104
PER,Peru,2013,-8.547,-0.237,3.688,4.411,6.545,5.226,1.945,5.007,1.164,16.457,,,,,,287.173,0.903,0.854,3.901,0.087,10.239,12.763,343.878,2.537,85.195,42.1,0.49,0.38,19.32,10.14,22.09,0.0,8.8,0.0,0.49,22.78,0.2,0.0,42.1,12.09,0.796,8815.112,1.666,75.547,3.25,198.282,6659.571,648.889,45.891,329891817304.0,24.086,-2.319,25.538,-1.592,67.027,340.566,2251.184,123.991,4164.416,52.47,0.696,21.772,0.395,57.144,741.923,1919.246,54.109,22.78,765.097,2.528,22.902,1.482,60.109,2018.83,0.0,0.0,0.0,,0.0,0.0,0.0,0.0,0.0,20.903,4.09,46.108,4.755,121.017,295.56,4064.509,85.067,2857.099,0.0,16.457,42.847,0.936,0.737,2.458,0.0,1.164,82.55,1413.986,29773986.0,262.461,765.097,54.109,2.528,22.902,1.482,60.109,2018.83,0.475,227.829,0.192,0.35,0.504,6.717,16.931,0.0,0.0,0.001,0.0,0.003,0.0,0.104
PER,Peru,2014,2.572,0.065,5.872,7.281,3.103,2.64,2.544,6.678,1.109,16.284,,,,,,299.548,0.928,-1.245,3.757,-0.128,10.111,13.626,336.025,2.602,86.467,44.19,0.49,0.41,21.27,11.17,21.98,0.0,9.69,0.0,0.49,22.93,0.2,0.26,44.2,13.24,0.797,8944.343,3.0,75.883,5.949,204.231,6787.247,706.871,48.122,337782195762.0,25.271,10.876,27.613,7.29,74.316,371.215,2469.774,131.272,4362.601,49.729,-1.084,21.002,-0.619,56.524,730.466,1878.484,51.878,22.93,762.038,1.437,22.655,0.864,60.972,2026.305,-0.023,-0.01,0.0,,0.0,0.0,0.0,0.0,0.0,21.923,-1.003,44.514,-1.213,119.803,322.03,3981.448,87.707,2914.779,0.0,16.284,33.674,1.221,0.828,3.285,0.0,1.109,109.187,1468.908,30090372.0,269.139,762.038,51.878,1.437,22.655,0.864,60.972,2026.305,0.452,0.613,0.188,0.003,0.507,6.647,16.856,0.588,21153.441,0.243,0.652,0.655,8.641,21.778
PER,Peru,2015,37.08,0.965,-3.584,-4.705,-13.34,-11.7,4.846,13.041,1.029,15.753,,,,,,286.235,0.793,-6.794,3.34,-0.687,9.424,12.143,309.286,3.567,117.05,46.59,0.48,0.37,21.86,12.76,23.47,0.0,8.73,0.0,0.48,24.78,0.23,0.6,46.64,13.35,0.809,9260.681,4.652,75.743,9.5,213.731,7014.295,717.41,46.87,349008601420.0,27.358,2.846,27.086,2.115,76.431,418.762,2508.353,126.567,4153.728,50.322,6.012,21.236,3.398,59.923,770.247,1966.565,53.13,24.78,813.239,5.463,22.788,3.331,64.303,2110.329,-0.107,-0.05,0.0,,0.0,0.0,0.0,0.0,0.0,18.718,6.738,45.317,8.072,127.875,286.504,4196.655,76.007,2494.421,0.0,15.753,-30.163,0.813,-0.991,2.294,0.0,1.029,75.302,1530.649,30470738.0,282.18,813.239,53.13,5.463,22.788,3.331,64.303,2110.329,0.493,14.844,0.206,0.075,0.582,7.548,19.116,1.286,129.451,0.533,0.848,1.504,19.691,49.347
PER,Peru,2016,0.365,0.013,10.759,13.617,-10.506,-7.985,6.922,19.534,0.943,15.198,,,,,,294.424,0.822,20.859,3.775,1.966,11.39,13.257,368.298,3.58,115.748,49.84,0.47,0.41,24.17,14.24,23.92,0.0,9.52,0.0,0.47,25.69,0.24,1.06,49.86,14.68,0.832,9755.966,8.916,77.155,19.057,232.788,7527.25,781.542,48.476,362594350376.0,28.56,11.123,28.15,8.502,84.933,460.453,2746.331,140.184,4532.891,47.974,-0.008,19.859,-0.005,59.918,773.458,1937.458,51.524,25.69,830.692,0.423,21.403,0.272,64.575,2088.051,-0.04,-0.02,0.0,,0.0,0.0,0.0,0.0,0.0,19.093,6.717,45.23,8.59,136.465,307.831,4412.621,68.022,2199.496,0.0,15.198,-39.062,0.463,-0.896,1.398,0.0,0.943,45.212,1612.234,30926036.0,301.713,830.692,51.524,0.423,21.403,0.272,64.575,2088.051,0.481,4.401,0.202,0.026,0.608,7.76,19.664,2.126,76.299,0.879,1.147,2.651,34.275,85.717
PER,Peru,2017,0.0,,-7.188,-10.077,-2.656,-1.807,2.523,7.612,0.92,14.947,,,,,,247.897,0.665,1.756,3.747,0.2,11.59,10.813,368.59,,,51.13,0.47,0.34,20.51,12.14,28.77,0.0,8.03,0.0,0.47,30.6,0.29,1.07,51.11,12.67,0.832,9837.263,-2.354,73.485,-5.48,227.308,7228.914,652.265,40.129,371568560505.0,23.753,-11.79,24.22,-10.014,74.919,386.08,2382.607,130.107,4137.713,56.29,21.31,23.498,12.768,72.686,914.951,2311.591,59.871,30.6,973.149,19.654,24.979,12.691,77.267,2457.25,0.039,0.02,0.0,,0.0,0.0,0.0,0.0,0.0,15.711,3.176,45.518,4.334,140.799,255.372,4477.716,66.215,2105.78,0.0,14.947,-15.708,0.381,-0.22,1.179,0.0,0.92,37.482,1625.414,31444298.0,309.326,973.149,59.871,19.654,24.979,12.691,77.267,2457.25,0.567,18.068,0.232,0.11,0.718,9.223,22.834,2.094,1.234,0.868,0.033,2.684,34.028,85.344
PER,Peru,2018,0.0,,-1.532,-1.993,2.887,1.912,5.439,16.823,0.956,15.943,,,,,,235.614,0.637,12.286,3.99,1.424,13.014,10.629,406.824,,,53.37,0.51,0.34,20.18,11.94,30.41,0.0,7.9,0.0,0.51,33.17,0.75,1.5,53.35,12.57,0.844,10195.578,4.962,73.152,11.278,238.586,7458.32,630.837,37.826,386316117149.0,22.381,7.118,24.606,5.333,80.252,373.25,2508.73,128.115,4004.933,57.001,5.1,23.423,3.707,76.393,950.631,2388.088,62.174,33.17,1036.91,7.448,25.455,5.755,83.021,2595.278,0.037,0.02,0.0,,0.0,0.0,0.0,0.0,0.0,14.808,3.211,44.556,4.521,145.32,246.958,4542.766,68.126,2129.661,0.0,15.943,-11.664,0.319,-0.137,1.041,0.0,0.956,32.546,1667.747,31989266.0,326.149,1036.91,62.174,7.448,25.455,5.755,83.021,2595.278,1.406,158.022,0.568,1.135,1.853,23.445,57.913,2.812,39.147,1.145,1.051,3.734,46.891,116.731
PER,Peru,2019,0.0,,5.341,6.843,4.225,2.878,0.994,3.243,0.883,15.072,,,,,,238.327,0.649,-32.551,2.665,-4.236,8.778,11.073,270.001,,,55.53,0.49,0.36,21.29,12.6,31.26,0.0,8.33,0.0,0.49,34.18,0.78,1.65,55.47,13.22,,10131.892,0.489,72.786,1.166,239.752,7374.624,654.866,38.381,,22.715,2.318,24.929,1.86,82.113,387.568,2525.733,134.958,4151.215,56.355,1.981,23.652,1.514,77.907,961.537,2396.36,61.619,34.18,1051.354,2.633,25.868,2.186,85.207,2620.899,0.108,0.06,0.0,,0.0,0.0,0.0,0.0,0.0,15.017,2.437,45.193,3.542,148.862,256.225,4578.89,71.005,2184.056,0.0,15.072,26.052,0.398,0.271,1.312,0.0,0.883,40.367,1706.22,32510462.0,329.393,1051.354,61.619,2.633,25.868,2.186,85.207,2620.899,1.406,1.984,0.574,0.037,1.889,23.992,58.115,2.975,9.748,1.244,0.364,4.098,50.753,126.056
PER,Peru,2020,0.0,,-10.418,-14.061,-11.665,-8.283,-15.92,-52.438,1.052,16.074,,,,,,230.647,0.675,-26.614,2.326,-2.336,6.442,10.312,195.37,,,50.44,0.53,0.34,18.2,9.7,29.04,0.0,8.16,0.0,0.53,32.18,0.8,1.81,50.38,11.62,,8399.715,-21.125,68.281,-50.647,189.106,5735.374,551.986,36.125,,19.254,-14.139,25.456,-11.61,70.503,294.19,2138.269,120.897,3666.686,57.642,-3.392,27.176,-2.642,75.264,880.751,2282.69,63.875,32.18,975.984,-2.182,30.094,-1.859,83.347,2527.834,0.119,0.06,0.0,,0.0,0.0,0.0,0.0,0.0,16.197,-24.654,40.498,-36.7,112.161,247.484,3401.735,62.722,1902.28,0.0,16.074,30.51,0.618,0.4,1.713,0.0,1.052,51.946,1527.97,32971848.0,276.954,975.984,63.875,-2.182,30.094,-1.859,83.347,2527.834,1.588,1.591,0.693,0.03,1.919,24.263,58.214,3.593,8.603,1.607,0.353,4.451,54.895,134.984
PER,Peru,2021,,,,,,,,,1.068,17.686,,,,,,241.492,0.67,,,,,11.091,,,,55.3,0.59,0.37,21.6,13.1,30.42,0.0,8.13,0.0,0.59,33.64,0.82,1.81,55.24,13.34,,,,,,,,647.493,39.102,,23.715,,,,,392.693,,,,55.069,,,,,911.887,,60.898,33.64,1008.411,,,,,,0.108,0.06,0.0,,,,,0.0,,14.718,,,,,243.709,,,,0.0,17.686,,,,,0.0,1.068,,1655.904,33359414.0,,1008.411,60.898,,,,,,1.484,,,,,24.581,,3.277,,,,,54.258,
