iso_code,country,year,coal_prod_change_pct,coal_prod_change_twh,gas_prod_change_pct,gas_prod_change_twh,oil_prod_change_pct,oil_prod_change_twh,energy_cons_change_pct,energy_cons_change_twh,biofuel_share_elec,biofuel_elec_per_capita,biofuel_cons_change_pct,biofuel_share_energy,biofuel_cons_change_twh,biofuel_consumption,biofuel_cons_per_capita,carbon_intensity_elec,coal_share_elec,coal_cons_change_pct,coal_share_energy,coal_cons_change_twh,coal_consumption,coal_elec_per_capita,coal_cons_per_capita,coal_production,coal_prod_per_capita,electricity_demand,biofuel_electricity,coal_electricity,fossil_electricity,gas_electricity,hydro_electricity,nuclear_electricity,oil_electricity,other_renewable_exc_biofuel_electricity,other_renewable_electricity,renewables_electricity,solar_electricity,wind_electricity,electricity_generation,greenhouse_gas_emissions,energy_per_gdp,energy_per_capita,fossil_cons_change_pct,fossil_share_energy,fossil_cons_change_twh,fossil_fuel_consumption,fossil_energy_per_capita,fossil_cons_per_capita,fossil_share_elec,gdp,gas_share_elec,gas_cons_change_pct,gas_share_energy,gas_cons_change_twh,gas_consumption,gas_elec_per_capita,gas_energy_per_capita,gas_production,gas_prod_per_capita,hydro_share_elec,hydro_cons_change_pct,hydro_share_energy,hydro_cons_change_twh,hydro_consumption,hydro_elec_per_capita,hydro_energy_per_capita,low_carbon_share_elec,low_carbon_electricity,low_carbon_elec_per_capita,low_carbon_cons_change_pct,low_carbon_share_energy,low_carbon_cons_change_twh,low_carbon_consumption,low_carbon_energy_per_capita,net_elec_imports_share_demand,net_elec_imports,nuclear_share_elec,nuclear_cons_change_pct,nuclear_share_energy,nuclear_cons_change_twh,nuclear_consumption,nuclear_elec_per_capita,nuclear_energy_per_capita,oil_share_elec,oil_cons_change_pct,oil_share_energy,oil_cons_change_twh,oil_consumption,oil_elec_per_capita,oil_energy_per_capita,oil_production,oil_prod_per_capita,other_renewables_elec_per_capita_exc_biofuel,other_renewables_elec_per_capita,other_renewables_cons_change_pct,other_renewables_share_energy,other_renewables_cons_change_twh,other_renewable_consumption,other_renewables_share_elec_exc_biofuel,other_renewables_share_elec,other_renewables_energy_per_capita,per_capita_electricity,population,primary_energy_consumption,renewables_elec_per_capita,renewables_share_elec,renewables_cons_change_pct,renewables_share_energy,renewables_cons_change_twh,renewables_consumption,renewables_energy_per_capita,solar_share_elec,solar_cons_change_pct,solar_share_energy,solar_cons_change_twh,solar_consumption,solar_elec_per_capita,solar_energy_per_capita,wind_share_elec,wind_cons_change_pct,wind_share_energy,wind_cons_change_twh,wind_consumption,wind_elec_per_capita,wind_energy_per_capita
POL,Poland,1900,,,,,,,,,,,,,,,,,,,,,,,,190.975,7846.077,,,,,,,,,,,,,,,,,,,,,,,,,66825000000.0,,,,,,,,0.0,0.0,,,,,,,,,,,,,,,,,,,,,,,,,,,,,,,,4.036,165.801,,,,,,,,,,,24340168.0,,,,,,,,,,,,,,,,,,,,,,
POL,Poland,1901,5.481,10.466,,0.0,16.715,0.675,,,,,,,,,,,,,,,,,,201.441,8216.064,,,,,,,,,,,,,,,,,,,,,,,,,,,,,,,,,0.0,0.0,,,,,,,,,,,,,,,,,,,,,,,,,,,,,,,,4.71,192.11,,,,,,,,,,,24517983.0,,,,,,,,,,,,,,,,,,,,,,
POL,Poland,1902,-2.684,-5.407,,0.0,28.642,1.349,,,,,,,,,,,,,,,,,,196.035,7938.504,,,,,,,,,,,,,,,,,,,,,,,,,,,,,,,,,0.0,0.0,,,,,,,,,,,,,,,,,,,,,,,,,,,,,,,,6.059,245.371,,,,,,,,,,,24694172.0,,,,,,,,,,,,,,,,,,,,,,
POL,Poland,1903,3.961,7.765,,0.0,29.175,1.768,,,,,,,,,,,,,,,,,,203.799,8195.013,,,,,,,,,,,,,,,,,,,,,,,,,,,,,,,,,0.0,0.0,,,,,,,,,,,,,,,,,,,,,,,,,,,,,,,,7.827,314.733,,,,,,,,,,,24868705.0,,,,,,,,,,,,,,,,,,,,,,
POL,Poland,1904,0.648,1.32,,0.0,22.437,1.756,,,,,,,,,,,,,,,,,,205.12,8190.218,,,,,,,,,,,,,,,,,,,,,,,,,,,,,,,,,0.0,0.0,,,,,,,,,,,,,,,,,,,,,,,,,,,,,,,,9.583,382.644,,,,,,,,,,,25044468.0,,,,,,,,,,,,,,,,,,,,,,
POL,Poland,1905,8.37,17.168,,0.0,-3.641,-0.349,,,,,,,,,,,,,,,,,,222.288,8813.436,,,,,,,,,,,,,,,,,,,,,,,,,,,,,,,,,0.0,0.0,,,,,,,,,,,,,,,,,,,,,,,,,,,,,,,,9.234,366.126,,,,,,,,,,,25221471.0,,,,,,,,,,,,,,,,,,,,,,
POL,Poland,1906,5.498,12.222,,0.0,-7.179,-0.663,,,,,,,,,,,,,,,,,,234.509,9232.752,,,,,,,,,,,,,,,,,,,,,,,,,,,,,,,,,0.0,0.0,,,,,,,,,,,,,,,,,,,,,,,,,,,,,,,,8.571,337.457,,,,,,,,,,,25399722.0,,,,,,,,,,,,,,,,,,,,,,
POL,Poland,1907,9.565,22.43,,0.0,52.782,4.524,,,,,,,,,,,,,,,,,,256.939,10044.838,,,,,,,,,,,,,,,,,,,,,,,,,,,,,,,,,0.0,0.0,,,,,,,,,,,,,,,,,,,,,,,,,,,,,,,,13.095,511.954,,,,,,,,,,,25579229.0,,,,,,,,,,,,,,,,,,,,,,
POL,Poland,1908,4.559,11.714,,0.0,52.575,6.885,,,,,,,,,,,,,,,,,,268.653,10429.093,,,,,,,,,,,,,,,,,,,,,,,,,,,,,,,,,0.0,0.0,,,,,,,,,,,,,,,,,,,,,,,,,,,,,,,,19.98,775.635,,,,,,,,,,,25760003.0,,,,,,,,,,,,,,,,,,,,,,
POL,Poland,1909,1.802,4.841,,0.0,21.42,4.28,,,,,,,,,,,,,,,,,,273.494,10580.731,,,,,,,,,,,,,,,,,,,,,,,,,,,,,,,,,0.0,0.0,,,,,,,,,,,,,,,,,,,,,,,,,,,,,,,,24.26,938.559,,,,,,,,,,,25848341.0,,,,,,,,,,,,,,,,,,,,,,
POL,Poland,1910,-0.008,-0.022,,0.0,-15.34,-3.722,,,,,,,,,,,,,,,,,,273.472,10581.396,,,,,,,,,,,,,,,,,,,,,,,,,71778936000.0,,,,,,,,0.0,0.0,,,,,,,,,,,,,,,,,,,,,,,,,,,,,,,,20.539,794.695,,,,,,,,,,,25844639.0,,,,,,,,,,,,,,,,,,,,,,
POL,Poland,1911,6.73,18.405,,0.0,-17.441,-3.582,,,,,,,,,,,,,,,,,,291.878,11335.375,,,,,,,,,,,,,,,,,,,,,,,,,,,,,,,,,0.0,0.0,,,,,,,,,,,,,,,,,,,,,,,,,,,,,,,,16.957,658.525,,,,,,,,,,,25749284.0,,,,,,,,,,,,,,,,,,,,,,
POL,Poland,1912,12.928,37.733,,0.0,-21.536,-3.652,,,,,,,,,,,,,,,,,,329.611,12894.236,,,,,,,,,,,,,,,,,,,,,,,,,,,,,,,,,0.0,0.0,,,,,,,,,,,,,,,,,,,,,,,,,,,,,,,,13.305,520.475,,,,,,,,,,,25562652.0,,,,,,,,,,,,,,,,,,,,,,
POL,Poland,1913,4.995,16.464,,0.0,-2.622,-0.349,,,,,,,,,,,,,,,,,,346.075,13686.903,,,,,,,,,,,,,,,,,,,,,,,,,74040120000.0,,,,,,,,0.0,0.0,,,,,,,,,,,,,,,,,,,,,,,,,,,,,,,,12.956,512.39,,,,,,,,,,,25285116.0,,,,,,,,,,,,,,,,,,,,,,
POL,Poland,1914,-16.389,-56.72,,0.0,-21.275,-2.756,,,,,,,,,,,,,,,,,,289.355,11569.315,,,,,,,,,,,,,,,,,,,,,,,,,,,,,,,,,0.0,0.0,,,,,,,,,,,,,,,,,,,,,,,,,,,,,,,,10.2,407.808,,,,,,,,,,,25010589.0,,,,,,,,,,,,,,,,,,,,,,
POL,Poland,1915,-2.0,-5.786,,0.0,-13.455,-1.372,,,,,,,,,,,,,,,,,,283.569,11462.422,,,,,,,,,,,,,,,,,,,,,,,,,,,,,,,,,0.0,0.0,,,,,,,,,,,,,,,,,,,,,,,,,,,,,,,,8.827,356.812,,,,,,,,,,,24739041.0,,,,,,,,,,,,,,,,,,,,,,
POL,Poland,1916,14.727,41.761,,0.0,18.05,1.593,,,,,,,,,,,,,,,,,,325.33,13294.827,,,,,,,,,,,,,,,,,,,,,,,,,,,,,,,,,0.0,0.0,,,,,,,,,,,,,,,,,,,,,,,,,,,,,,,,10.42,425.84,,,,,,,,,,,24470438.0,,,,,,,,,,,,,,,,,,,,,,
POL,Poland,1917,11.674,37.98,,0.0,-9.933,-1.035,,,,,,,,,,,,,,,,,,363.31,15009.864,,,,,,,,,,,,,,,,,,,,,,,,,,,,,,,,,0.0,0.0,,,,,,,,,,,,,,,,,,,,,,,,,,,,,,,,9.385,387.751,,,,,,,,,,,24204749.0,,,,,,,,,,,,,,,,,,,,,,
POL,Poland,1918,-16.26,-59.072,,0.0,-4.213,-0.395,,,,,,,,,,,,,,,,,,304.238,12703.079,,,,,,,,,,,,,,,,,,,,,,,,,,,,,,,,,0.0,0.0,,,,,,,,,,,,,,,,,,,,,,,,,,,,,,,,8.99,375.367,,,,,,,,,,,23949906.0,,,,,,,,,,,,,,,,,,,,,,
POL,Poland,1919,-99.828,-303.715,,0.0,7.633,0.686,,,,,,,,,,,,,,,,,,0.523,21.938,,,,,,,,,,,,,,,,,,,,,,,,,,,,,,,,,0.0,0.0,,,,,,,,,,,,,,,,,,,,,,,,,,,,,,,,9.676,406.151,,,,,,,,,,,23824054.0,,,,,,,,,,,,,,,,,,,,,,
POL,Poland,1920,39189.858,204.827,,0.0,-8.053,-0.779,,,,,,,,,,,,,,,,,,205.349,8618.025,,,,,,,,,,,,,,,,,,,,,,,,,71904000000.0,,,,,,,,0.0,0.0,,,,,,,,,,,,,,,,,,,,,,,,,,,,,,,,8.897,373.384,,,,,,,,,,,23827906.0,,,,,,,,,,,,,,,,,,,,,,
POL,Poland,1921,-3.927,-8.064,,0.0,-7.843,-0.698,,,,,,,,,,,,,,,,,,197.286,8233.205,,,,,,,,,,,,,,,,,,,,,,,,,,,,,,,,,0.0,0.0,,,,,,,,,,,,,,,,,,,,,,,,,,,,,,,,8.199,342.17,,,,,,,,,,,23962204.0,,,,,,,,,,,,,,,,,,,,,,
POL,Poland,1922,16.697,32.941,,3.456,1.135,0.093,,,,,,,,,,,,,,,,,,230.227,9502.63,,,,,,,,,,,,,,,,,,,,,,,,,,,,,,,,,3.456,142.664,,,,,,,,,,,,,,,,,,,,,,,,,,,,,,,,8.292,342.261,,,,,,,,,,,24227714.0,,,,,,,,,,,,,,,,,,,,,,
POL,Poland,1923,3.574,8.229,2.645,0.091,3.366,0.279,,,,,,,,,,,,,,,,,,238.456,9683.386,,,,,,,,,,,,,,,,,,,,,,,,,,,,,,,,,3.548,144.073,,,,,,,,,,,,,,,,,,,,,,,,,,,,,,,,8.571,348.071,,,,,,,,,,,24625232.0,,,,,,,,,,,,,,,,,,,,,,
POL,Poland,1924,-10.642,-25.377,2.577,0.091,4.613,0.395,,,,,,,,,,,,,,,,,,213.079,8513.177,,,,,,,,,,,,,,,,,,,,,,,,,,,,,,,,,3.639,145.4,,,,,,,,,,,,,,,,,,,,,,,,,,,,,,,,8.967,358.25,,,,,,,,,,,25029272.0,,,,,,,,,,,,,,,,,,,,,,
POL,Poland,1925,-9.926,-21.151,2.512,0.091,5.318,0.477,,,,,,,,,,,,,,,,,,191.928,7544.34,,,,,,,,,,,,,,,,,,,,,,,,,,,,,,,,,3.731,146.646,,,,,,,,,,,,,,,,,,,,,,,,,,,,,,,,9.444,371.21,,,,,,,,,,,25439942.0,,,,,,,,,,,,,,,,,,,,,,
POL,Poland,1926,22.916,43.981,2.45,0.091,-1.97,-0.186,,,,,,,,,,,,,,,,,,235.909,9123.481,,,,,,,,,,,,,,,,,,,,,,,,,,,,,,,,,3.822,147.814,,,,,,,,,,,,,,,,,,,,,,,,,,,,,,,,9.257,358.022,,,,,,,,,,,25857349.0,,,,,,,,,,,,,,,,,,,,,,
POL,Poland,1927,6.535,15.416,2.392,0.091,-9.171,-0.849,,,,,,,,,,,,,,,,,,251.325,9562.756,,,,,,,,,,,,,,,,,,,,,,,,,,,,,,,,,3.914,148.907,,,,,,,,,,,,,,,,,,,,,,,,,,,,,,,,8.408,319.938,,,,,,,,,,,26281606.0,,,,,,,,,,,,,,,,,,,,,,
POL,Poland,1928,6.64,16.687,2.336,0.091,2.766,0.233,,,,,,,,,,,,,,,,,,268.011,10033.061,,,,,,,,,,,,,,,,,,,,,,,,,,,,,,,,,4.005,149.925,,,,,,,,,,,,,,,,,,,,,,,,,,,,,,,,8.641,323.481,,,,,,,,,,,26712823.0,,,,,,,,,,,,,,,,,,,,,,
POL,Poland,1929,13.828,37.059,1.763,0.071,-9.152,-0.791,,,,,,,,,,,,,,,,,,305.071,11259.247,,,,,,,,,,,,,,,,,,,,,,,,,93986144000.0,,,,,,,,4.076,150.416,,,,,,,,,,,,,,,,,,,,,,,,,,,,,,,,7.85,289.729,,,,,,,,,,,27095139.0,,,,,,,,,,,,,,,,,,,,,,
POL,Poland,1930,-18.885,-57.614,1.733,0.071,-1.778,-0.14,,,,,,,,,,,,,,,,,,247.457,9022.254,,,,,,,,,,,,,,,,,,,,,,,,,89632312000.0,,,,,,,,4.146,151.169,,,,,,,,,,,,,,,,,,,,,,,,,,,,,,,,7.711,281.131,,,,,,,,,,,27427399.0,,,,,,,,,,,,,,,,,,,,,,
POL,Poland,1931,2.009,4.971,1.703,0.071,-4.827,-0.372,,,,,,,,,,,,,,,,,,252.428,9110.143,,,,,,,,,,,,,,,,,,,,,,,,,83155190000.0,,,,,,,,4.217,152.184,,,,,,,,,,,,,,,,,,,,,,,,,,,,,,,,7.339,264.848,,,,,,,,,,,27708431.0,,,,,,,,,,,,,,,,,,,,,,
POL,Poland,1932,-24.642,-62.203,1.675,0.071,-11.727,-0.861,,,,,,,,,,,,,,,,,,190.225,6809.054,,,,,,,,,,,,,,,,,,,,,,,,,76705146000.0,,,,,,,,4.287,153.466,,,,,,,,,,,,,,,,,,,,,,,,,,,,,,,,6.478,231.876,,,,,,,,,,,27937039.0,,,,,,,,,,,,,,,,,,,,,,
POL,Poland,1933,-5.186,-9.865,1.647,0.071,-1.077,-0.07,,,,,,,,,,,,,,,,,,180.36,6415.759,,,,,,,,,,,,,,,,,,,,,,,,,74552814000.0,,,,,,,,4.358,155.023,,,,,,,,,,,,,,,,,,,,,,,,,,,,,,,,6.408,227.95,,,,,,,,,,,28112004.0,,,,,,,,,,,,,,,,,,,,,,
POL,Poland,1934,6.915,12.472,1.62,0.071,-3.993,-0.256,,,,,,,,,,,,,,,,,,192.832,6816.733,,,,,,,,,,,,,,,,,,,,,,,,,75588569000.0,,,,,,,,4.429,156.555,,,,,,,,,,,,,,,,,,,,,,,,,,,,,,,,6.152,217.487,,,,,,,,,,,28288066.0,,,,,,,,,,,,,,,,,,,,,,
POL,Poland,1935,-2.363,-4.556,1.595,0.071,-2.647,-0.163,,,,,,,,,,,,,,,,,,188.276,6614.239,,,,,,,,,,,,,,,,,,,,,,,,,76708434000.0,,,,,,,,4.499,158.061,,,,,,,,,,,,,,,,,,,,,,,,,,,,,,,,5.989,210.413,,,,,,,,,,,28465230.0,,,,,,,,,,,,,,,,,,,,,,
POL,Poland,1936,4.216,7.938,1.57,0.071,-0.777,-0.047,,,,,,,,,,,,,,,,,,196.214,6850.194,,,,,,,,,,,,,,,,,,,,,,,,,78919890000.0,,,,,,,,4.57,159.543,,,,,,,,,,,,,,,,,,,,,,,,,,,,,,,,5.943,207.479,,,,,,,,,,,28643504.0,,,,,,,,,,,,,,,,,,,,,,
POL,Poland,1937,21.741,42.66,1.545,0.071,-1.957,-0.116,,,,,,,,,,,,,,,,,,238.873,8287.622,,,,,,,,,,,,,,,,,,,,,,,,,93974132000.0,,,,,,,,4.64,161.0,,,,,,,,,,,,,,,,,,,,,,,,,,,,,,,,5.827,202.153,,,,,,,,,,,28822895.0,,,,,,,,,,,,,,,,,,,,,,
POL,Poland,1938,5.198,12.417,-8.005,-0.371,1.198,0.07,,,,,,,,,,,,,,,,,,251.29,8664.168,,,,,,,,,,,,,,,,,,,,,,,,,108033636000.0,,,,,,,,4.269,147.19,,,,,,,,,,,,,,,,,,,,,,,,,,,,,,,,5.896,203.301,,,,,,,,,,,29003408.0,,,,,,,,,,,,,,,,,,,,,,
POL,Poland,1939,-39.156,-98.395,-8.702,-0.371,3.55,0.209,,,,,,,,,,,,,,,,,,152.895,5265.398,,,,,,,,,,,,,,,,,,,,,,,,,,,,,,,,,3.898,134.224,,,,,,,,,,,,,,,,,,,,,,,,,,,,,,,,6.106,210.27,,,,,,,,,,,29037679.0,,,,,,,,,,,,,,,,,,,,,,
POL,Poland,1940,232.426,355.367,-9.531,-0.371,-0.19,-0.012,,,,,,,,,,,,,,,,,,508.262,17570.173,,,,,,,,,,,,,,,,,,,,,,,,,,,,,,,,,3.526,121.893,,,,,,,,,,,,,,,,,,,,,,,,,,,,,,,,6.094,210.668,,,,,,,,,,,28927566.0,,,,,,,,,,,,,,,,,,,,,,
POL,Poland,1941,-0.952,-4.84,-10.535,-0.371,-53.817,-3.28,,,,,,,,,,,,,,,,,,503.422,17556.204,,,,,,,,,,,,,,,,,,,,,,,,,,,,,,,,,3.155,110.013,,,,,,,,,,,,,,,,,,,,,,,,,,,,,,,,2.814,98.151,,,,,,,,,,,28674887.0,,,,,,,,,,,,,,,,,,,,,,
POL,Poland,1942,9.993,50.307,-11.776,-0.371,55.785,1.57,,,,,,,,,,,,,,,,,,553.729,19579.265,,,,,,,,,,,,,,,,,,,,,,,,,,,,,,,,,2.783,98.408,,,,,,,,,,,,,,,,,,,,,,,,,,,,,,,,4.385,155.032,,,,,,,,,,,28281421.0,,,,,,,,,,,,,,,,,,,,,,
POL,Poland,1943,8.812,48.797,-13.347,-0.371,25.199,1.105,,,,,,,,,,,,,,,,,,602.527,21713.526,,,,,,,,,,,,,,,,,,,,,,,,,,,,,,,,,2.412,86.91,,,,,,,,,,,,,,,,,,,,,,,,,,,,,,,,5.489,197.823,,,,,,,,,,,27748908.0,,,,,,,,,,,,,,,,,,,,,,
POL,Poland,1944,-4.359,-26.265,-15.403,-0.371,-14.407,-0.791,,,,,,,,,,,,,,,,,,576.262,21165.539,,,,,,,,,,,,,,,,,,,,,,,,,,,,,,,,,2.04,74.934,,,,,,,,,,,,,,,,,,,,,,,,,,,,,,,,4.699,172.572,,,,,,,,,,,27226421.0,,,,,,,,,,,,,,,,,,,,,,
POL,Poland,1945,-68.685,-395.805,-18.208,-0.371,-75.0,-3.524,,,,,,,,,,,,,,,,,,180.457,6755.216,,,,,,,,,,,,,,,,,,,,,,,,,,,,,,,,,1.669,62.467,,,,,,,,,,,,,,,,,,,,,,,,,,,,,,,,1.175,43.971,,,,,,,,,,,26713772.0,,,,,,,,,,,,,,,,,,,,,,
POL,Poland,1946,74.428,134.31,-22.261,-0.371,15.842,0.186,,,,,,,,,,,,,,,,,,314.768,12009.098,,,,,,,,,,,,,,,,,,,,,,,,,,,,,,,,,1.297,49.493,,,,,,,,,,,,,,,,,,,,,,,,,,,,,,,,1.361,51.914,,,,,,,,,,,26210776.0,,,,,,,,,,,,,,,,,,,,,,
POL,Poland,1947,27.572,86.788,-0.671,-0.009,9.402,0.128,,,,,,,,,,,,,,,,,,401.556,15614.265,,,,,,,,,,,,,,,,,,,,,,,,,,,,,,,,,1.289,50.104,,,,,,,,,,,,,,,,,,,,,,,,,,,,,,,,1.489,57.885,,,,,,,,,,,25717250.0,,,,,,,,,,,,,,,,,,,,,,
POL,Poland,1948,18.447,74.076,6.081,0.078,9.375,0.14,,,,,,,,,,,,,,,,,,475.632,18849.587,,,,,,,,,,,,,,,,,,,,,,,,,82478996578.0,,,,,,,,1.367,54.171,,,,,,,,,,,,,,,,,,,,,,,,,,,,,,,,1.628,64.527,,,,,,,,,,,25233018.0,,,,,,,,,,,,,,,,,,,,,,
POL,Poland,1949,5.08,24.16,-13.376,-0.183,8.571,0.14,,,,,,,,,,,,,,,,,,499.792,20043.476,,,,,,,,,,,,,,,,,,,,,,,,,88614729594.0,,,,,,,,1.184,47.485,,,,,,,,,,,,,,,,,,,,,,,,,,,,,,,,1.768,70.894,,,,,,,,,,,24935393.0,,,,,,,,,,,,,,,,,,,,,,
POL,Poland,1950,5.278,26.379,34.559,0.409,6.579,0.116,,,,,,,,,,,,,,,,,,526.171,21196.063,,,,,,,,,,,,,,,,,,,,,,,,,96813600000.0,,,,,,,,1.593,64.182,,,,,,,,,,,,,,,,,,,,,,,,,,,,,,,,1.884,75.897,,,,,,,,,,,24824008.0,,,,,,,,,,,,,,,,,,,,,,
POL,Poland,1951,5.03,26.466,51.366,0.818,11.728,0.221,,,,,,,,,,,,,,,,,,552.638,21858.064,,,,,,,,,,,,,,,,,,,,,,,,,101074322265.0,,,,,,,,2.412,95.387,,,,,,,,,,,,,,,,,,,,,,,,,,,,,,,,2.105,83.259,,,,,,,,,,,25283014.0,,,,,,,,,,,,,,,,,,,,,,
POL,Poland,1952,2.996,16.555,12.996,0.313,18.785,0.395,,,,,,,,,,,,,,,,,,569.193,22092.29,,,,,,,,,,,,,,,,,,,,,,,,,103385353918.0,,,,,,,,2.725,105.77,,,,,,,,,,,,,,,,,,,,,,,,,,,,,,,,2.5,97.051,,,,,,,,,,,25764322.0,,,,,,,,,,,,,,,,,,,,,,
POL,Poland,1953,5.062,28.812,1.917,0.052,-12.093,-0.302,,,,,,,,,,,,,,,,,,598.005,22772.048,,,,,,,,,,,,,,,,,,,,,,,,,109421334672.0,,,,,,,,2.777,105.761,,,,,,,,,,,,,,,,,,,,,,,,,,,,,,,,2.198,83.703,,,,,,,,,,,26260482.0,,,,,,,,,,,,,,,,,,,,,,
POL,Poland,1954,3.09,18.478,12.226,0.34,-2.646,-0.058,,,,,,,,,,,,,,,,,,616.483,23033.632,,,,,,,,,,,,,,,,,,,,,,,,,115623099952.0,,,,,,,,3.117,116.456,,,,,,,,,,,,,,,,,,,,,,,,,,,,,,,,2.14,79.954,,,,,,,,,,,26764490.0,,,,,,,,,,,,,,,,,,,,,,
POL,Poland,1955,3.451,21.275,9.777,0.305,-2.174,-0.047,,,,,,,,,,,,,,,,,,637.759,23387.049,,,,,,,,,,,,,,,,,,,,,,,,,121240855272.0,,,,,,,,3.422,125.472,,,,,,,,,,,,,,,,,,,,,,,,,,,,,,,,2.093,76.766,,,,,,,,,,,27269742.0,,,,,,,,,,,,,,,,,,,,,,
POL,Poland,1956,0.749,4.775,10.941,0.374,2.222,0.047,,,,,,,,,,,,,,,,,,642.534,23137.657,,,,,,,,,,,,,,,,,,,,,,,,,126650793940.0,,,,,,,,3.796,136.693,,,,,,,,,,,,,,,,,,,,,,,,,,,,,,,,2.14,77.059,,,,,,,,,,,27770044.0,,,,,,,,,,,,,,,,,,,,,,
POL,Poland,1957,-1.168,-7.503,-3.899,-0.148,-1.63,-0.035,,,,,,,,,,,,,,,,,,635.031,22471.323,,,,,,,,,,,,,,,,,,,,,,,,,133299068466.0,,,,,,,,3.648,129.088,,,,,,,,,,,,,,,,,,,,,,,,,,,,,,,,2.105,74.489,,,,,,,,,,,28259606.0,,,,,,,,,,,,,,,,,,,,,,
POL,Poland,1958,1.529,9.712,-8.353,-0.305,-3.315,-0.07,,,,,,,,,,,,,,,,,,644.743,22439.0,,,,,,,,,,,,,,,,,,,,,,,,,139818922848.0,,,,,,,,3.343,116.355,,,,,,,,,,,,,,,,,,,,,,,,,,,,,,,,2.035,70.833,,,,,,,,,,,28733124.0,,,,,,,,,,,,,,,,,,,,,,
POL,Poland,1959,4.869,31.395,10.417,0.348,0.0,0.0,,,,,,,,,,,,,,,,,,676.137,23166.566,,,,,,,,,,,,,,,,,,,,,,,,,143866768290.0,,,,,,,,3.691,126.482,,,,,,,,,,,,,,,,,,,,,,,,,,,,,,,,2.035,69.734,,,,,,,,,,,29185902.0,,,,,,,,,,,,,,,,,,,,,,
POL,Poland,1960,5.225,35.329,29.481,1.088,10.857,0.221,,,,,,,,,,,,,,,,,,711.466,24024.487,,,,,,,,,,,,,,,,,,,,,,,,,151647940250.0,,,,,,,,4.78,161.402,,,,,,,,,,,,,,,,,,,,,,,,,,,,,,,,2.256,76.187,,,,,,,,,,,29614202.0,,,,,,,,,,,,,,,,,,,,,,
POL,Poland,1961,2.356,16.765,33.698,1.611,4.639,0.105,,,,,,,,,,,,,,,,,,728.231,24261.762,,,,,,,,,,,,,,,,,,,,,,,,,163715040489.0,,,,,,,,6.39,212.905,,,,,,,,,,,,,,,,,,,,,,,,,,,,,,,,2.361,78.655,,,,,,,,,,,30015604.0,,,,,,,,,,,,,,,,,,,,,,
POL,Poland,1962,2.967,21.609,11.853,0.757,0.0,0.0,,,,,,,,,,,,,,,,,,749.84,24674.428,,,,,,,,,,,,,,,,,,,,,,,,,161505210525.0,,,,,,,,7.148,235.211,,,,,,,,,,,,,,,,,,,,,,,,,,,,,,,,2.361,77.688,,,,,,,,,,,30389354.0,,,,,,,,,,,,,,,,,,,,,,
POL,Poland,1963,4.504,33.77,19.732,1.41,4.433,0.105,,,,,,,,,,,,,,,,,,783.61,25494.454,,,,,,,,,,,,,,,,,,,,,,,,,171155965004.0,,,,,,,,8.558,278.443,,,,,,,,,,,,,,,,,,,,,,,,,,,,,,,,2.466,80.216,,,,,,,,,,,30736494.0,,,,,,,,,,,,,,,,,,,,,,
POL,Poland,1964,5.076,39.777,25.229,2.159,33.019,0.814,,,,,,,,,,,,,,,,,,823.387,26510.045,,,,,,,,,,,,,,,,,,,,,,,,,178821676960.0,,,,,,,,10.718,345.065,,,,,,,,,,,,,,,,,,,,,,,,,,,,,,,,3.28,105.593,,,,,,,,,,,31059450.0,,,,,,,,,,,,,,,,,,,,,,
POL,Poland,1965,1.879,15.469,11.942,1.28,20.213,0.663,,,,,,,,,,,,,89.158,,691.764,,22058.185,838.857,26748.488,,,,,,0.896,0.0,,,0.026,0.922,0.0,0.0,,,4.112,24740.42,,99.67,,773.321,24658.774,,,188699592888.0,,,2.208,,17.132,,546.286,11.997,382.558,,,0.321,,2.489,28.571,79.363,,0.922,29.4,,0.33,,2.561,81.666,,,,,0.0,,0.0,0.0,0.0,,,8.303,,64.425,,2054.303,3.943,125.716,,0.829,,0.009,,0.072,,,2.303,,31360902.0,775.882,29.4,,,0.33,,2.561,81.666,,,0.0,,0.0,0.0,0.0,,,0.0,,0.0,0.0,0.0
POL,Poland,1966,3.023,25.355,-0.145,-0.017,17.994,0.709,1.949,15.12,,,,,,,,,,1.34,88.626,9.269,701.033,,22155.838,864.212,27313.002,,,,,,0.896,0.0,,,0.038,0.934,0.0,0.0,,,3.943,24999.239,1.951,99.672,15.087,788.408,24917.262,,,200606685792.0,,18.875,2.575,3.234,20.366,,643.65,11.98,378.62,,0.0,0.315,0.0,2.489,28.318,78.66,,0.934,29.519,1.302,0.328,0.033,2.594,81.996,,,,,0.0,0.0,0.0,0.0,0.0,,4.011,8.471,2.584,67.009,,2117.774,4.652,147.024,,1.201,46.154,0.013,0.033,0.106,,,3.336,,31641038.0,791.002,29.519,,1.302,0.328,0.033,2.594,81.996,,,0.0,0.0,0.0,0.0,0.0,,,0.0,0.0,0.0,0.0,0.0
POL,Poland,1967,1.286,11.111,13.953,1.672,12.5,0.582,2.921,23.108,,,,,,,,,,1.81,87.669,12.688,713.721,,22372.548,875.323,27438.132,,,,,,0.957,0.0,,,0.044,1.001,0.0,0.0,,,3.916,25519.344,2.907,99.658,22.922,811.33,25432.204,,,207876372120.0,,22.204,3.057,4.522,24.888,,780.14,13.652,427.926,,6.808,0.327,0.169,2.658,29.998,83.329,,1.001,31.378,7.173,0.342,0.186,2.781,87.16,,,,,0.0,0.0,0.0,0.0,0.0,,8.524,8.932,5.712,72.72,,2279.517,5.234,164.051,,1.379,15.789,0.015,0.017,0.122,,,3.831,,31901688.0,814.11,31.378,,7.173,0.342,0.186,2.781,87.16,,,0.0,0.0,0.0,0.0,0.0,,,0.0,0.0,0.0,0.0,0.0
POL,Poland,1968,4.405,38.562,63.138,8.619,5.556,0.291,7.623,62.057,,,,,,,,,,4.812,85.379,34.343,748.065,,23268.313,913.884,28426.055,,,,,,1.005,0.0,,,0.047,1.052,0.0,0.0,,,3.975,27252.871,7.631,99.666,61.915,873.246,27161.998,,,220431548253.0,,37.385,3.902,9.304,34.192,,1063.531,22.271,692.727,,5.016,0.319,0.133,2.792,31.26,86.834,,1.052,32.722,5.095,0.334,0.142,2.922,90.895,,,,,0.0,0.0,0.0,0.0,0.0,,25.12,10.385,18.268,90.988,,2830.154,5.524,171.83,,1.462,6.818,0.015,0.008,0.131,,,4.061,,32149536.0,876.167,32.722,,5.095,0.334,0.142,2.922,90.895,,,0.0,0.0,0.0,0.0,0.0,,,0.0,0.0,0.0,0.0,0.0
POL,Poland,1969,5.666,51.782,53.245,11.858,-7.579,-0.419,6.816,59.719,,,,,,,,,,5.06,83.976,37.856,785.921,,24261.962,965.667,29810.838,,,,,,0.81,0.0,,,0.084,0.894,0.0,0.0,,,4.289,28891.491,6.889,99.735,60.158,933.404,28814.852,,,218218532480.0,,38.641,5.065,13.212,47.404,,1463.405,34.129,1053.584,,-19.403,0.24,-0.542,2.25,25.005,69.459,,0.894,27.598,-15.019,0.265,-0.439,2.483,76.662,,,,,0.0,0.0,0.0,0.0,0.0,,9.99,10.693,9.09,100.078,,3089.485,5.106,157.613,,2.593,78.723,0.025,0.103,0.233,,,7.203,,32393140.0,935.886,27.598,,-15.019,0.265,-0.439,2.483,76.662,,,0.0,0.0,0.0,0.0,0.0,,,0.0,0.0,0.0,0.0,0.0
POL,Poland,1970,3.958,38.216,50.0,17.064,-3.417,-0.174,5.523,51.693,,,,,,,,,,3.852,82.646,30.273,816.193,,25006.511,1003.883,30756.917,,,,,,1.771,0.0,,,0.059,1.83,0.0,0.0,,,4.302,30257.404,5.26,99.485,49.093,982.497,30101.685,,,229568508000.0,,27.539,6.122,13.055,60.459,,1852.341,51.193,1568.456,,118.642,0.498,2.669,4.919,54.26,150.722,,1.83,56.067,104.698,0.515,2.6,5.083,155.743,,,,,0.0,0.0,0.0,0.0,0.0,,5.761,10.717,5.766,105.844,,3242.833,4.931,151.08,,1.808,-29.762,0.017,-0.069,0.164,,,5.021,,32639262.0,987.579,56.067,,104.698,0.515,2.6,5.083,155.743,,,0.0,0.0,0.0,0.0,0.0,,,0.0,0.0,0.0,0.0,0.0
POL,Poland,1971,3.966,39.817,3.12,1.597,-6.84,-0.337,3.163,31.241,,,,,,,,,,2.361,82.003,19.271,835.464,,25401.495,1043.7,31732.674,,,,,,1.569,0.0,,,0.101,1.67,0.0,0.0,,,4.143,30976.24,3.225,99.545,31.686,1014.182,30835.224,,,245931908429.0,,9.979,6.526,6.034,66.492,,2021.641,52.79,1605.036,,-11.406,0.428,-0.561,4.358,47.704,132.511,,1.67,50.775,-8.743,0.455,-0.444,4.639,141.041,,,,,0.0,0.0,0.0,0.0,0.0,,6.029,11.015,6.381,112.225,,3412.088,4.594,139.672,,3.071,71.186,0.028,0.117,0.281,,,8.53,,32890386.0,1018.82,50.775,,-8.743,0.455,-0.444,4.639,141.041,,,0.0,0.0,0.0,0.0,0.0,,,0.0,0.0,0.0,0.0,0.0
POL,Poland,1972,4.156,43.376,5.779,3.051,-12.152,-0.558,5.472,55.752,,,,,,,,,,4.608,81.331,38.495,873.96,,26366.134,1087.076,32795.521,,,,,,1.503,0.0,,,0.185,1.688,0.0,0.0,,,4.073,32418.325,5.492,99.564,55.702,1069.885,32276.894,,,263853806370.0,,5.225,6.511,3.474,69.966,,2110.791,55.841,1684.636,,-4.207,0.389,-0.183,4.175,45.343,125.954,,1.688,50.925,1.078,0.436,0.05,4.689,141.457,,,,,0.0,0.0,0.0,0.0,0.0,,12.237,11.722,13.733,125.958,,3799.968,4.036,121.749,,5.581,83.168,0.048,0.233,0.514,,,15.503,,33147078.0,1074.573,50.925,,1.078,0.436,0.05,4.689,141.457,,,0.0,0.0,0.0,0.0,0.0,,,0.0,0.0,0.0,0.0,0.0
POL,Poland,1973,3.822,41.551,1.445,0.807,12.968,0.523,1.874,20.138,,,,,,,,,,0.411,80.163,3.594,877.553,,26264.954,1128.627,33779.496,,,,,,1.456,0.0,,,0.223,1.679,0.0,0.0,,,3.858,32764.392,1.885,99.574,20.163,1090.048,32624.829,,,283714587072.0,,3.999,6.647,2.798,72.765,,2177.831,56.648,1695.452,,-3.127,0.369,-0.131,4.044,43.578,121.049,,1.679,50.252,-0.533,0.426,-0.025,4.664,139.589,,,,,0.0,0.0,0.0,0.0,0.0,,10.933,12.764,13.771,139.729,,4182.044,4.559,136.449,,6.674,20.541,0.057,0.106,0.619,,,18.54,,33411594.0,1094.711,50.252,,-0.533,0.426,-0.025,4.664,139.589,,,0.0,0.0,0.0,0.0,0.0,,,0.0,0.0,0.0,0.0,0.0
POL,Poland,1974,3.271,36.916,-3.2,-1.812,40.306,1.838,3.295,36.068,,,,,,,,,,2.819,79.794,24.737,902.29,,26785.513,1165.543,34600.447,,,,,,2.122,0.0,,,0.235,2.357,0.0,0.0,,,3.765,33568.424,3.136,99.421,34.185,1124.232,33374.089,,,300363721920.0,,2.789,6.614,2.03,74.794,,2220.352,54.835,1627.845,,45.742,0.521,1.85,5.894,62.994,174.983,,2.357,69.97,40.381,0.579,1.883,6.547,194.362,,,,,0.0,0.0,0.0,0.0,0.0,,5.309,13.013,7.418,147.147,,4368.223,6.397,189.887,,6.976,5.381,0.058,0.033,0.653,,,19.378,,33685784.0,1130.779,69.97,,40.381,0.579,1.883,6.547,194.362,,,0.0,0.0,0.0,0.0,0.0,,,0.0,0.0,0.0,0.0,0.0
POL,Poland,1975,5.453,63.551,2.922,1.602,0.545,0.035,7.875,89.047,,,,,,,,,,7.886,79.802,71.152,973.443,,28655.356,1229.095,36180.986,,,,,,1.99,0.0,,,0.211,2.201,0.0,0.0,,,3.879,35908.126,7.959,99.499,89.48,1213.712,35728.179,,,314487223920.0,,7.088,6.566,5.302,80.096,,2357.796,56.438,1661.364,,-6.221,0.453,-0.367,5.528,58.58,162.722,,2.201,64.791,-6.619,0.501,-0.433,6.114,179.975,,,,,0.0,0.0,0.0,0.0,0.0,,8.852,13.131,13.026,160.173,,4715.027,6.431,189.322,,6.211,-10.213,0.048,-0.067,0.586,,,17.253,,33970732.0,1219.825,64.791,,-6.619,0.501,-0.433,6.114,179.975,,,0.0,0.0,0.0,0.0,0.0,,,0.0,0.0,0.0,0.0,0.0
POL,Poland,1976,4.008,49.263,8.85,4.995,-17.722,-1.14,5.355,65.326,,,,,,,,,,4.558,79.198,44.368,1017.811,,29703.169,1278.357,37306.758,,,,,,1.645,0.0,,,0.183,1.828,0.0,0.0,,,3.987,37505.026,5.468,99.605,66.362,1280.074,37356.869,,,322311724916.0,,6.697,6.65,5.364,85.46,,2494.012,61.432,1792.807,,-17.337,0.356,-0.958,4.569,48.007,133.352,,1.828,53.347,-16.947,0.395,-1.036,5.078,148.187,,,,,0.0,0.0,0.0,0.0,0.0,,10.382,13.757,16.629,176.802,,5159.688,5.292,154.428,,5.341,-13.27,0.04,-0.078,0.508,,,14.835,,34266104.0,1285.151,53.347,,-16.947,0.395,-1.036,5.078,148.187,,,0.0,0.0,0.0,0.0,0.0,,,0.0,0.0,0.0,0.0,0.0
POL,Poland,1977,3.794,48.502,5.255,3.229,-20.0,-1.058,4.264,54.804,,,,,,,,,,3.547,78.653,36.1,1053.911,,30485.219,1326.86,38380.461,,,,,,1.957,0.0,,,0.265,2.222,0.0,0.0,,,4.081,38759.251,4.196,99.539,53.709,1333.784,38580.745,,,328313351682.0,,6.103,6.767,5.216,90.676,,2622.87,64.661,1870.37,,18.967,0.406,0.867,5.436,56.608,157.244,,2.222,64.273,21.554,0.461,1.094,6.172,178.537,,,,,0.0,0.0,0.0,0.0,0.0,,7.01,14.12,12.394,189.196,,5472.657,4.233,122.452,,7.665,44.809,0.055,0.228,0.736,,,21.293,,34571228.0,1339.955,64.273,,21.554,0.461,1.094,6.172,178.537,,,0.0,0.0,0.0,0.0,0.0,,,0.0,0.0,0.0,0.0,0.0
POL,Poland,1978,3.273,43.429,7.229,4.674,-0.275,-0.012,4.996,66.949,,,,,,,,,,4.656,78.397,49.067,1102.978,,31616.824,1370.289,39279.259,,,,,,1.951,0.0,,,0.262,2.213,0.0,0.0,,,4.135,40328.84,5.021,99.563,66.974,1400.758,40152.662,,,340244090352.0,,5.271,6.785,4.78,95.456,,2736.229,69.335,1987.492,,-0.307,0.385,-0.017,5.419,55.925,155.348,,2.213,63.436,-0.405,0.437,-0.025,6.147,176.21,,,,,0.0,0.0,0.0,0.0,0.0,,6.939,14.381,13.128,202.324,,5799.609,4.222,121.015,,7.51,-1.132,0.052,-0.008,0.728,,,20.862,,34885808.0,1406.904,63.436,,-0.405,0.437,-0.025,6.147,176.21,,,0.0,0.0,0.0,0.0,0.0,,,0.0,0.0,0.0,0.0,0.0
POL,Poland,1979,3.517,48.188,-10.279,-7.127,-8.815,-0.372,1.487,20.925,,,,,,,,,,1.206,78.18,13.305,1116.282,,31704.261,1418.476,40287.037,,,,,,1.807,0.0,,,0.24,2.047,0.0,0.0,,,4.276,40552.677,1.527,99.602,21.386,1422.144,40391.214,,,333915684795.0,,4.304,6.973,4.108,99.564,,2827.768,62.208,1766.809,,-7.381,0.352,-0.4,5.019,51.322,142.561,,2.047,58.138,-7.501,0.398,-0.461,5.686,161.495,,,,,0.0,0.0,0.0,0.0,0.0,,1.964,14.448,3.973,206.297,,5859.185,3.85,109.333,,6.816,-8.397,0.047,-0.061,0.667,,,18.934,,35209248.0,1427.829,58.138,,-7.501,0.398,-0.461,5.686,161.495,,,0.0,0.0,0.0,0.0,0.0,,,0.0,0.0,0.0,0.0,0.0
POL,Poland,1980,-23.557,-334.147,-15.067,-9.373,26.075,1.004,4.712,67.277,,,,,,,,,,5.898,79.066,65.837,1182.12,,33261.954,1084.329,30510.345,,,,,,2.349,0.0,,,0.248,2.597,0.0,0.0,,,4.593,42068.599,4.623,99.517,65.749,1487.894,41865.651,,,325503268384.0,,2.471,6.824,2.46,102.024,,2870.698,52.835,1486.653,,29.994,0.436,1.506,6.525,66.095,183.598,,2.597,73.073,26.869,0.483,1.528,7.214,202.981,,,,,0.0,0.0,0.0,0.0,0.0,,-1.235,13.628,-2.548,203.749,,5732.999,4.853,136.559,,6.978,3.333,0.046,0.022,0.689,,,19.384,,35539724.0,1495.106,73.073,,26.869,0.483,1.528,7.214,202.981,,,0.0,0.0,0.0,0.0,0.0,,,0.0,0.0,0.0,0.0,0.0
POL,Poland,1981,10.467,113.495,-11.122,-5.876,-0.273,-0.013,-9.841,-147.128,,,,,,,,,,-10.836,78.193,-128.093,1054.027,,29377.747,1197.824,33385.624,,,,,,2.137,0.0,,,0.269,2.406,0.0,0.0,,,4.374,37570.701,-9.853,99.504,-146.598,1341.296,37384.453,,,308182433224.0,,-5.677,7.139,-5.792,96.232,,2682.163,46.959,1308.836,,-9.025,0.44,-0.589,5.936,59.562,165.451,,2.406,67.06,-7.355,0.496,-0.531,6.683,186.277,,,,,0.0,0.0,0.0,0.0,0.0,,-6.239,14.172,-12.713,191.036,,5324.543,4.84,134.901,,7.498,8.468,0.055,0.058,0.747,,,20.827,,35878440.0,1347.978,67.06,,-7.355,0.496,-0.531,6.683,186.277,,,0.0,0.0,0.0,0.0,0.0,,,0.0,0.0,0.0,0.0,0.0
POL,Poland,1982,16.687,199.882,-7.839,-3.681,-30.664,-1.484,1.832,24.692,,,,,,,,,,3.514,79.485,37.042,1091.068,,30122.11,1397.706,38587.702,,,,,,1.543,0.0,,,0.269,1.812,0.0,0.0,,,4.495,37896.517,1.964,99.633,26.342,1367.638,37757.587,,,305360594449.0,,-0.042,7.008,-0.04,96.192,,2655.645,43.278,1194.814,,-27.796,0.312,-1.65,4.286,42.599,118.331,,1.812,50.025,-24.688,0.367,-1.65,5.033,138.96,,,,,0.0,0.0,0.0,0.0,0.0,,-5.58,13.141,-10.659,180.377,,4979.832,3.356,92.649,,7.427,0.0,0.054,0.0,0.747,,,20.629,,36221544.0,1372.67,50.025,,-24.688,0.367,-1.65,5.033,138.96,,,0.0,0.0,0.0,0.0,0.0,,,0.0,0.0,0.0,0.0,0.0
POL,Poland,1983,1.845,25.791,-2.234,-0.967,-11.543,-0.387,0.456,6.254,,,,,,,,,,-0.242,78.933,-2.64,1088.428,,29774.479,1423.497,38940.412,,,,,,1.675,0.0,,,0.362,2.037,0.0,0.0,,,4.302,37721.092,0.412,99.59,5.629,1373.267,37566.335,,,320511907352.0,,2.285,7.135,2.198,98.39,,2691.492,42.311,1157.444,,8.555,0.337,0.367,4.653,45.82,127.279,,2.037,55.723,12.417,0.41,0.625,5.658,154.786,,,,,0.0,0.0,0.0,0.0,0.0,,3.366,13.521,6.071,186.448,,5100.365,2.969,81.205,,9.903,34.572,0.073,0.258,1.006,,,27.507,,36555780.0,1378.924,55.723,,12.417,0.41,0.625,5.658,154.786,,,0.0,0.0,0.0,0.0,0.0,,,0.0,0.0,0.0,0.0,0.0
POL,Poland,1984,0.181,2.58,9.84,4.163,0.303,0.009,3.959,54.598,,,,,,,,,,4.272,79.17,46.497,1134.925,,30786.884,1426.077,38684.876,,,,,,1.408,0.0,,,0.345,1.753,0.0,0.0,,,4.313,38886.816,4.033,99.66,55.387,1428.653,38754.755,,,332358630804.0,,4.027,7.14,3.962,102.352,,2776.468,46.474,1260.703,,-15.94,0.273,-0.742,3.911,38.194,106.096,,1.753,47.553,-13.942,0.34,-0.789,4.869,132.092,,,,,0.0,0.0,0.0,0.0,0.0,,2.643,13.35,4.928,191.375,,5191.402,2.978,80.77,,9.359,-4.696,0.067,-0.047,0.958,,,25.997,,36863948.0,1433.522,47.553,,-13.942,0.34,-0.789,4.869,132.092,,,0.0,0.0,0.0,0.0,0.0,,,0.0,0.0,0.0,0.0,0.0
POL,Poland,1985,0.717,10.227,3.416,1.587,-0.302,-0.009,2.262,32.424,,,,,,,,,95.503,2.325,79.219,26.388,1161.314,3541.807,31273.737,1436.304,38679.091,,,131.521,133.282,0.081,1.852,0.0,1.68,,0.397,2.249,0.0,0.0,137.714,,4.365,39477.337,2.173,99.574,31.047,1459.7,39309.133,3589.23,96.782,335851095424.0,0.059,1.423,7.081,1.457,103.808,2.181,2795.517,48.062,1294.29,1.345,31.534,0.351,1.233,5.144,49.874,138.538,1.633,2.249,60.565,28.294,0.426,1.378,6.247,168.235,,,0.0,,0.0,0.0,0.0,0.0,0.0,1.22,1.673,13.273,3.201,194.577,45.242,5239.879,2.969,79.941,,10.691,15.072,0.075,0.144,1.103,,0.288,29.697,3708.583,37133860.0,1465.946,60.565,1.633,28.294,0.426,1.378,6.247,168.235,0.0,,0.0,0.0,0.0,0.0,0.0,0.0,,0.0,0.0,0.0,0.0,0.0
POL,Poland,1986,1.684,24.183,-9.213,-4.428,0.0,0.0,2.823,41.384,,,,,,,,,95.714,2.557,79.014,29.691,1191.005,3594.291,31879.585,1460.487,39092.768,,,134.281,135.966,0.063,1.549,0.0,1.622,,0.368,1.917,0.0,0.0,140.294,,4.35,40346.608,2.898,99.647,42.306,1502.006,40204.106,3639.393,96.915,346539501000.0,0.045,5.981,7.299,6.209,110.017,1.686,2944.827,43.634,1167.955,1.104,-16.361,0.285,-0.842,4.303,41.462,115.172,1.366,1.917,51.312,-14.762,0.353,-0.922,5.325,142.534,,,0.0,,0.0,0.0,0.0,0.0,0.0,1.156,3.292,13.334,6.406,200.983,43.416,5379.694,2.969,79.458,,9.85,-7.305,0.068,-0.081,1.022,,0.262,27.362,3755.241,37359520.0,1507.33,51.312,1.366,-14.762,0.353,-0.922,5.325,142.534,0.0,,0.0,0.0,0.0,0.0,0.0,0.0,,0.0,0.0,0.0,0.0,0.0
POL,Poland,1987,1.09,15.92,0.465,0.203,-20.955,-0.622,3.246,48.927,,,,,,,,,95.717,3.605,79.289,42.938,1233.943,3717.928,32866.319,1476.407,39324.373,,,139.587,141.45,0.165,1.661,0.0,1.698,,0.193,1.854,0.0,0.0,145.833,,4.552,41451.181,3.269,99.669,49.102,1551.108,41314.043,3767.55,96.995,341893091890.0,0.113,3.241,7.298,3.566,113.583,4.395,3025.313,43.837,1167.606,1.139,7.23,0.296,0.311,4.614,44.241,122.892,1.271,1.854,49.382,-3.286,0.331,-0.175,5.15,137.171,,,0.0,,0.0,0.0,0.0,0.0,0.0,1.164,1.293,13.081,2.598,203.581,45.227,5422.411,2.346,62.498,,5.141,-47.554,0.034,-0.486,0.536,,0.132,14.279,3884.288,37544332.0,1556.257,49.382,1.271,-3.286,0.331,-0.175,5.15,137.171,0.0,,0.0,0.0,0.0,0.0,0.0,0.0,,0.0,0.0,0.0,0.0,0.0
POL,Poland,1988,-0.015,-0.216,-0.757,-0.332,0.265,0.006,-1.909,-29.712,,,,,,,,,95.753,-2.753,78.607,-33.971,1199.972,3666.293,31831.744,1476.191,39159.008,,,138.21,139.933,0.097,1.793,0.0,1.626,,0.094,1.887,0.0,0.0,144.34,,4.369,40494.745,-1.921,99.657,-29.804,1521.305,40355.731,3711.999,96.946,349435199520.0,0.067,-0.698,7.389,-0.793,112.79,2.573,2992.002,43.505,1154.06,1.242,7.947,0.326,0.367,4.981,47.563,132.12,1.307,1.887,50.057,1.78,0.343,0.092,5.242,139.046,,,0.0,,0.0,0.0,0.0,0.0,0.0,1.127,2.437,13.661,4.96,208.541,43.133,5531.984,2.353,62.409,,2.494,-51.295,0.017,-0.275,0.261,,0.065,6.927,3828.915,37697360.0,1526.545,50.057,1.307,1.78,0.343,0.092,5.242,139.046,0.0,,0.0,0.0,0.0,0.0,0.0,0.0,,0.0,0.0,0.0,0.0,0.0
POL,Poland,1989,-7.698,-113.635,-7.404,-3.221,-14.462,-0.34,-3.757,-57.353,,,,,,,,,96.015,-4.447,78.044,-53.358,1146.613,3691.727,30307.598,1362.556,36015.432,,,139.668,141.474,0.115,1.609,0.0,1.691,,0.103,1.712,0.0,0.0,145.464,,4.271,38834.062,-3.738,99.676,-56.867,1464.438,38708.393,3739.464,97.257,344009604300.0,0.079,-1.836,7.536,-2.071,110.72,3.04,2926.568,40.284,1064.79,1.106,-10.262,0.304,-0.511,4.469,42.529,118.138,1.177,1.712,45.252,-9.274,0.324,-0.486,4.756,125.7,,,0.0,,0.0,0.0,0.0,0.0,0.0,1.162,-0.689,14.096,-1.437,207.104,44.697,5474.227,2.012,53.193,,2.723,9.574,0.019,0.025,0.286,,0.071,7.563,3844.941,37832568.0,1469.192,45.252,1.177,-9.274,0.324,-0.486,4.756,125.7,0.0,,0.0,0.0,0.0,0.0,0.0,0.0,,0.0,0.0,0.0,0.0,0.0
POL,Poland,1990,-14.682,-200.054,-31.349,-12.628,-33.333,-0.671,-17.638,-259.139,0.037,1.317,,0.0,,0.0,0.0,,96.965,-20.438,75.39,-234.351,912.263,3434.124,24032.116,1162.502,30624.234,133.4,0.05,130.36,132.95,0.13,1.44,0.0,2.46,0.0,0.05,1.49,0.0,0.0,134.44,,3.895,31876.894,-17.65,99.662,-258.473,1205.965,31769.204,3502.353,98.892,310673175200.0,0.097,-6.118,8.59,-6.774,103.946,3.425,2738.292,27.655,728.533,1.071,-11.933,0.325,-0.533,3.936,37.934,103.691,1.108,1.49,39.252,-14.019,0.338,-0.667,4.089,107.715,-0.78,-1.04,0.0,,0.0,0.0,0.0,0.0,0.0,1.83,-8.377,15.682,-17.349,189.755,64.805,4998.796,1.342,35.343,0.0,1.317,-46.602,0.013,-0.133,0.153,0.0,0.037,4.025,3541.605,37960192.0,1210.053,39.252,1.108,-14.019,0.338,-0.667,4.089,107.715,0.0,,0.0,0.0,0.0,0.0,0.0,0.0,,0.0,0.0,0.0,0.0,0.0
POL,Poland,1991,-4.223,-49.098,11.787,3.26,39.337,0.528,-2.163,-26.179,0.06,2.101,,0.0,0.0,0.0,0.0,,97.009,-0.954,76.322,-8.706,903.557,3380.779,23726.044,1113.404,29236.283,130.1,0.08,128.75,131.22,0.11,1.42,0.0,2.36,0.0,0.08,1.5,0.0,0.0,132.72,,4.058,31086.733,-2.179,99.646,-26.279,1179.686,30976.764,3445.637,98.87,291725469755.0,0.083,-6.751,8.187,-7.017,96.929,2.888,2545.21,30.915,811.781,1.07,0.565,0.334,0.022,3.958,37.287,103.94,1.13,1.5,39.388,2.446,0.354,0.1,4.189,109.994,-2.014,-2.62,0.0,,0.0,0.0,0.0,0.0,0.0,1.778,-5.563,15.137,-10.556,179.2,61.97,4705.51,1.869,49.087,0.0,2.101,50.909,0.019,0.078,0.231,0.0,0.06,6.054,3485.025,38082940.0,1183.874,39.388,1.13,2.446,0.354,0.1,4.189,109.994,0.0,,0.0,0.0,0.0,0.0,0.0,0.0,,0.0,0.0,0.0,0.0,0.0
POL,Poland,1992,-2.68,-29.838,-3.702,-1.145,6.959,0.13,-4.375,-51.794,0.084,2.88,,0.0,0.0,0.0,0.0,,96.855,-3.322,77.162,-30.016,873.541,3313.822,22869.026,1083.566,28367.391,126.66,0.11,126.58,129.07,0.1,1.51,0.0,2.39,0.0,0.11,1.62,0.0,0.0,130.69,,3.747,29637.488,-4.416,99.603,-52.099,1127.587,29519.848,3379.009,98.76,302141007963.0,0.077,-6.866,7.974,-6.655,90.274,2.618,2363.351,29.77,779.382,1.155,5.754,0.37,0.228,4.186,39.531,109.591,1.24,1.62,42.411,7.294,0.397,0.306,4.494,117.663,-3.182,-4.03,0.0,,0.0,0.0,0.0,0.0,0.0,1.829,-8.61,14.466,-15.429,163.771,62.569,4287.471,1.999,52.345,0.0,2.88,33.735,0.027,0.078,0.308,0.0,0.084,8.072,3421.42,38197588.0,1132.081,42.411,1.24,7.294,0.397,0.306,4.494,117.663,0.0,,0.0,0.0,0.0,0.0,0.0,0.0,,0.0,0.0,0.0,0.0,0.0
POL,Poland,1993,-3.283,-35.577,27.781,8.27,52.707,1.054,-0.046,-0.525,0.046,1.567,,0.0,0.0,0.0,0.0,,96.881,-1.151,76.31,-10.054,863.487,3333.303,22544.572,1047.989,27361.676,129.37,0.06,127.67,130.23,0.1,1.49,0.0,2.46,0.0,0.06,1.55,0.0,0.0,131.78,,3.574,29543.492,-0.03,99.62,-0.333,1127.254,29431.176,3400.141,98.824,316590917458.0,0.076,5.046,8.38,4.555,94.829,2.611,2475.874,38.041,993.203,1.131,-1.261,0.365,-0.053,4.133,38.902,107.916,1.176,1.55,40.469,-4.265,0.38,-0.192,4.303,112.34,-1.863,-2.41,0.0,,0.0,0.0,0.0,0.0,0.0,1.867,3.154,14.93,5.166,168.937,64.228,4410.73,3.053,79.718,0.0,1.567,-45.045,0.015,-0.139,0.169,0.0,0.046,4.424,3440.61,38301348.0,1131.556,40.469,1.176,-4.265,0.38,-0.192,4.303,112.34,0.0,,0.0,0.0,0.0,0.0,0.0,0.0,,0.0,0.0,0.0,0.0,0.0
POL,Poland,1994,-0.074,-0.78,-5.246,-1.996,2.041,0.062,-4.304,-48.707,0.038,1.302,,0.0,0.0,0.0,0.0,,96.324,-6.868,74.266,-59.3,804.187,3344.407,20948.121,1047.209,27278.549,130.61,0.05,128.39,131.51,0.15,1.73,0.0,2.97,0.0,0.05,1.78,0.0,0.0,133.29,,3.22,28206.911,-4.379,99.542,-49.36,1077.894,28077.847,3425.679,98.665,336238449772.0,0.113,0.762,8.824,0.723,95.552,3.907,2489.018,36.045,938.936,1.298,16.465,0.445,0.681,4.814,45.064,125.396,1.335,1.78,46.367,15.171,0.458,0.653,4.956,129.086,-2.052,-2.68,0.0,,0.0,0.0,0.0,0.0,0.0,2.228,5.456,16.452,9.217,178.154,77.365,4640.708,3.116,81.158,0.0,1.302,-16.393,0.013,-0.028,0.142,0.0,0.038,3.69,3472.046,38389468.0,1082.848,46.367,1.335,15.171,0.458,0.653,4.956,129.086,0.0,,0.0,0.0,0.0,0.0,0.0,0.0,,0.0,0.0,0.0,0.0,0.0
POL,Poland,1995,2.406,25.2,2.255,0.813,-8.0,-0.249,2.356,25.508,0.051,1.82,,0.0,0.0,0.0,0.0,,96.147,1.701,73.791,13.677,817.863,3426.278,21266.07,1072.409,27884.732,134.25,0.07,131.77,135.09,0.26,1.89,0.0,3.06,0.0,0.07,1.96,0.0,0.0,137.05,,3.052,28819.439,2.322,99.51,25.033,1102.927,28678.257,3512.605,98.57,363194527137.0,0.19,9.479,9.438,9.057,104.609,6.761,2720.041,36.858,958.38,1.379,8.886,0.473,0.428,5.242,49.144,136.294,1.43,1.96,50.964,9.585,0.49,0.475,5.431,141.205,-2.086,-2.8,0.0,,0.0,0.0,0.0,0.0,0.0,2.233,1.291,16.281,2.299,180.453,79.566,4692.146,2.866,74.531,0.0,1.82,31.373,0.017,0.044,0.186,0.0,0.051,4.839,3563.569,38458640.0,1108.356,50.964,1.43,9.585,0.49,0.475,5.431,141.205,0.0,,0.0,0.0,0.0,0.0,0.0,0.0,,0.0,0.003,0.003,0.0,0.072
POL,Poland,1996,-0.874,-9.371,-0.916,-0.338,8.993,0.258,4.98,55.192,0.092,3.376,,0.0,0.0,0.0,0.0,,95.956,2.359,71.948,19.291,837.154,3518.077,21738.82,1063.038,27604.44,138.07,0.13,135.48,139.13,0.32,1.93,0.0,3.33,0.0,0.13,2.06,0.0,0.0,141.19,,2.992,30214.454,4.977,99.507,54.89,1157.816,30065.598,3612.859,98.541,388887519203.0,0.227,5.008,9.441,5.239,109.848,8.31,2852.487,36.52,948.34,1.367,2.332,0.461,0.122,5.364,50.117,139.287,1.459,2.06,53.493,5.575,0.493,0.303,5.733,148.88,-2.26,-3.12,0.0,,0.0,0.0,0.0,0.0,0.0,2.359,16.824,18.118,30.36,210.813,86.472,5474.291,3.124,81.126,0.0,3.376,98.507,0.032,0.183,0.369,0.0,0.092,9.594,3666.352,38509672.0,1163.549,53.493,1.459,5.575,0.493,0.303,5.733,148.88,0.0,,0.0,0.0,0.0,0.0,0.0,0.0,-100.0,0.0,-0.003,0.0,0.0,0.0
POL,Poland,1997,1.751,18.617,2.037,0.744,19.672,0.615,-0.982,-11.43,0.121,4.41,,0.0,0.0,0.0,0.0,,95.601,-2.413,70.909,-20.199,816.955,3495.669,21194.946,1081.655,28062.256,138.76,0.17,134.74,138.81,0.22,1.96,0.0,3.85,0.0,0.17,2.13,0.0,0.0,140.94,,2.757,29890.352,-1.004,99.486,-11.619,1146.198,29736.73,3601.26,98.489,417946654212.0,0.156,-0.294,9.506,-0.324,109.525,5.708,2841.492,37.264,966.77,1.391,1.554,0.473,0.083,5.447,50.85,141.322,1.511,2.13,55.26,3.295,0.514,0.189,5.922,153.645,-1.571,-2.18,0.0,,0.0,0.0,0.0,0.0,0.0,2.732,4.224,19.071,8.904,219.717,99.884,5700.292,3.739,96.997,0.0,4.41,27.068,0.041,0.1,0.469,0.0,0.121,12.179,3656.521,38544840.0,1152.119,55.26,1.511,3.295,0.514,0.189,5.922,153.645,0.0,,0.0,0.0,0.0,0.0,0.0,0.0,,0.0,0.006,0.006,0.0,0.144
POL,Poland,1998,-13.609,-147.201,1.388,0.517,23.333,0.872,-4.203,-48.425,0.156,5.705,,0.0,0.0,0.0,0.0,,95.354,-9.894,66.697,-80.83,736.126,3480.69,19088.332,934.454,24231.13,137.3,0.22,134.23,138.24,0.31,2.31,0.0,3.7,0.0,0.22,2.53,0.0,0.0,140.77,,2.501,28619.652,-4.322,99.362,-49.539,1096.659,28437.223,3584.673,98.203,441376087002.0,0.22,1.029,10.026,1.127,110.651,8.039,2869.277,37.781,979.698,1.641,17.746,0.581,0.967,6.414,59.9,166.317,1.797,2.53,65.605,18.809,0.638,1.114,7.036,182.452,-2.527,-3.47,0.0,,0.0,0.0,0.0,0.0,0.0,2.628,13.729,22.64,30.164,249.881,95.944,6479.614,4.611,119.57,0.0,5.705,30.178,0.055,0.142,0.611,0.0,0.156,15.847,3650.277,38564192.0,1103.694,65.605,1.797,18.809,0.638,1.114,7.036,182.452,0.0,,0.0,0.0,0.0,0.0,0.0,0.0,100.0,0.001,0.006,0.011,0.0,0.288
POL,Poland,1999,-3.247,-30.341,-4.507,-1.703,21.622,0.997,-1.942,-21.439,0.136,4.926,,0.0,0.0,0.0,0.0,,95.243,-4.061,65.256,-29.893,706.233,3457.023,18311.447,904.113,23442.127,135.06,0.19,133.33,137.65,0.62,2.15,0.0,3.7,0.0,0.19,2.34,0.0,0.0,139.99,,2.321,28061.05,-1.909,99.396,-20.936,1075.722,27891.674,3569.033,98.328,466287219981.0,0.443,-2.639,9.954,-2.92,107.731,16.076,2793.292,36.078,935.455,1.536,-6.67,0.553,-0.428,5.986,55.746,155.21,1.672,2.34,60.672,-7.146,0.604,-0.503,6.533,169.398,-3.65,-4.93,0.0,,0.0,0.0,0.0,0.0,0.0,2.643,4.753,24.186,11.877,261.757,95.935,6786.935,5.608,145.409,0.0,4.926,-12.273,0.05,-0.075,0.536,0.0,0.136,13.9,3629.705,38567868.0,1082.255,60.672,1.672,-7.146,0.604,-0.503,6.533,169.398,0.0,,0.0,0.0,0.0,0.0,0.0,0.0,0.0,0.001,0.0,0.011,0.0,0.288
POL,Poland,2000,-7.518,-67.974,6.807,2.456,44.932,2.52,-6.024,-65.2,0.154,5.706,,0.0,0.0,0.0,0.0,801.858,94.909,-7.38,64.315,-52.119,654.114,3524.42,16965.009,836.138,21685.943,136.81,0.22,135.89,140.85,0.93,2.11,0.0,4.03,0.0,0.22,2.33,0.0,0.0,143.18,114.81,2.066,26378.156,-6.056,99.363,-65.145,1010.578,26210.17,3653.062,98.373,492195498802.0,0.65,7.519,11.389,8.1,115.831,24.12,3004.182,38.534,999.424,1.474,-2.274,0.575,-0.136,5.85,54.725,151.725,1.627,2.33,60.43,-0.85,0.637,-0.056,6.478,168.007,-4.656,-6.37,0.0,,0.0,0.0,0.0,0.0,0.0,2.815,-8.071,23.66,-21.126,240.631,104.521,6240.979,8.128,210.804,0.0,5.706,14.508,0.06,0.078,0.614,0.0,0.154,15.922,3713.492,38556700.0,1017.055,60.43,1.627,-0.85,0.637,-0.056,6.478,168.007,0.0,,0.0,0.0,0.0,0.0,0.0,0.0,25.0,0.001,0.003,0.014,0.0,0.36
POL,Poland,2001,0.225,1.877,5.392,2.078,12.938,1.052,-0.709,-7.207,0.306,11.42,,0.0,0.0,0.0,0.0,798.358,93.912,-1.178,64.01,-7.706,646.408,3503.023,16776.945,838.016,21749.928,136.99,0.44,134.97,140.94,1.36,2.33,0.0,4.61,0.0,0.44,2.78,0.0,0.01,143.72,114.74,2.007,26209.677,-0.832,99.239,-8.409,1002.168,26010.361,3657.968,98.066,503090257996.0,0.946,4.186,11.95,4.849,120.68,35.298,3132.135,40.612,1054.054,1.621,9.682,0.635,0.566,6.416,60.473,166.532,1.934,2.78,72.152,18.565,0.761,1.203,7.68,199.337,-4.913,-6.73,0.0,,0.0,0.0,0.0,0.0,0.0,3.208,-2.307,23.279,-5.552,235.08,119.648,6101.281,9.18,238.247,0.0,11.42,99.6,0.121,0.611,1.225,0.0,0.306,31.802,3730.121,38529584.0,1009.848,72.152,1.934,18.565,0.761,1.203,7.68,199.337,0.0,,0.0,0.0,0.0,0.0,0.0,0.007,178.182,0.004,0.025,0.039,0.26,1.003
POL,Poland,2002,-0.395,-3.309,2.209,0.897,-9.578,-0.879,-1.077,-10.875,0.302,11.172,,0.0,0.0,0.0,0.0,796.196,93.298,-1.893,63.482,-12.237,634.171,3454.006,16476.852,834.707,21687.095,135.42,0.43,132.94,139.72,2.2,2.28,0.0,4.58,0.0,0.43,2.77,0.0,0.06,142.49,113.45,1.928,25955.01,-1.076,99.241,-10.781,991.387,25757.909,3630.162,98.056,518231141552.0,1.544,-2.538,11.774,-3.063,117.616,57.16,3055.878,41.509,1078.481,1.6,-2.611,0.626,-0.168,6.249,59.238,162.356,1.944,2.77,71.969,-1.216,0.759,-0.093,7.587,197.122,-5.221,-7.07,0.0,,0.0,0.0,0.0,0.0,0.0,3.214,1.922,23.984,4.519,239.599,118.996,6225.18,8.3,215.657,0.0,11.172,-4.449,0.117,-0.055,1.171,0.0,0.302,30.42,3702.131,38488640.0,998.973,71.969,1.944,-1.216,0.759,-0.093,7.587,197.122,0.0,,0.0,0.0,0.0,0.0,0.0,0.042,332.903,0.017,0.129,0.167,1.559,4.346
POL,Poland,2003,-0.478,-3.986,1.18,0.49,9.872,0.819,3.474,34.705,0.307,11.966,,0.032,0.328,0.328,8.521,799.68,93.767,2.953,63.162,18.724,652.895,3659.036,16984.002,830.72,21609.807,139.85,0.46,140.66,147.76,2.42,1.67,0.0,4.68,0.0,0.46,2.25,0.0,0.12,150.01,119.96,1.908,26889.421,3.615,99.375,35.835,1027.222,26721.465,3843.731,98.5,541817882343.0,1.613,11.346,12.669,13.345,130.962,62.952,3406.755,41.999,1092.541,1.113,-27.148,0.44,-1.696,4.552,43.442,118.423,1.5,2.25,58.53,-14.888,0.625,-1.13,6.457,167.978,-7.265,-10.16,0.0,,0.0,0.0,0.0,0.0,0.0,3.12,1.571,23.543,3.765,243.364,121.742,6330.709,9.12,237.236,0.0,11.966,5.874,0.12,0.069,1.24,0.0,0.307,32.246,3902.261,38441820.0,1033.678,58.53,1.5,-14.888,0.625,-1.13,6.457,167.978,0.0,,0.0,0.0,0.0,0.0,0.0,0.08,101.976,0.033,0.171,0.338,3.122,8.788
POL,Poland,2004,-2.952,-24.524,8.703,3.655,14.171,1.292,0.652,6.739,0.644,25.521,-52.271,0.015,-0.171,0.156,4.071,793.905,92.684,-2.939,60.909,-19.186,633.71,3675.042,16503.061,806.196,20994.934,142.97,0.98,141.12,149.06,3.22,2.08,0.0,4.72,0.0,0.98,3.2,0.0,0.14,152.26,120.88,1.809,27094.522,0.459,99.185,4.718,1031.94,26873.74,3881.816,97.898,575083582288.0,2.115,5.505,13.28,7.209,138.171,83.855,3598.248,45.654,1188.933,1.366,23.802,0.542,1.084,5.636,54.167,146.772,2.102,3.2,83.334,31.304,0.815,2.021,8.479,220.804,-6.498,-9.29,0.0,,0.0,0.0,0.0,0.0,0.0,3.1,6.86,24.996,16.694,260.058,122.918,6772.431,10.412,271.153,0.0,25.521,85.711,0.221,1.062,2.302,0.0,0.644,59.95,3965.15,38399556.0,1040.418,83.334,2.102,31.304,0.815,2.021,8.479,220.804,0.0,,0.0,0.0,0.0,0.0,0.0,0.092,13.787,0.037,0.047,0.384,3.646,10.01
POL,Poland,2005,0.072,0.58,-1.05,-0.48,-4.82,-0.502,2.188,22.764,0.974,39.355,266.949,0.054,0.417,0.574,14.952,788.004,91.506,1.154,60.293,7.313,641.023,3697.781,16706.829,806.776,21026.802,143.86,1.51,141.88,151.2,5.16,2.2,0.0,4.16,0.0,1.51,3.85,0.0,0.14,155.05,122.18,1.769,27709.411,1.969,98.973,20.321,1052.261,27424.8,3940.686,97.517,600855178985.0,3.328,2.979,13.383,4.116,142.287,134.484,3708.398,45.175,1177.384,1.419,5.047,0.557,0.284,5.92,57.338,154.302,2.483,3.85,100.342,28.805,1.027,2.442,10.921,284.634,-7.778,-11.19,0.0,,0.0,0.0,0.0,0.0,0.0,2.683,3.419,25.297,8.892,268.95,108.421,7009.573,9.91,258.288,0.0,39.355,76.533,0.382,1.762,4.064,0.0,0.974,105.915,4041.027,38368956.0,1063.181,100.342,2.483,28.805,1.027,2.442,10.921,284.634,0.0,,0.0,0.0,0.0,0.0,0.0,0.09,-5.531,0.034,-0.021,0.363,3.649,9.464
POL,Poland,2006,-1.907,-15.383,-0.103,-0.046,-5.771,-0.572,4.926,52.369,1.24,51.884,82.375,0.094,0.473,1.046,27.279,788.408,91.624,4.144,59.843,26.561,667.584,3832.933,17405.66,791.393,20633.675,149.46,1.99,147.01,156.16,4.58,2.04,0.0,4.57,0.0,1.99,4.29,0.0,0.26,160.45,126.5,1.732,29085.292,4.825,98.878,50.775,1103.036,28759.006,4071.497,97.326,644043368313.0,2.854,1.136,12.9,1.616,143.903,119.412,3751.935,45.128,1176.617,1.271,-7.807,0.489,-0.462,5.458,53.188,142.309,2.674,4.29,111.851,14.598,1.122,1.594,12.515,326.309,-7.353,-10.99,0.0,,0.0,0.0,0.0,0.0,0.0,2.848,8.402,26.135,22.598,291.548,119.152,7601.411,9.338,243.474,0.0,51.884,31.074,0.477,1.263,5.327,0.0,1.24,138.88,4183.348,38354444.0,1115.55,111.851,2.674,14.598,1.122,1.594,12.515,326.309,0.0,,0.0,0.0,0.0,0.0,0.0,0.162,88.437,0.061,0.321,0.684,6.779,17.841
POL,Poland,2007,-8.167,-64.637,0.421,0.19,-8.848,-0.826,-0.322,-3.597,1.615,66.748,6.798,0.1,0.071,1.117,29.134,783.294,90.852,-2.534,58.516,-16.914,650.67,3754.823,16965.159,726.756,18948.965,153.16,2.56,144.01,153.08,4.48,2.35,0.0,4.59,0.0,2.56,5.43,0.0,0.52,158.51,124.16,1.598,28992.342,-0.6,98.603,-6.621,1096.415,28587.199,3991.308,96.574,695923528545.0,2.826,0.027,12.945,0.039,143.942,116.809,3753.051,45.319,1181.608,1.483,14.461,0.562,0.789,6.248,61.272,162.893,3.426,5.43,141.578,24.163,1.397,3.024,15.539,405.167,-3.493,-5.35,0.0,,0.0,0.0,0.0,0.0,0.0,2.896,3.517,27.142,10.254,301.802,119.677,7868.988,8.512,221.937,0.0,66.748,27.435,0.61,1.461,6.788,0.0,1.615,176.987,4132.886,38353340.0,1111.953,141.578,3.426,24.163,1.397,3.024,15.539,405.167,0.0,,0.0,0.0,0.0,0.0,0.0,0.328,102.632,0.125,0.702,1.387,13.558,36.152
POL,Poland,2008,-2.527,-18.368,-5.308,-2.406,3.991,0.34,1.695,18.851,2.341,94.377,353.818,0.448,3.953,5.071,132.202,777.225,89.815,-1.304,56.79,-8.488,642.182,3621.002,16742.358,708.389,18468.404,153.97,3.62,138.89,148.03,4.68,2.15,0.0,4.46,0.0,3.62,6.61,0.0,0.84,154.64,120.19,1.544,29481.213,1.083,98.009,11.879,1108.294,28894.333,3859.291,95.726,732389053771.0,3.026,8.68,13.834,12.494,156.436,122.012,4078.458,42.913,1118.787,1.39,-9.029,0.503,-0.564,5.683,56.053,148.172,4.274,6.61,172.329,44.868,1.991,6.972,22.512,586.903,-0.435,-0.67,0.0,,0.0,0.0,0.0,0.0,0.0,2.884,2.608,27.385,7.872,309.674,116.277,8073.518,8.852,230.775,0.0,94.377,40.659,0.844,2.76,9.548,0.0,2.341,248.926,4031.621,38356784.0,1130.805,172.329,4.274,44.868,1.991,6.972,22.512,586.903,0.0,,0.0,0.0,0.0,0.0,0.0,0.543,59.349,0.195,0.823,2.209,21.9,57.603
POL,Poland,2009,-7.36,-52.135,-0.27,-0.116,-12.671,-1.122,-3.603,-40.745,3.462,136.369,42.076,0.661,2.134,7.204,187.852,767.423,88.279,-6.121,55.307,-39.308,602.875,3477.792,15719.556,656.253,17111.348,148.9,5.23,133.38,142.4,4.79,2.38,0.0,4.23,0.0,5.23,8.69,0.0,1.08,151.09,115.95,1.437,28422.561,-4.349,97.25,-48.205,1060.089,27641.093,3712.982,94.248,758697737629.0,3.17,-3.509,13.848,-5.489,150.948,124.896,3935.862,42.797,1115.908,1.575,9.63,0.572,0.547,6.231,62.057,162.462,5.752,8.69,226.586,33.138,2.75,7.46,29.972,781.49,-1.471,-2.19,0.0,,0.0,0.0,0.0,0.0,0.0,2.8,-1.101,28.096,-3.408,306.266,110.294,7985.675,7.73,201.558,0.0,136.369,43.601,1.258,4.163,13.711,0.0,3.462,357.504,3939.568,38351924.0,1090.06,226.586,5.752,33.138,2.75,7.46,29.972,781.49,0.0,,0.0,0.0,0.0,0.0,0.0,0.715,27.88,0.259,0.616,2.825,28.16,73.672
POL,Poland,2010,-1.839,-12.07,0.355,0.152,4.058,0.314,6.574,71.657,4.013,164.363,3.095,0.639,0.223,7.427,193.778,759.236,86.949,6.245,55.136,37.648,640.523,3561.46,16710.858,644.183,16806.334,155.65,6.3,136.51,146.12,4.8,2.92,0.0,4.81,0.0,6.3,10.88,0.0,1.66,157.0,119.2,1.466,30308.459,6.208,96.917,65.811,1125.9,29374.021,3812.179,93.07,792188925741.0,3.057,7.538,13.973,11.379,162.326,125.229,4234.997,42.949,1120.517,1.86,22.193,0.655,1.383,7.614,76.181,198.632,6.93,10.88,283.852,19.505,3.083,5.846,35.818,934.462,-0.867,-1.35,0.0,,0.0,0.0,0.0,0.0,0.0,3.064,5.48,27.808,16.784,323.05,125.49,8428.166,8.044,209.858,0.0,164.363,19.89,1.415,2.727,16.438,0.0,4.013,428.86,4096.031,38329784.0,1161.717,283.852,6.93,19.505,3.083,5.846,35.818,934.462,0.0,,0.0,0.0,0.0,0.0,0.0,1.057,53.555,0.373,1.513,4.339,43.308,113.193
POL,Poland,2011,0.595,3.834,4.248,1.824,-3.268,-0.263,0.493,5.722,4.662,198.502,6.069,0.675,0.451,7.878,205.769,750.322,85.737,-0.204,54.754,-1.305,639.218,3650.342,16695.516,648.017,16925.318,157.77,7.6,139.76,149.88,5.82,2.33,0.0,4.3,0.0,7.6,13.13,0.0,3.2,163.01,122.31,1.39,30491.913,-0.034,96.409,-0.385,1125.515,29396.916,3914.663,91.945,839855970229.0,3.57,1.355,14.093,2.199,164.525,152.011,4297.181,44.774,1169.426,1.429,-20.624,0.518,-1.57,6.043,60.856,157.843,8.055,13.13,342.938,17.051,3.591,6.107,41.925,1095.022,-3.321,-5.24,0.0,,0.0,0.0,0.0,0.0,0.0,2.638,-0.396,27.562,-1.279,321.771,112.31,8404.219,7.781,203.227,0.0,198.502,19.826,1.687,3.259,19.697,0.0,4.662,514.464,4257.6,38286824.0,1167.439,342.938,8.055,17.051,3.591,6.107,41.925,1095.022,0.0,,0.0,0.001,0.001,0.0,0.014,1.963,91.434,0.711,3.967,8.306,83.58,216.932
POL,Poland,2012,3.769,24.427,1.479,0.662,7.613,0.592,-3.045,-35.547,6.243,263.949,10.913,0.772,0.86,8.738,228.58,733.651,83.258,-6.793,52.637,-43.421,595.797,3520.284,15585.769,672.443,17590.778,158.79,10.09,134.57,144.75,6.26,2.04,0.0,3.92,0.0,10.09,16.88,0.0,4.75,161.63,118.58,1.326,29609.704,-4.073,95.387,-45.838,1079.677,28243.803,3786.587,89.556,853353458295.0,3.873,5.877,15.39,9.668,174.194,163.758,4556.821,45.436,1188.579,1.262,-13.179,0.464,-0.796,5.247,53.365,137.254,10.444,16.88,441.572,24.545,4.613,10.29,52.215,1365.924,-1.789,-2.84,0.0,,0.0,0.0,0.0,0.0,0.0,2.425,-3.756,27.36,-12.086,309.685,102.545,8101.213,8.373,219.041,0.0,263.949,32.001,2.297,6.303,26.0,0.0,6.243,680.16,4228.16,38227032.0,1131.891,441.572,10.444,24.545,4.613,10.29,52.215,1365.924,0.0,445.455,0.0,0.002,0.003,0.0,0.074,2.939,47.215,1.08,3.921,12.227,124.258,319.856
POL,Poland,2013,-1.142,-7.678,-2.141,-0.973,43.058,3.605,0.284,3.214,5.259,225.903,-2.644,0.749,-0.231,8.507,222.938,734.061,84.022,4.2,54.693,25.025,620.822,3609.2,16269.773,664.765,17421.364,159.39,8.62,137.72,146.85,5.27,2.44,0.0,3.86,0.0,8.62,17.06,0.0,6.0,163.91,120.32,1.312,29747.467,0.299,95.401,3.228,1082.905,28379.456,3848.468,89.592,865215219791.0,3.215,-0.051,15.338,-0.089,174.104,138.11,4562.716,44.463,1165.234,1.489,19.014,0.55,0.998,6.244,63.945,163.647,10.408,17.06,447.088,-0.026,4.599,-0.014,52.202,1368.035,-2.836,-4.52,0.0,,0.0,0.0,0.0,0.0,0.0,2.355,-7.01,25.37,-21.708,287.977,101.158,7546.967,11.979,313.922,0.0,225.903,-15.099,1.945,-3.926,22.075,0.0,5.259,578.506,4295.556,38158044.0,1135.105,447.088,10.408,-0.026,4.599,-0.014,52.202,1368.035,0.0,35.294,0.0,0.001,0.004,0.0,0.1,3.661,25.718,1.354,3.145,15.372,157.241,402.843
POL,Poland,2014,-5.47,-36.363,-2.532,-1.126,0.171,0.02,-3.721,-42.24,6.301,262.004,-4.891,0.74,-0.416,8.091,212.406,718.714,81.778,-7.373,52.618,-45.774,575.049,3400.27,15096.681,628.403,16497.363,160.55,9.98,129.52,138.53,5.33,2.18,0.0,3.68,0.0,9.98,19.85,0.01,7.68,158.38,113.83,1.223,28690.844,-4.491,94.638,-48.633,1034.272,27152.592,3636.808,87.467,893604468562.0,3.365,-2.279,15.568,-3.968,170.136,139.928,4466.563,43.337,1137.726,1.376,-11.032,0.508,-0.689,5.556,57.231,145.849,12.533,19.85,521.119,12.247,5.362,6.393,58.595,1538.275,1.352,2.17,0.0,,0.0,0.0,0.0,0.0,0.0,2.324,0.385,26.452,1.109,289.086,96.611,7589.349,11.999,315.012,0.0,262.004,15.021,2.323,3.316,25.391,0.0,6.301,666.576,4157.928,38091092.0,1092.866,521.119,12.533,12.247,5.362,6.393,58.595,1538.275,0.006,364.493,0.002,0.014,0.018,0.263,0.467,4.849,27.116,1.788,4.168,19.54,201.622,512.977
POL,Poland,2015,-1.962,-12.326,-1.165,-0.505,-4.368,-0.524,0.999,10.917,6.052,261.345,-6.456,0.686,-0.522,7.568,198.991,705.431,79.469,-1.565,51.282,-9.001,566.047,3431.66,14882.646,616.076,16198.006,163.91,9.94,130.52,141.55,6.39,1.83,0.0,4.64,0.0,9.94,22.69,0.06,10.86,164.24,115.86,1.189,29020.887,0.489,94.161,5.059,1039.331,27326.306,3721.663,86.185,927975679453.0,3.891,0.501,15.491,0.852,170.988,168.007,4495.658,42.832,1126.161,1.114,-16.578,0.42,-0.921,4.635,48.115,121.852,13.815,22.69,596.57,9.998,5.839,5.858,64.453,1694.605,-0.201,-0.33,0.0,,0.0,0.0,0.0,0.0,0.0,2.825,4.569,27.387,13.208,302.295,121.996,7948.003,11.475,301.705,0.0,261.345,-2.967,2.232,-0.753,24.637,0.0,6.052,647.771,4318.233,38034076.0,1103.783,596.57,13.815,9.998,5.839,5.858,64.453,1694.605,0.037,709.839,0.013,0.126,0.144,1.578,3.791,6.612,40.575,2.489,7.928,27.468,285.533,722.199
POL,Poland,2016,-1.69,-10.413,-3.536,-1.514,9.461,1.086,4.449,49.105,4.793,209.533,-33.008,0.44,-2.498,5.07,133.466,700.343,78.463,1.7,49.933,9.622,575.669,3430.447,15153.507,605.663,15943.025,168.09,7.96,130.32,143.28,7.83,2.14,0.0,5.13,0.0,7.96,22.81,0.12,12.59,166.09,116.32,1.21,30347.763,4.92,94.585,51.13,1090.461,28704.487,3771.596,86.266,952936856735.0,4.714,6.777,15.836,11.588,182.576,206.111,4806.002,41.318,1087.626,1.288,16.067,0.467,0.745,5.379,56.332,141.597,13.734,22.81,600.433,-3.142,5.415,-2.025,62.428,1643.301,1.19,2.0,0.0,,0.0,0.0,0.0,0.0,0.0,3.089,9.898,28.816,29.92,332.215,135.038,8744.978,12.561,330.641,0.0,209.533,-18.781,1.736,-4.627,20.01,0.0,4.793,526.734,4372.03,37989220.0,1152.888,600.433,13.734,-3.142,5.415,-2.025,62.428,1643.301,0.072,116.257,0.027,0.168,0.312,3.159,8.209,7.58,15.247,2.746,4.188,31.656,331.41,833.295
POL,Poland,2017,-4.412,-26.721,-2.222,-0.918,0.0,,3.962,45.678,3.819,171.0,38.396,0.585,1.947,7.017,184.887,690.932,77.185,0.558,48.298,3.21,578.879,3455.837,15252.469,578.942,15254.103,172.22,6.49,131.16,145.8,10.03,2.56,0.0,4.61,0.0,6.49,24.13,0.17,14.91,169.93,117.41,1.199,31580.111,3.74,94.383,40.783,1131.244,29806.316,3841.576,85.8,999989649025.0,5.902,5.054,16.003,9.227,191.803,264.273,5053.687,40.4,1064.47,1.507,18.978,0.534,1.021,6.4,67.452,168.629,14.2,24.13,635.783,7.84,5.617,4.894,67.322,1773.82,1.33,2.29,0.0,,0.0,0.0,0.0,0.0,0.0,2.713,8.533,30.083,28.346,360.561,121.465,9500.16,,,0.0,171.0,-18.941,1.353,-3.79,16.22,0.0,3.819,427.369,4477.359,37953176.0,1198.566,635.783,14.2,7.84,5.617,4.894,67.322,1773.82,0.1,32.282,0.034,0.101,0.413,4.479,10.869,8.774,17.741,3.11,5.616,37.273,392.852,982.066
POL,Poland,2018,-5.04,-29.18,-1.453,-0.587,0.0,,1.17,14.025,3.865,172.725,50.88,0.873,3.57,10.587,279.19,697.622,77.031,0.051,47.763,0.296,579.175,3442.894,15272.984,549.762,14497.335,175.18,6.55,130.56,147.87,12.63,1.97,0.0,4.68,0.0,6.55,21.62,0.3,12.8,169.49,118.24,1.151,31976.253,1.506,94.696,17.033,1148.277,30280.309,3899.362,87.244,1053479356812.0,7.452,3.888,16.433,7.457,199.261,333.056,5254.546,39.813,1049.878,1.162,-23.497,0.404,-1.504,4.896,51.949,129.114,12.756,21.62,570.124,-4.468,5.304,-3.008,64.314,1695.969,3.248,5.69,0.0,,0.0,0.0,0.0,0.0,0.0,2.761,2.574,30.5,9.28,369.841,123.413,9752.779,,,0.0,172.725,0.335,1.342,0.054,16.274,0.0,3.865,429.156,4469.486,37921584.0,1212.59,570.124,12.756,-4.468,5.304,-3.008,64.314,1695.969,0.177,80.755,0.061,0.333,0.746,7.911,19.662,7.552,-14.655,2.623,-5.462,31.81,337.539,838.847
POL,Poland,2019,-5.628,-30.941,0.098,0.039,0.0,,-2.984,-36.182,4.711,202.704,8.005,0.972,0.847,11.435,301.807,670.94,72.461,-10.894,43.869,-63.097,516.078,3118.157,13621.25,518.821,13693.632,173.66,7.68,118.14,137.58,14.8,1.96,0.0,4.64,0.0,7.68,25.46,0.71,15.11,163.04,109.39,,31049.816,-4.035,93.67,-46.334,1101.944,29084.417,3631.251,84.384,,9.078,4.831,17.756,9.627,208.888,390.627,5513.335,39.852,1051.842,1.202,-1.178,0.411,-0.058,4.839,51.732,127.707,15.616,25.46,671.985,15.785,6.33,10.152,74.466,1965.423,6.115,10.62,0.0,,0.0,0.0,0.0,0.0,0.0,2.846,1.93,32.045,7.136,376.977,122.467,9949.833,,,0.0,202.704,16.901,1.617,2.75,19.025,0.0,4.711,502.134,4303.236,37887768.0,1176.408,671.985,15.616,15.785,6.33,10.152,74.466,1965.423,0.435,136.018,0.15,1.014,1.76,18.74,46.447,9.268,17.596,3.18,5.597,37.408,398.809,987.328
POL,Poland,2020,-9.842,-51.062,-1.442,-0.575,0.0,,-5.245,-61.704,5.314,220.627,-5.431,0.97,-0.621,10.814,285.726,647.321,68.347,-10.146,41.6,-52.363,463.716,2837.771,12252.51,467.759,12359.332,170.41,8.35,107.4,128.91,17.29,2.12,0.0,4.22,0.0,8.35,28.23,1.96,15.8,157.14,101.72,,29453.211,-6.031,92.893,-66.463,1035.48,27359.926,3406.118,82.035,,11.003,3.2,19.339,6.684,215.572,456.844,5695.95,39.277,1037.797,1.349,7.842,0.468,0.379,5.218,56.016,137.871,17.965,28.23,745.906,6.391,7.107,4.759,79.225,2093.308,7.787,13.27,0.0,,0.0,0.0,0.0,0.0,0.0,2.686,-5.514,31.954,-20.785,356.192,111.503,9411.466,,,0.0,220.627,2.421,1.748,0.461,19.485,0.0,5.314,514.85,4152.024,37846604.0,1114.704,745.906,17.965,6.391,7.107,4.759,79.225,2093.308,1.247,178.988,0.44,3.15,4.91,51.788,129.723,10.055,3.717,3.481,1.39,38.798,417.475,1025.137
POL,Poland,2021,,,,,,,,,4.63,216.419,,,,,,657.138,70.339,,,,,3287.563,,,,178.11,8.18,124.26,146.39,17.12,2.33,0.0,5.01,0.0,8.18,30.27,3.91,15.85,176.66,116.09,,,,,,,,3873.059,82.865,,9.691,,,,,452.946,,,,1.319,,,,,61.645,,17.135,30.27,800.857,,,,,,0.814,1.45,0.0,,,,,0.0,,2.836,,,,,132.55,,,,0.0,216.419,,,,,0.0,4.63,,4673.916,37797000.0,,800.857,17.135,,,,,,2.213,,,,,103.447,,8.972,,,,,419.345,
