iso_code,country,year,coal_prod_change_pct,coal_prod_change_twh,gas_prod_change_pct,gas_prod_change_twh,oil_prod_change_pct,oil_prod_change_twh,energy_cons_change_pct,energy_cons_change_twh,biofuel_share_elec,biofuel_elec_per_capita,biofuel_cons_change_pct,biofuel_share_energy,biofuel_cons_change_twh,biofuel_consumption,biofuel_cons_per_capita,carbon_intensity_elec,coal_share_elec,coal_cons_change_pct,coal_share_energy,coal_cons_change_twh,coal_consumption,coal_elec_per_capita,coal_cons_per_capita,coal_production,coal_prod_per_capita,electricity_demand,biofuel_electricity,coal_electricity,fossil_electricity,gas_electricity,hydro_electricity,nuclear_electricity,oil_electricity,other_renewable_exc_biofuel_electricity,other_renewable_electricity,renewables_electricity,solar_electricity,wind_electricity,electricity_generation,greenhouse_gas_emissions,energy_per_gdp,energy_per_capita,fossil_cons_change_pct,fossil_share_energy,fossil_cons_change_twh,fossil_fuel_consumption,fossil_energy_per_capita,fossil_cons_per_capita,fossil_share_elec,gdp,gas_share_elec,gas_cons_change_pct,gas_share_energy,gas_cons_change_twh,gas_consumption,gas_elec_per_capita,gas_energy_per_capita,gas_production,gas_prod_per_capita,hydro_share_elec,hydro_cons_change_pct,hydro_share_energy,hydro_cons_change_twh,hydro_consumption,hydro_elec_per_capita,hydro_energy_per_capita,low_carbon_share_elec,low_carbon_electricity,low_carbon_elec_per_capita,low_carbon_cons_change_pct,low_carbon_share_energy,low_carbon_cons_change_twh,low_carbon_consumption,low_carbon_energy_per_capita,net_elec_imports_share_demand,net_elec_imports,nuclear_share_elec,nuclear_cons_change_pct,nuclear_share_energy,nuclear_cons_change_twh,nuclear_consumption,nuclear_elec_per_capita,nuclear_energy_per_capita,oil_share_elec,oil_cons_change_pct,oil_share_energy,oil_cons_change_twh,oil_consumption,oil_elec_per_capita,oil_energy_per_capita,oil_production,oil_prod_per_capita,other_renewables_elec_per_capita_exc_biofuel,other_renewables_elec_per_capita,other_renewables_cons_change_pct,other_renewables_share_energy,other_renewables_cons_change_twh,other_renewable_consumption,other_renewables_share_elec_exc_biofuel,other_renewables_share_elec,other_renewables_energy_per_capita,per_capita_electricity,population,primary_energy_consumption,renewables_elec_per_capita,renewables_share_elec,renewables_cons_change_pct,renewables_share_energy,renewables_cons_change_twh,renewables_consumption,renewables_energy_per_capita,solar_share_elec,solar_cons_change_pct,solar_share_energy,solar_cons_change_twh,solar_consumption,solar_elec_per_capita,solar_energy_per_capita,wind_share_elec,wind_cons_change_pct,wind_share_energy,wind_cons_change_twh,wind_consumption,wind_elec_per_capita,wind_energy_per_capita
PRT,Portugal,1900,,,,,,,,,,,,,,,,,,,,,,,,0.244,45.206,,,,,,,,,,,,,,,,,,,,,,,,,11213300000.0,,,,,,,,,,,,,,,,,,,,,,,,,,,,,,,,,,,,,,,,,,,,,,,,,,,,,5402560.0,,,,,,,,,,,,,,,,,,,,,,
PRT,Portugal,1901,-46.667,-0.114,,,,,,,,,,,,,,,,,,,,,,0.13,23.919,,,,,,,,,,,,,,,,,,,,,,,,,11019281000.0,,,,,,,,,,,,,,,,,,,,,,,,,,,,,,,,,,,,,,,,,,,,,,,,,,,,,5445815.0,,,,,,,,,,,,,,,,,,,,,,
PRT,Portugal,1902,6.25,0.008,,,,,,,,,,,,,,,,,,,,,,0.138,25.205,,,,,,,,,,,,,,,,,,,,,,,,,11086892000.0,,,,,,,,,,,,,,,,,,,,,,,,,,,,,,,,,,,,,,,,,,,,,,,,,,,,,5490832.0,,,,,,,,,,,,,,,,,,,,,,
PRT,Portugal,1903,-52.941,-0.073,,,,,,,,,,,,,,,,,,,,,,0.065,11.761,,,,,,,,,,,,,,,,,,,,,,,,,11242689000.0,,,,,,,,,,,,,,,,,,,,,,,,,,,,,,,,,,,,,,,,,,,,,,,,,,,,,5537634.0,,,,,,,,,,,,,,,,,,,,,,
PRT,Portugal,1904,62.5,0.041,,,,,,,,,,,,,,,,,,,,,,0.106,18.95,,,,,,,,,,,,,,,,,,,,,,,,,11395971000.0,,,,,,,,,,,,,,,,,,,,,,,,,,,,,,,,,,,,,,,,,,,,,,,,,,,,,5584835.0,,,,,,,,,,,,,,,,,,,,,,
PRT,Portugal,1905,7.692,0.008,,,,,,,,,,,,,,,,,,,,,,0.114,20.235,,,,,,,,,,,,,,,,,,,,,,,,,11076705000.0,,,,,,,,,,,,,,,,,,,,,,,,,,,,,,,,,,,,,,,,,,,,,,,,,,,,,5632439.0,,,,,,,,,,,,,,,,,,,,,,
PRT,Portugal,1906,-28.571,-0.033,,,,,,,,,,,,,,,,,,,,,,0.081,14.332,,,,,,,,,,,,,,,,,,,,,,,,,11155932000.0,,,,,,,,,,,,,,,,,,,,,,,,,,,,,,,,,,,,,,,,,,,,,,,,,,,,,5680448.0,,,,,,,,,,,,,,,,,,,,,,
PRT,Portugal,1907,-10.0,-0.008,,,,,,,,,,,,,,,,,,,,,,0.073,12.789,,,,,,,,,,,,,,,,,,,,,,,,,11418385000.0,,,,,,,,,,,,,,,,,,,,,,,,,,,,,,,,,,,,,,,,,,,,,,,,,,,,,5728866.0,,,,,,,,,,,,,,,,,,,,,,
PRT,Portugal,1908,-44.444,-0.033,,,,,,,,,,,,,,,,,,,,,,0.041,7.045,,,,,,,,,,,,,,,,,,,,,,,,,11238312000.0,,,,,,,,,,,,,,,,,,,,,,,,,,,,,,,,,,,,,,,,,,,,,,,,,,,,,5777697.0,,,,,,,,,,,,,,,,,,,,,,
PRT,Portugal,1909,20.0,0.008,,,,,,,,,,,,,,,,,,,,,,0.049,8.393,,,,,,,,,,,,,,,,,,,,,,,,,11236284000.0,,,,,,,,,,,,,,,,,,,,,,,,,,,,,,,,,,,,,,,,,,,,,,,,,,,,,5819765.0,,,,,,,,,,,,,,,,,,,,,,
PRT,Portugal,1910,33.333,0.016,,,,,,,,,,,,,,,,,,,,,,0.065,11.124,,,,,,,,,,,,,,,,,,,,,,,,,11514988000.0,,,,,,,,,,,,,,,,,,,,,,,,,,,,,,,,,,,,,,,,,,,,,,,,,,,,,5854996.0,,,,,,,,,,,,,,,,,,,,,,
PRT,Portugal,1911,37.5,0.024,,,,,,,,,,,,,,,,,,,,,,0.09,15.221,,,,,,,,,,,,,,,,,,,,,,,,,11751300000.0,,,,,,,,,,,,,,,,,,,,,,,,,,,,,,,,,,,,,,,,,,,,,,,,,,,,,5883312.0,,,,,,,,,,,,,,,,,,,,,,
PRT,Portugal,1912,36.363,0.033,,,,,,,,,,,,,,,,,,,,,,0.122,20.681,,,,,,,,,,,,,,,,,,,,,,,,,11951856000.0,,,,,,,,,,,,,,,,,,,,,,,,,,,,,,,,,,,,,,,,,,,,,,,,,,,,,5904640.0,,,,,,,,,,,,,,,,,,,,,,
PRT,Portugal,1913,66.667,0.081,,,,,,,,,,,,,,,,,,,,,,0.204,34.386,,,,,,,,,,,,,,,,,,,,,,,,,11896224000.0,,,,,,,,,,,,,,,,,,,,,,,,,,,,,,,,,,,,,,,,,,,,,,,,,,,,,5918901.0,,,,,,,,,,,,,,,,,,,,,,
PRT,Portugal,1914,16.0,0.033,,,,,,,,,,,,,,,,,,,,,,0.236,39.791,,,,,,,,,,,,,,,,,,,,,,,,,11989900000.0,,,,,,,,,,,,,,,,,,,,,,,,,,,,,,,,,,,,,,,,,,,,,,,,,,,,,5933196.0,,,,,,,,,,,,,,,,,,,,,,
PRT,Portugal,1915,106.897,0.252,,,,,,,,,,,,,,,,,,,,,,0.488,82.128,,,,,,,,,,,,,,,,,,,,,,,,,11718516000.0,,,,,,,,,,,,,,,,,,,,,,,,,,,,,,,,,,,,,,,,,,,,,,,,,,,,,5947525.0,,,,,,,,,,,,,,,,,,,,,,
PRT,Portugal,1916,138.333,0.676,,,,,,,,,,,,,,,,,,,,,,1.164,195.268,,,,,,,,,,,,,,,,,,,,,,,,,11794132000.0,,,,,,,,,,,,,,,,,,,,,,,,,,,,,,,,,,,,,,,,,,,,,,,,,,,,,5961890.0,,,,,,,,,,,,,,,,,,,,,,
PRT,Portugal,1917,32.168,0.374,,,,,,,,,,,,,,,,,,,,,,1.539,257.459,,,,,,,,,,,,,,,,,,,,,,,,,11601660000.0,,,,,,,,,,,,,,,,,,,,,,,,,,,,,,,,,,,,,,,,,,,,,,,,,,,,,5976289.0,,,,,,,,,,,,,,,,,,,,,,
PRT,Portugal,1918,-2.116,-0.033,,,,,,,,,,,,,,,,,,,,,,1.506,251.397,,,,,,,,,,,,,,,,,,,,,,,,,11021829000.0,,,,,,,,,,,,,,,,,,,,,,,,,,,,,,,,,,,,,,,,,,,,,,,,,,,,,5990856.0,,,,,,,,,,,,,,,,,,,,,,
PRT,Portugal,1919,-29.73,-0.448,,,,,,,,,,,,,,,,,,,,,,1.058,175.896,,,,,,,,,,,,,,,,,,,,,,,,,11259270000.0,,,,,,,,,,,,,,,,,,,,,,,,,,,,,,,,,,,,,,,,,,,,,,,,,,,,,6016813.0,,,,,,,,,,,,,,,,,,,,,,
PRT,Portugal,1920,21.154,0.224,,,,,,,,,,,,,,,,,,,,,,1.282,211.784,,,,,,,,,,,,,,,,,,,,,,,,,11810811000.0,,,,,,,,,,,,,,,,,,,,,,,,,,,,,,,,,,,,,,,,,,,,,,,,,,,,,6054323.0,,,,,,,,,,,,,,,,,,,,,,
PRT,Portugal,1921,-9.206,-0.118,,,,,,,,,,,,,,,,,,,,,,1.164,190.736,,,,,,,,,,,,,,,,,,,,,,,,,12481976000.0,,,,,,,,,,,,,,,,,,,,,,,,,,,,,,,,,,,,,,,,,,,,,,,,,,,,,6103551.0,,,,,,,,,,,,,,,,,,,,,,
PRT,Portugal,1922,-4.895,-0.057,,,,,,,,,,,,,,,,,,,,,,1.107,179.601,,,,,,,,,,,,,,,,,,,,,,,,,14006734000.0,,,,,,,,,,,,,,,,,,,,,,,,,,,,,,,,,,,,,,,,,,,,,,,,,,,,,6164663.0,,,,,,,,,,,,,,,,,,,,,,
PRT,Portugal,1923,7.353,0.081,,,,,,,,,,,,,,,,,,,,,,1.189,190.545,,,,,,,,,,,,,,,,,,,,,,,,,14611604000.0,,,,,,,,,,,,,,,,,,,,,,,,,,,,,,,,,,,,,,,,,,,,,,,,,,,,,6237828.0,,,,,,,,,,,,,,,,,,,,,,
PRT,Portugal,1924,-11.644,-0.138,,,,,,,,,,,,,,,,,,,,,,1.05,166.384,,,,,,,,,,,,,,,,,,,,,,,,,14067900000.0,,,,,,,,,,,,,,,,,,,,,,,,,,,,,,,,,,,,,,,,,,,,,,,,,,,,,6311862.0,,,,,,,,,,,,,,,,,,,,,,
PRT,Portugal,1925,-9.69,-0.102,,,,,,,,,,,,,,,,,,,,,,0.948,148.499,,,,,,,,,,,,,,,,,,,,,,,,,14701290000.0,,,,,,,,,,,,,,,,,,,,,,,,,,,,,,,,,,,,,,,,,,,,,,,,,,,,,6386774.0,,,,,,,,,,,,,,,,,,,,,,
PRT,Portugal,1926,86.695,0.822,,,,,,,,,,,,,,,,,,,,,,1.771,273.988,,,,,,,,,,,,,,,,,,,,,,,,,14605734000.0,,,,,,,,,,,,,,,,,,,,,,,,,,,,,,,,,,,,,,,,,,,,,,,,,,,,,6462575.0,,,,,,,,,,,,,,,,,,,,,,
PRT,Portugal,1927,-11.724,-0.208,,,,,,,,,,,,,,,,,,,,,,1.563,239.028,,,,,,,,,,,,,,,,,,,,,,,,,17175326000.0,,,,,,,,,,,,,,,,,,,,,,,,,,,,,,,,,,,,,,,,,,,,,,,,,,,,,6539276.0,,,,,,,,,,,,,,,,,,,,,,
PRT,Portugal,1928,11.458,0.179,,,,,,,,,,,,,,,,,,,,,,1.742,263.292,,,,,,,,,,,,,,,,,,,,,,,,,15508317000.0,,,,,,,,,,,,,,,,,,,,,,,,,,,,,,,,,,,,,,,,,,,,,,,,,,,,,6616887.0,,,,,,,,,,,,,,,,,,,,,,
PRT,Portugal,1929,-1.168,-0.02,,,,,,,,,,,,,,,,,,,,,,1.722,257.136,,,,,,,,,,,,,,,,,,,,,,,,,17194766000.0,,,,,,,,,,,,,,,,,,,,,,,,,,,,,,,,,,,,,,,,,,,,,,,,,,,,,6696161.0,,,,,,,,,,,,,,,,,,,,,,
PRT,Portugal,1930,8.274,0.142,,,,,,,,,,,,,,,,,,,,,,1.864,275.086,,,,,,,,,,,,,,,,,,,,,,,,,16987136000.0,,,,,,,,,,,,,,,,,,,,,,,,,,,,,,,,,,,,,,,,,,,,,,,,,,,,,6777129.0,,,,,,,,,,,,,,,,,,,,,,
PRT,Portugal,1931,-6.55,-0.122,,,,,,,,,,,,,,,,,,,,,,1.742,253.968,,,,,,,,,,,,,,,,,,,,,,,,,17859400000.0,,,,,,,,,,,,,,,,,,,,,,,,,,,,,,,,,,,,,,,,,,,,,,,,,,,,,6859819.0,,,,,,,,,,,,,,,,,,,,,,
PRT,Portugal,1932,-9.346,-0.163,,,,,,,,,,,,,,,,,,,,,,1.579,227.433,,,,,,,,,,,,,,,,,,,,,,,,,18212526000.0,,,,,,,,,,,,,,,,,,,,,,,,,,,,,,,,,,,,,,,,,,,,,,,,,,,,,6944260.0,,,,,,,,,,,,,,,,,,,,,,
PRT,Portugal,1933,10.052,0.159,,,,,,,,,,,,,,,,,,,,,,1.738,247.224,,,,,,,,,,,,,,,,,,,,,,,,,19437440000.0,,,,,,,,,,,,,,,,,,,,,,,,,,,,,,,,,,,,,,,,,,,,,,,,,,,,,7030484.0,,,,,,,,,,,,,,,,,,,,,,
PRT,Portugal,1934,-1.405,-0.024,,,,,,,,,,,,,,,,,,,,,,1.714,240.761,,,,,,,,,,,,,,,,,,,,,,,,,20269188000.0,,,,,,,,,,,,,,,,,,,,,,,,,,,,,,,,,,,,,,,,,,,,,,,,,,,,,7117779.0,,,,,,,,,,,,,,,,,,,,,,
PRT,Portugal,1935,4.988,0.085,,,,,,,,,,,,,,,,,,,,,,1.799,249.67,,,,,,,,,,,,,,,,,,,,,,,,,19194560000.0,,,,,,,,,,,,,,,,,,,,,,,,,,,,,,,,,,,,,,,,,,,,,,,,,,,,,7206158.0,,,,,,,,,,,,,,,,,,,,,,
PRT,Portugal,1936,2.941,0.053,,,,,,,,,,,,,,,,,,,,,,1.852,253.861,,,,,,,,,,,,,,,,,,,,,,,,,17736540000.0,,,,,,,,,,,,,,,,,,,,,,,,,,,,,,,,,,,,,,,,,,,,,,,,,,,,,7295634.0,,,,,,,,,,,,,,,,,,,,,,
PRT,Portugal,1937,18.901,0.35,,,,,,,,,,,,,,,,,,,,,,2.202,298.142,,,,,,,,,,,,,,,,,,,,,,,,,20716196000.0,,,,,,,,,,,,,,,,,,,,,,,,,,,,,,,,,,,,,,,,,,,,,,,,,,,,,7386220.0,,,,,,,,,,,,,,,,,,,,,,
PRT,Portugal,1938,17.19,0.379,,,,,,,,,,,,,,,,,,,,,,2.581,345.109,,,,,,,,,,,,,,,,,,,,,,,,,20854080000.0,,,,,,,,,,,,,,,,,,,,,,,,,,,,,,,,,,,,,,,,,,,,,,,,,,,,,7477932.0,,,,,,,,,,,,,,,,,,,,,,
PRT,Portugal,1939,-0.158,-0.004,,,,,,,,,,,,,,,,,,,,,,2.577,340.534,,,,,,,,,,,,,,,,,,,,,,,,,21135828000.0,,,,,,,,,,,,,,,,,,,,,,,,,,,,,,,,,,,,,,,,,,,,,,,,,,,,,7566434.0,,,,,,,,,,,,,,,,,,,,,,
PRT,Portugal,1940,26.698,0.688,,,,,,,,,,,,,,,,,,,,,,3.265,426.646,,,,,,,,,,,,,,,,,,,,,,,,,19755450000.0,,,,,,,,,,,,,,,,,,,,,,,,,,,,,,,,,,,,,,,,,,,,,,,,,,,,,7651645.0,,,,,,,,,,,,,,,,,,,,,,
PRT,Portugal,1941,18.953,0.619,,,,,,,,,,,,,,,,,,,,,,3.883,502.136,,,,,,,,,,,,,,,,,,,,,,,,,21603245000.0,,,,,,,,,,,,,,,,,,,,,,,,,,,,,,,,,,,,,,,,,,,,,,,,,,,,,7733482.0,,,,,,,,,,,,,,,,,,,,,,
PRT,Portugal,1942,15.723,0.611,,,,,,,,,,,,,,,,,,,,,,4.494,575.258,,,,,,,,,,,,,,,,,,,,,,,,,21310198000.0,,,,,,,,,,,,,,,,,,,,,,,,,,,,,,,,,,,,,,,,,,,,,,,,,,,,,7811861.0,,,,,,,,,,,,,,,,,,,,,,
PRT,Portugal,1943,-19.384,-0.871,,,,,,,,,,,,,,,,,,,,,,3.623,459.349,,,,,,,,,,,,,,,,,,,,,,,,,22732584000.0,,,,,,,,,,,,,,,,,,,,,,,,,,,,,,,,,,,,,,,,,,,,,,,,,,,,,7886695.0,,,,,,,,,,,,,,,,,,,,,,
PRT,Portugal,1944,6.292,0.228,,,,,,,,,,,,,,,,,,,,,,3.851,483.619,,,,,,,,,,,,,,,,,,,,,,,,,24036439000.0,,,,,,,,,,,,,,,,,,,,,,,,,,,,,,,,,,,,,,,,,,,,,,,,,,,,,7962246.0,,,,,,,,,,,,,,,,,,,,,,
PRT,Portugal,1945,9.408,0.362,,,,,,,,,,,,,,,,,,,,,,4.213,524.098,,,,,,,,,,,,,,,,,,,,,,,,,23117288000.0,,,,,,,,,,,,,,,,,,,,,,,,,,,,,,,,,,,,,,,,,,,,,,,,,,,,,8038521.0,,,,,,,,,,,,,,,,,,,,,,
PRT,Portugal,1946,-12.947,-0.545,,,,,,,,,,,,,,,,,,,,,,3.668,451.914,,,,,,,,,,,,,,,,,,,,,,,,,24922030000.0,,,,,,,,,,,,,,,,,,,,,,,,,,,,,,,,,,,,,,,,,,,,,,,,,,,,,8115526.0,,,,,,,,,,,,,,,,,,,,,,
PRT,Portugal,1947,-5.882,-0.216,,,,,,,,,,,,,,,,,,,,,,3.452,421.295,,,,,,,,,,,,,,,,,,,,,,,,,27012083000.0,,,,,,,,,,,,,,,,,,,,,,,,,,,,,,,,,,,,,,,,,,,,,,,,,,,,,8193270.0,,,,,,,,,,,,,,,,,,,,,,
PRT,Portugal,1948,3.42,0.118,,,,,,,,,,,,,,,,,,,,,,3.57,431.569,,,,,,,,,,,,,,,,,,,,,,,,,26922816000.0,,,,,,,,,,,,,,,,,,,,,,,,,,,,,,,,,,,,,,,,,,,,,,,,,,,,,8271758.0,,,,,,,,,,,,,,,,,,,,,,
PRT,Portugal,1949,14.139,0.505,,,,,,,,,,,,,,,,,,,,,,4.075,488.186,,,,,,,,,,,,,,,,,,,,,,,,,27310791000.0,,,,,,,,,,,,,,,,,,,,,,,,,,,,,,,,,,,,,,,,,,,,,,,,,,,,,8346348.0,,,,,,,,,,,,,,,,,,,,,,
PRT,Portugal,1950,-6.893,-0.281,,,,,,,,,,,,,,,,,,,,,,3.794,450.721,,,,,,,,,,,,,,,,,,,,,,,,,28072143750.0,,,,,,,,,,,,,,,,,,,,,,,,,,,,,,,,,,,,,,,,,,,,,,,,,,,,,8416971.0,,,,,,,,,,,,,,,,,,,,,,
PRT,Portugal,1951,-1.395,-0.053,,,,,,,,,,,,,,,,,,,,,,3.741,444.341,,,,,,,,,,,,,,,,,,,,,,,,,29342304000.0,,,,,,,,,,,,,,,,,,,,,,,,,,,,,,,,,,,,,,,,,,,,,,,,,,,,,8418739.0,,,,,,,,,,,,,,,,,,,,,,
PRT,Portugal,1952,4.57,0.171,,,,,,,,,,,,,,,,,,,,,,3.912,462.845,,,,,,,,,,,,,,,,,,,,,,,,,29372242250.0,,,,,,,,,,,,,,,,,,,,,,,,,,,,,,,,,,,,,,,,,,,,,,,,,,,,,8451545.0,,,,,,,,,,,,,,,,,,,,,,
PRT,Portugal,1953,6.868,0.269,,,,,,,,,,,,,,,,,,,,,,4.18,491.629,,,,,,,,,,,,,,,,,,,,,,,,,31424693850.0,,,,,,,,,,,,,,,,,,,,,,,,,,,,,,,,,,,,,,,,,,,,,,,,,,,,,8503169.0,,,,,,,,,,,,,,,,,,,,,,
PRT,Portugal,1954,-9.542,-0.399,,,,,,,,,,,,,,,,,,,,,,3.781,441.573,,,,,,,,,,,,,,,,,,,,,,,,,32922829400.0,,,,,,,,,,,,,,,,,,,,,,,,,,,,,,,,,,,,,,,,,,,,,,,,,,,,,8563703.0,,,,,,,,,,,,,,,,,,,,,,
PRT,Portugal,1955,-3.552,-0.134,,,,,,,,,,,,,,,,,,,,,,3.647,422.834,,,,,,,,,,,,,,,,,,,,,,,,,34292307000.0,,,,,,,,,,,,,,,,,,,,,,,,,,,,,,,,,,,,,,,,,,,,,,,,,,,,,8625538.0,,,,,,,,,,,,,,,,,,,,,,
PRT,Portugal,1956,8.482,0.309,,,,,,,,,,,,,,,,,,,,,,3.957,455.642,,,,,,,,,,,,,,,,,,,,,,,,,35785772000.0,,,,,,,,,,,,,,,,,,,,,,,,,,,,,,,,,,,,,,,,,,,,,,,,,,,,,8683415.0,,,,,,,,,,,,,,,,,,,,,,
PRT,Portugal,1957,21.605,0.855,,,,,,,,,,,,,,,,,,,,,,4.811,550.847,,,,,,,,,,,,,,,,,,,,,,,,,37369200700.0,,,,,,,,,,,,,,,,,,,,,,,,,,,,,,,,,,,,,,,,,,,,,,,,,,,,,8734425.0,,,,,,,,,,,,,,,,,,,,,,
PRT,Portugal,1958,9.137,0.44,,,,,,,,,,,,,,,,,,,,,,5.251,598.215,,,,,,,,,,,,,,,,,,,,,,,,,37856334450.0,,,,,,,,,,,,,,,,,,,,,,,,,,,,,,,,,,,,,,,,,,,,,,,,,,,,,8777697.0,,,,,,,,,,,,,,,,,,,,,,
PRT,Portugal,1959,-5.969,-0.313,,,,,,,,,,,,,,,,,,,,,,4.938,560.189,,,,,,,,,,,,,,,,,,,,,,,,,39914743700.0,,,,,,,,,,,,,,,,,,,,,,,,,,,,,,,,,,,,,,,,,,,,,,,,,,,,,8814023.0,,,,,,,,,,,,,,,,,,,,,,
PRT,Portugal,1960,-15.416,-0.761,,,,,,,,,,,,,,,,,,,,,,4.176,472.189,,,,,,,,,,,,,,,,,,,,,,,,,42580930400.0,,,,,,,,,,,,,,,,,,,,,,,,,,,,,,,,,,,,,,,,,,,,,,,,,,,,,8844638.0,,,,,,,,,,,,,,,,,,,,,,
PRT,Portugal,1961,7.018,0.293,,,,,,,,,,,,,,,,,,,,,,4.469,503.88,,,,,,,,,,,,,,,,,,,,,,,,,44903126400.0,,,,,,,,,,,,,,,,,,,,,,,,,,,,,,,,,,,,,,,,,,,,,,,,,,,,,8869989.0,,,,,,,,,,,,,,,,,,,,,,
PRT,Portugal,1962,-12.295,-0.55,,,,,,,,,,,,,,,,,,,,,,3.92,441.007,,,,,,,,,,,,,,,,,,,,,,,,,47877098400.0,,,,,,,,,,,,,,,,,,,,,,,,,,,,,,,,,,,,,,,,,,,,,,,,,,,,,8888509.0,,,,,,,,,,,,,,,,,,,,,,
PRT,Portugal,1963,1.142,0.045,,,,,,,,,,,,,,,,,,,,,,3.965,445.656,,,,,,,,,,,,,,,,,,,,,,,,,50720736000.0,,,,,,,,,,,,,,,,,,,,,,,,,,,,,,,,,,,,,,,,,,,,,,,,,,,,,8896266.0,,,,,,,,,,,,,,,,,,,,,,
PRT,Portugal,1964,1.54,0.061,,,,,,,,,,,,,,,,,,,,,,4.026,452.928,,,,,,,,,,,,,,,,,,,,,,,,,54059935000.0,,,,,,,,,,,,,,,,,,,,,,,,,,,,,,,,,,,,,,,,,,,,,,,,,,,,,8888226.0,,,,,,,,,,,,,,,,,,,,,,
PRT,Portugal,1965,-4.348,-0.175,,,,,,,,,,,,,,,,,14.042,,6.885,,776.884,3.851,434.504,,,,,,3.975,0.0,,,0.207,4.182,0.0,0.0,,,0.844,5532.567,,76.308,,37.415,4221.771,,,58086872550.0,,,0.0,,0.0,,0.0,,,,,22.52,,11.042,448.53,1245.919,,4.182,471.888,,23.692,,11.617,1310.8,,,,,0.0,,0.0,0.0,0.0,,,62.266,,30.53,,3444.886,,,,23.357,,1.173,,0.575,,,64.882,,8862277.0,49.031,471.888,,,23.692,,11.617,1310.8,,,0.0,,0.0,0.0,0.0,,,0.0,,0.0,0.0,0.0
PRT,Portugal,1966,-5.814,-0.224,,,,,9.172,4.497,,,,,,,,,,2.027,13.123,0.14,7.025,,796.904,3.627,411.448,,,,,,5.276,0.0,,,0.2,5.476,0.0,0.0,,,0.885,6072.551,2.412,71.583,0.903,38.317,4346.916,,,60455105600.0,,,0.0,0.0,0.0,,0.0,,,,32.73,27.379,3.614,14.656,598.541,1662.614,,5.476,621.23,30.942,28.417,3.594,15.211,1725.64,,,,,0.0,0.0,0.0,0.0,0.0,,2.499,58.46,0.763,31.293,,3550.013,,,,22.689,-3.382,1.038,-0.019,0.556,,,63.026,,8814774.0,53.528,621.23,,30.942,28.417,3.594,15.211,1725.64,,,0.0,0.0,0.0,0.0,0.0,,,0.0,0.0,0.0,0.0,0.0
PRT,Portugal,1967,1.571,0.057,,,,,6.994,3.744,,,,,,,,,,-0.497,12.204,-0.035,6.99,,798.737,3.684,420.965,,,,,,5.481,0.0,,,0.192,5.673,0.0,0.0,,,0.881,6544.733,8.343,72.485,3.197,41.514,4743.962,,,65022729000.0,,,0.0,0.0,0.0,,0.0,,,,3.886,26.584,0.569,15.225,626.338,1739.83,,5.673,648.279,3.598,27.515,0.547,15.758,1800.776,,,,,0.0,0.0,0.0,0.0,0.0,,10.327,60.281,3.232,34.524,,3945.226,,,,21.941,-4.0,0.931,-0.022,0.533,,,60.946,,8750863.0,57.272,648.279,,3.598,27.515,0.547,15.758,1800.776,,,0.0,0.0,0.0,0.0,0.0,,,0.0,0.0,0.0,0.0,0.0
PRT,Portugal,1968,-1.989,-0.073,,,,,1.922,1.101,,,,,,,,,,-9.983,10.779,-0.698,6.292,,724.209,3.611,415.583,,,,,,5.188,0.0,,,0.228,5.416,0.0,0.0,,,0.825,6718.918,4.372,74.227,1.815,43.329,4987.261,,,70796593350.0,,,0.0,0.0,0.0,,0.0,,,,-5.346,24.688,-0.814,14.411,597.154,1658.763,,5.416,623.398,-4.53,25.773,-0.714,15.044,1731.662,,,,,0.0,0.0,0.0,0.0,0.0,,7.278,63.448,2.513,37.037,,4263.052,,,,26.243,18.75,1.085,0.1,0.633,,,72.899,,8687873.0,58.373,623.398,,-4.53,25.773,-0.714,15.044,1731.662,,,0.0,0.0,0.0,0.0,0.0,,,0.0,0.0,0.0,0.0,0.0
PRT,Portugal,1969,-5.073,-0.183,,,,,8.112,4.735,,,,,,,,,,-5.73,9.399,-0.361,5.931,,685.76,3.427,396.261,,,,,,6.311,0.0,,,0.28,6.591,0.0,0.0,,,0.873,7296.385,3.396,70.989,1.471,44.8,5179.635,,,72313642800.0,,,0.0,0.0,0.0,,0.0,,,,21.646,27.779,3.119,17.531,729.659,2026.831,,6.591,762.031,21.695,29.011,3.264,18.308,2116.756,,,,,0.0,0.0,0.0,0.0,0.0,,4.946,61.59,1.832,38.869,,4493.876,,,,32.373,22.807,1.232,0.144,0.778,,,89.924,,8649249.0,63.108,762.031,,21.695,29.011,3.264,18.308,2116.756,,,0.0,0.0,0.0,0.0,0.0,,,0.0,0.0,0.0,0.0,0.0
PRT,Portugal,1970,-35.629,-1.221,,,,,20.056,12.657,,,,,,,,,,-8.431,7.168,-0.5,5.431,,627.789,2.206,255.014,,,,,,5.804,0.0,,,0.186,5.99,0.0,0.0,,,0.96,8757.632,31.979,78.039,14.326,59.126,6834.363,,,78901600800.0,,,0.0,0.0,0.0,,0.0,,,,-8.034,21.279,-1.408,16.122,670.879,1863.555,,5.99,692.379,-9.118,21.961,-1.669,16.639,1923.276,,,,,0.0,0.0,0.0,0.0,0.0,,38.145,70.87,14.826,53.695,,6206.574,,,,21.5,-33.571,0.682,-0.261,0.517,,,59.721,,8651334.0,75.765,692.379,,-9.118,21.961,-1.669,16.639,1923.276,,,0.0,0.0,0.0,0.0,0.0,,,0.0,0.0,0.0,0.0,0.0
PRT,Portugal,1971,-6.642,-0.147,,,,,10.191,7.721,,,,,,,,,,-7.495,6.018,-0.407,5.024,,577.49,2.06,236.744,,,,,,6.17,0.0,,,0.143,6.313,0.0,0.0,,,0.992,9596.101,11.541,78.995,6.824,65.95,7580.462,,,84132631100.0,,,0.0,0.0,0.0,,0.0,,,,6.306,20.529,1.017,17.139,709.195,1969.989,,6.313,725.632,5.392,21.005,0.897,17.536,2015.647,,,,,0.0,0.0,0.0,0.0,0.0,,13.466,72.977,7.231,60.926,,7002.972,,,,16.437,-23.118,0.476,-0.119,0.397,,,45.658,,8700000.0,83.486,725.632,,5.392,21.005,0.897,17.536,2015.647,,,0.0,0.0,0.0,0.0,0.0,,,0.0,0.0,0.0,0.0,0.0
PRT,Portugal,1972,-0.395,-0.008,,,,,8.653,7.224,,,,,,,,,,-11.574,4.898,-0.582,4.443,,505.474,2.052,233.418,,,,,,7.086,0.0,,,0.113,7.199,0.0,0.0,,,0.998,10320.77,7.222,77.955,4.763,70.713,8045.55,,,90870658500.0,,,0.0,0.0,0.0,,0.0,,,,14.846,21.699,2.544,19.683,806.225,2239.516,,7.199,819.082,14.035,22.045,2.461,19.997,2275.229,,,,,0.0,0.0,0.0,0.0,0.0,,8.772,73.057,5.345,66.271,,7540.076,,,,12.857,-20.979,0.346,-0.083,0.314,,,35.713,,8789110.0,90.71,819.082,,14.035,22.045,2.461,19.997,2275.229,,,0.0,0.0,0.0,0.0,0.0,,,0.0,0.0,0.0,0.0,0.0
PRT,Portugal,1973,-12.302,-0.252,,,,,10.602,9.618,,,,,,,,,,47.906,6.549,2.128,6.571,,737.652,1.799,201.973,,,,,,7.325,0.0,,,0.2,7.525,0.0,0.0,,,0.993,11262.769,12.32,79.166,8.712,79.425,8916.24,,,101051245100.0,,,0.0,0.0,0.0,,0.0,,,,3.373,20.281,0.664,20.347,822.301,2284.172,,7.525,844.753,4.528,20.834,0.906,20.903,2346.538,,,,,0.0,0.0,0.0,0.0,0.0,,9.935,72.616,6.584,72.854,,8178.587,,,,22.452,76.991,0.554,0.242,0.556,,,62.366,,8907928.0,100.328,844.753,,4.528,20.834,0.906,20.903,2346.538,,,0.0,0.0,0.0,0.0,0.0,,,0.0,0.0,0.0,0.0,0.0
PRT,Portugal,1974,4.072,0.073,,,,,4.662,4.677,,,,,,,,,,-22.301,4.862,-1.465,5.106,,564.777,1.872,207.128,,,,,,7.828,0.0,,,0.18,8.008,0.0,0.0,,,1.027,11615.6,4.199,78.816,3.335,82.76,9154.933,,,102210302200.0,,,0.0,0.0,0.0,,0.0,,,,6.867,20.708,1.397,21.744,865.931,2405.367,,8.008,885.843,6.419,21.184,1.342,22.244,2460.677,,,,,0.0,0.0,0.0,0.0,0.0,,6.589,73.954,4.801,77.655,,8590.155,,,,19.912,-10.0,0.476,-0.056,0.5,,,55.31,,9039977.0,105.005,885.843,,6.419,21.184,1.342,22.244,2460.677,,,0.0,0.0,0.0,0.0,0.0,,,0.0,0.0,0.0,0.0,0.0
PRT,Portugal,1975,-3.478,-0.065,,,,,-0.404,-0.424,,,,,,,,,,-6.15,4.582,-0.314,4.792,,522.398,1.807,197.041,,,,,,6.41,0.0,,,0.236,6.646,0.0,0.0,,,1.07,11401.857,4.059,82.347,3.359,86.12,9389.149,,,97762402920.0,,,0.0,0.0,0.0,,0.0,,,,-18.114,17.026,-3.939,17.806,698.848,1941.246,,6.646,724.578,-17.008,17.653,-3.783,18.461,2012.717,,,,,0.0,0.0,0.0,0.0,0.0,,4.73,77.766,3.673,81.328,,8866.751,,,,25.73,31.111,0.627,0.156,0.656,,,71.472,,9172240.0,104.581,724.578,,-17.008,17.653,-3.783,18.461,2012.717,,,0.0,0.0,0.0,0.0,0.0,,,0.0,0.0,0.0,0.0,0.0
PRT,Portugal,1976,-13.063,-0.236,,,,,-0.768,-0.804,,,,,,,,,,-2.913,4.483,-0.14,4.652,,500.092,1.571,168.906,,,,,,4.787,0.0,,,0.23,5.017,0.0,0.0,,,0.993,11156.067,4.321,86.571,3.721,89.841,9657.938,,,104504216170.0,,,0.0,0.0,0.0,,0.0,,,,-25.32,12.813,-4.508,13.297,514.604,1429.457,,5.017,539.329,-24.511,13.429,-4.525,13.936,1498.138,,,,,0.0,0.0,0.0,0.0,0.0,,4.747,82.088,3.861,85.189,,9157.846,,,,24.725,-2.542,0.616,-0.017,0.639,,,68.681,,9302297.0,103.777,539.329,,-24.511,13.429,-4.525,13.936,1498.138,,,0.0,0.0,0.0,0.0,0.0,,,0.0,0.0,0.0,0.0,0.0
PRT,Portugal,1977,1.036,0.016,,,,,12.587,13.063,,,,,,,,,,-9.25,3.613,-0.43,4.222,,447.638,1.587,168.327,,,,,,9.966,0.0,,,0.234,10.2,0.0,0.0,,,1.059,12388.861,-1.485,75.75,-1.334,88.507,9384.603,,,110366217200.0,,,0.0,0.0,0.0,,0.0,,,,108.189,23.693,14.386,27.683,1056.724,2935.346,,10.2,1081.535,103.309,24.25,14.397,28.333,3004.268,,,,,0.0,0.0,0.0,0.0,0.0,,-1.061,72.137,-0.904,84.285,,8936.965,,,,24.812,1.739,0.556,0.011,0.65,,,68.921,,9431036.0,116.84,1081.535,,103.309,24.25,14.397,28.333,3004.268,,,0.0,0.0,0.0,0.0,0.0,,,0.0,0.0,0.0,0.0,0.0
PRT,Portugal,1978,-7.692,-0.122,,,,,5.276,6.164,,,,,,,,,,17.906,4.047,0.756,4.978,,521.077,1.465,153.401,,,,,,10.811,0.0,,,0.232,11.043,0.0,0.0,,,1.084,12876.51,4.319,75.062,3.823,92.329,9665.353,,,113475726000.0,,,0.0,0.0,0.0,,0.0,,,,8.479,24.414,2.347,30.031,1131.733,3143.704,,11.043,1156.019,8.265,24.938,2.342,30.675,3211.167,,,,,0.0,0.0,0.0,0.0,0.0,,3.639,71.015,3.067,87.352,,9144.276,,,,24.287,-0.855,0.524,-0.006,0.644,,,67.463,,9552609.0,123.004,1156.019,,8.265,24.938,2.342,30.675,3211.167,,,0.0,0.0,0.0,0.0,0.0,,,0.0,0.0,0.0,0.0,0.0
PRT,Portugal,1979,-0.556,-0.008,,,,,6.087,7.488,,,,,,,,,,4.439,3.984,0.221,5.199,,538.117,1.457,150.841,,,,,,11.213,0.0,,,0.258,11.471,0.0,0.0,,,1.089,13507.444,6.822,75.582,6.299,98.628,10209.169,,,119864926560.0,,,0.0,0.0,0.0,,0.0,,,,3.718,23.869,1.117,31.147,1160.676,3224.103,,11.471,1187.382,3.876,24.418,1.189,31.864,3298.286,,,,,0.0,0.0,0.0,0.0,0.0,,6.958,71.598,6.078,93.43,,9671.052,,,,26.706,11.207,0.549,0.072,0.717,,,74.183,,9660749.0,130.492,1187.382,,3.876,24.418,1.189,31.864,3298.286,,,0.0,0.0,0.0,0.0,0.0,,,0.0,0.0,0.0,0.0,0.0
PRT,Portugal,1980,-42.02,-0.612,,,,,-2.495,-3.256,,,,,,,,,,-21.7,3.199,-1.128,4.07,,417.446,0.845,86.649,,,,,,8.015,0.0,,,0.32,8.335,0.0,0.0,,,1.015,13048.559,5.531,81.803,5.455,104.083,10674.159,,,125370951600.0,,,0.0,0.0,0.0,,0.0,0.0,0.0,,-28.52,17.498,-8.883,22.264,821.97,2283.251,,8.335,854.787,-27.339,18.197,-8.711,23.153,2374.411,,,,,0.0,0.0,0.0,0.0,0.0,,7.046,78.604,6.583,100.013,,10256.713,0.0,0.0,,32.817,24.031,0.699,0.172,0.889,,,91.159,,9750966.0,127.236,854.787,,-27.339,18.197,-8.711,23.153,2374.411,,,0.0,0.0,0.0,0.0,0.0,,,0.0,0.0,0.0,0.0,0.0
PRT,Portugal,1981,3.955,0.033,,0.0,,0.0,-1.417,-1.802,,,,,,,,,,13.429,3.681,0.547,4.617,,470.133,0.878,89.434,,,,,,5.019,0.0,,,0.311,5.33,0.0,0.0,,,0.985,12772.164,6.288,88.197,6.545,110.628,11264.613,,,127400921786.0,,,0.0,0.0,0.0,,0.0,0.0,0.0,,-37.38,11.115,-8.322,13.942,511.055,1419.597,,5.33,542.722,-36.053,11.803,-8.347,14.806,1507.562,,,,,0.0,0.0,0.0,0.0,0.0,,5.998,84.516,5.998,106.011,,10794.48,0.0,0.0,,31.667,-2.813,0.689,-0.025,0.864,,,87.965,,9820868.0,125.434,542.722,,-36.053,11.803,-8.347,14.806,1507.562,,,0.0,0.0,0.0,0.0,0.0,,,0.0,0.0,0.0,0.0,0.0
PRT,Portugal,1982,-3.261,-0.029,,0.0,,0.0,8.004,10.039,,,,,,,,,,-7.809,3.142,-0.361,4.257,,431.229,0.85,86.08,,,,,,6.921,0.0,,,0.353,7.274,0.0,0.0,,,1.041,13724.583,4.193,85.085,4.639,115.267,11677.594,,,130127660700.0,,,0.0,0.0,0.0,,0.0,0.0,0.0,,37.896,14.191,5.283,19.225,701.157,1947.661,,7.274,736.919,36.473,14.915,5.4,20.206,2047.0,,,,,0.0,0.0,0.0,0.0,0.0,,4.716,81.943,5.0,111.011,,11246.365,0.0,0.0,,35.762,13.505,0.724,0.117,0.981,,,99.339,,9870822.0,135.473,736.919,,36.473,14.915,5.4,20.206,2047.0,,,0.0,0.0,0.0,0.0,0.0,,,0.0,0.0,0.0,0.0,0.0
PRT,Portugal,1983,3.933,0.033,,0.0,,0.0,3.423,4.638,,,,,,,,,,9.29,3.32,0.395,4.652,,469.757,0.883,89.175,,,,,,8.026,0.0,,,0.405,8.431,0.0,0.0,,,1.079,14148.292,1.235,83.285,1.424,116.691,11783.416,,,129898973394.0,,,0.0,0.0,0.0,,0.0,0.0,0.0,,15.966,15.912,3.069,22.294,810.462,2251.285,,8.431,851.359,15.906,16.715,3.214,23.419,2364.888,,,,,0.0,0.0,0.0,0.0,0.0,,0.926,79.965,1.028,112.039,,11313.658,0.0,0.0,,40.897,14.731,0.803,0.144,1.125,,,113.602,,9902992.0,140.11,851.359,,15.906,16.715,3.214,23.419,2364.888,,,0.0,0.0,0.0,0.0,0.0,,,0.0,0.0,0.0,0.0,0.0
PRT,Portugal,1984,4.865,0.043,,0.0,,0.0,4.006,5.613,,,,,,,,,,23.75,3.951,1.105,5.757,,580.255,0.926,93.341,,,,,,9.765,0.0,,,0.373,10.138,0.0,0.0,,,1.143,14687.979,0.746,80.675,0.871,117.562,11849.523,,,127462179978.0,,,0.0,0.0,0.0,,0.0,0.0,0.0,,21.667,18.614,4.831,27.125,984.252,2734.035,,10.138,1021.848,20.247,19.325,4.742,28.161,2838.468,,,,,0.0,0.0,0.0,0.0,0.0,,-0.209,76.724,-0.234,111.805,,11269.267,0.0,0.0,,37.596,-7.901,0.711,-0.089,1.036,,,104.434,,9921243.0,145.723,1021.848,,20.247,19.325,4.742,28.161,2838.468,,,0.0,0.0,0.0,0.0,0.0,,,0.0,0.0,0.0,0.0,0.0
PRT,Portugal,1985,22.165,0.205,,0.0,,0.0,1.9,2.769,,,,,,,,,,55.354,6.023,3.187,8.943,,900.727,1.131,113.939,,,,,,10.693,0.0,,,0.548,11.241,0.0,0.0,18.9,,1.133,14955.111,-0.251,78.972,-0.295,117.267,11810.348,,,131038822080.0,,,0.0,0.0,0.0,,0.0,0.0,0.0,56.577,9.503,20.003,2.578,29.703,1076.927,2991.467,59.476,11.241,1132.118,10.88,21.028,3.064,31.225,3144.775,,,0.0,,0.0,0.0,0.0,0.0,0.0,,-3.114,72.949,-3.482,108.323,,10909.621,0.0,0.0,,55.191,46.917,1.025,0.486,1.522,,2.899,153.308,1903.481,9929176.0,148.492,1132.118,59.476,10.88,21.028,3.064,31.225,3144.775,0.0,,0.0,0.0,0.0,0.0,0.0,0.0,,0.0,0.0,0.0,0.0,0.0
PRT,Portugal,1986,-0.422,-0.005,,0.0,,0.0,6.173,9.167,,,,,,,,,,88.557,10.696,7.92,16.864,,1698.85,1.127,113.49,,,,,,8.514,0.0,,,0.606,9.12,0.0,0.0,20.355,,1.155,15882.759,12.841,83.932,15.059,132.326,13330.66,,,136464679114.0,,,0.0,0.0,0.0,,0.0,0.0,0.0,41.828,-20.378,15.001,-6.053,23.65,857.711,2382.531,44.805,9.12,918.76,-18.868,16.068,-5.892,25.333,2552.112,,,0.0,,0.0,0.0,0.0,0.0,0.0,,6.59,73.235,7.139,115.462,,11631.809,0.0,0.0,,61.049,10.584,1.068,0.161,1.683,,2.977,169.581,2050.587,9926426.0,157.659,918.76,44.805,-18.868,16.068,-5.892,25.333,2552.112,0.0,,0.0,0.0,0.0,0.0,0.0,0.0,,0.0,0.0,0.0,0.0,0.0
PRT,Portugal,1987,10.593,0.119,,0.0,,0.0,2.289,3.609,,,,,,,,,,30.207,13.616,5.094,21.957,,2214.777,1.246,125.668,,,,,,9.153,0.0,,,0.614,9.767,0.0,0.0,20.135,,1.111,16266.547,1.369,83.177,1.811,134.137,13529.988,,,145169746249.0,,,0.0,0.0,0.0,,0.0,0.0,0.0,45.458,7.505,15.766,1.775,25.425,923.233,2564.538,48.508,9.767,985.165,7.094,16.823,1.797,27.131,2736.572,,,0.0,,0.0,0.0,0.0,0.0,0.0,,-2.843,69.561,-3.282,112.18,,11315.211,0.0,0.0,,61.932,1.32,1.058,0.022,1.706,,3.049,172.034,2030.951,9914073.0,161.268,985.165,48.508,7.094,16.823,1.797,27.131,2736.572,0.0,,0.0,0.0,0.0,0.0,0.0,0.0,,0.0,0.0,0.0,0.0,0.0
PRT,Portugal,1988,-11.877,-0.148,,0.0,,0.0,10.734,17.311,,,,,,,,,,15.307,14.178,3.361,25.319,,2557.634,1.098,110.908,,,,,,12.233,0.0,,,0.653,12.886,0.0,0.0,22.489,,1.144,18039.715,6.446,79.956,8.647,142.784,14423.833,,,156041290419.0,,,0.0,0.0,0.0,,0.0,0.0,0.0,54.395,33.65,19.028,8.556,33.981,1235.757,3432.66,57.299,12.886,1301.722,31.934,20.044,8.664,35.794,3615.896,,,0.0,,0.0,0.0,0.0,0.0,0.0,,4.712,65.778,5.286,117.466,,11866.198,0.0,0.0,,65.965,6.352,1.016,0.108,1.814,,2.904,183.236,2271.8,9899198.0,178.579,1301.722,57.299,31.934,20.044,8.664,35.794,3615.896,0.0,,0.0,0.0,0.0,0.0,0.0,0.0,,0.0,0.0,0.0,0.0,0.0
PRT,Portugal,1989,12.174,0.134,,0.0,,0.0,8.722,15.576,,,,,,,,,,11.576,14.55,2.931,28.249,,2856.111,1.232,124.516,,,,,,5.819,0.0,,,0.661,6.482,0.001,0.001,25.808,,1.183,19629.792,23.367,90.726,33.365,176.149,17809.373,,,164059389351.0,,,0.0,0.0,0.0,,0.0,0.0,0.0,22.547,-52.432,8.325,-17.817,16.164,588.323,1634.232,25.116,6.482,655.356,-49.697,9.274,-17.789,18.006,1820.435,,,0.0,,0.0,0.0,0.0,0.0,0.0,,25.909,76.176,30.434,147.9,,14953.261,0.0,0.0,,66.83,1.225,0.946,0.022,1.836,,2.561,185.638,2609.287,9890823.0,194.155,655.356,25.116,-49.697,9.274,-17.789,18.006,1820.435,0.004,,0.001,0.003,0.003,0.102,0.284,0.004,,0.001,0.003,0.003,0.101,0.281
PRT,Portugal,1990,-7.953,-0.098,,0.0,,0.0,1.227,2.382,2.436,69.73,,0.0,,0.0,0.0,,31.98,17.25,16.853,4.873,33.122,915.581,3347.253,1.134,114.56,28.37,0.69,9.06,18.5,0.0,9.14,0.0,9.44,0.0,0.69,9.83,0.0,0.0,28.33,,1.148,19861.559,-3.96,86.077,-6.976,169.174,17096.258,1869.563,65.302,171225921384.0,0.0,,0.0,0.0,0.0,0.0,0.0,0.0,0.0,32.263,57.364,12.942,9.272,25.436,923.665,2570.511,34.698,9.83,993.395,51.974,13.923,9.358,27.364,2765.317,0.141,0.04,0.0,,0.0,0.0,0.0,0.0,0.0,33.322,-8.011,69.224,-11.849,136.051,953.983,13749.005,0.0,0.0,0.0,69.73,4.841,0.979,0.089,1.925,0.0,2.436,194.536,2862.959,9895358.0,196.537,993.395,34.698,51.974,13.923,9.358,27.364,2765.317,0.0,-100.0,0.0,-0.003,0.0,0.0,0.0,0.0,-4.0,0.001,-0.0,0.003,0.0,0.269
PRT,Portugal,1991,-3.915,-0.044,,0.0,,0.0,3.795,7.46,2.725,81.686,,0.0,0.0,0.0,0.0,,32.806,4.775,17.012,1.582,34.704,983.254,3499.775,1.089,109.846,29.81,0.81,9.75,19.88,0.0,9.03,0.0,10.13,0.0,0.81,9.84,0.0,0.0,29.72,,1.148,20572.376,4.4,86.578,7.443,176.616,17811.166,2004.83,66.891,177700326196.0,0.0,,0.0,0.0,0.0,0.0,0.0,0.0,0.0,30.384,-1.245,12.314,-0.317,25.119,910.645,2533.212,33.109,9.84,992.33,0.061,13.422,0.017,27.38,2761.227,0.302,0.09,0.0,,0.0,0.0,0.0,0.0,0.0,34.085,4.308,69.566,5.861,141.912,1021.576,14311.392,0.0,0.0,0.0,81.686,17.316,1.107,0.333,2.258,0.0,2.725,227.745,2997.161,9916052.0,203.997,992.33,33.109,0.061,13.422,0.017,27.38,2761.227,0.0,,0.0,0.0,0.0,0.0,0.0,0.0,0.0,0.001,0.0,0.003,0.0,0.269
PRT,Portugal,1992,-18.148,-0.198,,0.0,,0.0,1.434,2.926,2.972,88.431,,0.0,0.0,0.0,0.0,,34.347,1.24,16.979,0.43,35.134,1021.977,3530.618,0.892,89.592,30.95,0.88,10.17,24.12,0.0,4.61,0.0,13.95,0.0,0.88,5.49,0.0,0.0,29.61,,1.125,20793.543,8.451,92.567,14.926,191.543,19248.022,2423.803,81.459,183979444344.0,0.0,,0.0,0.0,0.0,0.0,0.0,0.0,0.0,15.569,-48.623,6.237,-12.214,12.906,463.256,1296.872,18.541,5.49,551.686,-43.828,7.433,-12.0,15.38,1545.538,4.33,1.34,0.0,,0.0,0.0,0.0,0.0,0.0,47.112,10.215,75.588,14.496,156.409,1401.826,15717.404,0.0,0.0,0.0,88.431,9.102,1.191,0.206,2.464,0.0,2.972,247.595,2975.489,9951305.0,206.923,551.686,18.541,-43.828,7.433,-12.0,15.38,1545.538,0.0,,0.0,0.0,0.0,0.0,0.0,0.0,300.0,0.005,0.008,0.011,0.0,1.072
PRT,Portugal,1993,-10.86,-0.097,,0.0,,0.0,2.581,5.34,2.904,90.03,,0.0,0.0,0.0,0.0,,36.722,8.904,18.026,3.128,38.263,1138.382,3827.558,0.795,79.501,31.16,0.9,11.38,21.56,0.0,8.52,0.0,10.18,0.0,0.9,9.43,0.0,0.01,30.99,,1.157,21233.427,-2.892,87.629,-5.54,186.003,18606.572,2156.724,69.571,183426195277.0,0.0,,0.0,0.0,0.0,0.0,0.0,0.0,0.0,27.493,83.771,11.173,10.811,23.717,852.286,2372.465,30.429,9.43,943.317,70.739,12.371,10.88,26.26,2626.872,0.546,0.17,0.0,,0.0,0.0,0.0,0.0,0.0,32.849,-5.542,69.603,-8.668,147.74,1018.342,14779.014,0.0,0.0,0.0,90.03,2.029,1.184,0.05,2.514,0.0,2.904,251.474,3100.041,9996642.0,212.263,943.317,30.429,70.739,12.371,10.88,26.26,2626.872,0.0,,0.0,0.0,0.0,0.0,0.0,0.032,174.885,0.014,0.019,0.029,1.0,2.933
PRT,Portugal,1994,-25.381,-0.202,,0.0,,0.0,3.464,7.352,2.968,92.583,,0.0,0.0,0.0,0.0,,36.929,4.164,18.148,1.593,39.856,1151.813,3967.737,0.593,59.037,32.22,0.93,11.57,19.7,0.0,10.65,0.0,8.13,0.03,0.96,11.63,0.0,0.02,31.33,,1.175,21863.061,0.684,85.275,1.273,187.276,18643.685,1961.168,62.879,186890728063.0,0.0,,0.0,0.0,0.0,0.0,0.0,0.0,0.0,33.993,24.83,13.481,5.889,29.606,1060.226,2947.286,37.121,11.63,1157.786,23.149,14.725,6.079,32.339,3219.394,2.762,0.89,0.0,,0.0,0.0,0.0,0.0,0.0,25.95,-0.217,67.127,-0.32,147.42,809.355,14675.948,0.0,0.0,2.987,95.57,6.851,1.223,0.172,2.686,0.096,3.064,267.407,3118.955,10045032.0,219.615,1157.786,37.121,23.149,14.725,6.079,32.339,3219.394,0.0,,0.0,0.0,0.0,0.0,0.0,0.064,61.052,0.022,0.018,0.047,1.991,4.701
PRT,Portugal,1995,-100.0,-0.593,,0.0,,0.0,9.873,21.682,2.986,98.104,,0.0,0.0,0.0,0.0,,40.452,22.615,20.253,9.013,48.869,1328.865,4842.705,0.0,0.0,34.06,0.99,13.41,23.77,0.0,8.33,0.0,10.36,0.04,1.03,9.38,0.0,0.02,33.15,,1.257,23911.336,14.919,89.192,27.94,215.217,21326.899,2355.489,71.704,191953577523.0,0.0,,0.0,0.0,0.0,0.0,0.0,0.0,0.0,25.128,-21.721,9.604,-6.431,23.175,825.462,2296.529,28.296,9.38,929.512,-19.352,10.808,-6.258,26.081,2584.456,2.672,0.91,0.0,,0.0,0.0,0.0,0.0,0.0,31.252,12.839,68.939,18.927,166.347,1026.625,16484.193,0.0,0.0,3.964,102.068,6.515,1.186,0.175,2.861,0.121,3.107,283.522,3285.001,10091322.0,241.297,929.512,28.296,-19.352,10.808,-6.258,26.081,2584.456,0.0,,0.0,0.0,0.0,0.0,0.0,0.06,-5.882,0.018,-0.003,0.044,1.982,4.404
PRT,Portugal,1996,,0.0,,0.0,,0.0,2.67,6.443,2.79,94.73,,0.0,0.0,0.0,0.0,,36.472,-6.711,18.402,-3.28,45.59,1238.403,4498.674,0.0,0.0,35.52,0.96,12.55,18.63,0.0,14.75,0.0,6.08,0.05,1.01,15.78,0.0,0.02,34.41,,1.242,24446.4,-5.269,82.294,-11.34,203.876,20118.034,1838.363,54.141,199451456421.0,0.0,,0.0,0.0,0.0,0.0,0.0,0.0,0.0,42.865,76.927,16.551,17.828,41.003,1455.494,4046.057,45.859,15.78,1557.132,68.186,17.706,17.783,43.864,4328.385,3.125,1.11,0.0,,0.0,0.0,0.0,0.0,0.0,17.669,-4.846,63.892,-8.06,158.287,599.96,15619.36,0.0,0.0,4.934,99.664,-2.136,1.13,-0.061,2.8,0.145,2.935,276.297,3395.495,10134016.0,247.74,1557.132,45.859,68.186,17.706,17.783,43.864,4328.385,0.0,,0.001,0.003,0.003,0.0,0.274,0.058,31.25,0.024,0.014,0.058,1.974,5.756
PRT,Portugal,1997,,0.0,,0.0,,0.0,1.564,3.874,3.046,102.216,,0.0,0.0,0.0,0.0,,37.961,-9.031,16.483,-4.117,41.473,1273.765,4076.107,0.0,0.0,37.04,1.04,12.96,19.91,0.09,13.1,0.0,6.86,0.05,1.09,14.23,0.0,0.04,34.14,,1.203,24729.68,4.025,84.289,8.207,212.083,20844.463,1956.841,58.319,209094129979.0,0.264,,0.4,1.006,1.006,8.846,98.899,0.0,0.0,38.371,-11.219,14.468,-4.6,36.403,1287.524,3577.825,41.681,14.23,1398.586,-9.879,15.711,-4.333,39.531,3885.236,7.829,2.9,0.0,,0.0,0.0,0.0,0.0,0.0,20.094,7.15,67.407,11.318,169.604,674.23,16669.457,0.0,0.0,4.914,107.13,7.837,1.2,0.219,3.019,0.146,3.193,296.764,3355.426,10174564.0,251.614,1398.586,41.681,-9.879,15.711,-4.333,39.531,3885.236,0.0,0.0,0.001,0.0,0.003,0.0,0.273,0.117,80.952,0.042,0.047,0.106,3.931,10.374
PRT,Portugal,1998,,0.0,,0.0,,0.0,9.192,23.128,2.621,99.862,,0.0,0.0,0.0,0.0,,30.789,-0.028,15.091,-0.012,41.461,1172.895,4059.212,0.0,0.0,39.18,1.02,11.98,24.76,2.02,12.98,0.0,10.76,0.06,1.08,14.15,0.0,0.09,38.91,,1.249,26898.439,11.008,85.691,23.347,235.43,23049.618,2424.113,63.634,219968772557.0,5.191,698.807,2.926,7.032,8.038,197.767,786.956,0.0,0.0,33.359,-0.931,13.126,-0.339,36.064,1270.799,3530.816,36.366,14.15,1385.347,-0.552,14.309,-0.218,39.312,3848.842,0.689,0.27,0.0,,0.0,0.0,0.0,0.0,0.0,27.654,9.626,67.675,16.326,185.931,1053.451,18203.449,0.0,0.0,5.874,105.737,-0.681,1.092,-0.021,2.999,0.154,2.776,293.605,3809.46,10214046.0,274.742,1385.347,36.366,-0.552,14.309,-0.218,39.312,3848.842,0.0,-20.0,0.001,-0.001,0.002,0.0,0.218,0.231,134.211,0.09,0.142,0.247,8.811,24.204
PRT,Portugal,1999,,0.0,,0.0,,0.0,2.647,7.272,2.703,113.121,,0.0,0.0,0.0,0.0,,35.073,3.847,15.267,1.595,43.056,1467.648,4198.726,0.0,0.0,42.05,1.16,15.05,34.29,8.07,7.26,0.0,11.17,0.08,1.24,8.62,0.0,0.12,42.91,,1.229,27501.482,9.583,91.482,22.562,257.991,25158.845,3343.897,79.911,229420454817.0,18.807,179.647,7.971,14.44,22.478,786.971,2192.015,0.0,0.0,16.919,-43.88,7.177,-15.825,20.239,707.982,1973.661,20.089,8.62,840.606,-38.892,8.518,-15.289,24.023,2342.659,-2.045,-0.86,0.0,,0.0,0.0,0.0,0.0,0.0,26.031,3.51,68.244,6.527,192.457,1089.278,18768.105,0.0,0.0,7.801,120.923,14.681,1.22,0.44,3.439,0.186,2.89,335.381,4184.504,10254501.0,282.014,840.606,20.089,-38.892,8.518,-15.289,24.023,2342.659,0.0,37.5,0.001,0.001,0.003,0.0,0.298,0.28,38.202,0.121,0.094,0.342,11.702,33.319
PRT,Portugal,2000,,0.0,,0.0,,0.0,3.087,8.707,2.997,126.249,,0.0,0.0,0.0,0.0,511.296,33.656,0.273,14.85,0.118,43.173,1417.873,4192.766,0.0,0.0,44.31,1.3,14.6,30.51,7.14,11.32,0.0,8.77,0.08,1.38,12.87,0.0,0.17,43.38,22.18,1.216,28233.213,-1.169,87.705,-3.016,254.975,24761.819,2962.965,70.332,239037764026.0,16.459,2.723,7.942,0.612,23.09,693.398,2242.38,0.0,0.0,26.095,55.408,10.819,11.214,31.453,1099.337,3054.525,29.668,12.87,1249.864,48.799,12.295,11.723,35.746,3471.417,2.099,0.93,0.0,,0.0,0.0,0.0,0.0,0.0,20.217,-1.946,64.912,-3.746,188.712,851.695,18326.673,0.0,0.0,7.769,134.018,11.138,1.315,0.383,3.822,0.184,3.181,371.194,4212.83,10297117.0,290.721,1249.864,29.668,48.799,12.295,11.723,35.746,3471.417,0.0,27.273,0.001,0.001,0.004,0.0,0.378,0.392,36.585,0.161,0.125,0.467,16.509,45.32
PRT,Portugal,2001,,0.0,,0.0,,0.0,1.311,3.812,2.924,130.543,,0.0,0.0,0.0,0.0,478.016,29.478,-14.487,12.535,-6.254,36.919,1316.062,3570.004,0.0,0.0,46.41,1.35,13.61,30.43,7.21,14.03,0.0,9.61,0.1,1.45,15.74,0.0,0.26,46.17,22.07,1.204,28480.73,-1.524,85.25,-3.886,251.09,24279.917,2942.526,65.909,244636552436.0,15.616,11.515,8.742,2.659,25.749,697.194,2489.868,0.0,0.0,30.388,23.138,13.15,7.277,38.73,1356.676,3745.142,34.091,15.74,1522.029,21.533,14.75,7.697,43.443,4200.836,0.517,0.24,0.0,,0.0,0.0,0.0,0.0,0.0,20.814,-0.154,63.973,-0.29,188.422,929.27,18220.045,0.0,0.0,9.67,140.212,4.694,1.359,0.179,4.002,0.217,3.141,386.95,4464.555,10341456.0,294.532,1522.029,34.091,21.533,14.75,7.697,43.443,4200.836,0.0,13.571,0.001,0.001,0.004,0.0,0.427,0.563,51.391,0.24,0.24,0.706,25.142,68.317
PRT,Portugal,2002,,0.0,,0.0,,0.0,-0.418,-1.231,3.22,141.537,,0.0,0.0,0.0,0.0,560.789,33.319,10.252,13.878,3.785,40.704,1464.472,3919.114,0.0,0.0,47.55,1.47,15.21,35.92,9.04,7.8,0.0,11.67,0.1,1.57,9.73,0.0,0.36,45.65,25.6,1.185,28240.046,6.183,90.901,15.525,266.614,25670.576,3458.504,78.686,247482620454.0,19.803,21.645,10.679,5.573,31.322,870.403,3015.816,0.0,0.0,17.087,-44.779,7.292,-17.343,21.387,751.011,2059.227,21.314,9.73,936.839,-38.57,9.099,-16.756,26.687,2569.493,3.996,1.9,0.0,,0.0,0.0,0.0,0.0,0.0,25.564,3.273,66.344,6.166,194.588,1123.629,18735.646,0.0,0.0,9.628,151.165,7.509,1.467,0.3,4.302,0.219,3.439,414.221,4395.343,10385993.0,293.301,936.839,21.314,-38.57,9.099,-16.756,26.687,2569.493,0.0,11.95,0.002,0.001,0.005,0.0,0.476,0.789,40.494,0.338,0.286,0.993,34.662,95.569
PRT,Portugal,2003,,0.0,,0.0,,0.0,2.235,6.556,2.988,133.274,,0.0,0.0,0.0,0.0,451.419,31.234,-4.265,12.995,-1.736,38.968,1393.148,3736.274,0.0,0.0,49.31,1.39,14.53,28.82,7.74,15.72,0.0,6.55,0.09,1.48,17.7,0.0,0.5,46.52,21.0,1.218,28750.508,-5.624,83.914,-14.994,251.621,24125.581,2763.285,61.952,246137478390.0,16.638,-3.576,10.072,-1.12,30.202,742.118,2895.813,0.0,0.0,33.792,100.285,14.285,21.448,42.835,1507.246,4107.067,38.048,17.7,1697.09,80.751,16.086,21.55,48.236,4624.95,5.658,2.79,0.0,,0.0,0.0,0.0,0.0,0.0,14.08,-6.238,60.846,-12.138,182.45,628.019,17493.493,0.0,0.0,8.629,141.904,-6.024,1.348,-0.259,4.043,0.193,3.181,387.642,4460.376,10429615.0,299.857,1697.09,38.048,80.751,16.086,21.55,48.236,4624.95,0.0,43.258,0.002,0.002,0.007,0.0,0.679,1.075,36.138,0.451,0.359,1.351,47.94,129.562
PRT,Portugal,2004,,0.0,,0.0,,0.0,-1.652,-4.954,3.436,147.074,,0.0,0.0,0.0,0.0,506.247,33.155,-1.064,13.073,-0.415,38.553,1419.168,3681.923,0.0,0.0,51.3,1.54,14.86,32.51,11.69,9.87,0.0,5.96,0.08,1.62,12.31,0.0,0.82,44.82,22.69,1.172,28163.922,3.948,88.692,9.935,261.555,24979.186,3104.787,72.535,251574787750.0,26.082,25.268,12.829,7.631,37.834,1116.425,3613.203,0.0,0.0,22.021,-37.632,9.059,-16.12,26.715,942.61,2551.395,27.465,12.31,1175.636,-30.867,11.308,-14.889,33.347,3184.759,12.632,6.48,0.0,,0.0,0.0,0.0,0.0,0.0,13.298,1.49,62.79,2.718,185.168,569.195,17684.06,0.0,0.0,7.64,154.714,9.206,1.497,0.372,4.415,0.178,3.614,421.656,4280.424,10470926.0,294.902,1175.636,27.465,-30.867,11.308,-14.889,33.347,3184.759,0.0,10.98,0.003,0.001,0.008,0.0,0.751,1.83,63.468,0.749,0.858,2.209,78.312,210.957
PRT,Portugal,2005,,0.0,,0.0,,0.0,0.031,0.093,3.638,159.871,,0.0,0.0,0.0,0.0,563.88,32.98,0.63,13.151,0.243,38.796,1449.304,3691.886,0.0,0.0,53.0,1.68,15.23,37.93,13.61,4.73,0.0,9.09,0.07,1.75,8.25,0.0,1.77,46.18,26.04,1.159,28072.049,4.321,92.496,11.303,272.858,25965.477,3609.461,82.135,254497204216.0,29.472,13.333,14.535,5.044,42.878,1295.143,4080.303,0.0,0.0,10.243,-52.365,4.314,-13.99,12.726,450.112,1211.001,17.865,8.25,785.079,-33.617,7.504,-11.21,22.137,2106.595,12.868,6.82,0.0,,0.0,0.0,0.0,0.0,0.0,19.684,3.249,64.809,6.016,191.184,865.015,18193.288,0.0,0.0,6.661,166.532,4.911,1.57,0.217,4.632,0.152,3.79,440.783,4394.54,10508494.0,294.995,785.079,17.865,-33.617,7.504,-11.21,22.137,2106.595,0.0,30.035,0.003,0.002,0.01,0.0,0.973,3.833,115.904,1.617,2.56,4.769,168.435,453.838
PRT,Portugal,2006,,0.0,,0.0,,0.0,-1.181,-3.485,3.5,161.247,,0.284,0.828,0.828,78.572,471.279,30.801,-0.983,13.178,-0.381,38.415,1418.973,3643.677,0.0,0.0,54.01,1.7,14.96,32.85,12.34,11.0,0.0,5.55,0.09,1.79,15.72,0.0,2.93,48.57,22.89,1.124,27650.018,-8.787,85.377,-23.976,248.882,23606.718,3115.86,67.634,259465106955.0,25.407,-3.949,14.128,-1.693,41.184,1170.463,3906.389,0.0,0.0,22.648,129.345,10.012,16.46,29.186,1043.362,2768.328,32.366,15.72,1491.06,92.564,14.623,20.491,42.628,4043.322,10.072,5.44,0.0,,0.0,0.0,0.0,0.0,0.0,11.427,-11.456,58.071,-21.901,169.283,526.424,16056.653,0.0,0.0,8.537,169.784,3.237,1.64,0.15,4.782,0.185,3.685,453.571,4606.919,10542837.0,291.51,1491.06,32.366,92.564,14.623,20.491,42.628,4043.322,0.0,30.707,0.005,0.003,0.013,0.0,1.267,6.033,63.937,2.682,3.049,7.818,277.914,741.584
PRT,Portugal,2007,,0.0,,0.0,,0.0,0.729,2.124,3.967,175.917,89.42,0.534,0.741,1.569,148.404,446.364,26.445,-12.957,11.387,-4.977,33.437,1172.782,3162.465,0.0,0.0,54.38,1.86,12.4,30.68,13.12,10.09,0.0,5.16,0.2,2.06,16.21,0.02,4.04,46.89,20.93,1.1,27771.659,0.092,84.837,0.229,249.111,23560.699,2901.69,65.43,266976679105.0,27.98,6.579,14.948,2.709,43.894,1240.879,4151.449,0.0,0.0,21.518,-8.743,9.071,-2.552,26.634,954.304,2519.045,34.57,16.21,1533.129,4.446,15.163,1.895,44.523,4210.983,13.773,7.49,0.0,,0.0,0.0,0.0,0.0,0.0,11.004,1.475,58.501,2.497,171.78,488.029,16246.784,0.0,0.0,18.916,194.833,15.706,1.884,0.751,5.533,0.427,4.393,523.304,4434.818,10573150.0,293.634,1533.129,34.57,4.446,15.163,1.895,44.523,4210.983,0.043,377.131,0.022,0.05,0.064,1.892,6.029,8.616,37.154,3.652,2.905,10.723,382.1,1014.2
PRT,Portugal,2008,,0.0,,0.0,,0.0,-3.428,-10.065,4.068,174.606,2.297,0.566,0.036,1.605,151.495,448.549,24.626,-12.489,10.319,-4.176,29.261,1057.071,2761.726,0.0,0.0,54.91,1.85,11.2,30.84,15.2,6.8,0.0,4.44,0.19,2.04,14.64,0.04,5.76,45.48,20.4,1.056,26763.61,-2.326,85.805,-5.796,243.315,22964.426,2910.721,67.81,268554831332.0,33.421,9.408,16.935,4.13,48.023,1434.597,4532.523,0.0,0.0,14.952,-32.614,6.329,-8.687,17.948,641.793,1693.927,32.19,14.64,1381.743,-9.59,14.195,-4.27,40.254,3799.206,17.174,9.43,0.0,,0.0,0.0,0.0,0.0,0.0,9.763,-3.347,58.55,-5.749,166.03,419.053,15670.177,0.0,0.0,17.932,192.538,-2.482,1.903,-0.137,5.396,0.418,4.485,509.249,4292.464,10595312.0,283.569,1381.743,32.19,-9.59,14.195,-4.27,40.254,3799.206,0.088,69.772,0.038,0.044,0.108,3.775,10.215,12.665,41.72,5.359,4.474,15.197,543.637,1434.319
PRT,Portugal,2009,,0.0,,0.0,,0.0,0.617,1.749,4.224,197.094,63.062,0.917,1.012,2.617,246.826,426.031,26.071,13.517,11.642,3.955,33.217,1216.514,3132.446,0.0,0.0,54.26,2.09,12.9,31.19,14.71,8.28,0.0,3.58,0.18,2.27,18.29,0.16,7.58,49.48,21.08,1.091,26906.439,-3.537,82.262,-8.606,234.71,22133.923,2941.325,63.036,261579651403.0,29.729,-0.687,16.716,-0.33,47.694,1387.204,4497.671,0.0,0.0,16.734,21.104,7.618,3.788,21.735,780.833,2049.719,36.964,18.29,1724.81,25.723,17.738,10.355,50.608,4772.537,8.809,4.78,0.0,,0.0,0.0,0.0,0.0,0.0,7.235,-7.367,53.905,-12.231,153.799,337.606,14503.806,0.0,0.0,16.975,214.069,10.42,2.088,0.562,5.958,0.364,4.588,561.848,4666.135,10604066.0,285.318,1724.81,36.964,25.723,17.738,10.355,50.608,4772.537,0.323,287.835,0.147,0.312,0.42,15.089,39.584,15.319,30.801,6.967,4.681,19.878,714.82,1874.559
PRT,Portugal,2010,,0.0,,0.0,,0.0,4.883,13.933,4.861,246.318,45.263,1.271,1.185,3.802,358.819,308.624,13.224,-42.312,6.403,-14.055,19.162,670.061,1808.401,0.0,0.0,56.31,2.61,7.1,25.34,14.9,16.15,0.0,3.34,0.2,2.81,28.35,0.21,9.18,53.69,16.57,1.118,28241.728,-5.622,74.023,-13.195,221.515,20905.39,2391.456,47.197,267592240970.0,27.752,8.794,17.339,4.194,51.888,1406.184,4896.883,0.0,0.0,30.08,93.711,14.07,20.368,42.104,1524.152,3973.527,52.803,28.35,2675.524,53.604,25.977,27.128,77.736,7336.36,4.653,2.62,0.0,,0.0,0.0,0.0,0.0,0.0,6.221,-2.168,50.281,-3.334,150.465,315.212,14200.106,0.0,0.0,18.875,265.193,23.019,2.449,1.371,7.329,0.373,5.234,691.701,5066.98,10596055.0,299.251,2675.524,52.803,53.604,25.977,27.128,77.736,7336.36,0.391,33.551,0.187,0.141,0.561,19.819,52.905,17.098,20.439,8.0,4.063,23.941,866.36,2259.408
PRT,Portugal,2011,,0.0,,0.0,,0.0,-4.508,-13.491,5.628,276.27,-6.018,1.25,-0.229,3.573,338.078,357.749,18.986,34.791,9.039,6.667,25.829,931.937,2443.716,0.0,0.0,54.69,2.92,9.85,27.77,14.92,11.54,0.0,3.0,0.21,3.13,24.11,0.28,9.16,51.88,18.56,1.084,27036.595,-0.82,76.882,-1.815,219.699,20786.37,2627.399,53.527,263734347413.0,28.759,1.251,18.385,0.649,52.537,1411.624,4970.662,0.0,0.0,22.244,-28.996,10.462,-12.209,29.895,1091.832,2828.465,46.473,24.11,2281.116,-15.019,23.118,-11.675,66.061,6250.247,5.138,2.81,0.0,,0.0,0.0,0.0,0.0,0.0,5.783,-6.069,49.459,-9.131,141.334,283.839,13371.991,0.0,0.0,19.869,296.138,10.775,2.841,0.79,8.119,0.405,6.033,768.168,4908.515,10569388.0,285.76,2281.116,46.473,-15.019,23.118,-11.675,66.061,6250.247,0.54,30.363,0.256,0.17,0.731,26.492,69.142,17.656,-0.826,8.309,-0.198,23.743,866.654,2246.394
PRT,Portugal,2012,,0.0,,0.0,,0.0,-8.578,-24.513,6.474,280.25,-9.083,1.244,-0.325,3.249,308.629,408.602,28.725,31.062,12.958,8.023,33.851,1243.551,3215.886,0.0,0.0,53.46,2.95,13.09,26.2,10.67,5.62,0.0,2.44,0.15,3.1,19.37,0.39,10.26,45.57,18.62,1.032,24818.468,-5.279,79.657,-11.598,208.101,19769.582,2489.002,57.494,253104526923.0,23.415,-13.29,17.437,-6.982,45.555,1013.651,4327.724,0.0,0.0,12.333,-51.561,5.543,-15.414,14.481,533.9,1375.688,42.506,19.37,1840.151,-19.55,20.343,-12.915,53.146,5048.906,14.759,7.89,0.0,,0.0,0.0,0.0,0.0,0.0,5.354,-8.943,49.262,-12.639,128.694,231.8,12225.972,0.0,0.0,14.25,294.5,-1.748,3.053,-0.142,7.977,0.329,6.803,757.828,4329.153,10526308.0,261.247,1840.151,42.506,-19.55,20.343,-12.915,53.146,5048.906,0.856,38.517,0.387,0.281,1.012,37.05,96.166,22.515,11.306,10.116,2.684,26.427,974.701,2510.595
PRT,Portugal,2013,,0.0,,0.0,,0.0,9.292,24.276,6.036,291.224,-1.362,1.122,-0.044,3.204,305.974,313.279,23.432,-8.969,10.793,-3.036,30.815,1130.523,2942.363,0.0,0.0,53.31,3.05,11.84,21.06,7.23,13.73,0.0,1.99,0.2,3.25,29.47,0.48,12.01,50.53,15.83,1.141,27262.712,-0.594,72.451,-1.236,206.865,19752.179,2010.88,41.678,250243335124.0,14.308,-5.206,15.124,-2.371,43.183,690.345,4123.304,0.0,0.0,27.172,142.748,12.311,20.671,35.152,1310.987,3356.445,58.322,29.47,2813.896,48.003,27.549,25.512,78.658,7510.555,5.215,2.78,0.0,,0.0,0.0,0.0,0.0,0.0,3.938,3.242,46.534,4.172,132.866,190.012,12686.512,0.0,0.0,19.097,310.321,4.231,2.912,0.337,8.315,0.396,6.432,793.907,4824.776,10473025.0,285.523,2813.896,58.322,48.003,27.549,25.512,78.658,7510.555,0.95,21.184,0.43,0.214,1.227,45.832,117.131,23.768,16.396,10.773,4.333,30.76,1146.756,2937.098
PRT,Portugal,2014,,0.0,,0.0,,0.0,1.945,5.552,5.87,292.756,0.478,1.106,0.015,3.22,309.052,298.691,22.998,1.11,10.704,0.342,31.157,1147.029,2990.668,0.0,0.0,52.86,3.05,11.95,20.39,6.83,15.57,0.0,1.61,0.21,3.26,31.57,0.63,12.11,51.96,15.52,1.153,27939.068,0.323,71.299,0.668,207.533,19920.209,1957.147,39.242,252484951530.0,13.145,-4.455,14.175,-1.924,41.26,655.582,3960.333,0.0,0.0,29.965,12.715,13.612,4.47,39.622,1494.497,3803.118,60.758,31.57,3030.267,6.209,28.701,4.884,83.543,8018.881,1.703,0.9,0.0,,0.0,0.0,0.0,0.0,0.0,3.099,1.693,46.42,2.25,135.116,154.537,12969.208,0.0,0.0,20.157,312.913,-0.391,2.845,-0.032,8.282,0.404,6.274,794.964,4987.414,10418224.0,291.075,3030.267,60.758,6.209,28.701,4.884,83.543,8018.881,1.212,30.142,0.548,0.37,1.596,60.471,153.238,23.306,0.202,10.589,0.062,30.822,1162.386,2958.509
PRT,Portugal,2015,,0.0,,0.0,,0.0,-1.829,-5.323,6.046,298.987,26.479,1.425,0.853,4.072,392.767,379.949,28.73,21.685,13.268,6.757,37.914,1420.67,3656.714,0.0,0.0,53.54,3.1,14.73,26.9,10.56,8.66,0.0,1.61,0.2,3.3,24.37,0.8,11.61,51.27,19.48,1.114,27560.122,6.02,76.999,12.492,220.026,21220.906,2594.435,52.467,256506756942.0,20.597,16.818,16.867,6.939,48.199,1018.485,4648.636,0.0,0.0,16.891,-44.705,7.667,-17.713,21.909,835.234,2113.07,47.533,24.37,2350.423,-21.325,23.001,-17.815,65.727,6339.238,4.24,2.27,0.0,,0.0,0.0,0.0,0.0,0.0,3.14,-0.89,46.863,-1.203,133.913,155.28,12915.556,0.0,0.0,19.289,318.276,1.029,2.928,0.085,8.367,0.39,6.437,807.011,4944.858,10368346.0,285.753,2350.423,47.533,-21.325,23.001,-17.815,65.727,6339.238,1.56,26.159,0.705,0.418,2.014,77.158,194.253,22.645,-4.73,10.276,-1.458,29.365,1119.754,2832.138
PRT,Portugal,2016,,0.0,,0.0,,0.0,6.648,18.997,5.192,297.321,-19.751,1.072,-0.804,3.268,316.5,320.142,21.36,-12.7,10.861,-4.815,33.099,1223.181,3205.547,0.0,0.0,54.04,3.07,12.63,26.83,12.58,15.72,0.0,1.62,0.17,3.24,32.3,0.87,12.47,59.13,18.93,1.172,29514.185,0.148,72.306,0.327,220.352,21340.512,2598.411,45.375,260122132988.0,21.275,5.269,16.649,2.539,50.738,1218.338,4913.852,0.0,0.0,26.585,80.474,12.975,17.631,39.54,1522.439,3829.351,54.625,32.3,3128.166,28.406,27.694,18.67,84.398,8173.696,-9.419,-5.09,0.0,,0.0,0.0,0.0,0.0,0.0,2.74,1.943,44.796,2.602,136.515,156.893,13221.114,0.0,0.0,16.464,313.785,-2.562,2.675,-0.214,8.153,0.288,5.479,789.592,5726.577,10325540.0,304.75,3128.166,54.625,28.406,27.694,18.67,84.398,8173.696,1.471,2.635,0.678,0.053,2.067,84.257,200.199,21.089,6.828,10.294,2.005,31.37,1207.685,3038.054
PRT,Portugal,2017,,,,,,,-2.679,-8.163,5.581,312.97,-9.245,1.0,-0.302,2.966,288.272,406.412,25.425,14.09,12.732,4.664,37.763,1425.86,3670.364,,,55.02,3.22,14.67,35.12,18.89,5.9,0.0,1.56,0.22,3.44,22.58,0.99,12.25,57.7,23.45,1.102,28826.924,7.639,79.972,16.834,237.186,23053.435,3413.511,60.867,269243030063.0,32.738,24.945,21.375,12.657,63.395,1836.026,6161.708,,,10.225,-62.715,4.971,-24.798,14.743,573.454,1432.908,39.133,22.58,2194.678,-29.618,20.028,-24.997,59.401,5773.512,-4.871,-2.68,0.0,,0.0,0.0,0.0,0.0,0.0,2.704,-0.357,45.865,-0.487,136.028,151.625,13221.363,,,21.383,334.353,5.391,2.897,0.44,8.593,0.381,5.962,835.154,5608.189,10288527.0,296.587,2194.678,39.133,-29.618,20.028,-24.997,59.401,5773.512,1.716,19.971,0.836,0.413,2.48,96.224,241.045,21.231,-2.389,10.324,-0.75,30.62,1190.647,2976.133
PRT,Portugal,2018,,,,,,,1.581,4.69,5.41,308.107,10.658,1.089,0.316,3.282,320.003,337.271,20.562,-16.138,10.511,-6.094,31.668,1171.0,3087.746,,,55.75,3.16,12.01,29.0,15.61,12.39,0.0,1.38,0.23,3.39,29.41,1.01,12.62,58.41,19.7,1.09,29375.058,-5.171,74.656,-12.264,224.922,21930.337,2827.56,49.649,276343587731.0,26.725,-8.52,19.249,-5.401,57.994,1522.007,5654.521,,,21.212,108.929,10.224,16.059,30.801,1208.051,3003.195,50.351,29.41,2867.536,28.541,25.344,16.954,76.355,7444.744,-4.771,-2.66,0.0,,0.0,0.0,0.0,0.0,0.0,2.363,-0.565,44.895,-0.769,135.259,134.553,13188.07,,,22.425,330.532,-2.06,2.793,-0.177,8.416,0.394,5.804,820.529,5695.096,10256192.0,301.276,2867.536,50.351,28.541,25.344,16.954,76.355,7444.744,1.729,0.718,0.829,0.018,2.498,98.477,243.542,21.606,2.41,10.408,0.738,31.358,1230.476,3057.476
PRT,Portugal,2019,,,,,,,-4.896,-14.752,6.495,328.569,-0.046,1.145,-0.002,3.28,320.794,294.993,10.69,-54.156,5.067,-17.15,14.518,540.769,1419.701,,,55.13,3.36,5.53,24.32,17.26,8.82,0.0,1.53,0.22,3.58,27.41,1.34,13.67,51.73,15.26,,28018.71,-4.241,75.171,-9.538,215.383,21061.953,2378.21,47.013,,33.366,5.788,21.412,3.356,61.35,1687.825,5999.335,,,17.05,-29.109,7.621,-8.966,21.835,862.492,2135.235,52.987,27.41,2680.376,-6.828,24.829,-5.213,71.141,6956.779,6.167,3.4,0.0,,0.0,0.0,0.0,0.0,0.0,2.958,3.146,48.692,4.256,139.515,149.616,13642.917,,,21.513,350.082,5.251,3.091,0.442,8.857,0.425,6.921,866.153,5058.586,10226178.0,286.524,2680.376,52.987,-6.828,24.829,-5.213,71.141,6956.779,2.59,33.139,1.161,0.828,3.326,131.036,325.201,26.426,7.923,11.811,2.484,33.842,1336.765,3309.397
PRT,Portugal,2020,,,,,,,-9.591,-27.48,7.354,371.689,-11.498,1.121,-0.377,2.903,284.729,251.843,4.579,-53.696,2.595,-7.796,6.722,231.447,659.273,,,53.0,3.79,2.36,21.43,17.6,12.08,0.0,1.47,0.22,4.01,30.11,1.72,12.3,51.54,12.98,,25404.71,-16.05,69.801,-34.568,180.815,17732.698,2101.659,41.579,,34.148,-2.3,23.139,-1.411,59.939,1726.047,5878.277,,,23.438,40.546,11.847,8.853,30.689,1184.696,3009.651,58.421,30.11,2952.914,9.964,30.199,7.088,78.229,7672.033,2.755,1.46,0.0,,0.0,0.0,0.0,0.0,0.0,2.852,-18.178,44.067,-25.361,114.154,144.164,11195.148,,,21.576,393.264,12.362,3.842,1.095,9.952,0.427,7.78,976.038,5054.573,10196707.0,259.044,2952.914,58.421,9.964,30.199,7.088,78.229,7672.033,3.337,25.746,1.614,0.856,4.182,168.682,410.11,23.865,-9.866,11.775,-3.339,30.503,1206.272,2991.505
PRT,Portugal,2021,,,,,,,,,7.79,373.724,,,,,,222.632,1.763,,,,,84.58,,,,53.45,3.8,0.86,18.06,15.69,11.33,0.0,1.51,0.22,4.02,30.72,2.2,13.17,48.78,10.86,,,,,,,,1776.174,37.023,,32.165,,,,,1543.088,,,,23.227,,,,,1114.289,,62.977,30.72,3021.266,,,,,,8.737,4.67,0.0,,,,,0.0,,3.096,,,,,148.506,,,,21.637,395.361,,,,,0.451,8.241,,4797.44,10167923.0,,3021.266,62.977,,,,,,4.51,,,,,216.367,,26.999,,,,,1295.25,
