iso_code,country,year,coal_prod_change_pct,coal_prod_change_twh,gas_prod_change_pct,gas_prod_change_twh,oil_prod_change_pct,oil_prod_change_twh,energy_cons_change_pct,energy_cons_change_twh,biofuel_share_elec,biofuel_elec_per_capita,biofuel_cons_change_pct,biofuel_share_energy,biofuel_cons_change_twh,biofuel_consumption,biofuel_cons_per_capita,carbon_intensity_elec,coal_share_elec,coal_cons_change_pct,coal_share_energy,coal_cons_change_twh,coal_consumption,coal_elec_per_capita,coal_cons_per_capita,coal_production,coal_prod_per_capita,electricity_demand,biofuel_electricity,coal_electricity,fossil_electricity,gas_electricity,hydro_electricity,nuclear_electricity,oil_electricity,other_renewable_exc_biofuel_electricity,other_renewable_electricity,renewables_electricity,solar_electricity,wind_electricity,electricity_generation,greenhouse_gas_emissions,energy_per_gdp,energy_per_capita,fossil_cons_change_pct,fossil_share_energy,fossil_cons_change_twh,fossil_fuel_consumption,fossil_energy_per_capita,fossil_cons_per_capita,fossil_share_elec,gdp,gas_share_elec,gas_cons_change_pct,gas_share_energy,gas_cons_change_twh,gas_consumption,gas_elec_per_capita,gas_energy_per_capita,gas_production,gas_prod_per_capita,hydro_share_elec,hydro_cons_change_pct,hydro_share_energy,hydro_cons_change_twh,hydro_consumption,hydro_elec_per_capita,hydro_energy_per_capita,low_carbon_share_elec,low_carbon_electricity,low_carbon_elec_per_capita,low_carbon_cons_change_pct,low_carbon_share_energy,low_carbon_cons_change_twh,low_carbon_consumption,low_carbon_energy_per_capita,net_elec_imports_share_demand,net_elec_imports,nuclear_share_elec,nuclear_cons_change_pct,nuclear_share_energy,nuclear_cons_change_twh,nuclear_consumption,nuclear_elec_per_capita,nuclear_energy_per_capita,oil_share_elec,oil_cons_change_pct,oil_share_energy,oil_cons_change_twh,oil_consumption,oil_elec_per_capita,oil_energy_per_capita,oil_production,oil_prod_per_capita,other_renewables_elec_per_capita_exc_biofuel,other_renewables_elec_per_capita,other_renewables_cons_change_pct,other_renewables_share_energy,other_renewables_cons_change_twh,other_renewable_consumption,other_renewables_share_elec_exc_biofuel,other_renewables_share_elec,other_renewables_energy_per_capita,per_capita_electricity,population,primary_energy_consumption,renewables_elec_per_capita,renewables_share_elec,renewables_cons_change_pct,renewables_share_energy,renewables_cons_change_twh,renewables_consumption,renewables_energy_per_capita,solar_share_elec,solar_cons_change_pct,solar_share_energy,solar_cons_change_twh,solar_consumption,solar_elec_per_capita,solar_energy_per_capita,wind_share_elec,wind_cons_change_pct,wind_share_energy,wind_cons_change_twh,wind_consumption,wind_elec_per_capita,wind_energy_per_capita
REU,Reunion,1980,,,,,,,,,,,,,,,,,,,,,,,,0.0,0.0,,,,,,,,,,,,,,,,,6703.982,,,,,,,,,,,,,,,,,,,,,,,,,,,,,,,,,,,,,,,,,,,,,,,,,,,,,,,,,,,,,509264.0,3.414,,,,,,,,,,,,,,,,,,,,,
REU,Reunion,1981,,0.0,,,,,6.071,0.207,,,,,,,,,,,,,,,,0.0,0.0,,,,,,,,,,,,,,,,,6998.94,,,,,,,,,,,,,,,,,,,,,,,,,,,,,,,,,,,,,,,,,,,,,,,,,,,,,,,,,,,,,517414.0,3.621,,,,,,,,,,,,,,,,,,,,,
REU,Reunion,1982,,0.0,,,,,10.793,0.391,,,,,,,,,,,,,,,,0.0,0.0,,,,,,,,,,,,,,,,,7614.011,,,,,,,,,,,,,,,,,,,,,,,,,,,,,,,,,,,,,,,,,,,,,,,,,,,,,,,,,,,,,526950.0,4.012,,,,,,,,,,,,,,,,,,,,,
REU,Reunion,1983,,0.0,,,,,10.759,0.432,,,,,,,,,,,,,,,,0.0,0.0,,,,,,,,,,,,,,,,,8269.183,,,,,,,,,,,,,,,,,,,,,,,,,,,,,,,,,,,,,,,,,,,,,,,,,,,,,,,,,,,,,537401.0,4.444,,,,,,,,,,,,,,,,,,,,,
REU,Reunion,1984,,0.0,,,,,6.147,0.273,,,,,,,,,,,,,,,,0.0,0.0,,,,,,,,,,,,,,,,,8605.547,,,,,,,,,,,,,,,,,,,,,,,,,,,,,,,,,,,,,,,,,,,,,,,,,,,,,,,,,,,,,548141.0,4.717,,,,,,,,,,,,,,,,,,,,,
REU,Reunion,1985,,0.0,,,,,3.717,0.175,,,,,,,,,,,,,,,,0.0,0.0,,,,,,,,,,,,,,,,,8756.675,,,,,,,,,,,,,,,,,,,,,,,,,,,,,,,,,,,,,,,,,,,,,,,,,,,,,,,,,,,,,558704.0,4.892,,,,,,,,,,,,,,,,,,,,,
REU,Reunion,1986,,0.0,,,,,-1.421,-0.07,,,,,,,,,,,,,,,,0.0,0.0,,,,,,,,,,,,,,,,,8477.362,,,,,,,,,,,,,,,,,,,,,,,,,,,,,,,,,,,,,,,,,,,,,,,,,,,,,,,,,,,,,568913.0,4.823,,,,,,,,,,,,,,,,,,,,,
REU,Reunion,1987,,0.0,,,,,10.647,0.513,,,,,,,,,,,,,,,,0.0,0.0,,,,,,,,,,,,,,,,,9217.515,,,,,,,,,,,,,,,,,,,,,,,,,,,,,,,,,,,,,,,,,,,,,,,,,,,,,,,,,,,,,578938.0,5.336,,,,,,,,,,,,,,,,,,,,,
REU,Reunion,1988,,0.0,,,,,7.339,0.392,,,,,,,,,,,,,,,,0.0,0.0,,,,,,,,,,,,,,,,,9725.2,,,,,,,,,,,,,,,,,,,,,,,,,,,,,,,,,,,,,,,,,,,,,,,,,,,,,,,,,,,,,588985.0,5.728,,,,,,,,,,,,,,,,,,,,,
REU,Reunion,1989,,0.0,,,,,10.758,0.616,,,,,,,,,,,,,,,,0.0,0.0,,,,,,,,,,,,,,,,,10583.415,,,,,,,,,,,,,,,,,,,,,,,,,,,,,,,,,,,,,,,,,,,,,,,,,,,,,,,,,,,,,599447.0,6.344,,,,,,,,,,,,,,,,,,,,,
REU,Reunion,1990,,0.0,,,,,5.959,0.378,,,,,,,,,,,,,,,,0.0,0.0,,,,,,,,,,,,,,,,,11009.486,,,,,,,,,,,,,,,,,,,,,,,,,,,,,,,,,,,,,,,,,,,,,,,,,,,,,,,,,,,,,610584.0,6.722,,,,,,,,,,,,,,,,,,,,,
REU,Reunion,1991,,0.0,,,,,9.446,0.635,,,,,,,,,,,,,,,,0.0,0.0,,,,,,,,,,,,,,,,,11820.389,,,,,,,,,,,,,,,,,,,,,,,,,,,,,,,,,,,,,,,,,,,,,,,,,,,,,,,,,,,,,622413.0,7.357,,,,,,,,,,,,,,,,,,,,,
REU,Reunion,1992,,0.0,,,,,3.876,0.285,,,,,,,,,,,,,,,,0.0,0.0,,,,,,,,,,,,,,,,,12039.09,,,,,,,,,,,,,,,,,,,,,,,,,,,,,,,,,,,,,,,,,,,,,,,,,,,,,,,,,,,,,634793.0,7.642,,,,,,,,,,,,,,,,,,,,,
REU,Reunion,1993,,0.0,,,,,21.785,1.665,,,,,,,,,,,,,,,,0.0,0.0,,,,,,,,,,,,,,,,,14372.057,,,,,,,,,,,,,,,,,,,,,,,,,,,,,,,,,,,,,,,,,,,,,,,,,,,,,,,,,,,,,647590.0,9.307,,,,,,,,,,,,,,,,,,,,,
REU,Reunion,1994,,0.0,,,,,3.254,0.303,,,,,,,,,,,,,,,,0.0,0.0,,,,,,,,,,,,,,,,,14548.246,,,,,,,,,,,,,,,,,,,,,,,,,,,,,,,,,,,,,,,,,,,,,,,,,,,,,,,,,,,,,660565.0,9.61,,,,,,,,,,,,,,,,,,,,,
REU,Reunion,1995,,0.0,,,,,-1.113,-0.107,,,,,,,,,,,,,,,,0.0,0.0,,,,,,,,,,,,,,,,,14109.078,,,,,,,,,,,,,,,,,,,,,,,,,,,,,,,,,,,,,,,,,,,,,,,,,,,,,,,,,,,,,673543.0,9.503,,,,,,,,,,,,,,,,,,,,,
REU,Reunion,1996,,0.0,,,,,0.369,0.035,,,,,,,,,,,,,,,,0.0,0.0,,,,,,,,,,,,,,,,,13894.667,,,,,,,,,,,,,,,,,,,,,,,,,,,,,,,,,,,,,,,,,,,,,,,,,,,,,,,,,,,,,686462.0,9.538,,,,,,,,,,,,,,,,,,,,,
REU,Reunion,1997,,0.0,,,,,0.799,0.076,,,,,,,,,,,,,,,,0.0,0.0,,,,,,,,,,,,,,,,,13748.414,,,,,,,,,,,,,,,,,,,,,,,,,,,,,,,,,,,,,,,,,,,,,,,,,,,,,,,,,,,,,699307.0,9.614,,,,,,,,,,,,,,,,,,,,,
REU,Reunion,1998,,0.0,,,,,24.161,2.323,,,,,,,,,,,,,,,,0.0,0.0,,,,,,,,,,,,,,,,,16765.874,,,,,,,,,,,,,,,,,,,,,,,,,,,,,,,,,,,,,,,,,,,,,,,,,,,,,,,,,,,,,712000.0,11.937,,,,,,,,,,,,,,,,,,,,,
REU,Reunion,1999,,0.0,,,,,0.089,0.011,,,,,,,,,,,,,,,,0.0,0.0,,,,,,,,,,,,,,,,,16491.709,,,,,,,,,,,,,,,,,,,,,,,,,,,,,,,,,,,,,,,,,,,,,,,,,,,,,,,,,,,,,724484.0,11.948,,,,,,,,,,,,,,,,,,,,,
REU,Reunion,2000,,0.0,,,,,-4.821,-0.576,8.247,217.181,,,,,,469.072,0.0,,,,,0.0,,0.0,0.0,1.94,0.16,0.0,1.23,0.0,0.55,0.0,1.23,0.0,0.16,0.71,0.0,0.0,1.94,0.91,,15436.13,,,,,,1669.576,63.402,,0.0,,,,,0.0,,,,28.351,,,,,746.558,,36.598,0.71,963.739,,,,,,0.0,0.0,0.0,,,,,0.0,,63.402,,,,,1669.576,,,,0.0,217.181,,,,,0.0,8.247,,2633.315,736714.0,11.372,963.739,36.598,,,,,,0.0,,,,,0.0,,0.0,,,,,0.0,
REU,Reunion,2001,,0.0,,,,,0.413,0.047,8.095,227.074,,,,,,480.952,0.0,,,,,0.0,,0.0,0.0,2.1,0.17,0.0,1.37,0.0,0.56,0.0,1.37,0.0,0.17,0.73,0.0,0.0,2.1,1.01,,15252.761,,,,,,1829.953,65.238,,0.0,,,,,0.0,,,,26.667,,,,,748.01,,34.762,0.73,975.085,,,,,,0.0,0.0,0.0,,,,,0.0,,65.238,,,,,1829.953,,,,0.0,227.074,,,,,0.0,8.095,,2805.038,748653.0,11.419,975.085,34.762,,,,,,0.0,,,,,0.0,,0.0,,,,,0.0,
REU,Reunion,2002,,0.0,,,,,1.688,0.193,6.731,184.15,,,,,,480.769,0.0,,,,,0.0,,0.0,0.0,2.08,0.14,0.0,1.37,0.0,0.57,0.0,1.37,0.0,0.14,0.71,0.0,0.0,2.08,1.0,,15273.595,,,,,,1802.039,65.865,,0.0,,,,,0.0,,,,27.404,,,,,749.753,,34.135,0.71,933.903,,,,,,0.0,0.0,0.0,,,,,0.0,,65.865,,,,,1802.039,,,,0.0,184.15,,,,,0.0,6.731,,2735.942,760250.0,11.612,933.903,34.135,,,,,,0.0,,,,,0.0,,0.0,,,,,0.0,
REU,Reunion,2003,,0.0,,,,,1.0,0.116,6.912,194.457,,,,,,488.479,0.0,,,,,0.0,,0.0,0.0,2.17,0.15,0.0,1.45,0.0,0.57,0.0,1.45,0.0,0.15,0.72,0.0,0.0,2.17,1.06,,15203.743,,,,,,1879.755,66.82,,0.0,,,,,0.0,,,,26.267,,,,,738.938,,33.18,0.72,933.396,,,,,,0.0,0.0,0.0,,,,,0.0,,66.82,,,,,1879.755,,,,0.0,194.457,,,,,0.0,6.912,,2813.151,771377.0,11.728,933.396,33.18,,,,,,0.0,,,,,0.0,,0.0,,,,,0.0,
REU,Reunion,2004,,0.0,,,,,11.1,1.302,9.244,281.38,,,,,,491.597,0.0,,,,,0.0,,0.0,0.0,2.38,0.22,0.0,1.59,0.0,0.57,0.0,1.59,0.0,0.22,0.79,0.0,0.0,2.38,1.17,,16664.877,,,,,,2033.61,66.807,,0.0,,,,,0.0,,,,23.95,,,,,729.03,,33.193,0.79,1010.41,,,,,,0.0,0.0,0.0,,,,,0.0,,66.807,,,,,2033.61,,,,0.0,281.38,,,,,0.0,9.244,,3044.019,781861.0,13.03,1010.41,33.193,,,,,,0.0,,,,,0.0,,0.0,,,,,0.0,
REU,Reunion,2005,,0.0,,,,,-4.929,-0.642,9.6,303.184,,,,,,500.0,0.0,,,,,0.0,,0.0,0.0,2.5,0.24,0.0,1.68,0.0,0.57,0.0,1.68,0.0,0.24,0.82,0.0,0.01,2.5,1.25,,15648.566,,,,,,2122.289,67.2,,0.0,,,,,0.0,,,,22.8,,,,,720.062,,32.8,0.82,1035.879,,,,,,0.0,0.0,0.0,,,,,0.0,,67.2,,,,,2122.289,,,,0.0,303.184,,,,,0.0,9.6,,3158.169,791598.0,12.387,1035.879,32.8,,,,,,0.0,,,,,0.0,,0.4,,,,,12.633,
REU,Reunion,2006,,0.0,,,,,-5.567,-0.69,11.858,374.75,,,,,,490.119,0.0,,,,,0.0,,0.0,0.0,2.53,0.3,0.0,1.65,0.0,0.57,0.0,1.65,0.0,0.3,0.88,0.0,0.01,2.53,1.24,,14612.432,,,,,,2061.127,65.217,,0.0,,,,,0.0,,,,22.53,,,,,712.026,,34.783,0.88,1099.268,,,,,,0.0,0.0,0.0,,,,,0.0,,65.217,,,,,2061.127,,,,0.0,374.75,,,,,0.0,11.858,,3160.394,800533.0,11.698,1099.268,34.783,,,,,,0.0,,,,,0.0,,0.395,,,,,12.492,
REU,Reunion,2007,,0.0,,,,,-2.592,-0.303,11.628,370.953,,,,,,472.868,0.0,,,,,0.0,,0.0,0.0,2.58,0.3,0.0,1.62,0.0,0.65,0.0,1.62,0.0,0.3,0.96,0.0,0.01,2.58,1.22,,14089.432,,,,,,2003.146,62.791,,0.0,,,,,0.0,,,,25.194,,,,,803.731,,37.209,0.96,1187.049,,,,,,0.0,0.0,0.0,,,,,0.0,,62.791,,,,,2003.146,,,,0.0,370.953,,,,,0.0,11.628,,3190.195,808728.0,11.395,1187.049,37.209,,,,,,0.0,,,,,0.0,,0.388,,,,,12.365,
REU,Reunion,2008,,0.0,,,,,9.479,1.08,12.268,404.251,,,,,,483.271,0.0,,,,,0.0,,0.0,0.0,2.69,0.33,0.0,1.72,0.0,0.63,0.0,1.72,0.0,0.33,0.97,0.0,0.01,2.69,1.3,,15281.478,,,,,,2107.004,63.941,,0.0,,,,,0.0,,,,23.42,,,,,771.751,,36.059,0.97,1188.252,,,,,,0.0,0.0,0.0,,,,,0.0,,63.941,,,,,2107.004,,,,0.0,404.251,,,,,0.0,12.268,,3295.256,816325.0,12.475,1188.252,36.059,,,,,,0.0,,,,,0.0,,0.372,,,,,12.25,
REU,Reunion,2009,,0.0,,,,,2.128,0.266,11.511,388.572,,,,,,503.597,0.0,,,,,0.0,,0.0,0.0,2.78,0.32,0.0,1.89,0.0,0.53,0.0,1.89,0.0,0.32,0.89,0.02,0.02,2.78,1.4,,15470.214,,,,,,2295.001,67.986,,0.0,,,,,0.0,,,,19.065,,,,,643.572,,32.014,0.89,1080.715,,,,,,0.0,0.0,0.0,,,,,0.0,,67.986,,,,,2295.001,,,,0.0,388.572,,,,,0.0,11.511,,3375.716,823529.0,12.74,1080.715,32.014,,,,,,0.719,,,,,24.286,,0.719,,,,,24.286,
REU,Reunion,2010,,0.0,,,,,8.857,1.128,11.189,385.307,,,,,,493.007,0.0,,,,,0.0,,0.0,0.0,2.86,0.32,0.0,1.9,0.0,0.54,0.0,1.9,0.0,0.32,0.96,0.08,0.02,2.86,1.41,,16698.942,,,,,,2287.759,66.434,,0.0,,,,,0.0,,,,18.881,,,,,650.205,,33.566,0.96,1155.92,,,,,,0.0,0.0,0.0,,,,,0.0,,66.434,,,,,2287.759,,,,0.0,385.307,,,,,0.0,11.189,,3443.68,830507.0,13.869,1155.92,33.566,,,,,,2.797,,,,,96.327,,0.699,,,,,24.082,
REU,Reunion,2011,,0.0,,,,,-3.737,-0.518,11.765,406.05,,,,,,519.031,0.0,,,,,0.0,,0.0,0.0,2.89,0.34,0.0,2.0,0.0,0.4,0.0,2.0,0.0,0.34,0.89,0.14,0.01,2.89,1.5,,15943.785,,,,,,2388.527,69.204,,0.0,,,,,0.0,,,,13.841,,,,,477.705,,30.796,0.89,1062.895,,,,,,0.0,0.0,0.0,,,,,0.0,,69.204,,,,,2388.527,,,,0.0,406.05,,,,,0.0,11.765,,3451.422,837336.0,13.35,1062.895,30.796,,,,,,4.844,,,,,167.197,,0.346,,,,,11.943,
REU,Reunion,2012,,0.0,,,,,-3.9,-0.521,9.797,343.608,,,,,,496.622,0.0,,,,,0.0,,0.0,0.0,2.96,0.29,0.0,1.97,0.0,0.49,0.0,1.97,0.0,0.29,0.99,0.19,0.02,2.96,1.47,,15201.324,,,,,,2334.167,66.554,,0.0,,,,,0.0,,,,16.554,,,,,580.58,,33.446,0.99,1173.008,,,,,,0.0,0.0,0.0,,,,,0.0,,66.554,,,,,2334.167,,,,0.0,343.608,,,,,0.0,9.797,,3507.175,843984.0,12.83,1173.008,33.446,,,,,,6.419,,,,,225.123,,0.676,,,,,23.697,
REU,Reunion,2013,,0.0,,,,,-0.954,-0.122,8.136,282.185,,,,,,481.356,0.0,,,,,0.0,,0.0,0.0,2.95,0.24,0.0,1.92,0.0,0.56,0.0,1.92,0.0,0.24,1.03,0.22,0.01,2.95,1.42,,14940.823,,,,,,2257.48,65.085,,0.0,,,,,0.0,,,,18.983,,,,,658.432,,34.915,1.03,1211.044,,,,,,0.0,0.0,0.0,,,,,0.0,,65.085,,,,,2257.48,,,,0.0,282.185,,,,,0.0,8.136,,3468.523,850506.0,12.707,1211.044,34.915,,,,,,7.458,,,,,258.67,,0.339,,,,,11.758,
REU,Reunion,2014,,0.0,,,,,1.391,0.177,10.0,350.075,,,,,,500.0,0.0,,,,,0.0,,0.0,0.0,3.0,0.3,0.0,2.01,0.0,0.43,0.0,2.01,0.0,0.3,0.99,0.24,0.02,3.0,1.5,,15034.619,,,,,,2345.5,67.0,,0.0,,,,,0.0,,,,14.333,,,,,501.774,,33.0,0.99,1155.246,,,,,,0.0,0.0,0.0,,,,,0.0,,67.0,,,,,2345.5,,,,0.0,350.075,,,,,0.0,10.0,,3500.747,856960.0,12.884,1155.246,33.0,,,,,,8.0,,,,,280.06,,0.667,,,,,23.338,
REU,Reunion,2015,,0.0,,,,,6.693,0.862,10.131,359.063,,,,,,483.66,0.0,,,,,0.0,,0.0,0.0,3.06,0.31,0.0,1.98,0.0,0.5,0.0,1.98,0.0,0.31,1.08,0.25,0.02,3.06,1.48,,15922.006,,,,,,2293.368,64.706,,0.0,,,,,0.0,,,,16.34,,,,,579.133,,35.294,1.08,1250.928,,,,,,0.0,0.0,0.0,,,,,0.0,,64.706,,,,,2293.368,,,,0.0,359.063,,,,,0.0,10.131,,3544.296,863359.0,13.746,1250.928,35.294,,,,,,8.17,,,,,289.567,,0.654,,,,,23.165,
REU,Reunion,2016,,0.0,,,,,1.694,0.233,10.423,367.925,,,,,,488.599,0.0,,,,,0.0,,0.0,0.0,3.07,0.32,0.0,2.01,0.0,0.46,0.0,2.01,0.0,0.32,1.06,0.26,0.02,3.07,1.5,,16072.855,,,,,,2311.03,65.472,,0.0,,,,,0.0,,,,14.984,,,,,528.892,,34.528,1.06,1218.752,,,,,,0.0,0.0,0.0,,,,,0.0,,65.472,,,,,2311.03,,,,0.0,367.925,,,,,0.0,10.423,,3529.782,869742.0,13.979,1218.752,34.528,,,,,,8.469,,,,,298.939,,0.651,,,,,22.995,
REU,Reunion,2017,,,,,,,-0.244,-0.034,10.749,376.656,,,,,,498.371,0.0,,,,,0.0,,,,3.07,0.33,0.0,2.05,0.0,0.42,0.0,2.05,0.0,0.33,1.02,0.26,0.01,3.07,1.53,,15916.645,,,,,,2339.833,66.775,,0.0,,,,,0.0,,,,13.681,,,,,479.38,,33.225,1.02,1164.209,,,,,,0.0,0.0,0.0,,,,,0.0,,66.775,,,,,2339.833,,,,0.0,376.656,,,,,0.0,10.749,,3504.042,876131.0,13.945,1164.209,33.225,,,,,,8.469,,,,,296.759,,0.326,,,,,11.414,
REU,Reunion,2018,,,,,,,-0.034,-0.005,10.423,362.593,,,,,,482.085,0.0,,,,,0.0,,,,3.07,0.32,0.0,1.99,0.0,0.5,0.0,1.99,0.0,0.32,1.08,0.25,0.01,3.07,1.48,,15795.834,,,,,,2254.878,64.821,,0.0,,,,,0.0,,,,16.287,,,,,566.552,,35.179,1.08,1223.753,,,,,,0.0,0.0,0.0,,,,,0.0,,64.821,,,,,2254.878,,,,0.0,362.593,,,,,0.0,10.423,,3478.631,882531.0,13.94,1223.753,35.179,,,,,,8.143,,,,,283.276,,0.326,,,,,11.331,
REU,Reunion,2019,,,,,,,1.586,0.221,16.981,607.471,,,,,,437.107,0.0,,,,,0.0,,,,3.18,0.54,0.0,1.78,0.0,0.6,0.0,1.78,0.0,0.54,1.4,0.25,0.01,3.18,1.39,,15930.887,,,,,,2002.403,55.975,,0.0,,,,,0.0,,,,18.868,,,,,674.967,,44.025,1.4,1574.924,,,,,,0.0,0.0,0.0,,,,,0.0,,55.975,,,,,2002.403,,,,0.0,607.471,,,,,0.0,16.981,,3577.326,888932.0,14.161,1574.924,44.025,,,,,,7.862,,,,,281.236,,0.314,,,,,11.249,
REU,Reunion,2020,,,,,,,,,17.59,603.144,,,,,,452.769,0.0,,,,,0.0,,,,3.07,0.54,0.0,1.78,0.0,0.49,0.0,1.78,0.0,0.54,1.29,0.25,0.01,3.07,1.39,,,,,,,,1988.143,57.98,,0.0,,,,,0.0,,,,15.961,,,,,547.298,,42.02,1.29,1440.845,,,,,,0.0,0.0,0.0,,,,,0.0,,57.98,,,,,1988.143,,,,0.0,603.144,,,,,0.0,17.59,,3428.988,895308.0,,1440.845,42.02,,,,,,8.143,,,,,279.234,,0.326,,,,,11.169,
