iso_code,country,year,coal_prod_change_pct,coal_prod_change_twh,gas_prod_change_pct,gas_prod_change_twh,oil_prod_change_pct,oil_prod_change_twh,energy_cons_change_pct,energy_cons_change_twh,biofuel_share_elec,biofuel_elec_per_capita,biofuel_cons_change_pct,biofuel_share_energy,biofuel_cons_change_twh,biofuel_consumption,biofuel_cons_per_capita,carbon_intensity_elec,coal_share_elec,coal_cons_change_pct,coal_share_energy,coal_cons_change_twh,coal_consumption,coal_elec_per_capita,coal_cons_per_capita,coal_production,coal_prod_per_capita,electricity_demand,biofuel_electricity,coal_electricity,fossil_electricity,gas_electricity,hydro_electricity,nuclear_electricity,oil_electricity,other_renewable_exc_biofuel_electricity,other_renewable_electricity,renewables_electricity,solar_electricity,wind_electricity,electricity_generation,greenhouse_gas_emissions,energy_per_gdp,energy_per_capita,fossil_cons_change_pct,fossil_share_energy,fossil_cons_change_twh,fossil_fuel_consumption,fossil_energy_per_capita,fossil_cons_per_capita,fossil_share_elec,gdp,gas_share_elec,gas_cons_change_pct,gas_share_energy,gas_cons_change_twh,gas_consumption,gas_elec_per_capita,gas_energy_per_capita,gas_production,gas_prod_per_capita,hydro_share_elec,hydro_cons_change_pct,hydro_share_energy,hydro_cons_change_twh,hydro_consumption,hydro_elec_per_capita,hydro_energy_per_capita,low_carbon_share_elec,low_carbon_electricity,low_carbon_elec_per_capita,low_carbon_cons_change_pct,low_carbon_share_energy,low_carbon_cons_change_twh,low_carbon_consumption,low_carbon_energy_per_capita,net_elec_imports_share_demand,net_elec_imports,nuclear_share_elec,nuclear_cons_change_pct,nuclear_share_energy,nuclear_cons_change_twh,nuclear_consumption,nuclear_elec_per_capita,nuclear_energy_per_capita,oil_share_elec,oil_cons_change_pct,oil_share_energy,oil_cons_change_twh,oil_consumption,oil_elec_per_capita,oil_energy_per_capita,oil_production,oil_prod_per_capita,other_renewables_elec_per_capita_exc_biofuel,other_renewables_elec_per_capita,other_renewables_cons_change_pct,other_renewables_share_energy,other_renewables_cons_change_twh,other_renewable_consumption,other_renewables_share_elec_exc_biofuel,other_renewables_share_elec,other_renewables_energy_per_capita,per_capita_electricity,population,primary_energy_consumption,renewables_elec_per_capita,renewables_share_elec,renewables_cons_change_pct,renewables_share_energy,renewables_cons_change_twh,renewables_consumption,renewables_energy_per_capita,solar_share_elec,solar_cons_change_pct,solar_share_energy,solar_cons_change_twh,solar_consumption,solar_elec_per_capita,solar_energy_per_capita,wind_share_elec,wind_cons_change_pct,wind_share_energy,wind_cons_change_twh,wind_consumption,wind_elec_per_capita,wind_energy_per_capita
RUS,Russia,1985,,,,,,,,,,,,,,,,,14.382,,24.199,,2303.885,967.79,16115.911,2160.92,15115.844,,,138.353,702.957,451.267,159.726,99.317,113.337,,0.0,159.726,0.0,0.0,962.0,,5.302,66597.386,,92.442,,8801.024,61564.013,4917.251,73.072,1795626512575.0,46.909,,37.402,,3560.848,3156.658,24908.495,4248.812,29720.853,16.604,,4.66,,443.684,1117.299,3103.609,26.928,259.043,1812.032,,7.558,,719.565,5033.426,,,10.324,,2.898,,275.881,694.733,1929.816,11.781,,30.841,,2936.284,792.804,20539.607,6307.019,44118.206,,0.0,,0.0,,0.0,,0.0,0.0,6729.283,142957280.0,9520.581,1117.299,16.604,,4.66,,443.684,3103.609,0.0,,0.0,,0.0,0.0,0.0,0.0,,0.0,,0.0,0.0,0.0
RUS,Russia,1986,3.427,74.057,8.87,376.859,3.481,219.528,1.766,168.139,,,,,,,,,14.384,2.716,24.425,62.576,2366.461,1000.301,16434.301,2234.977,15521.174,,,144.039,731.848,469.814,164.331,105.221,117.995,,0.0,164.331,0.0,0.0,1001.4,,5.265,67284.954,1.579,92.272,138.946,8939.97,62085.135,5082.439,73.082,1840205385700.0,46.916,1.16,37.179,41.295,3602.143,3262.701,25015.712,4625.671,32123.755,16.41,2.883,4.711,12.792,456.475,1141.224,3170.07,26.918,269.552,1871.953,4.057,7.728,29.193,748.757,5199.873,,,10.507,5.945,3.017,16.401,292.282,730.728,2029.803,11.783,1.195,30.668,35.075,2971.359,819.437,20635.121,6526.547,45324.706,,0.0,,0.0,0.0,0.0,,0.0,0.0,6954.392,143995344.0,9688.72,1141.224,16.41,2.883,4.711,12.792,456.475,3170.07,0.0,,0.0,0.0,0.0,0.0,0.0,0.0,,0.0,0.0,0.0,0.0,0.0
RUS,Russia,1987,0.811,18.115,8.211,379.802,1.479,96.517,3.275,317.328,,,,,,,,,14.284,1.526,24.011,36.103,2402.564,1031.444,16565.663,2253.092,15535.041,,,149.593,760.07,487.931,162.528,124.702,122.545,,0.0,162.528,0.0,0.0,1047.3,,5.442,68991.579,3.0,92.026,268.224,9208.195,63490.386,5240.673,72.574,1838644351479.0,46.589,5.769,38.077,207.824,3809.967,3364.28,26269.695,5005.473,34512.672,15.519,-1.097,4.512,-5.009,451.467,1120.628,3112.857,27.426,287.23,1980.448,6.558,7.974,49.104,797.862,5501.248,,,11.907,18.514,3.462,54.113,346.395,859.82,2388.391,11.701,0.818,29.938,24.297,2995.656,844.949,20655.027,6623.064,45665.943,,0.0,,0.0,0.0,0.0,,0.0,0.0,7221.12,145032896.0,10006.048,1120.628,15.519,-1.097,4.512,-5.009,451.467,3112.857,0.0,,0.0,0.0,0.0,0.0,0.0,0.0,,0.0,0.0,0.0,0.0,0.0
RUS,Russia,1988,3.213,72.403,8.359,418.426,-0.123,-8.164,1.75,175.12,,,,,,,,,14.219,-1.476,23.25,-35.462,2367.102,1037.582,16211.542,2325.495,15926.573,,,151.501,769.763,494.153,160.924,134.814,124.108,,0.0,160.924,0.0,0.0,1065.5,,5.45,69727.589,1.645,91.931,151.489,9359.683,64101.497,5271.859,72.244,1868131716720.0,46.378,5.527,39.49,210.595,4020.562,3384.3,27535.574,5423.898,37146.556,15.103,-0.987,4.391,-4.456,447.01,1102.115,3061.432,27.756,295.737,2025.412,2.962,8.069,23.632,821.493,5626.148,,,12.653,8.109,3.678,28.088,374.483,923.297,2564.716,11.648,-0.789,29.191,-23.644,2972.012,849.977,20354.381,6614.9,45303.347,,0.0,,0.0,0.0,0.0,,0.0,0.0,7297.271,146013488.0,10181.168,1102.115,15.103,-0.987,4.391,-4.456,447.01,3061.432,0.0,,0.0,0.0,0.0,0.0,0.0,0.0,,0.0,0.0,0.0,0.0,0.0
RUS,Russia,1989,-3.806,-88.514,4.408,239.1,-2.91,-192.511,0.372,37.892,,,,,,,,,14.269,-3.305,22.398,-78.235,2288.867,1045.877,15584.965,2236.98,15231.653,,,153.602,780.436,501.005,159.726,136.338,125.829,,0.0,159.726,0.0,0.0,1076.5,,5.433,69581.83,0.395,91.952,36.983,9396.667,63982.131,5314.005,72.497,1881091725604.0,46.54,1.487,39.929,59.774,4080.336,3411.356,27783.13,5662.999,38559.495,14.838,-0.744,4.342,-3.327,443.684,1087.578,3021.052,27.503,296.064,2015.91,0.111,8.048,0.908,822.402,5599.754,,,12.665,1.131,3.706,4.235,378.718,928.332,2578.702,11.689,1.866,29.626,55.444,3027.456,856.772,20614.036,6422.388,43730.199,,0.0,,0.0,0.0,0.0,,0.0,0.0,7329.915,146863920.0,10219.06,1087.578,14.838,-0.744,4.342,-3.327,443.684,3021.052,0.0,,0.0,0.0,0.0,0.0,0.0,0.0,,0.0,0.0,0.0,0.0,0.0
RUS,Russia,1990,-3.527,-78.904,5.879,332.901,-6.58,-422.576,-1.761,-179.943,,,,,,,,,14.494,-7.368,21.12,-168.654,2120.213,1063.194,14371.264,2158.076,14627.893,,,156.855,796.964,511.616,166.846,118.325,128.494,,0.065,166.911,0.0,0.0,1082.2,,5.471,68047.247,-1.595,92.108,-149.863,9246.803,62676.778,5401.992,73.643,1834865200000.0,47.276,1.51,41.258,61.614,4141.95,3467.84,28075.033,5995.9,40641.469,15.417,4.457,4.617,19.777,463.46,1130.915,3141.432,26.357,285.236,1933.387,-3.658,7.892,-30.08,792.322,5370.524,,,10.934,-13.212,3.274,-50.037,328.681,802.032,2227.868,11.873,-1.415,29.73,-42.824,2984.632,870.958,20230.481,5999.812,40667.99,,0.441,,0.002,0.181,0.181,,0.006,1.224,7335.379,147531568.0,10039.117,1131.355,15.423,4.498,4.618,19.957,463.641,3142.656,0.0,,0.0,0.0,0.0,0.0,0.0,0.0,,0.0,0.0,0.0,0.0,0.0
RUS,Russia,1991,-8.039,-173.491,-1.38,-82.765,-10.457,-627.404,-1.372,-137.783,,,,,,,,,14.486,-8.362,19.623,-177.303,1942.911,1045.544,13128.179,1984.585,13409.756,,,154.736,780.021,501.311,168.094,119.984,123.973,,0.065,168.159,0.0,0.0,1068.163,,5.57,66902.906,-1.577,91.916,-145.858,9100.945,61494.708,5270.566,73.024,1777486523641.0,46.932,2.598,42.919,107.598,4249.548,3387.338,28714.043,5913.134,39954.802,15.737,0.748,4.716,3.468,466.928,1135.804,3155.014,26.976,288.143,1946.969,1.019,8.084,8.075,800.397,5408.251,,,11.233,1.402,3.366,4.608,333.289,810.726,2252.017,11.606,-2.552,29.375,-76.153,2908.479,837.683,19652.485,5372.409,36301.142,,0.439,0.0,0.002,0.0,0.181,,0.006,1.22,7217.535,147995584.0,9901.335,1136.243,15.743,0.748,4.718,3.468,467.109,3156.234,0.0,,0.0,0.0,0.0,0.0,0.0,0.0,,0.0,0.0,0.0,0.0,0.0
RUS,Russia,1992,-4.108,-81.519,0.156,9.196,-13.667,-734.248,-3.765,-372.808,,,,,,,,,15.282,-6.032,19.16,-117.205,1825.707,1039.407,12313.52,1903.066,12835.262,,,154.111,714.351,460.187,172.594,119.626,100.052,,0.063,172.657,0.0,0.0,1008.45,,6.128,64265.317,-4.223,91.479,-384.308,8716.637,58789.509,4817.952,70.837,1555013222609.0,45.633,-3.203,43.17,-136.099,4113.449,3103.742,27743.251,5922.33,39943.261,17.115,2.677,5.031,12.5,479.428,1164.063,3233.512,28.983,292.283,1971.308,1.437,8.521,11.501,811.898,5475.859,,,11.862,-0.298,3.487,-0.994,332.295,806.82,2241.167,9.921,-4.504,29.149,-131.005,2777.474,674.803,18732.738,4638.16,31282.153,,0.425,-3.077,0.002,-0.006,0.175,,0.006,1.18,6801.509,148268576.0,9528.527,1164.488,17.121,2.675,5.033,12.494,479.603,3234.692,0.0,,0.0,0.0,0.0,0.0,0.0,0.0,,0.0,0.0,0.0,0.0,0.0
RUS,Russia,1993,-9.813,-186.749,-3.991,-236.341,-11.017,-510.964,-6.798,-647.766,,,,,,,,,15.513,-9.741,18.556,-177.837,1647.87,1000.121,11106.229,1716.317,11567.535,,,148.392,660.445,429.168,174.289,119.186,82.886,,0.06,174.349,0.0,0.0,956.587,,6.127,59854.058,-7.471,90.819,-651.244,8065.393,54358.683,4451.232,69.042,1449494329787.0,44.865,-0.291,46.184,-11.961,4101.488,2892.484,27642.999,5685.989,38322.111,18.22,0.982,5.452,4.708,484.136,1174.663,3262.956,30.686,293.535,1978.351,0.428,9.181,3.478,815.376,5495.423,,,12.46,-0.368,3.728,-1.222,331.072,803.283,2231.344,8.665,-16.614,26.079,-461.446,2316.029,558.628,15609.454,4127.196,27816.247,,0.404,-4.762,0.002,-0.008,0.167,,0.006,1.123,6447.152,148373584.0,8880.761,1175.068,18.226,0.98,5.453,4.7,484.303,3264.079,0.0,,0.0,0.0,0.0,0.0,0.0,0.0,,0.0,0.0,0.0,0.0,0.0
RUS,Russia,1994,-11.002,-188.835,-1.779,-101.158,-10.51,-433.764,-8.78,-779.723,,,,,,,,,18.55,-12.54,17.791,-206.645,1441.225,1095.284,9715.078,1527.482,10296.513,,,162.485,599.497,363.742,175.926,97.82,73.27,,0.061,175.987,0.0,0.0,875.914,,6.253,54607.813,-8.988,90.611,-724.923,7340.469,49480.937,4041.117,68.443,1295583353421.0,41.527,-6.054,47.564,-248.287,3853.201,2451.929,25973.836,5584.831,37646.459,20.085,0.939,6.032,4.547,488.684,1185.889,3294.139,31.26,273.807,1845.689,-6.721,9.389,-54.8,760.576,5126.919,,,11.168,-17.927,3.354,-59.35,271.722,659.389,1831.638,8.365,-11.658,25.256,-269.992,2046.037,493.904,13792.023,3693.432,24896.839,,0.411,1.667,0.002,0.003,0.169,,0.007,1.142,5904.397,148349440.0,8101.038,1186.3,20.092,0.939,6.034,4.55,488.853,3295.282,0.0,,0.0,0.0,0.0,0.0,0.0,0.0,,0.0,0.0,0.0,0.0,0.0
RUS,Russia,1995,-5.045,-77.063,-3.096,-172.888,-2.15,-79.421,-5.389,-436.552,,,,,,,,,18.638,-3.669,18.114,-52.88,1388.346,1081.419,9366.326,1450.419,9785.091,,,160.296,581.632,353.544,176.255,99.532,67.792,,0.059,176.314,0.0,0.0,860.027,,6.032,51707.599,-6.024,90.003,-442.217,6898.253,46538.288,3923.915,67.63,1270544062062.0,41.109,-3.341,48.594,-128.749,3724.452,2385.146,25126.616,5411.943,36511.067,20.494,0.187,6.388,0.914,489.598,1189.086,3303.019,32.074,275.846,1860.965,0.745,9.997,5.664,766.24,5169.353,,,11.573,1.75,3.607,4.756,276.478,671.481,1865.228,7.883,-12.736,23.295,-260.588,1785.45,457.35,12045.346,3614.011,24381.519,,0.398,-3.279,0.002,-0.006,0.164,,0.007,1.106,5802.076,148227472.0,7664.487,1189.484,20.501,0.186,6.39,0.909,489.762,3304.125,0.0,,0.0,0.0,0.0,0.0,0.0,0.0,,0.0,0.0,0.0,0.0,0.0
RUS,Russia,1996,-3.122,-45.283,2.056,111.274,-2.535,-91.598,-3.725,-285.465,,,,,,,,,18.961,-1.852,18.466,-25.709,1362.637,1085.189,9205.716,1405.137,9492.828,,,160.631,581.25,364.111,154.309,109.026,56.508,,0.057,154.366,0.0,0.0,847.183,,5.881,49851.227,-3.637,90.085,-250.87,6647.383,44908.416,3926.808,68.61,1254719415118.0,42.979,0.558,50.755,20.779,3745.231,2459.863,25302.067,5523.217,37313.772,18.214,-12.451,5.809,-60.962,428.636,1042.481,2895.784,31.09,263.392,1779.425,-4.515,9.915,-34.595,731.645,4942.851,,,12.869,9.539,4.104,26.372,302.85,736.558,2045.997,6.67,-13.775,20.863,-245.941,1539.509,381.756,10400.633,3522.413,23796.733,,0.385,-3.39,0.002,-0.006,0.158,,0.007,1.07,5723.403,148020864.0,7379.022,1042.866,18.221,-12.448,5.811,-60.967,428.795,2896.854,0.0,,0.0,0.0,0.0,0.0,0.0,0.0,,0.0,0.0,0.0,0.0,0.0
RUS,Russia,1997,-3.998,-56.173,-5.211,-287.84,1.501,52.882,-5.458,-402.725,,,,,,,,,18.825,-7.793,18.01,-106.189,1256.448,1062.901,8505.037,1348.964,9131.277,,,157.022,565.682,356.868,157.434,108.498,51.792,,0.057,157.491,0.0,0.0,834.131,,5.367,47223.285,-6.167,89.409,-409.939,6237.443,42221.909,3829.163,67.817,1299740896015.0,42.783,-7.774,49.512,-291.148,3454.083,2415.674,23381.067,5235.377,35438.816,18.874,2.025,6.269,8.681,437.317,1065.687,2960.245,31.888,265.989,1800.507,0.986,10.591,7.214,738.859,5001.414,,,13.007,-0.484,4.32,-1.467,301.384,734.434,2040.097,6.209,-0.819,21.887,-12.602,1526.908,350.587,10335.806,3575.295,24201.545,,0.386,0.0,0.002,0.0,0.158,,0.007,1.072,5646.32,147730016.0,6976.297,1066.073,18.881,2.024,6.271,8.681,437.475,2961.317,0.0,,0.0,0.0,0.0,0.0,0.0,0.0,,0.0,0.0,0.0,0.0,0.0
RUS,Russia,1998,-6.156,-83.038,3.39,177.486,-1.002,-35.82,-0.186,-12.964,,,,,,,,,19.703,-6.367,16.895,-79.998,1176.451,1105.945,7983.488,1265.926,8590.664,,,162.973,562.42,346.504,158.497,103.719,52.943,,0.058,158.555,0.0,0.0,827.158,,5.529,47253.694,-0.042,89.537,-2.644,6234.799,42309.809,3816.622,67.994,1259447336491.0,41.891,4.1,51.638,141.62,3595.702,2351.4,24400.723,5412.863,36732.088,19.162,0.675,6.323,2.953,440.27,1075.572,2987.703,31.708,262.274,1779.811,-1.397,10.463,-10.319,728.539,4943.923,,,12.539,-4.405,4.138,-13.275,288.109,703.845,1955.126,6.401,-4.209,21.005,-64.267,1462.641,359.277,9925.599,3539.474,24019.134,,0.394,1.754,0.002,0.003,0.161,,0.007,1.093,5613.155,147360608.0,6963.333,1075.966,19.169,0.676,6.325,2.956,440.431,2988.797,0.0,,0.0,0.0,0.0,0.0,0.0,0.0,,0.0,0.0,0.0,0.0,0.0
RUS,Russia,1999,8.232,104.205,0.578,31.267,0.141,4.978,1.252,87.148,,,,,,,,,19.066,0.811,16.821,9.542,1185.993,1098.188,8072.601,1370.13,9325.948,,,161.341,560.877,358.634,160.492,121.874,40.902,,0.058,160.55,0.0,0.0,846.225,,5.15,47989.904,0.5,88.873,31.176,6265.975,42650.074,3817.673,66.28,1369024961916.0,42.38,-0.307,50.843,-11.041,3584.661,2441.081,24399.425,5444.13,37056.092,18.966,1.259,6.323,5.542,445.811,1092.407,3034.467,33.375,282.424,1922.351,7.683,11.127,55.972,784.512,5339.869,,,14.402,17.504,4.802,50.431,338.539,829.549,2304.305,4.833,2.234,21.209,32.675,1495.316,278.405,10178.048,3544.452,24125.717,,0.395,0.0,0.002,0.0,0.161,,0.007,1.097,5759.927,146915920.0,7050.481,1092.802,18.972,1.258,6.325,5.542,445.973,3035.563,0.0,,0.0,0.0,0.0,0.0,0.0,0.0,,0.0,0.0,0.0,0.0,0.0
RUS,Russia,2000,3.149,43.147,-1.351,-73.569,7.18,254.495,1.793,126.384,0.008,0.478,,,,,,402.258,19.934,3.715,17.139,44.064,1230.057,1132.612,8401.753,1413.278,9653.213,817.78,0.07,165.82,546.8,349.73,162.44,122.46,31.25,0.06,0.13,162.57,0.0,0.0,831.83,334.61,4.659,49020.661,1.465,88.587,91.806,6357.781,43426.013,3734.848,65.735,1540482761936.0,42.043,2.155,51.024,77.252,3661.913,2388.786,25012.25,5370.56,36682.929,19.528,2.233,6.35,9.956,455.767,1109.526,3113.059,34.265,285.03,1946.861,4.408,11.413,34.578,819.09,5594.687,-1.718,-14.05,14.722,7.254,5.059,24.558,363.098,836.447,2480.091,3.757,-1.973,20.424,-29.51,1465.806,213.449,10012.01,3798.947,25948.222,0.41,0.888,36.379,0.003,0.059,0.22,0.007,0.016,1.501,5681.709,146404896.0,7176.865,1110.414,19.544,2.247,6.354,10.019,455.992,3114.596,0.0,,0.0,0.0,0.0,0.0,0.0,0.0,,0.0,0.005,0.005,0.0,0.036
RUS,Russia,2001,5.703,80.596,-0.428,-22.99,7.662,291.087,1.565,112.298,0.013,0.754,,,,,,392.981,18.95,-2.451,16.462,-30.149,1199.908,1093.46,8228.095,1493.874,10243.888,825.55,0.11,159.46,543.77,355.95,172.16,125.36,28.36,0.09,0.2,172.36,0.0,0.0,841.49,330.69,4.417,49983.724,1.152,88.227,73.242,6431.023,44099.234,3728.775,64.62,1650354385308.0,42.3,1.632,51.058,59.775,3721.688,2440.844,25520.624,5347.57,36669.709,20.459,5.299,6.584,24.149,479.916,1180.547,3290.915,35.38,297.72,2041.545,4.768,11.773,39.056,858.145,5884.53,-1.931,-15.94,14.897,4.078,5.184,14.808,377.905,859.627,2591.397,3.37,2.976,20.708,43.616,1509.422,194.472,10350.515,4090.034,28046.447,0.617,1.371,43.311,0.004,0.095,0.315,0.011,0.024,2.159,5770.321,145830720.0,7289.162,1181.918,20.483,5.318,6.588,24.248,480.24,3293.133,0.0,,0.0,0.0,0.0,0.0,0.0,0.0,62.105,0.0,0.003,0.009,0.0,0.059
RUS,Russia,2002,-4.578,-68.384,2.39,127.827,9.104,372.344,-0.381,-27.759,0.019,1.102,,,,,,394.719,19.036,0.419,16.594,5.031,1204.939,1108.007,8297.591,1425.489,9816.357,837.16,0.16,160.9,550.19,363.4,160.6,134.14,25.89,0.16,0.32,160.93,0.0,0.01,845.26,333.64,4.094,50004.257,-0.048,88.521,-3.115,6427.908,44264.552,3788.778,65.091,1773704507637.0,42.993,1.211,51.874,45.061,3766.749,2502.484,25939.016,5475.397,37705.268,19.0,-7.344,6.124,-35.245,444.671,1105.941,3062.141,34.909,295.07,2031.943,-2.872,11.479,-24.644,833.501,5739.745,-0.968,-8.1,15.87,2.761,5.348,10.433,388.338,923.729,2674.214,3.063,-3.525,20.054,-53.208,1456.214,178.287,10027.946,4462.377,30729.303,1.102,2.204,50.904,0.007,0.16,0.475,0.019,0.038,3.272,5820.721,145215696.0,7261.403,1108.214,19.039,-7.304,6.131,-35.077,445.163,3065.531,0.0,,0.0,0.0,0.0,0.0,0.0,0.001,98.701,0.0,0.008,0.017,0.069,0.117
RUS,Russia,2003,8.11,115.602,4.216,230.824,10.951,488.674,2.077,150.854,0.039,2.351,,,,,,396.997,18.714,0.62,16.357,7.474,1212.414,1122.253,8383.978,1541.091,10656.814,853.83,0.34,162.29,571.17,383.33,154.2,141.17,25.55,0.32,0.66,154.87,0.0,0.01,867.21,344.28,3.807,51256.569,2.328,88.739,149.648,6577.556,45484.518,3949.703,65.863,1946812585476.0,44.203,2.368,52.021,89.203,3855.952,2650.769,26664.35,5706.221,39459.137,17.781,-4.626,5.722,-20.57,424.101,1066.31,2932.707,34.137,296.04,2047.149,0.145,11.261,1.206,834.707,5772.091,-1.567,-13.38,16.279,5.472,5.526,21.248,409.586,976.206,2832.331,2.946,3.638,20.361,52.971,1509.185,176.681,10436.19,4951.051,34237.06,2.213,4.564,109.726,0.013,0.521,0.997,0.037,0.076,6.891,5996.852,144610880.0,7412.257,1070.943,17.858,-4.502,5.735,-20.042,425.121,2939.76,0.0,,0.0,0.0,0.0,0.0,0.0,0.001,37.745,0.0,0.006,0.023,0.069,0.162
RUS,Russia,2004,3.487,53.731,2.095,119.55,8.827,437.022,0.837,62.013,0.047,2.915,,,,,,385.549,17.132,-4.179,15.543,-50.662,1161.752,1051.703,8063.212,1594.822,11068.952,876.86,0.42,151.53,572.11,398.05,174.07,137.47,22.53,0.4,0.82,174.9,0.0,0.01,884.48,341.01,3.501,51875.602,0.429,88.38,28.202,6605.758,45847.639,3970.762,64.683,2135166313536.0,45.004,2.6,52.931,100.238,3956.19,2762.689,27458.186,5825.771,40434.093,19.68,12.133,6.363,51.458,475.559,1208.143,3300.645,35.317,312.37,2168.022,4.051,11.62,33.812,868.519,6028.004,-0.869,-7.62,15.542,-4.361,5.241,-17.863,391.723,954.118,2718.776,2.547,-1.416,19.906,-21.375,1487.81,156.371,10326.241,5388.073,37396.23,2.776,5.691,22.18,0.016,0.221,1.218,0.045,0.093,8.451,6138.784,144080656.0,7474.271,1213.903,19.774,12.155,6.379,51.674,476.796,3309.228,0.0,,0.0,0.0,0.0,0.0,0.0,0.001,-19.098,0.0,-0.004,0.019,0.069,0.131
RUS,Russia,2005,-1.123,-17.91,1.184,68.971,2.488,134.077,-0.11,-8.223,0.048,2.993,,,,,,389.965,17.344,-5.324,14.732,-61.849,1099.903,1086.571,7655.65,1576.912,10975.766,887.7,0.43,156.11,590.64,414.51,170.95,137.64,20.02,0.41,0.84,171.8,0.0,0.01,900.08,351.0,3.217,51965.877,-0.109,88.38,-7.229,6598.529,45927.688,4111.027,65.621,2320883157898.0,46.053,1.209,53.63,47.82,4004.01,2885.111,27869.104,5894.742,41029.126,18.993,-2.367,6.219,-11.257,464.302,1189.862,3231.678,34.379,309.44,2153.793,-0.114,11.62,-0.993,867.525,6038.231,-1.395,-12.38,15.292,2.621,5.384,10.268,401.991,958.015,2797.976,2.224,0.457,20.019,6.8,1494.61,139.345,10402.933,5522.15,38435.779,2.854,5.847,-0.302,0.016,-0.004,1.214,0.046,0.093,8.449,6264.82,143672128.0,7466.048,1195.778,19.087,-2.362,6.235,-11.261,465.534,3240.255,0.0,,0.0,0.0,0.0,0.0,0.0,0.001,-3.519,0.0,-0.001,0.018,0.07,0.127
RUS,Russia,2006,3.975,62.686,2.597,153.07,2.408,132.987,4.328,323.101,0.051,3.347,,,,,,395.423,17.927,2.588,14.486,28.46,1128.363,1175.984,7868.465,1639.597,11433.473,924.88,0.48,168.64,623.48,431.85,171.62,144.65,22.99,0.46,0.94,172.56,0.0,0.0,940.69,371.97,3.036,54316.401,4.667,88.668,307.931,6906.459,48161.103,4347.739,66.279,2565920063470.0,45.908,5.328,54.144,213.351,4217.361,3011.438,29409.126,6047.812,42173.462,18.244,-0.241,5.947,-1.119,463.184,1196.765,3229.937,33.721,317.21,2212.014,1.749,11.332,15.171,882.696,6155.341,-1.709,-15.81,15.377,4.019,5.368,16.156,418.147,1008.694,2915.881,2.444,4.424,20.037,66.12,1560.73,160.317,10883.512,5655.137,39435.203,3.208,6.555,11.349,0.017,0.138,1.352,0.049,0.1,9.426,6559.753,143403264.0,7789.149,1203.32,18.344,-0.212,5.964,-0.985,464.549,3239.46,0.0,,0.0,0.0,0.0,0.0,0.0,0.0,-24.012,0.0,-0.004,0.014,0.0,0.097
RUS,Russia,2007,1.787,29.308,-0.524,-31.681,2.278,128.822,0.6,46.763,0.047,3.141,,,,,,389.366,16.689,-3.201,13.939,-36.119,1092.244,1117.291,7623.88,1668.905,11648.979,946.35,0.45,160.07,634.93,458.62,175.28,147.99,16.24,0.49,0.94,176.23,0.0,0.01,959.15,373.46,2.747,54694.772,0.474,88.556,32.726,6939.185,48435.603,4431.82,66.197,2852284805963.0,47.815,1.679,54.725,70.811,4288.172,3201.174,29931.519,6016.131,41992.675,18.275,1.531,6.002,7.093,470.276,1223.457,3282.534,33.803,324.22,2263.06,1.59,11.444,14.038,896.734,6259.213,-1.353,-12.8,15.429,1.676,5.426,7.006,425.153,1032.972,2967.574,1.693,-0.126,19.893,-1.966,1558.764,113.355,10880.204,5783.959,40372.109,3.42,6.561,-4.791,0.016,-0.065,1.287,0.051,0.098,8.983,6694.88,143266208.0,7835.913,1230.088,18.374,1.514,6.018,7.031,471.581,3291.639,0.0,,0.0,0.0,0.0,0.0,0.0,0.001,26.2,0.0,0.004,0.018,0.07,0.122
RUS,Russia,2008,3.805,63.5,1.636,98.399,-0.619,-35.783,0.45,35.229,0.047,3.211,,,,,,403.942,18.867,7.243,14.882,79.111,1171.354,1295.09,8177.068,1732.405,12093.68,965.68,0.46,185.52,667.2,466.49,163.12,152.06,15.19,0.47,0.93,164.05,0.0,0.0,983.31,397.2,2.564,54947.358,0.939,88.988,65.178,7004.363,48896.5,4657.632,67.852,3070321024559.0,47.441,-1.415,53.709,-60.695,4227.477,3256.503,29511.462,6114.53,42684.697,16.589,-7.506,5.526,-35.298,434.979,1138.718,3036.526,32.148,316.11,2206.721,-3.34,11.012,-29.949,866.784,6050.902,-1.826,-17.63,15.464,1.258,5.469,5.348,430.501,1061.51,3005.271,1.545,3.0,20.398,46.762,1605.527,106.039,11207.971,5748.177,40127.232,3.281,6.492,0.281,0.016,0.004,1.291,0.048,0.095,9.009,6864.352,143248768.0,7871.141,1145.211,16.683,-7.485,5.543,-35.298,436.283,3045.631,0.0,,0.0,0.0,0.0,0.0,0.0,0.0,-21.712,0.0,-0.004,0.014,0.0,0.096
RUS,Russia,2009,-4.84,-83.852,-12.309,-752.633,1.438,82.673,-5.0,-393.547,0.05,3.279,,,,,,384.043,16.496,-8.503,14.333,-99.605,1071.749,1080.188,7477.659,1648.552,11502.044,923.68,0.47,154.82,612.39,442.46,172.44,152.78,15.11,0.46,0.93,173.37,0.0,0.0,938.54,360.44,2.581,52171.602,-5.914,88.132,-414.234,6590.13,45979.71,4272.68,65.249,2897514529634.0,47.143,-5.904,53.197,-249.584,3977.893,3087.069,27754.009,5361.898,37410.264,18.373,5.064,6.112,22.025,457.004,1203.124,3188.542,34.751,326.15,2275.567,2.387,11.868,20.687,887.471,6191.934,-1.609,-14.86,16.278,-0.313,5.739,-1.349,429.152,1065.955,2994.218,1.61,-4.051,20.601,-65.044,1540.482,105.423,10748.041,5830.85,40682.171,3.209,6.489,1.111,0.017,0.014,1.305,0.049,0.099,9.104,6548.247,143326912.0,7477.595,1209.612,18.472,5.051,6.129,22.036,458.319,3197.716,0.0,,0.0,0.0,0.0,0.0,0.0,0.0,-27.328,0.0,-0.004,0.01,0.0,0.07
RUS,Russia,2010,6.495,107.07,11.6,621.97,2.185,127.381,3.993,298.554,0.052,3.555,,,,,,388.334,15.959,-1.748,13.542,-18.731,1053.018,1091.935,7339.169,1755.623,12236.074,964.23,0.51,156.67,656.44,490.99,164.82,159.41,8.78,0.5,1.01,165.83,0.0,0.0,981.68,381.22,2.509,54197.02,4.646,88.686,306.197,6896.327,48064.975,4575.156,66.869,3099422859631.0,50.015,6.569,54.515,261.309,4239.202,3422.028,29545.772,5983.867,41705.451,16.79,-5.015,5.582,-22.92,434.084,1148.737,3025.41,33.131,325.24,2266.808,-0.861,11.314,-7.643,879.828,6132.089,-1.81,-17.45,16.238,3.537,5.714,15.181,444.333,1111.032,3096.846,0.894,4.13,20.628,63.619,1604.102,61.194,11180.034,5958.231,41526.772,3.485,7.039,7.282,0.018,0.095,1.4,0.051,0.103,9.757,6841.964,143479264.0,7776.149,1155.777,16.892,-4.98,5.6,-22.824,435.494,3035.243,0.0,,0.0,0.0,0.0,0.0,0.0,0.0,9.471,0.0,0.001,0.011,0.0,0.076
RUS,Russia,2011,4.386,76.998,3.082,184.41,1.395,83.132,3.292,255.97,0.052,3.619,,,,,,392.024,15.536,3.837,13.613,40.4,1093.418,1078.683,7608.877,1832.621,12752.832,975.22,0.52,155.01,670.52,489.7,164.19,162.02,25.81,0.52,1.04,165.23,0.0,0.0,997.77,391.15,2.434,55893.87,3.823,89.141,263.613,7159.94,49824.561,4666.012,67.202,3300296796432.0,49.079,2.764,54.237,117.159,4356.361,3407.722,30315.054,6168.277,42923.782,16.456,-2.657,5.261,-11.532,422.552,1142.565,2940.453,32.798,327.25,2277.266,-0.869,10.859,-7.643,872.184,6069.353,-2.312,-22.55,16.238,0.864,5.58,3.838,448.171,1127.464,3118.733,2.587,6.611,21.291,106.054,1710.155,179.607,11900.631,6041.362,42040.607,3.619,7.237,3.147,0.018,0.044,1.444,0.052,0.104,10.048,6943.278,143703024.0,8032.118,1149.802,16.56,-2.636,5.279,-11.481,424.013,2950.62,0.0,,0.0,0.003,0.003,0.0,0.022,0.0,27.99,0.0,0.003,0.014,0.0,0.097
RUS,Russia,2012,6.796,124.541,-2.427,-149.727,1.4,84.573,0.224,17.981,0.046,3.264,,,,,,393.073,15.733,4.689,14.22,51.272,1144.69,1106.922,7949.578,1957.162,13591.976,996.59,0.47,159.39,681.59,495.72,164.24,166.29,26.48,0.48,0.95,165.19,0.0,0.0,1013.07,398.21,2.353,55905.836,0.147,89.073,10.542,7170.482,49797.126,4733.465,67.28,3421750699881.0,48.932,-1.609,53.245,-70.102,4286.259,3442.646,29766.975,6018.55,41797.259,16.212,-0.363,5.23,-1.533,421.019,1140.604,2923.867,32.72,331.48,2302.042,0.853,10.927,7.439,879.623,6108.754,-1.654,-16.48,16.414,2.033,5.68,9.113,457.285,1154.841,3175.723,2.614,1.718,21.609,29.372,1739.527,183.897,12080.574,6125.936,42543.025,3.333,6.598,-10.303,0.016,-0.149,1.295,0.047,0.094,8.995,7035.507,143993888.0,8050.099,1147.201,16.306,-0.395,5.246,-1.674,422.339,2933.031,0.0,249.107,0.0,0.008,0.011,0.0,0.075,0.0,-3.181,0.0,-0.0,0.014,0.0,0.094
RUS,Russia,2013,2.871,56.189,2.1,126.412,1.042,63.825,-1.157,-93.101,0.045,3.118,,,,,,381.382,15.234,-8.035,13.23,-91.977,1052.713,1058.233,7294.025,2013.351,13950.073,988.91,0.45,152.73,660.98,500.04,179.34,161.38,8.21,0.44,0.89,180.23,0.0,0.0,1002.59,382.37,2.291,55132.321,-1.676,88.605,-120.204,7050.278,48849.86,4579.788,65.927,3473313256032.0,49.875,-0.877,53.395,-37.585,4248.674,3464.669,29438.173,6144.962,42577.119,17.888,10.159,5.829,42.772,463.791,1242.608,3213.507,34.073,341.61,2366.942,3.081,11.395,27.102,906.725,6282.505,-1.383,-13.68,16.096,-3.416,5.551,-15.622,441.663,1118.167,3060.185,0.819,0.538,21.979,9.358,1748.886,56.885,12117.662,6189.76,42887.516,3.049,6.167,-4.817,0.015,-0.062,1.233,0.044,0.089,8.542,6946.73,144325456.0,7956.997,1248.775,17.976,10.116,5.845,42.724,465.063,3222.32,0.0,154.476,0.0,0.017,0.028,0.0,0.192,0.0,-15.4,0.0,-0.002,0.011,0.0,0.079
RUS,Russia,2014,2.007,40.412,-3.798,-233.411,0.976,60.441,0.254,20.173,0.052,3.595,,,,,,380.029,14.838,-3.276,12.764,-34.485,1018.227,1032.594,7038.533,2053.763,14196.694,998.69,0.52,149.38,662.92,503.44,173.51,169.07,10.1,0.46,0.98,174.75,0.16,0.1,1006.74,382.59,2.241,55142.423,0.334,88.676,23.55,7073.828,48898.046,4582.454,65.848,3559951097670.0,50.007,-0.628,52.926,-26.692,4221.982,3480.044,29184.601,5911.552,40863.773,17.235,-4.855,5.532,-22.517,441.274,1199.393,3050.318,34.152,343.82,2376.666,-0.372,11.324,-3.377,903.348,6244.421,-0.806,-8.05,16.794,4.155,5.767,18.349,460.012,1168.701,3179.844,1.003,4.845,22.986,84.727,1833.613,69.817,12674.913,6250.201,43204.7,3.18,6.774,14.444,0.018,0.178,1.411,0.046,0.097,9.753,6959.12,144664848.0,7977.17,1207.964,17.358,-4.672,5.558,-21.726,443.336,3064.576,0.016,1373.234,0.005,0.38,0.407,1.106,2.815,0.01,2037.117,0.003,0.233,0.245,0.691,1.691
RUS,Russia,2015,5.52,113.372,-1.136,-67.156,1.327,82.943,-1.695,-135.244,0.045,3.104,,,,,,376.984,14.818,5.218,13.662,53.128,1071.356,1031.624,7389.427,2167.134,14947.294,997.72,0.45,149.57,658.86,499.76,166.31,182.81,9.53,0.46,0.91,167.71,0.34,0.15,1009.38,380.52,2.264,54087.823,-2.174,88.244,-153.814,6920.014,47729.155,4544.33,65.274,3463078572579.0,49.512,-3.203,52.114,-135.234,4086.748,3446.976,28187.398,5844.396,40310.331,16.476,-3.692,5.419,-16.29,424.984,1147.084,2931.225,34.726,350.52,2417.628,2.056,11.756,18.57,921.918,6358.711,-1.169,-11.66,18.111,7.496,6.306,34.482,494.493,1260.889,3410.651,0.944,-3.911,22.468,-71.708,1761.905,65.731,12152.33,6333.144,43681.357,3.173,6.277,-13.72,0.016,-0.194,1.217,0.046,0.09,8.396,6961.959,144985056.0,7841.926,1156.74,16.615,-3.589,5.451,-15.912,427.425,2948.06,0.034,108.502,0.011,0.442,0.849,2.345,5.856,0.015,53.118,0.005,0.13,0.374,1.035,2.583
RUS,Russia,2016,4.095,88.737,0.827,48.358,2.557,161.968,2.098,164.509,0.041,2.891,,,,,,375.486,15.659,-3.116,12.964,-33.378,1037.978,1112.714,7144.902,2255.871,15528.241,1017.79,0.42,161.65,663.99,492.0,182.77,184.05,10.34,0.45,0.87,184.25,0.46,0.15,1032.29,387.61,2.313,55112.125,1.801,87.988,124.656,7044.67,48491.837,4570.561,64.322,3461967527762.0,47.661,2.929,52.539,119.716,4206.464,3386.672,28955.129,5892.754,40562.646,17.705,9.242,5.799,39.277,464.261,1258.093,3195.729,35.678,368.3,2535.185,4.28,12.008,39.459,961.377,6617.619,-1.425,-14.5,17.829,-0.01,6.176,-0.049,494.445,1266.904,3403.501,1.002,2.175,22.485,38.318,1800.223,71.175,12391.806,6495.112,44708.965,3.098,5.989,-7.884,0.014,-0.096,1.121,0.044,0.084,7.719,7105.747,145275376.0,8006.435,1268.281,17.849,9.243,5.832,39.508,466.932,3214.118,0.045,38.715,0.015,0.329,1.178,3.166,8.107,0.015,-0.536,0.005,-0.002,0.372,1.033,2.564
RUS,Russia,2017,6.099,137.583,7.855,462.855,0.012,0.786,0.613,49.094,0.047,3.367,,,,,,373.036,15.92,-5.961,12.117,-61.872,976.106,1132.549,6707.25,2393.454,16446.454,1024.69,0.49,164.82,660.38,488.98,183.16,190.12,6.58,0.44,0.93,184.79,0.56,0.14,1035.29,386.2,2.286,55353.009,0.515,87.902,36.311,7080.981,48656.469,4537.756,63.787,3524075227550.0,47.231,2.485,53.516,104.542,4311.006,3359.992,29622.803,6355.609,43672.126,17.692,-0.291,5.746,-1.353,462.908,1258.571,3180.839,36.213,374.91,2576.168,1.289,12.088,12.389,973.766,6691.167,-1.034,-10.6,18.364,2.712,6.304,13.408,507.853,1306.396,3489.676,0.636,-0.353,22.269,-6.36,1793.863,45.214,12326.417,6495.898,44636.115,3.023,6.39,15.749,0.016,0.177,1.298,0.043,0.09,8.919,7113.924,145530096.0,8055.529,1269.772,17.849,-0.218,5.784,-1.019,465.913,3201.491,0.054,15.482,0.017,0.182,1.36,3.848,9.345,0.014,-6.71,0.004,-0.025,0.348,0.962,2.388
RUS,Russia,2018,7.075,169.333,5.279,335.521,1.672,108.603,3.813,307.129,0.046,3.294,,,,,,376.329,16.044,3.253,12.052,31.75,1007.856,1151.207,6915.726,2562.787,17585.369,1033.08,0.48,167.77,672.83,497.51,189.23,181.76,7.55,0.43,0.91,191.09,0.72,0.23,1045.68,393.52,2.314,57383.015,4.163,88.199,294.793,7375.774,50611.195,4616.835,64.344,3613410539249.0,47.578,5.428,54.349,233.987,4544.993,3413.822,31186.928,6691.13,45913.296,18.096,2.355,5.666,10.899,473.807,1298.461,3251.177,35.656,372.85,2558.428,1.222,11.786,11.898,985.664,6763.445,-1.22,-12.6,17.382,0.12,6.08,0.609,508.462,1247.204,3488.973,0.722,1.62,21.798,29.056,1822.919,51.807,12508.541,6604.501,45318.867,2.951,6.244,-3.433,0.015,-0.045,1.253,0.041,0.087,8.601,7175.263,145734032.0,8362.658,1311.224,18.274,2.423,5.706,11.289,477.202,3274.472,0.069,14.119,0.019,0.192,1.552,4.941,10.65,0.022,69.621,0.007,0.242,0.589,1.578,4.045
RUS,Russia,2019,0.032,0.814,1.484,99.319,0.969,64.011,-0.697,-58.25,0.046,3.359,,,,,,370.8,15.783,-1.696,11.931,-17.096,990.76,1148.333,6791.973,2563.601,17574.285,1042.87,0.49,167.51,670.8,491.91,192.43,195.54,11.38,0.43,0.92,194.96,1.28,0.33,1061.3,393.53,,56929.31,-1.034,87.899,-76.265,7299.508,50040.408,4598.544,63.206,,46.35,-2.241,53.503,-101.866,4443.127,3372.197,30459.05,6790.448,46550.645,18.132,1.585,5.796,7.511,481.318,1319.168,3299.584,36.794,390.5,2677.0,1.791,12.082,17.657,1003.321,6878.08,-1.767,-18.43,18.425,1.776,6.232,9.032,517.494,1340.488,3547.584,1.072,2.342,22.465,42.697,1865.615,78.013,12789.386,6668.512,45714.735,2.948,6.307,2.959,0.016,0.037,1.29,0.041,0.087,8.847,7275.543,145872272.0,8304.408,1336.512,18.37,1.807,5.85,8.625,485.827,3330.496,0.121,57.163,0.029,0.887,2.439,8.775,16.721,0.031,32.252,0.009,0.19,0.78,2.262,5.344
RUS,Russia,2020,-9.346,-239.596,-5.972,-405.551,-8.543,-569.691,-5.289,-439.242,0.047,3.289,,,,,,347.451,13.99,-8.209,11.563,-81.332,909.428,985.579,6231.763,2324.005,15924.994,1017.32,0.48,143.83,612.42,458.45,196.0,215.74,10.14,0.42,0.9,199.9,1.86,1.14,1028.06,357.2,,53895.194,-6.872,86.43,-501.605,6797.903,46581.893,4196.542,59.57,,44.594,-7.41,52.305,-329.236,4113.892,3141.479,28190.022,6384.897,43751.819,19.065,8.891,6.664,42.793,524.111,1343.069,3591.415,40.43,415.64,2848.128,6.194,13.547,62.145,1065.466,7300.993,-1.056,-10.74,20.985,2.936,6.773,15.193,532.687,1478.335,3650.179,0.986,-4.88,22.562,-91.038,1774.577,69.483,12160.108,6098.821,41791.511,2.878,6.167,-1.853,0.016,-0.024,1.267,0.041,0.088,8.679,7044.67,145934448.0,7865.165,1369.793,19.444,9.664,6.774,46.952,532.779,3650.814,0.181,88.346,0.058,2.155,4.594,12.745,31.481,0.111,260.166,0.036,2.028,2.808,7.812,19.239
RUS,Russia,2021,,,,,,,,,0.049,3.701,,,,,,355.431,14.33,,,,,1075.785,,,,1077.57,0.54,156.97,668.41,500.35,198.09,222.43,11.09,0.42,0.96,204.59,2.14,3.4,1095.43,389.35,,,,,,,,4580.911,61.018,,45.676,,,,,3429.121,,,,18.083,,,,,1357.599,,38.982,427.02,2926.558,,,,,,-1.657,-17.86,20.305,,,,,1524.412,,1.012,,,,,76.005,,,,2.878,6.579,,,,,0.038,0.088,,7507.469,145912016.0,,1402.146,18.677,,,,,,0.195,,,,,14.666,,0.31,,,,,23.302,
