iso_code,country,year,coal_prod_change_pct,coal_prod_change_twh,gas_prod_change_pct,gas_prod_change_twh,oil_prod_change_pct,oil_prod_change_twh,energy_cons_change_pct,energy_cons_change_twh,biofuel_share_elec,biofuel_elec_per_capita,biofuel_cons_change_pct,biofuel_share_energy,biofuel_cons_change_twh,biofuel_consumption,biofuel_cons_per_capita,carbon_intensity_elec,coal_share_elec,coal_cons_change_pct,coal_share_energy,coal_cons_change_twh,coal_consumption,coal_elec_per_capita,coal_cons_per_capita,coal_production,coal_prod_per_capita,electricity_demand,biofuel_electricity,coal_electricity,fossil_electricity,gas_electricity,hydro_electricity,nuclear_electricity,oil_electricity,other_renewable_exc_biofuel_electricity,other_renewable_electricity,renewables_electricity,solar_electricity,wind_electricity,electricity_generation,greenhouse_gas_emissions,energy_per_gdp,energy_per_capita,fossil_cons_change_pct,fossil_share_energy,fossil_cons_change_twh,fossil_fuel_consumption,fossil_energy_per_capita,fossil_cons_per_capita,fossil_share_elec,gdp,gas_share_elec,gas_cons_change_pct,gas_share_energy,gas_cons_change_twh,gas_consumption,gas_elec_per_capita,gas_energy_per_capita,gas_production,gas_prod_per_capita,hydro_share_elec,hydro_cons_change_pct,hydro_share_energy,hydro_cons_change_twh,hydro_consumption,hydro_elec_per_capita,hydro_energy_per_capita,low_carbon_share_elec,low_carbon_electricity,low_carbon_elec_per_capita,low_carbon_cons_change_pct,low_carbon_share_energy,low_carbon_cons_change_twh,low_carbon_consumption,low_carbon_energy_per_capita,net_elec_imports_share_demand,net_elec_imports,nuclear_share_elec,nuclear_cons_change_pct,nuclear_share_energy,nuclear_cons_change_twh,nuclear_consumption,nuclear_elec_per_capita,nuclear_energy_per_capita,oil_share_elec,oil_cons_change_pct,oil_share_energy,oil_cons_change_twh,oil_consumption,oil_elec_per_capita,oil_energy_per_capita,oil_production,oil_prod_per_capita,other_renewables_elec_per_capita_exc_biofuel,other_renewables_elec_per_capita,other_renewables_cons_change_pct,other_renewables_share_energy,other_renewables_cons_change_twh,other_renewable_consumption,other_renewables_share_elec_exc_biofuel,other_renewables_share_elec,other_renewables_energy_per_capita,per_capita_electricity,population,primary_energy_consumption,renewables_elec_per_capita,renewables_share_elec,renewables_cons_change_pct,renewables_share_energy,renewables_cons_change_twh,renewables_consumption,renewables_energy_per_capita,solar_share_elec,solar_cons_change_pct,solar_share_energy,solar_cons_change_twh,solar_consumption,solar_elec_per_capita,solar_energy_per_capita,wind_share_elec,wind_cons_change_pct,wind_share_energy,wind_cons_change_twh,wind_consumption,wind_elec_per_capita,wind_energy_per_capita
RWA,Rwanda,1980,,,,,,,,,,,,,,,,,,,,,,,,0.0,0.0,,,,,,,,,,,,,,,,0.124,205.913,,,,,,,,8591535216.0,,,,,,,,,,,,,,,,,,,,,,,,,,,,,,,,,,,,,,,,,,,,,,,,,,,,,5153314.0,1.061,,,,,,,,,,,,,,,,,,,,,
RWA,Rwanda,1981,,0.0,,,,,79.044,0.839,,,,,,,,,,,,,,,,0.0,0.0,,,,,,,,,,,,,,,,0.21,356.505,,,,,,,,9053313794.0,,,,,,,,,,,,,,,,,,,,,,,,,,,,,,,,,,,,,,,,,,,,,,,,,,,,,5329250.0,1.9,,,,,,,,,,,,,,,,,,,,,
RWA,Rwanda,1982,,0.0,,,,,0.196,0.004,,,,,,,,,,,,,,,,0.0,0.0,,,,,,,,,,,,,,,,0.207,345.81,,,,,,,,9206470560.0,,,,,,,,,,,,,,,,,,,,,,,,,,,,,,,,,,,,,,,,,,,,,,,,,,,,,5504847.0,1.904,,,,,,,,,,,,,,,,,,,,,
RWA,Rwanda,1983,,0.0,,,,,11.752,0.224,,,,,,,,,,,,,,,,0.0,0.0,,,,,,,,,,,,,,,,0.218,373.81,,,,,,,,9744708456.0,,,,,,,,,,,,,,,,,,,,,,,,,,,,,,,,,,,,,,,,,,,,,,,,,,,,,5690989.0,2.127,,,,,,,,,,,,,,,,,,,,,
RWA,Rwanda,1984,,0.0,,,,,50.583,1.076,,,,,,,,,,,,,,,,0.0,0.0,,,,,,,,,,,,,,,,0.344,542.693,,,,,,,,9308494586.0,,,,,,,,,,,,,,,,,,,,,,,,,,,,,,,,,,,,,,,,,,,,,,,,,,,,,5902847.0,3.203,,,,,,,,,,,,,,,,,,,,,
RWA,Rwanda,1985,,0.0,,,,,2.005,0.064,,,,,,,,,,,,,,,,0.0,0.0,,,,,,,,,,,,,,,,0.337,531.596,,,,,,,,9696520494.0,,,,,,,,,,,,,,,,,,,,,,,,,,,,,,,,,,,,,,,,,,,,,,,,,,,,,6146884.0,3.268,,,,,,,,,,,,,,,,,,,,,
RWA,Rwanda,1986,,0.0,,,,,-0.133,-0.004,,,,,,,,,,,,,,,,0.0,0.0,,,,,,,,,,,,,,,,0.323,506.431,,,,,,,,10109706974.0,,,,,,,,,,,,,,,,,,,,,,,,,,,,,,,,,,,,,,,,,,,,,,,,,,,,,6443748.0,3.263,,,,,,,,,,,,,,,,,,,,,
RWA,Rwanda,1987,,0.0,,,,,0.485,0.016,,,,,,,,,,,,,,,,0.0,0.0,,,,,,,,,,,,,,,,0.325,483.651,,,,,,,,10096805888.0,,,,,,,,,,,,,,,,,,,,,,,,,,,,,,,,,,,,,,,,,,,,,,,,,,,,,6779981.0,3.279,,,,,,,,,,,,,,,,,,,,,
RWA,Rwanda,1988,,0.0,,,,,-0.384,-0.013,,,,,,,,,,,,,,,,0.0,0.0,,,,,,,,,,,,,,,,0.322,460.845,,,,,,,,10131944120.0,,,,,,,,,,,,,,,,,,,,,,,,,,,,,,,,,,,,,,,,,,,,,,,,,,,,,7088194.0,3.267,,,,,,,,,,,,,,,,,,,,,
RWA,Rwanda,1989,,0.0,,,,,3.059,0.1,,,,,,,,,,,,,,,,0.0,0.0,,,,,,,,,,,,,,,,0.335,462.621,,,,,,,,10042057512.0,,,,,,,,,,,,,,,,,,,,,,,,,,,,,,,,,,,,,,,,,,,,,,,,,,,,,7276983.0,3.366,,,,,,,,,,,,,,,,,,,,,
RWA,Rwanda,1990,,0.0,,,,,4.604,0.155,,,,,,,,,,,,,,,,0.0,0.0,,,,,,,,,,,,,,,,0.361,483.129,,,,,,,,9760500480.0,,,,,,,,,,,,,,,,,,,,,,,,,,,,,,,,,,,,,,,,,,,,,,,,,,,,,7288883.0,3.521,,,,,,,,,,,,,,,,,,,,,
RWA,Rwanda,1991,,0.0,,,,,1.823,0.064,,,,,,,,,,,,,,,,0.0,0.0,,,,,,,,,,,,,,,,0.391,506.167,,,,,,,,9167407302.0,,,,,,,,,,,,,,,,,,,,,,,,,,,,,,,,,,,,,,,,,,,,,,,,,,,,,7083928.0,3.586,,,,,,,,,,,,,,,,,,,,,
RWA,Rwanda,1992,,0.0,,,,,0.478,0.017,,,,,,,,,,,,,,,,0.0,0.0,,,,,,,,,,,,,,,,0.378,537.55,,,,,,,,9540357876.0,,,,,,,,,,,,,,,,,,,,,,,,,,,,,,,,,,,,,,,,,,,,,,,,,,,,,6702239.0,3.603,,,,,,,,,,,,,,,,,,,,,
RWA,Rwanda,1993,,0.0,,,,,-8.459,-0.305,,,,,,,,,,,,,,,,0.0,0.0,,,,,,,,,,,,,,,,0.388,526.527,,,,,,,,8498078830.0,,,,,,,,,,,,,,,,,,,,,,,,,,,,,,,,,,,,,,,,,,,,,,,,,,,,,6263758.0,3.298,,,,,,,,,,,,,,,,,,,,,
RWA,Rwanda,1994,,0.0,,,,,2.226,0.073,,,,,,,,,,,,,,,,0.0,0.0,,,,,,,,,,,,,,,,0.795,567.945,,,,,,,,4238310521.0,,,,,,,,,,,,,,,,,,,,,,,,,,,,,,,,,,,,,,,,,,,,,,,,,,,,,5936253.0,3.371,,,,,,,,,,,,,,,,,,,,,
RWA,Rwanda,1995,,0.0,,,,,1.781,0.06,,,,,,,,,,,,,,,,0.0,0.0,,,,,,,,,,,,,,,,0.621,587.942,,,,,,,,5523730817.0,,,,,,,,,,,,,,,,,,,,,,,,,,,,,,,,,,,,,,,,,,,,,,,,,,,,,5836490.0,3.432,,,,,,,,,,,,,,,,,,,,,
RWA,Rwanda,1996,,0.0,,,,,-1.084,-0.037,,,,,,,,,,,,,,,,0.0,0.0,,,,,,,,,,,,,,,,0.549,564.489,,,,,,,,6185431808.0,,,,,,,,,,,,,,,,,,,,,,,,,,,,,,,,,,,,,,,,,,,,,,,,,,,,,6013112.0,3.394,,,,,,,,,,,,,,,,,,,,,
RWA,Rwanda,1997,,0.0,,,,,1.372,0.047,,,,,,,,,,,,,,,,0.0,0.0,,,,,,,,,,,,,,,,0.499,535.977,,,,,,,,6891740635.0,,,,,,,,,,,,,,,,,,,,,,,,,,,,,,,,,,,,,,,,,,,,,,,,,,,,,6419898.0,3.441,,,,,,,,,,,,,,,,,,,,,
RWA,Rwanda,1998,,0.0,,,,,1.489,0.051,,,,,,,,,,,,,,,,0.0,0.0,,,,,,,,,,,,,,,,0.476,501.546,,,,,,,,7337659436.0,,,,,,,,,,,,,,,,,,,,,,,,,,,,,,,,,,,,,,,,,,,,,,,,,,,,,6962800.0,3.492,,,,,,,,,,,,,,,,,,,,,
RWA,Rwanda,1999,,0.0,,,,,-3.079,-0.108,,,,,,,,,,,,,,,,0.0,0.0,,,,,,,,,,,,,,,,0.444,451.209,,,,,,,,7619524370.0,,,,,,,,,,,,,,,,,,,,,,,,,,,,,,,,,,,,,,,,,,,,,,,,,,,,,7501238.0,3.385,,,,,,,,,,,,,,,,,,,,,
RWA,Rwanda,2000,,0.0,,,,,-14.253,-0.482,0.0,0.0,,,,,,0.0,0.0,,,,,0.0,,0.0,0.0,0.2,0.0,0.0,0.0,0.0,0.11,0.0,0.0,0.0,0.0,0.11,0.0,0.0,0.11,0.0,0.36,365.81,,,,,,0.0,0.0,8053573218.0,0.0,,,,,0.0,,,,100.0,,,,,13.865,,100.0,0.11,13.865,,,,,,45.0,0.09,0.0,,,,,0.0,,0.0,,,,,0.0,,,,0.0,0.0,,,,,0.0,0.0,,13.865,7933688.0,2.902,13.865,100.0,,,,,,0.0,,,,,0.0,,0.0,,,,,0.0,
RWA,Rwanda,2001,,0.0,,,,,-1.655,-0.048,0.0,0.0,,,,,,0.0,0.0,,,,,0.0,,0.0,0.0,0.21,0.0,0.0,0.0,0.0,0.09,0.0,0.0,0.0,0.0,0.09,0.0,0.0,0.09,0.0,0.335,346.755,,,,,,0.0,0.0,8517812234.0,0.0,,,,,0.0,,,,100.0,,,,,10.934,,100.0,0.09,10.934,,,,,,57.143,0.12,0.0,,,,,0.0,,0.0,,,,,0.0,,,,0.0,0.0,,,,,0.0,0.0,,10.934,8231150.0,2.854,10.934,100.0,,,,,,0.0,,,,,0.0,,0.0,,,,,0.0,
RWA,Rwanda,2002,,0.0,,,,,2.243,0.064,0.0,0.0,,,,,,0.0,0.0,,,,,0.0,,0.0,0.0,0.23,0.0,0.0,0.0,0.0,0.1,0.0,0.0,0.0,0.0,0.1,0.0,0.0,0.1,0.0,0.31,346.29,,,,,,0.0,0.0,9398588473.0,0.0,,,,,0.0,,,,100.0,,,,,11.867,,100.0,0.1,11.867,,,,,,56.522,0.13,0.0,,,,,0.0,,0.0,,,,,0.0,,,,0.0,0.0,,,,,0.0,0.0,,11.867,8427061.0,2.918,11.867,100.0,,,,,,0.0,,,,,0.0,,0.0,,,,,0.0,
RWA,Rwanda,2003,,0.0,,,,,-0.482,-0.014,0.0,0.0,,,,,,0.0,0.0,,,,,0.0,,0.0,0.0,0.24,0.0,0.0,0.0,0.0,0.12,0.0,0.0,0.0,0.0,0.12,0.0,0.0,0.12,0.0,0.31,339.382,,,,,,0.0,0.0,9366090469.0,0.0,,,,,0.0,,,,100.0,,,,,14.023,,100.0,0.12,14.023,,,,,,50.0,0.12,0.0,,,,,0.0,,0.0,,,,,0.0,,,,0.0,0.0,,,,,0.0,0.0,,14.023,8557160.0,2.904,14.023,100.0,,,,,,0.0,,,,,0.0,,0.0,,,,,0.0,
RWA,Rwanda,2004,,0.0,,,,,-3.633,-0.106,0.0,0.0,,,,,,111.111,0.0,,,,,0.0,,0.0,0.0,0.2,0.0,0.0,0.01,0.0,0.08,0.0,0.01,0.0,0.0,0.08,0.0,0.0,0.09,0.01,0.285,322.403,,,,,,1.152,11.111,9814558081.0,0.0,,,,,0.0,,,,88.889,,,,,9.216,,88.889,0.08,9.216,,,,,,55.0,0.11,0.0,,,,,0.0,,11.111,,,,,1.152,,,,0.0,0.0,,,,,0.0,0.0,,10.368,8680516.0,2.799,9.216,88.889,,,,,,0.0,,,,,0.0,,0.0,,,,,0.0,
RWA,Rwanda,2005,,0.0,,,,,-3.006,-0.084,0.0,0.0,,,,,,300.0,0.0,,,,,0.0,,0.0,0.0,0.19,0.0,0.0,0.04,0.0,0.06,0.0,0.04,0.0,0.0,0.06,0.0,0.0,0.1,0.03,0.259,307.063,,,,,,4.525,40.0,10465366352.0,0.0,,,,,0.0,,,,60.0,,,,,6.787,,60.0,0.06,6.787,,,,,,47.368,0.09,0.0,,,,,0.0,,40.0,,,,,4.525,,,,0.0,0.0,,,,,0.0,0.0,,11.312,8840220.0,2.715,6.787,60.0,,,,,,0.0,,,,,0.0,,0.0,,,,,0.0,
RWA,Rwanda,2006,,0.0,,,,,-3.022,-0.082,0.0,0.0,,,,,,500.0,0.0,,,,,0.0,,0.0,0.0,0.22,0.0,0.0,0.12,0.0,0.04,0.0,0.12,0.0,0.0,0.04,0.0,0.0,0.16,0.08,0.236,291.095,,,,,,13.269,75.0,11146534767.0,0.0,,,,,0.0,,,,25.0,,,,,4.423,,25.0,0.04,4.423,,,,,,27.273,0.06,0.0,,,,,0.0,,75.0,,,,,13.269,,,,0.0,0.0,,,,,0.0,0.0,,17.693,9043342.0,2.632,4.423,25.0,,,,,,0.0,,,,,0.0,,0.0,,,,,0.0,
RWA,Rwanda,2007,,0.0,,,,,2.243,0.059,0.0,0.0,,,,,,533.333,0.0,,,,,0.0,,0.0,0.0,0.23,0.0,0.0,0.11,0.0,0.04,0.0,0.11,0.0,0.0,0.04,0.0,0.0,0.15,0.08,0.23,290.231,,,,,,11.861,73.333,11698685712.0,0.0,,,,,0.0,,,,26.667,,,,,4.313,,26.667,0.04,4.313,,,,,,34.783,0.08,0.0,,,,,0.0,,73.333,,,,,11.861,,,,0.0,0.0,,,,,0.0,0.0,,16.175,9273759.0,2.692,4.313,26.667,,,,,,0.0,,,,,0.0,,0.0,,,,,0.0,
RWA,Rwanda,2008,,0.0,,,,,5.223,0.141,0.0,0.0,,,,,,444.444,0.0,,,,,0.0,,0.0,0.0,0.26,0.0,0.0,0.11,0.0,0.07,0.0,0.11,0.0,0.0,0.07,0.0,0.0,0.18,0.08,0.223,297.35,,,,,,11.549,61.111,12678515419.0,0.0,,,,,0.0,,,,38.889,,,,,7.349,,38.889,0.07,7.349,,,,,,30.769,0.08,0.0,,,,,0.0,,61.111,,,,,11.549,,,,0.0,0.0,,,,,0.0,0.0,,18.899,9524532.0,2.832,7.349,38.889,,,,,,0.0,,,,,0.0,,0.0,,,,,0.0,
RWA,Rwanda,2009,,0.0,,,,,5.35,0.152,0.0,0.0,,,,,,416.667,0.0,,,,,0.0,,0.0,0.0,0.3,0.0,0.0,0.14,0.0,0.1,0.0,0.14,0.0,0.0,0.1,0.0,0.0,0.24,0.1,0.227,304.988,,,,,,14.311,58.333,13135721807.0,0.0,,,,,0.0,,,,41.667,,,,,10.222,,41.667,0.1,10.222,,,,,,20.0,0.06,0.0,,,,,0.0,,58.333,,,,,14.311,,,,0.0,0.0,,,,,0.0,0.0,,24.533,9782770.0,2.984,10.222,41.667,,,,,,0.0,,,,,0.0,,0.0,,,,,0.0,
RWA,Rwanda,2010,,0.0,,,,,12.275,0.366,0.0,0.0,,,,,,407.407,0.0,,,,,0.0,,0.0,0.0,0.35,0.0,0.0,0.16,0.0,0.11,0.0,0.16,0.0,0.0,0.11,0.0,0.0,0.27,0.11,0.244,333.673,,,,,,15.937,59.259,13742206287.0,0.0,,,,,0.0,,,,40.741,,,,,10.957,,40.741,0.11,10.957,,,,,,22.857,0.08,0.0,,,,,0.0,,59.259,,,,,15.937,,,,0.0,0.0,,,,,0.0,0.0,,26.894,10039338.0,3.35,10.957,40.741,,,,,,0.0,,,,,0.0,,0.0,,,,,0.0,
RWA,Rwanda,2011,,0.0,,,,,11.184,0.375,0.0,0.0,,,,,,419.355,0.0,,,,,0.0,,0.0,0.0,0.39,0.0,0.0,0.18,0.0,0.13,0.0,0.18,0.0,0.0,0.13,0.0,0.0,0.31,0.13,0.258,361.837,,,,,,17.487,58.065,14451292389.0,0.0,,,,,0.0,,,,41.935,,,,,12.63,,41.935,0.13,12.63,,,,,,20.513,0.08,0.0,,,,,0.0,,58.065,,,,,17.487,,,,0.0,0.0,,,,,0.0,0.0,,30.117,10293333.0,3.725,12.63,41.935,,,,,,0.0,,,,,0.0,,0.0,,,,,0.0,
RWA,Rwanda,2012,,0.0,,,,,9.692,0.361,0.0,0.0,,,,,,411.765,0.0,,,,,0.0,,0.0,0.0,0.43,0.0,0.0,0.2,0.0,0.14,0.0,0.2,0.0,0.0,0.14,0.0,0.0,0.34,0.14,0.26,387.261,,,,,,18.958,58.824,15725583657.0,0.0,,,,,0.0,,,,41.176,,,,,13.271,,41.176,0.14,13.271,,,,,,20.93,0.09,0.0,,,,,0.0,,58.824,,,,,18.958,,,,0.0,0.0,,,,,0.0,0.0,,32.229,10549668.0,4.085,13.271,41.176,,,,,,0.0,,,,,0.0,,0.0,,,,,0.0,
RWA,Rwanda,2013,,0.0,,,,,6.099,0.249,0.0,0.0,,,,,,421.053,0.0,,,,,0.0,,0.0,0.0,0.47,0.0,0.0,0.23,0.0,0.15,0.0,0.23,0.0,0.0,0.15,0.0,0.0,0.38,0.16,0.263,400.929,,,,,,21.274,60.526,16457679206.0,0.0,,,,,0.0,,,,39.474,,,,,13.874,,39.474,0.15,13.874,,,,,,19.149,0.09,0.0,,,,,0.0,,60.526,,,,,21.274,,,,0.0,0.0,,,,,0.0,0.0,,35.148,10811538.0,4.335,13.874,39.474,,,,,,0.0,,,,,0.0,,0.0,,,,,0.0,
RWA,Rwanda,2014,,0.0,,,,,5.83,0.253,0.0,0.0,,,,,,382.979,0.0,,,,,0.0,,0.0,0.0,0.56,0.0,0.0,0.26,0.0,0.2,0.0,0.26,0.0,0.0,0.21,0.01,0.0,0.47,0.18,0.261,413.887,,,,,,23.458,55.319,17604784474.0,0.0,,,,,0.0,,,,42.553,,,,,18.045,,44.681,0.21,18.947,,,,,,16.071,0.09,0.0,,,,,0.0,,55.319,,,,,23.458,,,,0.0,0.0,,,,,0.0,0.0,,42.405,11083629.0,4.587,18.947,44.681,,,,,,2.128,,,,,0.902,,0.0,,,,,0.0,
RWA,Rwanda,2015,,0.0,,,,,10.713,0.491,0.0,0.0,,,,,,362.069,0.0,,,,,0.0,,0.0,0.0,0.66,0.0,0.0,0.28,0.0,0.28,0.0,0.28,0.0,0.0,0.3,0.02,0.0,0.58,0.21,0.27,446.723,,,,,,24.628,48.276,18832036843.0,0.0,,,,,0.0,,,,48.276,,,,,24.628,,51.724,0.3,26.387,,,,,,12.121,0.08,0.0,,,,,0.0,,48.276,,,,,24.628,,,,0.0,0.0,,,,,0.0,0.0,,51.016,11369066.0,5.079,26.387,51.724,,,,,,3.448,,,,,1.759,,0.0,,,,,0.0,
RWA,Rwanda,2016,,0.0,,,,,3.937,0.2,0.0,0.0,,,,,,356.164,0.0,,,,,0.0,,0.0,0.0,0.8,0.0,0.0,0.36,0.0,0.28,0.0,0.36,0.0,0.0,0.37,0.09,0.0,0.73,0.26,0.265,452.381,,,,,,30.851,49.315,19946535339.0,0.0,,,,,0.0,,,,38.356,,,,,23.996,,50.685,0.37,31.708,,,,,,8.75,0.07,0.0,,,,,0.0,,49.315,,,,,30.851,,,,0.0,0.0,,,,,0.0,0.0,,62.56,11668829.0,5.279,31.708,50.685,,,,,,12.329,,,,,7.713,,0.0,,,,,0.0,
RWA,Rwanda,2017,,,,,,,3.415,0.18,1.22,0.835,,,,,,353.659,0.0,,,,,0.0,,,,0.9,0.01,0.0,0.4,0.0,0.32,0.0,0.4,0.0,0.01,0.42,0.09,0.0,0.82,0.29,0.258,455.64,,,,,,33.386,48.78,21167263119.0,0.0,,,,,0.0,,,,39.024,,,,,26.709,,51.22,0.42,35.056,,,,,,8.889,0.08,0.0,,,,,0.0,,48.78,,,,,33.386,,,,0.0,0.835,,,,,0.0,1.22,,68.442,11980960.0,5.459,35.056,51.22,,,,,,10.976,,,,,7.512,,0.0,,,,,0.0,
RWA,Rwanda,2018,,,,,,,4.012,0.219,1.136,0.813,,,,,,397.727,0.0,,,,,0.0,,,,0.97,0.01,0.0,0.49,0.0,0.33,0.0,0.49,0.0,0.01,0.39,0.05,0.0,0.88,0.35,0.247,461.556,,,,,,39.831,55.682,22988917805.0,0.0,,,,,0.0,,,,37.5,,,,,26.825,,44.318,0.39,31.702,,,,,,9.278,0.09,0.0,,,,,0.0,,55.682,,,,,39.831,,,,0.0,0.813,,,,,0.0,1.136,,71.533,12301969.0,5.678,31.702,44.318,,,,,,5.682,,,,,4.064,,0.0,,,,,0.0,
RWA,Rwanda,2019,,,,,,,11.09,0.63,0.943,0.792,,,,,,377.358,0.0,,,,,0.0,,,,1.15,0.01,0.0,0.55,0.0,0.45,0.0,0.55,0.0,0.01,0.51,0.05,0.0,1.06,0.4,,499.546,,,,,,43.558,51.887,,0.0,,,,,0.0,,,,42.453,,,,,35.638,,48.113,0.51,40.39,,,,,,7.826,0.09,0.0,,,,,0.0,,51.887,,,,,43.558,,,,0.0,0.792,,,,,0.0,0.943,,83.948,12626938.0,6.308,40.39,48.113,,,,,,4.717,,,,,3.96,,0.0,,,,,0.0,
RWA,Rwanda,2020,,,,,,,,,0.943,0.772,,,,,,377.358,0.0,,,,,0.0,,,,1.15,0.01,0.0,0.55,0.0,0.45,0.0,0.55,0.0,0.01,0.51,0.05,0.0,1.06,0.4,,,,,,,,42.464,51.887,,0.0,,,,,0.0,,,,42.453,,,,,34.743,,48.113,0.51,39.376,,,,,,7.826,0.09,0.0,,,,,0.0,,51.887,,,,,42.464,,,,0.0,0.772,,,,,0.0,0.943,,81.839,12952209.0,,39.376,48.113,,,,,,4.717,,,,,3.86,,0.0,,,,,0.0,
