iso_code,country,year,coal_prod_change_pct,coal_prod_change_twh,gas_prod_change_pct,gas_prod_change_twh,oil_prod_change_pct,oil_prod_change_twh,energy_cons_change_pct,energy_cons_change_twh,biofuel_share_elec,biofuel_elec_per_capita,biofuel_cons_change_pct,biofuel_share_energy,biofuel_cons_change_twh,biofuel_consumption,biofuel_cons_per_capita,carbon_intensity_elec,coal_share_elec,coal_cons_change_pct,coal_share_energy,coal_cons_change_twh,coal_consumption,coal_elec_per_capita,coal_cons_per_capita,coal_production,coal_prod_per_capita,electricity_demand,biofuel_electricity,coal_electricity,fossil_electricity,gas_electricity,hydro_electricity,nuclear_electricity,oil_electricity,other_renewable_exc_biofuel_electricity,other_renewable_electricity,renewables_electricity,solar_electricity,wind_electricity,electricity_generation,greenhouse_gas_emissions,energy_per_gdp,energy_per_capita,fossil_cons_change_pct,fossil_share_energy,fossil_cons_change_twh,fossil_fuel_consumption,fossil_energy_per_capita,fossil_cons_per_capita,fossil_share_elec,gdp,gas_share_elec,gas_cons_change_pct,gas_share_energy,gas_cons_change_twh,gas_consumption,gas_elec_per_capita,gas_energy_per_capita,gas_production,gas_prod_per_capita,hydro_share_elec,hydro_cons_change_pct,hydro_share_energy,hydro_cons_change_twh,hydro_consumption,hydro_elec_per_capita,hydro_energy_per_capita,low_carbon_share_elec,low_carbon_electricity,low_carbon_elec_per_capita,low_carbon_cons_change_pct,low_carbon_share_energy,low_carbon_cons_change_twh,low_carbon_consumption,low_carbon_energy_per_capita,net_elec_imports_share_demand,net_elec_imports,nuclear_share_elec,nuclear_cons_change_pct,nuclear_share_energy,nuclear_cons_change_twh,nuclear_consumption,nuclear_elec_per_capita,nuclear_energy_per_capita,oil_share_elec,oil_cons_change_pct,oil_share_energy,oil_cons_change_twh,oil_consumption,oil_elec_per_capita,oil_energy_per_capita,oil_production,oil_prod_per_capita,other_renewables_elec_per_capita_exc_biofuel,other_renewables_elec_per_capita,other_renewables_cons_change_pct,other_renewables_share_energy,other_renewables_cons_change_twh,other_renewable_consumption,other_renewables_share_elec_exc_biofuel,other_renewables_share_elec,other_renewables_energy_per_capita,per_capita_electricity,population,primary_energy_consumption,renewables_elec_per_capita,renewables_share_elec,renewables_cons_change_pct,renewables_share_energy,renewables_cons_change_twh,renewables_consumption,renewables_energy_per_capita,solar_share_elec,solar_cons_change_pct,solar_share_energy,solar_cons_change_twh,solar_consumption,solar_elec_per_capita,solar_energy_per_capita,wind_share_elec,wind_cons_change_pct,wind_share_energy,wind_cons_change_twh,wind_consumption,wind_elec_per_capita,wind_energy_per_capita
WSM,Samoa,1980,,,,,,,,,,,,,,,,,,,,,,,,0.0,0.0,,,,,,,,,,,,,,,,,2820.25,,,,,,,,,,,,,,,,,,,,,,,,,,,,,,,,,,,,,,,,,,,,,,,,,,,,,,,,,,,,,155522.0,0.439,,,,,,,,,,,,,,,,,,,,,
WSM,Samoa,1981,,0.0,,,,,-0.23,-0.001,,,,,,,,,,,,,,,,0.0,0.0,,,,,,,,,,,,,,,,,2797.801,,,,,,,,,,,,,,,,,,,,,,,,,,,,,,,,,,,,,,,,,,,,,,,,,,,,,,,,,,,,,156410.0,0.438,,,,,,,,,,,,,,,,,,,,,
WSM,Samoa,1982,,0.0,,,,,17.087,0.075,,,,,,,,,,,,,,,,0.0,0.0,,,,,,,,,,,,,,,,,3255.974,,,,,,,,,,,,,,,,,,,,,,,,,,,,,,,,,,,,,,,,,,,,,,,,,,,,,,,,,,,,,157365.0,0.512,,,,,,,,,,,,,,,,,,,,,
WSM,Samoa,1983,,0.0,,,,,0.045,0.0,,,,,,,,,,,,,,,,0.0,0.0,,,,,,,,,,,,,,,,,3237.289,,,,,,,,,,,,,,,,,,,,,,,,,,,,,,,,,,,,,,,,,,,,,,,,,,,,,,,,,,,,,158345.0,0.513,,,,,,,,,,,,,,,,,,,,,
WSM,Samoa,1984,,0.0,,,,,25.846,0.132,,,,,,,,,,,,,,,,0.0,0.0,,,,,,,,,,,,,,,,,4051.025,,,,,,,,,,,,,,,,,,,,,,,,,,,,,,,,,,,,,,,,,,,,,,,,,,,,,,,,,,,,,159243.0,0.645,,,,,,,,,,,,,,,,,,,,,
WSM,Samoa,1985,,0.0,,,,,-18.205,-0.117,,,,,,,,,,,,,,,,0.0,0.0,,,,,,,,,,,,,,,,,3297.98,,,,,,,,,,,,,,,,,,,,,,,,,,,,,,,,,,,,,,,,,,,,,,,,,,,,,,,,,,,,,159995.0,0.528,,,,,,,,,,,,,,,,,,,,,
WSM,Samoa,1986,,0.0,,,,,-9.527,-0.05,,,,,,,,,,,,,,,,0.0,0.0,,,,,,,,,,,,,,,,,2973.418,,,,,,,,,,,,,,,,,,,,,,,,,,,,,,,,,,,,,,,,,,,,,,,,,,,,,,,,,,,,,160552.0,0.477,,,,,,,,,,,,,,,,,,,,,
WSM,Samoa,1987,,0.0,,,,,-1.312,-0.006,,,,,,,,,,,,,,,,0.0,0.0,,,,,,,,,,,,,,,,,2926.92,,,,,,,,,,,,,,,,,,,,,,,,,,,,,,,,,,,,,,,,,,,,,,,,,,,,,,,,,,,,,160962.0,0.471,,,,,,,,,,,,,,,,,,,,,
WSM,Samoa,1988,,0.0,,,,,0.136,0.001,,,,,,,,,,,,,,,,0.0,0.0,,,,,,,,,,,,,,,,,2923.498,,,,,,,,,,,,,,,,,,,,,,,,,,,,,,,,,,,,,,,,,,,,,,,,,,,,,,,,,,,,,161369.0,0.472,,,,,,,,,,,,,,,,,,,,,
WSM,Samoa,1989,,0.0,,,,,26.294,0.124,,,,,,,,,,,,,,,,0.0,0.0,,,,,,,,,,,,,,,,,3679.307,,,,,,,,,,,,,,,,,,,,,,,,,,,,,,,,,,,,,,,,,,,,,,,,,,,,,,,,,,,,,161935.0,0.596,,,,,,,,,,,,,,,,,,,,,
WSM,Samoa,1990,,0.0,,,,,-0.03,-0.0,,,,,,,,,,,,,,,,0.0,0.0,,,,,,,,,,,,,,,,,3658.745,,,,,,,,,,,,,,,,,,,,,,,,,,,,,,,,,,,,,,,,,,,,,,,,,,,,,,,,,,,,,162797.0,0.596,,,,,,,,,,,,,,,,,,,,,
WSM,Samoa,1991,,0.0,,,,,0.033,0.0,,,,,,,,,,,,,,,,0.0,0.0,,,,,,,,,,,,,,,,,3633.122,,,,,,,,,,,,,,,,,,,,,,,,,,,,,,,,,,,,,,,,,,,,,,,,,,,,,,,,,,,,,164000.0,0.596,,,,,,,,,,,,,,,,,,,,,
WSM,Samoa,1992,,0.0,,,,,-6.76,-0.04,,,,,,,,,,,,,,,,0.0,0.0,,,,,,,,,,,,,,,,,3357.029,,,,,,,,,,,,,,,,,,,,,,,,,,,,,,,,,,,,,,,,,,,,,,,,,,,,,,,,,,,,,165490.0,0.556,,,,,,,,,,,,,,,,,,,,,
WSM,Samoa,1993,,0.0,,,,,9.835,0.055,,,,,,,,,,,,,,,,0.0,0.0,,,,,,,,,,,,,,,,,3651.298,,,,,,,,,,,,,,,,,,,,,,,,,,,,,,,,,,,,,,,,,,,,,,,,,,,,,,,,,,,,,167117.0,0.61,,,,,,,,,,,,,,,,,,,,,
WSM,Samoa,1994,,0.0,,,,,0.008,0.0,,,,,,,,,,,,,,,,0.0,0.0,,,,,,,,,,,,,,,,,3617.575,,,,,,,,,,,,,,,,,,,,,,,,,,,,,,,,,,,,,,,,,,,,,,,,,,,,,,,,,,,,,168689.0,0.61,,,,,,,,,,,,,,,,,,,,,
WSM,Samoa,1995,,0.0,,,,,0.49,0.003,,,,,,,,,,,,,,,,0.0,0.0,,,,,,,,,,,,,,,,,3606.222,,,,,,,,,,,,,,,,,,,,,,,,,,,,,,,,,,,,,,,,,,,,,,,,,,,,,,,,,,,,,170050.0,0.613,,,,,,,,,,,,,,,,,,,,,
WSM,Samoa,1996,,0.0,,,,,2.25,0.014,,,,,,,,,,,,,,,,0.0,0.0,,,,,,,,,,,,,,,,,3663.352,,,,,,,,,,,,,,,,,,,,,,,,,,,,,,,,,,,,,,,,,,,,,,,,,,,,,,,,,,,,,171165.0,0.627,,,,,,,,,,,,,,,,,,,,,
WSM,Samoa,1997,,0.0,,,,,1.02,0.006,,,,,,,,,,,,,,,,0.0,0.0,,,,,,,,,,,,,,,,,3681.374,,,,,,,,,,,,,,,,,,,,,,,,,,,,,,,,,,,,,,,,,,,,,,,,,,,,,,,,,,,,,172065.0,0.633,,,,,,,,,,,,,,,,,,,,,
WSM,Samoa,1998,,0.0,,,,,2.334,0.015,,,,,,,,,,,,,,,,0.0,0.0,,,,,,,,,,,,,,,,,3750.445,,,,,,,,,,,,,,,,,,,,,,,,,,,,,,,,,,,,,,,,,,,,,,,,,,,,,,,,,,,,,172839.0,0.648,,,,,,,,,,,,,,,,,,,,,
WSM,Samoa,1999,,0.0,,,,,2.361,0.015,,,,,,,,,,,,,,,,0.0,0.0,,,,,,,,,,,,,,,,,3822.05,,,,,,,,,,,,,,,,,,,,,,,,,,,,,,,,,,,,,,,,,,,,,,,,,,,,,,,,,,,,,173606.0,0.664,,,,,,,,,,,,,,,,,,,,,
WSM,Samoa,2000,,0.0,,,,,40.083,0.266,10.0,57.322,,,,,,400.0,0.0,,,,,0.0,,0.0,0.0,0.1,0.01,0.0,0.05,0.0,0.04,0.0,0.05,0.0,0.01,0.05,0.0,0.0,0.1,0.04,,5328.001,,,,,,286.609,50.0,,0.0,,,,,0.0,,,,40.0,,,,,229.287,,50.0,0.05,286.609,,,,,,0.0,0.0,0.0,,,,,0.0,,50.0,,,,,286.609,,,,0.0,57.322,,,,,0.0,10.0,,573.217,174454.0,0.929,286.609,50.0,,,,,,0.0,,,,,0.0,,0.0,,,,,0.0,
WSM,Samoa,2001,,0.0,,,,,6.849,0.064,9.091,57.014,,,,,,363.636,0.0,,,,,0.0,,0.0,0.0,0.11,0.01,0.0,0.05,0.0,0.05,0.0,0.05,0.0,0.01,0.06,0.0,0.0,0.11,0.04,,5662.394,,,,,,285.072,45.455,,0.0,,,,,0.0,,,,45.455,,,,,285.072,,54.545,0.06,342.087,,,,,,0.0,0.0,0.0,,,,,0.0,,45.455,,,,,285.072,,,,0.0,57.014,,,,,0.0,9.091,,627.159,175394.0,0.993,342.087,54.545,,,,,,0.0,,,,,0.0,,0.0,,,,,0.0,
WSM,Samoa,2002,,0.0,,,,,5.59,0.056,8.333,56.686,,,,,,333.333,0.0,,,,,0.0,,0.0,0.0,0.12,0.01,0.0,0.05,0.0,0.06,0.0,0.05,0.0,0.01,0.07,0.0,0.0,0.12,0.04,,5944.467,,,,,,283.431,41.667,,0.0,,,,,0.0,,,,50.0,,,,,340.117,,58.333,0.07,396.803,,,,,,0.0,0.0,0.0,,,,,0.0,,41.667,,,,,283.431,,,,0.0,56.686,,,,,0.0,8.333,,680.234,176410.0,1.049,396.803,58.333,,,,,,0.0,,,,,0.0,,0.0,,,,,0.0,
WSM,Samoa,2003,,0.0,,,,,0.88,0.009,9.091,56.344,,,,,,363.636,0.0,,,,,0.0,,0.0,0.0,0.11,0.01,0.0,0.05,0.0,0.05,0.0,0.05,0.0,0.01,0.06,0.0,0.0,0.11,0.04,,5960.596,,,,,,281.72,45.455,,0.0,,,,,0.0,,,,45.455,,,,,281.72,,54.545,0.06,338.064,,,,,,0.0,0.0,0.0,,,,,0.0,,45.455,,,,,281.72,,,,0.0,56.344,,,,,0.0,9.091,,619.785,177481.0,1.058,338.064,54.545,,,,,,0.0,,,,,0.0,,0.0,,,,,0.0,
WSM,Samoa,2004,,0.0,,,,,0.004,0.0,9.091,55.992,,,,,,363.636,0.0,,,,,0.0,,0.0,0.0,0.11,0.01,0.0,0.05,0.0,0.05,0.0,0.05,0.0,0.01,0.06,0.0,0.0,0.11,0.04,,5923.581,,,,,,279.96,45.455,,0.0,,,,,0.0,,,,45.455,,,,,279.96,,54.545,0.06,335.952,,,,,,0.0,0.0,0.0,,,,,0.0,,45.455,,,,,279.96,,,,0.0,55.992,,,,,0.0,9.091,,615.912,178597.0,1.058,335.952,54.545,,,,,,0.0,,,,,0.0,,0.0,,,,,0.0,
WSM,Samoa,2005,,0.0,,,,,1.252,0.013,9.091,55.641,,,,,,363.636,0.0,,,,,0.0,,0.0,0.0,0.11,0.01,0.0,0.05,0.0,0.05,0.0,0.05,0.0,0.01,0.06,0.0,0.0,0.11,0.04,,5960.178,,,,,,278.207,45.455,,0.0,,,,,0.0,,,,45.455,,,,,278.207,,54.545,0.06,333.849,,,,,,0.0,0.0,0.0,,,,,0.0,,45.455,,,,,278.207,,,,0.0,55.641,,,,,0.0,9.091,,612.056,179722.0,1.071,333.849,54.545,,,,,,0.0,,,,,0.0,,0.0,,,,,0.0,
WSM,Samoa,2006,,0.0,,,,,3.33,0.036,9.091,55.287,,,,,,363.636,0.0,,,,,0.0,,0.0,0.0,0.11,0.01,0.0,0.05,0.0,0.05,0.0,0.05,0.0,0.01,0.06,0.0,0.0,0.11,0.04,,6119.455,,,,,,276.436,45.455,,0.0,,,,,0.0,,,,45.455,,,,,276.436,,54.545,0.06,331.723,,,,,,0.0,0.0,0.0,,,,,0.0,,45.455,,,,,276.436,,,,0.0,55.287,,,,,0.0,9.091,,608.158,180874.0,1.107,331.723,54.545,,,,,,0.0,,,,,0.0,,0.0,,,,,0.0,
WSM,Samoa,2007,,0.0,,,,,6.723,0.074,8.333,54.931,,,,,,333.333,0.0,,,,,0.0,,0.0,0.0,0.12,0.01,0.0,0.06,0.0,0.05,0.0,0.06,0.0,0.01,0.06,0.0,0.0,0.12,0.04,,6488.854,,,,,,329.589,50.0,,0.0,,,,,0.0,,,,41.667,,,,,274.657,,50.0,0.06,329.589,,,,,,0.0,0.0,0.0,,,,,0.0,,50.0,,,,,329.589,,,,0.0,54.931,,,,,0.0,8.333,,659.178,182045.0,1.181,329.589,50.0,,,,,,0.0,,,,,0.0,,0.0,,,,,0.0,
WSM,Samoa,2008,,0.0,,,,,2.581,0.03,8.333,54.564,,,,,,333.333,0.0,,,,,0.0,,0.0,0.0,0.12,0.01,0.0,0.06,0.0,0.05,0.0,0.06,0.0,0.01,0.06,0.0,0.0,0.12,0.04,,6611.865,,,,,,327.386,50.0,,0.0,,,,,0.0,,,,41.667,,,,,272.822,,50.0,0.06,327.386,,,,,,0.0,0.0,0.0,,,,,0.0,,50.0,,,,,327.386,,,,0.0,54.564,,,,,0.0,8.333,,654.772,183270.0,1.212,327.386,50.0,,,,,,0.0,,,,,0.0,,0.0,,,,,0.0,
WSM,Samoa,2009,,0.0,,,,,4.653,0.056,8.333,54.185,,,,,,333.333,0.0,,,,,0.0,,0.0,0.0,0.12,0.01,0.0,0.06,0.0,0.05,0.0,0.06,0.0,0.01,0.06,0.0,0.0,0.12,0.04,,6871.408,,,,,,325.11,50.0,,0.0,,,,,0.0,,,,41.667,,,,,270.925,,50.0,0.06,325.11,,,,,,0.0,0.0,0.0,,,,,0.0,,50.0,,,,,325.11,,,,0.0,54.185,,,,,0.0,8.333,,650.22,184553.0,1.268,325.11,50.0,,,,,,0.0,,,,,0.0,,0.0,,,,,0.0,
WSM,Samoa,2010,,0.0,,,,,-0.206,-0.003,8.333,53.78,,,,,,333.333,0.0,,,,,0.0,,0.0,0.0,0.12,0.01,0.0,0.06,0.0,0.05,0.0,0.06,0.0,0.01,0.06,0.0,0.0,0.12,0.04,,6805.958,,,,,,322.678,50.0,,0.0,,,,,0.0,,,,41.667,,,,,268.898,,50.0,0.06,322.678,,,,,,0.0,0.0,0.0,,,,,0.0,,50.0,,,,,322.678,,,,0.0,53.78,,,,,0.0,8.333,,645.356,185944.0,1.266,322.678,50.0,,,,,,0.0,,,,,0.0,,0.0,,,,,0.0,
WSM,Samoa,2011,,0.0,,,,,1.193,0.015,8.333,53.342,,,,,,333.333,0.0,,,,,0.0,,0.0,0.0,0.12,0.01,0.0,0.06,0.0,0.05,0.0,0.06,0.0,0.01,0.06,0.0,0.0,0.12,0.04,,6831.139,,,,,,320.053,50.0,,0.0,,,,,0.0,,,,41.667,,,,,266.711,,50.0,0.06,320.053,,,,,,0.0,0.0,0.0,,,,,0.0,,50.0,,,,,320.053,,,,0.0,53.342,,,,,0.0,8.333,,640.106,187469.0,1.281,320.053,50.0,,,,,,0.0,,,,,0.0,,0.0,,,,,0.0,
WSM,Samoa,2012,,0.0,,,,,-3.207,-0.041,9.091,52.885,,,,,,363.636,0.0,,,,,0.0,,0.0,0.0,0.11,0.01,0.0,0.06,0.0,0.04,0.0,0.06,0.0,0.01,0.05,0.0,0.0,0.11,0.04,,6555.422,,,,,,317.311,54.545,,0.0,,,,,0.0,,,,36.364,,,,,211.541,,45.455,0.05,264.426,,,,,,0.0,0.0,0.0,,,,,0.0,,54.545,,,,,317.311,,,,0.0,52.885,,,,,0.0,9.091,,581.737,189089.0,1.24,264.426,45.455,,,,,,0.0,,,,,0.0,,0.0,,,,,0.0,
WSM,Samoa,2013,,0.0,,,,,-2.946,-0.037,9.091,52.435,,,,,,454.545,0.0,,,,,0.0,,0.0,0.0,0.11,0.01,0.0,0.07,0.0,0.03,0.0,0.07,0.0,0.01,0.04,0.0,0.0,0.11,0.05,,6308.151,,,,,,367.046,63.636,,0.0,,,,,0.0,,,,27.273,,,,,157.305,,36.364,0.04,209.74,,,,,,0.0,0.0,0.0,,,,,0.0,,63.636,,,,,367.046,,,,0.0,52.435,,,,,0.0,9.091,,576.786,190712.0,1.203,209.74,36.364,,,,,,0.0,,,,,0.0,,0.0,,,,,0.0,
WSM,Samoa,2014,,0.0,,,,,1.207,0.015,8.333,52.024,,,,,,500.0,0.0,,,,,0.0,,0.0,0.0,0.12,0.01,0.0,0.08,0.0,0.03,0.0,0.08,0.0,0.01,0.04,0.0,0.0,0.12,0.06,,6334.193,,,,,,416.19,66.667,,0.0,,,,,0.0,,,,25.0,,,,,156.071,,33.333,0.04,208.095,,,,,,0.0,0.0,0.0,,,,,0.0,,66.667,,,,,416.19,,,,0.0,52.024,,,,,0.0,8.333,,624.285,192220.0,1.218,208.095,33.333,,,,,,0.0,,,,,0.0,,0.0,,,,,0.0,
WSM,Samoa,2015,,0.0,,,,,14.776,0.18,8.333,51.677,,,,,,500.0,0.0,,,,,0.0,,0.0,0.0,0.12,0.01,0.0,0.08,0.0,0.03,0.0,0.08,0.0,0.01,0.04,0.0,0.0,0.12,0.06,,7221.643,,,,,,413.415,66.667,,0.0,,,,,0.0,,,,25.0,,,,,155.031,,33.333,0.04,206.708,,,,,,0.0,0.0,0.0,,,,,0.0,,66.667,,,,,413.415,,,,0.0,51.677,,,,,0.0,8.333,,620.123,193510.0,1.397,206.708,33.333,,,,,,0.0,,,,,0.0,,0.0,,,,,0.0,
WSM,Samoa,2016,,0.0,,,,,5.119,0.072,7.692,51.403,,,,,,461.538,0.0,,,,,0.0,,0.0,0.0,0.13,0.01,0.0,0.09,0.0,0.03,0.0,0.09,0.0,0.01,0.04,0.0,0.0,0.13,0.06,,7551.107,,,,,,462.63,69.231,,0.0,,,,,0.0,,,,23.077,,,,,154.21,,30.769,0.04,205.613,,,,,,0.0,0.0,0.0,,,,,0.0,,69.231,,,,,462.63,,,,0.0,51.403,,,,,0.0,7.692,,668.243,194540.0,1.469,205.613,30.769,,,,,,0.0,,,,,0.0,,0.0,,,,,0.0,
WSM,Samoa,2017,,,,,,,-0.0,-0.0,7.692,51.188,,,,,,461.538,0.0,,,,,0.0,,,,0.13,0.01,0.0,0.09,0.0,0.03,0.0,0.09,0.0,0.01,0.04,0.0,0.0,0.13,0.06,,7519.468,,,,,,460.693,69.231,,0.0,,,,,0.0,,,,23.077,,,,,153.564,,30.769,0.04,204.752,,,,,,0.0,0.0,0.0,,,,,0.0,,69.231,,,,,460.693,,,,0.0,51.188,,,,,0.0,7.692,,665.445,195358.0,1.469,204.752,30.769,,,,,,0.0,,,,,0.0,,0.0,,,,,0.0,
WSM,Samoa,2018,,,,,,,-0.955,-0.014,7.692,50.987,,,,,,461.538,0.0,,,,,0.0,,,,0.13,0.01,0.0,0.08,0.0,0.04,0.0,0.08,0.0,0.01,0.05,0.0,0.0,0.13,0.06,,7418.454,,,,,,407.897,61.538,,0.0,,,,,0.0,,,,30.769,,,,,203.948,,38.462,0.05,254.936,,,,,,0.0,0.0,0.0,,,,,0.0,,61.538,,,,,407.897,,,,0.0,50.987,,,,,0.0,7.692,,662.832,196128.0,1.455,254.936,38.462,,,,,,0.0,,,,,0.0,,0.0,,,,,0.0,
WSM,Samoa,2019,,,,,,,7.815,0.114,7.143,50.737,,,,,,428.571,0.0,,,,,0.0,,,,0.14,0.01,0.0,0.09,0.0,0.04,0.0,0.09,0.0,0.01,0.05,0.0,0.0,0.14,0.06,,7959.014,,,,,,456.637,64.286,,0.0,,,,,0.0,,,,28.571,,,,,202.95,,35.714,0.05,253.687,,,,,,0.0,0.0,0.0,,,,,0.0,,64.286,,,,,456.637,,,,0.0,50.737,,,,,0.0,7.143,,710.325,197093.0,1.569,253.687,35.714,,,,,,0.0,,,,,0.0,,0.0,,,,,0.0,
WSM,Samoa,2020,,,,,,,,,7.143,50.401,,,,,,428.571,0.0,,,,,0.0,,,,0.14,0.01,0.0,0.09,0.0,0.04,0.0,0.09,0.0,0.01,0.05,0.0,0.0,0.14,0.06,,,,,,,,453.606,64.286,,0.0,,,,,0.0,,,,28.571,,,,,201.603,,35.714,0.05,252.003,,,,,,0.0,0.0,0.0,,,,,0.0,,64.286,,,,,453.606,,,,0.0,50.401,,,,,0.0,7.143,,705.61,198410.0,,252.003,35.714,,,,,,0.0,,,,,0.0,,0.0,,,,,0.0,
