iso_code,country,year,coal_prod_change_pct,coal_prod_change_twh,gas_prod_change_pct,gas_prod_change_twh,oil_prod_change_pct,oil_prod_change_twh,energy_cons_change_pct,energy_cons_change_twh,biofuel_share_elec,biofuel_elec_per_capita,biofuel_cons_change_pct,biofuel_share_energy,biofuel_cons_change_twh,biofuel_consumption,biofuel_cons_per_capita,carbon_intensity_elec,coal_share_elec,coal_cons_change_pct,coal_share_energy,coal_cons_change_twh,coal_consumption,coal_elec_per_capita,coal_cons_per_capita,coal_production,coal_prod_per_capita,electricity_demand,biofuel_electricity,coal_electricity,fossil_electricity,gas_electricity,hydro_electricity,nuclear_electricity,oil_electricity,other_renewable_exc_biofuel_electricity,other_renewable_electricity,renewables_electricity,solar_electricity,wind_electricity,electricity_generation,greenhouse_gas_emissions,energy_per_gdp,energy_per_capita,fossil_cons_change_pct,fossil_share_energy,fossil_cons_change_twh,fossil_fuel_consumption,fossil_energy_per_capita,fossil_cons_per_capita,fossil_share_elec,gdp,gas_share_elec,gas_cons_change_pct,gas_share_energy,gas_cons_change_twh,gas_consumption,gas_elec_per_capita,gas_energy_per_capita,gas_production,gas_prod_per_capita,hydro_share_elec,hydro_cons_change_pct,hydro_share_energy,hydro_cons_change_twh,hydro_consumption,hydro_elec_per_capita,hydro_energy_per_capita,low_carbon_share_elec,low_carbon_electricity,low_carbon_elec_per_capita,low_carbon_cons_change_pct,low_carbon_share_energy,low_carbon_cons_change_twh,low_carbon_consumption,low_carbon_energy_per_capita,net_elec_imports_share_demand,net_elec_imports,nuclear_share_elec,nuclear_cons_change_pct,nuclear_share_energy,nuclear_cons_change_twh,nuclear_consumption,nuclear_elec_per_capita,nuclear_energy_per_capita,oil_share_elec,oil_cons_change_pct,oil_share_energy,oil_cons_change_twh,oil_consumption,oil_elec_per_capita,oil_energy_per_capita,oil_production,oil_prod_per_capita,other_renewables_elec_per_capita_exc_biofuel,other_renewables_elec_per_capita,other_renewables_cons_change_pct,other_renewables_share_energy,other_renewables_cons_change_twh,other_renewable_consumption,other_renewables_share_elec_exc_biofuel,other_renewables_share_elec,other_renewables_energy_per_capita,per_capita_electricity,population,primary_energy_consumption,renewables_elec_per_capita,renewables_share_elec,renewables_cons_change_pct,renewables_share_energy,renewables_cons_change_twh,renewables_consumption,renewables_energy_per_capita,solar_share_elec,solar_cons_change_pct,solar_share_energy,solar_cons_change_twh,solar_consumption,solar_elec_per_capita,solar_energy_per_capita,wind_share_elec,wind_cons_change_pct,wind_share_energy,wind_cons_change_twh,wind_consumption,wind_elec_per_capita,wind_energy_per_capita
SAU,Saudi Arabia,1965,,,,,,,,,,,,,,,,,,,0.0,,0.0,,0.0,,,,,,,,0.0,0.0,,,0.0,0.0,0.0,0.0,,,5.063,48546.122,,100.0,,235.14,48546.161,,,46439224744.0,,,2.553,,6.004,,1239.567,,,,,0.0,,0.0,0.0,0.0,,0.0,0.0,,0.0,,0.0,0.0,,,,,0.0,,0.0,0.0,0.0,,,97.447,,229.136,,47306.594,1291.211,266579.122,,0.0,,0.0,,0.0,,,0.0,,4843632.0,235.14,0.0,,,0.0,,0.0,0.0,,,0.0,,0.0,0.0,0.0,,,0.0,,0.0,0.0,0.0
SAU,Saudi Arabia,1966,,,,,17.964,231.956,1.353,3.182,,,,,,,,,,,0.0,0.0,0.0,,0.0,,,,,,,,0.0,0.0,,,0.0,0.0,0.0,0.0,,,4.48,47518.409,1.353,100.0,3.182,238.322,47518.447,,,53195043990.0,,20.253,3.03,1.216,7.22,,1439.581,,,,,0.0,0.0,0.0,0.0,0.0,,0.0,0.0,,0.0,0.0,0.0,0.0,,,,,0.0,0.0,0.0,0.0,0.0,,0.858,96.97,1.966,231.102,,46078.866,1523.167,303700.928,,0.0,,0.0,0.0,0.0,,,0.0,,5015353.0,238.322,0.0,,,0.0,0.0,0.0,0.0,,,0.0,0.0,0.0,0.0,0.0,,,0.0,0.0,0.0,0.0,0.0
SAU,Saudi Arabia,1967,,,,,7.878,120.001,1.445,3.443,,,,,,,,,,,0.0,0.0,0.0,,0.0,,,,,,,,0.0,0.0,,,0.0,0.0,0.0,0.0,,,4.177,46536.885,1.445,100.0,3.443,241.765,46536.922,,,57878675796.0,,20.461,3.597,1.477,8.697,,1674.119,,,,,0.0,0.0,0.0,0.0,0.0,,0.0,0.0,,0.0,0.0,0.0,0.0,,,,,0.0,0.0,0.0,0.0,0.0,,0.851,96.403,1.966,233.068,,44862.803,1643.169,316290.589,,0.0,,0.0,0.0,0.0,,,0.0,,5195124.0,241.765,0.0,,,0.0,0.0,0.0,0.0,,,0.0,0.0,0.0,0.0,0.0,,,0.0,0.0,0.0,0.0,0.0
SAU,Saudi Arabia,1968,,,,,9.156,150.442,1.552,3.753,,,,,,,,,,,0.0,0.0,0.0,,0.0,,,,,,,,0.0,0.0,,,0.0,0.0,0.0,0.0,,,3.895,45569.072,1.552,100.0,3.753,245.518,45569.108,,,63038983056.0,,20.262,4.26,1.762,10.46,,1941.324,,,,,0.0,0.0,0.0,0.0,0.0,,0.0,0.0,,0.0,0.0,0.0,0.0,,,,,0.0,0.0,0.0,0.0,0.0,,0.854,95.74,1.991,235.059,,43627.784,1793.611,332900.855,,0.0,,0.0,0.0,0.0,,,0.0,,5387822.0,245.518,0.0,,,0.0,0.0,0.0,0.0,,,0.0,0.0,0.0,0.0,0.0,,,0.0,0.0,0.0,0.0,0.0
SAU,Saudi Arabia,1969,,,,,5.53,99.182,1.688,4.145,,,,,,,,,,,0.0,0.0,0.0,,0.0,,,,,,,,0.0,0.0,,,0.0,0.0,0.0,0.0,,,3.678,44583.362,1.688,100.0,4.145,249.663,44583.397,,,67871505086.0,,20.391,5.044,2.133,12.592,,2248.654,,,,,0.0,0.0,0.0,0.0,0.0,,0.0,0.0,,0.0,0.0,0.0,0.0,,,,,0.0,0.0,0.0,0.0,0.0,,0.856,94.956,2.012,237.071,,42334.743,1892.793,338004.222,,0.0,,0.0,0.0,0.0,,,0.0,,5599909.0,249.663,0.0,,,0.0,0.0,0.0,0.0,,,0.0,0.0,0.0,0.0,0.0,,,0.0,0.0,0.0,0.0,0.0
SAU,Saudi Arabia,1970,,,,,18.077,342.162,5.284,13.193,,,,,,,,,,,0.0,0.0,0.0,,0.0,,,,,,,,0.0,0.0,,,0.0,0.0,0.0,0.0,,,3.54,45037.351,5.284,100.0,13.193,262.856,45037.387,,,74243296803.0,,21.992,5.844,2.769,15.362,,2632.024,15.362,2632.022,,,0.0,0.0,0.0,0.0,0.0,,0.0,0.0,,0.0,0.0,0.0,0.0,,,,,0.0,0.0,0.0,0.0,0.0,,4.397,94.156,10.423,247.494,,42405.363,2234.955,382934.533,,0.0,,0.0,0.0,0.0,,,0.0,,5836388.0,262.855,0.0,,,0.0,0.0,0.0,0.0,,,0.0,0.0,0.0,0.0,0.0,,,0.0,0.0,0.0,0.0,0.0
SAU,Saudi Arabia,1971,,,-16.574,-2.546,25.302,565.488,0.158,0.416,,,,,,,,,,,0.0,0.0,0.0,,0.0,,,,,,,,0.0,0.0,,,0.0,0.0,0.0,0.0,,,3.1,43154.864,0.158,100.0,0.416,263.272,43154.898,,,84937216086.0,,-16.574,4.868,-2.546,12.815,,2100.686,12.815,2100.684,,,0.0,0.0,0.0,0.0,0.0,,0.0,0.0,,0.0,0.0,0.0,0.0,,,,,0.0,0.0,0.0,0.0,0.0,,1.197,95.132,2.962,250.456,,41054.212,2800.442,459041.449,,0.0,,0.0,0.0,0.0,,,0.0,,6100631.0,263.272,0.0,,,0.0,0.0,0.0,0.0,,,0.0,0.0,0.0,0.0,0.0,,,0.0,0.0,0.0,0.0,0.0
SAU,Saudi Arabia,1972,,,13.343,1.71,26.345,737.781,7.178,18.897,,,,,,,,,,,0.0,0.0,0.0,,0.0,,,,,,,,0.0,0.0,,,0.0,0.0,0.0,0.0,,,2.88,44137.378,7.178,100.0,18.897,282.169,44137.414,,,97984580328.0,,13.343,5.148,1.71,14.526,,2272.106,14.526,2272.104,,,0.0,0.0,0.0,0.0,0.0,,0.0,0.0,,0.0,0.0,0.0,0.0,,,,,0.0,0.0,0.0,0.0,0.0,,6.862,94.852,17.187,267.644,,41865.308,3538.224,553455.123,,0.0,,0.0,0.0,0.0,,,0.0,,6392973.0,282.169,0.0,,,0.0,0.0,0.0,0.0,,,0.0,0.0,0.0,0.0,0.0,,,0.0,0.0,0.0,0.0,0.0
SAU,Saudi Arabia,1973,,,17.724,2.574,26.224,927.866,6.674,18.831,,,,,,,,,,,0.0,0.0,0.0,,0.0,,,,,,,,0.0,0.0,,,0.0,0.0,0.0,0.0,,,2.566,44845.627,6.674,100.0,18.831,301.001,44845.663,,,117324598944.0,,17.724,5.681,2.575,17.1,,2547.707,17.1,2547.705,,,0.0,0.0,0.0,0.0,0.0,,0.0,0.0,,0.0,0.0,0.0,0.0,,,,,0.0,0.0,0.0,0.0,0.0,,6.074,94.319,16.257,283.9,,42297.956,4466.09,665396.549,,0.0,,0.0,0.0,0.0,,,0.0,,6711922.0,301.0,0.0,,,0.0,0.0,0.0,0.0,,,0.0,0.0,0.0,0.0,0.0,,,0.0,0.0,0.0,0.0,0.0
SAU,Saudi Arabia,1974,,,26.556,4.541,11.883,530.706,6.097,18.353,,,,,,,,,,,0.0,0.0,0.0,,0.0,,,,,,,,0.0,0.0,,,0.0,0.0,0.0,0.0,,,2.365,45269.306,6.097,100.0,18.353,319.354,45269.342,,,135018031659.0,,26.556,6.776,4.541,21.641,,3067.676,21.641,3067.673,,,0.0,0.0,0.0,0.0,0.0,,0.0,0.0,,0.0,0.0,0.0,0.0,,,,,0.0,0.0,0.0,0.0,0.0,,4.865,93.224,13.812,297.713,,42201.667,4996.796,708310.055,,0.0,,0.0,0.0,0.0,,,0.0,,7054532.0,319.354,0.0,,,0.0,0.0,0.0,0.0,,,0.0,0.0,0.0,0.0,0.0,,,0.0,0.0,0.0,0.0,0.0
SAU,Saudi Arabia,1975,,,18.964,4.104,-16.365,-817.707,-20.696,-66.093,,,,,,,,,,,0.0,0.0,0.0,,0.0,,,,,,,,0.0,0.0,,,0.0,0.0,0.0,0.0,,,1.871,34134.555,-20.696,100.0,-66.093,253.261,34134.582,,,135364158160.0,,18.964,10.165,4.104,25.745,,3469.92,25.745,3469.917,,,0.0,0.0,0.0,0.0,0.0,,0.0,0.0,,0.0,0.0,0.0,0.0,,,,,0.0,0.0,0.0,0.0,0.0,,-23.579,89.835,-70.197,227.516,,30664.663,4179.089,563258.578,,0.0,,0.0,0.0,0.0,,,0.0,,7419486.0,253.261,0.0,,,0.0,0.0,0.0,0.0,,,0.0,0.0,0.0,0.0,0.0,,,0.0,0.0,0.0,0.0,0.0
SAU,Saudi Arabia,1976,,,7.952,2.047,21.685,906.252,15.61,39.533,,,,,,,,,,,0.0,0.0,0.0,,0.0,,,,,,,,0.0,0.0,,,0.0,0.0,0.0,0.0,,,1.991,37523.646,15.61,100.0,39.533,292.795,37523.676,,,147051534195.0,,7.952,9.492,2.047,27.792,,3561.775,27.792,3561.772,,,0.0,0.0,0.0,0.0,0.0,,0.0,0.0,,0.0,0.0,0.0,0.0,,,,,0.0,0.0,0.0,0.0,0.0,,16.476,90.508,37.486,265.002,,33961.901,5085.341,651722.123,,0.0,,0.0,0.0,0.0,,,0.0,,7802928.0,292.794,0.0,,,0.0,0.0,0.0,0.0,,,0.0,0.0,0.0,0.0,0.0,,,0.0,0.0,0.0,0.0,0.0
SAU,Saudi Arabia,1977,,,40.728,11.319,7.121,362.105,18.091,52.968,,,,,,,,,,,0.0,0.0,0.0,,0.0,,,,,,,,0.0,0.0,,,0.0,0.0,0.0,0.0,,,2.043,42126.627,18.091,100.0,52.968,345.763,42126.661,,,169267988120.0,,40.728,11.312,11.319,39.112,,4765.227,39.112,4765.223,,,0.0,0.0,0.0,0.0,0.0,,0.0,0.0,,0.0,0.0,0.0,0.0,,,,,0.0,0.0,0.0,0.0,0.0,,15.716,88.688,41.649,306.651,,37361.434,5447.446,663699.832,,0.0,,0.0,0.0,0.0,,,0.0,,8207695.0,345.763,0.0,,,0.0,0.0,0.0,0.0,,,0.0,0.0,0.0,0.0,0.0,,,0.0,0.0,0.0,0.0,0.0
SAU,Saudi Arabia,1978,,,37.892,14.82,-9.384,-511.215,11.445,39.573,,,,,,,,,,,0.0,0.0,0.0,,0.0,,,,,,,,0.0,0.0,,,0.0,0.0,0.0,0.0,,,2.149,44563.737,11.445,100.0,39.573,385.336,44563.773,,,179340338993.0,,37.892,13.996,14.82,53.932,,6237.135,53.932,6237.13,,,0.0,0.0,0.0,0.0,0.0,,0.0,0.0,,0.0,0.0,0.0,0.0,,,,,0.0,0.0,0.0,0.0,0.0,,8.072,86.004,24.753,331.404,,38326.638,4936.231,570870.737,,0.0,,0.0,0.0,0.0,,,0.0,,8646845.0,385.336,0.0,,,0.0,0.0,0.0,0.0,,,0.0,0.0,0.0,0.0,0.0,,,0.0,0.0,0.0,0.0,0.0
SAU,Saudi Arabia,1979,,,22.776,12.284,14.978,739.336,21.152,81.508,,,,,,,,,,,0.0,0.0,0.0,,0.0,,,,,,,,0.0,0.0,,,0.0,0.0,0.0,0.0,,,2.44,51088.528,21.152,100.0,81.508,466.844,51088.568,,,191331700968.0,,22.776,14.184,12.284,66.215,,7246.178,66.215,7246.172,,,0.0,0.0,0.0,0.0,0.0,,0.0,0.0,,0.0,0.0,0.0,0.0,,,,,0.0,0.0,0.0,0.0,0.0,,20.888,85.816,69.224,400.628,,43842.39,5675.566,621099.923,,0.0,,0.0,0.0,0.0,,,0.0,,9137928.0,466.843,0.0,,,0.0,0.0,0.0,0.0,,,0.0,0.0,0.0,0.0,0.0,,,0.0,0.0,0.0,0.0,0.0
SAU,Saudi Arabia,1980,,,39.512,26.163,4.466,253.446,-10.052,-46.927,,,,,,,,,,,0.0,0.0,0.0,,0.0,0.0,0.0,,,,,,0.0,0.0,,,0.0,0.0,0.0,0.0,,,1.993,43328.44,-10.052,100.0,-46.927,419.917,43328.474,,,210662323948.0,,39.512,21.999,26.163,92.378,,9531.894,92.378,9531.886,,,0.0,0.0,0.0,0.0,0.0,,0.0,0.0,,0.0,0.0,0.0,0.0,,,,,0.0,0.0,0.0,0.0,0.0,,-18.244,78.001,-73.09,327.538,,33796.58,5929.012,611776.324,,0.0,,0.0,0.0,0.0,,,0.0,,9691471.0,419.916,0.0,,,0.0,0.0,0.0,0.0,,,0.0,0.0,0.0,0.0,0.0,,,0.0,0.0,0.0,0.0,0.0
SAU,Saudi Arabia,1981,,0.0,16.598,15.333,-0.678,-40.194,19.366,81.32,,,,,,,,,,,0.0,0.0,0.0,,0.0,0.0,0.0,,,,,,0.0,0.0,,,0.0,0.0,0.0,0.0,,,2.205,48608.211,19.366,100.0,81.32,501.237,48608.25,,,227352160737.0,,16.598,21.489,15.333,107.711,,10445.45,107.711,10445.441,,,0.0,0.0,0.0,0.0,0.0,,0.0,0.0,,0.0,0.0,0.0,0.0,,,,,0.0,0.0,0.0,0.0,0.0,,20.146,78.511,65.987,393.526,,38162.8,5888.819,571077.32,,0.0,,0.0,0.0,0.0,,,0.0,,10311771.0,501.237,0.0,,,0.0,0.0,0.0,0.0,,,0.0,0.0,0.0,0.0,0.0,,,0.0,0.0,0.0,0.0,0.0
SAU,Saudi Arabia,1982,,0.0,5.989,6.451,-32.816,-1932.476,10.098,50.616,,,,,,,,,,,0.0,0.0,0.0,,0.0,0.0,0.0,,,,,,0.0,0.0,,,0.0,0.0,0.0,0.0,,,2.388,50219.348,10.098,100.0,50.616,551.853,50219.388,,,231114689520.0,,5.989,20.687,6.451,114.162,,10388.856,114.162,10388.848,,,0.0,0.0,0.0,0.0,0.0,,0.0,0.0,,0.0,0.0,0.0,0.0,,,,,0.0,0.0,0.0,0.0,0.0,,11.223,79.313,44.166,437.691,,39830.532,3956.343,360032.426,,0.0,,0.0,0.0,0.0,,,0.0,,10988851.0,551.853,0.0,,,0.0,0.0,0.0,0.0,,,0.0,0.0,0.0,0.0,0.0,,,0.0,0.0,0.0,0.0,0.0
SAU,Saudi Arabia,1983,,0.0,-2.355,-2.689,-29.368,-1161.892,8.359,46.129,,,,,,,,,,,0.0,0.0,0.0,,0.0,0.0,0.0,,,,,,0.0,0.0,,,0.0,0.0,0.0,0.0,,,2.899,51104.63,8.359,100.0,46.129,597.983,51104.671,,,206256834080.0,,-2.355,18.642,-2.689,111.473,,9526.693,111.473,9526.685,,,0.0,0.0,0.0,0.0,0.0,,0.0,0.0,,0.0,0.0,0.0,0.0,,,,,0.0,0.0,0.0,0.0,0.0,,11.153,81.358,48.818,486.509,,41577.978,2794.45,238818.802,,0.0,,0.0,0.0,0.0,,,0.0,,11701132.0,597.982,0.0,,,0.0,0.0,0.0,0.0,,,0.0,0.0,0.0,0.0,0.0,,,0.0,0.0,0.0,0.0,0.0
SAU,Saudi Arabia,1984,,0.0,55.105,61.427,-8.841,-247.052,19.619,117.316,,,,,,,,,,,0.0,0.0,0.0,,0.0,0.0,0.0,,,,,,0.0,0.0,,,0.0,0.0,0.0,0.0,,,3.472,57597.833,19.619,100.0,117.316,715.299,57597.879,,,206035220420.0,,55.105,24.172,61.427,172.9,,13922.411,172.9,13922.4,,,0.0,0.0,0.0,0.0,0.0,,0.0,0.0,,0.0,0.0,0.0,0.0,,,,,0.0,0.0,0.0,0.0,0.0,,11.488,75.828,55.889,542.398,,43675.468,2547.399,205123.788,,0.0,,0.0,0.0,0.0,,,0.0,,12418836.0,715.298,0.0,,,0.0,0.0,0.0,0.0,,,0.0,0.0,0.0,0.0,0.0,,,0.0,0.0,0.0,0.0,0.0
SAU,Saudi Arabia,1985,,0.0,3.297,5.7,-21.441,-546.197,2.018,14.436,,,,,,,,,0.0,,0.0,0.0,0.0,0.0,0.0,0.0,0.0,,,0.0,51.654,29.753,0.0,0.0,21.901,,0.0,0.0,0.0,0.0,51.654,,3.796,55624.202,2.018,100.0,14.436,729.734,55624.247,3937.344,100.0,192246226274.0,57.6,3.297,24.475,5.7,178.6,2267.898,13613.855,178.6,13613.845,0.0,,0.0,0.0,0.0,0.0,0.0,0.0,0.0,0.0,,0.0,0.0,0.0,0.0,,,0.0,,0.0,0.0,0.0,0.0,0.0,42.4,1.611,75.525,8.736,551.134,1669.446,42010.391,2001.202,152542.297,,0.0,,0.0,0.0,0.0,,0.0,0.0,3937.344,13118998.0,729.734,0.0,0.0,,0.0,0.0,0.0,0.0,0.0,,0.0,0.0,0.0,0.0,0.0,0.0,,0.0,0.0,0.0,0.0,0.0
SAU,Saudi Arabia,1986,,0.0,34.043,60.8,46.799,936.537,7.527,54.925,,,,,,,,,0.0,,0.0,0.0,0.0,0.0,0.0,0.0,0.0,,,0.0,55.685,30.84,0.0,0.0,24.845,,0.0,0.0,0.0,0.0,55.685,,4.346,56883.39,7.527,100.0,54.925,784.66,56883.435,4036.828,100.0,180536010615.0,55.383,34.043,30.51,60.8,239.4,2235.735,17355.176,239.4,17355.162,0.0,,0.0,0.0,0.0,0.0,0.0,0.0,0.0,0.0,,0.0,0.0,0.0,0.0,,,0.0,,0.0,0.0,0.0,0.0,0.0,44.617,-1.066,69.49,-5.875,545.259,1801.093,39528.26,2937.739,212969.684,,0.0,,0.0,0.0,0.0,,0.0,0.0,4036.828,13794167.0,784.659,0.0,0.0,,0.0,0.0,0.0,0.0,0.0,,0.0,0.0,0.0,0.0,0.0,0.0,,0.0,0.0,0.0,0.0,0.0
SAU,Saudi Arabia,1987,,0.0,6.349,15.2,-15.436,-453.477,6.0,47.079,,,,,,,,,0.0,,0.0,0.0,0.0,0.0,0.0,0.0,0.0,,,0.0,65.0,33.07,0.0,0.0,31.93,,0.0,0.0,0.0,0.0,65.0,,4.404,57577.008,6.0,100.0,47.079,831.739,57577.054,4499.64,100.0,188872485655.0,50.877,6.349,30.611,15.2,254.6,2289.296,17624.681,254.6,17624.667,0.0,,0.0,0.0,0.0,0.0,0.0,0.0,0.0,0.0,,0.0,0.0,0.0,0.0,,,0.0,,0.0,0.0,0.0,0.0,0.0,49.123,5.847,69.389,31.879,577.138,2210.344,39952.373,2484.263,171972.9,,0.0,,0.0,0.0,0.0,,0.0,0.0,4499.64,14445663.0,831.738,0.0,0.0,,0.0,0.0,0.0,0.0,0.0,,0.0,0.0,0.0,0.0,0.0,0.0,,0.0,0.0,0.0,0.0,0.0
SAU,Saudi Arabia,1988,,0.0,8.582,21.85,27.949,694.316,4.633,38.537,,,,,,,,,0.0,,0.0,0.0,0.0,0.0,0.0,0.0,0.0,,,0.0,70.091,34.577,0.0,0.0,35.514,,0.0,0.0,0.0,0.0,70.091,,4.465,57748.496,4.633,100.0,38.537,870.275,57748.542,4651.008,100.0,194907911145.0,49.331,8.582,31.766,21.85,276.45,2294.388,18344.308,276.45,18344.293,0.0,,0.0,0.0,0.0,0.0,0.0,0.0,0.0,0.0,,0.0,0.0,0.0,0.0,,,0.0,,0.0,0.0,0.0,0.0,0.0,50.669,2.891,68.234,16.687,593.825,2356.619,39404.234,3178.579,210919.808,,0.0,,0.0,0.0,0.0,,0.0,0.0,4651.008,15070082.0,870.275,0.0,0.0,,0.0,0.0,0.0,0.0,0.0,,0.0,0.0,0.0,0.0,0.0,0.0,,0.0,0.0,0.0,0.0,0.0
SAU,Saudi Arabia,1989,,0.0,2.405,6.65,-0.781,-24.837,-1.578,-13.729,,,,,,,,,0.0,,0.0,0.0,0.0,0.0,0.0,0.0,0.0,,,0.0,75.73,38.834,0.0,0.0,36.896,,0.0,0.0,0.0,0.0,75.73,,4.241,54674.42,-1.578,100.0,-13.729,856.546,54674.464,4833.933,100.0,201950987638.0,51.28,2.405,33.051,6.65,283.1,2478.825,18070.663,283.1,18070.648,0.0,,0.0,0.0,0.0,0.0,0.0,0.0,0.0,0.0,,0.0,0.0,0.0,0.0,,,0.0,,0.0,0.0,0.0,0.0,0.0,48.72,-3.432,66.949,-20.379,573.445,2355.108,36603.801,3153.742,201307.548,,0.0,,0.0,0.0,0.0,,0.0,0.0,4833.933,15666289.0,856.545,0.0,0.0,,0.0,0.0,0.0,0.0,0.0,,0.0,0.0,0.0,0.0,0.0,0.0,,0.0,0.0,0.0,0.0,0.0
SAU,Saudi Arabia,1990,,0.0,12.483,35.34,26.356,831.204,8.382,71.792,,,,,,,,,0.0,,0.0,0.0,0.0,0.0,0.0,0.0,0.0,,,0.0,79.88,40.729,0.0,0.0,39.152,,0.0,0.0,0.0,0.0,79.88,,4.032,57185.492,8.382,100.0,71.792,928.338,57185.537,4920.63,100.0,230231008935.0,50.987,12.483,34.302,35.34,318.44,2508.876,19615.896,318.44,19615.88,0.0,,0.0,0.0,0.0,0.0,0.0,0.0,0.0,0.0,,0.0,0.0,0.0,0.0,,,0.0,,0.0,0.0,0.0,0.0,0.0,49.013,6.357,65.698,36.452,609.897,2411.754,37569.642,3984.946,245472.367,,0.0,,0.0,0.0,0.0,,0.0,0.0,4920.63,16233786.0,928.337,0.0,0.0,,0.0,0.0,0.0,0.0,0.0,,0.0,0.0,0.0,0.0,0.0,0.0,,0.0,0.0,0.0,0.0,0.0
SAU,Saudi Arabia,1991,,0.0,4.922,15.675,25.012,996.716,4.752,44.115,,,,,,,,,0.0,,0.0,0.0,0.0,0.0,0.0,0.0,0.0,,,0.0,84.996,42.756,0.0,0.0,42.24,,0.0,0.0,0.0,0.0,84.996,,3.482,57978.294,4.752,100.0,44.115,972.453,57978.341,5067.505,100.0,279282632223.0,50.303,4.922,34.358,15.675,334.115,2549.124,19920.19,334.115,19920.174,0.0,,0.0,0.0,0.0,0.0,0.0,0.0,0.0,0.0,,0.0,0.0,0.0,0.0,,,0.0,,0.0,0.0,0.0,0.0,0.0,49.697,4.663,65.642,28.44,638.337,2518.381,38058.151,4981.662,297010.215,,0.0,,0.0,0.0,0.0,,0.0,0.0,5067.505,16772695.0,972.452,0.0,0.0,,0.0,0.0,0.0,0.0,0.0,,0.0,0.0,0.0,0.0,0.0,0.0,,0.0,0.0,0.0,0.0,0.0
SAU,Saudi Arabia,1992,,0.0,8.757,29.26,3.206,159.703,0.957,9.304,,,,,,,,,0.0,,0.0,0.0,0.0,0.0,0.0,0.0,0.0,,,0.0,93.473,43.897,0.0,0.0,49.576,,0.0,0.0,0.0,0.0,93.473,,3.207,56805.771,0.957,100.0,9.304,981.757,56805.817,5408.487,100.0,306153209325.0,46.962,8.757,37.013,29.26,363.375,2539.929,21025.394,363.375,21025.378,0.0,,0.0,0.0,0.0,0.0,0.0,0.0,0.0,0.0,,0.0,0.0,0.0,0.0,,,0.0,,0.0,0.0,0.0,0.0,0.0,53.038,-3.126,62.987,-19.956,618.381,2868.558,35780.422,5141.365,297486.46,,0.0,,0.0,0.0,0.0,,0.0,0.0,5408.487,17282686.0,981.756,0.0,0.0,,0.0,0.0,0.0,0.0,0.0,,0.0,0.0,0.0,0.0,0.0,0.0,,0.0,0.0,0.0,0.0,0.0
SAU,Saudi Arabia,1993,,0.0,4.68,17.005,-2.888,-148.482,2.149,21.094,,,,,,,,,0.0,,0.0,0.0,0.0,0.0,0.0,0.0,0.0,,,0.0,102.669,47.876,0.0,0.0,54.793,,0.0,0.0,0.0,0.0,102.669,,3.153,56456.32,2.149,100.0,21.094,1002.851,56456.365,5779.813,100.0,318108088216.0,46.631,4.68,37.93,17.005,380.38,2695.194,21413.836,380.38,21413.819,0.0,,0.0,0.0,0.0,0.0,0.0,0.0,0.0,0.0,,0.0,0.0,0.0,0.0,,,0.0,,0.0,0.0,0.0,0.0,0.0,53.369,0.661,62.07,4.089,622.47,3084.62,35042.529,4992.883,281078.614,,0.0,,0.0,0.0,0.0,,0.0,0.0,5779.813,17763296.0,1002.85,0.0,0.0,,0.0,0.0,0.0,0.0,0.0,,0.0,0.0,0.0,0.0,0.0,0.0,,0.0,0.0,0.0,0.0,0.0
SAU,Saudi Arabia,1994,,0.0,6.818,25.935,0.67,33.439,15.628,156.73,,,,,,,,,0.0,,0.0,0.0,0.0,0.0,0.0,0.0,0.0,,,0.0,106.046,50.478,0.0,0.0,55.568,,0.0,0.0,0.0,0.0,106.046,,3.445,63662.582,15.628,100.0,156.73,1159.581,63662.633,5822.071,100.0,336600609236.0,47.6,6.818,35.04,25.935,406.315,2771.314,22307.277,406.315,22307.26,0.0,,0.0,0.0,0.0,0.0,0.0,0.0,0.0,0.0,,0.0,0.0,0.0,0.0,,,0.0,,0.0,0.0,0.0,0.0,0.0,52.4,21.012,64.96,130.795,753.265,3050.757,41355.355,5026.321,275952.047,,0.0,,0.0,0.0,0.0,,0.0,0.0,5822.071,18214474.0,1159.58,0.0,0.0,,0.0,0.0,0.0,0.0,0.0,,0.0,0.0,0.0,0.0,0.0,0.0,,0.0,0.0,0.0,0.0,0.0
SAU,Saudi Arabia,1995,,0.0,0.374,1.52,-0.214,-10.734,-2.55,-29.575,,,,,,,,,0.0,,0.0,0.0,0.0,0.0,0.0,0.0,0.0,,,0.0,109.928,49.808,0.0,0.0,60.12,,0.0,0.0,0.0,0.0,109.928,,3.188,60626.568,-2.55,100.0,-29.575,1130.007,60626.616,5897.809,100.0,354480721633.0,45.31,0.374,36.091,1.52,407.835,2672.296,21880.998,407.835,21880.98,0.0,,0.0,0.0,0.0,0.0,0.0,0.0,0.0,0.0,,0.0,0.0,0.0,0.0,,,0.0,,0.0,0.0,0.0,0.0,0.0,54.69,-4.128,63.909,-31.095,722.171,3225.513,38745.618,5015.587,269094.033,,0.0,,0.0,0.0,0.0,,0.0,0.0,5897.809,18638790.0,1130.006,0.0,0.0,,0.0,0.0,0.0,0.0,0.0,,0.0,0.0,0.0,0.0,0.0,0.0,,0.0,0.0,0.0,0.0,0.0
SAU,Saudi Arabia,1996,,0.0,3.447,14.06,1.431,71.791,3.411,38.547,,,,,,,,,0.0,,0.0,0.0,0.0,0.0,0.0,0.0,0.0,,,0.0,112.167,49.519,0.0,0.0,62.648,,0.0,0.0,0.0,0.0,112.167,,3.06,61393.424,3.411,100.0,38.547,1168.554,61393.473,5893.036,100.0,381901505459.0,44.147,3.447,36.104,14.06,421.895,2601.61,22165.535,421.895,22165.517,0.0,,0.0,0.0,0.0,0.0,0.0,0.0,0.0,0.0,,0.0,0.0,0.0,0.0,,,0.0,,0.0,0.0,0.0,0.0,0.0,55.853,3.391,63.896,24.487,746.658,3291.425,39227.938,5087.378,267280.642,,0.0,,0.0,0.0,0.0,,0.0,0.0,5893.036,19033844.0,1168.553,0.0,0.0,,0.0,0.0,0.0,0.0,0.0,,0.0,0.0,0.0,0.0,0.0,0.0,,0.0,0.0,0.0,0.0,0.0
SAU,Saudi Arabia,1997,,0.0,2.094,8.835,-1.238,-62.962,1.857,21.696,,,,,,,,,0.0,,0.0,0.0,0.0,0.0,0.0,0.0,0.0,,,0.0,119.104,52.911,0.0,0.0,66.194,,0.0,0.0,0.0,0.0,119.104,,2.94,61330.476,1.857,100.0,21.696,1190.25,61330.525,6137.148,100.0,404884837836.0,44.424,2.094,36.188,8.835,430.73,2726.353,22194.429,430.73,22194.411,0.0,,0.0,0.0,0.0,0.0,0.0,0.0,0.0,0.0,,0.0,0.0,0.0,0.0,,,0.0,,0.0,0.0,0.0,0.0,0.0,55.576,1.722,63.812,12.861,759.519,3410.795,39136.096,5024.416,258895.252,,0.0,,0.0,0.0,0.0,,0.0,0.0,6137.148,19407138.0,1190.249,0.0,0.0,,0.0,0.0,0.0,0.0,0.0,,0.0,0.0,0.0,0.0,0.0,0.0,,0.0,0.0,0.0,0.0,0.0
SAU,Saudi Arabia,1998,,0.0,3.264,14.06,3.072,154.361,5.237,62.328,,,,,,,,,0.0,,0.0,0.0,0.0,0.0,0.0,0.0,0.0,,,0.0,126.168,53.601,0.0,0.0,72.567,,0.0,0.0,0.0,0.0,126.168,,2.868,63314.866,5.237,100.0,62.328,1252.578,63314.917,6377.484,100.0,436679284719.0,42.484,3.264,35.51,14.06,444.79,2709.386,22483.122,444.79,22483.104,0.0,,0.0,0.0,0.0,0.0,0.0,0.0,0.0,0.0,,0.0,0.0,0.0,0.0,,,0.0,,0.0,0.0,0.0,0.0,0.0,57.516,6.355,64.49,48.268,807.787,3668.098,40831.794,5178.777,261775.184,,0.0,,0.0,0.0,0.0,,0.0,0.0,6377.484,19783300.0,1252.577,0.0,0.0,,0.0,0.0,0.0,0.0,0.0,,0.0,0.0,0.0,0.0,0.0,0.0,,0.0,0.0,0.0,0.0,0.0
SAU,Saudi Arabia,1999,,0.0,-1.324,-5.89,-8.257,-427.62,1.825,22.853,,,,,,,,,0.0,,0.0,0.0,0.0,0.0,0.0,0.0,0.0,,,0.0,130.999,54.902,0.0,0.0,76.098,,0.0,0.0,0.0,0.0,130.999,,2.894,63157.211,1.825,100.0,22.853,1275.431,63157.262,6486.874,100.0,440714592775.0,41.91,-1.324,34.412,-5.89,438.9,2718.639,21733.623,438.9,21733.606,0.0,,0.0,0.0,0.0,0.0,0.0,0.0,0.0,0.0,,0.0,0.0,0.0,0.0,,,0.0,,0.0,0.0,0.0,0.0,0.0,58.09,3.558,65.588,28.743,836.53,3768.235,41423.639,4751.157,235269.469,,0.0,,0.0,0.0,0.0,,0.0,0.0,6486.874,20194532.0,1275.43,0.0,0.0,,0.0,0.0,0.0,0.0,0.0,,0.0,0.0,0.0,0.0,0.0,0.0,,0.0,0.0,0.0,0.0,0.0
SAU,Saudi Arabia,2000,,0.0,7.814,34.295,7.341,348.789,4.661,59.449,0.0,0.0,,,,,,603.331,0.0,,0.0,0.0,0.0,0.0,0.0,0.0,0.0,138.68,0.0,0.0,138.68,63.84,0.0,0.0,74.84,,0.0,0.0,0.0,0.0,138.68,83.67,2.732,64599.784,4.661,100.0,59.449,1334.881,64599.836,6711.241,100.0,488694405055.0,46.034,7.814,35.449,34.295,473.195,3089.455,22899.683,473.195,22899.664,0.0,,0.0,0.0,0.0,0.0,0.0,0.0,0.0,0.0,,0.0,0.0,0.0,0.0,0.0,0.0,0.0,,0.0,0.0,0.0,0.0,0.0,53.966,3.007,64.551,25.154,861.685,3621.786,41700.153,5099.945,246805.313,,0.0,,0.0,0.0,0.0,,0.0,0.0,6711.241,20663840.0,1334.88,0.0,0.0,,0.0,0.0,0.0,0.0,0.0,,0.0,0.0,0.0,0.0,0.0,0.0,,0.0,0.0,0.0,0.0,0.0
SAU,Saudi Arabia,2001,,0.0,7.79,36.86,-2.467,-125.831,6.551,87.453,0.0,0.0,,,,,,589.842,0.0,,0.006,0.092,0.092,0.0,4.328,0.0,0.0,146.09,0.0,0.0,146.09,76.65,0.0,0.0,69.44,,0.0,0.0,0.0,0.0,146.09,86.17,2.803,67082.779,6.551,100.0,87.453,1422.334,67082.833,6890.178,100.0,507467236749.0,52.468,7.79,35.86,36.86,510.055,3615.115,24056.215,510.055,24056.196,0.0,,0.0,0.0,0.0,0.0,0.0,0.0,0.0,0.0,,0.0,0.0,0.0,0.0,0.0,0.0,0.0,,0.0,0.0,0.0,0.0,0.0,47.532,5.861,64.133,50.501,912.186,3275.063,43022.29,4974.114,234598.749,,0.0,,0.0,0.0,0.0,,0.0,0.0,6890.178,21202646.0,1422.332,0.0,0.0,,0.0,0.0,0.0,0.0,0.0,,0.0,0.0,0.0,0.0,0.0,0.0,,0.0,0.0,0.0,0.0,0.0
SAU,Saudi Arabia,2002,,0.0,5.606,28.595,-8.802,-437.797,4.152,59.05,0.0,0.0,,,,,,582.725,0.0,57.143,0.01,0.052,0.144,0.0,6.613,0.0,0.0,154.91,0.0,0.0,154.91,86.51,0.0,0.0,68.4,,0.0,0.0,0.0,0.0,154.91,90.27,2.855,67936.749,4.152,100.0,59.05,1481.384,67936.804,7104.229,100.0,518914121960.0,55.845,5.606,36.361,28.595,538.65,3967.38,24702.705,538.65,24702.685,0.0,,0.0,0.0,0.0,0.0,0.0,0.0,0.0,0.0,,0.0,0.0,0.0,0.0,0.0,0.0,0.0,,0.0,0.0,0.0,0.0,0.0,44.155,3.333,63.629,30.403,942.588,3136.849,43227.486,4536.317,208037.171,,0.0,,0.0,0.0,0.0,,0.0,0.0,7104.229,21805322.0,1481.383,0.0,0.0,,0.0,0.0,0.0,0.0,0.0,,0.0,0.0,0.0,0.0,0.0,0.0,,0.0,0.0,0.0,0.0,0.0
SAU,Saudi Arabia,2003,,0.0,5.926,31.92,18.061,819.295,5.927,87.808,0.0,0.0,,,,,,584.824,0.0,27.273,0.012,0.039,0.184,0.0,8.173,0.0,0.0,166.58,0.0,0.0,166.58,91.36,0.0,0.0,75.22,,0.0,0.0,0.0,0.0,166.58,97.42,2.581,69876.47,5.927,100.0,87.808,1569.192,69876.526,7417.849,100.0,608022934724.0,54.845,5.926,36.361,31.92,570.57,4068.284,25407.646,570.57,25407.625,0.0,,0.0,0.0,0.0,0.0,0.0,0.0,0.0,0.0,,0.0,0.0,0.0,0.0,0.0,0.0,0.0,,0.0,0.0,0.0,0.0,0.0,45.155,5.925,63.628,55.849,998.437,3349.566,44460.708,5355.612,238486.751,,0.0,,0.0,0.0,0.0,,0.0,0.0,7417.849,22456644.0,1569.191,0.0,0.0,,0.0,0.0,0.0,0.0,0.0,,0.0,0.0,0.0,0.0,0.0,0.0,,0.0,0.0,0.0,0.0,0.0
SAU,Saudi Arabia,2004,,0.0,9.357,53.39,7.011,375.505,8.492,133.257,0.0,0.0,,,,,,580.416,0.0,-10.714,0.01,-0.02,0.164,0.0,7.084,0.0,0.0,173.41,0.0,0.0,173.41,98.74,0.0,0.0,74.67,,0.0,0.0,0.0,0.0,173.41,100.65,2.46,73594.897,8.492,100.0,133.257,1702.449,73594.956,7496.319,100.0,691927991881.0,56.94,9.357,36.651,53.39,623.96,4268.419,26973.111,623.96,26973.089,0.0,,0.0,0.0,0.0,0.0,0.0,0.0,0.0,0.0,,0.0,0.0,0.0,0.0,0.0,0.0,0.0,,0.0,0.0,0.0,0.0,0.0,43.06,8.001,63.34,79.886,1078.324,3227.9,46614.762,5731.117,247749.726,,0.0,,0.0,0.0,0.0,,0.0,0.0,7496.319,23132686.0,1702.448,0.0,0.0,,0.0,0.0,0.0,0.0,0.0,,0.0,0.0,0.0,0.0,0.0,0.0,,0.0,0.0,0.0,0.0,0.0
SAU,Saudi Arabia,2005,,0.0,8.465,52.82,4.838,277.269,3.322,56.559,0.0,0.0,,,,,,581.366,0.0,98.528,0.018,0.161,0.325,0.0,13.66,0.0,0.0,191.05,0.0,0.0,191.05,107.93,0.0,0.0,83.12,,0.0,0.0,0.0,0.0,191.05,111.07,2.283,73857.623,3.322,100.0,56.559,1759.008,73857.683,8021.859,100.0,770496478441.0,56.493,8.465,38.475,52.82,676.78,4531.794,28416.843,676.78,28416.821,0.0,,0.0,0.0,0.0,0.0,0.0,0.0,0.0,0.0,,0.0,0.0,0.0,0.0,0.0,0.0,0.0,,0.0,0.0,0.0,0.0,0.0,43.507,0.332,61.506,3.577,1081.901,3490.065,45427.18,6008.386,252281.713,,0.0,,0.0,0.0,0.0,,0.0,0.0,8021.859,23816176.0,1759.006,0.0,0.0,,0.0,0.0,0.0,0.0,0.0,,0.0,0.0,0.0,0.0,0.0,0.0,,0.0,0.0,0.0,0.0,0.0
SAU,Saudi Arabia,2006,,0.0,3.118,21.1,-1.488,-89.407,3.944,69.367,0.0,0.0,,,,,,588.151,0.0,-29.136,0.013,-0.095,0.231,0.0,9.41,0.0,0.0,196.31,0.0,0.0,196.31,104.55,0.0,0.0,91.76,,0.0,0.0,0.0,0.0,196.31,115.46,2.188,74632.607,3.944,100.0,69.367,1828.374,74632.667,8013.205,100.0,835772438814.0,53.258,3.118,38.169,21.1,697.88,4267.641,28486.863,697.88,28486.84,0.0,,0.0,0.0,0.0,0.0,0.0,0.0,0.0,0.0,,0.0,0.0,0.0,0.0,0.0,0.0,0.0,,0.0,0.0,0.0,0.0,0.0,46.742,4.47,61.818,48.362,1130.263,3745.564,46136.394,5918.979,241607.606,,0.0,,0.0,0.0,0.0,,0.0,0.0,8013.205,24498312.0,1828.373,0.0,0.0,,0.0,0.0,0.0,0.0,0.0,,0.0,0.0,0.0,0.0,0.0,0.0,,0.0,0.0,0.0,0.0,0.0
SAU,Saudi Arabia,2007,,0.0,1.305,9.111,-3.93,-232.608,4.495,82.186,0.0,0.0,,,,,,594.482,0.0,179.861,0.034,0.415,0.645,0.0,25.618,0.0,0.0,204.43,0.0,0.0,204.43,102.71,0.0,0.0,101.72,,0.0,0.0,0.0,0.0,204.43,121.53,2.126,75862.202,4.495,100.0,82.186,1910.56,75862.263,8117.265,100.0,898734255978.0,50.242,1.305,37.004,9.111,706.99,4078.288,28072.348,706.99,28072.325,0.0,,0.0,0.0,0.0,0.0,0.0,0.0,0.0,0.0,,0.0,0.0,0.0,0.0,0.0,0.0,0.0,,0.0,0.0,0.0,0.0,0.0,49.758,6.429,62.962,72.66,1202.923,4038.978,47764.297,5686.37,225787.678,,0.0,,0.0,0.0,0.0,,0.0,0.0,8117.265,25184590.0,1910.558,0.0,0.0,,0.0,0.0,0.0,0.0,0.0,,0.0,0.0,0.0,0.0,0.0,0.0,,0.0,0.0,0.0,0.0,0.0
SAU,Saudi Arabia,2008,,0.0,8.089,57.19,4.302,244.629,9.681,184.953,0.0,0.0,,,,,,596.425,0.0,15.692,0.036,0.101,0.746,0.0,28.832,0.0,0.0,204.2,0.0,0.0,204.2,100.71,0.0,0.0,103.49,,0.0,0.001,0.0,0.0,204.2,121.79,2.077,80943.619,9.681,100.0,184.952,2095.512,80943.621,7887.661,100.0,1008968690127.0,49.319,8.089,36.467,57.19,764.18,3890.139,29518.108,764.18,29518.085,0.0,,0.0,0.0,0.0,0.0,0.0,0.0,0.001,0.024,,0.0,0.002,0.002,0.062,0.0,0.0,0.0,,0.0,0.0,0.0,0.0,0.0,50.681,10.613,63.497,127.661,1330.584,3997.522,51396.681,5930.999,229097.517,,0.0,,0.0,0.0,0.0,,0.0,0.0,7887.661,25888536.0,2095.512,0.024,0.0,,0.0,0.002,0.002,0.062,0.0,,0.0,0.002,0.002,0.0,0.062,0.0,,0.0,0.0,0.0,0.0,0.0
SAU,Saudi Arabia,2009,,0.0,-2.474,-18.905,-9.994,-592.745,4.756,99.664,0.0,0.0,,,,,,609.038,0.0,-63.362,0.012,-0.473,0.273,0.0,10.269,0.0,0.0,217.31,0.0,0.0,217.31,94.09,0.0,0.0,123.22,,0.0,0.001,0.0,0.0,217.31,132.35,2.1,82431.483,4.756,100.0,99.664,2195.175,82431.489,8160.253,100.0,1045205447118.0,43.298,-2.474,33.951,-18.905,745.275,3533.193,27985.999,745.275,27985.976,0.0,,0.0,0.0,0.0,0.0,0.0,0.0,0.001,0.023,-0.691,0.0,-0.0,0.002,0.06,0.0,0.0,0.0,,0.0,0.0,0.0,0.0,0.0,56.702,8.947,66.037,119.042,1449.625,4627.06,54435.221,5338.254,200457.898,,0.0,,0.0,0.0,0.0,,0.0,0.0,8160.253,26630302.0,2195.175,0.023,0.0,-0.691,0.0,-0.0,0.002,0.06,0.0,-0.691,0.0,-0.0,0.002,0.0,0.06,0.0,,0.0,0.0,0.0,0.0,0.0
SAU,Saudi Arabia,2010,,0.0,11.74,87.495,0.935,49.932,10.547,231.527,0.0,0.0,,,,,,611.722,0.0,187.424,0.032,0.513,0.786,0.0,28.665,0.0,0.0,240.06,0.0,0.0,240.06,100.9,0.0,0.0,139.16,,0.0,0.004,0.0,0.0,240.06,146.85,2.093,88496.438,10.547,100.0,231.518,2426.694,88496.12,8754.455,100.0,1159438201106.0,42.031,11.74,34.317,87.495,832.77,3679.599,30369.296,832.77,30369.271,0.0,,0.0,0.0,0.0,0.0,0.0,0.002,0.004,0.149,567.826,0.0,0.009,0.011,0.389,0.0,0.0,0.0,,0.0,0.0,0.0,0.0,0.0,57.969,9.9,65.65,143.51,1593.136,5074.856,58098.16,5388.187,196495.198,,0.0,,0.0,0.0,0.0,,0.0,0.0,8754.455,27421468.0,2426.702,0.149,0.002,567.826,0.0,0.009,0.011,0.389,0.0,567.826,0.0,0.009,0.011,0.0,0.389,0.0,,0.0,0.0,0.0,0.0,0.0
SAU,Saudi Arabia,2011,,0.0,5.248,43.7,12.821,690.82,5.124,124.348,0.0,0.0,,,,,,606.806,0.0,-5.085,0.029,-0.04,0.746,0.0,26.393,0.0,0.0,250.08,0.0,0.0,250.07,110.95,0.0,0.0,139.12,,0.0,0.005,0.01,0.0,250.08,151.75,1.882,90246.455,5.124,99.999,124.344,2551.038,90246.033,8846.526,99.996,1355526828554.0,44.366,5.248,34.357,43.7,876.47,3924.989,31006.203,876.47,31006.178,0.0,,0.0,0.0,0.0,0.0,0.0,0.002,0.005,0.191,30.99,0.001,0.003,0.014,0.494,0.0,0.0,0.0,,0.0,0.0,0.0,0.0,0.0,55.63,5.065,65.613,80.684,1673.82,4921.537,59213.437,6079.007,215052.164,,0.0,,0.0,0.0,0.0,,0.0,0.0,8846.88,28267592.0,2551.05,0.191,0.002,30.99,0.001,0.003,0.014,0.494,0.004,30.99,0.001,0.003,0.014,0.354,0.494,0.0,,0.0,0.0,0.0,0.0,0.0
SAU,Saudi Arabia,2012,,0.0,7.663,67.165,5.075,308.486,6.043,154.153,0.0,0.0,,,,,,602.665,0.0,15.068,0.032,0.112,0.858,0.0,29.445,0.0,0.0,271.71,0.0,0.0,271.68,125.85,0.0,0.0,145.83,,0.0,0.026,0.03,0.0,271.71,163.75,1.881,92787.216,6.041,99.998,154.101,2705.139,92785.025,9318.5,99.989,1438371692810.0,46.318,7.663,34.882,67.165,943.635,4316.598,32366.277,943.635,32366.251,0.0,,0.0,0.0,0.0,0.0,0.0,0.009,0.026,0.879,372.614,0.002,0.052,0.066,2.265,0.0,0.0,0.0,,0.0,0.0,0.0,0.0,0.0,53.671,5.187,65.084,86.823,1760.643,5001.903,60389.303,6387.493,219088.105,,0.0,,0.0,0.0,0.0,,0.0,0.0,9319.529,29154906.0,2705.203,0.879,0.009,372.614,0.002,0.052,0.066,2.265,0.011,372.614,0.002,0.052,0.066,1.029,2.265,0.0,,0.0,0.0,0.0,0.0,0.0
SAU,Saudi Arabia,2013,,0.0,0.705,6.65,-1.969,-125.749,0.442,11.946,0.0,0.0,,,,,,597.796,0.0,29.995,0.041,0.258,1.116,0.0,37.135,0.0,0.0,284.06,0.0,0.0,284.02,138.07,0.0,0.0,145.95,,0.0,0.042,0.04,0.0,284.06,169.81,1.828,90414.736,0.44,99.996,11.904,2717.042,90411.19,9450.933,99.986,1486736466780.0,48.606,0.705,34.974,6.65,950.285,4594.361,31621.321,950.285,31621.295,0.0,,0.0,0.0,0.0,0.0,0.0,0.015,0.042,1.413,64.68,0.004,0.043,0.109,3.619,0.0,0.0,0.0,,0.0,0.0,0.0,0.0,0.0,51.38,0.284,64.981,4.996,1765.639,4856.573,58752.735,6261.744,208363.242,,0.0,,0.0,0.0,0.0,,0.0,0.0,9452.264,30052058.0,2717.149,1.413,0.015,64.68,0.004,0.043,0.109,3.619,0.014,64.68,0.004,0.043,0.109,1.331,3.619,0.0,,0.0,0.0,0.0,0.0,0.0
SAU,Saudi Arabia,2014,,0.0,2.349,22.325,1.005,62.924,7.278,197.764,0.0,0.0,,,,,,603.572,0.0,72.863,0.066,0.813,1.929,0.0,62.397,0.0,0.0,311.86,0.0,0.0,311.81,143.03,0.0,0.0,168.78,,0.0,0.046,0.05,0.0,311.86,188.23,1.88,94283.093,7.278,99.996,197.756,2914.799,94279.392,10085.519,99.984,1550550830218.0,45.864,2.349,33.367,22.325,972.61,4626.317,31459.172,972.61,31459.147,0.0,,0.0,0.0,0.0,0.0,0.0,0.015,0.046,1.484,7.372,0.004,0.008,0.117,3.777,0.0,0.0,0.0,,0.0,0.0,0.0,0.0,0.0,54.12,9.89,66.563,174.618,1940.257,5459.202,62757.822,6324.668,204571.893,,0.0,,0.0,0.0,0.0,,0.0,0.0,10087.136,30916604.0,2914.913,1.484,0.015,7.372,0.004,0.008,0.117,3.777,0.016,7.372,0.004,0.008,0.117,1.617,3.777,0.0,,0.0,0.0,0.0,0.0,0.0
SAU,Saudi Arabia,2015,,0.0,2.022,19.665,4.452,281.569,3.114,90.772,0.0,0.0,,,,,,603.889,0.0,-20.152,0.051,-0.389,1.54,0.0,48.564,0.0,0.0,338.39,0.0,0.0,338.34,154.68,0.0,0.0,183.66,,0.0,0.046,0.05,0.0,338.39,204.35,1.853,94763.731,3.114,99.996,90.773,3005.572,94760.147,10667.238,99.985,1621729710717.0,45.711,2.022,33.013,19.665,992.275,4876.776,31284.631,992.275,31284.606,0.0,,0.0,0.0,0.0,0.0,0.0,0.014,0.046,1.447,-0.595,0.004,-0.001,0.116,3.659,0.0,0.0,0.0,,0.0,0.0,0.0,0.0,0.0,54.275,3.685,66.932,71.497,2011.754,5790.462,63426.952,6606.237,208282.52,,0.0,,0.0,0.0,0.0,,0.0,0.0,10668.814,31717676.0,3005.685,1.447,0.014,-0.595,0.004,-0.001,0.116,3.659,0.015,-0.595,0.004,-0.001,0.116,1.576,3.659,0.0,,0.0,0.0,0.0,0.0,0.0
SAU,Saudi Arabia,2016,,0.0,6.137,60.895,3.288,217.226,1.259,37.854,0.0,0.0,,,,,,598.408,0.0,-33.191,0.034,-0.511,1.029,0.0,31.719,0.0,0.0,345.5,0.0,0.0,345.45,166.98,0.0,0.0,178.47,,0.0,0.046,0.05,0.0,345.5,206.75,1.845,93810.624,1.259,99.996,37.855,3043.427,93807.142,10647.76,99.986,1649723231085.0,48.33,6.137,34.603,60.895,1053.17,5146.803,32461.746,1053.17,32461.72,0.0,,0.0,0.0,0.0,0.0,0.0,0.013,0.046,1.414,-0.592,0.004,-0.001,0.115,3.556,0.0,0.0,0.0,,0.0,0.0,0.0,0.0,0.0,51.656,-1.12,65.359,-22.529,1989.225,5500.957,61313.677,6823.463,210318.701,,0.0,,0.0,0.0,0.0,,0.0,0.0,10649.301,32443444.0,3043.54,1.414,0.013,-0.592,0.004,-0.001,0.115,3.556,0.014,-0.592,0.004,-0.001,0.115,1.541,3.556,0.0,,0.0,0.0,0.0,0.0,0.0
SAU,Saudi Arabia,2017,,,3.735,39.332,-4.669,-318.579,-0.242,-7.378,0.0,0.0,,,,,,586.557,0.0,33.259,0.045,0.342,1.371,0.0,41.429,,,349.48,0.0,0.0,349.41,188.54,0.0,0.0,160.87,,0.0,0.065,0.07,0.0,349.48,204.99,1.854,91723.655,-0.244,99.995,-7.425,3036.001,91718.816,10555.816,99.98,1637482285809.0,53.949,3.735,35.983,39.332,1092.502,5695.869,33004.951,1092.502,33004.925,0.0,,0.0,0.0,0.0,0.0,0.0,0.019,0.065,1.965,40.916,0.005,0.047,0.163,4.912,0.0,0.0,0.0,,0.0,0.0,0.0,0.0,0.0,46.031,-2.368,63.966,-47.1,1942.126,4859.947,58672.436,6504.884,196515.16,,0.0,,0.0,0.0,0.0,,0.0,0.0,10557.93,33101184.0,3036.162,1.965,0.019,40.916,0.005,0.047,0.163,4.912,0.02,40.916,0.005,0.047,0.163,2.115,4.912,0.0,,0.0,0.0,0.0,0.0,0.0
SAU,Saudi Arabia,2018,,,2.608,28.498,3.128,203.505,-2.603,-79.025,0.0,0.0,,,,,,577.475,0.0,-13.269,0.04,-0.182,1.189,0.0,35.29,,,343.98,0.0,0.0,343.77,200.03,0.0,0.0,143.74,,0.0,0.214,0.21,0.0,343.98,198.64,1.763,87741.67,-2.615,99.982,-79.395,2956.607,87725.962,10200.056,99.939,1677338604416.0,58.152,2.608,37.908,28.498,1121.0,5935.123,33261.401,1121.0,33261.375,0.0,,0.0,0.0,0.0,0.0,0.0,0.062,0.214,6.348,227.057,0.018,0.369,0.532,15.778,0.0,0.0,0.0,,0.0,0.0,0.0,0.0,0.0,41.787,-5.546,62.033,-107.711,1834.415,4264.933,54429.27,6708.389,199045.719,,0.0,,0.0,0.0,0.0,,0.0,0.0,10206.287,33702756.0,2957.136,6.348,0.062,227.057,0.018,0.369,0.532,15.778,0.061,227.057,0.018,0.369,0.532,6.231,15.778,0.0,,0.0,0.0,0.0,0.0,0.0
SAU,Saudi Arabia,2019,,,-0.847,-9.5,-3.511,-235.55,0.33,9.75,0.0,0.0,,,,,,572.119,0.0,4.887,0.042,0.058,1.248,0.0,36.404,,,343.67,0.0,0.0,342.63,206.03,0.0,0.0,136.6,,0.0,1.038,1.04,0.0,343.67,196.62,,86577.587,0.261,99.913,7.712,2964.319,86502.655,9998.387,99.697,,59.95,-0.847,37.464,-9.5,1111.5,6012.222,32435.035,1111.5,32435.009,0.0,,0.0,0.0,0.0,0.0,0.0,0.302,1.038,30.289,383.337,0.087,2.038,2.57,75.002,0.0,0.0,0.0,,0.0,0.0,0.0,0.0,0.0,39.747,0.935,62.408,17.154,1851.569,3986.165,54031.216,6472.839,188885.832,,0.0,,0.0,0.0,0.0,,0.0,0.0,10028.735,34268528.0,2966.886,30.289,0.302,383.337,0.087,2.038,2.57,75.002,0.303,383.337,0.087,2.038,2.57,30.349,75.002,0.0,,0.0,0.0,0.0,0.0,0.0
SAU,Saudi Arabia,2020,,,0.855,9.501,-6.645,-430.09,-1.126,-33.408,0.0,0.0,,,,,,570.473,0.0,0.0,0.043,0.0,1.248,0.0,35.834,,,340.91,0.0,0.0,339.87,207.03,0.0,0.0,132.84,,0.0,1.038,1.04,0.0,340.91,194.48,,84261.772,-1.127,99.913,-33.399,2930.92,84188.284,9762.489,99.695,,60.729,0.855,38.214,9.501,1121.001,5946.768,32199.854,1121.001,32199.829,0.0,,0.0,0.0,0.0,0.0,0.0,0.304,1.038,29.814,-0.367,0.087,-0.009,2.561,73.556,0.0,0.0,0.0,,0.0,0.0,0.0,0.0,0.0,38.966,-2.317,61.656,-42.899,1808.669,3815.721,51952.596,6042.749,173573.047,,0.0,,0.0,0.0,0.0,,0.0,0.0,9792.362,34813868.0,2933.478,29.814,0.304,-0.367,0.087,-0.009,2.561,73.556,0.305,-0.367,0.087,-0.009,2.561,29.873,73.556,0.0,,0.0,0.0,0.0,0.0,0.0
SAU,Saudi Arabia,2021,,,,,,,,,0.0,0.0,,,,,,568.967,0.0,,,,,0.0,,,,356.33,0.0,0.0,354.68,217.24,0.0,0.0,137.44,,,,1.65,0.0,356.33,202.74,,,,,,,,10036.026,99.537,,60.966,,,,,6147.024,,,,0.0,,,,,0.0,,,,,,,,,,0.0,0.0,0.0,,,,,0.0,,38.571,,,,,3889.003,,,,,,,,,,,,,10082.715,35340680.0,,,,,,,,,0.463,,,,,46.688,,0.0,,,,,0.0,
