iso_code,country,year,coal_prod_change_pct,coal_prod_change_twh,gas_prod_change_pct,gas_prod_change_twh,oil_prod_change_pct,oil_prod_change_twh,energy_cons_change_pct,energy_cons_change_twh,biofuel_share_elec,biofuel_elec_per_capita,biofuel_cons_change_pct,biofuel_share_energy,biofuel_cons_change_twh,biofuel_consumption,biofuel_cons_per_capita,carbon_intensity_elec,coal_share_elec,coal_cons_change_pct,coal_share_energy,coal_cons_change_twh,coal_consumption,coal_elec_per_capita,coal_cons_per_capita,coal_production,coal_prod_per_capita,electricity_demand,biofuel_electricity,coal_electricity,fossil_electricity,gas_electricity,hydro_electricity,nuclear_electricity,oil_electricity,other_renewable_exc_biofuel_electricity,other_renewable_electricity,renewables_electricity,solar_electricity,wind_electricity,electricity_generation,greenhouse_gas_emissions,energy_per_gdp,energy_per_capita,fossil_cons_change_pct,fossil_share_energy,fossil_cons_change_twh,fossil_fuel_consumption,fossil_energy_per_capita,fossil_cons_per_capita,fossil_share_elec,gdp,gas_share_elec,gas_cons_change_pct,gas_share_energy,gas_cons_change_twh,gas_consumption,gas_elec_per_capita,gas_energy_per_capita,gas_production,gas_prod_per_capita,hydro_share_elec,hydro_cons_change_pct,hydro_share_energy,hydro_cons_change_twh,hydro_consumption,hydro_elec_per_capita,hydro_energy_per_capita,low_carbon_share_elec,low_carbon_electricity,low_carbon_elec_per_capita,low_carbon_cons_change_pct,low_carbon_share_energy,low_carbon_cons_change_twh,low_carbon_consumption,low_carbon_energy_per_capita,net_elec_imports_share_demand,net_elec_imports,nuclear_share_elec,nuclear_cons_change_pct,nuclear_share_energy,nuclear_cons_change_twh,nuclear_consumption,nuclear_elec_per_capita,nuclear_energy_per_capita,oil_share_elec,oil_cons_change_pct,oil_share_energy,oil_cons_change_twh,oil_consumption,oil_elec_per_capita,oil_energy_per_capita,oil_production,oil_prod_per_capita,other_renewables_elec_per_capita_exc_biofuel,other_renewables_elec_per_capita,other_renewables_cons_change_pct,other_renewables_share_energy,other_renewables_cons_change_twh,other_renewable_consumption,other_renewables_share_elec_exc_biofuel,other_renewables_share_elec,other_renewables_energy_per_capita,per_capita_electricity,population,primary_energy_consumption,renewables_elec_per_capita,renewables_share_elec,renewables_cons_change_pct,renewables_share_energy,renewables_cons_change_twh,renewables_consumption,renewables_energy_per_capita,solar_share_elec,solar_cons_change_pct,solar_share_energy,solar_cons_change_twh,solar_consumption,solar_elec_per_capita,solar_energy_per_capita,wind_share_elec,wind_cons_change_pct,wind_share_energy,wind_cons_change_twh,wind_consumption,wind_elec_per_capita,wind_energy_per_capita
SYC,Seychelles,1980,,,,,,,,,,,,,,,,,,,,,,,,0.0,0.0,,,,,,,,,,,,,,,,2.284,14179.033,,,,,,,,411136000.0,,,,,,,,,,,,,,,,,,,,,,,,,,,,,,,,,,,,,,,,,,,,,,,,,,,,,66237.0,0.939,,,,,,,,,,,,,,,,,,,,,
SYC,Seychelles,1981,,0.0,,,,,-20.219,-0.19,,,,,,,,,,,,,,,,0.0,0.0,,,,,,,,,,,,,,,,1.945,11143.161,,,,,,,,385320000.0,,,,,,,,,,,,,,,,,,,,,,,,,,,,,,,,,,,,,,,,,,,,,,,,,,,,,67242.0,0.749,,,,,,,,,,,,,,,,,,,,,
SYC,Seychelles,1982,,0.0,,,,,-8.333,-0.062,,,,,,,,,,,,,,,,0.0,0.0,,,,,,,,,,,,,,,,1.826,10082.909,,,,,,,,376090000.0,,,,,,,,,,,,,,,,,,,,,,,,,,,,,,,,,,,,,,,,,,,,,,,,,,,,,68120.0,0.687,,,,,,,,,,,,,,,,,,,,,
SYC,Seychelles,1983,,0.0,,,,,72.727,0.5,,,,,,,,,,,,,,,,0.0,0.0,,,,,,,,,,,,,,,,3.188,17234.531,,,,,,,,372108000.0,,,,,,,,,,,,,,,,,,,,,,,,,,,,,,,,,,,,,,,,,,,,,,,,,,,,,68837.0,1.186,,,,,,,,,,,,,,,,,,,,,
SYC,Seychelles,1984,,0.0,,,,,5.552,0.066,,,,,,,,,,,,,,,,0.0,0.0,,,,,,,,,,,,,,,,3.146,18043.219,,,,,,,,397980000.0,,,,,,,,,,,,,,,,,,,,,,,,,,,,,,,,,,,,,,,,,,,,,,,,,,,,,69402.0,1.252,,,,,,,,,,,,,,,,,,,,,
SYC,Seychelles,1985,,0.0,,,,,4.713,0.059,,,,,,,,,,,,,,,,0.0,0.0,,,,,,,,,,,,,,,,2.972,18793.424,,,,,,,,441195000.0,,,,,,,,,,,,,,,,,,,,,,,,,,,,,,,,,,,,,,,,,,,,,,,,,,,,,69772.0,1.311,,,,,,,,,,,,,,,,,,,,,
SYC,Seychelles,1986,,0.0,,,,,-5.004,-0.066,,,,,,,,,,,,,,,,0.0,0.0,,,,,,,,,,,,,,,,2.775,17809.809,,,,,,,,448868000.0,,,,,,,,,,,,,,,,,,,,,,,,,,,,,,,,,,,,,,,,,,,,,,,,,,,,,69941.0,1.246,,,,,,,,,,,,,,,,,,,,,
SYC,Seychelles,1987,,0.0,,,,,5.609,0.07,,,,,,,,,,,,,,,,0.0,0.0,,,,,,,,,,,,,,,,2.834,18807.413,,,,,,,,464236000.0,,,,,,,,,,,,,,,,,,,,,,,,,,,,,,,,,,,,,,,,,,,,,,,,,,,,,69946.0,1.316,,,,,,,,,,,,,,,,,,,,,
SYC,Seychelles,1988,,0.0,,,,,47.637,0.627,,,,,,,,,,,,,,,,0.0,0.0,,,,,,,,,,,,,,,,3.957,27775.057,,,,,,,,490866000.0,,,,,,,,,,,,,,,,,,,,,,,,,,,,,,,,,,,,,,,,,,,,,,,,,,,,,69925.0,1.942,,,,,,,,,,,,,,,,,,,,,
SYC,Seychelles,1989,,0.0,,,,,4.058,0.079,,,,,,,,,,,,,,,,0.0,0.0,,,,,,,,,,,,,,,,3.723,28834.673,,,,,,,,542850000.0,,,,,,,,,,,,,,,,,,,,,,,,,,,,,,,,,,,,,,,,,,,,,,,,,,,,,70089.0,2.021,,,,,,,,,,,,,,,,,,,,,
SYC,Seychelles,1990,,0.0,,,,,-10.689,-0.216,,,,,,,,,,,,,,,,0.0,0.0,,,,,,,,,,,,,,,,3.086,25576.329,,,,,,,,584969000.0,,,,,,,,,,,,,,,,,,,,,,,,,,,,,,,,,,,,,,,,,,,,,,,,,,,,,70572.0,1.805,,,,,,,,,,,,,,,,,,,,,
SYC,Seychelles,1991,,0.0,,,,,13.385,0.242,,,,,,,,,,,,,,,,0.0,0.0,,,,,,,,,,,,,,,,3.316,28644.951,,,,,,,,617088520.0,,,,,,,,,,,,,,,,,,,,,,,,,,,,,,,,,,,,,,,,,,,,,,,,,,,,,71446.0,2.047,,,,,,,,,,,,,,,,,,,,,
SYC,Seychelles,1992,,0.0,,,,,-0.848,-0.017,,,,,,,,,,,,,,,,0.0,0.0,,,,,,,,,,,,,,,,2.987,27927.154,,,,,,,,679250991.0,,,,,,,,,,,,,,,,,,,,,,,,,,,,,,,,,,,,,,,,,,,,,,,,,,,,,72661.0,2.029,,,,,,,,,,,,,,,,,,,,,
SYC,Seychelles,1993,,0.0,,,,,2.804,0.057,,,,,,,,,,,,,,,,0.0,0.0,,,,,,,,,,,,,,,,2.855,28163.725,,,,,,,,730723729.0,,,,,,,,,,,,,,,,,,,,,,,,,,,,,,,,,,,,,,,,,,,,,,,,,,,,,74071.0,2.086,,,,,,,,,,,,,,,,,,,,,
SYC,Seychelles,1994,,0.0,,,,,0.0,0.0,,,,,,,,,,,,,,,,0.0,0.0,,,,,,,,,,,,,,,,2.802,27651.176,,,,,,,,744501035.0,,,,,,,,,,,,,,,,,,,,,,,,,,,,,,,,,,,,,,,,,,,,,,,,,,,,,75444.0,2.086,,,,,,,,,,,,,,,,,,,,,
SYC,Seychelles,1995,,0.0,,,,,3.523,0.073,,,,,,,,,,,,,,,,0.0,0.0,,,,,,,,,,,,,,,,2.841,28173.901,,,,,,,,760132184.0,,,,,,,,,,,,,,,,,,,,,,,,,,,,,,,,,,,,,,,,,,,,,,,,,,,,,76653.0,2.16,,,,,,,,,,,,,,,,,,,,,
SYC,Seychelles,1996,,0.0,,,,,0.266,0.006,,,,,,,,,,,,,,,,0.0,0.0,,,,,,,,,,,,,,,,2.722,27905.2,,,,,,,,795643285.0,,,,,,,,,,,,,,,,,,,,,,,,,,,,,,,,,,,,,,,,,,,,,,,,,,,,,77597.0,2.165,,,,,,,,,,,,,,,,,,,,,
SYC,Seychelles,1997,,0.0,,,,,5.918,0.128,,,,,,,,,,,,,,,,0.0,0.0,,,,,,,,,,,,,,,,2.467,29269.994,,,,,,,,929711777.0,,,,,,,,,,,,,,,,,,,,,,,,,,,,,,,,,,,,,,,,,,,,,,,,,,,,,78357.0,2.294,,,,,,,,,,,,,,,,,,,,,
SYC,Seychelles,1998,,0.0,,,,,0.0,0.0,,,,,,,,,,,,,,,,0.0,0.0,,,,,,,,,,,,,,,,2.158,29008.259,,,,,,,,1062691422.0,,,,,,,,,,,,,,,,,,,,,,,,,,,,,,,,,,,,,,,,,,,,,,,,,,,,,79064.0,2.294,,,,,,,,,,,,,,,,,,,,,
SYC,Seychelles,1999,,0.0,,,,,0.0,0.0,,,,,,,,,,,,,,,,0.0,0.0,,,,,,,,,,,,,,,,2.066,28703.369,,,,,,,,1110391370.0,,,,,,,,,,,,,,,,,,,,,,,,,,,,,,,,,,,,,,,,,,,,,,,,,,,,,79904.0,2.294,,,,,,,,,,,,,,,,,,,,,
SYC,Seychelles,2000,,0.0,,,,,63.982,1.467,0.0,0.0,,,,,,722.222,0.0,,,,,0.0,,0.0,0.0,0.18,0.0,0.0,0.18,0.0,0.0,0.0,0.18,0.0,0.0,0.0,0.0,0.0,0.18,0.13,3.311,46432.697,,,,,,2222.277,100.0,1136006728.0,0.0,,,,,0.0,,,,0.0,,,,,0.0,,0.0,0.0,0.0,,,,,,0.0,0.0,0.0,,,,,0.0,,100.0,,,,,2222.277,,,,0.0,0.0,,,,,0.0,0.0,,2222.277,80998.0,3.761,0.0,0.0,,,,,,0.0,,,,,0.0,,0.0,,,,,0.0,
SYC,Seychelles,2001,,0.0,,,,,7.57,0.285,0.0,0.0,,,,,,722.222,0.0,,,,,0.0,,0.0,0.0,0.18,0.0,0.0,0.18,0.0,0.0,0.0,0.18,0.0,0.0,0.0,0.0,0.0,0.18,0.13,3.556,49090.187,,,,,,2184.121,100.0,1137693016.0,0.0,,,,,0.0,,,,0.0,,,,,0.0,,0.0,0.0,0.0,,,,,,0.0,0.0,0.0,,,,,0.0,,100.0,,,,,2184.121,,,,0.0,0.0,,,,,0.0,0.0,,2184.121,82413.0,4.046,0.0,0.0,,,,,,0.0,,,,,0.0,,0.0,,,,,0.0,
SYC,Seychelles,2002,,0.0,,,,,-12.922,-0.523,0.0,0.0,,,,,,700.0,0.0,,,,,0.0,,0.0,0.0,0.2,0.0,0.0,0.2,0.0,0.0,0.0,0.2,0.0,0.0,0.0,0.0,0.0,0.2,0.14,2.983,41900.968,,,,,,2378.772,100.0,1181094323.0,0.0,,,,,0.0,,,,0.0,,,,,0.0,,0.0,0.0,0.0,,,,,,0.0,0.0,0.0,,,,,0.0,,100.0,,,,,2378.772,,,,0.0,0.0,,,,,0.0,0.0,,2378.772,84077.0,3.523,0.0,0.0,,,,,,0.0,,,,,0.0,,0.0,,,,,0.0,
SYC,Seychelles,2003,,0.0,,,,,-0.246,-0.009,0.0,0.0,,,,,,714.286,0.0,,,,,0.0,,0.0,0.0,0.21,0.0,0.0,0.21,0.0,0.0,0.0,0.21,0.0,0.0,0.0,0.0,0.0,0.21,0.15,3.097,40955.17,,,,,,2447.353,100.0,1134551475.0,0.0,,,,,0.0,,,,0.0,,,,,0.0,,0.0,0.0,0.0,,,,,,0.0,0.0,0.0,,,,,0.0,,100.0,,,,,2447.353,,,,0.0,0.0,,,,,0.0,0.0,,2447.353,85807.0,3.514,0.0,0.0,,,,,,0.0,,,,,0.0,,0.0,,,,,0.0,
SYC,Seychelles,2004,,0.0,,,,,39.573,1.391,0.0,0.0,,,,,,714.286,0.0,,,,,0.0,,0.0,0.0,0.21,0.0,0.0,0.21,0.0,0.0,0.0,0.21,0.0,0.0,0.0,0.0,0.0,0.21,0.15,4.302,56128.275,,,,,,2403.076,100.0,1140079500.0,0.0,,,,,0.0,,,,0.0,,,,,0.0,,0.0,0.0,0.0,,,,,,0.0,0.0,0.0,,,,,0.0,,100.0,,,,,2403.076,,,,0.0,0.0,,,,,0.0,0.0,,2403.076,87388.0,4.905,0.0,0.0,,,,,,0.0,,,,,0.0,,0.0,,,,,0.0,
SYC,Seychelles,2005,,0.0,,,,,-8.911,-0.437,0.0,0.0,,,,,,681.818,0.0,,,,,0.0,,0.0,0.0,0.22,0.0,0.0,0.22,0.0,0.0,0.0,0.22,0.0,0.0,0.0,0.0,0.0,0.22,0.15,3.506,50397.852,,,,,,2481.613,100.0,1274495308.0,0.0,,,,,0.0,,,,0.0,,,,,0.0,,0.0,0.0,0.0,,,,,,0.0,0.0,0.0,,,,,0.0,,100.0,,,,,2481.613,,,,0.0,0.0,,,,,0.0,0.0,,2481.613,88652.0,4.468,0.0,0.0,,,,,,0.0,,,,,0.0,,0.0,,,,,0.0,
SYC,Seychelles,2006,,0.0,,,,,6.243,0.279,0.0,0.0,,,,,,708.333,0.0,,,,,0.0,,0.0,0.0,0.24,0.0,0.0,0.24,0.0,0.0,0.0,0.24,0.0,0.0,0.0,0.0,0.0,0.24,0.17,3.319,53020.066,,,,,,2680.726,100.0,1430092062.0,0.0,,,,,0.0,,,,0.0,,,,,0.0,,0.0,0.0,0.0,,,,,,0.0,0.0,0.0,,,,,0.0,,100.0,,,,,2680.726,,,,0.0,0.0,,,,,0.0,0.0,,2680.726,89528.0,4.747,0.0,0.0,,,,,,0.0,,,,,0.0,,0.0,,,,,0.0,
SYC,Seychelles,2007,,0.0,,,,,-17.788,-0.844,0.0,0.0,,,,,,720.0,0.0,,,,,0.0,,0.0,0.0,0.25,0.0,0.0,0.25,0.0,0.0,0.0,0.25,0.0,0.0,0.0,0.0,0.0,0.25,0.18,2.409,43321.026,,,,,,2775.249,100.0,1619623027.0,0.0,,,,,0.0,,,,0.0,,,,,0.0,,0.0,0.0,0.0,,,,,,0.0,0.0,0.0,,,,,0.0,,100.0,,,,,2775.249,,,,0.0,0.0,,,,,0.0,0.0,,2775.249,90082.0,3.902,0.0,0.0,,,,,,0.0,,,,,0.0,,0.0,,,,,0.0,
SYC,Seychelles,2008,,0.0,,,,,9.009,0.352,0.0,0.0,,,,,,720.0,0.0,,,,,0.0,,0.0,0.0,0.25,0.0,0.0,0.25,0.0,0.0,0.0,0.25,0.0,0.0,0.0,0.0,0.0,0.25,0.18,2.617,47031.743,,,,,,2763.958,100.0,1625803017.0,0.0,,,,,0.0,,,,0.0,,,,,0.0,,0.0,0.0,0.0,,,,,,0.0,0.0,0.0,,,,,0.0,,100.0,,,,,2763.958,,,,0.0,0.0,,,,,0.0,0.0,,2763.958,90450.0,4.254,0.0,0.0,,,,,,0.0,,,,,0.0,,0.0,,,,,0.0,
SYC,Seychelles,2009,,0.0,,,,,9.002,0.383,0.0,0.0,,,,,,692.308,0.0,,,,,0.0,,0.0,0.0,0.26,0.0,0.0,0.26,0.0,0.0,0.0,0.26,0.0,0.0,0.0,0.0,0.0,0.26,0.18,2.843,51074.737,,,,,,2863.815,100.0,1630727730.0,0.0,,,,,0.0,,,,0.0,,,,,0.0,,0.0,0.0,0.0,,,,,,0.0,0.0,0.0,,,,,0.0,,100.0,,,,,2863.815,,,,0.0,0.0,,,,,0.0,0.0,,2863.815,90788.0,4.637,0.0,0.0,,,,,,0.0,,,,,0.0,,0.0,,,,,0.0,
SYC,Seychelles,2010,,0.0,,,,,-9.566,-0.444,0.0,0.0,,,,,,714.286,0.0,,,,,0.0,,0.0,0.0,0.28,0.0,0.0,0.28,0.0,0.0,0.0,0.28,0.0,0.0,0.0,0.0,0.0,0.28,0.2,2.365,45943.489,,,,,,3067.72,100.0,1772951681.0,0.0,,,,,0.0,,,,0.0,,,,,0.0,,0.0,0.0,0.0,,,,,,0.0,0.0,0.0,,,,,0.0,,100.0,,,,,3067.72,,,,0.0,0.0,,,,,0.0,0.0,,3067.72,91273.0,4.193,0.0,0.0,,,,,,0.0,,,,,0.0,,0.0,,,,,0.0,
SYC,Seychelles,2011,,0.0,,,,,-14.136,-0.593,0.0,0.0,,,,,,710.526,0.0,,,,,0.0,,0.0,0.0,0.38,0.0,0.0,0.38,0.0,0.0,0.0,0.38,0.0,0.0,0.0,0.0,0.0,0.38,0.27,1.878,39187.418,,,,,,4135.739,100.0,1917505000.0,0.0,,,,,0.0,,,,0.0,,,,,0.0,,0.0,0.0,0.0,,,,,,0.0,0.0,0.0,,,,,0.0,,100.0,,,,,4135.739,,,,0.0,0.0,,,,,0.0,0.0,,4135.739,91882.0,3.601,0.0,0.0,,,,,,0.0,,,,,0.0,,0.0,,,,,0.0,
SYC,Seychelles,2012,,0.0,,,,,15.065,0.542,0.0,0.0,,,,,,692.308,0.0,,,,,0.0,,0.0,0.0,0.39,0.0,0.0,0.39,0.0,0.0,0.0,0.39,0.0,0.0,0.0,0.0,0.0,0.39,0.27,2.08,44737.41,,,,,,4211.299,100.0,1991700000.0,0.0,,,,,0.0,,,,0.0,,,,,0.0,,0.0,0.0,0.0,,,,,,0.0,0.0,0.0,,,,,0.0,,100.0,,,,,4211.299,,,,0.0,0.0,,,,,0.0,0.0,,4211.299,92608.0,4.143,0.0,0.0,,,,,,0.0,,,,,0.0,,0.0,,,,,0.0,
SYC,Seychelles,2013,,0.0,,,,,-9.673,-0.401,0.0,0.0,,,,,,682.927,0.0,,,,,0.0,,0.0,0.0,0.41,0.0,0.0,0.4,0.0,0.0,0.0,0.4,0.0,0.0,0.01,0.0,0.01,0.41,0.28,1.785,40068.698,,,,,,4282.793,97.561,2096276000.0,0.0,,,,,0.0,,,,0.0,,,,,0.0,,2.439,0.01,107.07,,,,,,0.0,0.0,0.0,,,,,0.0,,97.561,,,,,4282.793,,,,0.0,0.0,,,,,0.0,0.0,,4389.863,93397.0,3.742,107.07,2.439,,,,,,0.0,,,,,0.0,,2.439,,,,,107.07,
SYC,Seychelles,2014,,0.0,,,,,16.945,0.634,0.0,0.0,,,,,,690.476,0.0,,,,,0.0,,0.0,0.0,0.42,0.0,0.0,0.41,0.0,0.0,0.0,0.41,0.0,0.0,0.01,0.0,0.01,0.42,0.29,1.962,46451.934,,,,,,4351.795,97.619,2231000000.0,0.0,,,,,0.0,,,,0.0,,,,,0.0,,2.381,0.01,106.141,,,,,,0.0,0.0,0.0,,,,,0.0,,97.619,,,,,4351.795,,,,0.0,0.0,,,,,0.0,0.0,,4457.936,94214.0,4.376,106.141,2.381,,,,,,0.0,,,,,0.0,,2.381,,,,,106.141,
SYC,Seychelles,2015,,0.0,,,,,3.64,0.159,0.0,0.0,,,,,,681.818,0.0,,,,,0.0,,0.0,0.0,0.44,0.0,0.0,0.43,0.0,0.0,0.0,0.43,0.0,0.0,0.01,0.0,0.01,0.44,0.3,1.919,47753.824,,,,,,4527.221,97.727,2363480000.0,0.0,,,,,0.0,,,,0.0,,,,,0.0,,2.273,0.01,105.284,,,,,,0.0,0.0,0.0,,,,,0.0,,97.727,,,,,4527.221,,,,0.0,0.0,,,,,0.0,0.0,,4632.505,94981.0,4.536,105.284,2.273,,,,,,0.0,,,,,0.0,,2.273,,,,,105.284,
SYC,Seychelles,2016,,0.0,,,,,10.928,0.496,0.0,0.0,,,,,,695.652,0.0,,,,,0.0,,0.0,0.0,0.46,0.0,0.0,0.46,0.0,0.0,0.0,0.46,0.0,0.0,0.0,0.0,0.0,0.46,0.32,2.032,52568.51,,,,,,4806.135,100.0,2476032000.0,0.0,,,,,0.0,,,,0.0,,,,,0.0,,0.0,0.0,0.0,,,,,,0.0,0.0,0.0,,,,,0.0,,100.0,,,,,4806.135,,,,0.0,0.0,,,,,0.0,0.0,,4806.135,95711.0,5.031,0.0,0.0,,,,,,0.0,,,,,0.0,,0.0,,,,,0.0,
SYC,Seychelles,2017,,,,,,,4.299,0.216,0.0,0.0,,,,,,702.128,0.0,,,,,0.0,,,,0.47,0.0,0.0,0.47,0.0,0.0,0.0,0.47,0.0,0.0,0.0,0.0,0.0,0.47,0.33,2.026,54426.437,,,,,,4874.608,100.0,2589720692.0,0.0,,,,,0.0,,,,0.0,,,,,0.0,,0.0,0.0,0.0,,,,,,0.0,0.0,0.0,,,,,0.0,,100.0,,,,,4874.608,,,,0.0,0.0,,,,,0.0,0.0,,4874.608,96418.0,5.248,0.0,0.0,,,,,,0.0,,,,,0.0,,0.0,,,,,0.0,
SYC,Seychelles,2018,,,,,,,-11.324,-0.594,0.0,0.0,,,,,,708.333,0.0,,,,,0.0,,,,0.48,0.0,0.0,0.48,0.0,0.0,0.0,0.48,0.0,0.0,0.0,0.0,0.0,0.48,0.34,1.665,47927.229,,,,,,4943.663,100.0,2794612914.0,0.0,,,,,0.0,,,,0.0,,,,,0.0,,0.0,0.0,0.0,,,,,,0.0,0.0,0.0,,,,,0.0,,100.0,,,,,4943.663,,,,0.0,0.0,,,,,0.0,0.0,,4943.663,97094.0,4.653,0.0,0.0,,,,,,0.0,,,,,0.0,,0.0,,,,,0.0,
SYC,Seychelles,2019,,,,,,,0.332,0.015,0.0,0.0,,,,,,693.878,0.0,,,,,0.0,,,,0.49,0.0,0.0,0.49,0.0,0.0,0.0,0.49,0.0,0.0,0.0,0.0,0.0,0.49,0.34,,47767.85,,,,,,5013.249,100.0,,0.0,,,,,0.0,,,,0.0,,,,,0.0,,0.0,0.0,0.0,,,,,,0.0,0.0,0.0,,,,,0.0,,100.0,,,,,5013.249,,,,0.0,0.0,,,,,0.0,0.0,,5013.249,97741.0,4.669,0.0,0.0,,,,,,0.0,,,,,0.0,,0.0,,,,,0.0,
SYC,Seychelles,2020,,,,,,,,,0.0,0.0,,,,,,693.878,0.0,,,,,0.0,,,,0.49,0.0,0.0,0.49,0.0,0.0,0.0,0.49,0.0,0.0,0.0,0.0,0.0,0.49,0.34,,,,,,,,4982.713,100.0,,0.0,,,,,0.0,,,,0.0,,,,,0.0,,0.0,0.0,0.0,,,,,,0.0,0.0,0.0,,,,,0.0,,100.0,,,,,4982.713,,,,0.0,0.0,,,,,0.0,0.0,,4982.713,98340.0,,0.0,0.0,,,,,,0.0,,,,,0.0,,0.0,,,,,0.0,
