iso_code,country,year,coal_prod_change_pct,coal_prod_change_twh,gas_prod_change_pct,gas_prod_change_twh,oil_prod_change_pct,oil_prod_change_twh,energy_cons_change_pct,energy_cons_change_twh,biofuel_share_elec,biofuel_elec_per_capita,biofuel_cons_change_pct,biofuel_share_energy,biofuel_cons_change_twh,biofuel_consumption,biofuel_cons_per_capita,carbon_intensity_elec,coal_share_elec,coal_cons_change_pct,coal_share_energy,coal_cons_change_twh,coal_consumption,coal_elec_per_capita,coal_cons_per_capita,coal_production,coal_prod_per_capita,electricity_demand,biofuel_electricity,coal_electricity,fossil_electricity,gas_electricity,hydro_electricity,nuclear_electricity,oil_electricity,other_renewable_exc_biofuel_electricity,other_renewable_electricity,renewables_electricity,solar_electricity,wind_electricity,electricity_generation,greenhouse_gas_emissions,energy_per_gdp,energy_per_capita,fossil_cons_change_pct,fossil_share_energy,fossil_cons_change_twh,fossil_fuel_consumption,fossil_energy_per_capita,fossil_cons_per_capita,fossil_share_elec,gdp,gas_share_elec,gas_cons_change_pct,gas_share_energy,gas_cons_change_twh,gas_consumption,gas_elec_per_capita,gas_energy_per_capita,gas_production,gas_prod_per_capita,hydro_share_elec,hydro_cons_change_pct,hydro_share_energy,hydro_cons_change_twh,hydro_consumption,hydro_elec_per_capita,hydro_energy_per_capita,low_carbon_share_elec,low_carbon_electricity,low_carbon_elec_per_capita,low_carbon_cons_change_pct,low_carbon_share_energy,low_carbon_cons_change_twh,low_carbon_consumption,low_carbon_energy_per_capita,net_elec_imports_share_demand,net_elec_imports,nuclear_share_elec,nuclear_cons_change_pct,nuclear_share_energy,nuclear_cons_change_twh,nuclear_consumption,nuclear_elec_per_capita,nuclear_energy_per_capita,oil_share_elec,oil_cons_change_pct,oil_share_energy,oil_cons_change_twh,oil_consumption,oil_elec_per_capita,oil_energy_per_capita,oil_production,oil_prod_per_capita,other_renewables_elec_per_capita_exc_biofuel,other_renewables_elec_per_capita,other_renewables_cons_change_pct,other_renewables_share_energy,other_renewables_cons_change_twh,other_renewable_consumption,other_renewables_share_elec_exc_biofuel,other_renewables_share_elec,other_renewables_energy_per_capita,per_capita_electricity,population,primary_energy_consumption,renewables_elec_per_capita,renewables_share_elec,renewables_cons_change_pct,renewables_share_energy,renewables_cons_change_twh,renewables_consumption,renewables_energy_per_capita,solar_share_elec,solar_cons_change_pct,solar_share_energy,solar_cons_change_twh,solar_consumption,solar_elec_per_capita,solar_energy_per_capita,wind_share_elec,wind_cons_change_pct,wind_share_energy,wind_cons_change_twh,wind_consumption,wind_elec_per_capita,wind_energy_per_capita
SGP,Singapore,1965,,,,,,,,,,,,,,,,,,,0.097,,0.047,,24.773,,,,,,,,0.0,0.0,,,0.0,0.0,0.0,0.0,,,6.359,25501.834,,100.0,,47.888,25501.854,,,7530617900.0,,,0.0,,0.0,,0.0,,,,,0.0,,0.0,0.0,0.0,,0.0,0.0,,0.0,,0.0,0.0,,,,,0.0,,0.0,0.0,0.0,,,99.903,,47.841,,25477.081,,,,0.0,,0.0,,0.0,,,0.0,,1877826.0,47.888,0.0,,,0.0,,0.0,0.0,,,0.0,,0.0,0.0,0.0,,,0.0,,0.0,0.0,0.0
SGP,Singapore,1966,,,,,,,14.316,6.856,,,,,,,,,,25.0,0.106,0.012,0.058,,30.298,,,,,,,,0.0,0.0,,,0.0,0.0,0.0,0.0,,,6.556,28523.142,14.316,100.0,6.856,54.744,28523.165,,,8350804800.0,,,0.0,0.0,0.0,,0.0,,,,,0.0,0.0,0.0,0.0,0.0,,0.0,0.0,,0.0,0.0,0.0,0.0,,,,,0.0,0.0,0.0,0.0,0.0,,14.306,99.894,6.844,54.686,,28492.867,,,,0.0,,0.0,0.0,0.0,,,0.0,,1919274.0,54.744,0.0,,,0.0,0.0,0.0,0.0,,,0.0,0.0,0.0,0.0,0.0,,,0.0,0.0,0.0,0.0,0.0
SGP,Singapore,1967,,,,,,,20.116,11.012,,,,,,,,,,-40.0,0.053,-0.023,0.035,,17.813,,,,,,,,0.0,0.0,,,0.0,0.0,0.0,0.0,,,7.013,33570.656,20.116,100.0,11.012,65.756,33570.682,,,9375801600.0,,,0.0,0.0,0.0,,0.0,,,,,0.0,0.0,0.0,0.0,0.0,,0.0,0.0,,0.0,0.0,0.0,0.0,,,,,0.0,0.0,0.0,0.0,0.0,,20.18,99.947,11.036,65.721,,33552.87,,,,0.0,,0.0,0.0,0.0,,,0.0,,1958735.0,65.756,0.0,,,0.0,0.0,0.0,0.0,,,0.0,0.0,0.0,0.0,0.0,,,0.0,0.0,0.0,0.0,0.0
SGP,Singapore,1968,,,,,,,24.3,15.979,,,,,,,,,,100.0,0.085,0.035,0.07,,34.945,,,,,,,,0.0,0.0,,,0.0,0.0,0.0,0.0,,,7.674,40931.327,24.3,100.0,15.979,81.735,40931.359,,,10651528000.0,,,0.0,0.0,0.0,,0.0,,,,,0.0,0.0,0.0,0.0,0.0,,0.0,0.0,,0.0,0.0,0.0,0.0,,,,,0.0,0.0,0.0,0.0,0.0,,24.26,99.915,15.944,81.665,,40896.415,,,,0.0,,0.0,0.0,0.0,,,0.0,,1996870.0,81.735,0.0,,,0.0,0.0,0.0,0.0,,,0.0,0.0,0.0,0.0,0.0,,,0.0,0.0,0.0,0.0,0.0
SGP,Singapore,1969,,,,,,,-1.732,-1.416,,,,,,,,,,-50.0,0.043,-0.035,0.035,,17.149,,,,,,,,0.0,0.0,,,0.0,0.0,0.0,0.0,,,6.63,39477.987,-1.732,100.0,-1.416,80.319,39478.018,,,12114067500.0,,,0.0,0.0,0.0,,0.0,,,,,0.0,0.0,0.0,0.0,0.0,,0.0,0.0,,0.0,0.0,0.0,0.0,,,,,0.0,0.0,0.0,0.0,0.0,,-1.691,99.957,-1.381,80.284,,39460.869,,,,0.0,,0.0,0.0,0.0,,,0.0,,2034514.0,80.319,0.0,,,0.0,0.0,0.0,0.0,,,0.0,0.0,0.0,0.0,0.0,,,0.0,0.0,0.0,0.0,0.0
SGP,Singapore,1970,,,,,,,8.574,6.887,,,,,,,,,,0.0,0.04,0.0,0.035,,16.837,,,,,,,,0.0,0.0,,,0.0,0.0,0.0,0.0,,,6.321,42081.787,8.574,100.0,6.887,87.205,42081.821,,,13795471550.0,,,0.0,0.0,0.0,,0.0,,,,,0.0,0.0,0.0,0.0,0.0,,0.0,0.0,,0.0,0.0,0.0,0.0,,,,,0.0,0.0,0.0,0.0,0.0,,8.578,99.96,6.887,87.17,,42064.985,,,,0.0,,0.0,0.0,0.0,,,0.0,,2072283.0,87.205,0.0,,,0.0,0.0,0.0,0.0,,,0.0,0.0,0.0,0.0,0.0,,,0.0,0.0,0.0,0.0,0.0
SGP,Singapore,1971,,,,,,,-13.196,-11.507,,,,,,,,,,32.333,0.061,0.011,0.046,,21.872,,,,,,,,0.0,0.0,,,0.0,0.0,0.0,0.0,,,4.896,35859.489,-13.196,100.0,-11.508,75.698,35859.518,,,15462202200.0,,,0.0,0.0,0.0,,0.0,,,,,0.0,0.0,0.0,0.0,0.0,,0.0,0.0,,0.0,0.0,0.0,0.0,,,,,0.0,0.0,0.0,0.0,0.0,,-13.214,99.939,-11.519,75.652,,35837.645,,,,0.0,,0.0,0.0,0.0,,,0.0,,2110958.0,75.698,0.0,,,0.0,0.0,0.0,0.0,,,0.0,0.0,0.0,0.0,0.0,,,0.0,0.0,0.0,0.0,0.0
SGP,Singapore,1972,,,,,,,25.218,19.09,,,,,,,,,,-24.559,0.037,-0.011,0.035,,16.197,,,,,,,,0.0,0.0,,,0.0,0.0,0.0,0.0,,,5.4,44077.04,25.218,100.0,19.09,94.788,44077.075,,,17552822000.0,,,0.0,0.0,0.0,,0.0,,,,,0.0,0.0,0.0,0.0,0.0,,0.0,0.0,,0.0,0.0,0.0,0.0,,,,,0.0,0.0,0.0,0.0,0.0,,25.249,99.963,19.101,94.753,,44060.878,,,,0.0,,0.0,0.0,0.0,,,0.0,,2150498.0,94.788,0.0,,,0.0,0.0,0.0,0.0,,,0.0,0.0,0.0,0.0,0.0,,,0.0,0.0,0.0,0.0,0.0
SGP,Singapore,1973,,,,,,,-5.761,-5.461,,,,,,,,,,44.975,0.057,0.016,0.05,,23.062,,,,,,,,0.0,0.0,,,0.0,0.0,0.0,0.0,,,4.58,40795.695,-5.761,100.0,-5.461,89.327,40795.728,,,19504542000.0,,,0.0,0.0,0.0,,0.0,,,,,0.0,0.0,0.0,0.0,0.0,,0.0,0.0,,0.0,0.0,0.0,0.0,,,,,0.0,0.0,0.0,0.0,0.0,,-5.78,99.943,-5.477,89.276,,40772.666,,,,0.0,,0.0,0.0,0.0,,,0.0,,2189609.0,89.327,0.0,,,0.0,0.0,0.0,0.0,,,0.0,0.0,0.0,0.0,0.0,,,0.0,0.0,0.0,0.0,0.0
SGP,Singapore,1974,,,,,,,-1.42,-1.268,,,,,,,,,,22.455,0.07,0.011,0.062,,27.775,,,,,,,,0.0,0.0,,,0.0,0.0,0.0,0.0,,,4.24,39552.385,-1.42,100.0,-1.268,88.059,39552.416,,,20768357200.0,,,0.0,0.0,0.0,,0.0,,,,,0.0,0.0,0.0,0.0,0.0,,0.0,0.0,,0.0,0.0,0.0,0.0,,,,,0.0,0.0,0.0,0.0,0.0,,-1.433,99.93,-1.279,87.997,,39524.642,,,,0.0,,0.0,0.0,0.0,,,0.0,,2226377.0,88.059,0.0,,,0.0,0.0,0.0,0.0,,,0.0,0.0,0.0,0.0,0.0,,,0.0,0.0,0.0,0.0,0.0
SGP,Singapore,1975,,,,,,,-2.354,-2.073,,,,,,,,,,-76.012,0.017,-0.047,0.015,,6.564,,,,,,,,0.0,0.0,,,0.0,0.0,0.0,0.0,,,3.958,38051.584,-2.354,100.0,-2.073,85.986,38051.612,,,21725485200.0,,,0.0,0.0,0.0,,0.0,,,,,0.0,0.0,0.0,0.0,0.0,,0.0,0.0,,0.0,0.0,0.0,0.0,,,,,0.0,0.0,0.0,0.0,0.0,,-2.302,99.983,-2.026,85.971,,38045.047,,,,0.0,,0.0,0.0,0.0,,,0.0,,2259721.0,85.986,0.0,,,0.0,0.0,0.0,0.0,,,0.0,0.0,0.0,0.0,0.0,,,0.0,0.0,0.0,0.0,0.0
SGP,Singapore,1976,,,,,,,18.615,16.006,,,,,,,,,,164.066,0.038,0.024,0.039,,17.113,,,,,,,,0.0,0.0,,,0.0,0.0,0.0,0.0,,,4.37,44560.124,18.615,100.0,16.006,101.992,44560.159,,,23341207400.0,,,0.0,0.0,0.0,,0.0,,,,,0.0,0.0,0.0,0.0,0.0,,0.0,0.0,,0.0,0.0,0.0,0.0,,,,,0.0,0.0,0.0,0.0,0.0,,18.589,99.962,15.982,101.953,,44543.046,,,,0.0,,0.0,0.0,0.0,,,0.0,,2288860.0,101.992,0.0,,,0.0,0.0,0.0,0.0,,,0.0,0.0,0.0,0.0,0.0,,,0.0,0.0,0.0,0.0,0.0
SGP,Singapore,1977,,,,,,,0.375,0.383,,,,,,,,,,28.92,0.049,0.011,0.05,,21.813,,,,,,,,0.0,0.0,,,0.0,0.0,0.0,0.0,,,4.08,44222.533,0.375,100.0,0.383,102.375,44222.568,,,25089987000.0,,,0.0,0.0,0.0,,0.0,,,,,0.0,0.0,0.0,0.0,0.0,,0.0,0.0,,0.0,0.0,0.0,0.0,,,,,0.0,0.0,0.0,0.0,0.0,,0.364,99.951,0.371,102.324,,44200.755,,,,0.0,,0.0,0.0,0.0,,,0.0,,2314988.0,102.375,0.0,,,0.0,0.0,0.0,0.0,,,0.0,0.0,0.0,0.0,0.0,,,0.0,0.0,0.0,0.0,0.0
SGP,Singapore,1978,,,,,,,2.929,2.999,,,,,,,,,,6.149,0.051,0.003,0.054,,22.893,,,,,,,,0.0,0.0,,,0.0,0.0,0.0,0.0,,,3.864,45004.526,2.929,100.0,2.999,105.374,45004.562,,,27273516800.0,,,0.0,0.0,0.0,,0.0,,,,,0.0,0.0,0.0,0.0,0.0,,0.0,0.0,,0.0,0.0,0.0,0.0,,,,,0.0,0.0,0.0,0.0,0.0,,2.928,99.949,2.996,105.32,,44981.668,,,,0.0,,0.0,0.0,0.0,,,0.0,,2341401.0,105.374,0.0,,,0.0,0.0,0.0,0.0,,,0.0,0.0,0.0,0.0,0.0,,,0.0,0.0,0.0,0.0,0.0
SGP,Singapore,1979,,,,,,,6.605,6.96,,,,,,,,,,-85.386,0.007,-0.046,0.008,,3.302,,,,,,,,0.0,0.0,,,0.0,0.0,0.0,0.0,,,3.764,47346.203,6.605,100.0,6.96,112.333,47346.239,,,29843803500.0,,,0.0,0.0,0.0,,0.0,,,,,0.0,0.0,0.0,0.0,0.0,,0.0,0.0,,0.0,0.0,0.0,0.0,,,,,0.0,0.0,0.0,0.0,0.0,,6.652,99.993,7.005,112.325,,47342.937,,,,0.0,,0.0,0.0,0.0,,,0.0,,2372594.0,112.333,0.0,,,0.0,0.0,0.0,0.0,,,0.0,0.0,0.0,0.0,0.0,,,0.0,0.0,0.0,0.0,0.0
SGP,Singapore,1980,,,,,,,-0.678,-0.762,,,,,,,,,,342.138,0.031,0.027,0.035,,14.361,0.0,0.0,,,,,,0.0,0.0,,,0.0,0.0,0.0,0.0,,,3.398,46262.644,-0.678,100.0,-0.762,111.571,46262.681,,,32831453900.0,,,0.0,0.0,0.0,,0.0,0.0,0.0,,,0.0,0.0,0.0,0.0,0.0,,0.0,0.0,,0.0,0.0,0.0,0.0,,,,,0.0,0.0,0.0,0.0,0.0,,-0.702,99.969,-0.789,111.537,,46248.32,0.0,0.0,,0.0,,0.0,0.0,0.0,,,0.0,,2411690.0,111.571,0.0,,,0.0,0.0,0.0,0.0,,,0.0,0.0,0.0,0.0,0.0,,,0.0,0.0,0.0,0.0,0.0
SGP,Singapore,1981,,0.0,,0.0,,0.0,15.047,16.789,,,,,,,,,,54.768,0.042,0.019,0.054,,21.785,0.0,0.0,,,,,,0.0,0.0,,,0.0,0.0,0.0,0.0,,,3.532,52168.116,15.047,100.0,16.789,128.36,52168.157,,,36344500280.0,,,0.0,0.0,0.0,,0.0,0.0,0.0,,,0.0,0.0,0.0,0.0,0.0,,0.0,0.0,,0.0,0.0,0.0,0.0,,,,,0.0,0.0,0.0,0.0,0.0,,15.035,99.958,16.77,128.306,,52146.372,0.0,0.0,,0.0,,0.0,0.0,0.0,,,0.0,,2460503.0,128.36,0.0,,,0.0,0.0,0.0,0.0,,,0.0,0.0,0.0,0.0,0.0,,,0.0,0.0,0.0,0.0,0.0
SGP,Singapore,1982,,0.0,,0.0,,0.0,-2.7,-3.466,,,,,,,,,,-64.606,0.015,-0.035,0.019,,7.535,0.0,0.0,,,,,,0.0,0.0,,,0.0,0.0,0.0,0.0,,,3.207,49600.673,-2.7,100.0,-3.466,124.894,49600.714,,,38948000003.0,,,0.0,0.0,0.0,,0.0,0.0,0.0,,,0.0,0.0,0.0,0.0,0.0,,0.0,0.0,,0.0,0.0,0.0,0.0,,,,,0.0,0.0,0.0,0.0,0.0,,-2.674,99.985,-3.432,124.875,,49593.179,0.0,0.0,,0.0,,0.0,0.0,0.0,,,0.0,,2517983.0,124.894,0.0,,,0.0,0.0,0.0,0.0,,,0.0,0.0,0.0,0.0,0.0,,,0.0,0.0,0.0,0.0,0.0
SGP,Singapore,1983,,0.0,,0.0,,0.0,5.939,7.418,,,,,,,,,,99.96,0.029,0.019,0.038,,14.699,0.0,0.0,,,,,,0.0,0.0,,,0.0,0.0,0.0,0.0,,,3.13,51265.375,5.939,100.0,7.418,132.312,51265.416,,,42275214360.0,,,0.0,0.0,0.0,,0.0,0.0,0.0,,,0.0,0.0,0.0,0.0,0.0,,0.0,0.0,,0.0,0.0,0.0,0.0,,,,,0.0,0.0,0.0,0.0,0.0,,5.925,99.971,7.399,132.274,,51250.717,0.0,0.0,,0.0,,0.0,0.0,0.0,,,0.0,,2580915.0,132.312,0.0,,,0.0,0.0,0.0,0.0,,,0.0,0.0,0.0,0.0,0.0,,,0.0,0.0,0.0,0.0,0.0
SGP,Singapore,1984,,0.0,,0.0,,0.0,5.133,6.791,,,,,,,,,,53.25,0.042,0.02,0.058,,21.985,0.0,0.0,,,,,,0.0,0.0,,,0.0,0.0,0.0,0.0,,,3.024,52600.793,5.133,100.0,6.791,139.103,52600.836,,,45996860799.0,,,0.0,0.0,0.0,,0.0,0.0,0.0,,,0.0,0.0,0.0,0.0,0.0,,0.0,0.0,,0.0,0.0,0.0,0.0,,,,,0.0,0.0,0.0,0.0,0.0,,5.119,99.958,6.771,139.044,,52578.851,0.0,0.0,,0.0,,0.0,0.0,0.0,,,0.0,,2644495.0,139.103,0.0,,,0.0,0.0,0.0,0.0,,,0.0,0.0,0.0,0.0,0.0,,,0.0,0.0,0.0,0.0,0.0
SGP,Singapore,1985,,0.0,,0.0,,0.0,2.007,2.791,,,,,,,,,,126.945,0.093,0.074,0.132,,48.768,0.0,0.0,,,,,,0.0,0.0,,,0.0,0.0,0.0,0.0,9.876,,3.106,52445.651,2.007,100.0,2.791,141.894,52445.693,,,45678539067.0,,,0.0,0.0,0.0,,0.0,0.0,0.0,0.0,,0.0,0.0,0.0,0.0,0.0,0.0,0.0,0.0,,0.0,0.0,0.0,0.0,,,0.0,,0.0,0.0,0.0,0.0,0.0,,1.954,99.907,2.717,141.762,,52396.925,0.0,0.0,,0.0,,0.0,0.0,0.0,,0.0,0.0,3650.403,2705537.0,141.894,0.0,0.0,,0.0,0.0,0.0,0.0,0.0,,0.0,0.0,0.0,0.0,0.0,0.0,,0.0,0.0,0.0,0.0,0.0
SGP,Singapore,1986,,0.0,,0.0,,0.0,16.088,22.827,,,,,,,,,,-38.131,0.05,-0.05,0.082,,29.55,0.0,0.0,,,,,,0.0,0.0,,,0.085,0.085,0.0,0.0,10.576,,3.559,59628.699,15.921,99.857,22.591,164.485,59543.275,,,46286411339.0,,,0.0,0.0,0.0,,0.0,0.0,0.0,0.0,,0.0,0.0,0.0,0.0,0.0,0.804,0.085,30.77,,0.143,0.236,0.236,85.472,,,0.0,,0.0,0.0,0.0,0.0,0.0,,15.971,99.807,22.641,164.403,,59513.725,0.0,0.0,,30.77,,0.143,0.236,0.236,,0.804,85.472,3828.678,2762442.0,164.721,30.77,0.804,,0.143,0.236,0.236,85.472,0.0,,0.0,0.0,0.0,0.0,0.0,0.0,,0.0,0.0,0.0,0.0,0.0
SGP,Singapore,1987,,0.0,,0.0,,0.0,5.149,8.481,,,,,,,,,,67.175,0.079,0.055,0.136,,48.444,0.0,0.0,,,,,,0.0,0.0,,,0.085,0.085,0.0,0.0,11.814,,3.378,61484.939,5.156,99.864,8.481,172.966,61401.171,,,51266056440.0,,,0.0,0.0,0.0,,0.0,0.0,0.0,0.0,,0.0,0.0,0.0,0.0,0.0,0.719,0.085,30.174,0.0,0.136,0.0,0.236,83.817,,,0.0,,0.0,0.0,0.0,0.0,0.0,,5.125,99.785,8.426,172.829,,61352.727,0.0,0.0,,30.174,0.0,0.136,0.0,0.236,,0.719,83.817,4193.791,2816974.0,173.201,30.174,0.719,0.0,0.136,0.0,0.236,83.817,0.0,,0.0,0.0,0.0,0.0,0.0,0.0,,0.0,0.0,0.0,0.0,0.0
SGP,Singapore,1988,,0.0,,0.0,,0.0,15.7,27.193,,,,,,,,,,17.223,0.08,0.024,0.16,,55.675,0.0,0.0,,,,,,0.0,0.0,,,0.085,0.085,0.0,0.0,13.018,,3.518,69744.142,15.722,99.882,27.193,200.158,69662.023,,,56963537898.0,,,0.0,0.0,0.0,,0.0,0.0,0.0,0.0,,0.0,0.0,0.0,0.0,0.0,0.653,0.085,29.583,0.0,0.118,0.0,0.236,82.175,,,0.0,,0.0,0.0,0.0,0.0,0.0,,15.72,99.802,27.169,199.998,,69606.348,0.0,0.0,,29.583,0.0,0.118,0.0,0.236,,0.653,82.175,4530.538,2873279.0,200.394,29.583,0.653,0.0,0.118,0.0,0.236,82.175,0.0,,0.0,0.0,0.0,0.0,0.0,0.0,,0.0,0.0,0.0,0.0,0.0
SGP,Singapore,1989,,0.0,,0.0,,0.0,14.026,28.108,,,,,,,,,,-9.793,0.063,-0.016,0.144,,49.129,0.0,0.0,,,,,,0.0,0.0,,,0.085,0.085,0.0,0.0,14.039,,3.641,77793.933,14.043,99.897,28.108,228.266,77713.61,,,62766455192.0,,,0.0,0.0,0.0,,0.0,0.0,0.0,0.0,,0.0,0.0,0.0,0.0,0.0,0.605,0.085,28.938,0.0,0.103,0.0,0.236,80.384,,,0.0,,0.0,0.0,0.0,0.0,0.0,,14.062,99.834,28.124,228.122,,77664.482,0.0,0.0,,28.938,0.0,0.103,0.0,0.236,,0.605,80.384,4779.563,2937277.0,228.502,28.938,0.605,0.0,0.103,0.0,0.236,80.384,0.0,,0.0,0.0,0.0,0.0,0.0,0.0,,0.0,0.0,0.0,0.0,0.0
SGP,Singapore,1990,,0.0,,0.0,,0.0,19.504,44.566,,,,,,,,,,72.856,0.091,0.105,0.249,,82.789,0.0,0.0,,,,,,0.0,0.0,,,0.085,0.085,0.0,0.0,15.618,,3.954,90631.023,19.524,99.914,44.566,272.832,90552.731,,,69065568600.0,,,0.0,0.0,0.0,,0.0,0.0,0.0,0.0,,0.0,0.0,0.0,0.0,0.0,0.544,0.085,28.211,0.0,0.086,0.0,0.236,78.365,,,0.0,,0.0,0.0,0.0,0.0,0.0,,19.49,99.822,44.461,272.583,,90469.942,0.0,0.0,,28.211,0.0,0.086,0.0,0.236,,0.544,78.365,5183.46,3012968.0,273.068,28.211,0.544,0.0,0.086,0.0,0.236,78.365,0.0,,0.0,0.0,0.0,0.0,0.0,0.0,,0.0,0.0,0.0,0.0,0.0
SGP,Singapore,1991,,0.0,,0.0,,0.0,1.884,5.145,,,,,,,,,,-40.824,0.053,-0.102,0.148,,47.598,0.0,0.0,,,,,,0.0,0.0,,,0.245,0.245,0.0,0.0,16.597,,3.734,89713.155,1.723,99.755,4.701,277.533,89493.774,,,74503580244.0,,,0.0,0.0,0.0,,0.0,0.0,0.0,0.0,,0.0,0.0,0.0,0.0,0.0,1.476,0.245,79.003,188.235,0.245,0.444,0.681,219.453,,,0.0,,0.0,0.0,0.0,0.0,0.0,,1.762,99.702,4.802,277.385,,89446.176,0.0,0.0,,79.003,188.235,0.245,0.444,0.681,,1.476,219.453,5351.767,3101144.0,278.213,79.003,1.476,188.235,0.245,0.444,0.681,219.453,0.0,,0.0,0.0,0.0,0.0,0.0,0.0,,0.0,0.0,0.0,0.0,0.0
SGP,Singapore,1992,,0.0,,0.0,,0.0,7.287,20.273,,,,,,,,,,45.525,0.072,0.067,0.215,,67.134,0.0,0.0,,,,,,0.0,0.0,,,0.245,0.245,0.0,0.0,17.543,,3.7,93287.29,7.305,99.772,20.273,297.806,93074.667,,,80669507582.0,,,3.501,10.45,10.45,,3265.993,0.0,0.0,0.0,,0.0,0.0,0.0,0.0,0.0,1.397,0.245,76.571,0.0,0.228,0.0,0.681,212.698,,,0.0,,0.0,0.0,0.0,0.0,0.0,,3.517,96.199,9.755,287.141,,89741.54,0.0,0.0,,76.571,0.0,0.228,0.0,0.681,,1.397,212.698,5482.832,3199642.0,298.486,76.571,1.397,0.0,0.228,0.0,0.681,212.698,0.0,,0.0,0.0,0.0,0.0,0.0,0.0,,0.0,0.0,0.0,0.0,0.0
SGP,Singapore,1993,,0.0,,0.0,,0.0,9.255,27.624,,,,,,,,,,10.937,0.073,0.023,0.238,,72.085,0.0,0.0,,,,,,0.0,0.0,,,0.245,0.245,0.0,0.0,18.962,,3.585,98647.924,9.276,99.791,27.624,325.43,98442.135,,,90974449484.0,,36.364,4.37,3.8,14.25,,4310.608,0.0,0.0,0.0,,0.0,0.0,0.0,0.0,0.0,1.292,0.245,74.112,0.0,0.209,0.0,0.681,205.867,,,0.0,,0.0,0.0,0.0,0.0,0.0,,8.289,95.349,23.801,310.942,,94059.442,0.0,0.0,,74.112,0.0,0.209,0.0,0.681,,1.292,205.867,5736.098,3305801.0,326.11,74.112,1.292,0.0,0.209,0.0,0.681,205.867,0.0,,0.0,0.0,0.0,0.0,0.0,0.0,,0.0,0.0,0.0,0.0,0.0
SGP,Singapore,1994,,0.0,,0.0,,0.0,14.373,46.872,,,,,,,,,,19.727,0.076,0.047,0.285,,83.528,0.0,0.0,,,,,,0.0,0.0,,,0.245,0.245,0.0,0.0,20.675,,3.655,109196.324,14.403,99.818,46.872,372.302,108997.168,,,102035136982.0,,0.0,3.821,0.0,14.25,,4171.914,0.0,0.0,0.0,,0.0,0.0,0.0,0.0,0.0,1.185,0.245,71.728,0.0,0.182,0.0,0.681,199.243,,,0.0,,0.0,0.0,0.0,0.0,0.0,,15.059,95.92,46.825,357.766,,104741.725,0.0,0.0,,71.728,0.0,0.182,0.0,0.681,,1.185,199.243,6053.047,3415701.0,372.982,71.728,1.185,0.0,0.182,0.0,0.681,199.243,0.0,,0.0,0.0,0.0,0.0,0.0,0.0,,0.0,0.0,0.0,0.0,0.0
SGP,Singapore,1995,,0.0,,0.0,,0.0,4.252,15.857,,,,,,,,,,-53.326,0.034,-0.152,0.133,,37.767,0.0,0.0,,,,,,0.0,0.0,,,0.245,0.245,0.0,0.0,22.057,,3.522,110278.877,4.259,99.825,15.857,388.159,110085.952,,,110414860939.0,,0.0,3.665,0.0,14.25,,4041.451,0.0,0.0,0.0,,0.0,0.0,0.0,0.0,0.0,1.111,0.245,69.485,0.0,0.175,0.0,0.681,193.013,,,0.0,,0.0,0.0,0.0,0.0,0.0,,4.475,96.126,16.01,373.776,,106006.734,0.0,0.0,,69.485,0.0,0.175,0.0,0.681,,1.111,193.013,6255.708,3525964.0,388.839,69.485,1.111,0.0,0.175,0.0,0.681,193.013,0.0,,0.0,0.0,0.0,0.0,0.0,0.0,,0.0,0.0,0.0,0.0,0.0
SGP,Singapore,1996,,0.0,,0.0,,0.0,0.909,3.536,,,,,,,,,,-97.518,0.001,-0.13,0.003,,0.909,0.0,0.0,,,,,,0.0,0.0,,,0.245,0.245,0.0,0.0,23.909,,3.268,107849.509,0.911,99.827,3.536,391.695,107662.536,,,120048669761.0,,0.0,3.632,0.0,14.25,,3916.8,0.0,0.0,0.0,,0.0,0.0,0.0,0.0,0.0,1.025,0.245,67.341,0.0,0.173,0.0,0.681,187.06,,,0.0,,0.0,0.0,0.0,0.0,0.0,,0.981,96.194,3.666,377.442,,103744.828,0.0,0.0,,67.341,0.0,0.173,0.0,0.681,,1.025,187.06,6571.808,3638177.0,392.376,67.341,1.025,0.0,0.173,0.0,0.681,187.06,0.0,,0.0,0.0,0.0,0.0,0.0,0.0,,0.0,0.0,0.0,0.0,0.0
SGP,Singapore,1997,,0.0,,0.0,,0.0,5.18,20.324,,,,,,,,,,-100.0,0.0,-0.003,0.0,,0.0,0.0,0.0,,,,,,0.0,0.0,,,0.245,0.245,0.0,0.0,26.709,,3.14,109990.593,5.189,99.835,20.324,412.019,109809.303,,,131444240484.0,,0.0,3.453,0.0,14.25,,3797.845,0.0,0.0,0.0,,0.0,0.0,0.0,0.0,0.0,0.917,0.245,65.296,0.0,0.165,0.0,0.681,181.379,,,0.0,,0.0,0.0,0.0,0.0,0.0,,5.385,96.382,20.327,397.769,,106011.458,0.0,0.0,,65.296,0.0,0.165,0.0,0.681,,0.917,181.379,7118.461,3752131.0,412.699,65.296,0.917,0.0,0.165,0.0,0.681,181.379,0.0,,0.0,0.0,0.0,0.0,0.0,0.0,,0.0,0.0,0.0,0.0,0.0
SGP,Singapore,1998,,0.0,,0.0,,0.0,1.383,5.709,,,,,,,,,,,0.0,0.0,0.0,,0.0,0.0,0.0,,,,,,0.0,0.0,,,0.245,0.245,0.0,0.0,28.375,,3.22,108375.546,1.386,99.837,5.709,417.728,108199.355,,,129944208191.0,,0.0,3.406,0.0,14.25,,3691.023,0.0,0.0,0.0,,0.0,0.0,0.0,0.0,0.0,0.863,0.245,63.46,0.0,0.163,0.0,0.681,176.277,,,0.0,,0.0,0.0,0.0,0.0,0.0,,1.435,96.432,5.709,403.477,,104508.332,0.0,0.0,,63.46,0.0,0.163,0.0,0.681,,0.863,176.277,7349.612,3860721.0,418.408,63.46,0.863,0.0,0.163,0.0,0.681,176.277,0.0,,0.0,0.0,0.0,0.0,0.0,0.0,,0.0,0.0,0.0,0.0,0.0
SGP,Singapore,1999,,0.0,,0.0,,0.0,-1.0,-4.183,,,,,,,,,,,0.0,0.0,0.0,,0.0,0.0,0.0,,,,,,0.0,0.0,,,0.245,0.245,0.0,0.0,29.52,,2.972,104741.287,-1.001,99.836,-4.183,413.544,104569.285,,,139396962173.0,,0.0,3.44,0.0,14.25,,3603.273,0.0,0.0,0.0,,0.0,0.0,0.0,0.0,0.0,0.83,0.245,61.951,0.0,0.164,0.0,0.681,172.086,,,0.0,,0.0,0.0,0.0,0.0,0.0,,-1.037,96.396,-4.183,399.294,,100966.012,0.0,0.0,,61.951,0.0,0.164,0.0,0.681,,0.83,172.086,7464.458,3954741.0,414.225,61.951,0.83,0.0,0.164,0.0,0.681,172.086,0.0,,0.0,0.0,0.0,0.0,0.0,0.0,,0.0,0.0,0.0,0.0,0.0
SGP,Singapore,2000,,0.0,,0.0,,0.0,6.926,28.688,0.0,0.0,,,,,,595.862,0.0,,0.0,0.0,0.0,0.0,0.0,0.0,0.0,29.0,0.0,0.0,29.0,14.37,0.0,0.0,14.63,0.0,0.0,0.0,0.0,0.0,29.0,17.28,2.886,109934.717,6.937,99.846,28.688,442.233,109765.885,7198.045,100.0,153483300990.0,49.552,16.311,3.742,2.324,16.574,3566.755,4113.872,0.0,0.0,0.0,,0.0,0.0,0.0,0.0,0.0,0.0,0.0,0.0,0.0,0.154,0.0,0.681,168.92,0.0,0.0,0.0,,0.0,0.0,0.0,0.0,0.0,50.448,6.603,96.104,26.364,425.658,3631.289,105652.013,0.0,0.0,0.0,0.0,0.0,0.154,0.0,0.681,0.0,0.0,168.92,7198.045,4028872.0,442.913,0.0,0.0,0.0,0.154,0.0,0.681,168.92,0.0,,0.0,0.0,0.0,0.0,0.0,0.0,,0.0,0.0,0.0,0.0,0.0
SGP,Singapore,2001,,0.0,,0.0,,0.0,13.54,59.97,0.0,0.0,,,,,,583.775,0.0,,0.0,0.0,0.0,0.0,0.0,0.0,0.0,32.05,0.0,0.0,32.05,17.72,0.0,0.0,14.33,0.0,0.0,0.0,0.0,0.0,32.05,18.71,3.272,123341.767,13.419,99.74,59.345,501.578,123021.702,7860.883,100.0,153706145452.0,55.289,162.796,8.661,26.982,43.556,4346.173,10683.083,0.0,0.0,0.0,,0.0,0.0,0.0,0.0,0.0,0.0,0.0,0.0,91.808,0.26,0.625,1.305,320.164,0.0,0.0,0.0,,0.0,0.0,0.0,0.0,0.0,44.711,7.603,91.079,32.363,458.021,3514.71,112338.619,0.0,0.0,0.0,0.0,91.808,0.26,0.625,1.305,0.0,0.0,320.164,7860.883,4077150.0,502.883,0.0,0.0,91.808,0.26,0.625,1.305,320.164,0.0,,0.0,0.0,0.0,0.0,0.0,0.0,,0.0,0.0,0.0,0.0,0.0
SGP,Singapore,2002,,0.0,,0.0,,0.0,-1.763,-8.865,0.0,0.0,,,,,,577.095,0.0,,0.016,0.078,0.078,0.0,19.084,0.0,0.0,33.53,0.0,0.0,33.53,19.62,0.0,0.0,13.91,0.0,0.0,0.0,0.0,0.0,33.53,19.35,3.05,120362.838,-1.766,99.737,-8.856,492.722,120046.948,8169.268,100.0,161957802418.0,58.515,8.082,9.529,3.52,47.077,4780.228,11469.818,0.0,0.0,0.0,,0.0,0.0,0.0,0.0,0.0,0.0,0.0,0.0,-0.645,0.263,-0.008,1.297,315.986,0.0,0.0,0.0,,0.0,0.0,0.0,0.0,0.0,41.485,-2.719,90.192,-12.455,445.566,3389.04,108558.047,0.0,0.0,0.0,0.0,-0.645,0.263,-0.008,1.297,0.0,0.0,315.986,8169.268,4104407.0,494.018,0.0,0.0,-0.645,0.263,-0.008,1.297,315.986,0.0,,0.0,0.0,0.0,0.0,0.0,0.0,,0.0,0.0,0.0,0.0,0.0
SGP,Singapore,2003,,0.0,,0.0,,0.0,-5.518,-27.259,0.0,0.0,,,,,,576.901,0.0,30.007,0.022,0.024,0.102,0.0,24.661,0.0,0.0,34.2,0.0,0.0,34.2,20.01,0.0,0.0,14.19,0.0,0.0,0.0,0.0,0.0,34.2,19.73,2.729,113037.831,-5.543,99.711,-27.311,465.411,112711.333,8282.422,100.0,171018079766.0,58.509,8.571,10.95,4.035,51.112,4845.943,12378.093,0.0,0.0,0.0,,0.0,0.0,0.0,0.0,0.0,0.0,0.0,0.0,3.98,0.289,0.052,1.349,326.589,0.0,0.0,0.0,,0.0,0.0,0.0,0.0,0.0,41.491,-7.04,88.739,-31.37,414.197,3436.479,100308.579,0.0,0.0,0.0,0.0,3.98,0.289,0.052,1.349,0.0,0.0,326.589,8282.422,4129227.0,466.759,0.0,0.0,3.98,0.289,0.052,1.349,326.589,0.0,,0.0,0.0,0.0,0.0,0.0,0.0,,0.0,0.0,0.0,0.0,0.0
SGP,Singapore,2004,,0.0,,0.0,,0.0,11.937,55.717,0.0,0.0,,,,,,579.303,0.0,-21.026,0.015,-0.021,0.08,0.0,19.252,0.0,0.0,35.56,0.0,0.0,35.56,20.43,0.0,0.0,15.13,0.0,0.0,0.0,0.0,0.0,35.56,20.6,2.758,125077.948,11.983,99.752,55.769,521.18,124767.635,8512.875,100.0,189425542691.0,57.452,21.053,11.842,10.76,61.872,4890.834,14811.916,0.0,0.0,0.0,,0.0,0.0,0.0,0.0,0.0,0.0,0.0,0.0,-3.849,0.248,-0.052,1.297,310.413,0.0,0.0,0.0,,0.0,0.0,0.0,0.0,0.0,42.548,10.872,87.894,45.03,459.226,3622.042,109936.466,0.0,0.0,0.0,0.0,-3.849,0.248,-0.052,1.297,0.0,0.0,310.413,8512.875,4177202.0,522.476,0.0,0.0,-3.849,0.248,-0.052,1.297,310.413,0.0,,0.0,0.0,0.0,0.0,0.0,0.0,,0.0,0.0,0.0,0.0,0.0
SGP,Singapore,2005,,0.0,,0.0,,0.0,5.076,26.521,0.0,0.0,,,,,,571.933,0.0,21.475,0.018,0.017,0.098,0.0,22.902,0.0,0.0,36.84,0.0,0.0,36.84,22.5,0.0,0.0,14.34,0.0,0.0,0.0,0.0,0.0,36.84,21.07,2.667,128700.488,5.091,99.766,26.533,547.712,128399.387,8636.346,100.0,205871273592.0,61.075,-0.022,11.268,-0.013,61.859,5274.641,14501.493,0.0,0.0,0.0,,0.0,0.0,0.0,0.0,0.0,0.0,0.0,0.0,-0.911,0.234,-0.012,1.285,301.204,0.0,0.0,0.0,,0.0,0.0,0.0,0.0,0.0,38.925,5.777,88.481,26.529,485.755,3361.705,113874.992,0.0,0.0,0.0,0.0,-0.911,0.234,-0.012,1.285,0.0,0.0,301.204,8636.346,4265693.0,548.997,0.0,0.0,-0.911,0.234,-0.012,1.285,301.204,0.0,,0.0,0.0,0.0,0.0,0.0,0.0,,0.0,0.0,0.0,0.0,0.0
SGP,Singapore,2006,,0.0,,0.0,,0.0,10.035,55.09,0.0,0.0,,,,,,568.236,0.0,-40.476,0.01,-0.04,0.058,0.0,13.209,0.0,0.0,38.03,0.0,0.0,38.03,23.89,0.0,0.0,14.14,0.0,0.0,0.0,0.0,0.0,38.03,21.61,2.666,137220.022,10.062,99.79,55.109,602.821,136932.476,8638.619,100.0,226597789998.0,62.819,31.746,13.491,19.638,81.497,5426.679,18512.192,0.0,0.0,0.0,,0.0,0.0,0.0,0.0,0.0,0.0,0.0,0.0,-1.439,0.21,-0.018,1.266,287.656,0.0,0.0,0.0,,0.0,0.0,0.0,0.0,0.0,37.181,7.31,86.29,35.511,521.266,3211.94,118407.075,0.0,0.0,0.0,0.0,-1.439,0.21,-0.018,1.266,0.0,0.0,287.656,8638.619,4402324.0,604.087,0.0,0.0,-1.439,0.21,-0.018,1.266,287.656,0.0,,0.0,0.0,0.0,0.0,0.0,0.0,,0.0,0.0,0.0,0.0,0.0
SGP,Singapore,2007,,0.0,,0.0,,0.0,7.37,44.519,0.0,0.0,,,,,,558.779,0.0,62.0,0.015,0.036,0.094,0.0,20.575,0.0,0.0,39.64,0.0,0.0,39.64,26.65,0.0,0.0,12.99,0.0,0.0,0.0,0.0,0.0,39.64,22.15,2.595,141659.528,7.378,99.798,44.475,647.296,141373.278,8657.613,100.0,249987814786.0,67.23,0.0,12.565,0.0,81.497,5820.52,17799.36,0.0,0.0,0.0,,0.0,0.0,0.0,0.0,0.0,0.0,0.0,0.0,3.537,0.202,0.045,1.311,286.363,0.0,0.0,0.0,,0.0,0.0,0.0,0.0,0.0,32.77,8.525,87.218,44.439,565.704,2837.094,123553.343,0.0,0.0,0.0,0.0,3.537,0.202,0.045,1.311,0.0,0.0,286.363,8657.613,4578629.0,648.606,0.0,0.0,3.537,0.202,0.045,1.311,286.363,0.0,,0.0,0.0,0.0,0.0,0.0,0.0,,0.0,0.0,0.0,0.0,0.0
SGP,Singapore,2008,,0.0,,0.0,,0.0,6.386,41.421,0.0,0.0,,,,,,554.396,0.0,-39.506,0.008,-0.037,0.057,0.0,11.932,0.0,0.0,40.26,0.0,0.0,40.26,27.9,0.0,0.0,12.36,0.0,0.0,0.0,0.0,0.0,40.26,22.32,2.682,144483.86,6.389,99.801,41.356,688.652,144195.902,8429.984,100.0,257280240322.0,69.3,6.928,12.629,5.646,87.143,5841.941,18246.675,0.0,0.0,0.0,,0.0,0.0,0.0,0.0,0.0,0.0,0.0,0.0,4.93,0.199,0.065,1.376,288.074,0.0,0.0,0.0,,0.0,0.0,0.0,0.0,0.0,30.7,6.319,87.164,35.748,601.452,2588.043,125937.294,0.0,0.0,0.0,0.0,4.87,0.199,0.064,1.375,0.0,0.0,287.91,8429.984,4775810.0,690.027,0.0,0.0,4.93,0.199,0.065,1.376,288.074,0.0,,0.0,0.001,0.001,0.0,0.164,0.0,,0.0,0.0,0.0,0.0,0.0
SGP,Singapore,2009,,0.0,,0.0,,0.0,7.546,52.067,0.0,0.0,,,,,,552.638,0.0,-18.367,0.006,-0.01,0.047,0.0,9.367,0.0,0.0,40.37,0.0,0.0,40.37,28.33,0.0,0.0,12.04,0.0,0.0,0.0,0.0,0.0,40.37,22.31,2.87,149416.5,7.559,99.813,52.055,740.708,149137.362,8128.274,100.0,258565502726.0,70.176,5.352,12.371,4.664,91.806,5704.087,18484.724,0.0,0.0,0.0,,0.0,0.0,0.0,0.0,0.0,0.0,0.0,0.0,0.813,0.187,0.011,1.387,279.259,0.0,0.0,0.0,,0.0,0.0,0.0,0.0,0.0,29.824,7.881,87.436,47.402,648.854,2424.187,130643.272,0.0,0.0,0.0,0.0,0.566,0.186,0.008,1.383,0.0,0.0,278.415,8128.274,4966614.0,742.094,0.0,0.0,0.813,0.187,0.011,1.387,279.259,0.0,435.461,0.001,0.003,0.004,0.0,0.845,0.0,,0.0,0.0,0.0,0.0,0.0
SGP,Singapore,2010,,0.0,,0.0,,0.0,7.471,55.438,0.0,0.0,,,,,,552.33,0.0,95.0,0.011,0.044,0.091,0.0,17.679,0.0,0.0,42.71,0.0,0.0,42.71,30.06,0.0,0.0,12.65,0.0,0.0,0.0,0.0,0.0,42.71,23.59,2.647,155428.968,7.464,99.807,55.286,795.994,155129.164,8323.638,100.0,301275591676.0,70.382,-9.2,10.452,-8.446,83.361,5858.313,16245.932,0.0,0.0,0.0,,0.0,0.0,0.0,0.0,0.0,0.0,0.0,0.0,10.96,0.193,0.152,1.539,299.93,0.0,0.0,0.0,,0.0,0.0,0.0,0.0,0.0,29.618,9.815,89.343,63.688,712.542,2465.325,138865.553,0.0,0.0,0.0,0.0,10.714,0.192,0.148,1.531,0.0,0.0,298.36,8323.638,5131170.0,797.532,0.0,0.0,10.96,0.193,0.152,1.539,299.93,0.0,92.053,0.001,0.004,0.008,0.0,1.57,0.0,,0.0,0.0,0.0,0.0,0.0
SGP,Singapore,2011,,0.0,,0.0,,0.0,3.971,31.669,0.0,0.0,,,,,,551.119,0.0,-17.949,0.009,-0.016,0.074,0.0,14.141,0.0,0.0,43.33,0.0,0.0,43.32,30.68,0.0,0.0,12.64,0.0,0.0,0.01,0.01,0.0,43.33,23.88,2.563,157533.93,3.973,99.809,31.627,827.622,157233.693,8230.046,99.977,323579847864.0,70.805,-0.587,9.994,-0.489,82.871,5828.666,15744.107,0.0,0.0,0.0,,0.0,0.0,0.0,0.0,0.0,0.023,0.01,1.9,2.73,0.191,0.042,1.581,300.364,0.0,0.0,0.0,,0.0,0.0,0.0,0.0,0.0,29.171,4.51,89.806,32.133,744.675,2401.38,141475.446,0.0,0.0,0.0,0.0,2.442,0.189,0.037,1.568,0.0,0.0,297.953,8231.946,5263640.0,829.202,1.9,0.023,2.73,0.191,0.042,1.581,300.364,0.023,57.586,0.002,0.005,0.013,1.9,2.412,0.0,,0.0,0.0,0.0,0.0,0.0
SGP,Singapore,2012,,0.0,,0.0,,0.0,0.424,3.515,0.0,0.0,,,,,,542.081,0.0,289.063,0.035,0.215,0.29,0.0,53.932,0.0,0.0,44.2,0.0,0.0,44.19,33.19,0.0,0.0,11.0,0.0,0.0,0.01,0.01,0.0,44.2,23.96,2.478,155083.717,0.415,99.801,3.438,831.059,154774.956,8229.864,99.977,336108413802.0,75.09,7.758,10.724,6.429,89.3,6181.244,16631.081,0.0,0.0,0.0,,0.0,0.0,0.0,0.0,0.0,0.023,0.01,1.862,4.905,0.199,0.078,1.659,308.886,0.0,0.0,0.0,,0.0,0.0,0.0,0.0,0.0,24.887,-0.431,89.042,-3.206,741.469,2048.62,138089.943,0.0,0.0,0.0,0.0,4.408,0.197,0.069,1.637,0.0,0.0,304.955,8231.726,5369469.0,832.717,1.862,0.023,4.905,0.199,0.078,1.659,308.886,0.023,66.302,0.003,0.008,0.021,1.862,3.932,0.0,,0.0,0.0,0.0,0.0,0.0
SGP,Singapore,2013,,0.0,,0.0,,0.0,2.2,18.322,0.31,25.67,,,,,,511.731,0.0,958.233,0.36,2.775,3.065,0.0,561.91,0.0,0.0,45.18,0.14,0.0,45.02,40.14,0.0,0.0,4.88,0.0,0.14,0.16,0.02,0.0,45.18,23.12,2.411,156047.066,2.183,99.784,18.141,849.201,155710.001,8254.898,99.646,352915699166.0,88.845,12.153,11.768,10.852,100.152,7360.098,18364.036,0.0,0.0,0.0,,0.0,0.0,0.0,0.0,0.0,0.354,0.16,29.338,10.876,0.216,0.18,1.839,337.19,0.0,0.0,0.0,,0.0,0.0,0.0,0.0,0.0,10.801,0.609,87.656,4.514,745.983,894.8,136784.055,0.0,0.0,0.0,25.67,10.342,0.212,0.169,1.807,0.0,0.31,331.296,8284.235,5453732.0,851.039,29.338,0.354,10.876,0.216,0.18,1.839,337.19,0.044,52.272,0.004,0.011,0.032,3.667,5.894,0.0,,0.0,0.0,0.0,0.0,0.0
SGP,Singapore,2014,,0.0,,0.0,,0.0,2.901,24.689,0.516,43.434,,,,,,497.527,0.0,47.438,0.516,1.454,4.518,0.0,817.691,0.0,0.0,46.51,0.24,0.0,46.23,44.17,0.0,0.0,2.06,0.0,0.24,0.28,0.04,0.0,46.51,23.14,2.396,158484.812,2.894,99.777,24.572,873.773,158130.956,8366.47,99.398,365521147155.0,94.969,3.737,11.864,3.743,103.895,7993.662,18802.437,0.0,0.0,0.0,,0.0,0.0,0.0,0.0,0.0,0.602,0.28,50.673,6.364,0.223,0.117,1.956,353.983,0.0,0.0,0.0,,0.0,0.0,0.0,0.0,0.0,4.429,2.597,87.397,19.376,765.359,372.808,138510.828,0.0,0.0,0.0,43.434,4.435,0.215,0.08,1.887,0.0,0.516,341.486,8417.143,5525628.0,875.728,50.673,0.602,6.364,0.223,0.117,1.956,353.983,0.086,114.802,0.008,0.037,0.069,7.239,12.497,0.0,,0.0,0.0,0.0,0.0,0.0
SGP,Singapore,2015,,0.0,,0.0,,0.0,6.337,55.491,0.716,60.8,,,,,,495.683,0.0,4.607,0.508,0.208,4.726,0.0,845.192,0.0,0.0,47.49,0.34,0.0,47.08,45.19,0.0,0.0,1.89,0.0,0.34,0.41,0.07,0.0,47.49,23.54,2.499,166522.807,6.325,99.766,55.269,929.042,166133.434,8418.955,99.137,372585831520.0,95.157,11.445,12.434,11.891,115.787,8080.981,20705.229,0.0,0.0,0.0,,0.0,0.0,0.0,0.0,0.0,0.863,0.41,73.317,11.36,0.234,0.222,2.178,389.506,0.0,0.0,0.0,,0.0,0.0,0.0,0.0,0.0,3.98,5.64,86.825,43.17,808.528,337.974,144583.013,0.0,0.0,0.0,60.8,8.902,0.221,0.168,2.055,0.0,0.716,367.461,8492.272,5592143.0,931.219,73.317,0.863,11.36,0.234,0.222,2.178,389.506,0.147,78.538,0.013,0.054,0.123,12.518,22.046,0.0,,0.0,0.0,0.0,0.0,0.0
SGP,Singapore,2016,,0.0,,0.0,,0.0,3.775,35.156,0.76,65.445,,,,,,492.81,0.0,4.823,0.513,0.228,4.954,0.0,876.32,0.0,0.0,48.68,0.37,0.0,48.16,46.74,0.0,0.0,1.42,0.0,0.37,0.52,0.15,0.0,48.68,23.99,2.543,170930.199,3.778,99.768,35.096,964.138,170534.447,8518.428,98.932,380027199712.0,96.015,2.794,12.316,3.235,119.021,8267.262,21052.189,0.0,0.0,0.0,,0.0,0.0,0.0,0.0,0.0,1.068,0.52,91.976,2.756,0.232,0.06,2.238,395.889,0.0,0.0,0.0,,0.0,0.0,0.0,0.0,0.0,2.917,3.912,86.939,31.633,840.162,251.166,148605.938,0.0,0.0,0.0,65.445,-1.909,0.209,-0.039,2.016,0.0,0.76,356.528,8610.405,5653625.0,966.375,91.976,1.068,2.756,0.232,0.06,2.238,395.889,0.308,80.505,0.023,0.099,0.223,26.532,39.361,0.0,,0.0,0.0,0.0,0.0,0.0
SGP,Singapore,2017,,,,,,,3.168,30.617,0.77,66.573,,,,,,494.022,0.0,110.845,1.048,5.492,10.446,0.0,1830.063,,,49.35,0.38,0.0,48.8,47.05,0.0,0.0,1.75,0.0,0.38,0.55,0.17,0.0,49.35,24.38,2.514,174664.526,3.175,99.775,30.611,994.749,174271.512,8549.341,98.886,396507477907.0,95.339,3.239,12.325,3.855,122.877,8242.756,21526.933,,,0.0,,0.0,0.0,0.0,0.0,0.0,1.114,0.55,96.355,0.265,0.225,0.006,2.244,393.154,0.0,0.0,0.0,,0.0,0.0,0.0,0.0,0.0,3.546,2.531,86.402,21.264,861.426,306.585,150914.516,,,0.0,66.573,-3.895,0.194,-0.079,1.937,0.0,0.77,339.376,8645.697,5708042.0,996.992,96.355,1.114,0.265,0.225,0.006,2.244,393.154,0.344,37.942,0.031,0.084,0.307,29.783,53.778,0.0,,0.0,0.0,0.0,0.0,0.0
SGP,Singapore,2018,,,,,,,0.47,4.682,0.839,72.948,,,,,,492.209,0.0,-46.849,0.554,-4.894,5.552,0.0,964.336,,,50.06,0.42,0.0,49.4,47.89,0.0,0.0,1.51,0.0,0.42,0.66,0.24,0.0,50.06,24.64,2.442,173977.256,0.472,99.777,4.695,999.444,173589.898,8580.108,98.682,410139845598.0,95.665,-0.011,12.266,-0.014,122.863,8317.842,21339.619,,,0.0,,0.0,0.0,0.0,0.0,0.0,1.318,0.66,114.633,-0.585,0.223,-0.013,2.231,387.498,0.0,0.0,0.0,,0.0,0.0,0.0,0.0,0.0,3.016,1.115,86.957,9.603,871.029,262.266,151285.943,,,0.0,72.948,-2.172,0.189,-0.042,1.895,0.0,0.839,329.151,8694.741,5757503.0,1001.675,114.633,1.318,-0.585,0.223,-0.013,2.231,387.498,0.479,9.436,0.034,0.029,0.336,41.685,58.346,0.0,,0.0,0.0,0.0,0.0,0.0
SGP,Singapore,2019,,,,,,,-2.173,-21.764,0.819,72.36,,,,,,490.743,0.0,-4.087,0.543,-0.227,5.325,0.0,917.463,,,51.31,0.42,0.0,50.48,48.94,0.0,0.0,1.54,0.0,0.42,0.83,0.41,0.0,51.31,25.18,,168823.627,-2.191,99.759,-21.898,977.546,168416.39,8696.936,98.382,,95.381,2.137,12.806,2.625,125.488,8431.617,21619.66,,,0.0,,0.0,0.0,0.0,0.0,0.0,1.618,0.83,142.996,5.984,0.241,0.134,2.365,407.373,0.0,0.0,0.0,,0.0,0.0,0.0,0.0,0.0,3.001,-2.789,86.409,-24.296,846.733,265.319,145879.266,,,0.0,72.36,-0.658,0.192,-0.012,1.883,0.0,0.819,324.345,8839.932,5804343.0,979.91,142.996,1.618,5.984,0.241,0.134,2.365,407.373,0.799,43.458,0.049,0.146,0.482,70.637,83.027,0.0,,0.0,0.0,0.0,0.0,0.0
SGP,Singapore,2020,,,,,,,-3.167,-31.031,0.815,70.081,,,,,,488.668,0.0,2.592,0.576,0.138,5.463,0.0,933.844,,,50.3,0.41,0.0,49.27,47.77,0.0,0.0,1.5,0.0,0.41,1.03,0.62,0.0,50.3,24.58,,162191.999,-3.178,99.747,-31.071,946.475,161781.175,8421.728,97.952,,94.97,0.395,13.277,0.496,125.984,8165.333,21534.414,,,0.0,,0.0,0.0,0.0,0.0,0.0,2.048,1.03,176.058,1.679,0.253,0.04,2.404,410.955,0.0,0.0,0.0,,0.0,0.0,0.0,0.0,0.0,2.982,-3.744,85.894,-31.705,815.028,256.395,139312.917,,,0.0,70.081,-10.966,0.177,-0.206,1.676,0.0,0.815,286.506,8597.786,5850343.0,948.879,176.058,2.048,1.679,0.253,0.04,2.404,410.955,1.233,51.077,0.077,0.246,0.728,105.977,124.449,0.0,,0.0,0.0,0.0,0.0,0.0
SGP,Singapore,2021,,,,,,,,,0.773,69.531,,,,,,488.21,0.0,,,,,0.0,,,,53.01,0.41,0.0,51.88,50.3,0.0,0.0,1.58,0.0,0.41,1.13,0.72,0.0,53.01,25.88,,,,,,,,8798.165,97.868,,94.888,,,,,8530.218,,,,0.0,,,,,0.0,,2.132,1.13,191.633,,,,,,0.0,0.0,0.0,,,,,0.0,,2.981,,,,,267.947,,,,0.0,69.531,,,,,0.0,0.773,,8989.798,5896684.0,,191.633,2.132,,,,,,1.358,,,,,122.103,,0.0,,,,,0.0,
