iso_code,country,year,coal_prod_change_pct,coal_prod_change_twh,gas_prod_change_pct,gas_prod_change_twh,oil_prod_change_pct,oil_prod_change_twh,energy_cons_change_pct,energy_cons_change_twh,biofuel_share_elec,biofuel_elec_per_capita,biofuel_cons_change_pct,biofuel_share_energy,biofuel_cons_change_twh,biofuel_consumption,biofuel_cons_per_capita,carbon_intensity_elec,coal_share_elec,coal_cons_change_pct,coal_share_energy,coal_cons_change_twh,coal_consumption,coal_elec_per_capita,coal_cons_per_capita,coal_production,coal_prod_per_capita,electricity_demand,biofuel_electricity,coal_electricity,fossil_electricity,gas_electricity,hydro_electricity,nuclear_electricity,oil_electricity,other_renewable_exc_biofuel_electricity,other_renewable_electricity,renewables_electricity,solar_electricity,wind_electricity,electricity_generation,greenhouse_gas_emissions,energy_per_gdp,energy_per_capita,fossil_cons_change_pct,fossil_share_energy,fossil_cons_change_twh,fossil_fuel_consumption,fossil_energy_per_capita,fossil_cons_per_capita,fossil_share_elec,gdp,gas_share_elec,gas_cons_change_pct,gas_share_energy,gas_cons_change_twh,gas_consumption,gas_elec_per_capita,gas_energy_per_capita,gas_production,gas_prod_per_capita,hydro_share_elec,hydro_cons_change_pct,hydro_share_energy,hydro_cons_change_twh,hydro_consumption,hydro_elec_per_capita,hydro_energy_per_capita,low_carbon_share_elec,low_carbon_electricity,low_carbon_elec_per_capita,low_carbon_cons_change_pct,low_carbon_share_energy,low_carbon_cons_change_twh,low_carbon_consumption,low_carbon_energy_per_capita,net_elec_imports_share_demand,net_elec_imports,nuclear_share_elec,nuclear_cons_change_pct,nuclear_share_energy,nuclear_cons_change_twh,nuclear_consumption,nuclear_elec_per_capita,nuclear_energy_per_capita,oil_share_elec,oil_cons_change_pct,oil_share_energy,oil_cons_change_twh,oil_consumption,oil_elec_per_capita,oil_energy_per_capita,oil_production,oil_prod_per_capita,other_renewables_elec_per_capita_exc_biofuel,other_renewables_elec_per_capita,other_renewables_cons_change_pct,other_renewables_share_energy,other_renewables_cons_change_twh,other_renewable_consumption,other_renewables_share_elec_exc_biofuel,other_renewables_share_elec,other_renewables_energy_per_capita,per_capita_electricity,population,primary_energy_consumption,renewables_elec_per_capita,renewables_share_elec,renewables_cons_change_pct,renewables_share_energy,renewables_cons_change_twh,renewables_consumption,renewables_energy_per_capita,solar_share_elec,solar_cons_change_pct,solar_share_energy,solar_cons_change_twh,solar_consumption,solar_elec_per_capita,solar_energy_per_capita,wind_share_elec,wind_cons_change_pct,wind_share_energy,wind_cons_change_twh,wind_consumption,wind_elec_per_capita,wind_energy_per_capita
ZAF,South Africa,1900,,,,,,,,,,,,,,,,,,,,,,,,6.68,1251.296,,,,,,,,,,,,,,,,,,,,,,,,,,,,,,,,,,,,,,,,,,,,,,,,,,,,,,,,,,,,,,,,,,,,,,,,,,,,,,5338536.0,,,,,,,,,,,,,,,,,,,,,,
ZAF,South Africa,1901,67.81,4.53,,,,,,,,,,,,,,,,,,,,,,11.21,2068.206,,,,,,,,,,,,,,,,,,,,,,,,,,,,,,,,,,,,,,,,,,,,,,,,,,,,,,,,,,,,,,,,,,,,,,,,,,,,,,5420094.0,,,,,,,,,,,,,,,,,,,,,,
ZAF,South Africa,1902,49.068,5.5,,,,,,,,,,,,,,,,,,,,,,16.71,3032.889,,,,,,,,,,,,,,,,,,,,,,,,,,,,,,,,,,,,,,,,,,,,,,,,,,,,,,,,,,,,,,,,,,,,,,,,,,,,,,5509706.0,,,,,,,,,,,,,,,,,,,,,,
ZAF,South Africa,1903,33.602,5.615,,,,,,,,,,,,,,,,,,,,,,22.325,3981.272,,,,,,,,,,,,,,,,,,,,,,,,,,,,,,,,,,,,,,,,,,,,,,,,,,,,,,,,,,,,,,,,,,,,,,,,,,,,,,5607599.0,,,,,,,,,,,,,,,,,,,,,,
ZAF,South Africa,1904,12.681,2.831,,,,,,,,,,,,,,,,,,,,,,25.156,4407.835,,,,,,,,,,,,,,,,,,,,,,,,,,,,,,,,,,,,,,,,,,,,,,,,,,,,,,,,,,,,,,,,,,,,,,,,,,,,,,5707222.0,,,,,,,,,,,,,,,,,,,,,,
ZAF,South Africa,1905,14.335,3.606,,,,,,,,,,,,,,,,,,,,,,28.763,4951.756,,,,,,,,,,,,,,,,,,,,,,,,,,,,,,,,,,,,,,,,,,,,,,,,,,,,,,,,,,,,,,,,,,,,,,,,,,,,,,5808605.0,,,,,,,,,,,,,,,,,,,,,,
ZAF,South Africa,1906,14.343,4.125,,,,,,,,,,,,,,,,,,,,,,32.888,5563.154,,,,,,,,,,,,,,,,,,,,,,,,,,,,,,,,,,,,,,,,,,,,,,,,,,,,,,,,,,,,,,,,,,,,,,,,,,,,,,5911779.0,,,,,,,,,,,,,,,,,,,,,,
ZAF,South Africa,1907,10.35,3.404,,,,,,,,,,,,,,,,,,,,,,36.292,6031.839,,,,,,,,,,,,,,,,,,,,,,,,,,,,,,,,,,,,,,,,,,,,,,,,,,,,,,,,,,,,,,,,,,,,,,,,,,,,,,6016775.0,,,,,,,,,,,,,,,,,,,,,,
ZAF,South Africa,1908,2.823,1.025,,,,,,,,,,,,,,,,,,,,,,37.317,6093.908,,,,,,,,,,,,,,,,,,,,,,,,,,,,,,,,,,,,,,,,,,,,,,,,,,,,,,,,,,,,,,,,,,,,,,,,,,,,,,6123626.0,,,,,,,,,,,,,,,,,,,,,,
ZAF,South Africa,1909,15.119,5.642,,,,,,,,,,,,,,,,,,,,,,42.959,6894.182,,,,,,,,,,,,,,,,,,,,,,,,,,,,,,,,,,,,,,,,,,,,,,,,,,,,,,,,,,,,,,,,,,,,,,,,,,,,,,6231170.0,,,,,,,,,,,,,,,,,,,,,,
ZAF,South Africa,1910,13.385,5.75,,,,,,,,,,,,,,,,,,,,,,48.709,7683.487,,,,,,,,,,,,,,,,,,,,,,,,,,,,,,,,,,,,,,,,,,,,,,,,,,,,,,,,,,,,,,,,,,,,,,,,,,,,,,6339398.0,,,,,,,,,,,,,,,,,,,,,,
ZAF,South Africa,1911,-3.75,-1.827,,,,,,,,,,,,,,,,,,,,,,46.882,7270.434,,,,,,,,,,,,,,,,,,,,,,,,,,,,,,,,,,,,,,,,,,,,,,,,,,,,,,,,,,,,,,,,,,,,,,,,,,,,,,6448300.0,,,,,,,,,,,,,,,,,,,,,,
ZAF,South Africa,1912,6.154,2.885,,,,,,,,,,,,,,,,,,,,,,49.767,7588.901,,,,,,,,,,,,,,,,,,,,,,,,,,,,,,,,,,,,,,,,,,,,,,,,,,,,,,,,,,,,,,,,,,,,,,,,,,,,,,6557864.0,,,,,,,,,,,,,,,,,,,,,,
ZAF,South Africa,1913,9.414,4.685,,,,,,,,,,,,,,,,,,,,,,54.452,8166.04,,,,,,,,,,,,,,,,,,,,,,,,,,,,,,,,,,,,,,,,,,,,,,,,,,,,,,,,,,,,,,,,,,,,,,,,,,,,,,6668080.0,,,,,,,,,,,,,,,,,,,,,,
ZAF,South Africa,1914,-3.058,-1.665,,,,,,,,,,,,,,,,,,,,,,52.787,7785.512,,,,,,,,,,,,,,,,,,,,,,,,,,,,,,,,,,,,,,,,,,,,,,,,,,,,,,,,,,,,,,,,,,,,,,,,,,,,,,6780137.0,,,,,,,,,,,,,,,,,,,,,,
ZAF,South Africa,1915,0.587,0.31,,,,,,,,,,,,,,,,,,,,,,53.097,7701.829,,,,,,,,,,,,,,,,,,,,,,,,,,,,,,,,,,,,,,,,,,,,,,,,,,,,,,,,,,,,,,,,,,,,,,,,,,,,,,6894066.0,,,,,,,,,,,,,,,,,,,,,,
ZAF,South Africa,1916,17.837,9.471,,,,,,,,,,,,,,,,,,,,,,62.568,8925.618,,,,,,,,,,,,,,,,,,,,,,,,,,,,,,,,,,,,,,,,,,,,,,,,,,,,,,,,,,,,,,,,,,,,,,,,,,,,,,7009898.0,,,,,,,,,,,,,,,,,,,,,,
ZAF,South Africa,1917,7.014,4.388,,,,,,,,,,,,,,,,,,,,,,66.956,9393.808,,,,,,,,,,,,,,,,,,,,,,,,,,,,,,,,,,,,,,,,,,,,,,,,,,,,,,,,,,,,,,,,,,,,,,,,,,,,,,7127664.0,,,,,,,,,,,,,,,,,,,,,,
ZAF,South Africa,1918,-4.792,-3.209,,,,,,,,,,,,,,,,,,,,,,63.747,8807.104,,,,,,,,,,,,,,,,,,,,,,,,,,,,,,,,,,,,,,,,,,,,,,,,,,,,,,,,,,,,,,,,,,,,,,,,,,,,,,7238169.0,,,,,,,,,,,,,,,,,,,,,,
ZAF,South Africa,1919,4.124,2.629,,,,,,,,,,,,,,,,,,,,,,66.376,9020.203,,,,,,,,,,,,,,,,,,,,,,,,,,,,,,,,,,,,,,,,,,,,,,,,,,,,,,,,,,,,,,,,,,,,,,,,,,,,,,7358615.0,,,,,,,,,,,,,,,,,,,,,,
ZAF,South Africa,1920,10.927,7.253,,,,,,,,,,,,,,,,,,,,,,73.629,9831.22,,,,,,,,,,,,,,,,,,,,,,,,,,,,,,,,,,,,,,,,,,,,,,,,,,,,,,,,,,,,,,,,,,,,,,,,,,,,,,7489330.0,,,,,,,,,,,,,,,,,,,,,,
ZAF,South Africa,1921,-0.989,-0.728,,,,,,,,,,,,,,,,,,,,,,72.901,9553.742,,,,,,,,,,,,,,,,,,,,,,,,,,,,,,,,,,,,,,,,,,,,,,,,,,,,,,,,,,,,,,,,,,,,,,,,,,,,,,7630649.0,,,,,,,,,,,,,,,,,,,,,,
ZAF,South Africa,1922,-14.267,-10.401,,,,,,,,,,,,,,,,,,,,,,62.5,8030.441,,,,,,,,,,,,,,,,,,,,,,,,,,,,,,,,,,,,,,,,,,,,,,,,,,,,,,,,,,,,,,,,,,,,,,,,,,,,,,7782918.0,,,,,,,,,,,,,,,,,,,,,,
ZAF,South Africa,1923,21.365,13.353,,,,,,,,,,,,,,,,,,,,,,75.854,9545.561,,,,,,,,,,,,,,,,,,,,,,,,,,,,,,,,,,,,,,,,,,,,,,,,,,,,,,,,,,,,,,,,,,,,,,,,,,,,,,7946489.0,,,,,,,,,,,,,,,,,,,,,,
ZAF,South Africa,1924,5.039,3.822,,,,,,,,,,,,,,,,,,,,,,79.676,9820.142,,,,,,,,,,,,,,,,,,,,,,,,,,,,,,,,,,,,,,,,,,,,,,,,,,,,,,,,,,,,,,,,,,,,,,,,,,,,,,8113498.0,,,,,,,,,,,,,,,,,,,,,,
ZAF,South Africa,1925,4.239,3.377,,,,,,,,,,,,,,,,,,,,,,83.053,10025.671,,,,,,,,,,,,,,,,,,,,,,,,,,,,,,,,,,,,,,,,,,,,,,,,,,,,,,,,,,,,,,,,,,,,,,,,,,,,,,8284016.0,,,,,,,,,,,,,,,,,,,,,,
ZAF,South Africa,1926,5.105,4.24,,,,,,,,,,,,,,,,,,,,,,87.293,10320.587,,,,,,,,,,,,,,,,,,,,,,,,,,,,,,,,,,,,,,,,,,,,,,,,,,,,,,,,,,,,,,,,,,,,,,,,,,,,,,8458119.0,,,,,,,,,,,,,,,,,,,,,,
ZAF,South Africa,1927,-2.857,-2.494,,,,,,,,,,,,,,,,,,,,,,84.799,9819.343,,,,,,,,,,,,,,,,,,,,,,,,,,,,,,,,,,,,,,,,,,,,,,,,,,,,,,,,,,,,,,,,,,,,,,,,,,,,,,8635881.0,,,,,,,,,,,,,,,,,,,,,,
ZAF,South Africa,1928,0.207,0.175,,,,,,,,,,,,,,,,,,,,,,84.974,9637.098,,,,,,,,,,,,,,,,,,,,,,,,,,,,,,,,,,,,,,,,,,,,,,,,,,,,,,,,,,,,,,,,,,,,,,,,,,,,,,8817378.0,,,,,,,,,,,,,,,,,,,,,,
ZAF,South Africa,1929,3.268,2.777,,,,,,,,,,,,,,,,,,,,,,87.751,9748.868,,,,,,,,,,,,,,,,,,,,,,,,,,,,,,,,,,,,,,,,,,,,,,,,,,,,,,,,,,,,,,,,,,,,,,,,,,,,,,9001161.0,,,,,,,,,,,,,,,,,,,,,,
ZAF,South Africa,1930,-6.107,-5.359,,,,,,,,,,,,,,,,,,,,,,82.392,8968.11,,,,,,,,,,,,,,,,,,,,,,,,,,,,,,,,,,,,,,,,,,,,,,,,,,,,,,,,,,,,,,,,,,,,,,,,,,,,,,9187246.0,,,,,,,,,,,,,,,,,,,,,,
ZAF,South Africa,1931,-10.979,-9.046,,,,,,,,,,,,,,,,,,,,,,73.346,7823.045,,,,,,,,,,,,,,,,,,,,,,,,,,,,,,,,,,,,,,,,,,,,,,,,,,,,,,,,,,,,,,,,,,,,,,,,,,,,,,9375651.0,,,,,,,,,,,,,,,,,,,,,,
ZAF,South Africa,1932,-8.823,-6.471,,,,,,,,,,,,,,,,,,,,,,66.875,6990.62,,,,,,,,,,,,,,,,,,,,,,,,,,,,,,,,,,,,,,,,,,,,,,,,,,,,,,,,,,,,,,,,,,,,,,,,,,,,,,9566392.0,,,,,,,,,,,,,,,,,,,,,,
ZAF,South Africa,1933,8.003,5.352,,,,,,,,,,,,,,,,,,,,,,72.227,7400.716,,,,,,,,,,,,,,,,,,,,,,,,,,,,,,,,,,,,,,,,,,,,,,,,,,,,,,,,,,,,,,,,,,,,,,,,,,,,,,9759485.0,,,,,,,,,,,,,,,,,,,,,,
ZAF,South Africa,1934,13.803,9.97,,,,,,,,,,,,,,,,,,,,,,82.197,8255.606,,,,,,,,,,,,,,,,,,,,,,,,,,,,,,,,,,,,,,,,,,,,,,,,,,,,,,,,,,,,,,,,,,,,,,,,,,,,,,9956476.0,,,,,,,,,,,,,,,,,,,,,,
ZAF,South Africa,1935,11.317,9.302,,,,,,,,,,,,,,,,,,,,,,91.499,9008.073,,,,,,,,,,,,,,,,,,,,,,,,,,,,,,,,,,,,,,,,,,,,,,,,,,,,,,,,,,,,,,,,,,,,,,,,,,,,,,10157443.0,,,,,,,,,,,,,,,,,,,,,,
ZAF,South Africa,1936,9.341,8.547,,,,,,,,,,,,,,,,,,,,,,100.046,9654.677,,,,,,,,,,,,,,,,,,,,,,,,,,,,,,,,,,,,,,,,,,,,,,,,,,,,,,,,,,,,,,,,,,,,,,,,,,,,,,10362466.0,,,,,,,,,,,,,,,,,,,,,,
ZAF,South Africa,1937,4.373,4.375,,,,,,,,,,,,,,,,,,,,,,104.421,9877.477,,,,,,,,,,,,,,,,,,,,,,,,,,,,,,,,,,,,,,,,,,,,,,,,,,,,,,,,,,,,,,,,,,,,,,,,,,,,,,10571628.0,,,,,,,,,,,,,,,,,,,,,,
ZAF,South Africa,1938,5.119,5.345,,,,,,,,,,,,,,,,,,,,,,109.766,10177.683,,,,,,,,,,,,,,,,,,,,,,,,,,,,,,,,,,,,,,,,,,,,,,,,,,,,,,,,,,,,,,,,,,,,,,,,,,,,,,10785011.0,,,,,,,,,,,,,,,,,,,,,,
ZAF,South Africa,1939,3.721,4.085,,,,,,,,,,,,,,,,,,,,,,113.851,10349.677,,,,,,,,,,,,,,,,,,,,,,,,,,,,,,,,,,,,,,,,,,,,,,,,,,,,,,,,,,,,,,,,,,,,,,,,,,,,,,11000471.0,,,,,,,,,,,,,,,,,,,,,,
ZAF,South Africa,1940,3.57,4.065,,,,,,,,,,,,,,,,,,,,,,117.916,10511.316,,,,,,,,,,,,,,,,,,,,,,,,,,,,,,,,,,,,,,,,,,,,,,,,,,,,,,,,,,,,,,,,,,,,,,,,,,,,,,11218005.0,,,,,,,,,,,,,,,,,,,,,,
ZAF,South Africa,1941,6.78,7.995,,,,,,,,,,,,,,,,,,,,,,125.911,11008.462,,,,,,,,,,,,,,,,,,,,,,,,,,,,,,,,,,,,,,,,,,,,,,,,,,,,,,,,,,,,,,,,,,,,,,,,,,,,,,11437613.0,,,,,,,,,,,,,,,,,,,,,,
ZAF,South Africa,1942,9.256,11.655,,,,,,,,,,,,,,,,,,,,,,137.565,11798.769,,,,,,,,,,,,,,,,,,,,,,,,,,,,,,,,,,,,,,,,,,,,,,,,,,,,,,,,,,,,,,,,,,,,,,,,,,,,,,11659292.0,,,,,,,,,,,,,,,,,,,,,,
ZAF,South Africa,1943,0.745,1.025,,,,,,,,,,,,,,,,,,,,,,138.59,11662.833,,,,,,,,,,,,,,,,,,,,,,,,,,,,,,,,,,,,,,,,,,,,,,,,,,,,,,,,,,,,,,,,,,,,,,,,,,,,,,11883038.0,,,,,,,,,,,,,,,,,,,,,,
ZAF,South Africa,1944,11.804,16.36,,,,,,,,,,,,,,,,,,,,,,154.95,12794.047,,,,,,,,,,,,,,,,,,,,,,,,,,,,,,,,,,,,,,,,,,,,,,,,,,,,,,,,,,,,,,,,,,,,,,,,,,,,,,12111078.0,,,,,,,,,,,,,,,,,,,,,,
ZAF,South Africa,1945,2.467,3.822,,,,,,,,,,,,,,,,,,,,,,158.772,12862.785,,,,,,,,,,,,,,,,,,,,,,,,,,,,,,,,,,,,,,,,,,,,,,,,,,,,,,,,,,,,,,,,,,,,,,,,,,,,,,12343494.0,,,,,,,,,,,,,,,,,,,,,,
ZAF,South Africa,1946,0.204,0.324,,,,,,,,,,,,,,,,,,,,,,159.095,12646.309,,,,,,,,,,,,,,,,,,,,,,,,,,,,,,,,,,,,,,,,,,,,,,,,,,,,,,,,,,,,,,,,,,,,,,,,,,,,,,12580371.0,,,,,,,,,,,,,,,,,,,,,,
ZAF,South Africa,1947,-0.441,-0.701,,,,,,,,,,,,,,,,,,,,,,158.394,12353.516,,,,,,,,,,,,,,,,,,,,,,,,,,,,,,,,,,,,,,,,,,,,,,,,,,,,,,,,,,,,,,,,,,,,,,,,,,,,,,12821793.0,,,,,,,,,,,,,,,,,,,,,,
ZAF,South Africa,1948,2.238,3.546,,,,,,,,,,,,,,,,,,,,,,161.94,12392.236,,,,,,,,,,,,,,,,,,,,,,,,,,,,,,,,,,,,,,,,,,,,,,,,,,,,,,,,,,,,,,,,,,,,,,,,,,,,,,13067848.0,,,,,,,,,,,,,,,,,,,,,,
ZAF,South Africa,1949,6.127,9.922,,,,,,,,,,,,,,,,,,,,,,171.862,12886.675,,,,,,,,,,,,,,,,,,,,,,,,,,,,,,,,,,,,,,,,,,,,,,,,,,,,,,,,,,,,,,,,,,,,,,,,,,,,,,13336431.0,,,,,,,,,,,,,,,,,,,,,,
ZAF,South Africa,1950,3.832,6.586,,,,,,,,,,,,,,,,,,,,,,178.448,13093.798,,,,,,,,,,,,,,,,,,,,,,,,,54940789440.0,,,,,,,,,,,,,,,,,,,,,,,,,,,,,,,,,,,,,,,,,,,,,,,,,,,,,13628434.0,,,,,,,,,,,,,,,,,,,,,,
ZAF,South Africa,1951,0.601,1.072,,,,,,,,,,,,,,,,,,,,,,179.52,12894.742,,,,,,,,,,,,,,,,,,,,,,,,,57515676820.0,,,,,,,,,,,,,,,,,,,,,,,,,,,,,,,,,,,,,,,,,,,,,,,,,,,,,13921934.0,,,,,,,,,,,,,,,,,,,,,,
ZAF,South Africa,1952,5.381,9.659,,,,,,,,,,,,,,,,,,,,,,189.179,13297.893,,,,,,,,,,,,,,,,,,,,,,,,,59556103625.0,,,,,,,,,,,,,,,,,,,,,,,,,,,,,,,,,,,,,,,,,,,,,,,,,,,,,14226257.0,,,,,,,,,,,,,,,,,,,,,,
ZAF,South Africa,1953,1.404,2.656,,,,,,,,,,,,,,,,,,,,,,191.835,13192.195,,,,,,,,,,,,,,,,,,,,,,,,,62355162584.0,,,,,,,,,,,,,,,,,,,,,,,,,,,,,,,,,,,,,,,,,,,,,,,,,,,,,14541560.0,,,,,,,,,,,,,,,,,,,,,,
ZAF,South Africa,1954,3.004,5.763,,,,,,,,,,,,,,,,,,,,,,197.598,13290.038,,,,,,,,,,,,,,,,,,,,,,,,,66022799412.0,,,,,,,,,,,,,,,,,,,,,,,,,,,,,,,,,,,,,,,,,,,,,,,,,,,,,14868163.0,,,,,,,,,,,,,,,,,,,,,,
ZAF,South Africa,1955,9.542,18.854,,,,,,,,,,,,,,,,,,,,,,216.452,14234.197,,,,,,,,,,,,,,,,,,,,,,,,,69327533561.0,,,,,,,,,,,,,,,,,,,,,,,,,,,,,,,,,,,,,,,,,,,,,,,,,,,,,15206501.0,,,,,,,,,,,,,,,,,,,,,,
ZAF,South Africa,1956,4.643,10.05,,,,,,,,,,,,,,,,,,,,,,226.503,14559.357,,,,,,,,,,,,,,,,,,,,,,,,,73183057285.0,,,,,,,,,,,,,,,,,,,,,,,,,,,,,,,,,,,,,,,,,,,,,,,,,,,,,15557198.0,,,,,,,,,,,,,,,,,,,,,,
ZAF,South Africa,1957,3.473,7.866,,,,,,,,,,,,,,,,,,,,,,234.369,14720.744,,,,,,,,,,,,,,,,,,,,,,,,,75976886496.0,,,,,,,,,,,,,,,,,,,,,,,,,,,,,,,,,,,,,,,,,,,,,,,,,,,,,15921020.0,,,,,,,,,,,,,,,,,,,,,,
ZAF,South Africa,1958,6.661,15.612,,,,,,,,,,,,,,,,,,,,,,249.981,15337.382,,,,,,,,,,,,,,,,,,,,,,,,,77574436140.0,,,,,,,,,,,,,,,,,,,,,,,,,,,,,,,,,,,,,,,,,,,,,,,,,,,,,16298795.0,,,,,,,,,,,,,,,,,,,,,,
ZAF,South Africa,1959,-1.704,-4.26,,,,,,,,,,,,,,,,,,,,,,245.721,14721.349,,,,,,,,,,,,,,,,,,,,,,,,,81038573616.0,,,,,,,,,,,,,,,,,,,,,,,,,,,,,,,,,,,,,,,,,,,,,,,,,,,,,16691451.0,,,,,,,,,,,,,,,,,,,,,,
ZAF,South Africa,1960,4.718,11.594,,,,,,,,,,,,,,,,,,,,,,257.315,15047.792,,,,,,,,,,,,,,,,,,,,,,,,,84418517091.0,,,,,,,,,,,,,,,,,,,,,,,,,,,,,,,,,,,,,,,,,,,,,,,,,,,,,17099836.0,,,,,,,,,,,,,,,,,,,,,,
ZAF,South Africa,1961,3.647,9.383,,,,,,,,,,,,,,,,,,,,,,266.698,15218.545,,,,,,,,,,,,,,,,,,,,,,,,,88081185639.0,,,,,,,,,,,,,,,,,,,,,,,,,,,,,,,,,,,,,,,,,,,,,,,,,,,,,17524534.0,,,,,,,,,,,,,,,,,,,,,,
ZAF,South Africa,1962,4.322,11.527,,,,,,,,,,,,,,,,,,,,,,278.225,15486.405,,,,,,,,,,,,,,,,,,,,,,,,,93013181019.0,,,,,,,,,,,,,,,,,,,,,,,,,,,,,,,,,,,,,,,,,,,,,,,,,,,,,17965732.0,,,,,,,,,,,,,,,,,,,,,,
ZAF,South Africa,1963,2.856,7.947,,,,,,,,,,,,,,,,,,,,,,286.172,15533.275,,,,,,,,,,,,,,,,,,,,,,,,,99827412152.0,,,,,,,,,,,,,,,,,,,,,,,,,,,,,,,,,,,,,,,,,,,,,,,,,,,,,18423156.0,,,,,,,,,,,,,,,,,,,,,,
ZAF,South Africa,1964,5.802,16.602,,,,,,,,,,,,,,,,,,,,,,302.774,16022.946,,,,,,,,,,,,,,,,,,,,,,,,,106518456486.0,,,,,,,,,,,,,,,,,,,,,,,,,,,,,,,,,,,,,,,,,,,,,,,,,,,,,18896302.0,,,,,,,,,,,,,,,,,,,,,,
ZAF,South Africa,1965,7.888,23.882,,,,,,,,,,,,,,,,,80.955,,286.761,,14793.063,326.657,16851.155,,,,,,0.037,0.0,,,0.0,0.037,0.0,0.0,,,3.138,18273.141,,99.971,,354.119,18267.854,,,112882726866.0,,,0.0,,0.0,,0.0,,,,,0.029,,0.103,1.909,5.302,,0.037,1.909,,0.029,,0.103,5.302,,,,,0.0,,0.0,0.0,0.0,,,19.016,,67.358,,3474.79,,,,0.0,,0.0,,0.0,,,0.0,,19384838.0,354.222,1.909,,,0.029,,0.103,5.302,,,0.0,,0.0,0.0,0.0,,,0.0,,0.0,0.0,0.0
ZAF,South Africa,1966,-1.069,-3.492,,,,,0.621,2.201,,,,,,,,,,-1.265,79.437,-3.629,283.132,,14236.166,323.165,16249.043,,,,,,0.036,0.0,,,0.0,0.036,0.0,0.0,,,3.026,17921.25,0.622,99.972,2.203,356.323,17916.237,,,117778086094.0,,,0.0,0.0,0.0,,0.0,,,,-2.703,0.028,-0.003,0.1,1.81,5.028,,0.036,1.81,-2.703,0.028,-0.003,0.1,5.028,,,,,0.0,0.0,0.0,0.0,0.0,,8.658,20.535,5.832,73.19,,3680.07,,,,0.0,,0.0,0.0,0.0,,,0.0,,19888260.0,356.422,1.81,,-2.703,0.028,-0.003,0.1,5.028,,,0.0,0.0,0.0,0.0,0.0,,,0.0,0.0,0.0,0.0,0.0
ZAF,South Africa,1967,2.833,9.154,,,,,4.132,14.728,,,,,,,,,,2.888,78.488,8.176,291.308,,14275.024,332.319,16284.675,,,,,,0.026,0.0,,,0.0,0.026,0.0,0.0,,,2.949,18187.517,4.141,99.981,14.755,371.078,18183.993,,,125836944753.0,,,0.0,0.0,0.0,,0.0,,,,-27.778,0.019,-0.028,0.072,1.274,3.539,,0.026,1.274,-27.778,0.019,-0.028,0.072,3.539,,,,,0.0,0.0,0.0,0.0,0.0,,8.99,21.493,6.58,79.77,,3908.969,,,,0.0,,0.0,0.0,0.0,,,0.0,,20406864.0,371.15,1.274,,-27.778,0.019,-0.028,0.072,3.539,,,0.0,0.0,0.0,0.0,0.0,,,0.0,0.0,0.0,0.0,0.0
ZAF,South Africa,1968,4.777,15.874,,,,,5.538,20.553,,,,,,,,,,4.675,77.846,13.619,304.927,,14560.457,348.194,16626.453,,,,,,0.024,0.0,,,0.0,0.024,0.0,0.0,,,2.983,18704.083,5.54,99.983,20.559,391.637,18700.914,,,131293351716.0,,,0.0,0.0,0.0,,0.0,,,,-7.692,0.017,-0.006,0.067,1.146,3.183,,0.024,1.146,-7.692,0.017,-0.006,0.067,3.183,,,,,0.0,0.0,0.0,0.0,0.0,,8.7,22.137,6.94,86.71,,4140.458,,,,0.0,,0.0,0.0,0.0,,,0.0,,20942146.0,391.704,1.146,,-7.692,0.017,-0.006,0.067,3.183,,,0.0,0.0,0.0,0.0,0.0,,,0.0,0.0,0.0,0.0,0.0
ZAF,South Africa,1969,2.124,7.395,,,,,2.963,11.607,,,,,,,,,,0.984,76.35,3.001,307.928,,14324.837,355.588,16542.008,,,,,,0.021,0.0,,,0.0,0.021,0.0,0.0,,,2.894,18762.078,2.966,99.986,11.616,403.253,18759.379,,,139369762950.0,,,0.0,0.0,0.0,,0.0,,,,-12.5,0.014,-0.008,0.058,0.977,2.714,,0.021,0.977,-12.5,0.014,-0.008,0.058,2.714,,,,,0.0,0.0,0.0,0.0,0.0,,9.936,23.636,8.615,95.325,,4434.542,,,,0.0,,0.0,0.0,0.0,,,0.0,,21496074.0,403.311,0.977,,-12.5,0.014,-0.008,0.058,2.714,,,0.0,0.0,0.0,0.0,0.0,,,0.0,0.0,0.0,0.0,0.0
ZAF,South Africa,1970,3.526,12.538,,,,,4.503,18.162,,,,,,,,,,3.305,75.474,10.176,318.104,,14413.554,368.126,16680.092,,,,,,0.025,0.0,,,0.0,0.025,0.0,0.0,,,2.874,19097.306,4.501,99.984,18.151,421.404,19094.174,,,146627010608.0,,,0.0,0.0,0.0,,0.0,,,,19.048,0.016,0.011,0.069,1.133,3.147,,0.025,1.133,19.048,0.016,0.011,0.069,3.147,,,,,0.0,0.0,0.0,0.0,0.0,,8.366,24.509,7.975,103.3,,4680.621,,,,0.0,,0.0,0.0,0.0,,,0.0,,22069784.0,421.473,1.133,,19.048,0.016,0.011,0.069,3.147,,,0.0,0.0,0.0,0.0,0.0,,,0.0,0.0,0.0,0.0,0.0
ZAF,South Africa,1971,7.423,27.327,,,,,7.719,32.533,,,,,,,,,,6.938,74.927,22.072,340.175,,15008.674,395.453,17447.536,,,,,,0.112,0.0,,,0.0,0.112,0.0,0.0,,,2.952,20030.929,7.663,99.931,32.291,453.696,20017.219,,,153821285280.0,,,0.135,0.615,0.615,,27.125,,,,348.0,0.069,0.242,0.311,4.941,13.726,,0.112,4.941,348.0,0.069,0.242,0.311,13.726,,,,,0.0,0.0,0.0,0.0,0.0,,9.298,24.869,9.605,112.905,,4981.421,,,,0.0,,0.0,0.0,0.0,,,0.0,,22665266.0,454.006,4.941,,348.0,0.069,0.242,0.311,13.726,,,0.0,0.0,0.0,0.0,0.0,,,0.0,0.0,0.0,0.0,0.0
ZAF,South Africa,1972,-0.385,-1.523,,,,,3.276,14.874,,,,,,,,,,0.708,73.064,2.409,342.585,,14714.888,393.93,16920.272,,,,,,0.834,0.0,,,0.0,0.834,0.0,0.0,,,2.991,20139.574,2.836,99.506,12.868,466.564,20040.083,,,156779555500.0,,49.06,0.195,0.302,0.916,,39.362,,,,644.643,0.494,2.006,2.317,35.822,99.507,,0.834,35.822,644.643,0.494,2.006,2.317,99.507,,,,,0.0,0.0,0.0,0.0,0.0,,8.996,26.246,10.157,123.062,,5285.834,,,,0.0,,0.0,0.0,0.0,,,0.0,,23281518.0,468.88,35.822,,644.643,0.494,2.006,2.317,99.507,,,0.0,0.0,0.0,0.0,0.0,,,0.0,0.0,0.0,0.0,0.0
ZAF,South Africa,1973,6.694,26.37,,,,,7.582,35.548,,,,,,,,,,6.523,72.345,22.346,364.93,,15260.701,420.299,17576.125,,,,,,0.985,0.0,,,0.0,0.985,0.0,0.0,,,3.088,21094.233,7.529,99.458,35.129,501.693,20979.831,,,163375551570.0,,8.324,0.197,0.076,0.993,,41.512,,,,18.106,0.542,0.419,2.736,41.191,114.419,,0.985,41.191,18.106,0.542,0.419,2.736,114.419,,,,,0.0,0.0,0.0,0.0,0.0,,10.326,26.915,12.707,135.769,,5677.618,,,,0.0,,0.0,0.0,0.0,,,0.0,,23913090.0,504.428,41.191,,18.106,0.542,0.419,2.736,114.419,,,0.0,0.0,0.0,0.0,0.0,,,0.0,0.0,0.0,0.0,0.0
ZAF,South Africa,1974,5.94,24.968,,,,,2.867,14.463,,,,,,,,,,4.756,73.673,17.355,382.285,,15570.097,445.267,18135.281,,,,,,1.132,0.0,,,0.0,1.132,0.0,0.0,,,3.007,21133.933,2.802,99.394,14.055,515.748,21005.879,,,172551371762.0,,17.313,0.224,0.172,1.165,,47.431,,,,14.924,0.606,0.408,3.144,46.105,128.07,,1.132,46.105,14.924,0.606,0.408,3.144,128.07,,,,,0.0,0.0,0.0,0.0,0.0,,-2.557,25.496,-3.472,132.298,,5388.352,,,,0.0,,0.0,0.0,0.0,,,0.0,,24552540.0,518.892,46.105,,14.924,0.606,0.408,3.144,128.07,,,0.0,0.0,0.0,0.0,0.0,,,0.0,0.0,0.0,0.0,0.0
ZAF,South Africa,1975,5.123,22.811,,,,,6.613,34.315,,,,,,,,,,6.729,73.754,25.725,408.01,,16193.982,468.078,18578.071,,,,,,1.12,0.0,,,0.0,1.12,0.0,0.0,,,3.148,21956.853,6.66,99.438,34.349,550.096,21833.39,,,175749500352.0,,31.475,0.277,0.367,1.531,,60.769,,,,-1.06,0.562,-0.033,3.111,44.453,123.48,,1.12,44.453,-1.06,0.562,-0.033,3.111,123.48,,,,,0.0,0.0,0.0,0.0,0.0,,6.241,25.407,8.257,140.555,,5578.639,,,,0.0,,0.0,0.0,0.0,,,0.0,,25195184.0,553.207,44.453,,-1.06,0.562,-0.033,3.111,123.48,,,0.0,0.0,0.0,0.0,0.0,,,0.0,0.0,0.0,0.0,0.0
ZAF,South Africa,1976,10.099,47.273,,,,,4.349,24.059,,,,,,,,,,4.995,74.21,20.378,428.388,,16580.509,515.351,19946.318,,,,,,1.876,0.0,,,0.0,1.876,0.0,0.0,,,3.206,22342.692,3.992,99.097,21.959,572.055,22141.017,,,180034628592.0,,0.998,0.268,0.015,1.546,,59.851,,,,67.5,0.903,2.1,5.211,72.609,201.693,,1.876,72.609,67.5,0.903,2.1,5.211,201.693,,,,,0.0,0.0,0.0,0.0,0.0,,1.113,24.619,1.565,142.12,,5500.657,,,,0.0,,0.0,0.0,0.0,,,0.0,,25836890.0,577.266,72.609,,67.5,0.903,2.1,5.211,201.693,,,0.0,0.0,0.0,0.0,0.0,,,0.0,0.0,0.0,0.0,0.0
ZAF,South Africa,1977,11.717,60.384,,,,,2.451,14.146,,,,,,,,,,3.596,75.039,15.404,443.792,,16758.956,575.734,21741.489,,,,,,1.944,0.0,,,0.0,1.944,0.0,0.0,,,3.291,22333.509,2.44,99.087,13.957,586.012,22129.606,,,179681539636.0,,-4.199,0.25,-0.065,1.481,,55.943,,,,3.625,0.913,0.189,5.4,73.411,203.921,,1.944,73.411,3.625,0.913,0.189,5.4,203.921,,,,,0.0,0.0,0.0,0.0,0.0,,-0.972,23.797,-1.382,140.738,,5314.707,,,,0.0,,0.0,0.0,0.0,,,0.0,,26480914.0,591.412,73.411,,3.625,0.913,0.189,5.4,203.921,,,0.0,0.0,0.0,0.0,0.0,,,0.0,0.0,0.0,0.0,0.0
ZAF,South Africa,1978,6.354,36.582,,,,,-0.972,-5.746,,,,,,,,,,-2.875,73.597,-12.761,431.031,,15882.381,612.317,22562.266,,,,,,1.907,0.0,,,0.0,1.907,0.0,0.0,,,3.166,21580.235,-0.963,99.096,-5.644,580.369,21385.064,,,185013855811.0,,2.578,0.259,0.038,1.52,,55.994,,,,-1.903,0.904,-0.103,5.297,70.268,195.189,,1.907,70.268,-1.903,0.904,-0.103,5.297,195.189,,,,,0.0,0.0,0.0,0.0,0.0,,5.03,25.239,7.079,147.817,,5446.689,,,,0.0,,0.0,0.0,0.0,,,0.0,,27138966.0,585.665,70.268,,-1.903,0.904,-0.103,5.297,195.189,,,0.0,0.0,0.0,0.0,0.0,,,0.0,0.0,0.0,0.0,0.0
ZAF,South Africa,1979,14.705,90.043,,,,,3.283,19.228,,,,,,,,,,6.662,76.005,28.716,459.747,,16521.429,702.36,25239.924,,,,,,1.144,0.0,,,0.0,1.144,0.0,0.0,,,3.146,21737.374,3.678,99.475,21.347,601.716,21623.195,,,192300234736.0,,23.618,0.311,0.359,1.879,,67.506,,,,-40.01,0.525,-2.119,3.178,41.111,114.196,,1.144,41.111,-40.01,0.525,-2.119,3.178,114.196,,,,,0.0,0.0,0.0,0.0,0.0,,-5.228,23.159,-7.728,140.09,,5034.26,,,,0.0,,0.0,0.0,0.0,,,0.0,,27827324.0,604.893,41.111,,-40.01,0.525,-2.119,3.178,114.196,,,0.0,0.0,0.0,0.0,0.0,,,0.0,0.0,0.0,0.0,0.0
ZAF,South Africa,1980,13.853,97.297,,,,,6.744,40.793,,,,,,,,,,8.045,76.931,36.985,496.732,,17394.559,799.657,28002.354,,,,,,0.992,0.0,,,0.0,0.992,0.0,0.0,,,3.154,22610.624,6.85,99.573,41.216,642.931,22514.148,,,204702612824.0,,13.209,0.329,0.248,2.127,,74.471,0.0,0.0,,-13.287,0.427,-0.422,2.756,34.738,96.494,,0.992,34.738,-13.287,0.427,-0.422,2.756,96.494,,,,,0.0,0.0,0.0,0.0,0.0,,2.843,22.313,3.982,144.072,,5045.118,0.0,0.0,,0.0,,0.0,0.0,0.0,,,0.0,,28556772.0,645.686,34.738,,-13.287,0.427,-0.422,2.756,96.494,,,0.0,0.0,0.0,0.0,0.0,,,0.0,0.0,0.0,0.0,0.0
ZAF,South Africa,1981,8.876,70.978,,0.0,,0.0,16.408,105.944,,,,,,,,,,18.547,78.344,92.128,588.86,,20074.953,870.634,29680.957,,,,,,1.653,0.0,,,0.0,1.653,0.0,0.0,,,3.489,25623.956,16.193,99.389,104.107,747.039,25467.441,,,215434536739.0,,-2.963,0.275,-0.063,2.064,,70.352,0.0,0.0,,66.633,0.611,1.836,4.592,56.353,156.535,,1.653,56.353,66.633,0.611,1.836,4.592,156.535,,,,,0.0,0.0,0.0,0.0,0.0,,8.359,20.77,12.042,156.115,,5322.136,0.0,0.0,,0.0,,0.0,0.0,0.0,,,0.0,,29333096.0,751.63,56.353,,66.633,0.611,1.836,4.592,156.535,,,0.0,0.0,0.0,0.0,0.0,,,0.0,0.0,0.0,0.0,0.0
ZAF,South Africa,1982,10.628,92.527,,0.0,,0.0,7.571,56.903,,,,,,,,,,9.633,79.847,56.727,645.587,,21412.21,963.162,31945.184,,,,,,1.016,0.0,,,0.0,1.016,0.0,0.0,,,3.768,26816.63,7.854,99.651,58.673,805.712,26723.047,,,214585939839.0,,-8.971,0.232,-0.185,1.879,,62.305,0.0,0.0,,-38.536,0.349,-1.769,2.822,33.698,93.605,,1.016,33.698,-38.536,0.349,-1.769,2.822,93.605,,,,,0.0,0.0,0.0,0.0,0.0,,1.365,19.572,2.131,158.245,,5248.532,0.0,0.0,,0.0,,0.0,0.0,0.0,,,0.0,,30150448.0,808.533,33.698,,-38.536,0.349,-1.769,2.822,93.605,,,0.0,0.0,0.0,0.0,0.0,,,0.0,0.0,0.0,0.0,0.0
ZAF,South Africa,1983,1.062,10.23,,0.0,,0.0,1.337,10.813,,,,,,,,,,1.567,80.027,10.114,655.701,,21155.928,973.392,31406.055,,,,,,0.595,0.0,,,0.0,0.595,0.0,0.0,,,3.889,26435.853,1.487,99.798,11.983,817.694,26382.548,,,210671513840.0,,13.311,0.26,0.25,2.129,,68.678,0.0,0.0,,-41.437,0.202,-1.169,1.653,19.197,53.326,,0.595,19.197,-41.437,0.202,-1.169,1.653,53.326,,,,,0.0,0.0,0.0,0.0,0.0,,1.023,19.511,1.618,159.864,,5157.942,0.0,0.0,,0.0,,0.0,0.0,0.0,,,0.0,,30993762.0,819.347,19.197,,-41.437,0.202,-1.169,1.653,53.326,,,0.0,0.0,0.0,0.0,0.0,,,0.0,0.0,0.0,0.0,0.0
ZAF,South Africa,1984,11.978,116.597,,0.0,,0.0,9.256,75.84,,,,,,,,,,7.753,78.926,50.835,706.537,,22189.132,1089.988,34231.593,,,,,,0.56,3.925,,,0.0,0.56,0.0,0.0,,,4.044,28113.761,7.953,98.608,65.035,882.729,27722.524,,,221387595167.0,,0.314,0.239,0.007,2.135,,67.059,0.0,0.0,,-5.882,0.174,-0.097,1.556,17.587,48.853,,4.485,140.854,653.782,1.392,10.806,12.458,391.26,,,,,1.218,10.903,10.903,123.266,342.407,,8.878,19.444,14.193,174.057,,5466.333,0.0,0.0,,0.0,,0.0,0.0,0.0,,,0.0,,31841588.0,895.187,17.587,,-5.882,0.174,-0.097,1.556,48.853,,,0.0,0.0,0.0,0.0,0.0,,,0.0,0.0,0.0,0.0,0.0
ZAF,South Africa,1985,6.439,70.182,,0.0,,0.0,2.116,18.94,,,,,,,,,94.363,2.694,79.373,19.037,725.574,4143.441,22203.159,1160.17,35502.133,,,135.403,135.445,0.0,0.624,5.315,0.042,,0.0,0.624,0.0,0.0,143.491,,4.18,27973.019,1.688,98.195,14.901,897.63,27468.213,4144.726,94.393,218712377420.0,0.0,-5.585,0.221,-0.119,2.016,0.0,61.692,0.0,0.0,0.435,11.429,0.19,0.178,1.733,19.095,53.041,4.139,5.939,181.738,32.419,1.805,4.039,16.497,504.829,,,3.704,35.414,1.615,3.861,14.764,162.643,451.787,0.029,-2.308,18.601,-4.017,170.04,1.285,5203.361,0.0,0.0,,0.0,,0.0,0.0,0.0,,0.0,0.0,4390.94,32678876.0,914.127,19.095,0.435,11.429,0.19,0.178,1.733,53.041,0.0,,0.0,0.0,0.0,0.0,0.0,0.0,,0.0,0.0,0.0,0.0,0.0
ZAF,South Africa,1986,1.986,23.04,,0.0,,0.0,1.833,16.758,,,,,,,,,91.734,1.391,79.029,10.092,735.666,4059.833,21962.836,1183.209,35323.949,,,135.988,136.03,0.0,1.623,8.803,0.042,,0.0,1.623,0.0,0.0,148.241,,4.253,27790.947,0.478,96.889,4.294,901.924,26926.354,4061.087,91.763,218892224388.0,0.0,4.92,0.227,0.099,2.115,0.0,63.148,0.0,0.0,1.095,160.096,0.484,2.775,4.508,48.454,134.593,7.033,10.426,311.261,75.551,3.111,12.464,28.961,864.616,,,5.938,65.626,2.627,9.689,24.453,262.808,730.022,0.028,-3.468,17.633,-5.897,164.142,1.254,4900.369,0.0,0.0,,0.0,,0.0,0.0,0.0,,0.0,0.0,4425.638,33495958.0,930.884,48.454,1.095,160.096,0.484,2.775,4.508,134.593,0.0,,0.0,0.0,0.0,0.0,0.0,0.0,,0.0,0.0,0.0,0.0,0.0
ZAF,South Africa,1987,-0.322,-3.807,,0.0,,0.0,1.602,14.908,,,,,,,,,93.7,1.755,79.148,12.907,748.573,4162.754,21825.751,1179.402,34387.176,,,142.773,142.815,0.0,1.617,6.167,0.042,,0.0,1.617,0.0,0.0,152.373,,4.235,27575.959,2.467,97.714,22.247,924.171,26945.554,4163.978,93.727,223307087552.0,0.0,-7.488,0.207,-0.158,1.957,0.0,57.054,0.0,0.0,1.061,-0.37,0.475,-0.017,4.492,47.146,130.961,5.109,7.784,226.954,-25.34,2.286,-7.339,21.622,630.428,,,4.047,-29.944,1.811,-7.322,17.131,179.808,499.467,0.028,5.787,18.359,9.498,173.641,1.225,5062.749,0.0,0.0,,0.0,,0.0,0.0,0.0,,0.0,0.0,4442.656,34297728.0,945.793,47.146,1.061,-0.37,0.475,-0.017,4.492,130.961,0.0,,0.0,0.0,0.0,0.0,0.0,0.0,,0.0,0.0,0.0,0.0,0.0
ZAF,South Africa,1988,2.742,32.343,,0.0,,0.0,10.078,95.313,,,,,,,,,90.446,8.196,77.795,61.354,809.927,4074.88,23074.272,1211.745,34521.758,,,143.032,143.083,0.0,3.162,10.493,0.051,,0.0,3.162,0.0,0.0,158.141,,4.478,29660.377,8.549,96.357,79.005,1003.176,28579.785,4076.333,90.478,232506871996.0,0.0,0.878,0.19,0.017,1.974,0.0,56.238,0.0,0.0,1.999,95.547,0.844,4.292,8.783,90.083,250.231,8.635,13.655,389.021,75.424,3.643,16.308,37.931,1080.616,,,6.635,70.148,2.8,12.017,29.147,298.938,830.384,0.032,10.155,18.372,17.634,191.274,1.453,5449.275,0.0,0.0,,0.0,,0.0,0.0,0.0,,0.0,0.0,4505.325,35100908.0,1041.106,90.083,1.999,95.547,0.844,4.292,8.783,250.231,0.0,,0.0,0.0,0.0,0.0,0.0,0.0,,0.0,0.0,0.0,0.0,0.0
ZAF,South Africa,1989,-2.987,-36.197,,0.0,,0.0,-4.47,-46.542,,,,,,,,,90.881,-6.673,76.001,-54.049,755.879,4131.972,21037.522,1175.548,32717.684,,,148.462,148.462,0.0,2.759,11.099,0.0,,0.0,2.759,0.0,0.0,163.359,,4.19,27680.563,-4.696,96.13,-47.106,956.071,26609.213,4131.972,90.881,237353621286.0,0.0,1.935,0.202,0.038,2.012,0.0,56.003,0.0,0.0,1.689,-12.745,0.771,-1.119,7.664,76.788,213.3,8.483,13.858,385.694,1.487,3.87,0.564,38.494,1071.373,,,6.794,5.775,3.1,1.683,30.831,308.906,858.072,0.0,3.61,19.926,6.904,198.179,0.0,5515.688,0.0,0.0,,0.0,,0.0,0.0,0.0,,0.0,0.0,4546.584,35930056.0,994.564,76.788,1.689,-12.745,0.771,-1.119,7.664,213.3,0.0,,0.0,0.0,0.0,0.0,0.0,0.0,,0.0,0.0,0.0,0.0,0.0
ZAF,South Africa,1990,-0.92,-10.816,,0.0,,0.0,3.461,34.419,,,,,,,,,93.243,3.575,76.085,27.019,782.898,4237.061,21274.117,1164.732,31649.894,,,155.926,155.926,0.0,1.01,8.449,0.0,,0.0,1.01,0.0,0.0,167.226,,4.376,27961.113,4.878,97.447,46.638,1002.709,27247.15,4237.061,93.243,235128504303.0,0.0,879.467,1.915,17.697,19.709,0.0,535.558,0.0,0.0,0.604,-63.393,0.273,-4.858,2.806,27.445,76.237,5.656,9.459,257.034,-31.743,2.553,-12.219,26.275,713.985,,,5.052,-23.876,2.281,-7.361,23.469,229.589,637.748,0.0,0.97,19.447,1.923,200.102,0.0,5437.476,0.0,0.0,,0.0,,0.0,0.0,0.0,,0.0,0.0,4544.122,36800508.0,1028.983,27.445,0.604,-63.393,0.273,-4.858,2.806,76.237,0.0,,0.0,0.0,0.0,0.0,0.0,0.0,,0.0,0.0,0.0,0.0,0.0
ZAF,South Africa,1991,2.012,23.435,,0.0,,0.0,-0.742,-7.636,,,,,,,,,92.319,-1.807,75.269,-14.145,768.753,4119.627,20381.093,1188.167,31500.525,,,155.388,155.388,0.0,1.98,9.144,0.0,,0.0,1.98,0.0,0.0,168.316,,4.306,27077.822,-1.223,96.975,-12.261,990.448,26258.626,4119.627,92.319,237173670370.0,0.0,1.172,1.952,0.231,19.94,0.0,528.639,0.0,0.0,1.176,96.04,0.539,2.694,5.5,52.494,145.815,6.609,11.124,294.918,17.602,3.025,4.625,30.9,819.217,,,5.433,8.226,2.487,1.931,25.4,242.425,673.402,0.0,0.826,19.754,1.653,201.755,0.0,5348.894,0.0,0.0,,0.0,,0.0,0.0,0.0,,0.0,0.0,4462.372,37718952.0,1021.347,52.494,1.176,96.04,0.539,2.694,5.5,145.815,0.0,,0.0,0.0,0.0,0.0,0.0,0.0,,0.0,0.0,0.0,0.0,0.0
ZAF,South Africa,1992,2.387,28.358,,13.666,,0.948,0.49,5.002,,,,,,,,,93.234,0.381,75.187,2.932,771.684,4052.403,19954.305,1216.525,31457.024,,,156.717,156.717,0.0,0.752,9.288,0.0,,0.0,0.752,0.0,0.0,168.09,,4.339,26539.42,0.809,97.283,8.013,998.46,25818.287,4052.403,93.234,236546775681.0,0.0,-7.664,1.794,-1.528,18.412,0.0,476.088,13.666,353.371,0.447,-62.02,0.204,-3.411,2.089,19.445,54.015,5.973,10.04,259.615,-9.745,2.717,-3.011,27.889,721.154,,,5.526,1.575,2.514,0.4,25.8,240.17,667.139,0.0,3.276,20.301,6.609,208.364,0.0,5387.894,0.948,24.522,,0.0,,0.0,0.0,0.0,,0.0,0.0,4346.487,38672608.0,1026.349,19.445,0.447,-62.02,0.204,-3.411,2.089,54.015,0.0,,0.0,0.0,0.0,0.0,0.0,0.0,,0.0,0.0,0.0,0.0,0.0
ZAF,South Africa,1993,2.218,26.987,42.464,5.803,477.365,4.527,-0.151,-1.55,,,,,,,,,94.994,0.395,75.598,3.045,774.729,4187.34,19547.229,1243.512,31375.081,,,165.96,165.96,0.0,0.146,7.255,0.0,,0.0,0.146,0.0,0.0,174.706,,4.199,25856.711,0.579,97.994,5.78,1004.241,25338.023,4187.34,94.994,244041356333.0,0.0,-30.815,1.243,-5.674,12.738,0.0,321.394,19.469,491.218,0.084,-80.585,0.04,-1.683,0.406,3.684,10.233,4.236,7.401,186.735,-26.285,2.006,-7.331,20.558,518.708,,,4.153,-21.888,1.967,-5.647,20.153,183.051,508.476,0.0,4.036,21.153,8.409,216.773,0.0,5469.4,5.475,138.146,,0.0,,0.0,0.0,0.0,,0.0,0.0,4408.011,39633752.0,1024.798,3.684,0.084,-80.585,0.04,-1.683,0.406,10.233,0.0,,0.0,0.0,0.0,0.0,0.0,0.0,,0.0,0.0,0.0,0.0,0.0
ZAF,South Africa,1994,3.933,48.905,9.189,1.789,0.0,0.0,4.268,43.739,,,,,,,,,93.237,3.214,74.834,24.901,799.63,4176.159,19712.785,1292.417,31861.141,,,169.402,169.402,0.0,1.074,9.697,0.0,,0.0,1.074,0.0,0.0,181.69,,4.162,26341.967,3.423,97.2,34.378,1038.619,25604.403,4176.159,93.237,256732106242.0,0.0,0.127,1.194,0.016,12.754,0.0,314.423,21.258,524.054,0.591,635.616,0.279,2.578,2.983,26.477,73.546,5.928,10.771,265.531,45.534,2.8,9.361,29.919,737.586,,,5.337,33.66,2.521,6.783,26.936,239.054,664.039,0.0,4.364,21.172,9.461,226.234,0.0,5577.195,5.475,134.978,,0.0,,0.0,0.0,0.0,,0.0,0.0,4479.088,40564064.0,1068.537,26.477,0.591,635.616,0.279,2.578,2.983,73.546,0.0,,0.0,0.0,0.0,0.0,0.0,0.0,,0.0,0.0,0.0,0.0,0.0
ZAF,South Africa,1995,5.211,67.343,0.004,0.001,0.0,0.0,4.512,48.209,,,,,,,,,92.98,3.762,74.297,30.083,829.713,4188.435,20024.105,1359.76,32816.098,,,173.551,173.551,0.0,0.529,11.301,0.0,,0.0,0.529,0.0,0.0,186.655,,4.139,26951.274,4.358,97.057,45.268,1083.886,26158.233,4188.435,92.98,269822893228.0,0.0,1.232,1.156,0.157,12.911,0.0,311.6,21.259,513.052,0.283,-50.745,0.132,-1.514,1.469,12.767,35.463,6.338,11.83,285.502,9.832,2.943,2.942,32.861,793.062,,,6.054,16.541,2.811,4.456,31.392,272.735,757.599,0.0,6.642,21.604,15.027,241.261,0.0,5822.528,5.475,132.138,,0.0,,0.0,0.0,0.0,,0.0,0.0,4504.684,41435760.0,1116.747,12.767,0.283,-50.745,0.132,-1.514,1.469,35.463,0.0,,0.0,0.0,0.0,0.0,0.0,0.0,,0.0,0.0,0.0,0.0,0.0
ZAF,South Africa,1996,0.023,0.319,-6.082,-1.293,0.274,0.015,1.975,22.051,,,,,,,,,92.317,1.542,73.982,12.794,842.507,4372.954,19945.263,1360.079,32198.075,,,184.718,184.718,0.0,1.319,11.775,0.0,,0.06,1.379,0.0,0.0,200.092,,3.971,26959.536,1.695,96.791,18.374,1102.26,26094.547,4372.954,92.317,286805361690.0,0.0,-12.91,0.987,-1.667,11.245,0.0,266.2,19.966,472.661,0.659,149.338,0.322,2.194,3.664,31.226,86.738,6.574,13.154,311.404,11.192,3.209,3.678,36.539,865.011,,,5.885,4.194,2.872,1.317,32.708,278.758,774.327,0.0,3.004,21.822,7.247,248.507,0.0,5883.084,5.49,129.974,,1.42,,0.015,0.167,0.167,,0.03,3.946,4736.913,42241008.0,1138.798,32.646,0.689,160.681,0.336,2.361,3.831,90.683,0.0,,0.0,0.0,0.0,0.0,0.0,0.0,,0.0,0.0,0.0,0.0,0.0
ZAF,South Africa,1997,6.626,90.113,-4.936,-0.985,-0.273,-0.015,2.244,25.554,,,,,,,,,91.684,2.205,73.954,18.579,861.087,4486.634,20031.133,1450.192,33735.241,,,192.869,192.869,0.0,2.092,12.647,0.0,,0.146,2.238,0.0,0.0,210.362,,3.881,27085.851,1.882,96.449,20.746,1123.005,26124.028,4486.634,91.684,300044514547.0,0.0,-17.16,0.8,-1.93,9.315,0.0,216.691,18.98,441.53,0.994,58.605,0.499,2.147,5.811,48.665,135.182,7.076,14.885,346.264,13.159,3.551,4.808,41.347,961.845,,,6.012,7.406,3.017,2.422,35.131,294.202,817.229,0.0,1.648,21.695,4.096,252.603,0.0,5876.203,5.475,127.368,,3.396,143.333,0.035,0.239,0.406,,0.069,9.434,4893.567,42987456.0,1164.352,52.062,1.064,62.292,0.534,2.386,6.217,144.616,0.0,,0.0,0.0,0.0,0.0,0.0,0.0,,0.0,0.0,0.0,0.0,0.0
ZAF,South Africa,1998,1.104,16.007,-17.143,-3.254,199.116,10.902,-1.762,-20.52,,,,,,,,,91.31,-3.003,73.02,-25.859,835.228,4292.979,19120.55,1466.2,33565.108,,,187.527,187.527,0.0,1.595,13.601,0.0,,0.231,1.826,0.0,0.0,205.374,,3.721,26185.263,-1.961,96.254,-22.026,1100.979,25204.272,4292.979,91.31,307359746389.0,0.0,-0.187,0.813,-0.017,9.298,0.0,212.846,15.727,360.02,0.777,-23.757,0.387,-1.381,4.431,36.514,101.427,7.512,15.427,353.164,3.641,3.746,1.506,42.853,981.012,,,6.623,7.543,3.303,2.65,37.781,311.362,864.895,0.0,1.524,22.421,3.85,256.453,0.0,5870.877,16.377,374.92,,5.288,58.219,0.056,0.236,0.642,,0.112,14.689,4701.543,43682256.0,1143.831,41.802,0.889,-18.409,0.443,-1.144,5.072,116.116,0.0,,0.0,0.0,0.0,0.0,0.0,0.0,,0.0,0.0,0.0,0.0,0.0
ZAF,South Africa,1999,0.158,2.321,-3.448,-0.542,21.937,3.593,3.404,38.935,,,,,,,,,91.946,4.486,73.785,37.471,872.699,4209.925,19682.647,1468.521,33120.631,,,186.662,186.662,0.0,0.726,12.837,0.0,,0.197,0.923,0.0,0.0,203.012,,3.689,26675.795,3.957,96.768,43.565,1144.545,25813.761,4209.925,91.946,320626873269.0,0.0,27.601,1.003,2.566,11.864,0.0,267.574,15.184,342.461,0.358,-54.483,0.171,-2.414,2.017,16.374,45.483,6.778,13.76,310.339,-10.806,3.232,-4.631,38.222,862.055,,,6.323,-5.617,3.015,-2.122,35.658,289.522,804.229,0.0,1.376,21.981,3.528,259.981,0.0,5863.54,19.97,450.397,,4.443,-14.719,0.046,-0.094,0.547,,0.097,12.342,4578.679,44338552.0,1182.766,20.817,0.455,-49.452,0.217,-2.508,2.564,57.825,0.0,,0.0,0.0,0.0,0.0,0.0,0.0,,0.0,0.0,0.0,0.0,0.0
ZAF,South Africa,2000,0.288,4.231,17.857,2.711,-1.683,-0.336,0.122,1.443,0.229,10.007,,,,,,759.709,92.467,-0.542,73.295,-4.734,867.965,4040.01,19301.982,1472.752,32751.318,197.8,0.45,181.67,181.67,0.0,1.34,13.01,0.0,0.0,0.45,1.79,0.0,0.0,196.47,149.26,3.48,26334.652,-0.077,96.576,-0.884,1143.661,25432.927,4040.01,92.467,340328921138.0,0.0,-3.943,0.962,-0.468,11.396,0.0,253.427,17.896,397.967,0.682,51.653,0.258,1.042,3.058,29.799,68.012,7.533,14.8,329.125,6.089,3.424,2.327,40.549,901.746,0.672,1.33,6.622,1.348,3.052,0.481,36.139,289.319,803.664,0.0,1.661,22.319,4.318,264.298,0.0,5877.517,19.634,436.619,0.0,10.007,142.386,0.112,0.779,1.326,0.0,0.229,29.496,4369.135,44967716.0,1184.209,39.806,0.911,72.026,0.372,1.847,4.411,98.083,0.0,,0.002,0.026,0.026,0.0,0.574,0.0,,0.0,0.0,0.0,0.0,0.0
ZAF,South Africa,2001,-0.285,-4.199,27.273,4.881,-1.102,-0.216,0.524,6.2,0.204,8.777,,,,,,766.409,93.294,0.358,73.174,3.103,871.069,4023.587,19114.444,1468.553,32225.413,197.27,0.4,183.36,183.36,0.0,2.06,10.72,0.0,0.0,0.4,2.46,0.0,0.0,196.54,150.63,3.341,26121.915,0.981,97.015,11.221,1154.881,25342.308,4023.587,93.294,356322429378.0,0.0,21.35,1.162,2.433,13.829,0.0,303.46,22.776,499.795,1.048,55.297,0.399,1.691,4.75,45.204,104.222,6.706,13.18,289.217,-12.382,2.985,-5.021,35.529,779.628,0.37,0.73,5.454,-18.145,2.485,-6.557,29.582,235.236,649.13,0.0,2.151,22.68,5.684,269.982,0.0,5924.403,19.417,426.088,0.0,8.777,-11.968,0.098,-0.159,1.168,0.0,0.204,25.622,4312.805,45571272.0,1190.409,53.981,1.252,34.835,0.5,1.536,5.947,130.498,0.0,15.375,0.003,0.004,0.03,0.0,0.654,0.0,,0.0,0.0,0.0,0.0,0.0
ZAF,South Africa,2002,-1.515,-22.255,9.524,2.169,-20.044,-3.892,-2.568,-30.569,0.211,9.317,,,,,,761.874,92.73,-4.876,71.441,-42.471,828.598,4090.71,17954.113,1446.298,31338.439,204.51,0.43,188.79,188.79,0.0,2.36,11.99,0.0,0.0,0.43,2.81,0.02,0.0,203.59,155.11,3.081,25131.453,-3.067,96.519,-35.42,1119.461,24256.522,4090.71,92.73,376468992339.0,0.0,0.655,1.2,0.091,13.92,0.0,301.61,24.945,540.52,1.159,20.311,0.493,0.965,5.714,51.137,123.815,7.27,14.8,320.687,12.272,3.439,4.36,39.889,864.314,0.45,0.92,5.889,11.145,2.835,3.297,32.879,259.8,712.414,0.0,2.578,23.878,6.96,276.942,0.0,6000.799,15.525,336.403,0.0,9.317,8.09,0.109,0.094,1.262,0.0,0.211,27.348,4411.397,46150916.0,1159.84,60.887,1.38,17.88,0.604,1.063,7.01,151.9,0.01,14.074,0.003,0.004,0.034,0.433,0.737,0.0,,0.0,0.0,0.0,0.0,0.0
ZAF,South Africa,2003,8.389,121.327,-0.87,-0.217,36.796,5.713,8.366,97.036,0.174,8.134,,,,,,769.153,93.654,11.148,73.274,92.368,920.966,4374.86,19712.813,1567.625,33554.184,214.84,0.38,204.39,204.39,0.0,0.78,12.66,0.0,0.0,0.38,1.19,0.02,0.01,218.24,167.86,3.182,26902.759,8.84,96.94,98.955,1218.416,26079.545,4374.86,93.654,394999844972.0,0.0,-24.385,0.837,-3.394,10.525,0.0,225.287,24.729,529.302,0.357,-60.551,0.179,-3.46,2.254,16.695,48.249,6.346,13.85,296.452,-4.937,3.017,-1.969,37.92,811.649,-1.583,-3.4,5.801,4.927,2.745,1.62,34.499,270.981,738.424,0.0,3.604,22.828,9.981,286.923,0.0,6141.444,21.238,454.587,0.0,8.134,-11.844,0.089,-0.149,1.113,0.0,0.174,23.815,4671.312,46719204.0,1256.876,25.471,0.545,-51.2,0.272,-3.589,3.421,73.225,0.009,11.378,0.003,0.004,0.038,0.428,0.811,0.005,,0.001,0.016,0.016,0.214,0.35
ZAF,South Africa,2004,1.708,26.77,-10.965,-2.711,71.869,15.263,9.131,114.763,0.158,7.612,,,,,,765.116,93.161,9.57,73.569,88.141,1009.107,4496.147,21337.986,1594.395,33714.127,223.81,0.36,212.63,212.63,0.0,0.94,14.28,0.0,0.0,0.36,1.33,0.02,0.01,228.24,174.63,3.259,29003.835,9.252,97.048,112.728,1331.143,28147.554,4496.147,93.161,420863973966.0,0.0,131.28,1.775,13.818,24.343,0.0,514.739,22.017,465.561,0.412,14.077,0.187,0.317,2.571,19.877,54.375,6.839,15.61,330.08,5.115,2.906,1.94,39.859,842.84,-1.979,-4.43,6.257,4.872,2.638,1.681,36.18,301.956,765.03,0.0,3.753,21.703,10.769,297.692,0.0,6294.83,36.501,771.837,0.0,7.612,-7.084,0.075,-0.079,1.034,0.0,0.158,21.86,4826.226,47291608.0,1371.638,28.123,0.583,7.563,0.268,0.259,3.68,77.81,0.009,10.801,0.003,0.004,0.042,0.423,0.887,0.004,98.883,0.002,0.016,0.032,0.211,0.687
ZAF,South Africa,2005,0.94,14.995,-8.374,-1.844,-34.733,-12.678,-5.335,-73.177,0.175,8.354,,,,,,771.006,93.862,-7.813,71.644,-78.843,930.264,4493.47,19428.849,1609.39,33612.572,225.54,0.4,215.15,215.23,0.08,1.32,12.24,0.0,0.0,0.4,1.75,0.02,0.01,229.22,176.73,2.875,27118.739,-5.116,97.272,-68.104,1263.039,26378.931,4495.141,93.897,451561304974.0,0.035,41.951,2.661,10.212,34.555,1.671,721.691,20.173,421.325,0.576,39.326,0.276,1.011,3.583,27.569,74.827,6.103,13.99,292.185,-11.738,2.709,-4.679,35.181,734.757,-1.632,-3.68,5.34,-16.041,2.339,-5.804,30.376,255.636,634.408,0.0,0.177,22.967,0.526,298.219,0.0,6228.391,23.823,497.556,0.0,8.354,10.659,0.088,0.11,1.144,0.0,0.175,23.893,4787.326,47880592.0,1298.461,36.549,0.763,30.573,0.37,1.125,4.805,100.349,0.009,8.983,0.004,0.004,0.046,0.418,0.955,0.004,-0.633,0.002,-0.0,0.032,0.209,0.674
ZAF,South Africa,2006,-0.093,-1.498,55.914,11.28,-34.13,-8.131,2.026,26.308,0.161,7.837,,,,,,774.894,94.349,1.856,71.524,17.264,947.528,4603.681,19540.919,1607.892,33159.614,232.62,0.38,223.23,223.25,0.02,2.87,10.07,0.0,0.0,0.38,3.28,0.02,0.01,236.6,183.34,2.726,27320.759,2.054,97.299,25.949,1288.988,26582.842,4604.093,94.358,485980661763.0,0.008,8.369,2.827,2.892,37.447,0.412,772.266,31.453,648.657,1.213,116.181,0.585,4.162,7.745,59.188,159.73,5.642,13.35,275.318,1.505,2.696,0.529,35.71,736.448,-1.711,-3.98,4.256,-11.775,2.023,-3.577,26.799,207.674,552.678,0.0,1.943,22.948,5.793,304.012,0.0,6269.658,15.692,323.622,0.0,7.837,-5.255,0.082,-0.06,1.084,0.0,0.161,22.353,4879.411,48489464.0,1324.769,67.644,1.386,85.46,0.673,4.106,8.911,183.77,0.008,8.724,0.004,0.004,0.05,0.412,1.025,0.004,-0.629,0.002,-0.0,0.032,0.206,0.661
ZAF,South Africa,2007,0.078,1.252,-47.241,-14.859,-18.991,-2.98,2.721,36.05,0.166,8.347,,,,,,774.239,93.894,2.686,71.499,25.45,972.977,4717.857,19808.284,1609.144,32759.612,243.66,0.41,231.74,232.91,0.08,0.86,12.6,1.09,0.0,0.41,1.3,0.02,0.01,246.81,191.09,2.608,27704.099,2.494,97.084,32.147,1321.135,26896.195,4741.676,94.368,521805718521.0,0.032,1.234,2.786,0.462,37.909,1.629,771.761,16.594,337.831,0.348,-1.722,0.559,-0.133,7.612,17.508,154.964,5.632,13.9,282.982,8.937,2.859,3.191,38.901,791.97,-1.293,-3.15,5.105,12.171,2.209,3.262,30.061,256.516,611.99,0.442,2.051,22.799,6.235,310.248,22.191,6316.15,12.712,258.798,0.0,8.347,5.502,0.084,0.06,1.144,0.0,0.166,23.28,5024.658,49119764.0,1360.819,26.466,0.527,-0.789,0.65,-0.07,8.841,179.98,0.008,7.389,0.004,0.004,0.053,0.407,1.087,0.004,-0.625,0.002,-0.0,0.032,0.204,0.649
ZAF,South Africa,2008,1.891,30.433,-11.111,-1.844,-10.369,-1.318,7.178,97.677,0.179,8.638,,,,,,771.902,93.927,11.565,74.426,112.525,1085.503,4542.234,21806.246,1639.577,32936.813,237.13,0.43,226.11,226.32,0.08,1.19,12.75,0.13,0.0,0.43,1.66,0.02,0.02,240.73,185.82,2.658,29299.144,7.404,97.288,97.813,1418.948,28504.674,4546.452,94.014,548744674187.0,0.033,3.457,2.689,1.311,39.219,1.607,787.86,14.75,296.314,0.494,-56.317,0.228,-4.287,3.325,23.905,66.796,5.986,14.41,289.477,0.174,2.672,0.068,38.969,782.836,-1.518,-3.6,5.296,14.193,2.354,4.267,34.327,256.13,689.589,0.054,-5.165,20.173,-16.023,294.225,2.612,5910.569,11.394,228.888,0.0,8.638,5.289,0.083,0.06,1.204,0.0,0.179,24.187,4835.929,49779472.0,1458.496,33.347,0.69,-47.495,0.318,-4.199,4.642,93.247,0.008,7.29,0.004,0.004,0.057,0.402,1.151,0.008,73.913,0.004,0.024,0.055,0.402,1.114
ZAF,South Africa,2009,-0.877,-14.387,-22.059,-3.254,-56.894,-6.482,-0.446,-6.503,0.181,8.321,,,,,,773.575,94.175,0.522,75.15,5.667,1091.17,4320.977,21617.175,1625.19,32196.638,229.84,0.42,218.11,218.17,0.01,1.39,11.57,0.05,0.0,0.42,1.86,0.02,0.03,231.6,179.16,2.637,28765.431,-0.421,97.312,-5.979,1412.969,27992.324,4322.166,94.201,550669143987.0,0.004,-15.246,2.289,-5.979,33.24,0.198,658.517,11.497,227.759,0.6,14.531,0.262,0.483,3.808,27.537,75.446,5.799,13.43,266.062,-0.633,2.667,-0.247,38.722,767.128,-0.766,-1.76,4.996,-2.13,2.314,-0.731,33.596,229.213,665.571,0.022,-1.926,19.873,-5.667,288.558,0.991,5716.631,4.911,97.3,0.0,8.321,-2.143,0.081,-0.026,1.178,0.0,0.181,23.341,4588.227,50477012.0,1451.993,36.848,0.803,10.438,0.353,0.484,5.126,101.557,0.009,6.711,0.004,0.004,0.061,0.396,1.211,0.013,41.975,0.005,0.023,0.079,0.594,1.559
ZAF,South Africa,2010,3.122,50.734,-8.491,-0.976,-6.25,-0.307,0.662,9.613,0.152,7.224,,,,,,768.047,93.267,-1.066,73.86,-11.633,1079.536,4424.705,21077.723,1675.924,32722.047,240.51,0.37,226.62,227.57,0.76,2.09,12.9,0.19,0.0,0.37,2.51,0.02,0.03,242.98,186.62,2.528,28537.532,0.639,97.29,9.036,1422.005,27764.327,4443.254,93.658,578235141637.0,0.313,24.009,2.82,7.981,41.221,14.839,804.823,10.52,205.41,0.86,-21.75,0.204,-0.828,2.98,40.807,58.183,6.342,15.41,300.877,1.863,2.699,0.721,39.444,770.129,-1.027,-2.47,5.309,4.982,2.413,1.674,35.27,251.87,688.635,0.078,4.397,20.611,12.689,301.247,3.71,5881.781,4.604,89.901,0.0,7.224,-12.298,0.071,-0.145,1.033,0.0,0.152,20.175,4744.131,51216968.0,1461.606,49.007,1.033,-18.579,0.286,-0.952,4.174,81.494,0.008,17.728,0.005,0.011,0.072,0.39,1.405,0.012,12.638,0.006,0.01,0.089,0.586,1.731
ZAF,South Africa,2011,-0.631,-10.582,31.959,3.362,6.667,0.307,-1.241,-18.146,0.16,7.499,,,,,,768.048,93.075,-2.49,72.926,-26.88,1052.656,4375.838,20241.941,1665.342,32023.493,241.42,0.39,227.56,229.06,0.83,2.04,12.94,0.67,0.0,0.39,2.49,0.02,0.04,244.49,187.78,2.371,27756.843,-1.53,97.006,-21.757,1400.247,26925.887,4404.682,93.689,608683525035.0,0.339,3.855,2.966,1.589,42.809,15.96,823.201,13.883,266.956,0.834,166.44,0.55,4.96,7.94,39.228,152.677,6.311,15.43,296.709,8.374,2.961,3.303,42.747,821.99,-1.272,-3.07,5.293,-5.202,2.316,-1.835,33.435,248.828,642.936,0.274,1.173,21.115,3.534,304.781,12.884,5860.745,4.911,94.444,0.0,7.499,3.328,0.074,0.034,1.068,0.0,0.16,20.531,4701.391,52003756.0,1443.46,47.881,1.018,123.089,0.645,5.138,9.311,179.054,0.008,189.168,0.014,0.136,0.208,0.385,4.002,0.016,8.16,0.007,0.007,0.096,0.769,1.844
ZAF,South Africa,2012,2.355,39.212,-14.063,-1.952,-0.807,-0.04,-1.519,-21.925,0.166,7.571,,,,,,770.071,92.727,-2.401,72.273,-25.272,1027.384,4228.067,19446.016,1704.554,32263.257,235.87,0.4,223.38,226.84,1.66,1.19,12.4,1.8,0.0,0.4,1.66,0.03,0.04,240.9,185.51,2.285,26906.365,-1.192,97.328,-16.696,1383.552,26187.431,4293.556,94.164,622114291659.0,0.689,1.784,3.065,0.764,43.573,31.42,824.742,11.93,225.816,0.494,-66.958,0.185,-5.316,2.623,22.524,49.656,5.836,14.06,266.123,-12.438,2.633,-5.317,37.43,708.459,-2.133,-5.03,5.147,-0.102,2.35,-0.034,33.401,234.703,632.204,0.747,2.563,21.99,7.813,312.593,34.07,5916.673,4.872,92.212,0.0,7.571,1.951,0.077,0.021,1.089,0.0,0.166,20.603,4559.68,52832660.0,1421.535,31.42,0.689,-56.733,0.283,-5.283,4.029,76.255,0.012,6.449,0.016,0.013,0.222,0.568,4.193,0.017,-0.606,0.007,-0.001,0.095,0.757,1.804
ZAF,South Africa,2013,-0.889,-15.156,7.273,0.868,-4.398,-0.214,0.434,6.163,0.189,8.382,,,,,,763.241,91.009,0.022,71.977,0.228,1027.612,4042.496,19140.771,1689.397,31467.456,233.97,0.45,217.03,223.24,2.8,1.11,13.61,3.41,0.0,0.45,1.62,0.05,0.01,238.47,182.01,2.239,26592.933,0.197,97.098,2.723,1386.274,25821.356,4158.166,93.613,637619438885.0,1.174,-6.953,2.84,-3.03,40.544,52.154,755.185,12.798,238.383,0.465,7.732,0.198,0.203,2.826,20.675,52.644,6.387,15.23,283.681,9.22,2.863,3.451,40.881,761.467,-1.923,-4.5,5.707,8.125,2.53,2.714,36.115,253.506,672.69,1.43,1.767,22.282,5.524,318.117,63.516,5925.4,4.658,86.754,0.0,8.382,12.357,0.086,0.135,1.223,0.0,0.189,22.781,4441.847,53687124.0,1427.698,30.175,0.679,18.304,0.334,0.737,4.766,88.777,0.021,180.856,0.044,0.401,0.622,0.931,11.588,0.004,-0.602,0.007,-0.001,0.095,0.186,1.764
ZAF,South Africa,2014,1.877,31.717,-19.492,-2.495,-7.553,-0.352,1.154,16.471,0.169,7.334,,,,,,752.801,89.64,1.276,72.064,13.108,1040.72,3886.574,19080.32,1721.115,31554.505,233.83,0.4,211.99,218.36,2.9,0.9,14.76,3.47,0.0,0.4,3.37,1.01,1.06,236.49,178.03,2.227,26477.054,0.801,96.76,11.106,1397.38,25619.233,4003.36,92.334,648455222383.0,1.226,6.015,2.976,2.439,42.982,53.168,788.027,10.304,188.903,0.381,61.635,0.316,1.742,4.568,16.5,83.754,7.666,18.13,332.391,13.361,3.209,5.462,46.343,849.646,-1.138,-2.66,6.241,-2.797,2.431,-1.01,35.105,270.606,643.598,1.467,-1.396,21.72,-4.44,313.677,63.618,5750.886,4.306,78.941,0.0,7.334,-10.087,0.076,-0.123,1.1,0.0,0.169,20.161,4335.751,54544184.0,1444.169,61.785,1.425,135.801,0.778,6.473,11.239,206.048,0.427,359.373,0.198,2.236,2.858,18.517,52.397,0.448,2763.83,0.188,2.618,2.713,19.434,49.737
ZAF,South Africa,2015,-3.738,-64.341,15.789,1.627,0.0,0.0,-2.049,-29.597,0.168,7.041,,,,,,755.431,89.588,-6.172,69.031,-64.232,976.488,3745.326,17630.486,1656.773,29913.016,230.54,0.39,207.44,214.94,3.74,0.8,10.97,3.76,0.0,0.39,5.64,1.95,2.5,231.55,174.92,2.154,25540.076,-2.261,96.551,-31.601,1365.779,24659.12,3880.738,92.827,656850336557.0,1.615,0.475,3.053,0.204,43.186,67.526,779.728,11.93,215.404,0.345,-67.294,0.106,-3.074,1.494,14.444,26.976,7.173,16.61,299.893,4.074,3.41,1.888,48.231,870.815,-0.438,-1.01,4.738,-11.816,2.188,-4.148,30.957,198.063,558.923,1.624,10.338,24.467,32.427,346.104,67.887,6248.906,4.306,77.74,0.0,7.041,-3.862,0.075,-0.042,1.057,0.0,0.168,19.088,4180.632,55386368.0,1414.572,101.83,2.436,53.705,1.221,6.036,17.275,311.891,0.842,143.334,0.492,4.096,6.954,35.207,125.56,1.08,186.372,0.549,5.056,7.769,45.137,140.267
ZAF,South Africa,2016,0.825,13.667,-11.727,-1.399,-37.015,-1.594,4.582,64.816,0.174,7.294,,,,,,739.269,88.069,7.534,70.979,73.566,1050.054,3690.423,18681.708,1670.44,29719.089,228.5,0.41,207.43,213.03,1.61,0.67,15.21,3.99,0.0,0.41,7.29,2.51,3.7,235.53,174.12,2.246,26320.051,3.868,95.891,52.823,1418.602,25238.593,3790.054,90.447,658694344767.0,0.684,-15.375,2.47,-6.64,36.547,28.644,650.207,10.531,187.365,0.284,72.776,0.174,1.087,2.581,11.92,45.927,9.553,22.5,400.301,24.995,4.075,12.055,60.287,1072.571,-3.077,-7.03,6.458,22.065,2.554,6.831,37.787,270.604,672.281,1.694,-4.075,22.442,-14.104,332.0,70.987,5906.678,2.712,48.25,0.0,7.294,4.023,0.074,0.043,1.1,0.0,0.174,19.565,4190.355,56207648.0,1479.388,129.698,3.095,30.246,1.521,5.225,22.499,400.291,1.066,18.393,0.557,1.279,8.233,44.656,146.483,1.571,36.245,0.715,2.816,10.585,65.827,188.316
ZAF,South Africa,2017,-0.681,-11.374,0.0,,0.0,,-0.524,-7.747,0.194,8.069,,,,,,734.985,88.907,-1.629,70.19,-17.109,1032.945,3700.244,18118.753,1659.066,29101.447,230.17,0.46,210.95,212.75,1.77,0.8,15.09,0.03,0.0,0.46,9.43,3.25,4.92,237.27,174.39,2.203,25813.85,-1.01,95.422,-14.325,1404.277,24632.228,3731.818,89.666,668014868095.0,0.746,9.748,2.725,3.563,40.109,31.047,703.551,,,0.337,89.981,0.333,2.323,4.904,14.033,86.026,10.334,24.52,430.102,10.903,4.543,6.573,66.86,1172.781,-3.085,-7.1,6.36,-6.099,2.411,-2.305,35.483,264.692,622.394,0.013,-0.234,22.507,-0.778,331.222,0.526,5809.924,,,0.0,8.069,9.862,0.082,0.108,1.208,0.0,0.194,21.192,4161.92,57009752.0,1471.641,165.41,3.974,39.459,2.132,8.878,31.377,550.387,1.37,28.713,0.72,2.364,10.598,57.008,185.889,2.074,38.571,0.997,4.083,14.667,86.301,257.279
ZAF,South Africa,2018,0.683,11.333,0.0,,0.0,,-3.808,-56.047,0.169,6.921,,,,,,744.006,90.007,-5.1,69.247,-52.685,980.26,3676.427,16961.73,1670.399,28903.383,229.92,0.4,212.47,214.33,1.74,1.09,10.56,0.12,0.0,0.4,11.17,3.21,6.47,236.06,175.63,2.103,24494.417,-3.529,95.699,-49.563,1354.714,23440.988,3708.611,90.795,673272147245.0,0.737,9.969,3.116,3.999,44.108,30.108,763.211,,,0.462,-40.72,0.205,-1.997,2.907,18.861,50.306,9.205,21.73,376.0,-10.159,4.243,-6.792,60.068,1039.366,-2.67,-6.14,4.473,-18.888,2.033,-6.702,28.781,182.723,498.001,0.051,-0.265,23.336,-0.878,330.344,2.076,5716.047,,,0.0,6.921,-11.697,0.075,-0.141,1.067,0.0,0.169,18.46,4084.612,57792520.0,1415.594,193.278,4.732,-0.289,2.21,-0.091,31.287,541.365,1.36,7.248,0.803,0.768,11.366,55.544,196.663,2.741,8.724,1.127,1.28,15.947,111.952,275.936
ZAF,South Africa,2019,3.329,55.607,0.0,,0.0,,2.193,31.045,0.171,6.831,,,,,,731.385,88.034,3.181,69.917,31.186,1011.446,3509.155,17272.489,1726.006,29475.023,226.76,0.4,205.49,208.46,1.75,1.08,13.6,1.22,0.0,0.4,11.36,3.26,6.62,233.42,170.72,,24704.269,1.873,95.399,25.371,1380.084,23567.715,3559.873,89.307,,0.75,-3.79,2.933,-1.672,42.436,29.885,724.68,,,0.463,-17.045,0.167,-0.496,2.412,18.443,41.185,10.693,24.96,426.242,9.583,4.55,5.757,65.824,1124.079,-2.937,-6.66,5.826,16.976,2.327,4.886,33.667,232.247,574.926,0.523,-1.254,22.549,-4.143,326.201,20.834,5570.546,,,0.0,6.831,-0.369,0.073,-0.004,1.063,0.0,0.171,18.151,3986.115,58558264.0,1446.639,193.995,4.867,2.783,2.223,0.871,32.157,549.153,1.397,6.821,0.839,0.775,12.141,55.671,207.33,2.836,3.73,1.143,0.595,16.542,113.05,282.486
ZAF,South Africa,2020,-3.879,-66.946,0.0,,0.0,,-5.876,-85.0,0.182,6.913,,,,,,720.023,86.479,-4.359,71.043,-44.092,967.354,3278.44,16310.51,1659.06,27973.301,219.54,0.41,194.44,197.6,1.79,5.67,11.62,1.37,0.0,0.41,15.62,3.6,5.94,224.84,161.89,,22958.51,-6.512,94.754,-89.876,1290.208,21754.119,3331.721,87.885,,0.796,-4.54,2.975,-1.926,40.51,30.181,683.029,,,2.522,-48.932,0.09,-1.18,1.232,95.602,20.766,12.115,27.24,459.292,7.402,5.192,4.872,70.696,1192.007,-2.414,-5.3,5.168,14.018,2.819,4.719,38.386,195.924,647.227,0.609,-13.445,20.736,-43.858,282.344,23.099,4760.58,,,0.0,6.913,-0.367,0.078,-0.004,1.059,0.0,0.182,17.856,3791.013,59308692.0,1361.639,263.368,6.947,0.475,2.373,0.153,32.31,544.781,1.601,5.211,0.938,0.633,12.774,60.699,215.374,2.642,4.257,1.267,0.704,17.246,100.154,290.784
ZAF,South Africa,2021,,,,,,,,,0.178,6.829,,,,,,706.991,84.381,,,,,3228.407,,,,224.67,0.41,193.84,198.31,1.79,6.5,12.26,2.68,0.0,0.41,19.15,4.55,7.69,229.72,162.41,,,,,,,,3302.855,86.327,,0.779,,,,,29.812,,,,2.83,,,,,108.258,,13.673,31.41,523.134,,,,,,-2.248,-5.05,5.337,,,,,204.19,,1.167,,,,,44.635,,,,0.0,6.829,,,,,0.0,0.178,,3825.989,60041996.0,,318.943,8.336,,,,,,1.981,,,,,75.78,,3.348,,,,,128.077,
