iso_code,country,year,coal_prod_change_pct,coal_prod_change_twh,gas_prod_change_pct,gas_prod_change_twh,oil_prod_change_pct,oil_prod_change_twh,energy_cons_change_pct,energy_cons_change_twh,biofuel_share_elec,biofuel_elec_per_capita,biofuel_cons_change_pct,biofuel_share_energy,biofuel_cons_change_twh,biofuel_consumption,biofuel_cons_per_capita,carbon_intensity_elec,coal_share_elec,coal_cons_change_pct,coal_share_energy,coal_cons_change_twh,coal_consumption,coal_elec_per_capita,coal_cons_per_capita,coal_production,coal_prod_per_capita,electricity_demand,biofuel_electricity,coal_electricity,fossil_electricity,gas_electricity,hydro_electricity,nuclear_electricity,oil_electricity,other_renewable_exc_biofuel_electricity,other_renewable_electricity,renewables_electricity,solar_electricity,wind_electricity,electricity_generation,greenhouse_gas_emissions,energy_per_gdp,energy_per_capita,fossil_cons_change_pct,fossil_share_energy,fossil_cons_change_twh,fossil_fuel_consumption,fossil_energy_per_capita,fossil_cons_per_capita,fossil_share_elec,gdp,gas_share_elec,gas_cons_change_pct,gas_share_energy,gas_cons_change_twh,gas_consumption,gas_elec_per_capita,gas_energy_per_capita,gas_production,gas_prod_per_capita,hydro_share_elec,hydro_cons_change_pct,hydro_share_energy,hydro_cons_change_twh,hydro_consumption,hydro_elec_per_capita,hydro_energy_per_capita,low_carbon_share_elec,low_carbon_electricity,low_carbon_elec_per_capita,low_carbon_cons_change_pct,low_carbon_share_energy,low_carbon_cons_change_twh,low_carbon_consumption,low_carbon_energy_per_capita,net_elec_imports_share_demand,net_elec_imports,nuclear_share_elec,nuclear_cons_change_pct,nuclear_share_energy,nuclear_cons_change_twh,nuclear_consumption,nuclear_elec_per_capita,nuclear_energy_per_capita,oil_share_elec,oil_cons_change_pct,oil_share_energy,oil_cons_change_twh,oil_consumption,oil_elec_per_capita,oil_energy_per_capita,oil_production,oil_prod_per_capita,other_renewables_elec_per_capita_exc_biofuel,other_renewables_elec_per_capita,other_renewables_cons_change_pct,other_renewables_share_energy,other_renewables_cons_change_twh,other_renewable_consumption,other_renewables_share_elec_exc_biofuel,other_renewables_share_elec,other_renewables_energy_per_capita,per_capita_electricity,population,primary_energy_consumption,renewables_elec_per_capita,renewables_share_elec,renewables_cons_change_pct,renewables_share_energy,renewables_cons_change_twh,renewables_consumption,renewables_energy_per_capita,solar_share_elec,solar_cons_change_pct,solar_share_energy,solar_cons_change_twh,solar_consumption,solar_elec_per_capita,solar_energy_per_capita,wind_share_elec,wind_cons_change_pct,wind_share_energy,wind_cons_change_twh,wind_consumption,wind_elec_per_capita,wind_energy_per_capita
LKA,Sri Lanka,1965,,,,,,,,,,,,,,,,,,,0.0,,0.0,,0.0,,,,,,,,0.365,0.0,,,0.0,0.365,0.0,0.0,,,0.272,584.86,,84.398,,5.484,493.608,,,23850109650.0,,,0.0,,0.0,,0.0,,,,,15.602,,1.014,32.851,91.252,,0.365,32.851,,15.602,,1.014,91.252,,,,,0.0,,0.0,0.0,0.0,,,84.398,,5.484,,493.608,,,,0.0,,0.0,,0.0,,,0.0,,11110825.0,6.498,32.851,,,15.602,,1.014,91.252,,,0.0,,0.0,0.0,0.0,,,0.0,,0.0,0.0,0.0
LKA,Sri Lanka,1966,,,,,,,3.49,0.227,,,,,,,,,,,0.0,0.0,0.0,,0.0,,,,,,,,0.399,0.0,,,0.0,0.399,0.0,0.0,,,0.285,590.919,2.413,83.519,0.132,5.617,493.532,,,23609037654.0,,,0.0,0.0,0.0,,0.0,,,,9.315,16.481,0.094,1.108,35.059,97.387,,0.399,35.059,9.315,16.481,0.094,1.108,97.387,,,,,0.0,0.0,0.0,0.0,0.0,,2.413,83.519,0.132,5.617,,493.532,,,,0.0,,0.0,0.0,0.0,,,0.0,,11380665.0,6.725,35.059,,9.315,16.481,0.094,1.108,97.387,,,0.0,0.0,0.0,0.0,0.0,,,0.0,0.0,0.0,0.0,0.0
LKA,Sri Lanka,1967,,,,,,,2.477,0.167,,,,,,,,,,,0.0,0.0,0.0,,0.0,,,,,,,,0.41,0.0,,,0.0,0.41,0.0,0.0,,,0.268,591.167,2.422,83.474,0.136,5.753,493.473,,,25750589361.0,,,0.0,0.0,0.0,,0.0,,,,2.757,16.526,0.031,1.139,35.17,97.695,,0.41,35.17,2.757,16.526,0.031,1.139,97.695,,,,,0.0,0.0,0.0,0.0,0.0,,2.422,83.474,0.136,5.753,,493.473,,,,0.0,,0.0,0.0,0.0,,,0.0,,11657650.0,6.892,35.17,,2.757,16.526,0.031,1.139,97.695,,,0.0,0.0,0.0,0.0,0.0,,,0.0,0.0,0.0,0.0,0.0
LKA,Sri Lanka,1968,,,,,,,4.577,0.315,,,,,,,,,,,0.0,0.0,0.0,,0.0,,,,,,,,0.474,0.0,,,0.0,0.474,0.0,0.0,,,0.26,603.724,2.392,81.731,0.138,5.89,493.428,,,27687378771.0,,,0.0,0.0,0.0,,0.0,,,,15.61,18.269,0.178,1.317,39.706,110.296,,0.474,39.706,15.61,18.269,0.178,1.317,110.296,,,,,0.0,0.0,0.0,0.0,0.0,,2.392,81.731,0.138,5.89,,493.428,,,,0.0,,0.0,0.0,0.0,,,0.0,,11937607.0,7.207,39.706,,15.61,18.269,0.178,1.317,110.296,,,0.0,0.0,0.0,0.0,0.0,,,0.0,0.0,0.0,0.0,0.0
LKA,Sri Lanka,1969,,,,,,,4.784,0.345,,,,,,,,,,,0.0,0.0,0.0,,0.0,,,,,,,,0.549,0.0,,,0.0,0.549,0.0,0.0,,,0.262,618.243,2.317,79.806,0.136,6.027,493.396,,,28778195340.0,,,0.0,0.0,0.0,,0.0,,,,15.823,20.194,0.208,1.525,44.945,124.847,,0.549,44.945,15.823,20.194,0.208,1.525,124.847,,,,,0.0,0.0,0.0,0.0,0.0,,2.317,79.806,0.136,6.027,,493.396,,,,0.0,,0.0,0.0,0.0,,,0.0,,12214948.0,7.552,44.945,,15.823,20.194,0.208,1.525,124.847,,,0.0,0.0,0.0,0.0,0.0,,,0.0,0.0,0.0,0.0,0.0
LKA,Sri Lanka,1970,,,,,,,86.819,6.556,,,,,,,,,,,0.0,0.0,0.0,,0.0,,,,,,,,0.74,0.0,,,0.0,0.74,0.0,0.0,,,0.468,1129.943,99.97,85.424,6.025,12.052,965.245,,,30146122080.0,,,0.0,0.0,0.0,,0.0,,,,34.845,14.576,0.531,2.056,59.292,164.699,,0.74,59.292,34.845,14.576,0.531,2.056,164.699,,,,,0.0,0.0,0.0,0.0,0.0,,99.97,85.424,6.025,12.052,,965.245,,,,0.0,,0.0,0.0,0.0,,,0.0,,12485736.0,14.108,59.292,,34.845,14.576,0.531,2.056,164.699,,,0.0,0.0,0.0,0.0,0.0,,,0.0,0.0,0.0,0.0,0.0
LKA,Sri Lanka,1971,,,,,,,-5.951,-0.84,,,,,,,,,,,0.0,0.0,0.0,,0.0,,,,,,,,0.826,0.0,,,0.0,0.826,0.0,0.0,,,0.444,1040.847,-8.931,82.718,-1.076,10.975,860.969,,,29882786274.0,,,0.0,0.0,0.0,,0.0,,,,11.509,17.282,0.237,2.293,64.756,179.878,,0.826,64.756,11.509,17.282,0.237,2.293,179.878,,,,,0.0,0.0,0.0,0.0,0.0,,-8.931,82.718,-1.076,10.975,,860.969,,,,0.0,,0.0,0.0,0.0,,,0.0,,12747831.0,13.269,64.756,,11.509,17.282,0.237,2.293,179.878,,,0.0,0.0,0.0,0.0,0.0,,,0.0,0.0,0.0,0.0,0.0
LKA,Sri Lanka,1972,,,,,,,8.099,1.075,,,,,,,,,,,0.0,0.0,0.0,,0.0,,,,,,,,0.847,0.0,,,0.0,0.847,0.0,0.0,,,0.47,1103.13,9.244,83.595,1.015,11.99,922.158,,,30521860473.0,,,0.0,0.0,0.0,,0.0,,,,2.617,16.405,0.06,2.353,65.15,180.973,,0.847,65.15,2.617,16.405,0.06,2.353,180.973,,,,,0.0,0.0,0.0,0.0,0.0,,9.244,83.595,1.015,11.99,,922.158,,,,0.0,,0.0,0.0,0.0,,,0.0,,13002234.0,14.343,65.15,,2.617,16.405,0.06,2.353,180.973,,,0.0,0.0,0.0,0.0,0.0,,,0.0,0.0,0.0,0.0,0.0
LKA,Sri Lanka,1973,,,,,,,0.582,0.084,,,,,,,,,,,0.0,0.0,0.0,,0.0,,,,,,,,0.696,0.0,,,0.0,0.696,0.0,0.0,,,0.454,1088.639,4.204,86.605,0.504,12.494,942.813,,,31750252236.0,,,0.0,0.0,0.0,,0.0,,,,-17.873,13.395,-0.421,1.933,52.498,145.827,,0.696,52.498,-17.873,13.395,-0.421,1.933,145.827,,,,,0.0,0.0,0.0,0.0,0.0,,4.204,86.605,0.504,12.494,,942.813,,,,0.0,,0.0,0.0,0.0,,,0.0,,13252033.0,14.427,52.498,,-17.873,13.395,-0.421,1.933,145.827,,,0.0,0.0,0.0,0.0,0.0,,,0.0,0.0,0.0,0.0,0.0
LKA,Sri Lanka,1974,,,,,,,-12.186,-1.758,,,,,,,,,,,0.0,0.0,0.0,,0.0,,,,,,,,0.998,0.0,,,0.0,0.998,0.0,0.0,,,0.386,938.283,-20.783,78.126,-2.597,9.898,733.045,,,32792925672.0,,,0.0,0.0,0.0,,0.0,,,,43.395,21.874,0.839,2.771,73.886,205.238,,0.998,73.886,43.395,21.874,0.839,2.771,205.238,,,,,0.0,0.0,0.0,0.0,0.0,,-20.783,78.126,-2.597,9.898,,733.045,,,,0.0,,0.0,0.0,0.0,,,0.0,,13501931.0,12.669,73.886,,43.395,21.874,0.839,2.771,205.238,,,0.0,0.0,0.0,0.0,0.0,,,0.0,0.0,0.0,0.0,0.0
LKA,Sri Lanka,1975,,,,,,,-0.796,-0.101,,,,,,,,,,,0.0,0.0,0.0,,0.0,,,,,,,,1.077,0.0,,,0.0,1.077,0.0,0.0,,,0.375,913.683,-3.235,76.205,-0.32,9.577,696.27,,,33538555762.0,,,0.0,0.0,0.0,,0.0,,,,7.919,23.795,0.219,2.991,78.269,217.414,,1.077,78.269,7.919,23.795,0.219,2.991,217.414,,,,,0.0,0.0,0.0,0.0,0.0,,-3.235,76.205,-0.32,9.577,,696.27,,,,0.0,,0.0,0.0,0.0,,,0.0,,13755141.0,12.568,78.269,,7.919,23.795,0.219,2.991,217.414,,,0.0,0.0,0.0,0.0,0.0,,,0.0,0.0,0.0,0.0,0.0
LKA,Sri Lanka,1976,,,,,,,0.182,0.023,,,,,,,,,,,0.041,0.005,0.005,,0.367,,,,,,,,1.11,0.0,,,0.0,1.11,0.0,0.0,,,0.365,898.511,-0.715,75.522,-0.068,9.509,678.576,,,34528293184.0,,,0.0,0.0,0.0,,0.0,,,,3.056,24.478,0.091,3.082,79.177,219.937,,1.11,79.177,3.056,24.478,0.091,3.082,219.937,,,,,0.0,0.0,0.0,0.0,0.0,,-0.769,75.481,-0.074,9.504,,678.21,,,,0.0,,0.0,0.0,0.0,,,0.0,,14012894.0,12.591,79.177,,3.056,24.478,0.091,3.082,219.937,,,0.0,0.0,0.0,0.0,0.0,,,0.0,0.0,0.0,0.0,0.0
LKA,Sri Lanka,1977,,,,,,,7.112,0.895,,,,,,,,,,470.308,0.217,0.024,0.029,,2.053,,,,,,,,1.214,0.0,,,0.0,1.214,0.0,0.0,,,0.367,944.838,6.367,74.997,0.605,10.114,708.6,,,36792482692.0,,,0.0,0.0,0.0,,0.0,,,,9.41,25.003,0.29,3.372,85.046,236.238,,1.214,85.046,9.41,25.003,0.29,3.372,236.238,,,,,0.0,0.0,0.0,0.0,0.0,,6.116,74.78,0.581,10.085,,706.547,,,,0.0,,0.0,0.0,0.0,,,0.0,,14273495.0,13.486,85.046,,9.41,25.003,0.29,3.372,236.238,,,0.0,0.0,0.0,0.0,0.0,,,0.0,0.0,0.0,0.0,0.0
LKA,Sri Lanka,1978,,,,,,,15.356,2.071,,,,,,,,,,4.001,0.196,0.001,0.03,,2.097,,,,,,,,1.366,0.0,,,0.0,1.366,0.0,0.0,,,0.398,1070.414,16.29,75.604,1.648,11.762,809.278,,,39092871072.0,,,0.0,0.0,0.0,,0.0,,,,12.555,24.396,0.423,3.795,94.009,261.137,,1.366,94.009,12.555,24.396,0.423,3.795,261.137,,,,,0.0,0.0,0.0,0.0,0.0,,16.326,75.408,1.646,11.731,,807.18,,,,0.0,,0.0,0.0,0.0,,,0.0,,14533691.0,15.557,94.009,,12.555,24.396,0.423,3.795,261.137,,,0.0,0.0,0.0,0.0,0.0,,,0.0,0.0,0.0,0.0,0.0
LKA,Sri Lanka,1979,,,,,,,3.81,0.593,,,,,,,,,,-35.112,0.122,-0.011,0.02,,1.337,,,,,,,,1.462,0.0,,,0.0,1.462,0.0,0.0,,,0.388,1092.021,2.784,74.857,0.327,12.089,817.453,,,41652558490.0,,,0.0,0.0,0.0,,0.0,,,,6.99,25.143,0.265,4.061,98.845,274.569,,1.462,98.845,6.99,25.143,0.265,4.061,274.569,,,,,0.0,0.0,0.0,0.0,0.0,,2.882,74.734,0.338,12.069,,816.115,,,,0.0,,0.0,0.0,0.0,,,0.0,,14788866.0,16.15,98.845,,6.99,25.143,0.265,4.061,274.569,,,0.0,0.0,0.0,0.0,0.0,,,0.0,0.0,0.0,0.0,0.0
LKA,Sri Lanka,1980,,,,,,,0.964,0.156,,,,,,,,,,34.831,0.164,0.007,0.027,,1.774,0.0,0.0,,,,,,1.48,0.0,,,0.0,1.48,0.0,0.0,,,0.371,1084.439,0.867,74.785,0.105,12.194,811.0,,,43918264490.0,,,0.0,0.0,0.0,,0.0,,,,1.252,25.215,0.051,4.111,98.438,273.439,,1.48,98.438,1.252,25.215,0.051,4.111,273.439,,,,,0.0,0.0,0.0,0.0,0.0,,0.812,74.622,0.098,12.167,,809.227,,,,0.0,,0.0,0.0,0.0,,,0.0,,15035840.0,16.305,98.438,,1.252,25.215,0.051,4.111,273.439,,,0.0,0.0,0.0,0.0,0.0,,,0.0,0.0,0.0,0.0,0.0
LKA,Sri Lanka,1981,,0.0,,,,,14.949,2.437,,,,,,,,,,-44.479,0.079,-0.012,0.015,,0.969,0.0,0.0,,,,,,1.572,0.0,,,0.0,1.572,0.0,0.0,,,0.401,1227.205,17.904,76.708,2.183,14.377,941.368,,,46696932059.0,,,0.0,0.0,0.0,,0.0,,,,6.182,23.292,0.254,4.366,102.902,285.838,,1.572,102.902,6.182,23.292,0.254,4.366,285.838,,,,,0.0,0.0,0.0,0.0,0.0,,18.041,76.629,2.195,14.363,,940.399,,,,0.0,,0.0,0.0,0.0,,,0.0,,15272822.0,18.743,102.902,,6.182,23.292,0.254,4.366,285.838,,,0.0,0.0,0.0,0.0,0.0,,,0.0,0.0,0.0,0.0,0.0
LKA,Sri Lanka,1982,,0.0,,,,,10.818,2.028,,,,,,,,,,1298.516,0.997,0.192,0.207,,13.358,0.0,0.0,,,,,,1.608,0.0,,,0.0,1.608,0.0,0.0,,,0.423,1339.925,13.407,78.5,1.928,16.305,1051.848,,,49078293366.0,,,0.0,0.0,0.0,,0.0,,,,2.291,21.5,0.1,4.466,103.708,288.078,,1.608,103.708,2.291,21.5,0.1,4.466,288.078,,,,,0.0,0.0,0.0,0.0,0.0,,12.082,77.504,1.735,16.098,,1038.49,,,,0.0,,0.0,0.0,0.0,,,0.0,,15501210.0,20.77,103.708,,2.291,21.5,0.1,4.466,288.078,,,0.0,0.0,0.0,0.0,0.0,,,0.0,0.0,0.0,0.0,0.0
LKA,Sri Lanka,1983,,0.0,,,,,2.079,0.432,,,,,,,,,,0.495,0.981,0.001,0.208,,13.233,0.0,0.0,,,,,,1.217,0.0,,,0.0,1.217,0.0,0.0,,,0.411,1348.352,9.3,84.053,1.516,17.821,1133.333,,,51583628352.0,,,0.0,0.0,0.0,,0.0,,,,-24.285,15.947,-1.084,3.381,77.407,215.02,,1.217,77.407,-24.285,15.947,-1.084,3.381,215.02,,,,,0.0,0.0,0.0,0.0,0.0,,9.413,83.072,1.515,17.613,,1120.1,,,,0.0,,0.0,0.0,0.0,,,0.0,,15724641.0,21.202,77.407,,-24.285,15.947,-1.084,3.381,215.02,,,0.0,0.0,0.0,0.0,0.0,,,0.0,0.0,0.0,0.0,0.0
LKA,Sri Lanka,1984,,0.0,,,,,-0.7,-0.148,,,,,,,,,,94.366,1.921,0.196,0.404,,25.359,0.0,0.0,,,,,,2.092,0.0,,,0.0,2.092,0.0,0.0,,,0.389,1320.124,-14.471,72.396,-2.579,15.242,955.723,,,54113817879.0,,,0.0,0.0,0.0,,0.0,,,,71.886,27.604,2.431,5.812,131.185,364.402,,2.092,131.185,71.886,27.604,2.431,5.812,364.402,,,,,0.0,0.0,0.0,0.0,0.0,,-15.757,70.475,-2.775,14.838,,930.363,,,,0.0,,0.0,0.0,0.0,,,0.0,,15948501.0,21.054,131.185,,71.886,27.604,2.431,5.812,364.402,,,0.0,0.0,0.0,0.0,0.0,,,0.0,0.0,0.0,0.0,0.0
LKA,Sri Lanka,1985,,0.0,,,,,-2.478,-0.522,,,,,,,,,,-39.493,1.192,-0.16,0.245,,15.128,0.0,0.0,,,,,,2.396,0.0,,,0.0,2.396,0.0,0.0,2.465,,0.364,1269.287,-8.952,67.59,-1.364,13.878,857.917,,,56399375240.0,,,0.0,0.0,0.0,,0.0,,,97.185,14.501,32.41,0.843,6.654,148.093,411.371,97.185,2.396,148.093,14.501,32.41,0.843,6.654,411.371,,,0.0,,0.0,0.0,0.0,0.0,0.0,,-8.119,66.399,-1.205,13.633,,842.789,,,,0.0,,0.0,0.0,0.0,,0.0,0.0,152.384,16176282.0,20.532,148.093,97.185,14.501,32.41,0.843,6.654,411.371,0.0,,0.0,0.0,0.0,0.0,0.0,0.0,,0.0,0.0,0.0,0.0,0.0
LKA,Sri Lanka,1986,,0.0,,,,,2.79,0.573,,,,,,,,,,-62.575,0.434,-0.153,0.092,,5.582,0.0,0.0,,,,,,2.645,0.0,,,0.0,2.645,0.0,0.0,2.652,,0.356,1286.211,-0.866,65.186,-0.12,13.758,838.435,,,59240606923.0,,,0.0,0.0,0.0,,0.0,,,99.751,10.415,34.814,0.693,7.348,161.199,447.777,99.751,2.645,161.199,10.415,34.814,0.693,7.348,447.777,,,0.0,,0.0,0.0,0.0,0.0,0.0,,0.242,64.752,0.033,13.666,,832.854,,,,0.0,,0.0,0.0,0.0,,0.0,0.0,161.602,16408861.0,21.105,161.199,99.751,10.415,34.814,0.693,7.348,447.777,0.0,,0.0,0.0,0.0,0.0,0.0,0.0,,0.0,0.0,0.0,0.0,0.0
LKA,Sri Lanka,1987,,0.0,,,,,2.848,0.601,,,,,,,,,,-6.4,0.395,-0.006,0.086,,5.151,0.0,0.0,,,,,,2.177,0.0,,,0.0,2.177,0.0,0.0,2.707,,0.363,1304.153,13.82,72.141,1.901,15.659,940.826,,,59820586440.0,,,0.0,0.0,0.0,,0.0,,,80.415,-17.697,27.859,-1.3,6.047,130.798,363.329,80.415,2.177,130.798,-17.697,27.859,-1.3,6.047,363.329,,,0.0,,0.0,0.0,0.0,0.0,0.0,,13.955,71.746,1.907,15.573,,935.675,,,,0.0,,0.0,0.0,0.0,,0.0,0.0,162.654,16643955.0,21.706,130.798,80.415,-17.697,27.859,-1.3,6.047,363.329,0.0,,0.0,0.0,0.0,0.0,0.0,0.0,,0.0,0.0,0.0,0.0,0.0
LKA,Sri Lanka,1988,,0.0,,,,,3.098,0.673,,,,,,,,,,-48.718,0.196,-0.042,0.044,,2.605,0.0,0.0,,,,,,2.597,0.0,,,0.0,2.597,0.0,0.0,2.798,,0.364,1325.9,-3.15,67.768,-0.493,15.166,898.541,,,61408886007.0,,,0.0,0.0,0.0,,0.0,,,92.792,19.279,32.232,1.166,7.213,153.849,427.36,92.792,2.597,153.849,19.279,32.232,1.166,7.213,427.36,,,0.0,,0.0,0.0,0.0,0.0,0.0,,-2.9,67.572,-0.452,15.122,,895.937,,,,0.0,,0.0,0.0,0.0,,0.0,0.0,165.8,16878186.0,22.379,153.849,92.792,19.279,32.232,1.166,7.213,427.36,0.0,,0.0,0.0,0.0,0.0,0.0,0.0,,0.0,0.0,0.0,0.0,0.0
LKA,Sri Lanka,1989,,0.0,,,,,-0.807,-0.181,,,,,,,,,,-88.31,0.023,-0.039,0.005,,0.3,0.0,0.0,,,,,,2.801,0.0,,,0.0,2.801,0.0,0.0,2.858,,0.352,1297.626,-4.937,64.947,-0.749,14.417,842.771,,,63032211361.0,,,0.0,0.0,0.0,,0.0,,,98.016,7.875,35.053,0.568,7.781,163.748,454.856,98.016,2.801,163.748,7.875,35.053,0.568,7.781,454.856,,,0.0,,0.0,0.0,0.0,0.0,0.0,,-4.694,64.924,-0.71,14.412,,842.471,,,,0.0,,0.0,0.0,0.0,,0.0,0.0,167.063,17106752.0,22.198,163.748,98.016,7.875,35.053,0.568,7.781,454.856,0.0,,0.0,0.0,0.0,0.0,0.0,0.0,,0.0,0.0,0.0,0.0,0.0
LKA,Sri Lanka,1990,,0.0,,,,,8.71,1.934,,,,,,,,,,-100.0,0.0,-0.005,0.0,,0.0,0.0,0.0,,,,,,3.145,0.0,,,0.0,3.145,0.0,0.0,3.15,,0.36,1392.823,6.791,63.801,0.979,15.396,888.629,,,67098669120.0,,,0.0,0.0,0.0,,0.0,,,99.841,12.266,36.199,0.954,8.736,181.51,504.195,99.841,3.145,181.51,12.266,36.199,0.954,8.736,504.195,,,0.0,,0.0,0.0,0.0,0.0,0.0,,6.829,63.801,0.984,15.396,,888.629,,,,0.0,,0.0,0.0,0.0,,0.0,0.0,181.799,17325770.0,24.132,181.51,99.841,12.266,36.199,0.954,8.736,504.195,0.0,,0.0,0.0,0.0,0.0,0.0,0.0,,0.0,0.0,0.0,0.0,0.0
LKA,Sri Lanka,1991,,0.0,,,,,3.273,0.79,,,,,,,,,,,0.026,0.007,0.007,,0.375,0.0,0.0,,,,,,3.117,0.0,,,0.0,3.117,0.0,0.0,3.377,,0.336,1421.184,5.638,65.262,0.868,16.264,927.494,,,74080435837.0,,,0.0,0.0,0.0,,0.0,,,92.286,-0.897,34.738,-0.078,8.657,177.729,493.691,92.286,3.117,177.729,-0.897,34.738,-0.078,8.657,493.691,,,0.0,,0.0,0.0,0.0,0.0,0.0,,5.596,65.236,0.862,16.258,,927.118,,,,0.0,,0.0,0.0,0.0,,0.0,0.0,192.584,17535732.0,24.922,177.729,92.286,-0.897,34.738,-0.078,8.657,493.691,0.0,,0.0,0.0,0.0,0.0,0.0,0.0,,0.0,0.0,0.0,0.0,0.0
LKA,Sri Lanka,1992,,0.0,,,,,9.095,2.267,,,,,,,,,,0.0,0.024,0.0,0.007,,0.371,0.0,0.0,,,,,,2.9,0.0,,,0.0,2.9,0.0,0.0,3.54,,0.38,1532.861,17.637,70.372,2.869,19.133,1078.706,,,71480504346.0,,,0.0,0.0,0.0,,0.0,,,81.925,-6.953,29.628,-0.602,8.055,163.496,454.156,81.925,2.9,163.496,-6.953,29.628,-0.602,8.055,454.156,,,0.0,,0.0,0.0,0.0,0.0,0.0,,17.644,70.348,2.869,19.126,,1078.335,,,,0.0,,0.0,0.0,0.0,,0.0,0.0,199.568,17736826.0,27.188,163.496,81.925,-6.953,29.628,-0.602,8.055,454.156,0.0,,0.0,0.0,0.0,0.0,0.0,0.0,,0.0,0.0,0.0,0.0,0.0
LKA,Sri Lanka,1993,,0.0,,,,,7.183,1.953,,,,,,,,,,-32.068,0.015,-0.002,0.004,,0.249,0.0,0.0,,,,,,3.796,0.0,,,0.0,3.796,0.0,0.0,3.979,,0.382,1625.736,-2.803,63.816,-0.536,18.597,1037.478,,,76299010534.0,,,0.0,0.0,0.0,,0.0,,,95.408,30.901,36.184,2.489,10.544,211.773,588.26,95.408,3.796,211.773,30.901,36.184,2.489,10.544,588.26,,,0.0,,0.0,0.0,0.0,0.0,0.0,,-2.792,63.8,-0.534,18.592,,1037.229,,,,0.0,,0.0,0.0,0.0,,0.0,0.0,221.966,17924826.0,29.141,211.773,95.408,30.901,36.184,2.489,10.544,588.26,0.0,,0.0,0.0,0.0,0.0,0.0,0.0,,0.0,0.0,0.0,0.0,0.0
LKA,Sri Lanka,1994,,0.0,,,,,9.665,2.816,,,,,,,,,,-9.938,0.013,-0.0,0.004,,0.223,0.0,0.0,,,,,,4.089,0.0,,,0.0,4.089,0.0,0.0,4.387,,0.392,1766.141,10.766,64.457,2.002,20.599,1138.403,,,81620718891.0,,,0.0,0.0,0.0,,0.0,,,93.215,7.721,35.543,0.814,11.359,225.986,627.74,93.215,4.089,225.986,7.721,35.543,0.814,11.359,627.74,,,0.0,,0.0,0.0,0.0,0.0,0.0,,10.771,64.444,2.003,20.595,,1138.18,,,,0.0,,0.0,0.0,0.0,,0.0,0.0,242.434,18094474.0,31.957,225.986,93.215,7.721,35.543,0.814,11.359,627.74,0.0,,0.0,0.0,0.0,0.0,0.0,0.0,,0.0,0.0,0.0,0.0,0.0
LKA,Sri Lanka,1995,,0.0,,,,,9.069,2.898,,,,,,,,,,188.966,0.033,0.008,0.012,,0.638,0.0,0.0,,,,,,4.514,0.0,,,0.0,4.514,0.0,0.0,4.8,,0.405,1910.643,8.339,64.025,1.718,22.317,1223.299,,,85976456382.0,,,0.0,0.0,0.0,,0.0,,,94.036,10.393,35.975,1.181,12.539,247.444,687.345,94.036,4.514,247.444,10.393,35.975,1.181,12.539,687.345,,,0.0,,0.0,0.0,0.0,0.0,0.0,,8.304,63.992,1.71,22.305,,1222.661,,,,0.0,,0.0,0.0,0.0,,0.0,0.0,263.139,18242918.0,34.856,247.444,94.036,10.393,35.975,1.181,12.539,687.345,0.0,,0.0,0.0,0.0,0.0,0.0,0.0,,0.0,0.0,0.0,0.0,0.0
LKA,Sri Lanka,1996,,0.0,,,,,4.037,1.407,,,,,,,,,,-79.236,0.007,-0.009,0.002,,0.132,0.0,0.0,,,,,,3.252,0.0,,,0.0,3.252,0.0,0.0,4.528,,0.38,1974.316,22.016,75.09,4.913,27.23,1482.515,,,95501513073.0,,,0.0,0.0,0.0,,0.0,,,71.818,-27.961,24.91,-3.506,9.033,177.048,491.802,71.818,3.252,177.048,-27.961,24.91,-3.506,9.033,491.802,,,0.0,,0.0,0.0,0.0,0.0,0.0,,22.069,75.083,4.922,27.227,,1482.384,,,,0.0,,0.0,0.0,0.0,,0.0,0.0,246.523,18367290.0,36.263,177.048,71.818,-27.961,24.91,-3.506,9.033,491.802,0.0,,0.0,0.0,0.0,0.0,0.0,0.0,,0.0,0.0,0.0,0.0,0.0
LKA,Sri Lanka,1997,,0.0,,,,,7.832,2.84,,,,,,,,,,-100.0,0.0,-0.002,0.0,,0.0,0.0,0.0,,,,,,3.447,0.0,,,0.0,3.447,0.0,0.0,5.144,,0.375,2116.996,8.437,75.511,2.297,29.527,1598.574,,,104208871517.0,,,0.0,0.0,0.0,,0.0,,,67.016,6.008,24.489,0.543,9.576,186.633,518.424,67.016,3.447,186.633,6.008,24.489,0.543,9.576,518.424,,,0.0,,0.0,0.0,0.0,0.0,0.0,,8.446,75.511,2.3,29.527,,1598.574,,,,0.0,,0.0,0.0,0.0,,0.0,0.0,278.489,18470896.0,39.103,186.633,67.016,6.008,24.489,0.543,9.576,518.424,0.0,,0.0,0.0,0.0,0.0,0.0,0.0,,0.0,0.0,0.0,0.0,0.0
LKA,Sri Lanka,1998,,0.0,,,,,8.458,3.307,,,,,,,,,,,0.005,0.002,0.002,,0.122,0.0,0.0,,,,,,3.915,0.0,,,0.0,3.915,0.0,0.0,5.675,,0.419,2284.456,6.801,74.358,2.008,31.535,1698.672,,,101234853414.0,,,0.0,0.0,0.0,,0.0,,,68.981,13.567,25.642,1.299,10.875,210.883,585.785,68.981,3.915,210.883,13.567,25.642,1.299,10.875,585.785,,,0.0,,0.0,0.0,0.0,0.0,0.0,,6.793,74.352,2.006,31.533,,1698.55,,,,0.0,,0.0,0.0,0.0,,0.0,0.0,305.71,18564596.0,42.41,210.883,68.981,13.567,25.642,1.299,10.875,585.785,0.0,,0.0,0.0,0.0,0.0,0.0,0.0,,0.0,0.0,0.0,0.0,0.0
LKA,Sri Lanka,1999,,0.0,,,,,8.527,3.616,,,,,,,,,,-100.0,0.0,-0.002,0.0,,0.0,0.0,0.0,,,,,,4.177,0.0,,,0.0,4.181,0.0,0.004,6.281,,0.448,2466.13,9.123,74.767,2.877,34.412,1843.848,,,102672507469.0,,,0.0,0.0,0.0,,0.0,,,66.513,6.706,25.212,0.729,11.604,223.835,621.764,66.568,4.181,224.022,6.796,25.233,0.739,11.614,622.285,,,0.0,,0.0,0.0,0.0,0.0,0.0,,9.131,74.767,2.879,34.412,,1843.848,,,,0.0,,0.0,0.0,0.0,,0.0,0.0,336.53,18663292.0,46.026,224.022,66.568,6.796,25.233,0.739,11.614,622.285,0.0,,0.0,0.0,0.0,0.0,0.0,0.056,,0.021,0.01,0.01,0.188,0.521
LKA,Sri Lanka,2000,,0.0,,,,,7.925,3.647,0.0,0.0,,,,,,368.992,0.0,,0.008,0.004,0.004,0.0,0.21,0.0,0.0,6.45,0.0,0.0,3.28,0.0,3.16,0.0,3.28,0.0,0.0,3.17,0.01,0.0,6.45,2.38,0.452,2645.362,18.453,82.06,6.35,40.762,2170.797,174.676,50.853,109929503052.0,0.0,,0.0,0.0,0.0,0.0,0.0,,,48.992,-23.298,17.918,-2.704,8.901,168.286,474.0,49.147,3.17,168.818,-23.271,17.94,-2.703,8.911,474.567,0.0,0.0,0.0,,0.0,0.0,0.0,0.0,0.0,50.853,18.442,82.052,6.346,40.758,174.676,2170.587,,,0.0,0.0,,0.0,0.0,0.0,0.0,0.0,0.0,343.494,18777606.0,49.674,168.818,49.147,-23.271,17.94,-2.703,8.911,474.567,0.155,,0.002,0.001,0.001,0.533,0.064,0.0,-2.857,0.019,-0.0,0.009,0.0,0.503
LKA,Sri Lanka,2001,,0.0,,,,,-2.004,-0.995,0.0,0.0,,,,,,379.786,0.0,-74.014,0.002,-0.003,0.001,0.0,0.054,0.0,0.0,6.53,0.0,0.0,3.44,0.0,3.08,0.0,3.44,0.0,0.0,3.09,0.01,0.0,6.53,2.48,0.457,2573.968,-1.719,82.299,-0.701,40.062,2118.348,181.898,52.68,106524521253.0,0.0,,0.0,0.0,0.0,0.0,0.0,,,47.167,-3.327,17.676,-0.296,8.604,162.862,454.979,47.32,3.09,163.391,-3.306,17.701,-0.295,8.617,455.622,0.0,0.0,0.0,,0.0,0.0,0.0,0.0,0.0,52.68,-1.712,82.297,-0.698,40.061,181.898,2118.293,,,0.0,0.0,,0.0,0.0,0.0,0.0,0.0,0.0,345.288,18911726.0,48.678,163.391,47.32,-3.306,17.701,-0.295,8.617,455.622,0.153,107.639,0.005,0.001,0.002,0.529,0.132,0.0,2.353,0.02,0.0,0.01,0.0,0.511
LKA,Sri Lanka,2002,,0.0,,,,,2.216,1.079,0.0,0.0,,,,,,432.353,0.0,12244.932,0.254,0.126,0.127,0.0,6.638,0.0,0.0,6.8,0.0,0.0,4.12,0.0,2.67,0.0,4.12,0.0,0.0,2.68,0.01,0.0,6.8,2.94,0.455,2610.199,5.684,85.091,2.277,42.339,2221.041,216.131,60.588,109263150030.0,0.0,,0.0,0.0,0.0,0.0,0.0,,,39.265,-13.947,14.881,-1.2,7.404,140.066,388.426,39.412,2.68,140.59,-13.906,14.909,-1.198,7.418,389.16,0.0,0.0,0.0,,0.0,0.0,0.0,0.0,0.0,60.588,5.37,84.836,2.151,42.212,216.131,2214.403,,,0.0,0.0,,0.0,0.0,0.0,0.0,0.0,0.0,356.722,19062476.0,49.757,140.59,39.412,-13.906,14.909,-1.198,7.418,389.16,0.147,64.994,0.008,0.002,0.004,0.525,0.216,0.0,2.299,0.02,0.0,0.01,0.0,0.519
LKA,Sri Lanka,2003,,0.0,,,,,3.915,1.948,0.0,0.0,,,,,,402.159,0.0,449.161,1.344,0.568,0.695,0.0,36.147,0.0,0.0,7.41,0.0,0.0,4.14,0.0,3.26,0.0,4.14,0.0,0.0,3.27,0.01,0.0,7.41,2.98,0.45,2689.583,0.73,82.483,0.309,42.647,2218.442,215.355,55.87,114821948884.0,0.0,,0.0,0.0,0.0,0.0,0.0,,,43.995,22.11,17.487,1.637,9.041,169.579,470.32,44.13,3.27,170.1,22.093,17.517,1.639,9.057,471.144,0.0,0.0,0.0,,0.0,0.0,0.0,0.0,0.0,55.87,-0.615,81.139,-0.259,41.952,215.355,2182.295,,,0.0,0.0,,0.0,0.0,0.0,0.0,0.0,0.0,385.455,19224036.0,51.705,170.1,44.13,22.093,17.517,1.639,9.057,471.144,0.135,59.459,0.013,0.002,0.007,0.52,0.341,0.0,-6.18,0.018,-0.001,0.009,0.0,0.483
LKA,Sri Lanka,2004,,0.0,,,,,-3.347,-1.731,0.0,0.0,,,,,,447.97,0.0,-73.693,0.366,-0.512,0.183,0.0,9.429,0.0,0.0,7.88,0.0,0.0,4.94,0.0,2.93,0.0,4.94,0.0,0.0,2.94,0.01,0.0,7.88,3.53,0.416,2577.68,-1.708,83.882,-0.728,41.919,2162.203,254.808,62.69,120199786187.0,0.0,,0.0,0.0,0.0,0.0,0.0,,,37.183,-11.102,16.084,-1.004,8.038,151.131,414.59,37.31,2.94,151.647,-11.067,16.118,-1.002,8.055,415.479,0.0,0.0,0.0,,0.0,0.0,0.0,0.0,0.0,62.69,-0.516,83.516,-0.216,41.736,254.808,2152.774,,,0.0,0.0,,0.001,0.0,0.0,0.0,0.0,0.017,406.455,19387152.0,49.974,151.647,37.31,-11.067,16.118,-1.002,8.055,415.479,0.127,46.186,0.019,0.003,0.01,0.516,0.494,0.0,-20.958,0.015,-0.002,0.007,0.0,0.378
LKA,Sri Lanka,2005,,0.0,,,,,14.85,7.421,0.0,0.0,,,,,,440.09,0.0,271.703,1.184,0.497,0.679,0.0,34.766,0.0,0.0,8.93,0.0,0.0,5.5,0.0,3.42,0.0,5.5,0.0,0.0,3.43,0.01,0.0,8.93,3.93,0.452,2936.552,14.66,83.743,6.145,48.064,2459.157,281.402,61.59,126997197779.0,0.0,,0.0,0.0,0.0,0.0,0.0,,,38.298,15.776,16.213,1.268,9.306,174.981,476.117,38.41,3.43,175.493,15.839,16.257,1.276,9.331,477.398,0.0,0.0,0.0,,0.0,0.0,0.0,0.0,0.0,61.59,13.534,82.559,5.649,47.385,281.402,2424.391,,,0.0,0.0,1788.889,0.011,0.006,0.006,0.0,0.0,0.314,456.895,19544988.0,57.395,175.493,38.41,15.839,16.257,1.276,9.331,477.398,0.112,29.565,0.022,0.003,0.012,0.512,0.635,0.0,-11.742,0.011,-0.001,0.006,0.0,0.331
LKA,Sri Lanka,2006,,0.0,,,,,8.702,4.994,0.0,0.0,,,,,,390.012,0.0,-24.995,0.817,-0.17,0.51,0.0,25.876,0.0,0.0,8.41,0.0,0.0,4.55,0.0,3.85,0.0,4.55,0.0,0.0,3.86,0.01,0.0,8.41,3.28,0.458,3167.607,3.928,80.066,1.888,49.952,2536.167,231.012,54.102,136077286090.0,0.0,,0.0,0.0,0.0,0.0,0.0,,,45.779,33.376,19.894,3.106,12.412,195.471,630.157,45.898,3.86,195.979,33.289,19.934,3.106,12.437,631.442,0.0,0.0,0.0,,0.0,0.0,0.0,0.0,0.0,54.102,4.343,79.249,2.058,49.443,231.012,2510.29,,,0.0,0.0,-22.624,0.008,-0.001,0.005,0.0,0.0,0.241,426.991,19695976.0,62.389,195.979,45.898,33.289,19.934,3.106,12.437,631.442,0.119,15.884,0.023,0.002,0.014,0.508,0.731,0.0,-4.721,0.01,-0.0,0.006,0.0,0.313
LKA,Sri Lanka,2007,,0.0,,,,,1.828,1.141,0.105,0.504,,,,,,419.558,0.0,-2.444,0.783,-0.012,0.497,0.0,25.058,0.0,0.0,9.51,0.01,0.0,5.57,0.0,3.91,0.0,5.57,0.0,0.01,3.94,0.02,0.0,9.51,3.99,0.439,3201.769,6.092,83.418,3.043,52.995,2670.863,280.717,58.57,144588124694.0,0.0,,0.0,0.0,0.0,0.0,0.0,,,41.115,-15.326,16.542,-1.902,10.509,197.056,529.653,41.43,3.94,198.568,-15.298,16.582,-1.903,10.534,530.907,0.0,0.0,0.0,,0.0,0.0,0.0,0.0,0.0,58.57,6.18,82.636,3.056,52.498,280.717,2645.805,,,0.0,0.504,-38.596,0.005,-0.002,0.003,0.0,0.105,0.147,479.285,19842044.0,63.53,198.568,41.43,-15.298,16.582,-1.903,10.534,530.907,0.21,10.232,0.025,0.001,0.016,1.008,0.799,0.0,-0.901,0.01,-0.0,0.006,0.0,0.308
LKA,Sri Lanka,2008,,0.0,,,,,-6.588,-4.185,0.624,3.002,,,,,,408.524,0.0,34.822,1.13,0.173,0.67,0.0,33.544,0.0,0.0,9.62,0.06,0.0,5.45,0.0,4.09,0.0,5.45,0.0,0.06,4.17,0.02,0.0,9.62,3.93,0.39,2969.608,-8.713,81.52,-4.618,48.378,2420.824,272.718,56.653,152344325727.0,0.0,,0.0,0.0,0.0,0.0,0.0,,,42.516,3.968,18.412,0.417,10.926,204.664,546.76,43.347,4.17,208.667,4.107,18.48,0.433,10.967,548.787,0.0,0.0,0.0,,0.0,0.0,0.0,0.0,0.0,56.653,-9.126,80.39,-4.791,47.707,272.718,2387.281,,,0.0,3.002,418.095,0.025,0.012,0.015,0.0,0.624,0.756,481.385,19983984.0,59.345,208.667,43.347,4.107,18.48,0.433,10.967,548.787,0.208,6.13,0.028,0.001,0.017,1.001,0.842,0.0,40.0,0.014,0.002,0.009,0.0,0.428
LKA,Sri Lanka,2009,,0.0,,,,,3.206,1.903,0.624,2.982,,,,,,422.477,0.0,1.782,1.114,0.012,0.682,0.0,33.905,0.0,0.0,9.61,0.06,0.0,5.66,0.0,3.87,0.0,5.66,0.0,0.06,3.95,0.02,0.0,9.61,4.06,0.391,3043.569,5.321,83.19,2.574,50.952,2531.954,281.263,58.897,156834525250.0,0.0,,0.0,0.0,0.0,0.0,0.0,,,40.271,-6.574,16.667,-0.718,10.208,192.312,507.276,41.103,3.95,196.288,-6.122,16.81,-0.671,10.296,511.617,0.0,0.0,0.0,,0.0,0.0,0.0,0.0,0.0,58.897,5.371,82.076,2.562,50.269,281.263,2498.049,,,0.0,2.982,299.48,0.099,0.045,0.06,0.0,0.624,3.0,477.551,20123508.0,61.247,196.288,41.103,-6.122,16.81,-0.671,10.296,511.617,0.208,5.776,0.029,0.001,0.018,0.994,0.885,0.0,7.468,0.015,0.001,0.009,0.0,0.457
LKA,Sri Lanka,2010,,0.0,,,,,7.136,4.37,0.383,1.974,,,,,,332.375,0.0,2.159,1.062,0.015,0.697,0.0,34.4,0.0,0.0,10.44,0.04,0.0,4.75,0.0,5.58,0.0,4.75,0.0,0.04,5.69,0.02,0.05,10.44,3.47,0.39,3238.497,-0.576,77.202,-0.294,50.658,2500.184,234.432,45.498,168381514470.0,0.0,,0.0,0.0,0.0,0.0,0.0,,,53.448,44.173,22.429,4.509,14.717,275.396,726.365,54.502,5.69,280.825,45.301,22.798,4.664,14.96,738.315,0.0,0.0,0.0,,0.0,0.0,0.0,0.0,0.0,45.498,-0.614,76.14,-0.308,49.961,234.432,2465.784,,,0.0,1.974,40.419,0.129,0.024,0.085,0.0,0.383,4.184,515.257,20261738.0,65.618,280.825,54.502,45.301,22.798,4.664,14.96,738.315,0.192,5.304,0.029,0.001,0.019,0.987,0.925,0.479,1407.553,0.211,0.129,0.139,2.468,6.841
LKA,Sri Lanka,2011,,0.0,,,,,5.048,3.312,0.357,1.961,,,,,,427.167,10.277,399.063,5.046,2.782,3.479,56.377,170.528,0.0,0.0,11.19,0.04,1.15,6.47,0.0,4.57,0.0,5.32,0.0,0.04,4.72,0.02,0.09,11.19,4.78,0.38,3379.154,11.944,82.27,6.051,56.709,2780.045,317.18,57.819,181535899028.0,0.0,,0.0,0.0,0.0,0.0,0.0,,,40.84,-19.286,17.233,-2.838,11.879,224.036,582.347,42.181,4.72,231.39,-18.307,17.73,-2.739,12.221,599.111,0.0,0.0,0.0,,0.0,0.0,0.0,0.0,0.0,47.542,6.543,77.224,3.269,53.23,260.804,2609.518,,,0.0,1.961,-3.312,0.119,-0.003,0.082,0.0,0.357,4.018,548.57,20398496.0,68.93,231.39,42.181,-18.307,17.73,-2.739,12.221,599.111,0.179,20.444,0.033,0.004,0.023,0.98,1.107,0.804,71.293,0.344,0.099,0.237,4.412,11.64
LKA,Sri Lanka,2012,,0.0,,,,,0.768,0.529,0.44,2.435,,,,,,508.355,12.313,52.456,7.635,1.825,5.303,68.184,258.281,0.0,0.0,11.37,0.05,1.4,7.89,0.0,3.26,0.0,6.49,0.0,0.05,3.48,0.02,0.15,11.37,5.78,0.351,3382.87,6.672,87.091,3.784,60.493,2946.172,384.267,69.393,198073287006.0,0.0,,0.0,0.0,0.0,0.0,0.0,,,28.672,-28.398,12.245,-3.373,8.506,158.772,414.248,30.607,3.48,169.487,-26.629,12.909,-3.254,8.967,436.701,0.0,0.0,0.0,,0.0,0.0,0.0,0.0,0.0,57.08,3.681,79.456,1.959,55.189,316.083,2687.89,,,0.0,2.435,-30.315,0.082,-0.025,0.057,0.0,0.44,2.782,553.754,20532600.0,69.459,169.487,30.607,-26.629,12.909,-3.254,8.967,436.701,0.176,14.145,0.037,0.003,0.026,0.974,1.255,1.319,59.264,0.544,0.141,0.378,7.305,18.417
LKA,Sri Lanka,2013,,0.0,,,,,1.662,1.154,0.343,1.936,,,,,,295.026,7.376,5.199,7.901,0.276,5.579,41.62,269.993,0.0,0.0,11.66,0.04,0.86,4.52,0.0,6.85,0.0,3.66,0.0,0.04,7.14,0.02,0.23,11.66,3.44,0.345,3417.38,-13.761,73.878,-8.325,52.168,2524.702,218.748,38.765,204781568739.0,0.0,,0.0,0.0,0.0,0.0,0.0,,,58.748,108.575,25.123,9.235,17.741,331.51,858.564,61.235,7.14,345.544,105.713,26.122,9.479,18.446,892.681,0.0,0.0,0.0,,0.0,0.0,0.0,0.0,0.0,31.389,-15.583,65.978,-8.6,46.589,177.128,2254.708,,,0.0,1.936,18.297,0.096,0.01,0.068,0.0,0.343,3.27,564.292,20663052.0,70.614,345.544,61.235,105.713,26.122,9.479,18.446,892.681,0.172,42.852,0.052,0.011,0.037,0.968,1.782,1.973,58.826,0.851,0.222,0.601,11.131,29.066
LKA,Sri Lanka,2014,,0.0,,,,,6.661,4.704,0.669,3.848,,,,,,454.013,24.08,91.924,14.216,5.128,10.707,138.538,515.054,0.0,0.0,11.96,0.08,2.88,7.08,0.0,4.51,0.0,4.2,0.0,0.08,4.88,0.02,0.27,11.96,5.43,0.35,3623.014,20.448,83.428,10.667,62.835,3022.602,340.573,59.197,215248515423.0,0.0,,0.0,0.0,0.0,0.0,0.0,,,37.709,-34.548,15.417,-6.129,11.612,216.947,558.556,40.803,4.88,234.745,-32.332,16.572,-5.964,12.482,600.414,0.0,0.0,0.0,,0.0,0.0,0.0,0.0,0.0,35.117,11.889,69.212,5.539,52.128,202.035,2507.548,,,0.0,3.848,55.918,0.14,0.038,0.105,0.0,0.669,5.067,575.318,20788512.0,75.317,234.745,40.803,-32.332,16.572,-5.964,12.482,600.414,0.167,94.088,0.095,0.035,0.071,0.962,3.438,2.258,15.449,0.921,0.093,0.693,12.988,33.354
LKA,Sri Lanka,2015,,0.0,,,,,7.289,5.49,0.629,3.826,,,,,,388.67,21.558,34.573,17.831,3.702,14.409,131.05,689.163,0.0,0.0,12.71,0.08,2.74,6.36,0.0,5.91,0.0,3.62,0.0,0.08,6.35,0.02,0.34,12.71,4.94,0.357,3864.868,2.717,79.873,1.707,64.543,3086.979,304.189,50.039,226113841011.0,0.0,,0.0,0.0,0.0,0.0,0.0,,,46.499,30.282,18.721,3.516,15.128,282.667,723.536,49.961,6.35,303.711,30.304,20.127,3.782,16.264,777.892,0.0,0.0,0.0,,0.0,0.0,0.0,0.0,0.0,28.482,-3.826,62.041,-1.995,50.134,173.139,2397.817,,,0.0,3.826,37.629,0.179,0.04,0.145,0.0,0.629,6.934,607.901,20908024.0,80.807,303.711,49.961,30.304,20.127,3.782,16.264,777.892,0.157,72.447,0.153,0.052,0.123,0.957,5.895,2.675,25.22,1.074,0.175,0.868,16.262,41.527
LKA,Sri Lanka,2016,,0.0,,,,,6.542,5.287,0.952,6.184,,,,,,504.392,28.697,5.864,17.718,0.845,15.254,186.479,725.651,0.0,0.0,13.66,0.13,3.92,8.99,0.0,4.18,0.0,5.07,0.0,0.13,4.67,0.02,0.34,13.66,6.89,0.363,4095.56,14.955,86.18,9.653,74.195,3529.546,427.664,65.813,236870760519.0,0.0,,0.0,0.0,0.0,0.0,0.0,,,30.6,-29.656,12.36,-4.486,10.641,198.847,506.225,34.187,4.67,222.157,-26.843,13.82,-4.366,11.898,566.017,0.0,0.0,0.0,,0.0,0.0,0.0,0.0,0.0,37.116,17.568,68.462,8.808,58.941,241.185,2803.895,,,0.0,6.184,24.82,0.21,0.036,0.181,0.0,0.952,8.609,649.821,21021178.0,86.093,222.157,34.187,-26.843,13.82,-4.366,11.898,566.017,0.146,69.292,0.242,0.085,0.209,0.951,9.926,2.489,-0.111,1.007,-0.001,0.867,16.174,41.257
LKA,Sri Lanka,2017,,,,,,,5.478,4.716,1.291,8.993,,,,,,523.098,29.755,3.588,17.401,0.547,15.801,207.308,747.886,,,14.72,0.19,4.38,10.04,0.0,3.98,0.0,5.66,0.0,0.19,4.68,0.14,0.37,14.72,7.7,0.37,4298.052,6.59,87.089,4.89,79.085,3743.131,475.198,68.207,245345997291.0,0.0,,0.0,0.0,0.0,0.0,0.0,,,27.038,-5.291,11.098,-0.563,10.078,188.375,477.016,31.793,4.68,221.507,-1.461,12.911,-0.174,11.724,554.924,0.0,0.0,0.0,,0.0,0.0,0.0,0.0,0.0,38.451,7.367,69.688,4.342,63.284,267.891,2995.246,,,0.0,8.993,-7.44,0.184,-0.013,0.168,0.0,1.291,7.928,696.705,21128028.0,90.809,221.507,31.793,-1.461,12.911,-0.174,11.724,554.924,0.951,169.12,0.618,0.353,0.562,6.626,26.577,2.514,5.736,1.01,0.05,0.917,17.512,43.403
LKA,Sri Lanka,2018,,,,,,,5.896,5.354,1.347,9.421,,,,,,412.795,23.434,-3.363,15.879,-0.531,15.27,163.929,719.307,,,14.85,0.2,3.48,7.87,0.0,6.34,0.0,4.39,0.0,0.2,6.98,0.12,0.32,14.85,6.13,0.379,4529.86,-0.863,81.53,-0.683,78.402,3693.216,370.723,52.997,253457134488.0,0.0,,0.0,0.0,0.0,0.0,0.0,,,42.694,58.11,16.571,5.857,15.935,298.651,750.629,47.003,6.98,328.799,51.487,18.47,6.037,17.761,836.647,0.0,0.0,0.0,,0.0,0.0,0.0,0.0,0.0,29.562,-0.239,65.651,-0.151,63.132,206.795,2973.909,,,0.0,9.421,29.24,0.225,0.049,0.216,0.0,1.347,10.197,699.523,21228760.0,96.163,328.799,47.003,51.487,18.47,6.037,17.761,836.647,0.808,42.216,0.83,0.237,0.799,5.653,37.618,2.155,-11.561,0.843,-0.106,0.811,15.074,38.203
LKA,Sri Lanka,2019,,,,,,,3.206,3.083,1.631,11.724,,,,,,505.545,27.202,12.531,17.314,1.914,17.184,195.557,805.842,,,15.33,0.25,4.17,10.11,0.0,4.52,0.0,5.94,0.0,0.25,5.22,0.1,0.35,15.33,7.75,,4654.274,8.787,85.939,6.889,85.291,3999.83,474.12,65.949,,0.0,,0.0,0.0,0.0,0.0,0.0,,,29.485,-24.737,12.084,-3.942,11.993,211.97,562.43,34.051,5.22,244.798,-21.427,14.061,-3.806,13.955,654.448,0.0,0.0,0.0,,0.0,0.0,0.0,0.0,0.0,38.748,7.881,68.625,4.975,68.108,278.563,3193.988,,,0.0,11.724,6.067,0.231,0.013,0.23,0.0,1.631,10.768,718.917,21323734.0,99.247,244.798,34.051,-21.427,14.061,-3.806,13.955,654.448,0.652,15.774,0.932,0.126,0.925,4.69,43.358,2.283,-0.369,0.814,-0.003,0.808,16.414,37.893
LKA,Sri Lanka,2020,,,,,,,-8.577,-8.513,1.59,11.675,,,,,,494.275,26.527,7.331,20.327,1.26,18.443,194.739,861.3,,,15.72,0.25,4.17,10.11,0.0,4.9,0.0,5.94,0.0,0.25,5.61,0.11,0.35,15.72,7.77,,4237.282,-11.29,83.389,-9.629,75.662,3533.419,472.138,64.313,,0.0,,0.0,0.0,0.0,0.0,0.0,,,31.17,2.367,13.531,0.284,12.277,228.83,573.336,35.687,5.61,261.987,8.003,16.611,1.117,15.072,703.866,0.0,0.0,0.0,,0.0,0.0,0.0,0.0,0.0,37.786,-15.988,63.062,-10.889,57.219,277.398,2672.118,,,0.0,11.675,-0.367,0.252,-0.001,0.229,0.0,1.59,10.683,734.125,21413250.0,90.734,261.987,35.687,8.003,16.611,1.117,15.072,703.866,0.7,6.78,1.088,0.063,0.987,5.137,46.104,2.226,95.426,1.74,0.771,1.579,16.345,73.743
