iso_code,country,year,coal_prod_change_pct,coal_prod_change_twh,gas_prod_change_pct,gas_prod_change_twh,oil_prod_change_pct,oil_prod_change_twh,energy_cons_change_pct,energy_cons_change_twh,biofuel_share_elec,biofuel_elec_per_capita,biofuel_cons_change_pct,biofuel_share_energy,biofuel_cons_change_twh,biofuel_consumption,biofuel_cons_per_capita,carbon_intensity_elec,coal_share_elec,coal_cons_change_pct,coal_share_energy,coal_cons_change_twh,coal_consumption,coal_elec_per_capita,coal_cons_per_capita,coal_production,coal_prod_per_capita,electricity_demand,biofuel_electricity,coal_electricity,fossil_electricity,gas_electricity,hydro_electricity,nuclear_electricity,oil_electricity,other_renewable_exc_biofuel_electricity,other_renewable_electricity,renewables_electricity,solar_electricity,wind_electricity,electricity_generation,greenhouse_gas_emissions,energy_per_gdp,energy_per_capita,fossil_cons_change_pct,fossil_share_energy,fossil_cons_change_twh,fossil_fuel_consumption,fossil_energy_per_capita,fossil_cons_per_capita,fossil_share_elec,gdp,gas_share_elec,gas_cons_change_pct,gas_share_energy,gas_cons_change_twh,gas_consumption,gas_elec_per_capita,gas_energy_per_capita,gas_production,gas_prod_per_capita,hydro_share_elec,hydro_cons_change_pct,hydro_share_energy,hydro_cons_change_twh,hydro_consumption,hydro_elec_per_capita,hydro_energy_per_capita,low_carbon_share_elec,low_carbon_electricity,low_carbon_elec_per_capita,low_carbon_cons_change_pct,low_carbon_share_energy,low_carbon_cons_change_twh,low_carbon_consumption,low_carbon_energy_per_capita,net_elec_imports_share_demand,net_elec_imports,nuclear_share_elec,nuclear_cons_change_pct,nuclear_share_energy,nuclear_cons_change_twh,nuclear_consumption,nuclear_elec_per_capita,nuclear_energy_per_capita,oil_share_elec,oil_cons_change_pct,oil_share_energy,oil_cons_change_twh,oil_consumption,oil_elec_per_capita,oil_energy_per_capita,oil_production,oil_prod_per_capita,other_renewables_elec_per_capita_exc_biofuel,other_renewables_elec_per_capita,other_renewables_cons_change_pct,other_renewables_share_energy,other_renewables_cons_change_twh,other_renewable_consumption,other_renewables_share_elec_exc_biofuel,other_renewables_share_elec,other_renewables_energy_per_capita,per_capita_electricity,population,primary_energy_consumption,renewables_elec_per_capita,renewables_share_elec,renewables_cons_change_pct,renewables_share_energy,renewables_cons_change_twh,renewables_consumption,renewables_energy_per_capita,solar_share_elec,solar_cons_change_pct,solar_share_energy,solar_cons_change_twh,solar_consumption,solar_elec_per_capita,solar_energy_per_capita,wind_share_elec,wind_cons_change_pct,wind_share_energy,wind_cons_change_twh,wind_consumption,wind_elec_per_capita,wind_energy_per_capita
SDN,Sudan,1980,,,,,,,,,,,,,,,,,,,,,,,,0.0,0.0,,,,,,,,,,,,,,,,,1047.663,,,,,,,,,,,,,,,,0.0,0.0,,,,,,,,,,,,,,,,,,,,,,,,,,,,,,,,0.0,0.0,,,,,,,,,,,14507466.0,15.199,,,,,,,,,,,,,,,,,,,,,
SDN,Sudan,1981,,0.0,,0.0,,0.0,8.815,1.34,,,,,,,,,,,,,,,,0.0,0.0,,,,,,,,,,,,,,,,,1100.584,,,,,,,,,,,,,,,,0.0,0.0,,,,,,,,,,,,,,,,,,,,,,,,,,,,,,,,0.0,0.0,,,,,,,,,,,15027254.0,16.539,,,,,,,,,,,,,,,,,,,,,
SDN,Sudan,1982,,0.0,,0.0,,0.0,7.965,1.317,,,,,,,,,,,,,,,,0.0,0.0,,,,,,,,,,,,,,,,,1147.41,,,,,,,,,,,,,,,,0.0,0.0,,,,,,,,,,,,,,,,,,,,,,,,,,,,,,,,0.0,0.0,,,,,,,,,,,15562129.0,17.856,,,,,,,,,,,,,,,,,,,,,
SDN,Sudan,1983,,0.0,,0.0,,0.0,-3.437,-0.614,,,,,,,,,,,,,,,,0.0,0.0,,,,,,,,,,,,,,,,,1070.451,,,,,,,,,,,,,,,,0.0,0.0,,,,,,,,,,,,,,,,,,,,,,,,,,,,,,,,0.0,0.0,,,,,,,,,,,16107613.0,17.242,,,,,,,,,,,,,,,,,,,,,
SDN,Sudan,1984,,0.0,,0.0,,0.0,-7.33,-1.264,,,,,,,,,,,,,,,,0.0,0.0,,,,,,,,,,,,,,,,,959.21,,,,,,,,,,,,,,,,0.0,0.0,,,,,,,,,,,,,,,,,,,,,,,,,,,,,,,,0.0,0.0,,,,,,,,,,,16657955.0,15.978,,,,,,,,,,,,,,,,,,,,,
SDN,Sudan,1985,,0.0,,0.0,,0.0,14.564,2.327,,,,,,,,,,,,,,,,0.0,0.0,,,,,,,,,,,,,,,,,1063.65,,,,,,,,,,,,,,,,0.0,0.0,,,,,,,,,,,,,,,,,,,,,,,,,,,,,,,,0.0,0.0,,,,,,,,,,,17210182.0,18.306,,,,,,,,,,,,,,,,,,,,,
SDN,Sudan,1986,,0.0,,0.0,,0.0,10.164,1.861,,,,,,,,,,,,,,,,0.0,0.0,,,,,,,,,,,,,,,,,1135.645,,,,,,,,,,,,,,,,0.0,0.0,,,,,,,,,,,,,,,,,,,,,,,,,,,,,,,,0.0,0.0,,,,,,,,,,,17757494.0,20.166,,,,,,,,,,,,,,,,,,,,,
SDN,Sudan,1987,,0.0,,0.0,,0.0,-3.692,-0.745,,,,,,,,,,,,,,,,0.0,0.0,,,,,,,,,,,,,,,,,1061.09,,,,,,,,,,,,,,,,0.0,0.0,,,,,,,,,,,,,,,,,,,,,,,,,,,,,,,,0.0,0.0,,,,,,,,,,,18303430.0,19.422,,,,,,,,,,,,,,,,,,,,,
SDN,Sudan,1988,,0.0,,0.0,,0.0,8.188,1.59,,,,,,,,,,,,,,,,0.0,0.0,,,,,,,,,,,,,,,,,1113.649,,,,,,,,,,,,,,,,0.0,0.0,,,,,,,,,,,,,,,,,,,,,,,,,,,,,,,,0.0,0.0,,,,,,,,,,,18867558.0,21.012,,,,,,,,,,,,,,,,,,,,,
SDN,Sudan,1989,,0.0,,0.0,,0.0,-2.876,-0.604,,,,,,,,,,,,,,,,0.0,0.0,,,,,,,,,,,,,,,,,1047.8,,,,,,,,,,,,,,,,0.0,0.0,,,,,,,,,,,,,,,,,,,,,,,,,,,,,,,,0.0,0.0,,,,,,,,,,,19476652.0,20.408,,,,,,,,,,,,,,,,,,,,,
SDN,Sudan,1990,,0.0,,0.0,,0.0,-8.719,-1.779,,,,,,,,,,,,,,,,0.0,0.0,,,,,,,,,,,,,,,,,924.594,,,,,,,,,,,,,,,,0.0,0.0,,,,,,,,,,,,,,,,,,,,,,,,,,,,,,,,0.0,0.0,,,,,,,,,,,20147592.0,18.628,,,,,,,,,,,,,,,,,,,,,
SDN,Sudan,1991,,0.0,,0.0,,0.0,39.027,7.27,,,,,,,,,,,,,,,,0.0,0.0,,,,,,,,,,,,,,,,,1239.668,,,,,,,,,,,,,,,,0.0,0.0,,,,,,,,,,,,,,,,,,,,,,,,,,,,,,,,0.0,0.0,,,,,,,,,,,20891442.0,25.898,,,,,,,,,,,,,,,,,,,,,
SDN,Sudan,1992,,0.0,,0.0,,0.164,-7.677,-1.988,,,,,,,,,,,,,,,,0.0,0.0,,,,,,,,,,,,,,,,,1102.049,,,,,,,,,,,,,,,,0.0,0.0,,,,,,,,,,,,,,,,,,,,,,,,,,,,,,,,0.164,7.547,,,,,,,,,,,21696240.0,23.91,,,,,,,,,,,,,,,,,,,,,
SDN,Sudan,1993,,0.0,,0.0,599.71,0.982,-5.161,-1.234,,,,,,,,,,,,,,,,0.0,0.0,,,,,,,,,,,,,,,,,1006.589,,,,,,,,,,,,,,,,0.0,0.0,,,,,,,,,,,,,,,,,,,,,,,,,,,,,,,,1.146,50.859,,,,,,,,,,,22527838.0,22.676,,,,,,,,,,,,,,,,,,,,,
SDN,Sudan,1994,,0.0,,0.0,0.0,0.0,-8.08,-1.832,,,,,,,,,,,,,,,,0.0,0.0,,,,,,,,,,,,,,,,,893.123,,,,,,,,,,,,,,,,0.0,0.0,,,,,,,,,,,,,,,,,,,,,,,,,,,,,,,,1.146,49.092,,,,,,,,,,,23338464.0,20.844,,,,,,,,,,,,,,,,,,,,,
SDN,Sudan,1995,,0.0,,0.0,0.0,0.0,-7.747,-1.615,,,,,,,,,,,,,,,,0.0,0.0,,,,,,,,,,,,,,,,,798.076,,,,,,,,,,,,,,,,0.0,0.0,,,,,,,,,,,,,,,,,,,,,,,,,,,,,,,,1.146,47.551,,,,,,,,,,,24094740.0,19.229,,,,,,,,,,,,,,,,,,,,,
SDN,Sudan,1996,,0.0,,0.0,150.685,1.726,1.659,0.319,,,,,,,,,,,,,,,,0.0,0.0,,,,,,,,,,,,,,,,,788.802,,,,,,,,,,,,,,,,0.0,0.0,,,,,,,,,,,,,,,,,,,,,,,,,,,,,,,,2.872,115.896,,,,,,,,,,,24782384.0,19.548,,,,,,,,,,,,,,,,,,,,,
SDN,Sudan,1997,,0.0,,0.0,79.508,2.284,2.012,0.393,,,,,,,,,,,,,,,,0.0,0.0,,,,,,,,,,,,,,,,,784.678,,,,,,,,,,,,,,,,0.0,0.0,,,,,,,,,,,,,,,,,,,,,,,,,,,,,,,,5.156,202.874,,,,,,,,,,,25413912.0,19.942,,,,,,,,,,,,,,,,,,,,,
SDN,Sudan,1998,,0.0,,0.0,33.333,1.719,0.138,0.028,,,,,,,,,,,,,,,,0.0,0.0,,,,,,,,,,,,,,,,,767.59,,,,,,,,,,,,,,,,0.0,0.0,,,,,,,,,,,,,,,,,,,,,,,,,,,,,,,,6.874,264.243,,,,,,,,,,,26015518.0,19.969,,,,,,,,,,,,,,,,,,,,,
SDN,Sudan,1999,,0.0,,0.0,425.0,29.216,8.137,1.625,,,,,,,,,,,,,,,,0.0,0.0,,,,,,,,,,,,,,,,,811.003,,,,,,,,,,,,,,,,0.0,0.0,,,,,,,,,,,,,,,,,,,,,,,,,,,,,,,,36.091,1355.441,,,,,,,,,,,26626512.0,21.594,,,,,,,,,,,,,,,,,,,,,
SDN,Sudan,2000,,0.0,,0.0,185.115,66.809,44.018,9.505,3.891,3.666,,,,,,338.521,0.0,,,,,0.0,,0.0,0.0,2.57,0.1,0.0,1.3,0.41,1.17,0.0,0.89,0.0,0.1,1.27,0.0,0.0,2.57,0.87,,1140.217,,,,,,47.663,50.584,,15.953,,,,,15.032,,0.0,0.0,45.525,,,,,42.896,,49.416,1.27,46.563,,,,,,0.0,0.0,0.0,,,,,0.0,,34.63,,,,,32.631,,102.9,3772.684,0.0,3.666,,,,,0.0,3.891,,94.225,27275020.0,31.099,46.563,49.416,,,,,,0.0,,,,,0.0,,0.0,,,,,0.0,
SDN,Sudan,2001,,0.0,,0.0,16.36,16.834,7.438,2.313,4.225,4.29,,,,,,352.113,0.0,,,,,0.0,,0.0,0.0,2.84,0.12,0.0,1.47,0.46,1.25,0.0,1.01,0.0,0.12,1.37,0.0,0.0,2.84,1.0,,1194.539,,,,,,52.554,51.761,,16.197,,,,,16.446,,0.0,0.0,44.014,,,,,44.689,,48.239,1.37,48.979,,,,,,0.0,0.0,0.0,,,,,0.0,,35.563,,,,,36.109,,119.734,4280.637,0.0,4.29,,,,,0.0,4.225,,101.533,27971076.0,33.413,48.979,48.239,,,,,,0.0,,,,,0.0,,0.0,,,,,0.0,
SDN,Sudan,2002,,0.0,,0.0,13.003,15.568,18.389,6.144,4.221,4.529,,,,,,363.636,0.0,,,,,0.0,,0.0,0.0,3.08,0.13,0.0,1.68,0.53,1.27,0.0,1.15,0.0,0.13,1.4,0.0,0.0,3.08,1.12,,1378.058,,,,,,58.527,54.545,,17.208,,,,,18.464,,0.0,0.0,41.234,,,,,44.243,,45.455,1.4,48.772,,,,,,0.0,0.0,0.0,,,,,0.0,,37.338,,,,,40.063,,135.302,4713.586,0.0,4.529,,,,,0.0,4.221,,107.299,28704786.0,39.557,48.772,45.455,,,,,,0.0,,,,,0.0,,0.0,,,,,0.0,
SDN,Sudan,2003,,0.0,,0.0,10.985,14.864,3.697,1.463,4.79,5.431,,,,,,404.192,0.0,,,,,0.0,,0.0,0.0,3.34,0.16,0.0,2.03,0.64,1.15,0.0,1.39,0.0,0.16,1.31,0.0,0.0,3.34,1.35,,1392.352,,,,,,68.906,60.778,,19.162,,,,,21.724,,0.0,0.0,34.431,,,,,39.035,,39.222,1.31,44.466,,,,,,0.0,0.0,0.0,,,,,0.0,,41.617,,,,,47.182,,150.166,5097.195,0.0,5.431,,,,,0.0,4.79,,113.372,29460518.0,41.019,44.466,39.222,,,,,,0.0,,,,,0.0,,0.0,,,,,0.0,
SDN,Sudan,2004,,0.0,,0.0,11.37,17.074,9.658,3.962,4.624,5.296,,,,,,413.295,0.0,,,,,0.0,,0.0,0.0,3.46,0.16,0.0,2.2,0.86,1.1,0.0,1.34,0.0,0.16,1.26,0.0,0.0,3.46,1.43,,1488.738,,,,,,72.813,63.584,,24.855,,,,,28.463,,0.0,0.0,31.792,,,,,36.407,,36.416,1.26,41.702,,,,,,0.0,0.0,0.0,,,,,0.0,,38.728,,,,,44.35,,167.24,5535.151,0.0,5.296,,,,,0.0,4.624,,114.516,30214190.0,44.981,41.702,36.416,,,,,,0.0,,,,,0.0,,0.0,,,,,0.0,
SDN,Sudan,2005,,0.0,,0.0,0.598,1.0,16.087,7.236,4.474,5.493,,,,,,407.895,0.0,,,,,0.0,,0.0,0.0,3.8,0.17,0.0,2.38,0.93,1.25,0.0,1.45,0.0,0.17,1.42,0.0,0.0,3.8,1.55,,1687.166,,,,,,76.899,62.632,,24.474,,,,,30.049,,0.0,0.0,32.895,,,,,40.388,,37.368,1.42,45.881,,,,,,0.0,0.0,0.0,,,,,0.0,,38.158,,,,,46.85,,168.24,5435.951,0.0,5.493,,,,,0.0,4.474,,122.781,30949514.0,52.217,45.881,37.368,,,,,,0.0,,,,,0.0,,0.0,,,,,0.0,
SDN,Sudan,2006,,0.0,,0.0,21.275,35.793,19.227,10.04,3.803,5.369,,,,,,407.159,0.0,,,,,0.0,,0.0,0.0,4.47,0.17,0.0,2.94,1.48,1.36,0.0,1.46,0.0,0.17,1.53,0.0,0.0,4.47,1.82,,1966.303,,,,,,92.856,65.772,,33.11,,,,,46.744,,0.0,0.0,30.425,,,,,42.954,,34.228,1.53,48.323,,,,,,0.0,0.0,0.0,,,,,0.0,,32.662,,,,,46.112,,204.033,6444.135,0.0,5.369,,,,,0.0,3.803,,141.179,31661824.0,62.257,48.323,34.228,,,,,,0.0,,,,,0.0,,0.0,,,,,0.0,
SDN,Sudan,2007,,0.0,,0.0,35.645,72.728,6.145,3.826,3.838,5.871,,,,,,414.141,0.0,,,,,0.0,,0.0,0.0,4.95,0.19,0.0,3.32,1.67,1.44,0.0,1.65,0.0,0.19,1.63,0.0,0.0,4.95,2.05,,2042.065,,,,,,102.594,67.071,,33.737,,,,,51.606,,0.0,0.0,29.091,,,,,44.499,,32.929,1.63,50.37,,,,,,0.0,0.0,0.0,,,,,0.0,,33.333,,,,,50.988,,276.761,8552.413,0.0,5.871,,,,,0.0,3.838,,152.964,32360620.0,66.082,50.37,32.929,,,,,,0.0,,,,,0.0,,0.0,,,,,0.0,
SDN,Sudan,2008,,0.0,,0.0,-5.157,-14.271,8.991,5.941,4.074,6.654,,,,,,425.926,0.0,,,,,0.0,,0.0,0.0,5.4,0.22,0.0,3.73,1.88,1.45,0.0,1.85,0.0,0.22,1.67,0.0,0.0,5.4,2.3,,2178.527,,,,,,112.822,69.074,,34.815,,,,,56.865,,0.0,0.0,26.852,,,,,43.859,,30.926,1.67,50.513,,,,,,0.0,0.0,0.0,,,,,0.0,,34.259,,,,,55.957,,262.49,7939.602,0.0,6.654,,,,,0.0,4.074,,163.335,33060844.0,72.024,50.513,30.926,,,,,,0.0,,,,,0.0,,0.0,,,,,0.0,
SDN,Sudan,2009,,0.0,,0.0,3.712,9.744,7.731,5.568,2.804,5.328,,,,,,300.623,0.0,,,,,0.0,,0.0,0.0,6.42,0.18,0.0,3.04,1.53,3.2,0.0,1.51,0.0,0.18,3.38,0.0,0.0,6.42,1.93,,2296.717,,,,,,89.984,47.352,,23.832,,,,,45.288,,0.0,0.0,49.844,,,,,94.72,,52.648,3.38,100.048,,,,,,0.0,0.0,0.0,,,,,0.0,,23.52,,,,,44.696,,272.234,8058.125,0.0,5.328,,,,,0.0,2.804,,190.032,33783776.0,77.592,100.048,52.648,,,,,,0.0,,,,,0.0,,0.0,,,,,0.0,
SDN,Sudan,2010,,0.0,,0.0,-2.765,-7.528,13.248,10.279,0.935,2.026,,,,,,124.166,0.0,,,,,0.0,,0.0,0.0,7.49,0.07,0.0,1.28,0.64,6.14,0.0,0.64,0.0,0.07,6.21,0.0,0.0,7.49,0.93,,2543.67,,,,,,37.053,17.089,,8.545,,,,,18.527,,0.0,0.0,81.976,,,,,177.739,,82.911,6.21,179.765,,,,,,0.0,0.0,0.0,,,,,0.0,,8.545,,,,,18.527,,264.706,7662.625,0.0,2.026,,,,,0.0,0.935,,216.819,34545016.0,87.871,179.765,82.911,,,,,,0.0,,,,,0.0,,0.0,,,,,0.0,
SDN,Sudan,2011,,0.0,,0.0,-37.022,-98.0,-3.537,-3.108,1.311,3.112,,,,,,154.946,0.0,,,,,0.0,,0.0,0.0,8.39,0.11,0.0,1.88,0.95,6.4,0.0,0.93,0.0,0.11,6.51,0.0,0.0,8.39,1.3,,2397.847,,,,,,53.183,22.408,,11.323,,,,,26.874,,0.0,0.0,76.281,,,,,181.048,,77.592,6.51,184.16,,,,,,0.0,0.0,0.0,,,,,0.0,,11.085,,,,,26.309,,166.706,4715.908,0.0,3.112,,,,,0.0,1.311,,237.343,35349676.0,84.763,184.16,77.592,,,,,,0.0,,,,,0.0,,0.0,,,,,0.0,
SDN,Sudan,2012,,0.0,,0.0,-64.471,-107.477,-3.512,-2.977,3.215,8.289,,,,,,182.208,0.0,,,,,0.0,,0.0,0.0,9.33,0.3,0.0,2.47,1.24,6.55,0.0,1.23,0.0,0.3,6.86,0.01,0.0,9.33,1.7,,2259.675,,,,,,68.244,26.474,,13.29,,,,,34.26,,0.0,0.0,70.204,,,,,180.97,,73.526,6.86,189.535,,,,,,0.0,0.0,0.0,,,,,0.0,,13.183,,,,,33.984,,59.229,1636.436,0.0,8.289,,,,,0.0,3.215,,257.779,36193780.0,81.786,189.535,73.526,,,,,,0.107,,,,,0.276,,0.0,,,,,0.0,
SDN,Sudan,2013,,0.0,,0.0,13.989,8.286,4.955,4.052,2.151,5.934,,,,,,128.055,0.0,,,,,0.0,,0.0,0.0,10.23,0.22,0.0,1.77,0.89,8.23,0.0,0.88,0.0,0.22,8.46,0.01,0.0,10.23,1.31,,2315.417,,,,,,47.744,17.302,,8.7,,,,,24.007,,0.0,0.0,80.45,,,,,221.997,,82.698,8.46,228.201,,,,,,0.0,0.0,0.0,,,,,0.0,,8.602,,,,,23.737,,67.514,1821.143,0.0,5.934,,,,,0.0,2.151,,275.945,37072556.0,85.838,228.201,82.698,,,,,,0.098,,,,,0.27,,0.0,,,,,0.0,
SDN,Sudan,2014,,0.0,,0.0,1.486,1.003,2.547,2.186,2.309,6.846,,,,,,138.544,0.0,,,,,0.0,,0.0,0.0,11.26,0.26,0.0,2.17,1.09,8.82,0.0,1.08,0.0,0.26,9.09,0.01,0.0,11.26,1.56,,2317.805,,,,,,57.139,19.272,,9.68,,,,,28.701,,0.0,0.0,78.33,,,,,232.242,,80.728,9.09,239.351,,,,,,0.0,0.0,0.0,,,,,0.0,,9.591,,,,,28.438,,68.518,1804.155,0.0,6.846,,,,,0.0,2.309,,296.49,37977656.0,88.025,239.351,80.728,,,,,,0.089,,,,,0.263,,0.0,,,,,0.0,
SDN,Sudan,2015,,0.0,,0.0,-8.814,-6.039,3.369,2.965,3.747,12.338,,,,,,209.212,0.0,,,,,0.0,,0.0,0.0,12.81,0.48,0.0,3.98,2.0,8.34,0.0,1.98,0.0,0.48,8.83,0.01,0.0,12.81,2.68,,2338.903,,,,,,102.306,31.069,,15.613,,,,,51.41,,0.0,0.0,65.105,,,,,214.38,,68.931,8.83,226.975,,,,,,0.0,0.0,0.0,,,,,0.0,,15.457,,,,,50.896,,62.478,1606.001,0.0,12.338,,,,,0.0,3.747,,329.281,38902948.0,90.99,226.975,68.931,,,,,,0.078,,,,,0.257,,0.0,,,,,0.0,
SDN,Sudan,2016,,0.0,,0.0,-4.736,-2.959,16.128,14.675,4.684,16.563,,,,,,253.371,0.0,,,,,0.0,,0.0,0.0,14.09,0.66,0.0,5.44,2.74,7.97,0.0,2.7,0.0,0.66,8.65,0.02,0.0,14.09,3.57,,2651.734,,,,,,136.521,38.609,,19.446,,,,,68.762,,0.0,0.0,56.565,,,,,200.013,,61.391,8.65,217.078,,,,,,0.0,0.0,0.0,,,,,0.0,,19.163,,,,,67.758,,59.52,1493.685,0.0,16.563,,,,,0.0,4.684,,353.599,39847432.0,105.665,217.078,61.391,,,,,,0.142,,,,,0.502,,0.0,,,,,0.0,
SDN,Sudan,2017,,,,,-8.934,-5.317,2.164,2.286,4.208,15.681,,,,,,231.427,0.0,,,,,0.0,,,,15.21,0.64,0.0,5.3,2.67,9.25,0.0,2.63,0.0,0.64,9.91,0.02,0.0,15.21,3.52,,2644.995,,,,,,129.859,34.845,,17.554,,,,,65.42,,,,60.815,,,,,226.641,,65.155,9.91,242.812,,,,,,0.0,0.0,0.0,,,,,0.0,,17.291,,,,,64.44,,54.202,1328.049,0.0,15.681,,,,,0.0,4.208,,372.672,40813400.0,107.951,242.812,65.155,,,,,,0.131,,,,,0.49,,0.0,,,,,0.0,
SDN,Sudan,2018,,,,,5.978,3.24,-0.616,-0.665,4.277,16.267,,,,,,235.22,0.0,,,,,0.0,,,,15.9,0.68,0.0,5.64,2.84,9.56,0.0,2.8,0.0,0.68,10.26,0.02,0.0,15.9,3.74,,2566.572,,,,,,134.923,35.472,,17.862,,,,,67.94,,,,60.126,,,,,228.7,,64.528,10.26,245.446,,,,,,0.0,0.0,0.0,,,,,0.0,,17.61,,,,,66.983,,57.443,1374.174,0.0,16.267,,,,,0.0,4.277,,380.369,41801532.0,107.287,245.446,64.528,,,,,,0.126,,,,,0.478,,0.0,,,,,0.0,
SDN,Sudan,2019,,,,,-2.738,-1.573,-5.836,-6.261,4.972,16.584,,,,,,266.106,0.0,,,,,0.0,,,,14.28,0.71,0.0,5.8,2.92,7.75,0.0,2.88,0.0,0.71,8.48,0.02,0.0,14.28,3.8,,2359.674,,,,,,135.472,40.616,,20.448,,,,,68.203,,,,54.272,,,,,181.019,,59.384,8.48,198.07,,,,,,0.0,0.0,0.0,,,,,0.0,,20.168,,,,,67.269,,55.87,1304.962,0.0,16.584,,,,,0.0,4.972,,333.542,42813240.0,101.025,198.07,59.384,,,,,,0.14,,,,,0.467,,0.0,,,,,0.0,
SDN,Sudan,2020,,,,,-11.953,-6.678,,,4.972,16.192,,,,,,266.106,0.0,,,,,0.0,,,,14.28,0.71,0.0,5.8,2.92,7.75,0.0,2.88,0.0,0.71,8.48,0.02,0.0,14.28,3.8,,,,,,,,132.271,40.616,,20.448,,,,,66.592,,,,54.272,,,,,176.742,,59.384,8.48,193.39,,,,,,0.0,0.0,0.0,,,,,0.0,,20.168,,,,,65.68,,49.192,1121.835,0.0,16.192,,,,,0.0,4.972,,325.661,43849268.0,,193.39,59.384,,,,,,0.14,,,,,0.456,,0.0,,,,,0.0,
