iso_code,country,year,coal_prod_change_pct,coal_prod_change_twh,gas_prod_change_pct,gas_prod_change_twh,oil_prod_change_pct,oil_prod_change_twh,energy_cons_change_pct,energy_cons_change_twh,biofuel_share_elec,biofuel_elec_per_capita,biofuel_cons_change_pct,biofuel_share_energy,biofuel_cons_change_twh,biofuel_consumption,biofuel_cons_per_capita,carbon_intensity_elec,coal_share_elec,coal_cons_change_pct,coal_share_energy,coal_cons_change_twh,coal_consumption,coal_elec_per_capita,coal_cons_per_capita,coal_production,coal_prod_per_capita,electricity_demand,biofuel_electricity,coal_electricity,fossil_electricity,gas_electricity,hydro_electricity,nuclear_electricity,oil_electricity,other_renewable_exc_biofuel_electricity,other_renewable_electricity,renewables_electricity,solar_electricity,wind_electricity,electricity_generation,greenhouse_gas_emissions,energy_per_gdp,energy_per_capita,fossil_cons_change_pct,fossil_share_energy,fossil_cons_change_twh,fossil_fuel_consumption,fossil_energy_per_capita,fossil_cons_per_capita,fossil_share_elec,gdp,gas_share_elec,gas_cons_change_pct,gas_share_energy,gas_cons_change_twh,gas_consumption,gas_elec_per_capita,gas_energy_per_capita,gas_production,gas_prod_per_capita,hydro_share_elec,hydro_cons_change_pct,hydro_share_energy,hydro_cons_change_twh,hydro_consumption,hydro_elec_per_capita,hydro_energy_per_capita,low_carbon_share_elec,low_carbon_electricity,low_carbon_elec_per_capita,low_carbon_cons_change_pct,low_carbon_share_energy,low_carbon_cons_change_twh,low_carbon_consumption,low_carbon_energy_per_capita,net_elec_imports_share_demand,net_elec_imports,nuclear_share_elec,nuclear_cons_change_pct,nuclear_share_energy,nuclear_cons_change_twh,nuclear_consumption,nuclear_elec_per_capita,nuclear_energy_per_capita,oil_share_elec,oil_cons_change_pct,oil_share_energy,oil_cons_change_twh,oil_consumption,oil_elec_per_capita,oil_energy_per_capita,oil_production,oil_prod_per_capita,other_renewables_elec_per_capita_exc_biofuel,other_renewables_elec_per_capita,other_renewables_cons_change_pct,other_renewables_share_energy,other_renewables_cons_change_twh,other_renewable_consumption,other_renewables_share_elec_exc_biofuel,other_renewables_share_elec,other_renewables_energy_per_capita,per_capita_electricity,population,primary_energy_consumption,renewables_elec_per_capita,renewables_share_elec,renewables_cons_change_pct,renewables_share_energy,renewables_cons_change_twh,renewables_consumption,renewables_energy_per_capita,solar_share_elec,solar_cons_change_pct,solar_share_energy,solar_cons_change_twh,solar_consumption,solar_elec_per_capita,solar_energy_per_capita,wind_share_elec,wind_cons_change_pct,wind_share_energy,wind_cons_change_twh,wind_consumption,wind_elec_per_capita,wind_energy_per_capita
SWE,Sweden,1900,,,,,,,,,,,,,,,,,,,,,,,,1.906,372.173,,,,,,,,,,,,,,,,,,,,,,,,,16988440000.0,,,,,,,,,,,,,,,,,,,,,,,,,,,,,,,,,,,,,,,,,0.0,0.0,,,,,,,,,,,5120942.0,,,,,,,,,,,,,,,,,,,,,,
SWE,Sweden,1901,7.937,0.151,,,,0.0,,,,,,,,,,,,,,,,,,2.057,399.101,,,,,,,,,,,,,,,,,,,,,,,,,17561336000.0,,,,,,,,,,,,,,,,,,,,,,,,,,,,,,,,,,,,,,,,,0.0,0.0,,,,,,,,,,,5154417.0,,,,,,,,,,,,,,,,,,,,,,
SWE,Sweden,1902,12.132,0.25,,,,0.0,,,,,,,,,,,,,,,,,,2.307,444.662,,,,,,,,,,,,,,,,,,,,,,,,,17438694000.0,,,,,,,,,,,,,,,,,,,,,,,,,,,,,,,,,,,,,,,,,0.0,0.0,,,,,,,,,,,5187569.0,,,,,,,,,,,,,,,,,,,,,,
SWE,Sweden,1903,4.918,0.113,,,,0.0,,,,,,,,,,,,,,,,,,2.42,463.597,,,,,,,,,,,,,,,,,,,,,,,,,18438190000.0,,,,,,,,,,,,,,,,,,,,,,,,,,,,,,,,,,,,,,,,,0.0,0.0,,,,,,,,,,,5220392.0,,,,,,,,,,,,,,,,,,,,,,
SWE,Sweden,1904,0.313,0.008,,,,0.0,,,,,,,,,,,,,,,,,,2.428,462.122,,,,,,,,,,,,,,,,,,,,,,,,,18862359000.0,,,,,,,,,,,,,,,,,,,,,,,,,,,,,,,,,,,,,,,,,0.0,0.0,,,,,,,,,,,5253422.0,,,,,,,,,,,,,,,,,,,,,,
SWE,Sweden,1905,0.312,0.008,,,,0.0,,,,,,,,,,,,,,,,,,2.435,460.647,,,,,,,,,,,,,,,,,,,,,,,,,18721066000.0,,,,,,,,,,,,,,,,,,,,,,,,,,,,,,,,,,,,,,,,,0.0,0.0,,,,,,,,,,,5286661.0,,,,,,,,,,,,,,,,,,,,,,
SWE,Sweden,1906,-7.764,-0.189,,,,0.0,,,,,,,,,,,,,,,,,,2.246,422.211,,,,,,,,,,,,,,,,,,,,,,,,,20356450000.0,,,,,,,,,,,,,,,,,,,,,,,,,,,,,,,,,,,,,,,,,0.0,0.0,,,,,,,,,,,5320111.0,,,,,,,,,,,,,,,,,,,,,,
SWE,Sweden,1907,2.694,0.061,,,,0.0,,,,,,,,,,,,,,,,,,2.307,430.858,,,,,,,,,,,,,,,,,,,,,,,,,21883345000.0,,,,,,,,,,,,,,,,,,,,,,,,,,,,,,,,,,,,,,,,,0.0,0.0,,,,,,,,,,,5353772.0,,,,,,,,,,,,,,,,,,,,,,
SWE,Sweden,1908,0.0,0.0,,,,0.0,,,,,,,,,,,,,,,,,,2.307,428.149,,,,,,,,,,,,,,,,,,,,,,,,,21394436000.0,,,,,,,,,,,,,,,,,,,,,,,,,,,,,,,,,,,,,,,,,0.0,0.0,,,,,,,,,,,5387646.0,,,,,,,,,,,,,,,,,,,,,,
SWE,Sweden,1909,-19.016,-0.439,,,,0.0,,,,,,,,,,,,,,,,,,1.868,344.462,,,,,,,,,,,,,,,,,,,,,,,,,21702940000.0,,,,,,,,,,,,,,,,,,,,,,,,,,,,,,,,,,,,,,,,,0.0,0.0,,,,,,,,,,,5423117.0,,,,,,,,,,,,,,,,,,,,,,
SWE,Sweden,1910,22.672,0.424,,,,0.0,,,,,,,,,,,,,,,,,,2.292,419.689,,,,,,,,,,,,,,,,,,,,,,,,,22287447000.0,,,,,,,,,,,,,,,,,,,,,,,,,,,,,,,,,,,,,,,,,0.0,0.0,,,,,,,,,,,5460205.0,,,,,,,,,,,,,,,,,,,,,,
SWE,Sweden,1911,2.97,0.068,,,,0.0,,,,,,,,,,,,,,,,,,2.36,429.111,,,,,,,,,,,,,,,,,,,,,,,,,23021468000.0,,,,,,,,,,,,,,,,,,,,,,,,,,,,,,,,,,,,,,,,,0.0,0.0,,,,,,,,,,,5498931.0,,,,,,,,,,,,,,,,,,,,,,
SWE,Sweden,1912,15.385,0.363,,,,0.0,,,,,,,,,,,,,,,,,,2.723,491.519,,,,,,,,,,,,,,,,,,,,,,,,,24073896000.0,,,,,,,,,,,,,,,,,,,,,,,,,,,,,,,,,,,,,,,,,0.0,0.0,,,,,,,,,,,5539316.0,,,,,,,,,,,,,,,,,,,,,,
SWE,Sweden,1913,1.111,0.03,,,,0.0,,,,,,,,,,,,,,,,,,2.753,493.235,,,,,,,,,,,,,,,,,,,,,,,,,25749801000.0,,,,,,,,,,,,,,,,,,,,,,,,,,,,,,,,,,,,,,,,,0.0,0.0,,,,,,,,,,,5581381.0,,,,,,,,,,,,,,,,,,,,,,
SWE,Sweden,1914,0.824,0.023,,,,0.0,,,,,,,,,,,,,,,,,,2.776,493.552,,,,,,,,,,,,,,,,,,,,,,,,,26472802000.0,,,,,,,,,,,,,,,,,,,,,,,,,,,,,,,,,,,,,,,,,0.0,0.0,,,,,,,,,,,5623766.0,,,,,,,,,,,,,,,,,,,,,,
SWE,Sweden,1915,12.262,0.34,,,,0.0,,,,,,,,,,,,,,,,,,3.116,549.893,,,,,,,,,,,,,,,,,,,,,,,,,27574336000.0,,,,,,,,,,,,,,,,,,,,,,,,,,,,,,,,,,,,,,,,,0.0,0.0,,,,,,,,,,,5666472.0,,,,,,,,,,,,,,,,,,,,,,
SWE,Sweden,1916,0.728,0.023,,,,0.0,,,,,,,,,,,,,,,,,,3.139,549.723,,,,,,,,,,,,,,,,,,,,,,,,,29300115000.0,,,,,,,,,,,,,,,,,,,,,,,,,,,,,,,,,,,,,,,,,0.0,0.0,,,,,,,,,,,5709503.0,,,,,,,,,,,,,,,,,,,,,,
SWE,Sweden,1917,6.747,0.212,,,,0.0,,,,,,,,,,,,,,,,,,3.35,582.39,,,,,,,,,,,,,,,,,,,,,,,,,27733421000.0,,,,,,,,,,,,,,,,,,,,,,,,,,,,,,,,,,,,,,,,,0.0,0.0,,,,,,,,,,,5752861.0,,,,,,,,,,,,,,,,,,,,,,
SWE,Sweden,1918,-8.804,-0.295,,,,0.0,,,,,,,,,,,,,,,,,,3.055,527.126,,,,,,,,,,,,,,,,,,,,,,,,,25748238000.0,,,,,,,,,,,,,,,,,,,,,,,,,,,,,,,,,,,,,,,,,0.0,0.0,,,,,,,,,,,5796427.0,,,,,,,,,,,,,,,,,,,,,,
SWE,Sweden,1919,6.188,0.189,,,,0.0,,,,,,,,,,,,,,,,,,3.245,555.91,,,,,,,,,,,,,,,,,,,,,,,,,26252490000.0,,,,,,,,,,,,,,,,,,,,,,,,,,,,,,,,,,,,,,,,,0.0,0.0,,,,,,,,,,,5836421.0,,,,,,,,,,,,,,,,,,,,,,
SWE,Sweden,1920,2.564,0.083,,,,0.0,,,,,,,,,,,,,,,,,,3.328,566.632,,,,,,,,,,,,,,,,,,,,,,,,,28134288000.0,,,,,,,,,,,,,,,,,,,,,,,,,,,,,,,,,,,,,,,,,0.0,0.0,,,,,,,,,,,5872799.0,,,,,,,,,,,,,,,,,,,,,,
SWE,Sweden,1921,-14.318,-0.476,,,,0.0,,,,,,,,,,,,,,,,,,2.851,482.811,,,,,,,,,,,,,,,,,,,,,,,,,26935447000.0,,,,,,,,,,,,,,,,,,,,,,,,,,,,,,,,,,,,,,,,,0.0,0.0,,,,,,,,,,,5905517.0,,,,,,,,,,,,,,,,,,,,,,
SWE,Sweden,1922,0.53,0.015,,,,0.0,,,,,,,,,,,,,,,,,,2.866,482.999,,,,,,,,,,,,,,,,,,,,,,,,,29066828000.0,,,,,,,,,,,,,,,,,,,,,,,,,,,,,,,,,,,,,,,,,0.0,0.0,,,,,,,,,,,5934531.0,,,,,,,,,,,,,,,,,,,,,,
SWE,Sweden,1923,10.818,0.31,,,,0.0,,,,,,,,,,,,,,,,,,3.176,532.981,,,,,,,,,,,,,,,,,,,,,,,,,30122931000.0,,,,,,,,,,,,,,,,,,,,,,,,,,,,,,,,,,,,,,,,,0.0,0.0,,,,,,,,,,,5959795.0,,,,,,,,,,,,,,,,,,,,,,
SWE,Sweden,1924,4.286,0.136,,,,0.0,,,,,,,,,,,,,,,,,,3.313,553.467,,,,,,,,,,,,,,,,,,,,,,,,,32302665000.0,,,,,,,,,,,,,,,,,,,,,,,,,,,,,,,,,,,,,,,,,0.0,0.0,,,,,,,,,,,5985167.0,,,,,,,,,,,,,,,,,,,,,,
SWE,Sweden,1925,-39.726,-1.316,,,,0.0,,,,,,,,,,,,,,,,,,1.997,332.182,,,,,,,,,,,,,,,,,,,,,,,,,33174960000.0,,,,,,,,,,,,,,,,,,,,,,,,,,,,,,,,,,,,,,,,,0.0,0.0,,,,,,,,,,,6010647.0,,,,,,,,,,,,,,,,,,,,,,
SWE,Sweden,1926,45.455,0.908,,,,0.0,,,,,,,,,,,,,,,,,,2.904,481.126,,,,,,,,,,,,,,,,,,,,,,,,,34904384000.0,,,,,,,,,,,,,,,,,,,,,,,,,,,,,,,,,,,,,,,,,0.0,0.0,,,,,,,,,,,6036236.0,,,,,,,,,,,,,,,,,,,,,,
SWE,Sweden,1927,3.646,0.106,,,,0.0,,,,,,,,,,,,,,,,,,3.01,496.553,,,,,,,,,,,,,,,,,,,,,,,,,36133302000.0,,,,,,,,,,,,,,,,,,,,,,,,,,,,,,,,,,,,,,,,,0.0,0.0,,,,,,,,,,,6061933.0,,,,,,,,,,,,,,,,,,,,,,
SWE,Sweden,1928,-9.799,-0.295,,,,0.0,,,,,,,,,,,,,,,,,,2.715,445.997,,,,,,,,,,,,,,,,,,,,,,,,,37270961000.0,,,,,,,,,,,,,,,,,,,,,,,,,,,,,,,,,,,,,,,,,0.0,0.0,,,,,,,,,,,6087740.0,,,,,,,,,,,,,,,,,,,,,,
SWE,Sweden,1929,10.028,0.272,,,,0.0,,,,,,,,,,,,,,,,,,2.987,488.704,,,,,,,,,,,,,,,,,,,,,,,,,39587788000.0,,,,,,,,,,,,,,,,,,,,,,,,,,,,,,,,,,,,,,,,,0.0,0.0,,,,,,,,,,,6112863.0,,,,,,,,,,,,,,,,,,,,,,
SWE,Sweden,1930,0.76,0.023,,,,0.0,,,,,,,,,,,,,,,,,,3.01,490.456,,,,,,,,,,,,,,,,,,,,,,,,,41414905000.0,,,,,,,,,,,,,,,,,,,,,,,,,,,,,,,,,,,,,,,,,0.0,0.0,,,,,,,,,,,6137296.0,,,,,,,,,,,,,,,,,,,,,,
SWE,Sweden,1931,-13.819,-0.416,,,,0.0,,,,,,,,,,,,,,,,,,2.594,421.051,,,,,,,,,,,,,,,,,,,,,,,,,40492464000.0,,,,,,,,,,,,,,,,,,,,,,,,,,,,,,,,,,,,,,,,,0.0,0.0,,,,,,,,,,,6161033.0,,,,,,,,,,,,,,,,,,,,,,
SWE,Sweden,1932,-2.915,-0.076,,,,0.0,,,,,,,,,,,,,,,,,,2.518,407.252,,,,,,,,,,,,,,,,,,,,,,,,,39063200000.0,,,,,,,,,,,,,,,,,,,,,,,,,,,,,,,,,,,,,,,,,0.0,0.0,,,,,,,,,,,6184069.0,,,,,,,,,,,,,,,,,,,,,,
SWE,Sweden,1933,4.805,0.121,,,,0.0,,,,,,,,,,,,,,,,,,2.639,425.285,,,,,,,,,,,,,,,,,,,,,,,,,39866229000.0,,,,,,,,,,,,,,,,,,,,,,,,,,,,,,,,,,,,,,,,,0.0,0.0,,,,,,,,,,,6206397.0,,,,,,,,,,,,,,,,,,,,,,
SWE,Sweden,1934,18.911,0.499,,,,0.0,,,,,,,,,,,,,,,,,,3.139,503.892,,,,,,,,,,,,,,,,,,,,,,,,,42589590000.0,,,,,,,,,,,,,,,,,,,,,,,,,,,,,,,,,,,,,,,,,0.0,0.0,,,,,,,,,,,6228806.0,,,,,,,,,,,,,,,,,,,,,,
SWE,Sweden,1935,2.169,0.068,,,,0.0,,,,,,,,,,,,,,,,,,3.207,512.967,,,,,,,,,,,,,,,,,,,,,,,,,44692720000.0,,,,,,,,,,,,,,,,,,,,,,,,,,,,,,,,,,,,,,,,,0.0,0.0,,,,,,,,,,,6251296.0,,,,,,,,,,,,,,,,,,,,,,
SWE,Sweden,1936,7.547,0.242,,,,0.0,,,,,,,,,,,,,,,,,,3.449,549.697,,,,,,,,,,,,,,,,,,,,,,,,,46291564000.0,,,,,,,,,,,,,,,,,,,,,,,,,,,,,,,,,,,,,,,,,0.0,0.0,,,,,,,,,,,6273868.0,,,,,,,,,,,,,,,,,,,,,,
SWE,Sweden,1937,0.877,0.03,,,,0.0,,,,,,,,,,,,,,,,,,3.479,552.524,,,,,,,,,,,,,,,,,,,,,,,,,47565804000.0,,,,,,,,,,,,,,,,,,,,,,,,,,,,,,,,,,,,,,,,,0.0,0.0,,,,,,,,,,,6296520.0,,,,,,,,,,,,,,,,,,,,,,
SWE,Sweden,1938,-6.304,-0.219,,,,0.0,,,,,,,,,,,,,,,,,,3.26,515.828,,,,,,,,,,,,,,,,,,,,,,,,,49192164000.0,,,,,,,,,,,,,,,,,,,,,,,,,,,,,,,,,,,,,,,,,0.0,0.0,,,,,,,,,,,6319255.0,,,,,,,,,,,,,,,,,,,,,,
SWE,Sweden,1939,3.016,0.098,,,,0.0,,,,,,,,,,,,,,,,,,3.358,528.808,,,,,,,,,,,,,,,,,,,,,,,,,52948620000.0,,,,,,,,,,,,,,,,,,,,,,,,,,,,,,,,,,,,,,,,,0.0,0.0,,,,,,,,,,,6350077.0,,,,,,,,,,,,,,,,,,,,,,
SWE,Sweden,1940,12.162,0.408,,,,0.0,,,,,,,,,,,,,,,,,,3.766,589.5,,,,,,,,,,,,,,,,,,,,,,,,,49189084000.0,,,,,,,,,,,,,,,,,,,,,,,,,,,,,,,,,,,,,,,,,0.0,0.0,,,,,,,,,,,6389096.0,,,,,,,,,,,,,,,,,,,,,,
SWE,Sweden,1941,11.847,0.446,,,,0.0,,,,,,,,,,,,,,,,,,4.213,654.492,,,,,,,,,,,,,,,,,,,,,,,,,47987779000.0,,,,,,,,,,,,,,,,,,,,,,,,,,,,,,,,,,,,,,,,,0.0,0.0,,,,,,,,,,,6436420.0,,,,,,,,,,,,,,,,,,,,,,
SWE,Sweden,1942,4.488,0.189,,,,0.0,,,,,,,,,,,,,,,,,,4.402,677.997,,,,,,,,,,,,,,,,,,,,,,,,,48606624000.0,,,,,,,,,,,,,,,,,,,,,,,,,,,,,,,,,,,,,,,,,0.0,0.0,,,,,,,,,,,6492162.0,,,,,,,,,,,,,,,,,,,,,,
SWE,Sweden,1943,-4.124,-0.182,,,,0.0,,,,,,,,,,,,,,,,,,4.22,643.666,,,,,,,,,,,,,,,,,,,,,,,,,50485710000.0,,,,,,,,,,,,,,,,,,,,,,,,,,,,,,,,,,,,,,,,,0.0,0.0,,,,,,,,,,,6556432.0,,,,,,,,,,,,,,,,,,,,,,
SWE,Sweden,1944,2.151,0.091,,,,0.0,,,,,,,,,,,,,,,,,,4.311,651.063,,,,,,,,,,,,,,,,,,,,,,,,,52394720000.0,,,,,,,,,,,,,,,,,,,,,,,,,,,,,,,,,,,,,,,,,0.0,0.0,,,,,,,,,,,6621338.0,,,,,,,,,,,,,,,,,,,,,,
SWE,Sweden,1945,7.895,0.34,,,,0.0,,,,,,,,,,,,,,,,,,4.651,695.577,,,,,,,,,,,,,,,,,,,,,,,,,54413635000.0,,,,,,,,,,,,,,,,,,,,,,,,,,,,,,,,,,,,,,,,,0.0,0.0,,,,,,,,,,,6686887.0,,,,,,,,,,,,,,,,,,,,,,
SWE,Sweden,1946,-20.65,-0.961,,,,0.0,,,,,,,,,,,,,,,,,,3.691,546.527,,,,,,,,,,,,,,,,,,,,,,,,,60471000000.0,,,,,,,,,,,,,,,,,,,,,,,,,,,,,,,,,,,,,,,,,0.0,0.0,,,,,,,,,,,6753085.0,,,,,,,,,,,,,,,,,,,,,,
SWE,Sweden,1947,-14.754,-0.545,,,,0.0,,,,,,,,,,,,,,,,,,3.146,461.325,,,,,,,,,,,,,,,,,,,,,,,,,66050327000.0,,,,,,,,,,,,,,,,,,,,,,,,,,,,,,,,,,,,,,,,,0.0,0.0,,,,,,,,,,,6819938.0,,,,,,,,,,,,,,,,,,,,,,
SWE,Sweden,1948,-10.096,-0.318,,,,0.0,,,,,,,,,,,,,,,,,,2.829,410.683,,,,,,,,,,,,,,,,,,,,,,,,,67604826000.0,,,,,,,,,,,,,,,,,,,,,,,,,,,,,,,,,,,,,,,,,0.0,0.0,,,,,,,,,,,6887453.0,,,,,,,,,,,,,,,,,,,,,,
SWE,Sweden,1949,-15.241,-0.431,,,,0.0,,,,,,,,,,,,,,,,,,2.397,344.92,,,,,,,,,,,,,,,,,,,,,,,,,70433285000.0,,,,,,,,,,,,,,,,,,,,,,,,,,,,,,,,,,,,,,,,,0.0,0.0,,,,,,,,,,,6950802.0,,,,,,,,,,,,,,,,,,,,,,
SWE,Sweden,1950,-2.524,-0.061,,,,0.605,,,,,,,,,,,,,,,,,,2.337,333.38,,,,,,,,,,,,,,,,,,,,,,,,,75344388000.0,,,,,,,,,,,,,,,,,,,,,,,,,,,,,,,,,,,,,,,,,0.605,86.272,,,,,,,,,,,7009913.0,,,,,,,,,,,,,,,,,,,,,,
SWE,Sweden,1951,-9.709,-0.227,,,-23.077,-0.14,,,,,,,,,,,,,,,,,,2.11,298.319,,,,,,,,,,,,,,,,,,,,,,,,,78314390000.0,,,,,,,,,,,,,,,,,,,,,,,,,,,,,,,,,,,,,,,,,0.465,65.769,,,,,,,,,,,7073227.0,,,,,,,,,,,,,,,,,,,,,,
SWE,Sweden,1952,24.373,0.514,,,0.0,0.0,,,,,,,,,,,,,,,,,,2.624,368.201,,,,,,,,,,,,,,,,,,,,,,,,,79458000000.0,,,,,,,,,,,,,,,,,,,,,,,,,,,,,,,,,,,,,,,,,0.465,65.268,,,,,,,,,,,7127517.0,,,,,,,,,,,,,,,,,,,,,,
SWE,Sweden,1953,-17.867,-0.469,,,65.0,0.302,,,,,,,,,,,,,,,,,,2.155,300.383,,,,,,,,,,,,,,,,,,,,,,,,,81670519000.0,,,,,,,,,,,,,,,,,,,,,,,,,,,,,,,,,,,,,,,,,0.768,106.97,,,,,,,,,,,7175673.0,,,,,,,,,,,,,,,,,,,,,,
SWE,Sweden,1954,-6.316,-0.136,,,-6.061,-0.047,,,,,,,,,,,,,,,,,,2.019,279.682,,,,,,,,,,,,,,,,,,,,,,,,,85106187000.0,,,,,,,,,,,,,,,,,,,,,,,,,,,,,,,,,,,,,,,,,0.721,99.869,,,,,,,,,,,7220064.0,,,,,,,,,,,,,,,,,,,,,,
SWE,Sweden,1955,5.618,0.113,,,33.871,0.244,,,,,,,,,,,,,,,,,,2.133,293.663,,,,,,,,,,,,,,,,,,,,,,,,,87579720000.0,,,,,,,,,,,,,,,,,,,,,,,,,,,,,,,,,,,,,,,,,0.965,132.912,,,,,,,,,,,7262625.0,,,,,,,,,,,,,,,,,,,,,,
SWE,Sweden,1956,4.255,0.091,,,6.024,0.058,,,,,,,,,,,,,,,,,,2.224,304.393,,,,,,,,,,,,,,,,,,,,,,,,,90910820000.0,,,,,,,,,,,,,,,,,,,,,,,,,,,,,,,,,,,,,,,,,1.023,140.106,,,,,,,,,,,7304770.0,,,,,,,,,,,,,,,,,,,,,,
SWE,Sweden,1957,3.401,0.076,,,7.955,0.081,,,,,,,,,,,,,,,,,,2.299,312.917,,,,,,,,,,,,,,,,,,,,,,,,,94988236000.0,,,,,,,,,,,,,,,,,,,,,,,,,,,,,,,,,,,,,,,,,1.105,150.372,,,,,,,,,,,7347475.0,,,,,,,,,,,,,,,,,,,,,,
SWE,Sweden,1958,4.934,0.113,,,-1.053,-0.012,,,,,,,,,,,,,,,,,,2.413,326.413,,,,,,,,,,,,,,,,,,,,,,,,,95457556000.0,,,,,,,,,,,,,,,,,,,,,,,,,,,,,,,,,,,,,,,,,1.093,147.908,,,,,,,,,,,7391243.0,,,,,,,,,,,,,,,,,,,,,,
SWE,Sweden,1959,-14.734,-0.355,,,-1.064,-0.012,,,,,,,,,,,,,,,,,,2.057,276.636,,,,,,,,,,,,,,,,,,,,,,,,,98369106000.0,,,,,,,,,,,,,,,,,,,,,,,,,,,,,,,,,,,,,,,,,1.082,145.448,,,,,,,,,,,7436260.0,,,,,,,,,,,,,,,,,,,,,,
SWE,Sweden,1960,-7.721,-0.159,,,9.677,0.105,,,,,,,,,,,,,,,,,,1.898,253.699,,,,,,,,,,,,,,,,,,,,,,,,,103590520000.0,,,,,,,,,,,,,,,,,,,,,,,,,,,,,,,,,,,,,,,,,1.186,158.537,,,,,,,,,,,7482536.0,,,,,,,,,,,,,,,,,,,,,,
SWE,Sweden,1961,-20.319,-0.386,,,4.902,0.058,,,,,,,,,,,,,,,,,,1.513,200.871,,,,,,,,,,,,,,,,,,,,,,,,,109521280000.0,,,,,,,,,,,,,,,,,,,,,,,,,,,,,,,,,,,,,,,,,1.244,165.256,,,,,,,,,,,7530183.0,,,,,,,,,,,,,,,,,,,,,,
SWE,Sweden,1962,-26.0,-0.393,,,-5.607,-0.07,,,,,,,,,,,,,,,,,,1.119,147.676,,,,,,,,,,,,,,,,,,,,,,,,,114133266000.0,,,,,,,,,,,,,,,,,,,,,,,,,,,,,,,,,,,,,,,,,1.175,154.973,,,,,,,,,,,7579570.0,,,,,,,,,,,,,,,,,,,,,,
SWE,Sweden,1963,-33.108,-0.371,,,-21.782,-0.256,,,,,,,,,,,,,,,,,,0.749,98.112,,,,,,,,,,,,,,,,,,,,,,,,,120204032000.0,,,,,,,,,,,,,,,,,,,,,,,,,,,,,,,,,,,,,,,,,0.919,120.393,,,,,,,,,,,7631453.0,,,,,,,,,,,,,,,,,,,,,,
SWE,Sweden,1964,-15.152,-0.113,,,2.532,0.023,,,,,,,,,,,,,,,,,,0.635,82.648,,,,,,,,,,,,,,,,,,,,,,,,,128406021000.0,,,,,,,,,,,,,,,,,,,,,,,,,,,,,,,,,,,,,,,,,0.942,122.553,,,,,,,,,,,7686735.0,,,,,,,,,,,,,,,,,,,,,,
SWE,Sweden,1965,-29.762,-0.189,,,-29.63,-0.279,,,,,,,,,,,,,6.741,,25.927,,3347.295,0.446,57.608,,,,,,46.423,0.018,,,0.0,46.423,0.0,0.0,,,2.885,49657.767,,66.461,,255.631,33002.986,,,133326426000.0,,,0.0,,0.0,,0.0,,,,,33.526,,128.953,5993.407,16648.366,,46.441,5995.731,,33.539,,129.003,16654.821,,,,,0.013,,0.05,2.324,6.455,,,59.72,,229.703,,29655.691,0.663,85.585,,0.0,,0.0,,0.0,,,0.0,,7745678.0,384.633,5993.407,,,33.526,,128.953,16648.366,,,0.0,,0.0,0.0,0.0,,,0.0,,0.0,0.0,0.0
SWE,Sweden,1966,-32.203,-0.144,,,-52.632,-0.349,6.824,26.247,,,,,,,,,,-4.577,6.021,-1.187,24.74,,3168.161,0.303,38.739,,,,,,45.489,0.045,,,0.0,45.489,0.0,0.0,,,3.019,52615.694,11.253,69.217,28.767,284.397,36418.776,,,136109056000.0,,,0.0,0.0,0.0,,0.0,,,,-2.012,30.753,-2.594,126.358,5825.138,16180.953,,45.534,5830.901,-1.953,30.783,-2.519,126.483,16196.96,,,,150.0,0.03,0.075,0.125,5.763,16.007,,13.04,63.195,29.953,259.657,,33250.615,0.314,40.211,,0.0,,0.0,0.0,0.0,,,0.0,,7809085.0,410.88,5825.138,,-2.012,30.753,-2.594,126.358,16180.953,,,0.0,0.0,0.0,0.0,0.0,,,0.0,0.0,0.0,0.0,0.0
SWE,Sweden,1967,-75.0,-0.227,,,-100.0,-0.314,2.312,9.501,,,,,,,,,,-0.742,5.842,-0.184,24.557,,3117.967,0.076,9.603,,,,,,49.286,0.05,,,0.0,49.286,0.0,0.0,,,2.988,53375.678,-0.373,67.4,-1.06,283.337,35975.23,,,140703444000.0,,,0.0,0.0,0.0,,0.0,,,,8.347,32.567,10.547,136.906,6257.823,17382.855,,49.336,6264.171,8.35,32.6,10.561,137.045,17400.49,,,,11.111,0.033,0.014,0.139,6.348,17.635,,-0.337,61.558,-0.876,258.78,,32857.264,0.0,0.0,,0.0,,0.0,0.0,0.0,,,0.0,,7875902.0,420.382,6257.823,,8.347,32.567,10.547,136.906,17382.855,,,0.0,0.0,0.0,0.0,0.0,,,0.0,0.0,0.0,0.0,0.0
SWE,Sweden,1968,110.0,0.083,,,,0.0,6.954,29.233,,,,,,,,,,-12.634,4.772,-3.102,21.454,,2701.271,0.159,19.997,,,,,,48.739,0.023,,,0.0,48.739,0.0,0.0,,,3.084,56610.032,10.88,69.874,30.827,314.165,39555.833,,,145802336000.0,,,0.0,0.0,0.0,,0.0,,,,-1.11,30.112,-1.519,135.386,6136.627,17046.2,,48.762,6139.523,-1.163,30.126,-1.594,135.45,17054.244,,,,-54.0,0.014,-0.075,0.064,2.896,8.044,,13.111,65.102,33.93,292.71,,36854.562,0.0,0.0,,0.0,,0.0,0.0,0.0,,,0.0,,7942311.0,449.614,6136.627,,-1.11,30.112,-1.519,135.386,17046.2,,,0.0,0.0,0.0,0.0,0.0,,,0.0,0.0,0.0,0.0,0.0
SWE,Sweden,1969,-19.048,-0.03,,,,0.0,0.27,1.214,,,,,,,,,,-2.355,4.647,-0.505,20.949,,2617.597,0.129,16.065,,,,,,41.83,0.061,,,0.0,41.83,0.0,0.0,,,2.945,56331.071,6.461,74.189,20.3,334.464,41791.409,,,153105120000.0,,,0.0,0.0,0.0,,0.0,,,,-14.176,25.774,-19.192,116.195,5226.668,14518.535,,41.891,5234.29,-14.091,25.811,-19.086,116.364,14539.707,,,,165.217,0.038,0.106,0.169,7.622,21.172,,7.108,69.542,20.805,313.515,,39173.812,0.0,0.0,,0.0,,0.0,0.0,0.0,,,0.0,,8003186.0,450.828,5226.668,,-14.176,25.774,-19.192,116.195,14518.535,,,0.0,0.0,0.0,0.0,0.0,,,0.0,0.0,0.0,0.0,0.0
SWE,Sweden,1970,-29.412,-0.038,,,,0.0,6.257,28.208,,,,,,,,,,5.638,4.62,1.181,22.13,,2747.413,0.091,11.267,,,,,,41.489,0.056,,,0.13,41.619,0.0,0.0,,,2.938,59471.326,8.613,75.834,28.808,363.273,45099.519,,,163023567000.0,,,0.0,0.0,0.0,,0.0,,,,-0.815,24.058,-0.947,115.247,5150.772,14307.712,,41.675,5173.864,-0.516,24.166,-0.6,115.764,14371.855,,,,-8.197,0.032,-0.014,0.156,6.952,19.312,,8.812,71.214,27.627,341.142,,42352.106,0.0,0.0,,16.139,,0.075,0.361,0.361,,,44.831,,8054909.0,479.036,5166.911,,-0.504,24.134,-0.586,115.608,14352.543,,,0.0,0.0,0.0,0.0,0.0,,,0.0,0.0,0.0,0.0,0.0
SWE,Sweden,1971,0.0,0.0,,,,0.0,1.439,6.893,,,,,,,,,,-9.854,4.105,-2.181,19.949,,2464.164,0.091,11.21,,,,,,52.012,0.09,,,0.16,52.172,0.0,0.0,,,2.953,60022.331,-6.198,70.125,-22.516,340.757,42090.566,,,164551360000.0,,,0.0,0.0,0.0,,0.0,,,,25.363,29.732,29.231,144.478,6424.567,17846.035,,52.262,6455.448,25.404,29.875,29.408,145.172,17931.813,,,,60.714,0.051,0.094,0.25,11.117,30.88,,-5.961,66.019,-20.335,320.807,,39626.402,0.0,0.0,,19.763,23.077,0.091,0.083,0.444,,,54.898,,8095798.0,485.929,6444.331,,25.356,29.824,29.314,144.922,17900.933,,,0.0,0.0,0.0,0.0,0.0,,,0.0,0.0,0.0,0.0,0.0
SWE,Sweden,1972,-16.667,-0.015,,,,0.0,2.98,14.479,,,,,,,,,,-14.084,3.425,-2.81,17.14,,2108.964,0.076,9.306,,,,,,53.743,1.465,,,0.226,53.969,0.0,0.0,,,2.973,61573.187,1.663,69.228,5.668,346.425,42626.195,,,168328450000.0,,,0.0,0.0,0.0,,0.0,,,,3.328,29.833,4.808,149.286,6612.859,18369.067,,55.434,6820.929,6.069,30.772,8.811,153.983,18947.041,,,,1527.778,0.813,3.819,4.069,180.262,500.729,,2.643,65.803,8.478,329.285,,40517.231,0.0,0.0,,27.808,41.25,0.125,0.183,0.628,,,77.246,,8127045.0,500.408,6640.667,,3.444,29.958,4.992,149.914,18446.312,,,0.0,0.0,0.0,0.0,0.0,,,0.0,0.0,0.0,0.0,0.0
SWE,Sweden,1973,20.0,0.015,,,,0.0,5.678,28.412,,,,,,,,,,10.535,3.583,1.806,18.945,,2324.112,0.091,11.134,,,,,,59.872,2.111,,,0.399,60.271,0.0,0.0,,,3.022,64873.214,2.63,67.232,9.112,355.537,43615.658,,,175018733000.0,,,0.0,0.0,0.0,,0.0,,,,11.404,31.449,17.025,166.311,7344.818,20402.287,,62.382,7652.733,12.534,32.768,19.3,173.283,21257.608,,,,44.096,1.109,1.794,5.864,258.968,719.355,,2.219,63.65,7.307,336.592,,41291.546,0.0,0.0,,48.947,76.549,0.21,0.481,1.108,,,135.965,,8151598.0,528.82,7393.765,,11.677,31.659,17.506,167.42,20538.253,,,0.0,0.0,0.0,0.0,0.0,,,0.0,0.0,0.0,0.0,0.0
SWE,Sweden,1974,-8.333,-0.008,,,,0.0,-7.527,-39.805,,,,,,,,,,10.477,4.28,1.985,20.93,,2560.575,0.083,10.178,,,,,,57.265,2.054,,,0.357,57.622,0.0,0.0,,,2.707,59825.974,-9.082,66.102,-32.289,323.249,39546.16,,,180619252000.0,,,0.0,0.0,0.0,,0.0,,,,-4.354,32.529,-7.242,159.07,7005.783,19460.525,,59.676,7300.744,-4.338,33.898,-7.517,165.767,20279.862,,,,-2.7,1.167,-0.158,5.706,251.286,698.017,,-10.182,61.822,-34.273,302.318,,36985.586,0.0,0.0,,43.675,-10.526,0.203,-0.117,0.992,,,121.32,,8173961.0,489.015,7049.459,,-4.395,32.731,-7.358,160.061,19581.845,,,0.0,0.0,0.0,0.0,0.0,,,0.0,0.0,0.0,0.0,0.0
SWE,Sweden,1975,0.0,0.0,,,,0.0,5.989,29.286,,,,,,,,,,7.861,4.356,1.645,22.575,,2753.973,0.083,10.149,,,,,,57.648,11.969,,,0.31,57.958,0.0,0.0,,,2.798,63228.014,0.251,62.523,0.811,324.06,39532.354,,,185219151000.0,,,0.0,0.0,0.0,,0.0,,,,0.669,30.896,1.064,160.133,7032.524,19534.805,,69.927,8530.449,17.178,37.477,28.475,194.242,23695.711,,,,482.717,6.415,27.542,33.247,1460.108,4055.858,,-0.276,58.168,-0.834,301.485,,36778.381,0.0,0.0,,37.817,-13.165,0.166,-0.131,0.861,,,105.048,,8197341.0,518.302,7070.341,,0.583,31.062,0.933,160.995,19639.853,,,0.0,0.0,0.0,0.0,0.0,,,0.0,0.0,0.0,0.0,0.0
SWE,Sweden,1976,9.091,0.008,,,,0.035,6.466,33.515,,,,,,,,,,-4.004,3.927,-0.904,21.671,,2635.377,0.091,11.037,,,,,,54.832,15.993,,,0.354,55.186,0.0,0.0,,,2.948,67104.509,9.269,64.169,30.038,354.098,43060.58,,,187173830000.0,,,0.0,0.0,0.0,,0.0,,,,-4.885,27.602,-7.822,152.311,6667.926,18522.031,,71.179,8655.827,1.79,35.831,3.478,197.72,24043.982,,,,33.62,8.051,11.178,44.425,1944.852,5402.372,,10.263,60.242,30.942,332.426,,40425.203,0.035,4.243,,43.049,14.194,0.178,0.122,0.983,,,119.58,,8223247.0,551.817,6710.974,,-4.783,27.78,-7.7,153.295,18641.61,,,0.0,0.0,0.0,0.0,0.0,,,0.0,0.0,0.0,0.0,0.0
SWE,Sweden,1977,0.0,0.0,,,-66.667,-0.023,-1.336,-7.373,,,,,,,,,,-20.623,3.16,-4.469,17.202,,2084.914,0.091,11.0,,,,,,53.495,19.913,,,0.36,53.855,0.0,0.0,,,2.956,65987.626,-4.113,62.363,-14.565,339.533,41152.032,,,184201144000.0,,,0.0,0.0,0.0,,0.0,,,,-2.438,27.293,-3.714,148.597,6483.699,18010.288,,73.768,8940.826,3.637,37.637,7.192,204.911,24835.647,,,,24.511,10.16,10.889,55.314,2413.495,6704.157,,-3.037,59.204,-10.096,322.331,,39067.118,0.012,1.41,,43.633,1.695,0.184,0.017,1.0,,,121.202,,8250692.0,544.444,6527.331,,-2.412,27.477,-3.697,149.597,18131.49,,,0.0,0.0,0.0,0.0,0.0,,,0.0,0.0,0.0,0.0,0.0
SWE,Sweden,1978,33.333,0.03,,,0.0,0.0,16.441,89.514,,,,,,,,,,2.582,2.783,0.444,17.646,,2131.831,0.121,14.619,,,,,,57.753,23.781,,,0.276,58.029,0.0,0.0,,,3.383,76588.779,19.785,64.154,67.175,406.708,49134.619,,,187418296000.0,,,0.0,0.0,0.0,,0.0,,,,7.96,25.305,11.828,160.425,6977.172,19381.05,,81.81,9883.512,10.902,35.846,22.339,227.25,27454.222,,,,19.424,10.42,10.744,66.058,2872.996,7980.551,,20.703,61.37,66.731,389.062,,47002.788,0.012,1.405,,33.344,-23.333,0.121,-0.233,0.767,,,92.622,,8277422.0,633.958,7010.516,,7.75,25.426,11.594,161.192,19473.671,,,0.0,0.0,0.0,0.0,0.0,,,0.0,0.0,0.0,0.0,0.0
SWE,Sweden,1979,-12.5,-0.015,,,0.0,0.0,5.491,34.808,,,,,,,,,,18.138,3.117,3.201,20.847,,2511.645,0.106,12.757,,,,,,61.08,21.039,,,0.347,61.427,0.0,0.0,,,3.436,80574.17,8.11,65.747,32.985,439.693,52975.136,,,194618710000.0,,,0.0,0.0,0.0,,0.0,,,,5.761,25.37,9.242,169.667,7359.04,20441.793,,82.466,9935.667,0.802,34.253,1.822,229.072,27599.098,,,,-11.53,8.739,-7.617,58.442,2534.82,7041.174,,7.656,62.63,29.785,418.846,,50463.492,0.012,1.401,,41.807,25.725,0.144,0.197,0.964,,,116.131,,8299996.0,668.765,7400.847,,5.856,25.514,9.439,170.631,20557.925,,,0.0,0.0,0.0,0.0,0.0,,,0.0,0.0,0.0,0.0,0.0
SWE,Sweden,1980,13.465,0.014,,,2639.828,0.307,-6.006,-40.167,,,,,,,,,,-4.69,3.161,-0.978,19.869,,2389.153,0.12,14.446,,,,,,58.868,26.488,,,0.721,59.589,0.0,0.0,,,3.177,75585.967,-11.417,61.963,-50.198,389.495,46835.011,,,197852790000.0,,,0.0,0.0,0.0,,0.0,0.0,0.0,,-3.621,26.014,-6.144,163.522,7078.602,19662.8,,86.077,10350.358,4.379,38.037,10.031,239.103,28751.016,,,,25.9,11.705,15.136,73.578,3185.058,8847.392,,-11.751,58.802,-49.22,369.626,,44445.858,0.319,38.315,,86.697,107.781,0.319,1.039,2.003,,,240.825,,8316331.0,628.598,7165.299,,-2.992,26.332,-5.106,165.525,19903.625,,,0.0,0.0,0.0,0.0,0.0,,,0.0,0.0,0.0,0.0,0.0
SWE,Sweden,1981,-11.111,-0.013,,0.0,-80.055,-0.255,-0.931,-5.852,,,,,,,,,,-14.01,2.744,-2.784,17.085,,2052.167,0.107,12.827,,,,,,59.753,37.679,,,0.921,60.674,0.0,0.0,,,3.148,74799.877,-10.257,56.129,-39.952,349.543,41984.703,,,197824640000.0,,,0.0,0.0,0.0,,0.0,0.0,0.0,,1.503,26.653,2.458,165.981,7177.113,19936.44,,98.353,11813.475,14.262,43.871,34.1,273.203,32815.233,,,,42.249,16.807,31.086,104.664,4525.738,12571.504,,-10.056,53.386,-37.168,332.458,,39932.537,0.064,7.634,,110.624,27.739,0.411,0.556,2.558,,,307.289,,8325493.0,622.746,7287.737,,1.821,27.064,3.014,168.539,20243.729,,,0.0,0.0,0.0,0.0,0.0,,,0.0,0.0,0.0,0.0,0.0
SWE,Sweden,1982,-18.75,-0.02,,0.0,200.0,0.127,-4.892,-30.465,,,,,,,,,,11.263,3.21,1.924,19.01,,2282.225,0.087,10.417,,,,,,55.066,39.045,,,1.002,56.068,0.0,0.0,,,2.964,71106.977,-6.141,55.392,-21.465,328.078,39387.806,,,199816650000.0,,,0.0,0.0,0.0,,0.0,0.0,0.0,,-7.844,25.826,-13.019,152.961,6611.019,18363.956,,95.113,11418.913,-3.294,44.608,-9.0,264.203,31719.227,,,,3.625,18.312,3.794,108.458,4687.597,13021.114,,-7.035,52.183,-23.39,309.068,,37105.582,0.191,22.89,,120.296,8.795,0.47,0.225,2.783,,,334.157,,8329427.0,592.28,6731.315,,-7.591,26.296,-12.794,155.745,18698.113,,,0.0,0.0,0.0,0.0,0.0,,,0.0,0.0,0.0,0.0,0.0
SWE,Sweden,1983,0.0,0.0,,0.0,33.333,0.064,-0.905,-5.36,,,,,,,,,,25.321,4.059,4.813,23.823,,2859.062,0.087,10.413,,,,,,63.544,41.004,,,1.447,64.994,0.0,0.003,,,2.887,70437.994,-10.85,49.833,-35.596,292.482,35101.572,,,203327548000.0,,,0.0,0.0,0.0,,0.0,0.0,0.0,,15.396,30.074,23.55,176.511,7626.097,21183.619,,105.998,12721.122,11.444,50.167,30.236,294.439,35336.479,,,,5.017,19.406,5.442,113.9,4921.007,13669.475,,-13.075,45.774,-40.409,268.659,,32242.509,0.254,30.509,,173.659,44.411,0.685,1.236,4.019,,,482.385,,8332441.0,586.92,7800.115,,15.92,30.76,24.794,180.539,21667.004,,,0.0,0.0,0.0,0.0,0.0,,,0.001,0.008,0.008,0.36,1.0
SWE,Sweden,1984,0.0,0.0,,0.0,-49.863,-0.127,5.754,33.769,,,,,,,,,,20.669,4.631,4.924,28.747,,3446.689,0.087,10.403,,,,,,67.906,50.926,,,1.848,69.759,0.0,0.005,,,2.936,74419.196,-2.403,45.99,-7.029,285.453,34225.187,,,211401309000.0,,,0.0,0.0,0.0,,0.0,0.0,0.0,,6.865,30.39,12.117,188.628,8141.773,22616.054,,120.685,14469.853,13.856,54.01,40.797,335.236,40194.069,,,,24.198,22.791,27.561,141.461,6105.91,16960.875,,-4.449,41.358,-11.952,256.706,,30778.498,0.127,15.282,,221.571,27.713,0.827,1.114,5.133,,,615.475,,8340444.0,620.689,8363.943,,7.331,31.219,13.236,193.775,23233.194,,,0.0,0.0,0.0,0.0,0.0,,66.667,0.002,0.006,0.014,0.599,1.665
SWE,Sweden,1985,-7.692,-0.007,,0.0,-50.137,-0.064,8.695,53.969,,,,,,,,,,17.722,5.016,5.094,33.841,,4049.154,0.08,9.583,,,,,,70.988,58.561,,,1.802,72.796,0.0,0.006,137.14,,3.131,80723.385,8.521,45.916,24.324,309.777,37065.143,,,215471750000.0,,,0.106,0.714,0.714,,85.412,0.0,0.0,51.763,4.539,29.228,8.561,197.189,8493.775,23593.839,95.783,131.357,15716.978,8.843,54.084,29.644,364.881,43658.307,,,42.702,14.992,24.111,21.208,162.67,7006.874,19463.554,,7.213,40.794,18.516,275.222,,32930.577,0.064,7.604,,215.611,-2.489,0.742,-0.128,5.006,,1.314,598.92,16408.919,8357650.0,674.658,8710.104,53.082,4.354,29.972,8.436,202.211,24194.752,0.0,,0.0,0.0,0.0,0.0,0.0,0.004,20.0,0.002,0.003,0.017,0.718,1.994
SWE,Sweden,1986,0.0,0.0,,0.0,-100.0,-0.064,3.903,26.329,,,,,,,,,,6.612,5.147,2.238,36.079,,4302.824,0.08,9.552,,,,,,60.933,69.951,,,1.98,62.919,0.0,0.006,138.651,,3.183,83600.268,7.143,47.348,22.127,331.904,39583.138,,,220206330000.0,,163.331,0.268,1.166,1.88,,224.183,0.0,0.0,43.947,-14.164,24.146,-27.931,169.258,7266.916,20185.895,95.831,132.87,15846.178,1.152,52.652,4.203,369.084,44017.197,,,50.451,19.45,27.719,31.639,194.308,8342.41,23173.38,,6.803,41.933,18.723,293.945,,35056.131,0.0,0.0,,236.136,9.878,0.785,0.494,5.5,,1.428,655.935,16535.625,8384987.0,700.987,7503.768,45.379,-13.568,24.933,-27.436,174.775,20843.818,0.0,,0.0,0.0,0.0,0.0,0.0,0.004,0.0,0.002,0.0,0.017,0.716,1.988
SWE,Sweden,1987,108.334,0.087,,0.0,,0.0,-2.401,-16.831,,,,,,,,,,-1.263,5.207,-0.456,35.624,,4230.3,0.167,19.815,,,,,,71.854,67.385,,,1.959,73.819,0.0,0.006,146.571,,3.015,81243.478,-12.046,42.669,-39.981,291.923,34665.816,,,226880368000.0,,33.556,0.367,0.631,2.511,,298.126,0.0,0.0,49.023,17.923,29.174,30.336,199.595,8532.659,23701.85,96.338,141.204,16767.968,6.272,57.331,23.15,392.234,46577.727,,,45.974,-3.668,27.359,-7.128,187.181,8001.966,22227.7,,-13.661,37.095,-40.157,253.788,,30137.39,0.0,0.0,,232.631,-1.061,0.795,-0.058,5.442,,1.337,646.198,17405.299,8421056.0,684.156,8766.003,50.364,17.324,29.972,30.278,205.053,24350.027,0.0,,0.0,0.0,0.0,0.0,0.0,0.004,0.0,0.002,0.0,0.017,0.712,1.979
SWE,Sweden,1988,-36.0,-0.06,,0.0,,0.0,-2.301,-15.745,,,,,,,,,,-1.83,5.232,-0.652,34.972,,4131.424,0.107,12.616,,,,,,69.883,69.424,,,2.041,71.929,0.0,0.005,146.23,,2.885,78963.728,-5.535,41.257,-16.158,275.764,32577.816,,,231720048000.0,,28.603,0.483,0.718,3.229,,381.419,0.0,0.0,47.79,-2.743,29.042,-5.475,194.12,8255.728,22932.595,96.665,141.353,16698.938,0.106,58.743,0.414,392.648,46385.975,,,47.476,3.026,28.851,5.664,192.845,8201.503,22781.971,,-6.393,35.542,-16.225,237.564,,28064.973,0.0,0.0,,241.116,4.186,0.848,0.228,5.669,,1.396,669.768,17275.089,8464790.0,668.411,8497.435,49.189,-2.56,29.892,-5.25,199.803,23604.004,0.0,,0.0,0.0,0.0,0.0,0.0,0.003,-16.667,0.002,-0.003,0.014,0.591,1.641
SWE,Sweden,1989,25.0,0.027,,0.0,,0.0,-2.285,-15.271,,,,,,,,,,-5.715,5.048,-1.999,32.973,,3872.689,0.133,15.678,,,,,,71.75,65.603,,,2.189,73.944,0.0,0.005,143.091,,2.753,76711.899,-3.718,40.651,-10.254,265.51,31184.408,,,237234969000.0,,33.74,0.661,1.089,4.318,,507.151,0.0,0.0,50.143,2.672,30.515,5.186,199.306,8427.094,23408.614,97.523,139.547,16389.906,-1.278,59.349,-5.017,387.631,45527.552,,,45.847,-5.504,27.901,-10.614,182.231,7705.124,21403.14,,-3.933,34.942,-9.345,228.219,,26804.568,0.0,0.0,,257.1,7.251,0.931,0.411,6.081,,1.53,714.167,16806.151,8514204.0,653.141,8684.781,51.676,2.801,31.448,5.597,205.4,24124.412,0.0,,0.0,0.0,0.0,0.0,0.0,0.003,0.0,0.002,0.0,0.014,0.587,1.631
SWE,Sweden,1990,-45.0,-0.06,,0.0,,0.0,1.73,11.297,1.329,226.44,,0.0,,0.0,0.0,,0.74,4.502,5.186,1.484,34.457,126.06,4021.903,0.073,8.57,144.21,1.94,1.08,3.35,0.42,72.5,68.18,1.85,0.0,1.94,74.45,0.0,0.01,145.98,,2.766,77554.407,1.016,40.366,2.697,268.207,31305.662,391.018,2.295,240234012000.0,0.288,39.183,0.905,1.692,6.01,49.023,701.485,0.0,0.0,49.664,1.058,30.313,2.108,201.414,8462.335,23509.424,97.705,142.63,16648.04,2.219,59.634,8.6,396.231,46248.807,-1.227,-1.77,46.705,3.936,28.506,7.172,189.403,7958.097,22107.463,1.267,-0.21,34.276,-0.479,227.74,215.935,26582.274,0.0,0.0,0.0,226.44,-11.238,0.812,-0.683,5.397,0.0,1.329,629.974,17039.058,8567375.0,664.438,8689.943,51.0,0.695,31.128,1.428,206.828,24141.344,0.0,,0.0,0.0,0.0,0.0,0.0,0.007,20.0,0.003,0.003,0.017,1.167,1.945
SWE,Sweden,1991,154.546,0.113,,0.0,,0.0,-5.123,-34.038,1.266,215.649,,0.0,0.0,0.0,0.0,,1.334,-2.382,5.336,-0.821,33.637,227.243,3899.825,0.187,21.667,145.68,1.86,1.96,5.1,0.58,63.24,76.76,2.56,0.0,1.86,65.11,0.0,0.01,146.97,,2.649,73088.598,-11.904,37.481,-31.927,236.28,27394.354,591.295,3.47,237965092792.0,0.395,6.837,1.019,0.411,6.421,67.245,744.425,0.0,0.0,43.029,-12.771,27.87,-25.722,175.692,7332.055,20369.734,96.53,141.87,16448.429,-0.533,62.519,-2.111,394.12,45694.303,-0.886,-1.29,52.228,12.578,33.824,23.822,213.225,8899.566,24721.358,1.742,-13.839,31.127,-31.517,196.223,296.807,22750.104,0.0,0.0,0.0,215.649,-4.272,0.82,-0.231,5.167,0.0,1.266,599.025,17039.723,8625140.0,630.399,7548.863,44.302,-12.539,28.695,-25.933,180.895,20972.945,0.0,,0.0,0.0,0.0,0.0,0.0,0.007,116.667,0.006,0.019,0.036,1.159,4.187
SWE,Sweden,1992,49.824,0.093,,0.0,,0.0,0.572,3.605,1.377,231.387,,0.0,0.0,0.0,0.0,,1.233,-6.884,4.94,-2.316,31.321,207.212,3605.6,0.28,32.233,143.77,2.01,1.8,6.02,0.79,74.33,63.54,3.43,0.0,2.01,76.37,0.0,0.03,145.93,,2.689,72985.396,3.8,38.684,8.978,245.258,28233.596,693.011,4.125,235763214273.0,0.541,12.872,1.143,0.826,7.247,90.943,834.289,0.0,0.0,50.935,17.573,32.581,30.875,206.567,8556.725,23779.571,95.875,139.91,16106.166,-1.363,61.316,-5.372,388.748,44751.858,-1.502,-2.16,43.541,-17.218,27.841,-36.714,176.511,7314.601,20319.631,2.35,5.334,32.601,10.467,206.689,394.855,23793.707,0.0,0.0,0.0,231.387,8.065,0.881,0.417,5.583,0.0,1.377,642.743,16799.177,8686735.0,634.005,8791.566,52.333,17.326,33.475,31.342,212.236,24432.227,0.0,,0.0,0.0,0.0,0.0,0.0,0.021,138.462,0.014,0.05,0.086,3.454,9.913
SWE,Sweden,1993,-100.0,-0.28,,0.0,,0.0,-1.104,-7.002,1.494,248.092,,0.0,0.0,0.0,0.0,,1.432,1.815,5.086,0.569,31.889,237.802,3645.851,0.0,0.0,144.67,2.17,2.08,6.99,0.91,74.65,61.4,4.0,0.0,2.17,76.87,0.0,0.05,145.26,,2.708,71683.954,-0.949,38.745,-2.327,242.931,27773.799,799.152,4.812,231559213376.0,0.626,9.136,1.261,0.662,7.909,104.038,904.261,0.0,0.0,51.391,0.381,33.07,0.786,207.353,8534.579,23706.23,95.188,138.27,15808.121,-1.203,61.255,-4.675,384.073,43910.213,-0.408,-0.59,42.269,-3.382,27.199,-5.969,170.542,7019.734,19497.689,2.754,-1.721,32.397,-3.557,203.132,457.312,23223.688,0.0,0.0,0.0,248.092,8.01,0.962,0.447,6.031,0.0,1.494,689.461,16607.273,8746770.0,627.003,8788.387,52.919,0.61,34.056,1.294,213.531,24412.523,0.0,,0.0,0.003,0.003,0.0,0.318,0.034,67.742,0.023,0.058,0.144,5.716,16.514
SWE,Sweden,1994,,0.0,,0.0,,0.0,0.341,2.138,1.563,253.46,,0.0,0.0,0.0,0.0,,1.829,1.49,5.144,0.475,32.364,296.65,3678.521,0.0,0.0,142.96,2.23,2.61,8.14,0.86,59.1,73.16,4.67,0.0,2.23,61.4,0.0,0.07,142.7,,2.605,71507.653,5.12,40.59,12.438,255.369,29025.04,925.186,5.704,241527450612.0,0.603,-0.725,1.248,-0.057,7.852,97.747,892.456,0.0,0.0,41.416,-20.831,26.092,-43.194,164.158,6717.256,18658.113,94.296,134.56,15293.977,-2.682,59.41,-10.3,373.773,42482.671,0.182,0.26,51.268,19.156,32.3,32.669,203.211,8315.304,23096.823,3.273,5.917,34.198,12.02,215.152,530.788,24454.063,0.0,0.0,0.0,253.46,2.672,0.984,0.161,6.192,0.0,1.563,703.74,16219.162,8798235.0,629.141,6978.672,43.027,-20.123,27.11,-42.969,170.561,19385.848,0.0,0.0,0.0,0.0,0.003,0.0,0.316,0.049,44.231,0.033,0.064,0.208,7.956,23.679
SWE,Sweden,1995,,0.0,,0.0,,0.0,0.941,5.92,1.585,265.945,,0.0,0.0,0.0,0.0,,1.531,-0.001,5.096,-0.0,32.364,256.891,3662.593,0.0,0.0,146.6,2.35,2.27,7.8,0.85,68.1,69.93,4.68,0.0,2.35,70.55,0.0,0.1,148.28,,2.523,71868.548,-4.136,38.549,-10.561,244.808,27704.448,882.71,5.26,251744246937.0,0.573,0.1,1.238,0.008,7.86,96.193,889.486,0.0,0.0,45.927,15.228,29.785,24.997,189.156,7706.74,21406.371,94.74,140.48,15897.839,4.409,61.451,16.481,390.253,44164.158,-1.146,-1.68,47.161,-4.403,30.59,-8.947,194.264,7913.838,21984.471,3.156,-4.912,32.215,-10.569,204.584,529.626,23152.369,0.0,0.0,0.0,265.945,5.608,1.03,0.347,6.539,0.0,1.585,739.994,16780.55,8836421.0,635.061,7984.002,47.579,14.908,30.861,25.428,195.989,22179.686,0.0,0.0,0.0,0.0,0.003,0.0,0.314,0.067,40.0,0.046,0.083,0.292,11.317,33.007
SWE,Sweden,1996,,0.0,,0.0,,0.0,-2.469,-15.681,1.508,239.3,,0.0,0.0,0.0,0.0,,2.624,10.747,5.787,3.478,35.842,416.517,4045.792,0.0,0.0,146.75,2.12,3.69,12.34,0.68,51.74,74.27,7.97,0.0,2.12,54.0,0.0,0.14,140.61,,2.415,69913.904,7.454,42.471,18.247,263.055,29692.936,1392.905,8.776,256500904915.0,0.484,7.153,1.36,0.562,8.422,76.757,950.667,0.0,0.0,36.797,-24.019,23.204,-45.433,143.722,5840.27,16222.984,91.224,128.27,14478.767,-8.694,57.529,-33.928,356.325,40221.023,4.184,6.14,52.82,6.204,33.31,12.053,206.317,8383.394,23288.479,5.668,6.944,35.324,14.206,218.79,899.632,24696.478,0.0,0.0,0.0,239.3,-10.025,0.95,-0.656,5.883,0.0,1.508,664.095,15871.672,8859180.0,619.38,6095.372,38.404,-23.461,24.219,-45.981,150.008,16932.544,0.0,0.0,0.0,0.0,0.003,0.0,0.314,0.1,37.143,0.065,0.108,0.4,15.803,45.151
SWE,Sweden,1997,,0.0,,0.0,,0.0,3.106,19.24,1.856,312.329,,0.0,0.0,0.0,0.0,,1.347,-14.554,4.796,-5.216,30.626,226.636,3453.207,0.0,0.0,146.5,2.77,2.01,7.25,0.66,69.06,69.93,4.58,0.0,2.77,72.03,0.0,0.2,149.21,,2.417,72006.962,-7.136,38.252,-18.772,244.284,27543.971,817.467,4.859,264172109242.0,0.442,-1.218,1.303,-0.103,8.32,74.418,938.066,0.0,0.0,46.284,33.467,30.037,48.1,191.822,7786.798,21628.76,95.141,141.96,16006.572,10.668,61.748,38.011,394.336,44463.049,-1.85,-2.71,46.867,-5.851,30.416,-12.072,194.245,7884.894,21901.875,3.069,-6.149,32.153,-13.453,205.338,516.414,23152.697,0.0,0.0,0.0,312.329,30.925,1.206,1.819,7.703,0.0,1.856,868.52,16824.039,8868857.0,638.619,8121.678,48.274,33.387,31.332,50.083,200.092,22561.174,0.0,0.0,0.0,0.0,0.003,0.0,0.313,0.134,40.972,0.088,0.164,0.564,22.551,63.581
SWE,Sweden,1998,,0.0,,0.0,,0.0,8.255,52.717,1.751,313.386,,0.0,0.0,0.0,0.0,,1.285,0.677,4.46,0.207,30.833,229.967,3475.806,0.0,0.0,148.09,2.78,2.04,7.11,0.53,75.0,73.58,4.54,0.0,2.78,78.1,0.0,0.32,158.79,,2.504,77933.456,10.83,39.162,26.456,270.739,30520.094,801.501,4.478,276042105066.0,0.334,-0.885,1.193,-0.074,8.246,59.746,929.55,0.0,0.0,47.232,8.235,30.032,15.797,207.62,8454.654,23404.693,95.522,151.68,17098.692,6.66,60.838,26.261,420.598,47413.424,-7.225,-10.7,46.338,5.227,29.566,10.153,204.397,8294.579,23041.455,2.859,12.819,33.509,26.322,231.66,511.788,26114.738,0.0,0.0,0.0,313.386,0.252,1.117,0.019,7.722,0.0,1.751,870.517,17900.193,8870854.0,691.336,8804.113,49.184,8.05,31.273,16.108,216.2,24371.968,0.0,0.0,0.0,0.0,0.003,0.0,0.313,0.202,51.724,0.124,0.292,0.856,36.073,96.446
SWE,Sweden,1999,,0.0,,0.0,,0.0,-2.903,-20.066,1.744,304.29,,0.0,0.0,0.0,0.0,,1.447,-4.411,4.391,-1.36,29.473,252.448,3321.636,0.0,0.0,147.36,2.7,2.24,6.9,0.45,71.69,73.19,4.21,0.0,2.7,74.75,0.0,0.36,154.84,,2.317,75652.204,-3.841,38.783,-10.4,260.34,29340.305,777.631,4.456,289704274541.0,0.291,0.215,1.231,0.018,8.264,50.715,931.308,0.0,0.0,46.299,-4.083,29.666,-8.478,199.142,8079.472,22443.308,95.544,147.94,16672.856,-2.298,61.217,-9.667,410.931,46311.96,-5.076,-7.48,47.268,-0.537,30.286,-1.097,203.3,8248.522,22911.953,2.719,-3.91,33.161,-9.057,222.603,474.468,25087.361,0.0,0.0,0.0,304.29,-2.986,1.116,-0.231,7.492,0.0,1.744,844.312,17450.487,8873105.0,671.27,8424.334,48.276,-3.964,30.931,-8.569,207.631,23400.007,0.0,0.0,0.0,0.0,0.003,0.0,0.313,0.232,16.234,0.148,0.139,0.994,40.572,112.074
SWE,Sweden,2000,,0.0,,0.0,,0.0,-7.611,-51.087,2.823,461.626,,0.0,0.0,0.0,0.0,47.993,1.129,1.238,4.811,0.365,29.838,184.651,3359.51,0.0,0.0,149.91,4.1,1.64,4.77,0.48,78.58,57.32,2.65,0.0,4.1,83.14,0.0,0.46,145.23,6.97,2.044,69827.458,-11.643,37.09,-30.312,230.027,25899.165,537.063,3.284,303455100276.0,0.331,-2.203,1.303,-0.182,8.082,54.044,909.916,0.0,0.0,54.107,9.615,35.198,19.147,218.289,8847.463,24577.557,96.716,140.46,15814.643,-5.056,62.91,-20.775,390.156,43928.349,3.122,4.68,39.468,-21.687,25.672,-44.089,159.211,6453.762,17925.879,1.825,-13.699,30.976,-30.495,192.107,298.368,21629.739,0.0,0.0,0.0,461.626,51.947,1.835,3.892,11.383,0.0,2.823,1281.671,16351.706,8881642.0,620.182,9360.882,57.247,11.229,37.238,23.314,230.945,26002.47,0.0,0.0,0.0,0.0,0.003,0.0,0.313,0.317,27.654,0.205,0.275,1.269,51.792,142.929
SWE,Sweden,2001,,0.0,,0.0,,0.0,7.358,45.63,2.339,424.824,,0.0,0.0,0.0,0.0,50.186,1.163,8.365,4.856,2.496,32.334,211.288,3633.927,0.0,0.0,154.31,3.78,1.88,6.17,0.4,79.06,72.11,3.89,0.0,3.78,83.32,0.0,0.48,161.6,8.11,2.159,74828.918,2.972,35.575,6.837,236.864,26620.496,693.43,3.818,308399207147.0,0.248,12.823,1.369,1.036,9.118,44.955,1024.729,0.0,0.0,48.923,-0.046,32.77,-0.101,218.188,8885.34,24521.562,96.182,155.43,17468.359,9.943,64.425,38.794,428.95,48208.483,-4.724,-7.29,44.623,24.993,29.889,39.791,199.002,8104.249,22365.329,2.407,1.72,29.349,3.305,195.412,437.187,21961.84,0.0,0.0,0.0,424.824,-8.432,1.566,-0.96,10.424,0.0,2.339,1171.474,18161.789,8897802.0,665.813,9364.11,51.559,-0.432,34.536,-0.997,229.947,25843.154,0.0,99.0,0.001,0.003,0.006,0.0,0.621,0.297,4.786,0.2,0.061,1.33,53.946,149.497
SWE,Sweden,2002,,0.0,,0.0,,0.0,-6.24,-41.544,2.849,468.573,,0.0,0.0,0.0,0.0,59.646,1.616,7.387,5.562,2.388,34.722,265.674,3892.342,0.0,0.0,152.06,4.18,2.37,7.44,0.56,66.36,68.11,4.51,0.0,4.18,71.15,0.0,0.61,146.7,8.75,1.966,69979.746,2.356,38.836,5.579,242.443,27177.593,834.015,5.072,317464877651.0,0.382,1.766,1.486,0.161,9.279,62.775,1040.145,0.0,0.0,45.235,-16.609,29.146,-36.238,181.95,7438.876,20396.319,94.928,139.26,15610.877,-10.986,61.164,-47.124,381.826,42802.207,3.525,5.36,46.428,-6.154,29.916,-12.246,186.756,7635.048,20935.135,3.074,1.551,31.788,3.03,198.442,505.566,22245.106,0.0,0.0,0.0,468.573,9.824,1.834,1.024,11.448,0.0,2.849,1283.261,16444.892,8920703.0,624.269,7975.829,48.5,-15.168,31.248,-34.878,195.07,21867.073,0.0,-1.005,0.001,-0.0,0.005,0.0,0.613,0.416,25.327,0.267,0.337,1.667,68.38,186.88
SWE,Sweden,2003,,0.0,,0.0,,0.0,-3.953,-24.678,3.331,503.83,,0.0,0.0,0.0,0.0,72.383,2.105,-1.956,5.678,-0.679,34.043,318.385,3803.11,0.0,0.0,148.22,4.51,2.85,9.24,0.73,53.54,67.42,5.66,0.0,4.51,58.73,0.0,0.68,135.39,9.8,1.837,66982.602,5.56,42.683,13.481,255.924,28590.252,1032.236,6.825,326406139630.0,0.539,-0.282,1.543,-0.026,9.253,81.551,1033.647,0.0,0.0,39.545,-19.834,24.327,-36.087,145.862,5981.161,16294.843,93.175,126.15,14092.706,-9.994,57.317,-38.159,343.667,38392.403,8.656,12.83,49.797,-1.656,30.631,-3.093,183.663,7531.75,20517.685,4.181,7.149,35.462,14.186,212.628,632.301,23753.495,0.0,0.0,0.0,503.83,7.331,2.049,0.839,12.287,0.0,3.331,1372.614,15124.942,8951439.0,599.591,6560.956,43.378,-17.976,26.686,-35.065,160.004,17874.718,0.0,-0.508,0.001,-0.0,0.005,0.0,0.608,0.502,10.962,0.309,0.183,1.85,75.965,206.653
SWE,Sweden,2004,,0.0,,0.0,,0.0,7.389,44.306,4.747,800.832,,0.0,0.0,0.0,0.0,54.124,0.666,2.883,5.44,0.982,35.025,112.339,3895.693,0.0,0.0,149.59,7.2,1.01,6.02,0.78,60.12,77.49,4.23,0.0,7.2,68.18,0.0,0.86,151.69,8.21,1.883,71618.405,-3.163,38.489,-8.095,247.829,27565.173,669.584,3.969,341905256806.0,0.514,-0.436,1.431,-0.04,9.212,86.757,1024.656,0.0,0.0,39.633,12.443,25.472,18.15,164.012,6686.945,18242.527,96.031,145.67,16202.383,15.247,61.511,52.401,396.068,44053.289,-1.404,-2.1,51.084,14.479,32.654,26.593,210.256,8618.951,23386.072,2.789,-4.25,31.619,-9.036,203.592,470.489,22644.825,0.0,0.0,0.0,800.832,58.65,3.027,7.206,19.493,0.0,4.747,2168.159,16871.967,8990653.0,643.896,7583.431,44.947,16.129,28.857,25.807,185.812,20667.217,0.0,-0.51,0.001,-0.0,0.005,0.0,0.602,0.567,24.387,0.357,0.451,2.301,95.655,255.928
SWE,Sweden,2005,,0.0,,0.0,,0.0,2.516,16.197,4.729,828.666,,0.256,1.687,1.687,186.68,48.178,0.41,-8.593,4.85,-3.01,32.015,71.914,3542.037,0.0,0.0,150.98,7.49,0.65,4.76,0.6,72.8,72.38,3.51,0.0,7.49,81.23,0.0,0.94,158.37,7.63,1.862,73030.307,-1.288,37.061,-3.192,244.637,27065.703,526.629,3.006,354498749649.0,0.379,-4.723,1.33,-0.435,8.777,66.382,971.083,0.0,0.0,45.968,19.218,29.622,31.52,195.532,8054.321,21632.98,96.994,153.61,16994.838,4.896,62.939,19.39,415.457,45964.664,-4.895,-7.39,45.703,-7.004,29.621,-14.726,195.53,8007.853,21632.682,2.216,0.124,30.881,0.253,203.844,388.333,22552.583,0.0,0.0,0.0,828.666,3.369,3.053,0.657,20.15,0.0,4.729,2229.305,17521.466,9038627.0,660.094,8986.984,51.291,18.36,33.318,34.116,219.928,24331.982,0.0,-0.513,0.001,-0.0,0.005,0.0,0.596,0.594,10.94,0.387,0.252,2.553,103.998,282.42
SWE,Sweden,2006,,0.0,,0.0,,0.0,-5.95,-39.275,5.835,919.068,17.079,0.318,0.288,1.976,217.18,54.788,0.614,10.416,5.694,3.335,35.35,96.744,3886.238,0.0,0.0,149.32,8.36,0.88,5.24,0.6,61.72,66.98,3.76,0.0,8.36,71.06,0.0,0.98,143.28,7.85,1.668,68250.518,2.223,40.281,5.437,250.074,27492.228,576.067,3.657,372237957789.0,0.419,4.688,1.48,0.412,9.189,65.962,1010.179,0.0,0.0,43.076,-15.74,26.538,-30.777,164.756,6785.273,18112.655,96.343,138.04,15175.618,-10.762,59.719,-44.713,370.745,40758.343,4.045,6.04,46.748,-8.44,28.837,-16.503,179.027,7363.539,19681.549,2.624,0.83,33.107,1.691,205.535,413.361,22595.811,0.0,0.0,0.0,919.068,10.885,3.599,2.193,22.343,0.0,5.835,2456.337,15751.685,9096170.0,620.818,7812.079,49.595,-12.827,30.881,-28.21,191.718,21076.794,0.0,-1.031,0.001,-0.0,0.005,0.0,0.586,0.684,3.35,0.425,0.086,2.638,107.738,290.035
SWE,Sweden,2007,,0.0,,0.0,,0.0,1.281,7.955,6.612,1073.891,9.871,0.345,0.195,2.171,236.879,51.539,0.437,-6.823,5.238,-2.412,32.938,70.938,3594.681,0.0,0.0,150.14,9.84,0.65,4.42,0.83,66.16,66.97,2.94,0.0,9.84,77.43,0.0,1.43,148.82,7.67,1.621,68621.321,-2.814,38.653,-7.036,243.038,26523.978,482.378,2.97,387885177634.0,0.558,3.202,1.508,0.294,9.483,90.582,1034.931,0.0,0.0,44.456,6.67,27.951,10.99,175.746,7220.389,19180.044,97.03,144.4,15759.132,4.044,61.347,14.991,385.736,42097.398,0.879,1.32,45.001,-0.637,28.291,-1.14,177.887,7308.789,19413.696,1.976,-2.393,31.906,-4.919,200.617,320.858,21894.367,0.0,0.0,0.0,1073.891,16.934,4.155,3.784,26.127,0.0,6.612,2851.366,16241.51,9162941.0,628.773,8450.344,52.029,8.414,33.056,16.131,207.849,22683.703,0.0,49.479,0.001,0.003,0.008,0.0,0.87,0.961,43.978,0.604,1.16,3.798,156.063,414.544
SWE,Sweden,2008,,0.0,,0.0,,0.0,-1.714,-10.777,6.898,1119.48,67.078,0.587,1.456,3.626,392.625,53.235,0.34,0.029,5.331,0.009,32.947,55.216,3567.099,0.0,0.0,147.94,10.34,0.51,4.6,0.62,69.07,63.89,3.47,0.0,10.34,81.41,0.0,2.0,149.9,7.98,1.589,66908.554,-4.946,37.382,-12.02,231.017,25011.546,498.028,3.069,388983674665.0,0.414,-9.203,1.393,-0.873,8.61,67.125,932.206,0.0,0.0,46.077,3.636,29.472,6.389,182.135,7477.995,19719.202,96.931,145.3,15731.181,0.322,62.618,1.243,386.979,41897.061,-1.325,-1.96,42.622,-5.192,27.29,-9.235,168.651,6917.172,18259.346,2.315,-5.561,30.657,-11.157,189.46,375.686,20512.242,0.0,0.0,0.0,1119.48,4.441,4.415,1.16,27.287,0.0,6.898,2954.293,16229.209,9236433.0,617.996,8814.009,54.31,5.042,35.328,10.479,218.328,23637.715,0.0,32.404,0.002,0.003,0.011,0.0,1.143,1.334,38.713,0.853,1.471,5.269,216.534,570.453
SWE,Sweden,2009,,0.0,,0.0,,0.0,-8.506,-52.567,8.389,1230.527,-9.064,0.583,-0.329,3.298,354.1,57.394,0.373,-29.501,4.108,-9.72,23.227,54.762,2494.069,0.0,0.0,141.29,11.46,0.51,4.62,1.56,65.85,52.17,2.55,0.0,11.46,79.81,0.01,2.49,136.6,7.84,1.516,60713.405,-6.048,38.386,-13.973,217.045,23305.342,496.076,3.382,373029309763.0,1.142,33.504,2.033,2.885,11.495,167.506,1234.286,0.0,0.0,48.206,-5.778,30.351,-10.524,171.611,7070.697,18426.863,96.618,131.98,14171.459,-9.973,61.614,-38.594,348.385,37408.111,3.319,4.69,38.192,-18.842,24.207,-31.778,136.874,5601.796,14696.926,1.867,-3.767,32.245,-7.138,182.322,273.808,19576.987,0.0,0.0,0.0,1230.527,10.18,5.317,2.778,30.065,0.0,8.389,3228.236,14667.535,9313085.0,565.429,8569.663,58.426,-3.122,37.407,-6.817,211.511,22711.185,0.007,73.947,0.003,0.008,0.018,1.074,1.972,1.823,23.73,1.153,1.25,6.519,267.366,700.015
SWE,Sweden,2010,,0.0,,0.0,,0.0,6.028,34.083,8.212,1298.168,65.276,0.909,2.153,5.45,580.437,71.472,0.687,37.9,5.343,8.803,32.031,108.624,3411.099,0.0,0.0,150.53,12.19,1.02,8.53,2.91,66.4,57.83,4.6,0.0,12.19,82.09,0.01,3.49,148.45,10.61,1.499,63844.746,5.728,38.277,12.433,229.477,24438.054,908.398,5.746,399841831151.0,1.96,34.563,2.58,3.973,15.468,309.899,1647.258,0.0,0.0,44.729,0.882,28.877,1.513,173.124,7071.234,18436.727,94.254,139.92,14900.709,6.215,61.723,21.651,370.036,39406.744,1.382,2.08,38.956,9.968,25.107,13.644,150.518,6158.576,16029.329,3.099,-0.189,30.354,-0.344,181.978,489.875,19379.696,0.0,0.0,0.0,1298.168,5.735,5.302,1.724,31.789,0.0,8.212,3385.352,15809.107,9390157.0,599.512,8742.133,55.298,3.785,36.616,8.006,219.518,23377.415,0.007,27.837,0.004,0.005,0.023,1.065,2.5,2.351,40.061,1.523,2.612,9.131,371.666,972.4
SWE,Sweden,2011,,0.0,,0.0,,0.0,-1.237,-7.417,7.679,1219.009,16.736,1.075,0.912,6.363,672.099,58.491,0.439,-10.707,4.831,-3.429,28.601,69.718,3021.255,0.0,0.0,143.05,11.54,0.66,5.72,1.58,66.43,60.47,3.48,0.0,11.54,84.09,0.01,6.11,150.28,8.79,1.489,62545.06,-8.688,35.39,-19.936,209.541,22134.509,604.223,3.806,397621101336.0,1.051,-21.019,2.063,-3.251,12.217,166.901,1290.498,0.0,0.0,44.204,0.387,29.352,0.67,173.794,7017.225,18358.451,96.194,144.56,15270.361,3.383,64.61,12.52,382.555,40410.601,-5.054,-7.23,40.238,4.12,26.468,6.201,156.719,6387.65,16554.744,2.316,-7.284,28.496,-13.256,168.723,367.604,17822.756,0.0,0.0,0.0,1219.009,-5.958,5.049,-1.894,29.895,0.0,7.679,3157.925,15874.584,9466705.0,592.096,8882.711,55.956,2.878,38.142,6.319,225.836,23855.857,0.007,43.527,0.006,0.01,0.034,1.056,3.559,4.066,72.5,2.66,6.62,15.751,645.42,1663.824
SWE,Sweden,2012,,0.0,,0.0,,0.0,5.907,34.974,7.324,1277.401,17.512,1.192,1.114,7.477,783.5,49.63,0.288,-14.24,3.912,-4.073,24.529,50.3,2570.376,0.0,0.0,146.86,12.19,0.48,4.09,0.92,78.93,64.04,2.69,0.0,12.19,98.3,0.02,7.16,166.43,8.26,1.582,65711.143,-3.881,32.119,-8.133,201.408,21105.743,428.595,2.457,396489593782.0,0.553,-12.816,1.699,-1.566,10.651,96.408,1116.128,0.0,0.0,47.425,16.994,32.425,29.534,203.328,8271.143,21306.904,97.543,162.34,17011.748,11.268,67.881,43.106,425.662,44605.453,-13.326,-19.57,38.479,5.248,26.304,8.225,164.944,6710.807,17284.615,1.616,-1.478,26.509,-2.494,166.228,281.887,17419.238,0.0,0.0,0.0,1277.401,5.063,5.009,1.514,31.409,0.0,7.324,3291.357,17440.343,9542817.0,627.069,10300.942,59.064,15.445,41.577,34.881,260.718,27320.838,0.012,45.269,0.008,0.015,0.049,2.096,5.128,4.302,17.17,2.943,2.704,18.455,750.303,1933.949
SWE,Sweden,2013,,0.0,,0.0,,0.0,-6.132,-38.455,7.482,1190.474,-0.79,1.26,-0.059,7.418,771.235,49.86,0.425,2.075,4.254,0.509,25.037,67.582,2603.188,0.0,0.0,143.03,11.45,0.65,3.88,0.85,61.36,66.46,2.38,0.0,11.45,82.69,0.04,9.84,153.03,7.63,1.466,61199.159,-1.022,33.868,-2.058,199.35,20726.703,403.41,2.535,401409187257.0,0.555,-3.892,1.739,-0.415,10.236,88.376,1064.306,0.0,0.0,40.097,-22.736,26.69,-46.229,157.099,6379.694,16333.833,97.465,149.15,15507.356,-8.551,66.132,-36.396,389.265,40472.505,-6.992,-10.0,43.429,3.154,28.906,5.202,170.146,6909.949,17690.35,1.555,-1.295,27.875,-2.153,164.076,247.452,17059.21,0.0,0.0,0.0,1190.474,-6.667,4.98,-2.094,29.315,0.0,7.482,3047.903,15910.766,9618016.0,588.614,8597.407,54.035,-15.955,37.226,-41.599,219.119,22782.155,0.026,83.1,0.015,0.041,0.09,4.159,9.317,6.43,36.535,4.281,6.743,25.198,1023.08,2619.866
SWE,Sweden,2014,,0.0,,0.0,,0.0,-0.501,-2.951,6.968,1103.988,33.248,1.688,2.466,9.884,1019.8,44.937,0.241,-6.199,4.01,-1.552,23.485,38.175,2423.143,0.0,0.0,137.93,10.7,0.37,2.93,0.42,63.76,64.88,2.14,0.0,10.7,85.74,0.05,11.23,153.55,6.9,1.422,60426.649,-3.45,32.864,-6.877,192.473,19858.649,302.307,1.908,411859910989.0,0.274,-17.904,1.435,-1.833,8.404,43.334,867.07,0.0,0.0,41.524,3.292,27.707,5.172,162.271,6578.529,16742.565,98.092,150.62,15540.432,1.009,67.136,3.926,393.191,40568.048,-11.325,-15.62,42.253,-2.962,28.191,-5.04,165.106,6694.086,17035.074,1.394,-2.128,27.419,-3.492,160.583,220.798,16568.437,0.0,0.0,0.0,1103.988,-7.145,4.648,-2.094,27.22,0.0,6.968,2808.501,15842.739,9692137.0,585.663,8846.346,55.838,4.092,38.945,8.966,228.085,23532.974,0.033,33.482,0.02,0.03,0.12,5.159,12.341,7.314,13.46,4.882,3.392,28.59,1158.671,2949.767
SWE,Sweden,2015,,0.0,,0.0,,0.0,3.104,18.179,6.648,1102.924,20.041,1.965,1.981,11.865,1215.051,45.123,0.241,-0.073,3.886,-0.017,23.468,39.939,2403.325,0.0,0.0,139.4,10.77,0.39,3.15,0.45,75.31,56.35,2.31,0.0,10.77,102.5,0.1,16.32,162.0,7.31,1.409,61837.772,-1.141,31.511,-2.196,190.277,19485.718,322.582,1.944,428683479923.0,0.278,11.09,1.546,0.932,9.336,46.083,956.048,0.0,0.0,46.488,17.409,31.552,28.25,190.522,7712.278,19510.76,98.056,158.85,16267.366,5.182,68.489,20.375,413.566,42352.103,-16.212,-22.6,34.784,-13.663,23.607,-22.559,142.547,5770.639,14597.837,1.426,-1.937,26.078,-3.111,157.473,236.56,16126.346,0.0,0.0,0.0,1102.924,0.046,4.51,0.013,27.233,0.0,6.648,2788.843,16589.948,9764949.0,603.843,10496.727,63.272,18.824,44.882,42.934,271.019,27754.266,0.062,105.154,0.041,0.126,0.245,10.241,25.129,10.074,43.948,6.815,12.565,41.154,1671.284,4214.482
SWE,Sweden,2016,,0.0,,0.0,,0.0,-1.661,-10.028,7.371,1168.157,29.691,2.591,3.523,15.388,1564.429,48.175,0.167,-1.874,3.878,-0.44,23.029,26.434,2341.258,0.0,0.0,144.16,11.49,0.26,3.66,0.68,62.02,63.1,2.72,0.0,11.49,89.13,0.14,15.48,155.89,7.51,1.34,60371.507,2.799,32.94,5.325,195.602,19886.346,372.102,2.348,443163622183.0,0.436,6.997,1.682,0.653,9.989,69.134,1015.556,0.0,0.0,39.784,-18.139,26.265,-34.559,155.963,6305.407,15856.294,97.652,152.23,15476.815,-3.712,67.06,-15.353,398.213,40485.21,-8.137,-11.73,40.477,11.322,26.723,16.139,158.686,6415.207,16133.187,1.745,3.246,27.38,5.112,162.584,276.535,16529.533,0.0,0.0,0.0,1168.157,6.085,4.865,1.657,28.89,0.0,7.371,2937.185,15848.917,9836003.0,593.814,9061.608,57.175,-11.62,40.337,-31.492,239.527,24352.023,0.09,46.55,0.061,0.114,0.36,14.233,36.561,9.93,-5.413,6.555,-2.228,38.927,1573.81,3957.554
SWE,Sweden,2017,,,,,,,3.223,19.141,7.356,1219.599,13.222,2.842,2.035,17.422,1758.966,47.007,0.195,-0.255,3.747,-0.059,22.97,32.307,2319.053,,,145.24,12.08,0.32,3.47,0.33,65.14,65.7,2.82,0.0,12.08,95.06,0.23,17.61,164.23,7.72,1.349,61884.099,-0.77,31.666,-1.506,194.096,19595.948,350.332,2.113,454543729385.0,0.201,-3.732,1.569,-0.373,9.616,33.317,970.859,,,39.664,4.134,26.496,6.448,162.41,6576.546,16396.956,97.887,160.76,16230.359,5.185,68.334,20.648,418.86,42288.201,-13.075,-18.99,40.005,3.5,26.795,5.554,164.24,6633.084,16581.714,1.717,-0.661,26.349,-1.075,161.509,284.708,16306.035,,,0.0,1219.599,4.499,4.925,1.3,30.19,0.0,7.356,3047.99,16580.691,9904895.0,612.956,9597.275,57.882,6.301,41.54,15.093,254.62,25706.488,0.14,59.893,0.094,0.215,0.575,23.221,58.052,10.723,13.091,7.182,5.096,44.023,1777.909,4444.523
SWE,Sweden,2018,,,,,,,-2.138,-13.107,7.291,1194.388,-5.355,2.749,-0.933,16.489,1653.64,47.625,0.208,0.272,3.84,0.062,23.032,34.097,2309.799,,,146.14,11.91,0.34,3.66,0.38,62.21,68.55,2.94,0.0,11.91,91.15,0.41,16.62,163.36,7.78,1.294,60155.509,-3.72,31.154,-7.219,186.876,18740.808,367.041,2.24,463407436134.0,0.233,5.745,1.695,0.553,10.169,38.108,1019.769,,,38.082,-5.044,25.709,-8.192,154.218,6238.699,15465.672,97.76,159.7,16015.436,-1.406,68.846,-5.888,412.973,41414.749,-11.783,-17.22,41.963,3.733,28.402,6.13,170.37,6874.503,17085.517,1.8,-4.851,25.619,-7.834,153.675,294.836,15411.24,,,0.0,1194.388,-1.927,4.936,-0.582,29.608,0.0,7.291,2969.259,16382.477,9971630.0,599.848,9140.933,55.797,-4.72,40.444,-12.018,242.602,24329.232,0.251,69.006,0.162,0.397,0.972,41.117,97.455,10.174,-6.151,6.887,-2.708,41.315,1666.729,4143.205
SWE,Sweden,2019,,,,,,,3.813,22.873,7.743,1299.272,3.294,2.735,0.543,17.033,1697.085,47.025,0.125,-0.779,3.67,-0.179,22.853,20.924,2277.013,,,142.26,13.04,0.21,3.35,0.29,65.37,66.13,2.85,0.0,13.04,98.94,0.68,19.85,168.42,7.92,,62046.398,5.633,31.7,10.527,197.403,19668.77,333.785,1.989,,0.172,0.325,1.638,0.033,10.202,28.895,1016.477,,,38.814,4.7,25.929,7.249,161.467,6513.297,16088.131,98.011,165.07,16447.147,2.99,68.3,12.346,425.319,42377.677,-18.389,-26.16,39.265,-3.885,26.296,-6.618,163.752,6589.022,16315.858,1.692,6.946,26.392,10.674,164.349,283.967,16375.28,,,0.0,1299.272,9.023,5.184,2.672,32.28,0.0,7.743,3216.294,16780.933,10036391.0,622.722,9858.125,58.746,7.817,42.004,18.965,261.567,26061.82,0.404,68.94,0.264,0.67,1.642,67.753,163.578,11.786,18.955,7.892,7.831,49.146,1977.803,4896.731
SWE,Sweden,2020,,,,,,,-1.891,-11.773,6.826,1107.011,-9.327,2.528,-1.589,15.444,1529.225,42.371,0.0,-9.027,3.403,-2.063,20.79,0.0,2058.578,,,138.79,11.18,0.0,2.44,0.1,72.39,49.2,2.34,0.0,11.18,112.15,1.05,27.53,163.79,6.94,,60494.342,-7.412,29.916,-14.631,182.772,18097.575,241.602,1.49,,0.061,3.691,1.731,0.377,10.578,9.902,1047.435,,,44.197,12.065,29.617,19.48,180.947,7167.845,17916.861,98.51,161.35,15976.402,0.672,70.084,2.858,428.177,42396.816,-18.013,-25.0,30.038,-18.898,21.738,-30.946,132.807,4871.639,13150.137,1.429,-7.876,24.782,-12.945,151.404,231.7,14991.563,,,0.0,1107.011,-15.994,4.438,-5.163,27.117,0.0,6.826,2685.043,16218.004,10099270.0,610.949,11104.763,68.472,12.923,48.346,33.803,295.37,29246.679,0.641,58.755,0.427,0.965,2.606,103.968,258.072,16.808,40.919,11.336,20.11,69.256,2725.94,6857.477
SWE,Sweden,2021,,,,,,,,,7.792,1311.987,,,,,,43.9,0.0,,,,,0.0,,,,145.27,13.33,0.0,2.44,0.1,73.5,53.44,2.34,0.0,13.33,115.19,1.05,27.31,171.07,7.51,,,,,,,,240.154,1.426,,0.058,,,,,9.842,,,,42.965,,,,,7234.139,,98.574,168.63,16597.181,,,,,,-17.76,-25.8,31.239,,,,,5259.76,,1.368,,,,,230.311,,,,0.0,1311.987,,,,,0.0,7.792,,16837.335,10160159.0,,11337.421,67.335,,,,,,0.614,,,,,103.345,,15.964,,,,,2687.95,
