iso_code,country,year,coal_prod_change_pct,coal_prod_change_twh,gas_prod_change_pct,gas_prod_change_twh,oil_prod_change_pct,oil_prod_change_twh,energy_cons_change_pct,energy_cons_change_twh,biofuel_share_elec,biofuel_elec_per_capita,biofuel_cons_change_pct,biofuel_share_energy,biofuel_cons_change_twh,biofuel_consumption,biofuel_cons_per_capita,carbon_intensity_elec,coal_share_elec,coal_cons_change_pct,coal_share_energy,coal_cons_change_twh,coal_consumption,coal_elec_per_capita,coal_cons_per_capita,coal_production,coal_prod_per_capita,electricity_demand,biofuel_electricity,coal_electricity,fossil_electricity,gas_electricity,hydro_electricity,nuclear_electricity,oil_electricity,other_renewable_exc_biofuel_electricity,other_renewable_electricity,renewables_electricity,solar_electricity,wind_electricity,electricity_generation,greenhouse_gas_emissions,energy_per_gdp,energy_per_capita,fossil_cons_change_pct,fossil_share_energy,fossil_cons_change_twh,fossil_fuel_consumption,fossil_energy_per_capita,fossil_cons_per_capita,fossil_share_elec,gdp,gas_share_elec,gas_cons_change_pct,gas_share_energy,gas_cons_change_twh,gas_consumption,gas_elec_per_capita,gas_energy_per_capita,gas_production,gas_prod_per_capita,hydro_share_elec,hydro_cons_change_pct,hydro_share_energy,hydro_cons_change_twh,hydro_consumption,hydro_elec_per_capita,hydro_energy_per_capita,low_carbon_share_elec,low_carbon_electricity,low_carbon_elec_per_capita,low_carbon_cons_change_pct,low_carbon_share_energy,low_carbon_cons_change_twh,low_carbon_consumption,low_carbon_energy_per_capita,net_elec_imports_share_demand,net_elec_imports,nuclear_share_elec,nuclear_cons_change_pct,nuclear_share_energy,nuclear_cons_change_twh,nuclear_consumption,nuclear_elec_per_capita,nuclear_energy_per_capita,oil_share_elec,oil_cons_change_pct,oil_share_energy,oil_cons_change_twh,oil_consumption,oil_elec_per_capita,oil_energy_per_capita,oil_production,oil_prod_per_capita,other_renewables_elec_per_capita_exc_biofuel,other_renewables_elec_per_capita,other_renewables_cons_change_pct,other_renewables_share_energy,other_renewables_cons_change_twh,other_renewable_consumption,other_renewables_share_elec_exc_biofuel,other_renewables_share_elec,other_renewables_energy_per_capita,per_capita_electricity,population,primary_energy_consumption,renewables_elec_per_capita,renewables_share_elec,renewables_cons_change_pct,renewables_share_energy,renewables_cons_change_twh,renewables_consumption,renewables_energy_per_capita,solar_share_elec,solar_cons_change_pct,solar_share_energy,solar_cons_change_twh,solar_consumption,solar_elec_per_capita,solar_energy_per_capita,wind_share_elec,wind_cons_change_pct,wind_share_energy,wind_cons_change_twh,wind_consumption,wind_elec_per_capita,wind_energy_per_capita
TTO,Trinidad and Tobago,1965,,,,,,,,,,,,,,,,,,,0.0,,0.0,,0.0,,,,,,,,0.0,0.0,,,0.0,0.0,0.0,0.0,,,3.195,36880.668,,100.0,,33.626,36880.697,,,10525291530.0,,,33.985,,11.428,,12533.983,,,,,0.0,,0.0,0.0,0.0,,0.0,0.0,,0.0,,0.0,0.0,,,,,0.0,,0.0,0.0,0.0,,,66.015,,22.198,,24346.714,77.589,85099.817,,0.0,,0.0,,0.0,,,0.0,,911742.0,33.626,0.0,,,0.0,,0.0,0.0,,,0.0,,0.0,0.0,0.0,,,0.0,,0.0,0.0,0.0
TTO,Trinidad and Tobago,1966,,,,,13.362,10.368,6.399,2.152,,,,,,,,,,,0.0,0.0,0.0,,0.0,,,,,,,,0.0,0.0,,,0.0,0.0,0.0,0.0,,,3.257,38921.544,6.399,100.0,2.152,35.777,38921.575,,,10983681085.0,,17.466,37.52,1.996,13.424,,14603.457,,,,,0.0,0.0,0.0,0.0,0.0,,0.0,0.0,,0.0,0.0,0.0,0.0,,,,,0.0,0.0,0.0,0.0,0.0,,0.702,62.48,0.156,22.354,,24318.118,87.957,95686.401,,0.0,,0.0,0.0,0.0,,,0.0,,919218.0,35.777,0.0,,,0.0,0.0,0.0,0.0,,,0.0,0.0,0.0,0.0,0.0,,,0.0,0.0,0.0,0.0,0.0
TTO,Trinidad and Tobago,1967,,,,,17.026,14.975,6.598,2.36,,,,,,,,,,,0.0,0.0,0.0,,0.0,,,,,,,,0.0,0.0,,,0.0,0.0,0.0,0.0,,,3.401,41219.708,6.598,100.0,2.36,38.138,41219.741,,,11213650245.0,,10.372,38.849,1.392,14.816,,16013.276,,,,,0.0,0.0,0.0,0.0,0.0,,0.0,0.0,,0.0,0.0,0.0,0.0,,,,,0.0,0.0,0.0,0.0,0.0,,4.331,61.151,0.968,23.322,,25206.465,102.932,111249.882,,0.0,,0.0,0.0,0.0,,,0.0,,925233.0,38.138,0.0,,,0.0,0.0,0.0,0.0,,,0.0,0.0,0.0,0.0,0.0,,,0.0,0.0,0.0,0.0,0.0
TTO,Trinidad and Tobago,1968,,,,,7.171,7.381,3.085,1.176,,,,,,,,,,,0.0,0.0,0.0,,0.0,,,,,,,,0.0,0.0,,,0.0,0.0,0.0,0.0,,,3.333,42237.457,3.085,100.0,1.176,39.314,42237.491,,,11795877328.0,,4.924,39.542,0.73,15.546,,16701.382,,,,,0.0,0.0,0.0,0.0,0.0,,0.0,0.0,,0.0,0.0,0.0,0.0,,,,,0.0,0.0,0.0,0.0,0.0,,1.916,60.458,0.447,23.769,,25536.11,110.313,118515.196,,0.0,,0.0,0.0,0.0,,,0.0,,930792.0,39.314,0.0,,,0.0,0.0,0.0,0.0,,,0.0,0.0,0.0,0.0,0.0,,,0.0,0.0,0.0,0.0,0.0
TTO,Trinidad and Tobago,1969,,,,,-18.026,-19.885,3.124,1.228,,,,,,,,,,,0.0,0.0,0.0,,0.0,,,,,,,,0.0,0.0,,,0.0,0.0,0.0,0.0,,,3.345,43259.687,3.124,100.0,1.228,40.542,43259.722,,,12121325076.0,,0.505,38.538,0.079,15.624,,16671.233,,,,,0.0,0.0,0.0,0.0,0.0,,0.0,0.0,,0.0,0.0,0.0,0.0,,,,,0.0,0.0,0.0,0.0,0.0,,4.836,61.462,1.15,24.918,,26588.489,90.428,96489.461,,0.0,,0.0,0.0,0.0,,,0.0,,937184.0,40.542,0.0,,,0.0,0.0,0.0,0.0,,,0.0,0.0,0.0,0.0,0.0,,,0.0,0.0,0.0,0.0,0.0
TTO,Trinidad and Tobago,1970,,,,,-10.828,-9.792,10.207,4.138,,,,,,,,,,,0.0,0.0,0.0,,0.0,,,,,,,,0.0,0.0,,,0.0,0.0,0.0,0.0,,,3.56,47263.184,10.207,100.0,4.138,44.681,47263.222,,,12549655000.0,,22.374,42.792,3.496,19.12,,20224.884,17.768,18794.566,,,0.0,0.0,0.0,0.0,0.0,,0.0,0.0,,0.0,0.0,0.0,0.0,,,,,0.0,0.0,0.0,0.0,0.0,,2.579,57.208,0.643,25.561,,27038.338,80.637,85297.693,,0.0,,0.0,0.0,0.0,,,0.0,,945357.0,44.681,0.0,,,0.0,0.0,0.0,0.0,,,0.0,0.0,0.0,0.0,0.0,,,0.0,0.0,0.0,0.0,0.0
TTO,Trinidad and Tobago,1971,,,4.882,0.867,-7.857,-6.336,1.041,0.465,,,,,,,,,,,0.0,0.0,0.0,,0.0,,,,,,,,0.0,0.0,,,0.035,0.035,0.0,0.0,,,3.561,47235.691,0.823,99.785,0.368,45.048,47134.006,,,12678761925.0,,-2.535,41.278,-0.485,18.635,,19497.731,18.635,19497.715,,,0.0,0.0,0.0,0.0,0.0,,0.035,36.62,,0.215,0.097,0.097,101.723,,,,,0.0,0.0,0.0,0.0,0.0,,3.335,58.507,0.853,26.413,,27636.275,74.301,77740.823,,36.62,,0.215,0.097,0.097,,,101.723,,955753.0,45.146,36.62,,,0.215,0.097,0.097,101.723,,,0.0,0.0,0.0,0.0,0.0,,,0.0,0.0,0.0,0.0,0.0
TTO,Trinidad and Tobago,1972,,,3.358,0.626,9.602,7.134,37.842,17.084,,,,,,,,,,,0.0,0.0,0.0,,0.0,,,,,,,,0.0,0.0,,,0.035,0.035,0.0,0.0,,,4.64,64277.778,37.924,99.844,17.084,62.132,64177.407,,,13411911847.0,,3.358,30.951,0.626,19.261,,19894.69,19.261,19894.674,,,0.0,0.0,0.0,0.0,0.0,,0.035,36.152,0.0,0.156,0.0,0.097,100.422,,,,,0.0,0.0,0.0,0.0,0.0,,62.31,68.893,16.458,42.872,,44282.717,81.435,84115.505,,36.152,0.0,0.156,0.0,0.097,,,100.422,,968136.0,62.23,36.152,,0.0,0.156,0.0,0.097,100.422,,,0.0,0.0,0.0,0.0,0.0,,,0.0,0.0,0.0,0.0,0.0
TTO,Trinidad and Tobago,1973,,,-3.96,-0.763,17.409,14.177,-0.811,-0.505,,,,,,,,,,,0.0,0.0,0.0,,0.0,,,,,,,,0.0,0.0,,,0.029,0.029,0.0,0.0,,,4.527,62855.775,-0.786,99.869,-0.488,61.644,62773.794,,,13633377384.0,,-3.96,29.969,-0.763,18.498,,18836.967,18.498,18836.952,,,0.0,0.0,0.0,0.0,0.0,,0.029,29.531,-17.143,0.131,-0.017,0.081,82.032,,,,,0.0,0.0,0.0,0.0,0.0,,0.64,69.901,0.275,43.146,,43936.827,95.612,97364.141,,29.531,-17.143,0.131,-0.017,0.081,,,82.032,,982006.0,61.725,29.531,,-17.143,0.131,-0.017,0.081,82.032,,,0.0,0.0,0.0,0.0,0.0,,,0.0,0.0,0.0,0.0,0.0
TTO,Trinidad and Tobago,1974,,,-8.64,-1.598,12.651,12.096,-3.678,-2.27,,,,,,,,,,,0.0,0.0,0.0,,0.0,,,,,,,,0.0,0.0,,,0.025,0.025,0.0,0.0,,,4.139,59664.436,-3.665,99.883,-2.259,59.385,59594.794,,,14363102520.0,,-8.64,28.425,-1.598,16.9,,16959.478,16.9,16959.464,,,0.0,0.0,0.0,0.0,0.0,,0.025,25.088,-13.793,0.117,-0.011,0.069,69.69,,,,,0.0,0.0,0.0,0.0,0.0,,-1.532,71.458,-0.661,42.485,,42635.316,107.708,108088.265,,25.088,-13.793,0.117,-0.011,0.069,,,69.69,,996479.0,59.454,25.088,,-13.793,0.117,-0.011,0.069,69.69,,,0.0,0.0,0.0,0.0,0.0,,,0.0,0.0,0.0,0.0,0.0
TTO,Trinidad and Tobago,1975,,,-9.113,-1.54,15.508,16.703,-19.425,-11.549,,,,,,,,,,,0.0,0.0,0.0,,0.0,,,,,,,,0.0,0.0,,,0.023,0.023,0.0,0.0,,,3.273,47387.062,-19.439,99.867,-11.544,47.841,47323.902,,,14634735154.0,,-9.113,32.063,-1.54,15.36,,15193.635,15.36,15193.623,,,0.0,0.0,0.0,0.0,0.0,,0.023,22.751,-8.0,0.133,-0.006,0.064,63.198,,,,,0.0,0.0,0.0,0.0,0.0,,-23.546,67.804,-10.004,32.482,,32130.267,124.411,123065.42,,22.751,-8.0,0.133,-0.006,0.064,,,63.198,,1010934.0,47.905,22.751,,-8.0,0.133,-0.006,0.064,63.198,,,0.0,0.0,0.0,0.0,0.0,,,0.0,0.0,0.0,0.0,0.0
TTO,Trinidad and Tobago,1976,,,12.556,1.928,-1.583,-1.969,12.442,5.96,,,,,,,,,,,0.0,0.0,0.0,,0.0,,,,,,,,0.0,0.0,,,0.019,0.019,0.0,0.0,,,3.36,52546.497,12.482,99.902,5.972,53.813,52495.054,,,16033150080.0,,12.556,32.095,1.929,17.288,,16864.888,17.288,16864.874,,,0.0,0.0,0.0,0.0,0.0,,0.019,18.535,-17.391,0.098,-0.011,0.053,51.485,,,,,0.0,0.0,0.0,0.0,0.0,,12.447,67.807,4.043,36.525,,35630.166,122.442,119443.149,,18.535,-17.391,0.098,-0.011,0.053,,,51.485,,1025104.0,53.866,18.535,,-17.391,0.098,-0.011,0.053,51.485,,,0.0,0.0,0.0,0.0,0.0,,,0.0,0.0,0.0,0.0,0.0
TTO,Trinidad and Tobago,1977,,,17.545,3.033,7.724,9.457,4.038,2.175,,,,,,,,,,,0.0,0.0,0.0,,0.0,,,,,,,,0.0,0.0,,,0.023,0.023,0.0,0.0,,,3.286,53926.3,4.021,99.886,2.164,55.977,53864.865,,,17052215708.0,,17.545,36.262,3.033,20.322,,19554.792,20.322,19554.777,,,0.0,0.0,0.0,0.0,0.0,,0.023,22.132,21.053,0.114,0.011,0.064,61.478,,,,,0.0,0.0,0.0,0.0,0.0,,-2.38,63.624,-0.869,35.655,,34310.072,131.899,126922.224,,22.132,21.053,0.114,0.011,0.064,,,61.478,,1039209.0,56.041,22.132,,21.053,0.114,0.011,0.064,61.478,,,0.0,0.0,0.0,0.0,0.0,,,0.0,0.0,0.0,0.0,0.0
TTO,Trinidad and Tobago,1978,,,19.382,3.939,0.437,0.576,0.683,0.383,,,,,,,,,,,0.0,0.0,0.0,,0.0,,,,,,,,0.0,0.0,,,0.029,0.029,0.0,0.0,,,2.963,53555.144,0.654,99.857,0.366,56.343,53478.727,,,19043818134.0,,19.382,42.997,3.939,24.26,,23026.946,24.26,23026.928,,,0.0,0.0,0.0,0.0,0.0,,0.029,27.526,26.087,0.143,0.017,0.081,76.46,,,,,0.0,0.0,0.0,0.0,0.0,,-10.02,56.861,-3.573,32.083,,30451.781,132.475,125740.057,,27.526,26.087,0.143,0.017,0.081,,,76.46,,1053560.0,56.424,27.526,,26.087,0.143,0.017,0.081,76.46,,,0.0,0.0,0.0,0.0,0.0,,,0.0,0.0,0.0,0.0,0.0
TTO,Trinidad and Tobago,1979,,,3.365,0.816,-6.957,-9.216,-11.648,-6.572,,,,,,,,,,,0.0,0.0,0.0,,0.0,,,,,,,,0.0,0.0,,,0.029,0.029,0.0,0.0,,,2.502,46649.399,-11.664,99.838,-6.572,49.771,46574.056,,,19923965336.0,,3.365,50.302,0.816,25.076,,23465.738,25.076,23465.719,,,0.0,0.0,0.0,0.0,0.0,,0.029,27.137,0.0,0.162,0.0,0.081,75.381,,,,,0.0,0.0,0.0,0.0,0.0,,-23.029,49.536,-7.388,24.695,,23108.318,123.259,115341.558,,27.137,0.0,0.162,0.0,0.081,,,75.381,,1068644.0,49.852,27.137,,0.0,0.162,0.0,0.081,75.381,,,0.0,0.0,0.0,0.0,0.0,,,0.0,0.0,0.0,0.0,0.0
TTO,Trinidad and Tobago,1980,,,12.984,3.256,-0.663,-0.817,-3.836,-1.912,,,,,,,,,,,0.0,0.0,0.0,,0.0,0.0,0.0,,,,,,0.0,0.0,,,0.026,0.026,0.0,0.0,,,2.228,44194.318,-3.825,99.849,-1.904,47.867,44127.773,,,21520183542.0,,12.984,59.101,3.256,28.332,,26119.111,28.332,26119.09,,,0.0,0.0,0.0,0.0,0.0,,0.026,23.969,-10.345,0.151,-0.008,0.072,66.58,,,,,0.0,0.0,0.0,0.0,0.0,,-20.894,40.749,-5.16,19.535,,18008.662,122.442,112876.184,,23.969,-10.345,0.151,-0.008,0.072,,,66.58,,1084743.0,47.939,23.969,,-10.345,0.151,-0.008,0.072,66.58,,,0.0,0.0,0.0,0.0,0.0,,,0.0,0.0,0.0,0.0,0.0
TTO,Trinidad and Tobago,1981,,0.0,10.154,2.877,-11.093,-13.582,5.598,2.683,,,,,,,,,,,0.0,0.0,0.0,,0.0,0.0,0.0,,,,,,0.0,0.0,,,0.019,0.019,0.0,0.0,,,2.253,45937.998,5.647,99.896,2.703,50.57,45890.142,,,22469886000.0,,10.154,61.651,2.877,31.21,,28321.24,31.21,28321.217,,,0.0,0.0,0.0,0.0,0.0,,0.019,17.242,-26.923,0.104,-0.019,0.053,47.893,,,,,0.0,0.0,0.0,0.0,0.0,,-0.891,38.245,-0.174,19.361,,17568.902,108.86,98785.227,,17.242,-26.923,0.104,-0.019,0.053,,,47.893,,1101983.0,50.623,17.242,,-26.923,0.104,-0.019,0.053,47.893,,,0.0,0.0,0.0,0.0,0.0,,,0.0,0.0,0.0,0.0,0.0
TTO,Trinidad and Tobago,1982,,0.0,21.538,6.722,-6.349,-6.912,17.449,8.833,,,,,,,,,,,0.0,0.0,0.0,,0.0,0.0,0.0,,,,,,0.0,0.0,,,0.018,0.018,0.0,0.0,,,2.811,53084.952,17.473,99.916,8.836,59.406,53040.353,,,21154917000.0,,21.538,63.797,6.722,37.931,,33866.64,37.931,33866.613,,,0.0,0.0,0.0,0.0,0.0,,0.018,16.071,-5.263,0.084,-0.003,0.05,44.642,,,,,0.0,0.0,0.0,0.0,0.0,,10.921,36.119,2.114,21.475,,19173.713,101.948,91023.382,,16.071,-5.263,0.084,-0.003,0.05,,,44.642,,1120019.0,59.456,16.071,,-5.263,0.084,-0.003,0.05,44.642,,,0.0,0.0,0.0,0.0,0.0,,,0.0,0.0,0.0,0.0,0.0
TTO,Trinidad and Tobago,1983,,0.0,3.601,1.366,-9.605,-9.792,-2.431,-1.445,,,,,,,,,,,0.0,0.0,0.0,,0.0,0.0,0.0,,,,,,0.0,0.0,,,0.016,0.016,0.0,0.0,,,2.976,50972.814,-2.424,99.923,-1.44,57.966,50933.803,,,19495336000.0,,3.601,67.741,1.366,39.297,,34529.727,39.297,34529.7,,,0.0,0.0,0.0,0.0,0.0,,0.016,14.059,-11.111,0.077,-0.006,0.044,39.052,,,,,0.0,0.0,0.0,0.0,0.0,,-13.066,32.182,-2.806,18.669,,16404.075,92.156,80975.888,,14.059,-11.111,0.077,-0.006,0.044,,,39.052,,1138071.0,58.011,14.059,,-11.111,0.077,-0.006,0.044,39.052,,,0.0,0.0,0.0,0.0,0.0,,,0.0,0.0,0.0,0.0,0.0
TTO,Trinidad and Tobago,1984,,0.0,4.781,1.879,6.541,6.028,-1.43,-0.829,,,,,,,,,,,0.0,0.0,0.0,,0.0,0.0,0.0,,,,,,0.0,0.0,,,0.013,0.013,0.0,0.0,,,2.767,49504.15,-1.416,99.937,-0.821,57.145,49472.926,,,20667920000.0,,4.781,72.009,1.879,41.176,,35647.683,41.176,35647.655,,,0.0,0.0,0.0,0.0,0.0,,0.013,11.255,-18.75,0.063,-0.008,0.036,31.263,,,,,0.0,0.0,0.0,0.0,0.0,,-14.461,27.927,-2.7,15.969,,13825.243,98.184,85001.98,,11.255,-18.75,0.063,-0.008,0.036,,,31.263,,1155083.0,57.181,11.255,,-18.75,0.063,-0.008,0.036,31.263,,,0.0,0.0,0.0,0.0,0.0,,,0.0,0.0,0.0,0.0,0.0
TTO,Trinidad and Tobago,1985,,0.0,2.37,0.976,2.29,2.249,3.347,1.914,,,,,,,,,,,0.0,0.0,0.0,,0.0,0.0,0.0,,,,,,0.0,0.0,,,0.017,0.017,0.0,0.0,3.023,,2.981,50495.923,3.33,99.92,1.903,59.048,50455.613,,,19821819000.0,,2.37,71.329,0.976,42.152,,36018.267,42.152,36018.238,0.0,,0.0,0.0,0.0,0.0,0.0,0.562,0.017,14.526,30.769,0.08,0.011,0.047,40.351,,,0.0,,0.0,0.0,0.0,0.0,0.0,,5.803,28.591,0.927,16.896,,14437.346,100.433,85818.543,,14.526,30.769,0.08,0.011,0.047,,0.562,40.351,2583.107,1170296.0,59.095,14.526,0.562,30.769,0.08,0.011,0.047,40.351,0.0,,0.0,0.0,0.0,0.0,0.0,0.0,,0.0,0.0,0.0,0.0,0.0
TTO,Trinidad and Tobago,1986,,0.0,2.331,0.983,-3.911,-3.928,3.969,2.345,,,,,,,,,,,0.0,0.0,0.0,,0.0,0.0,0.0,,,,,,0.0,0.0,,,0.026,0.026,0.0,0.0,3.291,,3.205,51919.483,3.93,99.882,2.32,61.368,51858.494,,,19172168000.0,,2.331,70.205,0.983,43.134,,36450.22,43.134,36450.191,0.0,,0.0,0.0,0.0,0.0,0.0,0.79,0.026,21.971,52.941,0.118,0.025,0.072,61.03,,,0.0,,0.0,0.0,0.0,0.0,0.0,,7.918,29.677,1.338,18.234,,15408.274,96.506,81550.653,,21.971,52.941,0.118,0.025,0.072,,0.79,61.03,2781.012,1183382.0,61.441,21.971,0.79,52.941,0.118,0.025,0.072,61.03,0.0,,0.0,0.0,0.0,0.0,0.0,0.0,,0.0,0.0,0.0,0.0,0.0
TTO,Trinidad and Tobago,1987,,0.0,5.933,2.559,-8.248,-7.959,-5.598,-3.44,,,,,,,,,,,0.0,0.0,0.0,,0.0,0.0,0.0,,,,,,0.0,0.0,,,0.031,0.031,0.0,0.0,3.481,,3.172,48555.351,-5.628,99.852,-3.454,57.915,48483.302,,,18288025000.0,,5.933,78.781,2.559,45.694,,38252.25,45.694,38252.219,0.0,,0.0,0.0,0.0,0.0,0.0,0.891,0.031,25.952,19.231,0.148,0.014,0.086,72.088,,,0.0,,0.0,0.0,0.0,0.0,0.0,,-32.975,21.071,-6.013,12.221,,10231.052,88.546,74126.28,,25.952,19.231,0.148,0.014,0.086,,0.891,72.088,2914.112,1194532.0,58.001,25.952,0.891,19.231,0.148,0.014,0.086,72.088,0.0,,0.0,0.0,0.0,0.0,0.0,0.0,,0.0,0.0,0.0,0.0,0.0
TTO,Trinidad and Tobago,1988,,0.0,15.102,6.901,-2.217,-1.963,9.9,5.742,,,,,,,,,,,0.0,0.0,0.0,,0.0,0.0,0.0,,,,,,0.0,0.0,,,0.027,0.027,0.0,0.0,3.485,,3.626,52935.951,9.934,99.882,5.753,63.668,52873.709,,,17577124000.0,,15.102,82.51,6.901,52.594,,43677.525,52.594,43677.49,0.0,,0.0,0.0,0.0,0.0,0.0,0.775,0.027,22.422,-12.903,0.118,-0.011,0.075,62.285,,,0.0,,0.0,0.0,0.0,0.0,0.0,,-9.391,17.372,-1.148,11.074,,9196.183,86.583,71903.989,,22.422,-12.903,0.118,-0.011,0.075,,0.775,62.285,2894.158,1204150.0,63.743,22.422,0.775,-12.903,0.118,-0.011,0.075,62.285,0.0,,0.0,0.0,0.0,0.0,0.0,0.0,,0.0,0.0,0.0,0.0,0.0
TTO,Trinidad and Tobago,1989,,0.0,0.191,0.1,-1.363,-1.18,-1.619,-1.032,,,,,,,,,,,0.0,0.0,0.0,,0.0,0.0,0.0,,,,,,0.0,0.0,,,0.026,0.026,0.0,0.0,3.428,,3.597,51704.851,-1.617,99.885,-1.029,62.638,51645.345,,,17434560000.0,,0.191,84.028,0.101,52.695,,43446.794,52.695,43446.76,0.0,,0.0,0.0,0.0,0.0,0.0,0.758,0.026,21.437,-3.704,0.115,-0.003,0.072,59.547,,,0.0,,0.0,0.0,0.0,0.0,0.0,,-10.204,15.856,-1.13,9.944,,8198.551,85.403,70414.921,,21.437,-3.704,0.115,-0.003,0.072,,0.758,59.547,2826.382,1212858.0,62.711,21.437,0.758,-3.704,0.115,-0.003,0.072,59.547,0.0,,0.0,0.0,0.0,0.0,0.0,0.0,,0.0,0.0,0.0,0.0,0.0
TTO,Trinidad and Tobago,1990,,0.0,3.68,1.939,0.43,0.367,10.965,6.876,,,,,,,,,,,0.0,0.0,0.0,,0.0,0.0,0.0,,,,,,0.0,0.0,,,0.031,0.031,0.0,0.0,3.577,,3.929,56986.249,10.956,99.876,6.863,69.501,56915.776,,,17710560000.0,,3.68,78.511,1.939,54.634,,44740.688,54.634,44740.652,0.0,,0.0,0.0,0.0,0.0,0.0,0.867,0.031,25.387,19.231,0.124,0.014,0.086,70.518,,,0.0,,0.0,0.0,0.0,0.0,0.0,,49.515,21.365,4.924,14.867,,12175.088,85.771,70239.268,,25.387,19.231,0.124,0.014,0.086,,0.867,70.518,2929.276,1221121.0,69.587,25.387,0.867,19.231,0.124,0.014,0.086,70.518,0.0,,0.0,0.0,0.0,0.0,0.0,0.0,,0.0,0.0,0.0,0.0,0.0
TTO,Trinidad and Tobago,1991,,0.0,1.314,0.718,-1.771,-1.519,-0.3,-0.209,,,,,,,,,,,0.0,0.0,0.0,,0.0,0.0,0.0,,,,,,0.0,0.0,,,0.025,0.025,0.0,0.0,3.72,,3.915,56446.224,-0.276,99.9,-0.192,69.309,56389.769,,,17719300754.0,,1.314,79.782,0.718,55.352,,45034.04,55.352,45034.004,0.0,,0.0,0.0,0.0,0.0,0.0,0.672,0.025,20.34,-19.355,0.1,-0.017,0.069,56.5,,,0.0,,0.0,0.0,0.0,0.0,0.0,,-6.12,20.118,-0.91,13.957,,11355.729,84.251,68546.709,,20.34,-19.355,0.1,-0.017,0.069,,0.672,56.5,3026.585,1229108.0,69.379,20.34,0.672,-19.355,0.1,-0.017,0.069,56.5,0.0,,0.0,0.0,0.0,0.0,0.0,0.0,,0.0,0.0,0.0,0.0,0.0
TTO,Trinidad and Tobago,1992,,0.0,-3.367,-1.864,-4.077,-3.435,5.845,4.056,,,,,,,,,,,0.0,0.0,0.0,,0.0,0.0,0.0,,,,,,0.0,0.0,,,0.03,0.03,0.0,0.0,3.976,,4.095,59379.724,5.831,99.887,4.042,73.351,59312.387,,,17933884305.0,,-3.367,72.838,-1.864,53.488,,43251.154,53.488,43251.12,0.0,,0.0,0.0,0.0,0.0,0.0,0.755,0.03,24.258,20.0,0.113,0.014,0.083,67.384,,,0.0,,0.0,0.0,0.0,0.0,0.0,,42.309,27.048,5.905,19.863,,16061.233,80.817,65349.45,,24.258,20.0,0.113,0.014,0.083,,0.755,67.384,3215.047,1236685.0,73.434,24.258,0.755,20.0,0.113,0.014,0.083,67.384,0.0,,0.0,0.0,0.0,0.0,0.0,0.0,,0.0,0.0,0.0,0.0,0.0
TTO,Trinidad and Tobago,1993,,0.0,12.237,6.545,-7.142,-5.772,5.409,3.972,,,,,,,,,,,0.0,0.0,0.0,,0.0,0.0,0.0,,,,,,0.0,0.0,,,0.028,0.028,0.0,0.0,3.817,,4.452,62243.178,5.423,99.9,3.977,77.328,62180.686,,,17387464321.0,,12.237,77.556,6.545,60.033,,48273.516,60.033,48273.477,0.0,,0.0,0.0,0.0,0.0,0.0,0.734,0.028,22.515,-6.667,0.1,-0.006,0.078,62.542,,,0.0,,0.0,0.0,0.0,0.0,0.0,,-12.927,22.343,-2.568,17.295,,13907.17,75.045,60344.511,,22.515,-6.667,0.1,-0.006,0.078,,0.734,62.542,3069.303,1243605.0,77.406,22.515,0.734,-6.667,0.1,-0.006,0.078,62.542,0.0,,0.0,0.0,0.0,0.0,0.0,0.0,,0.0,0.0,0.0,0.0,0.0
TTO,Trinidad and Tobago,1994,,0.0,14.532,8.724,4.817,3.615,5.974,4.624,,,,,,,,,,,0.0,0.0,0.0,,0.0,0.0,0.0,,,,,,0.0,0.0,,,0.032,0.032,0.0,0.0,4.069,,4.857,65648.854,5.965,99.892,4.613,81.941,65577.768,,,16889637831.0,,14.532,83.82,8.724,68.757,,55026.642,68.757,55026.598,0.0,,0.0,0.0,0.0,0.0,0.0,0.786,0.032,25.61,14.286,0.108,0.011,0.089,71.138,,,0.0,,0.0,0.0,0.0,0.0,0.0,,-23.77,16.072,-4.111,13.184,,10551.126,78.659,62951.27,,25.61,14.286,0.108,0.011,0.089,,0.786,71.138,3256.432,1249527.0,82.03,25.61,0.786,14.286,0.108,0.011,0.089,71.138,0.0,,0.0,0.0,0.0,0.0,0.0,0.0,,0.0,0.0,0.0,0.0,0.0
TTO,Trinidad and Tobago,1995,,0.0,7.353,5.056,-0.409,-0.322,8.446,6.928,,,,,,,,,,,0.0,0.0,0.0,,0.0,0.0,0.0,,,,,,0.0,0.0,,,0.033,0.033,0.0,0.0,4.307,,4.96,70928.312,8.452,99.897,6.926,88.867,70855.28,,,17934969000.0,,7.353,82.975,5.056,73.813,,58852.879,73.813,58852.832,0.0,,0.0,0.0,0.0,0.0,0.0,0.766,0.033,26.312,3.125,0.103,0.003,0.092,73.088,,,0.0,,0.0,0.0,0.0,0.0,0.0,,14.18,16.922,1.869,15.053,,12002.402,78.337,62459.95,,26.312,3.125,0.103,0.003,0.092,,0.766,73.088,3434.062,1254200.0,88.958,26.312,0.766,3.125,0.103,0.003,0.092,73.088,0.0,,0.0,0.0,0.0,0.0,0.0,0.0,,0.0,0.0,0.0,0.0,0.0
TTO,Trinidad and Tobago,1996,,0.0,12.912,9.531,-0.893,-0.699,13.305,11.836,,,,,,,,,,,0.0,0.0,0.0,,0.0,0.0,0.0,,,,,,0.0,0.0,,,0.017,0.017,0.0,0.0,4.541,,5.322,80151.443,13.369,99.953,11.88,100.747,80113.956,,,18939401264.0,,12.912,82.687,9.531,83.344,,66275.148,83.344,66275.095,0.0,,0.0,0.0,0.0,0.0,0.0,0.374,0.017,13.518,-48.485,0.047,-0.044,0.047,37.551,,,0.0,,0.0,0.0,0.0,0.0,0.0,,15.608,17.266,2.35,17.403,,13838.808,77.638,61737.494,,13.518,-48.485,0.047,-0.044,0.047,,0.374,37.551,3610.998,1257547.0,100.794,13.518,0.374,-48.485,0.047,-0.044,0.047,37.551,0.0,,0.0,0.0,0.0,0.0,0.0,0.0,,0.0,0.0,0.0,0.0,0.0
TTO,Trinidad and Tobago,1997,,0.0,8.518,7.099,-3.568,-2.77,-0.026,-0.026,,,,,,,,,,,0.0,0.0,0.0,,0.0,0.0,0.0,,,,,,0.0,0.0,,,0.018,0.018,0.0,0.0,4.988,,5.02,79984.665,-0.029,99.95,-0.029,100.718,79945.041,,,20073272853.0,,8.518,89.754,7.099,90.443,,71789.736,90.443,71789.678,0.0,,0.0,0.0,0.0,0.0,0.0,0.361,0.018,14.288,5.882,0.05,0.003,0.05,39.688,,,0.0,,0.0,0.0,0.0,0.0,0.0,,-40.962,10.196,-7.129,10.274,,8155.306,74.868,59426.555,,14.288,5.882,0.05,0.003,0.05,,0.361,39.688,3959.239,1259838.0,100.768,14.288,0.361,5.882,0.05,0.003,0.05,39.688,0.0,,0.0,0.0,0.0,0.0,0.0,0.0,,0.0,0.0,0.0,0.0,0.0
TTO,Trinidad and Tobago,1998,,0.0,0.0,0.0,-0.63,-0.472,1.504,1.516,,,,,,,,,,,0.0,0.0,0.0,,0.0,0.0,0.0,,,,,,0.0,0.0,,,0.018,0.018,0.0,0.0,5.169,,4.781,81068.116,1.505,99.951,1.516,102.234,81028.552,,,21393888670.0,,0.0,88.424,0.0,90.443,,71683.846,90.443,71683.789,0.0,,0.0,0.0,0.0,0.0,0.0,0.348,0.018,14.266,0.0,0.049,0.0,0.05,39.629,,,0.0,,0.0,0.0,0.0,0.0,0.0,,14.754,11.527,1.516,11.79,,9344.706,74.396,58965.071,,14.266,0.0,0.049,0.0,0.05,,0.348,39.629,4096.857,1261699.0,102.284,14.266,0.348,0.0,0.049,0.0,0.05,39.629,0.0,,0.0,0.0,0.0,0.0,0.0,0.0,,0.0,0.0,0.0,0.0,0.0
TTO,Trinidad and Tobago,1999,,0.0,26.129,23.632,3.871,2.88,11.144,11.398,,,,,,,,,,,0.0,0.0,0.0,,0.0,0.0,0.0,,,,,,0.0,0.0,,,0.018,0.018,0.0,0.0,5.247,,4.99,89943.167,11.149,99.956,11.398,113.632,89903.68,,,22780490125.0,,2.581,81.612,2.334,92.777,,73404.129,114.075,90254.691,0.0,,0.0,0.0,0.0,0.0,0.0,0.343,0.018,14.241,0.0,0.044,0.0,0.05,39.559,,,0.0,,0.0,0.0,0.0,0.0,0.0,,76.878,18.344,9.064,20.854,,16499.55,77.276,61139.622,,14.241,0.0,0.044,0.0,0.05,,0.343,39.559,4151.347,1263927.0,113.682,14.241,0.343,0.0,0.044,0.0,0.05,39.559,0.0,,0.0,0.0,0.0,0.0,0.0,0.0,,0.0,0.0,0.0,0.0,0.0
TTO,Trinidad and Tobago,2000,,0.0,21.242,24.231,-1.087,-0.84,4.526,5.146,0.39,15.783,,,,,,502.924,0.0,,0.0,0.0,0.0,0.0,0.0,0.0,0.0,5.13,0.02,0.0,5.11,4.77,0.0,0.0,0.34,0.0,0.02,0.02,0.0,0.0,5.13,2.58,4.95,93774.425,4.523,99.953,5.14,118.771,93730.38,4032.643,99.61,24005327584.0,92.982,5.77,82.583,5.353,98.13,3764.326,77441.334,138.307,109147.085,0.0,,0.0,0.0,0.0,0.0,0.0,0.39,0.02,15.783,11.817,0.047,0.006,0.056,44.121,0.0,0.0,0.0,,0.0,0.0,0.0,0.0,0.0,6.628,-1.023,17.37,-0.213,20.641,268.317,16289.046,76.436,60320.885,0.0,15.783,11.111,0.047,0.006,0.056,0.0,0.39,43.843,4048.426,1267159.0,118.827,15.783,0.39,11.817,0.047,0.006,0.056,44.121,0.0,,0.0,0.0,0.0,0.0,0.278,0.0,,0.0,0.0,0.0,0.0,0.0
TTO,Trinidad and Tobago,2001,,0.0,6.393,8.842,-3.757,-2.872,7.895,9.382,0.377,15.728,,,,,,500.942,0.0,,0.0,0.0,0.0,0.0,0.0,0.0,0.0,5.31,0.02,0.0,5.29,4.94,0.0,0.0,0.35,0.0,0.02,0.02,0.0,0.0,5.31,2.66,5.201,100822.64,7.877,99.936,9.356,128.127,100758.406,4160.025,99.623,24648446743.0,93.032,11.02,84.974,10.814,108.944,3884.787,85673.073,147.149,115716.838,0.0,,0.0,0.0,0.0,0.0,0.0,0.377,0.02,15.728,46.285,0.064,0.026,0.082,64.316,0.0,0.0,0.0,,0.0,0.0,0.0,0.0,0.0,6.591,-7.063,14.962,-1.458,19.183,275.238,15085.332,73.564,57850.663,0.0,15.728,44.058,0.062,0.024,0.08,0.0,0.377,62.937,4175.753,1271627.0,128.209,15.728,0.377,46.285,0.064,0.026,0.082,64.316,0.0,396.85,0.001,0.001,0.002,0.0,1.378,0.0,,0.0,0.0,0.0,0.0,0.0
TTO,Trinidad and Tobago,2002,,0.0,17.313,25.476,15.074,11.089,8.517,10.919,0.377,15.659,,,,,,500.942,0.0,,0.0,0.0,0.0,0.0,0.0,0.0,0.0,5.31,0.02,0.0,5.29,4.94,0.0,0.0,0.35,0.0,0.02,0.02,0.0,0.0,5.31,2.66,5.305,108931.203,8.528,99.947,10.927,139.054,108873.402,4141.84,99.623,26224118104.0,93.032,7.677,84.316,8.363,117.307,3867.806,91846.528,172.624,135157.246,0.0,,0.0,0.0,0.0,0.0,0.0,0.377,0.02,15.659,-9.596,0.053,-0.008,0.074,57.89,0.0,0.0,0.0,,0.0,0.0,0.0,0.0,0.0,6.591,13.366,15.631,2.564,21.747,274.035,17026.873,84.654,66280.199,0.0,15.659,-10.923,0.051,-0.009,0.071,0.0,0.377,55.817,4157.5,1277210.0,139.128,15.659,0.377,-9.596,0.053,-0.008,0.074,57.89,0.0,51.03,0.002,0.001,0.003,0.0,2.073,0.0,,0.0,0.0,0.0,0.0,0.0
TTO,Trinidad and Tobago,2003,,0.0,45.897,79.23,5.358,4.536,12.116,16.857,0.495,23.372,,,,,,503.3,0.0,,0.0,0.0,0.0,0.0,0.0,0.0,0.0,6.06,0.03,0.0,6.03,5.63,0.0,0.0,0.4,0.0,0.03,0.03,0.0,0.0,6.06,3.05,5.273,121525.2,12.15,99.976,16.895,155.949,121496.648,4697.857,99.505,29582760545.0,92.904,15.254,86.675,17.894,135.201,4386.225,105332.594,251.854,196214.726,0.0,,0.0,0.0,0.0,0.0,0.0,0.495,0.03,23.372,-50.261,0.024,-0.037,0.037,28.651,0.0,0.0,0.0,,0.0,0.0,0.0,0.0,0.0,6.601,-4.595,13.301,-0.999,20.748,311.632,16164.055,89.19,69486.109,0.0,23.372,-54.142,0.021,-0.039,0.033,0.0,0.495,25.47,4721.229,1283564.0,155.985,23.372,0.495,-50.261,0.024,-0.037,0.037,28.651,0.0,54.25,0.003,0.001,0.004,0.0,3.181,0.0,,0.0,0.0,0.0,0.0,0.0
TTO,Trinidad and Tobago,2004,,0.0,13.473,33.932,-7.127,-6.357,9.97,15.552,0.496,23.254,,,,,,502.479,0.0,,0.0,0.0,0.0,0.0,0.0,0.0,0.0,6.05,0.03,0.0,6.02,5.62,0.0,0.0,0.4,0.0,0.03,0.03,0.0,0.0,6.05,3.04,5.449,132963.157,9.953,99.96,15.521,171.47,132910.439,4666.251,99.504,31478242132.0,92.893,9.988,86.69,13.504,148.705,4356.201,115265.283,285.787,221520.292,0.0,,0.0,0.0,0.0,0.0,0.0,0.496,0.03,23.254,85.313,0.04,0.031,0.068,52.825,0.0,0.0,0.0,,0.0,0.0,0.0,0.0,0.0,6.612,9.72,13.271,2.017,22.764,310.05,17645.156,82.833,64205.909,0.0,23.254,90.446,0.036,0.03,0.062,0.0,0.496,48.26,4689.504,1290115.0,171.538,23.254,0.496,85.313,0.04,0.031,0.068,52.825,0.0,44.218,0.003,0.002,0.006,0.0,4.565,0.0,,0.0,0.0,0.0,0.0,0.0
TTO,Trinidad and Tobago,2005,,0.0,5.01,14.317,13.852,11.474,7.223,12.39,0.452,23.139,,,,,,502.262,0.0,,0.0,0.0,0.0,0.0,0.0,0.0,0.0,6.63,0.03,0.0,6.6,6.17,0.0,0.0,0.43,0.0,0.03,0.03,0.0,0.0,6.63,3.33,5.581,141865.496,7.228,99.964,12.393,183.863,141815.113,5090.64,99.548,32955092381.0,93.062,10.119,89.031,15.048,163.753,4758.977,126304.353,300.103,231472.54,0.0,,0.0,0.0,0.0,0.0,0.0,0.452,0.03,23.139,-3.955,0.036,-0.003,0.065,50.486,0.0,0.0,0.0,,0.0,0.0,0.0,0.0,0.0,6.486,-11.661,10.933,-2.655,20.11,331.663,15510.76,94.307,72740.174,0.0,23.139,-4.953,0.032,-0.003,0.059,0.0,0.452,45.644,5113.78,1296497.0,183.928,23.139,0.452,-3.955,0.036,-0.003,0.065,50.486,0.0,6.604,0.003,0.0,0.006,0.0,4.842,0.0,,0.0,0.0,0.0,0.0,0.0
TTO,Trinidad and Tobago,2006,,0.0,18.493,55.499,0.893,0.843,16.798,30.896,0.445,23.032,,,,,,502.967,0.0,,0.0,0.0,0.0,0.0,0.0,0.0,0.0,6.74,0.03,0.0,6.71,6.27,0.0,0.0,0.44,0.0,0.03,0.03,0.0,0.0,6.74,3.39,5.842,164925.804,16.798,99.964,30.885,214.748,164867.069,5151.426,99.555,36774965713.0,93.027,17.715,89.73,29.008,192.762,4813.627,147987.722,355.603,273004.619,0.0,,0.0,0.0,0.0,0.0,0.0,0.445,0.03,23.032,17.124,0.036,0.011,0.077,58.857,0.0,0.0,0.0,,0.0,0.0,0.0,0.0,0.0,6.528,9.332,10.235,1.877,21.986,337.798,16879.347,95.15,73048.934,0.0,23.032,17.439,0.032,0.01,0.069,0.0,0.445,53.354,5174.458,1302552.0,214.824,23.032,0.445,17.124,0.036,0.011,0.077,58.857,0.0,14.159,0.003,0.001,0.007,0.0,5.502,0.0,,0.0,0.0,0.0,0.0,0.0
TTO,Trinidad and Tobago,2007,,0.0,6.027,21.431,-12.087,-11.501,3.119,6.701,0.416,22.928,,,,,,501.385,0.0,,0.0,0.0,0.0,0.0,0.0,0.0,0.0,7.22,0.03,0.0,7.19,6.79,0.0,0.0,0.4,0.0,0.03,0.03,0.0,0.0,7.22,3.62,5.834,169303.807,3.129,99.974,6.72,221.468,169259.522,5495.051,99.584,37972471378.0,94.044,1.914,88.681,3.689,196.45,5189.346,150139.81,377.033,288152.731,0.0,,0.0,0.0,0.0,0.0,0.0,0.416,0.03,22.928,-24.204,0.026,-0.019,0.058,44.41,0.0,0.0,0.0,,0.0,0.0,0.0,0.0,0.0,5.54,13.786,11.293,3.031,25.017,305.705,19119.712,83.649,63929.675,0.0,22.928,-27.38,0.023,-0.019,0.05,0.0,0.416,38.572,5517.979,1308450.0,221.526,22.928,0.416,-24.204,0.026,-0.019,0.058,44.41,0.0,6.589,0.003,0.0,0.008,0.0,5.838,0.0,,0.0,0.0,0.0,0.0,0.0
TTO,Trinidad and Tobago,2008,,0.0,-0.806,-3.038,-4.259,-3.563,-1.471,-3.259,0.413,22.823,,,,,,500.688,0.0,,0.0,0.0,0.0,0.0,0.0,0.0,0.0,7.27,0.03,0.0,7.24,6.84,0.0,0.0,0.4,0.0,0.03,0.03,0.0,0.0,7.27,3.64,5.64,166051.838,-1.473,99.972,-3.262,218.206,166005.52,5508.011,99.587,38699953272.0,94.085,-2.479,87.774,-4.869,191.581,5203.701,145750.186,373.995,284526.184,0.0,,0.0,0.0,0.0,0.0,0.0,0.413,0.03,22.823,5.055,0.028,0.003,0.061,46.442,0.0,0.0,0.0,,0.0,0.0,0.0,0.0,0.0,5.502,6.425,12.198,1.607,26.625,304.31,20255.334,80.086,60927.581,0.0,22.823,4.609,0.024,0.002,0.053,0.0,0.413,40.165,5530.835,1314449.0,218.267,22.823,0.413,5.055,0.028,0.003,0.061,46.442,0.0,8.0,0.004,0.001,0.008,0.0,6.276,0.0,,0.0,0.0,0.0,0.0,0.0
TTO,Trinidad and Tobago,2009,,0.0,3.098,11.587,-1.22,-0.977,-0.829,-1.809,0.407,22.711,,,,,,501.355,0.0,,0.0,0.0,0.0,0.0,0.0,0.0,0.0,7.38,0.03,0.0,7.35,6.94,0.0,0.0,0.41,0.0,0.03,0.03,0.0,0.0,7.38,3.7,5.935,163868.852,-0.828,99.973,-1.807,216.399,163824.227,5564.299,99.593,36471793150.0,94.038,-0.363,88.186,-0.696,190.885,5253.91,144508.923,385.582,291903.986,0.0,,0.0,0.0,0.0,0.0,0.0,0.407,0.03,22.711,-3.148,0.027,-0.002,0.059,44.759,0.0,0.0,0.0,,0.0,0.0,0.0,0.0,0.0,5.556,-4.171,11.787,-1.111,25.514,310.389,19315.304,79.11,59889.677,0.0,22.711,-5.587,0.023,-0.003,0.05,0.0,0.407,37.735,5587.011,1320921.0,216.458,22.711,0.407,-3.148,0.027,-0.002,0.059,44.759,0.0,12.458,0.004,0.001,0.009,0.0,7.024,0.0,,0.0,0.0,0.0,0.0,0.0
TTO,Trinidad and Tobago,2010,,0.0,4.499,17.348,-8.386,-6.634,8.044,17.412,0.376,22.588,,,,,,501.882,0.0,,0.0,0.0,0.0,0.0,0.0,0.0,0.0,7.97,0.03,0.0,7.94,7.5,0.0,0.0,0.44,0.0,0.03,0.03,0.0,0.0,7.97,4.0,6.296,176087.508,8.069,99.996,17.46,233.859,176079.788,5978.267,99.624,37145100602.0,94.103,8.652,88.682,16.516,207.401,5646.978,156158.544,402.93,303378.477,0.0,,0.0,0.0,0.0,0.0,0.0,0.376,0.03,22.588,-82.334,0.004,-0.049,0.01,7.864,0.0,0.0,0.0,,0.0,0.0,0.0,0.0,0.0,5.521,3.701,11.313,0.944,26.458,331.289,19921.245,72.476,54569.136,0.0,22.588,-100.0,0.0,-0.05,0.0,0.0,0.376,0.0,6000.855,1328144.0,233.87,22.588,0.376,-82.334,0.004,-0.049,0.01,7.864,0.0,12.575,0.004,0.001,0.01,0.0,7.864,0.0,,0.0,0.0,0.0,0.0,0.0
TTO,Trinidad and Tobago,2011,,0.0,-3.99,-16.078,-5.699,-4.131,-1.794,-4.197,0.243,14.968,,,,,,496.359,0.0,,0.0,0.0,0.0,0.0,0.0,0.0,0.0,8.24,0.02,0.0,8.22,7.92,0.0,0.0,0.3,0.0,0.02,0.02,0.0,0.0,8.24,4.09,6.291,171887.662,-1.795,99.995,-4.197,229.663,171880.034,6151.866,99.757,36506638426.0,96.117,-1.248,89.176,-2.588,204.813,5927.345,153282.769,386.852,289520.995,0.0,,0.0,0.0,0.0,0.0,0.0,0.243,0.02,14.968,-0.532,0.005,-0.0,0.01,7.775,0.0,0.0,0.0,,0.0,0.0,0.0,0.0,0.0,3.641,-6.081,10.819,-1.609,24.849,224.521,18597.265,68.345,51149.604,0.0,14.968,,0.0,0.0,0.0,0.0,0.243,0.0,6166.834,1336180.0,229.673,14.968,0.243,-0.532,0.005,-0.0,0.01,7.775,0.0,-0.532,0.005,-0.0,0.01,0.0,7.775,0.0,,0.0,0.0,0.0,0.0,0.0
TTO,Trinidad and Tobago,2012,,0.0,-0.395,-1.528,-11.816,-8.075,-1.556,-3.573,0.233,14.872,,,,,,519.814,0.0,,0.0,0.0,0.0,0.0,0.0,0.0,0.0,8.58,0.02,0.0,8.56,7.3,0.0,0.0,1.26,0.0,0.02,0.02,0.0,0.0,8.58,4.46,6.114,168127.163,-1.556,99.995,-3.573,226.09,168119.629,6365.193,99.767,36978463248.0,85.082,-1.198,89.5,-2.453,202.36,5428.26,150474.354,385.324,286525.923,0.0,,0.0,0.0,0.0,0.0,0.0,0.233,0.02,14.872,-0.727,0.005,-0.0,0.01,7.669,0.0,0.0,0.0,,0.0,0.0,0.0,0.0,0.0,14.685,-4.506,10.495,-1.12,23.73,936.933,17645.275,60.27,44816.399,0.0,14.872,,0.0,0.0,0.0,0.0,0.233,0.0,6380.064,1344814.0,226.1,14.872,0.233,-0.727,0.005,-0.0,0.01,7.669,0.0,-0.727,0.005,-0.0,0.01,0.0,7.669,0.0,,0.0,0.0,0.0,0.0,0.0
TTO,Trinidad and Tobago,2013,,0.0,0.558,2.149,-1.425,-0.859,1.856,4.195,0.224,14.774,,,,,,519.597,0.0,,0.0,0.0,0.0,0.0,0.0,0.0,0.0,8.93,0.02,0.0,8.91,7.6,0.0,0.0,1.31,0.0,0.02,0.02,0.0,0.0,8.93,4.64,6.067,170121.666,1.856,99.996,4.195,230.285,170114.229,6581.922,99.776,37960330345.0,85.106,0.591,88.389,1.196,203.556,5614.209,150369.554,387.473,286230.559,0.0,,0.0,0.0,0.0,0.0,0.0,0.224,0.02,14.774,-0.614,0.004,-0.0,0.01,7.572,0.0,0.0,0.0,,0.0,0.0,0.0,0.0,0.0,14.67,12.638,11.606,2.999,26.729,967.712,19744.675,59.411,43887.311,0.0,14.774,,0.0,0.0,0.0,0.0,0.224,0.0,6596.696,1353708.0,230.295,14.774,0.224,-0.614,0.004,-0.0,0.01,7.572,0.0,-0.614,0.004,-0.0,0.01,0.0,7.572,0.0,,0.0,0.0,0.0,0.0,0.0
TTO,Trinidad and Tobago,2014,,0.0,-1.755,-6.801,-1.062,-0.631,-0.514,-1.184,0.226,14.681,,,,,,519.774,0.0,,0.0,0.0,0.0,0.0,0.0,0.0,0.0,8.85,0.02,0.0,8.83,7.53,0.0,0.0,1.3,0.0,0.02,0.02,0.0,0.0,8.85,4.6,6.07,168175.296,-0.514,99.995,-1.185,229.1,168167.047,6481.509,99.774,37742333368.0,85.085,0.759,89.52,1.545,205.101,5527.267,150550.893,380.672,279425.762,0.0,,0.0,0.0,0.0,0.0,0.0,0.226,0.02,14.681,11.382,0.005,0.001,0.011,8.38,0.0,0.0,0.0,,0.0,0.0,0.0,0.0,0.0,14.689,-10.212,10.475,-2.729,23.999,954.243,17616.153,58.78,43146.382,0.0,14.681,,0.0,0.0,0.0,0.0,0.226,0.0,6496.19,1362337.0,229.111,14.681,0.226,11.382,0.005,0.001,0.011,8.38,0.0,11.382,0.005,0.001,0.011,0.0,8.38,0.0,,0.0,0.0,0.0,0.0,0.0
TTO,Trinidad and Tobago,2015,,0.0,-5.546,-21.113,-4.551,-2.675,-2.972,-6.809,0.222,14.595,,,,,,519.466,0.0,,0.0,0.0,0.0,0.0,0.0,0.0,0.0,8.99,0.02,0.0,8.97,7.65,0.0,0.0,1.32,0.0,0.02,0.02,0.0,0.0,8.99,4.67,5.924,162224.952,-2.973,99.994,-6.811,222.289,162215.573,6545.859,99.778,37523337907.0,85.095,-4.414,88.19,-9.053,196.048,5582.589,143065.958,359.559,262387.922,0.0,,0.0,0.0,0.0,0.0,0.0,0.222,0.02,14.595,14.112,0.006,0.002,0.013,9.507,0.0,0.0,0.0,,0.0,0.0,0.0,0.0,0.0,14.683,9.343,11.804,2.242,26.241,963.27,19149.615,56.105,40942.469,0.0,14.595,,0.0,0.0,0.0,0.0,0.222,0.0,6560.454,1370332.0,222.302,14.595,0.222,14.112,0.006,0.002,0.013,9.507,0.0,14.112,0.006,0.002,0.013,0.0,9.507,0.0,,0.0,0.0,0.0,0.0,0.0
TTO,Trinidad and Tobago,2016,,0.0,-13.0,-46.742,-10.215,-5.731,-11.277,-25.07,0.226,14.518,,,,,,519.774,0.0,,0.0,0.0,0.0,0.0,0.0,0.0,0.0,8.85,0.02,0.0,8.83,7.53,0.0,0.0,1.3,0.0,0.02,0.02,0.0,0.0,8.85,4.6,5.539,143174.722,-11.278,99.993,-25.07,197.219,143165.433,6409.87,99.774,35605774104.0,85.085,-13.57,85.911,-26.603,169.445,5466.175,123003.338,312.817,227079.984,0.0,,0.0,0.0,0.0,0.0,0.0,0.226,0.02,14.518,-0.64,0.007,-0.0,0.013,9.397,0.0,0.0,0.0,,0.0,0.0,0.0,0.0,0.0,14.689,5.843,14.082,1.533,27.775,943.695,20162.095,50.374,36567.146,0.0,14.518,,0.0,0.0,0.0,0.0,0.226,0.0,6424.389,1377563.0,197.232,14.518,0.226,-0.64,0.007,-0.0,0.013,9.397,0.0,-0.64,0.007,-0.0,0.013,0.0,9.397,0.0,,0.0,0.0,0.0,0.0,0.0
TTO,Trinidad and Tobago,2017,,,1.89,5.912,1.122,0.565,6.111,12.053,0.228,14.45,,,,,,519.406,0.0,,0.0,0.0,0.0,0.0,0.0,,,8.76,0.02,0.0,8.74,7.45,0.0,0.0,1.29,0.0,0.02,0.02,0.0,0.0,8.76,4.55,6.017,151210.889,6.111,99.994,12.053,209.272,151201.706,6314.755,99.772,34782568636.0,85.046,8.291,87.676,14.049,183.493,5382.715,132576.21,318.729,230285.736,0.0,,0.0,0.0,0.0,0.0,0.0,0.228,0.02,14.45,-0.517,0.006,-0.0,0.013,9.304,0.0,0.0,0.0,,0.0,0.0,0.0,0.0,0.0,14.726,-7.186,12.318,-1.996,25.779,932.041,18625.496,50.939,36803.714,0.0,14.45,,0.0,0.0,0.0,0.0,0.228,0.0,6329.205,1384060.0,209.285,14.45,0.228,-0.517,0.006,-0.0,0.013,9.304,0.0,-0.517,0.006,-0.0,0.013,0.0,9.304,0.0,,0.0,0.0,0.0,0.0,0.0
TTO,Trinidad and Tobago,2018,,,6.552,20.882,-10.941,-5.573,-5.348,-11.192,0.231,14.39,,,,,,520.185,0.0,,0.0,0.0,0.0,0.0,0.0,,,8.67,0.02,0.0,8.65,7.37,0.0,0.0,1.28,0.0,0.02,0.02,0.0,0.0,8.67,4.51,5.709,142528.854,-5.348,99.994,-11.191,198.081,142520.617,6223.734,99.769,34697351281.0,85.006,-5.311,87.71,-9.746,173.748,5302.765,125012.603,339.611,244352.506,0.0,,0.0,0.0,0.0,0.0,0.0,0.231,0.02,14.39,-9.834,0.006,-0.001,0.012,8.354,0.0,0.0,0.0,,0.0,0.0,0.0,0.0,0.0,14.764,-5.607,12.284,-1.445,24.333,920.969,17508.015,45.365,32640.741,0.0,14.39,,0.0,0.0,0.0,0.0,0.231,0.0,6238.124,1389841.0,198.092,14.39,0.231,-9.834,0.006,-0.001,0.012,8.354,0.0,-9.834,0.006,-0.001,0.012,0.0,8.354,0.0,,0.0,0.0,0.0,0.0,0.0
TTO,Trinidad and Tobago,2019,,,1.766,5.998,-6.163,-2.796,-0.331,-0.655,0.232,14.337,,,,,,520.278,0.0,,0.0,0.0,0.0,0.0,0.0,,,8.63,0.02,0.0,8.61,7.34,0.0,0.0,1.27,0.0,0.02,0.02,0.0,0.0,8.63,4.49,,141535.436,-0.331,99.994,-0.655,197.426,141527.26,6172.18,99.768,,85.052,0.567,88.5,0.986,174.733,5261.766,125259.63,345.609,247753.825,0.0,,0.0,0.0,0.0,0.0,0.0,0.232,0.02,14.337,-0.478,0.006,-0.0,0.012,8.284,0.0,0.0,0.0,,0.0,0.0,0.0,0.0,0.0,14.716,-6.742,11.494,-1.641,22.693,910.414,16267.63,42.57,30516.472,0.0,14.337,,0.0,0.0,0.0,0.0,0.232,0.0,6186.517,1394969.0,197.438,14.337,0.232,-0.478,0.006,-0.0,0.012,8.284,0.0,-0.478,0.006,-0.0,0.012,0.0,8.284,0.0,,0.0,0.0,0.0,0.0,0.0
TTO,Trinidad and Tobago,2020,,,-14.744,-50.956,-6.188,-2.634,-12.247,-24.181,0.232,14.291,,,,,,520.278,0.0,,0.0,0.0,0.0,0.0,0.0,,,8.63,0.02,0.0,8.61,7.34,0.0,0.0,1.27,0.0,0.02,0.02,0.0,0.0,8.63,4.49,,123799.685,-12.248,99.993,-24.181,173.245,123791.55,6152.237,99.768,,85.052,-13.46,87.277,-23.519,151.214,5244.764,108049.19,294.653,210542.72,0.0,,0.0,0.0,0.0,0.0,0.0,0.232,0.02,14.291,-0.24,0.007,-0.0,0.012,8.237,0.0,0.0,0.0,,0.0,0.0,0.0,0.0,0.0,14.716,-2.915,12.716,-0.662,22.031,907.473,15742.36,39.936,28535.762,0.0,14.291,,0.0,0.0,0.0,0.0,0.232,0.0,6166.528,1399491.0,173.257,14.291,0.232,-0.24,0.007,-0.0,0.012,8.237,0.0,-0.24,0.007,-0.0,0.012,0.0,8.237,0.0,,0.0,0.0,0.0,0.0,0.0
