iso_code,country,year,coal_prod_change_pct,coal_prod_change_twh,gas_prod_change_pct,gas_prod_change_twh,oil_prod_change_pct,oil_prod_change_twh,energy_cons_change_pct,energy_cons_change_twh,biofuel_share_elec,biofuel_elec_per_capita,biofuel_cons_change_pct,biofuel_share_energy,biofuel_cons_change_twh,biofuel_consumption,biofuel_cons_per_capita,carbon_intensity_elec,coal_share_elec,coal_cons_change_pct,coal_share_energy,coal_cons_change_twh,coal_consumption,coal_elec_per_capita,coal_cons_per_capita,coal_production,coal_prod_per_capita,electricity_demand,biofuel_electricity,coal_electricity,fossil_electricity,gas_electricity,hydro_electricity,nuclear_electricity,oil_electricity,other_renewable_exc_biofuel_electricity,other_renewable_electricity,renewables_electricity,solar_electricity,wind_electricity,electricity_generation,greenhouse_gas_emissions,energy_per_gdp,energy_per_capita,fossil_cons_change_pct,fossil_share_energy,fossil_cons_change_twh,fossil_fuel_consumption,fossil_energy_per_capita,fossil_cons_per_capita,fossil_share_elec,gdp,gas_share_elec,gas_cons_change_pct,gas_share_energy,gas_cons_change_twh,gas_consumption,gas_elec_per_capita,gas_energy_per_capita,gas_production,gas_prod_per_capita,hydro_share_elec,hydro_cons_change_pct,hydro_share_energy,hydro_cons_change_twh,hydro_consumption,hydro_elec_per_capita,hydro_energy_per_capita,low_carbon_share_elec,low_carbon_electricity,low_carbon_elec_per_capita,low_carbon_cons_change_pct,low_carbon_share_energy,low_carbon_cons_change_twh,low_carbon_consumption,low_carbon_energy_per_capita,net_elec_imports_share_demand,net_elec_imports,nuclear_share_elec,nuclear_cons_change_pct,nuclear_share_energy,nuclear_cons_change_twh,nuclear_consumption,nuclear_elec_per_capita,nuclear_energy_per_capita,oil_share_elec,oil_cons_change_pct,oil_share_energy,oil_cons_change_twh,oil_consumption,oil_elec_per_capita,oil_energy_per_capita,oil_production,oil_prod_per_capita,other_renewables_elec_per_capita_exc_biofuel,other_renewables_elec_per_capita,other_renewables_cons_change_pct,other_renewables_share_energy,other_renewables_cons_change_twh,other_renewable_consumption,other_renewables_share_elec_exc_biofuel,other_renewables_share_elec,other_renewables_energy_per_capita,per_capita_electricity,population,primary_energy_consumption,renewables_elec_per_capita,renewables_share_elec,renewables_cons_change_pct,renewables_share_energy,renewables_cons_change_twh,renewables_consumption,renewables_energy_per_capita,solar_share_elec,solar_cons_change_pct,solar_share_energy,solar_cons_change_twh,solar_consumption,solar_elec_per_capita,solar_energy_per_capita,wind_share_elec,wind_cons_change_pct,wind_share_energy,wind_cons_change_twh,wind_consumption,wind_elec_per_capita,wind_energy_per_capita
TUR,Turkey,1900,,,,,,,,,,,,,,,,,,,,,,,,3.176,223.915,,,,,,,,,,,,,,,,,,,,,,,,,,,,,,,,,0.0,0.0,,,,,,,,,,,,,,,,,,,,,,,,,,,,,,,,0.0,0.0,,,,,,,,,,,14185978.0,,,,,,,,,,,,,,,,,,,,,,
TUR,Turkey,1901,-8.333,-0.265,,0.0,,0.0,,,,,,,,,,,,,,,,,,2.912,204.008,,,,,,,,,,,,,,,,,,,,,,,,,,,,,,,,,0.0,0.0,,,,,,,,,,,,,,,,,,,,,,,,,,,,,,,,0.0,0.0,,,,,,,,,,,14272770.0,,,,,,,,,,,,,,,,,,,,,,
TUR,Turkey,1902,10.39,0.303,,0.0,,0.0,,,,,,,,,,,,,,,,,,3.214,223.834,,,,,,,,,,,,,,,,,,,,,,,,,,,,,,,,,0.0,0.0,,,,,,,,,,,,,,,,,,,,,,,,,,,,,,,,0.0,0.0,,,,,,,,,,,14360092.0,,,,,,,,,,,,,,,,,,,,,,
TUR,Turkey,1903,15.059,0.484,,0.0,,0.0,,,,,,,,,,,,,,,,,,3.698,255.974,,,,,,,,,,,,,,,,,,,,,,,,,,,,,,,,,0.0,0.0,,,,,,,,,,,,,,,,,,,,,,,,,,,,,,,,0.0,0.0,,,,,,,,,,,14447949.0,,,,,,,,,,,,,,,,,,,,,,
TUR,Turkey,1904,13.497,0.499,,0.0,,0.0,,,,,,,,,,,,,,,,,,4.197,288.756,,,,,,,,,,,,,,,,,,,,,,,,,,,,,,,,,0.0,0.0,,,,,,,,,,,,,,,,,,,,,,,,,,,,,,,,0.0,0.0,,,,,,,,,,,14536343.0,,,,,,,,,,,,,,,,,,,,,,
TUR,Turkey,1905,12.072,0.507,,0.0,,0.0,,,,,,,,,,,,,,,,,,4.704,321.647,,,,,,,,,,,,,,,,,,,,,,,,,,,,,,,,,0.0,0.0,,,,,,,,,,,,,,,,,,,,,,,,,,,,,,,,0.0,0.0,,,,,,,,,,,14625278.0,,,,,,,,,,,,,,,,,,,,,,
TUR,Turkey,1906,3.055,0.144,,0.0,,0.0,,,,,,,,,,,,,,,,,,4.848,329.457,,,,,,,,,,,,,,,,,,,,,,,,,,,,,,,,,0.0,0.0,,,,,,,,,,,,,,,,,,,,,,,,,,,,,,,,0.0,0.0,,,,,,,,,,,14714757.0,,,,,,,,,,,,,,,,,,,,,,
TUR,Turkey,1907,19.033,0.923,,0.0,,0.0,,,,,,,,,,,,,,,,,,5.771,389.777,,,,,,,,,,,,,,,,,,,,,,,,,,,,,,,,,0.0,0.0,,,,,,,,,,,,,,,,,,,,,,,,,,,,,,,,0.0,0.0,,,,,,,,,,,14804783.0,,,,,,,,,,,,,,,,,,,,,,
TUR,Turkey,1908,-8.519,-0.492,,0.0,,0.0,,,,,,,,,,,,,,,,,,5.279,354.404,,,,,,,,,,,,,,,,,,,,,,,,,,,,,,,,,0.0,0.0,,,,,,,,,,,,,,,,,,,,,,,,,,,,,,,,0.0,0.0,,,,,,,,,,,14895359.0,,,,,,,,,,,,,,,,,,,,,,
TUR,Turkey,1909,13.754,0.726,,0.0,,0.0,,,,,,,,,,,,,,,,,,6.005,401.81,,,,,,,,,,,,,,,,,,,,,,,,,,,,,,,,,0.0,0.0,,,,,,,,,,,,,,,,,,,,,,,,,,,,,,,,0.0,0.0,,,,,,,,,,,14944930.0,,,,,,,,,,,,,,,,,,,,,,
TUR,Turkey,1910,-3.778,-0.227,,0.0,,0.0,,,,,,,,,,,,,,,,,,5.778,386.405,,,,,,,,,,,,,,,,,,,,,,,,,,,,,,,,,0.0,0.0,,,,,,,,,,,,,,,,,,,,,,,,,,,,,,,,0.0,0.0,,,,,,,,,,,14953559.0,,,,,,,,,,,,,,,,,,,,,,
TUR,Turkey,1911,18.325,1.059,,0.0,,0.0,,,,,,,,,,,,,,,,,,6.837,458.2,,,,,,,,,,,,,,,,,,,,,,,,,,,,,,,,,0.0,0.0,,,,,,,,,,,,,,,,,,,,,,,,,,,,,,,,0.0,0.0,,,,,,,,,,,14921307.0,,,,,,,,,,,,,,,,,,,,,,
TUR,Turkey,1912,-10.398,-0.711,,0.0,,0.0,,,,,,,,,,,,,,,,,,6.126,412.576,,,,,,,,,,,,,,,,,,,,,,,,,,,,,,,,,0.0,0.0,,,,,,,,,,,,,,,,,,,,,,,,,,,,,,,,0.0,0.0,,,,,,,,,,,14848236.0,,,,,,,,,,,,,,,,,,,,,,
TUR,Turkey,1913,2.099,0.129,,0.0,,0.0,,,,,,,,,,,,,,,,,,6.255,424.489,,,,,,,,,,,,,,,,,,,,,,,,,22095000000.0,,,,,,,,0.0,0.0,,,,,,,,,,,,,,,,,,,,,,,,,,,,,,,,0.0,0.0,,,,,,,,,,,14734404.0,,,,,,,,,,,,,,,,,,,,,,
TUR,Turkey,1914,-18.38,-1.15,,0.0,,0.0,,,,,,,,,,,,,,,,,,5.105,349.146,,,,,,,,,,,,,,,,,,,,,,,,,,,,,,,,,0.0,0.0,,,,,,,,,,,,,,,,,,,,,,,,,,,,,,,,0.0,0.0,,,,,,,,,,,14621444.0,,,,,,,,,,,,,,,,,,,,,,
TUR,Turkey,1915,-37.778,-1.929,,0.0,,0.0,,,,,,,,,,,,,,,,,,3.176,218.925,,,,,,,,,,,,,,,,,,,,,,,,,,,,,,,,,0.0,0.0,,,,,,,,,,,,,,,,,,,,,,,,,,,,,,,,0.0,0.0,,,,,,,,,,,14509350.0,,,,,,,,,,,,,,,,,,,,,,
TUR,Turkey,1916,-50.476,-1.603,,0.0,,0.0,,,,,,,,,,,,,,,,,,1.573,109.258,,,,,,,,,,,,,,,,,,,,,,,,,,,,,,,,,0.0,0.0,,,,,,,,,,,,,,,,,,,,,,,,,,,,,,,,0.0,0.0,,,,,,,,,,,14398115.0,,,,,,,,,,,,,,,,,,,,,,
TUR,Turkey,1917,-23.558,-0.371,,0.0,,0.0,,,,,,,,,,,,,,,,,,1.203,84.164,,,,,,,,,,,,,,,,,,,,,,,,,,,,,,,,,0.0,0.0,,,,,,,,,,,,,,,,,,,,,,,,,,,,,,,,0.0,0.0,,,,,,,,,,,14287732.0,,,,,,,,,,,,,,,,,,,,,,
TUR,Turkey,1918,16.981,0.204,,0.0,,0.0,,,,,,,,,,,,,,,,,,1.407,99.225,,,,,,,,,,,,,,,,,,,,,,,,,,,,,,,,,0.0,0.0,,,,,,,,,,,,,,,,,,,,,,,,,,,,,,,,0.0,0.0,,,,,,,,,,,14176980.0,,,,,,,,,,,,,,,,,,,,,,
TUR,Turkey,1919,104.839,1.475,,0.0,,0.0,,,,,,,,,,,,,,,,,,2.882,204.229,,,,,,,,,,,,,,,,,,,,,,,,,,,,,,,,,0.0,0.0,,,,,,,,,,,,,,,,,,,,,,,,,,,,,,,,0.0,0.0,,,,,,,,,,,14109179.0,,,,,,,,,,,,,,,,,,,,,,
TUR,Turkey,1920,49.344,1.422,,0.0,,0.0,,,,,,,,,,,,,,,,,,4.303,305.542,,,,,,,,,,,,,,,,,,,,,,,,,,,,,,,,,0.0,0.0,,,,,,,,,,,,,,,,,,,,,,,,,,,,,,,,0.0,0.0,,,,,,,,,,,14084303.0,,,,,,,,,,,,,,,,,,,,,,
TUR,Turkey,1921,-39.895,-1.717,,0.0,,0.0,,,,,,,,,,,,,,,,,,2.587,183.413,,,,,,,,,,,,,,,,,,,,,,,,,,,,,,,,,0.0,0.0,,,,,,,,,,,,,,,,,,,,,,,,,,,,,,,,0.0,0.0,,,,,,,,,,,14102330.0,,,,,,,,,,,,,,,,,,,,,,
TUR,Turkey,1922,20.175,0.522,,0.0,,0.0,,,,,,,,,,,,,,,,,,3.108,219.469,,,,,,,,,,,,,,,,,,,,,,,,,,,,,,,,,0.0,0.0,,,,,,,,,,,,,,,,,,,,,,,,,,,,,,,,0.0,0.0,,,,,,,,,,,14163242.0,,,,,,,,,,,,,,,,,,,,,,
TUR,Turkey,1923,45.255,1.407,,0.0,,0.0,,,,,,,,,,,,,,,,,,4.515,316.472,,,,,,,,,,,,,,,,,,,,,,,,,13863123000.0,,,,,,,,0.0,0.0,,,,,,,,,,,,,,,,,,,,,,,,,,,,,,,,0.0,0.0,,,,,,,,,,,14267020.0,,,,,,,,,,,,,,,,,,,,,,
TUR,Turkey,1924,66.499,3.003,,0.0,,0.0,,,,,,,,,,,,,,,,,,7.518,523.09,,,,,,,,,,,,,,,,,,,,,,,,,15141312000.0,,,,,,,,0.0,0.0,,,,,,,,,,,,,,,,,,,,,,,,,,,,,,,,0.0,0.0,,,,,,,,,,,14371559.0,,,,,,,,,,,,,,,,,,,,,,
TUR,Turkey,1925,-3.353,-0.252,,0.0,,0.0,,,,,,,,,,,,,,,,,,7.266,501.875,,,,,,,,,,,,,,,,,,,,,,,,,16856741000.0,,,,,,,,0.0,0.0,,,,,,,,,,,,,,,,,,,,,,,,,,,,,,,,0.0,0.0,,,,,,,,,,,14476863.0,,,,,,,,,,,,,,,,,,,,,,
TUR,Turkey,1926,26.967,1.959,,0.0,,0.0,,,,,,,,,,,,,,,,,,9.225,632.583,,,,,,,,,,,,,,,,,,,,,,,,,19556682000.0,,,,,,,,0.0,0.0,,,,,,,,,,,,,,,,,,,,,,,,,,,,,,,,0.0,0.0,,,,,,,,,,,14582940.0,,,,,,,,,,,,,,,,,,,,,,
TUR,Turkey,1927,9.03,0.833,,0.0,,0.0,,,,,,,,,,,,,,,,,,10.058,684.687,,,,,,,,,,,,,,,,,,,,,,,,,17784000000.0,,,,,,,,0.0,0.0,,,,,,,,,,,,,,,,,,,,,,,,,,,,,,,,0.0,0.0,,,,,,,,,,,14689793.0,,,,,,,,,,,,,,,,,,,,,,
TUR,Turkey,1928,-5.57,-0.56,,0.0,,0.0,,,,,,,,,,,,,,,,,,9.498,641.849,,,,,,,,,,,,,,,,,,,,,,,,,19701836000.0,,,,,,,,0.0,0.0,,,,,,,,,,,,,,,,,,,,,,,,,,,,,,,,0.0,0.0,,,,,,,,,,,14797430.0,,,,,,,,,,,,,,,,,,,,,,
TUR,Turkey,1929,13.665,1.298,,0.0,,0.0,,,,,,,,,,,,,,,,,,10.796,722.715,,,,,,,,,,,,,,,,,,,,,,,,,22851570000.0,,,,,,,,0.0,0.0,,,,,,,,,,,,,,,,,,,,,,,,,,,,,,,,0.0,0.0,,,,,,,,,,,14937518.0,,,,,,,,,,,,,,,,,,,,,,
TUR,Turkey,1930,12.077,1.304,,0.0,,0.0,,,,,,,,,,,,,,,,,,12.099,800.708,,,,,,,,,,,,,,,,,,,,,,,,,23884800000.0,,,,,,,,0.0,0.0,,,,,,,,,,,,,,,,,,,,,,,,,,,,,,,,0.0,0.0,,,,,,,,,,,15110862.0,,,,,,,,,,,,,,,,,,,,,,
TUR,Turkey,1931,-1.346,-0.163,,0.0,,0.0,,,,,,,,,,,,,,,,,,11.937,779.234,,,,,,,,,,,,,,,,,,,,,,,,,25325406000.0,,,,,,,,0.0,0.0,,,,,,,,,,,,,,,,,,,,,,,,,,,,,,,,0.0,0.0,,,,,,,,,,,15318282.0,,,,,,,,,,,,,,,,,,,,,,
TUR,Turkey,1932,1.471,0.176,,0.0,,0.0,,,,,,,,,,,,,,,,,,12.112,778.379,,,,,,,,,,,,,,,,,,,,,,,,,23783802000.0,,,,,,,,0.0,0.0,,,,,,,,,,,,,,,,,,,,,,,,,,,,,,,,0.0,0.0,,,,,,,,,,,15560613.0,,,,,,,,,,,,,,,,,,,,,,
TUR,Turkey,1933,16.644,2.016,,0.0,,0.0,,,,,,,,,,,,,,,,,,14.128,891.995,,,,,,,,,,,,,,,,,,,,,,,,,26900444000.0,,,,,,,,0.0,0.0,,,,,,,,,,,,,,,,,,,,,,,,,,,,,,,,0.0,0.0,,,,,,,,,,,15838708.0,,,,,,,,,,,,,,,,,,,,,,
TUR,Turkey,1934,23.913,3.378,,0.0,,0.0,,,,,,,,,,,,,,,,,,17.506,1085.888,,,,,,,,,,,,,,,,,,,,,,,,,27533286000.0,,,,,,,,0.0,0.0,,,,,,,,,,,,,,,,,,,,,,,,,,,,,,,,0.0,0.0,,,,,,,,,,,16121772.0,,,,,,,,,,,,,,,,,,,,,,
TUR,Turkey,1935,2.778,0.486,,0.0,,0.0,,,,,,,,,,,,,,,,,,17.993,1096.459,,,,,,,,,,,,,,,,,,,,,,,,,28098762000.0,,,,,,,,0.0,0.0,,,,,,,,,,,,,,,,,,,,,,,,,,,,,,,,0.0,0.0,,,,,,,,,,,16409896.0,,,,,,,,,,,,,,,,,,,,,,
TUR,Turkey,1936,-1.229,-0.221,,0.0,,0.0,,,,,,,,,,,,,,,,,,17.772,1063.972,,,,,,,,,,,,,,,,,,,,,,,,,33426756000.0,,,,,,,,0.0,0.0,,,,,,,,,,,,,,,,,,,,,,,,,,,,,,,,0.0,0.0,,,,,,,,,,,16703169.0,,,,,,,,,,,,,,,,,,,,,,
TUR,Turkey,1937,0.819,0.145,,0.0,,0.0,,,,,,,,,,,,,,,,,,17.917,1053.847,,,,,,,,,,,,,,,,,,,,,,,,,34553850000.0,,,,,,,,0.0,0.0,,,,,,,,,,,,,,,,,,,,,,,,,,,,,,,,0.0,0.0,,,,,,,,,,,17001683.0,,,,,,,,,,,,,,,,,,,,,,
TUR,Turkey,1938,12.581,2.254,,0.0,,0.0,,,,,,,,,,,,,,,,,,20.171,1165.6,,,,,,,,,,,,,,,,,,,,,,,,,37588344000.0,,,,,,,,0.0,0.0,,,,,,,,,,,,,,,,,,,,,,,,,,,,,,,,0.0,0.0,,,,,,,,,,,17305532.0,,,,,,,,,,,,,,,,,,,,,,
TUR,Turkey,1939,2.929,0.591,,0.0,,0.0,,,,,,,,,,,,,,,,,,20.762,1178.848,,,,,,,,,,,,,,,,,,,,,,,,,40709508000.0,,,,,,,,0.0,0.0,,,,,,,,,,,,,,,,,,,,,,,,,,,,,,,,0.0,0.0,,,,,,,,,,,17612179.0,,,,,,,,,,,,,,,,,,,,,,
TUR,Turkey,1940,12.877,2.673,,0.0,,0.0,,,,,,,,,,,,,,,,,,23.436,1307.668,,,,,,,,,,,,,,,,,,,,,,,,,38243866000.0,,,,,,,,0.0,0.0,,,,,,,,,,,,,,,,,,,,,,,,,,,,,,,,0.0,0.0,,,,,,,,,,,17921628.0,,,,,,,,,,,,,,,,,,,,,,
TUR,Turkey,1941,0.516,0.121,,0.0,,0.0,,,,,,,,,,,,,,,,,,23.556,1291.903,,,,,,,,,,,,,,,,,,,,,,,,,34797252000.0,,,,,,,,0.0,0.0,,,,,,,,,,,,,,,,,,,,,,,,,,,,,,,,0.0,0.0,,,,,,,,,,,18233883.0,,,,,,,,,,,,,,,,,,,,,,
TUR,Turkey,1942,-14.845,-3.497,,0.0,,0.0,,,,,,,,,,,,,,,,,,20.059,1081.429,,,,,,,,,,,,,,,,,,,,,,,,,36296782000.0,,,,,,,,0.0,0.0,,,,,,,,,,,,,,,,,,,,,,,,,,,,,,,,0.0,0.0,,,,,,,,,,,18548948.0,,,,,,,,,,,,,,,,,,,,,,
TUR,Turkey,1943,27.839,5.584,,0.0,,0.0,,,,,,,,,,,,,,,,,,25.644,1359.2,,,,,,,,,,,,,,,,,,,,,,,,,32965632000.0,,,,,,,,0.0,0.0,,,,,,,,,,,,,,,,,,,,,,,,,,,,,,,,0.0,0.0,,,,,,,,,,,18866826.0,,,,,,,,,,,,,,,,,,,,,,
TUR,Turkey,1944,13.387,3.433,,0.0,,0.0,,,,,,,,,,,,,,,,,,29.077,1515.193,,,,,,,,,,,,,,,,,,,,,,,,,31532032000.0,,,,,,,,0.0,0.0,,,,,,,,,,,,,,,,,,,,,,,,,,,,,,,,0.0,0.0,,,,,,,,,,,19190151.0,,,,,,,,,,,,,,,,,,,,,,
TUR,Turkey,1945,4.036,1.174,,0.0,,0.0,,,,,,,,,,,,,,,,,,30.25,1549.793,,,,,,,,,,,,,,,,,,,,,,,,,27283080000.0,,,,,,,,0.0,0.0,,,,,,,,,,,,,,,,,,,,,,,,,,,,,,,,0.0,0.0,,,,,,,,,,,19519018.0,,,,,,,,,,,,,,,,,,,,,,
TUR,Turkey,1946,1.919,0.581,,0.0,,0.0,,,,,,,,,,,,,,,,,,30.831,1552.923,,,,,,,,,,,,,,,,,,,,,,,,,35219285000.0,,,,,,,,0.0,0.0,,,,,,,,,,,,,,,,,,,,,,,,,,,,,,,,0.0,0.0,,,,,,,,,,,19853520.0,,,,,,,,,,,,,,,,,,,,,,
TUR,Turkey,1947,4.724,1.456,,0.0,,0.012,,,,,,,,,,,,,,,,,,32.287,1598.881,,,,,,,,,,,,,,,,,,,,,,,,,37214100000.0,,,,,,,,0.0,0.0,,,,,,,,,,,,,,,,,,,,,,,,,,,,,,,,0.012,0.576,,,,,,,,,,,20193755.0,,,,,,,,,,,,,,,,,,,,,,
TUR,Turkey,1948,2.756,0.89,,0.0,200.0,0.023,,,,,,,,,,,,,,,,,,33.177,1615.266,,,,,,,,,,,,,,,,,,,,,,,,,42287288000.0,,,,,,,,0.0,0.0,,,,,,,,,,,,,,,,,,,,,,,,,,,,,,,,0.035,1.699,,,,,,,,,,,20539820.0,,,,,,,,,,,,,,,,,,,,,,
TUR,Turkey,1949,5.07,1.682,,0.0,300.0,0.105,,,,,,,,,,,,,,,,,,34.859,1664.425,,,,,,,,,,,,,,,,,,,,,,,,,40153764000.0,,,,,,,,0.0,0.0,,,,,,,,,,,,,,,,,,,,,,,,,,,,,,,,0.14,6.664,,,,,,,,,,,20943860.0,,,,,,,,,,,,,,,,,,,,,,
TUR,Turkey,1950,3.285,1.145,,0.0,41.667,0.058,,,,,,,,,,,,,,,,,,36.005,1681.8,,,,,,,,,,,,,,,,,,,,,,,,,43911887481.0,,,,,,,,0.0,0.0,,,,,,,,,,,,,,,,,,,,,,,,,,,,,,,,0.198,9.235,,,,,,,,,,,21408398.0,,,,,,,,,,,,,,,,,,,,,,
TUR,Turkey,1951,7.796,2.807,,0.0,11.765,0.023,,,,,,,,,,,,,,,,,,38.812,1768.084,,,,,,,,,,,,,,,,,,,,,,,,,49817798866.0,,,,,,,,0.0,0.0,,,,,,,,,,,,,,,,,,,,,,,,,,,,,,,,0.221,10.066,,,,,,,,,,,21951204.0,,,,,,,,,,,,,,,,,,,,,,
TUR,Turkey,1952,2.406,0.934,,0.0,15.789,0.035,,,,,,,,,,,,,,,,,,39.746,1765.765,,,,,,,,,,,,,,,,,,,,,,,,,56078377394.0,,,,,,,,0.0,0.0,,,,,,,,,,,,,,,,,,,,,,,,,,,,,,,,0.256,11.367,,,,,,,,,,,22508952.0,,,,,,,,,,,,,,,,,,,,,,
TUR,Turkey,1953,17.177,6.827,,0.0,22.727,0.058,,,,,,,,,,,,,,,,,,46.573,2017.737,,,,,,,,,,,,,,,,,,,,,,,,,62669766420.0,,,,,,,,0.0,0.0,,,,,,,,,,,,,,,,,,,,,,,,,,,,,,,,0.314,13.604,,,,,,,,,,,23081588.0,,,,,,,,,,,,,,,,,,,,,,
TUR,Turkey,1954,-78.979,-36.783,,0.0,114.815,0.361,,,,,,,,,,,,,,,,,,9.79,413.622,,,,,,,,,,,,,,,,,,,,,,,,,61217098553.0,,,,,,,,0.0,0.0,,,,,,,,,,,,,,,,,,,,,,,,,,,,,,,,0.675,28.499,,,,,,,,,,,23668910.0,,,,,,,,,,,,,,,,,,,,,,
TUR,Turkey,1955,374.528,36.666,,0.0,208.621,1.407,,,,,,,,,,,,,,,,,,46.456,1914.092,,,,,,,,,,,,,,,,,,,,,,,,,66494148534.0,,,,,,,,0.0,0.0,,,,,,,,,,,,,,,,,,,,,,,,,,,,,,,,2.082,85.773,,,,,,,,,,,24270600.0,,,,,,,,,,,,,,,,,,,,,,
TUR,Turkey,1956,7.326,3.403,,0.0,70.95,1.477,,,,,,,,,,,,,,,,,,49.86,2003.51,,,,,,,,,,,,,,,,,,,,,,,,,69084525915.0,,,,,,,,0.0,0.0,,,,,,,,,,,,,,,,,,,,,,,,,,,,,,,,3.559,143.003,,,,,,,,,,,24886126.0,,,,,,,,,,,,,,,,,,,,,,
TUR,Turkey,1957,10.528,5.249,,0.0,-2.614,-0.093,,,,,,,,,,,,,,,,,,55.109,2159.879,,,,,,,,,,,,,,,,,,,,,,,,,74959141880.0,,,,,,,,0.0,0.0,,,,,,,,,,,,,,,,,,,,,,,,,,,,,,,,3.466,135.833,,,,,,,,,,,25514824.0,,,,,,,,,,,,,,,,,,,,,,
TUR,Turkey,1958,4.951,2.728,,0.0,10.403,0.361,,,,,,,,,,,,,,,,,,57.837,2211.252,,,,,,,,,,,,,,,,,,,,,,,,,78801428262.0,,,,,,,,0.0,0.0,,,,,,,,,,,,,,,,,,,,,,,,,,,,,,,,3.826,146.287,,,,,,,,,,,26155928.0,,,,,,,,,,,,,,,,,,,,,,
TUR,Turkey,1959,-0.888,-0.513,,0.0,18.541,0.709,,,,,,,,,,,,,,,,,,57.324,2138.263,,,,,,,,,,,,,,,,,,,,,,,,,82888107330.0,,,,,,,,0.0,0.0,,,,,,,,,,,,,,,,,,,,,,,,,,,,,,,,4.536,169.188,,,,,,,,,,,26808632.0,,,,,,,,,,,,,,,,,,,,,,
TUR,Turkey,1960,-3.155,-1.809,,0.0,-3.846,-0.174,,,,,,,,,,,,,,,,,,55.515,2020.762,,,,,,,,,,,,,,,,,,,,,,,,,85808268002.0,,,,,,,,0.0,0.0,,,,,,,,,,,,,,,,,,,,,,,,,,,,,,,,4.361,158.751,,,,,,,,,,,27472340.0,,,,,,,,,,,,,,,,,,,,,,
TUR,Turkey,1961,-1.37,-0.761,,0.0,17.867,0.779,,,,,,,,,,,,,,,,,,54.754,1945.304,,,,,,,,,,,,,,,,,,,,,,,,,87728587472.0,,,,,,,,0.0,0.0,,,,,,,,,,,,,,,,,,,,,,,,,,,,,,,,5.14,182.63,,,,,,,,,,,28146908.0,,,,,,,,,,,,,,,,,,,,,,
TUR,Turkey,1962,4.406,2.413,,0.0,34.615,1.779,,,,,,,,,,,,,,,,,,57.167,1982.7,,,,,,,,,,,,,,,,,,,,,,,,,93596079690.0,,,,,,,,0.0,0.0,,,,,,,,,,,,,,,,,,,,,,,,,,,,,,,,6.92,239.999,,,,,,,,,,,28832830.0,,,,,,,,,,,,,,,,,,,,,,
TUR,Turkey,1963,8.151,4.66,,0.0,25.378,1.756,,,,,,,,,,,,,,,,,,61.827,2093.598,,,,,,,,,,,,,,,,,,,,,,,,,102938111654.0,,,,,,,,0.0,0.0,,,,,,,,,,,,,,,,,,,,,,,,,,,,,,,,8.676,293.789,,,,,,,,,,,29531362.0,,,,,,,,,,,,,,,,,,,,,,
TUR,Turkey,1964,7.037,4.35,,0.0,23.458,2.035,,,,,,,,,,,,,,,,,,66.177,2188.093,,,,,,,,,,,,,,,,,,,,,,,,,107828077533.0,,,,,,,,0.0,0.0,,,,,,,,,,,,,,,,,,,,,,,,,,,,,,,,10.711,354.158,,,,,,,,,,,30244258.0,,,,,,,,,,,,,,,,,,,,,,
TUR,Turkey,1965,-0.867,-0.574,,0.0,66.45,7.118,,,,,,,,,,,,,46.903,,42.682,,1378.043,65.603,2118.078,,,,,,2.179,0.0,,,0.1,2.279,0.0,0.0,,,0.818,2938.088,,93.043,,84.671,2733.701,,,111220449358.0,,,0.0,,0.0,,0.0,0.0,0.0,,,6.651,,6.053,70.352,195.421,,2.279,73.58,,6.957,,6.331,204.39,,,,,0.0,,0.0,0.0,0.0,,,46.141,,41.989,,1355.658,17.829,575.624,,3.229,,0.305,,0.278,,,8.968,,30972996.0,91.001,73.58,,,6.957,,6.331,204.39,,,0.0,,0.0,0.0,0.0,,,0.0,,0.0,0.0,0.0
TUR,Turkey,1966,7.059,4.631,,0.0,33.138,5.908,14.775,13.445,,,,,,,,,,11.281,45.475,4.815,47.497,,1497.5,70.234,2214.363,,,,,,2.338,0.0,,,0.122,2.46,0.0,0.0,,,0.836,3293.028,15.285,93.457,12.942,97.613,3077.579,,,124959746592.0,,,0.0,0.0,0.0,,0.0,0.0,0.0,,7.302,6.218,0.442,6.495,73.716,204.768,,2.46,77.563,7.946,6.543,0.503,6.834,215.453,,,,,0.0,0.0,0.0,0.0,0.0,,19.356,47.983,8.127,50.116,,1580.079,23.737,748.383,,3.846,22.0,0.324,0.061,0.339,,,10.685,,31717504.0,104.447,77.563,,7.946,6.543,0.503,6.834,215.453,,,0.0,0.0,0.0,0.0,0.0,,,0.0,0.0,0.0,0.0,0.0
TUR,Turkey,1967,0.027,0.019,,0.0,34.836,8.269,3.445,3.598,,,,,,,,,,-11.361,38.966,-5.396,42.101,,1296.282,70.253,2163.088,,,,,,2.382,0.0,,,0.173,2.555,0.0,0.0,,,0.823,3326.716,3.417,93.432,3.335,100.948,3108.212,,,131273064493.0,,,0.0,0.0,0.0,,0.0,0.0,0.0,,1.869,6.123,0.121,6.616,73.336,203.711,,2.555,78.662,3.849,6.568,0.263,7.097,218.507,,,,,0.0,0.0,0.0,0.0,0.0,,17.423,54.466,8.732,58.848,,1811.93,32.006,985.461,,5.327,41.803,0.445,0.142,0.481,,,14.796,,32477994.0,108.045,78.662,,3.849,6.568,0.263,7.097,218.507,,,0.0,0.0,0.0,0.0,0.0,,,0.0,0.0,0.0,0.0,0.0
TUR,Turkey,1968,4.435,3.116,,0.0,12.791,4.094,16.418,17.738,,,,,,,,,,8.702,36.383,3.663,45.764,,1376.096,73.368,2206.139,,,,,,3.175,0.0,,,0.179,3.354,0.0,0.0,,,0.893,3782.227,15.373,92.594,15.519,116.467,3502.1,,,140827136598.0,,,0.0,0.0,0.0,,0.0,0.0,0.0,,33.294,7.011,2.203,8.819,95.464,265.178,,3.354,100.847,31.274,7.406,2.219,9.316,280.13,,,,,0.0,0.0,0.0,0.0,0.0,,20.146,56.21,11.856,70.703,,2126.004,36.1,1085.49,,5.382,3.468,0.395,0.017,0.497,,,14.951,,33256464.0,125.783,100.847,,31.274,7.406,2.219,9.316,280.13,,,0.0,0.0,0.0,0.0,0.0,,,0.0,0.0,0.0,0.0,0.0
TUR,Turkey,1969,3.833,2.813,,0.0,16.72,6.036,9.184,11.552,,,,,,,,,,6.226,35.397,2.849,48.613,,1427.481,76.181,2236.972,,,,,,3.445,0.0,,,0.178,3.623,0.0,0.0,,,0.921,4032.716,9.277,92.672,10.805,127.272,3737.212,,,149141528105.0,,,0.0,0.0,0.0,,0.0,0.0,0.0,,8.508,6.968,0.75,9.569,101.156,280.989,,3.623,106.383,8.024,7.328,0.748,10.064,295.507,,,,,0.0,0.0,0.0,0.0,0.0,,11.252,57.275,7.955,78.659,,2309.731,42.136,1237.264,,5.227,-0.559,0.36,-0.003,0.494,,,14.519,,34055392.0,137.336,106.383,,8.024,7.328,0.748,10.064,295.507,,,0.0,0.0,0.0,0.0,0.0,,,0.0,0.0,0.0,0.0,0.0
TUR,Turkey,1970,-0.905,-0.689,,0.0,-2.236,-0.942,6.36,8.735,,,,,,,,,,10.766,36.864,5.234,53.847,,1543.941,75.492,2164.557,,,,,,3.033,0.0,,,0.166,3.199,0.0,0.0,,,0.929,4188.247,7.789,93.917,9.913,137.185,3933.477,,,157265364036.0,,,0.0,0.0,0.0,,0.0,0.0,0.0,,-11.963,5.767,-1.145,8.424,86.959,241.552,,3.199,91.718,-11.706,6.083,-1.178,8.886,254.774,,,,,0.0,0.0,0.0,0.0,0.0,,5.949,57.053,4.679,83.338,,2389.536,41.193,1181.132,,4.76,-6.742,0.316,-0.033,0.461,,,13.221,,34876296.0,146.071,91.718,,-11.706,6.083,-1.178,8.886,254.774,,,0.0,0.0,0.0,0.0,0.0,,,0.0,0.0,0.0,0.0,0.0
TUR,Turkey,1971,1.295,0.978,,0.148,-2.541,-1.047,10.802,15.778,,,,,,,,,,2.808,34.204,1.512,55.359,,1549.774,76.47,2140.772,,,,,,2.61,0.0,,,0.162,2.772,0.0,0.0,,,0.938,4530.961,12.365,95.242,16.963,154.148,4315.387,,,172474530260.0,,,0.0,0.0,0.0,,0.0,0.148,4.153,,-13.934,4.48,-1.174,7.251,73.073,202.98,,2.772,77.608,-13.336,4.758,-1.185,7.701,215.578,,,,,0.0,0.0,0.0,0.0,0.0,,18.54,61.038,15.451,98.789,,2765.614,40.147,1123.911,,4.535,-2.41,0.278,-0.011,0.45,,,12.598,,35720600.0,161.849,77.608,,-13.336,4.758,-1.185,7.701,215.578,,,0.0,0.0,0.0,0.0,0.0,,,0.0,0.0,0.0,0.0,0.0
TUR,Turkey,1972,2.571,1.966,0.0,0.0,-1.854,-0.744,11.696,18.93,,,,,,,,,,7.311,32.861,4.047,59.406,,1623.682,78.436,2143.797,,,,,,3.204,0.0,,,0.175,3.379,0.0,0.0,,,0.978,4941.04,11.187,94.808,17.244,171.393,4684.488,,,184802765337.0,,,0.0,0.0,0.0,,0.0,0.148,4.055,,22.757,4.923,1.65,8.901,87.577,243.269,,3.379,92.36,21.896,5.192,1.686,9.387,256.556,,,,,0.0,0.0,0.0,0.0,0.0,,13.359,61.947,13.197,111.986,,3060.806,39.402,1076.945,,4.783,8.025,0.269,0.036,0.486,,,13.286,,36587264.0,180.779,92.36,,21.896,5.192,1.686,9.387,256.556,,,0.0,0.0,0.0,0.0,0.0,,,0.0,0.0,0.0,0.0,0.0
TUR,Turkey,1973,5.183,4.065,0.0,0.0,3.63,1.43,13.428,24.275,,,,,,,,,,2.212,29.612,1.314,60.72,,1620.403,82.501,2201.655,,,,,,2.603,0.0,,,0.197,2.8,0.0,0.0,,,1.055,5472.16,15.102,96.206,25.883,197.276,5264.574,,,194442382100.0,,,0.0,0.0,0.0,,0.0,0.148,3.959,,-18.75,3.527,-1.669,7.232,69.475,192.987,,2.8,74.732,-17.128,3.794,-1.608,7.779,207.59,,,,,0.0,0.0,0.0,0.0,0.0,,21.939,66.595,24.569,136.555,,3644.171,40.833,1089.683,,5.257,12.571,0.267,0.061,0.547,,,14.603,,37472328.0,205.055,74.732,,-17.128,3.794,-1.608,7.779,207.59,,,0.0,0.0,0.0,0.0,0.0,,,0.0,0.0,0.0,0.0,0.0
TUR,Turkey,1974,9.435,7.784,0.0,0.0,-5.753,-2.349,1.919,3.935,,,,,,,,,,9.06,31.686,5.501,66.221,,1725.848,90.286,2353.006,,,,,,3.356,0.0,,,0.207,3.563,0.0,0.0,,,0.988,5446.644,0.921,95.265,1.817,199.093,5188.723,,,211512794585.0,,,0.0,0.0,0.0,,0.0,0.148,3.866,,28.901,4.46,2.09,9.322,87.458,242.94,,3.563,92.853,27.225,4.735,2.118,9.897,257.926,,,,,0.0,0.0,0.0,0.0,0.0,,-2.698,63.578,-3.684,132.871,,3462.875,38.484,1002.956,,5.395,5.076,0.275,0.028,0.575,,,14.986,,38370276.0,208.989,92.853,,27.225,4.735,2.118,9.897,257.926,,,0.0,0.0,0.0,0.0,0.0,,,0.0,0.0,0.0,0.0,0.0
TUR,Turkey,1975,1.084,0.979,0.0,0.0,-6.467,-2.489,11.267,23.548,,,,,,,,,,3.846,29.573,2.547,68.768,,1750.842,91.265,2323.599,,,,,,5.904,0.0,,,0.22,6.124,0.0,0.0,,,1.003,5920.396,8.255,92.685,16.434,215.527,5487.325,,,231789914762.0,,,0.0,0.0,0.0,,0.0,0.148,3.777,,75.922,7.052,7.077,16.399,150.306,417.517,,6.124,155.907,71.876,7.315,7.113,17.01,433.075,,,,,0.0,0.0,0.0,0.0,0.0,,10.452,63.112,13.887,146.759,,3736.483,35.995,916.431,,5.601,6.28,0.263,0.036,0.611,,,15.559,,39277248.0,232.537,155.907,,71.876,7.315,7.113,17.01,433.075,,,0.0,0.0,0.0,0.0,0.0,,,0.0,0.0,0.0,0.0,0.0
TUR,Turkey,1976,3.368,3.074,50.0,0.074,-16.155,-5.815,12.51,29.09,,,,,,,,,,4.904,27.574,3.373,72.141,,1795.017,94.338,2347.337,,,,,,8.375,0.0,,,0.161,8.536,0.0,0.0,,,1.032,6509.832,10.388,90.937,22.39,237.917,5919.869,,,253392361950.0,,,0.0,0.0,0.0,,0.0,0.223,5.537,,41.859,8.892,6.864,23.263,208.382,578.841,,8.536,212.388,39.392,9.063,6.701,23.711,589.968,,,,,0.0,0.0,0.0,0.0,0.0,,12.958,63.363,19.017,165.776,,4124.852,30.18,750.938,,4.006,-26.818,0.171,-0.164,0.447,,,11.128,,40189564.0,261.627,212.388,,39.392,9.063,6.701,23.711,589.968,,,0.0,0.0,0.0,0.0,0.0,,,0.0,0.0,0.0,0.0,0.0
TUR,Turkey,1977,-1.843,-1.738,4.762,0.011,0.347,0.105,9.491,24.83,,,,,,,,,,3.031,25.947,2.186,74.327,,1808.088,92.6,2252.593,,,,,,8.572,0.0,,,0.218,8.79,0.0,0.0,,,1.078,6968.353,10.139,91.476,24.123,262.04,6374.378,,,265743921982.0,,,0.0,0.0,0.0,,0.0,0.233,5.671,,2.358,8.313,0.549,23.812,208.53,579.25,,8.79,213.833,2.982,8.524,0.707,24.418,593.98,,,,,0.0,0.0,0.0,0.0,0.0,,13.233,65.529,21.936,187.712,,4566.291,30.285,736.702,,5.303,35.404,0.211,0.158,0.606,,,14.731,,41108288.0,286.457,213.833,,2.982,8.524,0.707,24.418,593.98,,,0.0,0.0,0.0,0.0,0.0,,,0.0,0.0,0.0,0.0,0.0
TUR,Turkey,1978,3.378,3.128,0.0,0.0,4.877,1.477,5.703,16.337,,,,,,,,,,1.455,24.904,1.082,75.409,,1793.744,95.729,2277.085,,,,,,9.335,0.0,,,0.137,9.472,0.0,0.0,,,1.102,7202.525,5.512,91.311,14.444,276.484,6576.684,,,274794554550.0,,,0.0,0.0,0.0,,0.0,0.233,5.545,,8.895,8.564,2.118,25.93,222.046,616.794,,9.472,225.305,7.753,8.689,1.893,26.311,625.846,,,,,0.0,0.0,0.0,0.0,0.0,,7.119,66.406,13.362,201.075,,4782.94,31.762,755.508,,3.259,-37.156,0.126,-0.225,0.381,,,9.052,,42039984.0,302.794,225.305,,7.753,8.689,1.893,26.311,625.846,,,0.0,0.0,0.0,0.0,0.0,,,0.0,0.0,0.0,0.0,0.0
TUR,Turkey,1979,20.075,19.218,54.545,0.127,3.369,1.07,-5.758,-17.436,,,,,,,,,,2.483,27.082,1.872,77.281,,1797.491,114.946,2673.537,,,,,,10.289,0.0,,,0.145,10.434,0.0,0.0,,,1.041,6637.15,-7.273,89.843,-20.109,256.375,5963.037,,,274002532452.0,,,0.0,0.0,0.0,,0.0,0.36,8.38,,10.221,10.016,2.65,28.58,239.31,664.75,,10.434,242.682,10.158,10.157,2.673,28.983,674.118,,,,,0.0,0.0,0.0,0.0,0.0,,-10.932,62.761,-21.981,179.094,,4165.546,32.832,763.629,,3.373,5.839,0.141,0.022,0.403,,,9.368,,42994044.0,285.358,242.682,,10.158,10.157,2.673,28.983,674.118,,,0.0,0.0,0.0,0.0,0.0,,,0.0,0.0,0.0,0.0,0.0
TUR,Turkey,1980,-57.637,-66.251,-100.0,-0.36,-10.109,-3.319,3.872,11.05,,,,,,,,,,5.854,27.599,4.524,81.805,,1860.231,48.695,1107.311,,,,,,11.348,0.0,,,0.136,11.484,0.0,0.0,,,1.084,6740.218,3.172,89.238,8.132,264.507,6014.814,,,273441196110.0,,,0.0,0.0,0.0,,0.0,0.0,0.0,,10.296,10.635,2.943,31.523,258.055,716.819,,11.484,261.147,10.066,10.762,2.918,31.901,725.409,,,,,0.0,0.0,0.0,0.0,0.0,,2.015,61.639,3.608,182.702,,4154.583,29.513,671.108,,3.093,-6.207,0.127,-0.025,0.378,,,8.591,,43975972.0,296.408,261.147,,10.066,10.762,2.918,31.901,725.409,,,0.0,0.0,0.0,0.0,0.0,,,0.0,0.0,0.0,0.0,0.0
TUR,Turkey,1981,65.583,31.936,,0.0,-0.273,-0.081,0.835,2.475,,,,,,,,,,2.076,27.939,1.698,83.503,,1856.111,80.631,1792.257,,,,,,12.616,0.0,,,0.11,12.726,0.0,0.0,,,1.042,6643.553,-0.368,88.173,-0.974,263.533,5857.794,,,286816304034.0,,,0.0,0.0,0.0,,0.0,0.0,0.0,,11.173,11.725,3.522,35.045,280.43,778.973,,12.726,282.875,10.814,11.827,3.45,35.35,785.765,,,,,0.0,0.0,0.0,0.0,0.0,,-1.463,60.234,-2.672,180.029,,4001.683,29.432,654.213,,2.445,-19.118,0.102,-0.072,0.306,,,6.792,,44988412.0,298.883,282.875,,10.814,11.827,3.45,35.35,785.765,,,0.0,0.0,0.0,0.0,0.0,,,0.0,0.0,0.0,0.0,0.0
TUR,Turkey,1982,7.703,6.211,,0.302,8.696,2.559,9.12,27.26,,,,,,,,,,12.298,28.752,10.269,93.773,,2037.413,86.842,1886.83,,,,,,14.167,0.0,,,0.0,14.167,0.0,0.0,,,1.077,7086.138,8.825,87.934,23.258,286.791,6231.138,,,302868958104.0,,,0.104,0.34,0.34,,7.385,0.302,6.552,,12.291,12.066,4.307,39.352,307.802,855.005,,14.167,307.802,11.32,12.066,4.002,39.352,855.005,,,,,0.0,0.0,0.0,0.0,0.0,,7.026,59.078,12.649,192.678,,4186.34,31.991,695.079,,0.0,-100.0,0.0,-0.306,0.0,,,0.0,,46025412.0,326.142,307.802,,11.32,12.066,4.002,39.352,855.005,,,0.0,0.0,0.0,0.0,0.0,,,0.0,0.0,0.0,0.0,0.0
TUR,Turkey,1983,5.255,4.564,150.0,0.452,-12.0,-3.839,3.537,11.537,,,,,,,,,,10.033,30.556,9.409,103.181,,2191.924,91.406,1941.77,,,,,,11.343,0.0,,,0.0,11.343,0.0,0.0,,,1.069,7173.461,6.758,90.669,19.382,306.172,6504.14,,,315758769669.0,,9.859,0.111,0.034,0.373,,7.933,0.754,16.015,,-19.934,9.331,-7.844,31.508,240.957,669.327,,11.343,240.957,-19.934,9.331,-7.844,31.508,669.327,,,,,0.0,0.0,0.0,0.0,0.0,,5.159,60.003,9.94,202.617,,4304.284,28.152,598.051,,0.0,,0.0,0.0,0.0,,,0.0,,47073468.0,337.68,240.957,,-19.934,9.331,-7.844,31.508,669.327,,,0.0,0.0,0.0,0.0,0.0,,,0.0,0.0,0.0,0.0,0.0
TUR,Turkey,1984,12.101,11.061,-44.0,-0.332,-6.563,-1.848,5.217,17.617,,,,,,,,,,12.365,32.632,12.758,115.939,,2409.677,102.467,2129.656,,,,,,13.426,0.0,,,0.022,13.448,0.0,0.0,,,1.058,7384.447,3.843,89.486,11.768,317.94,6608.035,,,335720502112.0,,-2.564,0.102,-0.01,0.364,,7.562,0.422,8.774,,18.37,10.497,5.788,37.295,279.051,775.142,,13.448,279.51,18.564,10.514,5.849,37.357,776.418,,,,,0.0,0.0,0.0,0.0,0.0,,-0.484,56.752,-0.981,201.636,,4190.796,26.305,546.715,,0.459,,0.017,0.061,0.061,,,1.276,,48114156.0,355.296,279.51,,18.564,10.514,5.849,37.357,776.418,,,0.0,0.0,0.0,0.0,0.0,,,0.0,0.0,0.0,0.0,0.0
TUR,Turkey,1985,20.715,21.226,42.857,0.181,-0.273,-0.072,8.06,28.637,,,,,,,,,43.917,19.701,36.147,22.841,138.781,305.854,2824.543,123.692,2517.449,,,15.028,22.168,0.058,12.045,0.0,7.082,,0.006,12.051,0.0,0.0,34.219,,1.082,7814.023,10.228,91.281,32.519,350.459,7132.733,451.175,64.783,354837216454.0,0.17,28.947,0.122,0.105,0.469,1.185,9.549,0.603,12.274,35.2,-10.289,8.715,-3.837,33.458,245.144,680.957,35.217,12.051,245.266,-10.392,8.719,-3.882,33.475,681.296,,,0.0,,0.0,0.0,0.0,0.0,0.0,20.696,4.747,55.012,9.572,211.209,144.137,4298.641,26.233,533.905,,0.122,-72.851,0.004,-0.045,0.017,,0.018,0.339,696.441,49133928.0,383.934,245.266,35.217,-10.392,8.719,-3.882,33.475,681.296,0.0,,0.0,0.0,0.0,0.0,0.0,0.0,,0.0,0.0,0.0,0.0,0.0
TUR,Turkey,1986,6.816,8.431,700.778,4.226,12.195,3.199,9.022,34.639,,,,,,,,,48.967,10.048,36.487,13.944,152.725,387.749,3046.673,132.123,2635.683,,,19.437,27.779,1.341,11.873,0.0,7.001,,0.044,11.916,0.0,0.0,39.695,,1.097,8349.984,9.991,92.092,35.013,385.472,7689.676,554.147,69.98,381728503497.0,3.378,753.061,0.956,3.533,4.002,26.745,79.842,4.829,96.34,29.91,-1.43,7.879,-0.479,32.979,236.843,657.898,30.02,11.916,237.713,-1.118,7.908,-0.374,33.101,660.314,,,0.0,,0.0,0.0,0.0,0.0,0.0,17.636,8.302,54.649,17.536,228.744,139.653,4563.162,29.432,587.13,,0.87,626.667,0.029,0.104,0.121,,0.11,2.416,791.86,50128548.0,418.573,237.713,30.02,-1.118,7.908,-0.374,33.101,660.314,0.0,,0.0,0.0,0.0,0.0,0.0,0.0,,0.0,0.0,0.0,0.0,0.0
TUR,Turkey,1987,7.47,9.869,-37.5,-1.811,10.87,3.199,13.78,57.681,,,,,,,,,39.802,5.574,33.856,8.513,161.238,345.463,3155.294,141.992,2778.657,,,17.654,25.677,2.528,18.618,0.0,5.496,,0.058,18.676,0.0,0.0,44.353,,1.141,9319.861,10.093,89.107,38.905,424.377,8304.682,502.48,57.893,417316008270.0,5.7,24.88,1.049,0.996,4.998,49.473,97.809,3.018,59.067,41.977,56.813,10.859,18.737,51.716,364.334,1012.039,42.107,18.676,365.467,56.725,10.893,18.776,51.877,1015.187,,,0.0,,0.0,0.0,0.0,0.0,0.0,12.391,12.851,54.202,29.396,258.14,107.544,5051.579,32.631,638.562,,1.133,32.798,0.034,0.04,0.161,,0.131,3.147,867.947,51100928.0,476.254,365.467,42.107,56.725,10.893,18.776,51.877,1015.187,0.0,,0.0,0.0,0.0,0.0,0.0,0.0,,0.0,0.0,0.0,0.0,0.0
TUR,Turkey,1988,-9.222,-13.095,-70.029,-2.114,-1.692,-0.552,9.646,45.939,,,,,,,,,25.987,-3.318,29.853,-5.35,155.889,239.879,2994.762,128.897,2476.234,,,12.487,19.031,3.24,28.95,0.0,3.305,,0.068,29.018,0.0,0.0,48.049,,1.198,10031.791,4.055,84.564,17.21,441.587,8483.292,365.599,39.607,435877003089.0,6.742,127.203,2.175,6.358,11.356,62.234,218.158,0.905,17.379,60.25,55.494,15.4,28.699,80.416,556.148,1544.857,60.393,29.018,557.462,55.378,15.436,28.729,80.606,1548.507,,,0.0,,0.0,0.0,0.0,0.0,0.0,6.878,6.277,52.537,16.202,274.342,63.486,5270.371,32.079,616.265,,1.314,18.135,0.036,0.029,0.19,,0.142,3.65,923.061,52053764.0,522.192,557.462,60.393,55.378,15.436,28.729,80.606,1548.507,0.0,,0.0,0.0,0.0,0.0,0.0,0.0,,0.0,0.0,0.0,0.0,0.0
TUR,Turkey,1989,15.217,19.614,100.0,0.905,11.694,3.751,-1.493,-7.799,,,,,,,,,38.947,12.69,34.151,19.783,175.671,382.498,3315.023,148.512,2802.502,,,20.27,34.041,9.524,17.94,0.0,4.248,,0.063,18.002,0.0,0.0,52.043,,1.16,9706.922,5.163,90.279,22.801,464.388,8763.284,642.374,65.409,443256156144.0,18.3,165.852,5.869,18.834,30.19,179.724,569.703,1.809,34.142,34.471,-38.032,9.688,-30.583,49.832,338.531,940.365,34.591,18.002,339.712,-37.962,9.721,-30.599,50.006,943.646,,,0.0,,0.0,0.0,0.0,0.0,0.0,8.161,-5.765,50.258,-15.816,258.527,80.153,4878.557,35.83,676.138,,1.181,-8.48,0.034,-0.016,0.174,,0.12,3.281,982.087,52992480.0,514.394,339.712,34.591,-37.962,9.721,-30.599,50.006,943.646,0.0,,0.0,0.0,0.0,0.0,0.0,0.0,,0.0,0.0,0.0,0.0,0.0
TUR,Turkey,1990,-8.198,-12.175,24.78,0.448,30.357,10.877,8.447,43.451,0.0,0.0,,,,,,,35.071,6.177,33.436,10.851,186.522,374.246,3459.125,136.336,2528.406,56.81,0.0,20.18,34.31,10.19,23.15,0.0,3.94,0.08,0.08,23.23,0.0,0.0,57.54,,1.146,10345.453,6.231,88.434,28.936,493.324,9148.886,636.292,59.628,486761177656.0,17.709,6.977,5.79,2.107,32.296,188.978,598.951,2.258,41.868,40.233,29.031,11.526,14.467,64.299,429.326,1192.449,40.372,23.23,430.809,29.027,11.566,14.515,64.521,1196.575,-1.285,-0.73,0.0,,0.0,0.0,0.0,0.0,0.0,6.847,6.181,49.208,15.979,274.505,73.069,5090.81,46.707,866.205,1.484,1.484,27.955,0.04,0.049,0.223,0.139,0.139,4.126,1067.102,53921756.0,557.845,430.809,40.372,29.027,11.566,14.515,64.521,1196.575,0.0,,0.0,0.0,0.0,0.0,0.0,0.0,,0.0,0.0,0.0,0.0,0.0
TUR,Turkey,1991,-6.132,-8.36,-4.245,-0.096,20.548,9.597,2.113,11.79,0.066,0.729,,,,,,,35.79,6.828,34.98,12.735,199.257,393.139,3633.384,127.976,2333.605,60.49,0.04,21.56,37.44,12.59,22.68,0.0,3.29,0.08,0.12,22.8,0.0,0.0,60.24,,1.139,10387.099,2.629,88.88,12.969,506.293,9232.092,682.706,62.151,499938020470.0,20.9,22.502,6.945,7.267,39.564,229.574,721.435,2.162,39.419,37.649,-2.006,11.061,-1.29,63.009,413.562,1148.952,37.849,22.8,415.75,-1.828,11.12,-1.18,63.342,1155.015,0.413,0.25,0.0,,0.0,0.0,0.0,0.0,0.0,5.461,-2.562,46.955,-7.033,267.472,59.992,4877.273,56.305,1026.697,1.459,2.188,49.438,0.058,0.11,0.333,0.133,0.199,6.063,1098.456,54840592.0,569.635,415.75,37.849,-1.828,11.12,-1.18,63.342,1155.015,0.0,,0.0,0.0,0.0,0.0,0.0,0.0,,0.0,0.0,0.0,0.0,0.0
TUR,Turkey,1992,10.117,12.948,-2.463,-0.053,-4.284,-2.412,5.07,28.88,0.074,0.897,,,,,,,36.392,-0.362,33.171,-0.721,198.536,439.65,3561.249,140.924,2527.836,67.22,0.05,24.51,40.66,10.81,26.57,0.0,5.34,0.07,0.12,26.69,0.0,0.0,67.35,,1.111,10735.897,3.575,87.615,18.098,524.391,9406.298,729.341,60.371,538702188111.0,16.05,9.414,7.233,3.725,43.289,193.905,776.492,2.109,37.822,39.451,17.126,12.331,10.791,73.8,476.601,1323.793,39.629,26.69,478.753,17.023,12.385,10.783,74.124,1329.608,-0.193,-0.13,0.0,,0.0,0.0,0.0,0.0,0.0,7.929,5.643,47.211,15.094,282.566,95.787,5068.557,53.893,966.702,1.256,2.153,-2.506,0.054,-0.008,0.324,0.104,0.178,5.815,1208.095,55748944.0,598.515,478.753,39.629,17.023,12.385,10.783,74.124,1329.608,0.0,,0.0,0.0,0.0,0.0,0.0,0.0,,0.0,0.0,0.0,0.0,0.0
TUR,Turkey,1993,-4.686,-6.604,1.01,0.021,-9.771,-5.266,8.529,51.048,0.081,1.059,,,,,,,32.109,-7.469,28.282,-14.828,183.707,418.33,3242.635,134.32,2370.897,73.43,0.06,23.7,39.72,10.79,33.95,0.0,5.23,0.08,0.14,34.09,0.0,0.0,73.81,,1.097,11465.471,5.815,85.424,30.492,554.883,9794.272,701.1,53.814,591946423976.0,14.619,9.533,7.3,4.127,47.415,190.455,836.933,2.13,37.593,45.996,27.789,14.519,20.508,94.308,599.254,1664.639,46.186,34.09,601.725,27.732,14.576,20.556,94.68,1671.209,-0.517,-0.38,0.0,,0.0,0.0,0.0,0.0,0.0,7.086,14.578,49.843,41.193,323.759,92.315,5714.703,48.627,858.314,1.412,2.471,14.824,0.057,0.048,0.372,0.108,0.19,6.57,1302.825,56653808.0,649.563,601.725,46.186,27.732,14.576,20.556,94.68,1671.209,0.0,,0.0,0.0,0.0,0.0,0.0,0.0,,0.0,0.0,0.0,0.0,0.0
TUR,Turkey,1994,4.826,6.482,-0.5,-0.011,-5.263,-2.559,-3.098,-20.122,0.064,0.869,,,,,,,35.989,0.298,29.273,0.547,184.254,489.714,3200.847,140.803,2446.013,77.79,0.05,28.19,47.61,13.82,30.59,0.0,5.6,0.08,0.13,30.72,0.0,0.0,78.33,,1.106,10934.579,-1.94,86.445,-10.764,544.119,9452.382,827.076,60.781,569082585915.0,17.643,6.038,7.988,2.863,50.278,240.08,873.431,2.119,36.814,39.053,-9.911,13.498,-9.347,84.961,531.407,1475.933,39.219,30.72,533.665,-9.884,13.555,-9.358,85.322,1482.206,-0.694,-0.54,0.0,,0.0,0.0,0.0,0.0,0.0,7.149,-4.378,49.184,-14.173,309.586,97.283,5378.104,46.067,800.279,1.39,2.258,-2.985,0.057,-0.011,0.361,0.102,0.166,6.273,1360.741,57564212.0,629.44,533.665,39.219,-9.884,13.555,-9.358,85.322,1482.206,0.0,,0.0,0.0,0.0,0.0,0.0,0.0,,0.0,0.0,0.0,0.0,0.0
TUR,Turkey,1995,-0.198,-0.279,-8.543,-0.181,-6.279,-2.892,11.863,74.669,0.255,3.762,,,,,,,31.78,4.387,27.316,8.083,192.337,468.656,3288.575,140.524,2402.68,85.55,0.22,27.41,50.4,16.58,35.54,0.0,6.41,0.09,0.31,35.85,0.0,0.0,86.25,,1.135,12038.84,11.102,85.857,60.409,604.528,10336.212,861.738,58.435,620396829190.0,19.223,29.366,9.238,14.765,65.043,283.484,1112.104,1.938,33.138,41.206,16.2,14.021,13.764,98.725,607.662,1687.994,41.565,35.85,612.962,16.712,14.143,14.259,99.581,1702.637,-0.818,-0.7,0.0,,0.0,0.0,0.0,0.0,0.0,7.432,12.133,49.303,37.562,347.148,109.598,5935.533,43.175,738.207,1.539,5.3,137.154,0.122,0.495,0.856,0.104,0.359,14.643,1474.7,58486452.0,704.109,612.962,41.565,16.712,14.143,14.259,99.581,1702.637,0.0,,0.0,0.0,0.0,0.0,0.0,0.0,,0.0,0.0,0.0,0.0,0.0
TUR,Turkey,1996,1.76,2.474,13.187,0.256,-0.175,-0.075,9.042,63.666,0.19,3.029,,,,,,,31.33,12.486,28.179,24.016,216.353,500.141,3640.881,142.998,2406.429,94.79,0.18,29.72,54.13,17.17,40.47,0.0,7.24,0.08,0.26,40.73,0.0,0.0,94.86,,1.137,12920.447,8.287,85.263,50.097,654.625,11016.306,910.923,57.063,675112420126.0,18.1,16.385,9.86,10.657,75.7,288.944,1273.912,2.194,36.917,42.663,13.883,14.644,13.706,112.431,681.046,1892.04,42.937,40.73,685.422,13.627,14.737,13.57,113.151,1904.152,-0.074,-0.07,0.0,,0.0,0.0,0.0,0.0,0.0,7.632,4.443,47.224,15.424,362.572,121.838,6101.514,43.1,725.3,1.346,4.375,-15.958,0.094,-0.137,0.72,0.084,0.274,12.112,1596.344,59423276.0,767.775,685.422,42.937,13.627,14.737,13.57,113.151,1904.152,0.0,,0.0,0.0,0.0,0.0,0.0,0.0,,0.0,0.0,0.0,0.0,0.0
TUR,Turkey,1997,6.692,9.57,22.935,0.503,0.826,0.356,4.656,35.746,0.281,4.804,,,,,,,31.859,11.713,30.079,25.342,241.695,545.115,4003.388,152.568,2527.103,105.52,0.29,32.91,63.11,22.09,39.82,0.0,8.11,0.08,0.37,40.19,0.0,0.0,103.3,,1.088,13309.383,5.69,86.105,37.25,691.875,11460.093,1045.342,61.094,738354688060.0,21.384,22.957,11.584,17.379,93.079,365.895,1541.737,2.697,44.67,38.548,-1.628,13.764,-1.831,110.6,659.571,1831.964,38.906,40.19,665.7,-1.329,13.895,-1.504,111.647,1849.301,2.104,2.22,0.0,,0.0,0.0,0.0,0.0,0.0,7.851,-1.509,44.442,-5.47,357.101,134.333,5914.967,43.456,719.79,1.325,6.129,45.426,0.13,0.327,1.047,0.077,0.358,17.337,1711.042,60372572.0,803.522,665.7,38.906,-1.329,13.895,-1.504,111.647,1849.301,0.0,,0.0,0.0,0.0,0.0,0.0,0.0,,0.0,0.0,0.0,0.0,0.0
TUR,Turkey,1998,6.3,9.611,123.103,3.32,-3.921,-1.704,2.523,20.271,0.216,3.913,,,,,,,31.55,3.753,30.44,9.071,250.766,571.175,4088.825,162.179,2644.381,114.03,0.24,35.03,68.47,24.85,42.23,0.0,8.59,0.09,0.33,42.56,0.0,0.0,111.03,,1.064,13432.213,1.979,85.649,13.695,705.57,11504.548,1116.425,61.668,773998866064.0,22.381,5.658,11.938,5.266,98.345,405.187,1603.545,6.017,98.104,38.035,6.06,14.239,6.703,117.303,688.574,1912.661,38.332,42.56,693.955,5.891,14.351,6.577,118.224,1927.676,2.631,3.0,0.0,,0.0,0.0,0.0,0.0,0.0,7.737,-0.18,43.27,-0.643,356.459,140.063,5812.177,41.752,680.775,1.467,5.381,-13.482,0.11,-0.141,0.906,0.081,0.297,14.765,1810.38,61329664.0,823.793,693.955,38.332,5.891,14.351,6.577,118.224,1927.676,0.0,,0.0,0.0,0.0,0.0,0.0,0.0,,0.002,0.015,0.015,0.0,0.249
TUR,Turkey,1999,-4.735,-7.679,29.381,1.768,-9.434,-3.939,-2.484,-20.461,0.112,2.087,,,,,,,31.106,-7.087,29.004,-17.771,232.995,581.498,3740.654,154.5,2480.437,118.48,0.13,36.22,81.53,36.42,34.68,0.0,8.89,0.08,0.21,34.91,0.0,0.02,116.44,,1.077,12897.191,0.111,87.928,0.785,706.355,11340.264,1308.933,70.019,745796258828.0,31.278,20.553,14.758,20.213,118.558,584.709,1903.399,7.784,124.976,29.784,-17.882,11.991,-20.976,96.326,556.774,1546.484,29.981,34.91,560.467,-17.971,12.072,-21.246,96.978,1556.938,1.722,2.04,0.0,,0.0,0.0,0.0,0.0,0.0,7.635,-0.465,44.166,-1.657,354.802,142.726,5696.211,37.813,607.07,1.284,3.371,-34.387,0.074,-0.311,0.594,0.069,0.18,9.539,1869.399,62287392.0,803.332,560.467,29.981,-17.971,12.072,-21.246,96.978,1556.938,0.0,,0.0,0.0,0.0,0.0,0.0,0.017,272.727,0.007,0.042,0.057,0.321,0.914
TUR,Turkey,2000,-5.995,-9.262,-12.586,-0.98,-10.623,-4.017,6.938,55.733,0.137,2.688,,,,,,488.217,30.025,12.114,30.408,28.226,261.221,590.289,4130.627,145.238,2296.602,127.68,0.17,37.33,93.17,46.54,30.88,0.0,9.3,0.08,0.25,31.16,0.0,0.03,124.33,60.7,1.064,13584.171,9.368,89.927,66.174,772.529,12215.791,1473.272,74.938,807550859748.0,37.433,17.639,16.235,20.912,139.469,735.924,2205.394,6.805,107.601,24.837,-10.955,9.985,-10.553,85.774,488.297,1356.316,25.062,31.16,492.725,-10.766,10.073,-10.44,86.537,1368.391,2.624,3.35,0.0,,0.0,0.0,0.0,0.0,0.0,7.48,4.801,43.284,17.036,371.838,147.058,5879.77,33.796,534.404,1.265,3.953,12.903,0.078,0.077,0.671,0.064,0.201,10.608,1965.996,63240196.0,859.066,492.725,25.062,-10.766,10.073,-10.44,86.537,1368.391,0.0,,0.0,0.0,0.0,0.0,0.0,0.024,62.927,0.011,0.036,0.093,0.474,1.467
TUR,Turkey,2001,-1.655,-2.404,-51.174,-3.482,-9.126,-3.084,-9.057,-77.806,0.147,2.804,,,,,,517.309,30.886,-17.844,27.47,-46.613,214.608,587.921,3343.216,142.833,2225.086,126.34,0.18,37.74,97.85,49.71,24.01,0.0,10.4,0.09,0.27,24.34,0.0,0.06,122.19,63.21,1.037,12170.623,-7.567,91.4,-58.457,714.072,11123.958,1524.327,80.08,753326818754.0,40.683,10.03,19.642,13.989,153.459,774.393,2390.61,3.323,51.759,19.65,-22.749,8.481,-19.513,66.261,374.033,1032.23,19.92,24.34,379.174,-22.359,8.6,-19.349,67.188,1046.675,3.285,4.15,0.0,,0.0,0.0,0.0,0.0,0.0,8.511,-6.947,44.288,-25.833,346.004,162.013,5390.131,30.712,478.432,1.402,4.206,12.556,0.097,0.084,0.755,0.074,0.221,11.763,1903.501,64192244.0,781.26,379.174,19.92,-22.359,8.6,-19.349,67.188,1046.675,0.0,,0.0,0.0,0.0,0.0,0.0,0.049,85.613,0.022,0.079,0.172,0.935,2.683
TUR,Turkey,2002,-7.5,-10.713,21.154,0.703,-2.763,-0.848,9.26,72.342,0.101,1.996,,,,,,464.881,24.474,4.444,26.259,9.537,224.145,482.46,3440.693,132.12,2028.084,131.57,0.13,31.43,94.46,52.53,33.68,0.0,10.5,0.1,0.23,33.96,0.0,0.05,128.42,59.7,1.042,13103.024,6.497,89.089,46.396,760.468,11673.404,1449.988,73.556,818938126086.0,40.905,8.43,19.493,12.936,166.394,806.351,2554.203,4.025,61.79,26.226,39.386,10.82,26.098,92.359,516.998,1417.735,26.444,33.96,521.296,38.616,10.911,25.945,93.134,1429.63,2.394,3.15,0.0,,0.0,0.0,0.0,0.0,0.0,8.176,6.914,43.337,23.924,369.928,161.178,5678.508,29.863,458.409,1.535,3.531,-14.808,0.075,-0.112,0.643,0.078,0.179,9.874,1971.284,65145356.0,853.601,521.296,26.444,38.616,10.911,25.945,93.134,1429.63,0.0,,0.0,0.0,0.0,0.0,0.0,0.039,-23.573,0.015,-0.041,0.132,0.768,2.02
TUR,Turkey,2003,-5.135,-6.784,48.148,1.938,-3.223,-0.962,5.907,50.425,0.057,1.21,,,,,,459.146,22.52,8.006,26.779,17.945,242.09,475.417,3663.073,125.336,1896.462,140.09,0.08,31.42,103.96,63.54,35.33,0.0,9.0,0.09,0.17,35.56,0.0,0.06,139.52,64.06,1.036,13678.833,6.139,89.284,46.684,807.152,12213.038,1573.021,74.513,872922384867.0,45.542,20.486,22.177,34.087,200.481,961.425,3033.49,5.963,90.233,25.323,4.213,10.647,3.891,96.25,534.579,1456.365,25.487,35.56,538.059,4.016,10.716,3.74,96.874,1465.805,0.407,0.57,0.0,,0.0,0.0,0.0,0.0,0.0,6.451,-1.446,40.329,-5.348,364.58,136.179,5516.476,28.901,437.299,1.362,2.572,-29.017,0.051,-0.187,0.457,0.065,0.122,6.909,2111.08,66089400.0,904.026,538.059,25.487,4.016,10.716,3.74,96.874,1465.805,0.0,,0.0,0.0,0.0,0.0,0.0,0.043,27.097,0.019,0.036,0.167,0.908,2.531
TUR,Turkey,2004,-2.271,-2.846,22.857,1.363,-5.829,-1.685,6.93,62.653,0.053,1.194,,,,,,430.613,22.419,6.101,26.571,14.77,256.86,500.963,3833.112,122.49,1827.906,149.06,0.08,33.57,103.43,62.27,46.08,0.0,7.59,0.09,0.17,46.31,0.0,0.06,149.74,64.48,1.009,14425.685,4.233,87.032,34.164,841.316,12554.909,1543.48,69.073,957900875349.0,41.585,5.588,21.898,11.203,211.684,929.251,3158.951,7.327,109.334,30.773,29.609,12.905,28.499,124.749,687.649,1861.621,30.927,46.31,691.081,29.408,12.968,28.489,125.363,1870.787,-0.456,-0.68,0.0,,0.0,0.0,0.0,0.0,0.0,5.069,2.247,38.562,8.191,372.771,113.265,5562.846,27.216,406.147,1.343,2.537,0.312,0.047,0.001,0.458,0.06,0.114,6.835,2234.561,67010928.0,966.679,691.081,30.927,29.408,12.968,28.489,125.363,1870.787,0.0,,0.0,0.0,0.0,0.0,0.0,0.04,-6.625,0.016,-0.011,0.156,0.895,2.331
TUR,Turkey,2005,6.473,7.929,30.378,2.226,2.667,0.726,2.397,23.175,0.019,0.442,,,,,,469.576,26.122,0.321,26.033,0.826,257.686,621.471,3794.889,130.419,1920.65,160.39,0.03,42.2,121.81,73.48,39.56,0.0,6.13,0.09,0.12,39.74,0.0,0.06,161.55,75.86,0.946,14577.365,4.947,89.199,41.621,882.937,13002.834,1793.87,75.401,1046618896507.0,45.484,21.517,25.987,45.548,257.232,1082.124,3788.21,9.552,140.673,24.488,-14.698,10.75,-18.336,106.413,582.592,1567.119,24.599,39.74,585.243,-14.714,10.801,-18.446,106.917,1574.543,-0.723,-1.16,0.0,,0.0,0.0,0.0,0.0,0.0,3.794,-1.275,37.179,-4.753,368.018,90.275,5419.735,27.942,411.496,1.325,1.767,-24.594,0.035,-0.113,0.345,0.056,0.074,5.086,2379.113,67903464.0,989.854,585.243,24.599,-14.714,10.801,-18.446,106.917,1574.543,0.0,,0.0,0.0,0.0,0.0,0.0,0.037,1.606,0.016,0.003,0.159,0.884,2.337
TUR,Turkey,2006,17.353,22.632,0.892,0.085,-3.463,-0.968,10.94,108.292,0.034,0.873,,,,,,464.04,25.89,18.103,27.713,46.648,304.334,663.352,4426.239,153.051,2225.973,174.51,0.06,45.61,131.65,80.69,44.24,0.0,5.35,0.09,0.15,44.52,0.0,0.13,176.17,81.75,0.973,15971.441,10.87,89.142,95.976,978.913,14237.327,1914.719,74.729,1128341773203.0,45.802,13.505,26.588,34.738,291.97,1173.556,4246.426,9.637,140.166,25.112,11.136,10.769,11.85,118.263,643.427,1720.017,25.271,44.52,647.499,11.308,10.837,12.09,119.007,1730.838,-0.951,-1.66,0.0,,0.0,0.0,0.0,0.0,0.0,3.037,3.964,34.841,14.59,382.608,77.81,5564.663,26.974,392.315,1.309,2.182,14.424,0.036,0.05,0.395,0.051,0.085,5.748,2562.219,68756816.0,1098.145,647.499,25.271,11.308,10.837,12.09,119.007,1730.838,0.0,,0.0,0.0,0.0,0.0,0.0,0.074,119.795,0.032,0.19,0.349,1.891,5.073
TUR,Turkey,2007,12.439,19.038,-1.326,-0.128,-2.742,-0.74,6.37,69.947,0.047,1.293,,,,,,499.817,27.339,12.596,29.336,38.333,342.666,752.064,4924.655,172.089,2473.189,189.85,0.09,52.33,154.95,95.03,35.85,0.0,7.59,0.16,0.25,36.46,0.0,0.36,191.41,95.67,0.98,16787.311,9.418,91.697,92.197,1071.111,15393.535,2226.874,80.952,1191689637304.0,49.647,16.076,29.014,46.937,338.907,1365.73,4870.629,9.51,136.668,18.729,-19.477,8.152,-23.034,95.229,515.221,1368.586,19.048,36.46,523.987,-18.628,8.29,-22.168,96.839,1391.722,-0.822,-1.56,0.0,,0.0,0.0,0.0,0.0,0.0,3.965,1.811,33.348,6.928,389.536,109.08,5598.25,26.235,377.032,2.299,3.593,71.355,0.058,0.282,0.677,0.084,0.131,9.732,2750.861,69581848.0,1168.092,523.987,19.048,-18.628,8.29,-22.168,96.839,1391.722,0.0,,0.0,0.0,0.0,0.0,0.0,0.188,167.361,0.08,0.584,0.933,5.174,13.403
TUR,Turkey,2008,12.685,21.83,13.997,1.331,1.697,0.445,0.373,4.354,0.071,1.988,,,,,,512.38,28.43,0.448,29.358,1.535,344.201,800.641,4887.938,193.919,2753.799,197.98,0.14,56.38,163.89,98.68,33.27,0.0,8.83,0.16,0.3,34.42,0.0,0.85,198.31,101.61,0.966,16649.668,0.961,92.235,10.297,1081.407,15356.839,2327.368,82.643,1213760217397.0,49.76,4.153,30.106,14.075,352.982,1401.334,5012.633,10.841,153.945,16.777,-7.776,7.491,-7.405,87.824,472.46,1247.171,17.357,34.42,488.791,-6.171,7.75,-5.976,90.863,1290.326,-0.167,-0.33,0.0,,0.0,0.0,0.0,0.0,0.0,4.453,-1.364,32.771,-5.314,384.222,125.393,5456.268,26.68,378.875,2.272,4.26,18.773,0.069,0.127,0.804,0.081,0.151,11.422,2816.159,70418608.0,1172.446,488.791,17.357,-6.171,7.75,-5.976,90.863,1290.326,0.0,,0.0,0.0,0.0,0.0,0.0,0.429,139.602,0.191,1.302,2.235,12.071,31.732
TUR,Turkey,2009,4.366,8.467,-32.743,-3.55,10.808,2.884,1.306,15.315,0.128,3.505,,,,,,497.612,27.849,4.399,30.254,15.142,359.344,760.361,5038.375,202.385,2837.651,194.0,0.25,54.23,156.58,96.1,35.96,0.0,6.25,0.44,0.69,38.15,0.0,1.5,194.73,96.9,1.028,16653.641,0.575,91.569,6.216,1087.623,15249.601,2195.414,80.409,1155016593121.0,49.35,-4.465,28.391,-15.76,337.222,1347.422,4728.204,7.291,102.228,18.467,7.414,7.942,6.511,94.335,504.196,1322.68,19.591,38.15,534.903,10.124,8.424,9.199,100.062,1402.97,-0.376,-0.73,0.0,,0.0,0.0,0.0,0.0,0.0,3.21,1.779,32.924,6.834,391.056,87.631,5483.021,29.563,414.51,6.169,9.675,124.206,0.152,0.999,1.803,0.226,0.354,25.285,2730.316,71321408.0,1187.761,534.903,19.591,10.124,8.424,9.199,100.062,1402.97,0.0,,0.0,0.0,0.0,0.0,0.0,0.77,75.563,0.33,1.688,3.923,21.032,55.005
TUR,Turkey,2010,0.701,1.419,-0.348,-0.025,4.612,1.364,5.272,62.624,0.156,4.563,,,,,,454.421,25.287,1.748,29.241,6.28,365.624,737.899,5055.156,203.804,2817.815,210.29,0.33,53.37,155.34,98.14,51.8,0.0,3.83,0.67,1.0,55.72,0.0,2.92,211.06,95.91,0.98,17287.94,1.602,88.376,17.42,1105.043,15278.437,2147.746,73.6,1276138636483.0,46.499,6.224,28.648,20.988,358.21,1356.893,4952.655,7.266,100.456,24.543,43.159,10.801,40.714,135.05,716.192,1867.209,26.4,55.72,770.39,45.181,11.618,45.209,145.27,2008.523,-0.366,-0.77,0.0,,0.0,0.0,0.0,0.0,0.0,1.815,-2.518,30.487,-9.848,381.208,52.954,5270.626,30.927,427.6,9.263,13.826,44.751,0.209,0.807,2.61,0.317,0.474,36.091,2918.136,72326992.0,1250.385,770.39,26.4,45.181,11.618,45.209,145.27,2008.523,0.0,,0.0,0.006,0.006,0.0,0.086,1.383,93.834,0.608,3.681,7.604,40.372,105.136
TUR,Turkey,2011,1.969,4.012,11.33,0.823,-5.379,-1.664,6.862,85.799,0.148,4.629,,,,,,467.289,28.171,7.764,29.488,28.387,394.01,879.454,5364.832,207.816,2829.619,230.19,0.34,64.59,171.19,104.05,52.34,0.0,2.55,0.69,1.03,58.09,0.0,4.72,229.28,107.14,0.952,18193.42,7.275,88.718,80.388,1185.432,16140.783,2330.915,74.664,1403985580403.0,45.381,16.803,31.313,60.188,418.399,1416.74,5696.903,8.089,110.138,22.828,0.432,10.151,0.584,135.634,712.659,1846.78,25.336,58.09,790.951,3.648,11.269,5.3,150.571,2050.161,0.395,0.91,0.0,,0.0,0.0,0.0,0.0,0.0,1.112,-2.148,27.917,-8.187,373.021,34.721,5079.047,29.263,398.45,9.395,14.024,2.964,0.201,0.077,2.688,0.301,0.449,36.596,3121.866,73443256.0,1336.184,790.951,25.336,3.648,11.269,5.3,150.571,2050.161,0.0,18.667,0.001,0.001,0.007,0.0,0.101,2.059,60.988,0.916,4.638,12.242,64.267,166.684
TUR,Turkey,2012,-4.768,-9.909,-16.745,-1.354,-1.875,-0.549,6.152,82.203,0.246,7.903,,,,,,457.682,27.709,7.722,29.924,30.426,424.437,888.534,5685.616,197.908,2651.104,242.25,0.59,66.33,174.17,104.5,57.86,0.0,3.34,0.9,1.49,65.21,0.0,5.86,239.38,109.56,0.984,19000.229,5.409,88.097,64.122,1249.553,16738.588,2333.122,72.759,1441915582901.0,43.654,3.536,30.541,14.793,433.192,1399.846,5802.899,6.734,90.212,24.171,9.889,10.508,13.413,149.046,775.073,1996.574,27.241,65.21,873.531,11.572,11.844,17.424,167.994,2250.395,1.185,2.87,0.0,,0.0,0.0,0.0,0.0,0.0,1.395,5.067,27.632,18.902,391.923,44.742,5250.073,28.715,384.654,12.056,19.96,42.915,0.271,1.153,3.841,0.376,0.622,51.455,3206.653,74651048.0,1418.387,873.531,27.241,11.572,11.844,17.424,167.994,2250.395,0.0,47.94,0.001,0.004,0.011,0.0,0.147,2.448,23.314,1.064,2.854,15.096,78.499,202.219
TUR,Turkey,2013,-9.201,-18.209,-14.992,-1.01,3.04,0.873,-0.772,-10.95,0.367,11.59,,,,,,444.282,25.814,-13.511,26.082,-57.345,367.092,815.537,4834.899,179.699,2366.776,246.07,0.88,61.92,170.65,105.12,59.42,0.0,3.61,1.36,2.24,69.22,0.0,7.56,239.87,106.57,0.932,18537.096,-1.897,87.098,-23.701,1225.853,16145.475,2247.599,71.143,1510231779422.0,43.824,1.494,31.239,6.473,439.665,1384.516,5790.748,5.725,75.4,24.772,2.07,10.809,3.085,152.131,782.61,2003.688,28.857,69.22,911.684,5.502,12.593,9.243,177.238,2334.364,2.52,6.2,0.0,,0.0,0.0,0.0,0.0,0.0,1.505,6.933,29.777,27.172,419.095,47.547,5519.828,29.588,389.695,17.912,29.503,49.446,0.408,1.899,5.74,0.567,0.934,75.607,3159.283,75925456.0,1407.437,911.684,28.857,5.502,12.593,9.243,177.238,2334.364,0.0,58.228,0.001,0.006,0.017,0.0,0.229,3.152,28.173,1.375,4.253,19.349,99.571,254.841
TUR,Turkey,2014,5.875,10.557,-10.852,-0.621,3.087,0.913,3.255,45.805,0.429,13.984,,,,,,493.999,29.525,14.452,28.911,53.054,420.145,961.941,5440.24,190.255,2463.511,256.88,1.08,74.29,199.0,120.58,40.64,0.0,4.13,2.36,3.44,52.62,0.02,8.52,251.62,124.3,0.925,18817.256,7.493,90.673,91.854,1317.707,17062.274,2576.743,79.088,1570585267191.0,47.921,6.096,32.098,26.8,466.465,1561.325,6040.012,5.104,66.083,16.151,-32.008,7.118,-48.694,103.437,526.225,1339.352,20.912,52.62,681.348,-24.432,9.216,-43.302,133.935,1734.258,2.048,5.26,0.0,,0.0,0.0,0.0,0.0,0.0,1.641,2.863,29.664,12.0,431.095,53.477,5582.023,30.501,394.942,30.558,44.543,52.796,0.604,3.031,8.771,0.938,1.367,113.574,3258.091,77229264.0,1453.243,681.348,20.912,-24.432,9.216,-43.302,133.935,1734.258,0.008,155.061,0.003,0.027,0.044,0.259,0.573,3.386,12.062,1.492,2.334,21.683,110.321,280.759
TUR,Turkey,2015,-21.791,-41.458,-20.555,-1.049,1.759,0.536,9.394,136.515,0.475,15.79,,,,,,438.555,28.39,-3.837,25.414,-16.119,404.026,944.614,5144.905,148.798,1894.801,265.23,1.24,74.18,177.64,99.22,67.15,0.0,4.24,3.42,4.66,83.65,0.19,11.65,261.29,114.59,0.971,20244.108,4.495,86.613,59.231,1376.938,17534.035,2262.082,67.986,1637835046474.0,37.973,-1.474,28.909,-6.875,459.59,1263.476,5852.467,4.055,51.631,25.699,64.219,10.685,66.426,169.863,855.094,2163.051,32.014,83.65,1065.206,58.013,13.312,77.699,211.635,2694.976,1.486,3.94,0.0,,0.0,0.0,0.0,0.0,0.0,1.623,19.073,32.289,82.225,513.32,53.993,6536.664,31.037,395.234,43.551,59.341,34.562,0.742,3.032,11.803,1.309,1.783,150.297,3327.288,78529416.0,1589.758,1065.206,32.014,58.013,13.312,77.699,211.635,2694.976,0.073,1008.993,0.031,0.447,0.491,2.419,6.253,4.459,35.951,1.854,7.795,29.478,148.352,375.375
TUR,Turkey,2016,20.834,31.0,-3.675,-0.149,2.316,0.719,5.024,79.864,0.596,20.419,,,,,,449.048,33.026,10.701,26.788,43.234,447.26,1132.311,5602.812,179.797,2252.314,278.57,1.63,90.39,183.45,89.23,67.23,0.0,3.83,4.82,6.45,90.24,1.04,15.52,273.69,122.9,1.114,20915.283,4.689,86.337,64.567,1441.504,18057.657,2298.07,67.028,1498503473053.0,32.603,-3.165,26.655,-14.544,445.046,1117.78,5575.075,3.906,48.924,24.564,-0.466,10.126,-0.791,169.072,842.187,2117.956,32.972,90.24,1130.432,7.235,13.593,15.311,226.946,2842.942,1.752,4.88,0.0,,0.0,0.0,0.0,0.0,0.0,1.399,6.989,32.893,35.877,549.197,47.978,6879.77,31.756,397.808,60.38,80.799,37.498,0.972,4.426,16.229,1.761,2.357,203.294,3428.502,79827864.0,1669.622,1130.432,32.972,7.235,13.593,15.311,226.946,2842.942,0.38,434.168,0.157,2.132,2.623,13.028,32.86,5.671,32.378,2.337,9.544,39.022,194.418,488.831
TUR,Turkey,2017,-2.415,-4.342,0.0,,0.0,,6.021,100.528,0.708,25.889,,,,,,462.571,32.176,2.605,25.925,11.652,458.912,1175.84,5657.449,175.455,2163.002,295.85,2.1,95.38,209.19,110.49,58.22,0.0,3.32,6.13,8.23,87.24,2.89,17.9,296.43,137.12,1.099,21822.328,7.578,87.605,109.241,1550.745,19117.514,2578.885,70.57,1610456671042.0,37.274,15.871,29.132,70.635,515.681,1362.116,6357.294,,,19.64,-13.915,8.222,-23.526,145.546,717.734,1794.289,29.43,87.24,1075.491,-3.872,12.324,-8.788,218.158,2689.441,-0.196,-0.58,0.0,,0.0,0.0,0.0,0.0,0.0,1.12,4.908,32.548,26.954,576.151,40.929,7102.771,,,75.57,101.459,27.114,1.165,4.4,20.629,2.068,2.776,254.311,3654.376,81116456.0,1770.15,1075.491,29.43,-3.872,12.324,-8.788,218.158,2689.441,0.975,175.362,0.408,4.6,7.223,35.628,89.048,6.039,14.702,2.529,5.737,44.76,220.67,551.794
TUR,Turkey,2018,9.683,16.99,0.0,,0.0,,-1.242,-21.992,0.872,32.184,,,,,,464.49,36.648,3.554,27.184,16.308,475.22,1352.44,5771.436,192.445,2337.199,303.23,2.65,111.36,206.09,92.48,59.94,0.0,2.25,7.43,10.08,97.77,7.8,19.95,303.86,141.14,1.056,21230.946,-3.046,86.005,-47.243,1503.502,18259.656,2502.912,67.824,1655984280526.0,30.435,-8.407,27.018,-43.356,472.325,1123.147,5736.276,,,19.726,2.352,8.522,3.424,148.97,727.956,1809.205,32.176,97.77,1187.392,11.383,13.9,24.833,242.991,2951.064,-0.208,-0.63,0.0,,0.0,0.0,0.0,0.0,0.0,0.74,-3.505,31.802,-20.196,555.955,27.326,6751.943,,,90.236,122.419,21.451,1.433,4.425,25.054,2.445,3.317,304.274,3690.304,82340096.0,1748.158,1187.392,32.176,11.383,13.9,24.833,242.991,2951.064,2.567,168.376,1.109,12.162,19.385,94.729,235.432,6.566,10.773,2.836,4.822,49.581,242.288,602.154
TUR,Turkey,2019,4.847,9.328,0.0,,0.0,,3.392,59.304,1.159,42.071,,,,,,411.638,36.715,2.59,26.973,12.306,487.526,1332.501,5843.571,201.773,2418.481,302.21,3.51,111.17,170.53,57.29,88.82,0.0,2.07,8.95,12.46,132.26,9.25,21.73,302.79,124.64,,21664.522,-1.667,81.796,-25.069,1478.433,17720.721,2043.999,56.32,,18.921,-8.196,23.99,-38.712,433.613,686.687,5197.361,,,29.334,47.644,12.169,70.975,219.945,1064.61,2636.29,43.68,132.26,1585.289,34.672,18.105,84.25,327.241,3922.356,-0.192,-0.58,0.0,,0.0,0.0,0.0,0.0,0.0,0.684,0.24,30.833,1.336,557.292,24.811,6679.789,,,107.276,149.347,22.063,1.692,5.528,30.581,2.956,4.115,366.554,3629.287,83429608.0,1807.463,1585.289,43.68,34.672,18.105,84.25,327.241,3922.356,3.055,18.153,1.267,3.519,22.905,110.872,274.537,7.177,8.529,2.977,4.229,53.81,260.459,644.974
TUR,Turkey,2020,-17.834,-35.984,0.0,,0.0,,-3.338,-60.326,1.454,52.645,,,,,,411.302,34.058,-5.494,26.371,-26.783,460.743,1233.355,5462.988,165.789,1965.739,304.82,4.44,104.02,177.08,70.93,78.09,0.0,2.13,10.03,14.47,128.34,10.95,24.83,305.42,125.62,,20715.625,-3.244,81.875,-47.961,1430.472,16960.965,2099.62,57.979,,23.224,6.93,26.539,30.051,463.665,841.01,5497.63,,,25.568,-12.436,11.023,-27.353,192.592,925.905,2283.544,42.021,128.34,1521.715,-3.586,18.058,-11.736,315.505,3740.906,-0.197,-0.6,0.0,,0.0,0.0,0.0,0.0,0.0,0.697,-9.192,28.965,-51.228,506.063,25.255,6000.347,,,118.925,171.569,14.75,2.009,4.511,35.092,3.284,4.738,416.085,3621.335,84339072.0,1747.137,1521.715,42.021,-3.586,18.058,-11.736,315.505,3740.906,3.585,16.704,1.53,3.826,26.73,129.833,316.94,8.13,13.529,3.497,7.28,61.09,294.407,724.338
TUR,Turkey,2021,,,,,,,,,1.896,73.845,,,,,,432.293,30.756,,,,,1198.104,,,,329.43,6.28,101.89,214.24,110.2,55.74,0.0,2.15,10.84,17.12,117.04,12.97,31.21,331.28,143.21,,,,,,,,2519.204,64.67,,33.265,,,,,1295.819,,,,16.826,,,,,655.435,,35.33,117.04,1376.249,,,,,,-0.562,-1.85,0.0,,,,,0.0,,0.649,,,,,25.281,,,,127.465,201.311,,,,,3.272,5.168,,3895.453,85042736.0,,1376.249,35.33,,,,,,3.915,,,,,152.512,,9.421,,,,,366.992,
