iso_code,country,year,coal_prod_change_pct,coal_prod_change_twh,gas_prod_change_pct,gas_prod_change_twh,oil_prod_change_pct,oil_prod_change_twh,energy_cons_change_pct,energy_cons_change_twh,biofuel_share_elec,biofuel_elec_per_capita,biofuel_cons_change_pct,biofuel_share_energy,biofuel_cons_change_twh,biofuel_consumption,biofuel_cons_per_capita,carbon_intensity_elec,coal_share_elec,coal_cons_change_pct,coal_share_energy,coal_cons_change_twh,coal_consumption,coal_elec_per_capita,coal_cons_per_capita,coal_production,coal_prod_per_capita,electricity_demand,biofuel_electricity,coal_electricity,fossil_electricity,gas_electricity,hydro_electricity,nuclear_electricity,oil_electricity,other_renewable_exc_biofuel_electricity,other_renewable_electricity,renewables_electricity,solar_electricity,wind_electricity,electricity_generation,greenhouse_gas_emissions,energy_per_gdp,energy_per_capita,fossil_cons_change_pct,fossil_share_energy,fossil_cons_change_twh,fossil_fuel_consumption,fossil_energy_per_capita,fossil_cons_per_capita,fossil_share_elec,gdp,gas_share_elec,gas_cons_change_pct,gas_share_energy,gas_cons_change_twh,gas_consumption,gas_elec_per_capita,gas_energy_per_capita,gas_production,gas_prod_per_capita,hydro_share_elec,hydro_cons_change_pct,hydro_share_energy,hydro_cons_change_twh,hydro_consumption,hydro_elec_per_capita,hydro_energy_per_capita,low_carbon_share_elec,low_carbon_electricity,low_carbon_elec_per_capita,low_carbon_cons_change_pct,low_carbon_share_energy,low_carbon_cons_change_twh,low_carbon_consumption,low_carbon_energy_per_capita,net_elec_imports_share_demand,net_elec_imports,nuclear_share_elec,nuclear_cons_change_pct,nuclear_share_energy,nuclear_cons_change_twh,nuclear_consumption,nuclear_elec_per_capita,nuclear_energy_per_capita,oil_share_elec,oil_cons_change_pct,oil_share_energy,oil_cons_change_twh,oil_consumption,oil_elec_per_capita,oil_energy_per_capita,oil_production,oil_prod_per_capita,other_renewables_elec_per_capita_exc_biofuel,other_renewables_elec_per_capita,other_renewables_cons_change_pct,other_renewables_share_energy,other_renewables_cons_change_twh,other_renewable_consumption,other_renewables_share_elec_exc_biofuel,other_renewables_share_elec,other_renewables_energy_per_capita,per_capita_electricity,population,primary_energy_consumption,renewables_elec_per_capita,renewables_share_elec,renewables_cons_change_pct,renewables_share_energy,renewables_cons_change_twh,renewables_consumption,renewables_energy_per_capita,solar_share_elec,solar_cons_change_pct,solar_share_energy,solar_cons_change_twh,solar_consumption,solar_elec_per_capita,solar_energy_per_capita,wind_share_elec,wind_cons_change_pct,wind_share_energy,wind_cons_change_twh,wind_consumption,wind_elec_per_capita,wind_energy_per_capita
UKR,Ukraine,1900,,,,,,,,,,,,,,,,,,,,,,,,,,,,,,,,,,,,,,,,,,,,,,,,,,,,,,,,,,0.0,0.0,,,,,,,,,,,,,,,,,,,,,,,,,,,,,,,,,,,,,,,,,,,,23477813.0,,,,,,,,,,,,,,,,,,,,,,
UKR,Ukraine,1901,,,,0.0,,,,,,,,,,,,,,,,,,,,,,,,,,,,,,,,,,,,,,,,,,,,,,,,,,,,,,0.0,0.0,,,,,,,,,,,,,,,,,,,,,,,,,,,,,,,,,,,,,,,,,,,,23696986.0,,,,,,,,,,,,,,,,,,,,,,
UKR,Ukraine,1902,,,,0.0,,,,,,,,,,,,,,,,,,,,,,,,,,,,,,,,,,,,,,,,,,,,,,,,,,,,,,0.0,0.0,,,,,,,,,,,,,,,,,,,,,,,,,,,,,,,,,,,,,,,,,,,,23918205.0,,,,,,,,,,,,,,,,,,,,,,
UKR,Ukraine,1903,,,,0.0,,,,,,,,,,,,,,,,,,,,,,,,,,,,,,,,,,,,,,,,,,,,,,,,,,,,,,0.0,0.0,,,,,,,,,,,,,,,,,,,,,,,,,,,,,,,,,,,,,,,,,,,,24141489.0,,,,,,,,,,,,,,,,,,,,,,
UKR,Ukraine,1904,,,,0.0,,,,,,,,,,,,,,,,,,,,,,,,,,,,,,,,,,,,,,,,,,,,,,,,,,,,,,0.0,0.0,,,,,,,,,,,,,,,,,,,,,,,,,,,,,,,,,,,,,,,,,,,,24366856.0,,,,,,,,,,,,,,,,,,,,,,
UKR,Ukraine,1905,,,,0.0,,,,,,,,,,,,,,,,,,,,,,,,,,,,,,,,,,,,,,,,,,,,,,,,,,,,,,0.0,0.0,,,,,,,,,,,,,,,,,,,,,,,,,,,,,,,,,,,,,,,,,,,,24594327.0,,,,,,,,,,,,,,,,,,,,,,
UKR,Ukraine,1906,,,,0.0,,,,,,,,,,,,,,,,,,,,,,,,,,,,,,,,,,,,,,,,,,,,,,,,,,,,,,0.0,0.0,,,,,,,,,,,,,,,,,,,,,,,,,,,,,,,,,,,,,,,,,,,,24823920.0,,,,,,,,,,,,,,,,,,,,,,
UKR,Ukraine,1907,,,,0.0,,,,,,,,,,,,,,,,,,,,,,,,,,,,,,,,,,,,,,,,,,,,,,,,,,,,,,0.0,0.0,,,,,,,,,,,,,,,,,,,,,,,,,,,,,,,,,,,,,,,,,,,,25055656.0,,,,,,,,,,,,,,,,,,,,,,
UKR,Ukraine,1908,,,,0.0,,,,,,,,,,,,,,,,,,,,,,,,,,,,,,,,,,,,,,,,,,,,,,,,,,,,,,0.0,0.0,,,,,,,,,,,,,,,,,,,,,,,,,,,,,,,,,,,,,,,,,,,,25289555.0,,,,,,,,,,,,,,,,,,,,,,
UKR,Ukraine,1909,,,,0.0,,,,,,,,,,,,,,,,,,,,,,,,,,,,,,,,,,,,,,,,,,,,,,,,,,,,,,0.0,0.0,,,,,,,,,,,,,,,,,,,,,,,,,,,,,,,,,,,,,,,,,,,,25525637.0,,,,,,,,,,,,,,,,,,,,,,
UKR,Ukraine,1910,,,,0.0,,,,,,,,,,,,,,,,,,,,,,,,,,,,,,,,,,,,,,,,,,,,,,,,,,,,,,0.0,0.0,,,,,,,,,,,,,,,,,,,,,,,,,,,,,,,,,,,,,,,,,,,,25763922.0,,,,,,,,,,,,,,,,,,,,,,
UKR,Ukraine,1911,,,,0.0,,,,,,,,,,,,,,,,,,,,,,,,,,,,,,,,,,,,,,,,,,,,,,,,,,,,,,0.0,0.0,,,,,,,,,,,,,,,,,,,,,,,,,,,,,,,,,,,,,,,,,,,,26004431.0,,,,,,,,,,,,,,,,,,,,,,
UKR,Ukraine,1912,,,,0.0,,,,,,,,,,,,,,,,,,,,,,,,,,,,,,,,,,,,,,,,,,,,,,,,,,,,,,0.0,0.0,,,,,,,,,,,,,,,,,,,,,,,,,,,,,,,,,,,,,,,,,,,,26247184.0,,,,,,,,,,,,,,,,,,,,,,
UKR,Ukraine,1913,,,,0.0,,,,,,,,,,,,,,,,,,,,,,,,,,,,,,,,,,,,,,,,,,,,,,,,,,,,,,0.0,0.0,,,,,,,,,,,,,,,,,,,,,,,,,,,,,,,,,,,,,,,,,,,,26492203.0,,,,,,,,,,,,,,,,,,,,,,
UKR,Ukraine,1914,,,,0.0,,,,,,,,,,,,,,,,,,,,,,,,,,,,,,,,,,,,,,,,,,,,,,,,,,,,,,0.0,0.0,,,,,,,,,,,,,,,,,,,,,,,,,,,,,,,,,,,,,,,,,,,,26739508.0,,,,,,,,,,,,,,,,,,,,,,
UKR,Ukraine,1915,,,,0.0,,,,,,,,,,,,,,,,,,,,,,,,,,,,,,,,,,,,,,,,,,,,,,,,,,,,,,0.0,0.0,,,,,,,,,,,,,,,,,,,,,,,,,,,,,,,,,,,,,,,,,,,,26989121.0,,,,,,,,,,,,,,,,,,,,,,
UKR,Ukraine,1916,,,,0.0,,,,,,,,,,,,,,,,,,,,,,,,,,,,,,,,,,,,,,,,,,,,,,,,,,,,,,0.0,0.0,,,,,,,,,,,,,,,,,,,,,,,,,,,,,,,,,,,,,,,,,,,,27241064.0,,,,,,,,,,,,,,,,,,,,,,
UKR,Ukraine,1917,,,,0.0,,,,,,,,,,,,,,,,,,,,,,,,,,,,,,,,,,,,,,,,,,,,,,,,,,,,,,0.0,0.0,,,,,,,,,,,,,,,,,,,,,,,,,,,,,,,,,,,,,,,,,,,,27495358.0,,,,,,,,,,,,,,,,,,,,,,
UKR,Ukraine,1918,,,,0.0,,,,,,,,,,,,,,,,,,,,,,,,,,,,,,,,,,,,,,,,,,,,,,,,,,,,,,0.0,0.0,,,,,,,,,,,,,,,,,,,,,,,,,,,,,,,,,,,,,,,,,,,,27747672.0,,,,,,,,,,,,,,,,,,,,,,
UKR,Ukraine,1919,,,,0.0,,,,,,,,,,,,,,,,,,,,,,,,,,,,,,,,,,,,,,,,,,,,,,,,,,,,,,0.0,0.0,,,,,,,,,,,,,,,,,,,,,,,,,,,,,,,,,,,,,,,,,,,,28002302.0,,,,,,,,,,,,,,,,,,,,,,
UKR,Ukraine,1920,,,,0.0,,,,,,,,,,,,,,,,,,,,,,,,,,,,,,,,,,,,,,,,,,,,,,,,,,,,,,0.0,0.0,,,,,,,,,,,,,,,,,,,,,,,,,,,,,,,,,,,,,,,,,,,,28259268.0,,,,,,,,,,,,,,,,,,,,,,
UKR,Ukraine,1921,,,,0.0,,,,,,,,,,,,,,,,,,,,,,,,,,,,,,,,,,,,,,,,,,,,,,,,,,,,,,0.0,0.0,,,,,,,,,,,,,,,,,,,,,,,,,,,,,,,,,,,,,,,,,,,,28518592.0,,,,,,,,,,,,,,,,,,,,,,
UKR,Ukraine,1922,,,,0.0,,,,,,,,,,,,,,,,,,,,,,,,,,,,,,,,,,,,,,,,,,,,,,,,,,,,,,0.0,0.0,,,,,,,,,,,,,,,,,,,,,,,,,,,,,,,,,,,,,,,,,,,,28780296.0,,,,,,,,,,,,,,,,,,,,,,
UKR,Ukraine,1923,,,,0.0,,,,,,,,,,,,,,,,,,,,,,,,,,,,,,,,,,,,,,,,,,,,,,,,,,,,,,0.0,0.0,,,,,,,,,,,,,,,,,,,,,,,,,,,,,,,,,,,,,,,,,,,,29044401.0,,,,,,,,,,,,,,,,,,,,,,
UKR,Ukraine,1924,,,,0.0,,,,,,,,,,,,,,,,,,,,,,,,,,,,,,,,,,,,,,,,,,,,,,,,,,,,,,0.0,0.0,,,,,,,,,,,,,,,,,,,,,,,,,,,,,,,,,,,,,,,,,,,,29310930.0,,,,,,,,,,,,,,,,,,,,,,
UKR,Ukraine,1925,,,,0.0,,,,,,,,,,,,,,,,,,,,,,,,,,,,,,,,,,,,,,,,,,,,,,,,,,,,,,0.0,0.0,,,,,,,,,,,,,,,,,,,,,,,,,,,,,,,,,,,,,,,,,,,,29579905.0,,,,,,,,,,,,,,,,,,,,,,
UKR,Ukraine,1926,,,,0.0,,,,,,,,,,,,,,,,,,,,,,,,,,,,,,,,,,,,,,,,,,,,,,,,,,,,,,0.0,0.0,,,,,,,,,,,,,,,,,,,,,,,,,,,,,,,,,,,,,,,,,,,,29851348.0,,,,,,,,,,,,,,,,,,,,,,
UKR,Ukraine,1927,,,,0.0,,,,,,,,,,,,,,,,,,,,,,,,,,,,,,,,,,,,,,,,,,,,,,,,,,,,,,0.0,0.0,,,,,,,,,,,,,,,,,,,,,,,,,,,,,,,,,,,,,,,,,,,,30125282.0,,,,,,,,,,,,,,,,,,,,,,
UKR,Ukraine,1928,,,,0.0,,,,,,,,,,,,,,,,,,,,,,,,,,,,,,,,,,,,,,,,,,,,,,,,,,,,,,0.0,0.0,,,,,,,,,,,,,,,,,,,,,,,,,,,,,,,,,,,,,,,,,,,,30401730.0,,,,,,,,,,,,,,,,,,,,,,
UKR,Ukraine,1929,,,,0.0,,,,,,,,,,,,,,,,,,,,,,,,,,,,,,,,,,,,,,,,,,,,,,,,,,,,,,0.0,0.0,,,,,,,,,,,,,,,,,,,,,,,,,,,,,,,,,,,,,,,,,,,,30680715.0,,,,,,,,,,,,,,,,,,,,,,
UKR,Ukraine,1930,,,,0.0,,,,,,,,,,,,,,,,,,,,,,,,,,,,,,,,,,,,,,,,,,,,,,,,,,,,,,0.0,0.0,,,,,,,,,,,,,,,,,,,,,,,,,,,,,,,,,,,,,,,,,,,,30962259.0,,,,,,,,,,,,,,,,,,,,,,
UKR,Ukraine,1931,,,,0.0,,,,,,,,,,,,,,,,,,,,,,,,,,,,,,,,,,,,,,,,,,,,,,,,,,,,,,0.0,0.0,,,,,,,,,,,,,,,,,,,,,,,,,,,,,,,,,,,,,,,,,,,,31246388.0,,,,,,,,,,,,,,,,,,,,,,
UKR,Ukraine,1932,,,,0.0,,,,,,,,,,,,,,,,,,,,,,,,,,,,,,,,,,,,,,,,,,,,,,,,,,,,,,0.0,0.0,,,,,,,,,,,,,,,,,,,,,,,,,,,,,,,,,,,,,,,,,,,,31533124.0,,,,,,,,,,,,,,,,,,,,,,
UKR,Ukraine,1933,,,,0.0,,,,,,,,,,,,,,,,,,,,,,,,,,,,,,,,,,,,,,,,,,,,,,,,,,,,,,0.0,0.0,,,,,,,,,,,,,,,,,,,,,,,,,,,,,,,,,,,,,,,,,,,,31822491.0,,,,,,,,,,,,,,,,,,,,,,
UKR,Ukraine,1934,,,,0.0,,,,,,,,,,,,,,,,,,,,,,,,,,,,,,,,,,,,,,,,,,,,,,,,,,,,,,0.0,0.0,,,,,,,,,,,,,,,,,,,,,,,,,,,,,,,,,,,,,,,,,,,,32114513.0,,,,,,,,,,,,,,,,,,,,,,
UKR,Ukraine,1935,,,,0.0,,,,,,,,,,,,,,,,,,,,,,,,,,,,,,,,,,,,,,,,,,,,,,,,,,,,,,0.0,0.0,,,,,,,,,,,,,,,,,,,,,,,,,,,,,,,,,,,,,,,,,,,,32409215.0,,,,,,,,,,,,,,,,,,,,,,
UKR,Ukraine,1936,,,,0.0,,,,,,,,,,,,,,,,,,,,,,,,,,,,,,,,,,,,,,,,,,,,,,,,,,,,,,0.0,0.0,,,,,,,,,,,,,,,,,,,,,,,,,,,,,,,,,,,,,,,,,,,,32706622.0,,,,,,,,,,,,,,,,,,,,,,
UKR,Ukraine,1937,,,,0.0,,,,,,,,,,,,,,,,,,,,,,,,,,,,,,,,,,,,,,,,,,,,,,,,,,,,,,0.0,0.0,,,,,,,,,,,,,,,,,,,,,,,,,,,,,,,,,,,,,,,,,,,,33006758.0,,,,,,,,,,,,,,,,,,,,,,
UKR,Ukraine,1938,,,,0.0,,,,,,,,,,,,,,,,,,,,,,,,,,,,,,,,,,,,,,,,,,,,,,,,,,,,,,0.0,0.0,,,,,,,,,,,,,,,,,,,,,,,,,,,,,,,,,,,,,,,,,,,,33309648.0,,,,,,,,,,,,,,,,,,,,,,
UKR,Ukraine,1939,,,,0.0,,,,,,,,,,,,,,,,,,,,,,,,,,,,,,,,,,,,,,,,,,,,,,,,,,,,,,0.0,0.0,,,,,,,,,,,,,,,,,,,,,,,,,,,,,,,,,,,,,,,,,,,,33615317.0,,,,,,,,,,,,,,,,,,,,,,
UKR,Ukraine,1940,,,,0.0,,,,,,,,,,,,,,,,,,,,,,,,,,,,,,,,,,,,,,,,,,,,,,,,,,,,,,0.0,0.0,,,,,,,,,,,,,,,,,,,,,,,,,,,,,,,,,,,,,,,,,,,,33923792.0,,,,,,,,,,,,,,,,,,,,,,
UKR,Ukraine,1941,,,,0.0,,,,,,,,,,,,,,,,,,,,,,,,,,,,,,,,,,,,,,,,,,,,,,,,,,,,,,0.0,0.0,,,,,,,,,,,,,,,,,,,,,,,,,,,,,,,,,,,,,,,,,,,,34235097.0,,,,,,,,,,,,,,,,,,,,,,
UKR,Ukraine,1942,,,,0.0,,,,,,,,,,,,,,,,,,,,,,,,,,,,,,,,,,,,,,,,,,,,,,,,,,,,,,0.0,0.0,,,,,,,,,,,,,,,,,,,,,,,,,,,,,,,,,,,,,,,,,,,,34549259.0,,,,,,,,,,,,,,,,,,,,,,
UKR,Ukraine,1943,,,,0.0,,,,,,,,,,,,,,,,,,,,,,,,,,,,,,,,,,,,,,,,,,,,,,,,,,,,,,0.0,0.0,,,,,,,,,,,,,,,,,,,,,,,,,,,,,,,,,,,,,,,,,,,,34866304.0,,,,,,,,,,,,,,,,,,,,,,
UKR,Ukraine,1944,,,,0.0,,,,,,,,,,,,,,,,,,,,,,,,,,,,,,,,,,,,,,,,,,,,,,,,,,,,,,0.0,0.0,,,,,,,,,,,,,,,,,,,,,,,,,,,,,,,,,,,,,,,,,,,,35186258.0,,,,,,,,,,,,,,,,,,,,,,
UKR,Ukraine,1945,,,,0.0,,,,,,,,,,,,,,,,,,,,,,,,,,,,,,,,,,,,,,,,,,,,,,,,,,,,,,0.0,0.0,,,,,,,,,,,,,,,,,,,,,,,,,,,,,,,,,,,,,,,,,,,,35509149.0,,,,,,,,,,,,,,,,,,,,,,
UKR,Ukraine,1946,,,,0.0,,,,,,,,,,,,,,,,,,,,,,,,,,,,,,,,,,,,,,,,,,,,,,,,,,,,,,0.0,0.0,,,,,,,,,,,,,,,,,,,,,,,,,,,,,,,,,,,,,,,,,,,,35835002.0,,,,,,,,,,,,,,,,,,,,,,
UKR,Ukraine,1947,,,,0.0,,,,,,,,,,,,,,,,,,,,,,,,,,,,,,,,,,,,,,,,,,,,,,,,,,,,,,0.0,0.0,,,,,,,,,,,,,,,,,,,,,,,,,,,,,,,,,,,,,,,,,,,,36163846.0,,,,,,,,,,,,,,,,,,,,,,
UKR,Ukraine,1948,,,,0.0,,,,,,,,,,,,,,,,,,,,,,,,,,,,,,,,,,,,,,,,,,,,,,,,,,,,,,0.0,0.0,,,,,,,,,,,,,,,,,,,,,,,,,,,,,,,,,,,,,,,,,,,,36495707.0,,,,,,,,,,,,,,,,,,,,,,
UKR,Ukraine,1949,,,,0.0,,,,,,,,,,,,,,,,,,,,,,,,,,,,,,,,,,,,,,,,,,,,,,,,,,,,,,0.0,0.0,,,,,,,,,,,,,,,,,,,,,,,,,,,,,,,,,,,,,,,,,,,,36873286.0,,,,,,,,,,,,,,,,,,,,,,
UKR,Ukraine,1950,,,,0.0,,,,,,,,,,,,,,,,,,,,,,,,,,,,,,,,,,,,,,,,,,,,,,,,,,,,,,0.0,0.0,,,,,,,,,,,,,,,,,,,,,,,,,,,,,,,,,,,,,,,,,,,,37297640.0,,,,,,,,,,,,,,,,,,,,,,
UKR,Ukraine,1951,,,,0.0,,,,,,,,,,,,,,,,,,,,,,,,,,,,,,,,,,,,,,,,,,,,,,,,,,,,,,0.0,0.0,,,,,,,,,,,,,,,,,,,,,,,,,,,,,,,,,,,,,,,,,,,,37815540.0,,,,,,,,,,,,,,,,,,,,,,
UKR,Ukraine,1952,,,,0.0,,,,,,,,,,,,,,,,,,,,,,,,,,,,,,,,,,,,,,,,,,,,,,,,,,,,,,0.0,0.0,,,,,,,,,,,,,,,,,,,,,,,,,,,,,,,,,,,,,,,,,,,,38360080.0,,,,,,,,,,,,,,,,,,,,,,
UKR,Ukraine,1953,,,,0.0,,,,,,,,,,,,,,,,,,,,,,,,,,,,,,,,,,,,,,,,,,,,,,,,,,,,,,0.0,0.0,,,,,,,,,,,,,,,,,,,,,,,,,,,,,,,,,,,,,,,,,,,,38915812.0,,,,,,,,,,,,,,,,,,,,,,
UKR,Ukraine,1954,,,,0.0,,,,,,,,,,,,,,,,,,,,,,,,,,,,,,,,,,,,,,,,,,,,,,,,,,,,,,0.0,0.0,,,,,,,,,,,,,,,,,,,,,,,,,,,,,,,,,,,,,,,,,,,,39471404.0,,,,,,,,,,,,,,,,,,,,,,
UKR,Ukraine,1955,,,,0.0,,,,,,,,,,,,,,,,,,,,,,,,,,,,,,,,,,,,,,,,,,,,,,,,,,,,,,0.0,0.0,,,,,,,,,,,,,,,,,,,,,,,,,,,,,,,,,,,,,,,,,,,,40019484.0,,,,,,,,,,,,,,,,,,,,,,
UKR,Ukraine,1956,,,,0.0,,,,,,,,,,,,,,,,,,,,,,,,,,,,,,,,,,,,,,,,,,,,,,,,,,,,,,0.0,0.0,,,,,,,,,,,,,,,,,,,,,,,,,,,,,,,,,,,,,,,,,,,,40557036.0,,,,,,,,,,,,,,,,,,,,,,
UKR,Ukraine,1957,,,,0.0,,,,,,,,,,,,,,,,,,,,,,,,,,,,,,,,,,,,,,,,,,,,,,,,,,,,,,0.0,0.0,,,,,,,,,,,,,,,,,,,,,,,,,,,,,,,,,,,,,,,,,,,,41085020.0,,,,,,,,,,,,,,,,,,,,,,
UKR,Ukraine,1958,,,,0.0,,,,,,,,,,,,,,,,,,,,,,,,,,,,,,,,,,,,,,,,,,,,,,,,,,,,,,0.0,0.0,,,,,,,,,,,,,,,,,,,,,,,,,,,,,,,,,,,,,,,,,,,,41607896.0,,,,,,,,,,,,,,,,,,,,,,
UKR,Ukraine,1959,,,,0.0,,,,,,,,,,,,,,,,,,,,,,,,,,,,,,,,,,,,,,,,,,,,,,,,,,,,,,0.0,0.0,,,,,,,,,,,,,,,,,,,,,,,,,,,,,,,,,,,,,,,,,,,,42132440.0,,,,,,,,,,,,,,,,,,,,,,
UKR,Ukraine,1960,,,,0.0,,,,,,,,,,,,,,,,,,,,,,,,,,,,,,,,,,,,,,,,,,,,,,,,,,,,,,0.0,0.0,,,,,,,,,,,,,,,,,,,,,,,,,,,,,,,,,,,,,,,,,,,,42664644.0,,,,,,,,,,,,,,,,,,,,,,
UKR,Ukraine,1961,,,,0.0,,,,,,,,,,,,,,,,,,,,,,,,,,,,,,,,,,,,,,,,,,,,,,,,,,,,,,0.0,0.0,,,,,,,,,,,,,,,,,,,,,,,,,,,,,,,,,,,,,,,,,,,,43206352.0,,,,,,,,,,,,,,,,,,,,,,
UKR,Ukraine,1962,,,,0.0,,,,,,,,,,,,,,,,,,,,,,,,,,,,,,,,,,,,,,,,,,,,,,,,,,,,,,0.0,0.0,,,,,,,,,,,,,,,,,,,,,,,,,,,,,,,,,,,,,,,,,,,,43752228.0,,,,,,,,,,,,,,,,,,,,,,
UKR,Ukraine,1963,,,,0.0,,,,,,,,,,,,,,,,,,,,,,,,,,,,,,,,,,,,,,,,,,,,,,,,,,,,,,0.0,0.0,,,,,,,,,,,,,,,,,,,,,,,,,,,,,,,,,,,,,,,,,,,,44288604.0,,,,,,,,,,,,,,,,,,,,,,
UKR,Ukraine,1964,,,,0.0,,,,,,,,,,,,,,,,,,,,,,,,,,,,,,,,,,,,,,,,,,,,,,,,,,,,,,0.0,0.0,,,,,,,,,,,,,,,,,,,,,,,,,,,,,,,,,,,,,,,,,,,,44796960.0,,,,,,,,,,,,,,,,,,,,,,
UKR,Ukraine,1965,,,,0.0,,,,,,,,,,,,,,,,,,,,,,,,,,,,,,,,,,,,,,,,,,,,,,,,,,,,,,0.0,0.0,,,,,,,,,,,,,,,,,,,,,,,,,,,,,,,,,,,,,,,,,,,,45264552.0,,,,,,,,,,,,,,,,,,,,,,
UKR,Ukraine,1966,,,,0.0,,,,,,,,,,,,,,,,,,,,,,,,,,,,,,,,,,,,,,,,,,,,,,,,,,,,,,0.0,0.0,,,,,,,,,,,,,,,,,,,,,,,,,,,,,,,,,,,,,,,,,,,,45684984.0,,,,,,,,,,,,,,,,,,,,,,
UKR,Ukraine,1967,,,,0.0,,,,,,,,,,,,,,,,,,,,,,,,,,,,,,,,,,,,,,,,,,,,,,,,,,,,,,0.0,0.0,,,,,,,,,,,,,,,,,,,,,,,,,,,,,,,,,,,,,,,,,,,,46063220.0,,,,,,,,,,,,,,,,,,,,,,
UKR,Ukraine,1968,,,,0.0,,,,,,,,,,,,,,,,,,,,,,,,,,,,,,,,,,,,,,,,,,,,,,,,,,,,,,0.0,0.0,,,,,,,,,,,,,,,,,,,,,,,,,,,,,,,,,,,,,,,,,,,,46411816.0,,,,,,,,,,,,,,,,,,,,,,
UKR,Ukraine,1969,,,,0.0,,,,,,,,,,,,,,,,,,,,,,,,,,,,,,,,,,,,,,,,,,,,,,,,,,,,,,0.0,0.0,,,,,,,,,,,,,,,,,,,,,,,,,,,,,,,,,,,,,,,,,,,,46749288.0,,,,,,,,,,,,,,,,,,,,,,
UKR,Ukraine,1970,,,,0.0,,,,,,,,,,,,,,,,,,,,,,,,,,,,,,,,,,,,,,,,,,,,,,,,,,,,,,0.0,0.0,,,,,,,,,,,,,,,,,,,,,,,,,,,,,,,,,,,,,,,,,,,,47088864.0,,,,,,,,,,,,,,,,,,,,,,
UKR,Ukraine,1971,,,,0.0,,,,,,,,,,,,,,,,,,,,,,,,,,,,,,,,,,,,,,,,,,,,,,,,,,,,,,0.0,0.0,,,,,,,,,,,,,,,,,,,,,,,,,,,,,,,,,,,,,,,,,,,,47435008.0,,,,,,,,,,,,,,,,,,,,,,
UKR,Ukraine,1972,,,,0.0,,,,,,,,,,,,,,,,,,,,,,,,,,,,,,,,,,,,,,,,,,,,,,,,,,,,,,0.0,0.0,,,,,,,,,,,,,,,,,,,,,,,,,,,,,,,,,,,,,,,,,,,,47783008.0,,,,,,,,,,,,,,,,,,,,,,
UKR,Ukraine,1973,,,,0.0,,,,,,,,,,,,,,,,,,,,,,,,,,,,,,,,,,,,,,,,,,,,,,379632598698.0,,,,,,,,0.0,0.0,,,,,,,,,,,,,,,,,,,,,,,,,,,,,,,,,,,,,,,,,,,,48125828.0,,,,,,,,,,,,,,,,,,,,,,
UKR,Ukraine,1974,,,,0.0,,,,,,,,,,,,,,,,,,,,,,,,,,,,,,,,,,,,,,,,,,,,,,,,,,,,,,0.0,0.0,,,,,,,,,,,,,,,,,,,,,,,,,,,,,,,,,,,,,,,,,,,,48452620.0,,,,,,,,,,,,,,,,,,,,,,
UKR,Ukraine,1975,,,,0.0,,,,,,,,,,,,,,,,,,,,,,,,,,,,,,,,,,,,,,,,,,,,,,,,,,,,,,0.0,0.0,,,,,,,,,,,,,,,,,,,,,,,,,,,,,,,,,,,,,,,,,,,,48755660.0,,,,,,,,,,,,,,,,,,,,,,
UKR,Ukraine,1976,,,,0.0,,,,,,,,,,,,,,,,,,,,,,,,,,,,,,,,,,,,,,,,,,,,,,,,,,,,,,0.0,0.0,,,,,,,,,,,,,,,,,,,,,,,,,,,,,,,,,,,,,,,,,,,,49032732.0,,,,,,,,,,,,,,,,,,,,,,
UKR,Ukraine,1977,,,,0.0,,,,,,,,,,,,,,,,,,,,,,,,,,,,,,,,,,,,,,,,,,,,,,,,,,,,,,0.0,0.0,,,,,,,,,,,,,,,,,,,,,,,,,,,,,,,,,,,,,,,,,,,,49287116.0,,,,,,,,,,,,,,,,,,,,,,
UKR,Ukraine,1978,,,,0.0,,,,,,,,,,,,,,,,,,,,,,,,,,,,,,,,,,,,,,,,,,,,,,,,,,,,,,0.0,0.0,,,,,,,,,,,,,,,,,,,,,,,,,,,,,,,,,,,,,,,,,,,,49523304.0,,,,,,,,,,,,,,,,,,,,,,
UKR,Ukraine,1979,,,,0.0,,,,,,,,,,,,,,,,,,,,,,,,,,,,,,,,,,,,,,,,,,,,,,,,,,,,,,0.0,0.0,,,,,,,,,,,,,,,,,,,,,,,,,,,,,,,,,,,,,,,,,,,,49747996.0,,,,,,,,,,,,,,,,,,,,,,
UKR,Ukraine,1985,,,,405.821,,,,,,,,,,,,,41.142,,35.593,,987.912,2197.721,19401.554,1083.986,21288.316,,,111.906,207.981,48.959,10.713,53.307,47.116,,0.0,10.713,0.0,0.0,272.0,,5.804,54508.938,,93.593,,2597.726,51016.553,4084.516,76.463,478213655976.0,17.999,,30.621,,849.915,961.494,16691.433,405.821,7969.891,3.938,,1.072,,29.757,210.385,584.402,23.537,64.019,1257.273,,6.407,,177.832,3492.428,,,19.598,,5.335,,148.075,1046.889,2908.026,17.322,,27.378,,759.896,925.3,14923.566,,,,0.0,,0.0,,0.0,,0.0,0.0,5341.789,50919272.0,2775.555,210.385,3.938,,1.072,,29.757,584.402,0.0,,0.0,,0.0,0.0,0.0,0.0,,0.0,,0.0,0.0,0.0
UKR,Ukraine,1986,2.422,26.258,-7.416,-30.096,,,0.466,12.93,,,,,,,,,43.277,-0.722,35.173,-7.129,980.784,2310.533,19201.903,1110.244,21736.476,,,118.016,219.336,51.632,10.655,42.709,49.688,,0.0,10.655,0.0,0.0,272.7,,5.801,54593.281,1.637,94.684,42.528,2640.254,51691.18,4294.179,80.431,480702437376.0,18.933,5.536,32.167,47.051,896.966,1010.849,17560.908,375.725,7355.988,3.907,-0.536,1.061,-0.16,29.598,208.608,579.468,19.569,53.364,1044.771,-16.644,5.316,-29.598,148.234,2902.145,,,15.662,-19.881,4.255,-29.438,118.636,836.163,2322.677,18.221,0.343,27.345,2.606,762.503,972.797,14928.369,,,,0.0,,0.0,0.0,0.0,,0.0,0.0,5338.95,51077456.0,2788.486,208.608,3.907,-0.536,1.061,-0.16,29.598,579.468,0.0,,0.0,0.0,0.0,0.0,0.0,0.0,,0.0,0.0,0.0,0.0,0.0
UKR,Ukraine,1987,-1.111,-12.333,-10.327,-38.803,,,2.125,59.269,,,,,,,,,42.334,-0.909,34.128,-8.911,971.873,2326.633,18974.526,1097.911,21435.229,,,119.17,221.48,52.136,9.595,50.425,50.174,,0.0,9.595,0.0,0.0,281.5,,5.763,55598.581,1.545,94.145,40.781,2681.035,52343.602,4324.102,78.679,494152238448.0,18.521,2.166,32.179,19.425,916.391,1017.893,17891.315,336.922,6577.956,3.408,-9.954,0.936,-2.946,26.651,187.32,520.334,21.321,60.02,1171.807,12.472,5.855,18.488,166.722,3255.023,,,17.913,18.067,4.919,21.434,140.071,984.487,2734.689,17.824,3.969,27.838,30.266,792.769,979.576,15477.761,,,,0.0,,0.0,0.0,0.0,,0.0,0.0,5495.909,51219912.0,2847.754,187.32,3.408,-9.954,0.936,-2.946,26.651,520.334,0.0,,0.0,0.0,0.0,0.0,0.0,0.0,,0.0,0.0,0.0,0.0,0.0
UKR,Ukraine,1988,-0.571,-6.264,-8.989,-30.285,,,0.041,1.157,,,,,,,,,38.611,-5.685,32.175,-55.247,916.626,2235.182,17854.6,1091.647,21263.746,,,114.751,213.267,50.203,11.932,72.001,48.313,,0.0,11.932,0.0,0.0,297.2,,5.709,55492.796,-2.434,91.816,-65.27,2615.765,50951.442,4154.138,71.759,499008432952.0,16.892,5.973,34.088,54.74,971.131,977.883,18916.293,306.637,5972.863,4.015,24.367,1.163,6.494,33.146,232.426,645.628,28.241,83.933,1634.902,39.842,8.184,66.426,233.148,4541.398,,,24.226,42.787,7.02,59.932,200.003,1402.476,3895.77,16.256,-8.169,25.554,-64.763,728.006,941.072,14180.55,,,,0.0,,0.0,0.0,0.0,,0.0,0.0,5789.04,51338392.0,2848.911,232.426,4.015,24.367,1.163,6.494,33.146,645.628,0.0,,0.0,0.0,0.0,0.0,0.0,0.0,,0.0,0.0,0.0,0.0,0.0
UKR,Ukraine,1989,-5.999,-65.487,-4.938,-15.143,,,-4.305,-122.643,,,,,,,,,39.841,-8.814,30.659,-80.791,835.834,2287.906,16254.317,1026.159,19955.512,,,117.649,218.654,51.471,10.129,66.516,49.534,,0.0,10.129,0.0,0.0,295.3,,5.251,53017.194,-3.915,92.191,-102.4,2513.366,48876.919,4252.127,74.045,519237901196.0,17.43,1.091,36.01,10.59,981.722,1000.95,19091.36,291.495,5668.637,3.43,-15.111,1.032,-5.009,28.137,196.982,547.172,25.955,76.646,1490.513,-8.683,7.809,-20.243,212.905,4140.317,,,22.525,-7.617,6.777,-15.235,184.768,1293.531,3593.144,16.774,-4.423,25.522,-32.198,695.808,963.271,13531.243,,,,0.0,,0.0,0.0,0.0,,0.0,0.0,5742.64,51422340.0,2726.268,196.982,3.43,-15.111,1.032,-5.009,28.137,547.172,0.0,,0.0,0.0,0.0,0.0,0.0,0.0,,0.0,0.0,0.0,0.0,0.0
UKR,Ukraine,1990,-1.616,-16.58,-8.766,-25.553,,,16.946,461.994,0.0,0.0,,,,,,,37.482,15.565,30.297,130.098,965.932,2174.956,18769.429,1009.58,19617.542,270.15,0.0,111.93,211.93,49.89,10.51,76.18,50.11,0.0,0.0,10.51,0.0,0.0,298.62,,6.429,61952.397,17.271,92.447,434.085,2947.451,57273.092,4118.096,70.97,495935195925.0,16.707,23.22,37.941,227.953,1209.674,969.432,23505.679,265.941,5167.615,3.52,3.798,0.916,1.069,29.206,204.224,567.505,29.03,86.69,1684.508,13.109,7.553,27.909,240.814,4679.354,-10.539,-28.47,25.511,14.527,6.637,26.841,211.609,1480.284,4111.849,16.781,10.928,24.209,76.035,771.842,973.707,14997.984,,,0.0,0.0,,0.0,0.0,0.0,0.0,0.0,0.0,5802.604,51463100.0,3188.262,204.224,3.52,3.798,0.916,1.069,29.206,567.505,0.0,,0.0,0.0,0.0,0.0,0.0,0.0,,0.0,0.0,0.0,0.0,0.0
UKR,Ukraine,1991,-14.957,-151.007,-13.167,-35.017,,,-6.282,-200.281,0.0,0.0,,,,,,,37.591,-11.237,28.695,-108.541,857.391,2034.151,16660.912,858.573,16683.859,263.66,0.0,104.68,191.63,46.43,11.71,75.13,40.52,0.0,0.0,11.71,0.0,0.0,278.47,,6.491,58062.72,-6.809,91.927,-200.692,2746.759,53375.257,3723.771,68.815,460353475965.0,16.673,-4.977,38.47,-60.206,1149.468,902.232,22336.586,230.924,4487.341,4.205,11.375,1.089,3.322,32.528,227.55,632.083,31.185,86.84,1687.483,0.171,8.073,0.411,241.225,4687.509,-5.617,-14.81,26.98,-1.376,6.985,-2.911,208.697,1459.933,4055.426,14.551,-4.139,24.762,-31.945,739.897,787.388,14377.759,,,0.0,0.0,,0.0,0.0,0.0,0.0,0.0,0.0,5411.254,51461272.0,2987.981,227.55,4.205,11.375,1.089,3.322,32.528,632.083,0.0,,0.0,0.0,0.0,0.0,0.0,0.0,,0.0,0.0,0.0,0.0,0.0
UKR,Ukraine,1992,-5.071,-43.534,-13.934,-32.178,,,-15.504,-463.247,0.0,0.0,,,,,,,41.194,-1.565,33.428,-13.418,843.973,2021.551,16414.63,815.039,15851.86,247.23,0.0,103.94,170.69,42.24,7.88,73.75,24.51,0.0,0.0,7.88,0.0,0.0,252.32,,5.987,49104.108,-16.339,91.019,-448.78,2297.978,44693.872,3319.787,67.648,421710449317.0,16.741,-14.747,38.814,-169.517,979.952,821.535,19059.309,198.746,3865.46,3.123,-32.681,0.867,-10.631,21.897,153.26,425.884,32.352,81.63,1587.639,-5.997,8.981,-14.467,226.759,4410.275,-2.059,-5.09,29.229,-1.838,8.114,-3.836,204.861,1434.38,3984.391,9.714,-35.93,18.776,-265.846,474.051,476.7,9219.933,56.145,1091.968,0.0,0.0,,0.0,0.0,0.0,0.0,0.0,0.0,4907.426,51415956.0,2524.735,153.26,3.123,-32.681,0.867,-10.631,21.897,425.884,0.0,,0.0,0.0,0.0,0.0,0.0,0.0,,0.0,0.0,0.0,0.0,0.0
UKR,Ukraine,1993,-14.812,-120.725,-8.571,-17.035,-5.418,-3.042,-12.395,-312.929,0.0,0.0,,,,,,,37.356,-10.934,33.986,-92.28,751.694,1672.188,14648.339,694.314,13530.156,228.17,0.0,85.81,143.43,38.89,11.04,75.24,18.73,0.0,0.0,11.04,0.0,0.0,229.71,,6.012,43101.658,-14.18,89.164,-325.844,1972.135,38431.173,2795.034,62.44,367893641118.0,16.93,-10.27,39.755,-100.641,879.31,757.853,17135.22,181.711,3541.018,4.806,40.036,1.386,8.767,30.664,215.138,597.551,37.56,86.28,1681.347,5.695,10.836,12.914,239.672,4670.519,-0.675,-1.54,32.754,2.024,9.45,4.147,209.009,1466.209,4072.969,8.154,-28.04,15.423,-132.923,341.129,364.993,6647.613,53.103,1034.814,0.0,0.0,,0.0,0.0,0.0,0.0,0.0,0.0,4476.381,51316012.0,2211.805,215.138,4.806,40.036,1.386,8.767,30.664,597.551,0.0,,0.0,0.0,0.0,0.0,0.0,0.0,,0.0,0.0,0.0,0.0,0.0
UKR,Ukraine,1994,-17.709,-122.955,-5.208,-9.464,-0.21,-0.111,-14.569,-322.238,0.0,0.0,,,,,,,37.187,-20.188,31.75,-151.751,599.943,1473.965,11729.619,571.358,11170.737,201.69,0.0,75.39,121.76,34.26,12.12,68.85,12.11,0.0,0.0,12.12,0.0,0.0,202.73,,6.551,36943.299,-15.591,88.098,-307.471,1664.663,32546.152,2380.554,60.06,288418689490.0,16.899,-12.45,40.742,-109.471,769.839,669.824,15051.287,172.247,3367.631,5.978,9.774,1.781,2.997,33.661,236.96,658.115,39.94,80.97,1583.06,-6.161,11.902,-14.767,224.906,4397.176,-0.516,-1.04,33.961,-8.499,10.121,-17.764,191.245,1346.1,3739.06,5.973,-13.558,15.606,-46.25,294.879,236.765,5765.246,52.991,1036.041,0.0,0.0,,0.0,0.0,0.0,0.0,0.0,0.0,3963.614,51147768.0,1889.567,236.96,5.978,9.774,1.781,2.997,33.661,658.115,0.0,,0.0,0.0,0.0,0.0,0.0,0.0,,0.0,0.0,0.0,0.0,0.0
UKR,Ukraine,1995,-12.928,-73.868,-6.714,-11.565,-2.726,-1.444,-2.424,-45.809,0.0,0.0,,,,,,,35.399,-1.137,32.169,-6.819,593.125,1347.837,11651.89,497.491,9773.159,190.87,0.0,68.61,113.35,32.73,9.95,70.52,12.01,0.0,0.0,9.95,0.0,0.0,193.82,,7.161,36220.467,-2.67,87.876,-44.448,1620.216,31828.983,2226.75,58.482,257477947425.0,16.887,-6.308,39.12,-48.56,721.279,642.978,14169.465,160.682,3156.576,5.134,-17.866,1.5,-6.014,27.647,195.467,543.128,41.518,80.47,1580.826,-0.605,12.124,-1.361,223.545,4391.513,-1.546,-2.95,36.384,2.433,10.625,4.653,195.897,1385.359,3848.386,6.196,3.707,16.586,10.931,305.811,235.935,6007.627,51.547,1012.634,0.0,0.0,,0.0,0.0,0.0,0.0,0.0,0.0,3807.576,50903780.0,1843.759,195.467,5.134,-17.866,1.5,-6.014,27.647,543.128,0.0,,0.0,0.0,0.0,0.0,0.0,0.0,,0.0,0.0,0.0,0.0,0.0
UKR,Ukraine,1996,-24.348,-121.127,1.096,1.76,0.778,0.401,-6.833,-125.987,0.0,0.0,,,,,,,29.989,-24.754,25.982,-146.82,446.305,1083.818,8823.673,376.364,7440.897,180.78,0.0,54.82,94.59,33.28,8.63,79.58,6.49,0.0,0.0,8.63,0.0,0.0,182.8,,7.291,33961.164,-9.102,85.736,-147.468,1472.748,29116.926,1870.089,51.745,235602709739.0,18.206,15.992,48.704,115.349,836.627,657.961,16540.535,162.442,3211.556,4.721,-13.272,1.396,-3.669,23.978,170.619,474.052,48.255,88.21,1743.954,9.609,14.264,21.481,245.025,4844.265,-1.117,-2.02,43.534,12.838,12.868,25.15,221.047,1573.335,4370.213,3.55,-37.931,11.05,-115.997,189.814,128.31,3752.718,51.948,1027.035,0.0,0.0,,0.0,0.0,0.0,0.0,0.0,0.0,3614.043,50580468.0,1717.772,170.619,4.721,-13.272,1.396,-3.669,23.978,474.052,0.0,,0.0,0.0,0.0,0.0,0.0,0.0,,0.0,0.0,0.0,0.0,0.0
UKR,Ukraine,1997,3.756,14.138,1.486,2.413,-0.131,-0.068,-3.574,-61.394,0.0,0.0,,,,,,,30.21,-2.437,26.288,-10.877,435.428,1070.391,8676.077,390.502,7780.888,177.67,0.0,53.72,88.53,31.02,9.86,79.43,3.79,0.0,0.0,9.86,0.0,0.0,177.82,,7.129,33003.932,-4.372,85.026,-64.394,1408.354,28061.965,1763.993,49.786,232333275369.0,17.445,-9.955,45.481,-83.284,753.343,618.085,15010.651,164.855,3284.803,5.545,14.18,1.653,3.4,27.378,196.464,545.513,50.214,89.29,1779.136,1.224,14.974,3.0,248.025,4941.993,-0.084,-0.15,44.669,-0.181,13.321,-0.4,220.647,1582.672,4396.481,2.131,15.682,13.257,29.767,219.581,75.517,4375.236,51.88,1033.725,0.0,0.0,,0.0,0.0,0.0,0.0,0.0,0.0,3543.129,50187280.0,1656.378,196.464,5.545,14.18,1.653,3.4,27.378,545.513,0.0,,0.0,0.0,0.0,0.0,0.0,0.0,,0.0,0.0,0.0,0.0,0.0
UKR,Ukraine,1998,2.36,9.217,-3.772,-6.218,-5.353,-2.777,-3.564,-59.039,0.0,0.0,,,,,,,28.283,2.482,27.936,10.806,446.234,981.576,8970.161,399.719,8035.111,171.98,0.0,48.83,81.67,29.2,15.74,75.24,3.64,0.0,0.0,15.74,0.0,0.0,172.65,,6.893,32109.546,-4.526,84.178,-63.739,1344.614,27029.313,1641.723,47.304,231737283334.0,16.913,-7.412,43.667,-55.838,697.505,586.976,14021.19,158.637,3188.915,9.117,59.69,2.737,16.342,43.719,316.404,878.845,52.696,90.98,1828.872,1.895,15.822,4.7,252.725,5080.259,-0.39,-0.67,43.579,-5.28,13.084,-11.65,208.997,1512.467,4201.246,2.108,-8.519,12.576,-18.707,200.874,73.171,4037.962,49.103,987.055,0.0,0.0,,0.0,0.0,0.0,0.0,0.0,0.0,3470.594,49746524.0,1597.338,316.404,9.117,59.72,2.738,16.35,43.728,879.012,0.0,,0.0,0.0,0.0,0.0,0.0,0.0,,0.001,0.008,0.008,0.0,0.168
UKR,Ukraine,1999,5.577,22.293,0.796,1.263,-3.092,-1.518,-1.479,-23.627,0.0,0.0,,,,,,,30.563,-1.087,28.047,-4.851,441.383,1066.166,8955.05,422.011,8562.026,168.5,0.0,52.55,85.55,30.25,14.32,72.07,2.75,0.0,0.0,14.32,0.0,0.0,171.94,,6.692,31928.41,-0.809,84.751,-10.88,1333.734,27059.616,1735.691,49.756,235148292804.0,17.593,6.242,47.089,43.535,741.04,613.73,15034.68,159.901,3244.166,8.328,-8.99,2.528,-3.931,39.789,290.533,807.262,50.244,86.39,1752.733,-5.044,15.249,-12.747,239.978,4868.819,-2.042,-3.44,41.916,-4.219,12.72,-8.817,200.181,1462.2,4061.388,1.599,-24.674,9.615,-49.564,151.311,55.794,3069.887,47.584,965.421,0.0,0.0,,0.0,0.0,0.0,0.0,0.0,0.0,3488.424,49288740.0,1573.711,290.533,8.328,-8.989,2.529,-3.931,39.797,807.431,0.0,,0.0,0.0,0.0,0.0,0.0,0.0,0.0,0.001,0.0,0.008,0.0,0.169
UKR,Ukraine,2000,0.162,0.685,-1.264,-2.021,-2.925,-1.392,0.324,5.104,0.0,0.0,,,,,,343.318,29.345,1.563,28.394,6.899,448.281,1029.115,9178.943,422.696,8655.056,167.42,0.0,50.26,82.65,29.95,11.27,77.34,2.44,0.0,0.0,11.28,0.0,0.01,171.27,58.8,6.236,32327.552,-0.082,84.408,-1.088,1332.647,27287.049,1692.328,48.257,253196065590.0,17.487,0.128,46.996,0.946,741.986,613.251,15192.799,157.88,3232.73,6.58,-21.293,1.984,-8.472,31.317,230.763,641.235,51.743,88.62,1814.568,2.58,15.592,6.192,246.17,5040.529,-2.3,-3.85,45.157,7.321,13.607,14.656,214.836,1583.601,4398.952,1.425,-5.904,9.018,-8.933,142.378,49.961,2915.308,46.192,945.828,0.0,0.0,,0.0,0.0,0.0,0.0,0.0,0.0,3506.896,48838060.0,1578.815,230.967,6.586,-21.268,1.985,-8.464,31.333,641.577,0.0,,0.0,0.0,0.0,0.0,0.0,0.006,100.0,0.001,0.008,0.017,0.205,0.341
UKR,Ukraine,2001,-0.751,-3.174,2.332,3.682,0.689,0.318,-1.43,-22.58,0.0,0.0,,,,,,348.822,30.079,-2.639,28.045,-11.83,436.451,1073.93,9017.289,419.522,8667.515,169.75,0.0,51.98,84.59,30.36,12.03,76.17,2.25,0.0,0.0,12.05,0.0,0.02,172.81,60.28,5.536,32152.514,-1.491,84.356,-19.867,1312.78,27122.624,1747.668,48.95,281110360721.0,17.568,-3.061,46.219,-22.714,719.272,627.251,14860.505,161.562,3337.941,6.961,6.03,2.134,1.889,33.205,248.545,686.035,51.05,88.22,1822.665,-1.102,15.644,-2.713,243.456,5029.916,-1.803,-3.06,44.077,-2.155,13.507,-4.629,210.207,1573.707,4342.968,1.302,10.309,10.092,14.677,157.055,46.486,3244.829,46.51,960.928,0.0,0.0,,0.0,0.0,0.0,0.0,0.0,0.0,3570.333,48401648.0,1556.235,248.958,6.973,6.115,2.137,1.916,33.249,686.947,0.0,,0.0,0.0,0.0,0.0,0.0,0.012,164.935,0.003,0.027,0.044,0.413,0.912
UKR,Ukraine,2002,-0.424,-1.779,9.425,15.228,0.955,0.444,-0.598,-9.303,0.0,0.0,,,,,,353.402,30.823,0.629,28.392,2.747,439.198,1115.047,9153.772,417.743,8706.592,170.45,0.0,53.5,85.93,30.49,9.63,77.99,1.94,0.0,0.0,9.65,0.0,0.02,173.57,61.34,5.138,32241.164,-0.468,84.466,-6.147,1306.633,27232.842,1790.953,49.507,301087073095.0,17.566,-1.579,45.763,-11.357,707.915,635.473,14754.388,176.79,3684.649,5.548,-20.505,1.706,-6.809,26.397,200.708,550.159,50.493,87.64,1826.593,-1.296,15.534,-3.156,240.301,5008.348,-1.83,-3.12,44.933,1.73,13.824,3.637,213.844,1625.468,4456.932,1.118,1.568,10.312,2.463,159.518,40.433,3324.682,46.955,978.633,0.0,0.0,,0.0,0.0,0.0,0.0,0.0,0.0,3617.547,47980032.0,1546.932,201.125,5.56,-20.429,1.71,-6.792,26.457,551.416,0.0,,0.0,0.0,0.0,0.0,0.0,0.012,36.613,0.004,0.016,0.06,0.417,1.257
UKR,Ukraine,2003,-2.964,-12.381,3.496,6.18,5.363,2.518,2.495,38.597,0.0,0.0,,,,,,350.166,29.7,2.769,28.467,12.161,451.359,1124.784,9485.829,405.361,8519.134,175.26,0.0,53.52,89.52,34.24,9.24,81.41,1.76,0.0,0.0,9.27,0.0,0.03,180.2,63.1,4.729,33321.712,2.439,84.42,31.866,1338.499,28130.09,1881.365,49.678,335257369297.0,19.001,2.005,45.544,14.196,722.112,719.593,15176.015,182.97,3845.317,5.128,-4.656,1.587,-1.229,25.168,194.189,528.927,50.322,90.68,1905.744,2.801,15.58,6.731,247.031,5191.649,-2.819,-4.94,45.178,3.711,13.988,7.936,221.779,1710.924,4660.947,0.977,3.454,10.408,5.509,165.028,36.988,3468.246,49.473,1039.732,0.0,0.0,,0.0,0.0,0.0,0.0,0.0,0.0,3787.109,47582464.0,1585.529,194.82,5.144,-4.554,1.593,-1.205,25.252,530.702,0.0,,0.0,0.0,0.0,0.0,0.0,0.017,40.006,0.005,0.024,0.084,0.63,1.775
UKR,Ukraine,2004,-0.634,-2.568,5.845,10.694,8.98,4.443,-0.428,-6.782,0.0,0.0,,,,,,312.988,24.157,-4.987,27.164,-22.509,428.85,931.223,9082.449,402.793,8530.594,176.69,0.0,43.97,83.22,37.52,11.75,87.02,1.73,0.0,0.0,11.78,0.0,0.03,182.02,56.97,4.143,33435.652,-2.034,83.058,-27.224,1311.275,27770.953,1762.483,45.72,381078075106.0,20.613,-0.786,45.38,-5.678,716.433,794.621,15173.059,193.664,4101.533,6.455,26.414,2.015,6.648,31.815,248.848,673.807,54.28,98.8,2092.445,8.275,16.942,20.443,267.474,5664.725,-3.017,-5.33,47.808,6.218,14.921,13.79,235.569,1842.961,4989.026,0.95,0.583,10.514,0.963,165.99,36.639,3515.445,53.916,1141.861,0.0,0.0,,0.0,0.0,0.0,0.0,0.0,0.0,3854.928,47217488.0,1578.747,249.484,6.472,26.345,2.021,6.653,31.905,675.699,0.0,,0.0,0.0,0.0,0.0,0.0,0.016,5.774,0.006,0.005,0.089,0.635,1.892
UKR,Ukraine,2005,0.124,0.5,1.588,3.076,2.406,1.297,1.233,19.459,0.0,0.0,,,,,,317.734,24.861,1.146,27.141,4.915,433.765,985.695,9250.548,403.293,8600.699,177.56,0.0,46.22,84.75,34.16,12.36,88.76,4.37,0.0,0.0,12.4,0.0,0.04,185.91,59.07,4.002,34083.6,1.131,82.975,14.833,1326.108,28280.785,1807.392,45.587,399366234318.0,18.374,0.793,45.183,5.678,722.112,728.502,15399.878,196.74,4195.707,6.648,4.524,2.081,1.439,33.255,263.591,709.2,54.413,101.16,2157.354,1.729,17.025,4.626,272.1,5802.842,-4.703,-8.35,47.744,1.347,14.938,3.173,238.743,1892.91,5091.462,2.351,2.554,10.651,4.24,170.23,93.195,3630.359,55.213,1177.477,0.0,0.0,,0.0,0.0,0.0,0.0,0.0,0.0,3964.746,46890772.0,1598.206,264.444,6.67,4.552,2.087,1.452,33.357,711.38,0.0,,0.0,0.0,0.0,0.0,0.0,0.022,14.423,0.006,0.013,0.102,0.853,2.18
UKR,Ukraine,2006,1.797,7.247,1.472,2.896,3.756,2.074,1.177,18.81,0.0,0.0,,,,,,345.392,31.983,7.521,28.843,32.624,466.389,1325.97,10006.761,410.54,8808.478,182.79,0.0,61.8,90.09,24.45,12.89,90.22,3.84,0.0,0.0,12.92,0.0,0.03,193.23,66.74,3.702,34694.416,1.147,82.95,15.205,1341.313,28778.968,1932.955,46.623,436786699600.0,12.653,-3.014,43.311,-21.767,700.344,524.595,15026.47,199.636,4283.353,6.671,3.575,2.13,1.189,34.444,276.566,739.019,53.377,103.14,2212.953,1.325,17.05,3.605,275.705,5915.476,-5.711,-10.44,46.69,1.016,14.914,2.425,241.168,1935.744,5174.45,1.987,2.555,10.796,4.349,174.579,82.39,3745.737,57.287,1229.133,0.0,0.0,,0.0,0.0,0.0,0.0,0.0,0.0,4145.908,46607400.0,1617.017,277.209,6.686,3.538,2.136,1.18,34.537,741.026,0.0,,0.0,0.0,0.0,0.0,0.0,0.016,-8.474,0.006,-0.009,0.094,0.644,2.007
UKR,Ukraine,2007,-1.424,-5.845,0.047,0.095,-1.875,-1.074,-0.391,-6.318,0.143,6.039,,,,,,357.143,34.7,6.371,30.8,29.712,496.101,1467.875,10699.598,404.695,8728.209,186.97,0.28,68.06,93.13,22.45,10.14,92.54,2.62,0.0,0.28,10.47,0.0,0.05,196.14,70.05,3.352,34738.53,-0.316,83.012,-4.236,1337.077,28837.226,2008.569,47.481,480580672932.0,11.446,-5.676,41.013,-39.749,660.595,484.187,14247.303,199.731,4307.663,5.17,-21.779,1.673,-7.501,26.942,218.693,581.076,52.519,103.01,2221.654,-0.755,16.988,-2.082,273.623,5901.331,-4.905,-9.17,47.181,1.927,15.261,4.647,245.815,1995.844,5301.58,1.336,3.323,11.199,5.801,180.38,56.506,3890.325,56.213,1212.362,0.0,6.039,,0.046,0.746,0.746,0.0,0.143,16.098,4230.223,46366348.0,1610.699,225.81,5.338,-19.483,1.726,-6.729,27.808,599.752,0.0,,0.0,0.0,0.0,0.0,0.0,0.025,27.768,0.007,0.026,0.12,1.078,2.578
UKR,Ukraine,2008,-0.136,-0.552,1.611,3.218,-6.788,-3.816,-3.468,-55.86,0.135,5.633,,,,,,359.383,35.507,-2.014,31.264,-9.99,486.111,1481.41,10531.298,404.143,8755.515,185.85,0.26,68.38,90.92,19.31,11.51,89.84,3.23,0.0,0.26,11.82,0.0,0.05,192.58,69.21,3.112,33684.615,-3.784,82.74,-50.6,1286.477,27870.731,1969.726,47.212,499592178266.0,10.027,-5.014,40.356,-33.124,627.471,418.339,13593.772,202.948,4396.751,5.977,12.792,1.954,3.446,30.389,249.357,658.356,52.788,101.66,2202.401,-1.923,17.26,-5.261,268.363,5813.911,-3.621,-6.73,46.651,-3.522,15.253,-8.657,237.158,1946.328,5137.884,1.677,-4.15,11.12,-7.485,172.895,69.976,3745.661,52.397,1135.152,0.0,5.633,-6.633,0.045,-0.05,0.697,0.0,0.135,15.098,4172.127,46158712.0,1554.838,256.073,6.138,12.213,2.007,3.396,31.205,676.027,0.0,,0.0,0.0,0.0,0.0,0.0,0.026,-0.621,0.008,-0.001,0.119,1.083,2.573
UKR,Ukraine,2009,-7.196,-29.083,0.21,0.426,-6.037,-3.163,-14.861,-231.066,0.081,3.045,,,,,,353.819,36.269,-14.182,31.514,-68.943,417.168,1369.778,9074.612,375.06,8158.63,169.35,0.14,62.97,78.58,11.69,11.94,82.92,3.92,0.0,0.14,12.12,0.0,0.04,173.62,61.43,3.071,28795.857,-16.482,81.165,-212.042,1074.435,23372.045,1709.341,45.26,431074427862.0,6.733,-22.054,36.946,-138.384,489.086,254.291,10639.04,203.374,4423.974,6.877,3.043,2.365,0.925,31.314,259.729,681.161,54.74,95.04,2067.393,-7.089,18.835,-19.024,249.339,5423.835,-2.521,-4.27,47.759,-8.269,16.434,-19.61,217.548,1803.748,4732.288,2.258,-2.727,12.705,-4.715,168.18,85.271,3658.393,49.234,1070.985,0.0,3.045,-47.673,0.028,-0.332,0.365,0.0,0.081,7.932,3776.734,45970940.0,1323.773,263.645,6.981,1.88,2.402,0.587,31.791,691.547,0.0,,0.0,0.0,0.0,0.0,0.0,0.023,-5.034,0.009,-0.006,0.113,0.87,2.454
UKR,Ukraine,2010,-0.324,-1.214,-4.472,-9.095,-10.8,-5.317,6.964,92.184,0.101,4.149,,,,,,352.77,35.642,6.638,31.418,27.691,444.859,1469.686,9714.768,373.846,8163.98,184.76,0.19,67.3,86.28,15.7,13.15,89.15,3.28,0.0,0.19,13.39,0.0,0.05,188.82,66.61,3.222,30921.438,6.902,81.118,74.159,1148.594,25082.804,1884.168,45.694,439429757011.0,8.315,11.556,38.533,56.52,545.606,342.854,11914.863,194.279,4242.638,6.964,9.512,2.422,2.978,34.292,287.168,748.864,54.306,102.54,2239.252,7.229,18.882,18.026,267.364,5838.658,-2.197,-4.06,47.214,6.851,16.417,14.904,232.452,1946.843,5076.242,1.737,-5.977,11.168,-10.052,158.128,71.628,3453.173,43.917,959.046,0.0,4.149,34.422,0.035,0.126,0.49,0.0,0.101,10.705,4123.42,45792084.0,1415.957,292.409,7.091,9.819,2.466,3.122,34.913,762.416,0.0,,0.0,0.0,0.0,0.0,0.0,0.026,15.566,0.009,0.018,0.13,1.092,2.847
UKR,Ukraine,2011,12.988,48.555,0.599,1.164,-5.6,-2.459,3.424,48.482,0.067,2.85,,,,,,368.505,38.03,8.468,32.95,37.67,482.529,1625.17,10577.173,422.401,9259.143,188.66,0.13,74.14,93.5,18.45,10.95,90.25,0.91,0.0,0.13,11.2,0.03,0.09,194.95,71.84,3.108,32100.909,4.61,82.048,52.954,1201.548,26338.278,2049.546,47.961,471221130828.0,9.464,2.871,38.327,15.663,561.269,404.429,12303.185,195.443,4284.173,5.617,-17.297,1.937,-5.931,28.361,240.027,621.671,52.039,101.45,2223.813,-1.673,17.952,-4.473,262.892,5762.657,-3.334,-6.29,46.294,0.612,15.97,1.422,233.874,1978.305,5126.58,0.467,-0.239,10.772,-0.378,157.75,19.947,3457.919,41.457,908.76,0.0,2.85,-29.158,0.024,-0.143,0.347,0.0,0.067,7.612,4273.359,45619852.0,1464.439,245.507,5.745,-16.885,1.981,-5.895,29.018,636.077,0.015,,0.005,0.078,0.078,0.658,1.71,0.046,77.909,0.016,0.102,0.232,1.973,5.084
UKR,Ukraine,2012,7.633,32.244,-0.775,-1.514,0.697,0.289,-1.937,-28.37,0.066,2.86,,,,,,380.672,40.316,2.96,34.595,14.282,496.81,1759.369,10930.015,454.645,10002.346,186.89,0.13,79.97,96.99,16.04,10.48,90.14,0.98,0.0,0.13,11.23,0.33,0.29,198.36,75.51,3.04,31594.037,-2.213,81.818,-26.587,1174.962,25849.577,2133.815,48.896,472338514458.0,8.086,-7.64,36.098,-42.882,518.387,352.886,11404.713,193.929,4266.509,5.283,-4.831,1.879,-1.37,26.99,230.564,593.799,51.104,101.37,2230.176,-0.678,18.182,-1.783,261.109,5744.485,-6.137,-11.47,45.443,-0.728,16.167,-1.702,232.172,1983.112,5107.873,0.494,1.276,11.125,2.014,159.763,21.56,3514.85,41.747,918.44,0.0,2.86,-0.606,0.024,-0.002,0.345,0.0,0.066,7.593,4363.991,45453804.0,1436.069,247.064,5.661,-0.28,2.015,-0.081,28.936,636.612,0.166,1000.598,0.06,0.78,0.859,7.26,18.887,0.146,220.059,0.052,0.51,0.742,6.38,16.332
UKR,Ukraine,2013,-2.237,-10.168,3.948,7.656,-7.898,-3.297,-5.365,-77.049,0.052,2.208,,,,,,386.402,41.366,-3.022,35.452,-15.014,481.796,1769.382,10638.738,444.476,9814.658,183.82,0.1,80.13,95.39,13.98,13.8,83.21,1.28,0.0,0.1,15.11,0.57,0.64,193.71,74.85,2.878,30009.075,-5.801,81.441,-68.163,1106.799,24439.659,2106.345,49.244,472222848744.0,7.217,-7.986,35.098,-41.396,476.991,308.698,10532.64,201.586,4451.291,7.124,30.949,2.601,8.353,35.344,304.723,780.438,50.756,98.32,2171.043,-3.591,18.523,-9.377,251.732,5558.591,-5.38,-9.89,42.956,-8.243,15.676,-19.137,213.035,1837.393,4704.116,0.661,-7.356,10.891,-11.753,148.01,28.264,3268.281,38.45,849.022,0.0,2.208,-25.081,0.019,-0.087,0.259,0.0,0.052,5.71,4277.388,45286988.0,1359.021,333.65,7.8,33.73,2.847,9.76,38.697,854.474,0.294,69.987,0.107,0.601,1.459,12.586,32.224,0.33,120.247,0.12,0.893,1.635,14.132,36.102
UKR,Ukraine,2014,-31.799,-141.341,0.3,0.606,-11.129,-4.279,-11.569,-157.219,0.071,2.882,,,,,,359.325,38.213,-14.124,34.427,-68.047,413.749,1541.513,9171.695,303.135,6719.684,173.55,0.13,69.54,83.42,12.71,8.48,88.39,1.17,0.0,0.13,10.17,0.43,1.13,181.98,65.39,2.724,26640.663,-14.121,79.09,-156.291,950.508,21070.174,1849.195,45.84,441258905842.0,6.984,-15.476,33.547,-73.82,403.171,281.746,8937.214,202.191,4482.03,4.66,-38.952,1.795,-13.767,21.576,187.979,478.291,54.16,98.56,2184.807,-0.363,20.87,-0.914,250.818,5559.949,-4.857,-8.43,48.571,5.589,18.717,11.907,224.943,1959.366,4986.364,0.643,-9.745,11.116,-14.423,133.587,25.936,2961.265,34.171,757.473,0.0,2.882,27.942,0.028,0.072,0.331,0.0,0.071,7.334,4034.002,45111532.0,1201.801,225.441,5.589,-33.133,2.153,-12.821,25.875,573.585,0.236,-25.188,0.091,-0.368,1.092,9.532,24.202,0.621,75.921,0.239,1.241,2.876,25.049,63.759
UKR,Ukraine,2015,-34.224,-103.745,-6.853,-13.855,-10.73,-3.666,-17.083,-205.302,0.087,3.117,,,,,,325.415,34.237,-23.139,31.913,-95.738,318.011,1231.923,7079.238,199.39,4438.624,160.29,0.14,55.34,66.91,10.1,5.4,87.63,1.47,0.0,0.14,7.1,0.48,1.08,161.64,52.6,2.503,22183.051,-20.415,75.912,-194.046,756.462,16839.583,1489.483,41.394,398132489631.0,6.248,-20.657,32.101,-83.284,319.887,224.836,7121.005,188.336,4192.541,3.341,-36.73,1.37,-7.925,13.651,120.209,303.894,58.606,94.73,2108.783,-4.455,24.049,-11.174,239.644,5334.703,-0.842,-1.35,54.213,-1.452,22.246,-3.266,221.677,1950.73,4934.741,0.909,-11.246,11.898,-15.024,118.563,32.724,2639.34,30.504,679.057,0.0,3.117,10.875,0.037,0.036,0.367,0.0,0.087,8.166,3598.266,44921636.0,996.499,158.053,4.392,-30.563,1.803,-7.908,17.967,399.962,0.297,10.411,0.121,0.114,1.205,10.685,26.834,0.668,-4.623,0.275,-0.133,2.743,24.042,61.068
UKR,Ukraine,2016,6.214,12.39,1.005,1.893,-7.093,-2.164,4.627,46.111,0.086,3.131,,,,,,350.915,36.596,18.673,36.197,59.383,377.394,1332.925,8440.226,211.78,4736.365,159.11,0.14,59.6,72.66,9.84,7.67,80.95,3.22,0.0,0.14,9.25,0.49,0.95,162.86,57.15,2.56,23317.455,7.782,78.201,58.867,815.328,18234.416,1625.005,44.615,407348479862.0,6.042,-1.775,30.137,-5.678,314.208,220.067,7027.123,190.229,4254.369,4.71,41.4,1.851,5.652,19.303,171.536,431.703,55.385,90.2,2017.278,-5.338,21.758,-12.793,226.851,5073.402,-2.357,-3.75,49.705,-8.167,19.525,-18.104,203.573,1810.407,4552.802,1.977,4.354,11.867,5.162,123.726,72.014,2767.067,28.341,633.827,0.0,3.131,-6.762,0.033,-0.025,0.342,0.0,0.086,7.649,3642.283,44713708.0,1042.61,206.872,5.68,29.56,2.233,5.311,23.278,520.6,0.301,2.392,0.118,0.029,1.234,10.959,27.604,0.583,-12.564,0.23,-0.345,2.399,21.246,53.644
UKR,Ukraine,2017,-25.194,-53.356,1.99,3.786,0.0,,-6.965,-72.615,0.136,4.72,,,,,,298.536,30.967,-20.626,30.882,-77.84,299.554,1074.904,6733.414,158.424,3561.085,149.24,0.21,47.82,57.96,7.39,8.95,85.58,2.75,0.0,0.21,10.88,0.74,0.98,154.42,46.1,2.323,21803.655,-10.665,75.091,-86.951,728.377,16372.546,1302.832,37.534,417634029115.0,4.786,-3.916,31.124,-12.303,301.905,166.113,6786.265,194.014,4361.076,5.796,15.883,2.306,3.066,22.369,201.179,502.814,62.466,96.46,2168.239,6.28,24.856,14.247,241.097,5419.412,-3.471,-5.18,55.42,5.093,22.056,10.368,213.941,1923.677,4808.984,1.781,2.58,13.084,3.192,126.917,61.815,2852.868,,,0.0,4.72,53.43,0.054,0.183,0.525,0.0,0.136,11.795,3471.071,44487708.0,969.995,244.562,7.046,16.662,2.8,3.879,27.157,610.428,0.479,46.181,0.186,0.57,1.804,16.634,40.556,0.635,2.497,0.253,0.06,2.459,22.029,55.263
UKR,Ukraine,2018,2.737,4.336,1.463,2.839,0.0,,3.632,35.23,0.19,6.78,,,,,,299.88,30.152,8.922,32.458,26.726,326.28,1078.286,7374.198,162.761,3678.529,152.16,0.3,47.71,60.81,10.58,10.43,84.4,2.52,0.0,0.3,13.02,1.1,1.19,158.23,47.45,2.331,22718.923,4.709,75.871,34.3,762.678,17237.148,1374.357,38.431,431319895538.0,6.686,1.254,30.41,3.786,305.691,239.117,6908.871,196.853,4449.053,6.592,15.86,2.578,3.548,25.917,235.727,585.742,61.569,97.42,2201.773,0.429,24.087,1.034,242.131,5472.371,-3.989,-6.07,53.34,-1.953,20.867,-4.179,209.762,1907.51,4740.785,1.593,2.985,13.003,3.789,130.707,56.954,2954.079,,,0.0,6.78,42.326,0.074,0.222,0.747,0.0,0.19,16.88,3576.13,44246156.0,1005.225,294.263,8.229,19.197,3.22,5.213,32.37,731.586,0.695,52.56,0.274,0.948,2.753,24.861,62.21,0.752,20.139,0.294,0.495,2.954,26.895,66.754
UKR,Ukraine,2019,-0.322,-0.525,-1.442,-2.839,0.0,,-5.512,-55.409,0.269,9.32,,,,,,292.873,29.215,-8.329,31.491,-27.177,299.103,1013.783,6798.78,162.236,3687.714,148.62,0.41,44.6,57.79,11.93,6.51,83.0,1.26,0.0,0.41,11.87,2.93,2.02,152.66,44.71,,21589.847,-6.37,75.183,-48.579,714.098,16231.847,1313.599,37.855,,7.815,-7.43,29.793,-22.714,282.977,271.176,6432.227,194.014,4410.052,4.264,-37.817,1.697,-9.801,16.116,147.976,366.325,62.145,94.87,2156.448,-3.057,24.713,-7.403,234.729,5335.512,-2.718,-4.04,54.369,-2.016,21.639,-4.229,205.533,1886.636,4671.875,0.825,1.003,13.899,1.311,132.018,28.641,3000.839,,,0.0,9.32,9.141,0.086,0.068,0.815,0.0,0.269,18.528,3470.047,43993644.0,949.816,269.812,7.775,-9.806,3.074,-3.174,29.196,663.637,1.919,163.836,0.765,4.51,7.262,66.601,165.075,1.323,69.366,0.527,2.049,5.002,45.916,113.709
UKR,Ukraine,2020,-7.706,-12.503,-2.2,-4.268,0.0,,-3.084,-29.289,0.513,17.378,,,,,,279.239,26.056,-8.622,29.691,-25.79,273.313,883.299,6249.485,149.733,3423.749,148.26,0.76,38.63,54.5,14.19,7.56,76.2,1.68,0.0,0.76,17.56,5.97,3.27,148.26,41.4,,21048.438,-3.062,75.199,-21.868,692.23,15828.284,1246.177,36.76,,9.571,3.679,31.872,10.411,293.387,324.463,6708.494,189.746,4338.661,5.099,-3.977,1.681,-0.641,15.475,172.864,353.845,63.24,93.76,2143.882,-3.103,24.708,-7.283,227.445,5200.682,0.0,0.0,51.396,-8.53,20.423,-17.532,188.001,1742.361,4298.759,1.133,-4.915,13.637,-6.489,125.529,38.414,2870.304,,,0.0,17.378,8.312,0.096,0.068,0.883,0.0,0.513,20.188,3390.059,43733756.0,920.527,401.521,11.844,35.103,4.285,10.249,39.444,901.923,4.027,110.141,1.658,7.999,15.261,136.508,348.952,2.206,56.436,0.85,2.823,7.826,74.771,178.938
UKR,Ukraine,2021,,,,,,,,,0.488,17.485,,,,,,240.28,23.225,,,,,831.439,,,,152.51,0.76,36.14,47.58,9.76,10.54,86.3,1.68,0.0,0.76,21.73,5.97,4.46,155.61,37.39,,,,,,,,1094.628,30.576,,6.272,,,,,224.539,,,,6.773,,,,,242.484,,69.424,108.03,2485.344,,,,,,-2.033,-3.1,55.459,,,,,1985.422,,1.08,,,,,38.65,,,,0.0,17.485,,,,,0.0,0.488,,3579.972,43466820.0,,499.922,13.964,,,,,,3.837,,,,,137.346,,2.866,,,,,102.607,
