iso_code,country,year,coal_prod_change_pct,coal_prod_change_twh,gas_prod_change_pct,gas_prod_change_twh,oil_prod_change_pct,oil_prod_change_twh,energy_cons_change_pct,energy_cons_change_twh,biofuel_share_elec,biofuel_elec_per_capita,biofuel_cons_change_pct,biofuel_share_energy,biofuel_cons_change_twh,biofuel_consumption,biofuel_cons_per_capita,carbon_intensity_elec,coal_share_elec,coal_cons_change_pct,coal_share_energy,coal_cons_change_twh,coal_consumption,coal_elec_per_capita,coal_cons_per_capita,coal_production,coal_prod_per_capita,electricity_demand,biofuel_electricity,coal_electricity,fossil_electricity,gas_electricity,hydro_electricity,nuclear_electricity,oil_electricity,other_renewable_exc_biofuel_electricity,other_renewable_electricity,renewables_electricity,solar_electricity,wind_electricity,electricity_generation,greenhouse_gas_emissions,energy_per_gdp,energy_per_capita,fossil_cons_change_pct,fossil_share_energy,fossil_cons_change_twh,fossil_fuel_consumption,fossil_energy_per_capita,fossil_cons_per_capita,fossil_share_elec,gdp,gas_share_elec,gas_cons_change_pct,gas_share_energy,gas_cons_change_twh,gas_consumption,gas_elec_per_capita,gas_energy_per_capita,gas_production,gas_prod_per_capita,hydro_share_elec,hydro_cons_change_pct,hydro_share_energy,hydro_cons_change_twh,hydro_consumption,hydro_elec_per_capita,hydro_energy_per_capita,low_carbon_share_elec,low_carbon_electricity,low_carbon_elec_per_capita,low_carbon_cons_change_pct,low_carbon_share_energy,low_carbon_cons_change_twh,low_carbon_consumption,low_carbon_energy_per_capita,net_elec_imports_share_demand,net_elec_imports,nuclear_share_elec,nuclear_cons_change_pct,nuclear_share_energy,nuclear_cons_change_twh,nuclear_consumption,nuclear_elec_per_capita,nuclear_energy_per_capita,oil_share_elec,oil_cons_change_pct,oil_share_energy,oil_cons_change_twh,oil_consumption,oil_elec_per_capita,oil_energy_per_capita,oil_production,oil_prod_per_capita,other_renewables_elec_per_capita_exc_biofuel,other_renewables_elec_per_capita,other_renewables_cons_change_pct,other_renewables_share_energy,other_renewables_cons_change_twh,other_renewable_consumption,other_renewables_share_elec_exc_biofuel,other_renewables_share_elec,other_renewables_energy_per_capita,per_capita_electricity,population,primary_energy_consumption,renewables_elec_per_capita,renewables_share_elec,renewables_cons_change_pct,renewables_share_energy,renewables_cons_change_twh,renewables_consumption,renewables_energy_per_capita,solar_share_elec,solar_cons_change_pct,solar_share_energy,solar_cons_change_twh,solar_consumption,solar_elec_per_capita,solar_energy_per_capita,wind_share_elec,wind_cons_change_pct,wind_share_energy,wind_cons_change_twh,wind_consumption,wind_elec_per_capita,wind_energy_per_capita
VIR,United States Virgin Islands,1980,,,,,,,,,,,,,,,,,,,,,,,,0.0,0.0,,,,,,,,,,,,,,,,,126123.195,,,,,,,,,,,,,,,,,,,,,,,,,,,,,,,,,,,,,,,,,,,,,,,,,,,,,,,,,,,,,99089.0,12.497,,,,,,,,,,,,,,,,,,,,,
VIR,United States Virgin Islands,1981,,0.0,,,,,-0.273,-0.034,,,,,,,,,,,,,,,,0.0,0.0,,,,,,,,,,,,,,,,,123557.8,,,,,,,,,,,,,,,,,,,,,,,,,,,,,,,,,,,,,,,,,,,,,,,,,,,,,,,,,,,,,100870.0,12.463,,,,,,,,,,,,,,,,,,,,,
VIR,United States Virgin Islands,1982,,0.0,,,,,0.0,0.0,,,,,,,,,,,,,,,,0.0,0.0,,,,,,,,,,,,,,,,,121623.781,,,,,,,,,,,,,,,,,,,,,,,,,,,,,,,,,,,,,,,,,,,,,,,,,,,,,,,,,,,,,102474.0,12.463,,,,,,,,,,,,,,,,,,,,,
VIR,United States Virgin Islands,1983,,0.0,,,,,0.0,0.0,,,,,,,,,,,,,,,,0.0,0.0,,,,,,,,,,,,,,,,,120049.272,,,,,,,,,,,,,,,,,,,,,,,,,,,,,,,,,,,,,,,,,,,,,,,,,,,,,,,,,,,,,103818.0,12.463,,,,,,,,,,,,,,,,,,,,,
VIR,United States Virgin Islands,1984,,0.0,,,,,0.274,0.034,,,,,,,,,,,,,,,,0.0,0.0,,,,,,,,,,,,,,,,,119274.103,,,,,,,,,,,,,,,,,,,,,,,,,,,,,,,,,,,,,,,,,,,,,,,,,,,,,,,,,,,,,104779.0,12.497,,,,,,,,,,,,,,,,,,,,,
VIR,United States Virgin Islands,1985,,0.0,,,,,-0.273,-0.034,,,,,,,,,,,,,,,,0.0,0.0,,,,,,,,,,,,,,,,,118383.299,,,,,,,,,,,,,,,,,,,,,,,,,,,,,,,,,,,,,,,,,,,,,,,,,,,,,,,,,,,,,105279.0,12.463,,,,,,,,,,,,,,,,,,,,,
VIR,United States Virgin Islands,1986,,0.0,,,,,-0.0,-0.0,,,,,,,,,,,,,,,,0.0,0.0,,,,,,,,,,,,,,,,,118367.558,,,,,,,,,,,,,,,,,,,,,,,,,,,,,,,,,,,,,,,,,,,,,,,,,,,,,,,,,,,,,105293.0,12.463,,,,,,,,,,,,,,,,,,,,,
VIR,United States Virgin Islands,1987,,0.0,,,,,0.41,0.051,,,,,,,,,,,,,,,,0.0,0.0,,,,,,,,,,,,,,,,,119310.787,,,,,,,,,,,,,,,,,,,,,,,,,,,,,,,,,,,,,,,,,,,,,,,,,,,,,,,,,,,,,104889.0,12.514,,,,,,,,,,,,,,,,,,,,,
VIR,United States Virgin Islands,1988,,0.0,,,,,-2.23,-0.279,,,,,,,,,,,,,,,,0.0,0.0,,,,,,,,,,,,,,,,,117291.674,,,,,,,,,,,,,,,,,,,,,,,,,,,,,,,,,,,,,,,,,,,,,,,,,,,,,,,,,,,,,104315.0,12.235,,,,,,,,,,,,,,,,,,,,,
VIR,United States Virgin Islands,1989,,0.0,,,,,-0.393,-0.048,,,,,,,,,,,,,,,,0.0,0.0,,,,,,,,,,,,,,,,,117346.952,,,,,,,,,,,,,,,,,,,,,,,,,,,,,,,,,,,,,,,,,,,,,,,,,,,,,,,,,,,,,103856.0,12.187,,,,,,,,,,,,,,,,,,,,,
VIR,United States Virgin Islands,1990,,0.0,,,,,-0.094,-0.011,,,,,,,,,,,,,,,,0.0,0.0,,,,,,,,,,,,,,,,,117350.423,,,,,,,,,,,,,,,,,,,,,,,,,,,,,,,,,,,,,,,,,,,,,,,,,,,,,,,,,,,,,103755.0,12.176,,,,,,,,,,,,,,,,,,,,,
VIR,United States Virgin Islands,1991,,0.0,,,,,0.518,0.063,,,,,,,,,,,,,,,,0.0,0.0,,,,,,,,,,,,,,,,,117580.876,,,,,,,,,,,,,,,,,,,,,,,,,,,,,,,,,,,,,,,,,,,,,,,,,,,,,,,,,,,,,104088.0,12.239,,,,,,,,,,,,,,,,,,,,,
VIR,United States Virgin Islands,1992,,0.0,,,,,1.417,0.173,,,,,,,,,,,,,,,,0.0,0.0,,,,,,,,,,,,,,,,,118442.482,,,,,,,,,,,,,,,,,,,,,,,,,,,,,,,,,,,,,,,,,,,,,,,,,,,,,,,,,,,,,104795.0,12.412,,,,,,,,,,,,,,,,,,,,,
VIR,United States Virgin Islands,1993,,0.0,,,,,1.54,0.191,,,,,,,,,,,,,,,,0.0,0.0,,,,,,,,,,,,,,,,,119202.977,,,,,,,,,,,,,,,,,,,,,,,,,,,,,,,,,,,,,,,,,,,,,,,,,,,,,,,,,,,,,105730.0,12.603,,,,,,,,,,,,,,,,,,,,,
VIR,United States Virgin Islands,1994,,0.0,,,,,-2.732,-0.344,,,,,,,,,,,,,,,,0.0,0.0,,,,,,,,,,,,,,,,,114954.888,,,,,,,,,,,,,,,,,,,,,,,,,,,,,,,,,,,,,,,,,,,,,,,,,,,,,,,,,,,,,106642.0,12.259,,,,,,,,,,,,,,,,,,,,,
VIR,United States Virgin Islands,1995,,0.0,,,,,-1.36,-0.167,,,,,,,,,,,,,,,,0.0,0.0,,,,,,,,,,,,,,,,,112603.908,,,,,,,,,,,,,,,,,,,,,,,,,,,,,,,,,,,,,,,,,,,,,,,,,,,,,,,,,,,,,107388.0,12.092,,,,,,,,,,,,,,,,,,,,,
VIR,United States Virgin Islands,1996,,0.0,,,,,-1.162,-0.141,,,,,,,,,,,,,,,,0.0,0.0,,,,,,,,,,,,,,,,,110727.229,,,,,,,,,,,,,,,,,,,,,,,,,,,,,,,,,,,,,,,,,,,,,,,,,,,,,,,,,,,,,107939.0,11.952,,,,,,,,,,,,,,,,,,,,,
VIR,United States Virgin Islands,1997,,0.0,,,,,-0.207,-0.025,,,,,,,,,,,,,,,,0.0,0.0,,,,,,,,,,,,,,,,,110116.059,,,,,,,,,,,,,,,,,,,,,,,,,,,,,,,,,,,,,,,,,,,,,,,,,,,,,,,,,,,,,108313.0,11.927,,,,,,,,,,,,,,,,,,,,,
VIR,United States Virgin Islands,1998,,0.0,,,,,0.274,0.033,,,,,,,,,,,,,,,,0.0,0.0,,,,,,,,,,,,,,,,,110175.448,,,,,,,,,,,,,,,,,,,,,,,,,,,,,,,,,,,,,,,,,,,,,,,,,,,,,,,,,,,,,108551.0,11.96,,,,,,,,,,,,,,,,,,,,,
VIR,United States Virgin Islands,1999,,0.0,,,,,2.87,0.343,,,,,,,,,,,,,,,,0.0,0.0,,,,,,,,,,,,,,,,,113207.918,,,,,,,,,,,,,,,,,,,,,,,,,,,,,,,,,,,,,,,,,,,,,,,,,,,,,,,,,,,,,108675.0,12.303,,,,,,,,,,,,,,,,,,,,,
VIR,United States Virgin Islands,2000,,0.0,,,,,216.373,26.62,0.0,0.0,,,,,,696.078,0.0,,,,,0.0,,0.0,0.0,1.02,0.0,0.0,1.02,0.0,0.0,0.0,1.02,0.0,0.0,0.0,0.0,0.0,1.02,0.71,,357978.251,,,,,,9381.036,100.0,,0.0,,,,,0.0,,,,0.0,,,,,0.0,,0.0,0.0,0.0,,,,,,0.0,0.0,0.0,,,,,0.0,,100.0,,,,,9381.036,,,,0.0,0.0,,,,,0.0,0.0,,9381.036,108730.0,38.923,0.0,0.0,,,,,,0.0,,,,,0.0,,0.0,,,,,0.0,
VIR,United States Virgin Islands,2001,,0.0,,,,,44.749,17.418,0.0,0.0,,,,,,701.031,0.0,,,,,0.0,,0.0,0.0,0.97,0.0,0.0,0.97,0.0,0.0,0.0,0.97,0.0,0.0,0.0,0.0,0.0,0.97,0.68,,518366.577,,,,,,8924.546,100.0,,0.0,,,,,0.0,,,,0.0,,,,,0.0,,0.0,0.0,0.0,,,,,,0.0,0.0,0.0,,,,,0.0,,100.0,,,,,8924.546,,,,0.0,0.0,,,,,0.0,0.0,,8924.546,108689.0,56.341,0.0,0.0,,,,,,0.0,,,,,0.0,,0.0,,,,,0.0,
VIR,United States Virgin Islands,2002,,0.0,,,,,-1.052,-0.593,0.0,0.0,,,,,,704.082,0.0,,,,,0.0,,0.0,0.0,0.98,0.0,0.0,0.98,0.0,0.0,0.0,0.98,0.0,0.0,0.0,0.0,0.0,0.98,0.69,,513539.99,,,,,,9027.599,100.0,,0.0,,,,,0.0,,,,0.0,,,,,0.0,,0.0,0.0,0.0,,,,,,0.0,0.0,0.0,,,,,0.0,,100.0,,,,,9027.599,,,,0.0,0.0,,,,,0.0,0.0,,9027.599,108556.0,55.748,0.0,0.0,,,,,,0.0,,,,,0.0,,0.0,,,,,0.0,
VIR,United States Virgin Islands,2003,,0.0,,,,,17.752,9.896,0.0,0.0,,,,,,704.082,0.0,,,,,0.0,,0.0,0.0,0.98,0.0,0.0,0.98,0.0,0.0,0.0,0.98,0.0,0.0,0.0,0.0,0.0,0.98,0.69,,605831.898,,,,,,9044.428,100.0,,0.0,,,,,0.0,,,,0.0,,,,,0.0,,0.0,0.0,0.0,,,,,,0.0,0.0,0.0,,,,,0.0,,100.0,,,,,9044.428,,,,0.0,0.0,,,,,0.0,0.0,,9044.428,108354.0,65.644,0.0,0.0,,,,,,0.0,,,,,0.0,,0.0,,,,,0.0,
VIR,United States Virgin Islands,2004,,0.0,,,,,2.524,1.657,0.0,0.0,,,,,,696.97,0.0,,,,,0.0,,0.0,0.0,0.99,0.0,0.0,0.99,0.0,0.0,0.0,0.99,0.0,0.0,0.0,0.0,0.0,0.99,0.69,,622585.173,,,,,,9158.187,100.0,,0.0,,,,,0.0,,,,0.0,,,,,0.0,,0.0,0.0,0.0,,,,,,0.0,0.0,0.0,,,,,0.0,,100.0,,,,,9158.187,,,,0.0,0.0,,,,,0.0,0.0,,9158.187,108100.0,67.301,0.0,0.0,,,,,,0.0,,,,,0.0,,0.0,,,,,0.0,
VIR,United States Virgin Islands,2005,,0.0,,,,,-2.182,-1.468,0.0,0.0,,,,,,705.882,0.0,,,,,0.0,,0.0,0.0,0.85,0.0,0.0,0.85,0.0,0.0,0.0,0.85,0.0,0.0,0.0,0.0,0.0,0.85,0.6,,610690.687,,,,,,7884.899,100.0,,0.0,,,,,0.0,,,,0.0,,,,,0.0,,0.0,0.0,0.0,,,,,,0.0,0.0,0.0,,,,,0.0,,100.0,,,,,7884.899,,,,0.0,0.0,,,,,0.0,0.0,,7884.899,107801.0,65.833,0.0,0.0,,,,,,0.0,,,,,0.0,,0.0,,,,,0.0,
VIR,United States Virgin Islands,2006,,0.0,,,,,6.403,4.215,0.0,0.0,,,,,,697.674,0.0,,,,,0.0,,0.0,0.0,0.86,0.0,0.0,0.86,0.0,0.0,0.0,0.86,0.0,0.0,0.0,0.0,0.0,0.86,0.6,,651818.309,,,,,,8002.531,100.0,,0.0,,,,,0.0,,,,0.0,,,,,0.0,,0.0,0.0,0.0,,,,,,0.0,0.0,0.0,,,,,0.0,,100.0,,,,,8002.531,,,,0.0,0.0,,,,,0.0,0.0,,8002.531,107466.0,70.048,0.0,0.0,,,,,,0.0,,,,,0.0,,0.0,,,,,0.0,
VIR,United States Virgin Islands,2007,,0.0,,,,,-6.647,-4.656,0.0,0.0,,,,,,701.149,0.0,,,,,0.0,,0.0,0.0,0.87,0.0,0.0,0.87,0.0,0.0,0.0,0.87,0.0,0.0,0.0,0.0,0.0,0.87,0.61,,610466.698,,,,,,8121.884,100.0,,0.0,,,,,0.0,,,,0.0,,,,,0.0,,0.0,0.0,0.0,,,,,,0.0,0.0,0.0,,,,,0.0,,100.0,,,,,8121.884,,,,0.0,0.0,,,,,0.0,0.0,,8121.884,107118.0,65.392,0.0,0.0,,,,,,0.0,,,,,0.0,,0.0,,,,,0.0,
VIR,United States Virgin Islands,2008,,0.0,,,,,-42.046,-27.494,0.0,0.0,,,,,,702.381,0.0,,,,,0.0,,0.0,0.0,0.84,0.0,0.0,0.84,0.0,0.0,0.0,0.84,0.0,0.0,0.0,0.0,0.0,0.84,0.59,,355002.053,,,,,,7868.631,100.0,,0.0,,,,,0.0,,,,0.0,,,,,0.0,,0.0,0.0,0.0,,,,,,0.0,0.0,0.0,,,,,0.0,,100.0,,,,,7868.631,,,,0.0,0.0,,,,,0.0,0.0,,7868.631,106753.0,37.898,0.0,0.0,,,,,,0.0,,,,,0.0,,0.0,,,,,0.0,
VIR,United States Virgin Islands,2009,,0.0,,,,,-12.712,-4.817,0.0,0.0,,,,,,701.149,0.0,,,,,0.0,,0.0,0.0,0.87,0.0,0.0,0.87,0.0,0.0,0.0,0.87,0.0,0.0,0.0,0.0,0.0,0.87,0.61,,310856.278,,,,,,8175.462,100.0,,0.0,,,,,0.0,,,,0.0,,,,,0.0,,0.0,0.0,0.0,,,,,,0.0,0.0,0.0,,,,,0.0,,100.0,,,,,8175.462,,,,0.0,0.0,,,,,0.0,0.0,,8175.462,106416.0,33.08,0.0,0.0,,,,,,0.0,,,,,0.0,,0.0,,,,,0.0,
VIR,United States Virgin Islands,2010,,0.0,,,,,-9.519,-3.149,0.0,0.0,,,,,,695.122,0.0,,,,,0.0,,0.0,0.0,0.82,0.0,0.0,0.82,0.0,0.0,0.0,0.82,0.0,0.0,0.0,0.0,0.0,0.82,0.57,,282140.484,,,,,,7729.578,100.0,,0.0,,,,,0.0,,,,0.0,,,,,0.0,,0.0,0.0,0.0,,,,,,0.0,0.0,0.0,,,,,0.0,,100.0,,,,,7729.578,,,,0.0,0.0,,,,,0.0,0.0,,7729.578,106086.0,29.931,0.0,0.0,,,,,,0.0,,,,,0.0,,0.0,,,,,0.0,
VIR,United States Virgin Islands,2011,,0.0,,,,,-33.792,-10.114,0.0,0.0,,,,,,696.203,0.0,,,,,0.0,,0.0,0.0,0.79,0.0,0.0,0.79,0.0,0.0,0.0,0.79,0.0,0.0,0.0,0.0,0.0,0.79,0.55,,187316.477,,,,,,7467.342,100.0,,0.0,,,,,0.0,,,,0.0,,,,,0.0,,0.0,0.0,0.0,,,,,,0.0,0.0,0.0,,,,,0.0,,100.0,,,,,7467.342,,,,0.0,0.0,,,,,0.0,0.0,,7467.342,105794.0,19.817,0.0,0.0,,,,,,0.0,,,,,0.0,,0.0,,,,,0.0,
VIR,United States Virgin Islands,2012,,0.0,,,,,-42.7,-8.462,0.0,0.0,,,,,,705.128,0.0,,,,,0.0,,0.0,0.0,0.78,0.0,0.0,0.78,0.0,0.0,0.0,0.78,0.0,0.0,0.0,0.0,0.0,0.78,0.55,,107606.954,,,,,,7391.683,100.0,,0.0,,,,,0.0,,,,0.0,,,,,0.0,,0.0,0.0,0.0,,,,,,0.0,0.0,0.0,,,,,0.0,,100.0,,,,,7391.683,,,,0.0,0.0,,,,,0.0,0.0,,7391.683,105524.0,11.355,0.0,0.0,,,,,,0.0,,,,,0.0,,0.0,,,,,0.0,
VIR,United States Virgin Islands,2013,,0.0,,,,,-47.593,-5.404,0.0,0.0,,,,,,698.63,0.0,,,,,0.0,,0.0,0.0,0.73,0.0,0.0,0.73,0.0,0.0,0.0,0.73,0.0,0.0,0.0,0.0,0.0,0.73,0.51,,56511.206,,,,,,6932.31,100.0,,0.0,,,,,0.0,,,,0.0,,,,,0.0,,0.0,0.0,0.0,,,,,,0.0,0.0,0.0,,,,,0.0,,100.0,,,,,6932.31,,,,0.0,0.0,,,,,0.0,0.0,,6932.31,105304.0,5.951,0.0,0.0,,,,,,0.0,,,,,0.0,,0.0,,,,,0.0,
VIR,United States Virgin Islands,2014,,0.0,,,,,104.376,6.211,0.0,0.0,,,,,,685.714,0.0,,,,,0.0,,0.0,0.0,0.7,0.0,0.0,0.69,0.0,0.0,0.0,0.69,0.0,0.0,0.01,0.01,0.0,0.7,0.48,,115711.587,,,,,,6564.739,98.571,,0.0,,,,,0.0,,,,0.0,,,,,0.0,,1.429,0.01,95.141,,,,,,0.0,0.0,0.0,,,,,0.0,,98.571,,,,,6564.739,,,,0.0,0.0,,,,,0.0,0.0,,6659.88,105107.0,12.162,95.141,1.429,,,,,,1.429,,,,,95.141,,0.0,,,,,0.0,
VIR,United States Virgin Islands,2015,,0.0,,,,,-0.877,-0.107,0.0,0.0,,,,,,695.652,0.0,,,,,0.0,,0.0,0.0,0.69,0.0,0.0,0.68,0.0,0.0,0.0,0.68,0.0,0.0,0.01,0.01,0.0,0.69,0.48,,114868.908,,,,,,6479.276,98.551,,0.0,,,,,0.0,,,,0.0,,,,,0.0,,1.449,0.01,95.283,,,,,,0.0,0.0,0.0,,,,,0.0,,98.551,,,,,6479.276,,,,0.0,0.0,,,,,0.0,0.0,,6574.559,104950.0,12.055,95.283,1.449,,,,,,1.449,,,,,95.283,,0.0,,,,,0.0,
VIR,United States Virgin Islands,2016,,0.0,,,,,-17.213,-2.075,0.0,0.0,,,,,,691.176,0.0,,,,,0.0,,0.0,0.0,0.68,0.0,0.0,0.67,0.0,0.0,0.0,0.67,0.0,0.0,0.01,0.01,0.0,0.68,0.47,,95206.401,,,,,,6391.361,98.529,,0.0,,,,,0.0,,,,0.0,,,,,0.0,,1.471,0.01,95.393,,,,,,0.0,0.0,0.0,,,,,0.0,,98.529,,,,,6391.361,,,,0.0,0.0,,,,,0.0,0.0,,6486.755,104829.0,9.98,95.393,1.471,,,,,,1.471,,,,,95.393,,0.0,,,,,0.0,
VIR,United States Virgin Islands,2017,,,,,,,-0.438,-0.044,0.0,0.0,,,,,,679.245,0.0,,,,,0.0,,,,0.53,0.0,0.0,0.52,0.0,0.0,0.0,0.52,0.0,0.0,0.01,0.01,0.0,0.53,0.36,,94865.664,,,,,,4964.437,98.113,,0.0,,,,,0.0,,,,0.0,,,,,0.0,,1.887,0.01,95.47,,,,,,0.0,0.0,0.0,,,,,0.0,,98.113,,,,,4964.437,,,,0.0,0.0,,,,,0.0,0.0,,5059.907,104745.0,9.937,95.47,1.887,,,,,,1.887,,,,,95.47,,0.0,,,,,0.0,
VIR,United States Virgin Islands,2018,,,,,,,-0.002,-0.0,0.0,0.0,,,,,,688.525,0.0,,,,,0.0,,,,0.61,0.0,0.0,0.6,0.0,0.0,0.0,0.6,0.0,0.0,0.01,0.01,0.0,0.61,0.42,,94929.615,,,,,,5732.192,98.361,,0.0,,,,,0.0,,,,0.0,,,,,0.0,,1.639,0.01,95.537,,,,,,0.0,0.0,0.0,,,,,0.0,,98.361,,,,,5732.192,,,,0.0,0.0,,,,,0.0,0.0,,5827.729,104672.0,9.936,95.537,1.639,,,,,,1.639,,,,,95.537,,0.0,,,,,0.0,
VIR,United States Virgin Islands,2019,,,,,,,-0.004,-0.0,0.0,0.0,,,,,,693.548,0.0,,,,,0.0,,,,0.62,0.0,0.0,0.61,0.0,0.0,0.0,0.61,0.0,0.0,0.01,0.01,0.0,0.62,0.43,,95009.976,,,,,,5832.911,98.387,,0.0,,,,,0.0,,,,0.0,,,,,0.0,,1.613,0.01,95.621,,,,,,0.0,0.0,0.0,,,,,0.0,,98.387,,,,,5832.911,,,,0.0,0.0,,,,,0.0,0.0,,5928.532,104579.0,9.936,95.621,1.613,,,,,,1.613,,,,,95.621,,0.0,,,,,0.0,
VIR,United States Virgin Islands,2020,,,,,,,,,0.0,0.0,,,,,,693.548,0.0,,,,,0.0,,,,0.62,0.0,0.0,0.61,0.0,0.0,0.0,0.61,0.0,0.0,0.01,0.01,0.0,0.62,0.43,,,,,,,,5841.625,98.387,,0.0,,,,,0.0,,,,0.0,,,,,0.0,,1.613,0.01,95.764,,,,,,0.0,0.0,0.0,,,,,0.0,,98.387,,,,,5841.625,,,,0.0,0.0,,,,,0.0,0.0,,5937.389,104423.0,,95.764,1.613,,,,,,1.613,,,,,95.764,,0.0,,,,,0.0,
