iso_code,country,year,coal_prod_change_pct,coal_prod_change_twh,gas_prod_change_pct,gas_prod_change_twh,oil_prod_change_pct,oil_prod_change_twh,energy_cons_change_pct,energy_cons_change_twh,biofuel_share_elec,biofuel_elec_per_capita,biofuel_cons_change_pct,biofuel_share_energy,biofuel_cons_change_twh,biofuel_consumption,biofuel_cons_per_capita,carbon_intensity_elec,coal_share_elec,coal_cons_change_pct,coal_share_energy,coal_cons_change_twh,coal_consumption,coal_elec_per_capita,coal_cons_per_capita,coal_production,coal_prod_per_capita,electricity_demand,biofuel_electricity,coal_electricity,fossil_electricity,gas_electricity,hydro_electricity,nuclear_electricity,oil_electricity,other_renewable_exc_biofuel_electricity,other_renewable_electricity,renewables_electricity,solar_electricity,wind_electricity,electricity_generation,greenhouse_gas_emissions,energy_per_gdp,energy_per_capita,fossil_cons_change_pct,fossil_share_energy,fossil_cons_change_twh,fossil_fuel_consumption,fossil_energy_per_capita,fossil_cons_per_capita,fossil_share_elec,gdp,gas_share_elec,gas_cons_change_pct,gas_share_energy,gas_cons_change_twh,gas_consumption,gas_elec_per_capita,gas_energy_per_capita,gas_production,gas_prod_per_capita,hydro_share_elec,hydro_cons_change_pct,hydro_share_energy,hydro_cons_change_twh,hydro_consumption,hydro_elec_per_capita,hydro_energy_per_capita,low_carbon_share_elec,low_carbon_electricity,low_carbon_elec_per_capita,low_carbon_cons_change_pct,low_carbon_share_energy,low_carbon_cons_change_twh,low_carbon_consumption,low_carbon_energy_per_capita,net_elec_imports_share_demand,net_elec_imports,nuclear_share_elec,nuclear_cons_change_pct,nuclear_share_energy,nuclear_cons_change_twh,nuclear_consumption,nuclear_elec_per_capita,nuclear_energy_per_capita,oil_share_elec,oil_cons_change_pct,oil_share_energy,oil_cons_change_twh,oil_consumption,oil_elec_per_capita,oil_energy_per_capita,oil_production,oil_prod_per_capita,other_renewables_elec_per_capita_exc_biofuel,other_renewables_elec_per_capita,other_renewables_cons_change_pct,other_renewables_share_energy,other_renewables_cons_change_twh,other_renewable_consumption,other_renewables_share_elec_exc_biofuel,other_renewables_share_elec,other_renewables_energy_per_capita,per_capita_electricity,population,primary_energy_consumption,renewables_elec_per_capita,renewables_share_elec,renewables_cons_change_pct,renewables_share_energy,renewables_cons_change_twh,renewables_consumption,renewables_energy_per_capita,solar_share_elec,solar_cons_change_pct,solar_share_energy,solar_cons_change_twh,solar_consumption,solar_elec_per_capita,solar_energy_per_capita,wind_share_elec,wind_cons_change_pct,wind_share_energy,wind_cons_change_twh,wind_consumption,wind_elec_per_capita,wind_energy_per_capita
URY,Uruguay,1980,,,,,,,,,,,,,,,,,,,,,,,,0.0,0.0,,,,,,,,,,,,,,,,1.024,10855.686,,,,,,,,30899780000.0,,,,,,,,0.0,0.0,,,,,,,,,,,,,,,,,,,,,,,,,,,,,,,,0.0,0.0,,,,,,,,,,,2915389.0,31.649,,,,,,,,,,,,,,,,,,,,,
URY,Uruguay,1981,,0.0,,0.0,,0.0,-5.288,-1.674,,,,,,,,,,,,,,,,0.0,0.0,,,,,,,,,,,,,,,,0.989,10214.231,,,,,,,,30311264000.0,,,,,,,,0.0,0.0,,,,,,,,,,,,,,,,,,,,,,,,,,,,,,,,0.0,0.0,,,,,,,,,,,2934624.0,29.975,,,,,,,,,,,,,,,,,,,,,
URY,Uruguay,1982,,0.0,,0.0,,0.0,-5.198,-1.558,,,,,,,,,,,,,,,,0.0,0.0,,,,,,,,,,,,,,,,1.0,9620.26,,,,,,,,28427504000.0,,,,,,,,0.0,0.0,,,,,,,,,,,,,,,,,,,,,,,,,,,,,,,,0.0,0.0,,,,,,,,,,,2953852.0,28.417,,,,,,,,,,,,,,,,,,,,,
URY,Uruguay,1983,,0.0,,0.0,,0.0,23.146,6.577,,,,,,,,,,,,,,,,0.0,0.0,,,,,,,,,,,,,,,,1.308,11770.482,,,,,,,,26751550000.0,,,,,,,,0.0,0.0,,,,,,,,,,,,,,,,,,,,,,,,,,,,,,,,0.0,0.0,,,,,,,,,,,2973048.0,34.994,,,,,,,,,,,,,,,,,,,,,
URY,Uruguay,1984,,0.0,,0.0,,0.0,-1.802,-0.631,,,,,,,,,,,,,,,,0.0,0.0,,,,,,,,,,,,,,,,1.297,11484.182,,,,,,,,26485440000.0,,,,,,,,0.0,0.0,,,,,,,,,,,,,,,,,,,,,,,,,,,,,,,,0.0,0.0,,,,,,,,,,,2992250.0,34.364,,,,,,,,,,,,,,,,,,,,,
URY,Uruguay,1985,,0.0,,0.0,,0.0,-7.832,-2.691,,,,,,,,,,,,,,,,0.0,0.0,,,,,,,,,,,,,,,,1.181,10517.043,,,,,,,,26809812000.0,,,,,,,,0.0,0.0,,,,,,,,,,,,,,,,,,,,,,,,,,,,,,,,0.0,0.0,,,,,,,,,,,3011519.0,31.672,,,,,,,,,,,,,,,,,,,,,
URY,Uruguay,1986,,0.0,,0.0,,0.0,5.384,1.705,,,,,,,,,,,,,,,,0.0,0.0,,,,,,,,,,,,,,,,1.144,11013.305,,,,,,,,29182468000.0,,,,,,,,0.0,0.0,,,,,,,,,,,,,,,,,,,,,,,,,,,,,,,,0.0,0.0,,,,,,,,,,,3030651.0,33.377,,,,,,,,,,,,,,,,,,,,,
URY,Uruguay,1987,,0.0,,0.0,,0.0,6.639,2.216,,,,,,,,,,,,,,,,0.0,0.0,,,,,,,,,,,,,,,,1.133,11671.62,,,,,,,,31419945000.0,,,,,,,,0.0,0.0,,,,,,,,,,,,,,,,,,,,,,,,,,,,,,,,0.0,0.0,,,,,,,,,,,3049581.0,35.594,,,,,,,,,,,,,,,,,,,,,
URY,Uruguay,1988,,0.0,,0.0,,0.0,-1.281,-0.456,,,,,,,,,,,,,,,,0.0,0.0,,,,,,,,,,,,,,,,1.117,11450.215,,,,,,,,31465408000.0,,,,,,,,0.0,0.0,,,,,,,,,,,,,,,,,,,,,,,,,,,,,,,,0.0,0.0,,,,,,,,,,,3068714.0,35.137,,,,,,,,,,,,,,,,,,,,,
URY,Uruguay,1989,,0.0,,0.0,,0.0,-12.863,-4.52,,,,,,,,,,,,,,,,0.0,0.0,,,,,,,,,,,,,,,,0.962,9913.164,,,,,,,,31821840000.0,,,,,,,,0.0,0.0,,,,,,,,,,,,,,,,,,,,,,,,,,,,,,,,0.0,0.0,,,,,,,,,,,3088603.0,30.618,,,,,,,,,,,,,,,,,,,,,
URY,Uruguay,1990,,0.0,,0.0,,0.0,28.785,8.813,,,,,,,,,,,,,,,,0.0,0.0,,,,,,,,,,,,,,,,1.23,12680.457,,,,,,,,32048550000.0,,,,,,,,0.0,0.0,,,,,,,,,,,,,,,,,,,,,,,,,,,,,,,,0.0,0.0,,,,,,,,,,,3109598.0,39.431,,,,,,,,,,,,,,,,,,,,,
URY,Uruguay,1991,,0.0,,0.0,,0.0,-11.248,-4.435,,,,,,,,,,,,,,,,0.0,0.0,,,,,,,,,,,,,,,,1.058,11174.893,,,,,,,,33068813241.0,,,,,,,,0.0,0.0,,,,,,,,,,,,,,,,,,,,,,,,,,,,,,,,0.0,0.0,,,,,,,,,,,3131657.0,34.996,,,,,,,,,,,,,,,,,,,,,
URY,Uruguay,1992,,0.0,,0.0,,0.0,15.416,5.395,,,,,,,,,,,,,,,,0.0,0.0,,,,,,,,,,,,,,,,1.135,12804.344,,,,,,,,35598159323.0,,,,,,,,0.0,0.0,,,,,,,,,,,,,,,,,,,,,,,,,,,,,,,,0.0,0.0,,,,,,,,,,,3154459.0,40.391,,,,,,,,,,,,,,,,,,,,,
URY,Uruguay,1993,,0.0,,0.0,,0.0,2.264,0.914,,,,,,,,,,,,,,,,0.0,0.0,,,,,,,,,,,,,,,,1.133,12998.285,,,,,,,,36471104060.0,,,,,,,,0.0,0.0,,,,,,,,,,,,,,,,,,,,,,,,,,,,,,,,0.0,0.0,,,,,,,,,,,3177734.0,41.305,,,,,,,,,,,,,,,,,,,,,
URY,Uruguay,1994,,0.0,,0.0,,0.0,-1.195,-0.494,,,,,,,,,,,,,,,,0.0,0.0,,,,,,,,,,,,,,,,1.045,12748.988,,,,,,,,39036334968.0,,,,,,,,0.0,0.0,,,,,,,,,,,,,,,,,,,,,,,,,,,,,,,,0.0,0.0,,,,,,,,,,,3201149.0,40.811,,,,,,,,,,,,,,,,,,,,,
URY,Uruguay,1995,,0.0,,0.0,,0.0,-11.287,-4.606,,,,,,,,,,,,,,,,0.0,0.0,,,,,,,,,,,,,,,,0.943,11228.93,,,,,,,,38399530035.0,,,,,,,,0.0,0.0,,,,,,,,,,,,,,,,,,,,,,,,,,,,,,,,0.0,0.0,,,,,,,,,,,3224275.0,36.205,,,,,,,,,,,,,,,,,,,,,
URY,Uruguay,1996,,0.0,,0.0,,0.0,4.542,1.645,,,,,,,,,,,,,,,,0.0,0.0,,,,,,,,,,,,,,,,0.937,11655.453,,,,,,,,40381658058.0,,,,,,,,0.0,0.0,,,,,,,,,,,,,,,,,,,,,,,,,,,,,,,,0.0,0.0,,,,,,,,,,,3247383.0,37.85,,,,,,,,,,,,,,,,,,,,,
URY,Uruguay,1997,,0.0,,0.0,,0.0,9.355,3.541,,,,,,,,,,,,,,,,0.0,0.0,,,,,,,,,,,,,,,,0.976,12657.03,,,,,,,,42411769791.0,,,,,,,,0.0,0.0,,,,,,,,,,,,,,,,,,,,,,,,,,,,,,,,0.0,0.0,,,,,,,,,,,3270158.0,41.39,,,,,,,,,,,,,,,,,,,,,
URY,Uruguay,1998,,0.0,,0.0,,0.0,25.187,10.425,,,,,,,,,,,,,,,,0.0,0.0,,,,,,,,,,,,,,,,1.17,15744.38,,,,,,,,44280103945.0,,,,,,,,0.0,0.0,,,,,,,,,,,,,,,,,,,,,,,,,,,,,,,,0.0,0.0,,,,,,,,,,,3291053.0,51.816,,,,,,,,,,,,,,,,,,,,,
URY,Uruguay,1999,,0.0,,0.0,,0.0,-10.314,-5.344,,,,,,,,,,,,,,,,0.0,0.0,,,,,,,,,,,,,,,,1.077,14048.179,,,,,,,,43167539132.0,,,,,,,,0.0,0.0,,,,,,,,,,,,,,,,,,,,,,,,,,,,,,,,0.0,0.0,,,,,,,,,,,3308005.0,46.471,,,,,,,,,,,,,,,,,,,,,
URY,Uruguay,2000,,0.0,,0.0,,0.0,3.443,1.6,0.267,6.025,,,,,,68.091,0.0,,,,,0.0,,0.0,0.0,7.88,0.02,0.0,0.49,0.0,6.98,0.0,0.49,0.0,0.02,7.0,0.0,0.0,7.49,0.51,1.135,14480.483,,,,,,147.602,6.542,42357431949.0,0.0,,,,,0.0,,0.0,0.0,93.191,,,,,2102.578,,93.458,7.0,2108.603,,,,,,4.949,0.39,0.0,,,,,0.0,,6.542,,,,,147.602,,0.0,0.0,0.0,6.025,,,,,0.0,0.267,,2256.205,3319734.0,48.071,2108.603,93.458,,,,,,0.0,,,,,0.0,,0.0,,,,,0.0,
URY,Uruguay,2001,,0.0,,0.0,,0.0,9.501,4.567,0.0,0.0,,,,,,28.384,0.0,,,,,0.0,,0.0,0.0,8.12,0.0,0.0,0.06,0.0,9.1,0.0,0.06,0.0,0.0,9.1,0.0,0.0,9.16,0.26,1.297,15828.966,,,,,,18.043,0.655,40598153396.0,0.0,,,,,0.0,,0.0,0.0,99.345,,,,,2736.454,,99.345,9.1,2736.454,,,,,,-12.808,-1.04,0.0,,,,,0.0,,0.655,,,,,18.043,,0.0,0.0,0.0,0.0,,,,,0.0,0.0,,2754.497,3325471.0,52.639,2736.454,99.345,,,,,,0.0,,,,,0.0,,0.0,,,,,0.0,
URY,Uruguay,2002,,0.0,,0.0,,0.0,-11.195,-5.893,0.0,0.0,,,,,,29.443,0.0,,,,,0.0,,0.0,0.0,7.75,0.0,0.0,0.07,0.0,9.44,0.0,0.07,0.0,0.0,9.44,0.0,0.0,9.51,0.28,1.255,14054.49,,,,,,21.046,0.736,37250879322.0,0.0,,,,,0.0,,0.0,0.0,99.264,,,,,2838.205,,99.264,9.44,2838.205,,,,,,-22.71,-1.76,0.0,,,,,0.0,,0.736,,,,,21.046,,0.0,0.0,0.0,0.0,,,,,0.0,0.0,,2859.251,3326046.0,46.746,2838.205,99.264,,,,,,0.0,,,,,0.0,,0.0,,,,,0.0,
URY,Uruguay,2003,,0.0,,0.0,,0.0,0.421,0.197,0.0,0.0,,,,,,30.481,0.0,,,,,0.0,,0.0,0.0,7.83,0.0,0.0,0.08,0.0,8.45,0.0,0.08,0.0,0.0,8.45,0.0,0.0,8.53,0.26,1.252,14123.729,,,,,,24.07,0.938,37483124541.0,0.0,,,,,0.0,,0.0,0.0,99.062,,,,,2542.377,,99.062,8.45,2542.377,,,,,,-8.94,-0.7,0.0,,,,,0.0,,0.938,,,,,24.07,,0.0,0.0,0.0,0.0,,,,,0.0,0.0,,2566.447,3323661.0,46.942,2542.377,99.062,,,,,,0.0,,,,,0.0,,0.0,,,,,0.0,
URY,Uruguay,2004,,0.0,,0.0,,0.0,-3.799,-1.784,0.692,12.043,,,,,,143.599,0.0,,,,,0.0,,0.0,0.0,8.03,0.04,0.0,1.01,0.0,4.73,0.0,1.01,0.0,0.04,4.77,0.0,0.0,5.78,0.83,1.15,13596.007,,,,,,304.081,17.474,39270181833.0,0.0,,,,,0.0,,0.0,0.0,81.834,,,,,1424.061,,82.526,4.77,1436.104,,,,,,28.02,2.25,0.0,,,,,0.0,,17.474,,,,,304.081,,0.0,0.0,0.0,12.043,,,,,0.0,0.692,,1740.185,3321486.0,45.159,1436.104,82.526,,,,,,0.0,,,,,0.0,,0.0,,,,,0.0,
URY,Uruguay,2005,,0.0,,0.0,,0.0,7.969,3.599,0.529,12.042,,,,,,105.82,0.0,,,,,0.0,,0.0,0.0,8.3,0.04,0.0,0.9,0.0,6.62,0.0,0.9,0.0,0.04,6.66,0.0,0.0,7.56,0.8,1.161,14678.104,,,,,,270.938,11.905,41988069566.0,0.0,,,,,0.0,,0.0,0.0,87.566,,,,,1992.896,,88.095,6.66,2004.938,,,,,,8.916,0.74,0.0,,,,,0.0,,11.905,,,,,270.938,,0.0,0.0,0.0,12.042,,,,,0.0,0.529,,2275.875,3321799.0,48.758,2004.938,88.095,,,,,,0.0,,,,,0.0,,0.0,,,,,0.0,
URY,Uruguay,2006,,0.0,,0.0,,0.0,-8.849,-4.315,0.731,12.029,,,,,,219.378,0.0,,,,,0.0,,0.0,0.0,8.29,0.04,0.0,1.87,1.0,3.56,0.0,0.87,0.0,0.04,3.6,0.0,0.0,5.47,1.2,1.019,13364.758,,,,,,562.338,34.186,43607980657.0,18.282,,,,,300.715,,0.0,0.0,65.082,,,,,1070.547,,65.814,3.6,1082.576,,,,,,34.017,2.82,0.0,,,,,0.0,,15.905,,,,,261.622,,0.0,0.0,0.0,12.029,,,,,0.0,0.731,,1644.913,3325403.0,44.443,1082.576,65.814,,,,,,0.0,,,,,0.0,,0.0,,,,,0.0,
URY,Uruguay,2007,,0.0,,0.0,,0.0,18.363,8.161,3.448,96.046,,,,,,89.44,0.0,,,,,0.0,,0.0,0.0,9.07,0.32,0.0,0.97,0.52,7.99,0.0,0.45,0.0,0.32,8.31,0.0,0.0,9.28,0.83,1.139,15788.721,,,,,,291.138,10.453,46196532742.0,5.603,,,,,156.074,,0.0,0.0,86.099,,,,,2398.137,,89.547,8.31,2494.182,,,,,,-2.315,-0.21,0.0,,,,,0.0,,4.849,,,,,135.064,,0.0,0.0,0.0,96.046,,,,,0.0,3.448,,2785.321,3331753.0,52.604,2494.182,89.547,,,,,,0.0,,,,,0.0,,0.0,,,,,0.0,
URY,Uruguay,2008,,0.0,,0.0,,0.0,6.228,3.276,12.235,311.357,,,,,,249.412,0.0,,,,,0.0,,0.0,0.0,9.43,1.04,0.0,3.01,1.6,4.45,0.0,1.41,0.0,1.04,5.49,0.0,0.0,8.5,2.12,1.134,16729.559,,,,,,901.138,35.412,49262288252.0,18.824,,,,,479.01,,0.0,0.0,52.353,,,,,1332.247,,64.588,5.49,1643.604,,,,,,9.862,0.93,0.0,,,,,0.0,,16.588,,,,,422.128,,0.0,0.0,0.0,311.357,,,,,0.0,12.235,,2544.742,3340221.0,55.88,1643.604,64.588,,,,,,0.0,,,,,0.0,,0.0,,,,,0.0,
URY,Uruguay,2009,,0.0,,0.0,,0.0,4.909,2.743,9.491,244.8,,,,,,216.435,0.0,,,,,0.0,,0.0,0.0,9.87,0.82,0.0,2.57,1.2,5.21,0.0,1.37,0.0,0.82,6.07,0.0,0.04,8.64,1.87,1.166,17501.351,,,,,,767.238,29.745,50283110032.0,13.889,,,,,358.244,,0.0,0.0,60.301,,,,,1555.374,,70.255,6.07,1812.116,,,,,,12.462,1.23,0.0,,,,,0.0,,15.856,,,,,408.995,,0.0,0.0,0.0,244.8,,,,,0.0,9.491,,2579.354,3349676.0,58.624,1812.116,70.255,,,,,,0.0,,,,,0.0,,0.463,,,,,11.941,
URY,Uruguay,2010,,0.0,,0.0,,0.0,4.569,2.679,5.802,190.517,,,,,,126.927,0.0,,,,,0.0,,0.0,0.0,10.71,0.64,0.0,1.74,0.82,8.58,0.0,0.92,0.0,0.64,9.29,0.0,0.07,11.03,1.4,1.122,18248.742,,,,,,517.969,15.775,54626336777.0,7.434,,,,,244.1,,0.0,0.0,77.788,,,,,2554.124,,84.225,9.29,2765.479,,,,,,-2.988,-0.32,0.0,,,,,0.0,,8.341,,,,,273.869,,0.0,0.0,0.0,190.517,,,,,0.0,5.802,,3283.449,3359273.0,61.303,2765.479,84.225,,,,,,0.0,,,,,0.0,,0.635,,,,,20.838,
URY,Uruguay,2011,,0.0,,0.0,,0.0,-2.054,-1.259,10.222,314.64,,,,,,199.614,0.0,,,,,0.0,,0.0,0.0,10.82,1.06,0.0,2.79,1.31,6.41,0.0,1.48,0.0,1.06,7.58,0.0,0.11,10.37,2.07,1.046,17822.717,,,,,,828.157,26.905,57402508234.0,12.633,,,,,388.848,,0.0,0.0,61.813,,,,,1902.684,,73.095,7.58,2249.975,,,,,,4.159,0.45,0.0,,,,,0.0,,14.272,,,,,439.309,,0.0,0.0,0.0,314.64,,,,,0.0,10.222,,3078.132,3368926.0,60.043,2249.975,73.095,,,,,,0.0,,,,,0.0,,1.061,,,,,32.651,
URY,Uruguay,2012,,0.0,,0.0,,0.0,0.147,0.089,11.959,375.854,,,,,,263.653,0.0,,,,,0.0,,0.0,0.0,11.17,1.27,0.0,3.87,1.57,5.37,0.0,2.3,0.0,1.27,6.75,0.0,0.11,10.62,2.8,1.006,17795.912,,,,,,1145.318,36.441,59760862310.0,14.783,,,,,464.638,,0.0,0.0,50.565,,,,,1589.239,,63.559,6.75,1997.647,,,,,,4.924,0.55,0.0,,,,,0.0,,21.657,,,,,680.68,,0.0,0.0,0.0,375.854,,,,,0.0,11.959,,3142.965,3378975.0,60.132,1997.647,63.559,,,,,,0.0,,,,,0.0,,1.036,,,,,32.554,
URY,Uruguay,2013,,0.0,,0.0,,0.0,4.565,2.745,10.035,339.289,,,,,,149.215,0.0,,,,,0.0,,0.0,0.0,11.25,1.15,0.0,2.05,0.83,8.12,0.0,1.22,0.0,1.15,9.41,0.0,0.14,11.46,1.71,1.009,18550.786,,,,,,604.82,17.888,62296861998.0,7.243,,,,,244.878,,0.0,0.0,70.855,,,,,2395.679,,82.112,9.41,2776.273,,,,,,-1.867,-0.21,0.0,,,,,0.0,,10.646,,,,,359.942,,0.0,0.0,0.0,339.289,,,,,0.0,10.035,,3381.093,3389436.0,62.877,2776.273,82.112,,,,,,0.0,,,,,0.0,,1.222,,,,,41.305,
URY,Uruguay,2014,,0.0,,0.0,,0.0,2.878,1.809,7.16,270.553,,,,,,114.397,0.0,,,,,0.0,,0.0,0.0,11.58,0.92,0.0,1.65,0.67,9.55,0.0,0.98,0.0,0.92,11.2,0.0,0.73,12.85,1.47,1.005,19022.872,,,,,,485.231,12.84,64374845788.0,5.214,,,,,197.033,,0.0,0.0,74.319,,,,,2808.461,,87.16,11.2,3293.692,,,,,,-10.967,-1.27,0.0,,,,,0.0,,7.626,,,,,288.198,,0.0,0.0,0.0,270.553,,,,,0.0,7.16,,3778.924,3400439.0,64.686,3293.692,87.16,,,,,,0.0,,,,,0.0,,5.681,,,,,214.678,
URY,Uruguay,2015,,0.0,,0.0,,0.0,3.028,1.959,10.155,404.453,,,,,,123.62,0.0,,,,,0.0,,0.0,0.0,12.27,1.38,0.0,1.91,0.97,8.18,0.0,0.94,0.0,1.38,11.68,0.05,2.07,13.59,1.68,1.028,19532.397,,,,,,559.787,14.054,64830134197.0,7.138,,,,,284.29,,0.0,0.0,60.191,,,,,2397.412,,85.946,11.68,3423.199,,,,,,-10.758,-1.32,0.0,,,,,0.0,,6.917,,,,,275.497,,0.0,0.0,0.0,404.453,,,,,0.0,10.155,,3982.986,3412013.0,66.645,3423.199,85.946,,,,,,0.368,,,,,14.654,,15.232,,,,,606.68,
URY,Uruguay,2016,,0.0,,0.0,,0.0,1.572,1.048,10.893,438.066,,,,,,95.134,0.0,,,,,0.0,,0.0,0.0,13.02,1.5,0.0,1.37,1.07,7.76,0.0,0.3,0.0,1.5,12.4,0.15,2.99,13.77,1.31,1.029,19769.26,,,,,,400.101,9.949,65763795575.0,7.771,,,,,312.487,,0.0,0.0,56.354,,,,,2266.263,,90.051,12.4,3621.348,,,,,,-5.76,-0.75,0.0,,,,,0.0,,2.179,,,,,87.613,,0.0,0.0,0.0,438.066,,,,,0.0,10.893,,4021.449,3424139.0,67.693,3621.348,90.051,,,,,,1.089,,,,,43.807,,21.714,,,,,873.212,
URY,Uruguay,2017,,,,,,,-3.476,-2.353,10.238,424.833,,,,,,89.06,0.0,,,,,0.0,,,,12.8,1.46,0.0,1.32,1.03,7.44,0.0,0.29,0.0,1.46,12.94,0.27,3.77,14.26,1.27,0.968,19012.703,,,,,,384.096,9.257,67467735525.0,7.223,,,,,299.711,,,,52.174,,,,,2164.902,,90.743,12.94,3765.3,,,,,,-11.406,-1.46,0.0,,,,,0.0,,2.034,,,,,84.385,,,,0.0,424.833,,,,,0.0,10.238,,4149.396,3436645.0,65.34,3765.3,90.743,,,,,,1.893,,,,,78.565,,26.438,,,,,1097.0,
URY,Uruguay,2018,,,,,,,2.582,1.687,10.461,440.67,,,,,,90.847,0.0,,,,,0.0,,,,13.35,1.52,0.0,1.38,1.08,6.49,0.0,0.3,0.0,1.52,13.15,0.41,4.73,14.53,1.32,0.978,19432.034,,,,,,400.082,9.498,68560712984.0,7.433,,,,,313.108,,,,44.666,,,,,1881.547,,90.502,13.15,3812.379,,,,,,-8.839,-1.18,0.0,,,,,0.0,,2.065,,,,,86.974,,,,0.0,440.67,,,,,0.0,10.461,,4212.461,3449290.0,67.027,3812.379,90.502,,,,,,2.822,,,,,118.865,,32.553,,,,,1371.297,
URY,Uruguay,2019,,,,,,,1.265,0.848,5.57,254.208,,,,,,90.506,0.0,,,,,0.0,,,,12.79,0.88,0.0,1.91,1.74,7.84,0.0,0.17,0.0,0.88,13.89,0.42,4.75,15.8,1.43,,19607.18,,,,,,551.747,12.089,,11.013,,,,,502.639,,,,49.62,,,,,2264.763,,87.911,13.89,4012.443,,,,,,-23.534,-3.01,0.0,,,,,0.0,,1.076,,,,,49.108,,,,0.0,254.208,,,,,0.0,5.57,,4564.191,3461731.0,67.875,4012.443,87.911,,,,,,2.658,,,,,121.327,,30.063,,,,,1372.146,
URY,Uruguay,2020,,,,,,,,,6.962,253.33,,,,,,106.013,0.0,,,,,0.0,,,,12.01,0.88,0.0,1.91,1.74,3.95,0.0,0.17,0.0,0.88,10.73,0.46,5.44,12.64,1.34,,,,,,,,549.842,15.111,,13.766,,,,,500.903,,,,31.25,,,,,1137.107,,84.889,10.73,3088.901,,,,,,-5.246,-0.63,0.0,,,,,0.0,,1.345,,,,,48.939,,,,0.0,253.33,,,,,0.0,6.962,,3638.743,3473727.0,,3088.901,84.889,,,,,,3.639,,,,,132.423,,43.038,,,,,1566.041,
