iso_code,country,year,coal_prod_change_pct,coal_prod_change_twh,gas_prod_change_pct,gas_prod_change_twh,oil_prod_change_pct,oil_prod_change_twh,energy_cons_change_pct,energy_cons_change_twh,biofuel_share_elec,biofuel_elec_per_capita,biofuel_cons_change_pct,biofuel_share_energy,biofuel_cons_change_twh,biofuel_consumption,biofuel_cons_per_capita,carbon_intensity_elec,coal_share_elec,coal_cons_change_pct,coal_share_energy,coal_cons_change_twh,coal_consumption,coal_elec_per_capita,coal_cons_per_capita,coal_production,coal_prod_per_capita,electricity_demand,biofuel_electricity,coal_electricity,fossil_electricity,gas_electricity,hydro_electricity,nuclear_electricity,oil_electricity,other_renewable_exc_biofuel_electricity,other_renewable_electricity,renewables_electricity,solar_electricity,wind_electricity,electricity_generation,greenhouse_gas_emissions,energy_per_gdp,energy_per_capita,fossil_cons_change_pct,fossil_share_energy,fossil_cons_change_twh,fossil_fuel_consumption,fossil_energy_per_capita,fossil_cons_per_capita,fossil_share_elec,gdp,gas_share_elec,gas_cons_change_pct,gas_share_energy,gas_cons_change_twh,gas_consumption,gas_elec_per_capita,gas_energy_per_capita,gas_production,gas_prod_per_capita,hydro_share_elec,hydro_cons_change_pct,hydro_share_energy,hydro_cons_change_twh,hydro_consumption,hydro_elec_per_capita,hydro_energy_per_capita,low_carbon_share_elec,low_carbon_electricity,low_carbon_elec_per_capita,low_carbon_cons_change_pct,low_carbon_share_energy,low_carbon_cons_change_twh,low_carbon_consumption,low_carbon_energy_per_capita,net_elec_imports_share_demand,net_elec_imports,nuclear_share_elec,nuclear_cons_change_pct,nuclear_share_energy,nuclear_cons_change_twh,nuclear_consumption,nuclear_elec_per_capita,nuclear_energy_per_capita,oil_share_elec,oil_cons_change_pct,oil_share_energy,oil_cons_change_twh,oil_consumption,oil_elec_per_capita,oil_energy_per_capita,oil_production,oil_prod_per_capita,other_renewables_elec_per_capita_exc_biofuel,other_renewables_elec_per_capita,other_renewables_cons_change_pct,other_renewables_share_energy,other_renewables_cons_change_twh,other_renewable_consumption,other_renewables_share_elec_exc_biofuel,other_renewables_share_elec,other_renewables_energy_per_capita,per_capita_electricity,population,primary_energy_consumption,renewables_elec_per_capita,renewables_share_elec,renewables_cons_change_pct,renewables_share_energy,renewables_cons_change_twh,renewables_consumption,renewables_energy_per_capita,solar_share_elec,solar_cons_change_pct,solar_share_energy,solar_cons_change_twh,solar_consumption,solar_elec_per_capita,solar_energy_per_capita,wind_share_elec,wind_cons_change_pct,wind_share_energy,wind_cons_change_twh,wind_consumption,wind_elec_per_capita,wind_energy_per_capita
UZB,Uzbekistan,1985,,,,,,,,,,,,,,,,,,,3.593,,17.305,,958.137,17.305,958.143,,,,,,5.431,0.0,,,0.0,5.431,0.0,0.0,47.939,,3.682,26668.884,,96.868,,466.587,25833.563,,,130801915000.0,,,64.645,,311.379,,17240.133,327.364,18125.155,11.33,,3.132,,15.087,300.723,835.342,11.33,5.431,300.723,,3.132,,15.087,835.342,,,0.0,,0.0,,0.0,0.0,0.0,,,28.63,,137.903,,7635.293,26.865,1487.452,,0.0,,0.0,,0.0,,0.0,0.0,2654.241,18061284.0,481.674,300.723,11.33,,3.132,,15.087,835.342,0.0,,0.0,,0.0,0.0,0.0,0.0,,0.0,,0.0,0.0,0.0
UZB,Uzbekistan,1986,13.208,2.286,11.593,37.951,9.524,2.559,-1.601,-7.709,,,,,,,,,,13.208,4.133,2.286,19.591,,1058.07,19.591,1058.076,,,,,,4.618,0.0,,,0.0,4.618,0.0,0.0,52.171,,3.668,25598.165,-1.168,97.293,-5.451,461.137,24905.334,,,129229072000.0,,-3.599,63.332,-11.206,300.173,,16211.939,365.315,19730.124,8.852,-14.972,2.707,-2.259,12.829,249.426,692.852,8.852,4.618,249.426,-14.972,2.707,-2.259,12.829,692.852,,,0.0,,0.0,0.0,0.0,0.0,0.0,,2.516,29.828,3.469,141.372,,7635.325,29.424,1589.143,,0.0,,0.0,0.0,0.0,,0.0,0.0,2817.681,18515578.0,473.965,249.426,8.852,-14.972,2.707,-2.259,12.829,692.852,0.0,,0.0,0.0,0.0,0.0,0.0,0.0,,0.0,0.0,0.0,0.0,0.0
UZB,Uzbekistan,1987,-16.667,-3.265,3.109,11.357,5.534,1.628,2.006,9.505,,,,,,,,,,-16.667,3.377,-3.265,16.326,,860.313,16.326,860.318,,,,,,6.771,0.0,,,0.0,6.771,0.0,0.0,54.755,,3.766,25477.437,0.765,96.11,3.527,464.664,24486.384,,,128382920000.0,,4.704,65.008,14.12,314.294,,16562.347,376.672,19849.465,12.365,46.603,3.89,5.978,18.807,356.786,991.074,12.365,6.771,356.786,46.603,3.89,5.978,18.807,991.074,,,0.0,,0.0,0.0,0.0,0.0,0.0,,-5.184,27.725,-7.328,134.044,,7063.724,31.052,1636.353,,0.0,,0.0,0.0,0.0,,0.0,0.0,2885.425,18976410.0,483.47,356.786,12.365,46.603,3.89,5.978,18.807,991.074,0.0,,0.0,0.0,0.0,0.0,0.0,0.0,,0.0,0.0,0.0,0.0,0.0
UZB,Uzbekistan,1988,10.0,1.633,0.251,0.946,-8.614,-2.675,6.111,29.547,,,,,,,,,,10.0,3.501,1.633,17.958,,923.591,17.958,923.597,,,,,,7.164,0.0,,,0.0,7.164,0.0,0.0,50.59,,3.681,26384.492,6.124,96.121,28.454,493.118,25361.077,,,139357125000.0,,-1.406,60.402,-4.42,309.874,,15936.839,377.618,19420.908,14.161,5.809,3.879,1.093,19.9,368.437,1023.437,14.161,7.164,368.437,5.809,3.879,1.093,19.9,1023.437,,,0.0,,0.0,0.0,0.0,0.0,0.0,,23.307,32.218,31.242,165.285,,8500.646,28.377,1459.44,,0.0,,0.0,0.0,0.0,,0.0,0.0,2601.846,19443890.0,513.017,368.437,14.161,5.809,3.879,1.093,19.9,1023.437,0.0,,0.0,0.0,0.0,0.0,0.0,0.0,,0.0,0.0,0.0,0.0,0.0
UZB,Uzbekistan,1989,12.727,2.286,3.008,11.357,10.656,3.024,1.554,7.973,,,,,,,,,,12.727,3.886,2.286,20.244,,1016.351,20.244,1016.357,,,,,,5.502,0.0,,,0.0,5.502,0.0,0.0,55.874,,3.667,26156.61,2.553,97.066,12.589,505.707,25389.301,,,142094069000.0,,5.699,62.868,17.66,327.534,,16444.031,388.975,19528.697,9.847,-23.196,2.934,-4.616,15.284,276.239,767.33,9.847,5.502,276.239,-23.196,2.934,-4.616,15.284,767.33,,,0.0,,0.0,0.0,0.0,0.0,0.0,,-4.451,30.313,-7.356,157.929,,7928.919,31.401,1576.504,,0.0,,0.0,0.0,0.0,,0.0,0.0,2805.184,19918120.0,520.991,276.239,9.847,-23.196,2.934,-4.616,15.284,767.33,0.0,,0.0,0.0,0.0,0.0,0.0,0.0,,0.0,0.0,0.0,0.0,0.0
UZB,Uzbekistan,1990,4.839,0.98,-5.377,-20.915,3.704,1.163,-0.244,-1.273,,,,,,,,,,4.839,4.084,0.98,21.223,,1040.444,21.223,1040.451,,,,,,6.648,0.0,,,0.0,6.648,0.0,0.0,56.325,,3.728,25478.393,-0.881,96.447,-4.456,501.251,24573.11,,,139398700000.0,,6.444,67.082,21.105,348.639,,17091.539,368.06,18043.618,11.803,20.825,3.553,3.183,18.467,325.909,905.303,11.803,6.648,325.909,20.825,3.553,3.183,18.467,905.303,,,0.0,,0.0,0.0,0.0,0.0,0.0,,-16.806,25.281,-26.541,131.388,,6441.127,32.564,1596.404,,0.0,,0.0,0.0,0.0,,0.0,0.0,2761.253,20398348.0,519.717,325.909,11.803,20.825,3.553,3.183,18.467,905.303,0.0,,0.0,0.0,0.0,0.0,0.0,0.0,,0.0,0.0,0.0,0.0,0.0
UZB,Uzbekistan,1991,-8.492,-1.802,2.746,10.106,0.0,0.0,-1.18,-6.134,,,,,,,,,,-8.492,3.781,-1.802,19.421,,929.907,19.421,929.913,,,,,,6.031,0.0,,,0.0,6.031,0.0,0.0,54.165,,3.76,24591.189,-0.882,96.738,-4.42,496.831,23789.059,,,136577596853.0,,0.785,68.416,2.735,351.374,,16824.353,378.166,18107.194,11.134,-9.281,3.262,-1.714,16.753,288.774,802.15,11.134,6.031,288.774,-9.281,3.262,-1.714,16.753,802.15,,,0.0,,0.0,0.0,0.0,0.0,0.0,,-4.074,24.54,-5.352,126.036,,6034.798,32.564,1559.215,,0.0,,0.0,0.0,0.0,,0.0,0.0,2593.505,20884862.0,513.584,288.774,11.134,-9.281,3.262,-1.714,16.753,802.15,0.0,,0.0,0.0,0.0,0.0,0.0,0.0,,0.0,0.0,0.0,0.0,0.0
UZB,Uzbekistan,1992,-21.318,-4.14,1.705,6.449,17.857,5.815,-5.221,-26.814,,,,,,,,,,-21.318,3.139,-4.14,15.281,,714.888,15.281,714.892,,,,,,6.281,0.0,,,0.0,6.281,0.0,0.0,50.911,,4.073,22772.706,-5.537,96.416,-27.509,469.322,21956.483,,,119510829910.0,,0.501,72.547,1.76,353.134,,16520.83,384.615,17993.588,12.337,4.145,3.584,0.694,17.447,293.846,816.241,12.337,6.281,293.846,4.145,3.584,0.694,17.447,816.241,,,0.0,,0.0,0.0,0.0,0.0,0.0,,-19.938,20.73,-25.129,100.907,,4720.766,38.379,1795.499,,0.0,,0.0,0.0,0.0,,0.0,0.0,2381.788,21375114.0,486.769,293.846,12.337,4.145,3.584,0.694,17.447,816.241,0.0,,0.0,0.0,0.0,0.0,0.0,0.0,,0.0,0.0,0.0,0.0,0.0
UZB,Uzbekistan,1993,-18.654,-2.85,5.656,21.752,21.242,8.153,7.534,36.673,,,,,,,,,,-18.654,2.375,-2.85,12.43,,568.583,12.43,568.587,,,,,,7.358,0.0,,,0.0,7.358,0.0,0.0,49.149,,4.555,23943.033,7.177,96.095,33.681,503.003,23008.146,,,114918069419.0,,9.0,73.535,31.781,384.915,,17606.605,406.368,18587.869,14.971,17.147,3.905,2.992,20.439,336.566,934.907,14.971,7.358,336.566,17.147,3.905,2.992,20.439,934.907,,,0.0,,0.0,0.0,0.0,0.0,0.0,,4.708,20.185,4.751,105.658,,4832.958,46.532,2128.428,,0.0,,0.0,0.0,0.0,,0.0,0.0,2248.15,21861974.0,523.442,336.566,14.971,17.147,3.905,2.992,20.439,934.907,0.0,,0.0,0.0,0.0,0.0,0.0,0.0,,0.0,0.0,0.0,0.0,0.0
UZB,Uzbekistan,1994,0.998,0.124,4.879,19.827,37.891,17.631,-1.884,-9.86,,,,,,,,,,0.998,2.444,0.124,12.554,,562.066,12.555,562.07,,,,,,7.156,0.0,,,0.0,7.156,0.0,0.0,47.8,,4.789,22993.275,-1.849,96.13,-9.298,493.705,22103.357,,,107242096460.0,,1.606,76.15,6.18,391.095,,17509.476,426.195,19080.907,14.971,-2.745,3.87,-0.561,19.878,320.377,889.936,14.971,7.156,320.377,-2.745,3.87,-0.561,19.878,889.936,,,0.0,,0.0,0.0,0.0,0.0,0.0,,-14.767,17.535,-15.603,90.055,,4031.815,64.163,2872.588,,0.0,,0.0,0.0,0.0,,0.0,0.0,2140.024,22336202.0,513.582,320.377,14.971,-2.745,3.87,-0.561,19.878,889.936,0.0,,0.0,0.0,0.0,0.0,0.0,0.0,,0.0,0.0,0.0,0.0,0.0
UZB,Uzbekistan,1995,-20.572,-2.583,1.694,7.219,37.52,24.074,-1.227,-6.303,,,,,,,,,,-17.37,2.045,-2.181,10.374,,455.168,9.972,437.53,,,,,,6.188,0.0,,,0.0,6.188,0.0,0.0,47.453,,4.849,22257.862,-0.732,96.612,-3.614,490.091,21503.684,,,104615660924.0,,2.485,79.013,9.72,400.815,,17586.514,433.414,19016.853,13.04,-13.527,3.388,-2.689,17.189,271.51,754.196,13.04,6.188,271.51,-13.527,3.388,-2.689,17.189,754.196,,,0.0,,0.0,0.0,0.0,0.0,0.0,,-12.384,15.554,-11.153,78.903,,3462.002,88.237,3871.558,,0.0,,0.0,0.0,0.0,,0.0,0.0,2082.091,22791034.0,507.28,271.51,13.04,-13.527,3.388,-2.689,17.189,754.196,0.0,,0.0,0.0,0.0,0.0,0.0,0.0,,0.0,0.0,0.0,0.0,0.0
UZB,Uzbekistan,1996,-7.105,-0.709,2.065,8.951,0.474,0.419,3.156,16.008,,,,,,,,,,-6.575,1.852,-0.682,9.692,,417.289,9.263,398.842,,,,,,6.525,0.0,,,0.0,6.525,0.0,0.0,45.419,,4.996,22530.937,3.075,96.536,15.072,505.163,21750.555,,,104748222327.0,,4.123,79.753,16.525,417.34,,17969.21,442.365,19046.685,14.366,5.446,3.464,0.936,18.125,280.944,780.4,14.366,6.525,280.944,5.446,3.464,0.936,18.125,780.4,,,0.0,,0.0,0.0,0.0,0.0,0.0,,-0.978,14.931,-0.771,78.131,,3364.056,88.655,3817.194,,0.0,,0.0,0.0,0.0,,0.0,0.0,1955.583,23225302.0,523.288,280.944,14.366,5.446,3.464,0.936,18.125,780.4,0.0,,0.0,0.0,0.0,0.0,0.0,0.0,,0.0,0.0,0.0,0.0,0.0
UZB,Uzbekistan,1997,3.842,0.356,2.546,11.261,3.516,3.117,-1.025,-5.362,,,,,,,,,,-0.651,1.859,-0.063,9.629,,407.292,9.619,406.892,,,,,,5.777,0.0,,,0.0,5.777,0.0,0.0,46.054,,4.774,21908.42,-0.65,96.902,-3.284,501.879,21229.634,,,108486839486.0,,-1.914,79.037,-7.989,409.351,,17315.701,453.626,19188.533,12.544,-11.464,3.098,-2.078,16.047,244.369,678.803,12.544,5.777,244.369,-11.464,3.098,-2.078,16.047,678.803,,,0.0,,0.0,0.0,0.0,0.0,0.0,,6.102,16.006,4.767,82.899,,3506.641,91.772,3881.998,,0.0,,0.0,0.0,0.0,,0.0,0.0,1948.099,23640486.0,517.926,244.369,12.544,-11.464,3.098,-2.078,16.047,678.803,0.0,,0.0,0.0,0.0,0.0,0.0,0.0,,0.0,0.0,0.0,0.0,0.0
UZB,Uzbekistan,1998,0.204,0.02,9.06,41.099,3.612,3.315,-0.266,-1.378,,,,,,,,,,0.276,1.869,0.027,9.655,,401.694,9.639,401.012,,,,,,5.758,0.0,,,0.0,5.758,0.0,0.0,45.9,,4.637,21490.55,-0.264,96.904,-1.326,500.553,20825.13,,,111389408609.0,,0.4,79.564,1.636,410.988,,17098.832,494.725,20582.652,12.545,-0.329,3.096,-0.053,15.994,239.557,665.437,12.545,5.758,239.557,-0.329,3.096,-0.053,15.994,665.437,,,0.0,,0.0,0.0,0.0,0.0,0.0,,-3.605,15.47,-2.988,79.91,,3324.604,95.087,3956.016,,0.0,,0.0,0.0,0.0,,0.0,0.0,1909.634,24036018.0,516.547,239.557,12.545,-0.329,3.096,-0.053,15.994,665.437,0.0,,0.0,0.0,0.0,0.0,0.0,0.0,,0.0,0.0,0.0,0.0,0.0
UZB,Uzbekistan,1999,0.136,0.013,1.44,7.123,-0.93,-0.884,13.191,68.138,,,,,,,,,,-0.035,1.651,-0.003,9.652,,395.37,9.652,395.37,,,,,,5.692,0.0,,,0.0,5.692,0.0,0.0,45.372,,5.112,23950.698,13.649,97.296,68.322,568.875,23303.04,,,114383441629.0,,15.878,81.453,65.258,476.245,,19508.619,501.848,20557.368,12.545,-1.146,2.704,-0.183,15.811,233.164,647.677,12.545,5.692,233.164,-1.146,2.704,-0.183,15.811,647.677,,,0.0,,0.0,0.0,0.0,0.0,0.0,,3.839,14.192,3.068,82.978,,3399.052,94.203,3858.873,,0.0,,0.0,0.0,0.0,,0.0,0.0,1858.59,24412050.0,584.686,233.164,12.545,-1.146,2.704,-0.183,15.811,647.677,0.0,,0.0,0.0,0.0,0.0,0.0,0.0,,0.0,0.0,0.0,0.0,0.0
UZB,Uzbekistan,2000,-15.392,-1.486,1.477,7.411,-7.407,-6.978,2.118,12.386,0.0,0.0,,,,,,507.106,22.062,14.005,1.843,1.352,11.004,394.833,444.229,8.166,329.679,45.61,0.0,9.78,38.51,27.59,5.82,0.0,1.14,0.0,0.0,5.82,0.0,0.0,44.33,22.48,5.109,24104.676,2.086,97.265,11.867,580.742,23445.406,1554.706,86.871,116875867172.0,62.238,2.203,81.521,10.491,486.736,1113.849,19650.283,509.259,20559.534,13.129,3.285,2.735,0.519,16.331,234.962,659.289,13.129,5.82,234.962,3.285,2.735,0.519,16.331,659.289,2.806,1.28,0.0,,0.0,0.0,0.0,0.0,0.0,2.572,0.029,13.901,0.024,83.001,46.023,3350.894,87.225,3521.403,0.0,0.0,,0.0,0.0,0.0,0.0,0.0,0.0,1789.668,24769956.0,597.072,234.962,13.129,3.285,2.735,0.519,16.331,659.289,0.0,,0.0,0.0,0.0,0.0,0.0,0.0,,0.0,0.0,0.0,0.0,0.0
UZB,Uzbekistan,2001,8.397,0.686,1.058,5.39,-4.32,-3.768,0.348,2.077,0.0,0.0,,,,,,506.785,22.069,-16.176,1.539,-1.78,9.224,395.084,367.349,8.852,352.542,45.44,0.0,9.92,39.05,27.98,5.9,0.0,1.15,0.0,0.0,5.9,0.0,0.0,44.95,22.78,4.997,23862.329,0.31,97.229,1.802,582.544,23201.005,1555.247,86.874,119890046944.0,62.247,0.791,81.881,3.85,490.586,1114.361,19538.626,514.649,20496.949,13.126,1.683,2.771,0.275,16.605,234.98,661.343,13.126,5.9,234.98,1.683,2.771,0.275,16.605,661.343,1.078,0.49,0.0,,0.0,0.0,0.0,0.0,0.0,2.558,-0.323,13.808,-0.268,82.733,45.801,3295.031,83.457,3323.843,0.0,0.0,,0.0,0.0,0.0,0.0,0.0,0.0,1790.227,25108554.0,599.149,234.98,13.126,1.683,2.771,0.275,16.605,661.343,0.0,,0.0,0.0,0.0,0.0,0.0,0.0,,0.0,0.0,0.0,0.0,0.0
UZB,Uzbekistan,2002,0.937,0.083,2.469,12.705,0.307,0.256,2.533,15.174,0.0,0.0,,,,,,507.178,22.07,6.498,1.599,0.599,9.823,405.016,386.259,8.935,351.332,46.59,0.0,10.3,40.55,29.05,6.12,0.0,1.2,0.0,0.0,6.12,0.0,0.0,46.67,23.67,5.004,24156.327,2.544,97.239,14.818,597.361,23489.383,1594.503,86.887,122757842098.0,62.246,2.982,82.24,14.63,505.216,1142.301,19866.083,527.354,20736.556,13.113,2.145,2.761,0.356,16.962,240.65,666.964,13.113,6.12,240.65,2.145,2.761,0.356,16.962,666.964,-0.172,-0.08,0.0,,0.0,0.0,0.0,0.0,0.0,2.571,-0.498,13.4,-0.412,82.322,47.186,3237.042,83.713,3291.745,0.0,0.0,,0.0,0.0,0.0,0.0,0.0,0.0,1835.153,25431116.0,614.322,240.65,13.113,2.145,2.761,0.356,16.962,666.964,0.0,,0.0,0.0,0.0,0.0,0.0,0.0,,0.0,0.0,0.0,0.0,0.0
UZB,Uzbekistan,2003,-30.091,-2.689,0.675,3.561,-0.889,-0.744,-8.356,-51.336,0.0,0.0,,,,,,490.493,21.299,-21.999,1.361,-2.161,7.662,387.198,297.564,6.246,242.58,46.73,0.0,9.97,39.27,28.14,7.54,0.0,1.16,0.0,0.0,7.54,0.0,0.0,46.81,22.96,4.471,21864.314,-9.017,96.538,-53.867,543.495,21107.317,1525.101,83.892,125924036558.0,60.115,-9.849,80.9,-49.761,455.455,1092.853,17688.198,530.915,20618.771,16.108,14.921,3.462,2.531,19.492,292.826,757.015,16.108,7.54,292.826,14.921,3.462,2.531,19.492,757.015,-0.171,-0.08,0.0,,0.0,0.0,0.0,0.0,0.0,2.478,-2.362,14.277,-1.944,80.377,45.05,3121.555,82.968,3222.186,0.0,0.0,,0.0,0.0,0.0,0.0,0.0,0.0,1817.927,25749110.0,562.987,292.826,16.108,14.921,3.462,2.531,19.492,757.015,0.0,,0.0,0.0,0.0,0.0,0.0,0.0,,0.0,0.0,0.0,0.0,0.0
UZB,Uzbekistan,2004,41.087,2.566,1.342,7.123,-7.794,-6.466,-0.29,-1.633,0.0,0.0,,,,,,475.105,20.612,35.139,1.845,2.692,10.354,374.651,397.058,8.813,337.939,47.33,0.0,9.77,38.48,27.58,8.92,0.0,1.13,0.0,0.0,8.92,0.0,0.0,47.4,22.52,4.217,21526.266,0.052,96.869,0.282,543.776,20852.228,1475.595,81.181,133131261303.0,58.186,1.036,81.975,4.716,460.171,1057.612,17646.232,538.038,20632.16,18.819,-9.823,3.131,-1.915,17.578,342.056,674.055,18.819,8.92,342.056,-9.823,3.131,-1.915,17.578,674.055,-0.148,-0.07,0.0,,0.0,0.0,0.0,0.0,0.0,2.384,-8.867,13.049,-7.127,73.25,43.332,2808.939,76.502,2933.633,0.0,0.0,,0.0,0.0,0.0,0.0,0.0,0.0,1817.651,26077614.0,561.354,342.056,18.819,-9.823,3.131,-1.915,17.578,674.055,0.0,,0.0,0.0,0.0,0.0,0.0,0.0,,0.0,0.0,0.0,0.0,0.0
UZB,Uzbekistan,2005,11.237,0.99,1.521,8.181,-17.163,-13.13,-0.207,-1.164,0.0,0.0,,,,,,469.874,19.119,-5.052,1.755,-0.523,9.831,339.794,372.005,9.803,370.934,46.89,0.0,8.98,38.13,28.11,8.84,0.0,1.04,0.0,0.0,8.84,0.0,0.0,46.97,22.07,3.995,21196.984,-0.383,96.699,-2.081,541.695,20497.187,1442.8,81.179,140235914619.0,59.847,1.966,83.761,9.048,469.219,1063.653,17754.765,546.219,20668.351,18.821,5.216,3.301,0.917,18.495,334.496,699.813,18.821,8.84,334.496,5.216,3.301,0.917,18.495,699.813,-0.171,-0.08,0.0,,0.0,0.0,0.0,0.0,0.0,2.214,-14.478,11.183,-10.606,62.645,39.353,2370.418,63.372,2397.926,0.0,0.0,,0.0,0.0,0.0,0.0,0.0,0.0,1777.296,26427786.0,560.189,334.496,18.821,5.216,3.301,0.917,18.495,699.813,0.0,,0.0,0.0,0.0,0.0,0.0,0.0,,0.0,0.0,0.0,0.0,0.0
UZB,Uzbekistan,2006,3.997,0.392,3.612,19.731,-0.679,-0.43,-6.854,-38.394,0.0,0.0,,,,,,515.262,21.048,8.777,2.049,0.863,10.694,344.724,398.975,10.195,380.344,43.81,0.0,9.24,39.25,28.94,4.65,0.0,1.07,0.0,0.0,4.65,0.0,0.0,43.9,22.62,3.516,19467.037,-6.56,97.003,-35.535,506.16,18883.706,1464.33,89.408,148398137339.0,65.923,-7.713,82.988,-36.19,433.029,1079.687,16155.351,565.95,21114.334,10.592,-15.456,2.997,-2.858,15.636,173.481,583.347,10.592,4.65,173.481,-15.456,2.997,-2.858,15.636,583.347,-0.205,-0.09,0.0,,0.0,0.0,0.0,0.0,0.0,2.437,-0.332,11.966,-0.208,62.437,39.919,2329.38,62.942,2348.209,0.0,0.0,,0.0,0.0,0.0,0.0,0.0,0.0,1637.811,26804066.0,521.796,173.481,10.592,-15.456,2.997,-2.858,15.636,583.347,0.0,,0.0,0.0,0.0,0.0,0.0,0.0,,0.0,0.0,0.0,0.0,0.0
UZB,Uzbekistan,2007,4.836,0.493,4.082,23.1,-8.943,-5.629,6.277,32.752,0.0,0.0,,,,,,516.476,21.116,-13.876,1.661,-1.484,9.21,346.264,338.554,10.688,392.866,45.59,0.0,9.42,40.0,29.49,4.61,0.0,1.09,0.0,0.0,4.61,0.0,0.0,44.61,23.04,3.466,20384.244,6.171,96.907,31.236,537.396,19753.793,1470.334,89.666,159983151575.0,66.106,8.157,84.457,35.324,468.352,1084.003,17215.875,589.05,21652.501,10.334,9.693,3.093,1.516,17.152,169.456,630.468,10.334,4.61,169.456,9.693,3.093,1.516,17.152,630.468,2.15,0.98,0.0,,0.0,0.0,0.0,0.0,0.0,2.443,-4.17,10.79,-2.604,59.833,40.067,2199.364,57.313,2106.718,0.0,0.0,,0.0,0.0,0.0,0.0,0.0,0.0,1639.79,27204710.0,554.547,169.456,10.334,9.693,3.093,1.516,17.152,630.468,0.0,,0.0,0.0,0.0,0.0,0.0,0.0,,0.0,0.0,0.0,0.0,0.0
UZB,Uzbekistan,2008,10.042,1.073,3.595,21.175,-2.983,-1.71,-5.38,-29.833,0.0,0.0,,,,,,512.935,20.945,26.287,2.217,2.421,11.631,304.775,421.015,11.761,425.71,40.3,0.0,8.42,35.76,26.36,4.44,0.0,0.98,0.0,0.0,4.44,0.0,0.0,40.2,20.62,3.056,18992.818,-4.514,97.794,-24.259,513.137,18573.761,1294.387,88.955,171678339716.0,65.572,-5.775,84.104,-27.046,441.306,954.14,15973.755,610.225,22088.01,11.045,-32.498,2.206,-5.574,11.578,160.712,419.072,11.045,4.44,160.712,-32.498,2.206,-5.574,11.578,419.072,0.248,0.1,0.0,,0.0,0.0,0.0,0.0,0.0,2.438,0.611,11.473,0.366,60.199,35.473,2178.991,55.603,2012.635,0.0,0.0,,0.0,0.0,0.0,0.0,0.0,0.0,1455.099,27626980.0,524.714,160.712,11.045,-32.498,2.206,-5.574,11.578,419.072,0.0,,0.0,0.0,0.0,0.0,0.0,0.0,,0.0,0.0,0.0,0.0,0.0
UZB,Uzbekistan,2009,1.449,0.17,-4.259,-25.988,-6.819,-3.791,-0.136,-0.711,0.0,0.0,,,,,,494.17,20.157,-4.804,2.113,-0.559,11.073,320.322,394.527,11.932,425.131,44.55,0.0,8.99,38.18,28.15,6.42,0.0,1.04,0.0,0.0,6.42,0.0,0.0,44.6,22.04,2.868,18670.73,-1.197,96.754,-6.142,506.995,18064.71,1360.391,85.605,182697967210.0,63.117,-0.131,84.108,-0.578,440.729,1003.012,15703.608,584.238,20816.952,14.395,46.909,3.246,5.431,17.009,228.751,606.036,14.395,6.42,228.751,46.909,3.246,5.431,17.009,606.036,-0.112,-0.05,0.0,,0.0,0.0,0.0,0.0,0.0,2.332,-8.316,10.533,-5.006,55.193,37.056,1966.575,51.812,1846.1,0.0,0.0,,0.0,0.0,0.0,0.0,0.0,0.0,1589.142,28065468.0,524.003,228.751,14.395,46.909,3.246,5.431,17.009,606.036,0.0,,0.0,0.0,0.0,0.0,0.0,0.0,,0.0,0.0,0.0,0.0,0.0
UZB,Uzbekistan,2010,-0.679,-0.081,-2.191,-12.801,-18.085,-9.37,-0.245,-1.284,0.0,0.0,,,,,,483.053,19.667,-16.631,1.766,-1.842,9.231,339.81,323.716,11.851,415.576,48.1,0.0,9.69,41.16,30.34,8.11,0.0,1.13,0.0,0.0,8.11,0.0,0.0,49.27,23.8,2.679,18330.775,-1.111,95.914,-5.635,501.359,17581.742,1443.405,83.54,195138482155.0,61.579,-0.066,84.259,-0.289,440.44,1063.968,15445.426,571.436,20039.209,16.46,25.582,4.086,4.351,21.36,284.403,749.048,16.46,8.11,284.403,25.582,4.086,4.351,21.36,749.048,-2.432,-1.17,0.0,,0.0,0.0,0.0,0.0,0.0,2.293,-6.35,9.888,-3.505,51.688,39.627,1812.6,42.441,1488.343,0.0,0.0,,0.0,0.0,0.0,0.0,0.0,0.0,1727.808,28515908.0,522.719,284.403,16.46,25.582,4.086,4.351,21.36,749.048,0.0,,0.0,0.0,0.0,0.0,0.0,0.0,,0.0,0.0,0.0,0.0,0.0
UZB,Uzbekistan,2011,5.935,0.703,-0.876,-5.005,-1.762,-0.748,3.793,19.825,0.0,0.0,,,,,,511.316,20.889,7.054,1.821,0.651,9.882,359.941,341.037,12.554,433.235,49.2,0.0,10.43,44.28,32.64,5.65,0.0,1.21,0.0,0.0,5.65,0.0,0.0,49.93,25.53,2.608,18723.24,5.257,97.267,26.358,527.717,18211.589,1528.108,88.684,208037666369.0,65.372,7.521,87.286,33.124,473.564,1126.41,16342.755,566.431,19547.611,11.316,-30.587,2.733,-6.533,14.827,194.982,511.666,11.316,5.65,194.982,-30.587,2.733,-6.533,14.827,511.666,-1.484,-0.73,0.0,,0.0,0.0,0.0,0.0,0.0,2.423,-14.349,8.16,-7.417,44.271,41.757,1527.798,41.694,1438.849,0.0,0.0,,0.0,0.0,0.0,0.0,0.0,0.0,1723.09,28977006.0,542.543,194.982,11.316,-30.587,2.733,-6.533,14.827,511.666,0.0,,0.0,0.0,0.0,0.0,0.0,0.0,,0.0,0.0,0.0,0.0,0.0
UZB,Uzbekistan,2012,-2.389,-0.3,-0.204,-1.155,-11.715,-4.885,-1.41,-7.652,0.0,0.0,,,,,,498.305,19.601,35.317,2.5,3.49,13.372,333.793,454.079,12.254,416.1,49.48,0.0,9.83,43.56,32.59,6.59,0.0,1.14,0.0,0.0,6.59,0.0,0.0,50.15,24.99,2.376,18163.048,-1.742,96.94,-9.195,518.523,17607.231,1479.147,86.859,225107480099.0,64.985,-2.361,86.445,-11.179,462.385,1106.643,15701.004,565.276,19194.822,13.141,10.403,3.06,1.542,16.369,223.774,555.831,13.141,6.59,223.774,10.403,3.06,1.542,16.369,555.831,-1.354,-0.67,0.0,,0.0,0.0,0.0,0.0,0.0,2.273,-3.402,7.995,-1.506,42.765,38.71,1452.147,36.809,1249.904,0.0,0.0,,0.0,0.0,0.0,0.0,0.0,0.0,1702.92,29449414.0,534.891,223.774,13.141,10.403,3.06,1.542,16.369,555.831,0.0,,0.0,0.0,0.0,0.0,0.0,0.0,,0.0,0.0,0.0,0.0,0.0
UZB,Uzbekistan,2013,8.982,1.101,-1.107,-6.256,-8.373,-3.082,1.724,9.224,0.0,0.0,,,,,,510.267,20.089,49.334,3.67,6.597,19.969,346.445,667.148,13.355,446.153,50.74,0.0,10.37,45.97,34.4,5.65,0.0,1.2,0.0,0.0,5.65,0.0,0.0,51.62,26.34,2.238,18177.978,1.84,97.05,9.54,528.062,17641.697,1535.782,89.055,243106299897.0,66.641,-0.187,84.82,-0.866,461.519,1149.247,15418.596,559.02,18675.94,10.945,-1.932,2.95,-0.316,16.053,188.757,536.295,10.945,5.65,188.757,-1.932,2.95,-0.316,16.053,536.295,-1.734,-0.88,0.0,,0.0,0.0,0.0,0.0,0.0,2.325,8.907,8.56,3.809,46.574,40.09,1555.954,33.727,1126.764,0.0,0.0,,0.0,0.0,0.0,0.0,0.0,0.0,1724.539,29932630.0,544.115,188.757,10.945,-1.932,2.95,-0.316,16.053,536.295,0.0,,0.0,0.0,0.0,0.0,0.0,0.0,,0.0,0.0,0.0,0.0,0.0
UZB,Uzbekistan,2014,7.501,1.002,0.706,3.946,-3.298,-1.112,3.206,17.442,0.0,0.0,,,,,,507.494,19.996,-7.977,3.272,-1.593,18.376,346.41,603.965,14.356,471.836,51.93,0.0,10.54,46.7,34.94,6.01,0.0,1.22,0.0,0.0,6.01,0.0,0.0,52.71,26.75,2.137,18456.238,3.362,97.197,17.755,545.817,17938.929,1534.852,88.598,262824626331.0,66.287,5.193,86.453,23.966,485.485,1148.345,15956.061,562.966,18502.562,11.402,-1.946,2.803,-0.312,15.74,197.526,517.324,11.402,6.01,197.526,-1.946,2.803,-0.312,15.74,517.324,-1.502,-0.78,0.0,,0.0,0.0,0.0,0.0,0.0,2.315,-9.917,7.471,-4.619,41.955,40.097,1378.904,32.615,1071.917,0.0,0.0,,0.0,0.0,0.0,0.0,0.0,0.0,1732.377,30426394.0,561.557,197.526,11.402,-1.946,2.803,-0.312,15.74,517.324,0.0,,0.0,0.0,0.0,0.0,0.0,0.0,,0.0,0.0,0.0,0.0,0.0
UZB,Uzbekistan,2015,-20.671,-2.968,-4.77,-26.854,-3.186,-1.039,-4.604,-25.852,0.0,0.0,,,,,,497.892,19.047,-19.544,2.76,-3.592,14.785,335.925,478.02,11.389,368.216,53.26,0.0,10.39,47.55,35.95,7.0,0.0,1.21,0.0,0.0,7.0,0.0,0.0,54.55,27.16,1.887,17320.169,-4.643,97.157,-25.342,520.475,16827.759,1537.364,87.168,283821445486.0,65.903,-4.54,86.511,-22.041,463.444,1162.319,14983.859,536.112,17333.34,12.832,-3.239,2.843,-0.51,15.23,226.321,492.423,12.832,7.0,226.321,-3.239,2.843,-0.51,15.23,492.423,-2.422,-1.29,0.0,,0.0,0.0,0.0,0.0,0.0,2.218,0.694,7.886,0.291,42.246,39.121,1365.88,31.575,1020.88,0.0,0.0,,0.0,0.0,0.0,0.0,0.0,0.0,1763.685,30929556.0,535.705,226.321,12.832,-3.239,2.843,-0.51,15.23,492.423,0.0,,0.0,0.0,0.0,0.0,0.0,0.0,,0.0,0.0,0.0,0.0,0.0
UZB,Uzbekistan,2016,10.874,1.238,-0.909,-4.872,-2.8,-0.884,-4.236,-22.69,0.0,0.0,,,,,,492.857,17.821,18.124,3.404,2.68,17.465,317.412,555.459,12.627,401.604,54.5,0.0,9.98,48.75,37.57,7.25,0.0,1.2,0.0,0.0,7.25,0.0,0.0,56.0,27.6,1.677,16316.349,-4.974,96.408,-25.887,494.588,15730.296,1550.486,87.054,305963440869.0,67.089,-6.511,84.456,-30.174,433.269,1194.908,13780.073,531.24,16896.016,12.946,20.983,3.592,3.196,18.426,230.585,586.042,12.946,7.25,230.585,20.988,3.592,3.197,18.427,586.066,-2.752,-1.5,0.0,,0.0,0.0,0.0,0.0,0.0,2.143,3.806,8.548,1.608,43.854,38.166,1394.765,30.691,976.132,0.0,0.0,,0.0,0.0,0.0,0.0,0.0,0.0,1781.071,31441754.0,513.015,230.585,12.946,20.988,3.592,3.197,18.427,586.066,0.0,,0.0,0.001,0.001,0.0,0.024,0.0,,0.0,0.0,0.0,0.0,0.0
UZB,Uzbekistan,2017,4.432,0.56,0.511,2.716,4.753,1.459,0.251,1.286,0.0,0.0,,,,,,482.949,16.896,-5.57,3.207,-0.973,16.492,306.948,516.015,13.187,412.604,57.42,0.0,9.81,49.71,38.72,8.34,0.0,1.18,0.0,0.0,8.35,0.01,0.0,58.06,28.04,1.609,16092.136,-0.274,95.903,-1.357,493.231,15432.877,1555.393,85.618,319615530783.0,66.69,-0.521,83.805,-2.257,431.012,1211.523,13486.09,533.957,16707.145,14.364,14.34,4.097,2.642,21.068,260.953,659.217,14.382,8.35,261.266,14.344,4.097,2.643,21.07,659.272,-1.115,-0.64,0.0,,0.0,0.0,0.0,0.0,0.0,2.032,4.272,8.891,1.873,45.727,36.921,1430.771,32.15,1005.951,0.0,0.0,,0.0,0.0,0.0,0.0,0.0,0.0,1816.659,31959774.0,514.301,261.266,14.382,14.344,4.097,2.643,21.07,659.272,0.017,131.618,0.0,0.001,0.002,0.313,0.055,0.0,,0.0,0.0,0.0,0.0,0.0
UZB,Uzbekistan,2018,3.362,0.443,7.05,37.643,4.619,1.485,3.508,18.042,0.0,0.0,,,,,,507.488,17.802,43.25,4.438,7.133,23.624,325.777,727.435,13.63,419.693,59.04,0.0,10.58,53.58,41.73,5.84,0.0,1.27,0.0,0.0,5.85,0.01,0.0,59.43,30.16,1.58,16391.768,4.955,97.244,24.438,517.669,15939.943,1649.822,90.156,336874766859.0,70.217,2.98,83.378,12.844,443.856,1284.94,13667.114,571.599,17600.537,9.827,-30.431,2.753,-6.411,14.657,179.824,451.316,9.844,5.85,180.132,-30.356,2.756,-6.396,14.674,451.839,-0.661,-0.39,0.0,,0.0,0.0,0.0,0.0,0.0,2.137,9.757,9.428,4.461,50.189,39.106,1545.393,33.635,1035.684,0.0,0.0,,0.0,0.0,0.0,0.0,0.0,0.0,1829.954,32476232.0,532.343,180.132,9.844,-30.356,2.756,-6.396,14.674,451.839,0.017,869.841,0.003,0.015,0.017,0.308,0.523,0.0,,0.0,0.0,0.0,0.0,0.0
UZB,Uzbekistan,2019,-1.495,-0.204,0.233,1.334,-2.621,-0.882,0.23,1.224,0.0,0.0,,,,,,499.917,16.991,-11.477,3.919,-2.711,20.913,309.869,634.075,13.426,407.082,61.46,0.0,10.22,53.64,42.19,6.5,0.0,1.23,0.0,0.0,6.51,0.01,0.0,60.15,30.07,,16177.655,-0.035,96.987,-0.18,517.489,15690.177,1626.356,89.177,,70.141,0.107,83.276,0.475,444.331,1279.194,13472.065,572.934,17371.249,10.806,9.435,3.006,1.383,16.04,197.079,486.327,10.823,6.51,197.382,9.57,3.013,1.404,16.078,487.491,2.131,1.31,0.0,,0.0,0.0,0.0,0.0,0.0,2.045,4.096,9.792,2.056,52.244,37.293,1584.038,32.754,993.083,0.0,0.0,,0.0,0.0,0.0,0.0,0.0,0.0,1823.738,32981714.0,533.567,197.382,10.823,9.57,3.013,1.404,16.078,487.491,0.017,126.142,0.007,0.021,0.038,0.303,1.164,0.0,,0.0,0.0,0.0,0.0,0.0
UZB,Uzbekistan,2020,2.103,0.282,-17.838,-102.201,-23.95,-7.844,-2.509,-13.387,0.0,0.0,,,,,,496.78,16.879,32.762,5.337,6.852,27.764,305.355,829.552,13.709,409.587,61.86,0.0,10.22,53.64,42.19,6.9,0.0,1.23,0.0,0.0,6.91,0.01,0.0,60.55,30.08,,15542.044,-2.733,96.764,-14.141,503.348,15039.15,1602.668,88.588,,69.678,-3.15,82.728,-13.996,430.336,1260.562,12857.678,470.733,14064.649,11.396,4.699,3.228,0.754,16.794,206.16,501.764,11.412,6.91,206.458,4.687,3.236,0.754,16.832,502.907,2.118,1.31,0.0,,0.0,0.0,0.0,0.0,0.0,2.031,-13.392,8.698,-6.997,45.248,36.75,1351.921,24.909,744.24,0.0,0.0,,0.0,0.0,0.0,0.0,0.0,0.0,1809.126,33469200.0,520.18,206.458,11.412,4.687,3.236,0.754,16.832,502.907,0.017,-0.368,0.007,-0.0,0.038,0.299,1.143,0.0,,0.0,0.0,0.0,0.0,0.0
