iso_code,country,year,coal_prod_change_pct,coal_prod_change_twh,gas_prod_change_pct,gas_prod_change_twh,oil_prod_change_pct,oil_prod_change_twh,energy_cons_change_pct,energy_cons_change_twh,biofuel_share_elec,biofuel_elec_per_capita,biofuel_cons_change_pct,biofuel_share_energy,biofuel_cons_change_twh,biofuel_consumption,biofuel_cons_per_capita,carbon_intensity_elec,coal_share_elec,coal_cons_change_pct,coal_share_energy,coal_cons_change_twh,coal_consumption,coal_elec_per_capita,coal_cons_per_capita,coal_production,coal_prod_per_capita,electricity_demand,biofuel_electricity,coal_electricity,fossil_electricity,gas_electricity,hydro_electricity,nuclear_electricity,oil_electricity,other_renewable_exc_biofuel_electricity,other_renewable_electricity,renewables_electricity,solar_electricity,wind_electricity,electricity_generation,greenhouse_gas_emissions,energy_per_gdp,energy_per_capita,fossil_cons_change_pct,fossil_share_energy,fossil_cons_change_twh,fossil_fuel_consumption,fossil_energy_per_capita,fossil_cons_per_capita,fossil_share_elec,gdp,gas_share_elec,gas_cons_change_pct,gas_share_energy,gas_cons_change_twh,gas_consumption,gas_elec_per_capita,gas_energy_per_capita,gas_production,gas_prod_per_capita,hydro_share_elec,hydro_cons_change_pct,hydro_share_energy,hydro_cons_change_twh,hydro_consumption,hydro_elec_per_capita,hydro_energy_per_capita,low_carbon_share_elec,low_carbon_electricity,low_carbon_elec_per_capita,low_carbon_cons_change_pct,low_carbon_share_energy,low_carbon_cons_change_twh,low_carbon_consumption,low_carbon_energy_per_capita,net_elec_imports_share_demand,net_elec_imports,nuclear_share_elec,nuclear_cons_change_pct,nuclear_share_energy,nuclear_cons_change_twh,nuclear_consumption,nuclear_elec_per_capita,nuclear_energy_per_capita,oil_share_elec,oil_cons_change_pct,oil_share_energy,oil_cons_change_twh,oil_consumption,oil_elec_per_capita,oil_energy_per_capita,oil_production,oil_prod_per_capita,other_renewables_elec_per_capita_exc_biofuel,other_renewables_elec_per_capita,other_renewables_cons_change_pct,other_renewables_share_energy,other_renewables_cons_change_twh,other_renewable_consumption,other_renewables_share_elec_exc_biofuel,other_renewables_share_elec,other_renewables_energy_per_capita,per_capita_electricity,population,primary_energy_consumption,renewables_elec_per_capita,renewables_share_elec,renewables_cons_change_pct,renewables_share_energy,renewables_cons_change_twh,renewables_consumption,renewables_energy_per_capita,solar_share_elec,solar_cons_change_pct,solar_share_energy,solar_cons_change_twh,solar_consumption,solar_elec_per_capita,solar_energy_per_capita,wind_share_elec,wind_cons_change_pct,wind_share_energy,wind_cons_change_twh,wind_consumption,wind_elec_per_capita,wind_energy_per_capita
VUT,Vanuatu,1980,,,,,,,,,,,,,,,,,,,,,,,,0.0,0.0,,,,,,,,,,,,,,,,,4493.213,,,,,,,,,,,,,,,,,,,,,,,,,,,,,,,,,,,,,,,,,,,,,,,,,,,,,,,,,,,,,115598.0,0.519,,,,,,,,,,,,,,,,,,,,,
VUT,Vanuatu,1981,,0.0,,,,,-12.739,-0.066,,,,,,,,,,,,,,,,0.0,0.0,,,,,,,,,,,,,,,,,3823.317,,,,,,,,,,,,,,,,,,,,,,,,,,,,,,,,,,,,,,,,,,,,,,,,,,,,,,,,,,,,,118546.0,0.453,,,,,,,,,,,,,,,,,,,,,
VUT,Vanuatu,1982,,0.0,,,,,0.0,0.0,,,,,,,,,,,,,,,,0.0,0.0,,,,,,,,,,,,,,,,,3733.496,,,,,,,,,,,,,,,,,,,,,,,,,,,,,,,,,,,,,,,,,,,,,,,,,,,,,,,,,,,,,121398.0,0.453,,,,,,,,,,,,,,,,,,,,,
VUT,Vanuatu,1983,,0.0,,,,,0.0,0.0,,,,,,,,,,,,,,,,0.0,0.0,,,,,,,,,,,,,,,,,3648.885,,,,,,,,,,,,,,,,,,,,,,,,,,,,,,,,,,,,,,,,,,,,,,,,,,,,,,,,,,,,,124213.0,0.453,,,,,,,,,,,,,,,,,,,,,
VUT,Vanuatu,1984,,0.0,,,,,0.274,0.001,,,,,,,,,,,,,,,,0.0,0.0,,,,,,,,,,,,,,,,,3576.954,,,,,,,,,,,,,,,,,,,,,,,,,,,,,,,,,,,,,,,,,,,,,,,,,,,,,,,,,,,,,127058.0,0.454,,,,,,,,,,,,,,,,,,,,,
VUT,Vanuatu,1985,,0.0,,,,,13.973,0.064,,,,,,,,,,,,,,,,0.0,0.0,,,,,,,,,,,,,,,,,3984.855,,,,,,,,,,,,,,,,,,,,,,,,,,,,,,,,,,,,,,,,,,,,,,,,,,,,,,,,,,,,,129989.0,0.518,,,,,,,,,,,,,,,,,,,,,
VUT,Vanuatu,1986,,0.0,,,,,-6.806,-0.035,,,,,,,,,,,,,,,,0.0,0.0,,,,,,,,,,,,,,,,,3629.89,,,,,,,,,,,,,,,,,,,,,,,,,,,,,,,,,,,,,,,,,,,,,,,,,,,,,,,,,,,,,132988.0,0.483,,,,,,,,,,,,,,,,,,,,,
VUT,Vanuatu,1987,,0.0,,,,,-11.64,-0.056,,,,,,,,,,,,,,,,0.0,0.0,,,,,,,,,,,,,,,,,3134.595,,,,,,,,,,,,,,,,,,,,,,,,,,,,,,,,,,,,,,,,,,,,,,,,,,,,,,,,,,,,,136075.0,0.427,,,,,,,,,,,,,,,,,,,,,
VUT,Vanuatu,1988,,0.0,,,,,29.553,0.126,,,,,,,,,,,,,,,,0.0,0.0,,,,,,,,,,,,,,,,,3966.417,,,,,,,,,,,,,,,,,,,,,,,,,,,,,,,,,,,,,,,,,,,,,,,,,,,,,,,,,,,,,139319.0,0.553,,,,,,,,,,,,,,,,,,,,,
VUT,Vanuatu,1989,,0.0,,,,,-12.43,-0.069,,,,,,,,,,,,,,,,0.0,0.0,,,,,,,,,,,,,,,,,3388.691,,,,,,,,,,,,,,,,,,,,,,,,,,,,,,,,,,,,,,,,,,,,,,,,,,,,,,,,,,,,,142801.0,0.484,,,,,,,,,,,,,,,,,,,,,
VUT,Vanuatu,1990,,0.0,,,,,0.0,0.0,,,,,,,,,,,,,,,,0.0,0.0,,,,,,,,,,,,,,,,,3301.44,,,,,,,,,,,,,,,,,,,,,,,,,,,,,,,,,,,,,,,,,,,,,,,,,,,,,,,,,,,,,146575.0,0.484,,,,,,,,,,,,,,,,,,,,,
VUT,Vanuatu,1991,,0.0,,,,,-16.39,-0.079,,,,,,,,,,,,,,,,0.0,0.0,,,,,,,,,,,,,,,,,2684.444,,,,,,,,,,,,,,,,,,,,,,,,,,,,,,,,,,,,,,,,,,,,,,,,,,,,,,,,,,,,,150718.0,0.405,,,,,,,,,,,,,,,,,,,,,
VUT,Vanuatu,1992,,0.0,,,,,-47.556,-0.192,,,,,,,,,,,,,,,,0.0,0.0,,,,,,,,,,,,,,,,,1367.376,,,,,,,,,,,,,,,,,,,,,,,,,,,,,,,,,,,,,,,,,,,,,,,,,,,,,,,,,,,,,155176.0,0.212,,,,,,,,,,,,,,,,,,,,,
VUT,Vanuatu,1993,,0.0,,,,,-0.244,-0.001,,,,,,,,,,,,,,,,0.0,0.0,,,,,,,,,,,,,,,,,1325.038,,,,,,,,,,,,,,,,,,,,,,,,,,,,,,,,,,,,,,,,,,,,,,,,,,,,,,,,,,,,,159743.0,0.212,,,,,,,,,,,,,,,,,,,,,
VUT,Vanuatu,1994,,0.0,,,,,0.0,0.0,,,,,,,,,,,,,,,,0.0,0.0,,,,,,,,,,,,,,,,,1289.637,,,,,,,,,,,,,,,,,,,,,,,,,,,,,,,,,,,,,,,,,,,,,,,,,,,,,,,,,,,,,164128.0,0.212,,,,,,,,,,,,,,,,,,,,,
VUT,Vanuatu,1995,,0.0,,,,,0.0,0.0,,,,,,,,,,,,,,,,0.0,0.0,,,,,,,,,,,,,,,,,1258.708,,,,,,,,,,,,,,,,,,,,,,,,,,,,,,,,,,,,,,,,,,,,,,,,,,,,,,,,,,,,,168161.0,0.212,,,,,,,,,,,,,,,,,,,,,
VUT,Vanuatu,1996,,0.0,,,,,0.245,0.001,,,,,,,,,,,,,,,,0.0,0.0,,,,,,,,,,,,,,,,,1235.632,,,,,,,,,,,,,,,,,,,,,,,,,,,,,,,,,,,,,,,,,,,,,,,,,,,,,,,,,,,,,171721.0,0.212,,,,,,,,,,,,,,,,,,,,,
VUT,Vanuatu,1997,,0.0,,,,,-0.244,-0.001,,,,,,,,,,,,,,,,0.0,0.0,,,,,,,,,,,,,,,,,1210.091,,,,,,,,,,,,,,,,,,,,,,,,,,,,,,,,,,,,,,,,,,,,,,,,,,,,,,,,,,,,,174917.0,0.212,,,,,,,,,,,,,,,,,,,,,
VUT,Vanuatu,1998,,0.0,,,,,0.0,0.0,,,,,,,,,,,,,,,,0.0,0.0,,,,,,,,,,,,,,,,,1189.219,,,,,,,,,,,,,,,,,,,,,,,,,,,,,,,,,,,,,,,,,,,,,,,,,,,,,,,,,,,,,177987.0,0.212,,,,,,,,,,,,,,,,,,,,,
VUT,Vanuatu,1999,,0.0,,,,,0.005,0.0,,,,,,,,,,,,,,,,0.0,0.0,,,,,,,,,,,,,,,,,1167.807,,,,,,,,,,,,,,,,,,,,,,,,,,,,,,,,,,,,,,,,,,,,,,,,,,,,,,,,,,,,,181259.0,0.212,,,,,,,,,,,,,,,,,,,,,
VUT,Vanuatu,2000,,0.0,,,,,80.428,0.17,0.0,0.0,,,,,,750.0,0.0,,,,,0.0,,0.0,0.0,0.04,0.0,0.0,0.04,0.0,0.0,0.0,0.04,0.0,0.0,0.0,0.0,0.0,0.04,0.03,,2064.848,,,,,,216.258,100.0,,0.0,,,,,0.0,,,,0.0,,,,,0.0,,0.0,0.0,0.0,,,,,,0.0,0.0,0.0,,,,,0.0,,100.0,,,,,216.258,,,,0.0,0.0,,,,,0.0,0.0,,216.258,184964.0,0.382,0.0,0.0,,,,,,0.0,,,,,0.0,,0.0,,,,,0.0,
VUT,Vanuatu,2001,,0.0,,,,,11.38,0.043,0.0,0.0,,,,,,750.0,0.0,,,,,0.0,,0.0,0.0,0.04,0.0,0.0,0.04,0.0,0.0,0.0,0.04,0.0,0.0,0.0,0.0,0.0,0.04,0.03,,2248.227,,,,,,211.406,100.0,,0.0,,,,,0.0,,,,0.0,,,,,0.0,,0.0,0.0,0.0,,,,,,0.0,0.0,0.0,,,,,0.0,,100.0,,,,,211.406,,,,0.0,0.0,,,,,0.0,0.0,,211.406,189209.0,0.425,0.0,0.0,,,,,,0.0,,,,,0.0,,0.0,,,,,0.0,
VUT,Vanuatu,2002,,0.0,,,,,-4.571,-0.019,0.0,0.0,,,,,,750.0,0.0,,,,,0.0,,0.0,0.0,0.04,0.0,0.0,0.04,0.0,0.0,0.0,0.04,0.0,0.0,0.0,0.0,0.0,0.04,0.03,,2093.255,,,,,,206.263,100.0,,0.0,,,,,0.0,,,,0.0,,,,,0.0,,0.0,0.0,0.0,,,,,,0.0,0.0,0.0,,,,,0.0,,100.0,,,,,206.263,,,,0.0,0.0,,,,,0.0,0.0,,206.263,193927.0,0.406,0.0,0.0,,,,,,0.0,,,,,0.0,,0.0,,,,,0.0,
VUT,Vanuatu,2003,,0.0,,,,,17.344,0.07,0.0,0.0,,,,,,750.0,0.0,,,,,0.0,,0.0,0.0,0.04,0.0,0.0,0.04,0.0,0.0,0.0,0.04,0.0,0.0,0.0,0.0,0.0,0.04,0.03,,2394.178,,,,,,201.045,100.0,,0.0,,,,,0.0,,,,0.0,,,,,0.0,,0.0,0.0,0.0,,,,,,0.0,0.0,0.0,,,,,0.0,,100.0,,,,,201.045,,,,0.0,0.0,,,,,0.0,0.0,,201.045,198960.0,0.476,0.0,0.0,,,,,,0.0,,,,,0.0,,0.0,,,,,0.0,
VUT,Vanuatu,2004,,0.0,,,,,-19.516,-0.093,0.0,0.0,,,,,,750.0,0.0,,,,,0.0,,0.0,0.0,0.04,0.0,0.0,0.04,0.0,0.0,0.0,0.04,0.0,0.0,0.0,0.0,0.0,0.04,0.03,,1878.186,,,,,,195.96,100.0,,0.0,,,,,0.0,,,,0.0,,,,,0.0,,0.0,0.0,0.0,,,,,,0.0,0.0,0.0,,,,,0.0,,100.0,,,,,195.96,,,,0.0,0.0,,,,,0.0,0.0,,195.96,204123.0,0.383,0.0,0.0,,,,,,0.0,,,,,0.0,,0.0,,,,,0.0,
VUT,Vanuatu,2005,,0.0,,,,,0.001,0.0,0.0,0.0,,,,,,750.0,0.0,,,,,0.0,,0.0,0.0,0.04,0.0,0.0,0.04,0.0,0.0,0.0,0.04,0.0,0.0,0.0,0.0,0.0,0.04,0.03,,1831.91,,,,,,191.13,100.0,,0.0,,,,,0.0,,,,0.0,,,,,0.0,,0.0,0.0,0.0,,,,,,0.0,0.0,0.0,,,,,0.0,,100.0,,,,,191.13,,,,0.0,0.0,,,,,0.0,0.0,,191.13,209282.0,0.383,0.0,0.0,,,,,,0.0,,,,,0.0,,0.0,,,,,0.0,
VUT,Vanuatu,2006,,0.0,,,,,-7.246,-0.028,0.0,0.0,,,,,,750.0,0.0,,,,,0.0,,0.0,0.0,0.04,0.0,0.0,0.04,0.0,0.0,0.0,0.04,0.0,0.0,0.0,0.0,0.0,0.04,0.03,,1658.764,,,,,,186.585,100.0,,0.0,,,,,0.0,,,,0.0,,,,,0.0,,0.0,0.0,0.0,,,,,,0.0,0.0,0.0,,,,,0.0,,100.0,,,,,186.585,,,,0.0,0.0,,,,,0.0,0.0,,186.585,214379.0,0.356,0.0,0.0,,,,,,0.0,,,,,0.0,,0.0,,,,,0.0,
VUT,Vanuatu,2007,,0.0,,,,,62.125,0.221,0.0,0.0,,,,,,800.0,0.0,,,,,0.0,,0.0,0.0,0.05,0.0,0.0,0.05,0.0,0.0,0.0,0.05,0.0,0.0,0.0,0.0,0.0,0.05,0.04,,2626.968,,,,,,227.828,100.0,,0.0,,,,,0.0,,,,0.0,,,,,0.0,,0.0,0.0,0.0,,,,,,0.0,0.0,0.0,,,,,0.0,,100.0,,,,,227.828,,,,0.0,0.0,,,,,0.0,0.0,,227.828,219464.0,0.577,0.0,0.0,,,,,,0.0,,,,,0.0,,0.0,,,,,0.0,
VUT,Vanuatu,2008,,0.0,,,,,-1.396,-0.008,0.0,0.0,,,,,,800.0,0.0,,,,,0.0,,0.0,0.0,0.05,0.0,0.0,0.05,0.0,0.0,0.0,0.05,0.0,0.0,0.0,0.0,0.0,0.05,0.04,,2529.927,,,,,,222.519,100.0,,0.0,,,,,0.0,,,,0.0,,,,,0.0,,0.0,0.0,0.0,,,,,,0.0,0.0,0.0,,,,,0.0,,100.0,,,,,222.519,,,,0.0,0.0,,,,,0.0,0.0,,222.519,224700.0,0.568,0.0,0.0,,,,,,0.0,,,,,0.0,,0.0,,,,,0.0,
VUT,Vanuatu,2009,,0.0,,,,,15.571,0.089,0.0,0.0,,,,,,800.0,0.0,,,,,0.0,,0.0,0.0,0.05,0.0,0.0,0.05,0.0,0.0,0.0,0.05,0.0,0.0,0.0,0.0,0.0,0.05,0.04,,2853.47,,,,,,217.161,100.0,,0.0,,,,,0.0,,,,0.0,,,,,0.0,,0.0,0.0,0.0,,,,,,0.0,0.0,0.0,,,,,0.0,,100.0,,,,,217.161,,,,0.0,0.0,,,,,0.0,0.0,,217.161,230244.0,0.657,0.0,0.0,,,,,,0.0,,,,,0.0,,0.0,,,,,0.0,
VUT,Vanuatu,2010,,0.0,,,,,3.362,0.022,0.0,0.0,,,,,,800.0,0.0,,,,,0.0,,0.0,0.0,0.05,0.0,0.0,0.05,0.0,0.0,0.0,0.05,0.0,0.0,0.0,0.0,0.0,0.05,0.04,,2874.824,,,,,,211.671,100.0,,0.0,,,,,0.0,,,,0.0,,,,,0.0,,0.0,0.0,0.0,,,,,,0.0,0.0,0.0,,,,,0.0,,100.0,,,,,211.671,,,,0.0,0.0,,,,,0.0,0.0,,211.671,236216.0,0.679,0.0,0.0,,,,,,0.0,,,,,0.0,,0.0,,,,,0.0,
VUT,Vanuatu,2011,,0.0,,,,,15.68,0.106,16.667,41.21,,,,,,666.667,0.0,,,,,0.0,,0.0,0.0,0.06,0.01,0.0,0.05,0.0,0.0,0.0,0.05,0.0,0.01,0.01,0.0,0.0,0.06,0.04,,3237.317,,,,,,206.051,83.333,,0.0,,,,,0.0,,,,0.0,,,,,0.0,,16.667,0.01,41.21,,,,,,0.0,0.0,0.0,,,,,0.0,,83.333,,,,,206.051,,,,0.0,41.21,,,,,0.0,16.667,,247.262,242658.0,0.786,41.21,16.667,,,,,,0.0,,,,,0.0,,0.0,,,,,0.0,
VUT,Vanuatu,2012,,0.0,,,,,-16.103,-0.126,16.667,40.079,,,,,,666.667,0.0,,,,,0.0,,0.0,0.0,0.06,0.01,0.0,0.05,0.0,0.0,0.0,0.05,0.0,0.01,0.01,0.0,0.0,0.06,0.04,,2641.475,,,,,,200.397,83.333,,0.0,,,,,0.0,,,,0.0,,,,,0.0,,16.667,0.01,40.079,,,,,,0.0,0.0,0.0,,,,,0.0,,83.333,,,,,200.397,,,,0.0,40.079,,,,,0.0,16.667,,240.476,249505.0,0.659,40.079,16.667,,,,,,0.0,,,,,0.0,,0.0,,,,,0.0,
VUT,Vanuatu,2013,,0.0,,,,,-3.123,-0.021,14.286,38.966,,,,,,571.429,0.0,,,,,0.0,,0.0,0.0,0.07,0.01,0.0,0.05,0.0,0.0,0.0,0.05,0.0,0.01,0.02,0.0,0.01,0.07,0.04,,2487.855,,,,,,194.828,71.429,,0.0,,,,,0.0,,,,0.0,,,,,0.0,,28.571,0.02,77.931,,,,,,0.0,0.0,0.0,,,,,0.0,,71.429,,,,,194.828,,,,0.0,38.966,,,,,0.0,14.286,,272.759,256637.0,0.638,77.931,28.571,,,,,,0.0,,,,,0.0,,14.286,,,,,38.966,
VUT,Vanuatu,2014,,0.0,,,,,14.198,0.091,14.286,37.895,,,,,,571.429,0.0,,,,,0.0,,0.0,0.0,0.07,0.01,0.0,0.05,0.0,0.0,0.0,0.05,0.0,0.01,0.02,0.0,0.01,0.07,0.04,,2763.005,,,,,,189.474,71.429,,0.0,,,,,0.0,,,,0.0,,,,,0.0,,28.571,0.02,75.79,,,,,,0.0,0.0,0.0,,,,,0.0,,71.429,,,,,189.474,,,,0.0,37.895,,,,,0.0,14.286,,265.264,263888.0,0.729,75.79,28.571,,,,,,0.0,,,,,0.0,,14.286,,,,,37.895,
VUT,Vanuatu,2015,,0.0,,,,,-5.816,-0.042,14.286,36.883,,,,,,571.429,0.0,,,,,0.0,,0.0,0.0,0.07,0.01,0.0,0.05,0.0,0.0,0.0,0.05,0.0,0.01,0.02,0.0,0.01,0.07,0.04,,2532.829,,,,,,184.415,71.429,,0.0,,,,,0.0,,,,0.0,,,,,0.0,,28.571,0.02,73.766,,,,,,0.0,0.0,0.0,,,,,0.0,,71.429,,,,,184.415,,,,0.0,36.883,,,,,0.0,14.286,,258.181,271128.0,0.687,73.766,28.571,,,,,,0.0,,,,,0.0,,14.286,,,,,36.883,
VUT,Vanuatu,2016,,0.0,,,,,0.88,0.006,14.286,35.929,,,,,,571.429,0.0,,,,,0.0,,0.0,0.0,0.07,0.01,0.0,0.05,0.0,0.0,0.0,0.05,0.0,0.01,0.02,0.0,0.01,0.07,0.04,,2489.043,,,,,,179.645,71.429,,0.0,,,,,0.0,,,,0.0,,,,,0.0,,28.571,0.02,71.858,,,,,,0.0,0.0,0.0,,,,,0.0,,71.429,,,,,179.645,,,,0.0,35.929,,,,,0.0,14.286,,251.504,278326.0,0.693,71.858,28.571,,,,,,0.0,,,,,0.0,,14.286,,,,,35.929,
VUT,Vanuatu,2017,,,,,,,11.502,0.08,16.667,35.026,,,,,,666.667,0.0,,,,,0.0,,,,0.06,0.01,0.0,0.05,0.0,0.0,0.0,0.05,0.0,0.01,0.01,0.0,0.0,0.06,0.04,,2705.609,,,,,,175.132,83.333,,0.0,,,,,0.0,,,,0.0,,,,,0.0,,16.667,0.01,35.026,,,,,,0.0,0.0,0.0,,,,,0.0,,83.333,,,,,175.132,,,,0.0,35.026,,,,,0.0,16.667,,210.158,285499.0,0.772,35.026,16.667,,,,,,0.0,,,,,0.0,,0.0,,,,,0.0,
VUT,Vanuatu,2018,,,,,,,28.51,0.22,14.286,34.168,,,,,,571.429,0.0,,,,,0.0,,,,0.07,0.01,0.0,0.05,0.0,0.0,0.0,0.05,0.0,0.01,0.02,0.01,0.0,0.07,0.04,,3391.717,,,,,,170.838,71.429,,0.0,,,,,0.0,,,,0.0,,,,,0.0,,28.571,0.02,68.335,,,,,,0.0,0.0,0.0,,,,,0.0,,71.429,,,,,170.838,,,,0.0,34.168,,,,,0.0,14.286,,239.173,292675.0,0.993,68.335,28.571,,,,,,14.286,,,,,34.168,,0.0,,,,,0.0,
VUT,Vanuatu,2019,,,,,,,-3.694,-0.037,14.286,33.346,,,,,,571.429,0.0,,,,,0.0,,,,0.07,0.01,0.0,0.05,0.0,0.0,0.0,0.05,0.0,0.01,0.02,0.01,0.0,0.07,0.04,,3187.94,,,,,,166.732,71.429,,0.0,,,,,0.0,,,,0.0,,,,,0.0,,28.571,0.02,66.693,,,,,,0.0,0.0,0.0,,,,,0.0,,71.429,,,,,166.732,,,,0.0,33.346,,,,,0.0,14.286,,233.425,299882.0,0.956,66.693,28.571,,,,,,14.286,,,,,33.346,,0.0,,,,,0.0,
VUT,Vanuatu,2020,,,,,,,,,14.286,32.557,,,,,,571.429,0.0,,,,,0.0,,,,0.07,0.01,0.0,0.05,0.0,0.0,0.0,0.05,0.0,0.01,0.02,0.01,0.0,0.07,0.04,,,,,,,,162.787,71.429,,0.0,,,,,0.0,,,,0.0,,,,,0.0,,28.571,0.02,65.115,,,,,,0.0,0.0,0.0,,,,,0.0,,71.429,,,,,162.787,,,,0.0,32.557,,,,,0.0,14.286,,227.902,307150.0,,65.115,28.571,,,,,,14.286,,,,,32.557,,0.0,,,,,0.0,
