iso_code,country,year,coal_prod_change_pct,coal_prod_change_twh,gas_prod_change_pct,gas_prod_change_twh,oil_prod_change_pct,oil_prod_change_twh,energy_cons_change_pct,energy_cons_change_twh,biofuel_share_elec,biofuel_elec_per_capita,biofuel_cons_change_pct,biofuel_share_energy,biofuel_cons_change_twh,biofuel_consumption,biofuel_cons_per_capita,carbon_intensity_elec,coal_share_elec,coal_cons_change_pct,coal_share_energy,coal_cons_change_twh,coal_consumption,coal_elec_per_capita,coal_cons_per_capita,coal_production,coal_prod_per_capita,electricity_demand,biofuel_electricity,coal_electricity,fossil_electricity,gas_electricity,hydro_electricity,nuclear_electricity,oil_electricity,other_renewable_exc_biofuel_electricity,other_renewable_electricity,renewables_electricity,solar_electricity,wind_electricity,electricity_generation,greenhouse_gas_emissions,energy_per_gdp,energy_per_capita,fossil_cons_change_pct,fossil_share_energy,fossil_cons_change_twh,fossil_fuel_consumption,fossil_energy_per_capita,fossil_cons_per_capita,fossil_share_elec,gdp,gas_share_elec,gas_cons_change_pct,gas_share_energy,gas_cons_change_twh,gas_consumption,gas_elec_per_capita,gas_energy_per_capita,gas_production,gas_prod_per_capita,hydro_share_elec,hydro_cons_change_pct,hydro_share_energy,hydro_cons_change_twh,hydro_consumption,hydro_elec_per_capita,hydro_energy_per_capita,low_carbon_share_elec,low_carbon_electricity,low_carbon_elec_per_capita,low_carbon_cons_change_pct,low_carbon_share_energy,low_carbon_cons_change_twh,low_carbon_consumption,low_carbon_energy_per_capita,net_elec_imports_share_demand,net_elec_imports,nuclear_share_elec,nuclear_cons_change_pct,nuclear_share_energy,nuclear_cons_change_twh,nuclear_consumption,nuclear_elec_per_capita,nuclear_energy_per_capita,oil_share_elec,oil_cons_change_pct,oil_share_energy,oil_cons_change_twh,oil_consumption,oil_elec_per_capita,oil_energy_per_capita,oil_production,oil_prod_per_capita,other_renewables_elec_per_capita_exc_biofuel,other_renewables_elec_per_capita,other_renewables_cons_change_pct,other_renewables_share_energy,other_renewables_cons_change_twh,other_renewable_consumption,other_renewables_share_elec_exc_biofuel,other_renewables_share_elec,other_renewables_energy_per_capita,per_capita_electricity,population,primary_energy_consumption,renewables_elec_per_capita,renewables_share_elec,renewables_cons_change_pct,renewables_share_energy,renewables_cons_change_twh,renewables_consumption,renewables_energy_per_capita,solar_share_elec,solar_cons_change_pct,solar_share_energy,solar_cons_change_twh,solar_consumption,solar_elec_per_capita,solar_energy_per_capita,wind_share_elec,wind_cons_change_pct,wind_share_energy,wind_cons_change_twh,wind_consumption,wind_elec_per_capita,wind_energy_per_capita
VEN,Venezuela,1900,,,,,,,,,,,,,,,,,,,,,,,,0.0,0.0,,,,,,,,,,,,,,,,,,,,,,,,,4692532000.0,,,,,,,,,,,,,,,,,,,,,,,,,,,,,,,,,,,,,,,,,,,,,,,,,,,,,2697074.0,,,,,,,,,,,,,,,,,,,,,,
VEN,Venezuela,1901,,0.0,,,,,,,,,,,,,,,,,,,,,,0.0,0.0,,,,,,,,,,,,,,,,,,,,,,,,,4556944000.0,,,,,,,,,,,,,,,,,,,,,,,,,,,,,,,,,,,,,,,,,,,,,,,,,,,,,2730769.0,,,,,,,,,,,,,,,,,,,,,,
VEN,Venezuela,1902,,0.0,,,,,,,,,,,,,,,,,,,,,,0.0,0.0,,,,,,,,,,,,,,,,,,,,,,,,,4317895000.0,,,,,,,,,,,,,,,,,,,,,,,,,,,,,,,,,,,,,,,,,,,,,,,,,,,,,2762960.0,,,,,,,,,,,,,,,,,,,,,,
VEN,Venezuela,1903,,0.0,,,,,,,,,,,,,,,,,,,,,,0.0,0.0,,,,,,,,,,,,,,,,,,,,,,,,,4675467000.0,,,,,,,,,,,,,,,,,,,,,,,,,,,,,,,,,,,,,,,,,,,,,,,,,,,,,2793601.0,,,,,,,,,,,,,,,,,,,,,,
VEN,Venezuela,1904,,0.008,,,,,,,,,,,,,,,,,,,,,,0.008,2.882,,,,,,,,,,,,,,,,,,,,,,,,,4809720000.0,,,,,,,,,,,,,,,,,,,,,,,,,,,,,,,,,,,,,,,,,,,,,,,,,,,,,2824578.0,,,,,,,,,,,,,,,,,,,,,,
VEN,Venezuela,1905,-100.0,-0.008,,,,,,,,,,,,,,,,,,,,,,0.0,0.0,,,,,,,,,,,,,,,,,,,,,,,,,4892448000.0,,,,,,,,,,,,,,,,,,,,,,,,,,,,,,,,,,,,,,,,,,,,,,,,,,,,,2855894.0,,,,,,,,,,,,,,,,,,,,,,
VEN,Venezuela,1906,,0.0,,,,,,,,,,,,,,,,,,,,,,0.0,0.0,,,,,,,,,,,,,,,,,,,,,,,,,4863360000.0,,,,,,,,,,,,,,,,,,,,,,,,,,,,,,,,,,,,,,,,,,,,,,,,,,,,,2887554.0,,,,,,,,,,,,,,,,,,,,,,
VEN,Venezuela,1907,,0.0,,,,,,,,,,,,,,,,,,,,,,0.0,0.0,,,,,,,,,,,,,,,,,,,,,,,,,4744671000.0,,,,,,,,,,,,,,,,,,,,,,,,,,,,,,,,,,,,,,,,,,,,,,,,,,,,,2919560.0,,,,,,,,,,,,,,,,,,,,,,
VEN,Venezuela,1908,,0.008,,,,,,,,,,,,,,,,,,,,,,0.008,2.758,,,,,,,,,,,,,,,,,,,,,,,,,4674373000.0,,,,,,,,,,,,,,,,,,,,,,,,,,,,,,,,,,,,,,,,,,,,,,,,,,,,,2951917.0,,,,,,,,,,,,,,,,,,,,,,
VEN,Venezuela,1909,-100.0,-0.008,,,,,,,,,,,,,,,,,,,,,,0.0,0.0,,,,,,,,,,,,,,,,,,,,,,,,,4706540000.0,,,,,,,,,,,,,,,,,,,,,,,,,,,,,,,,,,,,,,,,,,,,,,,,,,,,,2982568.0,,,,,,,,,,,,,,,,,,,,,,
VEN,Venezuela,1910,,0.0,,,,,,,,,,,,,,,,,,,,,,0.0,0.0,,,,,,,,,,,,,,,,,,,,,,,,,4695570000.0,,,,,,,,,,,,,,,,,,,,,,,,,,,,,,,,,,,,,,,,,,,,,,,,,,,,,3011475.0,,,,,,,,,,,,,,,,,,,,,,
VEN,Venezuela,1911,,0.0,,,,,,,,,,,,,,,,,,,,,,0.0,0.0,,,,,,,,,,,,,,,,,,,,,,,,,4523064000.0,,,,,,,,,,,,,,,,,,,,,,,,,,,,,,,,,,,,,,,,,,,,,,,,,,,,,3038601.0,,,,,,,,,,,,,,,,,,,,,,
VEN,Venezuela,1912,,0.0,,,,,,,,,,,,,,,,,,,,,,0.0,0.0,,,,,,,,,,,,,,,,,,,,,,,,,4889472000.0,,,,,,,,,,,,,,,,,,,,,,,,,,,,,,,,,,,,,,,,,,,,,,,,,,,,,3063906.0,,,,,,,,,,,,,,,,,,,,,,
VEN,Venezuela,1913,,0.049,,,,,,,,,,,,,,,,,,,,,,0.049,15.821,,,,,,,,,,,,,,,,,,,,,,,,,5029500000.0,,,,,,,,,,,,,,,,,,,,,,,,,,,,,,,,,,,,,,,,,,,,,,,,,,,,,3087354.0,,,,,,,,,,,,,,,,,,,,,,
VEN,Venezuela,1914,49.999,0.024,,,,,,,,,,,,,,,,,,,,,,0.073,23.552,,,,,,,,,,,,,,,,,,,,,,,,,5855980000.0,,,,,,,,,,,,,,,,,,,,,,,,,,,,,,,,,,,,,,,,,,,,,,,,,,,,,3110976.0,,,,,,,,,,,,,,,,,,,,,,
VEN,Venezuela,1915,55.556,0.041,,,,,,,,,,,,,,,,,,,,,,0.114,36.358,,,,,,,,,,,,,,,,,,,,,,,,,5894360000.0,,,,,,,,,,,,,,,,,,,,,,,,,,,,,,,,,,,,,,,,,,,,,,,,,,,,,3134776.0,,,,,,,,,,,,,,,,,,,,,,
VEN,Venezuela,1916,35.714,0.041,,,,,,,,,,,,,,,,,,,,,,0.155,48.968,,,,,,,,,,,,,,,,,,,,,,,,,5518236000.0,,,,,,,,,,,,,,,,,,,,,,,,,,,,,,,,,,,,,,,,,,,,,,,,,,,,,3158752.0,,,,,,,,,,,,,,,,,,,,,,
VEN,Venezuela,1917,5.263,0.008,,,,,,,,,,,,,,,,,,,,,,0.163,51.155,,,,,,,,,,,,,,,,,,,,,,,,,5776128000.0,,,,,,,,,,,,,,,,,,,,,,,,,,,,,,,,,,,,,,,,,,,,,,,,,,,,,3182908.0,,,,,,,,,,,,,,,,,,,,,,
VEN,Venezuela,1918,155.0,0.252,,,,,,,,,,,,,,,,,,,,,,0.415,129.605,,,,,,,,,,,,,,,,,,,,,,,,,6031362000.0,,,,,,,,,,,,,,,,,,,,,,,,,,,,,,,,,,,,,,,,,,,,,,,,,,,,,3203517.0,,,,,,,,,,,,,,,,,,,,,,
VEN,Venezuela,1919,-43.137,-0.179,,,,,,,,,,,,,,,,,,,,,,0.236,73.173,,,,,,,,,,,,,,,,,,,,,,,,,5833026000.0,,,,,,,,,,,,,,,,,,,,,,,,,,,,,,,,,,,,,,,,,,,,,,,,,,,,,3226447.0,,,,,,,,,,,,,,,,,,,,,,
VEN,Venezuela,1920,-17.241,-0.041,,,,,,,,,,,,,,,,,,,,,,0.195,60.086,,,,,,,,,,,,,,,,,,,,,,,,,5693776000.0,,,,,,,,,,,,,,,,,,,,,,,,,,,,,,,,,,,,,,,,,,,,,,,,,,,,,3251735.0,,,,,,,,,,,,,,,,,,,,,,
VEN,Venezuela,1921,-8.333,-0.016,,,,,,,,,,,,,,,,,,,,,,0.179,54.614,,,,,,,,,,,,,,,,,,,,,,,,,5552768000.0,,,,,,,,,,,,,,,,,,,,,,,,,,,,,,,,,,,,,,,,,,,,,,,,,,,,,3279418.0,,,,,,,,,,,,,,,,,,,,,,
VEN,Venezuela,1922,-4.545,-0.008,,,,,,,,,,,,,,,,,,,,,,0.171,51.657,,,,,,,,,,,,,,,,,,,,,,,,,6050000000.0,,,,,,,,,,,,,,,,,,,,,,,,,,,,,,,,,,,,,,,,,,,,,,,,,,,,,3309534.0,,,,,,,,,,,,,,,,,,,,,,
VEN,Venezuela,1923,200.0,0.342,,,,,,,,,,,,,,,,,,,,,,0.513,153.461,,,,,,,,,,,,,,,,,,,,,,,,,6390704000.0,,,,,,,,,,,,,,,,,,,,,,,,,,,,,,,,,,,,,,,,,,,,,,,,,,,,,3342120.0,,,,,,,,,,,,,,,,,,,,,,
VEN,Venezuela,1924,-19.048,-0.098,,,,,,,,,,,,,,,,,,,,,,0.415,123.019,,,,,,,,,,,,,,,,,,,,,,,,,6686321000.0,,,,,,,,,,,,,,,,,,,,,,,,,,,,,,,,,,,,,,,,,,,,,,,,,,,,,3375027.0,,,,,,,,,,,,,,,,,,,,,,
VEN,Venezuela,1925,25.49,0.106,,,,,,,,,,,,,,,,,,,,,,0.521,152.871,,,,,,,,,,,,,,,,,,,,,,,,,7127946000.0,,,,,,,,,,,,,,,,,,,,,,,,,,,,,,,,,,,,,,,,,,,,,,,,,,,,,3408258.0,,,,,,,,,,,,,,,,,,,,,,
VEN,Venezuela,1926,-39.063,-0.204,,,,,,,,,,,,,,,,,,,,,,0.317,92.248,,,,,,,,,,,,,,,,,,,,,,,,,7637296000.0,,,,,,,,,,,,,,,,,,,,,,,,,,,,,,,,,,,,,,,,,,,,,,,,,,,,,3441817.0,,,,,,,,,,,,,,,,,,,,,,
VEN,Venezuela,1927,-53.846,-0.171,,,,,,,,,,,,,,,,,,,,,,0.147,42.161,,,,,,,,,,,,,,,,,,,,,,,,,7838285000.0,,,,,,,,,,,,,,,,,,,,,,,,,,,,,,,,,,,,,,,,,,,,,,,,,,,,,3475706.0,,,,,,,,,,,,,,,,,,,,,,
VEN,Venezuela,1928,0.0,0.0,,,,,,,,,,,,,,,,,,,,,,0.147,41.75,,,,,,,,,,,,,,,,,,,,,,,,,9231386000.0,,,,,,,,,,,,,,,,,,,,,,,,,,,,,,,,,,,,,,,,,,,,,,,,,,,,,3509928.0,,,,,,,,,,,,,,,,,,,,,,
VEN,Venezuela,1929,5.555,0.008,,,,,,,,,,,,,,,,,,,,,,0.155,43.605,,,,,,,,,,,,,,,,,,,,,,,,,9587978000.0,,,,,,,,,,,,,,,,,,,,,,,,,,,,,,,,,,,,,,,,,,,,,,,,,,,,,3547303.0,,,,,,,,,,,,,,,,,,,,,,
VEN,Venezuela,1930,-52.632,-0.081,,,,,,,,,,,,,,,,,,,,,,0.073,20.421,,,,,,,,,,,,,,,,,,,,,,,,,9645900000.0,,,,,,,,,,,,,,,,,,,,,,,,,,,,,,,,,,,,,,,,,,,,,,,,,,,,,3587901.0,,,,,,,,,,,,,,,,,,,,,,
VEN,Venezuela,1931,-88.889,-0.065,,,,,,,,,,,,,,,,,,,,,,0.008,2.242,,,,,,,,,,,,,,,,,,,,,,,,,9687744000.0,,,,,,,,,,,,,,,,,,,,,,,,,,,,,,,,,,,,,,,,,,,,,,,,,,,,,3631793.0,,,,,,,,,,,,,,,,,,,,,,
VEN,Venezuela,1932,0.0,0.0,,,,,,,,,,,,,,,,,,,,,,0.008,2.213,,,,,,,,,,,,,,,,,,,,,,,,,8874680000.0,,,,,,,,,,,,,,,,,,,,,,,,,,,,,,,,,,,,,,,,,,,,,,,,,,,,,3679051.0,,,,,,,,,,,,,,,,,,,,,,
VEN,Venezuela,1933,400.0,0.033,,,,,,,,,,,,,,,,,,,,,,0.041,10.914,,,,,,,,,,,,,,,,,,,,,,,,,9941123000.0,,,,,,,,,,,,,,,,,,,,,,,,,,,,,,,,,,,,,,,,,,,,,,,,,,,,,3729748.0,,,,,,,,,,,,,,,,,,,,,,
VEN,Venezuela,1934,20.0,0.008,,,,,,,,,,,,,,,,,,,,,,0.049,12.918,,,,,,,,,,,,,,,,,,,,,,,,,10423378000.0,,,,,,,,,,,,,,,,,,,,,,,,,,,,,,,,,,,,,,,,,,,,,,,,,,,,,3781144.0,,,,,,,,,,,,,,,,,,,,,,
VEN,Venezuela,1935,-83.333,-0.041,,,,,,,,,,,,,,,,,,,,,,0.008,2.124,,,,,,,,,,,,,,,,,,,,,,,,,12525975000.0,,,,,,,,,,,,,,,,,,,,,,,,,,,,,,,,,,,,,,,,,,,,,,,,,,,,,3833248.0,,,,,,,,,,,,,,,,,,,,,,
VEN,Venezuela,1936,500.001,0.041,,,,,,,,,,,,,,,,,,,,,,0.049,12.57,,,,,,,,,,,,,,,,,,,,,,,,,13703040000.0,,,,,,,,,,,,,,,,,,,,,,,,,,,,,,,,,,,,,,,,,,,,,,,,,,,,,3886070.0,,,,,,,,,,,,,,,,,,,,,,
VEN,Venezuela,1937,16.666,0.008,,,,,,,,,,,,,,,,,,,,,,0.057,14.465,,,,,,,,,,,,,,,,,,,,,,,,,13850025000.0,,,,,,,,,,,,,,,,,,,,,,,,,,,,,,,,,,,,,,,,,,,,,,,,,,,,,3939620.0,,,,,,,,,,,,,,,,,,,,,,
VEN,Venezuela,1938,-14.285,-0.008,,,,,,,,,,,,,,,,,,,,,,0.049,12.23,,,,,,,,,,,,,,,,,,,,,,,,,15539047000.0,,,,,,,,,,,,,,,,,,,,,,,,,,,,,,,,,,,,,,,,,,,,,,,,,,,,,3993908.0,,,,,,,,,,,,,,,,,,,,,,
VEN,Venezuela,1939,-50.0,-0.024,,,,,,,,,,,,,,,,,,,,,,0.024,6.014,,,,,,,,,,,,,,,,,,,,,,,,,16786062000.0,,,,,,,,,,,,,,,,,,,,,,,,,,,,,,,,,,,,,,,,,,,,,,,,,,,,,4060979.0,,,,,,,,,,,,,,,,,,,,,,
VEN,Venezuela,1940,66.667,0.016,,,,,,,,,,,,,,,,,,,,,,0.041,9.829,,,,,,,,,,,,,,,,,,,,,,,,,18045896000.0,,,,,,,,,,,,,,,,,,,,,,,,,,,,,,,,,,,,,,,,,,,,,,,,,,,,,4141352.0,,,,,,,,,,,,,,,,,,,,,,
VEN,Venezuela,1941,20.0,0.008,,,,,,,,,,,,,,,,,,,,,,0.049,11.532,,,,,,,,,,,,,,,,,,,,,,,,,17881830000.0,,,,,,,,,,,,,,,,,,,,,,,,,,,,,,,,,,,,,,,,,,,,,,,,,,,,,4235561.0,,,,,,,,,,,,,,,,,,,,,,
VEN,Venezuela,1942,49.999,0.024,,,,,,,,,,,,,,,,,,,,,,0.073,16.866,,,,,,,,,,,,,,,,,,,,,,,,,15739934000.0,,,,,,,,,,,,,,,,,,,,,,,,,,,,,,,,,,,,,,,,,,,,,,,,,,,,,4344160.0,,,,,,,,,,,,,,,,,,,,,,
VEN,Venezuela,1943,22.223,0.016,,,,,,,,,,,,,,,,,,,,,,0.09,20.044,,,,,,,,,,,,,,,,,,,,,,,,,17780460000.0,,,,,,,,,,,,,,,,,,,,,,,,,,,,,,,,,,,,,,,,,,,,,,,,,,,,,4467719.0,,,,,,,,,,,,,,,,,,,,,,
VEN,Venezuela,1944,-18.182,-0.016,,,,,,,,,,,,,,,,,,,,,,0.073,15.946,,,,,,,,,,,,,,,,,,,,,,,,,19619666000.0,,,,,,,,,,,,,,,,,,,,,,,,,,,,,,,,,,,,,,,,,,,,,,,,,,,,,4594792.0,,,,,,,,,,,,,,,,,,,,,,
VEN,Venezuela,1945,-22.222,-0.016,,,,,,,,,,,,,,,,,,,,,,0.057,12.06,,,,,,,,,,,,,,,,,,,,,,,,,24527184000.0,,,,,,,,,,,,,,,,,,,,,,,,,,,,,,,,,,,,,,,,,,,,,,,,,,,,,4725480.0,,,,,,,,,,,,,,,,,,,,,,
VEN,Venezuela,1946,-42.857,-0.024,,,,,,,,,,,,,,,,,,,,,,0.033,6.701,,,,,,,,,,,,,,,,,,,,,,,,,28929285000.0,,,,,,,,,,,,,,,,,,,,,,,,,,,,,,,,,,,,,,,,,,,,,,,,,,,,,4859885.0,,,,,,,,,,,,,,,,,,,,,,
VEN,Venezuela,1947,-25.0,-0.008,,,,,,,,,,,,,,,,,,,,,,0.024,4.886,,,,,,,,,,,,,,,,,,,,,,,,,29159000000.0,,,,,,,,,,,,,,,,,,,,,,,,,,,,,,,,,,,,,,,,,,,,,,,,,,,,,4998113.0,,,,,,,,,,,,,,,,,,,,,,
VEN,Venezuela,1948,0.0,0.0,,,,,,,,,,,,,,,,,,,,,,0.024,4.751,,,,,,,,,,,,,,,,,,,,,,,,,35907072000.0,,,,,,,,,,,,,,,,,,,,,,,,,,,,,,,,,,,,,,,,,,,,,,,,,,,,,5140272.0,,,,,,,,,,,,,,,,,,,,,,
VEN,Venezuela,1949,-33.333,-0.008,,,,,,,,,,,,,,,,,,,,,,0.016,3.071,,,,,,,,,,,,,,,,,,,,,,,,,37911004000.0,,,,,,,,,,,,,,,,,,,,,,,,,,,,,,,,,,,,,,,,,,,,,,,,,,,,,5301176.0,,,,,,,,,,,,,,,,,,,,,,
VEN,Venezuela,1950,-50.0,-0.008,,,,,,,,,,,,,,,,,,,,,,0.008,1.485,,,,,,,,,,,,,,,,,,,,,,,,,42386208772.0,,,,,,,,,,,,,,,,,,,,,,,,,,,,,,,,,,,,,,,,,,,,,,,,,,,,,5481976.0,,,,,,,,,,,,,,,,,,,,,,
VEN,Venezuela,1951,2700.001,0.22,,,,,,,,,,,,,,,,,,,,,,0.228,39.805,,,,,,,,,,,,,,,,,,,,,,,,,47156643780.0,,,,,,,,,,,,,,,,,,,,,,,,,,,,,,,,,,,,,,,,,,,,,,,,,,,,,5726610.0,,,,,,,,,,,,,,,,,,,,,,
VEN,Venezuela,1952,-10.714,-0.024,,,,,,,,,,,,,,,,,,,,,,0.204,34.066,,,,,,,,,,,,,,,,,,,,,,,,,50636938512.0,,,,,,,,,,,,,,,,,,,,,,,,,,,,,,,,,,,,,,,,,,,,,,,,,,,,,5974437.0,,,,,,,,,,,,,,,,,,,,,,
VEN,Venezuela,1953,16.0,0.033,,,,,,,,,,,,,,,,,,,,,,0.236,37.918,,,,,,,,,,,,,,,,,,,,,,,,,53905460500.0,,,,,,,,,,,,,,,,,,,,,,,,,,,,,,,,,,,,,,,,,,,,,,,,,,,,,6226290.0,,,,,,,,,,,,,,,,,,,,,,
VEN,Venezuela,1954,10.345,0.024,,,,,,,,,,,,,,,,,,,,,,0.261,40.185,,,,,,,,,,,,,,,,,,,,,,,,,59305394040.0,,,,,,,,,,,,,,,,,,,,,,,,,,,,,,,,,,,,,,,,,,,,,,,,,,,,,6482858.0,,,,,,,,,,,,,,,,,,,,,,
VEN,Venezuela,1955,-3.125,-0.008,,,,,,,,,,,,,,,,,,,,,,0.252,37.418,,,,,,,,,,,,,,,,,,,,,,,,,64796388997.0,,,,,,,,,,,,,,,,,,,,,,,,,,,,,,,,,,,,,,,,,,,,,,,,,,,,,6744704.0,,,,,,,,,,,,,,,,,,,,,,
VEN,Venezuela,1956,0.0,0.0,,,,,,,,,,,,,,,,,,,,,,0.252,35.99,,,,,,,,,,,,,,,,,,,,,,,,,71618667264.0,,,,,,,,,,,,,,,,,,,,,,,,,,,,,,,,,,,,,,,,,,,,,,,,,,,,,7012177.0,,,,,,,,,,,,,,,,,,,,,,
VEN,Venezuela,1957,12.903,0.033,,,,,,,,,,,,,,,,,,,,,,0.285,39.11,,,,,,,,,,,,,,,,,,,,,,,,,79915910564.0,,,,,,,,,,,,,,,,,,,,,,,,,,,,,,,,,,,,,,,,,,,,,,,,,,,,,7285566.0,,,,,,,,,,,,,,,,,,,,,,
VEN,Venezuela,1958,2.857,0.008,,,,,,,,,,,,,,,,,,,,,,0.293,38.741,,,,,,,,,,,,,,,,,,,,,,,,,81099135740.0,,,,,,,,,,,,,,,,,,,,,,,,,,,,,,,,,,,,,,,,,,,,,,,,,,,,,7564987.0,,,,,,,,,,,,,,,,,,,,,,
VEN,Venezuela,1959,-5.556,-0.016,,,,,,,,,,,,,,,,,,,,,,0.277,35.259,,,,,,,,,,,,,,,,,,,,,,,,,87779123586.0,,,,,,,,,,,,,,,,,,,,,,,,,,,,,,,,,,,,,,,,,,,,,,,,,,,,,7850420.0,,,,,,,,,,,,,,,,,,,,,,
VEN,Venezuela,1960,2.941,0.008,,,,,,,,,,,,,,,,,,,,,,0.285,34.996,,,,,,,,,,,,,,,,,,,,,,,,,91554348028.0,,,,,,,,,,,,,,,,,,,,,,,,,,,,,,,,,,,,,,,,,,,,,,,,,,,,,8141839.0,,,,,,,,,,,,,,,,,,,,,,
VEN,Venezuela,1961,-11.429,-0.033,,,,,,,,,,,,,,,,,,,,,,0.252,29.904,,,,,,,,,,,,,,,,,,,,,,,,,95986882116.0,,,,,,,,,,,,,,,,,,,,,,,,,,,,,,,,,,,,,,,,,,,,,,,,,,,,,8439261.0,,,,,,,,,,,,,,,,,,,,,,
VEN,Venezuela,1962,-12.903,-0.033,,,,,,,,,,,,,,,,,,,,,,0.22,25.142,,,,,,,,,,,,,,,,,,,,,,,,,104626082000.0,,,,,,,,,,,,,,,,,,,,,,,,,,,,,,,,,,,,,,,,,,,,,,,,,,,,,8742780.0,,,,,,,,,,,,,,,,,,,,,,
VEN,Venezuela,1963,55.556,0.122,,,,,,,,,,,,,,,,,,,,,,0.342,37.77,,,,,,,,,,,,,,,,,,,,,,,,,111735784752.0,,,,,,,,,,,,,,,,,,,,,,,,,,,,,,,,,,,,,,,,,,,,,,,,,,,,,9052632.0,,,,,,,,,,,,,,,,,,,,,,
VEN,Venezuela,1964,-14.286,-0.049,,,,,,,,,,,,,,,,,,,,,,0.293,31.281,,,,,,,,,,,,,,,,,,,,,,,,,122695101102.0,,,,,,,,,,,,,,,,,,,,,,,,,,,,,,,,,,,,,,,,,,,,,,,,,,,,,9369101.0,,,,,,,,,,,,,,,,,,,,,,
VEN,Venezuela,1965,-16.667,-0.049,,,,,,,,,,,,,,,,,0.122,,0.233,,23.998,0.244,25.198,,,,,,1.369,0.0,,,0.0,1.369,0.0,0.0,,,1.47,19731.108,,98.012,,187.437,19338.772,,,130094794045.0,,,39.312,,75.18,,7756.725,,,,,1.988,,3.803,141.246,392.351,,1.369,141.246,,1.988,,3.803,392.351,,,,,0.0,,0.0,0.0,0.0,,,58.578,,112.024,,11558.048,2141.245,220922.75,,0.0,,0.0,,0.0,,,0.0,,9692281.0,191.239,141.246,,,1.988,,3.803,392.351,,,0.0,,0.0,0.0,0.0,,,0.0,,0.0,0.0,0.0
VEN,Venezuela,1966,13.333,0.033,,,-2.894,-61.965,0.95,1.817,,,,,,,,,,5.0,0.127,0.012,0.244,,24.368,0.277,27.617,,,,,,1.395,0.0,,,0.0,1.395,0.0,0.0,,,1.451,19262.156,0.931,97.993,1.745,189.182,18875.544,,,133053832624.0,,4.858,40.834,3.652,78.832,,7865.457,,,,1.899,2.007,0.072,3.875,139.186,386.627,,1.395,139.186,1.899,2.007,0.072,3.875,386.627,,,,,0.0,0.0,0.0,0.0,0.0,,-1.713,57.033,-1.918,110.105,,10985.72,2079.28,207459.319,,0.0,,0.0,0.0,0.0,,,0.0,,10022592.0,193.057,139.186,,1.899,2.007,0.072,3.875,386.627,,,0.0,0.0,0.0,0.0,0.0,,,0.0,0.0,0.0,0.0,0.0
VEN,Venezuela,1967,2.941,0.008,,,5.112,106.288,5.421,10.466,,,,,,,,,,4.762,0.126,0.012,0.256,,24.698,0.285,27.504,,,,,,1.636,0.0,,,0.0,1.636,0.0,0.0,,,1.471,19645.535,5.178,97.767,9.796,198.978,19206.887,,,138361116000.0,,9.575,42.443,7.548,86.38,,8338.072,,,,17.276,2.233,0.669,4.544,157.919,438.664,,1.636,157.919,17.276,2.233,0.669,4.544,438.664,,,,,0.0,0.0,0.0,0.0,0.0,,2.032,55.199,2.237,112.342,,10844.117,2185.568,210967.46,,0.0,,0.0,0.0,0.0,,,0.0,,10359741.0,203.523,157.919,,17.276,2.233,0.669,4.544,438.664,,,0.0,0.0,0.0,0.0,0.0,,,0.0,0.0,0.0,0.0,0.0
VEN,Venezuela,1968,-11.429,-0.033,,,2.042,44.628,7.821,15.918,,,,,,,,,,4.545,0.122,0.012,0.267,,24.994,0.252,23.581,,,,,,2.748,0.0,,,0.0,2.748,0.0,0.0,,,1.505,20504.081,6.447,96.521,12.829,211.807,19790.853,,,145798587000.0,,3.225,40.633,2.786,89.166,,8331.53,,,,67.971,3.479,3.089,7.633,256.768,713.244,,2.748,256.768,67.971,3.479,3.089,7.633,713.244,,,,,0.0,0.0,0.0,0.0,0.0,,8.929,55.766,10.031,122.373,,11434.33,2230.197,208385.159,,0.0,,0.0,0.0,0.0,,,0.0,,10702281.0,219.44,256.768,,67.971,3.479,3.089,7.633,713.244,,,0.0,0.0,0.0,0.0,0.0,,,0.0,0.0,0.0,0.0,0.0
VEN,Venezuela,1969,3.226,0.008,,,-0.499,-11.128,1.076,2.361,,,,,,,,,,4.348,0.126,0.012,0.279,,25.264,0.261,23.579,,,,,,3.19,0.0,,,0.0,3.19,0.0,0.0,,,1.457,20075.706,0.535,96.005,1.133,212.941,19273.684,,,152244639900.0,,2.913,41.372,2.597,91.764,,8305.725,,,,16.084,3.995,1.228,8.861,288.733,802.038,,3.19,288.733,16.084,3.995,1.228,8.861,802.038,,,,,0.0,0.0,0.0,0.0,0.0,,-1.206,54.507,-1.476,120.898,,10942.696,2219.068,200852.363,,0.0,,0.0,0.0,0.0,,,0.0,,11048256.0,221.802,288.733,,16.084,3.995,1.228,8.861,802.038,,,0.0,0.0,0.0,0.0,0.0,,,0.0,0.0,0.0,0.0,0.0
VEN,Venezuela,1970,25.0,0.065,,,3.371,74.81,0.874,1.938,,,,,,,,,,0.0,0.125,0.0,0.279,,24.492,0.326,28.574,,,,,,4.104,0.0,,,0.0,4.104,0.0,0.0,,,1.36,19632.514,-0.282,94.905,-0.601,212.34,18632.213,,,164479321913.0,,-6.738,38.25,-6.183,85.581,,7509.485,85.581,7509.479,,28.652,5.095,2.539,11.4,360.114,1000.317,,4.104,360.114,28.652,5.095,2.539,11.4,1000.317,,,,,0.0,0.0,0.0,0.0,0.0,,4.617,56.53,5.582,126.48,,11098.235,2293.879,201281.06,,0.0,,0.0,0.0,0.0,,,0.0,,11396396.0,223.74,360.114,,28.652,5.095,2.539,11.4,1000.317,,,0.0,0.0,0.0,0.0,0.0,,,0.0,0.0,0.0,0.0,0.0
VEN,Venezuela,1971,2.5,0.008,-3.087,-2.642,-3.732,-85.614,1.567,3.506,,,,,,,,,,494.517,0.73,1.38,1.659,,141.276,0.334,28.417,,,,,,5.39,0.0,,,0.0,5.39,0.0,0.0,,,1.341,19346.745,-0.031,93.411,-0.066,212.274,18072.088,,,169416520056.0,,-3.087,36.498,-2.642,82.939,,7061.094,82.939,7061.088,,31.335,6.589,3.572,14.972,458.881,1274.672,,5.39,458.881,31.335,6.589,3.572,14.972,1274.672,,,,,0.0,0.0,0.0,0.0,0.0,,0.945,56.184,1.195,127.675,,10869.719,2208.264,188002.16,,0.0,,0.0,0.0,0.0,,,0.0,,11745952.0,227.246,458.881,,31.335,6.589,3.572,14.972,1274.672,,,0.0,0.0,0.0,0.0,0.0,,,0.0,0.0,0.0,0.0,0.0
VEN,Venezuela,1972,-2.439,-0.008,-0.602,-0.499,-8.46,-186.827,5.684,12.917,,,,,,,,,,5.352,0.728,0.089,1.748,,144.51,0.326,26.918,,,,,,6.02,0.0,,,0.0,6.02,0.0,0.0,,,1.378,19851.955,5.261,93.037,11.167,223.441,18469.705,,,174289347615.0,,-0.602,34.327,-0.5,82.44,,6814.501,82.44,6814.496,,11.688,6.963,1.75,16.722,497.615,1382.266,,6.02,497.615,11.688,6.963,1.75,16.722,1382.266,,,,,0.0,0.0,0.0,0.0,0.0,,9.068,57.983,11.578,139.253,,11510.693,2021.438,167092.776,,0.0,,0.0,0.0,0.0,,,0.0,,12097696.0,240.163,497.615,,11.688,6.963,1.75,16.722,1382.266,,,0.0,0.0,0.0,0.0,0.0,,,0.0,0.0,0.0,0.0,0.0
VEN,Venezuela,1973,25.0,0.081,23.186,19.114,4.385,88.646,14.465,34.739,,,,,,,,,,81.221,1.152,1.42,3.168,,254.395,0.407,32.685,,,,,,6.225,0.0,,,0.0,6.225,0.0,0.0,,,1.487,22073.868,15.292,93.71,34.169,257.61,20685.41,,,184817763900.0,,23.186,36.942,19.114,101.554,,8154.517,101.554,8154.51,,3.405,6.29,0.569,17.292,499.851,1388.476,,6.225,499.851,3.405,6.29,0.569,17.292,1388.476,,,,,0.0,0.0,0.0,0.0,0.0,,9.792,55.615,13.635,152.888,,12276.497,2110.084,169434.156,,0.0,,0.0,0.0,0.0,,,0.0,,12453709.0,274.902,499.851,,3.405,6.29,0.569,17.292,1388.476,,,0.0,0.0,0.0,0.0,0.0,,,0.0,0.0,0.0,0.0,0.0
VEN,Venezuela,1974,14.0,0.057,5.684,5.772,-11.456,-241.722,3.362,9.241,,,,,,,,,,-25.107,0.835,-0.795,2.373,,185.124,0.464,36.205,,,,,,7.707,0.0,,,0.0,7.707,0.0,0.0,,,1.451,22169.279,1.989,92.466,5.124,262.735,20498.982,,,195788999966.0,,5.684,37.772,5.772,107.326,,8373.751,107.326,8373.745,,23.807,7.534,4.117,21.408,601.313,1670.315,,7.707,601.313,23.807,7.534,4.117,21.408,1670.315,,,,,0.0,0.0,0.0,0.0,0.0,,0.097,53.859,0.148,153.036,,11940.106,1868.362,145772.701,,0.0,,0.0,0.0,0.0,,,0.0,,12816954.0,284.143,601.313,,23.807,7.534,4.117,21.408,1670.315,,,0.0,0.0,0.0,0.0,0.0,,,0.0,0.0,0.0,0.0,0.0
VEN,Venezuela,1975,5.263,0.024,-2.741,-2.942,-20.885,-390.215,3.944,11.206,,,,,,,,,,23.472,0.992,0.557,2.93,,222.12,0.488,37.034,,,,,,8.931,0.0,,,0.0,8.931,0.0,0.0,,,1.422,22392.671,2.971,91.6,7.806,270.54,20511.773,,,207679661995.0,,-2.741,35.343,-2.942,104.384,,7914.204,104.384,7914.198,,15.882,8.4,3.4,24.808,677.129,1880.915,,8.931,677.129,15.882,8.4,3.4,24.808,1880.915,,,,,0.0,0.0,0.0,0.0,0.0,,6.659,55.266,10.19,163.226,,12375.449,1478.147,112069.915,,0.0,,0.0,0.0,0.0,,,0.0,,13189511.0,295.348,677.129,,15.882,8.4,3.4,24.808,1880.915,,,0.0,0.0,0.0,0.0,0.0,,,0.0,0.0,0.0,0.0,0.0
VEN,Venezuela,1976,45.0,0.22,23.969,25.019,-1.798,-26.576,9.293,27.447,,,,,,,,,,-34.409,0.595,-1.008,1.922,,141.584,0.708,52.185,,,,,,10.578,0.0,,,0.0,10.578,0.0,0.0,,,1.437,23783.535,8.454,90.897,22.872,293.412,21618.589,,,224670559958.0,,23.969,40.089,25.019,129.404,,9534.475,129.404,9534.468,,18.441,9.103,4.575,29.383,779.387,2164.965,,10.578,779.387,18.441,9.103,4.575,29.383,2164.965,,,,,0.0,0.0,0.0,0.0,0.0,,-0.698,50.213,-1.14,162.086,,11942.53,1451.571,106951.74,,0.0,,0.0,0.0,0.0,,,0.0,,13572210.0,322.795,779.387,,18.441,9.103,4.575,29.383,2164.965,,,0.0,0.0,0.0,0.0,0.0,,,0.0,0.0,0.0,0.0,0.0
VEN,Venezuela,1977,39.08,0.277,9.157,11.849,-2.662,-38.644,11.427,36.886,,,,,,,,,,54.963,0.828,1.056,2.978,,213.241,0.985,70.541,,,,,,12.163,0.0,,,0.0,12.163,0.0,0.0,,,1.505,25757.035,11.071,90.607,32.483,325.895,23337.604,,,238918540159.0,,9.157,39.272,11.849,141.253,,10115.25,141.253,10115.242,,14.984,9.393,4.403,33.786,871.002,2419.452,,12.163,871.002,14.984,9.393,4.403,33.786,2419.452,,,,,0.0,0.0,0.0,0.0,0.0,,12.079,50.507,19.578,181.664,,13009.113,1412.928,101180.865,,0.0,,0.0,0.0,0.0,,,0.0,,13964377.0,359.681,871.002,,14.984,9.393,4.403,33.786,2419.452,,,0.0,0.0,0.0,0.0,0.0,,,0.0,0.0,0.0,0.0,0.0
VEN,Venezuela,1978,-33.058,-0.326,0.908,1.282,-3.716,-52.508,2.19,7.875,,,,,,,,,,-69.193,0.25,-2.06,0.917,,63.863,0.659,45.906,,,,,,12.232,0.0,,,0.0,12.232,0.0,0.0,,,1.509,25587.423,2.358,90.756,7.684,333.579,23222.079,,,243524734344.0,,0.908,38.779,1.282,142.535,,9922.585,142.535,9922.577,,0.567,9.244,0.192,33.978,851.53,2365.364,,12.232,851.53,0.567,9.244,0.192,33.978,2365.364,,,,,0.0,0.0,0.0,0.0,0.0,,4.658,51.727,8.462,190.126,,13235.631,1360.42,94705.616,,0.0,,0.0,0.0,0.0,,,0.0,,14364726.0,367.556,851.53,,0.567,9.244,0.192,33.978,2365.364,,,0.0,0.0,0.0,0.0,0.0,,,0.0,0.0,0.0,0.0,0.0
VEN,Venezuela,1979,-32.099,-0.212,12.001,17.105,8.885,120.872,10.215,37.546,,,,,,,,,,108.461,0.472,0.995,1.912,,129.465,0.448,30.313,,,,,,14.24,0.0,,,0.0,14.24,0.0,0.0,,,1.647,27424.983,9.583,90.236,31.968,365.547,24747.132,,,245974929795.0,,12.001,39.407,17.105,159.64,,10807.488,159.64,10807.48,,16.416,9.764,5.578,39.556,964.034,2677.873,,14.24,964.034,16.416,9.764,5.578,39.556,2677.873,,,,,0.0,0.0,0.0,0.0,0.0,,7.294,50.356,13.868,203.994,,13810.178,1481.293,100282.004,,0.0,,0.0,0.0,0.0,,,0.0,,14771270.0,405.102,964.034,,16.416,9.764,5.578,39.556,2677.873,,,0.0,0.0,0.0,0.0,0.0,,,0.0,0.0,0.0,0.0,0.0
VEN,Venezuela,1980,-19.037,-0.085,2.945,4.701,-7.868,-116.555,11.974,48.508,,,,,,,,,,-4.753,0.402,-0.091,1.821,,119.971,0.363,23.877,,,,,,14.587,0.0,,,0.0,14.587,0.0,0.0,,,1.888,29876.916,13.006,91.067,47.544,413.091,27208.132,,,240273570300.0,,2.945,36.23,4.701,164.341,,10824.299,164.341,10824.291,,2.437,8.933,0.964,40.519,960.77,2668.807,,14.587,960.77,2.437,8.933,0.964,40.519,2668.807,,,,,0.0,0.0,0.0,0.0,0.0,,21.047,54.436,42.934,246.928,,16263.861,1364.738,89888.187,,0.0,,0.0,0.0,0.0,,,0.0,,15182616.0,453.61,960.77,,2.437,8.933,0.964,40.519,2668.807,,,0.0,0.0,0.0,0.0,0.0,,,0.0,0.0,0.0,0.0,0.0
VEN,Venezuela,1981,17.097,0.062,0.54,0.888,-3.179,-43.391,3.741,16.968,,,,,,,,,,-1.205,0.382,-0.022,1.8,,115.37,0.424,27.215,,,,,,15.088,0.0,,,0.0,15.088,0.0,0.0,,,1.97,30169.37,3.771,91.094,15.577,428.667,27482.417,,,238868516250.0,,0.54,35.112,0.888,165.229,,10593.055,165.229,10593.047,,3.435,8.906,1.392,41.911,967.311,2686.977,,15.088,967.311,3.435,8.906,1.392,41.911,2686.977,,,,,0.0,0.0,0.0,0.0,0.0,,5.957,55.599,14.711,261.638,,16773.992,1321.347,84713.228,,0.0,,0.0,0.0,0.0,,,0.0,,15597878.0,470.578,967.311,,3.435,8.906,1.392,41.911,2686.977,,,0.0,0.0,0.0,0.0,0.0,,,0.0,0.0,0.0,0.0,0.0
VEN,Venezuela,1982,0.0,0.0,6.701,11.072,-9.7,-128.166,1.968,9.262,,,,,,,,,,-42.925,0.214,-0.772,1.027,,64.122,0.424,26.502,,,,,,15.814,0.0,,,0.0,15.814,0.0,0.0,,,1.992,29957.126,1.69,90.845,7.246,435.913,27214.673,,,240919074018.0,,6.701,36.742,11.072,176.301,,11006.753,176.301,11006.744,,4.812,9.155,2.017,43.928,987.291,2742.477,,15.814,987.291,4.812,9.155,2.017,43.928,2742.477,,,,,0.0,0.0,0.0,0.0,0.0,,-1.167,53.89,-3.054,258.584,,16143.797,1193.18,74491.957,,0.0,,0.0,0.0,0.0,,,0.0,,16017570.0,479.84,987.291,,4.812,9.155,2.017,43.928,2742.477,,,0.0,0.0,0.0,0.0,0.0,,,0.0,0.0,0.0,0.0,0.0
VEN,Venezuela,1983,-20.0,-0.085,-1.53,-2.697,-5.191,-61.943,-0.44,-2.111,,,,,,,,,,39.932,0.301,0.41,1.437,,87.405,0.34,20.653,,,,,,18.063,0.0,,,0.0,18.063,0.0,0.0,,,2.098,29053.426,-1.917,89.497,-8.358,427.555,26002.021,,,227674922635.0,,-1.53,36.339,-2.697,173.604,,10557.853,173.604,10557.845,,14.222,10.503,6.247,50.175,1098.514,3051.429,,18.063,1098.514,14.222,10.503,6.247,50.175,3051.429,,,,,0.0,0.0,0.0,0.0,0.0,,-2.348,52.857,-6.071,252.513,,15356.763,1131.238,68796.979,,0.0,,0.0,0.0,0.0,,,0.0,,16443129.0,477.729,1098.514,,14.222,10.503,6.247,50.175,3051.429,,,0.0,0.0,0.0,0.0,0.0,,,0.0,0.0,0.0,0.0,0.0
VEN,Venezuela,1984,25.0,0.085,10.614,18.426,0.345,3.9,1.896,9.057,,,,,,,,,,9.403,0.323,0.135,1.572,,93.167,0.424,25.153,,,,,,20.243,0.0,,,0.0,20.243,0.0,0.0,,,2.164,28843.673,0.702,88.449,3.001,430.556,25511.849,,,224955892828.0,,10.614,39.449,18.426,192.03,,11378.416,192.03,11378.407,,12.069,11.551,6.056,56.231,1199.464,3331.847,,20.243,1199.464,12.069,11.551,6.056,56.231,3331.847,,,,,0.0,0.0,0.0,0.0,0.0,,-6.162,48.677,-15.56,236.953,,14040.266,1135.138,67260.639,,0.0,,0.0,0.0,0.0,,,0.0,,16876704.0,486.786,1199.464,,12.069,11.551,6.056,56.231,3331.847,,,0.0,0.0,0.0,0.0,0.0,,,0.0,0.0,0.0,0.0,0.0
VEN,Venezuela,1985,-20.0,-0.085,0.147,0.283,-6.25,-70.946,2.656,12.928,,,,,,,,,,32.407,0.417,0.51,2.082,,120.205,0.34,19.608,,,,,,22.648,0.0,,,0.0,22.648,0.0,0.0,47.29,,2.215,28852.664,1.451,87.411,6.247,436.803,25220.301,,,225556944430.0,,0.147,38.485,0.283,192.313,,11103.845,192.313,11103.836,47.892,11.881,12.589,6.681,62.911,1307.658,3632.386,47.892,22.648,1307.658,11.881,12.589,6.681,62.911,3632.386,,,0.0,,0.0,0.0,0.0,0.0,0.0,,2.302,48.509,5.455,242.408,,13996.251,1064.192,61444.68,,0.0,,0.0,0.0,0.0,,0.0,0.0,2730.446,17319514.0,499.714,1307.658,47.892,11.881,12.589,6.681,62.911,3632.386,0.0,,0.0,0.0,0.0,0.0,0.0,0.0,,0.0,0.0,0.0,0.0,0.0
VEN,Venezuela,1986,50.0,0.17,10.092,19.408,8.132,86.538,7.409,37.023,,,,,,,,,,11.199,0.431,0.233,2.315,,130.264,0.509,28.663,,,,,,25.159,0.0,,,0.0,25.159,0.0,0.0,50.112,,2.237,30201.301,6.879,86.979,30.048,466.852,26268.95,,,239957163911.0,,10.092,39.446,19.408,211.721,,11913.21,211.721,11913.201,50.206,11.087,13.021,6.975,69.886,1415.654,3932.375,50.206,25.159,1415.654,11.087,13.021,6.975,69.886,3932.375,,,0.0,,0.0,0.0,0.0,0.0,0.0,,4.293,47.102,10.407,252.815,,14225.476,1150.73,64749.585,,0.0,,0.0,0.0,0.0,,0.0,0.0,2819.716,17772000.0,536.738,1415.654,50.206,11.087,13.021,6.975,69.886,3932.375,0.0,,0.0,0.0,0.0,0.0,0.0,0.0,,0.0,0.0,0.0,0.0,0.0
VEN,Venezuela,1987,300.0,1.528,-2.553,-5.406,1.323,15.219,-0.27,-1.448,,,,,,,,,,31.364,0.568,0.726,3.041,,166.795,2.038,111.754,,,,,,30.843,0.0,,,0.0,30.843,0.0,0.0,54.132,,2.155,29358.715,-3.692,83.995,-17.237,449.615,24659.768,,,248342583612.0,,-2.553,38.543,-5.406,206.316,,11315.686,206.316,11315.677,56.977,22.592,16.005,15.789,85.675,1691.628,4698.97,56.977,30.843,1691.628,22.592,16.005,15.789,85.675,4698.97,,,0.0,,0.0,0.0,0.0,0.0,0.0,,-4.967,44.884,-12.557,240.258,,13177.287,1165.948,63948.08,,0.0,,0.0,0.0,0.0,,0.0,0.0,2968.946,18232732.0,535.29,1691.628,56.977,22.592,16.005,15.789,85.675,4698.97,0.0,,0.0,0.0,0.0,0.0,0.0,0.0,,0.0,0.0,0.0,0.0,0.0
VEN,Venezuela,1988,345.833,7.047,2.373,4.895,4.929,57.471,4.092,21.905,,,,,,,,,,-27.309,0.397,-0.831,2.211,,118.222,9.084,485.816,,,,,,34.203,0.0,,,0.0,34.203,0.0,0.0,58.245,,2.119,29798.335,2.796,82.949,12.572,462.187,24717.383,,,262960064472.0,,2.373,37.906,4.895,211.211,,11295.399,211.211,11295.39,58.723,10.894,17.051,9.333,95.008,1829.15,5080.976,58.723,34.203,1829.15,10.894,17.051,9.333,95.008,5080.976,,,0.0,,0.0,0.0,0.0,0.0,0.0,,3.541,44.646,8.507,248.765,,13303.762,1223.419,65427.489,,0.0,,0.0,0.0,0.0,,0.0,0.0,3114.897,18698850.0,557.195,1829.15,58.723,10.894,17.051,9.333,95.008,5080.976,0.0,,0.0,0.0,0.0,0.0,0.0,0.0,,0.0,0.0,0.0,0.0,0.0
VEN,Venezuela,1989,97.196,8.829,2.68,5.661,0.442,5.403,0.835,4.654,,,,,,,,,,174.579,1.08,3.859,6.07,,316.694,17.914,934.637,,,,,,34.666,0.0,,,0.0,34.666,0.0,0.0,57.62,,2.338,29314.145,0.729,82.861,3.368,465.555,24290.056,,,240346705500.0,,2.68,38.6,5.661,216.872,,11315.173,216.872,11315.164,60.163,1.354,17.139,1.286,96.295,1808.679,5024.112,60.163,34.666,1808.679,1.354,17.139,1.286,96.295,5024.112,,,0.0,,0.0,0.0,0.0,0.0,0.0,,-2.473,43.181,-6.152,242.613,,12658.189,1228.822,64113.111,,0.0,,0.0,0.0,0.0,,0.0,0.0,3006.291,19166474.0,561.849,1808.679,60.163,1.354,17.139,1.286,96.295,5024.112,0.0,,0.0,0.0,0.0,0.0,0.0,0.0,,0.0,0.0,0.0,0.0,0.0
VEN,Venezuela,1990,1.896,0.34,12.425,26.945,11.487,141.157,6.243,35.078,,,,,,,,,,-11.33,0.902,-0.688,5.382,,274.145,18.253,929.741,,,,,,36.983,0.0,,,0.0,36.983,0.0,0.0,59.321,,2.331,30404.789,6.152,82.79,28.642,494.197,25172.175,,,256078516722.0,,12.425,40.845,26.945,243.817,,12418.959,243.817,12418.949,62.344,6.684,17.21,6.436,102.731,1883.748,5232.639,62.344,36.983,1883.748,6.684,17.21,6.436,102.731,5232.639,,,0.0,,0.0,0.0,0.0,0.0,0.0,,0.983,41.043,2.385,244.997,,12479.07,1369.98,69780.633,,0.0,,0.0,0.0,0.0,,0.0,0.0,3021.546,19632664.0,596.927,1883.748,62.344,6.684,17.21,6.436,102.731,5232.639,0.0,,0.0,0.0,0.0,0.0,0.0,0.0,,0.0,0.0,0.0,0.0,0.0
VEN,Venezuela,1991,11.628,2.122,-0.289,-0.705,11.484,157.335,0.458,2.732,,,,,,,,,,-100.0,0.0,-5.382,0.0,,0.0,20.376,1013.905,,,,,,44.542,0.0,,,0.0,44.542,0.0,0.0,63.337,,2.125,29839.246,-3.696,79.367,-18.265,475.931,23682.526,,,282135818361.0,,-0.289,40.542,-0.705,243.112,,12097.362,243.112,12097.353,70.325,20.439,20.633,20.997,123.728,2216.426,6156.745,70.325,44.542,2216.426,20.439,20.633,20.997,123.728,6156.745,,,0.0,,0.0,0.0,0.0,0.0,0.0,,-4.971,38.825,-12.178,232.819,,11585.163,1527.315,75999.737,,0.0,,0.0,0.0,0.0,,0.0,0.0,3151.672,20096314.0,599.659,2216.426,70.325,20.439,20.633,20.997,123.728,6156.745,0.0,,0.0,0.0,0.0,0.0,0.0,0.0,,0.0,0.0,0.0,0.0,0.0
VEN,Venezuela,1992,3.333,0.679,-1.297,-3.152,0.201,3.077,8.252,49.484,,,,,,,,,,,0.007,0.042,0.042,,2.065,21.055,1024.188,,,,,,47.271,0.0,,,0.0,47.271,0.0,0.0,67.44,,2.156,31576.651,8.805,79.772,41.904,517.835,25189.362,,,301070168837.0,,-1.301,36.964,-3.164,239.949,,11671.975,239.96,11672.506,70.093,6.127,20.228,7.581,131.308,2299.431,6387.314,70.093,47.271,2299.431,6.127,20.228,7.581,131.308,6387.314,,,0.0,,0.0,0.0,0.0,0.0,0.0,,19.339,42.802,45.025,277.844,,13515.322,1530.391,74443.721,,0.0,,0.0,0.0,0.0,,0.0,0.0,3280.524,20557694.0,649.143,2299.431,70.093,6.127,20.228,7.581,131.308,6387.314,0.0,,0.0,0.0,0.0,0.0,0.0,0.0,,0.0,0.0,0.0,0.0,0.0
VEN,Venezuela,1993,59.677,12.565,7.915,18.992,3.456,52.886,-1.077,-6.994,,,,,,,,,,680.001,0.052,0.289,0.331,,15.754,33.62,1599.665,,,,,,47.478,0.0,,,0.0,47.478,0.0,0.0,69.382,,2.117,30553.92,-1.462,79.462,-7.569,510.266,24278.831,,,303295674771.0,,7.92,40.326,19.003,258.952,,12321.137,258.952,12321.127,68.43,0.438,20.538,0.575,131.883,2259.039,6275.114,68.43,47.478,2259.039,0.438,20.538,0.575,131.883,6275.114,,,0.0,,0.0,0.0,0.0,0.0,0.0,,-9.668,39.085,-26.861,250.982,,11941.939,1583.277,75333.54,,0.0,,0.0,0.0,0.0,,0.0,0.0,3301.248,21016900.0,642.149,2259.039,68.43,0.438,20.538,0.575,131.883,6275.114,0.0,,0.0,0.0,0.0,0.0,0.0,0.0,,0.0,0.0,0.0,0.0,0.0
VEN,Venezuela,1994,12.121,4.075,5.772,14.946,6.128,97.018,8.563,54.989,,,,,,,,,,94.875,0.093,0.314,0.645,,30.047,37.695,1755.341,,,,,,51.284,0.0,,,0.0,51.284,0.0,0.0,71.221,,2.341,32463.433,8.705,79.566,44.417,554.683,25829.762,,,297781321131.0,,5.772,39.289,14.946,273.898,,12754.551,273.898,12754.541,72.007,8.016,20.434,10.572,142.456,2388.129,6633.697,72.007,51.284,2388.129,8.016,20.434,10.572,142.456,6633.697,,,0.0,,0.0,0.0,0.0,0.0,0.0,,11.617,40.184,29.157,280.139,,13045.164,1680.295,78245.871,,0.0,,0.0,0.0,0.0,,0.0,0.0,3316.53,21474552.0,697.138,2388.129,72.007,8.016,20.434,10.572,142.456,6633.697,0.0,,0.0,0.0,0.0,0.0,0.0,0.0,,0.0,0.0,0.0,0.0,0.0
VEN,Venezuela,1995,-2.027,-0.764,11.451,31.363,7.507,126.136,3.018,21.039,,,,,,,,,,-90.79,0.008,-0.586,0.059,,2.71,36.931,1683.96,,,,,,51.45,0.0,,,0.0,51.45,0.0,0.0,73.446,,2.311,32746.973,3.71,80.1,20.578,575.261,26230.369,,,310739139535.0,,11.451,42.505,31.363,305.261,,13919.115,305.261,13919.104,70.051,0.324,19.9,0.461,142.917,2345.985,6516.63,70.051,51.45,2345.985,0.324,19.9,0.461,142.917,6516.63,,,0.0,,0.0,0.0,0.0,0.0,0.0,,-3.641,37.587,-10.199,269.94,,12308.544,1806.431,82368.501,,0.0,,0.0,0.0,0.0,,0.0,0.0,3348.945,21931088.0,718.177,2345.985,70.051,0.324,19.9,0.461,142.917,6516.63,0.0,,0.0,0.0,0.0,0.0,0.0,0.0,,0.0,0.0,0.0,0.0,0.0
VEN,Venezuela,1996,-3.908,-1.443,8.109,24.753,6.343,114.591,-2.641,-18.964,,,,,,,,,,214.286,0.027,0.127,0.187,,8.344,35.488,1585.292,,,,,,53.847,0.0,,,0.0,53.847,0.0,0.0,75.588,,2.243,31234.86,-4.454,78.608,-25.622,549.638,24553.144,,,311745867223.0,,8.109,47.198,24.753,330.014,,14742.228,330.014,14742.217,71.237,4.659,21.392,6.658,149.575,2405.425,6681.741,71.237,53.847,2405.425,4.659,21.392,6.658,149.575,6681.741,,,0.0,,0.0,0.0,0.0,0.0,0.0,,-18.709,31.383,-50.503,219.437,,9802.572,1921.022,85814.865,,0.0,,0.0,0.0,0.0,,0.0,0.0,3376.627,22385650.0,699.213,2405.425,71.237,4.659,21.392,6.658,149.575,6681.741,0.0,,0.0,0.0,0.0,0.0,0.0,0.0,,0.0,0.0,0.0,0.0,0.0
VEN,Venezuela,1997,26.555,9.424,3.696,12.199,3.839,73.747,5.704,39.88,,,,,,,,,,113.636,0.054,0.212,0.399,,17.472,44.912,1966.55,,,,,,57.268,0.0,,,0.0,57.268,0.0,0.0,78.066,,2.219,32362.766,5.527,78.477,30.377,580.015,25397.221,,,333064591735.0,,3.696,46.302,12.199,342.213,,14984.549,342.213,14984.537,73.358,6.353,21.523,9.503,159.078,2507.603,6965.571,73.358,57.268,2507.603,6.353,21.523,9.503,159.078,6965.571,,,0.0,,0.0,0.0,0.0,0.0,0.0,,8.187,32.121,17.966,237.403,,10395.199,1994.768,87345.24,,0.0,,0.0,0.0,0.0,,0.0,0.0,3418.289,22837742.0,739.092,2507.603,73.358,6.353,21.523,9.503,159.078,6965.571,0.0,,0.0,0.0,0.0,0.0,0.0,0.0,,0.0,0.0,0.0,0.0,0.0
VEN,Venezuela,1998,22.117,9.933,4.883,16.711,3.643,72.665,6.123,45.257,,,,,,,,,,4.255,0.053,0.017,0.416,,17.863,54.845,2355.008,,,,,,57.923,0.0,,,0.0,57.923,0.0,0.0,80.904,,2.336,33679.605,7.489,79.487,43.438,623.453,26770.776,,,335829095394.0,,4.883,45.761,16.711,358.924,,15412.041,358.924,15412.029,71.595,1.144,20.513,1.819,160.897,2487.186,6908.856,71.595,57.923,2487.186,1.144,20.513,1.819,160.897,6908.856,,,0.0,,0.0,0.0,0.0,0.0,0.0,,11.251,33.673,26.71,264.112,,11340.872,2067.433,88774.615,,0.0,,0.0,0.0,0.0,,0.0,0.0,3473.979,23288566.0,784.35,2487.186,71.595,1.144,20.513,1.819,160.897,6908.856,0.0,,0.0,0.0,0.0,0.0,0.0,0.0,,0.0,0.0,0.0,0.0,0.0
VEN,Venezuela,1999,2.012,1.104,-15.232,-54.673,-10.522,-217.529,0.021,0.163,,,,,,,,,,2.041,0.054,0.008,0.424,,17.881,55.948,2356.732,,,,,,60.6,0.0,,,0.0,60.6,0.0,0.0,80.585,,2.473,33046.277,-1.167,78.543,-7.273,616.18,25955.544,,,317196892668.0,,-15.232,38.782,-54.673,304.251,,12816.063,304.251,12816.053,75.2,4.622,21.457,7.436,168.333,2552.671,7090.76,75.2,60.6,2552.671,4.622,21.457,7.436,168.333,7090.76,,,0.0,,0.0,0.0,0.0,0.0,0.0,,17.944,39.707,47.392,311.504,,13121.599,1849.905,77924.084,,0.0,,0.0,0.0,0.0,,0.0,0.0,3394.505,23739836.0,784.513,2552.671,75.2,4.622,21.457,7.436,168.333,7090.76,0.0,,0.0,0.0,0.0,0.0,0.0,0.0,,0.0,0.0,0.0,0.0,0.0
VEN,Venezuela,2000,19.575,10.952,1.875,5.705,0.77,14.237,2.872,22.535,0.0,0.0,,,,,,170.09,0.0,262.006,0.19,1.112,1.537,0.0,63.52,66.9,2765.343,83.2,0.0,0.0,21.05,9.84,62.2,0.0,11.21,0.0,0.0,62.2,0.0,0.0,83.25,14.16,2.442,33359.49,2.627,78.355,16.185,632.365,26138.938,870.106,25.285,330514182307.0,11.82,1.875,38.406,5.705,309.956,406.738,12812.123,309.956,12812.113,74.715,3.772,21.645,6.35,174.683,2571.05,7220.578,74.715,62.2,2571.05,3.772,21.645,6.35,174.683,7220.578,-0.06,-0.05,0.0,,0.0,0.0,0.0,0.0,0.0,13.465,3.007,39.759,9.367,320.871,463.368,13263.296,1864.142,77054.72,0.0,0.0,,0.0,0.0,0.0,0.0,0.0,0.0,3441.156,24192450.0,807.048,2571.05,74.715,3.772,21.645,6.35,174.683,7220.578,0.0,,0.0,0.0,0.0,0.0,0.0,0.0,,0.0,0.0,0.0,0.0,0.0
VEN,Venezuela,2001,-2.411,-1.613,5.977,18.526,1.713,31.926,4.013,32.386,0.0,0.0,,,,,,207.773,0.0,-62.983,0.068,-0.968,0.569,0.0,23.08,65.287,2648.953,87.71,0.0,0.0,27.89,13.04,59.85,0.0,14.85,0.0,0.0,59.85,0.0,0.0,87.74,18.23,2.443,34058.998,6.368,80.129,40.268,672.633,27291.257,1131.602,31.787,343645665269.0,14.862,5.977,39.131,18.526,328.482,529.082,13327.773,328.482,13327.763,68.213,-4.512,19.871,-7.882,166.802,2428.34,6767.768,68.213,59.85,2428.34,-4.512,19.871,-7.882,166.802,6767.768,-0.034,-0.03,0.0,,0.0,0.0,0.0,0.0,0.0,16.925,7.078,40.93,22.71,343.581,602.52,13940.404,1896.068,76930.623,0.0,0.0,,0.0,0.0,0.0,0.0,0.0,0.0,3559.942,24646470.0,839.434,2428.34,68.213,-4.512,19.871,-7.882,166.802,6767.768,0.0,,0.0,0.0,0.0,0.0,0.0,0.0,,0.0,0.0,0.0,0.0,0.0
VEN,Venezuela,2002,5.332,3.481,-3.979,-13.07,-6.339,-120.194,1.206,10.125,0.0,0.0,,,,,,208.771,0.0,-62.687,0.025,-0.357,0.212,0.0,8.456,68.768,2739.724,86.79,0.0,0.0,27.71,12.95,58.94,0.0,14.76,0.0,0.0,58.94,0.0,0.0,86.65,18.09,2.703,33846.41,2.035,80.786,13.688,686.321,27343.015,1103.966,31.979,314345768232.0,14.945,-3.979,37.127,-13.07,315.412,515.928,12566.024,315.412,12566.014,68.021,-2.136,19.214,-3.563,163.239,2348.169,6503.421,68.021,58.94,2348.169,-2.136,19.214,-3.563,163.239,6503.421,0.161,0.14,0.0,,0.0,0.0,0.0,0.0,0.0,17.034,7.892,43.634,27.114,370.696,588.038,14768.535,1775.874,70750.8,0.0,0.0,,0.0,0.0,0.0,0.0,0.0,0.0,3452.135,25100406.0,849.559,2348.169,68.021,-2.136,19.214,-3.563,163.239,6503.421,0.0,,0.0,0.0,0.0,0.0,0.0,0.0,,0.0,0.0,0.0,0.0,0.0
VEN,Venezuela,2003,-13.21,-9.084,-11.232,-35.426,-3.419,-60.723,-6.641,-56.421,0.0,0.0,,,,,,212.389,0.0,136.006,0.063,0.289,0.501,0.0,19.604,59.684,2335.82,88.86,0.0,0.0,29.34,14.38,59.93,0.0,14.96,0.0,0.0,59.93,0.0,0.0,89.27,18.96,2.719,31040.607,-8.464,79.208,-58.093,628.228,24586.599,1148.264,32.867,291683481151.0,16.108,-11.232,35.301,-35.426,279.986,562.782,10957.684,279.986,10957.675,67.133,1.025,20.792,1.673,164.911,2345.448,6454.033,67.133,59.93,2345.448,1.025,20.792,1.673,164.911,6454.033,-0.461,-0.41,0.0,,0.0,0.0,0.0,0.0,0.0,16.758,-6.193,43.844,-22.956,347.74,585.481,13609.311,1715.151,67124.93,0.0,0.0,,0.0,0.0,0.0,0.0,0.0,0.0,3493.711,25551624.0,793.138,2345.448,67.133,1.025,20.792,1.673,164.911,6454.033,0.0,,0.0,0.0,0.0,0.0,0.0,0.0,,0.0,0.0,0.0,0.0,0.0
VEN,Venezuela,2004,15.324,9.146,12.611,35.309,15.381,263.807,8.528,67.637,0.0,0.0,,,,,,183.85,0.0,-100.0,0.0,-0.501,0.0,0.0,0.0,68.83,2647.662,95.74,0.0,0.0,26.85,13.16,69.37,0.0,13.69,0.0,0.0,69.37,0.0,0.0,96.22,17.69,2.482,33111.065,6.821,77.962,42.854,671.082,25814.227,1032.828,27.905,346768557130.0,13.677,12.611,36.629,35.309,315.296,506.22,12128.349,315.296,12128.339,72.095,15.028,22.038,24.783,189.694,2668.426,7296.864,72.095,69.37,2668.426,15.028,22.038,24.783,189.694,7296.864,-0.501,-0.48,0.0,,0.0,0.0,0.0,0.0,0.0,14.228,2.314,41.333,8.046,355.786,526.607,13685.878,1978.958,76123.737,0.0,0.0,,0.0,0.0,0.0,0.0,0.0,0.0,3701.254,25996594.0,860.775,2668.426,72.095,15.028,22.038,24.783,189.694,7296.864,0.0,,0.0,0.0,0.0,0.0,0.0,0.0,,0.0,0.0,0.0,0.0,0.0
VEN,Venezuela,2005,-11.253,-7.745,-3.471,-10.945,-0.441,-8.73,2.971,25.575,0.0,0.0,,,,,,165.006,0.0,,0.049,0.433,0.433,0.0,16.381,61.085,2310.979,100.81,0.0,0.0,24.93,12.22,76.46,0.0,12.71,0.0,0.0,76.46,0.0,0.0,101.39,16.73,2.308,33532.658,1.179,76.605,7.91,678.992,25687.839,943.159,24.588,384106683204.0,12.052,-3.471,34.338,-10.945,304.351,462.311,11514.301,304.351,11514.292,75.412,9.312,23.395,17.665,207.358,2892.657,7844.845,75.412,76.46,2892.657,9.312,23.395,17.665,207.358,7844.845,-0.575,-0.58,0.0,,0.0,0.0,0.0,0.0,0.0,12.536,5.178,42.219,18.422,374.208,480.848,14157.157,1970.228,74538.236,0.0,0.0,,0.0,0.0,0.0,0.0,0.0,0.0,3835.816,26432446.0,886.35,2892.657,75.412,9.312,23.395,17.665,207.358,7844.845,0.0,,0.0,0.0,0.0,0.0,0.0,0.0,,0.0,0.0,0.0,0.0,0.0
VEN,Venezuela,2006,-0.437,-0.267,14.818,45.099,1.023,20.162,5.521,48.934,0.0,0.0,,,,,,167.377,0.0,564.714,0.308,2.445,2.878,0.0,107.192,60.818,2265.092,107.35,0.0,0.0,27.12,13.67,80.78,0.0,13.45,0.0,0.0,80.78,0.0,0.0,107.9,18.06,2.203,34833.435,5.696,76.733,38.678,717.671,26728.699,1010.049,25.134,424502624635.0,12.669,14.818,37.363,45.099,349.45,509.121,13014.823,349.45,13014.813,74.866,4.946,23.267,10.256,217.614,3008.545,8104.764,74.866,80.78,3008.545,4.946,23.267,10.256,217.614,8104.764,-0.512,-0.55,0.0,,0.0,0.0,0.0,0.0,0.0,12.465,-2.369,39.062,-8.866,365.342,500.928,13606.684,1990.39,74129.45,0.0,0.0,,0.0,0.0,0.0,0.0,0.0,0.0,4018.594,26850190.0,935.284,3008.545,74.866,4.946,23.267,10.256,217.614,8104.764,0.0,,0.0,0.0,0.0,0.0,0.0,0.0,,0.0,0.0,0.0,0.0,0.0
VEN,Venezuela,2007,-4.303,-2.617,6.588,23.021,-3.16,-62.888,5.697,53.286,0.0,0.0,,,,,,174.519,0.0,-43.953,0.163,-1.265,1.613,0.0,59.201,58.201,2136.01,111.31,0.0,0.0,29.62,15.16,82.23,0.0,14.46,0.0,0.0,82.23,0.0,0.0,111.85,19.52,2.135,36281.01,7.014,77.689,50.34,768.011,28186.369,1087.068,26.482,462973358187.0,13.554,6.645,37.698,23.22,372.671,556.379,13677.198,372.472,13669.886,73.518,1.354,22.311,2.946,220.56,3017.88,8094.67,73.518,82.23,3017.88,1.354,22.311,2.946,220.56,8094.67,-0.485,-0.54,0.0,,0.0,0.0,0.0,0.0,0.0,12.928,7.769,39.828,28.385,393.727,530.689,14449.969,1927.501,70740.222,0.0,0.0,,0.0,0.0,0.0,0.0,0.0,0.0,4104.948,27247602.0,988.571,3017.88,73.518,1.354,22.311,2.946,220.56,8094.67,0.0,,0.0,0.0,0.0,0.0,0.0,0.0,,0.0,0.0,0.0,0.0,0.0
VEN,Venezuela,2008,-26.281,-15.296,-10.266,-38.24,0.066,1.266,-1.941,-19.193,0.0,0.0,,,,,,171.875,0.0,1.58,0.169,0.025,1.639,0.0,59.292,42.905,1552.53,116.01,0.0,0.0,30.51,16.2,85.97,0.0,14.31,0.0,0.0,85.97,0.0,0.0,116.48,20.02,1.982,35076.845,-3.585,76.387,-27.533,740.478,26794.121,1104.002,26.193,489024788857.0,13.908,-6.353,36.002,-23.675,348.996,586.196,12628.385,334.232,12094.16,73.807,3.781,23.613,8.34,228.901,3110.817,8282.752,73.807,85.97,3110.817,3.781,23.613,8.34,228.901,8282.752,-0.405,-0.47,0.0,,0.0,0.0,0.0,0.0,0.0,12.285,-0.986,40.216,-3.884,389.843,517.806,14106.444,1928.768,69792.29,0.0,0.0,,0.0,0.0,0.0,0.0,0.0,0.0,4214.819,27635826.0,969.378,3110.817,73.807,3.781,23.613,8.34,228.901,8282.752,0.0,,0.0,0.0,0.0,0.0,0.0,0.0,,0.0,0.0,0.0,0.0,0.0
VEN,Venezuela,2009,-35.131,-15.073,-4.869,-16.273,-6.019,-116.086,-0.213,-2.061,0.0,0.0,,,,,,176.521,0.0,68.394,0.285,1.121,2.759,0.0,98.436,27.832,992.918,116.33,0.0,0.0,31.6,16.97,85.1,0.0,14.63,0.0,0.0,85.1,0.0,0.0,116.7,20.6,2.036,34508.798,0.222,76.72,1.644,742.121,26475.017,1127.323,27.078,475066337381.0,14.542,-1.956,35.373,-6.827,342.168,605.401,12206.794,317.96,11343.134,72.922,-1.619,23.28,-3.705,225.196,3035.923,8033.809,72.922,85.1,3035.923,-1.619,23.28,-3.705,225.196,8033.809,-0.318,-0.37,0.0,,0.0,0.0,0.0,0.0,0.0,12.536,1.885,41.061,7.35,397.193,521.922,14169.787,1812.682,64667.012,0.0,0.0,,0.0,0.0,0.0,0.0,0.0,0.0,4163.246,28031010.0,967.316,3035.923,72.922,-1.619,23.28,-3.705,225.196,8033.809,0.0,,0.0,0.0,0.0,0.0,0.0,0.0,,0.0,0.0,0.0,0.0,0.0
VEN,Venezuela,2010,-19.751,-5.497,-4.228,-13.442,-6.434,-116.62,-3.5,-33.861,0.0,0.0,,,,,,200.036,0.0,-16.0,0.248,-0.441,2.318,0.0,81.497,22.335,785.353,111.03,0.0,0.0,34.77,19.01,76.01,0.0,15.76,0.0,0.0,76.01,0.0,0.0,110.78,22.16,1.952,32822.003,-1.152,78.586,-8.551,733.57,25793.662,1222.576,31.387,478283167171.0,17.16,-8.622,33.496,-29.5,312.668,668.426,10993.989,304.517,10707.385,68.613,-11.242,21.413,-25.316,199.88,2672.65,7028.142,68.613,76.01,2672.65,-11.239,21.414,-25.309,199.886,7028.368,0.225,0.25,0.0,,0.0,0.0,0.0,0.0,0.0,14.226,5.385,44.842,21.391,418.584,554.15,14718.175,1696.062,59636.609,0.0,0.0,,0.0,0.0,0.0,0.0,0.0,0.0,3895.226,28439942.0,933.456,2672.65,68.613,-11.239,21.414,-25.309,199.886,7028.368,0.0,,0.001,0.006,0.006,0.0,0.226,0.0,,0.0,0.0,0.0,0.0,0.0
VEN,Venezuela,2011,-0.737,-0.165,-0.707,-2.153,-2.968,-50.338,2.416,22.553,0.0,0.0,,,,,,180.151,0.0,2.93,0.25,0.068,2.386,0.0,82.584,22.171,767.479,115.32,0.0,0.0,32.24,18.24,82.83,0.0,14.0,0.0,0.0,82.83,0.0,0.0,115.07,20.73,1.899,33093.783,0.946,77.458,6.939,740.51,25633.922,1116.039,28.018,503382662979.0,15.851,6.587,34.86,20.596,333.264,631.407,11536.473,302.364,10466.814,71.982,7.811,22.541,15.613,215.493,2867.293,7459.62,71.982,82.83,2867.293,7.811,22.542,15.614,215.5,7459.887,0.217,0.25,0.0,,0.0,0.0,0.0,0.0,0.0,12.167,-3.279,42.349,-13.724,404.859,484.632,14014.864,1645.724,56969.366,0.0,0.0,,0.0,0.0,0.0,0.0,0.0,0.0,3983.332,28887874.0,956.009,2867.293,71.982,7.811,22.542,15.614,215.5,7459.887,0.0,20.346,0.001,0.001,0.008,0.0,0.267,0.0,,0.0,0.0,0.0,0.0,0.0
VEN,Venezuela,2012,-26.829,-5.948,5.518,16.683,-1.542,-25.374,4.761,45.519,0.0,0.0,,,,,,196.034,0.0,2.847,0.245,0.068,2.454,0.0,83.567,16.223,552.522,118.98,0.0,0.0,37.26,22.88,81.19,0.0,14.38,0.0,0.0,81.24,0.0,0.05,118.5,23.23,1.877,34111.022,6.816,78.978,50.475,790.984,26940.115,1269.038,31.443,533462262051.0,19.308,3.86,34.56,12.864,346.128,779.27,11788.789,319.047,10866.428,68.515,-2.302,21.021,-4.961,210.531,2765.249,7170.476,68.557,81.24,2766.952,-2.3,21.022,-4.956,210.545,7170.934,0.403,0.48,0.0,,0.0,0.0,0.0,0.0,0.0,12.135,9.273,44.173,37.542,442.401,489.768,15067.759,1620.35,55187.47,0.0,0.0,,0.0,0.0,0.0,0.0,0.0,0.0,4035.99,29360826.0,1001.528,2766.952,68.557,-2.3,21.022,-4.956,210.545,7170.934,0.0,74.101,0.001,0.006,0.013,0.0,0.458,0.042,,0.0,0.0,0.0,1.703,0.0
VEN,Venezuela,2013,-35.665,-5.786,-4.119,-13.142,-1.108,-17.952,1.339,13.415,0.0,0.0,,,,,,192.936,0.0,-0.346,0.241,-0.008,2.445,0.0,82.103,10.437,350.448,120.75,0.0,0.0,37.24,23.33,82.71,0.0,13.91,0.0,0.0,82.8,0.0,0.09,120.04,23.16,1.625,34080.154,1.316,78.959,10.409,801.393,26909.488,1250.46,31.023,624601425635.0,19.435,-6.665,31.83,-23.07,323.058,783.384,10847.781,305.905,10271.798,68.902,1.428,21.039,3.006,213.537,2777.27,7170.234,68.977,82.8,2780.292,1.428,21.041,3.006,213.551,7170.694,0.588,0.71,0.0,,0.0,0.0,0.0,0.0,0.0,11.588,7.569,46.888,33.487,475.889,467.076,15979.604,1602.398,53805.975,0.0,0.0,,0.0,0.0,0.0,0.0,0.0,0.0,4030.752,29781046.0,1014.943,2780.292,68.977,1.428,21.041,3.006,213.551,7170.694,0.0,1.86,0.001,0.0,0.014,0.0,0.46,0.075,,0.0,0.0,0.0,3.022,0.0
VEN,Venezuela,2014,-34.871,-3.639,3.915,11.977,0.529,8.476,-4.897,-49.702,0.0,0.0,,,,,,219.532,0.0,-6.25,0.237,-0.153,2.292,0.0,76.301,6.797,226.254,99.46,0.0,0.0,36.61,24.43,63.65,0.0,12.18,0.0,0.0,63.74,0.0,0.09,100.35,22.03,1.613,32128.671,-4.564,79.236,-36.572,764.821,25457.563,1218.588,36.482,598398294421.0,24.345,5.327,35.252,17.208,340.266,813.169,11325.986,317.882,10580.904,63.428,-6.15,20.762,-13.134,200.404,2118.632,6670.562,63.518,63.74,2121.628,-6.148,20.764,-13.13,200.421,6671.134,-0.895,-0.89,0.0,,0.0,0.0,0.0,0.0,0.0,12.138,-11.269,43.747,-53.627,422.262,405.419,14055.277,1610.874,53619.01,0.0,0.0,,0.0,0.0,0.0,0.0,0.0,0.0,3340.215,30042972.0,965.241,2121.628,63.518,-6.148,20.764,-13.13,200.421,6671.134,0.0,25.355,0.002,0.003,0.017,0.0,0.571,0.09,,0.0,0.0,0.0,2.996,0.0
VEN,Venezuela,2015,0.132,0.009,13.454,42.768,-2.271,-36.59,-1.237,-11.936,0.0,0.0,,,,,,225.0,0.0,-33.333,0.16,-0.764,1.528,0.0,50.801,6.806,226.26,118.23,0.0,0.0,44.95,30.61,74.15,0.0,14.34,0.0,0.0,74.25,0.01,0.09,119.2,26.82,1.706,31690.397,0.364,80.52,2.783,767.603,25517.183,1494.258,37.71,558924219598.0,25.68,8.851,38.852,30.116,370.382,1017.558,12312.506,360.65,11988.97,62.206,-7.348,19.477,-14.727,185.677,2464.943,6172.395,62.29,74.25,2468.268,-7.344,19.48,-14.718,185.702,6173.239,-0.82,-0.97,0.0,,0.0,0.0,0.0,0.0,0.0,12.03,-6.292,41.507,-26.57,395.692,476.7,13153.876,1574.284,52333.4,0.0,0.0,,0.0,0.0,0.0,0.0,0.0,0.0,3962.525,30081826.0,953.305,2468.268,62.29,-7.344,19.48,-14.718,185.702,6173.239,0.008,29.45,0.002,0.005,0.022,0.332,0.739,0.076,,0.0,0.003,0.003,2.992,0.106
VEN,Venezuela,2016,-46.237,-3.147,3.254,11.737,-10.587,-166.67,-12.88,-122.786,0.0,0.0,,,,,,238.082,0.0,12.222,0.206,0.187,1.715,0.0,57.451,3.659,122.584,103.56,0.0,0.0,42.24,29.29,62.33,0.0,12.95,0.0,0.0,62.43,0.01,0.09,104.67,24.92,1.819,27821.904,-12.021,81.315,-92.27,675.334,22623.295,1415.016,40.355,456477131987.0,27.983,0.541,44.838,2.005,372.387,981.199,12474.776,372.387,12474.766,59.549,-16.435,18.682,-30.516,155.16,2088.02,5197.787,59.645,62.43,2091.37,-16.433,18.685,-30.517,155.186,5198.632,-1.072,-1.11,0.0,,0.0,0.0,0.0,0.0,0.0,12.372,-23.872,36.27,-94.462,301.231,433.818,10091.068,1407.614,47154.282,0.0,0.0,,0.0,0.0,0.0,0.0,0.0,0.0,3506.386,29851248.0,830.519,2091.37,59.645,-16.433,18.685,-30.517,155.186,5198.632,0.01,13.625,0.003,0.003,0.025,0.335,0.846,0.086,-100.0,0.0,-0.003,0.0,3.015,0.0
VEN,Venezuela,2017,-18.382,-0.673,3.67,13.667,-11.112,-156.413,-2.166,-17.991,0.0,0.0,,,,,,238.072,0.0,-44.445,0.117,-0.762,0.953,0.0,32.404,2.987,101.577,99.54,0.0,0.0,40.6,28.15,59.9,0.0,12.45,0.0,0.0,60.0,0.01,0.09,100.6,23.95,2.111,27634.648,-1.639,81.753,-11.071,664.262,22592.043,1380.836,40.358,384942600601.0,27.982,3.67,47.513,13.667,386.054,957.402,13129.987,386.054,13129.977,59.543,-4.46,18.244,-6.92,148.241,2037.243,5041.776,59.642,60.0,2040.644,-4.459,18.247,-6.92,148.266,5042.627,-1.065,-1.06,0.0,,0.0,0.0,0.0,0.0,0.0,12.376,-7.959,34.123,-23.976,277.255,423.434,9429.651,1251.202,42554.289,0.0,0.0,,0.0,0.0,0.0,0.0,0.0,0.0,3421.48,29402480.0,812.527,2040.644,59.642,-4.459,18.247,-6.92,148.266,5042.627,0.01,-0.88,0.003,-0.0,0.025,0.34,0.851,0.089,,0.0,0.0,0.0,3.061,0.0
VEN,Venezuela,2018,-78.426,-2.342,-18.097,-69.863,-29.703,-371.647,-15.447,-125.513,0.0,0.0,,,,,,237.898,0.0,-60.0,0.055,-0.572,0.381,0.0,13.193,0.644,22.305,95.66,0.0,0.0,39.01,27.05,57.57,0.0,11.96,0.0,0.0,57.67,0.01,0.09,96.68,23.0,2.22,23782.734,-17.9,79.381,-118.905,545.357,18878.907,1350.429,40.35,309413012163.0,27.979,-18.097,46.024,-69.863,316.191,936.404,10945.753,316.191,10945.744,59.547,-4.456,20.616,-6.606,141.634,1992.93,4903.033,59.65,57.67,1996.392,-4.457,20.619,-6.608,141.658,4903.847,-1.066,-1.02,0.0,,0.0,0.0,0.0,0.0,0.0,12.371,-17.482,33.301,-48.47,228.785,414.025,7919.961,879.555,30447.998,0.0,0.0,,0.0,0.0,0.0,0.0,0.0,0.0,3346.821,28887118.0,687.015,1996.392,59.65,-4.457,20.619,-6.608,141.658,4903.847,0.01,-6.104,0.003,-0.002,0.024,0.346,0.814,0.093,,0.0,0.0,0.0,3.116,0.0
VEN,Venezuela,2019,224.735,1.448,-19.111,-60.429,-38.349,-337.299,-21.18,-145.51,0.0,0.0,,,,,,192.012,0.0,-38.834,0.043,-0.148,0.233,0.0,8.175,2.092,73.375,104.54,0.0,0.0,33.31,22.86,72.0,0.0,10.45,0.0,0.0,72.1,0.01,0.09,105.41,20.24,,18989.611,-22.799,77.75,-124.336,421.022,14764.485,1168.123,31.6,,21.687,-19.111,47.232,-60.429,255.762,801.66,8969.138,255.762,8969.131,68.305,-14.956,22.244,-21.182,120.452,2524.914,4224.05,68.4,72.1,2528.42,-14.948,22.25,-21.175,120.483,4225.141,-0.832,-0.87,0.0,,0.0,0.0,0.0,0.0,0.0,9.914,-27.868,30.475,-63.759,165.026,366.463,5787.172,542.256,19015.958,0.0,0.0,,0.0,0.0,0.0,0.0,0.0,0.0,3696.544,28515828.0,541.504,2528.42,68.4,-14.948,22.25,-21.175,120.483,4225.141,0.009,32.467,0.006,0.008,0.031,0.351,1.092,0.085,,0.0,0.0,0.0,3.156,0.0
VEN,Venezuela,2020,182.66,3.822,-26.684,-68.248,-41.254,-223.701,-26.052,-141.075,0.0,0.0,,,,,,192.012,0.0,-34.944,0.038,-0.081,0.152,0.0,5.333,5.914,207.985,104.54,0.0,0.0,33.31,22.86,72.0,0.0,10.45,0.0,0.0,72.1,0.01,0.09,105.41,20.24,,14081.797,-23.442,80.495,-98.697,322.325,11335.111,1171.405,31.6,,21.687,-26.684,46.828,-68.248,187.515,803.912,6594.283,187.515,6594.277,68.305,-35.183,19.498,-42.378,78.074,2532.007,2745.607,68.4,72.1,2535.523,-35.174,19.505,-42.378,78.105,2746.697,-0.832,-0.87,0.0,,0.0,0.0,0.0,0.0,0.0,9.914,-18.402,33.628,-30.368,134.658,367.493,4735.495,318.555,11202.546,0.0,0.0,,0.0,0.0,0.0,0.0,0.0,0.0,3706.928,28435944.0,400.429,2535.523,68.4,-35.174,19.505,-42.378,78.105,2746.697,0.009,-0.368,0.008,-0.0,0.031,0.352,1.091,0.085,,0.0,0.0,0.0,3.165,0.0
