iso_code,country,year,coal_prod_change_pct,coal_prod_change_twh,gas_prod_change_pct,gas_prod_change_twh,oil_prod_change_pct,oil_prod_change_twh,energy_cons_change_pct,energy_cons_change_twh,biofuel_share_elec,biofuel_elec_per_capita,biofuel_cons_change_pct,biofuel_share_energy,biofuel_cons_change_twh,biofuel_consumption,biofuel_cons_per_capita,carbon_intensity_elec,coal_share_elec,coal_cons_change_pct,coal_share_energy,coal_cons_change_twh,coal_consumption,coal_elec_per_capita,coal_cons_per_capita,coal_production,coal_prod_per_capita,electricity_demand,biofuel_electricity,coal_electricity,fossil_electricity,gas_electricity,hydro_electricity,nuclear_electricity,oil_electricity,other_renewable_exc_biofuel_electricity,other_renewable_electricity,renewables_electricity,solar_electricity,wind_electricity,electricity_generation,greenhouse_gas_emissions,energy_per_gdp,energy_per_capita,fossil_cons_change_pct,fossil_share_energy,fossil_cons_change_twh,fossil_fuel_consumption,fossil_energy_per_capita,fossil_cons_per_capita,fossil_share_elec,gdp,gas_share_elec,gas_cons_change_pct,gas_share_energy,gas_cons_change_twh,gas_consumption,gas_elec_per_capita,gas_energy_per_capita,gas_production,gas_prod_per_capita,hydro_share_elec,hydro_cons_change_pct,hydro_share_energy,hydro_cons_change_twh,hydro_consumption,hydro_elec_per_capita,hydro_energy_per_capita,low_carbon_share_elec,low_carbon_electricity,low_carbon_elec_per_capita,low_carbon_cons_change_pct,low_carbon_share_energy,low_carbon_cons_change_twh,low_carbon_consumption,low_carbon_energy_per_capita,net_elec_imports_share_demand,net_elec_imports,nuclear_share_elec,nuclear_cons_change_pct,nuclear_share_energy,nuclear_cons_change_twh,nuclear_consumption,nuclear_elec_per_capita,nuclear_energy_per_capita,oil_share_elec,oil_cons_change_pct,oil_share_energy,oil_cons_change_twh,oil_consumption,oil_elec_per_capita,oil_energy_per_capita,oil_production,oil_prod_per_capita,other_renewables_elec_per_capita_exc_biofuel,other_renewables_elec_per_capita,other_renewables_cons_change_pct,other_renewables_share_energy,other_renewables_cons_change_twh,other_renewable_consumption,other_renewables_share_elec_exc_biofuel,other_renewables_share_elec,other_renewables_energy_per_capita,per_capita_electricity,population,primary_energy_consumption,renewables_elec_per_capita,renewables_share_elec,renewables_cons_change_pct,renewables_share_energy,renewables_cons_change_twh,renewables_consumption,renewables_energy_per_capita,solar_share_elec,solar_cons_change_pct,solar_share_energy,solar_cons_change_twh,solar_consumption,solar_elec_per_capita,solar_energy_per_capita,wind_share_elec,wind_cons_change_pct,wind_share_energy,wind_cons_change_twh,wind_consumption,wind_elec_per_capita,wind_energy_per_capita
OWID_WRL,World,1900,,,,,,,,,,,,,,,,,,,,,,,,5349.893,3247.467,,,,,,,,,,,,,,,,,,,,,,,,,3405759219906.0,,,,,,,,73.84,44.822,,,,,,,,,,,,,,,,,,,,,,,,,,,,,,,,234.949,142.618,,,,,,,,,,,1647405028.0,,,,,,,,,,,,,,,,,,,,,,
OWID_WRL,World,1901,1.808,96.707,10.817,7.988,11.87,27.889,,,,,,,,,,,,,,,,,,5446.6,3283.486,,,,,,,,,,,,,,,,,,,,,,,,,,,,,,,,,81.828,49.33,,,,,,,,,,,,,,,,,,,,,,,,,,,,,,,,262.838,158.452,,,,,,,,,,,1658785643.0,,,,,,,,,,,,,,,,,,,,,,
OWID_WRL,World,1902,2.42,131.829,9.761,7.988,8.58,22.551,,,,,,,,,,,,,,,,,,5578.429,3335.255,,,,,,,,,,,,,,,,,,,,,,,,,,,,,,,,,89.816,53.699,,,,,,,,,,,,,,,,,,,,,,,,,,,,,,,,285.389,170.629,,,,,,,,,,,1672564382.0,,,,,,,,,,,,,,,,,,,,,,
OWID_WRL,World,1903,9.122,508.837,8.893,7.988,6.887,19.655,,,,,,,,,,,,,,,,,,6087.265,3608.31,,,,,,,,,,,,,,,,,,,,,,,,,,,,,,,,,97.803,57.974,,,,,,,,,,,,,,,,,,,,,,,,,,,,,,,,305.044,180.819,,,,,,,,,,,1687012805.0,,,,,,,,,,,,,,,,,,,,,,
OWID_WRL,World,1904,0.509,30.981,8.167,7.988,12.292,37.495,,,,,,,,,,,,,,,,,,6118.247,3595.484,,,,,,,,,,,,,,,,,,,,,,,,,,,,,,,,,105.791,62.17,,,,,,,,,,,,,,,,,,,,,,,,,,,,,,,,342.539,201.298,,,,,,,,,,,1701647404.0,,,,,,,,,,,,,,,,,,,,,,
OWID_WRL,World,1905,7.809,477.761,7.55,7.988,-1.647,-5.641,,,,,,,,,,,,,,,,,,6596.007,3842.768,,,,,,,,,,,,,,,,,,,,,,,,,,,,,,,,,113.779,66.286,,,,,,,,,,,,,,,,,,,,,,,,,,,,,,,,336.898,196.273,,,,,,,,,,,1716473051.0,,,,,,,,,,,,,,,,,,,,,,
OWID_WRL,World,1906,5.601,369.474,7.02,7.988,-0.4,-1.349,,,,,,,,,,,,,,,,,,6965.481,4022.814,,,,,,,,,,,,,,,,,,,,,,,,,,,,,,,,,121.766,70.324,,,,,,,,,,,,,,,,,,,,,,,,,,,,,,,,335.549,193.792,,,,,,,,,,,1731494784.0,,,,,,,,,,,,,,,,,,,,,,
OWID_WRL,World,1907,10.617,739.536,6.56,7.988,23.648,79.352,,,,,,,,,,,,,,,,,,7705.018,4411.093,,,,,,,,,,,,,,,,,,,,,,,,,,,,,,,,,129.754,74.284,,,,,,,,,,,,,,,,,,,,,,,,,,,,,,,,414.901,237.529,,,,,,,,,,,1746736854.0,,,,,,,,,,,,,,,,,,,,,,
OWID_WRL,World,1908,-4.964,-382.441,6.156,7.988,8.107,33.634,,,,,,,,,,,,,,,,,,7322.577,4155.361,,,,,,,,,,,,,,,,,,,,,,,,,,,,,,,,,137.742,78.165,,,,,,,,,,,,,,,,,,,,,,,,,,,,,,,,448.535,254.531,,,,,,,,,,,1762200207.0,,,,,,,,,,,,,,,,,,,,,,
OWID_WRL,World,1909,4.493,328.97,5.799,7.988,5.079,22.783,,,,,,,,,,,,,,,,,,7651.547,4305.715,,,,,,,,,,,,,,,,,,,,,,,,,,,,,,,,,145.729,82.005,,,,,,,,,,,,,,,,,,,,,,,,,,,,,,,,471.318,265.222,,,,,,,,,,,1777067748.0,,,,,,,,,,,,,,,,,,,,,,
OWID_WRL,World,1910,5.366,410.572,8.138,11.86,8.767,41.321,,,,,,,,,,,,,,,,,,8062.119,4495.63,,,,,,,,,,,,,,,,,,,,,,,,,,,,,,,,,157.589,87.875,,,,,,,,,,,,,,,,,,,,,,,,,,,,,,,,512.639,285.86,,,,,,,,,,,1793323600.0,,,,,,,,,,,,,,,,,,,,,,
OWID_WRL,World,1911,1.781,143.6,5.315,8.376,5.923,30.366,,,,,,,,,,,,,,,,,,8205.719,4546.304,,,,,,,,,,,,,,,,,,,,,,,,,,,,,,,,,165.965,91.952,,,,,,,,,,,,,,,,,,,,,,,,,,,,,,,,543.005,300.847,,,,,,,,,,,1804920684.0,,,,,,,,,,,,,,,,,,,,,,
OWID_WRL,World,1912,4.938,405.229,5.047,8.376,1.611,8.746,,,,,,,,,,,,,,,,,,8610.948,4736.519,,,,,,,,,,,,,,,,,,,,,,,,,,,,,,,,,174.342,95.898,,,,,,,,,,,,,,,,,,,,,,,,,,,,,,,,551.751,303.495,,,,,,,,,,,1817990952.0,,,,,,,,,,,,,,,,,,,,,,
OWID_WRL,World,1913,7.149,615.567,4.805,8.376,10.255,56.58,,,,,,,,,,,,,,,,,,9226.515,5040.541,,,,,,,,,,,,,,,,,,,,,,,,,,,,,,,,,182.718,99.821,,,,,,,,,,,,,,,,,,,,,,,,,,,,,,,,608.331,332.338,,,,,,,,,,,1830461187.0,,,,,,,,,,,,,,,,,,,,,,
OWID_WRL,World,1914,-10.248,-945.525,4.584,8.376,3.002,18.259,,,,,,,,,,,,,,,,,,8280.989,4492.891,,,,,,,,,,,,,,,,,,,,,,,,,,,,,,,,,191.094,103.679,,,,,,,,,,,,,,,,,,,,,,,,,,,,,,,,626.59,339.959,,,,,,,,,,,1843131589.0,,,,,,,,,,,,,,,,,,,,,,
OWID_WRL,World,1915,-1.581,-130.907,4.383,8.376,7.337,45.973,,,,,,,,,,,,,,,,,,8150.082,4391.328,,,,,,,,,,,,,,,,,,,,,,,,,,,,,,,,,199.471,107.476,,,,,,,,,,,,,,,,,,,,,,,,,,,,,,,,672.563,362.382,,,,,,,,,,,1855949027.0,,,,,,,,,,,,,,,,,,,,,,
OWID_WRL,World,1916,7.265,592.111,4.199,8.376,7.275,48.927,,,,,,,,,,,,,,,,,,8742.193,4677.842,,,,,,,,,,,,,,,,,,,,,,,,,,,,,,,,,207.847,111.217,,,,,,,,,,,,,,,,,,,,,,,,,,,,,,,,721.491,386.061,,,,,,,,,,,1868851504.0,,,,,,,,,,,,,,,,,,,,,,
OWID_WRL,World,1917,4.141,361.976,4.03,8.376,10.54,76.049,,,,,,,,,,,,,,,,,,9104.169,4837.874,,,,,,,,,,,,,,,,,,,,,,,,,,,,,,,,,216.223,114.899,,,,,,,,,,,,,,,,,,,,,,,,,,,,,,,,797.54,423.805,,,,,,,,,,,1881853176.0,,,,,,,,,,,,,,,,,,,,,,
OWID_WRL,World,1918,-1.787,-162.688,3.874,8.376,-0.717,-5.722,,,,,,,,,,,,,,,,,,8941.481,4718.367,,,,,,,,,,,,,,,,,,,,,,,,,,,,,,,,,224.6,118.52,,,,,,,,,,,,,,,,,,,,,,,,,,,,,,,,791.818,417.838,,,,,,,,,,,1895037042.0,,,,,,,,,,,,,,,,,,,,,,
OWID_WRL,World,1919,-15.186,-1357.817,3.729,8.376,13.887,109.962,,,,,,,,,,,,,,,,,,7583.664,3972.492,,,,,,,,,,,,,,,,,,,,,,,,,,,,,,,,,232.976,122.038,,,,,,,,,,,,,,,,,,,,,,,,,,,,,,,,901.779,472.372,,,,,,,,,,,1909044309.0,,,,,,,,,,,,,,,,,,,,,,
OWID_WRL,World,1920,14.611,1108.07,3.595,8.376,28.123,253.604,,,,,,,,,,,,,,,,,,8691.734,4512.333,,,,,,,,,,,,,,,,,,,,,,,,,4318420508795.0,,,,,,,,241.352,125.299,,,,,,,,,,,,,,,,,,,,,,,,,,,,,,,,1155.383,599.82,,,,,,,,,,,1926217432.0,,,,,,,,,,,,,,,,,,,,,,
OWID_WRL,World,1921,-16.495,-1433.715,3.471,8.376,8.262,95.459,,,,,,,,,,,,,,,,,,7258.019,3742.042,,,,,,,,,,,,,,,,,,,,,,,,,,,,,,,,,249.729,128.754,,,,,,,,,,,,,,,,,,,,,,,,,,,,,,,,1250.842,644.901,,,,,,,,,,,1939587826.0,,,,,,,,,,,,,,,,,,,,,,
OWID_WRL,World,1922,5.547,402.601,6.75,16.858,11.623,145.387,,,,,,,,,,,,,,,,,,7660.62,3916.529,,,,,,,,,,,,,,,,,,,,,,,,,,,,,,,,,266.586,136.294,,,,,,,,,,,,,,,,,,,,,,,,,,,,,,,,1396.229,713.829,,,,,,,,,,,1955971631.0,,,,,,,,,,,,,,,,,,,,,,
OWID_WRL,World,1923,16.478,1262.329,17.165,45.76,18.271,255.104,,,,,,,,,,,,,,,,,,8922.949,4522.398,,,,,,,,,,,,,,,,,,,,,,,,,,,,,,,,,312.347,158.306,,,,,,,,,,,,,,,,,,,,,,,,,,,,,,,,1651.333,836.941,,,,,,,,,,,1973057174.0,,,,,,,,,,,,,,,,,,,,,,
OWID_WRL,World,1924,-2.623,-234.069,14.651,45.76,-0.282,-4.664,,,,,,,,,,,,,,,,,,8688.881,4365.358,,,,,,,,,,,,,,,,,,,,,,,,,,,,,,,,,358.107,179.916,,,,,,,,,,,,,,,,,,,,,,,,,,,,,,,,1646.67,827.299,,,,,,,,,,,1990416385.0,,,,,,,,,,,,,,,,,,,,,,
OWID_WRL,World,1925,0.254,22.059,12.778,45.76,4.849,79.84,,,,,,,,,,,,,,,,,,8710.94,4338.005,,,,,,,,,,,,,,,,,,,,,,,,,,,,,,,,,403.867,201.124,,,,,,,,,,,,,,,,,,,,,,,,,,,,,,,,1726.51,859.793,,,,,,,,,,,2008052088.0,,,,,,,,,,,,,,,,,,,,,,
OWID_WRL,World,1926,-0.449,-39.125,11.331,45.76,2.635,45.485,,,,,,,,,,,,,,,,,,8671.814,4280.379,,,,,,,,,,,,,,,,,,,,,,,,,,,,,,,,,449.628,221.935,,,,,,,,,,,,,,,,,,,,,,,,,,,,,,,,1771.995,874.651,,,,,,,,,,,2025945381.0,,,,,,,,,,,,,,,,,,,,,,
OWID_WRL,World,1927,7.759,672.886,10.177,45.76,14.172,251.127,,,,,,,,,,,,,,,,,,9344.701,4571.554,,,,,,,,,,,,,,,,,,,,,,,,,,,,,,,,,495.388,242.351,,,,,,,,,,,,,,,,,,,,,,,,,,,,,,,,2023.122,989.738,,,,,,,,,,,2044097070.0,,,,,,,,,,,,,,,,,,,,,,
OWID_WRL,World,1928,-1.774,-165.768,9.237,45.76,5.016,101.472,,,,,,,,,,,,,,,,,,9178.932,4450.297,,,,,,,,,,,,,,,,,,,,,,,,,,,,,,,,,541.148,262.369,,,,,,,,,,,,,,,,,,,,,,,,,,,,,,,,2124.593,1030.084,,,,,,,,,,,2062543972.0,,,,,,,,,,,,,,,,,,,,,,
OWID_WRL,World,1929,6.348,582.658,6.183,33.458,12.103,257.14,,,,,,,,,,,,,,,,,,9761.59,4689.277,,,,,,,,,,,,,,,,,,,,,,,,,,,,,,,,,574.606,276.03,,,,,,,,,,,,,,,,,,,,,,,,,,,,,,,,2381.733,1144.138,,,,,,,,,,,2081683468.0,,,,,,,,,,,,,,,,,,,,,,
OWID_WRL,World,1930,-8.621,-841.582,4.837,27.793,-4.639,-110.497,,,,,,,,,,,,,,,,,,8920.008,4239.412,,,,,,,,,,,,,,,,,,,,,,,,,,,,,,,,,602.4,286.303,,,,,,,,,,,,,,,,,,,,,,,,,,,,,,,,2271.236,1079.45,,,,,,,,,,,2104067387.0,,,,,,,,,,,,,,,,,,,,,,
OWID_WRL,World,1931,-11.809,-1053.329,4.752,28.624,-3.246,-73.723,,,,,,,,,,,,,,,,,,7866.68,3706.892,,,,,,,,,,,,,,,,,,,,,,,,,,,,,,,,,631.024,297.348,,,,,,,,,,,,,,,,,,,,,,,,,,,,,,,,2197.514,1035.5,,,,,,,,,,,2122176586.0,,,,,,,,,,,,,,,,,,,,,,
OWID_WRL,World,1932,-11.088,-872.242,4.536,28.624,-4.557,-100.134,,,,,,,,,,,,,,,,,,6994.437,3263.065,,,,,,,,,,,,,,,,,,,,,,,,,,,,,,,,,659.649,307.741,,,,,,,,,,,,,,,,,,,,,,,,,,,,,,,,2097.379,978.475,,,,,,,,,,,2143517525.0,,,,,,,,,,,,,,,,,,,,,,
OWID_WRL,World,1933,4.693,328.239,4.339,28.624,9.197,192.895,,,,,,,,,,,,,,,,,,7322.676,3381.454,,,,,,,,,,,,,,,,,,,,,,,,,,,,,,,,,688.273,317.83,,,,,,,,,,,,,,,,,,,,,,,,,,,,,,,,2290.274,1057.599,,,,,,,,,,,2165540428.0,,,,,,,,,,,,,,,,,,,,,,
OWID_WRL,World,1934,9.119,667.731,4.159,28.624,5.528,126.616,,,,,,,,,,,,,,,,,,7990.407,3652.195,,,,,,,,,,,,,,,,,,,,,,,,,,,,,,,,,716.898,327.674,,,,,,,,,,,,,,,,,,,,,,,,,,,,,,,,2416.89,1104.694,,,,,,,,,,,2187836793.0,,,,,,,,,,,,,,,,,,,,,,
OWID_WRL,World,1935,4.308,344.195,3.993,28.624,8.721,210.771,,,,,,,,,,,,,,,,,,8334.602,3770.609,,,,,,,,,,,,,,,,,,,,,,,,,,,,,,,,,745.522,337.277,,,,,,,,,,,,,,,,,,,,,,,,,,,,,,,,2627.661,1188.765,,,,,,,,,,,2210412972.0,,,,,,,,,,,,,,,,,,,,,,
OWID_WRL,World,1936,9.85,820.97,3.84,28.624,8.907,234.042,,,,,,,,,,,,,,,,,,9155.572,4099.447,,,,,,,,,,,,,,,,,,,,,,,,,,,,,,,,,774.147,346.628,,,,,,,,,,,,,,,,,,,,,,,,,,,,,,,,2861.703,1281.34,,,,,,,,,,,2233367401.0,,,,,,,,,,,,,,,,,,,,,,
OWID_WRL,World,1937,5.06,463.25,7.282,56.375,13.818,395.444,,,,,,,,,,,,,,,,,,9618.822,4262.393,,,,,,,,,,,,,,,,,,,,,,,,,,,,,,,,,830.522,368.03,,,,,,,,,,,,,,,,,,,,,,,,,,,,,,,,3257.147,1443.341,,,,,,,,,,,2256671866.0,,,,,,,,,,,,,,,,,,,,,,
OWID_WRL,World,1938,-6.7,-644.432,6.192,51.427,-2.38,-77.514,,,,,,,,,,,,,,,,,,8974.39,3935.544,,,,,,,,,,,,,,,,,,,,,,,,,,,,,,,,,881.949,386.762,,,,,,,,,,,,,,,,,,,,,,,,,,,,,,,,3179.633,1394.366,,,,,,,,,,,2280342907.0,,,,,,,,,,,,,,,,,,,,,,
OWID_WRL,World,1939,5.632,505.427,7.184,63.357,4.188,133.152,,,,,,,,,,,,,,,,,,9479.817,4116.118,,,,,,,,,,,,,,,,,,,,,,,,,,,,,,,,,945.306,410.45,,,,,,,,,,,,,,,,,,,,,,,,,,,,,,,,3312.785,1438.405,,,,,,,,,,,2303096438.0,,,,,,,,,,,,,,,,,,,,,,
OWID_WRL,World,1940,10.293,975.724,6.702,63.357,3.221,106.705,,,,,,,,,,,,,,,,,,10455.541,4492.451,,,,,,,,,,,,,,,,,,,,,,,,,6992596821694.0,,,,,,,,1008.663,433.394,,,,,,,,,,,,,,,,,,,,,,,,,,,,,,,,3419.49,1469.259,,,,,,,,,,,2327357744.0,,,,,,,,,,,,,,,,,,,,,,
OWID_WRL,World,1941,3.658,382.476,6.281,63.357,3.01,102.937,,,,,,,,,,,,,,,,,,10838.017,4622.172,,,,,,,,,,,,,,,,,,,,,,,,,,,,,,,,,1072.02,457.192,,,,,,,,,,,,,,,,,,,,,,,,,,,,,,,,3522.427,1502.237,,,,,,,,,,,2344788534.0,,,,,,,,,,,,,,,,,,,,,,
OWID_WRL,World,1942,1.714,185.766,5.91,63.357,-5.871,-206.816,,,,,,,,,,,,,,,,,,11023.783,4663.413,,,,,,,,,,,,,,,,,,,,,,,,,,,,,,,,,1135.376,480.301,,,,,,,,,,,,,,,,,,,,,,,,,,,,,,,,3315.611,1402.61,,,,,,,,,,,2363887111.0,,,,,,,,,,,,,,,,,,,,,,
OWID_WRL,World,1943,2.772,305.629,5.58,63.357,7.615,252.488,,,,,,,,,,,,,,,,,,11329.412,4756.742,,,,,,,,,,,,,,,,,,,,,,,,,,,,,,,,,1198.733,503.297,,,,,,,,,,,,,,,,,,,,,,,,,,,,,,,,3568.098,1498.094,,,,,,,,,,,2381758939.0,,,,,,,,,,,,,,,,,,,,,,
OWID_WRL,World,1944,-3.98,-450.964,5.285,63.357,14.855,530.038,,,,,,,,,,,,,,,,,,10878.448,4533.329,,,,,,,,,,,,,,,,,,,,,,,,,,,,,,,,,1262.09,525.945,,,,,,,,,,,,,,,,,,,,,,,,,,,,,,,,4098.136,1707.799,,,,,,,,,,,2399659920.0,,,,,,,,,,,,,,,,,,,,,,
OWID_WRL,World,1945,-19.763,-2149.958,5.02,63.357,-0.117,-4.792,,,,,,,,,,,,,,,,,,8728.49,3610.673,,,,,,,,,,,,,,,,,,,,,,,,,,,,,,,,,1325.447,548.291,,,,,,,,,,,,,,,,,,,,,,,,,,,,,,,,4093.345,1693.274,,,,,,,,,,,2417413700.0,,,,,,,,,,,,,,,,,,,,,,
OWID_WRL,World,1946,7.672,669.687,5.352,70.94,6.372,260.838,,,,,,,,,,,,,,,,,,9398.177,3859.544,,,,,,,,,,,,,,,,,,,,,,,,,,,,,,,,,1396.387,573.454,,,,,,,,,,,,,,,,,,,,,,,,,,,,,,,,4354.182,1788.13,,,,,,,,,,,2435048602.0,,,,,,,,,,,,,,,,,,,,,,
OWID_WRL,World,1947,12.358,1161.455,10.634,148.492,10.159,442.359,,,,,,,,,,,,,,,,,,10559.632,4302.948,,,,,,,,,,,,,,,,,,,,,,,,,,,,,,,,,1544.879,629.523,,,,,,,,,,,,,,,,,,,,,,,,,,,,,,,,4796.541,1954.544,,,,,,,,,,,2454045831.0,,,,,,,,,,,,,,,,,,,,,,
OWID_WRL,World,1948,3.325,351.157,13.056,201.696,13.183,632.335,,,,,,,,,,,,,,,,,,10910.789,4409.026,,,,,,,,,,,,,,,,,,,,,,,,,,,,,,,,,1746.575,705.787,,,,,,,,,,,,,,,,,,,,,,,,,,,,,,,,5428.877,2193.797,,,,,,,,,,,2474648090.0,,,,,,,,,,,,,,,,,,,,,,
OWID_WRL,World,1949,-4.923,-537.129,6.855,119.736,-0.573,-31.134,,,,,,,,,,,,,,,,,,10373.659,4148.1,,,,,,,,,,,,,,,,,,,,,,,,,,,,,,,,,1866.311,746.279,,,,,,,,,,,,,,,,,,,,,,,,,,,,,,,,5397.743,2158.388,,,,,,,,,,,2500821769.0,,,,,,,,,,,,,,,,,,,,,,
OWID_WRL,World,1950,9.244,958.926,14.484,270.325,12.187,657.84,,,,,,,,,,,,,,,,,,11332.585,4467.618,,,,,,,,,,,,,,,,,,,,,,,,,8408477709262.0,,,,,,,,2136.635,842.321,,,,,,,,,,,,,,,,,,,,,,,,,,,,,,,,6055.583,2387.278,,,,,,,,,,,2536605776.0,,,,,,,,,,,,,,,,,,,,,,
OWID_WRL,World,1951,5.351,606.443,18.622,397.876,13.403,811.658,,,,,,,,,,,,,,,,,,11939.028,4620.306,,,,,,,,,,,,,,,,,,,,,,,,,,,,,,,,,2534.511,980.835,,,,,,,,,,,,,,,,,,,,,,,,,,,,,,,,6867.241,2657.566,,,,,,,,,,,2584034230.0,,,,,,,,,,,,,,,,,,,,,,
OWID_WRL,World,1952,-0.574,-68.517,7.698,195.118,5.112,351.063,,,,,,,,,,,,,,,,,,11870.511,4512.024,,,,,,,,,,,,,,,,,,,,,,,,,,,,,,,,,2729.629,1037.542,,,,,,,,,,,,,,,,,,,,,,,,,,,,,,,,7218.305,2743.704,,,,,,,,,,,2630861707.0,,,,,,,,,,,,,,,,,,,,,,
OWID_WRL,World,1953,0.444,52.684,5.741,156.718,5.738,414.214,,,,,,,,,,,,,,,,,,11923.195,4452.926,,,,,,,,,,,,,,,,,,,,,,,,,,,,,,,,,2886.347,1077.957,,,,,,,,,,,,,,,,,,,,,,,,,,,,,,,,7632.519,2850.498,,,,,,,,,,,2677609074.0,,,,,,,,,,,,,,,,,,,,,,
OWID_WRL,World,1954,-1.289,-153.747,4.894,141.253,4.693,358.181,,,,,,,,,,,,,,,,,,11769.447,4319.306,,,,,,,,,,,,,,,,,,,,,,,,,,,,,,,,,3027.601,1111.109,,,,,,,,,,,,,,,,,,,,,,,,,,,,,,,,7990.7,2932.532,,,,,,,,,,,2724846703.0,,,,,,,,,,,,,,,,,,,,,,
OWID_WRL,World,1955,8.653,1018.445,8.785,265.965,12.074,964.791,,,,,,,,,,,,,,,,,,12787.892,4611.54,,,,,,,,,,,,,,,,,,,,,,,,,,,,,,,,,3293.566,1187.718,,,,,,,,,,,,,,,,,,,,,,,,,,,,,,,,8955.491,3229.508,,,,,,,,,,,2773019926.0,,,,,,,,,,,,,,,,,,,,,,
OWID_WRL,World,1956,5.679,726.209,8.446,278.187,8.826,790.375,,,,,,,,,,,,,,,,,,13514.101,4788.086,,,,,,,,,,,,,,,,,,,,,,,,,,,,,,,,,3571.753,1265.483,,,,,,,,,,,,,,,,,,,,,,,,,,,,,,,,9745.866,3452.989,,,,,,,,,,,2822443279.0,,,,,,,,,,,,,,,,,,,,,,
OWID_WRL,World,1957,2.809,379.668,8.65,308.966,5.386,524.909,,,,,,,,,,,,,,,,,,13893.769,4835.464,,,,,,,,,,,,,,,,,,,,,,,,,,,,,,,,,3880.719,1350.611,,,,,,,,,,,,,,,,,,,,,,,,,,,,,,,,10270.775,3574.55,,,,,,,,,,,2873306072.0,,,,,,,,,,,,,,,,,,,,,,
OWID_WRL,World,1958,3.16,439.051,7.559,293.331,2.504,257.209,,,,,,,,,,,,,,,,,,14332.819,4898.959,,,,,,,,,,,,,,,,,,,,,,,,,,,,,,,,,4174.05,1426.691,,,,,,,,,,,,,,,,,,,,,,,,,,,,,,,,10527.985,3598.466,,,,,,,,,,,2925686634.0,,,,,,,,,,,,,,,,,,,,,,
OWID_WRL,World,1959,3.643,522.087,11.634,485.629,7.911,832.883,,,,,,,,,,,,,,,,,,14854.906,4985.577,,,,,,,,,,,,,,,,,,,,,,,,,,,,,,,,,4659.68,1563.873,,,,,,,,,,,,,,,,,,,,,,,,,,,,,,,,11360.868,3812.914,,,,,,,,,,,2979576135.0,,,,,,,,,,,,,,,,,,,,,,
OWID_WRL,World,1960,4.18,620.906,8.856,412.648,7.746,879.985,,,,,,,,,,,,,,,,,,15475.813,5098.845,,,,,,,,,,,,,,,,,,,,,,,,,13245837922127.0,,,,,,,,5072.328,1671.189,,,,,,,,,,,,,,,,,,,,,,,,,,,,,,,,12240.852,4033.017,,,,,,,,,,,3035160175.0,,,,,,,,,,,,,,,,,,,,,,
OWID_WRL,World,1961,-5.791,-896.267,7.435,377.111,6.442,788.55,,,,,,,,,,,,,,,,,,14579.546,4715.486,,,,,,,,,,,,,,,,,,,,,,,,,,,,,,,,,5449.439,1762.521,,,,,,,,,,,,,,,,,,,,,,,,,,,,,,,,13029.402,4214.121,,,,,,,,,,,3091843486.0,,,,,,,,,,,,,,,,,,,,,,
OWID_WRL,World,1962,2.409,351.217,9.406,512.561,8.475,1104.281,,,,,,,,,,,,,,,,,,14930.763,4739.292,,,,,,,,,,,,,,,,,,,,,,,,,,,,,,,,,5961.999,1892.445,,,,,,,,,,,,,,,,,,,,,,,,,,,,,,,,14133.683,4486.284,,,,,,,,,,,3150420753.0,,,,,,,,,,,,,,,,,,,,,,
OWID_WRL,World,1963,3.033,452.844,9.418,561.51,7.29,1030.372,,,,,,,,,,,,,,,,,,15383.607,4790.907,,,,,,,,,,,,,,,,,,,,,,,,,,,,,,,,,6523.509,2031.612,,,,,,,,,,,,,,,,,,,,,,,,,,,,,,,,15164.055,4722.532,,,,,,,,,,,3211000933.0,,,,,,,,,,,,,,,,,,,,,,
OWID_WRL,World,1964,4.426,680.873,9.26,604.103,7.997,1212.696,,,,,,,,,,,,,,,,,,16064.48,4906.715,,,,,,,,,,,,,,,,,,,,,,,,,,,,,,,,,7127.612,2177.049,,,,,,,,,,,,,,,,,,,,,,,,,,,,,,,,16376.751,5002.095,,,,,,,,,,,3273978317.0,,,,,,,,,,,,,,,,,,,,,,
OWID_WRL,World,1965,1.974,317.091,7.168,510.879,11.323,1854.331,,,,,,,,,,,,,37.434,,16140.178,,4832.995,16381.571,4905.274,,,,,,923.198,25.54,,,17.985,941.183,0.0,0.0,,,,12910.566,,93.751,,40421.573,12103.777,,,,,,14.621,,6303.799,,1887.602,7638.491,2287.259,,,5.948,,2564.441,276.441,767.892,,966.723,289.474,,6.228,,2685.343,804.095,,,,,0.165,,70.944,7.648,21.243,,,41.696,,17977.564,,5383.18,18231.082,5459.088,,5.385,,0.116,,49.959,,,14.96,,3339583525.0,43115.912,281.827,,,6.064,,2614.4,782.852,,,0.0,,0.0,0.0,0.0,,,0.0,,0.0,0.0,0.0
OWID_WRL,World,1966,1.387,227.165,7.6,580.554,8.588,1565.729,5.344,2304.079,,,,,,,,,,1.139,35.94,183.916,16324.094,,4790.046,16608.736,4873.566,,,,,,983.817,34.433,,,19.806,1003.623,0.0,0.0,,,,13327.765,5.209,93.631,2105.752,42527.326,12478.959,,,,,8.963,15.123,564.996,6868.795,,2015.539,8219.045,2411.746,,6.566,6.017,168.387,2732.827,288.685,801.904,,1038.056,304.601,7.379,6.349,198.149,2883.492,846.114,,,,34.822,0.211,24.704,95.648,10.104,28.066,,7.547,42.568,1356.841,19334.403,,5673.374,19796.811,5809.055,,5.812,10.124,0.121,5.058,55.017,,,16.144,,3407922582.0,45419.991,294.497,,6.634,6.138,173.444,2787.844,818.048,,,0.0,0.0,0.0,0.0,0.0,,,0.0,0.0,0.0,0.0,0.0
OWID_WRL,World,1967,-3.552,-589.897,7.618,626.097,7.282,1441.652,3.757,1706.45,,,,,,,,,,-1.613,34.08,-263.284,16060.81,,4616.811,16018.839,4604.742,,,,,,1005.743,41.006,,,19.987,1025.729,0.0,0.0,,,,13546.869,3.825,93.692,1626.614,44153.94,12692.399,,,,,7.356,15.647,505.245,7374.039,,2119.728,8845.142,2542.606,,2.229,5.928,60.905,2793.732,289.109,803.08,,1066.735,306.641,2.763,6.288,79.664,2963.156,851.783,,,,19.088,0.242,18.258,113.906,11.788,32.743,,7.162,43.965,1384.653,20719.055,,5955.861,21238.463,6105.164,,5.745,0.912,0.118,0.502,55.518,,,15.959,,3478770089.0,47126.441,294.854,,2.203,6.046,61.406,2849.25,819.04,,,0.0,0.0,0.0,0.0,0.0,,,0.0,0.0,0.0,0.0,0.0
OWID_WRL,World,1968,2.784,445.937,9.389,830.439,9.095,1931.569,6.053,2852.402,,,,,,,,,,1.496,32.616,240.337,16301.147,,4589.808,16464.775,4635.876,,,,,,1059.289,52.113,,,22.12,1081.409,0.0,0.0,,,,14072.208,6.04,93.681,2666.715,46820.655,13182.977,,,,,9.09,16.095,670.293,8044.331,,2264.99,9675.581,2724.288,,5.324,5.887,148.74,2942.472,298.257,828.492,,1133.522,319.158,6.261,6.3,185.52,3148.675,886.551,,,,27.087,0.29,30.853,144.759,14.673,40.759,,8.476,44.969,1756.085,22475.139,,6328.179,23170.031,6523.83,,6.228,10.675,0.123,5.926,61.445,,,17.301,,3551599384.0,49978.844,304.485,,5.428,6.01,154.666,3003.916,845.793,,,0.0,0.0,0.0,0.0,0.0,,,0.0,0.0,0.0,0.0,0.0
OWID_WRL,World,1969,2.023,333.027,9.82,950.186,7.64,1770.302,6.698,3347.661,,,,,,,,,,3.052,31.502,497.59,16798.736,,4633.267,16797.802,4633.006,,,,,,1121.743,61.783,,,23.258,1145.001,0.0,0.0,,,,14707.997,6.715,93.696,3143.986,49964.641,13780.761,,,,,9.809,16.565,789.087,8833.418,,2436.349,10625.767,2930.695,,5.896,5.843,173.484,3115.956,309.388,859.413,,1206.785,332.844,6.463,6.286,203.507,3352.182,924.566,,,,18.556,0.322,26.862,171.621,17.04,47.335,,8.264,45.629,1857.31,24332.447,,6711.144,24940.333,6878.8,,6.415,5.144,0.121,3.161,64.606,,,17.819,,3625680901.0,53326.505,315.803,,5.88,5.964,176.645,3180.561,877.231,,,0.0,0.0,0.0,0.0,0.0,,,0.0,0.0,0.0,0.0,0.0
OWID_WRL,World,1970,4.0,671.893,-8.138,-864.775,9.998,2493.55,6.368,3395.707,,,,,,,,,,1.547,30.074,259.872,17058.608,,4609.584,17469.696,4720.665,,,,,,1174.648,78.875,,,25.693,1200.341,0.0,0.0,,,2.6,15327.487,6.391,93.716,3193.198,53157.839,14364.322,,,21814450843403.0,,8.846,16.951,781.374,9614.792,,2598.113,9760.991,2637.617,,4.716,5.752,146.957,3262.913,317.413,881.705,,1279.215,345.67,6.002,6.265,201.197,3553.379,960.195,,,,27.663,0.386,47.476,219.096,21.314,59.204,,8.844,46.691,2151.951,26484.396,,7156.624,27433.883,7413.189,,6.943,10.471,0.126,6.765,71.37,,,19.286,,3700685654.0,56722.211,324.356,,4.833,5.878,153.721,3334.283,900.99,,,0.0,0.0,0.0,0.0,0.0,,,0.0,0.0,0.0,0.0,0.0
OWID_WRL,World,1971,-0.909,-158.728,6.95,678.408,5.712,1566.906,4.083,2315.881,,,,,,,,,,-0.543,28.737,-92.649,16965.959,,4493.393,17310.968,4584.764,,,,,,1227.065,109.704,,,27.879,1254.944,0.0,0.0,,,,15636.082,3.909,93.56,2077.958,55235.797,14629.054,,,,,7.045,17.433,677.401,10292.193,,2725.862,10439.399,2764.847,,4.462,5.773,145.604,3408.517,324.985,902.737,,1364.648,361.423,6.679,6.421,237.314,3790.693,1003.955,,,,39.087,0.516,85.638,304.734,29.055,80.708,,5.638,47.389,1493.206,27977.601,,7409.799,29000.79,7680.782,,7.384,8.508,0.131,6.072,77.442,,,20.51,,3775760028.0,59038.092,332.369,,4.549,5.905,151.676,3485.959,923.247,,,0.0,0.0,0.0,0.0,0.0,,,0.0,0.0,0.0,0.0,0.0
OWID_WRL,World,1972,-0.345,-59.661,4.933,514.931,5.687,1649.182,5.378,3175.204,,,,,,,,,,1.136,27.58,192.678,17158.637,,4454.882,17251.306,4478.939,,,,,,1284.63,152.175,,,29.877,1314.507,0.0,0.0,,,,16152.373,5.233,93.431,2890.48,58126.277,15091.264,,,,,5.53,17.458,569.167,10861.359,,2819.926,10954.33,2844.061,,4.691,5.736,159.904,3568.421,333.527,926.465,,1466.683,380.793,7.477,6.549,283.429,4074.122,1057.76,,,,38.714,0.679,117.975,422.709,39.509,109.748,,7.608,48.392,2128.636,30106.235,,7816.456,30649.972,7957.62,,7.757,7.166,0.133,5.55,82.992,,,21.547,,3851650574.0,62213.296,341.284,,4.746,5.869,165.454,3651.413,948.012,,,0.0,0.0,0.0,0.0,0.0,,,0.0,0.0,0.0,0.0,0.0
OWID_WRL,World,1973,1.78,307.081,4.811,526.984,9.12,2795.152,5.852,3640.5,,,,,,,,,,2.968,26.829,509.213,17667.85,,4498.18,17558.387,4470.308,,,,,,1303.009,203.902,,,32.085,1335.094,0.0,0.0,,,,16766.16,5.918,93.489,3439.992,61566.27,15674.57,,,,,4.745,17.276,515.361,11376.72,,2896.478,11481.314,2923.105,,1.431,5.496,51.053,3619.474,331.742,921.506,,1538.996,391.823,4.93,6.492,200.871,4274.992,1088.399,,,,33.991,0.86,143.685,566.394,51.913,144.202,,8.023,49.385,2415.418,32521.651,,8279.912,33445.123,8515.018,,8.169,7.39,0.135,6.133,89.125,,,22.691,,3927780507.0,65853.796,339.911,,1.566,5.632,57.186,3708.599,944.197,,,0.0,0.0,0.0,0.0,0.0,,,0.0,0.0,0.0,0.0,0.0
OWID_WRL,World,1974,0.879,154.382,2.095,240.498,0.223,74.554,0.561,369.168,,,,,,,,,,0.08,26.701,14.202,17682.051,,4416.327,17712.769,4423.996,,,,,,1431.265,266.6,,,33.959,1465.224,0.0,0.0,,,,16540.052,-0.27,92.717,-166.047,61400.223,15335.509,,,,,2.457,17.602,279.555,11656.275,,2911.309,11721.812,2927.676,,9.843,6.004,356.266,3975.739,357.477,992.993,,1731.824,432.546,12.529,7.264,535.633,4810.626,1201.517,,,,30.749,1.118,174.163,740.556,66.587,184.964,,-1.414,48.415,-459.803,32061.848,,8007.873,33519.678,8371.978,,8.482,5.84,0.142,5.205,94.33,,,23.56,,4003794177.0,66222.963,365.959,,9.747,6.146,361.471,4070.069,1016.553,,,0.0,0.0,0.0,0.0,0.0,,,0.0,0.0,0.0,0.0,0.0
OWID_WRL,World,1975,5.956,1054.925,0.257,30.098,-5.018,-1681.91,0.498,329.932,,,,,,,,,,1.937,27.083,342.487,18024.538,,4418.345,18767.693,4600.511,,,,,,1448.89,369.848,,,34.484,1483.373,0.0,0.0,,,,16314.062,-0.011,92.248,-6.596,61393.627,15049.374,,,,,0.041,17.522,4.832,11661.106,,2858.481,11751.91,2880.737,,1.231,6.047,48.957,4024.697,355.165,986.571,,1853.222,454.279,7.01,7.735,337.216,5147.842,1261.887,,,,38.728,1.544,286.8,1027.357,90.661,251.835,,-1.104,47.643,-353.915,31707.933,,7772.548,31837.768,7804.368,,8.453,1.546,0.144,1.458,95.788,,,23.48,,4079480429.0,66552.895,363.618,,1.239,6.191,50.415,4120.485,1010.051,,,0.0,0.0,0.0,0.0,0.0,,,0.0,0.0,0.0,0.0,0.0
OWID_WRL,World,1976,2.834,531.839,4.308,506.218,8.647,2752.971,5.368,3572.328,,,,,,,,,,3.684,26.65,663.948,18688.485,,4498.195,19299.533,4645.266,,,,,,1443.135,432.671,,,38.461,1481.596,0.0,0.0,,,,16878.664,5.542,92.4,3402.37,64795.997,15595.955,,,,,5.951,17.619,694.011,12355.117,,2973.795,12258.129,2950.448,,-0.397,5.716,-15.986,4008.711,347.353,964.869,,1914.267,460.751,3.294,7.583,169.571,5317.413,1279.865,,,,16.986,1.714,174.509,1201.866,104.141,289.281,,6.448,48.132,2044.412,33752.343,,8123.966,34590.738,8325.755,,9.257,11.534,0.152,11.048,106.836,,,25.715,,4154666827.0,70125.224,356.61,,-0.12,5.869,-4.938,4115.547,990.584,,,0.0,0.0,0.0,0.0,0.0,,,0.0,0.0,0.0,0.0,0.0
OWID_WRL,World,1977,3.039,586.47,4.217,516.895,3.493,1208.127,3.658,2565.24,,,,,,,,,,2.958,26.47,552.809,19241.294,,4549.304,19886.002,4701.732,,,,,,1491.672,538.548,,,40.563,1532.234,0.0,0.0,,,,17186.514,3.282,92.065,2126.492,66922.488,15822.767,,,,,3.283,17.555,405.59,12760.706,,3017.07,12775.024,3020.453,,3.363,5.7,134.825,4143.536,352.682,979.674,,2070.782,489.604,8.176,7.913,434.764,5752.177,1360.012,,,,24.47,2.058,294.101,1495.967,127.331,353.698,,3.461,48.04,1168.093,34920.435,,8256.393,35798.866,8464.077,,9.59,5.464,0.155,5.838,112.674,,,26.64,,4229505913.0,72690.464,362.273,,3.418,5.855,140.663,4256.209,1006.314,,,0.0,0.0,0.0,0.0,0.0,,,0.0,0.0,0.0,0.0,0.0
OWID_WRL,World,1978,1.553,308.801,3.391,433.149,0.909,325.303,4.021,2922.745,,,,,,,,,,1.126,25.733,216.604,19457.897,,4520.33,20194.803,4691.519,,,,,,1614.388,625.794,,,42.967,1657.358,0.0,0.003,,,,17565.947,3.478,91.585,2327.714,69250.202,16087.736,,,,,4.191,17.584,534.812,13295.518,,3088.727,13208.172,3068.433,,8.227,5.931,340.878,4484.414,375.044,1041.789,,2283.153,530.406,10.256,8.388,589.919,6342.096,1473.353,,,,16.2,2.299,242.352,1738.319,145.38,403.834,,4.514,48.268,1576.298,36496.731,,8478.679,36124.169,8392.121,,9.982,5.929,0.158,6.68,119.354,,,27.728,,4304533624.0,75613.209,385.026,,8.166,6.089,347.567,4603.776,1069.518,,,0.0,0.0,0.0,0.0,0.0,,,0.0,0.008,0.008,0.001,0.002
OWID_WRL,World,1979,5.87,1185.36,6.744,890.815,4.232,1528.874,3.457,2614.072,,,,,,,,,,4.654,26.031,905.635,20363.531,,4648.674,21380.163,4880.752,,,,,,1695.189,650.86,,,46.169,1741.365,0.0,0.006,,,,17858.046,3.33,91.472,2306.068,71556.27,16335.16,,,,,6.201,18.05,824.481,14119.998,,3223.374,14098.987,3218.575,,5.005,6.019,224.449,4708.863,386.985,1074.959,,2392.224,546.107,4.777,8.495,302.978,6645.073,1516.965,,,,4.005,2.311,69.626,1807.946,148.581,412.725,,1.578,47.391,575.952,37072.683,,8463.112,37653.043,8595.592,,10.54,7.452,0.164,8.894,128.248,,,29.277,,4380506186.0,78227.281,397.526,,5.069,6.183,233.351,4837.128,1104.239,,,0.0,0.0,0.0,0.0,0.0,,100.0,0.0,0.008,0.017,0.001,0.004
OWID_WRL,World,1980,-1.927,-412.072,1.316,185.517,-4.524,-1703.457,-0.787,-615.631,,,,,,,,,,2.426,26.874,494.071,20857.602,,4678.406,20968.091,4703.185,,,,,,1731.652,711.924,,,49.385,1781.048,0.0,0.01,,,2.434,17408.449,-1.257,91.039,-899.345,70656.925,15848.49,,,31880978928558.0,,0.837,18.345,118.128,14238.126,,3193.643,14284.504,3204.043,,2.151,6.198,101.287,4810.15,388.413,1078.926,,2492.973,559.179,4.211,8.923,279.856,6924.929,1553.275,,,,9.382,2.548,169.623,1977.569,159.686,443.573,,-4.077,45.819,-1511.544,35561.141,,7976.441,35949.586,8063.564,,11.077,6.966,0.177,8.933,137.182,,,30.77,,4458274994.0,77611.651,399.493,,2.279,6.375,110.233,4947.36,1109.703,,,0.0,0.0,0.0,0.0,0.0,,75.0,0.0,0.013,0.029,0.002,0.007
OWID_WRL,World,1981,2.28,478.055,1.722,245.953,-5.763,-2071.758,-0.447,-347.093,,,,,,,,,,1.4,27.373,292.071,21149.673,,4661.606,21446.146,4726.948,,,,,,1768.904,840.751,,,53.155,1822.069,0.0,0.01,,,,17029.891,-1.155,90.391,-816.329,69840.596,15393.575,,,,,1.104,18.631,157.223,14395.349,,3172.883,14530.456,3202.66,,2.151,6.359,103.476,4913.625,389.884,1083.013,,2662.82,586.912,6.813,9.573,471.798,7396.727,1630.313,,,,18.096,3.023,357.852,2335.421,185.31,514.75,,-3.559,44.387,-1265.624,34295.518,,7559.085,33877.828,7467.016,,11.716,7.632,0.191,10.47,147.652,,,32.544,,4536996616.0,77264.558,401.602,,2.303,6.551,113.946,5061.306,1115.563,,,0.0,0.0,0.0,0.0,0.0,,0.0,0.0,0.0,0.029,0.002,0.006
OWID_WRL,World,1982,3.54,759.136,0.456,66.284,-3.955,-1339.951,-0.563,-435.349,,,,,,,,,,1.115,27.835,235.761,21385.434,,4631.505,22205.282,4809.059,,,,,,1800.909,912.178,,,61.371,1862.298,0.0,0.018,,,,16639.112,-1.079,89.923,-753.43,69087.166,14962.396,,,,,0.512,18.833,73.637,14468.987,,3133.59,14596.741,3161.256,,1.809,6.511,88.903,5002.529,390.028,1083.411,,2774.476,600.876,4.193,10.031,310.156,7706.883,1669.101,,,,8.496,3.298,198.408,2533.829,197.553,548.758,,-3.099,43.255,-1062.829,33232.69,,7197.3,32537.877,7046.817,,13.291,15.457,0.222,22.822,170.474,,,36.92,,4617386516.0,76829.209,403.323,,2.208,6.733,111.748,5173.054,1120.342,,,0.0,0.0,0.0,0.0,0.0,,76.19,0.0,0.022,0.051,0.004,0.011
OWID_WRL,World,1983,-0.303,-67.237,0.894,130.496,-1.277,-415.387,1.598,1227.434,,,,,,,,,,3.091,28.244,660.935,22046.369,,4691.151,22138.045,4710.654,,,,,,1877.769,1033.813,,,68.018,1945.823,0.003,0.033,,,,16609.319,0.938,89.339,648.258,69735.423,14838.685,,,,,1.617,18.836,234.023,14703.01,,3128.589,14727.236,3133.742,,4.268,6.682,213.501,5216.03,399.562,1109.895,,2979.636,634.023,7.395,10.604,569.89,8276.773,1761.177,,,,13.335,3.679,337.876,2871.704,219.98,611.057,,-0.742,42.259,-246.701,32985.989,,7018.945,32122.489,6835.199,,14.473,10.832,0.242,18.465,188.939,,,40.203,,4699569111.0,78056.643,414.043,,4.485,6.925,232.014,5405.069,1150.12,,,0.0,0.008,0.008,0.001,0.002,,77.27,0.0,0.04,0.091,0.007,0.019
OWID_WRL,World,1984,4.374,968.34,8.559,1260.499,1.96,629.722,4.736,3696.486,,,,,,,,,,4.331,28.135,954.724,23001.092,,4807.913,23106.385,4829.918,,,,,,1941.376,1254.568,,,76.009,2017.436,0.006,0.045,,,,17088.823,4.123,88.817,2875.15,72610.574,15177.759,,,,,8.153,19.451,1198.789,15901.798,,3323.949,15987.735,3341.91,,3.387,6.596,176.684,5392.714,405.805,1127.237,,3272.004,683.946,9.812,11.117,812.135,9088.908,1899.851,,,,21.354,4.263,613.211,3484.915,262.242,728.45,,2.188,41.231,721.638,33707.626,,7045.897,32752.212,6846.181,,15.888,11.749,0.258,22.198,211.137,,,44.134,,4784011576.0,81753.129,421.704,,3.68,6.855,198.924,5603.993,1171.4,,110.333,0.0,0.009,0.018,0.001,0.004,,36.471,0.0,0.033,0.124,0.009,0.026
OWID_WRL,World,1985,5.067,1170.809,2.637,421.634,-0.875,-286.515,2.621,2142.568,,,,,,,,,37.938,4.29,28.592,986.749,23987.84,769.528,4924.706,24277.194,4984.107,,,3748.311,6279.434,1422.361,1979.775,1488.922,1108.761,,77.792,2057.643,0.012,0.064,9879.981,,,17223.783,1.887,88.182,1370.039,73980.613,15188.216,1289.168,63.557,,14.396,2.26,19.383,359.456,16261.254,292.011,3338.437,16409.37,3368.843,20.038,1.978,6.555,106.665,5499.379,406.448,1129.022,35.896,3546.565,728.11,8.391,11.743,762.668,9851.576,2022.528,,,15.07,18.68,4.93,650.982,4135.897,305.676,849.099,11.222,0.071,40.206,23.834,33731.46,227.629,6925.073,32465.697,6665.206,,15.971,2.346,0.258,4.953,216.09,,0.787,44.363,2028.36,4870921659.0,83895.697,422.434,20.826,1.993,6.813,111.687,5715.68,1173.429,0.0,86.173,0.0,0.015,0.033,0.002,0.007,0.001,43.491,0.0,0.054,0.178,0.013,0.037
OWID_WRL,World,1986,2.372,575.758,2.588,424.617,4.94,1603.691,2.254,1891.379,,,,,,,,,37.73,1.127,28.277,270.232,24258.072,773.889,4890.184,24852.951,5010.102,,,3838.927,6433.934,1428.758,2006.572,1594.736,1166.249,,85.579,2092.305,0.015,0.139,10174.772,,,17293.801,2.007,87.969,1485.068,75465.68,15213.113,1297.016,63.234,,14.042,0.978,19.141,159.034,16420.287,288.023,3310.165,16833.987,3393.56,19.721,1.354,6.497,74.436,5573.815,404.504,1123.624,36.237,3687.041,743.27,3.961,11.939,390.211,10241.787,2064.64,,,15.673,7.107,5.164,293.928,4429.825,321.482,893.008,11.462,3.13,40.551,1055.802,34787.261,235.104,7012.763,34069.388,6868.042,,17.252,10.01,0.277,21.63,237.72,,0.841,47.922,2051.13,4960568018.0,85787.077,421.787,20.564,1.685,6.775,96.283,5811.962,1171.632,0.0,29.251,0.0,0.01,0.042,0.003,0.009,0.001,116.18,0.0,0.207,0.386,0.028,0.078
OWID_WRL,World,1987,1.887,468.86,5.012,843.694,0.231,78.688,3.491,2994.413,,,,,,,,,38.048,3.934,28.398,954.403,25212.474,803.145,4990.081,25321.812,5011.717,,,4057.908,6751.866,1512.935,2033.706,1734.733,1181.022,,91.643,2125.555,0.011,0.195,10665.142,,,17571.717,3.328,87.831,2511.713,77977.393,15433.36,1336.336,63.308,,14.186,5.242,19.465,860.673,17280.96,299.442,3420.267,17677.68,3498.783,19.069,1.352,6.363,75.374,5649.189,402.513,1118.093,36.195,3860.288,764.032,4.699,12.078,481.244,10723.032,2122.313,,,16.265,8.779,5.428,388.882,4818.707,343.34,953.723,11.074,2.003,39.968,696.637,35483.897,233.749,7023.012,34148.075,6758.62,,18.138,7.086,0.287,16.844,254.564,,0.859,50.383,2110.855,5052522061.0,88781.49,420.692,19.93,1.589,6.65,92.362,5904.325,1168.59,0.0,-30.169,0.0,-0.013,0.029,0.002,0.006,0.002,40.73,0.001,0.157,0.543,0.039,0.107
OWID_WRL,World,1988,2.429,614.966,4.408,779.244,4.274,1459.495,3.802,3375.333,,,,,,,,,37.723,2.993,28.177,754.713,25967.186,816.338,5046.658,25936.778,5040.744,,,4200.405,6991.242,1536.549,2098.721,1891.249,1254.288,,94.281,2193.343,0.01,0.332,11134.942,,,17910.436,3.524,87.595,2747.84,80725.234,15688.737,1358.729,62.787,,13.799,4.67,19.627,806.999,18087.958,298.624,3515.35,18456.924,3587.055,18.848,3.197,6.326,180.596,5829.785,407.881,1133.003,36.683,4084.593,793.83,5.811,12.312,623.068,11346.1,2205.085,,,16.985,9.022,5.701,434.767,5253.474,367.559,1020.999,11.264,3.343,39.791,1186.129,36670.025,243.768,7126.728,35607.57,6920.237,,18.323,2.878,0.284,7.327,261.891,,0.847,50.898,2164.047,5145426054.0,92156.823,426.271,19.698,3.189,6.611,188.301,6092.626,1184.086,0.0,-3.839,0.0,-0.001,0.028,0.002,0.006,0.003,69.713,0.001,0.378,0.921,0.064,0.179
OWID_WRL,World,1989,1.766,457.936,3.351,618.53,1.207,429.923,1.942,1789.413,,,,,,,,,37.556,0.957,27.905,248.535,26215.721,835.675,5005.448,26394.714,5039.62,,,4376.797,7447.904,1724.386,2087.571,1945.011,1346.722,,104.348,2194.831,0.262,2.65,11653.969,,,17937.43,2.019,87.662,1630.203,82355.437,15724.364,1422.05,63.909,,14.797,4.327,20.087,782.578,18870.535,329.242,3603.009,19075.454,3642.132,17.913,-0.531,6.172,-30.972,5798.813,398.586,1107.184,35.523,4139.842,790.432,1.353,12.241,153.47,11499.57,2195.646,,,16.69,2.843,5.751,149.337,5402.812,371.367,1031.575,11.556,1.634,39.671,599.09,37269.114,257.133,7115.907,36037.493,6880.744,,19.924,10.678,0.309,27.965,289.857,,0.895,55.343,2225.126,5237441387.0,93946.236,419.066,18.833,0.068,6.49,4.133,6096.758,1164.072,0.002,2471.824,0.001,0.7,0.728,0.05,0.139,0.023,699.137,0.008,6.439,7.36,0.506,1.405
OWID_WRL,World,1990,-0.235,-62.125,3.258,621.557,1.913,689.284,1.164,1093.075,,,,0.106,,100.936,18.946,,37.3,-1.214,27.249,-318.307,25897.414,837.184,4861.059,26332.59,4942.74,,,4460.122,7609.668,1785.086,2158.906,2000.462,1364.459,,117.003,2279.93,0.388,3.632,11957.329,,2.209,17839.285,0.842,87.383,693.027,83048.464,15588.552,1428.367,63.64,43018246354000.0,14.929,3.253,20.501,613.862,19484.397,335.068,3657.308,19697.011,3697.213,18.055,3.417,6.31,198.154,5996.967,405.236,1125.656,35.797,4280.392,803.448,4.273,12.617,491.352,11990.922,2250.747,,,16.73,2.851,5.847,154.032,5556.843,375.495,1043.043,11.411,1.066,39.633,397.473,37666.587,256.115,7070.185,36726.777,6893.773,,21.962,12.127,0.342,35.151,325.008,,0.979,61.005,2244.442,5327528997.0,95039.311,427.953,19.067,5.533,6.77,337.321,6434.079,1207.704,0.003,48.078,0.001,0.35,1.079,0.073,0.202,0.03,37.086,0.011,2.73,10.09,0.682,1.894
OWID_WRL,World,1991,-2.717,-715.472,1.333,262.543,-0.27,-99.082,0.722,685.894,,,5.662,0.111,5.715,106.651,19.698,,37.294,-0.972,26.791,-251.781,25645.633,841.615,4736.661,25617.117,4731.39,,,4556.75,7717.489,1811.07,2209.41,2096.175,1349.669,,122.019,2336.021,0.505,4.087,12218.445,,,17680.105,0.311,87.027,258.501,83306.965,15386.5,1425.393,63.163,,14.822,2.523,20.868,491.626,19976.023,334.498,3689.503,19959.554,3686.459,18.083,2.339,6.411,140.289,6137.256,408.07,1133.529,36.275,4432.196,818.611,3.564,12.973,427.394,12418.316,2293.619,,,17.156,4.785,6.083,265.869,5822.712,387.156,1075.434,11.046,0.05,39.368,18.656,37685.242,249.279,6960.336,36627.695,6765.005,,22.536,4.287,0.354,13.934,338.942,,0.999,62.601,2256.703,5414289384.0,95725.205,431.455,19.119,2.51,6.89,161.525,6595.604,1218.185,0.004,30.108,0.001,0.325,1.403,0.093,0.259,0.033,12.505,0.012,1.262,11.352,0.755,2.097
OWID_WRL,World,1992,-0.185,-47.296,0.294,58.664,1.448,530.279,0.666,637.139,,,-1.867,0.109,-1.992,104.659,19.033,,37.707,-0.36,26.518,-92.356,25553.278,845.466,4646.967,25569.821,4649.972,,,4649.147,7799.584,1822.876,2209.074,2112.089,1327.56,,130.972,2345.248,0.469,4.733,12329.794,,,17523.868,0.683,87.043,569.295,83876.261,15253.225,1418.385,63.258,,14.784,0.454,20.824,90.748,20066.771,331.497,3649.223,20018.218,3640.391,17.917,-0.015,6.368,-0.934,6136.322,401.729,1115.914,36.151,4457.337,810.584,0.546,12.957,67.845,12486.161,2270.657,,,17.13,0.759,6.088,44.207,5866.919,384.092,1066.922,10.767,1.515,39.7,570.903,38256.145,241.422,6957.035,37157.974,6757.322,,23.818,7.337,0.378,24.869,363.811,,1.062,66.16,2242.221,5498919919.0,96362.344,426.492,19.021,0.358,6.869,23.638,6619.242,1203.735,0.004,-7.248,0.001,-0.102,1.302,0.085,0.237,0.038,15.82,0.014,1.796,13.148,0.861,2.391
OWID_WRL,World,1993,-3.013,-770.473,1.139,227.974,-0.142,-52.824,0.751,723.374,,,4.277,0.112,4.476,109.135,19.553,,37.529,0.491,26.45,125.554,25678.832,846.633,4600.628,24799.348,4443.056,,,4725.562,7847.675,1856.381,2341.245,2184.826,1265.733,,135.306,2482.805,0.557,5.698,12591.722,,,17393.894,0.161,86.533,134.749,84011.009,15051.427,1405.991,62.324,,14.743,1.008,20.877,202.292,20269.063,332.59,3631.412,20246.192,3627.311,18.594,5.983,6.699,367.141,6503.463,419.458,1165.162,37.069,4667.631,836.254,4.714,13.467,588.626,13074.787,2342.481,,,17.351,3.444,6.251,202.047,6068.966,391.434,1087.317,10.052,-0.505,39.206,-193.098,38063.048,226.769,6819.388,37105.149,6647.765,,24.241,3.309,0.387,12.039,375.85,,1.075,67.337,2255.935,5581597581.0,97085.718,444.82,19.718,5.84,7.216,386.579,7005.821,1255.164,0.004,18.804,0.002,0.245,1.546,0.1,0.277,0.045,20.374,0.016,2.679,15.827,1.021,2.835
OWID_WRL,World,1994,2.286,566.991,1.463,296.226,1.385,514.053,1.306,1268.026,,,8.046,0.12,8.781,117.916,20.822,,37.867,0.384,26.209,98.59,25777.422,863.681,4551.785,25366.34,4479.192,,,4891.156,8109.837,1917.401,2356.882,2225.844,1301.28,,140.426,2505.03,0.6,7.123,12916.591,,,17367.32,1.29,86.519,1083.568,85094.577,15026.014,1432.036,62.786,,14.844,0.613,20.735,124.238,20393.3,338.575,3601.055,20542.418,3627.384,18.247,0.668,6.656,43.436,6546.899,416.179,1156.053,36.626,4730.875,835.379,1.411,13.481,184.459,13259.246,2341.32,,,17.232,1.877,6.286,113.94,6182.906,393.04,1091.779,10.074,2.261,39.575,860.74,38923.787,229.78,6873.174,37619.203,6642.805,,24.796,3.784,0.397,14.222,390.072,,1.087,68.879,2280.814,5663150342.0,98353.744,442.339,19.394,1.007,7.195,70.519,7076.34,1249.541,0.005,7.781,0.002,0.12,1.667,0.106,0.294,0.055,25.017,0.02,3.959,19.786,1.258,3.494
OWID_WRL,World,1995,3.053,774.396,1.66,340.981,1.372,516.309,2.207,2170.449,,,5.236,0.123,6.174,124.091,21.603,,37.669,0.702,25.823,180.925,25958.347,877.121,4519.047,26140.736,4550.795,,,5038.372,8325.329,2028.077,2485.633,2322.396,1258.88,,146.362,2640.898,0.641,8.262,13375.244,,,17500.082,1.785,86.162,1518.668,86613.245,15078.349,1449.342,62.244,,15.163,3.507,20.998,715.223,21108.523,353.064,3674.749,20883.399,3635.555,18.584,5.463,6.869,357.644,6904.543,432.72,1202.0,37.108,4963.294,864.051,4.916,13.838,651.783,13911.029,2421.747,,,17.363,4.338,6.417,268.199,6451.105,404.302,1123.062,9.412,1.599,39.34,622.519,39546.305,219.156,6884.553,38135.512,6638.945,,25.48,4.227,0.404,16.489,406.56,,1.094,70.777,2328.473,5744212798.0,100524.193,459.749,19.745,5.421,7.421,383.584,7459.924,1298.685,0.005,6.8,0.002,0.113,1.78,0.112,0.31,0.062,15.991,0.023,3.164,22.95,1.438,3.995
OWID_WRL,World,1996,1.362,356.065,4.867,1016.473,2.663,1015.725,2.865,2880.241,,,-3.944,0.115,-4.894,119.196,20.463,,38.284,2.382,25.702,618.202,26576.548,906.306,4562.586,26496.801,4548.891,,,5279.135,8614.14,2090.276,2520.499,2406.801,1244.729,,150.566,2680.974,0.705,9.205,13789.25,,,17752.164,2.932,86.217,2539.355,89152.6,15305.451,1478.85,62.47,,15.159,4.997,21.434,1054.895,22163.417,358.852,3804.952,21899.872,3759.704,18.279,1.403,6.771,96.849,7001.392,432.712,1201.978,36.897,5087.775,873.454,2.45,13.783,340.888,14251.917,2446.727,,,17.454,3.634,6.465,234.459,6685.564,413.192,1147.758,9.027,2.19,39.082,866.259,40412.563,213.691,6937.913,39151.237,6721.367,,25.849,2.872,0.404,11.678,418.238,,1.092,71.802,2367.297,5824891887.0,103404.434,460.262,19.442,1.427,7.317,106.43,7566.354,1298.969,0.005,10.049,0.002,0.179,1.959,0.121,0.336,0.067,11.41,0.025,2.619,25.568,1.58,4.389
OWID_WRL,World,1997,1.469,389.167,-0.078,-16.987,2.23,873.249,0.994,1027.915,,,4.083,0.119,4.867,124.064,21.01,,38.199,-0.171,25.405,-45.322,26531.226,913.434,4492.979,26885.968,4553.05,,,5393.869,8896.542,2258.306,2566.135,2390.277,1244.366,,161.287,2740.197,0.757,12.018,14120.517,,,17685.274,1.014,86.235,904.444,90057.044,15250.864,1506.6,63.004,,15.993,-0.583,21.099,-129.103,22034.314,382.437,3731.441,21882.885,3705.794,18.173,1.811,6.826,126.768,7128.16,434.567,1207.13,36.333,5130.473,868.829,0.866,13.765,123.472,14375.389,2434.425,,,16.928,-0.687,6.358,-45.901,6639.662,404.785,1124.405,8.812,2.67,39.73,1078.87,41491.432,210.729,7026.443,40024.486,6778.015,,27.313,7.121,0.429,29.781,448.019,,1.142,75.871,2391.263,5905045564.0,104432.349,464.043,19.406,2.239,7.407,169.373,7735.727,1310.02,0.005,7.285,0.002,0.143,2.102,0.128,0.356,0.085,30.563,0.032,7.814,33.383,2.035,5.653
OWID_WRL,World,1998,-1.799,-483.713,2.648,579.367,2.528,1011.803,0.571,596.668,,,1.952,0.12,2.422,126.485,21.134,,37.951,-0.63,25.102,-167.041,26364.186,919.677,4405.199,26402.254,4411.556,,,5504.075,9193.574,2394.399,2586.942,2431.38,1295.1,,168.762,2772.457,0.832,15.921,14502.919,,,17549.312,0.434,86.117,390.456,90447.5,15112.884,1536.156,63.391,,16.51,1.832,21.364,403.563,22437.876,400.08,3749.151,22462.252,3753.221,17.837,0.811,6.842,57.796,7185.956,432.252,1200.702,35.881,5203.838,869.51,1.434,13.883,206.212,14581.601,2436.442,,,16.765,1.72,6.43,114.178,6753.84,406.26,1128.5,8.93,0.371,39.651,153.934,41645.365,216.398,6958.535,41036.289,6856.759,,28.198,4.635,0.446,20.765,468.784,,1.164,78.329,2423.295,5984794078.0,105029.017,463.25,19.117,1.19,7.453,92.035,7827.761,1307.942,0.006,9.94,0.002,0.209,2.311,0.139,0.386,0.11,32.48,0.042,10.843,44.226,2.66,7.39
OWID_WRL,World,1999,0.031,8.174,2.851,640.411,-2.266,-929.778,1.782,1871.137,,,1.45,0.12,1.834,128.319,21.16,,37.69,0.431,24.769,113.687,26477.873,927.16,4366.235,26410.428,4355.11,,,5622.521,9476.562,2586.885,2605.676,2524.361,1267.157,,177.393,2805.202,0.916,21.216,14917.764,,,17627.958,1.681,86.031,1520.065,91967.565,15165.557,1562.696,63.525,,17.341,2.844,21.586,638.05,23075.926,426.58,3805.25,23102.663,3809.656,17.467,0.724,6.771,52.04,7237.996,429.679,1193.554,35.726,5329.564,878.851,2.408,13.969,351.073,14932.674,2462.415,,,16.922,3.824,6.559,258.281,7012.121,416.27,1156.307,8.494,1.845,39.676,768.327,42413.692,208.956,6994.072,40106.51,6613.61,,29.252,5.114,0.461,23.976,492.76,,1.189,81.257,2459.956,6064239057.0,106900.154,462.581,18.804,1.185,7.409,92.792,7920.553,1306.108,0.006,10.148,0.002,0.234,2.545,0.151,0.42,0.142,33.257,0.055,14.708,58.934,3.499,9.718
OWID_WRL,World,2000,1.472,388.731,3.915,904.422,4.342,1741.385,2.502,2675.068,0.999,24.363,-1.7,0.115,-2.181,126.137,20.531,465.313,38.152,3.58,25.029,947.859,27425.731,930.149,4463.989,26799.159,4362.001,14978.39,149.68,5714.63,9598.06,2691.5,2625.18,2505.93,1191.93,67.3,216.98,2874.4,1.08,31.16,14978.39,6969.64,1.83,17835.157,2.543,86.065,2338.887,94306.452,15349.916,1562.241,64.079,59866658423517.0,17.969,3.985,21.899,919.484,23995.41,438.086,3905.648,24007.084,3907.545,17.526,1.776,6.723,128.573,7366.569,427.291,1199.029,35.921,5380.33,875.737,2.251,13.935,336.183,15268.857,2485.256,,,16.73,2.24,6.543,157.049,7169.17,407.881,1166.9,7.958,1.112,39.138,471.544,42885.236,194.006,6980.278,41847.895,6811.429,10.954,35.317,4.837,0.471,23.834,516.594,0.449,1.449,84.084,2437.978,6143776595.0,109575.222,467.856,19.19,2.262,7.392,179.134,8099.687,1318.356,0.007,22.132,0.003,0.563,3.108,0.176,0.506,0.208,48.097,0.08,28.345,87.279,5.072,14.206
OWID_WRL,World,2001,4.239,1135.952,2.362,567.014,-0.004,-1.501,0.982,1075.692,0.954,23.309,-2.957,0.111,-3.73,122.407,19.67,467.025,38.168,1.578,25.177,432.781,27858.512,932.112,4476.768,27935.111,4489.073,15197.26,145.05,5800.45,9810.06,2830.28,2564.48,2572.31,1179.33,65.84,210.89,2814.89,1.35,38.17,15197.26,7097.5,,17781.21,1.197,86.249,1128.425,95434.877,15336.047,1576.442,64.552,,18.624,1.344,21.977,322.439,24317.849,454.816,3907.795,24574.099,3948.971,16.875,-3.2,6.444,-235.702,7130.866,412.103,1145.905,35.448,5387.2,865.704,-0.345,13.751,-52.732,15216.125,2445.177,,,16.926,2.156,6.619,154.546,7323.716,413.361,1176.895,7.76,0.87,39.095,373.205,43258.44,189.514,6951.484,41846.394,6724.567,10.58,33.889,2.465,0.478,12.733,529.327,0.433,1.388,85.061,2442.146,6222912399.0,110650.914,452.343,18.522,-2.559,7.133,-207.278,7892.41,1268.282,0.009,24.239,0.003,0.753,3.862,0.217,0.621,0.251,21.39,0.096,18.669,105.948,6.134,17.025
OWID_WRL,World,2002,1.213,338.771,2.336,574.121,-1.206,-504.828,2.212,2447.583,1.009,25.184,24.25,0.134,29.684,152.091,24.134,470.215,38.493,3.924,25.599,1093.186,28951.697,960.916,4594.007,28273.881,4486.449,15731.92,158.71,6055.75,10249.42,3034.61,2603.17,2600.35,1159.06,66.52,225.23,2882.15,1.69,52.06,15731.92,7397.38,,17946.268,2.293,86.317,2188.568,97623.445,15490.714,1626.36,65.15,,19.29,2.949,22.135,717.033,25034.881,481.527,3972.494,25148.22,3990.475,16.547,1.199,6.381,85.495,7216.362,413.066,1145.079,34.85,5482.5,869.953,1.702,13.683,259.018,15475.143,2455.568,,,16.529,0.942,6.537,69.016,7392.732,412.619,1173.065,7.368,0.875,38.583,378.348,43636.788,183.918,6924.213,41341.566,6560.006,10.555,35.739,6.86,0.5,36.313,565.639,0.423,1.432,89.755,2496.313,6302062100.0,113098.497,457.334,18.32,2.407,7.146,190.002,8082.411,1282.503,0.011,25.115,0.004,0.97,4.832,0.268,0.767,0.331,35.433,0.127,37.54,143.488,8.261,22.768
OWID_WRL,World,2003,7.337,2074.532,3.577,899.511,4.44,1835.568,3.558,4023.894,1.043,26.619,12.956,0.147,19.705,171.796,26.921,479.425,39.66,8.76,26.884,2536.048,31487.743,1012.554,4934.244,30348.414,4755.703,16292.57,169.87,6461.59,10805.79,3163.44,2606.15,2576.19,1180.76,69.06,238.93,2910.59,2.07,63.44,16292.57,7811.07,,18353.492,4.303,86.938,4201.058,101824.503,15956.259,1693.305,66.323,,19.416,2.776,21.968,695.008,25729.889,495.722,4031.968,26047.731,4081.771,15.996,-0.801,6.112,-57.818,7158.543,408.393,1121.769,33.677,5486.78,859.798,-1.145,13.062,-177.161,15297.982,2397.248,,,15.812,-2.653,6.144,-196.145,7196.586,403.698,1127.73,7.247,2.223,38.086,970.003,44606.79,185.029,6990.047,43177.134,6766.009,10.822,37.441,4.928,0.507,27.876,593.515,0.424,1.466,93.006,2553.103,6381477241.0,117122.391,456.1,17.865,0.235,6.917,18.984,8101.396,1269.517,0.013,27.23,0.005,1.316,6.147,0.324,0.963,0.389,19.448,0.146,27.906,171.393,9.941,26.858
OWID_WRL,World,2004,8.663,2629.219,3.372,878.3,5.007,2161.828,4.912,5752.823,1.093,28.898,18.004,0.165,30.93,202.726,31.375,475.009,39.15,6.941,27.404,2185.516,33673.256,1034.84,5211.409,32977.633,5103.747,17079.38,186.72,6686.57,11255.24,3400.97,2798.14,2681.18,1167.7,70.12,256.84,3142.96,2.71,85.27,17079.38,8112.86,,19016.649,4.774,86.825,4861.44,106685.943,16511.134,1741.905,65.9,,19.913,3.846,21.745,989.501,26719.389,526.347,4135.2,26926.031,4167.178,16.383,6.667,6.214,477.238,7635.781,433.051,1181.743,34.1,5824.14,901.367,5.827,13.175,891.388,16189.37,2505.53,,,15.698,3.878,6.084,279.102,7475.689,414.95,1156.967,6.837,3.781,37.675,1686.423,46293.212,180.718,7164.524,45338.962,7016.835,10.852,39.75,7.279,0.518,43.201,636.716,0.411,1.504,98.541,2643.272,6461454744.0,122875.215,486.417,18.402,7.558,7.091,612.286,8713.681,1348.563,0.016,30.908,0.007,1.9,8.047,0.419,1.245,0.499,34.434,0.188,59.017,230.41,13.197,35.659
OWID_WRL,World,2005,6.283,2071.983,2.431,654.467,0.858,388.798,3.226,3964.428,1.181,32.037,18.701,0.19,37.911,240.637,36.782,478.185,39.621,7.408,28.514,2494.431,36167.686,1074.7,5528.367,35049.616,5357.462,17745.47,209.59,7030.91,11768.76,3573.12,2902.91,2685.38,1164.73,71.15,280.74,3291.33,3.78,103.9,17745.47,8485.61,,19387.903,3.416,86.984,3644.629,110330.572,16864.432,1798.898,66.32,,20.135,2.748,21.644,734.313,27453.701,546.164,4196.402,27580.498,4215.78,16.359,2.738,6.185,209.069,7844.851,443.72,1199.114,33.68,5976.71,913.562,1.975,13.016,319.802,16509.172,2523.487,,,15.133,-0.372,5.872,-27.779,7447.91,410.47,1138.44,6.564,0.898,36.825,415.885,46709.097,178.033,7139.662,45727.759,6989.655,10.876,42.912,7.521,0.54,47.887,684.603,0.401,1.582,104.644,2712.46,6542205194.0,126839.642,503.092,18.547,3.989,7.144,347.581,9061.262,1385.047,0.021,39.164,0.009,3.152,11.199,0.578,1.712,0.586,21.511,0.221,49.562,279.973,15.881,42.795
OWID_WRL,World,2006,5.106,1789.732,3.411,940.859,0.891,407.427,2.837,3597.956,1.214,33.822,23.874,0.229,57.449,298.086,45.002,480.215,40.244,5.259,29.186,1902.017,38069.701,1121.302,5747.399,36839.347,5561.647,18455.74,224.03,7427.3,12295.7,3791.98,3005.2,2719.87,1076.42,73.03,297.06,3440.17,5.11,132.8,18455.74,8862.72,,19692.204,2.834,86.982,3126.444,113457.016,17128.64,1856.286,66.623,,20.546,2.618,21.599,718.869,28172.57,572.476,4253.225,28521.356,4305.878,16.283,3.161,6.204,248.007,8092.858,453.696,1221.781,33.377,6160.04,929.983,2.856,13.018,471.514,16980.686,2563.579,,,14.737,0.609,5.745,45.371,7493.281,410.62,1131.263,5.832,1.082,36.197,505.559,47214.655,162.507,7128.016,46135.186,6965.043,11.025,44.847,6.054,0.557,41.445,726.048,0.396,1.61,109.612,2786.269,6623819298.0,130437.598,519.364,18.64,4.703,7.274,426.143,9487.405,1432.316,0.028,36.5,0.012,4.088,15.286,0.771,2.308,0.72,26.843,0.272,75.154,355.127,20.049,53.614
OWID_WRL,World,2007,4.39,1617.094,2.671,761.758,-0.216,-99.51,3.122,4072.321,1.27,36.636,31.298,0.291,93.296,391.382,58.361,488.198,40.943,5.665,29.906,2156.663,40226.362,1180.88,5998.343,38456.441,5734.417,19342.24,245.69,7919.28,13128.37,4114.69,3049.54,2665.34,1094.4,75.43,321.12,3548.53,6.94,170.93,19342.24,9442.85,,20057.393,3.465,87.271,3930.775,117387.791,17504.234,1957.632,67.874,,21.273,4.07,21.797,1146.615,29319.184,613.56,4371.922,29283.114,4366.54,15.766,1.071,6.081,86.635,8179.493,454.731,1219.682,32.126,6213.87,926.579,0.834,12.729,141.549,17122.235,2553.175,,,13.78,-2.65,5.423,-198.575,7294.706,397.441,1087.747,5.658,1.329,35.568,627.497,47842.152,163.191,7133.969,46035.676,6864.592,11.248,47.884,7.799,0.582,56.622,782.67,0.39,1.66,116.707,2884.21,6706251209.0,134509.919,529.138,18.346,3.585,7.306,340.124,9827.529,1465.428,0.036,34.818,0.015,5.322,20.609,1.035,3.073,0.884,27.666,0.337,98.249,453.376,25.488,67.605
OWID_WRL,World,2008,3.265,1255.554,3.659,1071.455,1.062,488.819,1.077,1449.185,1.334,38.593,34.824,0.388,136.296,527.678,77.721,482.145,40.311,1.359,29.989,546.836,40773.198,1165.889,6005.428,39711.996,5849.12,19636.39,262.02,7915.68,13182.88,4217.95,3230.7,2654.51,1049.25,74.81,336.83,3799.0,11.38,220.09,19636.39,9467.59,,20025.212,0.656,86.907,770.211,118158.002,17403.315,1941.687,67.135,,21.48,2.444,22.092,716.682,30035.865,621.256,4423.941,30354.569,4470.879,16.453,5.125,6.324,419.213,8598.705,475.845,1266.49,32.865,6453.51,950.528,3.965,13.093,678.975,17801.21,2621.914,,,13.518,-0.93,5.315,-67.832,7226.874,390.979,1064.435,5.343,-1.031,34.826,-493.307,47348.845,154.542,6973.946,46524.495,6852.523,11.019,49.611,6.346,0.612,49.67,832.34,0.381,1.715,122.594,2892.214,6789396343.0,135959.104,559.549,19.347,7.599,7.778,746.807,10574.336,1557.478,0.058,61.5,0.024,12.674,33.283,1.676,4.902,1.121,28.443,0.428,128.954,582.33,32.417,85.77
OWID_WRL,World,2009,-0.055,-21.997,-3.098,-940.485,-2.473,-1150.623,-1.529,-2078.817,1.463,41.61,13.714,0.448,72.368,600.046,87.304,478.391,39.942,-1.508,29.996,-614.97,40158.228,1135.884,5842.835,39689.999,5774.705,19546.07,285.99,7807.02,13036.77,4255.26,3232.81,2617.32,974.49,78.07,364.06,3891.98,19.21,275.9,19546.07,9350.67,,19478.942,-1.827,86.644,-2159.058,115998.944,16877.292,1896.788,66.698,,21.77,-2.056,21.974,-617.394,29418.472,619.12,4280.251,29414.084,4279.609,16.539,-0.767,6.373,-65.91,8532.796,470.358,1241.481,33.302,6509.3,947.072,0.451,13.356,80.24,17881.45,2601.666,,,13.391,-2.023,5.289,-146.202,7080.672,380.808,1030.204,4.986,-1.957,34.674,-926.695,46422.151,141.784,6754.207,45373.872,6601.682,11.359,52.969,6.792,0.664,56.529,888.869,0.399,1.863,129.326,2843.86,6873077779.0,133880.287,566.265,19.912,2.141,8.067,226.441,10800.778,1571.462,0.098,65.064,0.041,21.656,54.939,2.795,7.993,1.412,24.35,0.541,141.799,724.129,40.142,105.357
OWID_WRL,World,2010,5.566,2209.288,7.118,2093.606,1.977,896.889,4.857,6502.243,1.57,47.136,15.013,0.492,90.085,690.131,99.198,479.659,39.961,4.591,29.92,1843.574,42001.801,1199.769,6037.229,41899.287,6022.49,20887.64,327.93,8346.96,14005.49,4687.57,3409.23,2686.63,970.96,81.06,408.99,4195.52,31.08,346.22,20887.64,10018.95,1.563,20178.203,4.769,86.571,5532.125,121531.069,17468.545,2013.111,67.052,89807296279016.0,22.442,7.431,22.513,2186.209,31604.679,673.779,4542.774,31507.69,4528.83,16.322,4.987,6.381,425.507,8958.303,490.033,1287.642,32.948,6882.15,989.222,5.425,13.429,970.123,18851.573,2709.674,,,12.862,1.947,5.142,137.831,7218.503,386.169,1037.568,4.648,3.236,34.139,1502.342,47924.492,139.563,6888.542,46270.76,6650.833,11.651,58.787,11.769,0.708,104.612,993.481,0.388,1.958,142.8,3002.333,6957137448.0,140382.53,603.053,20.086,7.706,8.287,832.293,11633.071,1672.106,0.149,59.805,0.063,32.856,87.795,4.467,12.619,1.658,24.751,0.643,179.232,903.36,49.765,129.847
OWID_WRL,World,2011,7.298,3057.952,3.402,1071.918,0.78,360.819,2.427,3407.182,1.609,49.46,5.04,0.504,34.783,724.914,102.949,486.084,40.702,4.806,30.615,2018.762,44020.561,1250.824,6251.585,44957.24,6384.602,21639.57,348.27,8807.69,14655.33,4773.18,3476.16,2576.2,1074.46,81.78,430.05,4408.04,61.93,439.9,21639.57,10518.65,,20420.296,2.66,86.768,3232.969,124764.038,17718.365,2081.277,67.725,,22.058,2.38,22.503,752.311,32356.99,677.863,4595.182,32579.607,4626.793,16.064,1.28,6.31,114.653,9072.956,493.667,1288.496,32.275,6984.24,991.867,0.924,13.232,174.215,19025.788,2701.947,,,11.905,-4.768,4.781,-344.183,6874.32,365.859,976.257,4.965,0.964,33.651,461.896,48386.388,152.589,6871.598,46631.579,6622.384,11.614,61.074,5.029,0.726,49.964,1043.445,0.378,1.987,148.185,3073.144,7041509608.0,143789.712,626.008,20.37,4.456,8.451,518.398,12151.469,1725.691,0.286,92.392,0.117,81.115,168.91,8.795,23.988,2.033,26.333,0.794,237.882,1141.243,62.472,162.074
OWID_WRL,World,2012,1.151,517.363,2.114,688.682,2.794,1303.096,1.346,1935.3,1.708,52.93,3.536,0.515,25.633,750.547,105.323,484.217,39.961,0.381,30.323,167.897,44188.458,1238.715,6200.898,45474.603,6381.375,22089.64,377.19,8827.26,14961.24,5011.8,3641.36,2403.18,1122.18,82.34,459.53,4725.22,95.43,528.9,22089.64,10696.17,,20449.348,1.358,86.779,1694.783,126458.822,17745.756,2099.486,67.73,,22.688,2.62,22.786,847.86,33204.849,703.298,4659.585,33268.289,4668.484,16.484,3.616,6.451,328.081,9401.037,510.986,1319.232,32.27,7128.4,1000.316,1.264,13.221,240.518,19266.306,2703.609,,,10.879,-7.422,4.367,-510.185,6364.134,337.234,893.068,5.08,1.403,33.67,679.026,49065.413,157.474,6885.273,47934.675,6726.593,11.555,64.485,7.668,0.771,80.008,1123.453,0.373,2.08,157.652,3099.802,7126144588.0,145725.011,663.082,21.391,6.178,8.854,750.703,12902.172,1810.54,0.432,54.256,0.179,91.644,260.554,13.392,36.563,2.394,19.745,0.938,225.338,1366.581,74.22,191.77
OWID_WRL,World,2013,1.803,819.777,1.179,392.246,0.197,94.653,1.85,2696.637,1.808,56.99,7.184,0.542,53.916,804.463,111.562,484.204,40.838,1.82,30.314,804.085,44992.542,1287.497,6239.523,46294.38,6420.056,22733.5,410.95,9284.01,15278.14,4912.86,3768.39,2419.42,1081.27,85.09,496.04,5035.94,131.45,640.06,22733.5,11007.66,,20582.957,1.483,86.466,1874.824,128333.646,17797.174,2118.756,67.205,,21.611,1.631,22.737,541.515,33746.364,681.31,4679.914,33660.535,4668.007,16.576,3.377,6.548,317.466,9718.503,522.596,1347.752,32.795,7455.36,1033.901,4.266,13.534,821.815,20088.121,2785.799,,,10.643,0.192,4.296,12.236,6376.37,335.523,884.268,4.756,1.079,33.415,529.224,49594.637,149.949,6877.737,48029.328,6660.656,11.8,68.79,7.353,0.813,82.605,1206.059,0.374,2.182,167.255,3152.658,7210900194.0,148421.648,698.379,22.152,6.275,9.238,809.578,13711.75,1901.531,0.578,36.521,0.24,95.157,355.711,18.229,49.33,2.815,19.057,1.096,260.433,1627.014,88.763,225.633
OWID_WRL,World,2014,-0.351,-162.633,2.134,718.401,2.358,1132.483,0.98,1455.014,1.915,61.163,6.581,0.572,52.939,857.402,117.523,480.069,40.576,0.325,30.117,146.067,45138.609,1295.755,6187.097,46131.747,6323.22,23297.94,446.22,9453.32,15521.01,5047.91,3860.08,2468.28,1019.78,89.65,535.87,5308.65,195.9,716.8,23297.94,11184.63,,20543.403,0.552,86.099,709.013,129042.659,17687.713,2127.445,66.62,,21.667,0.753,22.686,254.237,34000.601,691.911,4660.423,34378.935,4712.277,16.568,1.976,6.612,191.995,9910.498,529.096,1358.419,33.38,7776.93,1065.974,3.714,13.901,746.002,20834.123,2855.707,,,10.594,1.431,4.315,91.225,6467.596,338.324,886.505,4.377,0.622,33.296,308.709,49903.346,139.78,6840.193,49161.811,6738.547,12.288,73.451,7.717,0.867,93.072,1299.131,0.385,2.3,178.07,3193.419,7295610331.0,149876.662,727.65,22.786,4.775,9.586,654.777,14366.527,1969.202,0.841,41.486,0.336,147.57,503.282,26.852,68.984,3.077,10.399,1.198,169.2,1796.214,98.251,246.205
OWID_WRL,World,2015,-2.545,-1173.99,2.146,737.637,3.098,1522.85,0.9,1349.579,2.027,64.735,4.066,0.59,34.863,892.266,120.901,471.182,38.765,-2.378,29.139,-1073.255,44065.355,1237.753,5970.825,44957.756,6091.74,23564.37,477.75,9134.76,15541.6,5379.57,3869.91,2501.5,1027.27,90.3,568.05,5521.27,254.23,829.08,23564.37,11103.11,,20491.034,0.63,85.868,812.919,129855.578,17595.326,2105.874,65.954,,22.829,2.298,23.0,781.421,34782.021,728.927,4712.94,35116.573,4758.267,16.423,-0.831,6.499,-82.334,9828.164,524.37,1331.708,34.046,8022.77,1087.079,2.576,14.132,536.662,21370.785,2895.724,,,10.616,0.743,4.309,48.045,6515.641,338.951,882.864,4.359,2.214,33.73,1104.753,51008.098,139.194,6911.562,50684.661,6867.731,12.236,76.97,6.446,0.914,83.742,1382.873,0.383,2.411,187.378,3192.953,7380117764.0,151226.241,748.128,23.431,3.401,9.823,488.617,14855.144,2012.86,1.079,28.858,0.429,145.238,648.52,34.448,87.874,3.518,17.097,1.391,307.107,2103.321,112.34,284.998
OWID_WRL,World,2016,-5.264,-2366.47,1.151,404.128,0.39,197.53,1.346,2035.333,2.025,65.647,4.259,0.607,38.001,930.266,124.628,464.774,37.965,-1.279,28.384,-563.701,43501.655,1230.707,5827.932,42591.286,5705.965,24196.76,490.01,9186.42,15794.53,5625.7,3999.9,2533.12,982.41,91.31,581.32,5869.11,328.48,959.41,24196.76,11246.03,1.431,20532.49,0.878,85.472,1140.657,130996.235,17549.597,2115.997,65.275,107134280603000.0,23.25,2.313,23.219,804.35,35586.371,753.676,4767.518,35520.701,4758.717,16.531,2.828,6.594,277.971,10106.135,535.868,1353.921,34.725,8402.23,1125.649,4.186,14.528,894.677,22265.461,2982.909,,,10.469,0.887,4.289,57.795,6573.436,339.363,880.645,4.06,1.764,33.869,900.008,51908.105,131.614,6954.147,50882.192,6816.699,12.233,77.88,1.961,0.92,27.125,1409.998,0.377,2.402,188.898,3241.646,7464344332.0,153261.574,786.286,24.256,5.634,10.239,836.881,15692.025,2102.264,1.358,27.339,0.539,177.301,825.821,44.007,110.635,3.965,15.047,1.579,316.484,2419.805,128.532,324.182
OWID_WRL,World,2017,2.525,1075.229,3.495,1241.442,0.246,125.29,1.827,2800.816,2.075,68.393,2.556,0.611,23.773,954.039,126.393,461.517,38.092,0.505,28.015,219.727,43721.381,1255.437,5792.31,43666.515,5785.037,24877.0,516.24,9476.27,16090.55,5729.38,4049.15,2548.19,884.9,92.64,608.88,6238.26,443.29,1136.94,24877.0,11481.17,1.413,20675.493,1.452,85.157,1901.95,132898.185,17606.647,2131.712,64.68,110430656680927.02,23.031,2.67,23.412,950.224,36536.594,759.041,4840.453,36762.143,4870.33,16.277,0.6,6.515,60.669,10166.804,536.44,1346.921,35.32,8786.45,1164.048,4.037,14.843,898.868,23164.33,3068.862,,,10.243,0.299,4.225,19.656,6593.092,337.59,873.467,3.557,1.41,33.73,731.999,52640.104,117.234,6973.884,51007.482,6757.585,12.273,80.666,5.282,0.951,74.481,1484.479,0.372,2.448,196.667,3295.76,7548182454.0,156062.39,826.459,25.076,5.603,10.618,879.213,16571.238,2195.394,1.782,35.034,0.715,289.315,1115.136,58.728,147.736,4.57,17.81,1.827,430.975,2850.78,150.624,377.678
OWID_WRL,World,2018,5.073,2215.257,4.805,1766.422,2.242,1143.672,2.546,3973.683,2.124,71.969,7.791,0.643,74.329,1028.368,134.76,458.508,38.051,1.184,27.643,517.595,44238.975,1289.156,5797.206,45881.772,6012.479,25854.12,549.2,9837.67,16573.16,5859.29,4170.02,2620.13,876.2,105.38,654.58,6660.83,567.8,1268.43,25854.12,11854.33,1.408,20971.585,2.157,84.834,2866.577,135764.762,17791.003,2171.794,64.103,113630168331868.98,22.663,5.043,23.981,1842.369,38378.962,767.818,5029.293,38528.565,5048.893,16.129,2.104,6.486,213.861,10380.664,546.451,1360.312,35.897,9280.96,1216.204,4.779,15.166,1107.109,24271.439,3180.599,,,10.134,1.652,4.188,108.933,6702.025,343.349,878.253,3.389,0.962,33.209,506.613,53146.717,114.82,6964.503,52151.154,6834.036,13.809,85.778,5.841,0.982,86.715,1571.194,0.408,2.532,205.894,3387.998,7631091093.0,160036.073,872.854,25.763,6.024,10.978,998.177,17569.414,2302.346,2.196,28.589,0.896,318.808,1433.944,74.406,187.908,4.906,10.68,1.972,304.464,3155.244,166.219,413.472
OWID_WRL,World,2019,1.625,745.65,3.202,1233.554,-0.138,-72.155,0.934,1494.681,2.205,75.163,6.887,0.68,70.821,1099.189,142.503,447.992,36.581,-1.018,27.109,-450.325,43788.651,1246.85,5676.913,46627.422,6044.936,26290.97,579.77,9617.54,16544.52,6083.4,4219.16,2723.79,843.58,109.15,688.92,7022.66,694.5,1420.08,26290.97,11778.15,,20941.391,0.27,84.275,366.046,136130.809,17648.456,2144.887,62.929,,23.139,1.721,24.168,660.441,39039.402,788.672,5061.204,39762.119,5154.895,16.048,0.853,6.481,88.498,10469.163,546.986,1357.257,37.071,9746.45,1263.563,4.65,15.725,1128.636,25400.075,3292.951,,,10.36,3.327,4.287,222.973,6924.998,353.121,897.78,3.209,0.293,32.998,155.93,53302.646,109.365,6910.34,52078.999,6751.697,14.151,89.314,4.511,1.017,70.872,1642.065,0.415,2.62,212.883,3408.45,7713468349.0,161530.754,910.441,26.711,5.155,11.437,905.663,18475.077,2395.171,2.642,22.247,1.085,319.017,1752.961,90.037,227.26,5.401,11.297,2.174,356.455,3511.699,184.104,455.268
OWID_WRL,World,2020,-4.916,-2292.241,-3.082,-1225.49,-6.987,-3638.516,-4.278,-6910.324,2.336,78.248,-4.954,0.676,-54.459,1044.73,134.029,436.529,35.296,-3.942,27.204,-1726.244,42062.408,1182.15,5396.219,44335.18,5687.79,26106.84,609.93,9214.62,16024.75,6016.79,4311.81,2635.81,793.34,102.97,712.9,7446.28,834.63,1586.94,26106.84,11396.38,,19836.36,-5.569,83.139,-7581.253,128549.555,16491.709,2055.826,61.381,,23.047,-2.079,24.724,-811.63,38227.773,771.898,4904.271,38536.628,4943.89,16.516,1.257,6.856,131.573,10600.736,553.165,1359.976,38.619,10082.09,1293.438,2.641,16.861,670.924,26070.999,3344.666,,,10.096,-3.805,4.308,-263.515,6661.483,338.15,854.606,3.039,-9.462,31.211,-5043.379,48259.271,101.778,6191.219,48440.483,6214.462,13.21,91.458,5.182,1.117,85.089,1727.155,0.394,2.731,221.578,3349.264,7794798745.0,154620.43,955.288,28.522,5.058,12.553,934.439,19409.516,2490.06,3.197,20.435,1.365,358.216,2111.177,107.075,270.844,6.079,11.79,2.539,414.019,3925.718,203.59,503.633
OWID_WRL,World,2021,,,,,,,,,2.346,81.99,,,,,,442.369,36.49,,,,,1275.206,,,,27520.53,645.67,10042.2,16992.07,6098.08,4206.14,2735.52,851.79,104.32,749.99,7792.93,1023.1,1813.7,27520.53,12174.22,,,,,,,,2157.733,61.743,,22.158,,,,,774.363,,,,15.284,,,,,534.115,,38.257,10528.45,1336.952,,,,,,,,9.94,,,,,347.369,,3.095,,,,,108.164,,,,13.247,95.237,,,,,0.379,2.725,,3494.686,7874965667.0,,989.583,28.317,,,,,,3.718,,,,,129.918,,6.59,,,,,230.312,
