iso_code,country,year,coal_prod_change_pct,coal_prod_change_twh,gas_prod_change_pct,gas_prod_change_twh,oil_prod_change_pct,oil_prod_change_twh,energy_cons_change_pct,energy_cons_change_twh,biofuel_share_elec,biofuel_elec_per_capita,biofuel_cons_change_pct,biofuel_share_energy,biofuel_cons_change_twh,biofuel_consumption,biofuel_cons_per_capita,carbon_intensity_elec,coal_share_elec,coal_cons_change_pct,coal_share_energy,coal_cons_change_twh,coal_consumption,coal_elec_per_capita,coal_cons_per_capita,coal_production,coal_prod_per_capita,electricity_demand,biofuel_electricity,coal_electricity,fossil_electricity,gas_electricity,hydro_electricity,nuclear_electricity,oil_electricity,other_renewable_exc_biofuel_electricity,other_renewable_electricity,renewables_electricity,solar_electricity,wind_electricity,electricity_generation,greenhouse_gas_emissions,energy_per_gdp,energy_per_capita,fossil_cons_change_pct,fossil_share_energy,fossil_cons_change_twh,fossil_fuel_consumption,fossil_energy_per_capita,fossil_cons_per_capita,fossil_share_elec,gdp,gas_share_elec,gas_cons_change_pct,gas_share_energy,gas_cons_change_twh,gas_consumption,gas_elec_per_capita,gas_energy_per_capita,gas_production,gas_prod_per_capita,hydro_share_elec,hydro_cons_change_pct,hydro_share_energy,hydro_cons_change_twh,hydro_consumption,hydro_elec_per_capita,hydro_energy_per_capita,low_carbon_share_elec,low_carbon_electricity,low_carbon_elec_per_capita,low_carbon_cons_change_pct,low_carbon_share_energy,low_carbon_cons_change_twh,low_carbon_consumption,low_carbon_energy_per_capita,net_elec_imports_share_demand,net_elec_imports,nuclear_share_elec,nuclear_cons_change_pct,nuclear_share_energy,nuclear_cons_change_twh,nuclear_consumption,nuclear_elec_per_capita,nuclear_energy_per_capita,oil_share_elec,oil_cons_change_pct,oil_share_energy,oil_cons_change_twh,oil_consumption,oil_elec_per_capita,oil_energy_per_capita,oil_production,oil_prod_per_capita,other_renewables_elec_per_capita_exc_biofuel,other_renewables_elec_per_capita,other_renewables_cons_change_pct,other_renewables_share_energy,other_renewables_cons_change_twh,other_renewable_consumption,other_renewables_share_elec_exc_biofuel,other_renewables_share_elec,other_renewables_energy_per_capita,per_capita_electricity,population,primary_energy_consumption,renewables_elec_per_capita,renewables_share_elec,renewables_cons_change_pct,renewables_share_energy,renewables_cons_change_twh,renewables_consumption,renewables_energy_per_capita,solar_share_elec,solar_cons_change_pct,solar_share_energy,solar_cons_change_twh,solar_consumption,solar_elec_per_capita,solar_energy_per_capita,wind_share_elec,wind_cons_change_pct,wind_share_energy,wind_cons_change_twh,wind_consumption,wind_elec_per_capita,wind_energy_per_capita
YEM,Yemen,1970,,,,,,,,,,,,,,,,,,,,,,,,,,,,,,,,,,,,,,,,,,,,,,,,,,13919646679.0,,,,,,,,0.0,0.0,,,,,,,,,,,,,,,,,,,,,,,,,,,,,,,,,,,,,,,,,,,,6193379.0,,,,,,,,,,,,,,,,,,,,,,
YEM,Yemen,1971,,,,0.0,,,,,,,,,,,,,,,,,,,,,,,,,,,,,,,,,,,,,,,,,,,,,,16344617282.0,,,,,,,,0.0,0.0,,,,,,,,,,,,,,,,,,,,,,,,,,,,,,,,,,,,,,,,,,,,6290367.0,,,,,,,,,,,,,,,,,,,,,,
YEM,Yemen,1972,,,,0.0,,,,,,,,,,,,,,,,,,,,,,,,,,,,,,,,,,,,,,,,,,,,,,17651059725.0,,,,,,,,0.0,0.0,,,,,,,,,,,,,,,,,,,,,,,,,,,,,,,,,,,,,,,,,,,,6390573.0,,,,,,,,,,,,,,,,,,,,,,
YEM,Yemen,1973,,,,0.0,,,,,,,,,,,,,,,,,,,,,,,,,,,,,,,,,,,,,,,,,,,,,,19812815614.0,,,,,,,,0.0,0.0,,,,,,,,,,,,,,,,,,,,,,,,,,,,,,,,,,,,,,,,,,,,6500809.0,,,,,,,,,,,,,,,,,,,,,,
YEM,Yemen,1974,,,,0.0,,,,,,,,,,,,,,,,,,,,,,,,,,,,,,,,,,,,,,,,,,,,,,20961816357.0,,,,,,,,0.0,0.0,,,,,,,,,,,,,,,,,,,,,,,,,,,,,,,,,,,,,,,,,,,,6630003.0,,,,,,,,,,,,,,,,,,,,,,
YEM,Yemen,1975,,,,0.0,,,,,,,,,,,,,,,,,,,,,,,,,,,,,,,,,,,,,,,,,,,,,,22565709468.0,,,,,,,,0.0,0.0,,,,,,,,,,,,,,,,,,,,,,,,,,,,,,,,,,,,,,,,,,,,6784699.0,,,,,,,,,,,,,,,,,,,,,,
YEM,Yemen,1976,,,,0.0,,,,,,,,,,,,,,,,,,,,,,,,,,,,,,,,,,,,,,,,,,,,,,26088473553.0,,,,,,,,0.0,0.0,,,,,,,,,,,,,,,,,,,,,,,,,,,,,,,,,,,,,,,,,,,,6967944.0,,,,,,,,,,,,,,,,,,,,,,
YEM,Yemen,1977,,,,0.0,,,,,,,,,,,,,,,,,,,,,,,,,,,,,,,,,,,,,,,,,,,,,,28960149540.0,,,,,,,,0.0,0.0,,,,,,,,,,,,,,,,,,,,,,,,,,,,,,,,,,,,,,,,,,,,7178672.0,,,,,,,,,,,,,,,,,,,,,,
YEM,Yemen,1978,,,,0.0,,,,,,,,,,,,,,,,,,,,,,,,,,,,,,,,,,,,,,,,,,,,,,31418806896.0,,,,,,,,0.0,0.0,,,,,,,,,,,,,,,,,,,,,,,,,,,,,,,,,,,,,,,,,,,,7414167.0,,,,,,,,,,,,,,,,,,,,,,
YEM,Yemen,1979,,,,0.0,,,,,,,,,,,,,,,,,,,,,,,,,,,,,,,,,,,,,,,,,,,,,,33161661273.0,,,,,,,,0.0,0.0,,,,,,,,,,,,,,,,,,,,,,,,,,,,,,,,,,,,,,,,,,,,7669699.0,,,,,,,,,,,,,,,,,,,,,,
YEM,Yemen,1980,,,,0.0,,,,,,,,,,,,,,,,,,,,0.0,0.0,,,,,,,,,,,,,,,,0.84,3523.843,,,,,,,,33333789250.0,,,,,,,,0.0,0.0,,,,,,,,,,,,,,,,,,,,,,,,,,,,,,,,0.0,0.0,,,,,,,,,,,7941903.0,27.986,,,,,,,,,,,,,,,,,,,,,
YEM,Yemen,1981,,0.0,,0.0,,0.0,1.943,0.544,,,,,,,,,,,,,,,,0.0,0.0,,,,,,,,,,,,,,,,0.807,3465.755,,,,,,,,35372649846.0,,,,,,,,0.0,0.0,,,,,,,,,,,,,,,,,,,,,,,,,,,,,,,,0.0,0.0,,,,,,,,,,,8231905.0,28.53,,,,,,,,,,,,,,,,,,,,,
YEM,Yemen,1982,,0.0,,0.0,,0.0,17.391,4.962,,,,,,,,,,,,,,,,0.0,0.0,,,,,,,,,,,,,,,,0.931,3920.981,,,,,,,,35964969432.0,,,,,,,,0.0,0.0,,,,,,,,,,,,,,,,,,,,,,,,,,,,,,,,0.0,0.0,,,,,,,,,,,8541605.0,33.491,,,,,,,,,,,,,,,,,,,,,
YEM,Yemen,1983,,0.0,,0.0,,0.0,-7.407,-2.481,,,,,,,,,,,,,,,,0.0,0.0,,,,,,,,,,,,,,,,0.816,3496.375,,,,,,,,38026059366.0,,,,,,,,0.0,0.0,,,,,,,,,,,,,,,,,,,,,,,,,,,,,,,,0.0,0.0,,,,,,,,,,,8869363.0,31.011,,,,,,,,,,,,,,,,,,,,,
YEM,Yemen,1984,,0.0,,0.0,,0.0,24.34,7.548,,,,,,,,,,,,,,,,0.0,0.0,,,,,,,,,,,,,,,,0.976,4185.194,,,,,,,,39495219192.0,,,,,,,,0.0,0.0,,,,,,,,,,,,,,,,,,,,,,,,,,,,,,,,0.0,0.0,,,,,,,,,,,9213078.0,38.559,,,,,,,,,,,,,,,,,,,,,
YEM,Yemen,1985,,0.0,,0.0,,0.0,10.986,4.236,,,,,,,,,,,,,,,,0.0,0.0,,,,,,,,,,,,,,,,1.092,4470.737,,,,,,,,39176912376.0,,,,,,,,0.0,0.0,,,,,,,,,,,,,,,,,,,,,,,,,,,,,,,,0.0,0.0,,,,,,,,,,,9572170.0,42.795,,,,,,,,,,,,,,,,,,,,,
YEM,Yemen,1986,,0.0,,0.0,,5.563,-3.768,-1.613,,,,,,,,,,,,,,,,0.0,0.0,,,,,,,,,,,,,,,,1.028,4142.609,,,,,,,,40043532720.0,,,,,,,,0.0,0.0,,,,,,,,,,,,,,,,,,,,,,,,,,,,,,,,5.563,559.646,,,,,,,,,,,9941102.0,41.182,,,,,,,,,,,,,,,,,,,,,
YEM,Yemen,1987,,0.0,,0.0,160.0,8.902,-0.834,-0.343,,,,,,,,,,,,,,,,0.0,0.0,,,,,,,,,,,,,,,,0.981,3956.447,,,,,,,,41646190080.0,,,,,,,,0.0,0.0,,,,,,,,,,,,,,,,,,,,,,,,,,,,,,,,14.465,1401.379,,,,,,,,,,,10322044.0,40.839,,,,,,,,,,,,,,,,,,,,,
YEM,Yemen,1988,,0.0,,0.0,555.638,80.374,3.143,1.283,,,,,,,,,,,,,,,,0.0,0.0,,,,,,,,,,,,,,,,0.97,3925.317,,,,,,,,43431735543.0,,,,,,,,0.0,0.0,,,,,,,,,,,,,,,,,,,,,,,,,,,,,,,,94.839,8837.929,,,,,,,,,,,10730864.0,42.122,,,,,,,,,,,,,,,,,,,,,
YEM,Yemen,1989,,0.0,,0.0,4.42,4.192,6.81,2.869,,,,,,,,,,,,,,,,0.0,0.0,,,,,,,,,,,,,,,,1.001,4020.899,,,,,,,,44960956392.0,,,,,,,,0.0,0.0,,,,,,,,,,,,,,,,,,,,,,,,,,,,,,,,99.03,8850.536,,,,,,,,,,,11189185.0,44.991,,,,,,,,,,,,,,,,,,,,,
YEM,Yemen,1990,,0.0,,0.0,2.247,2.225,4.6,2.069,,,,,,,,,,,,,,,,0.0,0.0,,,,,,,,,,,,,,,,1.046,4018.787,,,,,,,,44971041760.0,,,,,,,,0.0,0.0,,,,,,,,,,,,,,,,,,,,,,,,,,,,,,,,101.256,8646.951,,,,,,,,,,,11709987.0,47.06,,,,,,,,,,,,,,,,,,,,,
YEM,Yemen,1991,,0.0,,0.0,8.242,8.345,3.487,1.641,,,,,,,,,,,,,,,,0.0,0.0,,,,,,,,,,,,,,,,1.02,3958.745,,,,,,,,47765820943.0,,,,,,,,0.0,0.0,,,,,,,,,,,,,,,,,,,,,,,,,,,,,,,,109.601,8909.105,,,,,,,,,,,12302127.0,48.701,,,,,,,,,,,,,,,,,,,,,
YEM,Yemen,1992,,0.0,,0.0,-7.402,-8.113,4.82,2.347,,,,,,,,,,,,,,,,0.0,0.0,,,,,,,,,,,,,,,,0.989,3940.683,,,,,,,,51640716836.0,,,,,,,,0.0,0.0,,,,,,,,,,,,,,,,,,,,,,,,,,,,,,,,101.488,7834.4,,,,,,,,,,,12954157.0,51.048,,,,,,,,,,,,,,,,,,,,,
YEM,Yemen,1993,,0.0,,0.0,13.394,13.593,-17.604,-8.986,,,,,,,,,,,,,,,,0.0,0.0,,,,,,,,,,,,,,,,0.784,3085.05,,,,,,,,53666274875.0,,,,,,,,0.0,0.0,,,,,,,,,,,,,,,,,,,,,,,,,,,,,,,,115.081,8440.674,,,,,,,,,,,13634082.0,42.062,,,,,,,,,,,,,,,,,,,,,
YEM,Yemen,1994,,0.0,,0.0,65.649,75.549,-5.297,-2.228,,,,,,,,,,,,,,,,0.0,0.0,,,,,,,,,,,,,,,,0.696,2786.032,,,,,,,,57229026159.0,,,,,,,,0.0,0.0,,,,,,,,,,,,,,,,,,,,,,,,,,,,,,,,190.63,13332.993,,,,,,,,,,,14297617.0,39.834,,,,,,,,,,,,,,,,,,,,,
YEM,Yemen,1995,,0.0,,0.0,1.63,3.107,10.889,4.337,,,,,,,,,,,,,,,,0.0,0.0,,,,,,,,,,,,,,,,0.731,2961.849,,,,,,,,60456441612.0,,,,,,,,0.0,0.0,,,,,,,,,,,,,,,,,,,,,,,,,,,,,,,,193.737,12990.904,,,,,,,,,,,14913313.0,44.171,,,,,,,,,,,,,,,,,,,,,
YEM,Yemen,1996,,0.0,,0.0,1.553,3.009,0.595,0.263,,,,,,,,,,,,,,,,0.0,0.0,,,,,,,,,,,,,,,,0.703,2872.384,,,,,,,,63239236258.0,,,,,,,,0.0,0.0,,,,,,,,,,,,,,,,,,,,,,,,,,,,,,,,196.746,12718.53,,,,,,,,,,,15469274.0,44.434,,,,,,,,,,,,,,,,,,,,,
YEM,Yemen,1997,,0.0,,0.0,4.776,9.397,3.175,1.411,,,,,,,,,,,,,,,,0.0,0.0,,,,,,,,,,,,,,,,0.689,2869.653,,,,,,,,66530842628.0,,,,,,,,0.0,0.0,,,,,,,,,,,,,,,,,,,,,,,,,,,,,,,,206.144,12903.599,,,,,,,,,,,15975676.0,45.845,,,,,,,,,,,,,,,,,,,,,
YEM,Yemen,1998,,0.0,,0.0,1.556,3.208,8.275,3.794,,,,,,,,,,,,,,,,0.0,0.0,,,,,,,,,,,,,,,,0.704,3017.48,,,,,,,,70538957488.0,,,,,,,,0.0,0.0,,,,,,,,,,,,,,,,,,,,,,,,,,,,,,,,209.352,12726.328,,,,,,,,,,,16450307.0,49.638,,,,,,,,,,,,,,,,,,,,,
YEM,Yemen,1999,,0.0,,0.0,6.468,13.54,-24.918,-12.369,,,,,,,,,,,,,,,,0.0,0.0,,,,,,,,,,,,,,,,0.509,2202.553,,,,,,,,73205064279.0,,,,,,,,0.0,0.0,,,,,,,,,,,,,,,,,,,,,,,,,,,,,,,,222.892,13172.408,,,,,,,,,,,16921156.0,37.27,,,,,,,,,,,,,,,,,,,,,
YEM,Yemen,2000,,0.0,,0.0,9.251,20.621,61.357,22.868,0.0,0.0,,,,,,700.935,0.0,,,,,0.0,,0.0,0.0,3.21,0.0,0.0,3.21,0.0,0.0,0.0,3.21,0.0,0.0,0.0,0.0,0.0,3.21,2.25,0.773,3454.37,,,,,,184.387,100.0,77750417299.0,0.0,,,,,0.0,,0.0,0.0,0.0,,,,,0.0,,0.0,0.0,0.0,,,,,,0.0,0.0,0.0,,,,,0.0,,100.0,,,,,184.387,,243.513,13987.72,0.0,0.0,,,,,0.0,0.0,,184.387,17409070.0,60.137,0.0,0.0,,,,,,0.0,,,,,0.0,,0.0,,,,,0.0,
YEM,Yemen,2001,,0.0,,0.0,2.361,5.749,7.608,4.575,0.0,0.0,,,,,,698.83,0.0,,,,,0.0,,0.0,0.0,3.42,0.0,0.0,3.42,0.0,0.0,0.0,3.42,0.0,0.0,0.0,0.0,0.0,3.42,2.39,0.802,3611.525,,,,,,190.866,100.0,80726595185.0,0.0,,,,,0.0,,0.0,0.0,0.0,,,,,0.0,,0.0,0.0,0.0,,,,,,0.0,0.0,0.0,,,,,0.0,,100.0,,,,,190.866,,249.263,13911.005,0.0,0.0,,,,,0.0,0.0,,190.866,17918370.0,64.713,0.0,0.0,,,,,,0.0,,,,,0.0,,0.0,,,,,0.0,
YEM,Yemen,2002,,0.0,,0.0,0.548,1.365,0.876,0.567,0.0,0.0,,,,,,700.565,0.0,,,,,0.0,,0.0,0.0,3.54,0.0,0.0,3.54,0.0,0.0,0.0,3.54,0.0,0.0,0.0,0.0,0.0,3.54,2.48,0.778,3539.41,,,,,,191.936,100.0,83935450330.0,0.0,,,,,0.0,,0.0,0.0,0.0,,,,,0.0,,0.0,0.0,0.0,,,,,,0.0,0.0,0.0,,,,,0.0,,100.0,,,,,191.936,,250.627,13588.797,0.0,0.0,,,,,0.0,0.0,,191.936,18443684.0,65.28,0.0,0.0,,,,,,0.0,,,,,0.0,,0.0,,,,,0.0,
YEM,Yemen,2003,,0.0,,0.0,-1.481,-3.712,14.652,9.565,0.0,0.0,,,,,,701.299,0.0,,,,,0.0,,0.0,0.0,3.85,0.0,0.0,3.85,0.0,0.0,0.0,3.85,0.0,0.0,0.0,0.0,0.0,3.85,2.7,0.859,3942.289,,,,,,202.792,100.0,87091592173.0,0.0,,,,,0.0,,0.0,0.0,0.0,,,,,0.0,,0.0,0.0,0.0,,,,,,0.0,0.0,0.0,,,,,0.0,,100.0,,,,,202.792,,246.915,13005.806,0.0,0.0,,,,,0.0,0.0,,202.792,18985002.0,74.844,0.0,0.0,,,,,,0.0,,,,,0.0,,0.0,,,,,0.0,
YEM,Yemen,2004,,0.0,,0.0,-5.887,-14.536,5.583,4.179,0.0,0.0,,,,,,700.0,0.0,,,,,0.0,,0.0,0.0,4.1,0.0,0.0,4.1,0.0,0.0,0.0,4.1,0.0,0.0,0.0,0.0,0.0,4.1,2.87,0.873,4044.159,,,,,,209.825,100.0,90567987006.0,0.0,,,,,0.0,,0.0,0.0,0.0,,,,,0.0,,0.0,0.0,0.0,,,,,,0.0,0.0,0.0,,,,,0.0,,100.0,,,,,209.825,,232.379,11892.442,0.0,0.0,,,,,0.0,0.0,,209.825,19540096.0,79.023,0.0,0.0,,,,,,0.0,,,,,0.0,,0.0,,,,,0.0,
YEM,Yemen,2005,,0.0,,0.0,-0.977,-2.271,5.393,4.262,0.0,0.0,,,,,,700.893,0.0,,,,,0.0,,0.0,0.0,4.48,0.0,0.0,4.48,0.0,0.0,0.0,4.48,0.0,0.0,0.0,0.0,0.0,4.48,3.14,0.871,4142.011,,,,,,222.803,100.0,95631915856.0,0.0,,,,,0.0,,0.0,0.0,0.0,,,,,0.0,,0.0,0.0,0.0,,,,,,0.0,0.0,0.0,,,,,0.0,,100.0,,,,,222.803,,230.109,11443.97,0.0,0.0,,,,,0.0,0.0,,222.803,20107416.0,83.285,0.0,0.0,,,,,,0.0,,,,,0.0,,0.0,,,,,0.0,
YEM,Yemen,2006,,0.0,,0.0,-8.271,-19.031,-0.086,-0.071,0.0,0.0,,,,,,699.605,0.0,,,,,0.0,,0.0,0.0,5.06,0.0,0.0,5.06,0.0,0.0,0.0,5.06,0.0,0.0,0.0,0.0,0.0,5.06,3.54,0.844,4022.388,,,,,,244.59,100.0,98647678979.0,0.0,,,,,0.0,,0.0,0.0,0.0,,,,,0.0,,0.0,0.0,0.0,,,,,,0.0,0.0,0.0,,,,,0.0,,100.0,,,,,244.59,,211.077,10203.058,0.0,0.0,,,,,0.0,0.0,,244.59,20687648.0,83.214,0.0,0.0,,,,,,0.0,,,,,0.0,,0.0,,,,,0.0,
YEM,Yemen,2007,,0.0,,0.0,-12.146,-25.638,6.177,5.14,0.0,0.0,,,,,,700.176,0.0,,,,,0.0,,0.0,0.0,5.67,0.0,0.0,5.67,0.0,0.0,0.0,5.67,0.0,0.0,0.0,0.0,0.0,5.67,3.97,0.867,4151.472,,,,,,266.416,100.0,101910412081.0,0.0,,,,,0.0,,0.0,0.0,0.0,,,,,0.0,,0.0,0.0,0.0,,,,,,0.0,0.0,0.0,,,,,0.0,,100.0,,,,,266.416,,185.439,8713.2,0.0,0.0,,,,,0.0,0.0,,266.416,21282514.0,88.354,0.0,0.0,,,,,,0.0,,,,,0.0,,0.0,,,,,0.0,
YEM,Yemen,2008,,0.0,,0.0,-7.195,-13.342,5.006,4.423,0.0,0.0,,,,,,700.813,0.0,,,,,0.0,,0.0,0.0,6.15,0.0,0.0,6.15,0.0,0.0,0.0,6.15,0.0,0.0,0.0,0.0,0.0,6.15,4.31,0.879,4237.908,,,,,,280.923,100.0,105592482099.0,0.0,,,,,0.0,,0.0,0.0,0.0,,,,,0.0,,0.0,0.0,0.0,,,,,,0.0,0.0,0.0,,,,,0.0,,100.0,,,,,280.923,,172.096,7861.098,0.0,0.0,,,,,0.0,0.0,,280.923,21892148.0,92.777,0.0,0.0,,,,,,0.0,,,,,0.0,,0.0,,,,,0.0,
YEM,Yemen,2009,,0.0,,7.819,-2.837,-4.882,10.782,10.003,0.0,0.0,,,,,,700.315,0.0,,,,,0.0,,0.0,0.0,6.34,0.0,0.0,6.34,0.0,0.0,0.0,6.34,0.0,0.0,0.0,0.0,0.0,6.34,4.44,0.937,4564.657,,,,,,281.572,100.0,109666942885.0,0.0,,,,,0.0,,7.819,347.257,0.0,,,,,0.0,,0.0,0.0,0.0,,,,,,0.0,0.0,0.0,,,,,0.0,,100.0,,,,,281.572,,167.214,7426.304,0.0,0.0,,,,,0.0,0.0,,281.572,22516464.0,102.78,0.0,0.0,,,,,,0.0,,,,,0.0,,0.0,,,,,0.0,
YEM,Yemen,2010,,0.0,700.013,54.734,-0.605,-1.012,-2.961,-3.043,0.0,0.0,,,,,,626.886,0.0,,,,,0.0,,0.0,0.0,7.29,0.0,0.0,7.29,2.53,0.0,0.0,4.76,0.0,0.0,0.0,0.0,0.0,7.29,4.57,0.844,4307.385,,,,,,314.837,100.0,118148094900.0,34.705,,,,,109.264,,62.553,2701.507,0.0,,,,,0.0,,0.0,0.0,0.0,,,,,,0.0,0.0,0.0,,,,,0.0,,65.295,,,,,205.572,,166.202,7177.856,0.0,0.0,,,,,0.0,0.0,,314.837,23154854.0,99.737,0.0,0.0,,,,,,0.0,,,,,0.0,,0.0,,,,,0.0,
YEM,Yemen,2011,,0.0,50.641,31.677,-28.872,-47.987,-15.978,-15.936,0.0,0.0,,,,,,627.787,0.0,,,,,0.0,,0.0,0.0,5.83,0.0,0.0,5.83,2.02,0.0,0.0,3.81,0.0,0.0,0.0,0.0,0.0,5.83,3.66,0.812,3519.918,,,,,,244.88,100.0,103193929952.0,34.648,,,,,84.847,,94.23,3957.993,0.0,,,,,0.0,,0.0,0.0,0.0,,,,,,0.0,0.0,0.0,,,,,0.0,,65.352,,,,,160.033,,118.216,4965.46,0.0,0.0,,,,,0.0,0.0,,244.88,23807586.0,83.801,0.0,0.0,,,,,,0.0,,,,,0.0,,0.0,,,,,0.0,
YEM,Yemen,2012,,0.0,-19.167,-18.061,-19.912,-23.539,-13.35,-11.187,0.0,0.0,,,,,,628.012,0.0,,,,,0.0,,0.0,0.0,6.64,0.0,0.0,6.64,2.3,0.0,0.0,4.34,0.0,0.0,0.0,0.0,0.0,6.64,4.17,0.686,2967.07,,,,,,271.317,100.0,105793490722.0,34.639,,,,,93.98,,76.169,3112.346,0.0,,,,,0.0,,0.0,0.0,0.0,,,,,,0.0,0.0,0.0,,,,,0.0,,65.361,,,,,177.337,,94.677,3868.583,0.0,0.0,,,,,0.0,0.0,,271.317,24473176.0,72.614,0.0,0.0,,,,,,0.0,,,,,0.0,,0.0,,,,,0.0,
YEM,Yemen,2013,,0.0,35.921,27.361,10.977,10.393,41.128,29.864,0.0,0.0,,,,,,627.034,0.0,,,,,0.0,,0.0,0.0,7.99,0.0,0.0,7.99,2.77,0.0,0.0,5.22,0.0,0.0,0.0,0.0,0.0,7.99,5.01,0.923,4075.134,,,,,,317.73,100.0,111053164042.0,34.668,,,,,110.152,,103.53,4116.964,0.0,,,,,0.0,,0.0,0.0,0.0,,,,,,0.0,0.0,0.0,,,,,0.0,,65.332,,,,,207.579,,105.07,4178.194,0.0,0.0,,,,,0.0,0.0,,317.73,25147112.0,102.478,0.0,0.0,,,,,,0.0,,,,,0.0,,0.0,,,,,0.0,
YEM,Yemen,2014,,0.0,-5.711,-5.913,-23.587,-24.783,-5.341,-5.474,0.0,0.0,,,,,,626.389,0.0,,,,,0.0,,0.0,0.0,7.2,0.0,0.0,7.19,2.49,0.0,0.0,4.7,0.0,0.0,0.01,0.01,0.0,7.2,4.51,0.874,3756.431,,,,,,278.429,99.861,111000890535.0,34.583,,,,,96.424,,97.617,3780.154,0.0,,,,,0.0,,0.139,0.01,0.387,,,,,,0.0,0.0,0.0,,,,,0.0,,65.278,,,,,182.005,,80.286,3109.047,0.0,0.0,,,,,0.0,0.0,,278.816,25823488.0,97.004,0.387,0.139,,,,,,0.139,,,,,0.387,,0.0,,,,,0.0,
YEM,Yemen,2015,,0.0,-70.739,-69.053,-62.232,-49.964,-46.011,-44.633,0.0,0.0,,,,,,616.554,0.0,,,,,0.0,,0.0,0.0,5.92,0.0,0.0,5.81,2.01,0.0,0.0,3.8,0.0,0.0,0.11,0.11,0.0,5.92,3.65,0.655,1976.439,,,,,,219.263,98.142,79904039492.0,33.953,,,,,75.855,,28.564,1077.954,0.0,,,,,0.0,,1.858,0.11,4.151,,,,,,0.0,0.0,0.0,,,,,0.0,,64.189,,,,,143.408,,30.322,1144.334,0.0,0.0,,,,,0.0,0.0,,223.414,26497880.0,52.371,4.151,1.858,,,,,,1.858,,,,,4.151,,0.0,,,,,0.0,
YEM,Yemen,2016,,0.0,-82.456,-23.552,-38.231,-11.593,-19.966,-10.457,0.0,0.0,,,,,,609.756,0.0,,,,,0.0,,0.0,0.0,4.51,0.0,0.0,4.36,1.51,0.0,0.0,2.85,0.0,0.0,0.15,0.15,0.0,4.51,2.75,0.581,1542.792,,,,,,160.482,96.674,72188817349.0,33.481,,,,,55.58,,5.011,184.453,0.0,,,,,0.0,,3.326,0.15,5.521,,,,,,0.0,0.0,0.0,,,,,0.0,,63.193,,,,,104.902,,18.73,689.401,0.0,0.0,,,,,0.0,0.0,,166.003,27168210.0,41.915,5.521,3.326,,,,,,3.326,,,,,5.521,,0.0,,,,,0.0,
YEM,Yemen,2017,,,-40.001,-2.005,83.477,15.635,-7.716,-3.234,0.0,0.0,,,,,,601.05,0.0,,,,,0.0,,,,3.81,0.0,0.0,3.63,1.26,0.0,0.0,2.37,0.0,0.0,0.18,0.18,0.0,3.81,2.29,0.564,1389.66,,,,,,130.412,95.276,68527399314.0,33.071,,,,,45.267,,3.007,108.019,0.0,,,,,0.0,,4.724,0.18,6.467,,,,,,0.0,0.0,0.0,,,,,0.0,,62.205,,,,,85.145,,34.365,1234.601,0.0,0.0,,,,,0.0,0.0,,136.879,27834810.0,38.681,6.467,4.724,,,,,,4.724,,,,,6.467,,0.0,,,,,0.0,
YEM,Yemen,2018,,,-66.667,-2.004,37.114,12.754,-6.988,-2.703,0.0,0.0,,,,,,545.732,0.0,,,,,0.0,,,,3.28,0.0,0.0,2.82,0.98,0.0,0.0,1.84,0.0,0.0,0.46,0.46,0.0,3.28,1.79,0.521,1262.44,,,,,,98.952,85.976,69042726810.0,29.878,,,,,34.388,,1.002,35.167,0.0,,,,,0.0,,14.024,0.46,16.141,,,,,,0.0,0.0,0.0,,,,,0.0,,56.098,,,,,64.564,,47.119,1653.38,0.0,0.0,,,,,0.0,0.0,,115.093,28498684.0,35.978,16.141,14.024,,,,,,14.024,,,,,16.141,,0.0,,,,,0.0,
YEM,Yemen,2019,,,0.0,0.0,0.582,0.274,29.535,10.626,0.0,0.0,,,,,,540.698,0.0,,,,,0.0,,,,3.44,0.0,0.0,2.94,1.02,0.0,0.0,1.92,0.0,0.0,0.5,0.5,0.0,3.44,1.86,,1598.114,,,,,,100.816,85.465,,29.651,,,,,34.977,,1.002,34.368,0.0,,,,,0.0,,14.535,0.5,17.146,,,,,,0.0,0.0,0.0,,,,,0.0,,55.814,,,,,65.839,,47.394,1625.186,0.0,0.0,,,,,0.0,0.0,,117.962,29161922.0,46.604,17.146,14.535,,,,,,14.535,,,,,17.146,,0.0,,,,,0.0,
YEM,Yemen,2020,,,1.283,0.013,0.215,0.102,,,0.0,0.0,,,,,,540.698,0.0,,,,,0.0,,,,3.44,0.0,0.0,2.94,1.02,0.0,0.0,1.92,0.0,0.0,0.5,0.5,0.0,3.44,1.86,,,,,,,,98.572,85.465,,29.651,,,,,34.198,,1.015,34.034,0.0,,,,,0.0,,14.535,0.5,16.764,,,,,,0.0,0.0,0.0,,,,,0.0,,55.814,,,,,64.373,,47.496,1592.427,0.0,0.0,,,,,0.0,0.0,,115.336,29825968.0,,16.764,14.535,,,,,,14.535,,,,,16.764,,0.0,,,,,0.0,
