iso_code,country,year,coal_prod_change_pct,coal_prod_change_twh,gas_prod_change_pct,gas_prod_change_twh,oil_prod_change_pct,oil_prod_change_twh,energy_cons_change_pct,energy_cons_change_twh,biofuel_share_elec,biofuel_elec_per_capita,biofuel_cons_change_pct,biofuel_share_energy,biofuel_cons_change_twh,biofuel_consumption,biofuel_cons_per_capita,carbon_intensity_elec,coal_share_elec,coal_cons_change_pct,coal_share_energy,coal_cons_change_twh,coal_consumption,coal_elec_per_capita,coal_cons_per_capita,coal_production,coal_prod_per_capita,electricity_demand,biofuel_electricity,coal_electricity,fossil_electricity,gas_electricity,hydro_electricity,nuclear_electricity,oil_electricity,other_renewable_exc_biofuel_electricity,other_renewable_electricity,renewables_electricity,solar_electricity,wind_electricity,electricity_generation,greenhouse_gas_emissions,energy_per_gdp,energy_per_capita,fossil_cons_change_pct,fossil_share_energy,fossil_cons_change_twh,fossil_fuel_consumption,fossil_energy_per_capita,fossil_cons_per_capita,fossil_share_elec,gdp,gas_share_elec,gas_cons_change_pct,gas_share_energy,gas_cons_change_twh,gas_consumption,gas_elec_per_capita,gas_energy_per_capita,gas_production,gas_prod_per_capita,hydro_share_elec,hydro_cons_change_pct,hydro_share_energy,hydro_cons_change_twh,hydro_consumption,hydro_elec_per_capita,hydro_energy_per_capita,low_carbon_share_elec,low_carbon_electricity,low_carbon_elec_per_capita,low_carbon_cons_change_pct,low_carbon_share_energy,low_carbon_cons_change_twh,low_carbon_consumption,low_carbon_energy_per_capita,net_elec_imports_share_demand,net_elec_imports,nuclear_share_elec,nuclear_cons_change_pct,nuclear_share_energy,nuclear_cons_change_twh,nuclear_consumption,nuclear_elec_per_capita,nuclear_energy_per_capita,oil_share_elec,oil_cons_change_pct,oil_share_energy,oil_cons_change_twh,oil_consumption,oil_elec_per_capita,oil_energy_per_capita,oil_production,oil_prod_per_capita,other_renewables_elec_per_capita_exc_biofuel,other_renewables_elec_per_capita,other_renewables_cons_change_pct,other_renewables_share_energy,other_renewables_cons_change_twh,other_renewable_consumption,other_renewables_share_elec_exc_biofuel,other_renewables_share_elec,other_renewables_energy_per_capita,per_capita_electricity,population,primary_energy_consumption,renewables_elec_per_capita,renewables_share_elec,renewables_cons_change_pct,renewables_share_energy,renewables_cons_change_twh,renewables_consumption,renewables_energy_per_capita,solar_share_elec,solar_cons_change_pct,solar_share_energy,solar_cons_change_twh,solar_consumption,solar_elec_per_capita,solar_energy_per_capita,wind_share_elec,wind_cons_change_pct,wind_share_energy,wind_cons_change_twh,wind_consumption,wind_elec_per_capita,wind_energy_per_capita
ZMB,Zambia,1900,,,,,,,,,,,,,,,,,,,,,,,,0.0,0.0,,,,,,,,,,,,,,,,,,,,,,,,,,,,,,,,,,,,,,,,,,,,,,,,,,,,,,,,,,,,,,,,,,,,,,,,,,,,,,1608807.0,,,,,,,,,,,,,,,,,,,,,,
ZMB,Zambia,1901,,0.0,,,,,,,,,,,,,,,,,,,,,,0.0,0.0,,,,,,,,,,,,,,,,,,,,,,,,,,,,,,,,,,,,,,,,,,,,,,,,,,,,,,,,,,,,,,,,,,,,,,,,,,,,,,1601201.0,,,,,,,,,,,,,,,,,,,,,,
ZMB,Zambia,1902,,0.0,,,,,,,,,,,,,,,,,,,,,,0.0,0.0,,,,,,,,,,,,,,,,,,,,,,,,,,,,,,,,,,,,,,,,,,,,,,,,,,,,,,,,,,,,,,,,,,,,,,,,,,,,,,1592028.0,,,,,,,,,,,,,,,,,,,,,,
ZMB,Zambia,1903,,0.0,,,,,,,,,,,,,,,,,,,,,,0.0,0.0,,,,,,,,,,,,,,,,,,,,,,,,,,,,,,,,,,,,,,,,,,,,,,,,,,,,,,,,,,,,,,,,,,,,,,,,,,,,,,1581303.0,,,,,,,,,,,,,,,,,,,,,,
ZMB,Zambia,1904,,0.0,,,,,,,,,,,,,,,,,,,,,,0.0,0.0,,,,,,,,,,,,,,,,,,,,,,,,,,,,,,,,,,,,,,,,,,,,,,,,,,,,,,,,,,,,,,,,,,,,,,,,,,,,,,1570650.0,,,,,,,,,,,,,,,,,,,,,,
ZMB,Zambia,1905,,0.0,,,,,,,,,,,,,,,,,,,,,,0.0,0.0,,,,,,,,,,,,,,,,,,,,,,,,,,,,,,,,,,,,,,,,,,,,,,,,,,,,,,,,,,,,,,,,,,,,,,,,,,,,,,1560068.0,,,,,,,,,,,,,,,,,,,,,,
ZMB,Zambia,1906,,0.0,,,,,,,,,,,,,,,,,,,,,,0.0,0.0,,,,,,,,,,,,,,,,,,,,,,,,,,,,,,,,,,,,,,,,,,,,,,,,,,,,,,,,,,,,,,,,,,,,,,,,,,,,,,1549556.0,,,,,,,,,,,,,,,,,,,,,,
ZMB,Zambia,1907,,0.0,,,,,,,,,,,,,,,,,,,,,,0.0,0.0,,,,,,,,,,,,,,,,,,,,,,,,,,,,,,,,,,,,,,,,,,,,,,,,,,,,,,,,,,,,,,,,,,,,,,,,,,,,,,1539113.0,,,,,,,,,,,,,,,,,,,,,,
ZMB,Zambia,1908,,0.0,,,,,,,,,,,,,,,,,,,,,,0.0,0.0,,,,,,,,,,,,,,,,,,,,,,,,,,,,,,,,,,,,,,,,,,,,,,,,,,,,,,,,,,,,,,,,,,,,,,,,,,,,,,1528741.0,,,,,,,,,,,,,,,,,,,,,,
ZMB,Zambia,1909,,0.0,,,,,,,,,,,,,,,,,,,,,,0.0,0.0,,,,,,,,,,,,,,,,,,,,,,,,,,,,,,,,,,,,,,,,,,,,,,,,,,,,,,,,,,,,,,,,,,,,,,,,,,,,,,1519041.0,,,,,,,,,,,,,,,,,,,,,,
ZMB,Zambia,1910,,0.0,,,,,,,,,,,,,,,,,,,,,,0.0,0.0,,,,,,,,,,,,,,,,,,,,,,,,,,,,,,,,,,,,,,,,,,,,,,,,,,,,,,,,,,,,,,,,,,,,,,,,,,,,,,1510006.0,,,,,,,,,,,,,,,,,,,,,,
ZMB,Zambia,1911,,0.0,,,,,,,,,,,,,,,,,,,,,,0.0,0.0,,,,,,,,,,,,,,,,,,,,,,,,,,,,,,,,,,,,,,,,,,,,,,,,,,,,,,,,,,,,,,,,,,,,,,,,,,,,,,1501629.0,,,,,,,,,,,,,,,,,,,,,,
ZMB,Zambia,1912,,0.0,,,,,,,,,,,,,,,,,,,,,,0.0,0.0,,,,,,,,,,,,,,,,,,,,,,,,,,,,,,,,,,,,,,,,,,,,,,,,,,,,,,,,,,,,,,,,,,,,,,,,,,,,,,1493900.0,,,,,,,,,,,,,,,,,,,,,,
ZMB,Zambia,1913,,0.0,,,,,,,,,,,,,,,,,,,,,,0.0,0.0,,,,,,,,,,,,,,,,,,,,,,,,,,,,,,,,,,,,,,,,,,,,,,,,,,,,,,,,,,,,,,,,,,,,,,,,,,,,,,1486814.0,,,,,,,,,,,,,,,,,,,,,,
ZMB,Zambia,1914,,0.0,,,,,,,,,,,,,,,,,,,,,,0.0,0.0,,,,,,,,,,,,,,,,,,,,,,,,,,,,,,,,,,,,,,,,,,,,,,,,,,,,,,,,,,,,,,,,,,,,,,,,,,,,,,1479760.0,,,,,,,,,,,,,,,,,,,,,,
ZMB,Zambia,1915,,0.0,,,,,,,,,,,,,,,,,,,,,,0.0,0.0,,,,,,,,,,,,,,,,,,,,,,,,,,,,,,,,,,,,,,,,,,,,,,,,,,,,,,,,,,,,,,,,,,,,,,,,,,,,,,1472739.0,,,,,,,,,,,,,,,,,,,,,,
ZMB,Zambia,1916,,0.0,,,,,,,,,,,,,,,,,,,,,,0.0,0.0,,,,,,,,,,,,,,,,,,,,,,,,,,,,,,,,,,,,,,,,,,,,,,,,,,,,,,,,,,,,,,,,,,,,,,,,,,,,,,1465751.0,,,,,,,,,,,,,,,,,,,,,,
ZMB,Zambia,1917,,0.0,,,,,,,,,,,,,,,,,,,,,,0.0,0.0,,,,,,,,,,,,,,,,,,,,,,,,,,,,,,,,,,,,,,,,,,,,,,,,,,,,,,,,,,,,,,,,,,,,,,,,,,,,,,1458795.0,,,,,,,,,,,,,,,,,,,,,,
ZMB,Zambia,1918,,0.0,,,,,,,,,,,,,,,,,,,,,,0.0,0.0,,,,,,,,,,,,,,,,,,,,,,,,,,,,,,,,,,,,,,,,,,,,,,,,,,,,,,,,,,,,,,,,,,,,,,,,,,,,,,1452959.0,,,,,,,,,,,,,,,,,,,,,,
ZMB,Zambia,1919,,0.0,,,,,,,,,,,,,,,,,,,,,,0.0,0.0,,,,,,,,,,,,,,,,,,,,,,,,,,,,,,,,,,,,,,,,,,,,,,,,,,,,,,,,,,,,,,,,,,,,,,,,,,,,,,1452625.0,,,,,,,,,,,,,,,,,,,,,,
ZMB,Zambia,1920,,0.0,,,,,,,,,,,,,,,,,,,,,,0.0,0.0,,,,,,,,,,,,,,,,,,,,,,,,,,,,,,,,,,,,,,,,,,,,,,,,,,,,,,,,,,,,,,,,,,,,,,,,,,,,,,1457850.0,,,,,,,,,,,,,,,,,,,,,,
ZMB,Zambia,1921,,0.0,,,,,,,,,,,,,,,,,,,,,,0.0,0.0,,,,,,,,,,,,,,,,,,,,,,,,,,,,,,,,,,,,,,,,,,,,,,,,,,,,,,,,,,,,,,,,,,,,,,,,,,,,,,1468698.0,,,,,,,,,,,,,,,,,,,,,,
ZMB,Zambia,1922,,0.0,,,,,,,,,,,,,,,,,,,,,,0.0,0.0,,,,,,,,,,,,,,,,,,,,,,,,,,,,,,,,,,,,,,,,,,,,,,,,,,,,,,,,,,,,,,,,,,,,,,,,,,,,,,1485229.0,,,,,,,,,,,,,,,,,,,,,,
ZMB,Zambia,1923,,0.0,,,,,,,,,,,,,,,,,,,,,,0.0,0.0,,,,,,,,,,,,,,,,,,,,,,,,,,,,,,,,,,,,,,,,,,,,,,,,,,,,,,,,,,,,,,,,,,,,,,,,,,,,,,1507508.0,,,,,,,,,,,,,,,,,,,,,,
ZMB,Zambia,1924,,0.0,,,,,,,,,,,,,,,,,,,,,,0.0,0.0,,,,,,,,,,,,,,,,,,,,,,,,,,,,,,,,,,,,,,,,,,,,,,,,,,,,,,,,,,,,,,,,,,,,,,,,,,,,,,1530120.0,,,,,,,,,,,,,,,,,,,,,,
ZMB,Zambia,1925,,0.0,,,,,,,,,,,,,,,,,,,,,,0.0,0.0,,,,,,,,,,,,,,,,,,,,,,,,,,,,,,,,,,,,,,,,,,,,,,,,,,,,,,,,,,,,,,,,,,,,,,,,,,,,,,1553072.0,,,,,,,,,,,,,,,,,,,,,,
ZMB,Zambia,1926,,0.0,,,,,,,,,,,,,,,,,,,,,,0.0,0.0,,,,,,,,,,,,,,,,,,,,,,,,,,,,,,,,,,,,,,,,,,,,,,,,,,,,,,,,,,,,,,,,,,,,,,,,,,,,,,1576368.0,,,,,,,,,,,,,,,,,,,,,,
ZMB,Zambia,1927,,0.0,,,,,,,,,,,,,,,,,,,,,,0.0,0.0,,,,,,,,,,,,,,,,,,,,,,,,,,,,,,,,,,,,,,,,,,,,,,,,,,,,,,,,,,,,,,,,,,,,,,,,,,,,,,1600014.0,,,,,,,,,,,,,,,,,,,,,,
ZMB,Zambia,1928,,0.0,,,,,,,,,,,,,,,,,,,,,,0.0,0.0,,,,,,,,,,,,,,,,,,,,,,,,,,,,,,,,,,,,,,,,,,,,,,,,,,,,,,,,,,,,,,,,,,,,,,,,,,,,,,1624014.0,,,,,,,,,,,,,,,,,,,,,,
ZMB,Zambia,1929,,0.0,,,,,,,,,,,,,,,,,,,,,,0.0,0.0,,,,,,,,,,,,,,,,,,,,,,,,,,,,,,,,,,,,,,,,,,,,,,,,,,,,,,,,,,,,,,,,,,,,,,,,,,,,,,1648040.0,,,,,,,,,,,,,,,,,,,,,,
ZMB,Zambia,1930,,0.0,,,,,,,,,,,,,,,,,,,,,,0.0,0.0,,,,,,,,,,,,,,,,,,,,,,,,,,,,,,,,,,,,,,,,,,,,,,,,,,,,,,,,,,,,,,,,,,,,,,,,,,,,,,1672087.0,,,,,,,,,,,,,,,,,,,,,,
ZMB,Zambia,1931,,0.0,,,,,,,,,,,,,,,,,,,,,,0.0,0.0,,,,,,,,,,,,,,,,,,,,,,,,,,,,,,,,,,,,,,,,,,,,,,,,,,,,,,,,,,,,,,,,,,,,,,,,,,,,,,1696150.0,,,,,,,,,,,,,,,,,,,,,,
ZMB,Zambia,1932,,0.0,,,,,,,,,,,,,,,,,,,,,,0.0,0.0,,,,,,,,,,,,,,,,,,,,,,,,,,,,,,,,,,,,,,,,,,,,,,,,,,,,,,,,,,,,,,,,,,,,,,,,,,,,,,1720226.0,,,,,,,,,,,,,,,,,,,,,,
ZMB,Zambia,1933,,0.0,,,,,,,,,,,,,,,,,,,,,,0.0,0.0,,,,,,,,,,,,,,,,,,,,,,,,,,,,,,,,,,,,,,,,,,,,,,,,,,,,,,,,,,,,,,,,,,,,,,,,,,,,,,1744309.0,,,,,,,,,,,,,,,,,,,,,,
ZMB,Zambia,1934,,0.0,,,,,,,,,,,,,,,,,,,,,,0.0,0.0,,,,,,,,,,,,,,,,,,,,,,,,,,,,,,,,,,,,,,,,,,,,,,,,,,,,,,,,,,,,,,,,,,,,,,,,,,,,,,1768729.0,,,,,,,,,,,,,,,,,,,,,,
ZMB,Zambia,1935,,0.0,,,,,,,,,,,,,,,,,,,,,,0.0,0.0,,,,,,,,,,,,,,,,,,,,,,,,,,,,,,,,,,,,,,,,,,,,,,,,,,,,,,,,,,,,,,,,,,,,,,,,,,,,,,1793492.0,,,,,,,,,,,,,,,,,,,,,,
ZMB,Zambia,1936,,0.0,,,,,,,,,,,,,,,,,,,,,,0.0,0.0,,,,,,,,,,,,,,,,,,,,,,,,,,,,,,,,,,,,,,,,,,,,,,,,,,,,,,,,,,,,,,,,,,,,,,,,,,,,,,1818600.0,,,,,,,,,,,,,,,,,,,,,,
ZMB,Zambia,1937,,0.0,,,,,,,,,,,,,,,,,,,,,,0.0,0.0,,,,,,,,,,,,,,,,,,,,,,,,,,,,,,,,,,,,,,,,,,,,,,,,,,,,,,,,,,,,,,,,,,,,,,,,,,,,,,1844061.0,,,,,,,,,,,,,,,,,,,,,,
ZMB,Zambia,1938,,0.0,,,,,,,,,,,,,,,,,,,,,,0.0,0.0,,,,,,,,,,,,,,,,,,,,,,,,,,,,,,,,,,,,,,,,,,,,,,,,,,,,,,,,,,,,,,,,,,,,,,,,,,,,,,1869878.0,,,,,,,,,,,,,,,,,,,,,,
ZMB,Zambia,1939,,0.0,,,,,,,,,,,,,,,,,,,,,,0.0,0.0,,,,,,,,,,,,,,,,,,,,,,,,,,,,,,,,,,,,,,,,,,,,,,,,,,,,,,,,,,,,,,,,,,,,,,,,,,,,,,1897594.0,,,,,,,,,,,,,,,,,,,,,,
ZMB,Zambia,1940,,0.0,,,,,,,,,,,,,,,,,,,,,,0.0,0.0,,,,,,,,,,,,,,,,,,,,,,,,,,,,,,,,,,,,,,,,,,,,,,,,,,,,,,,,,,,,,,,,,,,,,,,,,,,,,,1927263.0,,,,,,,,,,,,,,,,,,,,,,
ZMB,Zambia,1941,,0.0,,,,,,,,,,,,,,,,,,,,,,0.0,0.0,,,,,,,,,,,,,,,,,,,,,,,,,,,,,,,,,,,,,,,,,,,,,,,,,,,,,,,,,,,,,,,,,,,,,,,,,,,,,,1958942.0,,,,,,,,,,,,,,,,,,,,,,
ZMB,Zambia,1942,,0.0,,,,,,,,,,,,,,,,,,,,,,0.0,0.0,,,,,,,,,,,,,,,,,,,,,,,,,,,,,,,,,,,,,,,,,,,,,,,,,,,,,,,,,,,,,,,,,,,,,,,,,,,,,,1992686.0,,,,,,,,,,,,,,,,,,,,,,
ZMB,Zambia,1943,,0.0,,,,,,,,,,,,,,,,,,,,,,0.0,0.0,,,,,,,,,,,,,,,,,,,,,,,,,,,,,,,,,,,,,,,,,,,,,,,,,,,,,,,,,,,,,,,,,,,,,,,,,,,,,,2028555.0,,,,,,,,,,,,,,,,,,,,,,
ZMB,Zambia,1944,,0.0,,,,,,,,,,,,,,,,,,,,,,0.0,0.0,,,,,,,,,,,,,,,,,,,,,,,,,,,,,,,,,,,,,,,,,,,,,,,,,,,,,,,,,,,,,,,,,,,,,,,,,,,,,,2065069.0,,,,,,,,,,,,,,,,,,,,,,
ZMB,Zambia,1945,,0.0,,,,,,,,,,,,,,,,,,,,,,0.0,0.0,,,,,,,,,,,,,,,,,,,,,,,,,,,,,,,,,,,,,,,,,,,,,,,,,,,,,,,,,,,,,,,,,,,,,,,,,,,,,,2102240.0,,,,,,,,,,,,,,,,,,,,,,
ZMB,Zambia,1946,,0.0,,,,,,,,,,,,,,,,,,,,,,0.0,0.0,,,,,,,,,,,,,,,,,,,,,,,,,,,,,,,,,,,,,,,,,,,,,,,,,,,,,,,,,,,,,,,,,,,,,,,,,,,,,,2140080.0,,,,,,,,,,,,,,,,,,,,,,
ZMB,Zambia,1947,,0.0,,,,,,,,,,,,,,,,,,,,,,0.0,0.0,,,,,,,,,,,,,,,,,,,,,,,,,,,,,,,,,,,,,,,,,,,,,,,,,,,,,,,,,,,,,,,,,,,,,,,,,,,,,,2178602.0,,,,,,,,,,,,,,,,,,,,,,
ZMB,Zambia,1948,,0.0,,,,,,,,,,,,,,,,,,,,,,0.0,0.0,,,,,,,,,,,,,,,,,,,,,,,,,,,,,,,,,,,,,,,,,,,,,,,,,,,,,,,,,,,,,,,,,,,,,,,,,,,,,,2217816.0,,,,,,,,,,,,,,,,,,,,,,
ZMB,Zambia,1949,,0.0,,,,,,,,,,,,,,,,,,,,,,0.0,0.0,,,,,,,,,,,,,,,,,,,,,,,,,,,,,,,,,,,,,,,,,,,,,,,,,,,,,,,,,,,,,,,,,,,,,,,,,,,,,,2261698.0,,,,,,,,,,,,,,,,,,,,,,
ZMB,Zambia,1950,,0.0,,,,,,,,,,,,,,,,,,,,,,0.0,0.0,,,,,,,,,,,,,,,,,,,,,,,,,2690862000.0,,,,,,,,,,,,,,,,,,,,,,,,,,,,,,,,,,,,,,,,,,,,,,,,,,,,,2310436.0,,,,,,,,,,,,,,,,,,,,,,
ZMB,Zambia,1951,,0.0,,,,,,,,,,,,,,,,,,,,,,0.0,0.0,,,,,,,,,,,,,,,,,,,,,,,,,2864267000.0,,,,,,,,,,,,,,,,,,,,,,,,,,,,,,,,,,,,,,,,,,,,,,,,,,,,,2368607.0,,,,,,,,,,,,,,,,,,,,,,
ZMB,Zambia,1952,,0.0,,,,,,,,,,,,,,,,,,,,,,0.0,0.0,,,,,,,,,,,,,,,,,,,,,,,,,3046080000.0,,,,,,,,,,,,,,,,,,,,,,,,,,,,,,,,,,,,,,,,,,,,,,,,,,,,,2431341.0,,,,,,,,,,,,,,,,,,,,,,
ZMB,Zambia,1953,,0.0,,,,,,,,,,,,,,,,,,,,,,0.0,0.0,,,,,,,,,,,,,,,,,,,,,,,,,3237056000.0,,,,,,,,,,,,,,,,,,,,,,,,,,,,,,,,,,,,,,,,,,,,,,,,,,,,,2498457.0,,,,,,,,,,,,,,,,,,,,,,
ZMB,Zambia,1954,,0.0,,,,,,,,,,,,,,,,,,,,,,0.0,0.0,,,,,,,,,,,,,,,,,,,,,,,,,3446800000.0,,,,,,,,,,,,,,,,,,,,,,,,,,,,,,,,,,,,,,,,,,,,,,,,,,,,,2569747.0,,,,,,,,,,,,,,,,,,,,,,
ZMB,Zambia,1955,,0.0,,,,,,,,,,,,,,,,,,,,,,0.0,0.0,,,,,,,,,,,,,,,,,,,,,,,,,3365337000.0,,,,,,,,,,,,,,,,,,,,,,,,,,,,,,,,,,,,,,,,,,,,,,,,,,,,,2644976.0,,,,,,,,,,,,,,,,,,,,,,
ZMB,Zambia,1956,,0.0,,,,,,,,,,,,,,,,,,,,,,0.0,0.0,,,,,,,,,,,,,,,,,,,,,,,,,3764480000.0,,,,,,,,,,,,,,,,,,,,,,,,,,,,,,,,,,,,,,,,,,,,,,,,,,,,,2723867.0,,,,,,,,,,,,,,,,,,,,,,
ZMB,Zambia,1957,,0.0,,,,,,,,,,,,,,,,,,,,,,0.0,0.0,,,,,,,,,,,,,,,,,,,,,,,,,3926832000.0,,,,,,,,,,,,,,,,,,,,,,,,,,,,,,,,,,,,,,,,,,,,,,,,,,,,,2806165.0,,,,,,,,,,,,,,,,,,,,,,
ZMB,Zambia,1958,,0.0,,,,,,,,,,,,,,,,,,,,,,0.0,0.0,,,,,,,,,,,,,,,,,,,,,,,,,3827278000.0,,,,,,,,,,,,,,,,,,,,,,,,,,,,,,,,,,,,,,,,,,,,,,,,,,,,,2891580.0,,,,,,,,,,,,,,,,,,,,,,
ZMB,Zambia,1959,,0.0,,,,,,,,,,,,,,,,,,,,,,0.0,0.0,,,,,,,,,,,,,,,,,,,,,,,,,4626234000.0,,,,,,,,,,,,,,,,,,,,,,,,,,,,,,,,,,,,,,,,,,,,,,,,,,,,,2979844.0,,,,,,,,,,,,,,,,,,,,,,
ZMB,Zambia,1960,,0.0,,,,,,,,,,,,,,,,,,,,,,0.0,0.0,,,,,,,,,,,,,,,,,,,,,,,,,4978620000.0,,,,,,,,,,,,,,,,,,,,,,,,,,,,,,,,,,,,,,,,,,,,,,,,,,,,,3070780.0,,,,,,,,,,,,,,,,,,,,,,
ZMB,Zambia,1961,,0.0,,,,,,,,,,,,,,,,,,,,,,0.0,0.0,,,,,,,,,,,,,,,,,,,,,,,,,4988815000.0,,,,,,,,,,,,,,,,,,,,,,,,,,,,,,,,,,,,,,,,,,,,,,,,,,,,,3164330.0,,,,,,,,,,,,,,,,,,,,,,
ZMB,Zambia,1962,,0.0,,,,,,,,,,,,,,,,,,,,,,0.0,0.0,,,,,,,,,,,,,,,,,,,,,,,,,4936503000.0,,,,,,,,,,,,,,,,,,,,,,,,,,,,,,,,,,,,,,,,,,,,,,,,,,,,,3260645.0,,,,,,,,,,,,,,,,,,,,,,
ZMB,Zambia,1963,,0.0,,,,,,,,,,,,,,,,,,,,,,0.0,0.0,,,,,,,,,,,,,,,,,,,,,,,,,5044504000.0,,,,,,,,,,,,,,,,,,,,,,,,,,,,,,,,,,,,,,,,,,,,,,,,,,,,,3360099.0,,,,,,,,,,,,,,,,,,,,,,
ZMB,Zambia,1964,,0.0,,,,,,,,,,,,,,,,,,,,,,0.0,0.0,,,,,,,,,,,,,,,,,,,,,,,,,5715212000.0,,,,,,,,,,,,,,,,,,,,,,,,,,,,,,,,,,,,,,,,,,,,,,,,,,,,,3463211.0,,,,,,,,,,,,,,,,,,,,,,
ZMB,Zambia,1965,,0.0,,,,,,,,,,,,,,,,,,,,,,0.0,0.0,,,,,,,,,,,,,,,,,,,,,,,,,6752632000.0,,,,,,,,,,,,,,,,,,,,,,,,,,,,,,,,,,,,,,,,,,,,,,,,,,,,,3570466.0,,,,,,,,,,,,,,,,,,,,,,
ZMB,Zambia,1966,,0.81,,,,,,,,,,,,,,,,,,,,,,0.81,219.943,,,,,,,,,,,,,,,,,,,,,,,,,6385302000.0,,,,,,,,,,,,,,,,,,,,,,,,,,,,,,,,,,,,,,,,,,,,,,,,,,,,,3681953.0,,,,,,,,,,,,,,,,,,,,,,
ZMB,Zambia,1967,238.136,1.928,,,,,,,,,,,,,,,,,,,,,,2.738,721.004,,,,,,,,,,,,,,,,,,,,,,,,,6883500000.0,,,,,,,,,,,,,,,,,,,,,,,,,,,,,,,,,,,,,,,,,,,,,,,,,,,,,3797877.0,,,,,,,,,,,,,,,,,,,,,,
ZMB,Zambia,1968,43.609,1.194,,,,,,,,,,,,,,,,,,,,,,3.932,1003.458,,,,,,,,,,,,,,,,,,,,,,,,,6979669000.0,,,,,,,,,,,,,,,,,,,,,,,,,,,,,,,,,,,,,,,,,,,,,,,,,,,,,3918872.0,,,,,,,,,,,,,,,,,,,,,,
ZMB,Zambia,1969,-30.716,-1.208,,,,,,,,,,,,,,,,,,,,,,2.725,673.439,,,,,,,,,,,,,,,,,,,,,,,,,6939009000.0,,,,,,,,,,,,,,,,,,,,,,,,,,,,,,,,,,,,,,,,,,,,,,,,,,,,,4045740.0,,,,,,,,,,,,,,,,,,,,,,
ZMB,Zambia,1970,56.927,1.551,,,,,,,,,,,,,,,,,,,,,,4.276,1023.093,,,,,,,,,,,,,,,,,,,,,,,,,7270256520.0,,,,,,,,,,,,,,,,,,,,,,,,,,,,,,,,,,,,,,,,,,,,,,,,,,,,,4179062.0,,,,,,,,,,,,,,,,,,,,,,
ZMB,Zambia,1971,30.979,1.325,,,,,,,,,,,,,,,,,,,,,,5.6,1296.552,,,,,,,,,,,,,,,,,,,,,,,,,7269152231.0,,,,,,,,,,,,,,,,,,,,,,,,,,,,,,,,,,,,,,,,,,,,,,,,,,,,,4319226.0,,,,,,,,,,,,,,,,,,,,,,
ZMB,Zambia,1972,17.647,0.988,,,,,,,,,,,,,,,,,,,,,,6.588,1475.169,,,,,,,,,,,,,,,,,,,,,,,,,7935941217.0,,,,,,,,,,,,,,,,,,,,,,,,,,,,,,,,,,,,,,,,,,,,,,,,,,,,,4466170.0,,,,,,,,,,,,,,,,,,,,,,
ZMB,Zambia,1973,-2.5,-0.165,,,,,,,,,,,,,,,,,,,,,,6.424,1390.535,,,,,,,,,,,,,,,,,,,,,,,,,7860499113.0,,,,,,,,,,,,,,,,,,,,,,,,,,,,,,,,,,,,,,,,,,,,,,,,,,,,,4619549.0,,,,,,,,,,,,,,,,,,,,,,
ZMB,Zambia,1974,-12.821,-0.824,,,,,,,,,,,,,,,,,,,,,,5.6,1171.884,,,,,,,,,,,,,,,,,,,,,,,,,8497570368.0,,,,,,,,,,,,,,,,,,,,,,,,,,,,,,,,,,,,,,,,,,,,,,,,,,,,,4778716.0,,,,,,,,,,,,,,,,,,,,,,
ZMB,Zambia,1975,-0.245,-0.014,,,,,,,,,,,,,,,,,,,,,,5.586,1130.095,,,,,,,,,,,,,,,,,,,,,,,,,8168468070.0,,,,,,,,,,,,,,,,,,,,,,,,,,,,,,,,,,,,,,,,,,,,,,,,,,,,,4943279.0,,,,,,,,,,,,,,,,,,,,,,
ZMB,Zambia,1976,-3.686,-0.206,,,,,,,,,,,,,,,,,,,,,,5.38,1052.352,,,,,,,,,,,,,,,,,,,,,,,,,8649445815.0,,,,,,,,,,,,,,,,,,,,,,,,,,,,,,,,,,,,,,,,,,,,,,,,,,,,,5112823.0,,,,,,,,,,,,,,,,,,,,,,
ZMB,Zambia,1977,-9.694,-0.522,,,,,,,,,,,,,,,,,,,,,,4.859,918.935,,,,,,,,,,,,,,,,,,,,,,,,,8231715900.0,,,,,,,,,,,,,,,,,,,,,,,,,,,,,,,,,,,,,,,,,,,,,,,,,,,,,5287544.0,,,,,,,,,,,,,,,,,,,,,,
ZMB,Zambia,1978,-13.136,-0.638,,,,,,,,,,,,,,,,,,,,,,4.221,771.848,,,,,,,,,,,,,,,,,,,,,,,,,8277046938.0,,,,,,,,,,,,,,,,,,,,,,,,,,,,,,,,,,,,,,,,,,,,,,,,,,,,,5468259.0,,,,,,,,,,,,,,,,,,,,,,
ZMB,Zambia,1979,-2.602,-0.11,,,,,,,,,,,,,,,,,,,,,,4.111,726.795,,,,,,,,,,,,,,,,,,,,,,,,,8026917490.0,,,,,,,,,,,,,,,,,,,,,,,,,,,,,,,,,,,,,,,,,,,,,,,,,,,,,5656145.0,,,,,,,,,,,,,,,,,,,,,,
ZMB,Zambia,1980,-0.524,-0.022,,,,,,,,,,,,,,,,,,,,,,4.089,698.808,,,,,,,,,,,,,,,,4.714,6666.755,,,,,,,,8276076204.0,,,,,,,,0.0,0.0,,,,,,,,,,,,,,,,,,,,,,,,,,,,,,,,0.0,0.0,,,,,,,,,,,5851818.0,39.013,,,,,,,,,,,,,,,,,,,,,
ZMB,Zambia,1981,-10.856,-0.444,,0.0,,0.0,-0.48,-0.187,,,,,,,,,,,,,,,,3.645,602.005,,,,,,,,,,,,,,,,4.421,6411.764,,,,,,,,8781336088.0,,,,,,,,0.0,0.0,,,,,,,,,,,,,,,,,,,,,,,,,,,,,,,,0.0,0.0,,,,,,,,,,,6055361.0,38.826,,,,,,,,,,,,,,,,,,,,,
ZMB,Zambia,1982,19.14,0.698,,0.0,,0.0,2.197,0.853,,,,,,,,,,,,,,,,4.343,693.131,,,,,,,,,,,,,,,,4.651,6332.495,,,,,,,,8531076912.0,,,,,,,,0.0,0.0,,,,,,,,,,,,,,,,,,,,,,,,,,,,,,,,0.0,0.0,,,,,,,,,,,6265869.0,39.679,,,,,,,,,,,,,,,,,,,,,
ZMB,Zambia,1983,-25.098,-1.09,,0.0,,0.0,-0.418,-0.166,,,,,,,,,,,,,,,,3.253,501.862,,,,,,,,,,,,,,,,4.721,6095.849,,,,,,,,8369124720.0,,,,,,,,0.0,0.0,,,,,,,,,,,,,,,,,,,,,,,,,,,,,,,,0.0,0.0,,,,,,,,,,,6481907.0,39.513,,,,,,,,,,,,,,,,,,,,,
ZMB,Zambia,1984,13.372,0.435,,0.0,,0.0,-3.23,-1.276,,,,,,,,,,,,,,,,3.688,550.324,,,,,,,,,,,,,,,,4.588,5705.644,,,,,,,,8333785683.0,,,,,,,,0.0,0.0,,,,,,,,,,,,,,,,,,,,,,,,,,,,,,,,0.0,0.0,,,,,,,,,,,6701547.0,38.237,,,,,,,,,,,,,,,,,,,,,
ZMB,Zambia,1985,-0.719,-0.027,,0.0,,0.0,-0.948,-0.362,,,,,,,,,,,,,,,,3.662,528.878,,,,,,,,,,,,,,,,4.466,5470.655,,,,,,,,8480831250.0,,,,,,,,0.0,0.0,,,,,,,,,,,,,,,,,,,,,,,,,,,,,,,,0.0,0.0,,,,,,,,,,,6923148.0,37.874,,,,,,,,,,,,,,,,,,,,,
ZMB,Zambia,1986,8.156,0.299,,0.0,,0.0,-0.469,-0.178,,,,,,,,,,,,,,,,3.96,554.099,,,,,,,,,,,,,,,,4.414,5274.478,,,,,,,,8540712495.0,,,,,,,,0.0,0.0,,,,,,,,,,,,,,,,,,,,,,,,,,,,,,,,0.0,0.0,,,,,,,,,,,7146965.0,37.697,,,,,,,,,,,,,,,,,,,,,
ZMB,Zambia,1987,-16.148,-0.639,,0.0,,0.0,-7.312,-2.757,,,,,,,,,,,,,,,,3.321,450.39,,,,,,,,,,,,,,,,3.988,4739.016,,,,,,,,8760604494.0,,,,,,,,0.0,0.0,,,,,,,,,,,,,,,,,,,,,,,,,,,,,,,,0.0,0.0,,,,,,,,,,,7372835.0,34.94,,,,,,,,,,,,,,,,,,,,,
ZMB,Zambia,1988,13.092,0.435,,0.0,,0.0,2.013,0.703,,,,,,,,,,,,,,,,3.755,494.242,,,,,,,,,,,,,,,,3.827,4690.962,,,,,,,,9313933461.0,,,,,,,,0.0,0.0,,,,,,,,,,,,,,,,,,,,,,,,,,,,,,,,0.0,0.0,,,,,,,,,,,7598270.0,35.643,,,,,,,,,,,,,,,,,,,,,
ZMB,Zambia,1989,-21.604,-0.811,,0.0,,0.0,-13.991,-4.987,,,,,,,,,,,,,,,,2.944,376.472,,,,,,,,,,,,,,,,3.257,3920.139,,,,,,,,9411492060.0,,,,,,,,0.0,0.0,,,,,,,,,,,,,,,,,,,,,,,,,,,,,,,,0.0,0.0,,,,,,,,,,,7820199.0,30.656,,,,,,,,,,,,,,,,,,,,,
ZMB,Zambia,1990,11.16,0.329,,0.0,,0.0,7.481,2.293,,,,,,,,,,,,,,,,3.273,407.203,,,,,,,,,,,,,,,,3.214,4099.807,,,,,,,,10251341930.0,,,,,,,,0.0,0.0,,,,,,,,,,,,,,,,,,,,,,,,,,,,,,,,0.0,0.0,,,,,,,,,,,8036849.0,32.95,,,,,,,,,,,,,,,,,,,,,
ZMB,Zambia,1991,10.039,0.329,,0.0,,0.0,-3.776,-1.244,,,,,,,,,,,,,,,,3.601,436.684,,,,,,,,,,,,,,,,3.02,3844.618,,,,,,,,10497353507.0,,,,,,,,0.0,0.0,,,,,,,,,,,,,,,,,,,,,,,,,,,,,,,,0.0,0.0,,,,,,,,,,,8246662.0,31.705,,,,,,,,,,,,,,,,,,,,,
ZMB,Zambia,1992,3.091,0.111,,0.0,,0.0,2.575,0.816,,,,,,,,,,,,,,,,3.712,439.279,,,,,,,,,,,,,,,,2.947,3848.097,,,,,,,,11034436528.0,,,,,,,,0.0,0.0,,,,,,,,,,,,,,,,,,,,,,,,,,,,,,,,0.0,0.0,,,,,,,,,,,8451346.0,32.522,,,,,,,,,,,,,,,,,,,,,
ZMB,Zambia,1993,20.389,0.757,,0.0,,0.0,-4.411,-1.434,,,,,,,,,,,,,,,,4.469,516.311,,,,,,,,,,,,,,,,2.736,3591.204,,,,,,,,11363260542.0,,,,,,,,0.0,0.0,,,,,,,,,,,,,,,,,,,,,,,,,,,,,,,,0.0,0.0,,,,,,,,,,,8656484.0,31.087,,,,,,,,,,,,,,,,,,,,,
ZMB,Zambia,1994,-13.571,-0.607,,0.0,,0.0,-0.52,-0.162,,,,,,,,,,,,,,,,3.863,435.511,,,,,,,,,,,,,,,,3.046,3486.621,,,,,,,,10152258700.0,,,,,,,,0.0,0.0,,,,,,,,,,,,,,,,,,,,,,,,,,,,,,,,0.0,0.0,,,,,,,,,,,8869745.0,30.925,,,,,,,,,,,,,,,,,,,,,
ZMB,Zambia,1995,-43.847,-1.694,,0.0,,0.0,-3.919,-1.212,,,,,,,,,,,,,,,,2.169,238.456,,,,,,,,,,,,,,,,2.759,3266.447,,,,,,,,10767747362.0,,,,,,,,0.0,0.0,,,,,,,,,,,,,,,,,,,,,,,,,,,,,,,,0.0,0.0,,,,,,,,,,,9096608.0,29.714,,,,,,,,,,,,,,,,,,,,,
ZMB,Zambia,1996,-13.465,-0.292,,0.0,,0.0,-4.872,-1.448,,,,,,,,,,,,,,,,1.877,200.977,,,,,,,,,,,,,,,,2.397,3026.406,,,,,,,,11793250907.0,,,,,,,,0.0,0.0,,,,,,,,,,,,,,,,,,,,,,,,,,,,,,,,0.0,0.0,,,,,,,,,,,9339740.0,28.266,,,,,,,,,,,,,,,,,,,,,
ZMB,Zambia,1997,4.646,0.087,,0.0,,0.0,8.188,2.315,,,,,,,,,,,,,,,,1.964,204.664,,,,,,,,,,,,,,,,2.424,3186.247,,,,,,,,12616106889.0,,,,,,,,0.0,0.0,,,,,,,,,,,,,,,,,,,,,,,,,,,,,,,,0.0,0.0,,,,,,,,,,,9597610.0,30.58,,,,,,,,,,,,,,,,,,,,,
ZMB,Zambia,1998,19.326,0.38,,0.0,,0.0,-2.096,-0.641,,,,,,,,,,,,,,,,2.344,237.562,,,,,,,,,,,,,,,,2.312,3034.459,,,,,,,,12949236442.0,,,,,,,,0.0,0.0,,,,,,,,,,,,,,,,,,,,,,,,,,,,,,,,0.0,0.0,,,,,,,,,,,9866474.0,29.939,,,,,,,,,,,,,,,,,,,,,
ZMB,Zambia,1999,-11.393,-0.267,,0.0,,0.0,-2.99,-0.895,,,,,,,,,,,,,,,,2.077,204.808,,,,,,,,,,,,,,,,2.079,2864.167,,,,,,,,13971743642.0,,,,,,,,0.0,0.0,,,,,,,,,,,,,,,,,,,,,,,,,,,,,,,,0.0,0.0,,,,,,,,,,,10140564.0,29.044,,,,,,,,,,,,,,,,,,,,,
ZMB,Zambia,2000,-21.561,-0.448,,0.0,,0.0,0.51,0.148,0.258,1.92,,,,,,29.639,0.0,,,,,0.0,,1.629,156.403,6.43,0.02,0.0,0.07,0.0,7.67,0.0,0.07,0.0,0.02,7.69,0.0,0.0,7.76,0.23,1.951,2802.664,,,,,,6.72,0.902,14964120355.0,0.0,,,,,0.0,,0.0,0.0,98.84,,,,,736.371,,99.098,7.69,738.291,,,,,,-20.684,-1.33,0.0,,,,,0.0,,0.902,,,,,6.72,,0.0,0.0,0.0,1.92,,,,,0.0,0.258,,745.012,10415942.0,29.192,738.291,99.098,,,,,,0.0,,,,,0.0,,0.0,,,,,0.0,
ZMB,Zambia,2001,1.812,0.03,,0.0,,0.0,4.659,1.36,0.253,1.871,,,,,,30.38,0.0,,,,,0.0,,1.659,155.123,6.85,0.02,0.0,0.07,0.0,7.81,0.0,0.07,0.0,0.02,7.83,0.0,0.0,7.9,0.24,1.882,2857.465,,,,,,6.547,0.886,16234402125.0,0.0,,,,,0.0,,0.0,0.0,98.861,,,,,730.439,,99.114,7.83,732.31,,,,,,-15.328,-1.05,0.0,,,,,0.0,,0.886,,,,,6.547,,0.0,0.0,0.0,1.871,,,,,0.0,0.253,,738.857,10692197.0,30.553,732.31,99.114,,,,,,0.0,,,,,0.0,,0.0,,,,,0.0,
ZMB,Zambia,2002,-14.979,-0.248,,0.0,,0.0,3.4,1.039,0.123,0.911,,,,,,30.826,0.0,,,,,0.0,,1.41,128.527,7.43,0.01,0.0,0.08,0.0,8.02,0.0,0.08,0.0,0.01,8.03,0.0,0.0,8.11,0.25,1.806,2879.346,,,,,,7.291,0.986,17492738104.0,0.0,,,,,0.0,,0.0,0.0,98.89,,,,,730.971,,99.014,8.03,731.883,,,,,,-9.152,-0.68,0.0,,,,,0.0,,0.986,,,,,7.291,,0.0,0.0,0.0,0.911,,,,,0.0,0.123,,739.174,10971704.0,31.591,731.883,99.014,,,,,,0.0,,,,,0.0,,0.0,,,,,0.0,
ZMB,Zambia,2003,1.961,0.028,,0.0,,0.0,3.603,1.138,0.121,0.888,,,,,,31.477,0.0,,,,,0.0,,1.438,127.728,7.91,0.01,0.0,0.08,0.0,8.17,0.0,0.08,0.0,0.01,8.18,0.0,0.0,8.26,0.26,1.697,2907.562,,,,,,7.107,0.969,19282919313.0,0.0,,,,,0.0,,0.0,0.0,98.91,,,,,725.787,,99.031,8.18,726.676,,,,,,-4.425,-0.35,0.0,,,,,0.0,,0.969,,,,,7.107,,0.0,0.0,0.0,0.888,,,,,0.0,0.121,,733.783,11256740.0,32.73,726.676,99.031,,,,,,0.0,,,,,0.0,,0.0,,,,,0.0,
ZMB,Zambia,2004,5.43,0.078,,0.0,,0.0,2.994,0.98,0.118,0.866,,,,,,29.551,0.0,,,,,0.0,,1.516,131.237,8.63,0.01,0.0,0.07,0.0,8.38,0.0,0.07,0.0,0.01,8.39,0.0,0.0,8.46,0.25,1.585,2918.416,,,,,,6.06,0.827,21270791729.0,0.0,,,,,0.0,,0.0,0.0,99.054,,,,,725.501,,99.173,8.39,726.367,,,,,,1.97,0.17,0.0,,,,,0.0,,0.827,,,,,6.06,,0.0,0.0,0.0,0.866,,,,,0.0,0.118,,732.427,11550641.0,33.71,726.367,99.173,,,,,,0.0,,,,,0.0,,0.0,,,,,0.0,
ZMB,Zambia,2005,-29.036,-0.44,,0.0,,0.0,5.261,1.773,0.113,0.843,,,,,,30.405,0.0,,,,,0.0,,1.076,90.731,9.1,0.01,0.0,0.08,0.0,8.79,0.0,0.08,0.0,0.01,8.8,0.0,0.0,8.88,0.27,1.509,2992.772,,,,,,6.747,0.901,23506923596.0,0.0,,,,,0.0,,0.0,0.0,98.986,,,,,741.382,,99.099,8.8,742.225,,,,,,2.418,0.22,0.0,,,,,0.0,,0.901,,,,,6.747,,0.0,0.0,0.0,0.843,,,,,0.0,0.113,,748.972,11856244.0,35.483,742.225,99.099,,,,,,0.0,,,,,0.0,,0.0,,,,,0.0,
ZMB,Zambia,2006,-57.333,-0.617,,0.0,,0.0,3.392,1.203,0.104,0.821,,,,,,30.021,0.0,,,,,0.0,,0.459,37.703,9.29,0.01,0.0,0.08,0.0,9.57,0.0,0.08,0.0,0.01,9.58,0.0,0.0,9.66,0.29,1.403,3013.632,,,,,,6.572,0.828,26143429904.0,0.0,,,,,0.0,,0.0,0.0,99.068,,,,,786.133,,99.172,9.58,786.954,,,,,,-3.983,-0.37,0.0,,,,,0.0,,0.828,,,,,6.572,,0.0,0.0,0.0,0.821,,,,,0.0,0.104,,793.526,12173518.0,36.687,786.954,99.172,,,,,,0.0,,,,,0.0,,0.0,,,,,0.0,
ZMB,Zambia,2007,-78.125,-0.359,,0.0,,0.0,-5.57,-2.043,0.104,0.8,,,,,,28.125,0.0,,,,,0.0,,0.1,8.03,9.46,0.01,0.0,0.06,0.0,9.53,0.0,0.06,0.0,0.01,9.54,0.0,0.0,9.6,0.27,1.187,2770.796,,,,,,4.799,0.625,29194975415.0,0.0,,,,,0.0,,0.0,0.0,99.271,,,,,762.22,,99.375,9.54,763.019,,,,,,-1.48,-0.14,0.0,,,,,0.0,,0.625,,,,,4.799,,0.0,0.0,0.0,0.8,,,,,0.0,0.104,,767.818,12502958.0,34.643,763.019,99.375,,,,,,0.0,,,,,0.0,,0.0,,,,,0.0,
ZMB,Zambia,2008,-74.991,-0.075,,0.0,,0.0,3.388,1.174,0.211,1.557,,,,,,27.397,0.0,,,,,0.0,,0.025,1.954,9.66,0.02,0.0,0.04,0.0,9.43,0.0,0.04,0.0,0.02,9.45,0.0,0.0,9.49,0.26,1.105,2787.613,,,,,,3.113,0.421,32424384694.0,0.0,,,,,0.0,,0.0,0.0,99.368,,,,,733.936,,99.579,9.45,735.493,,,,,,1.76,0.17,0.0,,,,,0.0,,0.421,,,,,3.113,,0.0,0.0,0.0,1.557,,,,,0.0,0.211,,738.606,12848531.0,35.817,735.493,99.579,,,,,,0.0,,,,,0.0,,0.0,,,,,0.0,
ZMB,Zambia,2009,-100.0,-0.025,,0.0,,0.0,1.694,0.607,0.304,2.27,,,,,,28.398,0.0,,,,,0.0,,0.0,0.0,9.28,0.03,0.0,0.05,0.0,9.78,0.0,0.05,0.0,0.03,9.81,0.0,0.0,9.86,0.28,0.998,2756.197,,,,,,3.784,0.507,36492398625.0,0.0,,,,,0.0,,0.0,0.0,99.189,,,,,740.06,,99.493,9.81,742.33,,,,,,-6.25,-0.58,0.0,,,,,0.0,,0.507,,,,,3.784,,0.0,0.0,0.0,2.27,,,,,0.0,0.304,,746.114,13215142.0,36.424,742.33,99.493,,,,,,0.0,,,,,0.0,,0.0,,,,,0.0,
ZMB,Zambia,2010,,0.0,,0.0,,0.0,4.818,1.755,0.288,2.205,,,,,,28.818,0.0,,,,,0.0,,0.0,0.0,9.85,0.03,0.0,0.05,0.0,10.33,0.0,0.05,0.0,0.03,10.36,0.0,0.0,10.41,0.3,0.92,2805.998,,,,,,3.675,0.48,41490621666.0,0.0,,,,,0.0,,0.0,0.0,99.232,,,,,759.225,,99.52,10.36,761.43,,,,,,-5.685,-0.56,0.0,,,,,0.0,,0.48,,,,,3.675,,0.0,0.0,0.0,2.205,,,,,0.0,0.288,,765.104,13605986.0,38.178,761.43,99.52,,,,,,0.0,,,,,0.0,,0.0,,,,,0.0,
ZMB,Zambia,2011,,0.0,,0.0,,0.0,12.03,4.593,0.262,2.139,,,,,,27.948,0.0,,,,,0.0,,0.0,0.0,11.54,0.03,0.0,0.05,0.0,11.37,0.0,0.05,0.0,0.03,11.4,0.0,0.0,11.45,0.32,0.947,3050.032,,,,,,3.566,0.437,45144018109.0,0.0,,,,,0.0,,0.0,0.0,99.301,,,,,810.799,,99.563,11.4,812.939,,,,,,0.78,0.09,0.0,,,,,0.0,,0.437,,,,,3.566,,0.0,0.0,0.0,2.139,,,,,0.0,0.262,,816.504,14023199.0,42.771,812.939,99.563,,,,,,0.0,,,,,0.0,,0.0,,,,,0.0,
ZMB,Zambia,2012,,0.645,,0.0,,0.0,7.444,3.184,0.244,2.074,,,,,,27.62,0.0,,,,,0.0,,0.645,44.62,11.49,0.03,0.0,0.05,0.0,12.23,0.0,0.05,0.0,0.03,12.26,0.0,0.0,12.31,0.34,0.946,3176.963,,,,,,3.457,0.406,48567368499.0,0.0,,,,,0.0,,0.0,0.0,99.35,,,,,845.48,,99.594,12.26,847.554,,,,,,-7.137,-0.82,0.0,,,,,0.0,,0.406,,,,,3.457,,0.0,0.0,0.0,2.074,,,,,0.0,0.244,,851.011,14465148.0,45.955,847.554,99.594,,,,,,0.0,,,,,0.0,,0.0,,,,,0.0,
ZMB,Zambia,2013,95.667,0.617,,0.0,,0.0,6.037,2.774,0.227,2.01,,,,,,27.967,0.0,,,,,0.0,,1.263,84.608,12.22,0.03,0.0,0.05,0.0,13.15,0.0,0.05,0.0,0.03,13.18,0.0,0.0,13.23,0.37,0.955,3264.62,,,,,,3.35,0.378,51019693224.0,0.0,,,,,0.0,,0.0,0.0,99.395,,,,,880.98,,99.622,13.18,882.99,,,,,,-8.265,-1.01,0.0,,,,,0.0,,0.378,,,,,3.35,,0.0,0.0,0.0,2.01,,,,,0.0,0.227,,886.34,14926551.0,48.73,882.99,99.622,,,,,,0.0,,,,,0.0,,0.0,,,,,0.0,
ZMB,Zambia,2014,-9.572,-0.121,,0.0,,0.0,7.333,3.573,0.767,7.143,,,,,,41.812,0.0,,,,,0.0,,1.142,74.158,13.11,0.11,0.0,0.34,0.0,13.9,0.0,0.34,0.0,0.11,14.01,0.0,0.0,14.35,0.6,0.979,3396.329,,,,,,22.078,2.369,53419184773.0,0.0,,,,,0.0,,0.0,0.0,96.864,,,,,902.61,,97.631,14.01,909.752,,,,,,-9.458,-1.24,0.0,,,,,0.0,,2.369,,,,,22.078,,0.0,0.0,0.0,7.143,,,,,0.0,0.767,,931.831,15399793.0,52.303,909.752,97.631,,,,,,0.0,,,,,0.0,,0.0,,,,,0.0,
ZMB,Zambia,2015,-35.04,-0.4,,0.0,,0.0,-3.228,-1.688,0.748,6.297,,,,,,44.129,0.524,,,,,4.408,,0.742,46.719,12.98,0.1,0.07,0.36,0.0,12.91,0.0,0.29,0.0,0.1,13.01,0.0,0.0,13.37,0.59,0.921,3187.427,,,,,,22.671,2.693,54980180490.0,0.0,,,,,0.0,,0.0,0.0,96.559,,,,,813.005,,97.307,13.01,819.302,,,,,,-3.005,-0.39,0.0,,,,,0.0,,2.169,,,,,18.263,,0.0,0.0,0.0,6.297,,,,,0.0,0.748,,841.973,15879370.0,50.614,819.302,97.307,,,,,,0.0,,,,,0.0,,0.0,,,,,0.0,
ZMB,Zambia,2016,22.156,0.164,,0.0,,0.0,-5.693,-2.882,0.517,3.667,,,,,,67.183,3.962,,,,,28.111,,0.906,55.381,13.0,0.06,0.46,0.64,0.0,10.91,0.0,0.18,0.0,0.06,10.97,0.0,0.0,11.61,0.78,0.843,2917.035,,,,,,39.112,5.512,56618334196.0,0.0,,,,,0.0,,0.0,0.0,93.971,,,,,666.73,,94.488,10.97,670.397,,,,,,10.692,1.39,0.0,,,,,0.0,,1.55,,,,,11.0,,0.0,0.0,0.0,3.667,,,,,0.0,0.517,,709.508,16363449.0,47.733,670.397,94.488,,,,,,0.0,,,,,0.0,,0.0,,,,,0.0,
ZMB,Zambia,2017,,,,,,,15.346,7.325,1.047,8.9,,,,,,120.112,7.961,,,,,67.641,,,,14.01,0.15,1.14,1.8,0.0,12.37,0.0,0.66,0.0,0.15,12.52,0.0,0.0,14.32,1.72,0.939,3266.829,,,,,,106.802,12.57,58613564706.0,0.0,,,,,0.0,,,,86.383,,,,,733.967,,87.43,12.52,742.868,,,,,,-2.213,-0.31,0.0,,,,,0.0,,4.609,,,,,39.161,,,,0.0,8.9,,,,,0.0,1.047,,849.67,16853608.0,55.058,742.868,87.43,,,,,,0.0,,,,,0.0,,0.0,,,,,0.0,
ZMB,Zambia,2018,,,,,,,12.475,6.868,1.126,10.374,,,,,,131.414,8.886,,,,,81.836,,,,14.91,0.18,1.42,2.24,0.0,13.56,0.0,0.82,0.0,0.18,13.74,0.0,0.0,15.98,2.1,1.016,3568.883,,,,,,129.094,14.018,60978621662.0,0.0,,,,,0.0,,,,84.856,,,,,781.479,,85.982,13.74,791.853,,,,,,-7.176,-1.07,0.0,,,,,0.0,,5.131,,,,,47.258,,,,0.0,10.374,,,,,0.0,1.126,,920.946,17351714.0,61.926,791.853,85.982,,,,,,0.0,,,,,0.0,,0.0,,,,,0.0,
ZMB,Zambia,2019,,,,,,,-1.99,-1.232,1.062,9.518,,,,,,123.673,8.12,,,,,72.784,,,,15.23,0.17,1.3,2.05,0.0,13.67,0.0,0.75,0.0,0.17,13.96,0.12,0.0,16.01,1.98,,3398.124,,,,,,114.775,12.804,,0.0,,,,,0.0,,,,85.384,,,,,765.353,,87.196,13.96,781.59,,,,,,-5.121,-0.78,0.0,,,,,0.0,,4.685,,,,,41.991,,,,0.0,9.518,,,,,0.0,1.062,,896.365,17861034.0,60.694,781.59,87.196,,,,,,0.75,,,,,6.719,,0.0,,,,,0.0,
ZMB,Zambia,2020,,,,,,,,,1.001,8.703,,,,,,120.776,7.947,,,,,69.082,,,,15.2,0.16,1.27,2.0,0.0,13.67,0.0,0.73,0.0,0.16,13.98,0.15,0.0,15.98,1.93,,,,,,,,108.791,12.516,,0.0,,,,,0.0,,,,85.544,,,,,743.583,,87.484,13.98,760.446,,,,,,-5.132,-0.78,0.0,,,,,0.0,,4.568,,,,,39.709,,,,0.0,8.703,,,,,0.0,1.001,,869.236,18383956.0,,760.446,87.484,,,,,,0.939,,,,,8.159,,0.0,,,,,0.0,
