iso_code,country,year,coal_prod_change_pct,coal_prod_change_twh,gas_prod_change_pct,gas_prod_change_twh,oil_prod_change_pct,oil_prod_change_twh,energy_cons_change_pct,energy_cons_change_twh,biofuel_share_elec,biofuel_elec_per_capita,biofuel_cons_change_pct,biofuel_share_energy,biofuel_cons_change_twh,biofuel_consumption,biofuel_cons_per_capita,carbon_intensity_elec,coal_share_elec,coal_cons_change_pct,coal_share_energy,coal_cons_change_twh,coal_consumption,coal_elec_per_capita,coal_cons_per_capita,coal_production,coal_prod_per_capita,electricity_demand,biofuel_electricity,coal_electricity,fossil_electricity,gas_electricity,hydro_electricity,nuclear_electricity,oil_electricity,other_renewable_exc_biofuel_electricity,other_renewable_electricity,renewables_electricity,solar_electricity,wind_electricity,electricity_generation,greenhouse_gas_emissions,energy_per_gdp,energy_per_capita,fossil_cons_change_pct,fossil_share_energy,fossil_cons_change_twh,fossil_fuel_consumption,fossil_energy_per_capita,fossil_cons_per_capita,fossil_share_elec,gdp,gas_share_elec,gas_cons_change_pct,gas_share_energy,gas_cons_change_twh,gas_consumption,gas_elec_per_capita,gas_energy_per_capita,gas_production,gas_prod_per_capita,hydro_share_elec,hydro_cons_change_pct,hydro_share_energy,hydro_cons_change_twh,hydro_consumption,hydro_elec_per_capita,hydro_energy_per_capita,low_carbon_share_elec,low_carbon_electricity,low_carbon_elec_per_capita,low_carbon_cons_change_pct,low_carbon_share_energy,low_carbon_cons_change_twh,low_carbon_consumption,low_carbon_energy_per_capita,net_elec_imports_share_demand,net_elec_imports,nuclear_share_elec,nuclear_cons_change_pct,nuclear_share_energy,nuclear_cons_change_twh,nuclear_consumption,nuclear_elec_per_capita,nuclear_energy_per_capita,oil_share_elec,oil_cons_change_pct,oil_share_energy,oil_cons_change_twh,oil_consumption,oil_elec_per_capita,oil_energy_per_capita,oil_production,oil_prod_per_capita,other_renewables_elec_per_capita_exc_biofuel,other_renewables_elec_per_capita,other_renewables_cons_change_pct,other_renewables_share_energy,other_renewables_cons_change_twh,other_renewable_consumption,other_renewables_share_elec_exc_biofuel,other_renewables_share_elec,other_renewables_energy_per_capita,per_capita_electricity,population,primary_energy_consumption,renewables_elec_per_capita,renewables_share_elec,renewables_cons_change_pct,renewables_share_energy,renewables_cons_change_twh,renewables_consumption,renewables_energy_per_capita,solar_share_elec,solar_cons_change_pct,solar_share_energy,solar_cons_change_twh,solar_consumption,solar_elec_per_capita,solar_energy_per_capita,wind_share_elec,wind_cons_change_pct,wind_share_energy,wind_cons_change_twh,wind_consumption,wind_elec_per_capita,wind_energy_per_capita
ZWE,Zimbabwe,1900,,,,,,,,,,,,,,,,,,,,,,,,0.0,0.0,,,,,,,,,,,,,,,,,,,,,,,,,,,,,,,,,,,,,,,,,,,,,,,,,,,,,,,,,,,,,,,,,,,,,,,,,,,,,,1098134.0,,,,,,,,,,,,,,,,,,,,,,
ZWE,Zimbabwe,1901,,0.0,,,,,,,,,,,,,,,,,,,,,,0.0,0.0,,,,,,,,,,,,,,,,,,,,,,,,,,,,,,,,,,,,,,,,,,,,,,,,,,,,,,,,,,,,,,,,,,,,,,,,,,,,,,1113327.0,,,,,,,,,,,,,,,,,,,,,,
ZWE,Zimbabwe,1902,,0.0,,,,,,,,,,,,,,,,,,,,,,0.0,0.0,,,,,,,,,,,,,,,,,,,,,,,,,,,,,,,,,,,,,,,,,,,,,,,,,,,,,,,,,,,,,,,,,,,,,,,,,,,,,,1130128.0,,,,,,,,,,,,,,,,,,,,,,
ZWE,Zimbabwe,1903,,0.35,,,,,,,,,,,,,,,,,,,,,,0.35,304.78,,,,,,,,,,,,,,,,,,,,,,,,,,,,,,,,,,,,,,,,,,,,,,,,,,,,,,,,,,,,,,,,,,,,,,,,,,,,,,1148577.0,,,,,,,,,,,,,,,,,,,,,,
ZWE,Zimbabwe,1904,25.581,0.09,,,,,,,,,,,,,,,,,,,,,,0.44,376.599,,,,,,,,,,,,,,,,,,,,,,,,,,,,,,,,,,,,,,,,,,,,,,,,,,,,,,,,,,,,,,,,,,,,,,,,,,,,,,1167327.0,,,,,,,,,,,,,,,,,,,,,,
ZWE,Zimbabwe,1905,62.963,0.277,,,,,,,,,,,,,,,,,,,,,,0.716,603.859,,,,,,,,,,,,,,,,,,,,,,,,,,,,,,,,,,,,,,,,,,,,,,,,,,,,,,,,,,,,,,,,,,,,,,,,,,,,,,1186383.0,,,,,,,,,,,,,,,,,,,,,,
ZWE,Zimbabwe,1906,7.955,0.057,,,,,,,,,,,,,,,,,,,,,,0.773,641.422,,,,,,,,,,,,,,,,,,,,,,,,,,,,,,,,,,,,,,,,,,,,,,,,,,,,,,,,,,,,,,,,,,,,,,,,,,,,,,1205751.0,,,,,,,,,,,,,,,,,,,,,,
ZWE,Zimbabwe,1907,10.526,0.081,,,,,,,,,,,,,,,,,,,,,,0.855,697.553,,,,,,,,,,,,,,,,,,,,,,,,,,,,,,,,,,,,,,,,,,,,,,,,,,,,,,,,,,,,,,,,,,,,,,,,,,,,,,1225434.0,,,,,,,,,,,,,,,,,,,,,,
ZWE,Zimbabwe,1908,41.905,0.358,,,,,,,,,,,,,,,,,,,,,,1.213,973.962,,,,,,,,,,,,,,,,,,,,,,,,,,,,,,,,,,,,,,,,,,,,,,,,,,,,,,,,,,,,,,,,,,,,,,,,,,,,,,1245439.0,,,,,,,,,,,,,,,,,,,,,,
ZWE,Zimbabwe,1909,4.027,0.049,,,,,,,,,,,,,,,,,,,,,,1.262,997.098,,,,,,,,,,,,,,,,,,,,,,,,,,,,,,,,,,,,,,,,,,,,,,,,,,,,,,,,,,,,,,,,,,,,,,,,,,,,,,1265528.0,,,,,,,,,,,,,,,,,,,,,,
ZWE,Zimbabwe,1910,5.161,0.065,,,,,,,,,,,,,,,,,,,,,,1.327,1032.111,,,,,,,,,,,,,,,,,,,,,,,,,,,,,,,,,,,,,,,,,,,,,,,,,,,,,,,,,,,,,,,,,,,,,,,,,,,,,,1285699.0,,,,,,,,,,,,,,,,,,,,,,
ZWE,Zimbabwe,1911,18.405,0.244,,,,,,,,,,,,,,,,,,,,,,1.571,1203.121,,,,,,,,,,,,,,,,,,,,,,,,,,,,,,,,,,,,,,,,,,,,,,,,,,,,,,,,,,,,,,,,,,,,,,,,,,,,,,1305949.0,,,,,,,,,,,,,,,,,,,,,,
ZWE,Zimbabwe,1912,1.554,0.024,,,,,,,,,,,,,,,,,,,,,,1.596,1203.096,,,,,,,,,,,,,,,,,,,,,,,,,,,,,,,,,,,,,,,,,,,,,,,,,,,,,,,,,,,,,,,,,,,,,,,,,,,,,,1326276.0,,,,,,,,,,,,,,,,,,,,,,
ZWE,Zimbabwe,1913,12.245,0.195,,,,,,,,,,,,,,,,,,,,,,1.791,1329.956,,,,,,,,,,,,,,,,,,,,,,,,,,,,,,,,,,,,,,,,,,,,,,,,,,,,,,,,,,,,,,,,,,,,,,,,,,,,,,1346677.0,,,,,,,,,,,,,,,,,,,,,,
ZWE,Zimbabwe,1914,44.091,0.79,,,,,,,,,,,,,,,,,,,,,,2.581,1887.315,,,,,,,,,,,,,,,,,,,,,,,,,,,,,,,,,,,,,,,,,,,,,,,,,,,,,,,,,,,,,,,,,,,,,,,,,,,,,,1367392.0,,,,,,,,,,,,,,,,,,,,,,
ZWE,Zimbabwe,1915,17.35,0.448,,,,,,,,,,,,,,,,,,,,,,3.028,2181.214,,,,,,,,,,,,,,,,,,,,,,,,,,,,,,,,,,,,,,,,,,,,,,,,,,,,,,,,,,,,,,,,,,,,,,,,,,,,,,1388426.0,,,,,,,,,,,,,,,,,,,,,,
ZWE,Zimbabwe,1916,19.892,0.602,,,,,,,,,,,,,,,,,,,,,,3.631,2575.495,,,,,,,,,,,,,,,,,,,,,,,,,,,,,,,,,,,,,,,,,,,,,,,,,,,,,,,,,,,,,,,,,,,,,,,,,,,,,,1409783.0,,,,,,,,,,,,,,,,,,,,,,
ZWE,Zimbabwe,1917,11.659,0.423,,,,,,,,,,,,,,,,,,,,,,4.054,2832.21,,,,,,,,,,,,,,,,,,,,,,,,,,,,,,,,,,,,,,,,,,,,,,,,,,,,,,,,,,,,,,,,,,,,,,,,,,,,,,1431469.0,,,,,,,,,,,,,,,,,,,,,,
ZWE,Zimbabwe,1918,-10.643,-0.431,,,,,,,,,,,,,,,,,,,,,,3.623,2492.153,,,,,,,,,,,,,,,,,,,,,,,,,,,,,,,,,,,,,,,,,,,,,,,,,,,,,,,,,,,,,,,,,,,,,,,,,,,,,,1453662.0,,,,,,,,,,,,,,,,,,,,,,
ZWE,Zimbabwe,1919,4.045,0.147,,,,,,,,,,,,,,,,,,,,,,3.769,2550.518,,,,,,,,,,,,,,,,,,,,,,,,,,,,,,,,,,,,,,,,,,,,,,,,,,,,,,,,,,,,,,,,,,,,,,,,,,,,,,1477851.0,,,,,,,,,,,,,,,,,,,,,,
ZWE,Zimbabwe,1920,13.175,0.497,,,,,,,,,,,,,,,,,,,,,,4.266,2836.167,,,,,,,,,,,,,,,,,,,,,,,,,,,,,,,,,,,,,,,,,,,,,,,,,,,,,,,,,,,,,,,,,,,,,,,,,,,,,,1504103.0,,,,,,,,,,,,,,,,,,,,,,
ZWE,Zimbabwe,1921,-0.382,-0.016,,,,,,,,,,,,,,,,,,,,,,4.25,2773.016,,,,,,,,,,,,,,,,,,,,,,,,,,,,,,,,,,,,,,,,,,,,,,,,,,,,,,,,,,,,,,,,,,,,,,,,,,,,,,1532485.0,,,,,,,,,,,,,,,,,,,,,,
ZWE,Zimbabwe,1922,-10.345,-0.44,,,,,,,,,,,,,,,,,,,,,,3.81,2437.513,,,,,,,,,,,,,,,,,,,,,,,,,,,,,,,,,,,,,,,,,,,,,,,,,,,,,,,,,,,,,,,,,,,,,,,,,,,,,,1563065.0,,,,,,,,,,,,,,,,,,,,,,
ZWE,Zimbabwe,1923,19.658,0.749,,,,,,,,,,,,,,,,,,,,,,4.559,2856.644,,,,,,,,,,,,,,,,,,,,,,,,,,,,,,,,,,,,,,,,,,,,,,,,,,,,,,,,,,,,,,,,,,,,,,,,,,,,,,1595916.0,,,,,,,,,,,,,,,,,,,,,,
ZWE,Zimbabwe,1924,5.536,0.252,,,,,,,,,,,,,,,,,,,,,,4.811,2952.723,,,,,,,,,,,,,,,,,,,,,,,,,,,,,,,,,,,,,,,,,,,,,,,,,,,,,,,,,,,,,,,,,,,,,,,,,,,,,,1629457.0,,,,,,,,,,,,,,,,,,,,,,
ZWE,Zimbabwe,1925,16.582,0.798,,,,,,,,,,,,,,,,,,,,,,5.609,3371.489,,,,,,,,,,,,,,,,,,,,,,,,,,,,,,,,,,,,,,,,,,,,,,,,,,,,,,,,,,,,,,,,,,,,,,,,,,,,,,1663702.0,,,,,,,,,,,,,,,,,,,,,,
ZWE,Zimbabwe,1926,26.996,1.514,,,,,,,,,,,,,,,,,,,,,,7.123,4193.51,,,,,,,,,,,,,,,,,,,,,,,,,,,,,,,,,,,,,,,,,,,,,,,,,,,,,,,,,,,,,,,,,,,,,,,,,,,,,,1698668.0,,,,,,,,,,,,,,,,,,,,,,
ZWE,Zimbabwe,1927,3.886,0.277,,,,,,,,,,,,,,,,,,,,,,7.4,4266.785,,,,,,,,,,,,,,,,,,,,,,,,,,,,,,,,,,,,,,,,,,,,,,,,,,,,,,,,,,,,,,,,,,,,,,,,,,,,,,1734368.0,,,,,,,,,,,,,,,,,,,,,,
ZWE,Zimbabwe,1928,20.462,1.514,,,,,,,,,,,,,,,,,,,,,,8.914,5034.056,,,,,,,,,,,,,,,,,,,,,,,,,,,,,,,,,,,,,,,,,,,,,,,,,,,,,,,,,,,,,,,,,,,,,,,,,,,,,,1770819.0,,,,,,,,,,,,,,,,,,,,,,
ZWE,Zimbabwe,1929,-5.297,-0.472,,,,,,,,,,,,,,,,,,,,,,8.442,4670.072,,,,,,,,,,,,,,,,,,,,,,,,,,,,,,,,,,,,,,,,,,,,,,,,,,,,,,,,,,,,,,,,,,,,,,,,,,,,,,1807729.0,,,,,,,,,,,,,,,,,,,,,,
ZWE,Zimbabwe,1930,-9.45,-0.798,,,,,,,,,,,,,,,,,,,,,,7.644,4143.082,,,,,,,,,,,,,,,,,,,,,,,,,,,,,,,,,,,,,,,,,,,,,,,,,,,,,,,,,,,,,,,,,,,,,,,,,,,,,,1845101.0,,,,,,,,,,,,,,,,,,,,,,
ZWE,Zimbabwe,1931,-37.487,-2.866,,,,,,,,,,,,,,,,,,,,,,4.779,2537.933,,,,,,,,,,,,,,,,,,,,,,,,,,,,,,,,,,,,,,,,,,,,,,,,,,,,,,,,,,,,,,,,,,,,,,,,,,,,,,1882938.0,,,,,,,,,,,,,,,,,,,,,,
ZWE,Zimbabwe,1932,-25.383,-1.213,,,,,,,,,,,,,,,,,,,,,,3.566,1855.964,,,,,,,,,,,,,,,,,,,,,,,,,,,,,,,,,,,,,,,,,,,,,,,,,,,,,,,,,,,,,,,,,,,,,,,,,,,,,,1921245.0,,,,,,,,,,,,,,,,,,,,,,
ZWE,Zimbabwe,1933,10.502,0.374,,,,,,,,,,,,,,,,,,,,,,3.94,2010.304,,,,,,,,,,,,,,,,,,,,,,,,,,,,,,,,,,,,,,,,,,,,,,,,,,,,,,,,,,,,,,,,,,,,,,,,,,,,,,1960025.0,,,,,,,,,,,,,,,,,,,,,,
ZWE,Zimbabwe,1934,32.851,1.294,,,,,,,,,,,,,,,,,,,,,,5.235,2617.874,,,,,,,,,,,,,,,,,,,,,,,,,,,,,,,,,,,,,,,,,,,,,,,,,,,,,,,,,,,,,,,,,,,,,,,,,,,,,,1999587.0,,,,,,,,,,,,,,,,,,,,,,
ZWE,Zimbabwe,1935,8.087,0.423,,,,,,,,,,,,,,,,,,,,,,5.658,2773.6,,,,,,,,,,,,,,,,,,,,,,,,,,,,,,,,,,,,,,,,,,,,,,,,,,,,,,,,,,,,,,,,,,,,,,,,,,,,,,2039948.0,,,,,,,,,,,,,,,,,,,,,,
ZWE,Zimbabwe,1936,1.439,0.081,,,,,,,,,,,,,,,,,,,,,,5.739,2757.843,,,,,,,,,,,,,,,,,,,,,,,,,,,,,,,,,,,,,,,,,,,,,,,,,,,,,,,,,,,,,,,,,,,,,,,,,,,,,,2081123.0,,,,,,,,,,,,,,,,,,,,,,
ZWE,Zimbabwe,1937,46.099,2.646,,,,,,,,,,,,,,,,,,,,,,8.385,3949.469,,,,,,,,,,,,,,,,,,,,,,,,,,,,,,,,,,,,,,,,,,,,,,,,,,,,,,,,,,,,,,,,,,,,,,,,,,,,,,2123130.0,,,,,,,,,,,,,,,,,,,,,,
ZWE,Zimbabwe,1938,1.359,0.114,,,,,,,,,,,,,,,,,,,,,,8.499,3923.949,,,,,,,,,,,,,,,,,,,,,,,,,,,,,,,,,,,,,,,,,,,,,,,,,,,,,,,,,,,,,,,,,,,,,,,,,,,,,,2165984.0,,,,,,,,,,,,,,,,,,,,,,
ZWE,Zimbabwe,1939,7.088,0.602,,,,,,,,,,,,,,,,,,,,,,9.102,4119.778,,,,,,,,,,,,,,,,,,,,,,,,,,,,,,,,,,,,,,,,,,,,,,,,,,,,,,,,,,,,,,,,,,,,,,,,,,,,,,2209256.0,,,,,,,,,,,,,,,,,,,,,,
ZWE,Zimbabwe,1940,15.474,1.408,,,,,,,,,,,,,,,,,,,,,,10.51,4665.025,,,,,,,,,,,,,,,,,,,,,,,,,,,,,,,,,,,,,,,,,,,,,,,,,,,,,,,,,,,,,,,,,,,,,,,,,,,,,,2252944.0,,,,,,,,,,,,,,,,,,,,,,
ZWE,Zimbabwe,1941,9.373,0.985,,,,,,,,,,,,,,,,,,,,,,11.495,5004.293,,,,,,,,,,,,,,,,,,,,,,,,,,,,,,,,,,,,,,,,,,,,,,,,,,,,,,,,,,,,,,,,,,,,,,,,,,,,,,2297048.0,,,,,,,,,,,,,,,,,,,,,,
ZWE,Zimbabwe,1942,10.482,1.205,,,,,,,,,,,,,,,,,,,,,,12.7,5423.701,,,,,,,,,,,,,,,,,,,,,,,,,,,,,,,,,,,,,,,,,,,,,,,,,,,,,,,,,,,,,,,,,,,,,,,,,,,,,,2341569.0,,,,,,,,,,,,,,,,,,,,,,
ZWE,Zimbabwe,1943,14.038,1.783,,,,,,,,,,,,,,,,,,,,,,14.483,6068.647,,,,,,,,,,,,,,,,,,,,,,,,,,,,,,,,,,,,,,,,,,,,,,,,,,,,,,,,,,,,,,,,,,,,,,,,,,,,,,2386504.0,,,,,,,,,,,,,,,,,,,,,,
ZWE,Zimbabwe,1944,1.63,0.236,,,,,,,,,,,,,,,,,,,,,,14.719,6051.444,,,,,,,,,,,,,,,,,,,,,,,,,,,,,,,,,,,,,,,,,,,,,,,,,,,,,,,,,,,,,,,,,,,,,,,,,,,,,,2432302.0,,,,,,,,,,,,,,,,,,,,,,
ZWE,Zimbabwe,1945,-7.688,-1.132,,,,,,,,,,,,,,,,,,,,,,13.587,5481.023,,,,,,,,,,,,,,,,,,,,,,,,,,,,,,,,,,,,,,,,,,,,,,,,,,,,,,,,,,,,,,,,,,,,,,,,,,,,,,2478979.0,,,,,,,,,,,,,,,,,,,,,,
ZWE,Zimbabwe,1946,-3.355,-0.456,,,,,,,,,,,,,,,,,,,,,,13.131,5197.377,,,,,,,,,,,,,,,,,,,,,,,,,,,,,,,,,,,,,,,,,,,,,,,,,,,,,,,,,,,,,,,,,,,,,,,,,,,,,,2526552.0,,,,,,,,,,,,,,,,,,,,,,
ZWE,Zimbabwe,1947,-6.51,-0.855,,,,,,,,,,,,,,,,,,,,,,12.277,4767.558,,,,,,,,,,,,,,,,,,,,,,,,,,,,,,,,,,,,,,,,,,,,,,,,,,,,,,,,,,,,,,,,,,,,,,,,,,,,,,2575037.0,,,,,,,,,,,,,,,,,,,,,,
ZWE,Zimbabwe,1948,12.467,1.531,,,,,,,,,,,,,,,,,,,,,,13.807,5260.962,,,,,,,,,,,,,,,,,,,,,,,,,,,,,,,,,,,,,,,,,,,,,,,,,,,,,,,,,,,,,,,,,,,,,,,,,,,,,,2624453.0,,,,,,,,,,,,,,,,,,,,,,
ZWE,Zimbabwe,1949,13.09,1.807,,,,,,,,,,,,,,,,,,,,,,15.614,5822.803,,,,,,,,,,,,,,,,,,,,,,,,,,,,,,,,,,,,,,,,,,,,,,,,,,,,,,,,,,,,,,,,,,,,,,,,,,,,,,2681604.0,,,,,,,,,,,,,,,,,,,,,,
ZWE,Zimbabwe,1950,10.949,1.71,,,,,,,,,,,,,,,,,,,,,,17.324,6306.879,,,,,,,,,,,,,,,,,,,,,,,,,3186969667.0,,,,,,,,,,,,,,,,,,,,,,,,,,,,,,,,,,,,,,,,,,,,,,,,,,,,,2746852.0,,,,,,,,,,,,,,,,,,,,,,
ZWE,Zimbabwe,1951,8.083,1.4,,,,,,,,,,,,,,,,,,,,,,18.724,6611.114,,,,,,,,,,,,,,,,,,,,,,,,,3396533091.0,,,,,,,,,,,,,,,,,,,,,,,,,,,,,,,,,,,,,,,,,,,,,,,,,,,,,2832248.0,,,,,,,,,,,,,,,,,,,,,,
ZWE,Zimbabwe,1952,11.261,2.109,,,,,,,,,,,,,,,,,,,,,,20.833,7129.552,,,,,,,,,,,,,,,,,,,,,,,,,3555366678.0,,,,,,,,,,,,,,,,,,,,,,,,,,,,,,,,,,,,,,,,,,,,,,,,,,,,,2922040.0,,,,,,,,,,,,,,,,,,,,,,
ZWE,Zimbabwe,1953,2.345,0.488,,,,,,,,,,,,,,,,,,,,,,21.321,7070.188,,,,,,,,,,,,,,,,,,,,,,,,,3864261037.0,,,,,,,,,,,,,,,,,,,,,,,,,,,,,,,,,,,,,,,,,,,,,,,,,,,,,3015662.0,,,,,,,,,,,,,,,,,,,,,,
ZWE,Zimbabwe,1954,4.926,1.05,,,,,,,,,,,,,,,,,,,,,,22.371,7186.991,,,,,,,,,,,,,,,,,,,,,,,,,4071253063.0,,,,,,,,,,,,,,,,,,,,,,,,,,,,,,,,,,,,,,,,,,,,,,,,,,,,,3112775.0,,,,,,,,,,,,,,,,,,,,,,
ZWE,Zimbabwe,1955,20.633,4.616,,,,,,,,,,,,,,,,,,,,,,26.987,8398.696,,,,,,,,,,,,,,,,,,,,,,,,,4390813896.0,,,,,,,,,,,,,,,,,,,,,,,,,,,,,,,,,,,,,,,,,,,,,,,,,,,,,3213289.0,,,,,,,,,,,,,,,,,,,,,,
ZWE,Zimbabwe,1956,7.21,1.946,,,,,,,,,,,,,,,,,,,,,,28.933,8721.941,,,,,,,,,,,,,,,,,,,,,,,,,5019288858.0,,,,,,,,,,,,,,,,,,,,,,,,,,,,,,,,,,,,,,,,,,,,,,,,,,,,,3317282.0,,,,,,,,,,,,,,,,,,,,,,
ZWE,Zimbabwe,1957,8.413,2.434,,,,,,,,,,,,,,,,,,,,,,31.367,9158.148,,,,,,,,,,,,,,,,,,,,,,,,,5371058820.0,,,,,,,,,,,,,,,,,,,,,,,,,,,,,,,,,,,,,,,,,,,,,,,,,,,,,3425070.0,,,,,,,,,,,,,,,,,,,,,,
ZWE,Zimbabwe,1958,-8.253,-2.589,,,,,,,,,,,,,,,,,,,,,,28.778,8136.019,,,,,,,,,,,,,,,,,,,,,,,,,5435442708.0,,,,,,,,,,,,,,,,,,,,,,,,,,,,,,,,,,,,,,,,,,,,,,,,,,,,,3537167.0,,,,,,,,,,,,,,,,,,,,,,
ZWE,Zimbabwe,1959,6.337,1.824,,,,,,,,,,,,,,,,,,,,,,30.602,8374.549,,,,,,,,,,,,,,,,,,,,,,,,,5729359878.0,,,,,,,,,,,,,,,,,,,,,,,,,,,,,,,,,,,,,,,,,,,,,,,,,,,,,3654172.0,,,,,,,,,,,,,,,,,,,,,,
ZWE,Zimbabwe,1960,-90.45,-27.679,,,,,,,,,,,,,,,,,,,,,,2.923,773.86,,,,,,,,,,,,,,,,,,,,,,,,,5996344835.0,,,,,,,,,,,,,,,,,,,,,,,,,,,,,,,,,,,,,,,,,,,,,,,,,,,,,3776679.0,,,,,,,,,,,,,,,,,,,,,,
ZWE,Zimbabwe,1961,755.989,22.095,,,,,,,,,,,,,,,,,,,,,,25.017,6406.42,,,,,,,,,,,,,,,,,,,,,,,,,6309538308.0,,,,,,,,,,,,,,,,,,,,,,,,,,,,,,,,,,,,,,,,,,,,,,,,,,,,,3905038.0,,,,,,,,,,,,,,,,,,,,,,
ZWE,Zimbabwe,1962,-8.038,-2.011,,,,,,,,,,,,,,,,,,,,,,23.006,5695.79,,,,,,,,,,,,,,,,,,,,,,,,,6403770792.0,,,,,,,,,,,,,,,,,,,,,,,,,,,,,,,,,,,,,,,,,,,,,,,,,,,,,4039209.0,,,,,,,,,,,,,,,,,,,,,,
ZWE,Zimbabwe,1963,-3.043,-0.7,,,,,,,,,,,,,,,,,,,,,,22.306,5338.076,,,,,,,,,,,,,,,,,,,,,,,,,6336239428.0,,,,,,,,,,,,,,,,,,,,,,,,,,,,,,,,,,,,,,,,,,,,,,,,,,,,,4178726.0,,,,,,,,,,,,,,,,,,,,,,
ZWE,Zimbabwe,1964,11.095,2.475,,,,,,,,,,,,,,,,,,,,,,24.781,5732.607,,,,,,,,,,,,,,,,,,,,,,,,,6892102497.0,,,,,,,,,,,,,,,,,,,,,,,,,,,,,,,,,,,,,,,,,,,,,,,,,,,,,4322854.0,,,,,,,,,,,,,,,,,,,,,,
ZWE,Zimbabwe,1965,15.276,3.786,,,,,,,,,,,,,,,,,,,,,,28.567,6389.097,,,,,,,,,,,,,,,,,,,,,,,,,7346506496.0,,,,,,,,,,,,,,,,,,,,,,,,,,,,,,,,,,,,,,,,,,,,,,,,,,,,,4471178.0,,,,,,,,,,,,,,,,,,,,,,
ZWE,Zimbabwe,1966,-3.334,-0.952,,,,,,,,,,,,,,,,,,,,,,27.614,5972.802,,,,,,,,,,,,,,,,,,,,,,,,,7451799831.0,,,,,,,,,,,,,,,,,,,,,,,,,,,,,,,,,,,,,,,,,,,,,,,,,,,,,4623340.0,,,,,,,,,,,,,,,,,,,,,,
ZWE,Zimbabwe,1967,-9.788,-2.703,,,,,,,,,,,,,,,,,,,,,,24.911,5211.797,,,,,,,,,,,,,,,,,,,,,,,,,8082608976.0,,,,,,,,,,,,,,,,,,,,,,,,,,,,,,,,,,,,,,,,,,,,,,,,,,,,,4779825.0,,,,,,,,,,,,,,,,,,,,,,
ZWE,Zimbabwe,1968,6.961,1.734,,,,,,,,,,,,,,,,,,,,,,26.646,5391.754,,,,,,,,,,,,,,,,,,,,,,,,,8233532664.0,,,,,,,,,,,,,,,,,,,,,,,,,,,,,,,,,,,,,,,,,,,,,,,,,,,,,4941901.0,,,,,,,,,,,,,,,,,,,,,,
ZWE,Zimbabwe,1969,1.803,0.48,,,,,,,,,,,,,,,,,,,,,,27.126,5307.005,,,,,,,,,,,,,,,,,,,,,,,,,9265700262.0,,,,,,,,,,,,,,,,,,,,,,,,,,,,,,,,,,,,,,,,,,,,,,,,,,,,,5111326.0,,,,,,,,,,,,,,,,,,,,,,
ZWE,Zimbabwe,1970,5.642,1.531,,,,,,,,,,,,,,,,,,,,,,28.656,5417.783,,,,,,,,,,,,,,,,,,,,,,,,,11266197048.0,,,,,,,,,,,,,,,,,,,,,,,,,,,,,,,,,,,,,,,,,,,,,,,,,,,,,5289312.0,,,,,,,,,,,,,,,,,,,,,,
ZWE,Zimbabwe,1971,-4.545,-1.303,,,,,,,,,,,,,,,,,,,,,,27.354,4994.32,,,,,,,,,,,,,,,,,,,,,,,,,12260791359.0,,,,,,,,,,,,,,,,,,,,,,,,,,,,,,,,,,,,,,,,,,,,,,,,,,,,,5476978.0,,,,,,,,,,,,,,,,,,,,,,
ZWE,Zimbabwe,1972,-13.452,-3.68,,,,,,,,,,,,,,,,,,,,,,23.674,4172.437,,,,,,,,,,,,,,,,,,,,,,,,,13293054180.0,,,,,,,,,,,,,,,,,,,,,,,,,,,,,,,,,,,,,,,,,,,,,,,,,,,,,5673914.0,,,,,,,,,,,,,,,,,,,,,,
ZWE,Zimbabwe,1973,21.596,5.113,,,,,,,,,,,,,,,,,,,,,,28.787,4897.575,,,,,,,,,,,,,,,,,,,,,,,,,13702449567.0,,,,,,,,,,,,,,,,,,,,,,,,,,,,,,,,,,,,,,,,,,,,,,,,,,,,,5877725.0,,,,,,,,,,,,,,,,,,,,,,
ZWE,Zimbabwe,1974,-12.189,-3.509,,,,,,,,,,,,,,,,,,,,,,25.278,4154.068,,,,,,,,,,,,,,,,,,,,,,,,,14042517125.0,,,,,,,,,,,,,,,,,,,,,,,,,,,,,,,,,,,,,,,,,,,,,,,,,,,,,6085078.0,,,,,,,,,,,,,,,,,,,,,,
ZWE,Zimbabwe,1975,6.28,1.587,,,,,,,,,,,,,,,,,,,,,,26.865,4268.487,,,,,,,,,,,,,,,,,,,,,,,,,14173916295.0,,,,,,,,,,,,,,,,,,,,,,,,,,,,,,,,,,,,,,,,,,,,,,,,,,,,,6293875.0,,,,,,,,,,,,,,,,,,,,,,
ZWE,Zimbabwe,1976,8.879,2.385,,,,,,,,,,,,,,,,,,,,,,29.251,4498.322,,,,,,,,,,,,,,,,,,,,,,,,,14051752134.0,,,,,,,,,,,,,,,,,,,,,,,,,,,,,,,,,,,,,,,,,,,,,,,,,,,,,6502566.0,,,,,,,,,,,,,,,,,,,,,,
ZWE,Zimbabwe,1977,-15.697,-4.592,,,,,,,,,,,,,,,,,,,,,,24.659,3673.432,,,,,,,,,,,,,,,,,,,,,,,,,12925540222.0,,,,,,,,,,,,,,,,,,,,,,,,,,,,,,,,,,,,,,,,,,,,,,,,,,,,,6712825.0,,,,,,,,,,,,,,,,,,,,,,
ZWE,Zimbabwe,1978,1.189,0.293,,,,,,,,,,,,,,,,,,,,,,24.952,3600.779,,,,,,,,,,,,,,,,,,,,,,,,,13290825972.0,,,,,,,,,,,,,,,,,,,,,,,,,,,,,,,,,,,,,,,,,,,,,,,,,,,,,6929663.0,,,,,,,,,,,,,,,,,,,,,,
ZWE,Zimbabwe,1979,4.013,1.001,,,,,,,,,,,,,,,,,,,,,,25.954,3624.784,,,,,,,,,,,,,,,,,,,,,,,,,13292164760.0,,,,,,,,,,,,,,,,,,,,,,,,,,,,,,,,,,,,,,,,,,,,,,,,,,,,,7160021.0,,,,,,,,,,,,,,,,,,,,,,
ZWE,Zimbabwe,1980,-22.707,-5.893,,,,,,,,,,,,,,,,,,,,,,20.06,2707.701,,,,,,,,,,,,,,,,2.802,5596.373,,,,,,,,14798813952.0,,,,,,,,0.0,0.0,,,,,,,,,,,,,,,,,,,,,,,,,,,,,,,,0.0,0.0,,,,,,,,,,,7408630.0,41.461,,,,,,,,,,,,,,,,,,,,,
ZWE,Zimbabwe,1981,7.287,1.462,,0.0,,0.0,0.632,0.262,,,,,,,,,,,,,,,,21.522,2803.983,,,,,,,,,,,,,,,,2.504,5435.888,,,,,,,,16663747189.0,,,,,,,,0.0,0.0,,,,,,,,,,,,,,,,,,,,,,,,,,,,,,,,0.0,0.0,,,,,,,,,,,7675582.0,41.724,,,,,,,,,,,,,,,,,,,,,
ZWE,Zimbabwe,1982,-3.484,-0.75,,0.0,,0.0,-5.24,-2.186,,,,,,,,,,,,,,,,20.772,2610.162,,,,,,,,,,,,,,,,2.311,4968.104,,,,,,,,17105813760.0,,,,,,,,0.0,0.0,,,,,,,,,,,,,,,,,,,,,,,,,,,,,,,,0.0,0.0,,,,,,,,,,,7958239.0,39.537,,,,,,,,,,,,,,,,,,,,,
ZWE,Zimbabwe,1983,20.217,4.199,,0.0,,0.0,3.269,1.292,,,,,,,,,,,,,,,,24.972,3025.139,,,,,,,,,,,,,,,,2.352,4946.213,,,,,,,,17363073360.0,,,,,,,,0.0,0.0,,,,,,,,,,,,,,,,,,,,,,,,,,,,,,,,0.0,0.0,,,,,,,,,,,8254746.0,40.83,,,,,,,,,,,,,,,,,,,,,
ZWE,Zimbabwe,1984,-6.607,-1.65,,0.0,,0.0,0.02,0.008,,,,,,,,,,,,,,,,23.322,2723.81,,,,,,,,,,,,,,,,2.397,4769.53,,,,,,,,17034589338.0,,,,,,,,0.0,0.0,,,,,,,,,,,,,,,,,,,,,,,,,,,,,,,,0.0,0.0,,,,,,,,,,,8562259.0,40.838,,,,,,,,,,,,,,,,,,,,,
ZWE,Zimbabwe,1985,0.0,0.0,,0.0,,0.0,5.085,2.076,,,,,,,,,,,,,,,,23.322,2627.09,,,,,,,,,,,,,,,,2.356,4834.066,,,,,,,,18216718464.0,,,,,,,,0.0,0.0,,,,,,,,,,,,,,,,,,,,,,,,,,,,,,,,0.0,0.0,,,,,,,,,,,8877489.0,42.914,,,,,,,,,,,,,,,,,,,,,
ZWE,Zimbabwe,1986,30.225,7.049,,0.0,,0.0,11.853,5.087,,,,,,,,,,,,,,,,30.371,3301.147,,,,,,,,,,,,,,,,2.566,5217.409,,,,,,,,18703381781.0,,,,,,,,0.0,0.0,,,,,,,,,,,,,,,,,,,,,,,,,,,,,,,,0.0,0.0,,,,,,,,,,,9200150.0,48.001,,,,,,,,,,,,,,,,,,,,,
ZWE,Zimbabwe,1987,19.259,5.849,,0.0,,0.0,12.914,6.199,,,,,,,,,,,,,,,,36.22,3801.776,,,,,,,,,,,,,,,,2.935,5688.974,,,,,,,,18469823916.0,,,,,,,,0.0,0.0,,,,,,,,,,,,,,,,,,,,,,,,,,,,,,,,0.0,0.0,,,,,,,,,,,9527202.0,54.2,,,,,,,,,,,,,,,,,,,,,
ZWE,Zimbabwe,1988,4.969,1.8,,0.0,,0.0,-1.328,-0.72,,,,,,,,,,,,,,,,38.02,3860.245,,,,,,,,,,,,,,,,2.646,5429.958,,,,,,,,20209939358.0,,,,,,,,0.0,0.0,,,,,,,,,,,,,,,,,,,,,,,,,,,,,,,,0.0,0.0,,,,,,,,,,,9849129.0,53.48,,,,,,,,,,,,,,,,,,,,,
ZWE,Zimbabwe,1989,0.789,0.3,,0.0,,0.0,8.298,4.438,,,,,,,,,,,,,,,,38.32,3773.938,,,,,,,,,,,,,,,,2.691,5704.052,,,,,,,,21522544200.0,,,,,,,,0.0,0.0,,,,,,,,,,,,,,,,,,,,,,,,,,,,,,,,0.0,0.0,,,,,,,,,,,10153852.0,57.918,,,,,,,,,,,,,,,,,,,,,
ZWE,Zimbabwe,1990,7.632,2.925,,0.0,,0.0,5.779,3.347,,,,,,,,,,,,,,,,41.245,3953.51,,,,,,,,,,,,,,,,2.793,5872.587,,,,,,,,21937055040.0,,,,,,,,0.0,0.0,,,,,,,,,,,,,,,,,,,,,,,,,,,,,,,,0.0,0.0,,,,,,,,,,,10432409.0,61.265,,,,,,,,,,,,,,,,,,,,,
ZWE,Zimbabwe,1991,2.182,0.9,,0.0,,0.0,2.246,1.376,,,,,,,,,,,,,,,,42.145,3945.743,,,,,,,,,,,,,,,,2.701,5864.751,,,,,,,,23189843353.0,,,,,,,,0.0,0.0,,,,,,,,,,,,,,,,,,,,,,,,,,,,,,,,0.0,0.0,,,,,,,,,,,10681008.0,62.641,,,,,,,,,,,,,,,,,,,,,
ZWE,Zimbabwe,1992,-1.246,-0.525,,0.0,,0.0,-8.053,-5.045,,,,,,,,,,,,,,,,41.62,3818.131,,,,,,,,,,,,,,,,2.725,5283.862,,,,,,,,21133768451.0,,,,,,,,0.0,0.0,,,,,,,,,,,,,,,,,,,,,,,,,,,,,,,,0.0,0.0,,,,,,,,,,,10900511.0,57.597,,,,,,,,,,,,,,,,,,,,,
ZWE,Zimbabwe,1993,-4.685,-1.95,,0.0,,0.0,-3.516,-2.025,,,,,,,,,,,,,,,,39.67,3576.187,,,,,,,,,,,,,,,,2.596,5009.73,,,,,,,,21406456558.0,,,,,,,,0.0,0.0,,,,,,,,,,,,,,,,,,,,,,,,,,,,,,,,0.0,0.0,,,,,,,,,,,11092775.0,55.572,,,,,,,,,,,,,,,,,,,,,
ZWE,Zimbabwe,1994,3.403,1.35,,0.0,,0.0,-4.284,-2.38,,,,,,,,,,,,,,,,41.02,3642.387,,,,,,,,,,,,,,,,2.269,4723.183,,,,,,,,23447492852.0,,,,,,,,0.0,0.0,,,,,,,,,,,,,,,,,,,,,,,,,,,,,,,,0.0,0.0,,,,,,,,,,,11261752.0,53.191,,,,,,,,,,,,,,,,,,,,,
ZWE,Zimbabwe,1995,1.28,0.525,,0.0,,0.0,-0.905,-0.482,,,,,,,,,,,,,,,,41.545,3640.839,,,,,,,,,,,,,,,,2.236,4619.311,,,,,,,,23569784295.0,,,,,,,,0.0,0.0,,,,,,,,,,,,,,,,,,,,,,,,,,,,,,,,0.0,0.0,,,,,,,,,,,11410721.0,52.71,,,,,,,,,,,,,,,,,,,,,
ZWE,Zimbabwe,1996,-6.679,-2.775,,0.0,,0.0,2.736,1.442,,,,,,,,,,,,,,,,38.77,3359.261,,,,,,,,,,,,,,,,2.071,4692.042,,,,,,,,26145746646.0,,,,,,,,0.0,0.0,,,,,,,,,,,,,,,,,,,,,,,,,,,,,,,,0.0,0.0,,,,,,,,,,,11541215.0,54.152,,,,,,,,,,,,,,,,,,,,,
ZWE,Zimbabwe,1997,2.515,0.975,,0.0,,0.0,-1.33,-0.72,,,,,,,,,,,,,,,,39.745,3410.621,,,,,,,,,,,,,,,,1.978,4585.108,,,,,,,,27012548427.0,,,,,,,,0.0,0.0,,,,,,,,,,,,,,,,,,,,,,,,,,,,,,,,0.0,0.0,,,,,,,,,,,11653254.0,53.431,,,,,,,,,,,,,,,,,,,,,
ZWE,Zimbabwe,1998,3.208,1.275,,0.0,,0.0,0.794,0.424,,,,,,,,,,,,,,,,41.02,3491.903,,,,,,,,,,,,,,,,1.925,4584.613,,,,,,,,27984269311.0,,,,,,,,0.0,0.0,,,,,,,,,,,,,,,,,,,,,,,,,,,,,,,,0.0,0.0,,,,,,,,,,,11747079.0,53.856,,,,,,,,,,,,,,,,,,,,,
ZWE,Zimbabwe,1999,-8.958,-3.675,,0.0,,0.0,15.188,8.18,,,,,,,,,,,,,,,,37.345,3158.76,,,,,,,,,,,,,,,,2.228,5247.149,,,,,,,,27841265902.0,,,,,,,,0.0,0.0,,,,,,,,,,,,,,,,,,,,,,,,,,,,,,,,0.0,0.0,,,,,,,,,,,11822722.0,62.036,,,,,,,,,,,,,,,,,,,,,
ZWE,Zimbabwe,2000,-11.446,-4.274,,0.0,,0.0,-6.149,-3.815,3.116,17.675,,,,,,421.365,48.961,,,,,277.743,,33.071,2783.381,11.83,0.21,3.3,3.3,0.0,3.23,0.0,0.0,0.0,0.21,3.44,0.0,0.0,6.74,2.84,2.175,4900.143,,,,,,277.743,48.961,26764978559.0,0.0,,,,,0.0,,0.0,0.0,47.923,,,,,271.852,,51.039,3.44,289.526,,,,,,43.026,5.09,0.0,,,,,0.0,,0.0,,,,,0.0,,0.0,0.0,0.0,17.675,,,,,0.0,3.116,,567.269,11881482.0,58.221,289.526,51.039,,,,,,0.0,,,,,0.0,,0.0,,,,,0.0,
ZWE,Zimbabwe,2001,2.3,0.761,,0.0,,0.0,-5.586,-3.252,3.694,23.482,,,,,,485.488,57.124,,,,,363.136,,33.831,2837.279,11.65,0.28,4.33,4.33,0.0,2.97,0.0,0.0,0.0,0.28,3.25,0.0,0.0,7.58,3.68,2.053,4609.955,,,,,,363.136,57.124,26781169962.0,0.0,,,,,0.0,,0.0,0.0,39.182,,,,,249.079,,42.876,3.25,272.562,,,,,,34.936,4.07,0.0,,,,,0.0,,0.0,,,,,0.0,,0.0,0.0,0.0,23.482,,,,,0.0,3.694,,635.698,11923906.0,54.969,272.562,42.876,,,,,,0.0,,,,,0.0,,0.0,,,,,0.0,
ZWE,Zimbabwe,2002,-12.707,-4.299,,0.0,,0.0,-0.553,-0.304,4.237,29.278,,,,,,429.782,49.879,,,,,344.646,,29.532,2470.449,12.27,0.35,4.12,4.12,0.0,3.79,0.0,0.0,0.0,0.35,4.14,0.0,0.0,8.26,3.55,2.198,4572.823,,,,,,344.646,49.879,24872457319.0,0.0,,,,,0.0,,0.0,0.0,45.884,,,,,317.041,,50.121,4.14,346.319,,,,,,32.681,4.01,0.0,,,,,0.0,,0.0,,,,,0.0,,0.0,0.0,0.0,29.278,,,,,0.0,4.237,,690.965,11954293.0,54.665,346.319,50.121,,,,,,0.0,,,,,0.0,,0.0,,,,,0.0,
ZWE,Zimbabwe,2003,-28.282,-8.353,,0.0,,0.0,-2.86,-1.563,3.044,21.699,,,,,,307.963,34.895,,,,,248.702,,21.18,1767.616,11.72,0.26,2.98,2.98,0.0,5.3,0.0,0.0,0.0,0.26,5.56,0.0,0.0,8.54,2.63,2.534,4431.698,,,,,,248.702,34.895,20951998150.0,0.0,,,,,0.0,,0.0,0.0,62.061,,,,,442.322,,65.105,5.56,464.021,,,,,,27.133,3.18,0.0,,,,,0.0,,0.0,,,,,0.0,,0.0,0.0,0.0,21.699,,,,,0.0,3.044,,712.723,11982219.0,53.102,464.021,65.105,,,,,,0.0,,,,,0.0,,0.0,,,,,0.0,
ZWE,Zimbabwe,2004,34.461,7.299,,0.0,,0.0,-7.359,-3.908,3.294,25.791,,,,,,337.938,38.576,,,,,301.999,,28.479,2369.303,11.45,0.31,3.63,3.63,0.0,5.47,0.0,0.0,0.0,0.31,5.78,0.0,0.0,9.41,3.18,2.485,4092.676,,,,,,301.999,38.576,19792818865.0,0.0,,,,,0.0,,0.0,0.0,58.13,,,,,455.078,,61.424,5.78,480.869,,,,,,17.817,2.04,0.0,,,,,0.0,,0.0,,,,,0.0,,0.0,0.0,0.0,25.791,,,,,0.0,3.294,,782.868,12019911.0,49.194,480.869,61.424,,,,,,0.0,,,,,0.0,,0.0,,,,,0.0,
ZWE,Zimbabwe,2005,-11.24,-3.201,,0.0,,0.0,3.387,1.666,3.65,27.325,,,,,,370.575,42.478,,,,,317.968,,25.278,2093.114,12.02,0.33,3.84,3.84,0.0,4.87,0.0,0.0,0.0,0.33,5.2,0.0,0.0,9.04,3.35,2.757,4211.419,,,,,,317.968,42.478,18444448020.0,0.0,,,,,0.0,,0.0,0.0,53.872,,,,,403.256,,57.522,5.2,430.581,,,,,,24.792,2.98,0.0,,,,,0.0,,0.0,,,,,0.0,,0.0,0.0,0.0,27.325,,,,,0.0,3.65,,748.549,12076697.0,50.86,430.581,57.522,,,,,,0.0,,,,,0.0,,0.0,,,,,0.0,
ZWE,Zimbabwe,2006,-37.49,-9.477,,0.0,,0.0,0.237,0.12,2.375,14.808,,,,,,253.298,28.232,,,,,176.052,,15.801,1299.931,11.48,0.18,2.14,2.14,0.0,5.26,0.0,0.0,0.0,0.18,5.44,0.0,0.0,7.58,1.92,2.825,4194.021,,,,,,176.052,28.232,18042984417.0,0.0,,,,,0.0,,0.0,0.0,69.393,,,,,432.726,,71.768,5.44,447.534,,,,,,33.972,3.9,0.0,,,,,0.0,,0.0,,,,,0.0,,0.0,0.0,0.0,14.808,,,,,0.0,2.375,,623.586,12155496.0,50.98,447.534,71.768,,,,,,0.0,,,,,0.0,,0.0,,,,,0.0,
ZWE,Zimbabwe,2007,-1.276,-0.202,,0.0,,0.0,-1.772,-0.903,2.06,12.239,,,,,,225.275,24.725,,,,,146.868,,15.6,1272.824,10.21,0.15,1.8,1.8,0.0,5.33,0.0,0.0,0.0,0.15,5.48,0.0,0.0,7.28,1.64,2.818,4085.941,,,,,,146.868,24.725,17769080869.0,0.0,,,,,0.0,,0.0,0.0,73.214,,,,,434.892,,75.275,5.48,447.131,,,,,,28.697,2.93,0.0,,,,,0.0,,0.0,,,,,0.0,,0.0,0.0,0.0,12.239,,,,,0.0,2.06,,593.999,12255920.0,50.077,447.131,75.275,,,,,,0.0,,,,,0.0,,0.0,,,,,0.0,
ZWE,Zimbabwe,2008,-27.456,-4.283,,0.0,,0.0,-16.672,-8.349,1.894,11.309,,,,,,200.271,21.651,,,,,129.245,,11.317,914.139,8.51,0.14,1.6,1.6,0.0,5.65,0.0,0.0,0.0,0.14,5.79,0.0,0.0,7.39,1.48,2.773,3370.733,,,,,,129.245,21.651,15050220989.0,0.0,,,,,0.0,,0.0,0.0,76.455,,,,,456.398,,78.349,5.79,467.707,,,,,,13.161,1.12,0.0,,,,,0.0,,0.0,,,,,0.0,,0.0,0.0,0.0,11.309,,,,,0.0,1.894,,596.952,12379553.0,41.728,467.707,78.349,,,,,,0.0,,,,,0.0,,0.0,,,,,0.0,
ZWE,Zimbabwe,2009,10.488,1.187,,0.0,,0.0,-1.113,-0.464,1.969,11.176,,,,,,203.938,22.082,,,,,125.33,,12.503,998.124,8.39,0.14,1.57,1.57,0.0,5.4,0.0,0.0,0.0,0.14,5.54,0.0,0.0,7.11,1.45,2.535,3293.989,,,,,,125.33,22.082,16275763662.0,0.0,,,,,0.0,,0.0,0.0,75.949,,,,,431.07,,77.918,5.54,442.246,,,,,,15.256,1.28,0.0,,,,,0.0,,0.0,,,,,0.0,,0.0,0.0,0.0,11.176,,,,,0.0,1.969,,567.576,12526964.0,41.264,442.246,77.918,,,,,,0.0,,,,,0.0,,0.0,,,,,0.0,
ZWE,Zimbabwe,2010,60.026,7.505,,0.0,,0.0,11.791,4.865,2.488,16.538,,,,,,264.218,29.502,,,,,196.098,,20.009,1575.775,9.17,0.21,2.49,2.49,0.0,5.74,0.0,0.0,0.0,0.21,5.95,0.0,0.0,8.44,2.23,2.574,3632.863,,,,,,196.098,29.502,17918380597.0,0.0,,,,,0.0,,0.0,0.0,68.009,,,,,452.049,,70.498,5.95,468.588,,,,,,7.961,0.73,0.0,,,,,0.0,,0.0,,,,,0.0,,0.0,0.0,0.0,16.538,,,,,0.0,2.488,,664.686,12697728.0,46.129,468.588,70.498,,,,,,0.0,,,,,0.0,,0.0,,,,,0.0,
ZWE,Zimbabwe,2011,-3.978,-0.796,,0.0,,0.0,9.02,4.161,4.027,27.919,,,,,,336.689,37.919,,,,,262.906,,19.213,1490.028,9.54,0.36,3.39,3.43,0.0,5.15,0.0,0.04,0.0,0.36,5.51,0.0,0.0,8.94,3.01,2.572,3900.153,,,,,,266.009,38.367,19554073775.0,0.0,,,,,0.0,,0.0,0.0,57.606,,,,,399.401,,61.633,5.51,427.32,,,,,,6.289,0.6,0.0,,,,,0.0,,0.447,,,,,3.102,,0.0,0.0,0.0,27.919,,,,,0.0,4.027,,693.328,12894323.0,50.29,427.32,61.633,,,,,,0.0,,,,,0.0,,0.0,,,,,0.0,
ZWE,Zimbabwe,2012,-37.8,-7.262,,0.0,,0.0,8.332,4.19,3.807,25.924,,,,,,321.389,36.058,,,,,245.518,,11.95,911.194,9.48,0.34,3.22,3.25,0.0,5.34,0.0,0.03,0.0,0.34,5.68,0.0,0.0,8.93,2.87,2.605,4153.978,,,,,,247.805,36.394,20909967517.0,0.0,,,,,0.0,,0.0,0.0,59.798,,,,,407.163,,63.606,5.68,433.087,,,,,,5.802,0.55,0.0,,,,,0.0,,0.336,,,,,2.287,,0.0,0.0,0.0,25.924,,,,,0.0,3.807,,680.892,13115149.0,54.48,433.087,63.606,,,,,,0.0,,,,,0.0,,0.0,,,,,0.0,
ZWE,Zimbabwe,2013,95.419,11.403,,0.0,,0.0,1.649,0.898,4.428,30.711,,,,,,368.251,41.685,,,,,289.13,,23.353,1749.273,9.79,0.41,3.86,3.9,0.0,4.95,0.0,0.04,0.0,0.41,5.36,0.0,0.0,9.26,3.41,2.622,4148.077,,,,,,292.127,42.117,21123497739.0,0.0,,,,,0.0,,0.0,0.0,53.456,,,,,370.776,,57.883,5.36,401.487,,,,,,5.414,0.53,0.0,,,,,0.0,,0.432,,,,,2.996,,0.0,0.0,0.0,30.711,,,,,0.0,4.428,,693.613,13350378.0,55.378,401.487,57.883,,,,,,0.0,,,,,0.0,,0.0,,,,,0.0,
ZWE,Zimbabwe,2014,85.685,20.01,,0.0,,0.0,-1.398,-0.774,4.222,30.177,,,,,,353.244,39.959,,,,,285.573,,43.364,3191.638,9.61,0.41,3.88,3.92,0.0,5.38,0.0,0.04,0.0,0.41,5.79,0.0,0.0,9.71,3.43,2.573,4018.925,,,,,,288.517,40.371,21222503327.0,0.0,,,,,0.0,,0.0,0.0,55.407,,,,,395.975,,59.629,5.79,426.152,,,,,,-1.041,-0.1,0.0,,,,,0.0,,0.412,,,,,2.944,,0.0,0.0,0.0,30.177,,,,,0.0,4.222,,714.669,13586710.0,54.604,426.152,59.629,,,,,,0.0,,,,,0.0,,0.0,,,,,0.0,
ZWE,Zimbabwe,2015,-25.013,-10.847,,0.0,,0.0,0.086,0.047,4.473,30.403,,,,,,373.802,42.386,,,,,288.1,,32.517,2353.823,9.29,0.42,3.98,4.02,0.0,4.94,0.0,0.04,0.0,0.42,5.37,0.01,0.0,9.39,3.51,2.599,3956.026,,,,,,290.996,42.812,21027455467.0,0.0,,,,,0.0,,0.0,0.0,52.609,,,,,357.592,,57.188,5.37,388.718,,,,,,-1.076,-0.1,0.0,,,,,0.0,,0.426,,,,,2.895,,0.0,0.0,0.0,30.403,,,,,0.0,4.473,,679.714,13814642.0,54.651,388.718,57.188,,,,,,0.106,,,,,0.724,,0.0,,,,,0.0,
ZWE,Zimbabwe,2016,-37.694,-12.257,,0.0,,0.0,-14.611,-7.985,5.279,25.659,,,,,,442.815,50.733,,,,,246.608,,20.26,1444.032,8.67,0.36,3.46,3.5,0.0,2.95,0.0,0.04,0.0,0.36,3.32,0.01,0.0,6.82,3.02,2.226,3326.073,,,,,,249.459,51.32,20961794870.0,0.0,,,,,0.0,,0.0,0.0,43.255,,,,,210.259,,48.68,3.32,236.63,,,,,,21.338,1.85,0.0,,,,,0.0,,0.587,,,,,2.851,,0.0,0.0,0.0,25.659,,,,,0.0,5.279,,486.09,14030338.0,46.666,236.63,48.68,,,,,,0.147,,,,,0.713,,0.0,,,,,0.0,
ZWE,Zimbabwe,2017,8.375,1.697,,,,,-1.564,-0.73,4.378,22.477,,,,,,363.885,41.313,,,,,212.129,,21.957,1542.302,9.53,0.32,3.02,3.05,0.0,3.93,0.0,0.03,0.0,0.32,4.26,0.01,0.0,7.31,2.66,2.093,3226.617,,,,,,214.237,41.724,21947837144.0,0.0,,,,,0.0,,,,53.762,,,,,276.049,,58.276,4.26,299.229,,,,,,23.295,2.22,0.0,,,,,0.0,,0.41,,,,,2.107,,,,0.0,22.477,,,,,0.0,4.378,,513.465,14236599.0,45.936,299.229,58.276,,,,,,0.137,,,,,0.702,,0.0,,,,,0.0,
ZWE,Zimbabwe,2018,14.336,3.148,,,,,3.409,1.566,4.272,27.011,,,,,,358.16,40.416,,,,,255.561,,25.105,1738.714,10.15,0.39,3.69,3.73,0.0,5.0,0.0,0.04,0.0,0.39,5.4,0.01,0.0,9.13,3.27,2.091,3289.887,,,,,,258.332,40.854,22715353540.0,0.0,,,,,0.0,,,,54.765,,,,,346.289,,59.146,5.4,373.992,,,,,,10.049,1.02,0.0,,,,,0.0,,0.438,,,,,2.77,,,,0.0,27.011,,,,,0.0,4.272,,632.323,14438812.0,47.502,373.992,59.146,,,,,,0.11,,,,,0.693,,0.0,,,,,0.0,
ZWE,Zimbabwe,2019,-21.529,-5.405,,,,,4.052,1.925,3.36,25.947,,,,,,288.24,32.007,,,,,247.175,,19.7,1345.127,12.42,0.38,3.62,3.66,0.0,7.26,0.0,0.04,0.0,0.38,7.65,0.01,0.0,11.31,3.26,,3374.877,,,,,,249.907,32.361,,0.0,,,,,0.0,,,,64.191,,,,,495.716,,67.639,7.65,522.346,,,,,,8.937,1.11,0.0,,,,,0.0,,0.354,,,,,2.731,,,,0.0,25.947,,,,,0.0,3.36,,772.252,14645473.0,49.427,522.346,67.639,,,,,,0.088,,,,,0.683,,0.0,,,,,0.0,
ZWE,Zimbabwe,2020,24.859,4.897,,,,,,,3.36,25.567,,,,,,288.24,32.007,,,,,243.559,,24.597,1654.941,12.42,0.38,3.62,3.66,0.0,7.26,0.0,0.04,0.0,0.38,7.65,0.01,0.0,11.31,3.26,,,,,,,,246.25,32.361,,0.0,,,,,0.0,,,,64.191,,,,,488.464,,67.639,7.65,514.703,,,,,,8.937,1.11,0.0,,,,,0.0,,0.354,,,,,2.691,,,,0.0,25.567,,,,,0.0,3.36,,760.954,14862927.0,,514.703,67.639,,,,,,0.088,,,,,0.673,,0.0,,,,,0.0,
